ISO-10303-21;
HEADER;
FILE_DESCRIPTION (( 'STEP AP203' ),
    '1' );
FILE_NAME ('Electronics Base.STEP',
    '2026-03-09T22:03:40',
    ( '' ),
    ( '' ),
    'SwSTEP 2.0',
    'SolidWorks 2025',
    '' );
FILE_SCHEMA (( 'CONFIG_CONTROL_DESIGN' ));
ENDSEC;

DATA;
#1 = EDGE_CURVE ( 'NONE', #402, #1104, #901, .T. ) ;
#2 = CARTESIAN_POINT ( 'NONE',  ( 49.99999999999997158, 0.000000000000000000, 29.99999999999986855 ) ) ;
#3 = CARTESIAN_POINT ( 'NONE',  ( -48.59999999999966747, 3.000000000000000000, 18.34999999999980957 ) ) ;
#4 = CIRCLE ( 'NONE', #1121, 1.500000000000001332 ) ;
#5 = CARTESIAN_POINT ( 'NONE',  ( 49.99999999999997158, 0.000000000000000000, -31.49999999999986855 ) ) ;
#6 = EDGE_CURVE ( 'NONE', #1544, #135, #98, .T. ) ;
#7 = LINE ( 'NONE', #439, #769 ) ;
#8 = EDGE_LOOP ( 'NONE', ( #2681, #1339, #196, #610 ) ) ;
#9 = CIRCLE ( 'NONE', #2109, 1.500000000000001332 ) ;
#10 = DIRECTION ( 'NONE',  ( 0.000000000000000000, 0.000000000000000000, -1.000000000000000000 ) ) ;
#11 = ORIENTED_EDGE ( 'NONE', *, *, #1512, .T. ) ;
#12 = VECTOR ( 'NONE', #651, 1000.000000000000000 ) ;
#13 = PERSON_AND_ORGANIZATION_ROLE ( 'design_owner' ) ;
#14 = FACE_OUTER_BOUND ( 'NONE', #1969, .T. ) ;
#15 = DIRECTION ( 'NONE',  ( 0.000000000000000000, 0.000000000000000000, -1.000000000000000000 ) ) ;
#16 = ORIENTED_EDGE ( 'NONE', *, *, #1286, .T. ) ;
#17 = EDGE_CURVE ( 'NONE', #84, #1707, #636, .T. ) ;
#18 = LINE ( 'NONE', #868, #290 ) ;
#19 = DIRECTION ( 'NONE',  ( 0.000000000000000000, 0.000000000000000000, 1.000000000000000000 ) ) ;
#20 = VECTOR ( 'NONE', #2471, 1000.000000000000000 ) ;
#21 = FACE_OUTER_BOUND ( 'NONE', #1481, .T. ) ;
#22 = DIRECTION ( 'NONE',  ( 0.000000000000000000, 0.000000000000000000, -1.000000000000000000 ) ) ;
#23 = VERTEX_POINT ( 'NONE', #1552 ) ;
#24 = EDGE_CURVE ( 'NONE', #1257, #366, #1661, .T. ) ;
#25 = ORIENTED_EDGE ( 'NONE', *, *, #1615, .F. ) ;
#26 = CIRCLE ( 'NONE', #532, 1.550000000000002709 ) ;
#27 = FACE_OUTER_BOUND ( 'NONE', #2378, .T. ) ;
#28 = AXIS2_PLACEMENT_3D ( 'NONE', #673, #1085, #1978 ) ;
#29 = DIRECTION ( 'NONE',  ( -0.000000000000000000, -1.000000000000000000, -0.000000000000000000 ) ) ;
#30 = CARTESIAN_POINT ( 'NONE',  ( -48.59999999999998010, 3.000000000000000000, -18.34999999999998721 ) ) ;
#31 = ORIENTED_EDGE ( 'NONE', *, *, #1318, .F. ) ;
#32 = ORIENTED_EDGE ( 'NONE', *, *, #2452, .F. ) ;
#33 = CYLINDRICAL_SURFACE ( 'NONE', #992, 1.500000000000001332 ) ;
#34 = AXIS2_PLACEMENT_3D ( 'NONE', #2502, #1480, #2267 ) ;
#35 = CARTESIAN_POINT ( 'NONE',  ( -54.99999999999997868, 0.000000000000000000, -29.99999999999997868 ) ) ;
#36 = EDGE_CURVE ( 'NONE', #354, #2339, #1531, .T. ) ;
#37 = LINE ( 'NONE', #2179, #69 ) ;
#38 = FACE_OUTER_BOUND ( 'NONE', #209, .T. ) ;
#39 = LINE ( 'NONE', #2181, #1749 ) ;
#40 = AXIS2_PLACEMENT_3D ( 'NONE', #2014, #2041, #2442 ) ;
#41 = EDGE_CURVE ( 'NONE', #2424, #42, #2356, .T. ) ;
#42 = VERTEX_POINT ( 'NONE', #2156 ) ;
#43 =( NAMED_UNIT ( * ) PLANE_ANGLE_UNIT ( ) SI_UNIT ( $, .RADIAN. ) );
#44 = LINE ( 'NONE', #1923, #2312 ) ;
#45 = LINE ( 'NONE', #2349, #1100 ) ;
#46 = ORIENTED_EDGE ( 'NONE', *, *, #2674, .T. ) ;
#47 = ORIENTED_EDGE ( 'NONE', *, *, #2178, .T. ) ;
#48 = CARTESIAN_POINT ( 'NONE',  ( 55.00000000000002132, 3.000000000000000000, -55.00000000000000000 ) ) ;
#49 = FACE_BOUND ( 'NONE', #2499, .T. ) ;
#50 = AXIS2_PLACEMENT_3D ( 'NONE', #2177, #1343, #294 ) ;
#51 = CYLINDRICAL_SURFACE ( 'NONE', #177, 1.550000000000002709 ) ;
#52 = CARTESIAN_POINT ( 'NONE',  ( -24.50000000000000000, 3.000000000000000000, -47.19999999999999574 ) ) ;
#53 = DIRECTION ( 'NONE',  ( 0.000000000000000000, 0.000000000000000000, 1.000000000000000000 ) ) ;
#54 = CIRCLE ( 'NONE', #1619, 4.999999999999997335 ) ;
#55 = VERTEX_POINT ( 'NONE', #1540 ) ;
#56 = CARTESIAN_POINT ( 'NONE',  ( 11.89999999999963975, 3.000000000000000000, 16.79999999999962412 ) ) ;
#57 = CARTESIAN_POINT ( 'NONE',  ( -24.49999999999999645, 3.000000000000000000, -35.79999999999999716 ) ) ;
#58 = AXIS2_PLACEMENT_3D ( 'NONE', #255, #861, #1509 ) ;
#59 = CARTESIAN_POINT ( 'NONE',  ( -48.59999999999998010, 3.000000000000000000, -18.34999999999998721 ) ) ;
#60 = ORIENTED_EDGE ( 'NONE', *, *, #94, .F. ) ;
#61 = EDGE_CURVE ( 'NONE', #261, #1341, #39, .T. ) ;
#62 = VECTOR ( 'NONE', #2073, 1000.000000000000000 ) ;
#63 = ORIENTED_EDGE ( 'NONE', *, *, #2619, .F. ) ;
#64 = FACE_OUTER_BOUND ( 'NONE', #2416, .T. ) ;
#65 = DIRECTION ( 'NONE',  ( 0.000000000000000000, 1.000000000000000000, 0.000000000000000000 ) ) ;
#66 = DIRECTION ( 'NONE',  ( 0.000000000000000000, 0.000000000000000000, 1.000000000000000000 ) ) ;
#67 = FACE_OUTER_BOUND ( 'NONE', #909, .T. ) ;
#68 = ORIENTED_EDGE ( 'NONE', *, *, #336, .T. ) ;
#69 = VECTOR ( 'NONE', #915, 1000.000000000000000 ) ;
#70 = ORIENTED_EDGE ( 'NONE', *, *, #1081, .T. ) ;
#71 = CARTESIAN_POINT ( 'NONE',  ( 19.99999999999996803, -14.14213562373094923, 55.00000000000000711 ) ) ;
#72 = EDGE_CURVE ( 'NONE', #2683, #1926, #1506, .T. ) ;
#73 = DIRECTION ( 'NONE',  ( 0.000000000000000000, 1.000000000000000000, 0.000000000000000000 ) ) ;
#74 = DIRECTION ( 'NONE',  ( 0.000000000000000000, 0.000000000000000000, -1.000000000000000000 ) ) ;
#75 = ORIENTED_EDGE ( 'NONE', *, *, #1507, .T. ) ;
#76 = VERTEX_POINT ( 'NONE', #1743 ) ;
#77 = EDGE_CURVE ( 'NONE', #1772, #2104, #54, .T. ) ;
#78 = ADVANCED_FACE ( 'NONE', ( #2345 ), #643, .F. ) ;
#79 = DIRECTION ( 'NONE',  ( 0.000000000000000000, 0.000000000000000000, 1.000000000000000000 ) ) ;
#80 = DIRECTION ( 'NONE',  ( 1.000000000000000000, 0.000000000000000000, 0.000000000000000000 ) ) ;
#81 = AXIS2_PLACEMENT_3D ( 'NONE', #2255, #358, #949 ) ;
#82 = LINE ( 'NONE', #2633, #375 ) ;
#83 = ORIENTED_EDGE ( 'NONE', *, *, #710, .T. ) ;
#84 = VERTEX_POINT ( 'NONE', #1150 ) ;
#85 = COORDINATED_UNIVERSAL_TIME_OFFSET ( 7, 0, .BEHIND. ) ;
#86 = DESIGN_CONTEXT ( 'detailed design', #2417, 'design' ) ;
#87 = FACE_OUTER_BOUND ( 'NONE', #1907, .T. ) ;
#88 = ORIENTED_EDGE ( 'NONE', *, *, #739, .F. ) ;
#89 = ORIENTED_EDGE ( 'NONE', *, *, #2099, .F. ) ;
#90 = CARTESIAN_POINT ( 'NONE',  ( -29.99999999999997513, 3.000012000000000345, -58.49999999999987921 ) ) ;
#91 = CARTESIAN_POINT ( 'NONE',  ( 49.99999999999997158, 3.000000000000000000, 29.99999999999986855 ) ) ;
#92 = DIRECTION ( 'NONE',  ( 0.000000000000000000, 0.000000000000000000, 1.000000000000000000 ) ) ;
#93 = FACE_OUTER_BOUND ( 'NONE', #2584, .T. ) ;
#94 = EDGE_CURVE ( 'NONE', #1001, #2527, #4, .T. ) ;
#95 = ORIENTED_EDGE ( 'NONE', *, *, #410, .T. ) ;
#96 = ORIENTED_EDGE ( 'NONE', *, *, #2654, .T. ) ;
#97 = PERSON_AND_ORGANIZATION ( #512, #2514 ) ;
#98 = CIRCLE ( 'NONE', #898, 4.999999999999997335 ) ;
#99 = FACE_OUTER_BOUND ( 'NONE', #1228, .T. ) ;
#100 = ORIENTED_EDGE ( 'NONE', *, *, #1718, .T. ) ;
#101 = DIRECTION ( 'NONE',  ( 0.000000000000000000, 0.000000000000000000, -1.000000000000000000 ) ) ;
#102 = CIRCLE ( 'NONE', #470, 1.500000000000004885 ) ;
#103 = CIRCLE ( 'NONE', #1664, 1.500000000000001332 ) ;
#104 = ORIENTED_EDGE ( 'NONE', *, *, #972, .F. ) ;
#105 = LINE ( 'NONE', #2223, #685 ) ;
#106 = AXIS2_PLACEMENT_3D ( 'NONE', #1021, #1670, #2509 ) ;
#107 = FACE_OUTER_BOUND ( 'NONE', #1226, .T. ) ;
#108 = ADVANCED_FACE ( 'NONE', ( #67 ), #1392, .F. ) ;
#109 = DIRECTION ( 'NONE',  ( 0.000000000000000000, 1.000000000000000000, 0.000000000000000000 ) ) ;
#110 = CYLINDRICAL_SURFACE ( 'NONE', #234, 1.500000000000001332 ) ;
#111 = ORIENTED_EDGE ( 'NONE', *, *, #2329, .T. ) ;
#112 = ORIENTED_EDGE ( 'NONE', *, *, #1784, .F. ) ;
#113 = EDGE_CURVE ( 'NONE', #1772, #42, #526, .T. ) ;
#114 = ADVANCED_FACE ( 'NONE', ( #1819 ), #340, .F. ) ;
#115 = APPROVAL_DATE_TIME ( #567, #303 ) ;
#116 = CYLINDRICAL_SURFACE ( 'NONE', #81, 4.999999999999997335 ) ;
#117 = EDGE_LOOP ( 'NONE', ( #1334, #1788 ) ) ;
#118 = CARTESIAN_POINT ( 'NONE',  ( -24.99999999999997158, 3.000000000000000000, 56.49999999999987921 ) ) ;
#119 = EDGE_LOOP ( 'NONE', ( #729, #1533, #2318, #240 ) ) ;
#120 = LOCAL_TIME ( 16, 3, 40.00000000000000000, #2623 ) ;
#121 = AXIS2_PLACEMENT_3D ( 'NONE', #2489, #595, #1760 ) ;
#122 = FACE_OUTER_BOUND ( 'NONE', #2503, .T. ) ;
#123 = DIRECTION ( 'NONE',  ( -0.000000000000000000, 0.000000000000000000, 1.000000000000000000 ) ) ;
#124 = EDGE_CURVE ( 'NONE', #2265, #2477, #1876, .T. ) ;
#125 = CIRCLE ( 'NONE', #2256, 1.549999999999999378 ) ;
#126 = CARTESIAN_POINT ( 'NONE',  ( 44.99999999999997868, -14.14213562373094923, -29.99999999999982236 ) ) ;
#127 = ORIENTED_EDGE ( 'NONE', *, *, #481, .F. ) ;
#128 = ORIENTED_EDGE ( 'NONE', *, *, #2558, .F. ) ;
#129 = APPROVAL_STATUS ( 'not_yet_approved' ) ;
#130 = VECTOR ( 'NONE', #806, 1000.000000000000000 ) ;
#131 = ADVANCED_FACE ( 'NONE', ( #93 ), #1404, .F. ) ;
#132 = DIRECTION ( 'NONE',  ( 0.000000000000000000, 1.000000000000000000, 0.000000000000000000 ) ) ;
#133 = ORIENTED_EDGE ( 'NONE', *, *, #2674, .F. ) ;
#134 = LINE ( 'NONE', #48, #1096 ) ;
#135 = VERTEX_POINT ( 'NONE', #2211 ) ;
#136 = CARTESIAN_POINT ( 'NONE',  ( 29.99999999999996447, 3.000000000000000000, 30.00000000000038369 ) ) ;
#137 = CARTESIAN_POINT ( 'NONE',  ( -11.89999999999992042, 0.000000000000000000, -16.80000000000043769 ) ) ;
#138 = CARTESIAN_POINT ( 'NONE',  ( 22.50000000000000711, 3.000000000000000000, -35.80000000000000426 ) ) ;
#139 = CARTESIAN_POINT ( 'NONE',  ( 24.99999999999997158, 0.000000000000000000, -56.49999999999987921 ) ) ;
#140 = ORIENTED_EDGE ( 'NONE', *, *, #410, .F. ) ;
#141 = ORIENTED_EDGE ( 'NONE', *, *, #2558, .T. ) ;
#142 = SECURITY_CLASSIFICATION_LEVEL ( 'unclassified' ) ;
#143 = CC_DESIGN_PERSON_AND_ORGANIZATION_ASSIGNMENT ( #751, #2418, ( #2208 ) ) ;
#144 = CARTESIAN_POINT ( 'NONE',  ( 49.99999999999997158, 0.000000000000000000, 31.49999999999986855 ) ) ;
#145 = ORIENTED_EDGE ( 'NONE', *, *, #1282, .F. ) ;
#146 = FACE_BOUND ( 'NONE', #2283, .T. ) ;
#147 = ORIENTED_EDGE ( 'NONE', *, *, #24, .T. ) ;
#148 = EDGE_CURVE ( 'NONE', #2667, #558, #329, .T. ) ;
#149 = CIRCLE ( 'NONE', #1924, 1.500000000000004885 ) ;
#150 = DIRECTION ( 'NONE',  ( 0.000000000000000000, 1.000000000000000000, -0.000000000000000000 ) ) ;
#151 = AXIS2_PLACEMENT_3D ( 'NONE', #2, #1273, #204 ) ;
#152 = DIRECTION ( 'NONE',  ( -4.704570066849037100E-14, 0.000000000000000000, -1.000000000000000000 ) ) ;
#153 = CYLINDRICAL_SURFACE ( 'NONE', #2670, 4.999999999999997335 ) ;
#154 = DIRECTION ( 'NONE',  ( 0.000000000000000000, 1.000000000000000000, 0.000000000000000000 ) ) ;
#155 = ORIENTED_EDGE ( 'NONE', *, *, #2088, .T. ) ;
#156 = ORIENTED_EDGE ( 'NONE', *, *, #1353, .F. ) ;
#157 = CARTESIAN_POINT ( 'NONE',  ( 44.99999999999997868, 0.000000000000000000, -29.99999999999982236 ) ) ;
#158 = ORIENTED_EDGE ( 'NONE', *, *, #889, .F. ) ;
#159 = PLANE ( 'NONE',  #2032 ) ;
#160 = AXIS2_PLACEMENT_3D ( 'NONE', #180, #2552, #1873 ) ;
#161 = DIRECTION ( 'NONE',  ( 0.000000000000000000, 0.000000000000000000, -1.000000000000000000 ) ) ;
#162 = ORIENTED_EDGE ( 'NONE', *, *, #2297, .F. ) ;
#163 = AXIS2_PLACEMENT_3D ( 'NONE', #396, #2330, #2129 ) ;
#164 = DIRECTION ( 'NONE',  ( 0.000000000000000000, 0.000000000000000000, -1.000000000000000000 ) ) ;
#165 = EDGE_CURVE ( 'NONE', #1127, #1690, #929, .T. ) ;
#166 = CARTESIAN_POINT ( 'NONE',  ( -48.59999999999998010, 0.000000000000000000, -19.89999999999998792 ) ) ;
#167 = DIRECTION ( 'NONE',  ( -0.000000000000000000, 1.000000000000000000, -0.000000000000000000 ) ) ;
#168 = DIRECTION ( 'NONE',  ( 0.000000000000000000, 0.000000000000000000, 1.000000000000000000 ) ) ;
#169 = VERTEX_POINT ( 'NONE', #2017 ) ;
#170 = ORIENTED_EDGE ( 'NONE', *, *, #500, .T. ) ;
#171 = VECTOR ( 'NONE', #2589, 1000.000000000000000 ) ;
#172 = CARTESIAN_POINT ( 'NONE',  ( -24.99999999999997158, 0.000000000000000000, 53.49999999999987210 ) ) ;
#173 = VECTOR ( 'NONE', #2475, 1000.000000000000000 ) ;
#174 = ORIENTED_EDGE ( 'NONE', *, *, #124, .T. ) ;
#175 = CARTESIAN_POINT ( 'NONE',  ( -24.99999999999997158, 0.000000000000000000, -54.99999999999987210 ) ) ;
#176 = ORIENTED_EDGE ( 'NONE', *, *, #1683, .T. ) ;
#177 = AXIS2_PLACEMENT_3D ( 'NONE', #267, #938, #2411 ) ;
#178 = DIRECTION ( 'NONE',  ( -3.469446951953613400E-15, 0.000000000000000000, 1.000000000000000000 ) ) ;
#179 = DIRECTION ( 'NONE',  ( -0.000000000000000000, 1.000000000000000000, -0.000000000000000000 ) ) ;
#180 = CARTESIAN_POINT ( 'NONE',  ( -24.99999999999997158, -14.14213562373094923, 54.99999999999987210 ) ) ;
#181 = ORIENTED_EDGE ( 'NONE', *, *, #250, .F. ) ;
#182 = ORIENTED_EDGE ( 'NONE', *, *, #1424, .F. ) ;
#183 = ADVANCED_FACE ( 'NONE', ( #351 ), #312, .F. ) ;
#184 = PLANE ( 'NONE',  #2214 ) ;
#185 = ORIENTED_EDGE ( 'NONE', *, *, #2607, .T. ) ;
#186 = CARTESIAN_POINT ( 'NONE',  ( -54.99999999999997158, 3.000000000000000000, 29.99999999999999645 ) ) ;
#187 = DIRECTION ( 'NONE',  ( 0.000000000000000000, 0.000000000000000000, -1.000000000000000000 ) ) ;
#188 = ORIENTED_EDGE ( 'NONE', *, *, #420, .T. ) ;
#189 = CIRCLE ( 'NONE', #1342, 1.549999999999995826 ) ;
#190 = CARTESIAN_POINT ( 'NONE',  ( -49.99999999999997158, 3.000000000000000000, -29.99999999999986855 ) ) ;
#191 = FACE_BOUND ( 'NONE', #2323, .T. ) ;
#192 = EDGE_CURVE ( 'NONE', #2120, #807, #82, .T. ) ;
#193 = CIRCLE ( 'NONE', #902, 1.549999999999999378 ) ;
#194 = DIRECTION ( 'NONE',  ( -0.000000000000000000, -1.000000000000000000, 0.000000000000000000 ) ) ;
#195 = VERTEX_POINT ( 'NONE', #2413 ) ;
#196 = ORIENTED_EDGE ( 'NONE', *, *, #455, .T. ) ;
#197 = VECTOR ( 'NONE', #921, 1000.000000000000000 ) ;
#198 = ADVANCED_FACE ( 'NONE', ( #709 ), #297, .T. ) ;
#199 = DIRECTION ( 'NONE',  ( 0.000000000000000000, 1.000000000000000000, 0.000000000000000000 ) ) ;
#200 = ORIENTED_EDGE ( 'NONE', *, *, #2361, .F. ) ;
#201 = DIRECTION ( 'NONE',  ( 0.000000000000000000, 0.000000000000000000, 1.000000000000000000 ) ) ;
#202 = CARTESIAN_POINT ( 'NONE',  ( -14.99999999999997868, 3.000000000000000000, 33.50000000000000000 ) ) ;
#203 = ORIENTED_EDGE ( 'NONE', *, *, #771, .F. ) ;
#204 = DIRECTION ( 'NONE',  ( 0.000000000000000000, 0.000000000000000000, -1.000000000000000000 ) ) ;
#205 = DIRECTION ( 'NONE',  ( -0.000000000000000000, -1.000000000000000000, 0.000000000000000000 ) ) ;
#206 = DIRECTION ( 'NONE',  ( 0.000000000000000000, 1.000000000000000000, 0.000000000000000000 ) ) ;
#207 = EDGE_LOOP ( 'NONE', ( #521, #1734, #1909, #1796 ) ) ;
#208 = LINE ( 'NONE', #1906, #1123 ) ;
#209 = EDGE_LOOP ( 'NONE', ( #803, #2539, #2037, #630 ) ) ;
#210 = AXIS2_PLACEMENT_3D ( 'NONE', #1091, #1612, #975 ) ;
#211 = CARTESIAN_POINT ( 'NONE',  ( 48.59999999999970299, 3.000000000000000000, 16.79999999999981597 ) ) ;
#212 = ORIENTED_EDGE ( 'NONE', *, *, #2287, .F. ) ;
#213 = CARTESIAN_POINT ( 'NONE',  ( -24.99999999999997158, 0.000000000000000000, 56.49999999999987921 ) ) ;
#214 = CC_DESIGN_PERSON_AND_ORGANIZATION_ASSIGNMENT ( #1183, #1366, ( #1987 ) ) ;
#215 = CARTESIAN_POINT ( 'NONE',  ( -24.99999999999997158, 0.000000000000000000, -54.99999999999987210 ) ) ;
#216 = AXIS2_PLACEMENT_3D ( 'NONE', #922, #2613, #1514 ) ;
#217 = DIRECTION ( 'NONE',  ( -0.000000000000000000, -1.000000000000000000, -0.000000000000000000 ) ) ;
#218 = VERTEX_POINT ( 'NONE', #749 ) ;
#219 = EDGE_CURVE ( 'NONE', #691, #2358, #1573, .T. ) ;
#220 = DIRECTION ( 'NONE',  ( 0.000000000000000000, 0.000000000000000000, 1.000000000000000000 ) ) ;
#221 = FACE_BOUND ( 'NONE', #327, .T. ) ;
#222 = DIRECTION ( 'NONE',  ( 0.000000000000000000, 0.000000000000000000, -1.000000000000000000 ) ) ;
#223 = CYLINDRICAL_SURFACE ( 'NONE', #379, 1.050000000000002265 ) ;
#224 = ORIENTED_EDGE ( 'NONE', *, *, #563, .T. ) ;
#225 = ORIENTED_EDGE ( 'NONE', *, *, #1026, .F. ) ;
#226 = DIRECTION ( 'NONE',  ( 0.000000000000000000, 0.000000000000000000, 1.000000000000000000 ) ) ;
#227 = APPROVAL ( #129, 'UNSPECIFIED' ) ;
#228 = DIRECTION ( 'NONE',  ( 0.000000000000000000, 0.000000000000000000, 1.000000000000000000 ) ) ;
#229 = CARTESIAN_POINT ( 'NONE',  ( -54.99999999999997868, 0.000000000000000000, -29.99999999999998579 ) ) ;
#230 = EDGE_LOOP ( 'NONE', ( #1369, #2665, #546, #1523 ) ) ;
#231 = EDGE_CURVE ( 'NONE', #359, #1711, #2011, .T. ) ;
#232 = CARTESIAN_POINT ( 'NONE',  ( 49.99999999999997158, 0.000000000000000000, -29.99999999999986855 ) ) ;
#233 = LINE ( 'NONE', #1725, #1166 ) ;
#234 = AXIS2_PLACEMENT_3D ( 'NONE', #1578, #956, #1806 ) ;
#235 = CARTESIAN_POINT ( 'NONE',  ( 48.60000000000002274, 3.000000000000000000, -18.34999999999998721 ) ) ;
#236 = DIRECTION ( 'NONE',  ( 0.000000000000000000, 0.000000000000000000, -1.000000000000000000 ) ) ;
#237 = CARTESIAN_POINT ( 'NONE',  ( -24.99999999999997158, 3.000000000000000000, -54.99999999999987210 ) ) ;
#238 = AXIS2_PLACEMENT_3D ( 'NONE', #2328, #2595, #854 ) ;
#239 = CIRCLE ( 'NONE', #948, 1.500000000000001332 ) ;
#240 = ORIENTED_EDGE ( 'NONE', *, *, #1676, .F. ) ;
#241 = CIRCLE ( 'NONE', #640, 1.500000000000001332 ) ;
#242 = CARTESIAN_POINT ( 'NONE',  ( 22.50000000000000711, 3.000000000000000000, -36.85000000000000853 ) ) ;
#243 = CARTESIAN_POINT ( 'NONE',  ( 24.99999999999997158, 3.000000000000000000, 53.49999999999987210 ) ) ;
#244 = DIRECTION ( 'NONE',  ( 0.000000000000000000, 0.000000000000000000, -1.000000000000000000 ) ) ;
#245 = ORIENTED_EDGE ( 'NONE', *, *, #369, .T. ) ;
#246 = ADVANCED_FACE ( 'NONE', ( #719 ), #110, .F. ) ;
#247 = CARTESIAN_POINT ( 'NONE',  ( 49.99999999999997158, 3.000000000000000000, -29.99999999999986855 ) ) ;
#248 = CARTESIAN_POINT ( 'NONE',  ( -49.99999999999997158, 3.000000000000000000, 29.99999999999986855 ) ) ;
#249 = AXIS2_PLACEMENT_3D ( 'NONE', #1036, #206, #1238 ) ;
#250 = EDGE_CURVE ( 'NONE', #2622, #398, #2493, .T. ) ;
#251 = ADVANCED_FACE ( 'NONE', ( #2495 ), #364, .F. ) ;
#252 = CARTESIAN_POINT ( 'NONE',  ( 49.99999999999997158, 0.000000000000000000, 29.99999999999986855 ) ) ;
#253 = CARTESIAN_POINT ( 'NONE',  ( -24.49999999999999645, 3.000000000000000000, -34.74999999999999289 ) ) ;
#254 = ORIENTED_EDGE ( 'NONE', *, *, #1950, .T. ) ;
#255 = CARTESIAN_POINT ( 'NONE',  ( 22.50000000000000711, 3.000000000000000000, -35.80000000000000426 ) ) ;
#256 = ORIENTED_EDGE ( 'NONE', *, *, #481, .T. ) ;
#257 = FACE_OUTER_BOUND ( 'NONE', #1491, .T. ) ;
#258 = CIRCLE ( 'NONE', #2604, 1.050000000000002265 ) ;
#259 = DIRECTION ( 'NONE',  ( -0.000000000000000000, 1.000000000000000000, -0.000000000000000000 ) ) ;
#260 = DIRECTION ( 'NONE',  ( 0.000000000000000000, 1.000000000000000000, 0.000000000000000000 ) ) ;
#261 = VERTEX_POINT ( 'NONE', #830 ) ;
#262 = CIRCLE ( 'NONE', #1461, 1.500000000000001332 ) ;
#263 = ORIENTED_EDGE ( 'NONE', *, *, #2297, .T. ) ;
#264 = DIRECTION ( 'NONE',  ( -0.000000000000000000, -1.000000000000000000, -0.000000000000000000 ) ) ;
#265 = VECTOR ( 'NONE', #1268, 1000.000000000000000 ) ;
#266 = FACE_BOUND ( 'NONE', #1205, .T. ) ;
#267 = CARTESIAN_POINT ( 'NONE',  ( -11.89999999999959890, 3.000000000000000000, 18.34999999999962839 ) ) ;
#268 = LINE ( 'NONE', #683, #1483 ) ;
#269 = ORIENTED_EDGE ( 'NONE', *, *, #1896, .T. ) ;
#270 = ORIENTED_EDGE ( 'NONE', *, *, #1436, .T. ) ;
#271 = EDGE_CURVE ( 'NONE', #1651, #2311, #602, .T. ) ;
#272 = DIRECTION ( 'NONE',  ( 0.000000000000000000, 1.000000000000000000, 0.000000000000000000 ) ) ;
#273 = DIRECTION ( 'NONE',  ( 0.000000000000000000, 0.000000000000000000, 1.000000000000000000 ) ) ;
#274 = ORIENTED_EDGE ( 'NONE', *, *, #1732, .T. ) ;
#275 = VERTEX_POINT ( 'NONE', #383 ) ;
#276 = CARTESIAN_POINT ( 'NONE',  ( 22.50000000000000711, 0.000000000000000000, -34.75000000000000000 ) ) ;
#277 = VECTOR ( 'NONE', #1326, 1000.000000000000000 ) ;
#278 = LINE ( 'NONE', #1973, #435 ) ;
#279 = CARTESIAN_POINT ( 'NONE',  ( 24.99999999999997158, 3.000000000000000000, -54.99999999999987210 ) ) ;
#280 = CC_DESIGN_DATE_AND_TIME_ASSIGNMENT ( #1798, #1810, ( #2208 ) ) ;
#281 = EDGE_CURVE ( 'NONE', #2240, #1864, #2289, .T. ) ;
#282 = VECTOR ( 'NONE', #680, 1000.000000000000000 ) ;
#283 = DIRECTION ( 'NONE',  ( 0.000000000000000000, 1.000000000000000000, 0.000000000000000000 ) ) ;
#284 = EDGE_LOOP ( 'NONE', ( #1202, #75, #203, #2614 ) ) ;
#285 = CARTESIAN_POINT ( 'NONE',  ( 30.00000000000017408, 0.000000000000000000, -54.99999999999987210 ) ) ;
#286 = CIRCLE ( 'NONE', #990, 1.050000000000002265 ) ;
#287 = ADVANCED_FACE ( 'NONE', ( #2687 ), #1223, .T. ) ;
#288 = EDGE_CURVE ( 'NONE', #2009, #777, #2058, .T. ) ;
#289 = CARTESIAN_POINT ( 'NONE',  ( -29.99999999999997513, 0.000000000000000000, 58.49999999999987921 ) ) ;
#290 = VECTOR ( 'NONE', #1046, 1000.000000000000000 ) ;
#291 = CARTESIAN_POINT ( 'NONE',  ( 19.99999999999996803, 0.000000000000000000, -54.99999999999999289 ) ) ;
#292 = VERTEX_POINT ( 'NONE', #588 ) ;
#293 = ORIENTED_EDGE ( 'NONE', *, *, #544, .F. ) ;
#294 = DIRECTION ( 'NONE',  ( 0.000000000000000000, 0.000000000000000000, 1.000000000000000000 ) ) ;
#295 = LINE ( 'NONE', #1149, #1996 ) ;
#296 = CARTESIAN_POINT ( 'NONE',  ( -24.49999999999999645, 0.000000000000000000, -35.79999999999999716 ) ) ;
#297 = CYLINDRICAL_SURFACE ( 'NONE', #2273, 4.999999999999997335 ) ;
#298 = AXIS2_PLACEMENT_3D ( 'NONE', #870, #1727, #2290 ) ;
#299 = ORIENTED_EDGE ( 'NONE', *, *, #1878, .F. ) ;
#300 = CARTESIAN_POINT ( 'NONE',  ( 48.60000000000002274, 3.000000000000000000, -18.34999999999998721 ) ) ;
#301 = DIRECTION ( 'NONE',  ( 0.000000000000000000, 0.000000000000000000, 1.000000000000000000 ) ) ;
#302 = VERTEX_POINT ( 'NONE', #1022 ) ;
#303 = APPROVAL ( #947, 'UNSPECIFIED' ) ;
#304 = ADVANCED_FACE ( 'NONE', ( #2304 ), #153, .T. ) ;
#305 = VERTEX_POINT ( 'NONE', #816 ) ;
#306 = LINE ( 'NONE', #2409, #945 ) ;
#307 = EDGE_CURVE ( 'NONE', #1544, #2358, #394, .T. ) ;
#308 = CIRCLE ( 'NONE', #1902, 4.999999999999997335 ) ;
#309 = CARTESIAN_POINT ( 'NONE',  ( -48.59999999999998010, 0.000000000000000000, -18.34999999999998721 ) ) ;
#310 = AXIS2_PLACEMENT_3D ( 'NONE', #1724, #829, #2152 ) ;
#311 = DIRECTION ( 'NONE',  ( 0.000000000000000000, 0.000000000000000000, 1.000000000000000000 ) ) ;
#312 = PLANE ( 'NONE',  #2540 ) ;
#313 = VERTEX_POINT ( 'NONE', #1194 ) ;
#314 = ORIENTED_EDGE ( 'NONE', *, *, #342, .F. ) ;
#315 = COORDINATED_UNIVERSAL_TIME_OFFSET ( 7, 0, .BEHIND. ) ;
#316 = LINE ( 'NONE', #545, #1992 ) ;
#317 = ORIENTED_EDGE ( 'NONE', *, *, #1182, .T. ) ;
#318 = FACE_BOUND ( 'NONE', #812, .T. ) ;
#319 = EDGE_CURVE ( 'NONE', #1257, #2622, #2275, .T. ) ;
#320 = ORIENTED_EDGE ( 'NONE', *, *, #1891, .F. ) ;
#321 = DIRECTION ( 'NONE',  ( -0.000000000000000000, -1.000000000000000000, -0.000000000000000000 ) ) ;
#322 = DIRECTION ( 'NONE',  ( 0.000000000000000000, 0.000000000000000000, 1.000000000000000000 ) ) ;
#323 = EDGE_CURVE ( 'NONE', #1452, #1921, #2262, .T. ) ;
#324 = DIRECTION ( 'NONE',  ( 0.000000000000000000, 1.000000000000000000, 0.000000000000000000 ) ) ;
#325 = CARTESIAN_POINT ( 'NONE',  ( -24.50000000000000000, 3.000000000000000000, -48.25000000000000000 ) ) ;
#326 = EDGE_LOOP ( 'NONE', ( #632, #414, #2004, #866 ) ) ;
#327 = EDGE_LOOP ( 'NONE', ( #16, #686 ) ) ;
#328 = CIRCLE ( 'NONE', #1297, 1.549999999999995826 ) ;
#329 = CIRCLE ( 'NONE', #681, 1.549999999999995826 ) ;
#330 = LINE ( 'NONE', #2664, #1855 ) ;
#331 = VERTEX_POINT ( 'NONE', #2728 ) ;
#332 = FACE_BOUND ( 'NONE', #690, .T. ) ;
#333 = CIRCLE ( 'NONE', #515, 1.549999999999999378 ) ;
#334 = CIRCLE ( 'NONE', #1216, 1.500000000000001332 ) ;
#335 = ORIENTED_EDGE ( 'NONE', *, *, #1733, .T. ) ;
#336 = EDGE_CURVE ( 'NONE', #169, #2611, #1035, .T. ) ;
#337 = AXIS2_PLACEMENT_3D ( 'NONE', #1178, #2277, #384 ) ;
#338 = DIRECTION ( 'NONE',  ( 0.000000000000000000, 0.000000000000000000, -1.000000000000000000 ) ) ;
#339 = DIRECTION ( 'NONE',  ( -1.000000000000000000, 0.000000000000000000, -0.000000000000000000 ) ) ;
#340 = PLANE ( 'NONE',  #2454 ) ;
#341 = ADVANCED_FACE ( 'NONE', ( #1656 ), #409, .F. ) ;
#342 = EDGE_CURVE ( 'NONE', #2295, #700, #998, .T. ) ;
#343 = EDGE_LOOP ( 'NONE', ( #2268, #2526 ) ) ;
#344 = CARTESIAN_POINT ( 'NONE',  ( 29.99999999999997158, 0.000000000000000000, 55.00000000000038369 ) ) ;
#345 = ORIENTED_EDGE ( 'NONE', *, *, #2215, .F. ) ;
#346 = FACE_BOUND ( 'NONE', #1585, .T. ) ;
#347 = ORIENTED_EDGE ( 'NONE', *, *, #657, .F. ) ;
#348 = AXIS2_PLACEMENT_3D ( 'NONE', #2347, #1937, #1114 ) ;
#349 = CARTESIAN_POINT ( 'NONE',  ( 48.59999999999970299, 3.000000000000000000, 16.79999999999981597 ) ) ;
#350 = CARTESIAN_POINT ( 'NONE',  ( -24.49999999999999645, 0.000000000000000000, -34.74999999999999289 ) ) ;
#351 = FACE_OUTER_BOUND ( 'NONE', #2439, .T. ) ;
#352 = VECTOR ( 'NONE', #1298, 1000.000000000000000 ) ;
#353 = DIRECTION ( 'NONE',  ( -0.000000000000000000, -1.000000000000000000, -0.000000000000000000 ) ) ;
#354 = VERTEX_POINT ( 'NONE', #1848 ) ;
#355 = ORIENTED_EDGE ( 'NONE', *, *, #1807, .F. ) ;
#356 = APPLICATION_PROTOCOL_DEFINITION ( 'international standard', 'config_control_design', 1994, #2417 ) ;
#357 = ADVANCED_FACE ( 'NONE', ( #1009, #981, #191, #786, #1671, #2510, #1431, #613, #1645, #1462, #1248, #1753, #1714, #897, #49, #1064, #2743, #1077, #266, #221, #1317, #1535, #2535 ), #1092, .T. ) ;
#358 = DIRECTION ( 'NONE',  ( 0.000000000000000000, 1.000000000000000000, 0.000000000000000000 ) ) ;
#359 = VERTEX_POINT ( 'NONE', #2342 ) ;
#360 = FACE_BOUND ( 'NONE', #1170, .T. ) ;
#361 = ORIENTED_EDGE ( 'NONE', *, *, #2419, .T. ) ;
#362 = CARTESIAN_POINT ( 'NONE',  ( -14.99999999999997868, 3.000000000000000000, 35.00000000000000000 ) ) ;
#363 = CARTESIAN_POINT ( 'NONE',  ( -11.89999999999959890, 3.000000000000000000, 18.34999999999962839 ) ) ;
#364 = CYLINDRICAL_SURFACE ( 'NONE', #720, 1.500000000000001332 ) ;
#365 = CARTESIAN_POINT ( 'NONE',  ( 55.00000000000002132, 3.000000000000000000, 55.00000000000000000 ) ) ;
#366 = VERTEX_POINT ( 'NONE', #1701 ) ;
#367 = CARTESIAN_POINT ( 'NONE',  ( -48.59999999999998010, 3.000000000000000000, -16.79999999999999005 ) ) ;
#368 = ORIENTED_EDGE ( 'NONE', *, *, #580, .T. ) ;
#369 = EDGE_CURVE ( 'NONE', #1264, #1720, #652, .T. ) ;
#370 = CARTESIAN_POINT ( 'NONE',  ( 11.89999999999996305, 0.000000000000000000, -18.35000000000043485 ) ) ;
#371 = EDGE_LOOP ( 'NONE', ( #1730, #952 ) ) ;
#372 = CARTESIAN_POINT ( 'NONE',  ( -44.99999999999997868, -14.14213562373094923, 29.99999999999985789 ) ) ;
#373 = ADVANCED_FACE ( 'NONE', ( #1930 ), #1944, .F. ) ;
#374 = EDGE_CURVE ( 'NONE', #1559, #2079, #189, .T. ) ;
#375 = VECTOR ( 'NONE', #917, 1000.000000000000000 ) ;
#376 = CARTESIAN_POINT ( 'NONE',  ( -11.89999999999959890, 3.000000000000000000, 16.79999999999962412 ) ) ;
#377 = ORIENTED_EDGE ( 'NONE', *, *, #2707, .T. ) ;
#378 = AXIS2_PLACEMENT_3D ( 'NONE', #3, #1740, #869 ) ;
#379 = AXIS2_PLACEMENT_3D ( 'NONE', #52, #1946, #1066 ) ;
#380 = DIRECTION ( 'NONE',  ( 0.000000000000000000, 1.000000000000000000, 0.000000000000000000 ) ) ;
#381 = VECTOR ( 'NONE', #178, 1000.000000000000000 ) ;
#382 = CARTESIAN_POINT ( 'NONE',  ( -29.99999999999997868, 0.000000000000000000, -54.99999999999998579 ) ) ;
#383 = CARTESIAN_POINT ( 'NONE',  ( -44.99999999999997868, 3.000000000000000000, -29.99999999999998579 ) ) ;
#384 = DIRECTION ( 'NONE',  ( 1.000000000000000000, 0.000000000000000000, -1.261617073437677999E-16 ) ) ;
#385 = EDGE_LOOP ( 'NONE', ( #1821, #245, #1889, #2169 ) ) ;
#386 = EDGE_LOOP ( 'NONE', ( #1423, #63, #1599, #1919 ) ) ;
#387 = CARTESIAN_POINT ( 'NONE',  ( 22.50000000000000355, 0.000000000000000000, -46.14999999999999858 ) ) ;
#388 = ORIENTED_EDGE ( 'NONE', *, *, #1649, .F. ) ;
#389 = CIRCLE ( 'NONE', #527, 4.999999999999997335 ) ;
#390 = DIRECTION ( 'NONE',  ( 0.000000000000000000, 0.000000000000000000, 1.000000000000000000 ) ) ;
#391 = EDGE_LOOP ( 'NONE', ( #1434, #566, #484, #1466 ) ) ;
#392 = EDGE_CURVE ( 'NONE', #807, #1840, #1032, .T. ) ;
#393 = CARTESIAN_POINT ( 'NONE',  ( -29.99999999999997513, 0.000000000000000000, 58.49999999999987921 ) ) ;
#394 = LINE ( 'NONE', #1631, #1437 ) ;
#395 = VECTOR ( 'NONE', #1841, 1000.000000000000000 ) ;
#396 = CARTESIAN_POINT ( 'NONE',  ( 11.89999999999963975, 0.000000000000000000, 18.34999999999962839 ) ) ;
#397 = VERTEX_POINT ( 'NONE', #35 ) ;
#398 = VERTEX_POINT ( 'NONE', #638 ) ;
#399 = AXIS2_PLACEMENT_3D ( 'NONE', #797, #811, #2111 ) ;
#400 = CARTESIAN_POINT ( 'NONE',  ( 19.99999999999996803, 3.000000000000000000, 55.00000000000000711 ) ) ;
#401 = AXIS2_PLACEMENT_3D ( 'NONE', #1650, #2308, #2119 ) ;
#402 = VERTEX_POINT ( 'NONE', #2166 ) ;
#403 = LINE ( 'NONE', #2723, #831 ) ;
#404 = CARTESIAN_POINT ( 'NONE',  ( -24.99999999999997158, 3.000000000000000000, -56.49999999999987921 ) ) ;
#405 = ORIENTED_EDGE ( 'NONE', *, *, #2334, .F. ) ;
#406 = EDGE_CURVE ( 'NONE', #558, #2667, #2059, .T. ) ;
#407 = CIRCLE ( 'NONE', #40, 1.550000000000002709 ) ;
#408 = DIRECTION ( 'NONE',  ( 0.000000000000000000, 0.000000000000000000, -1.000000000000000000 ) ) ;
#409 = CYLINDRICAL_SURFACE ( 'NONE', #1482, 1.050000000000002265 ) ;
#410 = EDGE_CURVE ( 'NONE', #2244, #985, #1532, .T. ) ;
#411 = ADVANCED_FACE ( 'NONE', ( #451 ), #883, .F. ) ;
#412 = FACE_OUTER_BOUND ( 'NONE', #1751, .T. ) ;
#413 = ORIENTED_EDGE ( 'NONE', *, *, #2010, .F. ) ;
#414 = ORIENTED_EDGE ( 'NONE', *, *, #24, .F. ) ;
#415 = DIRECTION ( 'NONE',  ( -4.704570066849037100E-14, 0.000000000000000000, -1.000000000000000000 ) ) ;
#416 = ORIENTED_EDGE ( 'NONE', *, *, #1132, .T. ) ;
#417 = VECTOR ( 'NONE', #1101, 1000.000000000000000 ) ;
#418 = DIRECTION ( 'NONE',  ( -0.000000000000000000, -1.000000000000000000, 0.000000000000000000 ) ) ;
#419 = VERTEX_POINT ( 'NONE', #1488 ) ;
#420 = EDGE_CURVE ( 'NONE', #911, #2150, #437, .T. ) ;
#421 = AXIS2_PLACEMENT_3D ( 'NONE', #2002, #2430, #1137 ) ;
#422 = DIRECTION ( 'NONE',  ( 0.000000000000000000, 0.000000000000000000, 1.000000000000000000 ) ) ;
#423 = DIRECTION ( 'NONE',  ( 0.000000000000000000, 1.000000000000000000, 0.000000000000000000 ) ) ;
#424 = DIRECTION ( 'NONE',  ( 0.000000000000000000, 1.000000000000000000, 0.000000000000000000 ) ) ;
#425 = VERTEX_POINT ( 'NONE', #2141 ) ;
#426 = CARTESIAN_POINT ( 'NONE',  ( -29.99999999999997158, 0.000000000000000000, 55.00000000000011369 ) ) ;
#427 = ORIENTED_EDGE ( 'NONE', *, *, #573, .T. ) ;
#428 = EDGE_CURVE ( 'NONE', #1440, #2217, #233, .T. ) ;
#429 = AXIS2_PLACEMENT_3D ( 'NONE', #2612, #589, #713 ) ;
#430 = CARTESIAN_POINT ( 'NONE',  ( -19.99999999999996092, 0.000000000000000000, -54.99999999999999289 ) ) ;
#431 = ORIENTED_EDGE ( 'NONE', *, *, #2414, .T. ) ;
#432 = EDGE_CURVE ( 'NONE', #1394, #1397, #1877, .T. ) ;
#433 = DIRECTION ( 'NONE',  ( -0.000000000000000000, 1.000000000000000000, -0.000000000000000000 ) ) ;
#434 = ORIENTED_EDGE ( 'NONE', *, *, #2047, .T. ) ;
#435 = VECTOR ( 'NONE', #2606, 1000.000000000000000 ) ;
#436 = DIRECTION ( 'NONE',  ( 0.000000000000000000, 1.000000000000000000, 0.000000000000000000 ) ) ;
#437 = LINE ( 'NONE', #842, #2013 ) ;
#438 = DIRECTION ( 'NONE',  ( 0.000000000000000000, 0.000000000000000000, -1.000000000000000000 ) ) ;
#439 = CARTESIAN_POINT ( 'NONE',  ( 11.89999999999963975, 3.000000000000000000, 19.89999999999962910 ) ) ;
#440 = DIRECTION ( 'NONE',  ( 0.000000000000000000, 1.000000000000000000, 0.000000000000000000 ) ) ;
#441 = APPLICATION_CONTEXT ( 'configuration controlled 3d designs of mechanical parts and assemblies' ) ;
#442 = VECTOR ( 'NONE', #1745, 1000.000000000000000 ) ;
#443 = EDGE_LOOP ( 'NONE', ( #156, #1119, #2561, #2300 ) ) ;
#444 = MECHANICAL_CONTEXT ( 'NONE', #441, 'mechanical' ) ;
#445 = EDGE_CURVE ( 'NONE', #1291, #1117, #1260, .T. ) ;
#446 = CARTESIAN_POINT ( 'NONE',  ( -24.99999999999997158, 0.000000000000000000, -54.99999999999987210 ) ) ;
#447 = VECTOR ( 'NONE', #1993, 1000.000000000000000 ) ;
#448 = DIRECTION ( 'NONE',  ( -0.000000000000000000, -1.000000000000000000, 0.000000000000000000 ) ) ;
#449 = EDGE_LOOP ( 'NONE', ( #2393, #2068, #2512, #934 ) ) ;
#450 = DIRECTION ( 'NONE',  ( 0.000000000000000000, 0.000000000000000000, -1.000000000000000000 ) ) ;
#451 = FACE_OUTER_BOUND ( 'NONE', #1765, .T. ) ;
#452 = CYLINDRICAL_SURFACE ( 'NONE', #1357, 1.550000000000002709 ) ;
#453 = FACE_OUTER_BOUND ( 'NONE', #1898, .T. ) ;
#454 = DIRECTION ( 'NONE',  ( -0.000000000000000000, -1.000000000000000000, -0.000000000000000000 ) ) ;
#455 = EDGE_CURVE ( 'NONE', #2599, #721, #333, .T. ) ;
#456 = DIRECTION ( 'NONE',  ( 0.000000000000000000, 0.000000000000000000, 1.000000000000000000 ) ) ;
#457 = ORIENTED_EDGE ( 'NONE', *, *, #113, .F. ) ;
#458 = CYLINDRICAL_SURFACE ( 'NONE', #2533, 1.500000000000001332 ) ;
#459 = DIRECTION ( 'NONE',  ( -0.000000000000000000, -1.000000000000000000, -0.000000000000000000 ) ) ;
#460 = ORIENTED_EDGE ( 'NONE', *, *, #644, .T. ) ;
#461 = EDGE_CURVE ( 'NONE', #2611, #578, #2715, .T. ) ;
#462 = ADVANCED_FACE ( 'NONE', ( #912 ), #1587, .F. ) ;
#463 = DIRECTION ( 'NONE',  ( 0.000000000000000000, 0.000000000000000000, -1.000000000000000000 ) ) ;
#464 = DIRECTION ( 'NONE',  ( 0.000000000000000000, 1.000000000000000000, 0.000000000000000000 ) ) ;
#465 = CIRCLE ( 'NONE', #808, 4.999999999999997335 ) ;
#466 = AXIS2_PLACEMENT_3D ( 'NONE', #1067, #2143, #53 ) ;
#467 = CARTESIAN_POINT ( 'NONE',  ( -29.99999999999997513, 3.000000000000000000, -29.99999999999998579 ) ) ;
#468 = CARTESIAN_POINT ( 'NONE',  ( 48.60000000000002274, 0.000000000000000000, -18.34999999999998721 ) ) ;
#469 = ORIENTED_EDGE ( 'NONE', *, *, #2010, .T. ) ;
#470 = AXIS2_PLACEMENT_3D ( 'NONE', #953, #2641, #1373 ) ;
#471 = CIRCLE ( 'NONE', #2015, 1.549999999999995826 ) ;
#472 = ORIENTED_EDGE ( 'NONE', *, *, #1406, .T. ) ;
#473 = AXIS2_PLACEMENT_3D ( 'NONE', #2126, #1472, #666 ) ;
#474 = CARTESIAN_POINT ( 'NONE',  ( 24.99999999999997158, 0.000000000000000000, -54.99999999999987210 ) ) ;
#475 = CARTESIAN_POINT ( 'NONE',  ( -24.49999999999999645, 3.000000000000000000, -35.79999999999999716 ) ) ;
#476 = ORIENTED_EDGE ( 'NONE', *, *, #2522, .T. ) ;
#477 = ORIENTED_EDGE ( 'NONE', *, *, #2501, .T. ) ;
#478 = CARTESIAN_POINT ( 'NONE',  ( 44.99999999999997868, 3.000000000000000000, 30.00000000000038014 ) ) ;
#479 = DIRECTION ( 'NONE',  ( 0.000000000000000000, 0.000000000000000000, 1.000000000000000000 ) ) ;
#480 = LINE ( 'NONE', #1769, #914 ) ;
#481 = EDGE_CURVE ( 'NONE', #792, #2159, #105, .T. ) ;
#482 = DIRECTION ( 'NONE',  ( 0.000000000000000000, 1.000000000000000000, -0.000000000000000000 ) ) ;
#483 = VERTEX_POINT ( 'NONE', #276 ) ;
#484 = ORIENTED_EDGE ( 'NONE', *, *, #611, .T. ) ;
#485 = LOCAL_TIME ( 16, 3, 40.00000000000000000, #85 ) ;
#486 = APPLICATION_PROTOCOL_DEFINITION ( 'international standard', 'config_control_design', 1994, #441 ) ;
#487 = VECTOR ( 'NONE', #951, 1000.000000000000000 ) ;
#488 = CARTESIAN_POINT ( 'NONE',  ( -49.99999999999997158, 3.000000000000000000, 34.99999999999986500 ) ) ;
#489 = CARTESIAN_POINT ( 'NONE',  ( 11.89999999999963975, 0.000000000000000000, 18.34999999999962839 ) ) ;
#490 = ORIENTED_EDGE ( 'NONE', *, *, #1492, .T. ) ;
#491 = AXIS2_PLACEMENT_3D ( 'NONE', #1087, #1925, #1311 ) ;
#492 = ORIENTED_EDGE ( 'NONE', *, *, #1962, .F. ) ;
#493 = EDGE_CURVE ( 'NONE', #2610, #2572, #1779, .T. ) ;
#494 = FACE_BOUND ( 'NONE', #2332, .T. ) ;
#495 = CIRCLE ( 'NONE', #1102, 1.500000000000004885 ) ;
#496 = DIRECTION ( 'NONE',  ( 0.000000000000000000, 0.000000000000000000, -1.000000000000000000 ) ) ;
#497 = DIRECTION ( 'NONE',  ( 0.000000000000000000, 0.000000000000000000, 1.000000000000000000 ) ) ;
#498 = DIRECTION ( 'NONE',  ( -0.000000000000000000, -1.000000000000000000, -0.000000000000000000 ) ) ;
#499 = ORIENTED_EDGE ( 'NONE', *, *, #369, .F. ) ;
#500 = EDGE_CURVE ( 'NONE', #84, #2145, #1359, .T. ) ;
#501 = ADVANCED_FACE ( 'NONE', ( #64 ), #1998, .F. ) ;
#502 = ORIENTED_EDGE ( 'NONE', *, *, #2522, .F. ) ;
#503 = CARTESIAN_POINT ( 'NONE',  ( -48.59999999999998010, 3.000000000000000000, -19.89999999999998792 ) ) ;
#504 = CARTESIAN_POINT ( 'NONE',  ( -24.99999999999997158, 3.000000000000000000, 54.99999999999987210 ) ) ;
#505 = VERTEX_POINT ( 'NONE', #1574 ) ;
#506 = ORIENTED_EDGE ( 'NONE', *, *, #2474, .T. ) ;
#507 = CARTESIAN_POINT ( 'NONE',  ( -48.59999999999966747, 0.000000000000000000, 19.89999999999980673 ) ) ;
#508 = AXIS2_PLACEMENT_3D ( 'NONE', #1134, #1562, #1600 ) ;
#509 = CARTESIAN_POINT ( 'NONE',  ( -14.99999999999997868, 3.000000000000000000, 33.50000000000000000 ) ) ;
#510 = DIRECTION ( 'NONE',  ( 0.000000000000000000, 0.000000000000000000, 1.000000000000000000 ) ) ;
#511 = AXIS2_PLACEMENT_3D ( 'NONE', #2247, #734, #510 ) ;
#512 = PERSON ( 'UNSPECIFIED', 'UNSPECIFIED', 'UNSPECIFIED', ('UNSPECIFIED'), ('UNSPECIFIED'), ('UNSPECIFIED') ) ;
#513 = ORIENTED_EDGE ( 'NONE', *, *, #271, .F. ) ;
#514 = ADVANCED_FACE ( 'NONE', ( #937 ), #2194, .T. ) ;
#515 = AXIS2_PLACEMENT_3D ( 'NONE', #2153, #205, #1903 ) ;
#516 = ORIENTED_EDGE ( 'NONE', *, *, #2654, .F. ) ;
#517 = CIRCLE ( 'NONE', #1346, 4.999999999999997335 ) ;
#518 = CYLINDRICAL_SURFACE ( 'NONE', #817, 1.500000000000004885 ) ;
#519 = EDGE_CURVE ( 'NONE', #2240, #1675, #306, .T. ) ;
#520 = CARTESIAN_POINT ( 'NONE',  ( 15.00000000000002132, 3.000000000000000000, 48.00000000000000000 ) ) ;
#521 = ORIENTED_EDGE ( 'NONE', *, *, #1583, .F. ) ;
#522 = ORIENTED_EDGE ( 'NONE', *, *, #890, .T. ) ;
#523 = DIRECTION ( 'NONE',  ( 0.000000000000000000, 1.000000000000000000, 0.000000000000000000 ) ) ;
#524 = DIRECTION ( 'NONE',  ( -3.469446951953613400E-15, 0.000000000000000000, 1.000000000000000000 ) ) ;
#525 = FACE_OUTER_BOUND ( 'NONE', #2193, .T. ) ;
#526 = LINE ( 'NONE', #2226, #1344 ) ;
#527 = AXIS2_PLACEMENT_3D ( 'NONE', #2115, #1249, #1275 ) ;
#528 = ORIENTED_EDGE ( 'NONE', *, *, #1583, .T. ) ;
#529 = VERTEX_POINT ( 'NONE', #1790 ) ;
#530 = LINE ( 'NONE', #1787, #447 ) ;
#531 = EDGE_LOOP ( 'NONE', ( #944, #170, #335, #516 ) ) ;
#532 = AXIS2_PLACEMENT_3D ( 'NONE', #905, #1128, #1099 ) ;
#533 = ADVANCED_FACE ( 'NONE', ( #2629 ), #2605, .F. ) ;
#534 = EDGE_LOOP ( 'NONE', ( #823, #2747, #96, #1415 ) ) ;
#535 = FACE_OUTER_BOUND ( 'NONE', #284, .T. ) ;
#536 = CIRCLE ( 'NONE', #835, 1.550000000000002709 ) ;
#537 = CARTESIAN_POINT ( 'NONE',  ( -24.99999999999997158, 0.000000000000000000, 54.99999999999987210 ) ) ;
#538 = CIRCLE ( 'NONE', #2564, 1.500000000000001332 ) ;
#539 = DIRECTION ( 'NONE',  ( 0.000000000000000000, 0.000000000000000000, 1.000000000000000000 ) ) ;
#540 = ORIENTED_EDGE ( 'NONE', *, *, #1733, .F. ) ;
#541 = PERSON_AND_ORGANIZATION_ROLE ( 'creator' ) ;
#542 = CIRCLE ( 'NONE', #1243, 1.549999999999999378 ) ;
#543 = CIRCLE ( 'NONE', #2571, 1.500000000000001332 ) ;
#544 = EDGE_CURVE ( 'NONE', #1426, #2145, #102, .T. ) ;
#545 = CARTESIAN_POINT ( 'NONE',  ( 11.89999999999996305, 3.000000000000000000, -19.90000000000043556 ) ) ;
#546 = ORIENTED_EDGE ( 'NONE', *, *, #192, .T. ) ;
#547 = CARTESIAN_POINT ( 'NONE',  ( 55.00000000000002132, 0.000000000000000000, 55.00000000000000000 ) ) ;
#548 = VERTEX_POINT ( 'NONE', #2425 ) ;
#549 = ADVANCED_FACE ( 'NONE', ( #535 ), #745, .T. ) ;
#550 = DIRECTION ( 'NONE',  ( 0.000000000000000000, 1.000000000000000000, -0.000000000000000000 ) ) ;
#551 = DIRECTION ( 'NONE',  ( 0.000000000000000000, 0.000000000000000000, -1.000000000000000000 ) ) ;
#552 = CARTESIAN_POINT ( 'NONE',  ( -24.99999999999997158, 3.000000000000000000, -54.99999999999987210 ) ) ;
#553 = ORIENTED_EDGE ( 'NONE', *, *, #2591, .F. ) ;
#554 = AXIS2_PLACEMENT_3D ( 'NONE', #552, #2618, #2237 ) ;
#555 = DIRECTION ( 'NONE',  ( -0.000000000000000000, -1.000000000000000000, -0.000000000000000000 ) ) ;
#556 = ORIENTED_EDGE ( 'NONE', *, *, #1424, .T. ) ;
#557 = FACE_BOUND ( 'NONE', #1647, .T. ) ;
#558 = VERTEX_POINT ( 'NONE', #507 ) ;
#559 = VECTOR ( 'NONE', #999, 1000.000000000000000 ) ;
#560 = CARTESIAN_POINT ( 'NONE',  ( -24.99999999999997158, 0.000000000000000000, 54.99999999999987210 ) ) ;
#561 = CARTESIAN_POINT ( 'NONE',  ( -54.99999999999997868, 0.000000000000000000, 55.00000000000001421 ) ) ;
#562 = CARTESIAN_POINT ( 'NONE',  ( -29.99999999999997868, 0.000000000000000000, -54.99999999999998579 ) ) ;
#563 = EDGE_CURVE ( 'NONE', #2621, #2726, #761, .T. ) ;
#564 = CARTESIAN_POINT ( 'NONE',  ( 22.50000000000000355, 0.000000000000000000, -48.25000000000000000 ) ) ;
#565 = ORIENTED_EDGE ( 'NONE', *, *, #148, .T. ) ;
#566 = ORIENTED_EDGE ( 'NONE', *, *, #2741, .F. ) ;
#567 = DATE_AND_TIME ( #725, #120 ) ;
#568 = CARTESIAN_POINT ( 'NONE',  ( 30.00000000000008882, 3.000000000000000000, -29.99999999999987210 ) ) ;
#569 = ORIENTED_EDGE ( 'NONE', *, *, #1986, .T. ) ;
#570 = DIRECTION ( 'NONE',  ( 0.000000000000000000, 1.000000000000000000, 0.000000000000000000 ) ) ;
#571 = ORIENTED_EDGE ( 'NONE', *, *, #1932, .T. ) ;
#572 = CARTESIAN_POINT ( 'NONE',  ( -28.57071421427139413, 0.000000000000000000, 58.49999999999987921 ) ) ;
#573 = EDGE_CURVE ( 'NONE', #958, #425, #2054, .T. ) ;
#574 = LINE ( 'NONE', #393, #2151 ) ;
#575 = CARTESIAN_POINT ( 'NONE',  ( 55.00000000000009237, 0.000000000000000000, -29.99999999999978684 ) ) ;
#576 = VECTOR ( 'NONE', #1668, 1000.000000000000000 ) ;
#577 = DIRECTION ( 'NONE',  ( 0.000000000000000000, 1.000000000000000000, 0.000000000000000000 ) ) ;
#578 = VERTEX_POINT ( 'NONE', #488 ) ;
#579 = ORIENTED_EDGE ( 'NONE', *, *, #519, .T. ) ;
#580 = EDGE_CURVE ( 'NONE', #1004, #1277, #44, .T. ) ;
#581 = EDGE_CURVE ( 'NONE', #2104, #1580, #2391, .T. ) ;
#582 = DIRECTION ( 'NONE',  ( -1.000000000000000000, 0.000000000000000000, -0.000000000000000000 ) ) ;
#583 = ORIENTED_EDGE ( 'NONE', *, *, #757, .F. ) ;
#584 = FACE_BOUND ( 'NONE', #2739, .T. ) ;
#585 = ORIENTED_EDGE ( 'NONE', *, *, #644, .F. ) ;
#586 = CYLINDRICAL_SURFACE ( 'NONE', #1548, 4.999999999999997335 ) ;
#587 = CARTESIAN_POINT ( 'NONE',  ( 24.99999999999997158, 0.000000000000000000, 56.49999999999987921 ) ) ;
#588 = CARTESIAN_POINT ( 'NONE',  ( -24.99999999999997158, 0.000000000000000000, -53.49999999999987210 ) ) ;
#589 = DIRECTION ( 'NONE',  ( -0.000000000000000000, -1.000000000000000000, -0.000000000000000000 ) ) ;
#590 = EDGE_LOOP ( 'NONE', ( #1828, #2175, #2647, #140 ) ) ;
#591 = ORIENTED_EDGE ( 'NONE', *, *, #1792, .T. ) ;
#592 = CARTESIAN_POINT ( 'NONE',  ( -54.99999999999997868, 3.000000000000000000, 55.00000000000001421 ) ) ;
#593 = ORIENTED_EDGE ( 'NONE', *, *, #1966, .F. ) ;
#594 = CIRCLE ( 'NONE', #1071, 1.050000000000002265 ) ;
#595 = DIRECTION ( 'NONE',  ( 0.000000000000000000, 1.000000000000000000, 0.000000000000000000 ) ) ;
#596 = VECTOR ( 'NONE', #2469, 1000.000000000000000 ) ;
#597 = EDGE_CURVE ( 'NONE', #359, #2366, #674, .T. ) ;
#598 = CARTESIAN_POINT ( 'NONE',  ( -11.89999999999959890, 3.000000000000000000, 18.34999999999962839 ) ) ;
#599 = ORIENTED_EDGE ( 'NONE', *, *, #996, .F. ) ;
#600 = CIRCLE ( 'NONE', #1709, 1.050000000000002265 ) ;
#601 = FACE_OUTER_BOUND ( 'NONE', #782, .T. ) ;
#602 = LINE ( 'NONE', #2524, #810 ) ;
#603 = DIRECTION ( 'NONE',  ( -0.000000000000000000, -1.000000000000000000, -0.000000000000000000 ) ) ;
#604 = ORIENTED_EDGE ( 'NONE', *, *, #622, .F. ) ;
#605 = ORIENTED_EDGE ( 'NONE', *, *, #1026, .T. ) ;
#606 = CARTESIAN_POINT ( 'NONE',  ( 24.99999999999997158, 0.000000000000000000, 54.99999999999987210 ) ) ;
#607 = ORIENTED_EDGE ( 'NONE', *, *, #1281, .F. ) ;
#608 = FACE_OUTER_BOUND ( 'NONE', #391, .T. ) ;
#609 = DIRECTION ( 'NONE',  ( -0.000000000000000000, -1.000000000000000000, -0.000000000000000000 ) ) ;
#610 = ORIENTED_EDGE ( 'NONE', *, *, #1761, .F. ) ;
#611 = EDGE_CURVE ( 'NONE', #2726, #331, #688, .T. ) ;
#612 = DIRECTION ( 'NONE',  ( 0.000000000000000000, 0.000000000000000000, 1.000000000000000000 ) ) ;
#613 = FACE_BOUND ( 'NONE', #2227, .T. ) ;
#614 = AXIS2_PLACEMENT_3D ( 'NONE', #809, #1057, #1883 ) ;
#615 = CARTESIAN_POINT ( 'NONE',  ( -24.50000000000000000, 3.000000000000000000, -46.14999999999999858 ) ) ;
#616 = ORIENTED_EDGE ( 'NONE', *, *, #6, .T. ) ;
#617 = ORIENTED_EDGE ( 'NONE', *, *, #1766, .F. ) ;
#618 = LINE ( 'NONE', #592, #2171 ) ;
#619 = VECTOR ( 'NONE', #631, 1000.000000000000000 ) ;
#620 = ORIENTED_EDGE ( 'NONE', *, *, #611, .F. ) ;
#621 = CYLINDRICAL_SURFACE ( 'NONE', #1809, 1.550000000000002709 ) ;
#622 = EDGE_CURVE ( 'NONE', #1528, #292, #894, .T. ) ;
#623 = CARTESIAN_POINT ( 'NONE',  ( 49.99999999999997158, 0.000000000000000000, -28.49999999999986144 ) ) ;
#624 = ORIENTED_EDGE ( 'NONE', *, *, #36, .T. ) ;
#625 = EDGE_CURVE ( 'NONE', #2159, #1098, #647, .T. ) ;
#626 = CYLINDRICAL_SURFACE ( 'NONE', #473, 1.500000000000001332 ) ;
#627 = DIRECTION ( 'NONE',  ( 0.000000000000000000, 1.000000000000000000, 0.000000000000000000 ) ) ;
#628 = DIRECTION ( 'NONE',  ( -0.000000000000000000, -1.000000000000000000, -0.000000000000000000 ) ) ;
#629 = ORIENTED_EDGE ( 'NONE', *, *, #1097, .T. ) ;
#630 = ORIENTED_EDGE ( 'NONE', *, *, #1182, .F. ) ;
#631 = DIRECTION ( 'NONE',  ( -0.000000000000000000, -1.000000000000000000, -0.000000000000000000 ) ) ;
#632 = ORIENTED_EDGE ( 'NONE', *, *, #2164, .F. ) ;
#633 = CIRCLE ( 'NONE', #1613, 1.500000000000001332 ) ;
#634 = CARTESIAN_POINT ( 'NONE',  ( -11.89999999999992042, 3.000000000000000000, -19.90000000000043556 ) ) ;
#635 = ORIENTED_EDGE ( 'NONE', *, *, #2663, .F. ) ;
#636 = CIRCLE ( 'NONE', #2191, 1.500000000000004885 ) ;
#637 = CARTESIAN_POINT ( 'NONE',  ( 21.42928578572854903, -14.14213562373094923, 58.49999999999987921 ) ) ;
#638 = CARTESIAN_POINT ( 'NONE',  ( -49.99999999999997158, 3.000000000000000000, 28.49999999999986144 ) ) ;
#639 = VECTOR ( 'NONE', #2168, 1000.000000000000000 ) ;
#640 = AXIS2_PLACEMENT_3D ( 'NONE', #190, #1886, #450 ) ;
#641 = CYLINDRICAL_SURFACE ( 'NONE', #1089, 1.549999999999995826 ) ;
#642 = DIRECTION ( 'NONE',  ( -0.000000000000000000, -1.000000000000000000, 0.000000000000000000 ) ) ;
#643 = PLANE ( 'NONE',  #987 ) ;
#644 = EDGE_CURVE ( 'NONE', #684, #2257, #2160, .T. ) ;
#645 = VERTEX_POINT ( 'NONE', #1513 ) ;
#646 = CARTESIAN_POINT ( 'NONE',  ( -49.99999999999997158, 3.000000000000000000, 29.99999999999986855 ) ) ;
#647 = LINE ( 'NONE', #1058, #1477 ) ;
#648 = CARTESIAN_POINT ( 'NONE',  ( -24.99999999999997158, 3.000000000000000000, -53.49999999999987210 ) ) ;
#649 = ORIENTED_EDGE ( 'NONE', *, *, #2741, .T. ) ;
#650 = VECTOR ( 'NONE', #154, 1000.000000000000000 ) ;
#651 = DIRECTION ( 'NONE',  ( -0.000000000000000000, -1.000000000000000000, -0.000000000000000000 ) ) ;
#652 = LINE ( 'NONE', #1916, #282 ) ;
#653 = DIRECTION ( 'NONE',  ( 0.000000000000000000, 0.000000000000000000, 1.000000000000000000 ) ) ;
#654 = LINE ( 'NONE', #1505, #2541 ) ;
#655 = ORIENTED_EDGE ( 'NONE', *, *, #597, .T. ) ;
#656 =( GEOMETRIC_REPRESENTATION_CONTEXT ( 3 ) GLOBAL_UNCERTAINTY_ASSIGNED_CONTEXT ( ( #2692 ) ) GLOBAL_UNIT_ASSIGNED_CONTEXT ( ( #1568, #43, #863 ) ) REPRESENTATION_CONTEXT ( 'NONE', 'WORKASPACE' ) );
#657 = EDGE_CURVE ( 'NONE', #2527, #1001, #633, .T. ) ;
#658 = ADVANCED_FACE ( 'NONE', ( #14 ), #458, .F. ) ;
#659 = ORIENTED_EDGE ( 'NONE', *, *, #2532, .T. ) ;
#660 = CARTESIAN_POINT ( 'NONE',  ( 44.99999999999997868, 3.000000000000000000, -29.99999999999982236 ) ) ;
#661 = VECTOR ( 'NONE', #2697, 1000.000000000000000 ) ;
#662 = CARTESIAN_POINT ( 'NONE',  ( 11.89999999999963975, 3.000000000000000000, 16.79999999999962412 ) ) ;
#663 = VECTOR ( 'NONE', #2404, 1000.000000000000000 ) ;
#664 = DIRECTION ( 'NONE',  ( 0.000000000000000000, 1.000000000000000000, -0.000000000000000000 ) ) ;
#665 = ORIENTED_EDGE ( 'NONE', *, *, #61, .T. ) ;
#666 = DIRECTION ( 'NONE',  ( 0.000000000000000000, 0.000000000000000000, -1.000000000000000000 ) ) ;
#667 = CARTESIAN_POINT ( 'NONE',  ( -24.99999999999997158, 3.000000000000000000, -54.99999999999987210 ) ) ;
#668 = VECTOR ( 'NONE', #1320, 1000.000000000000000 ) ;
#669 = CARTESIAN_POINT ( 'NONE',  ( -21.42928578572854903, -14.14213562373094923, -58.49999999999987921 ) ) ;
#670 = DIRECTION ( 'NONE',  ( 1.000000000000000000, 0.000000000000000000, -1.261617073437677999E-16 ) ) ;
#671 = ORIENTED_EDGE ( 'NONE', *, *, #1475, .T. ) ;
#672 = VERTEX_POINT ( 'NONE', #1967 ) ;
#673 = CARTESIAN_POINT ( 'NONE',  ( 24.99999999999997158, 0.000000000000000000, -54.99999999999987210 ) ) ;
#674 = LINE ( 'NONE', #2600, #1118 ) ;
#675 = FACE_OUTER_BOUND ( 'NONE', #1611, .T. ) ;
#676 = ORIENTED_EDGE ( 'NONE', *, *, #2536, .F. ) ;
#677 = EDGE_CURVE ( 'NONE', #2190, #1351, #982, .T. ) ;
#678 = ORIENTED_EDGE ( 'NONE', *, *, #1695, .F. ) ;
#679 = CYLINDRICAL_SURFACE ( 'NONE', #2280, 1.500000000000004885 ) ;
#680 = DIRECTION ( 'NONE',  ( -0.000000000000000000, -1.000000000000000000, -0.000000000000000000 ) ) ;
#681 = AXIS2_PLACEMENT_3D ( 'NONE', #1177, #1795, #2398 ) ;
#682 = DIRECTION ( 'NONE',  ( 0.000000000000000000, 0.000000000000000000, -1.000000000000000000 ) ) ;
#683 = CARTESIAN_POINT ( 'NONE',  ( 22.50000000000000711, 3.000000000000000000, -34.75000000000000000 ) ) ;
#684 = VERTEX_POINT ( 'NONE', #2147 ) ;
#685 = VECTOR ( 'NONE', #1803, 1000.000000000000000 ) ;
#686 = ORIENTED_EDGE ( 'NONE', *, *, #1027, .T. ) ;
#687 = EDGE_CURVE ( 'NONE', #302, #1499, #2587, .T. ) ;
#688 = LINE ( 'NONE', #662, #2098 ) ;
#689 = CARTESIAN_POINT ( 'NONE',  ( -24.99999999999997158, -14.14213562373094923, 54.99999999999987210 ) ) ;
#690 = EDGE_LOOP ( 'NONE', ( #828, #1581 ) ) ;
#691 = VERTEX_POINT ( 'NONE', #1721 ) ;
#692 = ADVANCED_FACE ( 'NONE', ( #907 ), #1762, .T. ) ;
#693 = CARTESIAN_POINT ( 'NONE',  ( -29.99999999999912603, 0.000000000000000000, 54.99999999999999289 ) ) ;
#694 = CARTESIAN_POINT ( 'NONE',  ( -48.59999999999966747, 3.000000000000000000, 18.34999999999980957 ) ) ;
#695 = DIRECTION ( 'NONE',  ( 0.000000000000000000, 0.000000000000000000, 1.000000000000000000 ) ) ;
#696 = DIRECTION ( 'NONE',  ( 1.261617073437677999E-16, -0.000000000000000000, 1.000000000000000000 ) ) ;
#697 = CARTESIAN_POINT ( 'NONE',  ( 28.57071421427139413, -14.14213562373094923, -58.49999999999987921 ) ) ;
#698 = VECTOR ( 'NONE', #2672, 1000.000000000000000 ) ;
#699 = CARTESIAN_POINT ( 'NONE',  ( 22.50000000000000711, 0.000000000000000000, -36.85000000000000853 ) ) ;
#700 = VERTEX_POINT ( 'NONE', #1557 ) ;
#701 = VECTOR ( 'NONE', #2451, 1000.000000000000000 ) ;
#702 = DIRECTION ( 'NONE',  ( 0.000000000000000000, 1.000000000000000000, 0.000000000000000000 ) ) ;
#703 = FACE_OUTER_BOUND ( 'NONE', #2577, .T. ) ;
#704 = ORIENTED_EDGE ( 'NONE', *, *, #1932, .F. ) ;
#705 = VECTOR ( 'NONE', #2229, 1000.000000000000000 ) ;
#706 = EDGE_LOOP ( 'NONE', ( #2646, #1269, #2125, #620 ) ) ;
#707 = DIRECTION ( 'NONE',  ( -0.000000000000000000, 1.000000000000000000, -0.000000000000000000 ) ) ;
#708 = DIRECTION ( 'NONE',  ( 0.000000000000000000, 0.000000000000000000, -1.000000000000000000 ) ) ;
#709 = FACE_OUTER_BOUND ( 'NONE', #1242, .T. ) ;
#710 = EDGE_CURVE ( 'NONE', #2326, #135, #2123, .T. ) ;
#711 = EDGE_LOOP ( 'NONE', ( #1088, #730 ) ) ;
#712 = CARTESIAN_POINT ( 'NONE',  ( 24.99999999999997158, 0.000000000000000000, -54.99999999999987210 ) ) ;
#713 = DIRECTION ( 'NONE',  ( 0.000000000000000000, 0.000000000000000000, -1.000000000000000000 ) ) ;
#714 = FACE_OUTER_BOUND ( 'NONE', #590, .T. ) ;
#715 = EDGE_LOOP ( 'NONE', ( #1817, #2695 ) ) ;
#716 = ORIENTED_EDGE ( 'NONE', *, *, #2486, .T. ) ;
#717 = DIRECTION ( 'NONE',  ( 0.000000000000000000, 0.000000000000000000, -1.000000000000000000 ) ) ;
#718 = LINE ( 'NONE', #669, #1379 ) ;
#719 = FACE_OUTER_BOUND ( 'NONE', #2350, .T. ) ;
#720 = AXIS2_PLACEMENT_3D ( 'NONE', #2314, #1448, #1473 ) ;
#721 = VERTEX_POINT ( 'NONE', #877 ) ;
#722 = AXIS2_PLACEMENT_3D ( 'NONE', #667, #464, #479 ) ;
#723 = VERTEX_POINT ( 'NONE', #243 ) ;
#724 = ADVANCED_FACE ( 'NONE', ( #1911 ), #1497, .F. ) ;
#725 = CALENDAR_DATE ( 2026, 9, 3 ) ;
#726 = AXIS2_PLACEMENT_3D ( 'NONE', #1704, #642, #1782 ) ;
#727 = AXIS2_PLACEMENT_3D ( 'NONE', #1301, #1713, #1287 ) ;
#728 = CARTESIAN_POINT ( 'NONE',  ( -29.99999999999912603, 0.000000000000000000, 54.99999999999999289 ) ) ;
#729 = ORIENTED_EDGE ( 'NONE', *, *, #2251, .F. ) ;
#730 = ORIENTED_EDGE ( 'NONE', *, *, #2052, .F. ) ;
#731 = DIRECTION ( 'NONE',  ( 0.000000000000000000, 0.000000000000000000, 1.000000000000000000 ) ) ;
#732 = DIRECTION ( 'NONE',  ( 0.000000000000000000, 0.000000000000000000, 1.000000000000000000 ) ) ;
#733 = CARTESIAN_POINT ( 'NONE',  ( -21.42928578572854903, 0.000000000000000000, -58.49999999999987921 ) ) ;
#734 = DIRECTION ( 'NONE',  ( -1.000000000000000000, 0.000000000000000000, 0.000000000000000000 ) ) ;
#735 = CIRCLE ( 'NONE', #2025, 4.999999999999997335 ) ;
#736 = ADVANCED_FACE ( 'NONE', ( #1735 ), #2546, .F. ) ;
#737 = VERTEX_POINT ( 'NONE', #2135 ) ;
#738 = ORIENTED_EDGE ( 'NONE', *, *, #1200, .T. ) ;
#739 = EDGE_CURVE ( 'NONE', #419, #1499, #1261, .T. ) ;
#740 = CYLINDRICAL_SURFACE ( 'NONE', #2518, 1.549999999999999378 ) ;
#741 = VERTEX_POINT ( 'NONE', #802 ) ;
#742 = FACE_BOUND ( 'NONE', #711, .T. ) ;
#743 = AXIS2_PLACEMENT_3D ( 'NONE', #247, #2113, #422 ) ;
#744 = EDGE_LOOP ( 'NONE', ( #345, #2730, #893, #155 ) ) ;
#745 = CYLINDRICAL_SURFACE ( 'NONE', #508, 4.999999999999997335 ) ;
#746 = CIRCLE ( 'NONE', #1556, 1.500000000000001332 ) ;
#747 = CARTESIAN_POINT ( 'NONE',  ( -24.99999999999997158, 0.000000000000000000, 54.99999999999987210 ) ) ;
#748 = CIRCLE ( 'NONE', #1237, 1.549999999999995826 ) ;
#749 = CARTESIAN_POINT ( 'NONE',  ( 15.00000000000002132, 3.000000000000000000, 48.00000000000000000 ) ) ;
#750 = ORIENTED_EDGE ( 'NONE', *, *, #1443, .F. ) ;
#751 = PERSON_AND_ORGANIZATION ( #512, #2514 ) ;
#752 = AXIS2_PLACEMENT_3D ( 'NONE', #2354, #1093, #1781 ) ;
#753 = CARTESIAN_POINT ( 'NONE',  ( 48.59999999999970299, 0.000000000000000000, 18.34999999999980957 ) ) ;
#754 = ORIENTED_EDGE ( 'NONE', *, *, #461, .T. ) ;
#755 = LINE ( 'NONE', #1398, #1458 ) ;
#756 = ORIENTED_EDGE ( 'NONE', *, *, #1726, .T. ) ;
#757 = EDGE_CURVE ( 'NONE', #2217, #777, #2703, .T. ) ;
#758 = DIRECTION ( 'NONE',  ( 0.000000000000000000, 1.000000000000000000, -0.000000000000000000 ) ) ;
#759 = LINE ( 'NONE', #1859, #381 ) ;
#760 = DIRECTION ( 'NONE',  ( 1.000000000000000000, 0.000000000000000000, 0.000000000000000000 ) ) ;
#761 = CIRCLE ( 'NONE', #1827, 1.550000000000002709 ) ;
#762 = CARTESIAN_POINT ( 'NONE',  ( -48.59999999999966747, 3.000000000000000000, 16.79999999999981597 ) ) ;
#763 = ORIENTED_EDGE ( 'NONE', *, *, #1703, .T. ) ;
#764 = DATE_AND_TIME ( #2048, #1680 ) ;
#765 = CARTESIAN_POINT ( 'NONE',  ( -11.89999999999959890, 0.000000000000000000, 19.89999999999962910 ) ) ;
#766 = EDGE_LOOP ( 'NONE', ( #2722, #2286, #1144, #1197 ) ) ;
#767 = CIRCLE ( 'NONE', #1576, 4.999999999999997335 ) ;
#768 = DIRECTION ( 'NONE',  ( 0.000000000000000000, 1.000000000000000000, -0.000000000000000000 ) ) ;
#769 = VECTOR ( 'NONE', #2553, 1000.000000000000000 ) ;
#770 = ORIENTED_EDGE ( 'NONE', *, *, #420, .F. ) ;
#771 = EDGE_CURVE ( 'NONE', #2732, #1864, #2483, .T. ) ;
#772 = LINE ( 'NONE', #967, #2570 ) ;
#773 = EDGE_CURVE ( 'NONE', #1559, #2667, #2248, .T. ) ;
#774 = DIRECTION ( 'NONE',  ( -0.000000000000000000, -1.000000000000000000, 0.000000000000000000 ) ) ;
#775 = DIRECTION ( 'NONE',  ( -0.000000000000000000, 1.000000000000000000, -0.000000000000000000 ) ) ;
#776 = CARTESIAN_POINT ( 'NONE',  ( -49.99999999999997158, 0.000000000000000000, -29.99999999999986855 ) ) ;
#777 = VERTEX_POINT ( 'NONE', #1569 ) ;
#778 = ORIENTED_EDGE ( 'NONE', *, *, #432, .T. ) ;
#779 = DIRECTION ( 'NONE',  ( -0.000000000000000000, -1.000000000000000000, 0.000000000000000000 ) ) ;
#780 = VERTEX_POINT ( 'NONE', #1775 ) ;
#781 = LINE ( 'NONE', #693, #395 ) ;
#782 = EDGE_LOOP ( 'NONE', ( #1885, #1592, #918, #1591 ) ) ;
#783 = CIRCLE ( 'NONE', #2426, 1.500000000000001332 ) ;
#784 = CARTESIAN_POINT ( 'NONE',  ( -24.99999999999997158, 0.000000000000000000, 53.49999999999987210 ) ) ;
#785 = LINE ( 'NONE', #997, #2544 ) ;
#786 = FACE_BOUND ( 'NONE', #343, .T. ) ;
#787 = CC_DESIGN_PERSON_AND_ORGANIZATION_ASSIGNMENT ( #1922, #13, ( #1184 ) ) ;
#788 = ADVANCED_FACE ( 'NONE', ( #2402 ), #1620, .F. ) ;
#789 = AXIS2_PLACEMENT_3D ( 'NONE', #202, #217, #187 ) ;
#790 = DIRECTION ( 'NONE',  ( 0.000000000000000000, 0.000000000000000000, 1.000000000000000000 ) ) ;
#791 = ORIENTED_EDGE ( 'NONE', *, *, #1695, .T. ) ;
#792 = VERTEX_POINT ( 'NONE', #1820 ) ;
#793 = ADVANCED_FACE ( 'NONE', ( #2659 ), #518, .F. ) ;
#794 = LINE ( 'NONE', #172, #265 ) ;
#795 = ORIENTED_EDGE ( 'NONE', *, *, #2205, .T. ) ;
#796 = AXIS2_PLACEMENT_3D ( 'NONE', #252, #1563, #497 ) ;
#797 = CARTESIAN_POINT ( 'NONE',  ( 54.99999999999997158, 0.000000000000000000, 30.00000000000038014 ) ) ;
#798 = ORIENTED_EDGE ( 'NONE', *, *, #597, .F. ) ;
#799 = DIRECTION ( 'NONE',  ( -0.000000000000000000, -1.000000000000000000, -0.000000000000000000 ) ) ;
#800 = DIRECTION ( 'NONE',  ( -0.000000000000000000, 1.000000000000000000, -0.000000000000000000 ) ) ;
#801 = EDGE_CURVE ( 'NONE', #1675, #2732, #2201, .T. ) ;
#802 = CARTESIAN_POINT ( 'NONE',  ( -54.99999999999997158, 3.000000000000000000, -29.99999999999998579 ) ) ;
#803 = ORIENTED_EDGE ( 'NONE', *, *, #1718, .F. ) ;
#804 = ORIENTED_EDGE ( 'NONE', *, *, #2266, .F. ) ;
#805 = ADVANCED_FACE ( 'NONE', ( #969 ), #1835, .T. ) ;
#806 = DIRECTION ( 'NONE',  ( -1.387778780781445676E-16, -0.000000000000000000, -1.000000000000000000 ) ) ;
#807 = VERTEX_POINT ( 'NONE', #564 ) ;
#808 = AXIS2_PLACEMENT_3D ( 'NONE', #2260, #758, #164 ) ;
#809 = CARTESIAN_POINT ( 'NONE',  ( 48.59999999999970299, 3.000000000000000000, 18.34999999999980957 ) ) ;
#810 = VECTOR ( 'NONE', #800, 1000.000000000000000 ) ;
#811 = DIRECTION ( 'NONE',  ( -1.387778780781445182E-16, 0.000000000000000000, -1.000000000000000000 ) ) ;
#812 = EDGE_LOOP ( 'NONE', ( #2203, #1554 ) ) ;
#813 = AXIS2_PLACEMENT_3D ( 'NONE', #1107, #423, #2369 ) ;
#814 = CIRCLE ( 'NONE', #2321, 1.549999999999999378 ) ;
#815 = DIRECTION ( 'NONE',  ( -0.000000000000000000, -1.000000000000000000, -0.000000000000000000 ) ) ;
#816 = CARTESIAN_POINT ( 'NONE',  ( -11.89999999999959890, 3.000000000000000000, 19.89999999999962910 ) ) ;
#817 = AXIS2_PLACEMENT_3D ( 'NONE', #776, #1354, #1657 ) ;
#818 = CARTESIAN_POINT ( 'NONE',  ( -29.99999999999997513, 3.000012000000000345, 58.49999999999987921 ) ) ;
#819 = ORIENTED_EDGE ( 'NONE', *, *, #2583, .T. ) ;
#820 = ORIENTED_EDGE ( 'NONE', *, *, #2238, .T. ) ;
#821 = ADVANCED_FACE ( 'NONE', ( #1407 ), #1432, .F. ) ;
#822 = DIRECTION ( 'NONE',  ( -0.000000000000000000, -1.000000000000000000, -0.000000000000000000 ) ) ;
#823 = ORIENTED_EDGE ( 'NONE', *, *, #500, .F. ) ;
#824 = FACE_OUTER_BOUND ( 'NONE', #1874, .T. ) ;
#825 = AXIS2_PLACEMENT_3D ( 'NONE', #818, #2744, #1023 ) ;
#826 = ADVANCED_FACE ( 'NONE', ( #1646 ), #1129, .F. ) ;
#827 = DIRECTION ( 'NONE',  ( 0.000000000000000000, 0.000000000000000000, -1.000000000000000000 ) ) ;
#828 = ORIENTED_EDGE ( 'NONE', *, *, #2105, .T. ) ;
#829 = DIRECTION ( 'NONE',  ( 0.000000000000000000, 1.000000000000000000, 0.000000000000000000 ) ) ;
#830 = CARTESIAN_POINT ( 'NONE',  ( -28.57071421427139413, 3.000000000000000000, 58.49999999999987921 ) ) ;
#831 = VECTOR ( 'NONE', #2545, 1000.000000000000000 ) ;
#832 = CYLINDRICAL_SURFACE ( 'NONE', #160, 4.999999999999997335 ) ;
#833 = EDGE_LOOP ( 'NONE', ( #2719, #1850 ) ) ;
#834 = ORIENTED_EDGE ( 'NONE', *, *, #1797, .F. ) ;
#835 = AXIS2_PLACEMENT_3D ( 'NONE', #489, #448, #74 ) ;
#836 = DIRECTION ( 'NONE',  ( -5.551115123125785858E-15, 0.000000000000000000, -1.000000000000000000 ) ) ;
#837 = ORIENTED_EDGE ( 'NONE', *, *, #323, .T. ) ;
#838 = CARTESIAN_POINT ( 'NONE',  ( -14.99999999999997868, 3.000000000000000000, 32.00000000000000000 ) ) ;
#839 = ORIENTED_EDGE ( 'NONE', *, *, #1807, .T. ) ;
#840 = EDGE_CURVE ( 'NONE', #737, #1001, #2030, .T. ) ;
#841 = CARTESIAN_POINT ( 'NONE',  ( 48.59999999999970299, 0.000000000000000000, 16.79999999999981597 ) ) ;
#842 = CARTESIAN_POINT ( 'NONE',  ( -21.42928578572854903, -14.14213562373094923, 58.49999999999987921 ) ) ;
#843 = CARTESIAN_POINT ( 'NONE',  ( -11.89999999999992042, 3.000000000000000000, -19.90000000000043556 ) ) ;
#844 = CARTESIAN_POINT ( 'NONE',  ( 19.99999999999996803, 3.000000000000000000, -54.99999999999999289 ) ) ;
#845 = ORIENTED_EDGE ( 'NONE', *, *, #1286, .F. ) ;
#846 = ORIENTED_EDGE ( 'NONE', *, *, #994, .F. ) ;
#847 = CARTESIAN_POINT ( 'NONE',  ( 11.89999999999963975, 3.000000000000000000, 18.34999999999962839 ) ) ;
#848 = VECTOR ( 'NONE', #29, 1000.000000000000000 ) ;
#849 = CARTESIAN_POINT ( 'NONE',  ( -49.99999999999997158, -14.14213562373094923, -29.99999999999986855 ) ) ;
#850 = CYLINDRICAL_SURFACE ( 'NONE', #1774, 4.999999999999997335 ) ;
#851 = ORIENTED_EDGE ( 'NONE', *, *, #2122, .F. ) ;
#852 = VECTOR ( 'NONE', #1331, 1000.000000000000000 ) ;
#853 = CARTESIAN_POINT ( 'NONE',  ( -49.99999999999997158, 3.000000000000000000, 29.99999999999986855 ) ) ;
#854 = DIRECTION ( 'NONE',  ( 0.000000000000000000, 0.000000000000000000, 1.000000000000000000 ) ) ;
#855 = VECTOR ( 'NONE', #2317, 1000.000000000000000 ) ;
#856 = EDGE_CURVE ( 'NONE', #1435, #505, #2592, .T. ) ;
#857 = AXIS2_PLACEMENT_3D ( 'NONE', #853, #436, #220 ) ;
#858 = DIRECTION ( 'NONE',  ( 0.000000000000000000, 0.000000000000000000, -1.000000000000000000 ) ) ;
#859 = DIRECTION ( 'NONE',  ( -0.000000000000000000, -1.000000000000000000, -0.000000000000000000 ) ) ;
#860 = CARTESIAN_POINT ( 'NONE',  ( 49.99999999999997158, 0.000000000000000000, 29.99999999999986855 ) ) ;
#861 = DIRECTION ( 'NONE',  ( -0.000000000000000000, -1.000000000000000000, -0.000000000000000000 ) ) ;
#862 = EDGE_LOOP ( 'NONE', ( #1111, #104, #1428, #624 ) ) ;
#863 =( NAMED_UNIT ( * ) SI_UNIT ( $, .STERADIAN. ) SOLID_ANGLE_UNIT ( ) );
#864 = DIRECTION ( 'NONE',  ( 0.000000000000000000, 1.000000000000000000, -0.000000000000000000 ) ) ;
#865 = DIRECTION ( 'NONE',  ( 0.000000000000000000, 0.000000000000000000, -1.000000000000000000 ) ) ;
#866 = ORIENTED_EDGE ( 'NONE', *, *, #250, .T. ) ;
#867 = CIRCLE ( 'NONE', #2684, 4.999999999999997335 ) ;
#868 = CARTESIAN_POINT ( 'NONE',  ( -28.57071421427139413, -14.14213562373094923, -58.49999999999987921 ) ) ;
#869 = DIRECTION ( 'NONE',  ( 0.000000000000000000, 0.000000000000000000, -1.000000000000000000 ) ) ;
#870 = CARTESIAN_POINT ( 'NONE',  ( 55.00000000000009237, 0.000000000000000000, -29.99999999999978684 ) ) ;
#871 = CARTESIAN_POINT ( 'NONE',  ( 24.99999999999997158, 0.000000000000000000, 56.49999999999987921 ) ) ;
#872 = ORIENTED_EDGE ( 'NONE', *, *, #1041, .F. ) ;
#873 = CIRCLE ( 'NONE', #614, 1.549999999999995826 ) ;
#874 = ORIENTED_EDGE ( 'NONE', *, *, #6, .F. ) ;
#875 = EDGE_CURVE ( 'NONE', #529, #2602, #2498, .T. ) ;
#876 = CIRCLE ( 'NONE', #2298, 1.500000000000001332 ) ;
#877 = CARTESIAN_POINT ( 'NONE',  ( 48.60000000000002274, 0.000000000000000000, -19.89999999999998792 ) ) ;
#878 = AXIS2_PLACEMENT_3D ( 'NONE', #2421, #132, #301 ) ;
#879 = DIRECTION ( 'NONE',  ( -1.000000000000000000, 0.000000000000000000, 1.387778780781445182E-16 ) ) ;
#880 = ORIENTED_EDGE ( 'NONE', *, *, #1522, .F. ) ;
#881 = ORIENTED_EDGE ( 'NONE', *, *, #1842, .F. ) ;
#882 = CARTESIAN_POINT ( 'NONE',  ( 11.89999999999996305, 0.000000000000000000, -16.80000000000043769 ) ) ;
#883 = CYLINDRICAL_SURFACE ( 'NONE', #378, 1.549999999999995826 ) ;
#884 = AXIS2_PLACEMENT_3D ( 'NONE', #537, #954, #2069 ) ;
#885 = CARTESIAN_POINT ( 'NONE',  ( -29.99999999999997513, 0.000000000000000000, -58.49999999999987921 ) ) ;
#886 = DIRECTION ( 'NONE',  ( 0.000000000000000000, 1.000000000000000000, 0.000000000000000000 ) ) ;
#887 = CARTESIAN_POINT ( 'NONE',  ( 22.50000000000000711, 3.000000000000000000, -36.85000000000000853 ) ) ;
#888 = VERTEX_POINT ( 'NONE', #1337 ) ;
#889 = EDGE_CURVE ( 'NONE', #2602, #2311, #735, .T. ) ;
#890 = EDGE_CURVE ( 'NONE', #645, #578, #2263, .T. ) ;
#891 = CARTESIAN_POINT ( 'NONE',  ( 19.99999999999996803, -14.14213562373094923, -54.99999999999999289 ) ) ;
#892 = DIRECTION ( 'NONE',  ( -0.000000000000000000, -1.000000000000000000, -0.000000000000000000 ) ) ;
#893 = ORIENTED_EDGE ( 'NONE', *, *, #1761, .T. ) ;
#894 = CIRCLE ( 'NONE', #2662, 1.500000000000001332 ) ;
#895 = ORIENTED_EDGE ( 'NONE', *, *, #1281, .T. ) ;
#896 = FACE_BOUND ( 'NONE', #2023, .T. ) ;
#897 = FACE_BOUND ( 'NONE', #1936, .T. ) ;
#898 = AXIS2_PLACEMENT_3D ( 'NONE', #237, #440, #1961 ) ;
#899 = DIRECTION ( 'NONE',  ( 0.000000000000000000, 0.000000000000000000, 1.000000000000000000 ) ) ;
#900 = CARTESIAN_POINT ( 'NONE',  ( -24.99999999999997158, 3.000000000000000000, 54.99999999999987210 ) ) ;
#901 = LINE ( 'NONE', #1322, #2319 ) ;
#902 = AXIS2_PLACEMENT_3D ( 'NONE', #1247, #774, #2100 ) ;
#903 = EDGE_CURVE ( 'NONE', #1341, #911, #1849, .T. ) ;
#904 = ORIENTED_EDGE ( 'NONE', *, *, #1966, .T. ) ;
#905 = CARTESIAN_POINT ( 'NONE',  ( 11.89999999999963975, 3.000000000000000000, 18.34999999999962839 ) ) ;
#906 = VECTOR ( 'NONE', #1195, 1000.000000000000000 ) ;
#907 = FACE_OUTER_BOUND ( 'NONE', #2046, .T. ) ;
#908 = CYLINDRICAL_SURFACE ( 'NONE', #2645, 1.050000000000002265 ) ;
#909 = EDGE_LOOP ( 'NONE', ( #583, #1654, #605, #1272 ) ) ;
#910 = EDGE_CURVE ( 'NONE', #950, #1127, #2157, .T. ) ;
#911 = VERTEX_POINT ( 'NONE', #2315 ) ;
#912 = FACE_OUTER_BOUND ( 'NONE', #230, .T. ) ;
#913 = ADVANCED_FACE ( 'NONE', ( #2343 ), #641, .F. ) ;
#914 = VECTOR ( 'NONE', #1332, 1000.000000000000000 ) ;
#915 = DIRECTION ( 'NONE',  ( -1.000000000000000000, 0.000000000000000000, 1.387778780781445182E-16 ) ) ;
#916 = CARTESIAN_POINT ( 'NONE',  ( 24.99999999999997158, 3.000000000000000000, 54.99999999999987210 ) ) ;
#917 = DIRECTION ( 'NONE',  ( -0.000000000000000000, -1.000000000000000000, -0.000000000000000000 ) ) ;
#918 = ORIENTED_EDGE ( 'NONE', *, *, #2178, .F. ) ;
#919 = VERTEX_POINT ( 'NONE', #2537 ) ;
#920 = DIRECTION ( 'NONE',  ( -1.000000000000000000, 0.000000000000000000, -3.469446951953613400E-15 ) ) ;
#921 = DIRECTION ( 'NONE',  ( 0.000000000000000000, 0.000000000000000000, -1.000000000000000000 ) ) ;
#922 = CARTESIAN_POINT ( 'NONE',  ( -49.99999999999997158, -14.14213562373094923, 29.99999999999986855 ) ) ;
#923 = ORIENTED_EDGE ( 'NONE', *, *, #2000, .T. ) ;
#924 = CIRCLE ( 'NONE', #1368, 1.500000000000001332 ) ;
#925 = EDGE_LOOP ( 'NONE', ( #1510, #46, #756, #1180 ) ) ;
#926 = DIRECTION ( 'NONE',  ( -0.000000000000000000, -1.000000000000000000, -0.000000000000000000 ) ) ;
#927 = CARTESIAN_POINT ( 'NONE',  ( 49.99999999999997158, 3.000000000000000000, 34.99999999999986500 ) ) ;
#928 = ADVANCED_FACE ( 'NONE', ( #1672 ), #832, .T. ) ;
#929 = LINE ( 'NONE', #325, #1833 ) ;
#930 = ORIENTED_EDGE ( 'NONE', *, *, #1374, .F. ) ;
#931 = EDGE_LOOP ( 'NONE', ( #299, #388, #2465, #671 ) ) ;
#932 = SHAPE_DEFINITION_REPRESENTATION ( #1141, #1364 ) ;
#933 = DIRECTION ( 'NONE',  ( 0.000000000000000000, 0.000000000000000000, -1.000000000000000000 ) ) ;
#934 = ORIENTED_EDGE ( 'NONE', *, *, #1726, .F. ) ;
#935 = VERTEX_POINT ( 'NONE', #1888 ) ;
#936 = ADVANCED_FACE ( 'NONE', ( #2089 ), #1476, .F. ) ;
#937 = FACE_OUTER_BOUND ( 'NONE', #989, .T. ) ;
#938 = DIRECTION ( 'NONE',  ( -0.000000000000000000, -1.000000000000000000, -0.000000000000000000 ) ) ;
#939 = CIRCLE ( 'NONE', #1526, 1.500000000000001332 ) ;
#940 = CARTESIAN_POINT ( 'NONE',  ( 49.99999999999997158, 3.000000000000000000, 28.49999999999986144 ) ) ;
#941 = CARTESIAN_POINT ( 'NONE',  ( 49.99999999999997158, 0.000000000000000000, -29.99999999999986855 ) ) ;
#942 = ADVANCED_FACE ( 'NONE', ( #2525 ), #452, .F. ) ;
#943 = AXIS2_PLACEMENT_3D ( 'NONE', #1872, #2087, #1860 ) ;
#944 = ORIENTED_EDGE ( 'NONE', *, *, #17, .F. ) ;
#945 = VECTOR ( 'NONE', #1148, 1000.000000000000000 ) ;
#946 = ORIENTED_EDGE ( 'NONE', *, *, #2170, .F. ) ;
#947 = APPROVAL_STATUS ( 'not_yet_approved' ) ;
#948 = AXIS2_PLACEMENT_3D ( 'NONE', #2632, #955, #311 ) ;
#949 = DIRECTION ( 'NONE',  ( 0.000000000000000000, 0.000000000000000000, 1.000000000000000000 ) ) ;
#950 = VERTEX_POINT ( 'NONE', #615 ) ;
#951 = DIRECTION ( 'NONE',  ( -0.000000000000000000, -1.000000000000000000, -0.000000000000000000 ) ) ;
#952 = ORIENTED_EDGE ( 'NONE', *, *, #432, .F. ) ;
#953 = CARTESIAN_POINT ( 'NONE',  ( 49.99999999999997158, 3.000000000000000000, 29.99999999999986855 ) ) ;
#954 = DIRECTION ( 'NONE',  ( -0.000000000000000000, 1.000000000000000000, -0.000000000000000000 ) ) ;
#955 = DIRECTION ( 'NONE',  ( 0.000000000000000000, 1.000000000000000000, 0.000000000000000000 ) ) ;
#956 = DIRECTION ( 'NONE',  ( -0.000000000000000000, 1.000000000000000000, -0.000000000000000000 ) ) ;
#957 = ORIENTED_EDGE ( 'NONE', *, *, #94, .T. ) ;
#958 = VERTEX_POINT ( 'NONE', #843 ) ;
#959 = PERSON_AND_ORGANIZATION ( #512, #2514 ) ;
#960 = EDGE_CURVE ( 'NONE', #792, #397, #1719, .T. ) ;
#961 = CARTESIAN_POINT ( 'NONE',  ( 49.99999999999997158, 3.000000000000000000, 29.99999999999986855 ) ) ;
#962 = ORIENTED_EDGE ( 'NONE', *, *, #281, .F. ) ;
#963 = CARTESIAN_POINT ( 'NONE',  ( 24.99999999999997158, 3.000000000000000000, -53.49999999999987210 ) ) ;
#964 = CIRCLE ( 'NONE', #2642, 1.500000000000004885 ) ;
#965 = ORIENTED_EDGE ( 'NONE', *, *, #2401, .T. ) ;
#966 = VECTOR ( 'NONE', #1218, 1000.000000000000000 ) ;
#967 = CARTESIAN_POINT ( 'NONE',  ( -54.99999999999912603, 0.000000000000000000, 29.99999999999999645 ) ) ;
#968 = DIRECTION ( 'NONE',  ( 1.000000000000000000, 0.000000000000000000, -1.387778780781445429E-16 ) ) ;
#969 = FACE_OUTER_BOUND ( 'NONE', #862, .T. ) ;
#970 = ORIENTED_EDGE ( 'NONE', *, *, #960, .T. ) ;
#971 = EDGE_LOOP ( 'NONE', ( #923, #2133 ) ) ;
#972 = EDGE_CURVE ( 'NONE', #1913, #2461, #389, .T. ) ;
#973 = PLANE ( 'NONE',  #2521 ) ;
#974 = ORIENTED_EDGE ( 'NONE', *, *, #1318, .T. ) ;
#975 = DIRECTION ( 'NONE',  ( 0.000000000000000000, 0.000000000000000000, 1.000000000000000000 ) ) ;
#976 = EDGE_CURVE ( 'NONE', #2683, #2112, #1450, .T. ) ;
#977 = ADVANCED_FACE ( 'NONE', ( #21 ), #1080, .F. ) ;
#978 = ORIENTED_EDGE ( 'NONE', *, *, #2505, .T. ) ;
#979 = CARTESIAN_POINT ( 'NONE',  ( 29.99999999999997158, 0.000000000000000000, 55.00000000000038369 ) ) ;
#980 = LINE ( 'NONE', #382, #1258 ) ;
#981 = FACE_BOUND ( 'NONE', #2108, .T. ) ;
#982 = CIRCLE ( 'NONE', #1340, 1.050000000000002265 ) ;
#983 = DIRECTION ( 'NONE',  ( -0.000000000000000000, -1.000000000000000000, 0.000000000000000000 ) ) ;
#984 = ORIENTED_EDGE ( 'NONE', *, *, #1530, .F. ) ;
#985 = VERTEX_POINT ( 'NONE', #1933 ) ;
#986 = CALENDAR_DATE ( 2026, 9, 3 ) ;
#987 = AXIS2_PLACEMENT_3D ( 'NONE', #1783, #123, #760 ) ;
#988 = CARTESIAN_POINT ( 'NONE',  ( 49.99999999999997158, 0.000000000000000000, 34.99999999999986500 ) ) ;
#989 = EDGE_LOOP ( 'NONE', ( #2554, #1266, #2264, #2711 ) ) ;
#990 = AXIS2_PLACEMENT_3D ( 'NONE', #2388, #2184, #456 ) ;
#991 = DIRECTION ( 'NONE',  ( 0.000000000000000000, 1.000000000000000000, 0.000000000000000000 ) ) ;
#992 = AXIS2_PLACEMENT_3D ( 'NONE', #1501, #1943, #463 ) ;
#993 = VERTEX_POINT ( 'NONE', #1503 ) ;
#994 = EDGE_CURVE ( 'NONE', #1152, #2217, #867, .T. ) ;
#995 = DIRECTION ( 'NONE',  ( -0.000000000000000000, 1.000000000000000000, -0.000000000000000000 ) ) ;
#996 = EDGE_CURVE ( 'NONE', #780, #331, #2423, .T. ) ;
#997 = CARTESIAN_POINT ( 'NONE',  ( -11.89999999999959890, 3.000000000000000000, 19.89999999999962910 ) ) ;
#998 = LINE ( 'NONE', #2482, #1163 ) ;
#999 = DIRECTION ( 'NONE',  ( -0.000000000000000000, -1.000000000000000000, -0.000000000000000000 ) ) ;
#1000 = ORIENTED_EDGE ( 'NONE', *, *, #2569, .T. ) ;
#1001 = VERTEX_POINT ( 'NONE', #2305 ) ;
#1002 = AXIS2_PLACEMENT_3D ( 'NONE', #235, #194, #222 ) ;
#1003 = LINE ( 'NONE', #1852, #173 ) ;
#1004 = VERTEX_POINT ( 'NONE', #5 ) ;
#1005 = CYLINDRICAL_SURFACE ( 'NONE', #789, 1.500000000000001332 ) ;
#1006 = ORIENTED_EDGE ( 'NONE', *, *, #41, .F. ) ;
#1007 = ADVANCED_FACE ( 'NONE', ( #412 ), #2102, .F. ) ;
#1008 = CARTESIAN_POINT ( 'NONE',  ( -49.99999999999997158, 0.000000000000000000, -31.49999999999986855 ) ) ;
#1009 = FACE_BOUND ( 'NONE', #971, .T. ) ;
#1010 = EDGE_CURVE ( 'NONE', #505, #1435, #1496, .T. ) ;
#1011 = AXIS2_PLACEMENT_3D ( 'NONE', #370, #779, #2708 ) ;
#1012 = DIRECTION ( 'NONE',  ( -0.000000000000000000, -1.000000000000000000, -0.000000000000000000 ) ) ;
#1013 = VERTEX_POINT ( 'NONE', #1449 ) ;
#1014 = ORIENTED_EDGE ( 'NONE', *, *, #687, .T. ) ;
#1015 = DIRECTION ( 'NONE',  ( 0.000000000000000000, 0.000000000000000000, -1.000000000000000000 ) ) ;
#1016 = ORIENTED_EDGE ( 'NONE', *, *, #307, .F. ) ;
#1017 = VECTOR ( 'NONE', #80, 1000.000000000000000 ) ;
#1018 = DIRECTION ( 'NONE',  ( 0.000000000000000000, 1.000000000000000000, 0.000000000000000000 ) ) ;
#1019 = ORIENTED_EDGE ( 'NONE', *, *, #1220, .T. ) ;
#1020 = ADVANCED_FACE ( 'NONE', ( #1715 ), #1065, .F. ) ;
#1021 = CARTESIAN_POINT ( 'NONE',  ( -14.99999999999997868, 0.000000000000000000, 33.50000000000000000 ) ) ;
#1022 = CARTESIAN_POINT ( 'NONE',  ( 15.00000000000002132, 3.000000000000000000, 51.00000000000000711 ) ) ;
#1023 = DIRECTION ( 'NONE',  ( -1.000000000000000000, 0.000000000000000000, -0.000000000000000000 ) ) ;
#1024 = ORIENTED_EDGE ( 'NONE', *, *, #1262, .T. ) ;
#1025 = ORIENTED_EDGE ( 'NONE', *, *, #2555, .T. ) ;
#1026 = EDGE_CURVE ( 'NONE', #1440, #2009, #480, .T. ) ;
#1027 = EDGE_CURVE ( 'NONE', #1013, #2257, #2466, .T. ) ;
#1028 = CARTESIAN_POINT ( 'NONE',  ( 11.89999999999996305, 3.000000000000000000, -18.35000000000043485 ) ) ;
#1029 = EDGE_LOOP ( 'NONE', ( #1837, #2709 ) ) ;
#1030 = DIRECTION ( 'NONE',  ( -0.000000000000000000, -1.000000000000000000, -0.000000000000000000 ) ) ;
#1031 = ORIENTED_EDGE ( 'NONE', *, *, #2573, .T. ) ;
#1032 = CIRCLE ( 'NONE', #238, 1.050000000000002265 ) ;
#1033 = CIRCLE ( 'NONE', #2588, 4.999999999999997335 ) ;
#1034 = DIRECTION ( 'NONE',  ( -0.000000000000000000, -1.000000000000000000, -0.000000000000000000 ) ) ;
#1035 = LINE ( 'NONE', #1887, #2357 ) ;
#1036 = CARTESIAN_POINT ( 'NONE',  ( 22.50000000000000711, 3.000000000000000000, -35.80000000000000426 ) ) ;
#1037 = ORIENTED_EDGE ( 'NONE', *, *, #1054, .F. ) ;
#1038 = ORIENTED_EDGE ( 'NONE', *, *, #1667, .T. ) ;
#1039 = CARTESIAN_POINT ( 'NONE',  ( -30.00000000000030198, 0.000000000000000000, 29.99999999999965539 ) ) ;
#1040 = ORIENTED_EDGE ( 'NONE', *, *, #1879, .T. ) ;
#1041 = EDGE_CURVE ( 'NONE', #359, #2531, #37, .T. ) ;
#1042 = DIRECTION ( 'NONE',  ( 0.000000000000000000, 1.000000000000000000, 0.000000000000000000 ) ) ;
#1043 = ORIENTED_EDGE ( 'NONE', *, *, #2188, .F. ) ;
#1044 = AXIS2_PLACEMENT_3D ( 'NONE', #2507, #609, #1856 ) ;
#1045 = LOCAL_TIME ( 16, 3, 40.00000000000000000, #2447 ) ;
#1046 = DIRECTION ( 'NONE',  ( -0.000000000000000000, -1.000000000000000000, -0.000000000000000000 ) ) ;
#1047 = DIRECTION ( 'NONE',  ( 0.000000000000000000, 0.000000000000000000, 1.000000000000000000 ) ) ;
#1048 = VECTOR ( 'NONE', #2121, 1000.000000000000000 ) ;
#1049 = DIRECTION ( 'NONE',  ( -0.000000000000000000, -1.000000000000000000, -0.000000000000000000 ) ) ;
#1050 = ORIENTED_EDGE ( 'NONE', *, *, #2099, .T. ) ;
#1051 = DIRECTION ( 'NONE',  ( -0.000000000000000000, -1.000000000000000000, -0.000000000000000000 ) ) ;
#1052 = ORIENTED_EDGE ( 'NONE', *, *, #1027, .F. ) ;
#1053 = CIRCLE ( 'NONE', #2693, 1.500000000000001332 ) ;
#1054 = EDGE_CURVE ( 'NONE', #1499, #419, #2204, .T. ) ;
#1055 = DIRECTION ( 'NONE',  ( 0.000000000000000000, 1.000000000000000000, 0.000000000000000000 ) ) ;
#1056 = ORIENTED_EDGE ( 'NONE', *, *, #1950, .F. ) ;
#1057 = DIRECTION ( 'NONE',  ( -0.000000000000000000, -1.000000000000000000, 0.000000000000000000 ) ) ;
#1058 = CARTESIAN_POINT ( 'NONE',  ( -29.99999999999997513, 0.000000000000000000, -29.99999999999998579 ) ) ;
#1059 = CARTESIAN_POINT ( 'NONE',  ( 48.59999999999970299, 3.000000000000000000, 18.34999999999980957 ) ) ;
#1060 = ORIENTED_EDGE ( 'NONE', *, *, #2253, .T. ) ;
#1061 = EDGE_CURVE ( 'NONE', #76, #2162, #2154, .T. ) ;
#1062 = EDGE_CURVE ( 'NONE', #1211, #2311, #278, .T. ) ;
#1063 = CARTESIAN_POINT ( 'NONE',  ( 22.50000000000000355, 3.000000000000000000, -46.14999999999999858 ) ) ;
#1064 = FACE_BOUND ( 'NONE', #1365, .T. ) ;
#1065 = PLANE ( 'NONE',  #298 ) ;
#1066 = DIRECTION ( 'NONE',  ( 0.000000000000000000, 0.000000000000000000, -1.000000000000000000 ) ) ;
#1067 = CARTESIAN_POINT ( 'NONE',  ( -49.99999999999997158, 0.000000000000000000, 29.99999999999986855 ) ) ;
#1068 = ORIENTED_EDGE ( 'NONE', *, *, #392, .F. ) ;
#1069 = MANIFOLD_SOLID_BREP ( 'Cut-Extrude6', #1300 ) ;
#1070 = DIRECTION ( 'NONE',  ( 0.000000000000000000, 1.000000000000000000, 0.000000000000000000 ) ) ;
#1071 = AXIS2_PLACEMENT_3D ( 'NONE', #1305, #380, #2467 ) ;
#1072 = DIRECTION ( 'NONE',  ( -0.000000000000000000, 1.000000000000000000, -0.000000000000000000 ) ) ;
#1073 = ORIENTED_EDGE ( 'NONE', *, *, #2648, .T. ) ;
#1074 = AXIS2_PLACEMENT_3D ( 'NONE', #941, #2198, #1378 ) ;
#1075 = AXIS2_PLACEMENT_3D ( 'NONE', #1985, #926, #1120 ) ;
#1076 = DIRECTION ( 'NONE',  ( -4.163336342344339393E-15, 0.000000000000000000, -1.000000000000000000 ) ) ;
#1077 = FACE_BOUND ( 'NONE', #1693, .T. ) ;
#1078 = AXIS2_PLACEMENT_3D ( 'NONE', #916, #2412, #92 ) ;
#1079 = CIRCLE ( 'NONE', #310, 1.050000000000002265 ) ;
#1080 = CYLINDRICAL_SURFACE ( 'NONE', #1983, 1.500000000000004885 ) ;
#1081 = EDGE_CURVE ( 'NONE', #2366, #1152, #2699, .T. ) ;
#1082 = LINE ( 'NONE', #253, #2192 ) ;
#1083 = DIRECTION ( 'NONE',  ( 0.000000000000000000, 1.000000000000000000, 0.000000000000000000 ) ) ;
#1084 = EDGE_LOOP ( 'NONE', ( #127, #791, #1025, #2118 ) ) ;
#1085 = DIRECTION ( 'NONE',  ( 0.000000000000000000, 1.000000000000000000, 0.000000000000000000 ) ) ;
#1086 = DIRECTION ( 'NONE',  ( -0.000000000000000000, 1.000000000000000000, -0.000000000000000000 ) ) ;
#1087 = CARTESIAN_POINT ( 'NONE',  ( 49.99999999999997158, 0.000000000000000000, -29.99999999999986855 ) ) ;
#1088 = ORIENTED_EDGE ( 'NONE', *, *, #1475, .F. ) ;
#1089 = AXIS2_PLACEMENT_3D ( 'NONE', #1263, #1049, #1689 ) ;
#1090 = ADVANCED_FACE ( 'NONE', ( #1755 ), #1741, .F. ) ;
#1091 = CARTESIAN_POINT ( 'NONE',  ( 49.99999999999997158, 3.000000000000000000, -29.99999999999986855 ) ) ;
#1092 = PLANE ( 'NONE',  #2712 ) ;
#1093 = DIRECTION ( 'NONE',  ( 0.000000000000000000, 1.000000000000000000, 0.000000000000000000 ) ) ;
#1094 = CARTESIAN_POINT ( 'NONE',  ( 49.99999999999997158, 0.000000000000000000, 29.99999999999986855 ) ) ;
#1095 = VERTEX_POINT ( 'NONE', #2580 ) ;
#1096 = VECTOR ( 'NONE', #2038, 1000.000000000000000 ) ;
#1097 = EDGE_CURVE ( 'NONE', #23, #2295, #1605, .T. ) ;
#1098 = VERTEX_POINT ( 'NONE', #467 ) ;
#1099 = DIRECTION ( 'NONE',  ( 0.000000000000000000, 0.000000000000000000, -1.000000000000000000 ) ) ;
#1100 = VECTOR ( 'NONE', #879, 1000.000000000000000 ) ;
#1101 = DIRECTION ( 'NONE',  ( -0.000000000000000000, 1.000000000000000000, -0.000000000000000000 ) ) ;
#1102 = AXIS2_PLACEMENT_3D ( 'NONE', #961, #1812, #933 ) ;
#1103 = FACE_OUTER_BOUND ( 'NONE', #2003, .T. ) ;
#1104 = VERTEX_POINT ( 'NONE', #1988 ) ;
#1105 = EDGE_LOOP ( 'NONE', ( #128, #1870, #1634, #1991 ) ) ;
#1106 = FACE_OUTER_BOUND ( 'NONE', #1541, .T. ) ;
#1107 = CARTESIAN_POINT ( 'NONE',  ( -48.59999999999966747, 0.000000000000000000, 18.34999999999980957 ) ) ;
#1108 = EDGE_CURVE ( 'NONE', #1926, #483, #1955, .T. ) ;
#1109 = LINE ( 'NONE', #2370, #668 ) ;
#1110 = CYLINDRICAL_SURFACE ( 'NONE', #1882, 4.999999999999997335 ) ;
#1111 = ORIENTED_EDGE ( 'NONE', *, *, #2470, .F. ) ;
#1112 = EDGE_CURVE ( 'NONE', #1264, #1452, #543, .T. ) ;
#1113 = EDGE_LOOP ( 'NONE', ( #2092, #1006, #2045, #89 ) ) ;
#1114 = DIRECTION ( 'NONE',  ( 0.000000000000000000, 0.000000000000000000, 1.000000000000000000 ) ) ;
#1115 = DIRECTION ( 'NONE',  ( -0.000000000000000000, 1.000000000000000000, -0.000000000000000000 ) ) ;
#1116 = DIRECTION ( 'NONE',  ( 0.000000000000000000, 1.000000000000000000, 0.000000000000000000 ) ) ;
#1117 = VERTEX_POINT ( 'NONE', #1537 ) ;
#1118 = VECTOR ( 'NONE', #272, 1000.000000000000000 ) ;
#1119 = ORIENTED_EDGE ( 'NONE', *, *, #1, .T. ) ;
#1120 = DIRECTION ( 'NONE',  ( 0.000000000000000000, 0.000000000000000000, -1.000000000000000000 ) ) ;
#1121 = AXIS2_PLACEMENT_3D ( 'NONE', #2029, #1363, #2458 ) ;
#1122 = DIRECTION ( 'NONE',  ( 0.000000000000000000, 0.000000000000000000, 1.000000000000000000 ) ) ;
#1123 = VECTOR ( 'NONE', #1051, 1000.000000000000000 ) ;
#1124 = ORIENTED_EDGE ( 'NONE', *, *, #773, .F. ) ;
#1125 = AXIS2_PLACEMENT_3D ( 'NONE', #232, #1534, #2368 ) ;
#1126 = ORIENTED_EDGE ( 'NONE', *, *, #1200, .F. ) ;
#1127 = VERTEX_POINT ( 'NONE', #2196 ) ;
#1128 = DIRECTION ( 'NONE',  ( -0.000000000000000000, -1.000000000000000000, 0.000000000000000000 ) ) ;
#1129 = PLANE ( 'NONE',  #337 ) ;
#1130 = DIRECTION ( 'NONE',  ( 0.000000000000000000, 0.000000000000000000, -1.000000000000000000 ) ) ;
#1131 = ORIENTED_EDGE ( 'NONE', *, *, #1865, .F. ) ;
#1132 = EDGE_CURVE ( 'NONE', #2531, #1211, #1109, .T. ) ;
#1133 = ORIENTED_EDGE ( 'NONE', *, *, #2569, .F. ) ;
#1134 = CARTESIAN_POINT ( 'NONE',  ( 49.99999999999997158, -14.14213562373094923, -29.99999999999986855 ) ) ;
#1135 = CARTESIAN_POINT ( 'NONE',  ( 15.00000000000002132, 0.000000000000000000, 49.50000000000000000 ) ) ;
#1136 = DIRECTION ( 'NONE',  ( 0.000000000000000000, 0.000000000000000000, 1.000000000000000000 ) ) ;
#1137 = DIRECTION ( 'NONE',  ( 1.387778780781446464E-15, 0.000000000000000000, -1.000000000000000000 ) ) ;
#1138 = ORIENTED_EDGE ( 'NONE', *, *, #1061, .T. ) ;
#1139 = APPROVAL_PERSON_ORGANIZATION ( #959, #227, #2635 ) ;
#1140 = EDGE_CURVE ( 'NONE', #1117, #1675, #295, .T. ) ;
#1141 = PRODUCT_DEFINITION_SHAPE ( 'NONE', 'NONE',  #2668 ) ;
#1142 = CARTESIAN_POINT ( 'NONE',  ( -24.50000000000000000, 0.000000000000000000, -48.25000000000000000 ) ) ;
#1143 = AXIS2_PLACEMENT_3D ( 'NONE', #2560, #459, #15 ) ;
#1144 = ORIENTED_EDGE ( 'NONE', *, *, #2663, .T. ) ;
#1145 = AXIS2_PLACEMENT_3D ( 'NONE', #2107, #1055, #1453 ) ;
#1146 = EDGE_LOOP ( 'NONE', ( #1019, #377 ) ) ;
#1147 = EDGE_CURVE ( 'NONE', #261, #2150, #1999, .T. ) ;
#1148 = DIRECTION ( 'NONE',  ( -0.000000000000000000, 1.000000000000000000, -0.000000000000000000 ) ) ;
#1149 = CARTESIAN_POINT ( 'NONE',  ( 30.00000000000017408, 3.000000000000000000, -54.99999999999987210 ) ) ;
#1150 = CARTESIAN_POINT ( 'NONE',  ( 49.99999999999997158, 0.000000000000000000, 28.49999999999986144 ) ) ;
#1151 = AXIS2_PLACEMENT_3D ( 'NONE', #2396, #1959, #682 ) ;
#1152 = VERTEX_POINT ( 'NONE', #927 ) ;
#1153 = PERSON_AND_ORGANIZATION ( #512, #2514 ) ;
#1154 = DIRECTION ( 'NONE',  ( 0.000000000000000000, 0.000000000000000000, -1.000000000000000000 ) ) ;
#1155 = ORIENTED_EDGE ( 'NONE', *, *, #1140, .F. ) ;
#1156 = LINE ( 'NONE', #1171, #701 ) ;
#1157 = ORIENTED_EDGE ( 'NONE', *, *, #771, .T. ) ;
#1158 = DIRECTION ( 'NONE',  ( 0.000000000000000000, 0.000000000000000000, -1.000000000000000000 ) ) ;
#1159 = DIRECTION ( 'NONE',  ( 0.000000000000000000, 1.000000000000000000, 0.000000000000000000 ) ) ;
#1160 = CIRCLE ( 'NONE', #1658, 1.500000000000001332 ) ;
#1161 = CARTESIAN_POINT ( 'NONE',  ( 48.59999999999970299, 0.000000000000000000, 18.34999999999980957 ) ) ;
#1162 = DIRECTION ( 'NONE',  ( 0.000000000000000000, 1.000000000000000000, 0.000000000000000000 ) ) ;
#1163 = VECTOR ( 'NONE', #1236, 1000.000000000000000 ) ;
#1164 = EDGE_CURVE ( 'NONE', #2162, #2358, #718, .T. ) ;
#1165 = ORIENTED_EDGE ( 'NONE', *, *, #2253, .F. ) ;
#1166 = VECTOR ( 'NONE', #2565, 1000.000000000000000 ) ;
#1167 = ORIENTED_EDGE ( 'NONE', *, *, #580, .F. ) ;
#1168 = AXIS2_PLACEMENT_3D ( 'NONE', #2236, #109, #1176 ) ;
#1169 = LINE ( 'NONE', #1383, #705 ) ;
#1170 = EDGE_LOOP ( 'NONE', ( #1682, #1479 ) ) ;
#1171 = CARTESIAN_POINT ( 'NONE',  ( -54.99999999999997868, 3.000000000000000000, -29.99999999999998579 ) ) ;
#1172 = AXIS2_PLACEMENT_3D ( 'NONE', #2574, #1070, #790 ) ;
#1173 = ORIENTED_EDGE ( 'NONE', *, *, #1512, .F. ) ;
#1174 = DIRECTION ( 'NONE',  ( 0.000000000000000000, 0.000000000000000000, 1.000000000000000000 ) ) ;
#1175 = ADVANCED_FACE ( 'NONE', ( #2167 ), #51, .F. ) ;
#1176 = DIRECTION ( 'NONE',  ( 0.000000000000000000, 0.000000000000000000, 1.000000000000000000 ) ) ;
#1177 = CARTESIAN_POINT ( 'NONE',  ( -48.59999999999966747, 0.000000000000000000, 18.34999999999980957 ) ) ;
#1178 = CARTESIAN_POINT ( 'NONE',  ( 55.00000000000002132, 3.000000000000000000, -55.00000000000000000 ) ) ;
#1179 = VERTEX_POINT ( 'NONE', #2596 ) ;
#1180 = ORIENTED_EDGE ( 'NONE', *, *, #1295, .F. ) ;
#1181 = EDGE_CURVE ( 'NONE', #1921, #1720, #1516, .T. ) ;
#1182 = EDGE_CURVE ( 'NONE', #1521, #1690, #594, .T. ) ;
#1183 = PERSON_AND_ORGANIZATION ( #512, #2514 ) ;
#1184 = PRODUCT ( 'Electronics Base', 'Electronics Base', '', ( #444 ) ) ;
#1185 = CC_DESIGN_APPROVAL ( #303, ( #2668 ) ) ;
#1186 = CARTESIAN_POINT ( 'NONE',  ( 11.89999999999996305, 0.000000000000000000, -18.35000000000043485 ) ) ;
#1187 = ORIENTED_EDGE ( 'NONE', *, *, #124, .F. ) ;
#1188 = CARTESIAN_POINT ( 'NONE',  ( 0.000000000000000000, 3.000000000000000000, 0.000000000000000000 ) ) ;
#1189 = CIRCLE ( 'NONE', #2293, 4.999999999999997335 ) ;
#1190 = ORIENTED_EDGE ( 'NONE', *, *, #2266, .T. ) ;
#1191 = CIRCLE ( 'NONE', #491, 4.999999999999997335 ) ;
#1192 = DIRECTION ( 'NONE',  ( 0.000000000000000000, 1.000000000000000000, 0.000000000000000000 ) ) ;
#1193 = DIRECTION ( 'NONE',  ( 0.000000000000000000, 1.000000000000000000, 0.000000000000000000 ) ) ;
#1194 = CARTESIAN_POINT ( 'NONE',  ( -48.59999999999998010, 3.000000000000000000, -16.79999999999999005 ) ) ;
#1195 = DIRECTION ( 'NONE',  ( -0.000000000000000000, 1.000000000000000000, -0.000000000000000000 ) ) ;
#1196 = ORIENTED_EDGE ( 'NONE', *, *, #1931, .F. ) ;
#1197 = ORIENTED_EDGE ( 'NONE', *, *, #319, .F. ) ;
#1198 = PERSON_AND_ORGANIZATION_ROLE ( 'creator' ) ;
#1199 = CC_DESIGN_PERSON_AND_ORGANIZATION_ASSIGNMENT ( #97, #541, ( #1987 ) ) ;
#1200 = EDGE_CURVE ( 'NONE', #1867, #691, #1830, .T. ) ;
#1201 = LINE ( 'NONE', #2006, #1278 ) ;
#1202 = ORIENTED_EDGE ( 'NONE', *, *, #288, .F. ) ;
#1203 = CARTESIAN_POINT ( 'NONE',  ( 48.60000000000002274, 0.000000000000000000, -16.79999999999999005 ) ) ;
#1204 = ADVANCED_FACE ( 'NONE', ( #107 ), #2027, .F. ) ;
#1205 = EDGE_LOOP ( 'NONE', ( #47, #174 ) ) ;
#1206 = DIRECTION ( 'NONE',  ( 0.000000000000000000, 0.000000000000000000, 1.000000000000000000 ) ) ;
#1207 = CARTESIAN_POINT ( 'NONE',  ( 11.89999999999996305, 3.000000000000000000, -16.80000000000043769 ) ) ;
#1208 = DIRECTION ( 'NONE',  ( 1.000000000000000000, -0.000000000000000000, 3.330669073875469621E-15 ) ) ;
#1209 = DIRECTION ( 'NONE',  ( 0.000000000000000000, 0.000000000000000000, -1.000000000000000000 ) ) ;
#1210 = EDGE_LOOP ( 'NONE', ( #2660, #2063 ) ) ;
#1211 = VERTEX_POINT ( 'NONE', #136 ) ;
#1212 = VECTOR ( 'NONE', #1935, 1000.000000000000000 ) ;
#1213 = AXIS2_PLACEMENT_3D ( 'NONE', #90, #1158, #1768 ) ;
#1214 = DIRECTION ( 'NONE',  ( 0.000000000000000000, 0.000000000000000000, 1.000000000000000000 ) ) ;
#1215 = ORIENTED_EDGE ( 'NONE', *, *, #856, .T. ) ;
#1216 = AXIS2_PLACEMENT_3D ( 'NONE', #1564, #1603, #66 ) ;
#1217 = AXIS2_PLACEMENT_3D ( 'NONE', #2549, #2523, #1739 ) ;
#1218 = DIRECTION ( 'NONE',  ( -1.000000000000000000, -0.000000000000000000, 1.360023205165880818E-14 ) ) ;
#1219 = EDGE_LOOP ( 'NONE', ( #2020, #2473 ) ) ;
#1220 = EDGE_CURVE ( 'NONE', #935, #737, #939, .T. ) ;
#1221 = DIRECTION ( 'NONE',  ( 0.000000000000000000, 1.000000000000000000, 0.000000000000000000 ) ) ;
#1222 = FACE_OUTER_BOUND ( 'NONE', #2055, .T. ) ;
#1223 = PLANE ( 'NONE',  #943 ) ;
#1224 = DIRECTION ( 'NONE',  ( 0.000000000000000000, 1.000000000000000000, 0.000000000000000000 ) ) ;
#1225 = ORIENTED_EDGE ( 'NONE', *, *, #1443, .T. ) ;
#1226 = EDGE_LOOP ( 'NONE', ( #2445, #1802, #820, #2718 ) ) ;
#1227 = DIRECTION ( 'NONE',  ( 0.000000000000000000, 1.000000000000000000, 0.000000000000000000 ) ) ;
#1228 = EDGE_LOOP ( 'NONE', ( #591, #522, #1862, #2389 ) ) ;
#1229 = EDGE_CURVE ( 'NONE', #2079, #1559, #328, .T. ) ;
#1230 = CIRCLE ( 'NONE', #1549, 1.050000000000002265 ) ;
#1231 = LINE ( 'NONE', #623, #576 ) ;
#1232 = ORIENTED_EDGE ( 'NONE', *, *, #1750, .F. ) ;
#1233 = EDGE_CURVE ( 'NONE', #1251, #2610, #1160, .T. ) ;
#1234 = DIRECTION ( 'NONE',  ( 1.000000000000000000, 0.000000000000000000, 0.000000000000000000 ) ) ;
#1235 = AXIS2_PLACEMENT_3D ( 'NONE', #2338, #1116, #1747 ) ;
#1236 = DIRECTION ( 'NONE',  ( -0.000000000000000000, 1.000000000000000000, -0.000000000000000000 ) ) ;
#1237 = AXIS2_PLACEMENT_3D ( 'NONE', #753, #1584, #1355 ) ;
#1238 = DIRECTION ( 'NONE',  ( 0.000000000000000000, 0.000000000000000000, 1.000000000000000000 ) ) ;
#1239 = EDGE_LOOP ( 'NONE', ( #1853, #1777 ) ) ;
#1240 = EDGE_LOOP ( 'NONE', ( #314, #1674, #1285, #472 ) ) ;
#1241 = CYLINDRICAL_SURFACE ( 'NONE', #2671, 1.549999999999999378 ) ;
#1242 = EDGE_LOOP ( 'NONE', ( #839, #2309, #1515, #1126 ) ) ;
#1243 = AXIS2_PLACEMENT_3D ( 'NONE', #2272, #1818, #1206 ) ;
#1244 = CARTESIAN_POINT ( 'NONE',  ( -19.99999999999996803, 0.000000000000000000, 55.00000000000000711 ) ) ;
#1245 = CYLINDRICAL_SURFACE ( 'NONE', #2127, 1.550000000000002709 ) ;
#1246 = VERTEX_POINT ( 'NONE', #349 ) ;
#1247 = CARTESIAN_POINT ( 'NONE',  ( 11.89999999999996305, 3.000000000000000000, -18.35000000000043485 ) ) ;
#1248 = FACE_BOUND ( 'NONE', #2485, .T. ) ;
#1249 = DIRECTION ( 'NONE',  ( 0.000000000000000000, 1.000000000000000000, 0.000000000000000000 ) ) ;
#1250 = ORIENTED_EDGE ( 'NONE', *, *, #840, .T. ) ;
#1251 = VERTEX_POINT ( 'NONE', #784 ) ;
#1252 = CARTESIAN_POINT ( 'NONE',  ( -30.00000000000030198, 3.000000000000000000, 29.99999999999965539 ) ) ;
#1253 = ORIENTED_EDGE ( 'NONE', *, *, #1494, .F. ) ;
#1254 = CARTESIAN_POINT ( 'NONE',  ( 29.99999999999997158, 0.000000000000000000, 55.00000000000038369 ) ) ;
#1255 = AXIS2_PLACEMENT_3D ( 'NONE', #1347, #2444, #539 ) ;
#1256 = DIRECTION ( 'NONE',  ( 0.000000000000000000, 0.000000000000000000, 1.000000000000000000 ) ) ;
#1257 = VERTEX_POINT ( 'NONE', #1642 ) ;
#1258 = VECTOR ( 'NONE', #1871, 1000.000000000000000 ) ;
#1259 = CARTESIAN_POINT ( 'NONE',  ( -49.99999999999997158, 0.000000000000000000, -29.99999999999986855 ) ) ;
#1260 = LINE ( 'NONE', #2114, #2586 ) ;
#1261 = CIRCLE ( 'NONE', #1172, 1.500000000000001332 ) ;
#1262 = EDGE_CURVE ( 'NONE', #1117, #42, #465, .T. ) ;
#1263 = CARTESIAN_POINT ( 'NONE',  ( 48.59999999999970299, 3.000000000000000000, 18.34999999999980957 ) ) ;
#1264 = VERTEX_POINT ( 'NONE', #362 ) ;
#1265 = CARTESIAN_POINT ( 'NONE',  ( -48.59999999999966747, 3.000000000000000000, 19.89999999999980673 ) ) ;
#1266 = ORIENTED_EDGE ( 'NONE', *, *, #1164, .F. ) ;
#1267 = ADVANCED_FACE ( 'NONE', ( #122 ), #2224, .T. ) ;
#1268 = DIRECTION ( 'NONE',  ( -0.000000000000000000, 1.000000000000000000, -0.000000000000000000 ) ) ;
#1269 = ORIENTED_EDGE ( 'NONE', *, *, #2034, .T. ) ;
#1270 = AXIS2_PLACEMENT_3D ( 'NONE', #309, #65, #1361 ) ;
#1271 = CARTESIAN_POINT ( 'NONE',  ( 49.99999999999997158, 0.000000000000000000, -28.49999999999986144 ) ) ;
#1272 = ORIENTED_EDGE ( 'NONE', *, *, #288, .T. ) ;
#1273 = DIRECTION ( 'NONE',  ( 0.000000000000000000, 1.000000000000000000, 0.000000000000000000 ) ) ;
#1274 = DIRECTION ( 'NONE',  ( 0.000000000000000000, 0.000000000000000000, -1.000000000000000000 ) ) ;
#1275 = DIRECTION ( 'NONE',  ( 0.000000000000000000, 0.000000000000000000, 1.000000000000000000 ) ) ;
#1276 = FACE_OUTER_BOUND ( 'NONE', #1105, .T. ) ;
#1277 = VERTEX_POINT ( 'NONE', #2685 ) ;
#1278 = VECTOR ( 'NONE', #2049, 1000.000000000000000 ) ;
#1279 = ORIENTED_EDGE ( 'NONE', *, *, #710, .F. ) ;
#1280 = DIRECTION ( 'NONE',  ( 0.000000000000000000, 0.000000000000000000, -1.000000000000000000 ) ) ;
#1281 = EDGE_CURVE ( 'NONE', #1095, #1454, #772, .T. ) ;
#1282 = EDGE_CURVE ( 'NONE', #911, #2661, #1602, .T. ) ;
#1283 = DIRECTION ( 'NONE',  ( 0.000000000000000000, 0.000000000000000000, 1.000000000000000000 ) ) ;
#1284 = CARTESIAN_POINT ( 'NONE',  ( 15.00000000000002132, 0.000000000000000000, 51.00000000000000711 ) ) ;
#1285 = ORIENTED_EDGE ( 'NONE', *, *, #1471, .T. ) ;
#1286 = EDGE_CURVE ( 'NONE', #2257, #1013, #542, .T. ) ;
#1287 = DIRECTION ( 'NONE',  ( 0.000000000000000000, 0.000000000000000000, 1.000000000000000000 ) ) ;
#1288 = DIRECTION ( 'NONE',  ( 0.000000000000000000, 1.000000000000000000, 0.000000000000000000 ) ) ;
#1289 = CARTESIAN_POINT ( 'NONE',  ( -48.59999999999998010, 3.000000000000000000, -18.34999999999998721 ) ) ;
#1290 = CARTESIAN_POINT ( 'NONE',  ( 24.99999999999997158, 3.000000000000000000, 56.49999999999987921 ) ) ;
#1291 = VERTEX_POINT ( 'NONE', #1402 ) ;
#1292 = CARTESIAN_POINT ( 'NONE',  ( 24.99999999999997158, 0.000000000000000000, 54.99999999999987210 ) ) ;
#1293 = ORIENTED_EDGE ( 'NONE', *, *, #2648, .F. ) ;
#1294 = LINE ( 'NONE', #71, #1899 ) ;
#1295 = EDGE_CURVE ( 'NONE', #1622, #1179, #407, .T. ) ;
#1296 = DIRECTION ( 'NONE',  ( 0.000000000000000000, 0.000000000000000000, 1.000000000000000000 ) ) ;
#1297 = AXIS2_PLACEMENT_3D ( 'NONE', #1804, #1845, #1417 ) ;
#1298 = DIRECTION ( 'NONE',  ( -0.000000000000000000, 1.000000000000000000, -0.000000000000000000 ) ) ;
#1299 = EDGE_LOOP ( 'NONE', ( #499, #1421, #837, #2446 ) ) ;
#1300 = CLOSED_SHELL ( 'NONE', ( #1459, #251, #793, #736, #2221, #246, #1314, #131, #2700, #1685, #2281, #2387, #1914, #942, #1401, #2669, #1007, #411, #2333, #501, #1352, #341, #1900, #788, #2506, #357, #1267, #198, #928, #805, #304, #1410, #826, #287, #2070, #108, #913, #821, #1927, #462, #2018, #1529, #373, #1561, #1643, #1175, #2636, #2367, #1386, #2383, #1020, #2724, #2620, #1390, #183, #1767, #114, #78, #692, #1566, #1609, #1348, #1982, #549, #977, #2377, #1204, #658, #533, #2420, #724, #1090, #1844, #2138, #936, #514 ) ) ;
#1301 = CARTESIAN_POINT ( 'NONE',  ( -24.99999999999997158, 0.000000000000000000, 54.99999999999987210 ) ) ;
#1302 = DIRECTION ( 'NONE',  ( -0.000000000000000000, 1.000000000000000000, -0.000000000000000000 ) ) ;
#1303 = CIRCLE ( 'NONE', #2716, 1.050000000000002265 ) ;
#1304 = VECTOR ( 'NONE', #1460, 1000.000000000000000 ) ;
#1305 = CARTESIAN_POINT ( 'NONE',  ( -24.50000000000000000, 0.000000000000000000, -47.19999999999999574 ) ) ;
#1306 = CARTESIAN_POINT ( 'NONE',  ( 24.99999999999997158, -14.14213562373094923, 54.99999999999987210 ) ) ;
#1307 = DIRECTION ( 'NONE',  ( 0.000000000000000000, 1.000000000000000000, -0.000000000000000000 ) ) ;
#1308 = ORIENTED_EDGE ( 'NONE', *, *, #2470, .T. ) ;
#1309 = DIRECTION ( 'NONE',  ( 0.000000000000000000, 0.000000000000000000, 1.000000000000000000 ) ) ;
#1310 = CARTESIAN_POINT ( 'NONE',  ( 15.00000000000002132, 3.000000000000000000, 51.00000000000000711 ) ) ;
#1311 = DIRECTION ( 'NONE',  ( 0.000000000000000000, 0.000000000000000000, -1.000000000000000000 ) ) ;
#1312 = ORIENTED_EDGE ( 'NONE', *, *, #392, .T. ) ;
#1313 = AXIS2_PLACEMENT_3D ( 'NONE', #2717, #424, #438 ) ;
#1314 = ADVANCED_FACE ( 'NONE', ( #2056 ), #2480, .F. ) ;
#1315 = ORIENTED_EDGE ( 'NONE', *, *, #801, .T. ) ;
#1316 = FACE_OUTER_BOUND ( 'NONE', #1981, .T. ) ;
#1317 = FACE_BOUND ( 'NONE', #2083, .T. ) ;
#1318 = EDGE_CURVE ( 'NONE', #2150, #672, #2438, .T. ) ;
#1319 = AXIS2_PLACEMENT_3D ( 'NONE', #285, #920, #2359 ) ;
#1320 = DIRECTION ( 'NONE',  ( -0.000000000000000000, 1.000000000000000000, -0.000000000000000000 ) ) ;
#1321 = DIRECTION ( 'NONE',  ( -0.000000000000000000, -1.000000000000000000, -0.000000000000000000 ) ) ;
#1322 = CARTESIAN_POINT ( 'NONE',  ( 48.59999999999970299, 3.000000000000000000, 19.89999999999980673 ) ) ;
#1323 = VECTOR ( 'NONE', #2269, 1000.000000000000000 ) ;
#1324 = ORIENTED_EDGE ( 'NONE', *, *, #1667, .F. ) ;
#1325 = AXIS2_PLACEMENT_3D ( 'NONE', #1594, #1367, #2241 ) ;
#1326 = DIRECTION ( 'NONE',  ( -0.000000000000000000, -1.000000000000000000, -0.000000000000000000 ) ) ;
#1327 = VECTOR ( 'NONE', #1839, 1000.000000000000000 ) ;
#1328 = CYLINDRICAL_SURFACE ( 'NONE', #216, 4.999999999999997335 ) ;
#1329 = ORIENTED_EDGE ( 'NONE', *, *, #1676, .T. ) ;
#1330 = ORIENTED_EDGE ( 'NONE', *, *, #2052, .T. ) ;
#1331 = DIRECTION ( 'NONE',  ( -0.000000000000000000, 1.000000000000000000, -0.000000000000000000 ) ) ;
#1332 = DIRECTION ( 'NONE',  ( 0.000000000000000000, 0.000000000000000000, -1.000000000000000000 ) ) ;
#1333 = DIRECTION ( 'NONE',  ( -0.000000000000000000, -1.000000000000000000, 0.000000000000000000 ) ) ;
#1334 = ORIENTED_EDGE ( 'NONE', *, *, #374, .F. ) ;
#1335 = EDGE_LOOP ( 'NONE', ( #1040, #1279, #1165, #1412 ) ) ;
#1336 = EDGE_CURVE ( 'NONE', #2531, #1651, #1389, .T. ) ;
#1337 = CARTESIAN_POINT ( 'NONE',  ( 11.89999999999996305, 3.000000000000000000, -19.90000000000043556 ) ) ;
#1338 = DIRECTION ( 'NONE',  ( 0.000000000000000000, 1.000000000000000000, 0.000000000000000000 ) ) ;
#1339 = ORIENTED_EDGE ( 'NONE', *, *, #2215, .T. ) ;
#1340 = AXIS2_PLACEMENT_3D ( 'NONE', #57, #1708, #1296 ) ;
#1341 = VERTEX_POINT ( 'NONE', #572 ) ;
#1342 = AXIS2_PLACEMENT_3D ( 'NONE', #694, #2579, #19 ) ;
#1343 = DIRECTION ( 'NONE',  ( 0.000000000000000000, 1.000000000000000000, 0.000000000000000000 ) ) ;
#1344 = VECTOR ( 'NONE', #2644, 1000.000000000000000 ) ;
#1345 = DIRECTION ( 'NONE',  ( 0.000000000000000000, 1.000000000000000000, 0.000000000000000000 ) ) ;
#1346 = AXIS2_PLACEMENT_3D ( 'NONE', #2745, #2155, #22 ) ;
#1347 = CARTESIAN_POINT ( 'NONE',  ( -24.49999999999999645, 0.000000000000000000, -35.79999999999999716 ) ) ;
#1348 = ADVANCED_FACE ( 'NONE', ( #1601 ), #586, .T. ) ;
#1349 = VECTOR ( 'NONE', #799, 1000.000000000000000 ) ;
#1350 = ORIENTED_EDGE ( 'NONE', *, *, #2414, .F. ) ;
#1351 = VERTEX_POINT ( 'NONE', #2428 ) ;
#1352 = ADVANCED_FACE ( 'NONE', ( #1653 ), #2738, .F. ) ;
#1353 = EDGE_CURVE ( 'NONE', #402, #1246, #1895, .T. ) ;
#1354 = DIRECTION ( 'NONE',  ( -0.000000000000000000, 1.000000000000000000, -0.000000000000000000 ) ) ;
#1355 = DIRECTION ( 'NONE',  ( 0.000000000000000000, 0.000000000000000000, -1.000000000000000000 ) ) ;
#1356 = EDGE_LOOP ( 'NONE', ( #181, #635 ) ) ;
#1357 = AXIS2_PLACEMENT_3D ( 'NONE', #2142, #628, #2511 ) ;
#1358 = ORIENTED_EDGE ( 'NONE', *, *, #1147, .T. ) ;
#1359 = LINE ( 'NONE', #2207, #852 ) ;
#1360 = AXIS2_PLACEMENT_3D ( 'NONE', #1135, #1550, #1122 ) ;
#1361 = DIRECTION ( 'NONE',  ( 0.000000000000000000, 0.000000000000000000, 1.000000000000000000 ) ) ;
#1362 = PLANE ( 'NONE',  #2627 ) ;
#1363 = DIRECTION ( 'NONE',  ( 0.000000000000000000, 1.000000000000000000, -0.000000000000000000 ) ) ;
#1364 = ADVANCED_BREP_SHAPE_REPRESENTATION ( 'Electronics Base', ( #1069, #1590 ), #656 ) ;
#1365 = EDGE_LOOP ( 'NONE', ( #1567, #2097 ) ) ;
#1366 = PERSON_AND_ORGANIZATION_ROLE ( 'design_supplier' ) ;
#1367 = DIRECTION ( 'NONE',  ( 0.000000000000000000, 1.000000000000000000, -0.000000000000000000 ) ) ;
#1368 = AXIS2_PLACEMENT_3D ( 'NONE', #175, #1018, #1256 ) ;
#1369 = ORIENTED_EDGE ( 'NONE', *, *, #2419, .F. ) ;
#1370 = FACE_OUTER_BOUND ( 'NONE', #2691, .T. ) ;
#1371 = AXIS2_PLACEMENT_3D ( 'NONE', #1880, #199, #836 ) ;
#1372 = ORIENTED_EDGE ( 'NONE', *, *, #1062, .T. ) ;
#1373 = DIRECTION ( 'NONE',  ( 0.000000000000000000, 0.000000000000000000, -1.000000000000000000 ) ) ;
#1374 = EDGE_CURVE ( 'NONE', #958, #985, #2096, .T. ) ;
#1375 = CARTESIAN_POINT ( 'NONE',  ( 24.99999999999997158, 0.000000000000000000, 54.99999999999987210 ) ) ;
#1376 = AXIS2_PLACEMENT_3D ( 'NONE', #747, #1159, #1588 ) ;
#1377 = DIRECTION ( 'NONE',  ( 0.000000000000000000, 0.000000000000000000, 1.000000000000000000 ) ) ;
#1378 = DIRECTION ( 'NONE',  ( 0.000000000000000000, 0.000000000000000000, 1.000000000000000000 ) ) ;
#1379 = VECTOR ( 'NONE', #1575, 1000.000000000000000 ) ;
#1380 = ORIENTED_EDGE ( 'NONE', *, *, #1081, .F. ) ;
#1381 = ORIENTED_EDGE ( 'NONE', *, *, #2474, .F. ) ;
#1382 = CALENDAR_DATE ( 2026, 9, 3 ) ;
#1383 = CARTESIAN_POINT ( 'NONE',  ( 49.99999999999997158, -14.14213562373094923, 34.99999999999986500 ) ) ;
#1384 = EDGE_LOOP ( 'NONE', ( #1851, #95 ) ) ;
#1385 = FACE_BOUND ( 'NONE', #833, .T. ) ;
#1386 = ADVANCED_FACE ( 'NONE', ( #1884 ), #1005, .F. ) ;
#1387 = ORIENTED_EDGE ( 'NONE', *, *, #2222, .F. ) ;
#1388 = EDGE_CURVE ( 'NONE', #2079, #558, #2270, .T. ) ;
#1389 = LINE ( 'NONE', #979, #698 ) ;
#1390 = ADVANCED_FACE ( 'NONE', ( #2750 ), #1484, .F. ) ;
#1391 = DIRECTION ( 'NONE',  ( 0.000000000000000000, 1.000000000000000000, 0.000000000000000000 ) ) ;
#1392 = PLANE ( 'NONE',  #511 ) ;
#1393 = VECTOR ( 'NONE', #775, 1000.000000000000000 ) ;
#1394 = VERTEX_POINT ( 'NONE', #404 ) ;
#1395 = VECTOR ( 'NONE', #2494, 1000.000000000000000 ) ;
#1396 = CARTESIAN_POINT ( 'NONE',  ( -11.89999999999992042, 3.000000000000000000, -18.35000000000043485 ) ) ;
#1397 = VERTEX_POINT ( 'NONE', #648 ) ;
#1398 = CARTESIAN_POINT ( 'NONE',  ( -29.99999999999997513, 0.000000000000000000, -58.49999999999987921 ) ) ;
#1399 = AXIS2_PLACEMENT_3D ( 'NONE', #1938, #2559, #2749 ) ;
#1400 = ORIENTED_EDGE ( 'NONE', *, *, #36, .F. ) ;
#1401 = ADVANCED_FACE ( 'NONE', ( #2067 ), #1245, .F. ) ;
#1402 = CARTESIAN_POINT ( 'NONE',  ( 29.99999999999997158, 0.000000000000000000, -54.99999999999985789 ) ) ;
#1403 = CARTESIAN_POINT ( 'NONE',  ( -24.49999999999999645, 3.000000000000000000, -36.85000000000000142 ) ) ;
#1404 = CYLINDRICAL_SURFACE ( 'NONE', #1074, 1.500000000000004885 ) ;
#1405 = CC_DESIGN_PERSON_AND_ORGANIZATION_ASSIGNMENT ( #2254, #1198, ( #2668 ) ) ;
#1406 = EDGE_CURVE ( 'NONE', #919, #700, #746, .T. ) ;
#1407 = FACE_OUTER_BOUND ( 'NONE', #744, .T. ) ;
#1408 = VERTEX_POINT ( 'NONE', #376 ) ;
#1409 = ORIENTED_EDGE ( 'NONE', *, *, #2536, .T. ) ;
#1410 = ADVANCED_FACE ( 'NONE', ( #2490 ), #850, .T. ) ;
#1411 = CARTESIAN_POINT ( 'NONE',  ( -44.99999999999997868, 3.000000000000000000, 29.99999999999985789 ) ) ;
#1412 = ORIENTED_EDGE ( 'NONE', *, *, #625, .T. ) ;
#1413 = FACE_BOUND ( 'NONE', #1759, .T. ) ;
#1414 = AXIS2_PLACEMENT_3D ( 'NONE', #1854, #1694, #1652 ) ;
#1415 = ORIENTED_EDGE ( 'NONE', *, *, #544, .T. ) ;
#1416 = CIRCLE ( 'NONE', #1235, 1.500000000000001332 ) ;
#1417 = DIRECTION ( 'NONE',  ( 0.000000000000000000, 0.000000000000000000, 1.000000000000000000 ) ) ;
#1418 = DIRECTION ( 'NONE',  ( -0.000000000000000000, 1.000000000000000000, -0.000000000000000000 ) ) ;
#1419 = DIRECTION ( 'NONE',  ( 1.000000000000000000, 0.000000000000000000, 0.000000000000000000 ) ) ;
#1420 = DIRECTION ( 'NONE',  ( 0.000000000000000000, 0.000000000000000000, 1.000000000000000000 ) ) ;
#1421 = ORIENTED_EDGE ( 'NONE', *, *, #1112, .T. ) ;
#1422 = LINE ( 'NONE', #367, #639 ) ;
#1423 = ORIENTED_EDGE ( 'NONE', *, *, #1, .F. ) ;
#1424 = EDGE_CURVE ( 'NONE', #1836, #1628, #2325, .T. ) ;
#1425 = LINE ( 'NONE', #211, #619 ) ;
#1426 = VERTEX_POINT ( 'NONE', #1681 ) ;
#1427 = LINE ( 'NONE', #547, #1323 ) ;
#1428 = ORIENTED_EDGE ( 'NONE', *, *, #2688, .T. ) ;
#1429 = CARTESIAN_POINT ( 'NONE',  ( 49.99999999999997158, -14.14213562373094923, 29.99999999999986855 ) ) ;
#1430 = LINE ( 'NONE', #2261, #1624 ) ;
#1431 = FACE_BOUND ( 'NONE', #1219, .T. ) ;
#1432 = CYLINDRICAL_SURFACE ( 'NONE', #2720, 1.549999999999999378 ) ;
#1433 = VECTOR ( 'NONE', #2245, 1000.000000000000000 ) ;
#1434 = ORIENTED_EDGE ( 'NONE', *, *, #2034, .F. ) ;
#1435 = VERTEX_POINT ( 'NONE', #1445 ) ;
#1436 = EDGE_CURVE ( 'NONE', #366, #1257, #1053, .T. ) ;
#1437 = VECTOR ( 'NONE', #1419, 1000.000000000000000 ) ;
#1438 = AXIS2_PLACEMENT_3D ( 'NONE', #2395, #707, #731 ) ;
#1439 = FACE_OUTER_BOUND ( 'NONE', #8, .T. ) ;
#1440 = VERTEX_POINT ( 'NONE', #2082 ) ;
#1441 = VECTOR ( 'NONE', #1321, 1000.000000000000000 ) ;
#1442 = LINE ( 'NONE', #1868, #1048 ) ;
#1443 = EDGE_CURVE ( 'NONE', #1451, #993, #1231, .T. ) ;
#1444 = EDGE_CURVE ( 'NONE', #292, #1528, #924, .T. ) ;
#1445 = CARTESIAN_POINT ( 'NONE',  ( 48.60000000000002274, 3.000000000000000000, -19.89999999999998792 ) ) ;
#1446 = ORIENTED_EDGE ( 'NONE', *, *, #1530, .T. ) ;
#1447 = DIRECTION ( 'NONE',  ( -0.000000000000000000, -1.000000000000000000, -0.000000000000000000 ) ) ;
#1448 = DIRECTION ( 'NONE',  ( -0.000000000000000000, 1.000000000000000000, -0.000000000000000000 ) ) ;
#1449 = CARTESIAN_POINT ( 'NONE',  ( -48.59999999999998010, 0.000000000000000000, -16.79999999999999005 ) ) ;
#1450 = CIRCLE ( 'NONE', #249, 1.050000000000002265 ) ;
#1451 = VERTEX_POINT ( 'NONE', #1271 ) ;
#1452 = VERTEX_POINT ( 'NONE', #838 ) ;
#1453 = DIRECTION ( 'NONE',  ( 0.000000000000000000, 0.000000000000000000, 1.000000000000000000 ) ) ;
#1454 = VERTEX_POINT ( 'NONE', #1696 ) ;
#1455 = CARTESIAN_POINT ( 'NONE',  ( -24.50000000000000000, 3.000000000000000000, -47.19999999999999574 ) ) ;
#1456 = DIRECTION ( 'NONE',  ( 0.000000000000000000, 0.000000000000000000, -1.000000000000000000 ) ) ;
#1457 = EDGE_LOOP ( 'NONE', ( #1387, #1138, #355, #2655, #2094, #819, #32, #263, #2628, #1905, #225, #2678, #2007, #2075, #2652, #704, #405, #1400, #659, #145, #1778, #1485, #1038, #895, #834, #2376, #2590, #1990, #256, #1060 ) ) ;
#1458 = VECTOR ( 'NONE', #2243, 1000.000000000000000 ) ;
#1459 = ADVANCED_FACE ( 'NONE', ( #2530 ), #1869, .F. ) ;
#1460 = DIRECTION ( 'NONE',  ( 0.000000000000000000, 0.000000000000000000, -1.000000000000000000 ) ) ;
#1461 = AXIS2_PLACEMENT_3D ( 'NONE', #504, #664, #244 ) ;
#1462 = FACE_BOUND ( 'NONE', #2400, .T. ) ;
#1463 = CIRCLE ( 'NONE', #1816, 1.050000000000002265 ) ;
#1464 = DIRECTION ( 'NONE',  ( 0.000000000000000000, 1.000000000000000000, -0.000000000000000000 ) ) ;
#1465 = ORIENTED_EDGE ( 'NONE', *, *, #2452, .T. ) ;
#1466 = ORIENTED_EDGE ( 'NONE', *, *, #1597, .T. ) ;
#1467 = CARTESIAN_POINT ( 'NONE',  ( 21.42928578572854903, 3.000000000000000000, -58.49999999999987921 ) ) ;
#1468 = ORIENTED_EDGE ( 'NONE', *, *, #192, .F. ) ;
#1469 = DIRECTION ( 'NONE',  ( -0.000000000000000000, -1.000000000000000000, -0.000000000000000000 ) ) ;
#1470 = ORIENTED_EDGE ( 'NONE', *, *, #1336, .F. ) ;
#1471 = EDGE_CURVE ( 'NONE', #23, #919, #2124, .T. ) ;
#1472 = DIRECTION ( 'NONE',  ( -0.000000000000000000, -1.000000000000000000, -0.000000000000000000 ) ) ;
#1473 = DIRECTION ( 'NONE',  ( 0.000000000000000000, 0.000000000000000000, 1.000000000000000000 ) ) ;
#1474 = EDGE_CURVE ( 'NONE', #302, #218, #876, .T. ) ;
#1475 = EDGE_CURVE ( 'NONE', #2572, #548, #262, .T. ) ;
#1476 = PLANE ( 'NONE',  #825 ) ;
#1477 = VECTOR ( 'NONE', #1952, 1000.000000000000000 ) ;
#1478 = ORIENTED_EDGE ( 'NONE', *, *, #1878, .T. ) ;
#1479 = ORIENTED_EDGE ( 'NONE', *, *, #1474, .F. ) ;
#1480 = DIRECTION ( 'NONE',  ( 0.000000000000000000, 1.000000000000000000, 0.000000000000000000 ) ) ;
#1481 = EDGE_LOOP ( 'NONE', ( #1167, #2698, #1225, #1031 ) ) ;
#1482 = AXIS2_PLACEMENT_3D ( 'NONE', #138, #2101, #1832 ) ;
#1483 = VECTOR ( 'NONE', #2331, 1000.000000000000000 ) ;
#1484 = PLANE ( 'NONE',  #399 ) ;
#1485 = ORIENTED_EDGE ( 'NONE', *, *, #1551, .F. ) ;
#1486 = CIRCLE ( 'NONE', #2324, 4.999999999999997335 ) ;
#1487 = CYLINDRICAL_SURFACE ( 'NONE', #727, 1.500000000000001332 ) ;
#1488 = CARTESIAN_POINT ( 'NONE',  ( 15.00000000000002132, 0.000000000000000000, 48.00000000000000000 ) ) ;
#1489 = DIRECTION ( 'NONE',  ( 0.000000000000000000, 0.000000000000000000, -1.000000000000000000 ) ) ;
#1490 = DIRECTION ( 'NONE',  ( 0.000000000000000000, 1.000000000000000000, 0.000000000000000000 ) ) ;
#1491 = EDGE_LOOP ( 'NONE', ( #2704, #176, #1380, #798 ) ) ;
#1492 = EDGE_CURVE ( 'NONE', #218, #302, #1416, .T. ) ;
#1493 = ORIENTED_EDGE ( 'NONE', *, *, #2053, .F. ) ;
#1494 = EDGE_CURVE ( 'NONE', #684, #313, #2431, .T. ) ;
#1495 = CYLINDRICAL_SURFACE ( 'NONE', #1414, 1.549999999999999378 ) ;
#1496 = CIRCLE ( 'NONE', #1002, 1.549999999999999378 ) ;
#1497 = CYLINDRICAL_SURFACE ( 'NONE', #1399, 1.500000000000001332 ) ;
#1498 = CARTESIAN_POINT ( 'NONE',  ( -24.50000000000000000, 0.000000000000000000, -46.14999999999999858 ) ) ;
#1499 = VERTEX_POINT ( 'NONE', #1284 ) ;
#1500 = APPROVAL_PERSON_ORGANIZATION ( #2433, #303, #2213 ) ;
#1501 = CARTESIAN_POINT ( 'NONE',  ( -14.99999999999997868, 3.000000000000000000, 33.50000000000000000 ) ) ;
#1502 = DIRECTION ( 'NONE',  ( -0.000000000000000000, -1.000000000000000000, -0.000000000000000000 ) ) ;
#1503 = CARTESIAN_POINT ( 'NONE',  ( 49.99999999999997158, 3.000000000000000000, -28.49999999999986144 ) ) ;
#1504 = CIRCLE ( 'NONE', #1641, 1.549999999999999378 ) ;
#1505 = CARTESIAN_POINT ( 'NONE',  ( -24.99999999999997158, 0.000000000000000000, -53.49999999999987210 ) ) ;
#1506 = LINE ( 'NONE', #887, #1212 ) ;
#1507 = EDGE_CURVE ( 'NONE', #2009, #1864, #1191, .T. ) ;
#1508 = AXIS2_PLACEMENT_3D ( 'NONE', #2282, #2078, #1015 ) ;
#1509 = DIRECTION ( 'NONE',  ( 0.000000000000000000, 0.000000000000000000, -1.000000000000000000 ) ) ;
#1510 = ORIENTED_EDGE ( 'NONE', *, *, #2302, .F. ) ;
#1511 = CARTESIAN_POINT ( 'NONE',  ( 24.99999999999997158, 0.000000000000000000, -53.49999999999987210 ) ) ;
#1512 = EDGE_CURVE ( 'NONE', #313, #684, #125, .T. ) ;
#1513 = CARTESIAN_POINT ( 'NONE',  ( -49.99999999999997158, 0.000000000000000000, 34.99999999999986500 ) ) ;
#1514 = DIRECTION ( 'NONE',  ( 0.000000000000000000, 0.000000000000000000, 1.000000000000000000 ) ) ;
#1515 = ORIENTED_EDGE ( 'NONE', *, *, #219, .F. ) ;
#1516 = CIRCLE ( 'NONE', #1863, 1.500000000000001332 ) ;
#1517 = LINE ( 'NONE', #637, #2673 ) ;
#1518 = CARTESIAN_POINT ( 'NONE',  ( 0.000000000000000000, 0.000000000000000000, 0.000000000000000000 ) ) ;
#1519 = DIRECTION ( 'NONE',  ( 0.000000000000000000, 1.000000000000000000, 0.000000000000000000 ) ) ;
#1520 = CARTESIAN_POINT ( 'NONE',  ( 55.00000000000002132, 0.000000000000000000, -55.00000000000000000 ) ) ;
#1521 = VERTEX_POINT ( 'NONE', #1498 ) ;
#1522 = EDGE_CURVE ( 'NONE', #2366, #1211, #45, .T. ) ;
#1523 = ORIENTED_EDGE ( 'NONE', *, *, #2047, .F. ) ;
#1524 = PLANE ( 'NONE',  #1319 ) ;
#1525 = DIRECTION ( 'NONE',  ( -0.000000000000000000, -1.000000000000000000, -0.000000000000000000 ) ) ;
#1526 = AXIS2_PLACEMENT_3D ( 'NONE', #2656, #2234, #338 ) ;
#1527 = LINE ( 'NONE', #1763, #171 ) ;
#1528 = VERTEX_POINT ( 'NONE', #2189 ) ;
#1529 = ADVANCED_FACE ( 'NONE', ( #675 ), #908, .F. ) ;
#1530 = EDGE_CURVE ( 'NONE', #2461, #2602, #1527, .T. ) ;
#1531 = CIRCLE ( 'NONE', #2403, 4.999999999999997335 ) ;
#1532 = CIRCLE ( 'NONE', #2360, 1.549999999999999378 ) ;
#1533 = ORIENTED_EDGE ( 'NONE', *, *, #2053, .T. ) ;
#1534 = DIRECTION ( 'NONE',  ( 0.000000000000000000, 1.000000000000000000, 0.000000000000000000 ) ) ;
#1535 = FACE_BOUND ( 'NONE', #1210, .T. ) ;
#1536 = AXIS2_PLACEMENT_3D ( 'NONE', #2538, #2597, #1960 ) ;
#1537 = CARTESIAN_POINT ( 'NONE',  ( 30.00000000000017408, 3.000000000000000000, -54.99999999999987210 ) ) ;
#1538 = VECTOR ( 'NONE', #1012, 1000.000000000000000 ) ;
#1539 = CARTESIAN_POINT ( 'NONE',  ( 22.50000000000000355, 0.000000000000000000, -47.19999999999999574 ) ) ;
#1540 = CARTESIAN_POINT ( 'NONE',  ( -29.99999999999912603, 3.000000000000000000, 54.99999999999999289 ) ) ;
#1541 = EDGE_LOOP ( 'NONE', ( #2568, #2250, #274, #1037 ) ) ;
#1542 = DIRECTION ( 'NONE',  ( 0.000000000000000000, 0.000000000000000000, -1.000000000000000000 ) ) ;
#1543 = DIRECTION ( 'NONE',  ( 0.000000000000000000, 1.000000000000000000, 0.000000000000000000 ) ) ;
#1544 = VERTEX_POINT ( 'NONE', #2601 ) ;
#1545 = ORIENTED_EDGE ( 'NONE', *, *, #1132, .F. ) ;
#1546 = CARTESIAN_POINT ( 'NONE',  ( 24.99999999999997158, 0.000000000000000000, 53.49999999999987210 ) ) ;
#1547 = CARTESIAN_POINT ( 'NONE',  ( -11.89999999999992042, 0.000000000000000000, -18.35000000000043485 ) ) ;
#1548 = AXIS2_PLACEMENT_3D ( 'NONE', #1429, #1221, #732 ) ;
#1549 = AXIS2_PLACEMENT_3D ( 'NONE', #2134, #2585, #1309 ) ;
#1550 = DIRECTION ( 'NONE',  ( 0.000000000000000000, 1.000000000000000000, 0.000000000000000000 ) ) ;
#1551 = EDGE_CURVE ( 'NONE', #1976, #1341, #308, .T. ) ;
#1552 = CARTESIAN_POINT ( 'NONE',  ( -49.99999999999997158, 0.000000000000000000, -28.49999999999986144 ) ) ;
#1553 = CIRCLE ( 'NONE', #743, 1.500000000000004885 ) ;
#1554 = ORIENTED_EDGE ( 'NONE', *, *, #2486, .F. ) ;
#1555 = CARTESIAN_POINT ( 'NONE',  ( 0.000000000000000000, 0.000000000000000000, 0.000000000000000000 ) ) ;
#1556 = AXIS2_PLACEMENT_3D ( 'NONE', #1897, #2310, #827 ) ;
#1557 = CARTESIAN_POINT ( 'NONE',  ( -49.99999999999997158, 3.000000000000000000, -31.49999999999986855 ) ) ;
#1558 = CYLINDRICAL_SURFACE ( 'NONE', #2562, 4.999999999999997335 ) ;
#1559 = VERTEX_POINT ( 'NONE', #2161 ) ;
#1560 = ORIENTED_EDGE ( 'NONE', *, *, #1140, .T. ) ;
#1561 = ADVANCED_FACE ( 'NONE', ( #1103 ), #1736, .F. ) ;
#1562 = DIRECTION ( 'NONE',  ( 0.000000000000000000, 1.000000000000000000, 0.000000000000000000 ) ) ;
#1563 = DIRECTION ( 'NONE',  ( -0.000000000000000000, 1.000000000000000000, -0.000000000000000000 ) ) ;
#1564 = CARTESIAN_POINT ( 'NONE',  ( -24.99999999999997158, 3.000000000000000000, -54.99999999999987210 ) ) ;
#1565 = DIRECTION ( 'NONE',  ( 0.000000000000000000, 0.000000000000000000, 1.000000000000000000 ) ) ;
#1566 = ADVANCED_FACE ( 'NONE', ( #703 ), #1558, .T. ) ;
#1567 = ORIENTED_EDGE ( 'NONE', *, *, #2088, .F. ) ;
#1568 =( LENGTH_UNIT ( ) NAMED_UNIT ( * ) SI_UNIT ( .MILLI., .METRE. ) );
#1569 = CARTESIAN_POINT ( 'NONE',  ( 54.99999999999997158, 3.000000000000000000, -29.99999999999978684 ) ) ;
#1570 = LINE ( 'NONE', #520, #663 ) ;
#1571 = ORIENTED_EDGE ( 'NONE', *, *, #2382, .T. ) ;
#1572 = ORIENTED_EDGE ( 'NONE', *, *, #972, .T. ) ;
#1573 = CIRCLE ( 'NONE', #554, 4.999999999999997335 ) ;
#1574 = CARTESIAN_POINT ( 'NONE',  ( 48.60000000000002274, 3.000000000000000000, -16.79999999999999005 ) ) ;
#1575 = DIRECTION ( 'NONE',  ( 0.000000000000000000, 1.000000000000000000, 0.000000000000000000 ) ) ;
#1576 = AXIS2_PLACEMENT_3D ( 'NONE', #1292, #283, #1908 ) ;
#1577 = CARTESIAN_POINT ( 'NONE',  ( 22.50000000000000711, 3.000000000000000000, -34.75000000000000000 ) ) ;
#1578 = CARTESIAN_POINT ( 'NONE',  ( 24.99999999999997158, 0.000000000000000000, 54.99999999999987210 ) ) ;
#1579 = CIRCLE ( 'NONE', #1125, 1.500000000000004885 ) ;
#1580 = VERTEX_POINT ( 'NONE', #291 ) ;
#1581 = ORIENTED_EDGE ( 'NONE', *, *, #2251, .T. ) ;
#1582 = APPROVAL_DATE_TIME ( #2649, #1698 ) ;
#1583 = EDGE_CURVE ( 'NONE', #2295, #23, #2476, .T. ) ;
#1584 = DIRECTION ( 'NONE',  ( -0.000000000000000000, -1.000000000000000000, 0.000000000000000000 ) ) ;
#1585 = EDGE_LOOP ( 'NONE', ( #1253, #1173 ) ) ;
#1586 = EDGE_LOOP ( 'NONE', ( #1315, #1157, #962, #579 ) ) ;
#1587 = CYLINDRICAL_SURFACE ( 'NONE', #1075, 1.050000000000002265 ) ;
#1588 = DIRECTION ( 'NONE',  ( 6.938893903907232322E-16, 0.000000000000000000, -1.000000000000000000 ) ) ;
#1589 = CARTESIAN_POINT ( 'NONE',  ( -24.99999999999997158, -14.14213562373094923, -54.99999999999987210 ) ) ;
#1590 = AXIS2_PLACEMENT_3D ( 'NONE', #1555, #226, #2390 ) ;
#1591 = ORIENTED_EDGE ( 'NONE', *, *, #2329, .F. ) ;
#1592 = ORIENTED_EDGE ( 'NONE', *, *, #2019, .T. ) ;
#1593 = AXIS2_PLACEMENT_3D ( 'NONE', #1188, #2231, #101 ) ;
#1594 = CARTESIAN_POINT ( 'NONE',  ( -24.99999999999997158, 0.000000000000000000, 54.99999999999987210 ) ) ;
#1595 = ORIENTED_EDGE ( 'NONE', *, *, #2555, .F. ) ;
#1596 = FACE_BOUND ( 'NONE', #2091, .T. ) ;
#1597 = EDGE_CURVE ( 'NONE', #331, #780, #536, .T. ) ;
#1598 = CIRCLE ( 'NONE', #1731, 4.999999999999997335 ) ;
#1599 = ORIENTED_EDGE ( 'NONE', *, *, #1780, .T. ) ;
#1600 = DIRECTION ( 'NONE',  ( 0.000000000000000000, 0.000000000000000000, 1.000000000000000000 ) ) ;
#1601 = FACE_OUTER_BOUND ( 'NONE', #2026, .T. ) ;
#1602 = CIRCLE ( 'NONE', #1376, 4.999999999999997335 ) ;
#1603 = DIRECTION ( 'NONE',  ( 0.000000000000000000, 1.000000000000000000, 0.000000000000000000 ) ) ;
#1604 = DIRECTION ( 'NONE',  ( 0.000000000000000000, 1.000000000000000000, 0.000000000000000000 ) ) ;
#1605 = CIRCLE ( 'NONE', #1151, 1.500000000000001332 ) ;
#1606 = ORIENTED_EDGE ( 'NONE', *, *, #1879, .F. ) ;
#1607 = ORIENTED_EDGE ( 'NONE', *, *, #2441, .T. ) ;
#1608 = COORDINATED_UNIVERSAL_TIME_OFFSET ( 7, 0, .BEHIND. ) ;
#1609 = ADVANCED_FACE ( 'NONE', ( #2174 ), #1328, .T. ) ;
#1610 = CARTESIAN_POINT ( 'NONE',  ( 48.60000000000002274, 3.000000000000000000, -19.89999999999998792 ) ) ;
#1611 = EDGE_LOOP ( 'NONE', ( #1825, #2137, #111, #1187 ) ) ;
#1612 = DIRECTION ( 'NONE',  ( 0.000000000000000000, 1.000000000000000000, 0.000000000000000000 ) ) ;
#1613 = AXIS2_PLACEMENT_3D ( 'NONE', #2348, #864, #1542 ) ;
#1614 = ORIENTED_EDGE ( 'NONE', *, *, #2455, .T. ) ;
#1615 = EDGE_CURVE ( 'NONE', #397, #741, #2136, .T. ) ;
#1616 = CARTESIAN_POINT ( 'NONE',  ( -24.99999999999997158, -14.14213562373094923, -54.99999999999987210 ) ) ;
#1617 = FACE_OUTER_BOUND ( 'NONE', #2491, .T. ) ;
#1618 = DIRECTION ( 'NONE',  ( -1.000000000000000000, 0.000000000000000000, 1.360023205165880818E-14 ) ) ;
#1619 = AXIS2_PLACEMENT_3D ( 'NONE', #279, #2582, #2746 ) ;
#1620 = CYLINDRICAL_SURFACE ( 'NONE', #429, 1.549999999999995826 ) ;
#1621 = EDGE_LOOP ( 'NONE', ( #1678, #1977, #1133, #2050 ) ) ;
#1622 = VERTEX_POINT ( 'NONE', #765 ) ;
#1623 = CALENDAR_DATE ( 2026, 9, 3 ) ;
#1624 = VECTOR ( 'NONE', #152, 1000.000000000000000 ) ;
#1625 = DIRECTION ( 'NONE',  ( -0.000000000000000000, -1.000000000000000000, -0.000000000000000000 ) ) ;
#1626 = EDGE_LOOP ( 'NONE', ( #2242, #1050, #1737, #2432 ) ) ;
#1627 = LINE ( 'NONE', #1546, #1942 ) ;
#1628 = VERTEX_POINT ( 'NONE', #1411 ) ;
#1629 = CARTESIAN_POINT ( 'NONE',  ( -24.99999999999997158, 3.000000000000000000, 54.99999999999987210 ) ) ;
#1630 = CARTESIAN_POINT ( 'NONE',  ( 29.99999999999997158, 3.000000000000000000, 54.99999999999987210 ) ) ;
#1631 = CARTESIAN_POINT ( 'NONE',  ( 0.000000000000000000, 3.000000000000000000, -58.49999999999987921 ) ) ;
#1632 = VECTOR ( 'NONE', #2384, 1000.000000000000000 ) ;
#1633 = CARTESIAN_POINT ( 'NONE',  ( 28.57071421427139413, -14.14213562373094923, 58.49999999999987921 ) ) ;
#1634 = ORIENTED_EDGE ( 'NONE', *, *, #2688, .F. ) ;
#1635 = ORIENTED_EDGE ( 'NONE', *, *, #1282, .T. ) ;
#1636 = LOCAL_TIME ( 16, 3, 40.00000000000000000, #1608 ) ;
#1637 = LINE ( 'NONE', #2487, #130 ) ;
#1638 = ORIENTED_EDGE ( 'NONE', *, *, #2222, .T. ) ;
#1639 = CARTESIAN_POINT ( 'NONE',  ( 28.57071421427139413, 2.999999999999999112, 58.49999999999987921 ) ) ;
#1640 = EDGE_LOOP ( 'NONE', ( #1196, #2372 ) ) ;
#1641 = AXIS2_PLACEMENT_3D ( 'NONE', #1186, #2625, #1824 ) ;
#1642 = CARTESIAN_POINT ( 'NONE',  ( -49.99999999999997158, 0.000000000000000000, 31.49999999999986855 ) ) ;
#1643 = ADVANCED_FACE ( 'NONE', ( #714 ), #740, .F. ) ;
#1644 = DIRECTION ( 'NONE',  ( 0.000000000000000000, 1.000000000000000000, 0.000000000000000000 ) ) ;
#1645 = FACE_BOUND ( 'NONE', #715, .T. ) ;
#1646 = FACE_OUTER_BOUND ( 'NONE', #1954, .T. ) ;
#1647 = EDGE_LOOP ( 'NONE', ( #293, #540 ) ) ;
#1648 = ORIENTED_EDGE ( 'NONE', *, *, #1699, .F. ) ;
#1649 = EDGE_CURVE ( 'NONE', #2610, #1251, #2081, .T. ) ;
#1650 = CARTESIAN_POINT ( 'NONE',  ( -11.89999999999959890, 0.000000000000000000, 18.34999999999962839 ) ) ;
#1651 = VERTEX_POINT ( 'NONE', #344 ) ;
#1652 = DIRECTION ( 'NONE',  ( 0.000000000000000000, 0.000000000000000000, -1.000000000000000000 ) ) ;
#1653 = FACE_OUTER_BOUND ( 'NONE', #2066, .T. ) ;
#1654 = ORIENTED_EDGE ( 'NONE', *, *, #428, .F. ) ;
#1655 = LINE ( 'NONE', #1403, #1349 ) ;
#1656 = FACE_OUTER_BOUND ( 'NONE', #1808, .T. ) ;
#1657 = DIRECTION ( 'NONE',  ( 0.000000000000000000, 0.000000000000000000, 1.000000000000000000 ) ) ;
#1658 = AXIS2_PLACEMENT_3D ( 'NONE', #560, #150, #2631 ) ;
#1659 = EDGE_LOOP ( 'NONE', ( #212, #133 ) ) ;
#1660 = ORIENTED_EDGE ( 'NONE', *, *, #1522, .T. ) ;
#1661 = CIRCLE ( 'NONE', #466, 1.500000000000001332 ) ;
#1662 = DIRECTION ( 'NONE',  ( 0.000000000000000000, 0.000000000000000000, -1.000000000000000000 ) ) ;
#1663 = ORIENTED_EDGE ( 'NONE', *, *, #1295, .T. ) ;
#1664 = AXIS2_PLACEMENT_3D ( 'NONE', #1805, #324, #2397 ) ;
#1665 = CARTESIAN_POINT ( 'NONE',  ( -49.99999999999997158, 3.000000000000000000, 31.49999999999986855 ) ) ;
#1666 = CIRCLE ( 'NONE', #857, 4.999999999999997335 ) ;
#1667 = EDGE_CURVE ( 'NONE', #1976, #1095, #2462, .T. ) ;
#1668 = DIRECTION ( 'NONE',  ( -0.000000000000000000, 1.000000000000000000, -0.000000000000000000 ) ) ;
#1669 = ORIENTED_EDGE ( 'NONE', *, *, #1829, .F. ) ;
#1670 = DIRECTION ( 'NONE',  ( 0.000000000000000000, 1.000000000000000000, 0.000000000000000000 ) ) ;
#1671 = FACE_BOUND ( 'NONE', #1146, .T. ) ;
#1672 = FACE_OUTER_BOUND ( 'NONE', #1890, .T. ) ;
#1673 = AXIS2_PLACEMENT_3D ( 'NONE', #1979, #73, #2729 ) ;
#1674 = ORIENTED_EDGE ( 'NONE', *, *, #1097, .F. ) ;
#1675 = VERTEX_POINT ( 'NONE', #568 ) ;
#1676 = EDGE_CURVE ( 'NONE', #888, #1697, #316, .T. ) ;
#1677 = DIRECTION ( 'NONE',  ( 0.000000000000000000, 1.000000000000000000, 0.000000000000000000 ) ) ;
#1678 = ORIENTED_EDGE ( 'NONE', *, *, #890, .F. ) ;
#1679 = DIRECTION ( 'NONE',  ( 0.000000000000000000, 0.000000000000000000, 1.000000000000000000 ) ) ;
#1680 = LOCAL_TIME ( 16, 3, 40.00000000000000000, #315 ) ;
#1681 = CARTESIAN_POINT ( 'NONE',  ( 49.99999999999997158, 3.000000000000000000, 31.49999999999986855 ) ) ;
#1682 = ORIENTED_EDGE ( 'NONE', *, *, #1492, .F. ) ;
#1683 = EDGE_CURVE ( 'NONE', #1711, #1152, #1169, .T. ) ;
#1684 = VECTOR ( 'NONE', #570, 1000.000000000000000 ) ;
#1685 = ADVANCED_FACE ( 'NONE', ( #99 ), #116, .T. ) ;
#1686 = CARTESIAN_POINT ( 'NONE',  ( 24.99999999999997158, 0.000000000000000000, -54.99999999999987210 ) ) ;
#1687 = CARTESIAN_POINT ( 'NONE',  ( 24.99999999999997158, -14.14213562373094923, -54.99999999999987210 ) ) ;
#1688 = CIRCLE ( 'NONE', #878, 1.500000000000004885 ) ;
#1689 = DIRECTION ( 'NONE',  ( 0.000000000000000000, 0.000000000000000000, -1.000000000000000000 ) ) ;
#1690 = VERTEX_POINT ( 'NONE', #1142 ) ;
#1691 = ORIENTED_EDGE ( 'NONE', *, *, #61, .F. ) ;
#1692 = DIRECTION ( 'NONE',  ( -1.387778780781446464E-15, 0.000000000000000000, -1.000000000000000000 ) ) ;
#1693 = EDGE_LOOP ( 'NONE', ( #1312, #434 ) ) ;
#1694 = DIRECTION ( 'NONE',  ( -0.000000000000000000, -1.000000000000000000, -0.000000000000000000 ) ) ;
#1695 = EDGE_CURVE ( 'NONE', #792, #275, #1201, .T. ) ;
#1696 = CARTESIAN_POINT ( 'NONE',  ( -44.99999999999997868, 0.000000000000000000, 29.99999999999986144 ) ) ;
#1697 = VERTEX_POINT ( 'NONE', #1799 ) ;
#1698 = APPROVAL ( #1786, 'UNSPECIFIED' ) ;
#1699 = EDGE_CURVE ( 'NONE', #2408, #1697, #1504, .T. ) ;
#1700 = DIRECTION ( 'NONE',  ( 0.000000000000000000, 0.000000000000000000, -1.000000000000000000 ) ) ;
#1701 = CARTESIAN_POINT ( 'NONE',  ( -49.99999999999997158, 0.000000000000000000, 28.49999999999986144 ) ) ;
#1702 = CARTESIAN_POINT ( 'NONE',  ( 49.99999999999997158, 3.000000000000000000, 29.99999999999986855 ) ) ;
#1703 = EDGE_CURVE ( 'NONE', #425, #2244, #530, .T. ) ;
#1704 = CARTESIAN_POINT ( 'NONE',  ( 11.89999999999996305, 3.000000000000000000, -18.35000000000043485 ) ) ;
#1705 = DIRECTION ( 'NONE',  ( 0.000000000000000000, 0.000000000000000000, -1.000000000000000000 ) ) ;
#1706 = VECTOR ( 'NONE', #1947, 1000.000000000000000 ) ;
#1707 = VERTEX_POINT ( 'NONE', #144 ) ;
#1708 = DIRECTION ( 'NONE',  ( 0.000000000000000000, 1.000000000000000000, 0.000000000000000000 ) ) ;
#1709 = AXIS2_PLACEMENT_3D ( 'NONE', #1539, #886, #2355 ) ;
#1710 = CARTESIAN_POINT ( 'NONE',  ( 24.99999999999997158, -14.14213562373094923, -54.99999999999987210 ) ) ;
#1711 = VERTEX_POINT ( 'NONE', #988 ) ;
#1712 = AXIS2_PLACEMENT_3D ( 'NONE', #2468, #1447, #2288 ) ;
#1713 = DIRECTION ( 'NONE',  ( -0.000000000000000000, 1.000000000000000000, -0.000000000000000000 ) ) ;
#1714 = FACE_BOUND ( 'NONE', #2415, .T. ) ;
#1715 = FACE_OUTER_BOUND ( 'NONE', #1586, .T. ) ;
#1716 = DIRECTION ( 'NONE',  ( 0.000000000000000000, 0.000000000000000000, 1.000000000000000000 ) ) ;
#1717 = ORIENTED_EDGE ( 'NONE', *, *, #976, .T. ) ;
#1718 = EDGE_CURVE ( 'NONE', #950, #1521, #330, .T. ) ;
#1719 = CIRCLE ( 'NONE', #1313, 4.999999999999997335 ) ;
#1720 = VERTEX_POINT ( 'NONE', #2035 ) ;
#1721 = CARTESIAN_POINT ( 'NONE',  ( -19.99999999999996092, 3.000000000000000000, -54.99999999999999289 ) ) ;
#1722 = CARTESIAN_POINT ( 'NONE',  ( -24.99999999999997158, 0.000000000000000000, 54.99999999999987210 ) ) ;
#1723 = ORIENTED_EDGE ( 'NONE', *, *, #445, .F. ) ;
#1724 = CARTESIAN_POINT ( 'NONE',  ( -24.50000000000000000, 0.000000000000000000, -47.19999999999999574 ) ) ;
#1725 = CARTESIAN_POINT ( 'NONE',  ( 54.99999999999997158, 0.000000000000000000, 30.00000000000038014 ) ) ;
#1726 = EDGE_CURVE ( 'NONE', #1408, #1179, #2637, .T. ) ;
#1727 = DIRECTION ( 'NONE',  ( -3.330669073875469227E-15, 0.000000000000000000, 1.000000000000000000 ) ) ;
#1728 = AXIS2_PLACEMENT_3D ( 'NONE', #1939, #1980, #2375 ) ;
#1729 = LINE ( 'NONE', #1742, #1441 ) ;
#1730 = ORIENTED_EDGE ( 'NONE', *, *, #2132, .F. ) ;
#1731 = AXIS2_PLACEMENT_3D ( 'NONE', #2093, #1227, #1692 ) ;
#1732 = EDGE_CURVE ( 'NONE', #218, #419, #1570, .T. ) ;
#1733 = EDGE_CURVE ( 'NONE', #2145, #1426, #495, .T. ) ;
#1734 = ORIENTED_EDGE ( 'NONE', *, *, #342, .T. ) ;
#1735 = FACE_OUTER_BOUND ( 'NONE', #2292, .T. ) ;
#1736 = CYLINDRICAL_SURFACE ( 'NONE', #1143, 1.549999999999999378 ) ;
#1737 = ORIENTED_EDGE ( 'NONE', *, *, #2706, .T. ) ;
#1738 = ORIENTED_EDGE ( 'NONE', *, *, #2591, .T. ) ;
#1739 = DIRECTION ( 'NONE',  ( 0.000000000000000000, 0.000000000000000000, 1.000000000000000000 ) ) ;
#1740 = DIRECTION ( 'NONE',  ( -0.000000000000000000, -1.000000000000000000, -0.000000000000000000 ) ) ;
#1741 = CYLINDRICAL_SURFACE ( 'NONE', #796, 1.500000000000001332 ) ;
#1742 = CARTESIAN_POINT ( 'NONE',  ( 11.89999999999996305, 3.000000000000000000, -16.80000000000043769 ) ) ;
#1743 = CARTESIAN_POINT ( 'NONE',  ( -28.57071421427139413, 0.000000000000000000, -58.49999999999987921 ) ) ;
#1744 = EDGE_LOOP ( 'NONE', ( #1465, #2206, #2517, #1723 ) ) ;
#1745 = DIRECTION ( 'NONE',  ( -0.000000000000000000, 1.000000000000000000, -0.000000000000000000 ) ) ;
#1746 = DIRECTION ( 'NONE',  ( 0.000000000000000000, 1.000000000000000000, 0.000000000000000000 ) ) ;
#1747 = DIRECTION ( 'NONE',  ( 0.000000000000000000, 0.000000000000000000, 1.000000000000000000 ) ) ;
#1748 = ORIENTED_EDGE ( 'NONE', *, *, #1986, .F. ) ;
#1749 = VECTOR ( 'NONE', #454, 1000.000000000000000 ) ;
#1750 = EDGE_CURVE ( 'NONE', #1104, #2500, #748, .T. ) ;
#1751 = EDGE_LOOP ( 'NONE', ( #2365, #254, #845, #585 ) ) ;
#1752 = FACE_BOUND ( 'NONE', #1640, .T. ) ;
#1753 = FACE_BOUND ( 'NONE', #1384, .T. ) ;
#1754 = VECTOR ( 'NONE', #498, 1000.000000000000000 ) ;
#1755 = FACE_OUTER_BOUND ( 'NONE', #534, .T. ) ;
#1756 = CARTESIAN_POINT ( 'NONE',  ( 55.00000000000002132, 3.000000000000000000, 55.00000000000000000 ) ) ;
#1757 = ORIENTED_EDGE ( 'NONE', *, *, #910, .F. ) ;
#1758 = FACE_OUTER_BOUND ( 'NONE', #2271, .T. ) ;
#1759 = EDGE_LOOP ( 'NONE', ( #1215, #2306 ) ) ;
#1760 = DIRECTION ( 'NONE',  ( 0.000000000000000000, 0.000000000000000000, 1.000000000000000000 ) ) ;
#1761 = EDGE_CURVE ( 'NONE', #1435, #721, #2202, .T. ) ;
#1762 = CYLINDRICAL_SURFACE ( 'NONE', #1963, 4.999999999999997335 ) ;
#1763 = CARTESIAN_POINT ( 'NONE',  ( 0.000000000000000000, 3.000000000000000000, 58.49999999999987921 ) ) ;
#1764 = ORIENTED_EDGE ( 'NONE', *, *, #374, .T. ) ;
#1765 = EDGE_LOOP ( 'NONE', ( #1764, #2163, #2453, #1124 ) ) ;
#1766 = EDGE_CURVE ( 'NONE', #1004, #1451, #1688, .T. ) ;
#1767 = ADVANCED_FACE ( 'NONE', ( #87 ), #973, .F. ) ;
#1768 = DIRECTION ( 'NONE',  ( -1.000000000000000000, 0.000000000000000000, -0.000000000000000000 ) ) ;
#1769 = CARTESIAN_POINT ( 'NONE',  ( 55.00000000000002132, 0.000000000000000000, 55.00000000000000000 ) ) ;
#1770 = LINE ( 'NONE', #2608, #1793 ) ;
#1771 = DIRECTION ( 'NONE',  ( -0.000000000000000000, -1.000000000000000000, -0.000000000000000000 ) ) ;
#1772 = VERTEX_POINT ( 'NONE', #1467 ) ;
#1773 = ORIENTED_EDGE ( 'NONE', *, *, #406, .F. ) ;
#1774 = AXIS2_PLACEMENT_3D ( 'NONE', #1710, #1042, #2547 ) ;
#1775 = CARTESIAN_POINT ( 'NONE',  ( 11.89999999999963975, 0.000000000000000000, 19.89999999999962910 ) ) ;
#1776 = DIRECTION ( 'NONE',  ( 0.000000000000000000, 1.000000000000000000, 0.000000000000000000 ) ) ;
#1777 = ORIENTED_EDGE ( 'NONE', *, *, #1353, .T. ) ;
#1778 = ORIENTED_EDGE ( 'NONE', *, *, #903, .F. ) ;
#1779 = LINE ( 'NONE', #2616, #2233 ) ;
#1780 = EDGE_CURVE ( 'NONE', #1246, #2500, #1425, .T. ) ;
#1781 = DIRECTION ( 'NONE',  ( 0.000000000000000000, 0.000000000000000000, 1.000000000000000000 ) ) ;
#1782 = DIRECTION ( 'NONE',  ( 0.000000000000000000, 0.000000000000000000, -1.000000000000000000 ) ) ;
#1783 = CARTESIAN_POINT ( 'NONE',  ( -54.99999999999997868, 0.000000000000000000, -29.99999999999998579 ) ) ;
#1784 = EDGE_CURVE ( 'NONE', #1913, #672, #1003, .T. ) ;
#1785 = ORIENTED_EDGE ( 'NONE', *, *, #875, .T. ) ;
#1786 = APPROVAL_STATUS ( 'not_yet_approved' ) ;
#1787 = CARTESIAN_POINT ( 'NONE',  ( -11.89999999999992042, 3.000000000000000000, -16.80000000000043769 ) ) ;
#1788 = ORIENTED_EDGE ( 'NONE', *, *, #1229, .F. ) ;
#1789 = ORIENTED_EDGE ( 'NONE', *, *, #657, .T. ) ;
#1790 = CARTESIAN_POINT ( 'NONE',  ( 28.57071421427139413, 0.000000000000000000, 58.49999999999987921 ) ) ;
#1791 = DIRECTION ( 'NONE',  ( -1.000000000000000000, -0.000000000000000000, 1.360023205165880818E-14 ) ) ;
#1792 = EDGE_CURVE ( 'NONE', #169, #645, #1858, .T. ) ;
#1793 = VECTOR ( 'NONE', #2429, 1000.000000000000000 ) ;
#1794 = CARTESIAN_POINT ( 'NONE',  ( -21.42928578572854903, 2.999999999999999112, 58.49999999999987921 ) ) ;
#1795 = DIRECTION ( 'NONE',  ( 0.000000000000000000, 1.000000000000000000, 0.000000000000000000 ) ) ;
#1796 = ORIENTED_EDGE ( 'NONE', *, *, #1471, .F. ) ;
#1797 = EDGE_CURVE ( 'NONE', #645, #1454, #1598, .T. ) ;
#1798 = DATE_AND_TIME ( #1382, #485 ) ;
#1799 = CARTESIAN_POINT ( 'NONE',  ( 11.89999999999996305, 0.000000000000000000, -19.90000000000043556 ) ) ;
#1800 = ORIENTED_EDGE ( 'NONE', *, *, #773, .T. ) ;
#1801 = DIRECTION ( 'NONE',  ( -0.000000000000000000, 1.000000000000000000, -0.000000000000000000 ) ) ;
#1802 = ORIENTED_EDGE ( 'NONE', *, *, #2139, .F. ) ;
#1803 = DIRECTION ( 'NONE',  ( 1.000000000000000000, 0.000000000000000000, 0.000000000000000000 ) ) ;
#1804 = CARTESIAN_POINT ( 'NONE',  ( -48.59999999999966747, 3.000000000000000000, 18.34999999999980957 ) ) ;
#1805 = CARTESIAN_POINT ( 'NONE',  ( -14.99999999999997868, 3.000000000000000000, 33.50000000000000000 ) ) ;
#1806 = DIRECTION ( 'NONE',  ( 0.000000000000000000, 0.000000000000000000, 1.000000000000000000 ) ) ;
#1807 = EDGE_CURVE ( 'NONE', #1867, #2162, #2434, .T. ) ;
#1808 = EDGE_LOOP ( 'NONE', ( #1717, #904, #2040, #1984 ) ) ;
#1809 = AXIS2_PLACEMENT_3D ( 'NONE', #847, #2696, #2284 ) ;
#1810 = DATE_TIME_ROLE ( 'classification_date' ) ;
#1811 = EDGE_CURVE ( 'NONE', #1179, #1622, #2039, .T. ) ;
#1812 = DIRECTION ( 'NONE',  ( 0.000000000000000000, 1.000000000000000000, -0.000000000000000000 ) ) ;
#1813 = AXIS2_PLACEMENT_3D ( 'NONE', #2710, #433, #2299 ) ;
#1814 = ORIENTED_EDGE ( 'NONE', *, *, #889, .T. ) ;
#1815 = CARTESIAN_POINT ( 'NONE',  ( -19.99999999999996803, -14.14213562373094923, 55.00000000000000711 ) ) ;
#1816 = AXIS2_PLACEMENT_3D ( 'NONE', #2322, #2694, #1214 ) ;
#1817 = ORIENTED_EDGE ( 'NONE', *, *, #1181, .T. ) ;
#1818 = DIRECTION ( 'NONE',  ( 0.000000000000000000, 1.000000000000000000, 0.000000000000000000 ) ) ;
#1819 = FACE_OUTER_BOUND ( 'NONE', #1335, .T. ) ;
#1820 = CARTESIAN_POINT ( 'NONE',  ( -44.99999999999997868, 0.000000000000000000, -29.99999999999998579 ) ) ;
#1821 = ORIENTED_EDGE ( 'NONE', *, *, #2183, .T. ) ;
#1822 = ORIENTED_EDGE ( 'NONE', *, *, #1444, .F. ) ;
#1823 = DATE_AND_TIME ( #986, #1045 ) ;
#1824 = DIRECTION ( 'NONE',  ( 0.000000000000000000, 0.000000000000000000, -1.000000000000000000 ) ) ;
#1825 = ORIENTED_EDGE ( 'NONE', *, *, #2019, .F. ) ;
#1826 = CARTESIAN_POINT ( 'NONE',  ( -24.99999999999997158, 3.000000000000000000, 54.99999999999987210 ) ) ;
#1827 = AXIS2_PLACEMENT_3D ( 'NONE', #1971, #2440, #496 ) ;
#1828 = ORIENTED_EDGE ( 'NONE', *, *, #1703, .F. ) ;
#1829 = EDGE_CURVE ( 'NONE', #985, #2244, #1948, .T. ) ;
#1830 = LINE ( 'NONE', #2456, #1433 ) ;
#1831 = CARTESIAN_POINT ( 'NONE',  ( 15.00000000000002132, 3.000000000000000000, 49.50000000000000000 ) ) ;
#1832 = DIRECTION ( 'NONE',  ( 0.000000000000000000, 0.000000000000000000, -1.000000000000000000 ) ) ;
#1833 = VECTOR ( 'NONE', #1771, 1000.000000000000000 ) ;
#1834 = CIRCLE ( 'NONE', #1536, 1.050000000000002265 ) ;
#1835 = CYLINDRICAL_SURFACE ( 'NONE', #2110, 4.999999999999997335 ) ;
#1836 = VERTEX_POINT ( 'NONE', #1252 ) ;
#1837 = ORIENTED_EDGE ( 'NONE', *, *, #2139, .T. ) ;
#1838 = CIRCLE ( 'NONE', #106, 1.500000000000001332 ) ;
#1839 = DIRECTION ( 'NONE',  ( -0.000000000000000000, -1.000000000000000000, -0.000000000000000000 ) ) ;
#1840 = VERTEX_POINT ( 'NONE', #387 ) ;
#1841 = DIRECTION ( 'NONE',  ( -0.000000000000000000, 1.000000000000000000, -0.000000000000000000 ) ) ;
#1842 = EDGE_CURVE ( 'NONE', #1095, #1836, #2721, .T. ) ;
#1843 = ORIENTED_EDGE ( 'NONE', *, *, #428, .T. ) ;
#1844 = ADVANCED_FACE ( 'NONE', ( #1892 ), #184, .T. ) ;
#1845 = DIRECTION ( 'NONE',  ( 0.000000000000000000, 1.000000000000000000, 0.000000000000000000 ) ) ;
#1846 = EDGE_CURVE ( 'NONE', #1697, #2408, #2650, .T. ) ;
#1847 = LINE ( 'NONE', #587, #1395 ) ;
#1848 = CARTESIAN_POINT ( 'NONE',  ( 19.99999999999996803, 0.000000000000000000, 55.00000000000000711 ) ) ;
#1849 = LINE ( 'NONE', #289, #2551 ) ;
#1850 = ORIENTED_EDGE ( 'NONE', *, *, #2740, .F. ) ;
#1851 = ORIENTED_EDGE ( 'NONE', *, *, #1829, .T. ) ;
#1852 = CARTESIAN_POINT ( 'NONE',  ( 55.00000000000002132, 3.000000000000000000, 55.00000000000000000 ) ) ;
#1853 = ORIENTED_EDGE ( 'NONE', *, *, #2619, .T. ) ;
#1854 = CARTESIAN_POINT ( 'NONE',  ( -11.89999999999992042, 3.000000000000000000, -18.35000000000043485 ) ) ;
#1855 = VECTOR ( 'NONE', #2651, 1000.000000000000000 ) ;
#1856 = DIRECTION ( 'NONE',  ( 0.000000000000000000, 0.000000000000000000, -1.000000000000000000 ) ) ;
#1857 = EDGE_LOOP ( 'NONE', ( #2520, #1822, #569, #1940 ) ) ;
#1858 = CIRCLE ( 'NONE', #34, 4.999999999999997335 ) ;
#1859 = CARTESIAN_POINT ( 'NONE',  ( 30.00000000000017408, 0.000000000000000000, -54.99999999999987210 ) ) ;
#1860 = DIRECTION ( 'NONE',  ( 0.000000000000000000, 0.000000000000000000, 1.000000000000000000 ) ) ;
#1861 = CARTESIAN_POINT ( 'NONE',  ( 48.60000000000002274, 3.000000000000000000, -18.34999999999998721 ) ) ;
#1862 = ORIENTED_EDGE ( 'NONE', *, *, #461, .F. ) ;
#1863 = AXIS2_PLACEMENT_3D ( 'NONE', #2566, #1519, #695 ) ;
#1864 = VERTEX_POINT ( 'NONE', #157 ) ;
#1865 = EDGE_CURVE ( 'NONE', #483, #1926, #1463, .T. ) ;
#1866 = DIRECTION ( 'NONE',  ( 0.000000000000000000, 0.000000000000000000, 1.000000000000000000 ) ) ;
#1867 = VERTEX_POINT ( 'NONE', #430 ) ;
#1868 = CARTESIAN_POINT ( 'NONE',  ( -24.99999999999997158, 0.000000000000000000, -56.49999999999987921 ) ) ;
#1869 = CYLINDRICAL_SURFACE ( 'NONE', #1813, 1.500000000000001332 ) ;
#1870 = ORIENTED_EDGE ( 'NONE', *, *, #2532, .F. ) ;
#1871 = DIRECTION ( 'NONE',  ( -1.387778780781445676E-16, -0.000000000000000000, -1.000000000000000000 ) ) ;
#1872 = CARTESIAN_POINT ( 'NONE',  ( -54.99999999999997868, 3.000000000000000000, 55.00000000000001421 ) ) ;
#1873 = DIRECTION ( 'NONE',  ( 0.000000000000000000, 0.000000000000000000, 1.000000000000000000 ) ) ;
#1874 = EDGE_LOOP ( 'NONE', ( #427, #763, #1669, #930 ) ) ;
#1875 = ORIENTED_EDGE ( 'NONE', *, *, #1551, .T. ) ;
#1876 = CIRCLE ( 'NONE', #1255, 1.050000000000002265 ) ;
#1877 = CIRCLE ( 'NONE', #722, 1.500000000000001332 ) ;
#1878 = EDGE_CURVE ( 'NONE', #1251, #548, #794, .T. ) ;
#1879 = EDGE_CURVE ( 'NONE', #1098, #135, #1637, .T. ) ;
#1880 = CARTESIAN_POINT ( 'NONE',  ( -24.99999999999997158, 0.000000000000000000, -54.99999999999987210 ) ) ;
#1881 = ORIENTED_EDGE ( 'NONE', *, *, #1811, .T. ) ;
#1882 = AXIS2_PLACEMENT_3D ( 'NONE', #1306, #1490, #1716 ) ;
#1883 = DIRECTION ( 'NONE',  ( 0.000000000000000000, 0.000000000000000000, -1.000000000000000000 ) ) ;
#1884 = FACE_OUTER_BOUND ( 'NONE', #1299, .T. ) ;
#1885 = ORIENTED_EDGE ( 'NONE', *, *, #1931, .T. ) ;
#1886 = DIRECTION ( 'NONE',  ( 0.000000000000000000, 1.000000000000000000, -0.000000000000000000 ) ) ;
#1887 = CARTESIAN_POINT ( 'NONE',  ( -54.99999999999912603, 0.000000000000000000, 29.99999999999999645 ) ) ;
#1888 = CARTESIAN_POINT ( 'NONE',  ( 24.99999999999997158, 0.000000000000000000, -53.49999999999987210 ) ) ;
#1889 = ORIENTED_EDGE ( 'NONE', *, *, #1181, .F. ) ;
#1890 = EDGE_LOOP ( 'NONE', ( #1691, #553, #676, #1875 ) ) ;
#1891 = EDGE_CURVE ( 'NONE', #2228, #1994, #538, .T. ) ;
#1892 = FACE_OUTER_BOUND ( 'NONE', #1113, .T. ) ;
#1893 = ORIENTED_EDGE ( 'NONE', *, *, #1147, .F. ) ;
#1894 = CARTESIAN_POINT ( 'NONE',  ( -48.59999999999966747, 0.000000000000000000, 16.79999999999981597 ) ) ;
#1895 = CIRCLE ( 'NONE', #1945, 1.549999999999995826 ) ;
#1896 = EDGE_CURVE ( 'NONE', #2611, #741, #618, .T. ) ;
#1897 = CARTESIAN_POINT ( 'NONE',  ( -49.99999999999997158, 3.000000000000000000, -29.99999999999986855 ) ) ;
#1898 = EDGE_LOOP ( 'NONE', ( #2679, #571, #2513, #158 ) ) ;
#1899 = VECTOR ( 'NONE', #2146, 1000.000000000000000 ) ;
#1900 = ADVANCED_FACE ( 'NONE', ( #1439 ), #2294, .F. ) ;
#1901 = CARTESIAN_POINT ( 'NONE',  ( 11.89999999999996305, 3.000000000000000000, -18.35000000000043485 ) ) ;
#1902 = AXIS2_PLACEMENT_3D ( 'NONE', #1722, #1776, #1130 ) ;
#1903 = DIRECTION ( 'NONE',  ( 0.000000000000000000, 0.000000000000000000, -1.000000000000000000 ) ) ;
#1904 = CARTESIAN_POINT ( 'NONE',  ( 49.99999999999997158, 0.000000000000000000, -29.99999999999986855 ) ) ;
#1905 = ORIENTED_EDGE ( 'NONE', *, *, #1507, .F. ) ;
#1906 = CARTESIAN_POINT ( 'NONE',  ( 21.42928578572854903, -14.14213562373094923, -58.49999999999987921 ) ) ;
#1907 = EDGE_LOOP ( 'NONE', ( #1190, #881, #1324, #1409 ) ) ;
#1908 = DIRECTION ( 'NONE',  ( -2.081668171172169697E-15, 0.000000000000000000, -1.000000000000000000 ) ) ;
#1909 = ORIENTED_EDGE ( 'NONE', *, *, #2361, .T. ) ;
#1910 = FACE_OUTER_BOUND ( 'NONE', #1964, .T. ) ;
#1911 = FACE_OUTER_BOUND ( 'NONE', #326, .T. ) ;
#1912 = CARTESIAN_POINT ( 'NONE',  ( -54.99999999999912603, 3.000000000000000000, 29.99999999999999645 ) ) ;
#1913 = VERTEX_POINT ( 'NONE', #400 ) ;
#1914 = ADVANCED_FACE ( 'NONE', ( #2516 ), #1241, .F. ) ;
#1915 = LINE ( 'NONE', #1063, #12 ) ;
#1916 = CARTESIAN_POINT ( 'NONE',  ( -14.99999999999997868, 3.000000000000000000, 35.00000000000000000 ) ) ;
#1917 = DIRECTION ( 'NONE',  ( -0.000000000000000000, 1.000000000000000000, -0.000000000000000000 ) ) ;
#1918 = LINE ( 'NONE', #1520, #855 ) ;
#1919 = ORIENTED_EDGE ( 'NONE', *, *, #2188, .T. ) ;
#1920 = AXIS2_PLACEMENT_3D ( 'NONE', #1989, #1604, #2676 ) ;
#1921 = VERTEX_POINT ( 'NONE', #2542 ) ;
#1922 = PERSON_AND_ORGANIZATION ( #512, #2514 ) ;
#1923 = CARTESIAN_POINT ( 'NONE',  ( 49.99999999999997158, 0.000000000000000000, -31.49999999999986855 ) ) ;
#1924 = AXIS2_PLACEMENT_3D ( 'NONE', #1094, #482, #236 ) ;
#1925 = DIRECTION ( 'NONE',  ( 0.000000000000000000, 1.000000000000000000, 0.000000000000000000 ) ) ;
#1926 = VERTEX_POINT ( 'NONE', #699 ) ;
#1927 = ADVANCED_FACE ( 'NONE', ( #1758 ), #2158, .F. ) ;
#1928 = AXIS2_PLACEMENT_3D ( 'NONE', #363, #1193, #2071 ) ;
#1929 = FACE_OUTER_BOUND ( 'NONE', #385, .T. ) ;
#1930 = FACE_OUTER_BOUND ( 'NONE', #2422, .T. ) ;
#1931 = EDGE_CURVE ( 'NONE', #1351, #2190, #286, .T. ) ;
#1932 = EDGE_CURVE ( 'NONE', #529, #1651, #767, .T. ) ;
#1933 = CARTESIAN_POINT ( 'NONE',  ( -11.89999999999992042, 0.000000000000000000, -19.90000000000043556 ) ) ;
#1934 = DIRECTION ( 'NONE',  ( 0.000000000000000000, 0.000000000000000000, -1.000000000000000000 ) ) ;
#1935 = DIRECTION ( 'NONE',  ( -0.000000000000000000, -1.000000000000000000, -0.000000000000000000 ) ) ;
#1936 = EDGE_LOOP ( 'NONE', ( #506, #317 ) ) ;
#1937 = DIRECTION ( 'NONE',  ( 0.000000000000000000, 1.000000000000000000, 0.000000000000000000 ) ) ;
#1938 = CARTESIAN_POINT ( 'NONE',  ( -49.99999999999997158, 0.000000000000000000, 29.99999999999986855 ) ) ;
#1939 = CARTESIAN_POINT ( 'NONE',  ( -49.99999999999997158, 0.000000000000000000, -29.99999999999986855 ) ) ;
#1940 = ORIENTED_EDGE ( 'NONE', *, *, #2132, .T. ) ;
#1941 = CC_DESIGN_SECURITY_CLASSIFICATION ( #2208, ( #1987 ) ) ;
#1942 = VECTOR ( 'NONE', #1801, 1000.000000000000000 ) ;
#1943 = DIRECTION ( 'NONE',  ( -0.000000000000000000, -1.000000000000000000, -0.000000000000000000 ) ) ;
#1944 = CYLINDRICAL_SURFACE ( 'NONE', #2106, 1.549999999999995826 ) ;
#1945 = AXIS2_PLACEMENT_3D ( 'NONE', #1059, #418, #1456 ) ;
#1946 = DIRECTION ( 'NONE',  ( -0.000000000000000000, -1.000000000000000000, -0.000000000000000000 ) ) ;
#1947 = DIRECTION ( 'NONE',  ( 0.000000000000000000, 1.000000000000000000, 0.000000000000000000 ) ) ;
#1948 = CIRCLE ( 'NONE', #1145, 1.549999999999999378 ) ;
#1949 = ORIENTED_EDGE ( 'NONE', *, *, #2734, .F. ) ;
#1950 = EDGE_CURVE ( 'NONE', #313, #1013, #1422, .T. ) ;
#1951 = DIRECTION ( 'NONE',  ( 0.000000000000000000, 1.000000000000000000, -0.000000000000000000 ) ) ;
#1952 = DIRECTION ( 'NONE',  ( -0.000000000000000000, 1.000000000000000000, -0.000000000000000000 ) ) ;
#1953 = DIRECTION ( 'NONE',  ( 0.000000000000000000, 1.000000000000000000, 0.000000000000000000 ) ) ;
#1954 = EDGE_LOOP ( 'NONE', ( #502, #2529, #2103, #738 ) ) ;
#1955 = CIRCLE ( 'NONE', #752, 1.050000000000002265 ) ;
#1956 = ORIENTED_EDGE ( 'NONE', *, *, #1615, .T. ) ;
#1957 = DIRECTION ( 'NONE',  ( 0.000000000000000000, 0.000000000000000000, 1.000000000000000000 ) ) ;
#1958 = DIRECTION ( 'NONE',  ( 0.000000000000000000, 1.000000000000000000, 0.000000000000000000 ) ) ;
#1959 = DIRECTION ( 'NONE',  ( 0.000000000000000000, 1.000000000000000000, -0.000000000000000000 ) ) ;
#1960 = DIRECTION ( 'NONE',  ( 0.000000000000000000, 0.000000000000000000, 1.000000000000000000 ) ) ;
#1961 = DIRECTION ( 'NONE',  ( 0.000000000000000000, 0.000000000000000000, 1.000000000000000000 ) ) ;
#1962 = EDGE_CURVE ( 'NONE', #275, #741, #517, .T. ) ;
#1963 = AXIS2_PLACEMENT_3D ( 'NONE', #849, #702, #228 ) ;
#1964 = EDGE_LOOP ( 'NONE', ( #1372, #513, #1470, #416 ) ) ;
#1965 = LINE ( 'NONE', #1511, #442 ) ;
#1966 = EDGE_CURVE ( 'NONE', #2112, #483, #268, .T. ) ;
#1967 = CARTESIAN_POINT ( 'NONE',  ( -19.99999999999996803, 3.000000000000000000, 55.00000000000000711 ) ) ;
#1968 = CARTESIAN_POINT ( 'NONE',  ( 15.00000000000002132, 3.000000000000000000, 49.50000000000000000 ) ) ;
#1969 = EDGE_LOOP ( 'NONE', ( #2062, #2638, #2185, #1789 ) ) ;
#1970 = VERTEX_POINT ( 'NONE', #1290 ) ;
#1971 = CARTESIAN_POINT ( 'NONE',  ( 11.89999999999963975, 3.000000000000000000, 18.34999999999962839 ) ) ;
#1972 = CIRCLE ( 'NONE', #1928, 1.550000000000002709 ) ;
#1973 = CARTESIAN_POINT ( 'NONE',  ( 29.99999999999997158, 3.000000000000000000, 55.00000000000038369 ) ) ;
#1974 = CARTESIAN_POINT ( 'NONE',  ( -29.99999999999997513, 0.000000000000000000, -29.99999999999998579 ) ) ;
#1975 = DIRECTION ( 'NONE',  ( -1.360023205165880818E-14, 0.000000000000000000, -1.000000000000000000 ) ) ;
#1976 = VERTEX_POINT ( 'NONE', #426 ) ;
#1977 = ORIENTED_EDGE ( 'NONE', *, *, #1797, .T. ) ;
#1978 = DIRECTION ( 'NONE',  ( 2.081668171172169697E-15, 0.000000000000000000, -1.000000000000000000 ) ) ;
#1979 = CARTESIAN_POINT ( 'NONE',  ( -24.50000000000000000, 3.000000000000000000, -47.19999999999999574 ) ) ;
#1980 = DIRECTION ( 'NONE',  ( 0.000000000000000000, 1.000000000000000000, -0.000000000000000000 ) ) ;
#1981 = EDGE_LOOP ( 'NONE', ( #1493, #2603, #1329, #2548 ) ) ;
#1982 = ADVANCED_FACE ( 'NONE', ( #453 ), #1110, .T. ) ;
#1983 = AXIS2_PLACEMENT_3D ( 'NONE', #1904, #1917, #653 ) ;
#1984 = ORIENTED_EDGE ( 'NONE', *, *, #72, .F. ) ;
#1985 = CARTESIAN_POINT ( 'NONE',  ( 22.50000000000000355, 3.000000000000000000, -47.19999999999999574 ) ) ;
#1986 = EDGE_CURVE ( 'NONE', #292, #1397, #654, .T. ) ;
#1987 = PRODUCT_DEFINITION_FORMATION_WITH_SPECIFIED_SOURCE ( 'ANY', '', #1184, .NOT_KNOWN. ) ;
#1988 = CARTESIAN_POINT ( 'NONE',  ( 48.59999999999970299, 0.000000000000000000, 19.89999999999980673 ) ) ;
#1989 = CARTESIAN_POINT ( 'NONE',  ( -49.99999999999997158, 3.000000000000000000, 29.99999999999986855 ) ) ;
#1990 = ORIENTED_EDGE ( 'NONE', *, *, #960, .F. ) ;
#1991 = ORIENTED_EDGE ( 'NONE', *, *, #1784, .T. ) ;
#1992 = VECTOR ( 'NONE', #2449, 1000.000000000000000 ) ;
#1993 = DIRECTION ( 'NONE',  ( -0.000000000000000000, -1.000000000000000000, -0.000000000000000000 ) ) ;
#1994 = VERTEX_POINT ( 'NONE', #871 ) ;
#1995 = PRODUCT_RELATED_PRODUCT_CATEGORY ( 'detail', '', ( #1184 ) ) ;
#1996 = VECTOR ( 'NONE', #524, 1000.000000000000000 ) ;
#1997 = ORIENTED_EDGE ( 'NONE', *, *, #2707, .F. ) ;
#1998 = CYLINDRICAL_SURFACE ( 'NONE', #2406, 1.050000000000002265 ) ;
#1999 = LINE ( 'NONE', #2617, #1017 ) ;
#2000 = EDGE_CURVE ( 'NONE', #1707, #84, #149, .T. ) ;
#2001 = CARTESIAN_POINT ( 'NONE',  ( 22.50000000000000355, 3.000000000000000000, -48.25000000000000000 ) ) ;
#2002 = CARTESIAN_POINT ( 'NONE',  ( 49.99999999999997158, 0.000000000000000000, 29.99999999999986855 ) ) ;
#2003 = EDGE_LOOP ( 'NONE', ( #1056, #11, #460, #1052 ) ) ;
#2004 = ORIENTED_EDGE ( 'NONE', *, *, #319, .T. ) ;
#2005 = APPROVAL_ROLE ( '' ) ;
#2006 = CARTESIAN_POINT ( 'NONE',  ( -44.99999999999997868, -14.14213562373094923, -29.99999999999998579 ) ) ;
#2007 = ORIENTED_EDGE ( 'NONE', *, *, #231, .F. ) ;
#2008 = LINE ( 'NONE', #372, #487 ) ;
#2009 = VERTEX_POINT ( 'NONE', #2371 ) ;
#2010 = EDGE_CURVE ( 'NONE', #2112, #2683, #1834, .T. ) ;
#2011 = CIRCLE ( 'NONE', #421, 4.999999999999997335 ) ;
#2012 = DIRECTION ( 'NONE',  ( -0.000000000000000000, 1.000000000000000000, -0.000000000000000000 ) ) ;
#2013 = VECTOR ( 'NONE', #1288, 1000.000000000000000 ) ;
#2014 = CARTESIAN_POINT ( 'NONE',  ( -11.89999999999959890, 0.000000000000000000, 18.34999999999962839 ) ) ;
#2015 = AXIS2_PLACEMENT_3D ( 'NONE', #1161, #1333, #551 ) ;
#2016 = CARTESIAN_POINT ( 'NONE',  ( -24.49999999999999645, 3.000000000000000000, -34.74999999999999289 ) ) ;
#2017 = CARTESIAN_POINT ( 'NONE',  ( -54.99999999999997158, 0.000000000000000000, 29.99999999999999645 ) ) ;
#2018 = ADVANCED_FACE ( 'NONE', ( #38 ), #223, .F. ) ;
#2019 = EDGE_CURVE ( 'NONE', #2190, #2265, #1082, .T. ) ;
#2020 = ORIENTED_EDGE ( 'NONE', *, *, #1649, .T. ) ;
#2021 = ORIENTED_EDGE ( 'NONE', *, *, #573, .F. ) ;
#2022 = DIRECTION ( 'NONE',  ( -4.704570066849037100E-14, 0.000000000000000000, -1.000000000000000000 ) ) ;
#2023 = EDGE_LOOP ( 'NONE', ( #2021, #946 ) ) ;
#2024 = LINE ( 'NONE', #1815, #1684 ) ;
#2025 = AXIS2_PLACEMENT_3D ( 'NONE', #2187, #577, #1420 ) ;
#2026 = EDGE_LOOP ( 'NONE', ( #2479, #1571, #1843, #846 ) ) ;
#2027 = CYLINDRICAL_SURFACE ( 'NONE', #2492, 1.500000000000001332 ) ;
#2028 = LINE ( 'NONE', #2657, #1754 ) ;
#2029 = CARTESIAN_POINT ( 'NONE',  ( 24.99999999999997158, 3.000000000000000000, -54.99999999999987210 ) ) ;
#2030 = LINE ( 'NONE', #139, #906 ) ;
#2031 = ORIENTED_EDGE ( 'NONE', *, *, #801, .F. ) ;
#2032 = AXIS2_PLACEMENT_3D ( 'NONE', #1254, #2748, #2504 ) ;
#2033 = DATE_TIME_ROLE ( 'creation_date' ) ;
#2034 = EDGE_CURVE ( 'NONE', #2621, #780, #7, .T. ) ;
#2035 = CARTESIAN_POINT ( 'NONE',  ( -14.99999999999997868, 0.000000000000000000, 35.00000000000000000 ) ) ;
#2036 = AXIS2_PLACEMENT_3D ( 'NONE', #59, #260, #2364 ) ;
#2037 = ORIENTED_EDGE ( 'NONE', *, *, #165, .T. ) ;
#2038 = DIRECTION ( 'NONE',  ( -1.000000000000000000, 0.000000000000000000, 1.261617073437677999E-16 ) ) ;
#2039 = CIRCLE ( 'NONE', #401, 1.550000000000002709 ) ;
#2040 = ORIENTED_EDGE ( 'NONE', *, *, #1108, .F. ) ;
#2041 = DIRECTION ( 'NONE',  ( 0.000000000000000000, 1.000000000000000000, 0.000000000000000000 ) ) ;
#2042 = CARTESIAN_POINT ( 'NONE',  ( 24.99999999999997158, 0.000000000000000000, 53.49999999999987210 ) ) ;
#2043 = CARTESIAN_POINT ( 'NONE',  ( -14.99999999999997868, 3.000000000000000000, 32.00000000000000000 ) ) ;
#2044 = CARTESIAN_POINT ( 'NONE',  ( 55.00000000000009237, 3.000000000000000000, -29.99999999999978684 ) ) ;
#2045 = ORIENTED_EDGE ( 'NONE', *, *, #2583, .F. ) ;
#2046 = EDGE_LOOP ( 'NONE', ( #678, #970, #1956, #492 ) ) ;
#2047 = EDGE_CURVE ( 'NONE', #1840, #807, #600, .T. ) ;
#2048 = CALENDAR_DATE ( 2026, 9, 3 ) ;
#2049 = DIRECTION ( 'NONE',  ( 0.000000000000000000, 1.000000000000000000, 0.000000000000000000 ) ) ;
#2050 = ORIENTED_EDGE ( 'NONE', *, *, #2401, .F. ) ;
#2051 = FACE_BOUND ( 'NONE', #1239, .T. ) ;
#2052 = EDGE_CURVE ( 'NONE', #548, #2572, #9, .T. ) ;
#2053 = EDGE_CURVE ( 'NONE', #2316, #2408, #1729, .T. ) ;
#2054 = CIRCLE ( 'NONE', #50, 1.549999999999999378 ) ;
#2055 = EDGE_LOOP ( 'NONE', ( #490, #1014, #88, #2212 ) ) ;
#2056 = FACE_OUTER_BOUND ( 'NONE', #2074, .T. ) ;
#2057 = CYLINDRICAL_SURFACE ( 'NONE', #2235, 1.500000000000001332 ) ;
#2058 = LINE ( 'NONE', #2702, #1393 ) ;
#2059 = CIRCLE ( 'NONE', #813, 1.549999999999995826 ) ;
#2060 = AXIS2_PLACEMENT_3D ( 'NONE', #1756, #696, #670 ) ;
#2061 = CARTESIAN_POINT ( 'NONE',  ( -49.99999999999997158, -14.14213562373094923, 34.99999999999986500 ) ) ;
#2062 = ORIENTED_EDGE ( 'NONE', *, *, #840, .F. ) ;
#2063 = ORIENTED_EDGE ( 'NONE', *, *, #1054, .T. ) ;
#2064 = AXIS2_PLACEMENT_3D ( 'NONE', #1901, #264, #1700 ) ;
#2065 = DIRECTION ( 'NONE',  ( 1.000000000000000000, 0.000000000000000000, -4.704570066849037100E-14 ) ) ;
#2066 = EDGE_LOOP ( 'NONE', ( #795, #361, #1068, #1468 ) ) ;
#2067 = FACE_OUTER_BOUND ( 'NONE', #449, .T. ) ;
#2068 = ORIENTED_EDGE ( 'NONE', *, *, #2302, .T. ) ;
#2069 = DIRECTION ( 'NONE',  ( 0.000000000000000000, 0.000000000000000000, 1.000000000000000000 ) ) ;
#2070 = ADVANCED_FACE ( 'NONE', ( #1276 ), #2567, .T. ) ;
#2071 = DIRECTION ( 'NONE',  ( 0.000000000000000000, 0.000000000000000000, 1.000000000000000000 ) ) ;
#2072 = CARTESIAN_POINT ( 'NONE',  ( -49.99999999999997158, 0.000000000000000000, 31.49999999999986855 ) ) ;
#2073 = DIRECTION ( 'NONE',  ( 1.000000000000000000, -0.000000000000000000, 3.330669073875469621E-15 ) ) ;
#2074 = EDGE_LOOP ( 'NONE', ( #2307, #1478, #1330, #2640 ) ) ;
#2075 = ORIENTED_EDGE ( 'NONE', *, *, #1041, .T. ) ;
#2076 = APPROVAL_PERSON_ORGANIZATION ( #1153, #1698, #2005 ) ;
#2077 = CC_DESIGN_APPROVAL ( #227, ( #2208 ) ) ;
#2078 = DIRECTION ( 'NONE',  ( -0.000000000000000000, -1.000000000000000000, -0.000000000000000000 ) ) ;
#2079 = VERTEX_POINT ( 'NONE', #1265 ) ;
#2080 = CARTESIAN_POINT ( 'NONE',  ( 11.89999999999963975, 3.000000000000000000, 19.89999999999962910 ) ) ;
#2081 = CIRCLE ( 'NONE', #1325, 1.500000000000001332 ) ;
#2082 = CARTESIAN_POINT ( 'NONE',  ( 55.00000000000002132, 0.000000000000000000, 30.00000000000038014 ) ) ;
#2083 = EDGE_LOOP ( 'NONE', ( #1881, #1663 ) ) ;
#2084 = EDGE_CURVE ( 'NONE', #1580, #1867, #1918, .T. ) ;
#2085 = VECTOR ( 'NONE', #555, 1000.000000000000000 ) ;
#2086 = CARTESIAN_POINT ( 'NONE',  ( 21.42928578572854903, 0.000000000000000000, 58.49999999999987921 ) ) ;
#2087 = DIRECTION ( 'NONE',  ( -1.000000000000000000, 0.000000000000000000, 0.000000000000000000 ) ) ;
#2088 = EDGE_CURVE ( 'NONE', #721, #2599, #814, .T. ) ;
#2089 = FACE_OUTER_BOUND ( 'NONE', #2508, .T. ) ;
#2090 = AXIS2_PLACEMENT_3D ( 'NONE', #1616, #1192, #1174 ) ;
#2091 = EDGE_LOOP ( 'NONE', ( #2472, #413 ) ) ;
#2092 = ORIENTED_EDGE ( 'NONE', *, *, #113, .T. ) ;
#2093 = CARTESIAN_POINT ( 'NONE',  ( -49.99999999999997158, 0.000000000000000000, 29.99999999999986855 ) ) ;
#2094 = ORIENTED_EDGE ( 'NONE', *, *, #2706, .F. ) ;
#2095 = DIRECTION ( 'NONE',  ( 0.000000000000000000, 1.000000000000000000, 0.000000000000000000 ) ) ;
#2096 = LINE ( 'NONE', #634, #2340 ) ;
#2097 = ORIENTED_EDGE ( 'NONE', *, *, #455, .F. ) ;
#2098 = VECTOR ( 'NONE', #1525, 1000.000000000000000 ) ;
#2099 = EDGE_CURVE ( 'NONE', #1772, #2488, #208, .T. ) ;
#2100 = DIRECTION ( 'NONE',  ( 0.000000000000000000, 0.000000000000000000, -1.000000000000000000 ) ) ;
#2101 = DIRECTION ( 'NONE',  ( -0.000000000000000000, -1.000000000000000000, -0.000000000000000000 ) ) ;
#2102 = CYLINDRICAL_SURFACE ( 'NONE', #2556, 1.549999999999999378 ) ;
#2103 = ORIENTED_EDGE ( 'NONE', *, *, #2084, .T. ) ;
#2104 = VERTEX_POINT ( 'NONE', #844 ) ;
#2105 = EDGE_CURVE ( 'NONE', #888, #2316, #2407, .T. ) ;
#2106 = AXIS2_PLACEMENT_3D ( 'NONE', #2353, #1502, #2128 ) ;
#2107 = CARTESIAN_POINT ( 'NONE',  ( -11.89999999999992042, 0.000000000000000000, -18.35000000000043485 ) ) ;
#2108 = EDGE_LOOP ( 'NONE', ( #147, #270 ) ) ;
#2109 = AXIS2_PLACEMENT_3D ( 'NONE', #900, #2344, #1934 ) ;
#2110 = AXIS2_PLACEMENT_3D ( 'NONE', #2459, #1224, #168 ) ;
#2111 = DIRECTION ( 'NONE',  ( -1.000000000000000000, 0.000000000000000000, 1.387778780781445182E-16 ) ) ;
#2112 = VERTEX_POINT ( 'NONE', #1577 ) ;
#2113 = DIRECTION ( 'NONE',  ( 0.000000000000000000, 1.000000000000000000, 0.000000000000000000 ) ) ;
#2114 = CARTESIAN_POINT ( 'NONE',  ( 30.00000000000017408, 0.000000000000000000, -54.99999999999987210 ) ) ;
#2115 = CARTESIAN_POINT ( 'NONE',  ( 24.99999999999997158, 3.000000000000000000, 54.99999999999987210 ) ) ;
#2116 = ORIENTED_EDGE ( 'NONE', *, *, #1388, .F. ) ;
#2117 = DIRECTION ( 'NONE',  ( 0.000000000000000000, 0.000000000000000000, -1.000000000000000000 ) ) ;
#2118 = ORIENTED_EDGE ( 'NONE', *, *, #625, .F. ) ;
#2119 = DIRECTION ( 'NONE',  ( 0.000000000000000000, 0.000000000000000000, 1.000000000000000000 ) ) ;
#2120 = VERTEX_POINT ( 'NONE', #2001 ) ;
#2121 = DIRECTION ( 'NONE',  ( -0.000000000000000000, 1.000000000000000000, -0.000000000000000000 ) ) ;
#2122 = EDGE_CURVE ( 'NONE', #1970, #723, #2276, .T. ) ;
#2123 = LINE ( 'NONE', #2337, #417 ) ;
#2124 = LINE ( 'NONE', #2149, #352 ) ;
#2125 = ORIENTED_EDGE ( 'NONE', *, *, #996, .T. ) ;
#2126 = CARTESIAN_POINT ( 'NONE',  ( 15.00000000000002132, 3.000000000000000000, 49.50000000000000000 ) ) ;
#2127 = AXIS2_PLACEMENT_3D ( 'NONE', #598, #1030, #161 ) ;
#2128 = DIRECTION ( 'NONE',  ( 0.000000000000000000, 0.000000000000000000, -1.000000000000000000 ) ) ;
#2129 = DIRECTION ( 'NONE',  ( 0.000000000000000000, 0.000000000000000000, -1.000000000000000000 ) ) ;
#2130 = DIRECTION ( 'NONE',  ( -0.000000000000000000, 1.000000000000000000, -0.000000000000000000 ) ) ;
#2131 = DIRECTION ( 'NONE',  ( -6.938893903907232322E-16, 0.000000000000000000, -1.000000000000000000 ) ) ;
#2132 = EDGE_CURVE ( 'NONE', #1397, #1394, #334, .T. ) ;
#2133 = ORIENTED_EDGE ( 'NONE', *, *, #17, .T. ) ;
#2134 = CARTESIAN_POINT ( 'NONE',  ( 22.50000000000000355, 3.000000000000000000, -47.19999999999999574 ) ) ;
#2135 = CARTESIAN_POINT ( 'NONE',  ( 24.99999999999997158, 0.000000000000000000, -56.49999999999987921 ) ) ;
#2136 = LINE ( 'NONE', #229, #2737 ) ;
#2137 = ORIENTED_EDGE ( 'NONE', *, *, #677, .T. ) ;
#2138 = ADVANCED_FACE ( 'NONE', ( #525 ), #1362, .F. ) ;
#2139 = EDGE_CURVE ( 'NONE', #1994, #2228, #239, .T. ) ;
#2140 = DIRECTION ( 'NONE',  ( -0.000000000000000000, 1.000000000000000000, -0.000000000000000000 ) ) ;
#2141 = CARTESIAN_POINT ( 'NONE',  ( -11.89999999999992042, 3.000000000000000000, -16.80000000000043769 ) ) ;
#2142 = CARTESIAN_POINT ( 'NONE',  ( 11.89999999999963975, 3.000000000000000000, 18.34999999999962839 ) ) ;
#2143 = DIRECTION ( 'NONE',  ( 0.000000000000000000, 1.000000000000000000, 0.000000000000000000 ) ) ;
#2144 = VECTOR ( 'NONE', #179, 1000.000000000000000 ) ;
#2145 = VERTEX_POINT ( 'NONE', #940 ) ;
#2146 = DIRECTION ( 'NONE',  ( -0.000000000000000000, -1.000000000000000000, -0.000000000000000000 ) ) ;
#2147 = CARTESIAN_POINT ( 'NONE',  ( -48.59999999999998010, 3.000000000000000000, -19.89999999999998792 ) ) ;
#2148 = CIRCLE ( 'NONE', #2497, 1.549999999999999378 ) ;
#2149 = CARTESIAN_POINT ( 'NONE',  ( -49.99999999999997158, 0.000000000000000000, -28.49999999999986144 ) ) ;
#2150 = VERTEX_POINT ( 'NONE', #1794 ) ;
#2151 = VECTOR ( 'NONE', #1234, 1000.000000000000000 ) ;
#2152 = DIRECTION ( 'NONE',  ( 0.000000000000000000, 0.000000000000000000, 1.000000000000000000 ) ) ;
#2153 = CARTESIAN_POINT ( 'NONE',  ( 48.60000000000002274, 0.000000000000000000, -18.34999999999998721 ) ) ;
#2154 = LINE ( 'NONE', #885, #1632 ) ;
#2155 = DIRECTION ( 'NONE',  ( 0.000000000000000000, 1.000000000000000000, -0.000000000000000000 ) ) ;
#2156 = CARTESIAN_POINT ( 'NONE',  ( 28.57071421427139413, 3.000000000000000000, -58.49999999999987921 ) ) ;
#2157 = CIRCLE ( 'NONE', #1673, 1.050000000000002265 ) ;
#2158 = CYLINDRICAL_SURFACE ( 'NONE', #58, 1.050000000000002265 ) ;
#2159 = VERTEX_POINT ( 'NONE', #1974 ) ;
#2160 = LINE ( 'NONE', #503, #277 ) ;
#2161 = CARTESIAN_POINT ( 'NONE',  ( -48.59999999999966747, 3.000000000000000000, 16.79999999999981597 ) ) ;
#2162 = VERTEX_POINT ( 'NONE', #733 ) ;
#2163 = ORIENTED_EDGE ( 'NONE', *, *, #1388, .T. ) ;
#2164 = EDGE_CURVE ( 'NONE', #366, #398, #1770, .T. ) ;
#2165 = CYLINDRICAL_SURFACE ( 'NONE', #2064, 1.549999999999999378 ) ;
#2166 = CARTESIAN_POINT ( 'NONE',  ( 48.59999999999970299, 3.000000000000000000, 19.89999999999980673 ) ) ;
#2167 = FACE_OUTER_BOUND ( 'NONE', #925, .T. ) ;
#2168 = DIRECTION ( 'NONE',  ( -0.000000000000000000, -1.000000000000000000, -0.000000000000000000 ) ) ;
#2169 = ORIENTED_EDGE ( 'NONE', *, *, #323, .F. ) ;
#2170 = EDGE_CURVE ( 'NONE', #425, #958, #2148, .T. ) ;
#2171 = VECTOR ( 'NONE', #1662, 1000.000000000000000 ) ;
#2172 = ORIENTED_EDGE ( 'NONE', *, *, #1406, .F. ) ;
#2173 = DIRECTION ( 'NONE',  ( 0.000000000000000000, 0.000000000000000000, 1.000000000000000000 ) ) ;
#2174 = FACE_OUTER_BOUND ( 'NONE', #1621, .T. ) ;
#2175 = ORIENTED_EDGE ( 'NONE', *, *, #2170, .T. ) ;
#2176 = ORIENTED_EDGE ( 'NONE', *, *, #903, .T. ) ;
#2177 = CARTESIAN_POINT ( 'NONE',  ( -11.89999999999992042, 3.000000000000000000, -18.35000000000043485 ) ) ;
#2178 = EDGE_CURVE ( 'NONE', #2477, #2265, #1303, .T. ) ;
#2179 = CARTESIAN_POINT ( 'NONE',  ( 54.99999999999997158, 0.000000000000000000, 30.00000000000038014 ) ) ;
#2180 = CARTESIAN_POINT ( 'NONE',  ( 54.99999999999997158, 3.000000000000000000, 30.00000000000038014 ) ) ;
#2181 = CARTESIAN_POINT ( 'NONE',  ( -28.57071421427139413, -14.14213562373094923, 58.49999999999987921 ) ) ;
#2182 = CC_DESIGN_DATE_AND_TIME_ASSIGNMENT ( #764, #2033, ( #2668 ) ) ;
#2183 = EDGE_CURVE ( 'NONE', #1452, #1264, #103, .T. ) ;
#2184 = DIRECTION ( 'NONE',  ( 0.000000000000000000, 1.000000000000000000, 0.000000000000000000 ) ) ;
#2185 = ORIENTED_EDGE ( 'NONE', *, *, #2734, .T. ) ;
#2186 = CYLINDRICAL_SURFACE ( 'NONE', #348, 4.999999999999997335 ) ;
#2187 = CARTESIAN_POINT ( 'NONE',  ( 24.99999999999997158, 3.000000000000000000, 54.99999999999987210 ) ) ;
#2188 = EDGE_CURVE ( 'NONE', #2500, #1104, #471, .T. ) ;
#2189 = CARTESIAN_POINT ( 'NONE',  ( -24.99999999999997158, 0.000000000000000000, -56.49999999999987921 ) ) ;
#2190 = VERTEX_POINT ( 'NONE', #2016 ) ;
#2191 = AXIS2_PLACEMENT_3D ( 'NONE', #860, #1307, #1705 ) ;
#2192 = VECTOR ( 'NONE', #859, 1000.000000000000000 ) ;
#2193 = EDGE_LOOP ( 'NONE', ( #1308, #2220, #1785, #984 ) ) ;
#2194 = PLANE ( 'NONE',  #1213 ) ;
#2195 = CIRCLE ( 'NONE', #151, 4.999999999999997335 ) ;
#2196 = CARTESIAN_POINT ( 'NONE',  ( -24.50000000000000000, 3.000000000000000000, -48.25000000000000000 ) ) ;
#2197 = CARTESIAN_POINT ( 'NONE',  ( -11.89999999999992042, 3.000000000000000000, -18.35000000000043485 ) ) ;
#2198 = DIRECTION ( 'NONE',  ( -0.000000000000000000, 1.000000000000000000, -0.000000000000000000 ) ) ;
#2199 = EDGE_LOOP ( 'NONE', ( #68, #269, #25, #2399 ) ) ;
#2200 = APPROVAL_DATE_TIME ( #1823, #227 ) ;
#2201 = LINE ( 'NONE', #2044, #62 ) ;
#2202 = LINE ( 'NONE', #1610, #2085 ) ;
#2203 = ORIENTED_EDGE ( 'NONE', *, *, #2573, .F. ) ;
#2204 = CIRCLE ( 'NONE', #1360, 1.500000000000001332 ) ;
#2205 = EDGE_CURVE ( 'NONE', #2120, #195, #2363, .T. ) ;
#2206 = ORIENTED_EDGE ( 'NONE', *, *, #41, .T. ) ;
#2207 = CARTESIAN_POINT ( 'NONE',  ( 49.99999999999997158, 0.000000000000000000, 28.49999999999986144 ) ) ;
#2208 = SECURITY_CLASSIFICATION ( '', '', #142 ) ;
#2209 = DIRECTION ( 'NONE',  ( 0.000000000000000000, 1.000000000000000000, -0.000000000000000000 ) ) ;
#2210 = CARTESIAN_POINT ( 'NONE',  ( -29.99999999999997513, 3.000012000000000345, 58.49999999999987921 ) ) ;
#2211 = CARTESIAN_POINT ( 'NONE',  ( -29.99999999999997158, 3.000000000000000000, -54.99999999999987210 ) ) ;
#2212 = ORIENTED_EDGE ( 'NONE', *, *, #1732, .F. ) ;
#2213 = APPROVAL_ROLE ( '' ) ;
#2214 = AXIS2_PLACEMENT_3D ( 'NONE', #2680, #2735, #582 ) ;
#2215 = EDGE_CURVE ( 'NONE', #505, #2599, #2028, .T. ) ;
#2216 = CARTESIAN_POINT ( 'NONE',  ( -11.89999999999959890, 3.000000000000000000, 16.79999999999962412 ) ) ;
#2217 = VERTEX_POINT ( 'NONE', #2180 ) ;
#2218 = FACE_BOUND ( 'NONE', #117, .T. ) ;
#2219 = AXIS2_PLACEMENT_3D ( 'NONE', #91, #2209, #708 ) ;
#2220 = ORIENTED_EDGE ( 'NONE', *, *, #2334, .T. ) ;
#2221 = ADVANCED_FACE ( 'NONE', ( #1617 ), #2057, .F. ) ;
#2222 = EDGE_CURVE ( 'NONE', #76, #2326, #1033, .T. ) ;
#2223 = CARTESIAN_POINT ( 'NONE',  ( -54.99999999999997868, 0.000000000000000000, -29.99999999999998579 ) ) ;
#2224 = CYLINDRICAL_SURFACE ( 'NONE', #2090, 4.999999999999997335 ) ;
#2225 = DIRECTION ( 'NONE',  ( 0.000000000000000000, 1.000000000000000000, 0.000000000000000000 ) ) ;
#2226 = CARTESIAN_POINT ( 'NONE',  ( 0.000000000000000000, 3.000000000000000000, -58.49999999999987921 ) ) ;
#2227 = EDGE_LOOP ( 'NONE', ( #1607, #2615 ) ) ;
#2228 = VERTEX_POINT ( 'NONE', #2042 ) ;
#2229 = DIRECTION ( 'NONE',  ( 0.000000000000000000, 1.000000000000000000, 0.000000000000000000 ) ) ;
#2230 = EDGE_LOOP ( 'NONE', ( #872, #655, #1660, #1545 ) ) ;
#2231 = DIRECTION ( 'NONE',  ( 0.000000000000000000, -1.000000000000000000, -0.000000000000000000 ) ) ;
#2232 = EDGE_LOOP ( 'NONE', ( #1043, #1232 ) ) ;
#2233 = VECTOR ( 'NONE', #2012, 1000.000000000000000 ) ;
#2234 = DIRECTION ( 'NONE',  ( 0.000000000000000000, 1.000000000000000000, -0.000000000000000000 ) ) ;
#2235 = AXIS2_PLACEMENT_3D ( 'NONE', #2457, #1418, #612 ) ;
#2236 = CARTESIAN_POINT ( 'NONE',  ( 22.50000000000000355, 3.000000000000000000, -47.19999999999999574 ) ) ;
#2237 = DIRECTION ( 'NONE',  ( 0.000000000000000000, 0.000000000000000000, 1.000000000000000000 ) ) ;
#2238 = EDGE_CURVE ( 'NONE', #1994, #1970, #1847, .T. ) ;
#2239 = AXIS2_PLACEMENT_3D ( 'NONE', #1861, #983, #2677 ) ;
#2240 = VERTEX_POINT ( 'NONE', #2675 ) ;
#2241 = DIRECTION ( 'NONE',  ( 0.000000000000000000, 0.000000000000000000, -1.000000000000000000 ) ) ;
#2242 = ORIENTED_EDGE ( 'NONE', *, *, #77, .F. ) ;
#2243 = DIRECTION ( 'NONE',  ( 1.000000000000000000, 0.000000000000000000, 0.000000000000000000 ) ) ;
#2244 = VERTEX_POINT ( 'NONE', #137 ) ;
#2245 = DIRECTION ( 'NONE',  ( 0.000000000000000000, 1.000000000000000000, 0.000000000000000000 ) ) ;
#2246 = CYLINDRICAL_SURFACE ( 'NONE', #2630, 1.500000000000001332 ) ;
#2247 = CARTESIAN_POINT ( 'NONE',  ( 55.00000000000002132, 3.000000000000000000, 55.00000000000000000 ) ) ;
#2248 = LINE ( 'NONE', #762, #1538 ) ;
#2249 = ORIENTED_EDGE ( 'NONE', *, *, #519, .F. ) ;
#2250 = ORIENTED_EDGE ( 'NONE', *, *, #1474, .T. ) ;
#2251 = EDGE_CURVE ( 'NONE', #2316, #888, #193, .T. ) ;
#2252 = CIRCLE ( 'NONE', #2379, 1.500000000000001332 ) ;
#2253 = EDGE_CURVE ( 'NONE', #2159, #2326, #980, .T. ) ;
#2254 = PERSON_AND_ORGANIZATION ( #512, #2514 ) ;
#2255 = CARTESIAN_POINT ( 'NONE',  ( -49.99999999999997158, -14.14213562373094923, 29.99999999999986855 ) ) ;
#2256 = AXIS2_PLACEMENT_3D ( 'NONE', #30, #1338, #273 ) ;
#2257 = VERTEX_POINT ( 'NONE', #166 ) ;
#2258 = CARTESIAN_POINT ( 'NONE',  ( 29.99999999999996447, 0.000000000000000000, 30.00000000000038369 ) ) ;
#2259 = ORIENTED_EDGE ( 'NONE', *, *, #1108, .T. ) ;
#2260 = CARTESIAN_POINT ( 'NONE',  ( 24.99999999999997158, 3.000000000000000000, -54.99999999999987210 ) ) ;
#2261 = CARTESIAN_POINT ( 'NONE',  ( -29.99999999999912603, 3.000000000000000000, 54.99999999999999289 ) ) ;
#2262 = LINE ( 'NONE', #2043, #596 ) ;
#2263 = LINE ( 'NONE', #2061, #650 ) ;
#2264 = ORIENTED_EDGE ( 'NONE', *, *, #1061, .F. ) ;
#2265 = VERTEX_POINT ( 'NONE', #350 ) ;
#2266 = EDGE_CURVE ( 'NONE', #55, #1836, #1430, .T. ) ;
#2267 = DIRECTION ( 'NONE',  ( 0.000000000000000000, 0.000000000000000000, -1.000000000000000000 ) ) ;
#2268 = ORIENTED_EDGE ( 'NONE', *, *, #1444, .T. ) ;
#2269 = DIRECTION ( 'NONE',  ( -1.000000000000000000, 0.000000000000000000, 1.261617073437677999E-16 ) ) ;
#2270 = LINE ( 'NONE', #2725, #661 ) ;
#2271 = EDGE_LOOP ( 'NONE', ( #593, #469, #2278, #1131 ) ) ;
#2272 = CARTESIAN_POINT ( 'NONE',  ( -48.59999999999998010, 0.000000000000000000, -18.34999999999998721 ) ) ;
#2273 = AXIS2_PLACEMENT_3D ( 'NONE', #1589, #1162, #1565 ) ;
#2274 = CARTESIAN_POINT ( 'NONE',  ( -24.99999999999997158, 0.000000000000000000, -54.99999999999987210 ) ) ;
#2275 = LINE ( 'NONE', #2072, #2144 ) ;
#2276 = CIRCLE ( 'NONE', #1078, 1.500000000000001332 ) ;
#2277 = DIRECTION ( 'NONE',  ( 1.261617073437677999E-16, -0.000000000000000000, 1.000000000000000000 ) ) ;
#2278 = ORIENTED_EDGE ( 'NONE', *, *, #72, .T. ) ;
#2279 = ORIENTED_EDGE ( 'NONE', *, *, #1597, .F. ) ;
#2280 = AXIS2_PLACEMENT_3D ( 'NONE', #1259, #2140, #2727 ) ;
#2281 = ADVANCED_FACE ( 'NONE', ( #1222 ), #2246, .F. ) ;
#2282 = CARTESIAN_POINT ( 'NONE',  ( 48.60000000000002274, 3.000000000000000000, -18.34999999999998721 ) ) ;
#2283 = EDGE_LOOP ( 'NONE', ( #2373, #2335 ) ) ;
#2284 = DIRECTION ( 'NONE',  ( 0.000000000000000000, 0.000000000000000000, -1.000000000000000000 ) ) ;
#2285 = CARTESIAN_POINT ( 'NONE',  ( -49.99999999999997158, 0.000000000000000000, 29.99999999999986855 ) ) ;
#2286 = ORIENTED_EDGE ( 'NONE', *, *, #2164, .T. ) ;
#2287 = EDGE_CURVE ( 'NONE', #1408, #305, #1972, .T. ) ;
#2288 = DIRECTION ( 'NONE',  ( 0.000000000000000000, 0.000000000000000000, -1.000000000000000000 ) ) ;
#2289 = LINE ( 'NONE', #575, #2624 ) ;
#2290 = DIRECTION ( 'NONE',  ( 1.000000000000000000, 0.000000000000000000, 3.330669073875469227E-15 ) ) ;
#2291 = ORIENTED_EDGE ( 'NONE', *, *, #165, .F. ) ;
#2292 = EDGE_LOOP ( 'NONE', ( #604, #185, #778, #1748 ) ) ;
#2293 = AXIS2_PLACEMENT_3D ( 'NONE', #1826, #768, #2464 ) ;
#2294 = CYLINDRICAL_SURFACE ( 'NONE', #1508, 1.549999999999999378 ) ;
#2295 = VERTEX_POINT ( 'NONE', #1008 ) ;
#2296 = DIRECTION ( 'NONE',  ( 0.000000000000000000, 1.000000000000000000, 0.000000000000000000 ) ) ;
#2297 = EDGE_CURVE ( 'NONE', #1291, #2240, #759, .T. ) ;
#2298 = AXIS2_PLACEMENT_3D ( 'NONE', #1968, #1953, #2575 ) ;
#2299 = DIRECTION ( 'NONE',  ( 0.000000000000000000, 0.000000000000000000, 1.000000000000000000 ) ) ;
#2300 = ORIENTED_EDGE ( 'NONE', *, *, #1780, .F. ) ;
#2301 = VECTOR ( 'NONE', #2528, 1000.000000000000000 ) ;
#2302 = EDGE_CURVE ( 'NONE', #305, #1622, #785, .T. ) ;
#2303 = CARTESIAN_POINT ( 'NONE',  ( -21.42928578572854903, 3.000000000000000000, -58.49999999999987921 ) ) ;
#2304 = FACE_OUTER_BOUND ( 'NONE', #1626, .T. ) ;
#2305 = CARTESIAN_POINT ( 'NONE',  ( 24.99999999999997158, 3.000000000000000000, -56.49999999999987921 ) ) ;
#2306 = ORIENTED_EDGE ( 'NONE', *, *, #1010, .T. ) ;
#2307 = ORIENTED_EDGE ( 'NONE', *, *, #1233, .F. ) ;
#2308 = DIRECTION ( 'NONE',  ( 0.000000000000000000, 1.000000000000000000, 0.000000000000000000 ) ) ;
#2309 = ORIENTED_EDGE ( 'NONE', *, *, #1164, .T. ) ;
#2310 = DIRECTION ( 'NONE',  ( 0.000000000000000000, 1.000000000000000000, -0.000000000000000000 ) ) ;
#2311 = VERTEX_POINT ( 'NONE', #1630 ) ;
#2312 = VECTOR ( 'NONE', #1086, 1000.000000000000000 ) ;
#2313 = CARTESIAN_POINT ( 'NONE',  ( 28.57071421427139413, 0.000000000000000000, -58.49999999999987921 ) ) ;
#2314 = CARTESIAN_POINT ( 'NONE',  ( -49.99999999999997158, 0.000000000000000000, 29.99999999999986855 ) ) ;
#2315 = CARTESIAN_POINT ( 'NONE',  ( -21.42928578572854903, 0.000000000000000000, 58.49999999999987921 ) ) ;
#2316 = VERTEX_POINT ( 'NONE', #1207 ) ;
#2317 = DIRECTION ( 'NONE',  ( -1.000000000000000000, 0.000000000000000000, 1.261617073437677999E-16 ) ) ;
#2318 = ORIENTED_EDGE ( 'NONE', *, *, #1699, .T. ) ;
#2319 = VECTOR ( 'NONE', #2386, 1000.000000000000000 ) ;
#2320 = EDGE_CURVE ( 'NONE', #169, #397, #2686, .T. ) ;
#2321 = AXIS2_PLACEMENT_3D ( 'NONE', #468, #2581, #2117 ) ;
#2322 = CARTESIAN_POINT ( 'NONE',  ( 22.50000000000000711, 0.000000000000000000, -35.80000000000000426 ) ) ;
#2323 = EDGE_LOOP ( 'NONE', ( #629, #528 ) ) ;
#2324 = AXIS2_PLACEMENT_3D ( 'NONE', #1686, #2327, #1076 ) ;
#2325 = LINE ( 'NONE', #1912, #966 ) ;
#2326 = VERTEX_POINT ( 'NONE', #2701 ) ;
#2327 = DIRECTION ( 'NONE',  ( 0.000000000000000000, 1.000000000000000000, 0.000000000000000000 ) ) ;
#2328 = CARTESIAN_POINT ( 'NONE',  ( 22.50000000000000355, 0.000000000000000000, -47.19999999999999574 ) ) ;
#2329 = EDGE_CURVE ( 'NONE', #1351, #2477, #1655, .T. ) ;
#2330 = DIRECTION ( 'NONE',  ( -0.000000000000000000, -1.000000000000000000, 0.000000000000000000 ) ) ;
#2331 = DIRECTION ( 'NONE',  ( -0.000000000000000000, -1.000000000000000000, -0.000000000000000000 ) ) ;
#2332 = EDGE_LOOP ( 'NONE', ( #2172, #200 ) ) ;
#2333 = ADVANCED_FACE ( 'NONE', ( #601 ), #2713, .F. ) ;
#2334 = EDGE_CURVE ( 'NONE', #2339, #529, #574, .T. ) ;
#2335 = ORIENTED_EDGE ( 'NONE', *, *, #1112, .F. ) ;
#2336 = CC_DESIGN_APPROVAL ( #1698, ( #1987 ) ) ;
#2337 = CARTESIAN_POINT ( 'NONE',  ( -29.99999999999997868, 0.000000000000000000, -54.99999999999998579 ) ) ;
#2338 = CARTESIAN_POINT ( 'NONE',  ( 15.00000000000002132, 3.000000000000000000, 49.50000000000000000 ) ) ;
#2339 = VERTEX_POINT ( 'NONE', #2086 ) ;
#2340 = VECTOR ( 'NONE', #1469, 1000.000000000000000 ) ;
#2341 = FACE_OUTER_BOUND ( 'NONE', #1240, .T. ) ;
#2342 = CARTESIAN_POINT ( 'NONE',  ( 44.99999999999997868, 0.000000000000000000, 30.00000000000038014 ) ) ;
#2343 = FACE_OUTER_BOUND ( 'NONE', #386, .T. ) ;
#2344 = DIRECTION ( 'NONE',  ( 0.000000000000000000, 1.000000000000000000, -0.000000000000000000 ) ) ;
#2345 = FACE_OUTER_BOUND ( 'NONE', #1084, .T. ) ;
#2346 = EDGE_LOOP ( 'NONE', ( #347, #60 ) ) ;
#2347 = CARTESIAN_POINT ( 'NONE',  ( 49.99999999999997158, -14.14213562373094923, 29.99999999999986855 ) ) ;
#2348 = CARTESIAN_POINT ( 'NONE',  ( 24.99999999999997158, 3.000000000000000000, -54.99999999999987210 ) ) ;
#2349 = CARTESIAN_POINT ( 'NONE',  ( 54.99999999999997158, 3.000000000000000000, 30.00000000000038014 ) ) ;
#2350 = EDGE_LOOP ( 'NONE', ( #320, #978, #431, #2463 ) ) ;
#2351 = EDGE_CURVE ( 'NONE', #1720, #1921, #1838, .T. ) ;
#2352 = CARTESIAN_POINT ( 'NONE',  ( 21.42928578572854903, 3.000000000000000000, 58.49999999999987921 ) ) ;
#2353 = CARTESIAN_POINT ( 'NONE',  ( -48.59999999999966747, 3.000000000000000000, 18.34999999999980957 ) ) ;
#2354 = CARTESIAN_POINT ( 'NONE',  ( 22.50000000000000711, 0.000000000000000000, -35.80000000000000426 ) ) ;
#2355 = DIRECTION ( 'NONE',  ( 0.000000000000000000, 0.000000000000000000, 1.000000000000000000 ) ) ;
#2356 = LINE ( 'NONE', #697, #1706 ) ;
#2357 = VECTOR ( 'NONE', #167, 1000.000000000000000 ) ;
#2358 = VERTEX_POINT ( 'NONE', #2303 ) ;
#2359 = DIRECTION ( 'NONE',  ( -3.469446951953613400E-15, 0.000000000000000000, 1.000000000000000000 ) ) ;
#2360 = AXIS2_PLACEMENT_3D ( 'NONE', #1547, #1958, #1047 ) ;
#2361 = EDGE_CURVE ( 'NONE', #700, #919, #241, .T. ) ;
#2362 = DIRECTION ( 'NONE',  ( 0.000000000000000000, 0.000000000000000000, 1.000000000000000000 ) ) ;
#2363 = CIRCLE ( 'NONE', #1168, 1.050000000000002265 ) ;
#2364 = DIRECTION ( 'NONE',  ( 0.000000000000000000, 0.000000000000000000, 1.000000000000000000 ) ) ;
#2365 = ORIENTED_EDGE ( 'NONE', *, *, #1494, .T. ) ;
#2366 = VERTEX_POINT ( 'NONE', #478 ) ;
#2367 = ADVANCED_FACE ( 'NONE', ( #1316 ), #2165, .F. ) ;
#2368 = DIRECTION ( 'NONE',  ( 0.000000000000000000, 0.000000000000000000, 1.000000000000000000 ) ) ;
#2369 = DIRECTION ( 'NONE',  ( 0.000000000000000000, 0.000000000000000000, 1.000000000000000000 ) ) ;
#2370 = CARTESIAN_POINT ( 'NONE',  ( 29.99999999999996447, 0.000000000000000000, 30.00000000000038369 ) ) ;
#2371 = CARTESIAN_POINT ( 'NONE',  ( 54.99999999999997158, 0.000000000000000000, -29.99999999999978684 ) ) ;
#2372 = ORIENTED_EDGE ( 'NONE', *, *, #677, .F. ) ;
#2373 = ORIENTED_EDGE ( 'NONE', *, *, #2183, .F. ) ;
#2374 = DIRECTION ( 'NONE',  ( -0.000000000000000000, -1.000000000000000000, -0.000000000000000000 ) ) ;
#2375 = DIRECTION ( 'NONE',  ( 0.000000000000000000, 0.000000000000000000, -1.000000000000000000 ) ) ;
#2376 = ORIENTED_EDGE ( 'NONE', *, *, #1792, .F. ) ;
#2377 = ADVANCED_FACE ( 'NONE', ( #2578 ), #1487, .F. ) ;
#2378 = EDGE_LOOP ( 'NONE', ( #1560, #2249, #162, #2736 ) ) ;
#2379 = AXIS2_PLACEMENT_3D ( 'NONE', #646, #2095, #201 ) ;
#2380 = FACE_BOUND ( 'NONE', #2346, .T. ) ;
#2381 = CARTESIAN_POINT ( 'NONE',  ( -24.50000000000000000, 3.000000000000000000, -47.19999999999999574 ) ) ;
#2382 = EDGE_CURVE ( 'NONE', #1711, #1440, #2195, .T. ) ;
#2383 = ADVANCED_FACE ( 'NONE', ( #1106 ), #626, .F. ) ;
#2384 = DIRECTION ( 'NONE',  ( 1.000000000000000000, 0.000000000000000000, 0.000000000000000000 ) ) ;
#2385 = VECTOR ( 'NONE', #2022, 1000.000000000000000 ) ;
#2386 = DIRECTION ( 'NONE',  ( -0.000000000000000000, -1.000000000000000000, -0.000000000000000000 ) ) ;
#2387 = ADVANCED_FACE ( 'NONE', ( #1929 ), #33, .F. ) ;
#2388 = CARTESIAN_POINT ( 'NONE',  ( -24.49999999999999645, 3.000000000000000000, -35.79999999999999716 ) ) ;
#2389 = ORIENTED_EDGE ( 'NONE', *, *, #336, .F. ) ;
#2390 = DIRECTION ( 'NONE',  ( 1.000000000000000000, 0.000000000000000000, 0.000000000000000000 ) ) ;
#2391 = LINE ( 'NONE', #891, #848 ) ;
#2392 = DIRECTION ( 'NONE',  ( 0.000000000000000000, 0.000000000000000000, 1.000000000000000000 ) ) ;
#2393 = ORIENTED_EDGE ( 'NONE', *, *, #2287, .T. ) ;
#2394 = ORIENTED_EDGE ( 'NONE', *, *, #1842, .T. ) ;
#2395 = CARTESIAN_POINT ( 'NONE',  ( -24.99999999999997158, 0.000000000000000000, -54.99999999999987210 ) ) ;
#2396 = CARTESIAN_POINT ( 'NONE',  ( -49.99999999999997158, 0.000000000000000000, -29.99999999999986855 ) ) ;
#2397 = DIRECTION ( 'NONE',  ( 0.000000000000000000, 0.000000000000000000, 1.000000000000000000 ) ) ;
#2398 = DIRECTION ( 'NONE',  ( 0.000000000000000000, 0.000000000000000000, 1.000000000000000000 ) ) ;
#2399 = ORIENTED_EDGE ( 'NONE', *, *, #2320, .F. ) ;
#2400 = EDGE_LOOP ( 'NONE', ( #2450, #1648 ) ) ;
#2401 = EDGE_CURVE ( 'NONE', #578, #1628, #1666, .T. ) ;
#2402 = FACE_OUTER_BOUND ( 'NONE', #443, .T. ) ;
#2403 = AXIS2_PLACEMENT_3D ( 'NONE', #2598, #1083, #2131 ) ;
#2404 = DIRECTION ( 'NONE',  ( -0.000000000000000000, -1.000000000000000000, -0.000000000000000000 ) ) ;
#2405 = EDGE_LOOP ( 'NONE', ( #649, #224 ) ) ;
#2406 = AXIS2_PLACEMENT_3D ( 'NONE', #2381, #321, #717 ) ;
#2407 = CIRCLE ( 'NONE', #726, 1.549999999999999378 ) ;
#2408 = VERTEX_POINT ( 'NONE', #882 ) ;
#2409 = CARTESIAN_POINT ( 'NONE',  ( 30.00000000000008882, 0.000000000000000000, -29.99999999999987210 ) ) ;
#2410 = CIRCLE ( 'NONE', #1217, 1.500000000000001332 ) ;
#2411 = DIRECTION ( 'NONE',  ( 0.000000000000000000, 0.000000000000000000, -1.000000000000000000 ) ) ;
#2412 = DIRECTION ( 'NONE',  ( 0.000000000000000000, 1.000000000000000000, 0.000000000000000000 ) ) ;
#2413 = CARTESIAN_POINT ( 'NONE',  ( 22.50000000000000355, 3.000000000000000000, -46.14999999999999858 ) ) ;
#2414 = EDGE_CURVE ( 'NONE', #723, #1970, #2410, .T. ) ;
#2415 = EDGE_LOOP ( 'NONE', ( #565, #2557 ) ) ;
#2416 = EDGE_LOOP ( 'NONE', ( #1073, #100, #1381, #2291 ) ) ;
#2417 = APPLICATION_CONTEXT ( 'configuration controlled 3d designs of mechanical parts and assemblies' ) ;
#2418 = PERSON_AND_ORGANIZATION_ROLE ( 'classification_officer' ) ;
#2419 = EDGE_CURVE ( 'NONE', #195, #1840, #1915, .T. ) ;
#2420 = ADVANCED_FACE ( 'NONE', ( #2341 ), #679, .F. ) ;
#2421 = CARTESIAN_POINT ( 'NONE',  ( 49.99999999999997158, 0.000000000000000000, -29.99999999999986855 ) ) ;
#2422 = EDGE_LOOP ( 'NONE', ( #2116, #2751, #1800, #1773 ) ) ;
#2423 = CIRCLE ( 'NONE', #163, 1.550000000000002709 ) ;
#2424 = VERTEX_POINT ( 'NONE', #2313 ) ;
#2425 = CARTESIAN_POINT ( 'NONE',  ( -24.99999999999997158, 3.000000000000000000, 53.49999999999987210 ) ) ;
#2426 = AXIS2_PLACEMENT_3D ( 'NONE', #712, #1951, #1280 ) ;
#2427 = CIRCLE ( 'NONE', #210, 4.999999999999997335 ) ;
#2428 = CARTESIAN_POINT ( 'NONE',  ( -24.49999999999999645, 3.000000000000000000, -36.85000000000000142 ) ) ;
#2429 = DIRECTION ( 'NONE',  ( -0.000000000000000000, 1.000000000000000000, -0.000000000000000000 ) ) ;
#2430 = DIRECTION ( 'NONE',  ( 0.000000000000000000, 1.000000000000000000, 0.000000000000000000 ) ) ;
#2431 = CIRCLE ( 'NONE', #2036, 1.549999999999999378 ) ;
#2432 = ORIENTED_EDGE ( 'NONE', *, *, #581, .F. ) ;
#2433 = PERSON_AND_ORGANIZATION ( #512, #2514 ) ;
#2434 = CIRCLE ( 'NONE', #1371, 4.999999999999997335 ) ;
#2435 = CARTESIAN_POINT ( 'NONE',  ( -29.99999999999912603, 0.000000000000000000, 54.99999999999999289 ) ) ;
#2436 = ORIENTED_EDGE ( 'NONE', *, *, #1062, .F. ) ;
#2437 = FACE_BOUND ( 'NONE', #1659, .T. ) ;
#2438 = CIRCLE ( 'NONE', #2731, 4.999999999999997335 ) ;
#2439 = EDGE_LOOP ( 'NONE', ( #556, #1000, #607, #2394 ) ) ;
#2440 = DIRECTION ( 'NONE',  ( -0.000000000000000000, -1.000000000000000000, 0.000000000000000000 ) ) ;
#2441 = EDGE_CURVE ( 'NONE', #1451, #1004, #1579, .T. ) ;
#2442 = DIRECTION ( 'NONE',  ( 0.000000000000000000, 0.000000000000000000, 1.000000000000000000 ) ) ;
#2443 = DIRECTION ( 'NONE',  ( 0.000000000000000000, 0.000000000000000000, -1.000000000000000000 ) ) ;
#2444 = DIRECTION ( 'NONE',  ( 0.000000000000000000, 1.000000000000000000, 0.000000000000000000 ) ) ;
#2445 = ORIENTED_EDGE ( 'NONE', *, *, #2505, .F. ) ;
#2446 = ORIENTED_EDGE ( 'NONE', *, *, #2351, .F. ) ;
#2447 = COORDINATED_UNIVERSAL_TIME_OFFSET ( 7, 0, .BEHIND. ) ;
#2448 = VECTOR ( 'NONE', #2374, 1000.000000000000000 ) ;
#2449 = DIRECTION ( 'NONE',  ( -0.000000000000000000, -1.000000000000000000, -0.000000000000000000 ) ) ;
#2450 = ORIENTED_EDGE ( 'NONE', *, *, #1846, .F. ) ;
#2451 = DIRECTION ( 'NONE',  ( 1.000000000000000000, 0.000000000000000000, 0.000000000000000000 ) ) ;
#2452 = EDGE_CURVE ( 'NONE', #1291, #2424, #1486, .T. ) ;
#2453 = ORIENTED_EDGE ( 'NONE', *, *, #148, .F. ) ;
#2454 = AXIS2_PLACEMENT_3D ( 'NONE', #562, #968, #2609 ) ;
#2455 = EDGE_CURVE ( 'NONE', #1544, #76, #18, .T. ) ;
#2456 = CARTESIAN_POINT ( 'NONE',  ( -19.99999999999996803, -14.14213562373094923, -54.99999999999999289 ) ) ;
#2457 = CARTESIAN_POINT ( 'NONE',  ( 24.99999999999997158, 0.000000000000000000, -54.99999999999987210 ) ) ;
#2458 = DIRECTION ( 'NONE',  ( 0.000000000000000000, 0.000000000000000000, -1.000000000000000000 ) ) ;
#2459 = CARTESIAN_POINT ( 'NONE',  ( 24.99999999999997158, -14.14213562373094923, 54.99999999999987210 ) ) ;
#2460 = AXIS2_PLACEMENT_3D ( 'NONE', #446, #259, #1283 ) ;
#2461 = VERTEX_POINT ( 'NONE', #2352 ) ;
#2462 = LINE ( 'NONE', #2435, #2385 ) ;
#2463 = ORIENTED_EDGE ( 'NONE', *, *, #2238, .F. ) ;
#2464 = DIRECTION ( 'NONE',  ( 0.000000000000000000, 0.000000000000000000, -1.000000000000000000 ) ) ;
#2465 = ORIENTED_EDGE ( 'NONE', *, *, #493, .T. ) ;
#2466 = CIRCLE ( 'NONE', #1270, 1.549999999999999378 ) ;
#2467 = DIRECTION ( 'NONE',  ( 0.000000000000000000, 0.000000000000000000, 1.000000000000000000 ) ) ;
#2468 = CARTESIAN_POINT ( 'NONE',  ( -24.49999999999999645, 3.000000000000000000, -35.79999999999999716 ) ) ;
#2469 = DIRECTION ( 'NONE',  ( -0.000000000000000000, -1.000000000000000000, -0.000000000000000000 ) ) ;
#2470 = EDGE_CURVE ( 'NONE', #2461, #2339, #1517, .T. ) ;
#2471 = DIRECTION ( 'NONE',  ( 0.000000000000000000, 1.000000000000000000, 0.000000000000000000 ) ) ;
#2472 = ORIENTED_EDGE ( 'NONE', *, *, #976, .F. ) ;
#2473 = ORIENTED_EDGE ( 'NONE', *, *, #1233, .T. ) ;
#2474 = EDGE_CURVE ( 'NONE', #1690, #1521, #1079, .T. ) ;
#2475 = DIRECTION ( 'NONE',  ( -1.000000000000000000, 0.000000000000000000, 1.261617073437677999E-16 ) ) ;
#2476 = CIRCLE ( 'NONE', #1728, 1.500000000000001332 ) ;
#2477 = VERTEX_POINT ( 'NONE', #2563 ) ;
#2478 = FACE_BOUND ( 'NONE', #1356, .T. ) ;
#2479 = ORIENTED_EDGE ( 'NONE', *, *, #1683, .F. ) ;
#2480 = CYLINDRICAL_SURFACE ( 'NONE', #884, 1.500000000000001332 ) ;
#2481 = DIRECTION ( 'NONE',  ( 6.938893903907232322E-16, 0.000000000000000000, -1.000000000000000000 ) ) ;
#2482 = CARTESIAN_POINT ( 'NONE',  ( -49.99999999999997158, 0.000000000000000000, -31.49999999999986855 ) ) ;
#2483 = LINE ( 'NONE', #126, #559 ) ;
#2484 = ORIENTED_EDGE ( 'NONE', *, *, #77, .T. ) ;
#2485 = EDGE_LOOP ( 'NONE', ( #2279, #599 ) ) ;
#2486 = EDGE_CURVE ( 'NONE', #1277, #993, #1553, .T. ) ;
#2487 = CARTESIAN_POINT ( 'NONE',  ( -29.99999999999997868, 3.000000000000000000, -54.99999999999998579 ) ) ;
#2488 = VERTEX_POINT ( 'NONE', #2742 ) ;
#2489 = CARTESIAN_POINT ( 'NONE',  ( -11.89999999999959890, 3.000000000000000000, 18.34999999999962839 ) ) ;
#2490 = FACE_OUTER_BOUND ( 'NONE', #1744, .T. ) ;
#2491 = EDGE_LOOP ( 'NONE', ( #1997, #1250, #957, #1949 ) ) ;
#2492 = AXIS2_PLACEMENT_3D ( 'NONE', #1375, #995, #322 ) ;
#2493 = CIRCLE ( 'NONE', #1920, 1.500000000000001332 ) ;
#2494 = DIRECTION ( 'NONE',  ( -0.000000000000000000, 1.000000000000000000, -0.000000000000000000 ) ) ;
#2495 = FACE_OUTER_BOUND ( 'NONE', #766, .T. ) ;
#2496 = AXIS2_PLACEMENT_3D ( 'NONE', #248, #523, #79 ) ;
#2497 = AXIS2_PLACEMENT_3D ( 'NONE', #2197, #1391, #1377 ) ;
#2498 = LINE ( 'NONE', #1633, #20 ) ;
#2499 = EDGE_LOOP ( 'NONE', ( #2259, #2593 ) ) ;
#2500 = VERTEX_POINT ( 'NONE', #841 ) ;
#2501 = EDGE_CURVE ( 'NONE', #777, #2732, #2427, .T. ) ;
#2502 = CARTESIAN_POINT ( 'NONE',  ( -49.99999999999997158, 0.000000000000000000, 29.99999999999986855 ) ) ;
#2503 = EDGE_LOOP ( 'NONE', ( #874, #1614, #1638, #83 ) ) ;
#2504 = DIRECTION ( 'NONE',  ( 2.775557561562891351E-16, 0.000000000000000000, 1.000000000000000000 ) ) ;
#2505 = EDGE_CURVE ( 'NONE', #2228, #723, #1627, .T. ) ;
#2506 = ADVANCED_FACE ( 'NONE', ( #557, #2478, #494, #2682, #2380, #2639, #742, #318, #332, #2594, #1413, #2051, #1596, #1385, #584, #1752, #2218, #346, #896, #2437, #146, #360, #1370 ), #2666, .F. ) ;
#2507 = CARTESIAN_POINT ( 'NONE',  ( 22.50000000000000355, 3.000000000000000000, -47.19999999999999574 ) ) ;
#2508 = EDGE_LOOP ( 'NONE', ( #665, #2176, #188, #1893 ) ) ;
#2509 = DIRECTION ( 'NONE',  ( 0.000000000000000000, 0.000000000000000000, 1.000000000000000000 ) ) ;
#2510 = FACE_BOUND ( 'NONE', #1029, .T. ) ;
#2511 = DIRECTION ( 'NONE',  ( 0.000000000000000000, 0.000000000000000000, -1.000000000000000000 ) ) ;
#2512 = ORIENTED_EDGE ( 'NONE', *, *, #1811, .F. ) ;
#2513 = ORIENTED_EDGE ( 'NONE', *, *, #271, .T. ) ;
#2514 = ORGANIZATION ( 'UNSPECIFIED', 'UNSPECIFIED', '' ) ;
#2515 = CIRCLE ( 'NONE', #121, 1.550000000000002709 ) ;
#2516 = FACE_OUTER_BOUND ( 'NONE', #119, .T. ) ;
#2517 = ORIENTED_EDGE ( 'NONE', *, *, #1262, .F. ) ;
#2518 = AXIS2_PLACEMENT_3D ( 'NONE', #1396, #1625, #1154 ) ;
#2519 = DIRECTION ( 'NONE',  ( 0.000000000000000000, 1.000000000000000000, 0.000000000000000000 ) ) ;
#2520 = ORIENTED_EDGE ( 'NONE', *, *, #2607, .F. ) ;
#2521 = AXIS2_PLACEMENT_3D ( 'NONE', #728, #2065, #415 ) ;
#2522 = EDGE_CURVE ( 'NONE', #2104, #691, #134, .T. ) ;
#2523 = DIRECTION ( 'NONE',  ( 0.000000000000000000, 1.000000000000000000, 0.000000000000000000 ) ) ;
#2524 = CARTESIAN_POINT ( 'NONE',  ( 29.99999999999997158, 0.000000000000000000, 55.00000000000038369 ) ) ;
#2525 = FACE_OUTER_BOUND ( 'NONE', #706, .T. ) ;
#2526 = ORIENTED_EDGE ( 'NONE', *, *, #622, .T. ) ;
#2527 = VERTEX_POINT ( 'NONE', #963 ) ;
#2528 = DIRECTION ( 'NONE',  ( -0.000000000000000000, 1.000000000000000000, -0.000000000000000000 ) ) ;
#2529 = ORIENTED_EDGE ( 'NONE', *, *, #581, .T. ) ;
#2530 = FACE_OUTER_BOUND ( 'NONE', #531, .T. ) ;
#2531 = VERTEX_POINT ( 'NONE', #2258 ) ;
#2532 = EDGE_CURVE ( 'NONE', #354, #2661, #1427, .T. ) ;
#2533 = AXIS2_PLACEMENT_3D ( 'NONE', #474, #1115, #2173 ) ;
#2534 = DIRECTION ( 'NONE',  ( -0.000000000000000000, -1.000000000000000000, -0.000000000000000000 ) ) ;
#2535 = FACE_OUTER_BOUND ( 'NONE', #1457, .T. ) ;
#2536 = EDGE_CURVE ( 'NONE', #1976, #55, #781, .T. ) ;
#2537 = CARTESIAN_POINT ( 'NONE',  ( -49.99999999999997158, 3.000000000000000000, -28.49999999999986144 ) ) ;
#2538 = CARTESIAN_POINT ( 'NONE',  ( 22.50000000000000711, 3.000000000000000000, -35.80000000000000426 ) ) ;
#2539 = ORIENTED_EDGE ( 'NONE', *, *, #910, .T. ) ;
#2540 = AXIS2_PLACEMENT_3D ( 'NONE', #2658, #1975, #1618 ) ;
#2541 = VECTOR ( 'NONE', #2130, 1000.000000000000000 ) ;
#2542 = CARTESIAN_POINT ( 'NONE',  ( -14.99999999999997868, 0.000000000000000000, 32.00000000000000000 ) ) ;
#2543 = ORIENTED_EDGE ( 'NONE', *, *, #757, .T. ) ;
#2544 = VECTOR ( 'NONE', #815, 1000.000000000000000 ) ;
#2545 = DIRECTION ( 'NONE',  ( -0.000000000000000000, 1.000000000000000000, -0.000000000000000000 ) ) ;
#2546 = CYLINDRICAL_SURFACE ( 'NONE', #2460, 1.500000000000001332 ) ;
#2547 = DIRECTION ( 'NONE',  ( 0.000000000000000000, 0.000000000000000000, 1.000000000000000000 ) ) ;
#2548 = ORIENTED_EDGE ( 'NONE', *, *, #1846, .T. ) ;
#2549 = CARTESIAN_POINT ( 'NONE',  ( 24.99999999999997158, 3.000000000000000000, 54.99999999999987210 ) ) ;
#2550 = DIRECTION ( 'NONE',  ( 0.000000000000000000, -1.000000000000000000, -0.000000000000000000 ) ) ;
#2551 = VECTOR ( 'NONE', #2689, 1000.000000000000000 ) ;
#2552 = DIRECTION ( 'NONE',  ( 0.000000000000000000, 1.000000000000000000, 0.000000000000000000 ) ) ;
#2553 = DIRECTION ( 'NONE',  ( -0.000000000000000000, -1.000000000000000000, -0.000000000000000000 ) ) ;
#2554 = ORIENTED_EDGE ( 'NONE', *, *, #307, .T. ) ;
#2555 = EDGE_CURVE ( 'NONE', #275, #1098, #1156, .T. ) ;
#2556 = AXIS2_PLACEMENT_3D ( 'NONE', #1289, #603, #858 ) ;
#2557 = ORIENTED_EDGE ( 'NONE', *, *, #406, .T. ) ;
#2558 = EDGE_CURVE ( 'NONE', #2661, #672, #2024, .T. ) ;
#2559 = DIRECTION ( 'NONE',  ( -0.000000000000000000, 1.000000000000000000, -0.000000000000000000 ) ) ;
#2560 = CARTESIAN_POINT ( 'NONE',  ( -48.59999999999998010, 3.000000000000000000, -18.34999999999998721 ) ) ;
#2561 = ORIENTED_EDGE ( 'NONE', *, *, #1750, .T. ) ;
#2562 = AXIS2_PLACEMENT_3D ( 'NONE', #689, #1543, #2392 ) ;
#2563 = CARTESIAN_POINT ( 'NONE',  ( -24.49999999999999645, 0.000000000000000000, -36.85000000000000142 ) ) ;
#2564 = AXIS2_PLACEMENT_3D ( 'NONE', #606, #1677, #1866 ) ;
#2565 = DIRECTION ( 'NONE',  ( -0.000000000000000000, 1.000000000000000000, -0.000000000000000000 ) ) ;
#2566 = CARTESIAN_POINT ( 'NONE',  ( -14.99999999999997868, 0.000000000000000000, 33.50000000000000000 ) ) ;
#2567 = PLANE ( 'NONE',  #2060 ) ;
#2568 = ORIENTED_EDGE ( 'NONE', *, *, #687, .F. ) ;
#2569 = EDGE_CURVE ( 'NONE', #1628, #1454, #2008, .T. ) ;
#2570 = VECTOR ( 'NONE', #1791, 1000.000000000000000 ) ;
#2571 = AXIS2_PLACEMENT_3D ( 'NONE', #509, #1345, #899 ) ;
#2572 = VERTEX_POINT ( 'NONE', #118 ) ;
#2573 = EDGE_CURVE ( 'NONE', #993, #1277, #964, .T. ) ;
#2574 = CARTESIAN_POINT ( 'NONE',  ( 15.00000000000002132, 0.000000000000000000, 49.50000000000000000 ) ) ;
#2575 = DIRECTION ( 'NONE',  ( 0.000000000000000000, 0.000000000000000000, 1.000000000000000000 ) ) ;
#2576 = ORIENTED_EDGE ( 'NONE', *, *, #1896, .F. ) ;
#2577 = EDGE_LOOP ( 'NONE', ( #770, #1635, #141, #31 ) ) ;
#2578 = FACE_OUTER_BOUND ( 'NONE', #931, .T. ) ;
#2579 = DIRECTION ( 'NONE',  ( 0.000000000000000000, 1.000000000000000000, 0.000000000000000000 ) ) ;
#2580 = CARTESIAN_POINT ( 'NONE',  ( -30.00000000000030198, 0.000000000000000000, 29.99999999999965539 ) ) ;
#2581 = DIRECTION ( 'NONE',  ( -0.000000000000000000, -1.000000000000000000, 0.000000000000000000 ) ) ;
#2582 = DIRECTION ( 'NONE',  ( 0.000000000000000000, 1.000000000000000000, -0.000000000000000000 ) ) ;
#2583 = EDGE_CURVE ( 'NONE', #2488, #2424, #755, .T. ) ;
#2584 = EDGE_LOOP ( 'NONE', ( #617, #368, #716, #750 ) ) ;
#2585 = DIRECTION ( 'NONE',  ( 0.000000000000000000, 1.000000000000000000, 0.000000000000000000 ) ) ;
#2586 = VECTOR ( 'NONE', #1302, 1000.000000000000000 ) ;
#2587 = LINE ( 'NONE', #1310, #2448 ) ;
#2588 = AXIS2_PLACEMENT_3D ( 'NONE', #2274, #1644, #2481 ) ;
#2589 = DIRECTION ( 'NONE',  ( 1.000000000000000000, 0.000000000000000000, 0.000000000000000000 ) ) ;
#2590 = ORIENTED_EDGE ( 'NONE', *, *, #2320, .T. ) ;
#2591 = EDGE_CURVE ( 'NONE', #55, #261, #1189, .T. ) ;
#2592 = CIRCLE ( 'NONE', #2239, 1.549999999999999378 ) ;
#2593 = ORIENTED_EDGE ( 'NONE', *, *, #1865, .T. ) ;
#2594 = FACE_BOUND ( 'NONE', #2405, .T. ) ;
#2595 = DIRECTION ( 'NONE',  ( 0.000000000000000000, 1.000000000000000000, 0.000000000000000000 ) ) ;
#2596 = CARTESIAN_POINT ( 'NONE',  ( -11.89999999999959890, 0.000000000000000000, 16.79999999999962412 ) ) ;
#2597 = DIRECTION ( 'NONE',  ( 0.000000000000000000, 1.000000000000000000, 0.000000000000000000 ) ) ;
#2598 = CARTESIAN_POINT ( 'NONE',  ( 24.99999999999997158, 0.000000000000000000, 54.99999999999987210 ) ) ;
#2599 = VERTEX_POINT ( 'NONE', #1203 ) ;
#2600 = CARTESIAN_POINT ( 'NONE',  ( 44.99999999999997868, -14.14213562373094923, 30.00000000000038014 ) ) ;
#2601 = CARTESIAN_POINT ( 'NONE',  ( -28.57071421427139413, 3.000000000000000000, -58.49999999999987921 ) ) ;
#2602 = VERTEX_POINT ( 'NONE', #1639 ) ;
#2603 = ORIENTED_EDGE ( 'NONE', *, *, #2105, .F. ) ;
#2604 = AXIS2_PLACEMENT_3D ( 'NONE', #1455, #2296, #1679 ) ;
#2605 = CYLINDRICAL_SURFACE ( 'NONE', #1438, 1.500000000000001332 ) ;
#2606 = DIRECTION ( 'NONE',  ( 2.775557561562891844E-16, -0.000000000000000000, 1.000000000000000000 ) ) ;
#2607 = EDGE_CURVE ( 'NONE', #1528, #1394, #1442, .T. ) ;
#2608 = CARTESIAN_POINT ( 'NONE',  ( -49.99999999999997158, 0.000000000000000000, 28.49999999999986144 ) ) ;
#2609 = DIRECTION ( 'NONE',  ( -1.387778780781445429E-16, 0.000000000000000000, -1.000000000000000000 ) ) ;
#2610 = VERTEX_POINT ( 'NONE', #213 ) ;
#2611 = VERTEX_POINT ( 'NONE', #186 ) ;
#2612 = CARTESIAN_POINT ( 'NONE',  ( 48.59999999999970299, 3.000000000000000000, 18.34999999999980957 ) ) ;
#2613 = DIRECTION ( 'NONE',  ( 0.000000000000000000, 1.000000000000000000, 0.000000000000000000 ) ) ;
#2614 = ORIENTED_EDGE ( 'NONE', *, *, #2501, .F. ) ;
#2615 = ORIENTED_EDGE ( 'NONE', *, *, #1766, .T. ) ;
#2616 = CARTESIAN_POINT ( 'NONE',  ( -24.99999999999997158, 0.000000000000000000, 56.49999999999987921 ) ) ;
#2617 = CARTESIAN_POINT ( 'NONE',  ( 0.000000000000000000, 3.000000000000000000, 58.49999999999987921 ) ) ;
#2618 = DIRECTION ( 'NONE',  ( 0.000000000000000000, 1.000000000000000000, 0.000000000000000000 ) ) ;
#2619 = EDGE_CURVE ( 'NONE', #1246, #402, #873, .T. ) ;
#2620 = ADVANCED_FACE ( 'NONE', ( #1910 ), #159, .F. ) ;
#2621 = VERTEX_POINT ( 'NONE', #2080 ) ;
#2622 = VERTEX_POINT ( 'NONE', #1665 ) ;
#2623 = COORDINATED_UNIVERSAL_TIME_OFFSET ( 7, 0, .BEHIND. ) ;
#2624 = VECTOR ( 'NONE', #1208, 1000.000000000000000 ) ;
#2625 = DIRECTION ( 'NONE',  ( -0.000000000000000000, -1.000000000000000000, 0.000000000000000000 ) ) ;
#2626 = EDGE_LOOP ( 'NONE', ( #851, #1350 ) ) ;
#2627 = AXIS2_PLACEMENT_3D ( 'NONE', #2210, #2443, #339 ) ;
#2628 = ORIENTED_EDGE ( 'NONE', *, *, #281, .T. ) ;
#2629 = FACE_OUTER_BOUND ( 'NONE', #1857, .T. ) ;
#2630 = AXIS2_PLACEMENT_3D ( 'NONE', #1831, #1034, #408 ) ;
#2631 = DIRECTION ( 'NONE',  ( 0.000000000000000000, 0.000000000000000000, -1.000000000000000000 ) ) ;
#2632 = CARTESIAN_POINT ( 'NONE',  ( 24.99999999999997158, 0.000000000000000000, 54.99999999999987210 ) ) ;
#2633 = CARTESIAN_POINT ( 'NONE',  ( 22.50000000000000355, 3.000000000000000000, -48.25000000000000000 ) ) ;
#2634 = ORIENTED_EDGE ( 'NONE', *, *, #219, .T. ) ;
#2635 = APPROVAL_ROLE ( '' ) ;
#2636 = ADVANCED_FACE ( 'NONE', ( #608 ), #621, .F. ) ;
#2637 = LINE ( 'NONE', #2216, #1327 ) ;
#2638 = ORIENTED_EDGE ( 'NONE', *, *, #1220, .F. ) ;
#2639 = FACE_BOUND ( 'NONE', #2626, .T. ) ;
#2640 = ORIENTED_EDGE ( 'NONE', *, *, #493, .F. ) ;
#2641 = DIRECTION ( 'NONE',  ( 0.000000000000000000, 1.000000000000000000, -0.000000000000000000 ) ) ;
#2642 = AXIS2_PLACEMENT_3D ( 'NONE', #2653, #991, #1957 ) ;
#2643 = DIRECTION ( 'NONE',  ( 0.000000000000000000, 0.000000000000000000, -1.000000000000000000 ) ) ;
#2644 = DIRECTION ( 'NONE',  ( 1.000000000000000000, 0.000000000000000000, 0.000000000000000000 ) ) ;
#2645 = AXIS2_PLACEMENT_3D ( 'NONE', #475, #892, #865 ) ;
#2646 = ORIENTED_EDGE ( 'NONE', *, *, #563, .F. ) ;
#2647 = ORIENTED_EDGE ( 'NONE', *, *, #1374, .T. ) ;
#2648 = EDGE_CURVE ( 'NONE', #1127, #950, #258, .T. ) ;
#2649 = DATE_AND_TIME ( #1623, #1636 ) ;
#2650 = CIRCLE ( 'NONE', #1011, 1.549999999999999378 ) ;
#2651 = DIRECTION ( 'NONE',  ( -0.000000000000000000, -1.000000000000000000, -0.000000000000000000 ) ) ;
#2652 = ORIENTED_EDGE ( 'NONE', *, *, #1336, .T. ) ;
#2653 = CARTESIAN_POINT ( 'NONE',  ( 49.99999999999997158, 3.000000000000000000, -29.99999999999986855 ) ) ;
#2654 = EDGE_CURVE ( 'NONE', #1707, #1426, #403, .T. ) ;
#2655 = ORIENTED_EDGE ( 'NONE', *, *, #2084, .F. ) ;
#2656 = CARTESIAN_POINT ( 'NONE',  ( 24.99999999999997158, 0.000000000000000000, -54.99999999999987210 ) ) ;
#2657 = CARTESIAN_POINT ( 'NONE',  ( 48.60000000000002274, 3.000000000000000000, -16.79999999999999005 ) ) ;
#2658 = CARTESIAN_POINT ( 'NONE',  ( -54.99999999999912603, 0.000000000000000000, 29.99999999999999645 ) ) ;
#2659 = FACE_OUTER_BOUND ( 'NONE', #207, .T. ) ;
#2660 = ORIENTED_EDGE ( 'NONE', *, *, #739, .T. ) ;
#2661 = VERTEX_POINT ( 'NONE', #1244 ) ;
#2662 = AXIS2_PLACEMENT_3D ( 'NONE', #215, #1746, #2362 ) ;
#2663 = EDGE_CURVE ( 'NONE', #398, #2622, #2252, .T. ) ;
#2664 = CARTESIAN_POINT ( 'NONE',  ( -24.50000000000000000, 3.000000000000000000, -46.14999999999999858 ) ) ;
#2665 = ORIENTED_EDGE ( 'NONE', *, *, #2740, .T. ) ;
#2666 = PLANE ( 'NONE',  #1593 ) ;
#2667 = VERTEX_POINT ( 'NONE', #1894 ) ;
#2668 = PRODUCT_DEFINITION ( 'UNKNOWN', '', #1987, #86 ) ;
#2669 = ADVANCED_FACE ( 'NONE', ( #824 ), #1495, .F. ) ;
#2670 = AXIS2_PLACEMENT_3D ( 'NONE', #1687, #627, #2714 ) ;
#2671 = AXIS2_PLACEMENT_3D ( 'NONE', #1028, #822, #10 ) ;
#2672 = DIRECTION ( 'NONE',  ( 2.775557561562891844E-16, -0.000000000000000000, 1.000000000000000000 ) ) ;
#2673 = VECTOR ( 'NONE', #2534, 1000.000000000000000 ) ;
#2674 = EDGE_CURVE ( 'NONE', #305, #1408, #2515, .T. ) ;
#2675 = CARTESIAN_POINT ( 'NONE',  ( 30.00000000000008882, 0.000000000000000000, -29.99999999999987210 ) ) ;
#2676 = DIRECTION ( 'NONE',  ( 0.000000000000000000, 0.000000000000000000, 1.000000000000000000 ) ) ;
#2677 = DIRECTION ( 'NONE',  ( 0.000000000000000000, 0.000000000000000000, -1.000000000000000000 ) ) ;
#2678 = ORIENTED_EDGE ( 'NONE', *, *, #2382, .F. ) ;
#2679 = ORIENTED_EDGE ( 'NONE', *, *, #875, .F. ) ;
#2680 = CARTESIAN_POINT ( 'NONE',  ( -29.99999999999997513, 3.000012000000000345, -58.49999999999987921 ) ) ;
#2681 = ORIENTED_EDGE ( 'NONE', *, *, #1010, .F. ) ;
#2682 = FACE_BOUND ( 'NONE', #371, .T. ) ;
#2683 = VERTEX_POINT ( 'NONE', #242 ) ;
#2684 = AXIS2_PLACEMENT_3D ( 'NONE', #1702, #1464, #1489 ) ;
#2685 = CARTESIAN_POINT ( 'NONE',  ( 49.99999999999997158, 3.000000000000000000, -31.49999999999986855 ) ) ;
#2686 = LINE ( 'NONE', #561, #1304 ) ;
#2687 = FACE_OUTER_BOUND ( 'NONE', #2199, .T. ) ;
#2688 = EDGE_CURVE ( 'NONE', #1913, #354, #1294, .T. ) ;
#2689 = DIRECTION ( 'NONE',  ( 1.000000000000000000, 0.000000000000000000, 0.000000000000000000 ) ) ;
#2690 = ORIENTED_EDGE ( 'NONE', *, *, #1962, .T. ) ;
#2691 = EDGE_LOOP ( 'NONE', ( #1016, #616, #1606, #1595, #2690, #2576, #754, #965, #182, #804, #1738, #1358, #974, #112, #1572, #1446, #1814, #2436, #880, #70, #2705, #2543, #477, #2031, #1155, #1024, #457, #2484, #476, #2634 ) ) ;
#2692 = UNCERTAINTY_MEASURE_WITH_UNIT (LENGTH_MEASURE( 1.000000000000000082E-05 ), #1568, 'distance_accuracy_value', 'NONE');
#2693 = AXIS2_PLACEMENT_3D ( 'NONE', #2285, #2519, #390 ) ;
#2694 = DIRECTION ( 'NONE',  ( 0.000000000000000000, 1.000000000000000000, 0.000000000000000000 ) ) ;
#2695 = ORIENTED_EDGE ( 'NONE', *, *, #2351, .T. ) ;
#2696 = DIRECTION ( 'NONE',  ( -0.000000000000000000, -1.000000000000000000, -0.000000000000000000 ) ) ;
#2697 = DIRECTION ( 'NONE',  ( -0.000000000000000000, -1.000000000000000000, -0.000000000000000000 ) ) ;
#2698 = ORIENTED_EDGE ( 'NONE', *, *, #2441, .F. ) ;
#2699 = CIRCLE ( 'NONE', #2219, 4.999999999999997335 ) ;
#2700 = ADVANCED_FACE ( 'NONE', ( #257 ), #2186, .T. ) ;
#2701 = CARTESIAN_POINT ( 'NONE',  ( -29.99999999999997868, 0.000000000000000000, -54.99999999999998579 ) ) ;
#2702 = CARTESIAN_POINT ( 'NONE',  ( 55.00000000000009237, 0.000000000000000000, -29.99999999999978684 ) ) ;
#2703 = LINE ( 'NONE', #365, #197 ) ;
#2704 = ORIENTED_EDGE ( 'NONE', *, *, #231, .T. ) ;
#2705 = ORIENTED_EDGE ( 'NONE', *, *, #994, .T. ) ;
#2706 = EDGE_CURVE ( 'NONE', #2488, #1580, #2733, .T. ) ;
#2707 = EDGE_CURVE ( 'NONE', #737, #935, #783, .T. ) ;
#2708 = DIRECTION ( 'NONE',  ( 0.000000000000000000, 0.000000000000000000, -1.000000000000000000 ) ) ;
#2709 = ORIENTED_EDGE ( 'NONE', *, *, #1891, .T. ) ;
#2710 = CARTESIAN_POINT ( 'NONE',  ( 49.99999999999997158, 0.000000000000000000, 29.99999999999986855 ) ) ;
#2711 = ORIENTED_EDGE ( 'NONE', *, *, #2455, .F. ) ;
#2712 = AXIS2_PLACEMENT_3D ( 'NONE', #1518, #2550, #1274 ) ;
#2713 = CYLINDRICAL_SURFACE ( 'NONE', #1712, 1.050000000000002265 ) ;
#2714 = DIRECTION ( 'NONE',  ( 0.000000000000000000, 0.000000000000000000, 1.000000000000000000 ) ) ;
#2715 = CIRCLE ( 'NONE', #2496, 4.999999999999997335 ) ;
#2716 = AXIS2_PLACEMENT_3D ( 'NONE', #296, #2225, #1136 ) ;
#2717 = CARTESIAN_POINT ( 'NONE',  ( -49.99999999999997158, 0.000000000000000000, -29.99999999999986855 ) ) ;
#2718 = ORIENTED_EDGE ( 'NONE', *, *, #2122, .T. ) ;
#2719 = ORIENTED_EDGE ( 'NONE', *, *, #2205, .F. ) ;
#2720 = AXIS2_PLACEMENT_3D ( 'NONE', #300, #353, #1209 ) ;
#2721 = LINE ( 'NONE', #1039, #2301 ) ;
#2722 = ORIENTED_EDGE ( 'NONE', *, *, #1436, .F. ) ;
#2723 = CARTESIAN_POINT ( 'NONE',  ( 49.99999999999997158, 0.000000000000000000, 31.49999999999986855 ) ) ;
#2724 = ADVANCED_FACE ( 'NONE', ( #27 ), #1524, .F. ) ;
#2725 = CARTESIAN_POINT ( 'NONE',  ( -48.59999999999966747, 3.000000000000000000, 19.89999999999980673 ) ) ;
#2726 = VERTEX_POINT ( 'NONE', #56 ) ;
#2727 = DIRECTION ( 'NONE',  ( 0.000000000000000000, 0.000000000000000000, 1.000000000000000000 ) ) ;
#2728 = CARTESIAN_POINT ( 'NONE',  ( 11.89999999999963975, 0.000000000000000000, 16.79999999999962412 ) ) ;
#2729 = DIRECTION ( 'NONE',  ( 0.000000000000000000, 0.000000000000000000, 1.000000000000000000 ) ) ;
#2730 = ORIENTED_EDGE ( 'NONE', *, *, #856, .F. ) ;
#2731 = AXIS2_PLACEMENT_3D ( 'NONE', #1629, #550, #2643 ) ;
#2732 = VERTEX_POINT ( 'NONE', #660 ) ;
#2733 = CIRCLE ( 'NONE', #28, 4.999999999999997335 ) ;
#2734 = EDGE_CURVE ( 'NONE', #935, #2527, #1965, .T. ) ;
#2735 = DIRECTION ( 'NONE',  ( 0.000000000000000000, 0.000000000000000000, -1.000000000000000000 ) ) ;
#2736 = ORIENTED_EDGE ( 'NONE', *, *, #445, .T. ) ;
#2737 = VECTOR ( 'NONE', #1072, 1000.000000000000000 ) ;
#2738 = CYLINDRICAL_SURFACE ( 'NONE', #1044, 1.050000000000002265 ) ;
#2739 = EDGE_LOOP ( 'NONE', ( #1293, #1757 ) ) ;
#2740 = EDGE_CURVE ( 'NONE', #195, #2120, #1230, .T. ) ;
#2741 = EDGE_CURVE ( 'NONE', #2726, #2621, #26, .T. ) ;
#2742 = CARTESIAN_POINT ( 'NONE',  ( 21.42928578572854903, 0.000000000000000000, -58.49999999999987921 ) ) ;
#2743 = FACE_BOUND ( 'NONE', #2232, .T. ) ;
#2744 = DIRECTION ( 'NONE',  ( 0.000000000000000000, 0.000000000000000000, -1.000000000000000000 ) ) ;
#2745 = CARTESIAN_POINT ( 'NONE',  ( -49.99999999999997158, 3.000000000000000000, -29.99999999999986855 ) ) ;
#2746 = DIRECTION ( 'NONE',  ( 0.000000000000000000, 0.000000000000000000, -1.000000000000000000 ) ) ;
#2747 = ORIENTED_EDGE ( 'NONE', *, *, #2000, .F. ) ;
#2748 = DIRECTION ( 'NONE',  ( -1.000000000000000000, 0.000000000000000000, 2.775557561562891351E-16 ) ) ;
#2749 = DIRECTION ( 'NONE',  ( 0.000000000000000000, 0.000000000000000000, 1.000000000000000000 ) ) ;
#2750 = FACE_OUTER_BOUND ( 'NONE', #2230, .T. ) ;
#2751 = ORIENTED_EDGE ( 'NONE', *, *, #1229, .T. ) ;
ENDSEC;
END-ISO-10303-21;
