ISO-10303-21;
HEADER;
FILE_DESCRIPTION (( 'STEP AP214' ),
    '1' );
FILE_NAME ('leg_medium_1.STEP',
    '2026-04-08T04:34:42',
    ( '' ),
    ( '' ),
    'SwSTEP 2.0',
    'SolidWorks 2025',
    '' );
FILE_SCHEMA (( 'AUTOMOTIVE_DESIGN' ));
ENDSEC;

DATA;
#1 = DIRECTION ( 'NONE',  ( 0.000000000000000000, 0.000000000000000000, -1.000000000000000000 ) ) ;
#2 = CARTESIAN_POINT ( 'NONE',  ( -1.499999999999999778, 10.00000000000000000, 1.500000000000000000 ) ) ;
#3 = ADVANCED_FACE ( 'NONE', ( #328, #94 ), #1087, .T. ) ;
#4 = CARTESIAN_POINT ( 'NONE',  ( 0.5999999999999996447, 10.00000000000000000, -1.299999999999999822 ) ) ;
#5 = EDGE_LOOP ( 'NONE', ( #325, #901, #1225, #619 ) ) ;
#6 = CARTESIAN_POINT ( 'NONE',  ( 1.500000000000000222, 9.500000000000000000, 0.9999999999999998890 ) ) ;
#7 = CIRCLE ( 'NONE', #1068, 0.1699999999999993183 ) ;
#8 = ORIENTED_EDGE ( 'NONE', *, *, #120, .F. ) ;
#9 = CARTESIAN_POINT ( 'NONE',  ( 1.500000000000000222, 9.500000000000000000, 1.169999999999999263 ) ) ;
#10 = ADVANCED_FACE ( 'NONE', ( #1099 ), #443, .F. ) ;
#11 = CIRCLE ( 'NONE', #1389, 0.1699999999999993183 ) ;
#12 =( LENGTH_UNIT ( ) NAMED_UNIT ( * ) SI_UNIT ( .CENTI., .METRE. ) );
#13 = ORIENTED_EDGE ( 'NONE', *, *, #163, .F. ) ;
#14 = AXIS2_PLACEMENT_3D ( 'NONE', #1418, #1092, #1211 ) ;
#15 = CARTESIAN_POINT ( 'NONE',  ( -0.5999999999999997558, 3.000000000000000000, -1.299999999999999822 ) ) ;
#16 = CARTESIAN_POINT ( 'NONE',  ( -1.499999999999999778, 9.500000000000000000, 0.9999999999999998890 ) ) ;
#17 = VERTEX_POINT ( 'NONE', #333 ) ;
#18 = DIRECTION ( 'NONE',  ( -0.000000000000000000, -1.000000000000000000, -0.000000000000000000 ) ) ;
#19 = DIRECTION ( 'NONE',  ( 0.000000000000000000, 0.000000000000000000, 1.000000000000000000 ) ) ;
#20 = ORIENTED_EDGE ( 'NONE', *, *, #53, .T. ) ;
#21 = ADVANCED_FACE ( 'NONE', ( #995 ), #304, .F. ) ;
#22 = DIRECTION ( 'NONE',  ( 1.000000000000000000, -0.000000000000000000, -0.000000000000000000 ) ) ;
#23 = CARTESIAN_POINT ( 'NONE',  ( 1.500000000000000222, 9.500000000000000000, -1.000000000000000222 ) ) ;
#24 = EDGE_LOOP ( 'NONE', ( #1133, #1004 ) ) ;
#25 = ORIENTED_EDGE ( 'NONE', *, *, #1206, .T. ) ;
#26 = DIRECTION ( 'NONE',  ( 0.000000000000000000, 0.000000000000000000, -1.000000000000000000 ) ) ;
#27 = CARTESIAN_POINT ( 'NONE',  ( -3.500000000000000444, 1.500000000000000000, 0.3999999999999998557 ) ) ;
#28 = VERTEX_POINT ( 'NONE', #1202 ) ;
#29 = LINE ( 'NONE', #926, #759 ) ;
#30 = DIRECTION ( 'NONE',  ( 1.000000000000000000, -0.000000000000000000, -0.000000000000000000 ) ) ;
#31 = EDGE_CURVE ( 'NONE', #693, #1329, #828, .T. ) ;
#32 = ORIENTED_EDGE ( 'NONE', *, *, #53, .F. ) ;
#33 = ORIENTED_EDGE ( 'NONE', *, *, #1232, .T. ) ;
#34 = CARTESIAN_POINT ( 'NONE',  ( 1.500000000000000222, 7.500000000000000000, -1.000000000000000444 ) ) ;
#35 = CARTESIAN_POINT ( 'NONE',  ( -0.5999999999999997558, 0.000000000000000000, 3.469446951953614189E-16 ) ) ;
#36 = VERTEX_POINT ( 'NONE', #1189 ) ;
#37 = VECTOR ( 'NONE', #1411, 100.0000000000000000 ) ;
#38 = LINE ( 'NONE', #371, #279 ) ;
#39 = CARTESIAN_POINT ( 'NONE',  ( 1.500000000000000222, 9.500000000000000000, -0.8300000000000008482 ) ) ;
#40 = CIRCLE ( 'NONE', #225, 0.1699999999999993183 ) ;
#41 = AXIS2_PLACEMENT_3D ( 'NONE', #900, #1237, #361 ) ;
#42 = EDGE_CURVE ( 'NONE', #474, #1263, #447, .T. ) ;
#43 = AXIS2_PLACEMENT_3D ( 'NONE', #1361, #694, #26 ) ;
#44 = EDGE_CURVE ( 'NONE', #808, #657, #40, .T. ) ;
#45 = ORIENTED_EDGE ( 'NONE', *, *, #104, .F. ) ;
#46 = DIRECTION ( 'NONE',  ( 1.000000000000000000, -0.000000000000000000, 0.000000000000000000 ) ) ;
#47 = CARTESIAN_POINT ( 'NONE',  ( -1.499999999999999778, 0.000000000000000000, 0.000000000000000000 ) ) ;
#48 = EDGE_LOOP ( 'NONE', ( #862, #241, #445, #943 ) ) ;
#49 = CARTESIAN_POINT ( 'NONE',  ( 1.300000000000000044, 7.500000000000000000, -0.8300000000000010703 ) ) ;
#50 = DIRECTION ( 'NONE',  ( 0.000000000000000000, 0.000000000000000000, -1.000000000000000000 ) ) ;
#51 = ORIENTED_EDGE ( 'NONE', *, *, #762, .F. ) ;
#52 = CARTESIAN_POINT ( 'NONE',  ( 0.5999999999999996447, 1.500000000000000000, 0.000000000000000000 ) ) ;
#53 = EDGE_CURVE ( 'NONE', #28, #1302, #664, .T. ) ;
#54 = CARTESIAN_POINT ( 'NONE',  ( 1.500000000000000222, 9.500000000000000000, -1.169999999999999485 ) ) ;
#55 = EDGE_LOOP ( 'NONE', ( #569, #787, #870, #118 ) ) ;
#56 = CARTESIAN_POINT ( 'NONE',  ( 1.300000000000000044, 9.500000000000000000, -0.8300000000000008482 ) ) ;
#57 = ORIENTED_EDGE ( 'NONE', *, *, #76, .F. ) ;
#58 = CARTESIAN_POINT ( 'NONE',  ( -1.299999999999999600, 9.500000000000000000, 0.8300000000000005151 ) ) ;
#59 = AXIS2_PLACEMENT_3D ( 'NONE', #769, #1111, #124 ) ;
#60 = PRODUCT_DEFINITION ( 'UNKNOWN', '', #154, #645 ) ;
#61 = CARTESIAN_POINT ( 'NONE',  ( 1.300000000000000044, 3.000000000000000000, -1.299999999999999822 ) ) ;
#62 = CARTESIAN_POINT ( 'NONE',  ( -1.299999999999999822, 3.000000000000000000, 1.300000000000000044 ) ) ;
#63 = ORIENTED_EDGE ( 'NONE', *, *, #1109, .F. ) ;
#64 = AXIS2_PLACEMENT_3D ( 'NONE', #197, #1090, #531 ) ;
#65 = ORIENTED_EDGE ( 'NONE', *, *, #551, .F. ) ;
#66 = AXIS2_PLACEMENT_3D ( 'NONE', #495, #934, #1351 ) ;
#67 = DIRECTION ( 'NONE',  ( 1.000000000000000000, -0.000000000000000000, -0.000000000000000000 ) ) ;
#68 = DIRECTION ( 'NONE',  ( 0.000000000000000000, 0.000000000000000000, 1.000000000000000000 ) ) ;
#69 = DIRECTION ( 'NONE',  ( -0.000000000000000000, -1.000000000000000000, -0.000000000000000000 ) ) ;
#70 = EDGE_LOOP ( 'NONE', ( #1318, #826, #271, #496 ) ) ;
#71 = EDGE_CURVE ( 'NONE', #657, #852, #559, .T. ) ;
#72 = ORIENTED_EDGE ( 'NONE', *, *, #221, .T. ) ;
#73 = CARTESIAN_POINT ( 'NONE',  ( 1.500000000000000222, 9.500000000000000000, -0.8300000000000008482 ) ) ;
#74 = ORIENTED_EDGE ( 'NONE', *, *, #188, .T. ) ;
#75 = LINE ( 'NONE', #100, #1313 ) ;
#76 = EDGE_CURVE ( 'NONE', #538, #1127, #1307, .T. ) ;
#77 = EDGE_LOOP ( 'NONE', ( #403, #373 ) ) ;
#78 = AXIS2_PLACEMENT_3D ( 'NONE', #1294, #756, #1061 ) ;
#79 = CARTESIAN_POINT ( 'NONE',  ( -1.499999999999999778, 10.00000000000000000, 1.500000000000000000 ) ) ;
#80 = CIRCLE ( 'NONE', #201, 0.1699999999999993183 ) ;
#81 = DIRECTION ( 'NONE',  ( 1.000000000000000000, -0.000000000000000000, -0.000000000000000000 ) ) ;
#82 = ORIENTED_EDGE ( 'NONE', *, *, #1355, .T. ) ;
#83 = LINE ( 'NONE', #214, #890 ) ;
#84 = EDGE_CURVE ( 'NONE', #1298, #811, #1292, .T. ) ;
#85 = LINE ( 'NONE', #534, #919 ) ;
#86 = VECTOR ( 'NONE', #1410, 100.0000000000000000 ) ;
#87 = AXIS2_PLACEMENT_3D ( 'NONE', #276, #715, #169 ) ;
#88 = ADVANCED_FACE ( 'NONE', ( #548, #319 ), #770, .T. ) ;
#89 = AXIS2_PLACEMENT_3D ( 'NONE', #755, #650, #867 ) ;
#90 = DIRECTION ( 'NONE',  ( -1.334402673828313339E-16, -0.000000000000000000, -1.000000000000000000 ) ) ;
#91 = FACE_OUTER_BOUND ( 'NONE', #840, .T. ) ;
#92 = VERTEX_POINT ( 'NONE', #774 ) ;
#93 = CARTESIAN_POINT ( 'NONE',  ( -1.299999999999999822, 10.00000000000000000, -1.299999999999999822 ) ) ;
#94 = FACE_BOUND ( 'NONE', #790, .T. ) ;
#95 = FACE_OUTER_BOUND ( 'NONE', #704, .T. ) ;
#96 = EDGE_CURVE ( 'NONE', #1152, #935, #1197, .T. ) ;
#97 =( LENGTH_UNIT ( ) NAMED_UNIT ( * ) SI_UNIT ( .CENTI., .METRE. ) );
#98 = DIRECTION ( 'NONE',  ( 1.000000000000000000, -0.000000000000000000, -0.000000000000000000 ) ) ;
#99 = ORIENTED_EDGE ( 'NONE', *, *, #120, .T. ) ;
#100 = CARTESIAN_POINT ( 'NONE',  ( 0.7600000000000001199, 1.500000000000000000, -1.130000000000000115 ) ) ;
#101 = CARTESIAN_POINT ( 'NONE',  ( -3.500000000000000444, 1.500000000000000000, -1.734723475976807094E-16 ) ) ;
#102 = CARTESIAN_POINT ( 'NONE',  ( 1.500000000000000222, 7.500000000000000000, -0.8300000000000010703 ) ) ;
#103 = CARTESIAN_POINT ( 'NONE',  ( 1.300000000000000266, 10.00000000000000000, 1.300000000000000044 ) ) ;
#104 = EDGE_CURVE ( 'NONE', #1101, #583, #219, .T. ) ;
#105 = EDGE_LOOP ( 'NONE', ( #894, #129, #405, #501 ) ) ;
#106 = CARTESIAN_POINT ( 'NONE',  ( 0.7600000000000001199, 1.500000000000000000, -1.734723475976807094E-16 ) ) ;
#107 = PRODUCT_DEFINITION_SHAPE ( 'NONE', 'NONE',  #60 ) ;
#108 = DIRECTION ( 'NONE',  ( -1.000000000000000000, 0.000000000000000000, 0.000000000000000000 ) ) ;
#109 = PLANE ( 'NONE',  #322 ) ;
#110 = CIRCLE ( 'NONE', #411, 0.1699999999999993183 ) ;
#111 = AXIS2_PLACEMENT_3D ( 'NONE', #596, #387, #1012 ) ;
#112 = CIRCLE ( 'NONE', #994, 0.1699999999999993183 ) ;
#113 = ORIENTED_EDGE ( 'NONE', *, *, #747, .T. ) ;
#114 = DIRECTION ( 'NONE',  ( 0.000000000000000000, -0.000000000000000000, -1.000000000000000000 ) ) ;
#115 = EDGE_CURVE ( 'NONE', #1216, #1343, #1183, .T. ) ;
#116 = CARTESIAN_POINT ( 'NONE',  ( -0.7599999999999997868, 1.500000000000000222, -1.130000000000000115 ) ) ;
#117 = CARTESIAN_POINT ( 'NONE',  ( -1.499999999999999778, 9.500000000000000000, -1.000000000000000222 ) ) ;
#118 = ORIENTED_EDGE ( 'NONE', *, *, #747, .F. ) ;
#119 = CARTESIAN_POINT ( 'NONE',  ( -0.5999999999999997558, 10.00000000000000000, 1.300000000000000044 ) ) ;
#120 = EDGE_CURVE ( 'NONE', #1046, #693, #85, .T. ) ;
#121 = ORIENTED_EDGE ( 'NONE', *, *, #1232, .F. ) ;
#122 = ORIENTED_EDGE ( 'NONE', *, *, #607, .F. ) ;
#123 = FACE_OUTER_BOUND ( 'NONE', #699, .T. ) ;
#124 = DIRECTION ( 'NONE',  ( 0.000000000000000000, 0.000000000000000000, -1.000000000000000000 ) ) ;
#125 = ORIENTED_EDGE ( 'NONE', *, *, #1017, .T. ) ;
#126 = DIRECTION ( 'NONE',  ( 1.000000000000000000, -0.000000000000000000, -0.000000000000000000 ) ) ;
#127 = CARTESIAN_POINT ( 'NONE',  ( -1.299999999999999600, 9.500000000000000000, -1.000000000000000222 ) ) ;
#128 = AXIS2_PLACEMENT_3D ( 'NONE', #101, #235, #434 ) ;
#129 = ORIENTED_EDGE ( 'NONE', *, *, #1151, .F. ) ;
#130 = ORIENTED_EDGE ( 'NONE', *, *, #1104, .F. ) ;
#131 = CARTESIAN_POINT ( 'NONE',  ( 1.300000000000000266, 7.500000000000000000, 0.9999999999999996669 ) ) ;
#132 = EDGE_CURVE ( 'NONE', #297, #772, #11, .T. ) ;
#133 = VECTOR ( 'NONE', #332, 100.0000000000000000 ) ;
#134 = DIRECTION ( 'NONE',  ( -1.000000000000000000, 0.000000000000000000, 0.000000000000000000 ) ) ;
#135 = ORIENTED_EDGE ( 'NONE', *, *, #1008, .T. ) ;
#136 = CIRCLE ( 'NONE', #1184, 0.1699999999999993183 ) ;
#137 = CARTESIAN_POINT ( 'NONE',  ( 1.500000000000000222, 9.500000000000000000, 0.9999999999999998890 ) ) ;
#138 = CARTESIAN_POINT ( 'NONE',  ( -1.499999999999999778, 1.500000000000000000, -1.500000000000000222 ) ) ;
#139 = ORIENTED_EDGE ( 'NONE', *, *, #489, .F. ) ;
#140 = CARTESIAN_POINT ( 'NONE',  ( -0.5999999999999997558, 10.00000000000000000, 1.300000000000000044 ) ) ;
#141 = EDGE_CURVE ( 'NONE', #302, #17, #209, .T. ) ;
#142 =( NAMED_UNIT ( * ) SI_UNIT ( $, .STERADIAN. ) SOLID_ANGLE_UNIT ( ) );
#143 = ORIENTED_EDGE ( 'NONE', *, *, #1322, .T. ) ;
#144 = EDGE_LOOP ( 'NONE', ( #1274, #1060 ) ) ;
#145 = CARTESIAN_POINT ( 'NONE',  ( 0.000000000000000000, 10.00000000000000000, 0.000000000000000000 ) ) ;
#146 = ORIENTED_EDGE ( 'NONE', *, *, #993, .T. ) ;
#147 = ORIENTED_EDGE ( 'NONE', *, *, #1355, .F. ) ;
#148 = FACE_BOUND ( 'NONE', #1093, .T. ) ;
#149 = DIRECTION ( 'NONE',  ( 0.000000000000000000, 0.000000000000000000, -1.000000000000000000 ) ) ;
#150 = ORIENTED_EDGE ( 'NONE', *, *, #44, .F. ) ;
#151 = PLANE ( 'NONE',  #395 ) ;
#152 = FACE_OUTER_BOUND ( 'NONE', #460, .T. ) ;
#153 = ORIENTED_EDGE ( 'NONE', *, *, #1150, .T. ) ;
#154 = PRODUCT_DEFINITION_FORMATION_WITH_SPECIFIED_SOURCE ( 'ANY', '', #1071, .NOT_KNOWN. ) ;
#155 = EDGE_LOOP ( 'NONE', ( #294, #821, #1332, #57 ) ) ;
#156 = DIRECTION ( 'NONE',  ( 0.000000000000000000, 0.000000000000000000, 1.000000000000000000 ) ) ;
#157 = DIRECTION ( 'NONE',  ( 0.000000000000000000, 0.000000000000000000, 1.000000000000000000 ) ) ;
#158 = ORIENTED_EDGE ( 'NONE', *, *, #195, .F. ) ;
#159 = DIRECTION ( 'NONE',  ( 0.000000000000000000, 0.000000000000000000, -1.000000000000000000 ) ) ;
#160 = DIRECTION ( 'NONE',  ( -0.000000000000000000, -0.000000000000000000, 1.000000000000000000 ) ) ;
#161 = AXIS2_PLACEMENT_3D ( 'NONE', #766, #1193, #301 ) ;
#162 = AXIS2_PLACEMENT_3D ( 'NONE', #117, #1198, #556 ) ;
#163 = EDGE_CURVE ( 'NONE', #914, #410, #83, .T. ) ;
#164 = CIRCLE ( 'NONE', #343, 1.500000000000000000 ) ;
#165 = VERTEX_POINT ( 'NONE', #845 ) ;
#166 = CYLINDRICAL_SURFACE ( 'NONE', #229, 0.1699999999999993183 ) ;
#167 = DIRECTION ( 'NONE',  ( 0.000000000000000000, 0.000000000000000000, -1.000000000000000000 ) ) ;
#168 = ORIENTED_EDGE ( 'NONE', *, *, #1409, .F. ) ;
#169 = DIRECTION ( 'NONE',  ( 0.000000000000000000, 0.000000000000000000, -1.000000000000000000 ) ) ;
#170 = ORIENTED_EDGE ( 'NONE', *, *, #1081, .F. ) ;
#171 = CARTESIAN_POINT ( 'NONE',  ( -1.499999999999999778, 7.500000000000000000, -0.8300000000000010703 ) ) ;
#172 = PLANE ( 'NONE',  #986 ) ;
#173 = CARTESIAN_POINT ( 'NONE',  ( -0.5999999999999998668, 1.500000000000000000, -1.734723475976807094E-16 ) ) ;
#174 = EDGE_LOOP ( 'NONE', ( #629, #139, #258, #748 ) ) ;
#175 = ORIENTED_EDGE ( 'NONE', *, *, #1094, .T. ) ;
#176 = DIRECTION ( 'NONE',  ( 1.000000000000000000, -0.000000000000000000, -0.000000000000000000 ) ) ;
#177 = VECTOR ( 'NONE', #260, 100.0000000000000000 ) ;
#178 = DIRECTION ( 'NONE',  ( 1.000000000000000000, -0.000000000000000000, -0.000000000000000000 ) ) ;
#179 = CARTESIAN_POINT ( 'NONE',  ( 0.5999999999999996447, 3.000000000000000000, 1.300000000000000044 ) ) ;
#180 = ORIENTED_EDGE ( 'NONE', *, *, #730, .F. ) ;
#181 = AXIS2_PLACEMENT_3D ( 'NONE', #1011, #1003, #998 ) ;
#182 = CIRCLE ( 'NONE', #991, 0.1699999999999993183 ) ;
#183 = ORIENTED_EDGE ( 'NONE', *, *, #507, .F. ) ;
#184 = AXIS2_PLACEMENT_3D ( 'NONE', #827, #592, #381 ) ;
#185 = CARTESIAN_POINT ( 'NONE',  ( 1.500000000000000222, 9.500000000000000000, 0.9999999999999998890 ) ) ;
#186 = DIRECTION ( 'NONE',  ( -0.000000000000000000, -1.000000000000000000, -0.000000000000000000 ) ) ;
#187 = LINE ( 'NONE', #958, #796 ) ;
#188 = EDGE_CURVE ( 'NONE', #17, #1343, #75, .T. ) ;
#189 = LINE ( 'NONE', #1058, #1256 ) ;
#190 = ORIENTED_EDGE ( 'NONE', *, *, #564, .F. ) ;
#191 = VERTEX_POINT ( 'NONE', #736 ) ;
#192 = DIRECTION ( 'NONE',  ( 0.000000000000000000, 0.000000000000000000, -1.000000000000000000 ) ) ;
#193 = ORIENTED_EDGE ( 'NONE', *, *, #1088, .F. ) ;
#194 = FACE_OUTER_BOUND ( 'NONE', #1273, .T. ) ;
#195 = EDGE_CURVE ( 'NONE', #1179, #1215, #303, .T. ) ;
#196 = ORIENTED_EDGE ( 'NONE', *, *, #1214, .F. ) ;
#197 = CARTESIAN_POINT ( 'NONE',  ( 1.300000000000000044, 7.500000000000000000, -1.000000000000000444 ) ) ;
#198 = EDGE_CURVE ( 'NONE', #634, #1112, #1195, .T. ) ;
#199 = CARTESIAN_POINT ( 'NONE',  ( 1.500000000000000222, 9.500000000000000000, -1.169999999999999485 ) ) ;
#200 = FACE_OUTER_BOUND ( 'NONE', #155, .T. ) ;
#201 = AXIS2_PLACEMENT_3D ( 'NONE', #1147, #1129, #157 ) ;
#202 = ORIENTED_EDGE ( 'NONE', *, *, #1401, .T. ) ;
#203 = FACE_OUTER_BOUND ( 'NONE', #1119, .T. ) ;
#204 = EDGE_LOOP ( 'NONE', ( #261, #479 ) ) ;
#205 = FACE_OUTER_BOUND ( 'NONE', #263, .T. ) ;
#206 = DIRECTION ( 'NONE',  ( 0.000000000000000000, 0.000000000000000000, 1.000000000000000000 ) ) ;
#207 = EDGE_CURVE ( 'NONE', #1302, #1326, #849, .T. ) ;
#208 = DIRECTION ( 'NONE',  ( 0.000000000000000000, 0.000000000000000000, -1.000000000000000000 ) ) ;
#209 = CIRCLE ( 'NONE', #966, 1.129999999999999893 ) ;
#210 = CARTESIAN_POINT ( 'NONE',  ( -1.299999999999999600, 9.500000000000000000, -0.8300000000000008482 ) ) ;
#211 = VECTOR ( 'NONE', #1287, 100.0000000000000000 ) ;
#212 = LINE ( 'NONE', #73, #874 ) ;
#213 = ORIENTED_EDGE ( 'NONE', *, *, #671, .T. ) ;
#214 = CARTESIAN_POINT ( 'NONE',  ( -1.499999999999999778, 0.000000000000000000, 0.000000000000000000 ) ) ;
#215 = DIRECTION ( 'NONE',  ( -1.000000000000000000, 0.000000000000000000, 0.000000000000000000 ) ) ;
#216 = DIRECTION ( 'NONE',  ( 1.000000000000000000, -0.000000000000000000, -0.000000000000000000 ) ) ;
#217 = ORIENTED_EDGE ( 'NONE', *, *, #1300, .T. ) ;
#218 = DIRECTION ( 'NONE',  ( 0.000000000000000000, 0.000000000000000000, -1.000000000000000000 ) ) ;
#219 = LINE ( 'NONE', #199, #1413 ) ;
#220 = CARTESIAN_POINT ( 'NONE',  ( -0.7599999999999997868, 1.500000000000000000, -1.734723475976807094E-16 ) ) ;
#221 = EDGE_CURVE ( 'NONE', #1298, #401, #1174, .T. ) ;
#222 = ORIENTED_EDGE ( 'NONE', *, *, #238, .T. ) ;
#223 = CARTESIAN_POINT ( 'NONE',  ( -1.499999999999999778, 9.500000000000000000, 0.9999999999999998890 ) ) ;
#224 = CARTESIAN_POINT ( 'NONE',  ( 1.500000000000000222, 7.500000000000000000, 0.8300000000000004041 ) ) ;
#225 = AXIS2_PLACEMENT_3D ( 'NONE', #763, #879, #865 ) ;
#226 = CARTESIAN_POINT ( 'NONE',  ( -1.499999999999999778, 9.500000000000000000, 1.169999999999999263 ) ) ;
#227 = CIRCLE ( 'NONE', #1075, 0.1699999999999993183 ) ;
#228 = AXIS2_PLACEMENT_3D ( 'NONE', #1359, #379, #792 ) ;
#229 = AXIS2_PLACEMENT_3D ( 'NONE', #1372, #1023, #1028 ) ;
#230 = ORIENTED_EDGE ( 'NONE', *, *, #1150, .F. ) ;
#231 = EDGE_CURVE ( 'NONE', #470, #474, #663, .T. ) ;
#232 = FACE_OUTER_BOUND ( 'NONE', #1305, .T. ) ;
#233 = VERTEX_POINT ( 'NONE', #326 ) ;
#234 = FACE_OUTER_BOUND ( 'NONE', #961, .T. ) ;
#235 = DIRECTION ( 'NONE',  ( 1.000000000000000000, -0.000000000000000000, -0.000000000000000000 ) ) ;
#236 = VERTEX_POINT ( 'NONE', #973 ) ;
#237 = FACE_OUTER_BOUND ( 'NONE', #598, .T. ) ;
#238 = EDGE_CURVE ( 'NONE', #463, #1380, #1397, .T. ) ;
#239 = VERTEX_POINT ( 'NONE', #1180 ) ;
#240 = ADVANCED_FACE ( 'NONE', ( #205 ), #1078, .F. ) ;
#241 = ORIENTED_EDGE ( 'NONE', *, *, #195, .T. ) ;
#242 = DIRECTION ( 'NONE',  ( 1.000000000000000000, -0.000000000000000000, -0.000000000000000000 ) ) ;
#243 = CYLINDRICAL_SURFACE ( 'NONE', #714, 0.1699999999999993183 ) ;
#244 = ORIENTED_EDGE ( 'NONE', *, *, #198, .T. ) ;
#245 = DIRECTION ( 'NONE',  ( 0.000000000000000000, -1.000000000000000000, 0.000000000000000000 ) ) ;
#246 = LINE ( 'NONE', #683, #1228 ) ;
#247 = VECTOR ( 'NONE', #1299, 100.0000000000000000 ) ;
#248 = EDGE_CURVE ( 'NONE', #982, #1179, #658, .T. ) ;
#249 = ORIENTED_EDGE ( 'NONE', *, *, #292, .T. ) ;
#250 = DIRECTION ( 'NONE',  ( 0.000000000000000000, -0.000000000000000000, -1.000000000000000000 ) ) ;
#251 = AXIS2_PLACEMENT_3D ( 'NONE', #1113, #256, #346 ) ;
#252 = VECTOR ( 'NONE', #30, 100.0000000000000000 ) ;
#253 = DIRECTION ( 'NONE',  ( 0.000000000000000000, 0.000000000000000000, 1.000000000000000000 ) ) ;
#254 = EDGE_LOOP ( 'NONE', ( #737, #20, #877, #1246, #846, #684, #643, #1382 ) ) ;
#255 = CIRCLE ( 'NONE', #415, 0.1699999999999993183 ) ;
#256 = DIRECTION ( 'NONE',  ( 1.000000000000000000, -0.000000000000000000, 0.000000000000000000 ) ) ;
#257 = EDGE_LOOP ( 'NONE', ( #1314, #143 ) ) ;
#258 = ORIENTED_EDGE ( 'NONE', *, *, #499, .F. ) ;
#259 = PLANE ( 'NONE',  #1209 ) ;
#260 = DIRECTION ( 'NONE',  ( -1.000000000000000000, -0.000000000000000000, 0.000000000000000000 ) ) ;
#261 = ORIENTED_EDGE ( 'NONE', *, *, #524, .T. ) ;
#262 = DIRECTION ( 'NONE',  ( 0.000000000000000000, 0.000000000000000000, 1.000000000000000000 ) ) ;
#263 = EDGE_LOOP ( 'NONE', ( #150, #728, #286, #525 ) ) ;
#264 = ORIENTED_EDGE ( 'NONE', *, *, #854, .T. ) ;
#265 = CARTESIAN_POINT ( 'NONE',  ( 1.500000000000000222, 7.500000000000000000, -1.169999999999999707 ) ) ;
#266 = FACE_OUTER_BOUND ( 'NONE', #5, .T. ) ;
#267 = ORIENTED_EDGE ( 'NONE', *, *, #564, .T. ) ;
#268 = EDGE_CURVE ( 'NONE', #1046, #36, #110, .T. ) ;
#269 = CARTESIAN_POINT ( 'NONE',  ( -1.499999999999999778, 1.500000000000000000, -1.500000000000000222 ) ) ;
#270 = DIRECTION ( 'NONE',  ( 0.000000000000000000, 0.000000000000000000, -1.000000000000000000 ) ) ;
#271 = ORIENTED_EDGE ( 'NONE', *, *, #425, .T. ) ;
#272 = CARTESIAN_POINT ( 'NONE',  ( 1.500000000000000222, 9.500000000000000000, 0.8300000000000005151 ) ) ;
#273 = DIRECTION ( 'NONE',  ( 1.000000000000000000, -0.000000000000000000, -0.000000000000000000 ) ) ;
#274 = ORIENTED_EDGE ( 'NONE', *, *, #1190, .T. ) ;
#275 = AXIS2_PLACEMENT_3D ( 'NONE', #433, #768, #218 ) ;
#276 = CARTESIAN_POINT ( 'NONE',  ( 1.500000000000000222, 9.500000000000000000, -1.000000000000000222 ) ) ;
#277 = CARTESIAN_POINT ( 'NONE',  ( 1.500000000000000222, 7.500000000000000000, -1.169999999999999707 ) ) ;
#278 = EDGE_CURVE ( 'NONE', #191, #410, #600, .T. ) ;
#279 = VECTOR ( 'NONE', #378, 100.0000000000000000 ) ;
#280 = CIRCLE ( 'NONE', #1297, 0.4000000000000000222 ) ;
#281 = ORIENTED_EDGE ( 'NONE', *, *, #363, .F. ) ;
#282 = CARTESIAN_POINT ( 'NONE',  ( -0.7599999999999995648, 1.500000000000000000, 0.3999999999999998557 ) ) ;
#283 = FACE_OUTER_BOUND ( 'NONE', #777, .T. ) ;
#284 = CARTESIAN_POINT ( 'NONE',  ( 0.7600000000000002309, 1.500000000000000000, -1.734723475976807094E-16 ) ) ;
#285 = EDGE_CURVE ( 'NONE', #1127, #427, #1074, .T. ) ;
#286 = ORIENTED_EDGE ( 'NONE', *, *, #1300, .F. ) ;
#287 = DIRECTION ( 'NONE',  ( 0.000000000000000000, 0.000000000000000000, -1.000000000000000000 ) ) ;
#288 = FACE_BOUND ( 'NONE', #1317, .T. ) ;
#289 = LINE ( 'NONE', #726, #1369 ) ;
#290 = VERTEX_POINT ( 'NONE', #1208 ) ;
#291 = ORIENTED_EDGE ( 'NONE', *, *, #607, .T. ) ;
#292 = EDGE_CURVE ( 'NONE', #669, #1063, #665, .T. ) ;
#293 = CARTESIAN_POINT ( 'NONE',  ( -1.499999999999999778, 10.00000000000000000, -1.500000000000000222 ) ) ;
#294 = ORIENTED_EDGE ( 'NONE', *, *, #776, .F. ) ;
#295 = DIRECTION ( 'NONE',  ( 1.000000000000000000, -0.000000000000000000, -0.000000000000000000 ) ) ;
#296 = VECTOR ( 'NONE', #18, 100.0000000000000000 ) ;
#297 = VERTEX_POINT ( 'NONE', #878 ) ;
#298 = AXIS2_PLACEMENT_3D ( 'NONE', #1217, #242, #679 ) ;
#299 = LINE ( 'NONE', #1377, #666 ) ;
#300 = ADVANCED_FACE ( 'NONE', ( #1310 ), #670, .F. ) ;
#301 = DIRECTION ( 'NONE',  ( 0.000000000000000000, 0.000000000000000000, -1.000000000000000000 ) ) ;
#302 = VERTEX_POINT ( 'NONE', #1220 ) ;
#303 = LINE ( 'NONE', #546, #1141 ) ;
#304 = CYLINDRICAL_SURFACE ( 'NONE', #1115, 0.4000000000000000222 ) ;
#305 = DIRECTION ( 'NONE',  ( 0.000000000000000000, 0.000000000000000000, 1.000000000000000000 ) ) ;
#306 = APPLICATION_CONTEXT ( 'automotive_design' ) ;
#307 = LINE ( 'NONE', #323, #960 ) ;
#308 = FACE_OUTER_BOUND ( 'NONE', #939, .T. ) ;
#309 = ORIENTED_EDGE ( 'NONE', *, *, #908, .T. ) ;
#310 = EDGE_CURVE ( 'NONE', #955, #952, #558, .T. ) ;
#311 = DIRECTION ( 'NONE',  ( 1.000000000000000000, -0.000000000000000000, -0.000000000000000000 ) ) ;
#312 = DIRECTION ( 'NONE',  ( 0.000000000000000000, 0.000000000000000000, -1.000000000000000000 ) ) ;
#313 = CYLINDRICAL_SURFACE ( 'NONE', #89, 0.1699999999999993183 ) ;
#314 = VECTOR ( 'NONE', #1373, 100.0000000000000000 ) ;
#315 = CARTESIAN_POINT ( 'NONE',  ( -3.500000000000000444, 1.500000000000000000, -1.734723475976807094E-16 ) ) ;
#316 = EDGE_LOOP ( 'NONE', ( #369, #380 ) ) ;
#317 = PRODUCT_RELATED_PRODUCT_CATEGORY ( 'part', '', ( #1071 ) ) ;
#318 = DIRECTION ( 'NONE',  ( 1.000000000000000000, -0.000000000000000000, -0.000000000000000000 ) ) ;
#319 = FACE_BOUND ( 'NONE', #204, .T. ) ;
#320 = VECTOR ( 'NONE', #1330, 100.0000000000000000 ) ;
#321 = VECTOR ( 'NONE', #544, 100.0000000000000000 ) ;
#322 = AXIS2_PLACEMENT_3D ( 'NONE', #549, #876, #1303 ) ;
#323 = CARTESIAN_POINT ( 'NONE',  ( 1.300000000000000044, 10.00000000000000000, -1.299999999999999822 ) ) ;
#324 = LINE ( 'NONE', #1402, #646 ) ;
#325 = ORIENTED_EDGE ( 'NONE', *, *, #141, .F. ) ;
#326 = CARTESIAN_POINT ( 'NONE',  ( -1.299999999999999822, 3.000000000000000000, 1.300000000000000044 ) ) ;
#327 = FACE_OUTER_BOUND ( 'NONE', #174, .T. ) ;
#328 = FACE_OUTER_BOUND ( 'NONE', #414, .T. ) ;
#329 = EDGE_CURVE ( 'NONE', #1380, #1298, #773, .T. ) ;
#330 = CARTESIAN_POINT ( 'NONE',  ( -0.5999999999999997558, 3.000000000000000000, 1.300000000000000044 ) ) ;
#331 = EDGE_LOOP ( 'NONE', ( #1116, #541, #113, #902 ) ) ;
#332 = DIRECTION ( 'NONE',  ( 1.000000000000000000, 0.000000000000000000, 0.000000000000000000 ) ) ;
#333 = CARTESIAN_POINT ( 'NONE',  ( 0.7600000000000001199, 1.500000000000000000, -1.130000000000000115 ) ) ;
#334 = DIRECTION ( 'NONE',  ( -0.000000000000000000, -1.000000000000000000, -0.000000000000000000 ) ) ;
#335 = ADVANCED_FACE ( 'NONE', ( #232 ), #1102, .T. ) ;
#336 = CARTESIAN_POINT ( 'NONE',  ( 0.5999999999999996447, 1.500000000000000000, -1.734723475976807094E-16 ) ) ;
#337 = UNCERTAINTY_MEASURE_WITH_UNIT (LENGTH_MEASURE( 1.000000000000000082E-05 ), #12, 'distance_accuracy_value', 'NONE');
#338 = AXIS2_PLACEMENT_3D ( 'NONE', #137, #1306, #562 ) ;
#339 = DIRECTION ( 'NONE',  ( 0.000000000000000000, 0.000000000000000000, 1.000000000000000000 ) ) ;
#340 = CIRCLE ( 'NONE', #1142, 0.4000000000000000222 ) ;
#341 = CIRCLE ( 'NONE', #667, 1.129999999999999893 ) ;
#342 = EDGE_CURVE ( 'NONE', #978, #1130, #530, .T. ) ;
#343 = AXIS2_PLACEMENT_3D ( 'NONE', #1218, #311, #253 ) ;
#344 = ORIENTED_EDGE ( 'NONE', *, *, #793, .T. ) ;
#345 = ADVANCED_FACE ( 'NONE', ( #1107 ), #1020, .T. ) ;
#346 = DIRECTION ( 'NONE',  ( 0.000000000000000000, 0.000000000000000000, -1.000000000000000000 ) ) ;
#347 = ORIENTED_EDGE ( 'NONE', *, *, #687, .F. ) ;
#348 = ORIENTED_EDGE ( 'NONE', *, *, #231, .T. ) ;
#349 = CARTESIAN_POINT ( 'NONE',  ( -1.299999999999999822, 10.00000000000000000, -1.299999999999999822 ) ) ;
#350 = FACE_BOUND ( 'NONE', #565, .T. ) ;
#351 = ORIENTED_EDGE ( 'NONE', *, *, #1181, .F. ) ;
#352 = DIRECTION ( 'NONE',  ( 1.000000000000000000, -0.000000000000000000, -0.000000000000000000 ) ) ;
#353 = DIRECTION ( 'NONE',  ( 0.000000000000000000, 0.000000000000000000, -1.000000000000000000 ) ) ;
#354 = ADVANCED_FACE ( 'NONE', ( #1316, #1201 ), #1213, .F. ) ;
#355 = EDGE_LOOP ( 'NONE', ( #1021, #175, #997, #45 ) ) ;
#356 = DIRECTION ( 'NONE',  ( 0.000000000000000000, 0.000000000000000000, -1.000000000000000000 ) ) ;
#357 = SURFACE_SIDE_STYLE ('',( #751 ) ) ;
#358 = ORIENTED_EDGE ( 'NONE', *, *, #329, .T. ) ;
#359 = VECTOR ( 'NONE', #938, 100.0000000000000000 ) ;
#360 = DIRECTION ( 'NONE',  ( 0.000000000000000000, 0.000000000000000000, -1.000000000000000000 ) ) ;
#361 = DIRECTION ( 'NONE',  ( 0.000000000000000000, 0.000000000000000000, -1.000000000000000000 ) ) ;
#362 = AXIS2_PLACEMENT_3D ( 'NONE', #1233, #807, #1363 ) ;
#363 = EDGE_CURVE ( 'NONE', #1326, #290, #685, .T. ) ;
#364 = ORIENTED_EDGE ( 'NONE', *, *, #633, .F. ) ;
#365 = DIRECTION ( 'NONE',  ( 0.000000000000000000, 0.000000000000000000, -1.000000000000000000 ) ) ;
#366 = CIRCLE ( 'NONE', #731, 0.1699999999999993183 ) ;
#367 = CIRCLE ( 'NONE', #647, 0.1699999999999993183 ) ;
#368 = DIRECTION ( 'NONE',  ( -1.334402673828313339E-16, 0.000000000000000000, -1.000000000000000000 ) ) ;
#369 = ORIENTED_EDGE ( 'NONE', *, *, #638, .T. ) ;
#370 = AXIS2_PLACEMENT_3D ( 'NONE', #886, #1311, #783 ) ;
#371 = CARTESIAN_POINT ( 'NONE',  ( -1.299999999999999822, 3.000000000000000000, -1.299999999999999822 ) ) ;
#372 = DIRECTION ( 'NONE',  ( 1.000000000000000000, -0.000000000000000000, -0.000000000000000000 ) ) ;
#373 = ORIENTED_EDGE ( 'NONE', *, *, #1345, .F. ) ;
#374 = ORIENTED_EDGE ( 'NONE', *, *, #231, .F. ) ;
#375 = CARTESIAN_POINT ( 'NONE',  ( 1.500000000000000222, 9.500000000000000000, -0.8300000000000008482 ) ) ;
#376 = CARTESIAN_POINT ( 'NONE',  ( -0.5999999999999996447, 0.7516685226452115565, 1.299999999999999822 ) ) ;
#377 = ORIENTED_EDGE ( 'NONE', *, *, #1140, .T. ) ;
#378 = DIRECTION ( 'NONE',  ( 0.000000000000000000, 0.000000000000000000, 1.000000000000000000 ) ) ;
#379 = DIRECTION ( 'NONE',  ( 1.000000000000000000, -0.000000000000000000, -0.000000000000000000 ) ) ;
#380 = ORIENTED_EDGE ( 'NONE', *, *, #141, .T. ) ;
#381 = DIRECTION ( 'NONE',  ( 0.000000000000000000, 0.000000000000000000, -1.000000000000000000 ) ) ;
#382 = EDGE_CURVE ( 'NONE', #1101, #989, #1053, .T. ) ;
#383 = DIRECTION ( 'NONE',  ( 1.000000000000000000, 0.000000000000000000, -1.334402673828313339E-16 ) ) ;
#384 = ORIENTED_EDGE ( 'NONE', *, *, #402, .F. ) ;
#385 = VERTEX_POINT ( 'NONE', #786 ) ;
#386 = DIRECTION ( 'NONE',  ( -1.000000000000000000, 0.000000000000000000, 0.000000000000000000 ) ) ;
#387 = DIRECTION ( 'NONE',  ( 1.000000000000000000, -0.000000000000000000, -0.000000000000000000 ) ) ;
#388 = MECHANICAL_DESIGN_GEOMETRIC_PRESENTATION_REPRESENTATION (  '', ( #941 ), #1160 ) ;
#389 = ORIENTED_EDGE ( 'NONE', *, *, #633, .T. ) ;
#390 = FACE_BOUND ( 'NONE', #1222, .T. ) ;
#391 = LINE ( 'NONE', #54, #359 ) ;
#392 = ORIENTED_EDGE ( 'NONE', *, *, #1040, .F. ) ;
#393 = VECTOR ( 'NONE', #216, 100.0000000000000000 ) ;
#394 = DIRECTION ( 'NONE',  ( 0.000000000000000000, 0.000000000000000000, 1.000000000000000000 ) ) ;
#395 = AXIS2_PLACEMENT_3D ( 'NONE', #916, #933, #1155 ) ;
#396 = ADVANCED_FACE ( 'NONE', ( #237 ), #580, .F. ) ;
#397 = EDGE_LOOP ( 'NONE', ( #1025, #612, #1212, #1352, #884 ) ) ;
#398 = DIRECTION ( 'NONE',  ( 1.000000000000000000, -0.000000000000000000, -0.000000000000000000 ) ) ;
#399 = DIRECTION ( 'NONE',  ( 1.000000000000000000, 0.000000000000000000, -1.334402673828313339E-16 ) ) ;
#400 = DIRECTION ( 'NONE',  ( 1.000000000000000000, -0.000000000000000000, 0.000000000000000000 ) ) ;
#401 = VERTEX_POINT ( 'NONE', #799 ) ;
#402 = EDGE_CURVE ( 'NONE', #538, #918, #366, .T. ) ;
#403 = ORIENTED_EDGE ( 'NONE', *, *, #132, .F. ) ;
#404 = CARTESIAN_POINT ( 'NONE',  ( -1.499999999999999778, 9.500000000000000000, 0.8300000000000005151 ) ) ;
#405 = ORIENTED_EDGE ( 'NONE', *, *, #616, .F. ) ;
#406 = ORIENTED_EDGE ( 'NONE', *, *, #1017, .F. ) ;
#407 = CARTESIAN_POINT ( 'NONE',  ( -0.7599999999999995648, 1.500000000000000000, -0.4000000000000001887 ) ) ;
#408 = ORIENTED_EDGE ( 'NONE', *, *, #42, .F. ) ;
#409 = DIRECTION ( 'NONE',  ( 0.000000000000000000, 0.000000000000000000, 1.000000000000000000 ) ) ;
#410 = VERTEX_POINT ( 'NONE', #883 ) ;
#411 = AXIS2_PLACEMENT_3D ( 'NONE', #441, #570, #1416 ) ;
#412 = AXIS2_PLACEMENT_3D ( 'NONE', #1385, #98, #409 ) ;
#413 = AXIS2_PLACEMENT_3D ( 'NONE', #1191, #953, #1378 ) ;
#414 = EDGE_LOOP ( 'NONE', ( #1163, #135 ) ) ;
#415 = AXIS2_PLACEMENT_3D ( 'NONE', #34, #398, #836 ) ;
#416 = DIRECTION ( 'NONE',  ( 0.000000000000000000, 0.000000000000000000, -1.000000000000000000 ) ) ;
#417 = EDGE_CURVE ( 'NONE', #165, #584, #481, .T. ) ;
#418 = CARTESIAN_POINT ( 'NONE',  ( 1.500000000000000222, 7.500000000000000000, -1.169999999999999707 ) ) ;
#419 = CARTESIAN_POINT ( 'NONE',  ( 0.5999999999999996447, 3.000000000000000000, 1.300000000000000044 ) ) ;
#420 = LINE ( 'NONE', #27, #314 ) ;
#421 = DIRECTION ( 'NONE',  ( 0.000000000000000000, 0.000000000000000000, 1.000000000000000000 ) ) ;
#422 = CARTESIAN_POINT ( 'NONE',  ( 0.5999999999999998668, 1.500000000000000000, 0.3999999999999998557 ) ) ;
#423 = PLANE ( 'NONE',  #921 ) ;
#424 = APPLICATION_PROTOCOL_DEFINITION ( 'draft international standard', 'automotive_design', 1998, #306 ) ;
#425 = EDGE_CURVE ( 'NONE', #1321, #1130, #29, .T. ) ;
#426 = CARTESIAN_POINT ( 'NONE',  ( 1.500000000000000222, 9.500000000000000000, 0.9999999999999998890 ) ) ;
#427 = VERTEX_POINT ( 'NONE', #1244 ) ;
#428 = LINE ( 'NONE', #586, #247 ) ;
#429 = DIRECTION ( 'NONE',  ( 1.000000000000000000, -0.000000000000000000, -0.000000000000000000 ) ) ;
#430 = COLOUR_RGB ( '',0.7921568627450980005, 0.8196078431372548767, 0.9333333333333333481 ) ;
#431 = DIRECTION ( 'NONE',  ( -1.000000000000000000, 0.000000000000000000, 0.000000000000000000 ) ) ;
#432 = ORIENTED_EDGE ( 'NONE', *, *, #198, .F. ) ;
#433 = CARTESIAN_POINT ( 'NONE',  ( 1.500000000000000222, 7.500000000000000000, 0.9999999999999996669 ) ) ;
#434 = DIRECTION ( 'NONE',  ( 0.000000000000000000, 0.000000000000000000, -1.000000000000000000 ) ) ;
#435 = CARTESIAN_POINT ( 'NONE',  ( -3.500000000000000444, 1.500000000000000000, -1.734723475976807094E-16 ) ) ;
#436 = AXIS2_PLACEMENT_3D ( 'NONE', #461, #22, #677 ) ;
#437 = AXIS2_PLACEMENT_3D ( 'NONE', #825, #1245, #581 ) ;
#438 = VECTOR ( 'NONE', #789, 100.0000000000000000 ) ;
#439 = CARTESIAN_POINT ( 'NONE',  ( 0.000000000000000000, 3.000000000000000000, 0.000000000000000000 ) ) ;
#440 = VERTEX_POINT ( 'NONE', #56 ) ;
#441 = CARTESIAN_POINT ( 'NONE',  ( -1.499999999999999778, 7.500000000000000000, -1.000000000000000444 ) ) ;
#442 = ADVANCED_FACE ( 'NONE', ( #698 ), #1138, .F. ) ;
#443 = PLANE ( 'NONE',  #1204 ) ;
#444 = DIRECTION ( 'NONE',  ( 1.000000000000000000, -0.000000000000000000, -0.000000000000000000 ) ) ;
#445 = ORIENTED_EDGE ( 'NONE', *, *, #499, .T. ) ;
#446 = DIRECTION ( 'NONE',  ( 0.000000000000000000, 0.000000000000000000, -1.000000000000000000 ) ) ;
#447 = LINE ( 'NONE', #102, #1276 ) ;
#448 = ADVANCED_FACE ( 'NONE', ( #1039, #1161, #721, #1266, #605, #949 ), #151, .F. ) ;
#449 = PLANE ( 'NONE',  #947 ) ;
#450 = EDGE_CURVE ( 'NONE', #700, #1365, #705, .T. ) ;
#451 = AXIS2_PLACEMENT_3D ( 'NONE', #1249, #273, #149 ) ;
#452 = ORIENTED_EDGE ( 'NONE', *, *, #1322, .F. ) ;
#453 = CARTESIAN_POINT ( 'NONE',  ( 0.000000000000000000, 3.000000000000000000, 0.000000000000000000 ) ) ;
#454 = ORIENTED_EDGE ( 'NONE', *, *, #1008, .F. ) ;
#455 = CYLINDRICAL_SURFACE ( 'NONE', #601, 0.1699999999999993183 ) ;
#456 = CIRCLE ( 'NONE', #412, 1.500000000000000000 ) ;
#457 = CIRCLE ( 'NONE', #1277, 0.1699999999999993183 ) ;
#458 = EDGE_CURVE ( 'NONE', #935, #239, #532, .T. ) ;
#459 =( NAMED_UNIT ( * ) PLANE_ANGLE_UNIT ( ) SI_UNIT ( $, .RADIAN. ) );
#460 = EDGE_LOOP ( 'NONE', ( #364, #1386, #82, #125 ) ) ;
#461 = CARTESIAN_POINT ( 'NONE',  ( -1.499999999999999778, 9.500000000000000000, -1.000000000000000222 ) ) ;
#462 = CYLINDRICAL_SURFACE ( 'NONE', #1144, 0.1699999999999993183 ) ;
#463 = VERTEX_POINT ( 'NONE', #179 ) ;
#464 = FACE_OUTER_BOUND ( 'NONE', #48, .T. ) ;
#465 = FACE_BOUND ( 'NONE', #1257, .T. ) ;
#466 = ORIENTED_EDGE ( 'NONE', *, *, #839, .F. ) ;
#467 = EDGE_CURVE ( 'NONE', #584, #165, #340, .T. ) ;
#468 = DIRECTION ( 'NONE',  ( 0.000000000000000000, 1.000000000000000000, 0.000000000000000000 ) ) ;
#469 = CARTESIAN_POINT ( 'NONE',  ( 1.300000000000000266, 7.500000000000000000, 1.169999999999999041 ) ) ;
#470 = VERTEX_POINT ( 'NONE', #487 ) ;
#471 = ORIENTED_EDGE ( 'NONE', *, *, #1140, .F. ) ;
#472 = FACE_OUTER_BOUND ( 'NONE', #784, .T. ) ;
#473 = FACE_BOUND ( 'NONE', #257, .T. ) ;
#474 = VERTEX_POINT ( 'NONE', #49 ) ;
#475 = ORIENTED_EDGE ( 'NONE', *, *, #739, .T. ) ;
#476 = DIRECTION ( 'NONE',  ( 1.000000000000000000, -0.000000000000000000, -0.000000000000000000 ) ) ;
#477 = ORIENTED_EDGE ( 'NONE', *, *, #1040, .T. ) ;
#478 = EDGE_CURVE ( 'NONE', #440, #718, #136, .T. ) ;
#479 = ORIENTED_EDGE ( 'NONE', *, *, #839, .T. ) ;
#480 = CARTESIAN_POINT ( 'NONE',  ( -1.499999999999999778, 0.000000000000000000, 0.000000000000000000 ) ) ;
#481 = CIRCLE ( 'NONE', #1295, 0.4000000000000000222 ) ;
#482 = CIRCLE ( 'NONE', #1371, 0.1699999999999993183 ) ;
#483 = FACE_OUTER_BOUND ( 'NONE', #835, .T. ) ;
#484 = ORIENTED_EDGE ( 'NONE', *, *, #937, .F. ) ;
#485 = VERTEX_POINT ( 'NONE', #1149 ) ;
#486 = AXIS2_PLACEMENT_3D ( 'NONE', #1328, #215, #19 ) ;
#487 = CARTESIAN_POINT ( 'NONE',  ( 1.300000000000000044, 7.500000000000000000, -1.169999999999999707 ) ) ;
#488 = CARTESIAN_POINT ( 'NONE',  ( -1.499999999999999778, 7.500000000000000000, 1.169999999999999041 ) ) ;
#489 = EDGE_CURVE ( 'NONE', #233, #955, #502, .T. ) ;
#490 = ORIENTED_EDGE ( 'NONE', *, *, #425, .F. ) ;
#491 = CARTESIAN_POINT ( 'NONE',  ( 1.500000000000000222, 1.500000000000000000, -1.500000000000000222 ) ) ;
#492 = DIRECTION ( 'NONE',  ( 0.000000000000000000, 0.000000000000000000, 1.000000000000000000 ) ) ;
#493 = ORIENTED_EDGE ( 'NONE', *, *, #278, .F. ) ;
#494 = CARTESIAN_POINT ( 'NONE',  ( 1.300000000000000044, 9.500000000000000000, -1.000000000000000222 ) ) ;
#495 = CARTESIAN_POINT ( 'NONE',  ( 1.500000000000000222, 1.500000000000000000, -1.734723475976807094E-16 ) ) ;
#496 = ORIENTED_EDGE ( 'NONE', *, *, #695, .T. ) ;
#497 = DIRECTION ( 'NONE',  ( 1.000000000000000000, -0.000000000000000000, -0.000000000000000000 ) ) ;
#498 = EDGE_CURVE ( 'NONE', #918, #427, #289, .T. ) ;
#499 = EDGE_CURVE ( 'NONE', #1215, #233, #38, .T. ) ;
#500 = DIRECTION ( 'NONE',  ( -1.000000000000000000, 0.000000000000000000, 0.000000000000000000 ) ) ;
#501 = ORIENTED_EDGE ( 'NONE', *, *, #1366, .F. ) ;
#502 = LINE ( 'NONE', #62, #829 ) ;
#503 = CIRCLE ( 'NONE', #59, 1.500000000000000000 ) ;
#504 = ORIENTED_EDGE ( 'NONE', *, *, #1366, .T. ) ;
#505 = FACE_BOUND ( 'NONE', #144, .T. ) ;
#506 = DIRECTION ( 'NONE',  ( -0.000000000000000000, 1.000000000000000000, -0.000000000000000000 ) ) ;
#507 = EDGE_CURVE ( 'NONE', #1059, #794, #815, .T. ) ;
#508 = AXIS2_PLACEMENT_3D ( 'NONE', #6, #352, #1 ) ;
#509 = CARTESIAN_POINT ( 'NONE',  ( -0.5999999999999998668, 1.500000000000000000, -1.734723475976807094E-16 ) ) ;
#510 = VECTOR ( 'NONE', #1167, 100.0000000000000000 ) ;
#511 = ORIENTED_EDGE ( 'NONE', *, *, #76, .T. ) ;
#512 = VECTOR ( 'NONE', #536, 100.0000000000000000 ) ;
#513 = ORIENTED_EDGE ( 'NONE', *, *, #762, .T. ) ;
#514 = DIRECTION ( 'NONE',  ( 0.000000000000000000, 0.000000000000000000, -1.000000000000000000 ) ) ;
#515 = CYLINDRICAL_SURFACE ( 'NONE', #413, 1.129999999999999893 ) ;
#516 = DIRECTION ( 'NONE',  ( 1.000000000000000000, 0.000000000000000000, 0.000000000000000000 ) ) ;
#517 = DIRECTION ( 'NONE',  ( 0.000000000000000000, 0.000000000000000000, -1.000000000000000000 ) ) ;
#518 = ADVANCED_FACE ( 'NONE', ( #824 ), #833, .F. ) ;
#519 = ORIENTED_EDGE ( 'NONE', *, *, #863, .F. ) ;
#520 = ORIENTED_EDGE ( 'NONE', *, *, #1109, .T. ) ;
#521 = CARTESIAN_POINT ( 'NONE',  ( 1.500000000000000222, 10.00000000000000000, 1.500000000000000000 ) ) ;
#522 = CARTESIAN_POINT ( 'NONE',  ( 0.7600000000000001199, 1.500000000000000000, -1.734723475976807094E-16 ) ) ;
#523 = CARTESIAN_POINT ( 'NONE',  ( 0.5999999999999996447, 3.000000000000000000, -1.299999999999999822 ) ) ;
#524 = EDGE_CURVE ( 'NONE', #485, #1365, #892, .T. ) ;
#525 = ORIENTED_EDGE ( 'NONE', *, *, #71, .F. ) ;
#526 = DIRECTION ( 'NONE',  ( -1.000000000000000000, 0.000000000000000000, 0.000000000000000000 ) ) ;
#527 = DIRECTION ( 'NONE',  ( 1.000000000000000000, -0.000000000000000000, -0.000000000000000000 ) ) ;
#528 = LINE ( 'NONE', #954, #321 ) ;
#529 = ORIENTED_EDGE ( 'NONE', *, *, #268, .F. ) ;
#530 = CIRCLE ( 'NONE', #508, 0.1699999999999993183 ) ;
#531 = DIRECTION ( 'NONE',  ( 0.000000000000000000, 0.000000000000000000, -1.000000000000000000 ) ) ;
#532 = CIRCLE ( 'NONE', #968, 1.129999999999999893 ) ;
#533 = VECTOR ( 'NONE', #847, 100.0000000000000000 ) ;
#534 = CARTESIAN_POINT ( 'NONE',  ( 1.500000000000000222, 7.500000000000000000, -0.8300000000000010703 ) ) ;
#535 = VECTOR ( 'NONE', #1230, 100.0000000000000000 ) ;
#536 = DIRECTION ( 'NONE',  ( -1.000000000000000000, -0.000000000000000000, -0.000000000000000000 ) ) ;
#537 = EDGE_CURVE ( 'NONE', #583, #713, #227, .T. ) ;
#538 = VERTEX_POINT ( 'NONE', #404 ) ;
#539 = DIRECTION ( 'NONE',  ( 1.000000000000000000, -0.000000000000000000, -0.000000000000000000 ) ) ;
#540 = VERTEX_POINT ( 'NONE', #418 ) ;
#541 = ORIENTED_EDGE ( 'NONE', *, *, #292, .F. ) ;
#542 = CARTESIAN_POINT ( 'NONE',  ( -0.5999999999999997558, 3.000000000000000000, 1.300000000000000044 ) ) ;
#543 = EDGE_CURVE ( 'NONE', #1112, #914, #456, .T. ) ;
#544 = DIRECTION ( 'NONE',  ( -0.000000000000000000, -1.000000000000000000, -0.000000000000000000 ) ) ;
#545 = VERTEX_POINT ( 'NONE', #855 ) ;
#546 = CARTESIAN_POINT ( 'NONE',  ( -0.5999999999999997558, 3.000000000000000000, -1.299999999999999822 ) ) ;
#547 = FACE_OUTER_BOUND ( 'NONE', #1137, .T. ) ;
#548 = FACE_OUTER_BOUND ( 'NONE', #316, .T. ) ;
#549 = CARTESIAN_POINT ( 'NONE',  ( -0.5999999999999997558, 10.00000000000000000, 1.300000000000000044 ) ) ;
#550 = EDGE_LOOP ( 'NONE', ( #891, #1239, #1069, #940, #1309, #1172, #351, #158 ) ) ;
#551 = EDGE_CURVE ( 'NONE', #290, #191, #189, .T. ) ;
#552 = ADVANCED_BREP_SHAPE_REPRESENTATION ( 'leg_medium_1', ( #1231, #639 ), #1333 ) ;
#553 = DIRECTION ( 'NONE',  ( -0.000000000000000000, 1.000000000000000000, -0.000000000000000000 ) ) ;
#554 = VECTOR ( 'NONE', #589, 100.0000000000000000 ) ;
#555 = CIRCLE ( 'NONE', #1118, 0.1699999999999993183 ) ;
#556 = DIRECTION ( 'NONE',  ( 0.000000000000000000, 0.000000000000000000, -1.000000000000000000 ) ) ;
#557 = ORIENTED_EDGE ( 'NONE', *, *, #834, .T. ) ;
#558 = LINE ( 'NONE', #119, #133 ) ;
#559 = LINE ( 'NONE', #224, #37 ) ;
#560 = EDGE_CURVE ( 'NONE', #1321, #545, #1205, .T. ) ;
#561 = DIRECTION ( 'NONE',  ( -1.000000000000000000, 0.000000000000000000, 0.000000000000000000 ) ) ;
#562 = DIRECTION ( 'NONE',  ( 0.000000000000000000, 0.000000000000000000, -1.000000000000000000 ) ) ;
#563 = ORIENTED_EDGE ( 'NONE', *, *, #863, .T. ) ;
#564 = EDGE_CURVE ( 'NONE', #614, #794, #324, .T. ) ;
#565 = EDGE_LOOP ( 'NONE', ( #1194, #344 ) ) ;
#566 = CARTESIAN_POINT ( 'NONE',  ( 1.500000000000000222, 0.000000000000000000, 0.000000000000000000 ) ) ;
#567 = CIRCLE ( 'NONE', #1362, 0.1699999999999993183 ) ;
#568 = PRESENTATION_STYLE_ASSIGNMENT (( #1122 ) ) ;
#569 = ORIENTED_EDGE ( 'NONE', *, *, #1254, .F. ) ;
#570 = DIRECTION ( 'NONE',  ( 1.000000000000000000, -0.000000000000000000, -0.000000000000000000 ) ) ;
#571 = EDGE_LOOP ( 'NONE', ( #1364, #202, #579, #1210 ) ) ;
#572 = AXIS2_PLACEMENT_3D ( 'NONE', #749, #637, #742 ) ;
#573 = ORIENTED_EDGE ( 'NONE', *, *, #1354, .T. ) ;
#574 = DIRECTION ( 'NONE',  ( 0.000000000000000000, -1.000000000000000000, 0.000000000000000000 ) ) ;
#575 = ADVANCED_FACE ( 'NONE', ( #969 ), #959, .F. ) ;
#576 = AXIS2_PLACEMENT_3D ( 'NONE', #809, #1236, #262 ) ;
#577 = CIRCLE ( 'NONE', #228, 0.1699999999999993183 ) ;
#578 = FILL_AREA_STYLE_COLOUR ( '', #430 ) ;
#579 = ORIENTED_EDGE ( 'NONE', *, *, #1345, .T. ) ;
#580 = CYLINDRICAL_SURFACE ( 'NONE', #1341, 0.4000000000000000222 ) ;
#581 = DIRECTION ( 'NONE',  ( 0.000000000000000000, 0.000000000000000000, -1.000000000000000000 ) ) ;
#582 = ORIENTED_EDGE ( 'NONE', *, *, #730, .T. ) ;
#583 = VERTEX_POINT ( 'NONE', #850 ) ;
#584 = VERTEX_POINT ( 'NONE', #1076 ) ;
#585 = CARTESIAN_POINT ( 'NONE',  ( 1.500000000000000222, 9.500000000000000000, -1.169999999999999485 ) ) ;
#586 = CARTESIAN_POINT ( 'NONE',  ( -1.499999999999999778, 10.00000000000000000, -1.500000000000000222 ) ) ;
#587 = ORIENTED_EDGE ( 'NONE', *, *, #450, .T. ) ;
#588 = ADVANCED_FACE ( 'NONE', ( #91 ), #1279, .F. ) ;
#589 = DIRECTION ( 'NONE',  ( -0.000000000000000000, -0.000000000000000000, -1.000000000000000000 ) ) ;
#590 = ORIENTED_EDGE ( 'NONE', *, *, #478, .F. ) ;
#591 = VERTEX_POINT ( 'NONE', #843 ) ;
#592 = DIRECTION ( 'NONE',  ( 1.000000000000000000, -0.000000000000000000, -0.000000000000000000 ) ) ;
#593 = DIRECTION ( 'NONE',  ( 1.000000000000000000, -0.000000000000000000, -0.000000000000000000 ) ) ;
#594 = VERTEX_POINT ( 'NONE', #642 ) ;
#595 = DIRECTION ( 'NONE',  ( 1.000000000000000000, -0.000000000000000000, -0.000000000000000000 ) ) ;
#596 = CARTESIAN_POINT ( 'NONE',  ( -1.499999999999999778, 7.500000000000000000, 0.9999999999999996669 ) ) ;
#597 = EDGE_CURVE ( 'NONE', #808, #1219, #626, .T. ) ;
#598 = EDGE_LOOP ( 'NONE', ( #1030, #1010, #928, #466 ) ) ;
#599 = LINE ( 'NONE', #93, #1098 ) ;
#600 = CIRCLE ( 'NONE', #871, 1.500000000000000000 ) ;
#601 = AXIS2_PLACEMENT_3D ( 'NONE', #1327, #444, #1105 ) ;
#602 = CARTESIAN_POINT ( 'NONE',  ( 1.300000000000000266, 9.500000000000000000, 0.9999999999999998890 ) ) ;
#603 = EDGE_LOOP ( 'NONE', ( #291, #920, #190, #121 ) ) ;
#604 = CIRCLE ( 'NONE', #43, 0.1699999999999993183 ) ;
#605 = FACE_BOUND ( 'NONE', #810, .T. ) ;
#606 = CARTESIAN_POINT ( 'NONE',  ( 1.300000000000000044, 10.00000000000000000, -1.299999999999999822 ) ) ;
#607 = EDGE_CURVE ( 'NONE', #1156, #1059, #528, .T. ) ;
#608 = EDGE_CURVE ( 'NONE', #594, #297, #1379, .T. ) ;
#609 = EDGE_LOOP ( 'NONE', ( #950, #1338 ) ) ;
#610 = CARTESIAN_POINT ( 'NONE',  ( 1.500000000000000222, 9.500000000000000000, 0.9999999999999998890 ) ) ;
#611 = DIRECTION ( 'NONE',  ( 1.000000000000000000, -0.000000000000000000, -0.000000000000000000 ) ) ;
#612 = ORIENTED_EDGE ( 'NONE', *, *, #363, .T. ) ;
#613 = DIRECTION ( 'NONE',  ( -1.000000000000000000, -0.000000000000000000, -0.000000000000000000 ) ) ;
#614 = VERTEX_POINT ( 'NONE', #293 ) ;
#615 = FACE_OUTER_BOUND ( 'NONE', #397, .T. ) ;
#616 = EDGE_CURVE ( 'NONE', #811, #1002, #861, .T. ) ;
#617 = DIRECTION ( 'NONE',  ( 0.000000000000000000, 0.000000000000000000, -1.000000000000000000 ) ) ;
#618 = DIRECTION ( 'NONE',  ( 0.000000000000000000, 0.000000000000000000, 1.000000000000000000 ) ) ;
#619 = ORIENTED_EDGE ( 'NONE', *, *, #188, .F. ) ;
#620 = CIRCLE ( 'NONE', #1288, 0.1699999999999993183 ) ;
#621 = ORIENTED_EDGE ( 'NONE', *, *, #1391, .T. ) ;
#622 = CYLINDRICAL_SURFACE ( 'NONE', #872, 1.129999999999999893 ) ;
#623 = ADVANCED_FACE ( 'NONE', ( #203 ), #757, .F. ) ;
#624 = CARTESIAN_POINT ( 'NONE',  ( -0.7599999999999995648, 1.500000000000000000, -1.734723475976807094E-16 ) ) ;
#625 = AXIS2_PLACEMENT_3D ( 'NONE', #1000, #659, #974 ) ;
#626 = LINE ( 'NONE', #635, #211 ) ;
#627 = VECTOR ( 'NONE', #527, 100.0000000000000000 ) ;
#628 = AXIS2_PLACEMENT_3D ( 'NONE', #131, #708, #1036 ) ;
#629 = ORIENTED_EDGE ( 'NONE', *, *, #1151, .T. ) ;
#630 = LINE ( 'NONE', #988, #761 ) ;
#631 = DIRECTION ( 'NONE',  ( 1.000000000000000000, -0.000000000000000000, -0.000000000000000000 ) ) ;
#632 = EDGE_LOOP ( 'NONE', ( #844, #636 ) ) ;
#633 = EDGE_CURVE ( 'NONE', #440, #798, #212, .T. ) ;
#634 = VERTEX_POINT ( 'NONE', #732 ) ;
#635 = CARTESIAN_POINT ( 'NONE',  ( 1.500000000000000222, 7.500000000000000000, 1.169999999999999041 ) ) ;
#636 = ORIENTED_EDGE ( 'NONE', *, *, #478, .T. ) ;
#637 = DIRECTION ( 'NONE',  ( 1.000000000000000000, -0.000000000000000000, 0.000000000000000000 ) ) ;
#638 = EDGE_CURVE ( 'NONE', #17, #302, #1015, .T. ) ;
#639 = AXIS2_PLACEMENT_3D ( 'NONE', #1056, #68, #516 ) ;
#640 = CIRCLE ( 'NONE', #1006, 0.4000000000000000222 ) ;
#641 = DIRECTION ( 'NONE',  ( 1.000000000000000000, -0.000000000000000000, -0.000000000000000000 ) ) ;
#642 = CARTESIAN_POINT ( 'NONE',  ( 1.300000000000000266, 7.500000000000000000, 0.8300000000000004041 ) ) ;
#643 = ORIENTED_EDGE ( 'NONE', *, *, #1354, .F. ) ;
#644 = VECTOR ( 'NONE', #1175, 100.0000000000000000 ) ;
#645 = PRODUCT_DEFINITION_CONTEXT ( 'detailed design', #1304, 'design' ) ;
#646 = VECTOR ( 'NONE', #69, 100.0000000000000000 ) ;
#647 = AXIS2_PLACEMENT_3D ( 'NONE', #16, #372, #270 ) ;
#648 = CARTESIAN_POINT ( 'NONE',  ( 1.300000000000000044, 3.000000000000000000, -1.299999999999999822 ) ) ;
#649 = ADVANCED_FACE ( 'NONE', ( #194 ), #1067, .F. ) ;
#650 = DIRECTION ( 'NONE',  ( 1.000000000000000000, -0.000000000000000000, -0.000000000000000000 ) ) ;
#651 = CARTESIAN_POINT ( 'NONE',  ( 1.300000000000000266, 3.000000000000000000, 1.300000000000000044 ) ) ;
#652 = DIRECTION ( 'NONE',  ( 0.000000000000000000, 0.000000000000000000, -1.000000000000000000 ) ) ;
#653 = ORIENTED_EDGE ( 'NONE', *, *, #793, .F. ) ;
#654 = CARTESIAN_POINT ( 'NONE',  ( -1.299999999999999822, 3.000000000000000000, -1.299999999999999822 ) ) ;
#655 = DIRECTION ( 'NONE',  ( -1.000000000000000000, 0.000000000000000000, -0.000000000000000000 ) ) ;
#656 = ADVANCED_FACE ( 'NONE', ( #1084, #308 ), #746, .T. ) ;
#657 = VERTEX_POINT ( 'NONE', #1383 ) ;
#658 = LINE ( 'NONE', #15, #554 ) ;
#659 = DIRECTION ( 'NONE',  ( -1.000000000000000000, 0.000000000000000000, 0.000000000000000000 ) ) ;
#660 = DIRECTION ( 'NONE',  ( 1.000000000000000000, 0.000000000000000000, -0.000000000000000000 ) ) ;
#661 = ORIENTED_EDGE ( 'NONE', *, *, #44, .T. ) ;
#662 = DIRECTION ( 'NONE',  ( 1.000000000000000000, -0.000000000000000000, -0.000000000000000000 ) ) ;
#663 = CIRCLE ( 'NONE', #64, 0.1699999999999993183 ) ;
#664 = LINE ( 'NONE', #753, #1255 ) ;
#665 = CIRCLE ( 'NONE', #758, 0.4000000000000000222 ) ;
#666 = VECTOR ( 'NONE', #305, 100.0000000000000000 ) ;
#667 = AXIS2_PLACEMENT_3D ( 'NONE', #220, #561, #1001 ) ;
#668 = CARTESIAN_POINT ( 'NONE',  ( -1.499999999999999778, 1.500000000000000222, -1.130000000000000115 ) ) ;
#669 = VERTEX_POINT ( 'NONE', #407 ) ;
#670 = CYLINDRICAL_SURFACE ( 'NONE', #338, 0.1699999999999993183 ) ;
#671 = EDGE_CURVE ( 'NONE', #92, #239, #963, .T. ) ;
#672 = ORIENTED_EDGE ( 'NONE', *, *, #84, .F. ) ;
#673 = ORIENTED_EDGE ( 'NONE', *, *, #1214, .T. ) ;
#674 = FACE_OUTER_BOUND ( 'NONE', #254, .T. ) ;
#675 = FILL_AREA_STYLE ('',( #578 ) ) ;
#676 = ORIENTED_EDGE ( 'NONE', *, *, #898, .F. ) ;
#677 = DIRECTION ( 'NONE',  ( 0.000000000000000000, 0.000000000000000000, -1.000000000000000000 ) ) ;
#678 = ORIENTED_EDGE ( 'NONE', *, *, #1268, .T. ) ;
#679 = DIRECTION ( 'NONE',  ( 0.000000000000000000, 0.000000000000000000, -1.000000000000000000 ) ) ;
#680 = FACE_BOUND ( 'NONE', #741, .T. ) ;
#681 = ORIENTED_EDGE ( 'NONE', *, *, #71, .T. ) ;
#682 = DIRECTION ( 'NONE',  ( 1.000000000000000000, -0.000000000000000000, -0.000000000000000000 ) ) ;
#683 = CARTESIAN_POINT ( 'NONE',  ( -1.499999999999999778, 10.00000000000000000, 1.500000000000000000 ) ) ;
#684 = ORIENTED_EDGE ( 'NONE', *, *, #310, .T. ) ;
#685 = CIRCLE ( 'NONE', #251, 1.500000000000000000 ) ;
#686 = CARTESIAN_POINT ( 'NONE',  ( -1.499999999999999778, 1.500000000000000000, -1.734723475976807094E-16 ) ) ;
#687 = EDGE_CURVE ( 'NONE', #700, #236, #280, .T. ) ;
#688 = AXIS2_PLACEMENT_3D ( 'NONE', #426, #81, #652 ) ;
#689 = DIRECTION ( 'NONE',  ( -1.000000000000000000, 0.000000000000000000, 0.000000000000000000 ) ) ;
#690 = ORIENTED_EDGE ( 'NONE', *, *, #498, .F. ) ;
#691 = DIRECTION ( 'NONE',  ( -1.000000000000000000, 0.000000000000000000, 0.000000000000000000 ) ) ;
#692 = ORIENTED_EDGE ( 'NONE', *, *, #823, .F. ) ;
#693 = VERTEX_POINT ( 'NONE', #1390 ) ;
#694 = DIRECTION ( 'NONE',  ( 1.000000000000000000, 0.000000000000000000, -1.334402673828313339E-16 ) ) ;
#695 = EDGE_CURVE ( 'NONE', #1130, #978, #457, .T. ) ;
#696 = DIRECTION ( 'NONE',  ( 0.000000000000000000, 0.000000000000000000, -1.000000000000000000 ) ) ;
#697 = ORIENTED_EDGE ( 'NONE', *, *, #104, .T. ) ;
#698 = FACE_OUTER_BOUND ( 'NONE', #1419, .T. ) ;
#699 = EDGE_LOOP ( 'NONE', ( #281, #678, #1250, #183, #888, #1082, #493, #65 ) ) ;
#700 = VERTEX_POINT ( 'NONE', #422 ) ;
#701 = FACE_BOUND ( 'NONE', #24, .T. ) ;
#702 = CARTESIAN_POINT ( 'NONE',  ( -1.299999999999999600, 7.500000000000000000, -1.169999999999999707 ) ) ;
#703 = ORIENTED_EDGE ( 'NONE', *, *, #1391, .F. ) ;
#704 = EDGE_LOOP ( 'NONE', ( #454, #1235, #1360, #801 ) ) ;
#705 = LINE ( 'NONE', #1132, #1315 ) ;
#706 = CARTESIAN_POINT ( 'NONE',  ( 0.7600000000000002309, 1.500000000000000000, -1.734723475976807094E-16 ) ) ;
#707 = ORIENTED_EDGE ( 'NONE', *, *, #917, .F. ) ;
#708 = DIRECTION ( 'NONE',  ( 1.000000000000000000, 0.000000000000000000, -1.334402673828313339E-16 ) ) ;
#709 = CLOSED_SHELL ( 'NONE', ( #240, #956, #1290, #1121, #1048, #518, #649, #887, #896, #1312, #21, #575, #1131, #1199, #396, #656, #354, #1283, #448, #10, #880, #1057, #976, #1278, #345, #1166, #951, #335, #964, #88, #722, #3, #442, #1072, #300, #785, #802, #623, #588, #1032, #1173 ) ) ;
#710 = VECTOR ( 'NONE', #386, 100.0000000000000000 ) ;
#711 = VECTOR ( 'NONE', #160, 100.0000000000000000 ) ;
#712 = DIRECTION ( 'NONE',  ( 1.000000000000000000, 0.000000000000000000, -1.334402673828313339E-16 ) ) ;
#713 = VERTEX_POINT ( 'NONE', #210 ) ;
#714 = AXIS2_PLACEMENT_3D ( 'NONE', #857, #318, #1009 ) ;
#715 = DIRECTION ( 'NONE',  ( 1.000000000000000000, -0.000000000000000000, -0.000000000000000000 ) ) ;
#716 = LINE ( 'NONE', #1340, #711 ) ;
#717 = EDGE_CURVE ( 'NONE', #1179, #290, #1080, .T. ) ;
#718 = VERTEX_POINT ( 'NONE', #866 ) ;
#719 = FACE_OUTER_BOUND ( 'NONE', #1022, .T. ) ;
#720 = CARTESIAN_POINT ( 'NONE',  ( 1.500000000000000222, 7.500000000000000000, 0.9999999999999996669 ) ) ;
#721 = FACE_BOUND ( 'NONE', #971, .T. ) ;
#722 = ADVANCED_FACE ( 'NONE', ( #724 ), #622, .F. ) ;
#723 = ORIENTED_EDGE ( 'NONE', *, *, #873, .F. ) ;
#724 = FACE_OUTER_BOUND ( 'NONE', #1148, .T. ) ;
#725 = PLANE ( 'NONE',  #362 ) ;
#726 = CARTESIAN_POINT ( 'NONE',  ( 1.500000000000000222, 9.500000000000000000, 1.169999999999999263 ) ) ;
#727 = ORIENTED_EDGE ( 'NONE', *, *, #382, .F. ) ;
#728 = ORIENTED_EDGE ( 'NONE', *, *, #597, .T. ) ;
#729 = CARTESIAN_POINT ( 'NONE',  ( 0.5999999999999998668, 1.500000000000000000, -1.734723475976807094E-16 ) ) ;
#730 = EDGE_CURVE ( 'NONE', #401, #463, #299, .T. ) ;
#731 = AXIS2_PLACEMENT_3D ( 'NONE', #223, #662, #446 ) ;
#732 = CARTESIAN_POINT ( 'NONE',  ( -1.499999999999999778, 1.500000000000000000, 1.500000000000000000 ) ) ;
#733 = CIRCLE ( 'NONE', #970, 0.4000000000000000222 ) ;
#734 = ORIENTED_EDGE ( 'NONE', *, *, #382, .T. ) ;
#735 = AXIS2_PLACEMENT_3D ( 'NONE', #1320, #689, #1286 ) ;
#736 = CARTESIAN_POINT ( 'NONE',  ( 0.5999999999999996447, 0.7516685226452107793, -1.299999999999999378 ) ) ;
#737 = ORIENTED_EDGE ( 'NONE', *, *, #898, .T. ) ;
#738 = DIRECTION ( 'NONE',  ( 1.000000000000000000, -0.000000000000000000, 2.478176394252581634E-16 ) ) ;
#739 = EDGE_CURVE ( 'NONE', #470, #540, #744, .T. ) ;
#740 = DIRECTION ( 'NONE',  ( 0.000000000000000000, 0.000000000000000000, -1.000000000000000000 ) ) ;
#741 = EDGE_LOOP ( 'NONE', ( #217, #932 ) ) ;
#742 = DIRECTION ( 'NONE',  ( 0.000000000000000000, 0.000000000000000000, -1.000000000000000000 ) ) ;
#743 = DIRECTION ( 'NONE',  ( 1.000000000000000000, -0.000000000000000000, -0.000000000000000000 ) ) ;
#744 = LINE ( 'NONE', #277, #252 ) ;
#745 = PRODUCT_CONTEXT ( 'NONE', #306, 'mechanical' ) ;
#746 = PLANE ( 'NONE',  #1392 ) ;
#747 = EDGE_CURVE ( 'NONE', #669, #584, #907, .T. ) ;
#748 = ORIENTED_EDGE ( 'NONE', *, *, #1181, .T. ) ;
#749 = CARTESIAN_POINT ( 'NONE',  ( -0.5999999999999996447, 1.500000000000000000, 0.000000000000000000 ) ) ;
#750 = EDGE_CURVE ( 'NONE', #657, #808, #1342, .T. ) ;
#751 = SURFACE_STYLE_FILL_AREA ( #675 ) ;
#752 = VECTOR ( 'NONE', #506, 100.0000000000000000 ) ;
#753 = CARTESIAN_POINT ( 'NONE',  ( 0.5999999999999996447, 0.7516685226452120006, 1.300000000000000044 ) ) ;
#754 = DIRECTION ( 'NONE',  ( 0.000000000000000000, 0.000000000000000000, 1.000000000000000000 ) ) ;
#755 = CARTESIAN_POINT ( 'NONE',  ( 1.500000000000000222, 9.500000000000000000, 0.9999999999999998890 ) ) ;
#756 = DIRECTION ( 'NONE',  ( 1.000000000000000000, -0.000000000000000000, -0.000000000000000000 ) ) ;
#757 = CYLINDRICAL_SURFACE ( 'NONE', #1054, 0.1699999999999993183 ) ;
#758 = AXIS2_PLACEMENT_3D ( 'NONE', #791, #682, #1097 ) ;
#759 = VECTOR ( 'NONE', #476, 100.0000000000000000 ) ;
#760 = CARTESIAN_POINT ( 'NONE',  ( -0.7599999999999997868, 1.500000000000000222, -1.130000000000000115 ) ) ;
#761 = VECTOR ( 'NONE', #1110, 100.0000000000000000 ) ;
#762 = EDGE_CURVE ( 'NONE', #614, #591, #716, .T. ) ;
#763 = CARTESIAN_POINT ( 'NONE',  ( -1.499999999999999778, 7.500000000000000000, 0.9999999999999996669 ) ) ;
#764 = LINE ( 'NONE', #1400, #627 ) ;
#765 = DIRECTION ( 'NONE',  ( 1.000000000000000000, -0.000000000000000000, -0.000000000000000000 ) ) ;
#766 = CARTESIAN_POINT ( 'NONE',  ( 1.500000000000000222, 7.500000000000000000, -1.000000000000000444 ) ) ;
#767 = EDGE_LOOP ( 'NONE', ( #563, #244, #703, #957 ) ) ;
#768 = DIRECTION ( 'NONE',  ( 1.000000000000000000, -0.000000000000000000, -0.000000000000000000 ) ) ;
#769 = CARTESIAN_POINT ( 'NONE',  ( -1.499999999999999778, 1.500000000000000000, -1.734723475976807094E-16 ) ) ;
#770 = PLANE ( 'NONE',  #1033 ) ;
#771 = CARTESIAN_POINT ( 'NONE',  ( 1.300000000000000266, 7.500000000000000000, 0.9999999999999996669 ) ) ;
#772 = VERTEX_POINT ( 'NONE', #1139 ) ;
#773 = LINE ( 'NONE', #1323, #320 ) ;
#774 = CARTESIAN_POINT ( 'NONE',  ( -0.7599999999999997868, 1.500000000000000000, 1.129999999999999671 ) ) ;
#775 = CYLINDRICAL_SURFACE ( 'NONE', #1165, 1.500000000000000000 ) ;
#776 = EDGE_CURVE ( 'NONE', #918, #538, #367, .T. ) ;
#777 = EDGE_LOOP ( 'NONE', ( #504, #672, #1019, #573 ) ) ;
#778 = DIRECTION ( 'NONE',  ( -1.000000000000000000, 0.000000000000000000, 0.000000000000000000 ) ) ;
#779 = ORIENTED_EDGE ( 'NONE', *, *, #608, .T. ) ;
#780 = AXIS2_PLACEMENT_3D ( 'NONE', #284, #613, #1045 ) ;
#781 = CIRCLE ( 'NONE', #162, 0.1699999999999993183 ) ;
#782 = AXIS2_PLACEMENT_3D ( 'NONE', #52, #1353, #1247 ) ;
#783 = DIRECTION ( 'NONE',  ( 0.000000000000000000, 0.000000000000000000, -1.000000000000000000 ) ) ;
#784 = EDGE_LOOP ( 'NONE', ( #170, #1162, #905, #804 ) ) ;
#785 = ADVANCED_FACE ( 'NONE', ( #152 ), #462, .F. ) ;
#786 = CARTESIAN_POINT ( 'NONE',  ( 1.500000000000000222, 10.00000000000000000, 1.500000000000000000 ) ) ;
#787 = ORIENTED_EDGE ( 'NONE', *, *, #1241, .T. ) ;
#788 = CYLINDRICAL_SURFACE ( 'NONE', #298, 0.1699999999999993183 ) ;
#789 = DIRECTION ( 'NONE',  ( -0.000000000000000000, 1.000000000000000000, -0.000000000000000000 ) ) ;
#790 = EDGE_LOOP ( 'NONE', ( #249, #814 ) ) ;
#791 = CARTESIAN_POINT ( 'NONE',  ( -0.7599999999999995648, 1.500000000000000000, -1.734723475976807094E-16 ) ) ;
#792 = DIRECTION ( 'NONE',  ( 0.000000000000000000, 0.000000000000000000, -1.000000000000000000 ) ) ;
#793 = EDGE_CURVE ( 'NONE', #713, #583, #482, .T. ) ;
#794 = VERTEX_POINT ( 'NONE', #138 ) ;
#795 = CARTESIAN_POINT ( 'NONE',  ( -0.5999999999999997558, 10.00000000000000000, 1.300000000000000044 ) ) ;
#796 = VECTOR ( 'NONE', #765, 100.0000000000000000 ) ;
#797 = CARTESIAN_POINT ( 'NONE',  ( -1.299999999999999822, 3.000000000000000000, -1.299999999999999822 ) ) ;
#798 = VERTEX_POINT ( 'NONE', #39 ) ;
#799 = CARTESIAN_POINT ( 'NONE',  ( 0.5999999999999996447, 3.000000000000000000, -1.299999999999999822 ) ) ;
#800 = DIRECTION ( 'NONE',  ( 1.000000000000000000, -0.000000000000000000, -0.000000000000000000 ) ) ;
#801 = ORIENTED_EDGE ( 'NONE', *, *, #671, .F. ) ;
#802 = ADVANCED_FACE ( 'NONE', ( #1125 ), #1227, .F. ) ;
#803 = VECTOR ( 'NONE', #553, 100.0000000000000000 ) ;
#804 = ORIENTED_EDGE ( 'NONE', *, *, #739, .F. ) ;
#805 = LINE ( 'NONE', #265, #535 ) ;
#806 = AXIS2_PLACEMENT_3D ( 'NONE', #1240, #944, #156 ) ;
#807 = DIRECTION ( 'NONE',  ( 0.000000000000000000, 0.000000000000000000, 1.000000000000000000 ) ) ;
#808 = VERTEX_POINT ( 'NONE', #488 ) ;
#809 = CARTESIAN_POINT ( 'NONE',  ( -0.7599999999999997868, 1.500000000000000000, -1.734723475976807094E-16 ) ) ;
#810 = EDGE_LOOP ( 'NONE', ( #925, #1375 ) ) ;
#811 = VERTEX_POINT ( 'NONE', #606 ) ;
#812 = CYLINDRICAL_SURFACE ( 'NONE', #1414, 0.1699999999999993183 ) ;
#813 = CARTESIAN_POINT ( 'NONE',  ( 0.5999999999999998668, 1.500000000000000000, -1.734723475976807094E-16 ) ) ;
#814 = ORIENTED_EDGE ( 'NONE', *, *, #1254, .T. ) ;
#815 = LINE ( 'NONE', #269, #710 ) ;
#816 = DIRECTION ( 'NONE',  ( 0.000000000000000000, 0.000000000000000000, 1.000000000000000000 ) ) ;
#817 = ORIENTED_EDGE ( 'NONE', *, *, #1081, .T. ) ;
#818 = ORIENTED_EDGE ( 'NONE', *, *, #1005, .T. ) ;
#819 = LINE ( 'NONE', #375, #1393 ) ;
#820 = CYLINDRICAL_SURFACE ( 'NONE', #451, 1.129999999999999893 ) ;
#821 = ORIENTED_EDGE ( 'NONE', *, *, #498, .T. ) ;
#822 = AXIS2_PLACEMENT_3D ( 'NONE', #1037, #1159, #492 ) ;
#823 = EDGE_CURVE ( 'NONE', #1123, #634, #830, .T. ) ;
#824 = FACE_OUTER_BOUND ( 'NONE', #1038, .T. ) ;
#825 = CARTESIAN_POINT ( 'NONE',  ( -1.499999999999999778, 1.500000000000000000, 0.000000000000000000 ) ) ;
#826 = ORIENTED_EDGE ( 'NONE', *, *, #560, .F. ) ;
#827 = CARTESIAN_POINT ( 'NONE',  ( 1.500000000000000222, 7.500000000000000000, -1.000000000000000444 ) ) ;
#828 = CIRCLE ( 'NONE', #945, 0.1699999999999993183 ) ;
#829 = VECTOR ( 'NONE', #1358, 100.0000000000000000 ) ;
#830 = CIRCLE ( 'NONE', #437, 1.500000000000000000 ) ;
#831 = CARTESIAN_POINT ( 'NONE',  ( 0.7600000000000002309, 1.500000000000000000, 0.3999999999999998557 ) ) ;
#832 = ORIENTED_EDGE ( 'NONE', *, *, #848, .F. ) ;
#833 = CYLINDRICAL_SURFACE ( 'NONE', #87, 0.1699999999999993183 ) ;
#834 = EDGE_CURVE ( 'NONE', #1343, #1216, #851, .T. ) ;
#835 = EDGE_LOOP ( 'NONE', ( #529, #99, #196, #230 ) ) ;
#836 = DIRECTION ( 'NONE',  ( 0.000000000000000000, 0.000000000000000000, -1.000000000000000000 ) ) ;
#837 = DIRECTION ( 'NONE',  ( 0.000000000000000000, 0.000000000000000000, -1.000000000000000000 ) ) ;
#838 = DIRECTION ( 'NONE',  ( 1.000000000000000000, 0.000000000000000000, -1.334402673828313339E-16 ) ) ;
#839 = EDGE_CURVE ( 'NONE', #1365, #485, #733, .T. ) ;
#840 = EDGE_LOOP ( 'NONE', ( #8, #832, #153, #1051 ) ) ;
#841 = CARTESIAN_POINT ( 'NONE',  ( -0.5999999999999997558, 10.00000000000000000, -1.299999999999999822 ) ) ;
#842 = VERTEX_POINT ( 'NONE', #469 ) ;
#843 = CARTESIAN_POINT ( 'NONE',  ( -1.499999999999999778, 10.00000000000000000, 1.500000000000000000 ) ) ;
#844 = ORIENTED_EDGE ( 'NONE', *, *, #1251, .T. ) ;
#845 = CARTESIAN_POINT ( 'NONE',  ( -0.5999999999999998668, 1.500000000000000000, 0.3999999999999998557 ) ) ;
#846 = ORIENTED_EDGE ( 'NONE', *, *, #489, .T. ) ;
#847 = DIRECTION ( 'NONE',  ( -0.000000000000000000, -1.000000000000000000, -0.000000000000000000 ) ) ;
#848 = EDGE_CURVE ( 'NONE', #36, #1046, #577, .T. ) ;
#849 = CIRCLE ( 'NONE', #572, 1.500000000000000000 ) ;
#850 = CARTESIAN_POINT ( 'NONE',  ( -1.299999999999999600, 9.500000000000000000, -1.169999999999999485 ) ) ;
#851 = CIRCLE ( 'NONE', #66, 1.129999999999999893 ) ;
#852 = VERTEX_POINT ( 'NONE', #1221 ) ;
#853 = EDGE_LOOP ( 'NONE', ( #477, #146 ) ) ;
#854 = EDGE_CURVE ( 'NONE', #591, #385, #246, .T. ) ;
#855 = CARTESIAN_POINT ( 'NONE',  ( 1.300000000000000266, 9.500000000000000000, 1.169999999999999263 ) ) ;
#856 = DIRECTION ( 'NONE',  ( 1.000000000000000000, 0.000000000000000000, 0.000000000000000000 ) ) ;
#857 = CARTESIAN_POINT ( 'NONE',  ( 1.500000000000000222, 7.500000000000000000, 0.9999999999999996669 ) ) ;
#858 = DIRECTION ( 'NONE',  ( 1.000000000000000000, -0.000000000000000000, -0.000000000000000000 ) ) ;
#859 = DIRECTION ( 'NONE',  ( 1.000000000000000000, 0.000000000000000000, -0.000000000000000000 ) ) ;
#860 = APPLICATION_PROTOCOL_DEFINITION ( 'draft international standard', 'automotive_design', 1998, #1304 ) ;
#861 = LINE ( 'NONE', #1177, #510 ) ;
#862 = ORIENTED_EDGE ( 'NONE', *, *, #248, .T. ) ;
#863 = EDGE_CURVE ( 'NONE', #591, #634, #1065, .T. ) ;
#864 = CARTESIAN_POINT ( 'NONE',  ( -0.5999999999999997558, 3.000000000000000000, -1.299999999999999822 ) ) ;
#865 = DIRECTION ( 'NONE',  ( 0.000000000000000000, 0.000000000000000000, -1.000000000000000000 ) ) ;
#866 = CARTESIAN_POINT ( 'NONE',  ( 1.300000000000000044, 9.500000000000000000, -1.169999999999999485 ) ) ;
#867 = DIRECTION ( 'NONE',  ( 0.000000000000000000, 0.000000000000000000, -1.000000000000000000 ) ) ;
#868 = SHAPE_DEFINITION_REPRESENTATION ( #107, #552 ) ;
#869 = DIRECTION ( 'NONE',  ( 1.000000000000000000, 0.000000000000000000, -1.334402673828313339E-16 ) ) ;
#870 = ORIENTED_EDGE ( 'NONE', *, *, #417, .T. ) ;
#871 = AXIS2_PLACEMENT_3D ( 'NONE', #336, #691, #1124 ) ;
#872 = AXIS2_PLACEMENT_3D ( 'NONE', #1275, #67, #514 ) ;
#873 = EDGE_CURVE ( 'NONE', #236, #485, #764, .T. ) ;
#874 = VECTOR ( 'NONE', #1284, 100.0000000000000000 ) ;
#875 = CARTESIAN_POINT ( 'NONE',  ( 1.500000000000000222, 9.500000000000000000, 0.8300000000000005151 ) ) ;
#876 = DIRECTION ( 'NONE',  ( 0.000000000000000000, 0.000000000000000000, -1.000000000000000000 ) ) ;
#877 = ORIENTED_EDGE ( 'NONE', *, *, #999, .F. ) ;
#878 = CARTESIAN_POINT ( 'NONE',  ( 1.500000000000000222, 7.500000000000000000, 0.8300000000000004041 ) ) ;
#879 = DIRECTION ( 'NONE',  ( 1.000000000000000000, -0.000000000000000000, -0.000000000000000000 ) ) ;
#880 = ADVANCED_FACE ( 'NONE', ( #1176 ), #423, .T. ) ;
#881 = LINE ( 'NONE', #1224, #1035 ) ;
#882 = ORIENTED_EDGE ( 'NONE', *, *, #543, .T. ) ;
#883 = CARTESIAN_POINT ( 'NONE',  ( 0.5999999999999996447, 0.000000000000000000, 3.469446951953614189E-16 ) ) ;
#884 = ORIENTED_EDGE ( 'NONE', *, *, #999, .T. ) ;
#885 = AXIS2_PLACEMENT_3D ( 'NONE', #1348, #593, #696 ) ;
#886 = CARTESIAN_POINT ( 'NONE',  ( 1.500000000000000222, 9.500000000000000000, -1.000000000000000222 ) ) ;
#887 = ADVANCED_FACE ( 'NONE', ( #200 ), #313, .F. ) ;
#888 = ORIENTED_EDGE ( 'NONE', *, *, #1190, .F. ) ;
#889 = DIRECTION ( 'NONE',  ( 0.000000000000000000, -0.000000000000000000, 1.000000000000000000 ) ) ;
#890 = VECTOR ( 'NONE', #1070, 100.0000000000000000 ) ;
#891 = ORIENTED_EDGE ( 'NONE', *, *, #717, .T. ) ;
#892 = CIRCLE ( 'NONE', #780, 0.4000000000000000222 ) ;
#893 = VECTOR ( 'NONE', #186, 100.0000000000000000 ) ;
#894 = ORIENTED_EDGE ( 'NONE', *, *, #310, .F. ) ;
#895 = CARTESIAN_POINT ( 'NONE',  ( -1.499999999999999778, 9.500000000000000000, -0.8300000000000008482 ) ) ;
#896 = ADVANCED_FACE ( 'NONE', ( #95 ), #515, .F. ) ;
#897 = DIRECTION ( 'NONE',  ( 0.000000000000000000, 0.000000000000000000, 1.000000000000000000 ) ) ;
#898 = EDGE_CURVE ( 'NONE', #463, #28, #630, .T. ) ;
#899 = CARTESIAN_POINT ( 'NONE',  ( -1.299999999999999600, 9.500000000000000000, 0.9999999999999998890 ) ) ;
#900 = CARTESIAN_POINT ( 'NONE',  ( 1.500000000000000222, 9.500000000000000000, -1.000000000000000222 ) ) ;
#901 = ORIENTED_EDGE ( 'NONE', *, *, #1088, .T. ) ;
#902 = ORIENTED_EDGE ( 'NONE', *, *, #467, .T. ) ;
#903 = DIRECTION ( 'NONE',  ( -1.000000000000000000, 0.000000000000000000, 0.000000000000000000 ) ) ;
#904 = CARTESIAN_POINT ( 'NONE',  ( 1.500000000000000222, 10.00000000000000000, -1.500000000000000222 ) ) ;
#905 = ORIENTED_EDGE ( 'NONE', *, *, #1104, .T. ) ;
#906 = CARTESIAN_POINT ( 'NONE',  ( -3.500000000000000444, 1.500000000000000000, -1.734723475976807094E-16 ) ) ;
#907 = LINE ( 'NONE', #1253, #1096 ) ;
#908 = EDGE_CURVE ( 'NONE', #545, #978, #881, .T. ) ;
#909 = ORIENTED_EDGE ( 'NONE', *, *, #930, .T. ) ;
#910 = EDGE_LOOP ( 'NONE', ( #1052, #33, #513, #264 ) ) ;
#911 = DIRECTION ( 'NONE',  ( 1.000000000000000000, -0.000000000000000000, -0.000000000000000000 ) ) ;
#912 = VECTOR ( 'NONE', #192, 100.0000000000000000 ) ;
#913 = DIRECTION ( 'NONE',  ( 0.000000000000000000, 0.000000000000000000, 1.000000000000000000 ) ) ;
#914 = VERTEX_POINT ( 'NONE', #566 ) ;
#915 = ORIENTED_EDGE ( 'NONE', *, *, #597, .F. ) ;
#916 = CARTESIAN_POINT ( 'NONE',  ( -1.499999999999999778, 10.00000000000000000, 1.500000000000000000 ) ) ;
#917 = EDGE_CURVE ( 'NONE', #427, #1127, #182, .T. ) ;
#918 = VERTEX_POINT ( 'NONE', #226 ) ;
#919 = VECTOR ( 'NONE', #1417, 100.0000000000000000 ) ;
#920 = ORIENTED_EDGE ( 'NONE', *, *, #507, .T. ) ;
#921 = AXIS2_PLACEMENT_3D ( 'NONE', #841, #965, #859 ) ;
#922 = LINE ( 'NONE', #1047, #923 ) ;
#923 = VECTOR ( 'NONE', #497, 100.0000000000000000 ) ;
#924 = LINE ( 'NONE', #47, #177 ) ;
#925 = ORIENTED_EDGE ( 'NONE', *, *, #1157, .F. ) ;
#926 = CARTESIAN_POINT ( 'NONE',  ( 1.500000000000000222, 9.500000000000000000, 0.8300000000000005151 ) ) ;
#927 = DIRECTION ( 'NONE',  ( -1.000000000000000000, 0.000000000000000000, 0.000000000000000000 ) ) ;
#928 = ORIENTED_EDGE ( 'NONE', *, *, #873, .T. ) ;
#929 = DIRECTION ( 'NONE',  ( 1.000000000000000000, -0.000000000000000000, -0.000000000000000000 ) ) ;
#930 = EDGE_CURVE ( 'NONE', #401, #191, #1412, .T. ) ;
#931 = CARTESIAN_POINT ( 'NONE',  ( 1.500000000000000222, 1.500000000000000000, -1.130000000000000115 ) ) ;
#932 = ORIENTED_EDGE ( 'NONE', *, *, #937, .T. ) ;
#933 = DIRECTION ( 'NONE',  ( 1.000000000000000000, -0.000000000000000000, 0.000000000000000000 ) ) ;
#934 = DIRECTION ( 'NONE',  ( 1.000000000000000000, 0.000000000000000000, 0.000000000000000000 ) ) ;
#935 = VERTEX_POINT ( 'NONE', #668 ) ;
#936 = CYLINDRICAL_SURFACE ( 'NONE', #184, 0.1699999999999993183 ) ;
#937 = EDGE_CURVE ( 'NONE', #1219, #852, #1258, .T. ) ;
#938 = DIRECTION ( 'NONE',  ( 1.000000000000000000, -0.000000000000000000, -0.000000000000000000 ) ) ;
#939 = EDGE_LOOP ( 'NONE', ( #909, #1103, #520, #676, #180 ) ) ;
#940 = ORIENTED_EDGE ( 'NONE', *, *, #221, .F. ) ;
#941 = STYLED_ITEM ( 'NONE', ( #568 ), #1231 ) ;
#942 = CARTESIAN_POINT ( 'NONE',  ( -1.299999999999999600, 9.500000000000000000, -1.000000000000000222 ) ) ;
#943 = ORIENTED_EDGE ( 'NONE', *, *, #1381, .T. ) ;
#944 = DIRECTION ( 'NONE',  ( -1.000000000000000000, 0.000000000000000000, 0.000000000000000000 ) ) ;
#945 = AXIS2_PLACEMENT_3D ( 'NONE', #980, #1404, #421 ) ;
#946 = AXIS2_PLACEMENT_3D ( 'NONE', #315, #631, #740 ) ;
#947 = AXIS2_PLACEMENT_3D ( 'NONE', #439, #574, #250 ) ;
#948 = LINE ( 'NONE', #1043, #752 ) ;
#949 = FACE_OUTER_BOUND ( 'NONE', #1143, .T. ) ;
#950 = ORIENTED_EDGE ( 'NONE', *, *, #285, .T. ) ;
#951 = ADVANCED_FACE ( 'NONE', ( #464 ), #449, .F. ) ;
#952 = VERTEX_POINT ( 'NONE', #103 ) ;
#953 = DIRECTION ( 'NONE',  ( -1.000000000000000000, -0.000000000000000000, -0.000000000000000000 ) ) ;
#954 = CARTESIAN_POINT ( 'NONE',  ( 1.500000000000000222, 10.00000000000000000, -1.500000000000000222 ) ) ;
#955 = VERTEX_POINT ( 'NONE', #1203 ) ;
#956 = ADVANCED_FACE ( 'NONE', ( #1007 ), #455, .F. ) ;
#957 = ORIENTED_EDGE ( 'NONE', *, *, #854, .F. ) ;
#958 = CARTESIAN_POINT ( 'NONE',  ( 1.500000000000000222, 7.500000000000000000, 1.169999999999999041 ) ) ;
#959 = CYLINDRICAL_SURFACE ( 'NONE', #946, 0.4000000000000000222 ) ;
#960 = VECTOR ( 'NONE', #90, 100.0000000000000000 ) ;
#961 = EDGE_LOOP ( 'NONE', ( #1234, #392, #779, #1229 ) ) ;
#962 = ORIENTED_EDGE ( 'NONE', *, *, #1334, .F. ) ;
#963 = LINE ( 'NONE', #1399, #512 ) ;
#964 = ADVANCED_FACE ( 'NONE', ( #123 ), #775, .T. ) ;
#965 = DIRECTION ( 'NONE',  ( 0.000000000000000000, 0.000000000000000000, 1.000000000000000000 ) ) ;
#966 = AXIS2_PLACEMENT_3D ( 'NONE', #106, #1187, #1387 ) ;
#967 = LINE ( 'NONE', #521, #912 ) ;
#968 = AXIS2_PLACEMENT_3D ( 'NONE', #1350, #1261, #394 ) ;
#969 = FACE_OUTER_BOUND ( 'NONE', #55, .T. ) ;
#970 = AXIS2_PLACEMENT_3D ( 'NONE', #706, #1324, #50 ) ;
#971 = EDGE_LOOP ( 'NONE', ( #734, #818 ) ) ;
#972 = CIRCLE ( 'NONE', #782, 1.500000000000000000 ) ;
#973 = CARTESIAN_POINT ( 'NONE',  ( 0.5999999999999998668, 1.500000000000000000, -0.4000000000000001887 ) ) ;
#974 = DIRECTION ( 'NONE',  ( 0.000000000000000000, 0.000000000000000000, 1.000000000000000000 ) ) ;
#975 = DIRECTION ( 'NONE',  ( 0.000000000000000000, 0.000000000000000000, 1.000000000000000000 ) ) ;
#976 = ADVANCED_FACE ( 'NONE', ( #674 ), #109, .T. ) ;
#977 = DIRECTION ( 'NONE',  ( 1.000000000000000000, 0.000000000000000000, -0.000000000000000000 ) ) ;
#978 = VERTEX_POINT ( 'NONE', #9 ) ;
#979 = CARTESIAN_POINT ( 'NONE',  ( -1.299999999999999600, 7.500000000000000000, 1.169999999999999041 ) ) ;
#980 = CARTESIAN_POINT ( 'NONE',  ( -1.299999999999999600, 7.500000000000000000, -1.000000000000000444 ) ) ;
#981 = CARTESIAN_POINT ( 'NONE',  ( 1.500000000000000222, 7.500000000000000000, 0.8300000000000004041 ) ) ;
#982 = VERTEX_POINT ( 'NONE', #330 ) ;
#983 = DIRECTION ( 'NONE',  ( 1.000000000000000000, 0.000000000000000000, 0.000000000000000000 ) ) ;
#984 = VECTOR ( 'NONE', #738, 100.0000000000000000 ) ;
#985 = CARTESIAN_POINT ( 'NONE',  ( -1.299999999999999600, 7.500000000000000000, -1.000000000000000444 ) ) ;
#986 = AXIS2_PLACEMENT_3D ( 'NONE', #1337, #383, #368 ) ;
#987 = CARTESIAN_POINT ( 'NONE',  ( 0.7600000000000001199, 1.500000000000000000, -1.734723475976807094E-16 ) ) ;
#988 = CARTESIAN_POINT ( 'NONE',  ( 0.5999999999999996447, 10.00000000000000000, 1.300000000000000044 ) ) ;
#989 = VERTEX_POINT ( 'NONE', #895 ) ;
#990 = AXIS2_PLACEMENT_3D ( 'NONE', #145, #245, #114 ) ;
#991 = AXIS2_PLACEMENT_3D ( 'NONE', #1016, #903, #339 ) ;
#992 = UNCERTAINTY_MEASURE_WITH_UNIT (LENGTH_MEASURE( 1.000000000000000082E-05 ), #97, 'distance_accuracy_value', 'NONE');
#993 = EDGE_CURVE ( 'NONE', #842, #594, #555, .T. ) ;
#994 = AXIS2_PLACEMENT_3D ( 'NONE', #1120, #1336, #365 ) ;
#995 = FACE_OUTER_BOUND ( 'NONE', #1370, .T. ) ;
#996 = DIRECTION ( 'NONE',  ( 0.000000000000000000, 0.000000000000000000, -1.000000000000000000 ) ) ;
#997 = ORIENTED_EDGE ( 'NONE', *, *, #537, .F. ) ;
#998 = DIRECTION ( 'NONE',  ( 0.000000000000000000, 0.000000000000000000, 1.000000000000000000 ) ) ;
#999 = EDGE_CURVE ( 'NONE', #982, #1302, #1100, .T. ) ;
#1000 = CARTESIAN_POINT ( 'NONE',  ( -0.7599999999999997868, 1.500000000000000000, -1.734723475976807094E-16 ) ) ;
#1001 = DIRECTION ( 'NONE',  ( 0.000000000000000000, 0.000000000000000000, 1.000000000000000000 ) ) ;
#1002 = VERTEX_POINT ( 'NONE', #349 ) ;
#1003 = DIRECTION ( 'NONE',  ( -1.000000000000000000, 0.000000000000000000, 0.000000000000000000 ) ) ;
#1004 = ORIENTED_EDGE ( 'NONE', *, *, #417, .F. ) ;
#1005 = EDGE_CURVE ( 'NONE', #989, #1101, #781, .T. ) ;
#1006 = AXIS2_PLACEMENT_3D ( 'NONE', #813, #500, #1265 ) ;
#1007 = FACE_OUTER_BOUND ( 'NONE', #571, .T. ) ;
#1008 = EDGE_CURVE ( 'NONE', #1152, #92, #341, .T. ) ;
#1009 = DIRECTION ( 'NONE',  ( 0.000000000000000000, 0.000000000000000000, -1.000000000000000000 ) ) ;
#1010 = ORIENTED_EDGE ( 'NONE', *, *, #687, .T. ) ;
#1011 = CARTESIAN_POINT ( 'NONE',  ( -1.499999999999999778, 1.500000000000000000, 0.000000000000000000 ) ) ;
#1012 = DIRECTION ( 'NONE',  ( 0.000000000000000000, 0.000000000000000000, -1.000000000000000000 ) ) ;
#1013 = VECTOR ( 'NONE', #983, 100.0000000000000000 ) ;
#1014 = AXIS2_PLACEMENT_3D ( 'NONE', #1296, #869, #517 ) ;
#1015 = CIRCLE ( 'NONE', #1186, 1.129999999999999893 ) ;
#1016 = CARTESIAN_POINT ( 'NONE',  ( -1.299999999999999600, 9.500000000000000000, 0.9999999999999998890 ) ) ;
#1017 = EDGE_CURVE ( 'NONE', #1044, #798, #1055, .T. ) ;
#1018 = FACE_BOUND ( 'NONE', #609, .T. ) ;
#1019 = ORIENTED_EDGE ( 'NONE', *, *, #329, .F. ) ;
#1020 = PLANE ( 'NONE',  #1293 ) ;
#1021 = ORIENTED_EDGE ( 'NONE', *, *, #1005, .F. ) ;
#1022 = EDGE_LOOP ( 'NONE', ( #882, #274, #122, #1077, #621 ) ) ;
#1023 = DIRECTION ( 'NONE',  ( 1.000000000000000000, -0.000000000000000000, -0.000000000000000000 ) ) ;
#1024 = LINE ( 'NONE', #654, #438 ) ;
#1025 = ORIENTED_EDGE ( 'NONE', *, *, #207, .T. ) ;
#1026 = DIRECTION ( 'NONE',  ( 1.000000000000000000, -0.000000000000000000, -0.000000000000000000 ) ) ;
#1027 = ORIENTED_EDGE ( 'NONE', *, *, #524, .F. ) ;
#1028 = DIRECTION ( 'NONE',  ( 0.000000000000000000, 0.000000000000000000, -1.000000000000000000 ) ) ;
#1029 = CARTESIAN_POINT ( 'NONE',  ( 1.300000000000000266, 9.500000000000000000, 0.8300000000000005151 ) ) ;
#1030 = ORIENTED_EDGE ( 'NONE', *, *, #450, .F. ) ;
#1031 = DIRECTION ( 'NONE',  ( 1.000000000000000000, -0.000000000000000000, 0.000000000000000000 ) ) ;
#1032 = ADVANCED_FACE ( 'NONE', ( #234 ), #788, .F. ) ;
#1033 = AXIS2_PLACEMENT_3D ( 'NONE', #987, #1079, #1301 ) ;
#1034 = EDGE_LOOP ( 'NONE', ( #582, #222, #358, #72 ) ) ;
#1035 = VECTOR ( 'NONE', #1308, 100.0000000000000000 ) ;
#1036 = DIRECTION ( 'NONE',  ( 0.000000000000000000, 0.000000000000000000, -1.000000000000000000 ) ) ;
#1037 = CARTESIAN_POINT ( 'NONE',  ( -0.7599999999999997868, 1.500000000000000000, -1.734723475976807094E-16 ) ) ;
#1038 = EDGE_LOOP ( 'NONE', ( #590, #389, #377, #147 ) ) ;
#1039 = FACE_BOUND ( 'NONE', #1403, .T. ) ;
#1040 = EDGE_CURVE ( 'NONE', #594, #842, #1146, .T. ) ;
#1041 = ORIENTED_EDGE ( 'NONE', *, *, #342, .T. ) ;
#1042 = CARTESIAN_POINT ( 'NONE',  ( 1.500000000000000222, 1.500000000000000000, 1.500000000000000000 ) ) ;
#1043 = CARTESIAN_POINT ( 'NONE',  ( 1.300000000000000266, 3.000000000000000000, 1.300000000000000044 ) ) ;
#1044 = VERTEX_POINT ( 'NONE', #585 ) ;
#1045 = DIRECTION ( 'NONE',  ( 0.000000000000000000, 0.000000000000000000, -1.000000000000000000 ) ) ;
#1046 = VERTEX_POINT ( 'NONE', #171 ) ;
#1047 = CARTESIAN_POINT ( 'NONE',  ( 0.7600000000000001199, 1.500000000000000222, 1.129999999999999671 ) ) ;
#1048 = ADVANCED_FACE ( 'NONE', ( #1134 ), #166, .F. ) ;
#1049 = CYLINDRICAL_SURFACE ( 'NONE', #885, 0.1699999999999993183 ) ;
#1050 = CIRCLE ( 'NONE', #1108, 0.1699999999999993183 ) ;
#1051 = ORIENTED_EDGE ( 'NONE', *, *, #31, .F. ) ;
#1052 = ORIENTED_EDGE ( 'NONE', *, *, #1374, .T. ) ;
#1053 = CIRCLE ( 'NONE', #436, 0.1699999999999993183 ) ;
#1054 = AXIS2_PLACEMENT_3D ( 'NONE', #1272, #1185, #1062 ) ;
#1055 = CIRCLE ( 'NONE', #370, 0.1699999999999993183 ) ;
#1056 = CARTESIAN_POINT ( 'NONE',  ( 0.000000000000000000, 0.000000000000000000, 0.000000000000000000 ) ) ;
#1057 = ADVANCED_FACE ( 'NONE', ( #701, #615 ), #259, .T. ) ;
#1058 = CARTESIAN_POINT ( 'NONE',  ( -0.5999999999999997558, 0.7516685226452111124, -1.299999999999999822 ) ) ;
#1059 = VERTEX_POINT ( 'NONE', #491 ) ;
#1060 = ORIENTED_EDGE ( 'NONE', *, *, #115, .F. ) ;
#1061 = DIRECTION ( 'NONE',  ( 0.000000000000000000, 0.000000000000000000, -1.000000000000000000 ) ) ;
#1062 = DIRECTION ( 'NONE',  ( 0.000000000000000000, 0.000000000000000000, -1.000000000000000000 ) ) ;
#1063 = VERTEX_POINT ( 'NONE', #282 ) ;
#1064 = ORIENTED_EDGE ( 'NONE', *, *, #638, .F. ) ;
#1065 = LINE ( 'NONE', #79, #893 ) ;
#1066 = DIRECTION ( 'NONE',  ( -0.000000000000000000, -1.000000000000000000, -0.000000000000000000 ) ) ;
#1067 = CYLINDRICAL_SURFACE ( 'NONE', #688, 0.1699999999999993183 ) ;
#1068 = AXIS2_PLACEMENT_3D ( 'NONE', #602, #712, #167 ) ;
#1069 = ORIENTED_EDGE ( 'NONE', *, *, #930, .F. ) ;
#1070 = DIRECTION ( 'NONE',  ( -1.000000000000000000, -0.000000000000000000, 0.000000000000000000 ) ) ;
#1071 = PRODUCT ( 'leg_medium_1', 'leg_medium_1', '', ( #745 ) ) ;
#1072 = ADVANCED_FACE ( 'NONE', ( #1347 ), #812, .F. ) ;
#1073 = CARTESIAN_POINT ( 'NONE',  ( 1.500000000000000222, 1.500000000000000000, -1.734723475976807094E-16 ) ) ;
#1074 = CIRCLE ( 'NONE', #1368, 0.1699999999999993183 ) ;
#1075 = AXIS2_PLACEMENT_3D ( 'NONE', #942, #1367, #618 ) ;
#1076 = CARTESIAN_POINT ( 'NONE',  ( -0.5999999999999998668, 1.500000000000000000, -0.4000000000000001887 ) ) ;
#1077 = ORIENTED_EDGE ( 'NONE', *, *, #1374, .F. ) ;
#1078 = CYLINDRICAL_SURFACE ( 'NONE', #275, 0.1699999999999993183 ) ;
#1079 = DIRECTION ( 'NONE',  ( 1.000000000000000000, 0.000000000000000000, 0.000000000000000000 ) ) ;
#1080 = LINE ( 'NONE', #1405, #533 ) ;
#1081 = EDGE_CURVE ( 'NONE', #474, #470, #604, .T. ) ;
#1082 = ORIENTED_EDGE ( 'NONE', *, *, #163, .T. ) ;
#1083 = LINE ( 'NONE', #542, #984 ) ;
#1084 = FACE_BOUND ( 'NONE', #1346, .T. ) ;
#1085 = DIRECTION ( 'NONE',  ( -1.000000000000000000, 0.000000000000000000, 0.000000000000000000 ) ) ;
#1086 = FACE_OUTER_BOUND ( 'NONE', #331, .T. ) ;
#1087 = PLANE ( 'NONE',  #625 ) ;
#1088 = EDGE_CURVE ( 'NONE', #302, #1216, #922, .T. ) ;
#1089 = ORIENTED_EDGE ( 'NONE', *, *, #848, .T. ) ;
#1090 = DIRECTION ( 'NONE',  ( 1.000000000000000000, 0.000000000000000000, -1.334402673828313339E-16 ) ) ;
#1091 = DIRECTION ( 'NONE',  ( 1.000000000000000000, 0.000000000000000000, 0.000000000000000000 ) ) ;
#1092 = DIRECTION ( 'NONE',  ( -1.000000000000000000, 0.000000000000000000, 0.000000000000000000 ) ) ;
#1093 = EDGE_LOOP ( 'NONE', ( #1408, #1170 ) ) ;
#1094 = EDGE_CURVE ( 'NONE', #989, #713, #819, .T. ) ;
#1095 = AXIS2_PLACEMENT_3D ( 'NONE', #1073, #1091, #1182 ) ;
#1096 = VECTOR ( 'NONE', #1331, 100.0000000000000000 ) ;
#1097 = DIRECTION ( 'NONE',  ( 0.000000000000000000, 0.000000000000000000, 1.000000000000000000 ) ) ;
#1098 = VECTOR ( 'NONE', #897, 100.0000000000000000 ) ;
#1099 = FACE_OUTER_BOUND ( 'NONE', #767, .T. ) ;
#1100 = LINE ( 'NONE', #795, #296 ) ;
#1101 = VERTEX_POINT ( 'NONE', #1128 ) ;
#1102 = CYLINDRICAL_SURFACE ( 'NONE', #181, 1.500000000000000000 ) ;
#1103 = ORIENTED_EDGE ( 'NONE', *, *, #278, .T. ) ;
#1104 = EDGE_CURVE ( 'NONE', #1263, #540, #255, .T. ) ;
#1105 = DIRECTION ( 'NONE',  ( 0.000000000000000000, 0.000000000000000000, -1.000000000000000000 ) ) ;
#1106 = EDGE_LOOP ( 'NONE', ( #1285, #727, #697, #653 ) ) ;
#1107 = FACE_OUTER_BOUND ( 'NONE', #1034, .T. ) ;
#1108 = AXIS2_PLACEMENT_3D ( 'NONE', #1135, #399, #837 ) ;
#1109 = EDGE_CURVE ( 'NONE', #410, #28, #972, .T. ) ;
#1110 = DIRECTION ( 'NONE',  ( -0.000000000000000000, -1.000000000000000000, -0.000000000000000000 ) ) ;
#1111 = DIRECTION ( 'NONE',  ( -1.000000000000000000, 0.000000000000000000, -0.000000000000000000 ) ) ;
#1112 = VERTEX_POINT ( 'NONE', #1042 ) ;
#1113 = CARTESIAN_POINT ( 'NONE',  ( -0.5999999999999996447, 1.500000000000000000, -1.734723475976807094E-16 ) ) ;
#1114 = DIRECTION ( 'NONE',  ( 1.000000000000000000, 0.000000000000000000, 0.000000000000000000 ) ) ;
#1115 = AXIS2_PLACEMENT_3D ( 'NONE', #435, #743, #208 ) ;
#1116 = ORIENTED_EDGE ( 'NONE', *, *, #1241, .F. ) ;
#1117 = VECTOR ( 'NONE', #539, 100.0000000000000000 ) ;
#1118 = AXIS2_PLACEMENT_3D ( 'NONE', #771, #1319, #356 ) ;
#1119 = EDGE_LOOP ( 'NONE', ( #408, #374, #475, #1388 ) ) ;
#1120 = CARTESIAN_POINT ( 'NONE',  ( 1.500000000000000222, 9.500000000000000000, -1.000000000000000222 ) ) ;
#1121 = ADVANCED_FACE ( 'NONE', ( #472 ), #936, .F. ) ;
#1122 = SURFACE_STYLE_USAGE ( .BOTH. , #357 ) ;
#1123 = VERTEX_POINT ( 'NONE', #480 ) ;
#1124 = DIRECTION ( 'NONE',  ( 0.000000000000000000, 0.000000000000000000, 1.000000000000000000 ) ) ;
#1125 = FACE_OUTER_BOUND ( 'NONE', #1106, .T. ) ;
#1126 = EDGE_LOOP ( 'NONE', ( #406, #471 ) ) ;
#1127 = VERTEX_POINT ( 'NONE', #58 ) ;
#1128 = CARTESIAN_POINT ( 'NONE',  ( -1.499999999999999778, 9.500000000000000000, -1.169999999999999485 ) ) ;
#1129 = DIRECTION ( 'NONE',  ( -1.000000000000000000, 0.000000000000000000, 0.000000000000000000 ) ) ;
#1130 = VERTEX_POINT ( 'NONE', #272 ) ;
#1131 = ADVANCED_FACE ( 'NONE', ( #1145, #390, #1264, #505, #719, #148 ), #1153, .F. ) ;
#1132 = CARTESIAN_POINT ( 'NONE',  ( -3.500000000000000444, 1.500000000000000000, 0.3999999999999998557 ) ) ;
#1133 = ORIENTED_EDGE ( 'NONE', *, *, #467, .F. ) ;
#1134 = FACE_OUTER_BOUND ( 'NONE', #355, .T. ) ;
#1135 = CARTESIAN_POINT ( 'NONE',  ( 1.300000000000000044, 9.500000000000000000, -1.000000000000000222 ) ) ;
#1136 = ORIENTED_EDGE ( 'NONE', *, *, #823, .T. ) ;
#1137 = EDGE_LOOP ( 'NONE', ( #915, #1396, #681, #484 ) ) ;
#1138 = CYLINDRICAL_SURFACE ( 'NONE', #576, 1.129999999999999893 ) ;
#1139 = CARTESIAN_POINT ( 'NONE',  ( 1.500000000000000222, 7.500000000000000000, 1.169999999999999041 ) ) ;
#1140 = EDGE_CURVE ( 'NONE', #798, #1044, #112, .T. ) ;
#1141 = VECTOR ( 'NONE', #1085, 100.0000000000000000 ) ;
#1142 = AXIS2_PLACEMENT_3D ( 'NONE', #173, #1031, #159 ) ;
#1143 = EDGE_LOOP ( 'NONE', ( #267, #25, #1136, #519, #51 ) ) ;
#1144 = AXIS2_PLACEMENT_3D ( 'NONE', #23, #800, #353 ) ;
#1145 = FACE_BOUND ( 'NONE', #77, .T. ) ;
#1146 = CIRCLE ( 'NONE', #628, 0.1699999999999993183 ) ;
#1147 = CARTESIAN_POINT ( 'NONE',  ( -1.299999999999999600, 7.500000000000000000, 0.9999999999999996669 ) ) ;
#1148 = EDGE_LOOP ( 'NONE', ( #193, #1064, #74, #557 ) ) ;
#1149 = CARTESIAN_POINT ( 'NONE',  ( 0.7600000000000002309, 1.500000000000000000, -0.4000000000000001887 ) ) ;
#1150 = EDGE_CURVE ( 'NONE', #36, #1329, #805, .T. ) ;
#1151 = EDGE_CURVE ( 'NONE', #1002, #955, #599, .T. ) ;
#1152 = VERTEX_POINT ( 'NONE', #760 ) ;
#1153 = PLANE ( 'NONE',  #806 ) ;
#1154 = FACE_BOUND ( 'NONE', #853, .T. ) ;
#1155 = DIRECTION ( 'NONE',  ( 0.000000000000000000, 0.000000000000000000, -1.000000000000000000 ) ) ;
#1156 = VERTEX_POINT ( 'NONE', #904 ) ;
#1157 = EDGE_CURVE ( 'NONE', #239, #935, #1344, .T. ) ;
#1158 = VECTOR ( 'NONE', #1066, 100.0000000000000000 ) ;
#1159 = DIRECTION ( 'NONE',  ( -1.000000000000000000, 0.000000000000000000, 0.000000000000000000 ) ) ;
#1160 =( GEOMETRIC_REPRESENTATION_CONTEXT ( 3 ) GLOBAL_UNCERTAINTY_ASSIGNED_CONTEXT ( ( #337 ) ) GLOBAL_UNIT_ASSIGNED_CONTEXT ( ( #12, #459, #142 ) ) REPRESENTATION_CONTEXT ( 'NONE', 'WORKASPACE' ) );
#1161 = FACE_BOUND ( 'NONE', #1269, .T. ) ;
#1162 = ORIENTED_EDGE ( 'NONE', *, *, #42, .T. ) ;
#1163 = ORIENTED_EDGE ( 'NONE', *, *, #1334, .T. ) ;
#1164 = VECTOR ( 'NONE', #856, 100.0000000000000000 ) ;
#1165 = AXIS2_PLACEMENT_3D ( 'NONE', #686, #660, #996 ) ;
#1166 = ADVANCED_FACE ( 'NONE', ( #680, #465, #350, #1018, #327 ), #1188, .F. ) ;
#1167 = DIRECTION ( 'NONE',  ( -1.000000000000000000, -0.000000000000000000, -0.000000000000000000 ) ) ;
#1168 = ORIENTED_EDGE ( 'NONE', *, *, #207, .F. ) ;
#1169 = ORIENTED_EDGE ( 'NONE', *, *, #750, .T. ) ;
#1170 = ORIENTED_EDGE ( 'NONE', *, *, #342, .F. ) ;
#1171 = DIRECTION ( 'NONE',  ( 0.000000000000000000, 0.000000000000000000, -1.000000000000000000 ) ) ;
#1172 = ORIENTED_EDGE ( 'NONE', *, *, #616, .T. ) ;
#1173 = ADVANCED_FACE ( 'NONE', ( #547 ), #243, .F. ) ;
#1174 = LINE ( 'NONE', #523, #86 ) ;
#1175 = DIRECTION ( 'NONE',  ( -1.000000000000000000, -0.000000000000000000, -0.000000000000000000 ) ) ;
#1176 = FACE_OUTER_BOUND ( 'NONE', #550, .T. ) ;
#1177 = CARTESIAN_POINT ( 'NONE',  ( -0.5999999999999997558, 10.00000000000000000, -1.299999999999999822 ) ) ;
#1178 = CIRCLE ( 'NONE', #822, 1.129999999999999893 ) ;
#1179 = VERTEX_POINT ( 'NONE', #864 ) ;
#1180 = CARTESIAN_POINT ( 'NONE',  ( -1.499999999999999778, 1.500000000000000000, 1.129999999999999671 ) ) ;
#1181 = EDGE_CURVE ( 'NONE', #1215, #1002, #1024, .T. ) ;
#1182 = DIRECTION ( 'NONE',  ( 0.000000000000000000, 0.000000000000000000, -1.000000000000000000 ) ) ;
#1183 = CIRCLE ( 'NONE', #1095, 1.129999999999999893 ) ;
#1184 = AXIS2_PLACEMENT_3D ( 'NONE', #494, #838, #1339 ) ;
#1185 = DIRECTION ( 'NONE',  ( 1.000000000000000000, -0.000000000000000000, -0.000000000000000000 ) ) ;
#1186 = AXIS2_PLACEMENT_3D ( 'NONE', #522, #1395, #1171 ) ;
#1187 = DIRECTION ( 'NONE',  ( 1.000000000000000000, 0.000000000000000000, 0.000000000000000000 ) ) ;
#1188 = PLANE ( 'NONE',  #486 ) ;
#1189 = CARTESIAN_POINT ( 'NONE',  ( -1.499999999999999778, 7.500000000000000000, -1.169999999999999707 ) ) ;
#1190 = EDGE_CURVE ( 'NONE', #914, #1059, #164, .T. ) ;
#1191 = CARTESIAN_POINT ( 'NONE',  ( -0.7599999999999997868, 1.500000000000000000, -1.734723475976807094E-16 ) ) ;
#1192 =( NAMED_UNIT ( * ) SI_UNIT ( $, .STERADIAN. ) SOLID_ANGLE_UNIT ( ) );
#1193 = DIRECTION ( 'NONE',  ( 1.000000000000000000, -0.000000000000000000, -0.000000000000000000 ) ) ;
#1194 = ORIENTED_EDGE ( 'NONE', *, *, #537, .T. ) ;
#1195 = LINE ( 'NONE', #1281, #1013 ) ;
#1196 = CARTESIAN_POINT ( 'NONE',  ( 1.500000000000000222, 1.500000000000000222, 1.129999999999999671 ) ) ;
#1197 = LINE ( 'NONE', #116, #644 ) ;
#1198 = DIRECTION ( 'NONE',  ( 1.000000000000000000, -0.000000000000000000, -0.000000000000000000 ) ) ;
#1199 = ADVANCED_FACE ( 'NONE', ( #1086 ), #1291, .F. ) ;
#1200 = ORIENTED_EDGE ( 'NONE', *, *, #543, .F. ) ;
#1201 = FACE_BOUND ( 'NONE', #105, .T. ) ;
#1202 = CARTESIAN_POINT ( 'NONE',  ( 0.5999999999999996447, 0.7516685226452115565, 1.300000000000000044 ) ) ;
#1203 = CARTESIAN_POINT ( 'NONE',  ( -1.299999999999999822, 10.00000000000000000, 1.300000000000000044 ) ) ;
#1204 = AXIS2_PLACEMENT_3D ( 'NONE', #2, #1282, #655 ) ;
#1205 = CIRCLE ( 'NONE', #1014, 0.1699999999999993183 ) ;
#1206 = EDGE_CURVE ( 'NONE', #794, #1123, #503, .T. ) ;
#1207 = VECTOR ( 'NONE', #334, 100.0000000000000000 ) ;
#1208 = CARTESIAN_POINT ( 'NONE',  ( -0.5999999999999997558, 0.7516685226452115565, -1.299999999999999822 ) ) ;
#1209 = AXIS2_PLACEMENT_3D ( 'NONE', #140, #46, #1259 ) ;
#1210 = ORIENTED_EDGE ( 'NONE', *, *, #608, .F. ) ;
#1211 = DIRECTION ( 'NONE',  ( 0.000000000000000000, 0.000000000000000000, 1.000000000000000000 ) ) ;
#1212 = ORIENTED_EDGE ( 'NONE', *, *, #717, .F. ) ;
#1213 = PLANE ( 'NONE',  #990 ) ;
#1214 = EDGE_CURVE ( 'NONE', #1329, #693, #620, .T. ) ;
#1215 = VERTEX_POINT ( 'NONE', #797 ) ;
#1216 = VERTEX_POINT ( 'NONE', #1196 ) ;
#1217 = CARTESIAN_POINT ( 'NONE',  ( 1.500000000000000222, 7.500000000000000000, 0.9999999999999996669 ) ) ;
#1218 = CARTESIAN_POINT ( 'NONE',  ( 1.500000000000000222, 1.500000000000000000, -1.734723475976807094E-16 ) ) ;
#1219 = VERTEX_POINT ( 'NONE', #979 ) ;
#1220 = CARTESIAN_POINT ( 'NONE',  ( 0.7600000000000001199, 1.500000000000000222, 1.129999999999999671 ) ) ;
#1221 = CARTESIAN_POINT ( 'NONE',  ( -1.299999999999999600, 7.500000000000000000, 0.8300000000000004041 ) ) ;
#1222 = EDGE_LOOP ( 'NONE', ( #168, #130 ) ) ;
#1223 = PRESENTATION_LAYER_ASSIGNMENT (  '', '', ( #941 ) ) ;
#1224 = CARTESIAN_POINT ( 'NONE',  ( 1.500000000000000222, 9.500000000000000000, 1.169999999999999263 ) ) ;
#1225 = ORIENTED_EDGE ( 'NONE', *, *, #115, .T. ) ;
#1226 = DIRECTION ( 'NONE',  ( 0.000000000000000000, 0.000000000000000000, 1.000000000000000000 ) ) ;
#1227 = CYLINDRICAL_SURFACE ( 'NONE', #41, 0.1699999999999993183 ) ;
#1228 = VECTOR ( 'NONE', #1114, 100.0000000000000000 ) ;
#1229 = ORIENTED_EDGE ( 'NONE', *, *, #132, .T. ) ;
#1230 = DIRECTION ( 'NONE',  ( 1.000000000000000000, -0.000000000000000000, -0.000000000000000000 ) ) ;
#1231 = MANIFOLD_SOLID_BREP ( 'M3 Clearance Hole1', #709 ) ;
#1232 = EDGE_CURVE ( 'NONE', #1156, #614, #428, .T. ) ;
#1233 = CARTESIAN_POINT ( 'NONE',  ( -1.499999999999999778, 10.00000000000000000, -1.500000000000000222 ) ) ;
#1234 = ORIENTED_EDGE ( 'NONE', *, *, #1401, .F. ) ;
#1235 = ORIENTED_EDGE ( 'NONE', *, *, #96, .T. ) ;
#1236 = DIRECTION ( 'NONE',  ( -1.000000000000000000, -0.000000000000000000, -0.000000000000000000 ) ) ;
#1237 = DIRECTION ( 'NONE',  ( 1.000000000000000000, -0.000000000000000000, -0.000000000000000000 ) ) ;
#1238 = ORIENTED_EDGE ( 'NONE', *, *, #1157, .T. ) ;
#1239 = ORIENTED_EDGE ( 'NONE', *, *, #551, .T. ) ;
#1240 = CARTESIAN_POINT ( 'NONE',  ( 1.500000000000000222, 10.00000000000000000, 1.500000000000000000 ) ) ;
#1241 = EDGE_CURVE ( 'NONE', #1063, #165, #420, .T. ) ;
#1242 = FACE_OUTER_BOUND ( 'NONE', #603, .T. ) ;
#1243 = ORIENTED_EDGE ( 'NONE', *, *, #31, .T. ) ;
#1244 = CARTESIAN_POINT ( 'NONE',  ( -1.299999999999999600, 9.500000000000000000, 1.169999999999999263 ) ) ;
#1245 = DIRECTION ( 'NONE',  ( -1.000000000000000000, 0.000000000000000000, -0.000000000000000000 ) ) ;
#1246 = ORIENTED_EDGE ( 'NONE', *, *, #1381, .F. ) ;
#1247 = DIRECTION ( 'NONE',  ( 0.000000000000000000, 0.000000000000000000, 1.000000000000000000 ) ) ;
#1248 = CIRCLE ( 'NONE', #1407, 0.4000000000000000222 ) ;
#1249 = CARTESIAN_POINT ( 'NONE',  ( 0.7600000000000001199, 1.500000000000000000, -1.734723475976807094E-16 ) ) ;
#1250 = ORIENTED_EDGE ( 'NONE', *, *, #1206, .F. ) ;
#1251 = EDGE_CURVE ( 'NONE', #718, #440, #1050, .T. ) ;
#1252 = DIRECTION ( 'NONE',  ( 0.000000000000000000, 0.000000000000000000, -1.000000000000000000 ) ) ;
#1253 = CARTESIAN_POINT ( 'NONE',  ( -3.500000000000000444, 1.500000000000000000, -0.4000000000000001887 ) ) ;
#1254 = EDGE_CURVE ( 'NONE', #1063, #669, #1248, .T. ) ;
#1255 = VECTOR ( 'NONE', #108, 100.0000000000000000 ) ;
#1256 = VECTOR ( 'NONE', #977, 100.0000000000000000 ) ;
#1257 = EDGE_LOOP ( 'NONE', ( #673, #1243 ) ) ;
#1258 = CIRCLE ( 'NONE', #14, 0.1699999999999993183 ) ;
#1259 = DIRECTION ( 'NONE',  ( 0.000000000000000000, 0.000000000000000000, -1.000000000000000000 ) ) ;
#1260 = CARTESIAN_POINT ( 'NONE',  ( 1.500000000000000222, 7.500000000000000000, -0.8300000000000010703 ) ) ;
#1261 = DIRECTION ( 'NONE',  ( -1.000000000000000000, 0.000000000000000000, 0.000000000000000000 ) ) ;
#1262 = EDGE_CURVE ( 'NONE', #236, #700, #640, .T. ) ;
#1263 = VERTEX_POINT ( 'NONE', #1260 ) ;
#1264 = FACE_BOUND ( 'NONE', #1126, .T. ) ;
#1265 = DIRECTION ( 'NONE',  ( 0.000000000000000000, 0.000000000000000000, 1.000000000000000000 ) ) ;
#1266 = FACE_BOUND ( 'NONE', #1349, .T. ) ;
#1267 = ORIENTED_EDGE ( 'NONE', *, *, #1262, .F. ) ;
#1268 = EDGE_CURVE ( 'NONE', #1326, #1123, #924, .T. ) ;
#1269 = EDGE_LOOP ( 'NONE', ( #1089, #1325 ) ) ;
#1270 = CIRCLE ( 'NONE', #78, 0.1699999999999993183 ) ;
#1271 = LINE ( 'NONE', #1384, #1158 ) ;
#1272 = CARTESIAN_POINT ( 'NONE',  ( 1.500000000000000222, 7.500000000000000000, -1.000000000000000444 ) ) ;
#1273 = EDGE_LOOP ( 'NONE', ( #452, #309, #1041, #490 ) ) ;
#1274 = ORIENTED_EDGE ( 'NONE', *, *, #834, .F. ) ;
#1275 = CARTESIAN_POINT ( 'NONE',  ( 0.7600000000000001199, 1.500000000000000000, -1.734723475976807094E-16 ) ) ;
#1276 = VECTOR ( 'NONE', #429, 100.0000000000000000 ) ;
#1277 = AXIS2_PLACEMENT_3D ( 'NONE', #185, #176, #416 ) ;
#1278 = ADVANCED_FACE ( 'NONE', ( #1154, #288, #1356, #473, #283 ), #172, .F. ) ;
#1279 = CYLINDRICAL_SURFACE ( 'NONE', #161, 0.1699999999999993183 ) ;
#1280 = ORIENTED_EDGE ( 'NONE', *, *, #1268, .F. ) ;
#1281 = CARTESIAN_POINT ( 'NONE',  ( 1.500000000000000222, 1.500000000000000000, 1.500000000000000000 ) ) ;
#1282 = DIRECTION ( 'NONE',  ( 0.000000000000000000, 0.000000000000000000, -1.000000000000000000 ) ) ;
#1283 = ADVANCED_FACE ( 'NONE', ( #1242 ), #725, .F. ) ;
#1284 = DIRECTION ( 'NONE',  ( 1.000000000000000000, -0.000000000000000000, -0.000000000000000000 ) ) ;
#1285 = ORIENTED_EDGE ( 'NONE', *, *, #1094, .F. ) ;
#1286 = DIRECTION ( 'NONE',  ( 0.000000000000000000, 0.000000000000000000, 1.000000000000000000 ) ) ;
#1287 = DIRECTION ( 'NONE',  ( 1.000000000000000000, -0.000000000000000000, -0.000000000000000000 ) ) ;
#1288 = AXIS2_PLACEMENT_3D ( 'NONE', #985, #134, #206 ) ;
#1289 = ORIENTED_EDGE ( 'NONE', *, *, #776, .T. ) ;
#1290 = ADVANCED_FACE ( 'NONE', ( #483 ), #1049, .F. ) ;
#1291 = CYLINDRICAL_SURFACE ( 'NONE', #128, 0.4000000000000000222 ) ;
#1292 = LINE ( 'NONE', #648, #803 ) ;
#1293 = AXIS2_PLACEMENT_3D ( 'NONE', #453, #468, #889 ) ;
#1294 = CARTESIAN_POINT ( 'NONE',  ( 1.500000000000000222, 7.500000000000000000, -1.000000000000000444 ) ) ;
#1295 = AXIS2_PLACEMENT_3D ( 'NONE', #509, #400, #1252 ) ;
#1296 = CARTESIAN_POINT ( 'NONE',  ( 1.300000000000000266, 9.500000000000000000, 0.9999999999999998890 ) ) ;
#1297 = AXIS2_PLACEMENT_3D ( 'NONE', #729, #526, #975 ) ;
#1298 = VERTEX_POINT ( 'NONE', #61 ) ;
#1299 = DIRECTION ( 'NONE',  ( -1.000000000000000000, -0.000000000000000000, -0.000000000000000000 ) ) ;
#1300 = EDGE_CURVE ( 'NONE', #852, #1219, #80, .T. ) ;
#1301 = DIRECTION ( 'NONE',  ( 0.000000000000000000, 0.000000000000000000, -1.000000000000000000 ) ) ;
#1302 = VERTEX_POINT ( 'NONE', #376 ) ;
#1303 = DIRECTION ( 'NONE',  ( -1.000000000000000000, 0.000000000000000000, -0.000000000000000000 ) ) ;
#1304 = APPLICATION_CONTEXT ( 'automotive_design' ) ;
#1305 = EDGE_LOOP ( 'NONE', ( #1280, #1168, #32, #63, #13, #1200, #432, #692 ) ) ;
#1306 = DIRECTION ( 'NONE',  ( 1.000000000000000000, -0.000000000000000000, -0.000000000000000000 ) ) ;
#1307 = LINE ( 'NONE', #875, #393 ) ;
#1308 = DIRECTION ( 'NONE',  ( 1.000000000000000000, -0.000000000000000000, -0.000000000000000000 ) ) ;
#1309 = ORIENTED_EDGE ( 'NONE', *, *, #84, .T. ) ;
#1310 = FACE_OUTER_BOUND ( 'NONE', #70, .T. ) ;
#1311 = DIRECTION ( 'NONE',  ( 1.000000000000000000, -0.000000000000000000, -0.000000000000000000 ) ) ;
#1312 = ADVANCED_FACE ( 'NONE', ( #266 ), #820, .F. ) ;
#1313 = VECTOR ( 'NONE', #295, 100.0000000000000000 ) ;
#1314 = ORIENTED_EDGE ( 'NONE', *, *, #560, .T. ) ;
#1315 = VECTOR ( 'NONE', #595, 100.0000000000000000 ) ;
#1316 = FACE_OUTER_BOUND ( 'NONE', #910, .T. ) ;
#1317 = EDGE_LOOP ( 'NONE', ( #348, #817 ) ) ;
#1318 = ORIENTED_EDGE ( 'NONE', *, *, #908, .F. ) ;
#1319 = DIRECTION ( 'NONE',  ( 1.000000000000000000, 0.000000000000000000, -1.334402673828313339E-16 ) ) ;
#1320 = CARTESIAN_POINT ( 'NONE',  ( -1.499999999999999778, 1.500000000000000000, -1.734723475976807094E-16 ) ) ;
#1321 = VERTEX_POINT ( 'NONE', #1029 ) ;
#1322 = EDGE_CURVE ( 'NONE', #545, #1321, #7, .T. ) ;
#1323 = CARTESIAN_POINT ( 'NONE',  ( 1.300000000000000044, 3.000000000000000000, -1.299999999999999822 ) ) ;
#1324 = DIRECTION ( 'NONE',  ( -1.000000000000000000, -0.000000000000000000, -0.000000000000000000 ) ) ;
#1325 = ORIENTED_EDGE ( 'NONE', *, *, #268, .T. ) ;
#1326 = VERTEX_POINT ( 'NONE', #35 ) ;
#1327 = CARTESIAN_POINT ( 'NONE',  ( 1.500000000000000222, 7.500000000000000000, 0.9999999999999996669 ) ) ;
#1328 = CARTESIAN_POINT ( 'NONE',  ( -1.299999999999999822, 3.000000000000000000, -1.299999999999999822 ) ) ;
#1329 = VERTEX_POINT ( 'NONE', #702 ) ;
#1330 = DIRECTION ( 'NONE',  ( -1.334402673828313339E-16, -0.000000000000000000, -1.000000000000000000 ) ) ;
#1331 = DIRECTION ( 'NONE',  ( 1.000000000000000000, -0.000000000000000000, -0.000000000000000000 ) ) ;
#1332 = ORIENTED_EDGE ( 'NONE', *, *, #285, .F. ) ;
#1333 =( GEOMETRIC_REPRESENTATION_CONTEXT ( 3 ) GLOBAL_UNCERTAINTY_ASSIGNED_CONTEXT ( ( #992 ) ) GLOBAL_UNIT_ASSIGNED_CONTEXT ( ( #97, #1394, #1192 ) ) REPRESENTATION_CONTEXT ( 'NONE', 'WORKASPACE' ) );
#1334 = EDGE_CURVE ( 'NONE', #92, #1152, #1178, .T. ) ;
#1335 = EDGE_LOOP ( 'NONE', ( #690, #384, #511, #707 ) ) ;
#1336 = DIRECTION ( 'NONE',  ( 1.000000000000000000, -0.000000000000000000, -0.000000000000000000 ) ) ;
#1337 = CARTESIAN_POINT ( 'NONE',  ( 1.300000000000000044, 3.000000000000000000, -1.299999999999999822 ) ) ;
#1338 = ORIENTED_EDGE ( 'NONE', *, *, #917, .T. ) ;
#1339 = DIRECTION ( 'NONE',  ( 0.000000000000000000, 0.000000000000000000, -1.000000000000000000 ) ) ;
#1340 = CARTESIAN_POINT ( 'NONE',  ( -1.499999999999999778, 10.00000000000000000, 1.500000000000000000 ) ) ;
#1341 = AXIS2_PLACEMENT_3D ( 'NONE', #906, #126, #360 ) ;
#1342 = CIRCLE ( 'NONE', #111, 0.1699999999999993183 ) ;
#1343 = VERTEX_POINT ( 'NONE', #931 ) ;
#1344 = CIRCLE ( 'NONE', #735, 1.129999999999999893 ) ;
#1345 = EDGE_CURVE ( 'NONE', #772, #297, #567, .T. ) ;
#1346 = EDGE_LOOP ( 'NONE', ( #1267, #347 ) ) ;
#1347 = FACE_OUTER_BOUND ( 'NONE', #1335, .T. ) ;
#1348 = CARTESIAN_POINT ( 'NONE',  ( 1.500000000000000222, 7.500000000000000000, -1.000000000000000444 ) ) ;
#1349 = EDGE_LOOP ( 'NONE', ( #1357, #1289 ) ) ;
#1350 = CARTESIAN_POINT ( 'NONE',  ( -1.499999999999999778, 1.500000000000000000, -1.734723475976807094E-16 ) ) ;
#1351 = DIRECTION ( 'NONE',  ( 0.000000000000000000, 0.000000000000000000, -1.000000000000000000 ) ) ;
#1352 = ORIENTED_EDGE ( 'NONE', *, *, #248, .F. ) ;
#1353 = DIRECTION ( 'NONE',  ( -1.000000000000000000, 0.000000000000000000, 0.000000000000000000 ) ) ;
#1354 = EDGE_CURVE ( 'NONE', #1380, #952, #948, .T. ) ;
#1355 = EDGE_CURVE ( 'NONE', #718, #1044, #391, .T. ) ;
#1356 = FACE_BOUND ( 'NONE', #632, .T. ) ;
#1357 = ORIENTED_EDGE ( 'NONE', *, *, #402, .T. ) ;
#1358 = DIRECTION ( 'NONE',  ( -0.000000000000000000, 1.000000000000000000, -0.000000000000000000 ) ) ;
#1359 = CARTESIAN_POINT ( 'NONE',  ( -1.499999999999999778, 7.500000000000000000, -1.000000000000000444 ) ) ;
#1360 = ORIENTED_EDGE ( 'NONE', *, *, #458, .T. ) ;
#1361 = CARTESIAN_POINT ( 'NONE',  ( 1.300000000000000044, 7.500000000000000000, -1.000000000000000444 ) ) ;
#1362 = AXIS2_PLACEMENT_3D ( 'NONE', #720, #611, #617 ) ;
#1363 = DIRECTION ( 'NONE',  ( 1.000000000000000000, 0.000000000000000000, -0.000000000000000000 ) ) ;
#1364 = ORIENTED_EDGE ( 'NONE', *, *, #993, .F. ) ;
#1365 = VERTEX_POINT ( 'NONE', #831 ) ;
#1366 = EDGE_CURVE ( 'NONE', #952, #811, #307, .T. ) ;
#1367 = DIRECTION ( 'NONE',  ( -1.000000000000000000, 0.000000000000000000, 0.000000000000000000 ) ) ;
#1368 = AXIS2_PLACEMENT_3D ( 'NONE', #899, #778, #1226 ) ;
#1369 = VECTOR ( 'NONE', #1026, 100.0000000000000000 ) ;
#1370 = EDGE_LOOP ( 'NONE', ( #1415, #587, #1027, #723 ) ) ;
#1371 = AXIS2_PLACEMENT_3D ( 'NONE', #127, #927, #816 ) ;
#1372 = CARTESIAN_POINT ( 'NONE',  ( 1.500000000000000222, 9.500000000000000000, -1.000000000000000222 ) ) ;
#1373 = DIRECTION ( 'NONE',  ( 1.000000000000000000, -0.000000000000000000, -0.000000000000000000 ) ) ;
#1374 = EDGE_CURVE ( 'NONE', #385, #1156, #967, .T. ) ;
#1375 = ORIENTED_EDGE ( 'NONE', *, *, #458, .F. ) ;
#1376 = ORIENTED_EDGE ( 'NONE', *, *, #96, .F. ) ;
#1377 = CARTESIAN_POINT ( 'NONE',  ( 0.5999999999999996447, 3.000000000000000000, -1.299999999999999822 ) ) ;
#1378 = DIRECTION ( 'NONE',  ( 0.000000000000000000, 0.000000000000000000, 1.000000000000000000 ) ) ;
#1379 = LINE ( 'NONE', #981, #1117 ) ;
#1380 = VERTEX_POINT ( 'NONE', #651 ) ;
#1381 = EDGE_CURVE ( 'NONE', #233, #982, #1083, .T. ) ;
#1382 = ORIENTED_EDGE ( 'NONE', *, *, #238, .F. ) ;
#1383 = CARTESIAN_POINT ( 'NONE',  ( -1.499999999999999778, 7.500000000000000000, 0.8300000000000004041 ) ) ;
#1384 = CARTESIAN_POINT ( 'NONE',  ( 1.500000000000000222, 10.00000000000000000, 1.500000000000000000 ) ) ;
#1385 = CARTESIAN_POINT ( 'NONE',  ( 1.500000000000000222, 1.500000000000000000, 0.000000000000000000 ) ) ;
#1386 = ORIENTED_EDGE ( 'NONE', *, *, #1251, .F. ) ;
#1387 = DIRECTION ( 'NONE',  ( 0.000000000000000000, 0.000000000000000000, -1.000000000000000000 ) ) ;
#1388 = ORIENTED_EDGE ( 'NONE', *, *, #1409, .T. ) ;
#1389 = AXIS2_PLACEMENT_3D ( 'NONE', #1398, #858, #312 ) ;
#1390 = CARTESIAN_POINT ( 'NONE',  ( -1.299999999999999600, 7.500000000000000000, -0.8300000000000010703 ) ) ;
#1391 = EDGE_CURVE ( 'NONE', #385, #1112, #1271, .T. ) ;
#1392 = AXIS2_PLACEMENT_3D ( 'NONE', #1406, #431, #754 ) ;
#1393 = VECTOR ( 'NONE', #929, 100.0000000000000000 ) ;
#1394 =( NAMED_UNIT ( * ) PLANE_ANGLE_UNIT ( ) SI_UNIT ( $, .RADIAN. ) );
#1395 = DIRECTION ( 'NONE',  ( 1.000000000000000000, 0.000000000000000000, 0.000000000000000000 ) ) ;
#1396 = ORIENTED_EDGE ( 'NONE', *, *, #750, .F. ) ;
#1397 = LINE ( 'NONE', #419, #1164 ) ;
#1398 = CARTESIAN_POINT ( 'NONE',  ( 1.500000000000000222, 7.500000000000000000, 0.9999999999999996669 ) ) ;
#1399 = CARTESIAN_POINT ( 'NONE',  ( -0.7599999999999997868, 1.500000000000000000, 1.129999999999999671 ) ) ;
#1400 = CARTESIAN_POINT ( 'NONE',  ( -3.500000000000000444, 1.500000000000000000, -0.4000000000000001887 ) ) ;
#1401 = EDGE_CURVE ( 'NONE', #842, #772, #187, .T. ) ;
#1402 = CARTESIAN_POINT ( 'NONE',  ( -1.499999999999999778, 10.00000000000000000, -1.500000000000000222 ) ) ;
#1403 = EDGE_LOOP ( 'NONE', ( #1169, #661 ) ) ;
#1404 = DIRECTION ( 'NONE',  ( -1.000000000000000000, 0.000000000000000000, 0.000000000000000000 ) ) ;
#1405 = CARTESIAN_POINT ( 'NONE',  ( -0.5999999999999997558, 10.00000000000000000, -1.299999999999999822 ) ) ;
#1406 = CARTESIAN_POINT ( 'NONE',  ( 0.5999999999999996447, 10.00000000000000000, 1.300000000000000044 ) ) ;
#1407 = AXIS2_PLACEMENT_3D ( 'NONE', #624, #178, #913 ) ;
#1408 = ORIENTED_EDGE ( 'NONE', *, *, #695, .F. ) ;
#1409 = EDGE_CURVE ( 'NONE', #540, #1263, #1270, .T. ) ;
#1410 = DIRECTION ( 'NONE',  ( -1.000000000000000000, -0.000000000000000000, -0.000000000000000000 ) ) ;
#1411 = DIRECTION ( 'NONE',  ( 1.000000000000000000, -0.000000000000000000, -0.000000000000000000 ) ) ;
#1412 = LINE ( 'NONE', #4, #1207 ) ;
#1413 = VECTOR ( 'NONE', #641, 100.0000000000000000 ) ;
#1414 = AXIS2_PLACEMENT_3D ( 'NONE', #610, #911, #287 ) ;
#1415 = ORIENTED_EDGE ( 'NONE', *, *, #1262, .T. ) ;
#1416 = DIRECTION ( 'NONE',  ( 0.000000000000000000, 0.000000000000000000, -1.000000000000000000 ) ) ;
#1417 = DIRECTION ( 'NONE',  ( 1.000000000000000000, -0.000000000000000000, -0.000000000000000000 ) ) ;
#1418 = CARTESIAN_POINT ( 'NONE',  ( -1.299999999999999600, 7.500000000000000000, 0.9999999999999996669 ) ) ;
#1419 = EDGE_LOOP ( 'NONE', ( #1376, #962, #213, #1238 ) ) ;
ENDSEC;
END-ISO-10303-21;
