ISO-10303-21;
HEADER;
FILE_DESCRIPTION (( 'STEP AP203' ),
    '1' );
FILE_NAME ('Cone_STEP.STEP',
    '2026-03-04T03:27:29',
    ( '' ),
    ( '' ),
    'SwSTEP 2.0',
    'SolidWorks 2025',
    '' );
FILE_SCHEMA (( 'CONFIG_CONTROL_DESIGN' ));
ENDSEC;

DATA;
#1 = AXIS2_PLACEMENT_3D ( 'NONE', #763, #123, #5304 ) ;
#2 = VECTOR ( 'NONE', #8251, 39.37007874015748143 ) ;
#3 = DIRECTION ( 'NONE',  ( 1.000000000000000000, 0.000000000000000000, 0.000000000000000000 ) ) ;
#4 = DIRECTION ( 'NONE',  ( 8.797911715786014202E-17, -1.000000000000000000, 0.000000000000000000 ) ) ;
#5 = ORIENTED_EDGE ( 'NONE', *, *, #5531, .F. ) ;
#6 = CIRCLE ( 'NONE', #5703, 0.2500000000000000000 ) ;
#7 = CARTESIAN_POINT ( 'NONE',  ( -0.01701700490451273085, -1.634164925564208765E-16, 0.000000000000000000 ) ) ;
#8 = ORIENTED_EDGE ( 'NONE', *, *, #6042, .F. ) ;
#9 = DIRECTION ( 'NONE',  ( 0.000000000000000000, -0.9510565162951521989, -0.3090169943749515591 ) ) ;
#10 = ORIENTED_EDGE ( 'NONE', *, *, #2397, .T. ) ;
#11 = ORIENTED_EDGE ( 'NONE', *, *, #1682, .T. ) ;
#12 = EDGE_CURVE ( 'NONE', #6588, #7919, #355, .T. ) ;
#13 = DIRECTION ( 'NONE',  ( -1.000000000000000000, -1.224646799147352714E-16, 0.000000000000000000 ) ) ;
#14 = DIRECTION ( 'NONE',  ( 0.000000000000000000, -0.9961946980917464334, 0.08715574274764792406 ) ) ;
#15 = EDGE_CURVE ( 'NONE', #7034, #2236, #5492, .T. ) ;
#16 = EDGE_LOOP ( 'NONE', ( #5198, #6386, #6647, #4678, #2278, #7329, #6383, #2502, #1957, #288, #1132, #10, #195, #1162, #5371 ) ) ;
#17 = CIRCLE ( 'NONE', #4759, 3.105109578176981522 ) ;
#18 = DIRECTION ( 'NONE',  ( -0.8660254037844380415, 0.3773547901113910030, -0.3280295144952494191 ) ) ;
#19 = ORIENTED_EDGE ( 'NONE', *, *, #6416, .T. ) ;
#20 = ORIENTED_EDGE ( 'NONE', *, *, #392, .T. ) ;
#21 = EDGE_CURVE ( 'NONE', #2385, #5412, #4973, .T. ) ;
#22 = ORIENTED_EDGE ( 'NONE', *, *, #3861, .T. ) ;
#23 = CARTESIAN_POINT ( 'NONE',  ( 1.549995677804209437, -2.343455946291669534, 2.037135174767901624 ) ) ;
#24 = B_SPLINE_CURVE_WITH_KNOTS ( 'NONE', 3,
 ( #5419, #7996, #4779, #7370 ),
 .UNSPECIFIED., .F., .F.,
 ( 4, 4 ),
 ( 2.312885587406148896E-07, 0.007844056937228284856 ),
 .UNSPECIFIED. ) ;
#25 = AXIS2_PLACEMENT_3D ( 'NONE', #4397, #7030, #3205 ) ;
#26 = ADVANCED_FACE ( 'NONE', ( #946 ), #5380, .T. ) ;
#27 = EDGE_CURVE ( 'NONE', #5483, #3335, #4012, .T. ) ;
#28 = EDGE_CURVE ( 'NONE', #6692, #5794, #1036, .T. ) ;
#29 = VECTOR ( 'NONE', #2855, 39.37007874015748143 ) ;
#30 = EDGE_LOOP ( 'NONE', ( #534, #6507, #4459, #1619, #5933 ) ) ;
#31 = CARTESIAN_POINT ( 'NONE',  ( -0.003439171656184221090, -3.732550011803871914, 1.212779016009417843 ) ) ;
#32 = EDGE_CURVE ( 'NONE', #3373, #5958, #8185, .T. ) ;
#33 = DIRECTION ( 'NONE',  ( 0.000000000000000000, 0.000000000000000000, -1.000000000000000000 ) ) ;
#34 = CARTESIAN_POINT ( 'NONE',  ( -7.000000000000000888, 0.000000000000000000, 0.000000000000000000 ) ) ;
#35 = AXIS2_PLACEMENT_3D ( 'NONE', #7052, #1321, #770 ) ;
#36 = CIRCLE ( 'NONE', #2598, 3.105109578176981078 ) ;
#37 = ORIENTED_EDGE ( 'NONE', *, *, #2039, .T. ) ;
#38 = VECTOR ( 'NONE', #6704, 39.37007874015748854 ) ;
#39 = ORIENTED_EDGE ( 'NONE', *, *, #7380, .F. ) ;
#40 = PLANE ( 'NONE',  #8024 ) ;
#41 = AXIS2_PLACEMENT_3D ( 'NONE', #1270, #4533, #4445 ) ;
#42 = LINE ( 'NONE', #4571, #8087 ) ;
#43 = DIRECTION ( 'NONE',  ( 0.000000000000000000, 0.08715574274765487683, 0.9961946980917457672 ) ) ;
#44 = PLANE ( 'NONE',  #1255 ) ;
#45 = CONICAL_SURFACE ( 'NONE', #3688, 3.605109578176981078, 0.5235987755983000369 ) ;
#46 = CARTESIAN_POINT ( 'NONE',  ( 0.07199504908373816070, 0.3750000000000001110, -3.360227917474362780 ) ) ;
#47 = CARTESIAN_POINT ( 'NONE',  ( -0.2406238026544916531, 3.689802647435477478, 1.198889555364111903 ) ) ;
#48 = LINE ( 'NONE', #3902, #1823 ) ;
#49 = CONICAL_SURFACE ( 'NONE', #4115, 3.105109578176981078, 0.5235987755983000369 ) ;
#50 = CONICAL_SURFACE ( 'NONE', #6014, 3.605109578176981078, 0.5235987755983000369 ) ;
#51 = PLANE ( 'NONE',  #5567 ) ;
#52 = CARTESIAN_POINT ( 'NONE',  ( 1.549995677804209659, 2.848721405383343027E-17, 0.000000000000000000 ) ) ;
#53 = VERTEX_POINT ( 'NONE', #3699 ) ;
#54 = DIRECTION ( 'NONE',  ( 0.8944271909999158554, 0.3618033988749892460, 0.2628655560595673513 ) ) ;
#55 = EDGE_LOOP ( 'NONE', ( #2940, #4234, #8317, #7421 ) ) ;
#56 = CARTESIAN_POINT ( 'NONE',  ( -5.250000000000000000, 0.000000000000000000, 0.000000000000000000 ) ) ;
#57 = ORIENTED_EDGE ( 'NONE', *, *, #8261, .T. ) ;
#58 = CARTESIAN_POINT ( 'NONE',  ( 0.1610010205796512106, -0.3749999999999768518, 3.308516855163284198 ) ) ;
#59 = DIRECTION ( 'NONE',  ( 1.000000000000000000, 0.000000000000000000, 0.000000000000000000 ) ) ;
#60 = DIRECTION ( 'NONE',  ( -1.000000000000000000, 0.000000000000000000, 0.000000000000000000 ) ) ;
#61 = ORIENTED_EDGE ( 'NONE', *, *, #1109, .T. ) ;
#62 = ORIENTED_EDGE ( 'NONE', *, *, #8160, .T. ) ;
#63 = EDGE_CURVE ( 'NONE', #5153, #4683, #5091, .T. ) ;
#64 = ORIENTED_EDGE ( 'NONE', *, *, #1244, .F. ) ;
#65 = ORIENTED_EDGE ( 'NONE', *, *, #652, .F. ) ;
#66 = ORIENTED_EDGE ( 'NONE', *, *, #6242, .F. ) ;
#67 = CARTESIAN_POINT ( 'NONE',  ( -0.09468133244882179222, 3.108484621254395286, 1.361671730960781534 ) ) ;
#68 = CARTESIAN_POINT ( 'NONE',  ( 0.000000000000000000, 0.000000000000000000, 0.000000000000000000 ) ) ;
#69 = ORIENTED_EDGE ( 'NONE', *, *, #5257, .F. ) ;
#70 = ADVANCED_FACE ( 'NONE', ( #1707 ), #6208, .F. ) ;
#71 = DIRECTION ( 'NONE',  ( 1.000000000000000000, 0.000000000000000000, 0.000000000000000000 ) ) ;
#72 = CARTESIAN_POINT ( 'NONE',  ( 5.651087907391154571E-17, -3.804226065180604799, -1.236067977499819781 ) ) ;
#73 = FACE_OUTER_BOUND ( 'NONE', #455, .T. ) ;
#74 = ADVANCED_FACE ( 'NONE', ( #3654 ), #5575, .F. ) ;
#75 = ORIENTED_EDGE ( 'NONE', *, *, #6088, .F. ) ;
#76 = ADVANCED_FACE ( 'NONE', ( #6806 ), #2302, .T. ) ;
#77 = EDGE_LOOP ( 'NONE', ( #7478, #3840, #2572, #8211, #3792, #4930, #1476, #5112 ) ) ;
#78 = DIRECTION ( 'NONE',  ( 0.000000000000000000, 0.000000000000000000, -1.000000000000000000 ) ) ;
#79 = CARTESIAN_POINT ( 'NONE',  ( 0.2329829950954870610, 0.8695454223321371634, -3.766415018425686601 ) ) ;
#80 = EDGE_CURVE ( 'NONE', #1683, #1721, #1332, .T. ) ;
#81 = FACE_OUTER_BOUND ( 'NONE', #1096, .T. ) ;
#82 = CARTESIAN_POINT ( 'NONE',  ( -0.01701700490451257125, 3.142316772863997798, -1.381204732799931278 ) ) ;
#83 = CARTESIAN_POINT ( 'NONE',  ( -0.01701700490451273085, -1.634164925564208765E-16, 0.000000000000000000 ) ) ;
#84 = CARTESIAN_POINT ( 'NONE',  ( 0.2500000000000000000, 1.292839910290887406, 1.179434172117736157 ) ) ;
#85 = PLANE ( 'NONE',  #5899 ) ;
#86 = CONICAL_SURFACE ( 'NONE', #1576, 3.605109578176981078, 0.5235987755983000369 ) ;
#87 = AXIS2_PLACEMENT_3D ( 'NONE', #6139, #8037, #4268 ) ;
#88 = PLANE ( 'NONE',  #4329 ) ;
#89 = CARTESIAN_POINT ( 'NONE',  ( 1.549995677804209437, -1.825137616804507479, -2.512086418141619593 ) ) ;
#90 = ORIENTED_EDGE ( 'NONE', *, *, #1514, .T. ) ;
#91 = CARTESIAN_POINT ( 'NONE',  ( 1.549995677804209437, -2.512086418141612487, 1.825137616804517471 ) ) ;
#92 = ORIENTED_EDGE ( 'NONE', *, *, #504, .T. ) ;
#93 = DIRECTION ( 'NONE',  ( -1.000000000000000000, -1.224646799147352714E-16, 0.000000000000000000 ) ) ;
#94 = AXIS2_PLACEMENT_3D ( 'NONE', #4415, #3145, #5136 ) ;
#95 = ORIENTED_EDGE ( 'NONE', *, *, #2304, .F. ) ;
#96 = CONICAL_SURFACE ( 'NONE', #5106, 4.500000000000000888, 0.5116441634306432285 ) ;
#97 = DIRECTION ( 'NONE',  ( 0.000000000000000000, 0.3090169943749448977, 0.9510565162951544194 ) ) ;
#98 = FACE_BOUND ( 'NONE', #2639, .T. ) ;
#99 = DIRECTION ( 'NONE',  ( -0.000000000000000000, -0.8660254037844391517, 0.4999999999999991673 ) ) ;
#100 = EDGE_LOOP ( 'NONE', ( #4260, #1660, #6155, #3411 ) ) ;
#101 = VECTOR ( 'NONE', #3984, 39.37007874015748143 ) ;
#102 = EDGE_LOOP ( 'NONE', ( #3913, #2348, #7984, #3325, #2464, #3530, #7237, #3167 ) ) ;
#103 = ORIENTED_EDGE ( 'NONE', *, *, #3647, .F. ) ;
#104 = EDGE_LOOP ( 'NONE', ( #2642, #2777, #492, #4432 ) ) ;
#105 = EDGE_LOOP ( 'NONE', ( #22, #2086, #3296, #2617 ) ) ;
#106 = DIRECTION ( 'NONE',  ( 0.000000000000000000, 0.08715574274765837404, 0.9961946980917455452 ) ) ;
#107 = EDGE_CURVE ( 'NONE', #2125, #2236, #3910, .T. ) ;
#108 = B_SPLINE_CURVE_WITH_KNOTS ( 'NONE', 3,
 ( #2578, #46, #8299, #1990 ),
 .UNSPECIFIED., .F., .F.,
 ( 4, 4 ),
 ( 0.05120112722577595948, 0.05904495246301461747 ),
 .UNSPECIFIED. ) ;
#109 = APPROVAL_STATUS ( 'not_yet_approved' ) ;
#110 = VERTEX_POINT ( 'NONE', #1748 ) ;
#111 = DIRECTION ( 'NONE',  ( 0.8660254037844380415, -0.3280295144952535824, -0.3773547901113873948 ) ) ;
#112 = CARTESIAN_POINT ( 'NONE',  ( 0.1610010175967985235, -3.052759646921685999, -1.329498902029234264 ) ) ;
#113 = ORIENTED_EDGE ( 'NONE', *, *, #7113, .T. ) ;
#114 = ORIENTED_EDGE ( 'NONE', *, *, #5760, .F. ) ;
#115 = DIRECTION ( 'NONE',  ( 0.000000000000000000, 0.000000000000000000, -1.000000000000000000 ) ) ;
#116 = EDGE_CURVE ( 'NONE', #5935, #5498, #6929, .T. ) ;
#117 = PLANE ( 'NONE',  #7419 ) ;
#118 = AXIS2_PLACEMENT_3D ( 'NONE', #6248, #3060, #7520 ) ;
#119 = CIRCLE ( 'NONE', #8106, 0.5000000000000000000 ) ;
#120 = EDGE_CURVE ( 'NONE', #4687, #3248, #4810, .T. ) ;
#121 = CARTESIAN_POINT ( 'NONE',  ( -7.000000000000000000, -0.4880409895273061238, -0.2932446110782060411 ) ) ;
#122 = DIRECTION ( 'NONE',  ( 8.797911715786014202E-17, -1.000000000000000000, 0.000000000000000000 ) ) ;
#123 = DIRECTION ( 'NONE',  ( -1.000000000000000000, 0.000000000000000000, 0.000000000000000000 ) ) ;
#124 = EDGE_CURVE ( 'NONE', #6049, #1665, #3093, .T. ) ;
#125 = CARTESIAN_POINT ( 'NONE',  ( 0.2329829950954873385, -1.328003225777370155E-16, 0.000000000000000000 ) ) ;
#126 = EDGE_CURVE ( 'NONE', #4507, #5168, #2264, .T. ) ;
#127 = DIRECTION ( 'NONE',  ( 0.000000000000000000, 0.000000000000000000, -1.000000000000000000 ) ) ;
#128 = ADVANCED_FACE ( 'NONE', ( #7437 ), #7433, .T. ) ;
#129 = EDGE_CURVE ( 'NONE', #6652, #4274, #1727, .T. ) ;
#130 = CARTESIAN_POINT ( 'NONE',  ( -5.250000000000000000, 0.2499999999999998890, 1.311574639720071156 ) ) ;
#131 = VERTEX_POINT ( 'NONE', #4890 ) ;
#132 = CARTESIAN_POINT ( 'NONE',  ( 0.000000000000000000, 0.000000000000000000, 0.000000000000000000 ) ) ;
#133 = ORIENTED_EDGE ( 'NONE', *, *, #6414, .T. ) ;
#134 = CARTESIAN_POINT ( 'NONE',  ( 0.000000000000000000, 0.000000000000000000, 0.000000000000000000 ) ) ;
#135 = ADVANCED_FACE ( 'NONE', ( #1282 ), #3735, .F. ) ;
#136 = CIRCLE ( 'NONE', #6780, 1.000000000000000000 ) ;
#137 = AXIS2_PLACEMENT_3D ( 'NONE', #8096, #1572, #1613 ) ;
#138 = VERTEX_POINT ( 'NONE', #5186 ) ;
#139 = AXIS2_PLACEMENT_3D ( 'NONE', #2568, #5249, #1813 ) ;
#140 = AXIS2_PLACEMENT_3D ( 'NONE', #6685, #864, #1408 ) ;
#141 = FACE_OUTER_BOUND ( 'NONE', #7462, .T. ) ;
#142 = CARTESIAN_POINT ( 'NONE',  ( 0.000000000000000000, 0.000000000000000000, 0.000000000000000000 ) ) ;
#143 = AXIS2_PLACEMENT_3D ( 'NONE', #6295, #3067, #5661 ) ;
#144 = DIRECTION ( 'NONE',  ( -1.000000000000000000, 0.000000000000000000, -0.000000000000000000 ) ) ;
#145 = ORIENTED_EDGE ( 'NONE', *, *, #4826, .T. ) ;
#146 = ORIENTED_EDGE ( 'NONE', *, *, #7909, .T. ) ;
#147 = CIRCLE ( 'NONE', #2714, 3.105109578176981078 ) ;
#148 = ORIENTED_EDGE ( 'NONE', *, *, #747, .F. ) ;
#149 = VECTOR ( 'NONE', #4211, 39.37007874015748854 ) ;
#150 = ORIENTED_EDGE ( 'NONE', *, *, #3761, .F. ) ;
#151 = VERTEX_POINT ( 'NONE', #7729 ) ;
#152 = PLANE ( 'NONE',  #1580 ) ;
#153 = CIRCLE ( 'NONE', #5305, 4.357648039384080185 ) ;
#154 = ORIENTED_EDGE ( 'NONE', *, *, #7575, .F. ) ;
#155 = DIRECTION ( 'NONE',  ( 0.000000000000000000, 0.3090169943749411785, 0.9510565162951556406 ) ) ;
#156 = DIRECTION ( 'NONE',  ( 0.000000000000000000, 1.047444401652939218E-14, -1.000000000000000000 ) ) ;
#157 = LINE ( 'NONE', #791, #3796 ) ;
#158 = ORIENTED_EDGE ( 'NONE', *, *, #7235, .T. ) ;
#159 = CIRCLE ( 'NONE', #2460, 0.5000000000000001110 ) ;
#160 = ORIENTED_EDGE ( 'NONE', *, *, #6927, .T. ) ;
#161 = CYLINDRICAL_SURFACE ( 'NONE', #3698, 1.000000000000000222 ) ;
#162 = LINE ( 'NONE', #5344, #4978 ) ;
#163 = CARTESIAN_POINT ( 'NONE',  ( -7.000000000000000888, 0.000000000000000000, 0.000000000000000000 ) ) ;
#164 = VECTOR ( 'NONE', #283, 39.37007874015748143 ) ;
#165 = DIRECTION ( 'NONE',  ( 0.000000000000000000, 0.000000000000000000, -1.000000000000000000 ) ) ;
#166 = CARTESIAN_POINT ( 'NONE',  ( 0.2329829950954873385, -1.328003225777370155E-16, 0.000000000000000000 ) ) ;
#167 = EDGE_CURVE ( 'NONE', #5795, #3624, #8309, .T. ) ;
#168 = CARTESIAN_POINT ( 'NONE',  ( -0.2500000000000000000, 1.292839910290862759, -1.179434172117763246 ) ) ;
#169 = AXIS2_PLACEMENT_3D ( 'NONE', #4581, #7810, #2628 ) ;
#170 = ORIENTED_EDGE ( 'NONE', *, *, #6091, .T. ) ;
#171 = DIRECTION ( 'NONE',  ( -0.000000000000000000, -0.8090169943749445647, -0.5877852522924770229 ) ) ;
#172 = AXIS2_PLACEMENT_3D ( 'NONE', #7765, #2495, #4538 ) ;
#173 = DIRECTION ( 'NONE',  ( 0.8660254037844380415, 0.4871850323926177895, 0.1124755271719364569 ) ) ;
#174 = AXIS2_PLACEMENT_3D ( 'NONE', #7551, #3051, #1738 ) ;
#175 = CARTESIAN_POINT ( 'NONE',  ( -4.750000000000000000, -0.7135254915624210659, -0.7006292692220368323 ) ) ;
#176 = VERTEX_POINT ( 'NONE', #7054 ) ;
#177 = CARTESIAN_POINT ( 'NONE',  ( 1.549995677804209437, 2.119030242950803888, -2.916594915329049797 ) ) ;
#178 = EDGE_LOOP ( 'NONE', ( #64, #5995, #5953, #8310, #3317, #991, #1005, #154 ) ) ;
#179 = DIRECTION ( 'NONE',  ( 1.232246991851730235E-16, -1.000000000000000000, 0.000000000000000000 ) ) ;
#180 = EDGE_CURVE ( 'NONE', #6469, #8187, #5271, .T. ) ;
#181 = DIRECTION ( 'NONE',  ( 0.000000000000000000, -0.5877852522924802425, 0.8090169943749422332 ) ) ;
#182 = VERTEX_POINT ( 'NONE', #7139 ) ;
#183 = CONICAL_SURFACE ( 'NONE', #4372, 0.4561405019143418560, 0.4461670167513162588 ) ;
#184 = EDGE_CURVE ( 'NONE', #2129, #870, #7010, .T. ) ;
#185 = ADVANCED_FACE ( 'NONE', ( #5015 ), #5698, .F. ) ;
#186 = LINE ( 'NONE', #7940, #2439 ) ;
#187 = EDGE_CURVE ( 'NONE', #936, #1459, #2688, .T. ) ;
#188 = FACE_OUTER_BOUND ( 'NONE', #5803, .T. ) ;
#189 = CARTESIAN_POINT ( 'NONE',  ( -0.2500000000000000000, -0.7500000000000001110, 0.1249999999999996392 ) ) ;
#190 = ORIENTED_EDGE ( 'NONE', *, *, #3685, .F. ) ;
#191 = ORIENTED_EDGE ( 'NONE', *, *, #116, .F. ) ;
#192 = ORIENTED_EDGE ( 'NONE', *, *, #7957, .T. ) ;
#193 = CIRCLE ( 'NONE', #4929, 0.5693649175925759032 ) ;
#194 = ORIENTED_EDGE ( 'NONE', *, *, #5471, .F. ) ;
#195 = ORIENTED_EDGE ( 'NONE', *, *, #8004, .T. ) ;
#196 = DIRECTION ( 'NONE',  ( 0.000000000000000000, 0.3090169943749480619, -0.9510565162951533091 ) ) ;
#197 = PERSON_AND_ORGANIZATION ( #1217, #2656 ) ;
#198 = ORIENTED_EDGE ( 'NONE', *, *, #7953, .T. ) ;
#199 = LINE ( 'NONE', #5888, #8013 ) ;
#200 = DIRECTION ( 'NONE',  ( -1.000000000000000000, -0.000000000000000000, -0.000000000000000000 ) ) ;
#201 = DIRECTION ( 'NONE',  ( 0.000000000000000000, 0.5877852522924742473, -0.8090169943749465631 ) ) ;
#202 = ORIENTED_EDGE ( 'NONE', *, *, #2404, .T. ) ;
#203 = VERTEX_POINT ( 'NONE', #5657 ) ;
#204 = CARTESIAN_POINT ( 'NONE',  ( -7.000000000000000000, -0.4045084971874707835, -0.2938926261462398437 ) ) ;
#205 = DIRECTION ( 'NONE',  ( 0.000000000000000000, 0.3090169943749349613, 0.9510565162951576390 ) ) ;
#206 = AXIS2_PLACEMENT_3D ( 'NONE', #6583, #7678, #3304 ) ;
#207 = DIRECTION ( 'NONE',  ( 1.000000000000000000, 1.224646799147352714E-16, -0.000000000000000000 ) ) ;
#208 = CARTESIAN_POINT ( 'NONE',  ( 1.549995677804209437, -1.213262969563917659, -2.858268437213582924 ) ) ;
#209 = CARTESIAN_POINT ( 'NONE',  ( -4.750000000000000000, 0.2499999999999999167, -0.9682458365518540333 ) ) ;
#210 = DIRECTION ( 'NONE',  ( -0.000000000000000000, 1.000000000000000000, -0.000000000000000000 ) ) ;
#211 = EDGE_LOOP ( 'NONE', ( #6209, #536, #5023, #259 ) ) ;
#212 = DIRECTION ( 'NONE',  ( 0.000000000000000000, 0.7547095802227803407, -0.6560590289904978389 ) ) ;
#213 = EDGE_CURVE ( 'NONE', #312, #6174, #3068, .T. ) ;
#214 = CONICAL_SURFACE ( 'NONE', #5773, 4.500000000000000888, 0.5116441634306432285 ) ;
#215 = CARTESIAN_POINT ( 'NONE',  ( 1.549995677804209659, 2.848721405383343027E-17, 0.000000000000000000 ) ) ;
#216 = DIRECTION ( 'NONE',  ( -1.000000000000000000, -1.224646799147352714E-16, 0.000000000000000000 ) ) ;
#217 = AXIS2_PLACEMENT_3D ( 'NONE', #5764, #7083, #78 ) ;
#218 = ORIENTED_EDGE ( 'NONE', *, *, #213, .T. ) ;
#219 = FACE_BOUND ( 'NONE', #6848, .T. ) ;
#220 = DIRECTION ( 'NONE',  ( 0.8660254037844379305, 0.3280295144952506958, 0.3773547901113898373 ) ) ;
#221 = DIRECTION ( 'NONE',  ( 1.000000000000000000, 0.000000000000000000, 0.000000000000000000 ) ) ;
#222 = ORIENTED_EDGE ( 'NONE', *, *, #6709, .F. ) ;
#223 = VECTOR ( 'NONE', #2443, 39.37007874015748143 ) ;
#224 = DIRECTION ( 'NONE',  ( 0.000000000000000000, 0.000000000000000000, -1.000000000000000000 ) ) ;
#225 = EDGE_CURVE ( 'NONE', #6588, #5373, #5517, .T. ) ;
#226 = AXIS2_PLACEMENT_3D ( 'NONE', #4049, #918, #5241 ) ;
#227 = CARTESIAN_POINT ( 'NONE',  ( -7.087718996171313179, 0.000000000000000000, 0.000000000000000000 ) ) ;
#228 = CARTESIAN_POINT ( 'NONE',  ( 1.549995677804209437, 2.720810736403074692, -2.365164689263132392 ) ) ;
#229 = ORIENTED_EDGE ( 'NONE', *, *, #5623, .F. ) ;
#230 = ADVANCED_FACE ( 'NONE', ( #1829 ), #4832, .T. ) ;
#231 = ORIENTED_EDGE ( 'NONE', *, *, #4771, .T. ) ;
#232 = VECTOR ( 'NONE', #2394, 39.37007874015748143 ) ;
#233 = AXIS2_PLACEMENT_3D ( 'NONE', #166, #3987, #6581 ) ;
#234 = VERTEX_POINT ( 'NONE', #610 ) ;
#235 = EDGE_CURVE ( 'NONE', #743, #5537, #1585, .T. ) ;
#236 = EDGE_LOOP ( 'NONE', ( #2267, #4292, #1456, #6045, #1219, #2406, #7285, #4224, #11, #1702, #5835, #4181, #4182, #7986, #1565 ) ) ;
#237 = ORIENTED_EDGE ( 'NONE', *, *, #3966, .T. ) ;
#238 = CARTESIAN_POINT ( 'NONE',  ( 1.549995677804209437, 0.000000000000000000, 0.000000000000000000 ) ) ;
#239 = CARTESIAN_POINT ( 'NONE',  ( -0.09468133410505567837, 0.3750000000000237033, 3.372862513926843775 ) ) ;
#240 = ADVANCED_FACE ( 'NONE', ( #6468 ), #2503, .T. ) ;
#241 = ORIENTED_EDGE ( 'NONE', *, *, #6238, .T. ) ;
#242 = CARTESIAN_POINT ( 'NONE',  ( -7.000000000000000000, 0.5693649175925756811, 0.000000000000000000 ) ) ;
#243 = DIRECTION ( 'NONE',  ( 1.000000000000000000, 0.000000000000000000, 0.000000000000000000 ) ) ;
#244 = CARTESIAN_POINT ( 'NONE',  ( -0.2482449321572029743, -4.147182447043677556, 1.347501260915842769 ) ) ;
#245 = VERTEX_POINT ( 'NONE', #1914 ) ;
#246 = VECTOR ( 'NONE', #4024, 39.37007874015748854 ) ;
#247 = ORIENTED_EDGE ( 'NONE', *, *, #3236, .T. ) ;
#248 = CARTESIAN_POINT ( 'NONE',  ( -0.2500000000000000000, -0.3750000000000000555, -1.709349291397167958 ) ) ;
#249 = FACE_OUTER_BOUND ( 'NONE', #4158, .T. ) ;
#250 = CARTESIAN_POINT ( 'NONE',  ( -0.003439171656184767528, 1.533477194327067750, 3.612645876192219774 ) ) ;
#251 = DIRECTION ( 'NONE',  ( -0.000000000000000000, 0.5000000000000038858, 0.8660254037844364872 ) ) ;
#252 = CARTESIAN_POINT ( 'NONE',  ( -0.003439171656184221090, -3.612645876192224659, 1.533477194327053983 ) ) ;
#253 = DIRECTION ( 'NONE',  ( 0.000000000000000000, 0.000000000000000000, 1.000000000000000000 ) ) ;
#254 = ORIENTED_EDGE ( 'NONE', *, *, #3476, .T. ) ;
#255 = DIRECTION ( 'NONE',  ( 0.000000000000000000, 0.8090169943749486725, -0.5877852522924713607 ) ) ;
#256 = AXIS2_PLACEMENT_3D ( 'NONE', #4639, #563, #3870 ) ;
#257 = CARTESIAN_POINT ( 'NONE',  ( 1.549995677804208993, 2.661598395510235360, 1.599249659529045964 ) ) ;
#258 = DIRECTION ( 'NONE',  ( 0.8944271909999157444, -0.4116622851876288181, 0.1747402728454415521 ) ) ;
#259 = ORIENTED_EDGE ( 'NONE', *, *, #5038, .F. ) ;
#260 = CARTESIAN_POINT ( 'NONE',  ( -4.750000000000000000, -0.2500000000000000555, 0.9682458365518542553 ) ) ;
#261 = PLANE ( 'NONE',  #1375 ) ;
#262 = FACE_OUTER_BOUND ( 'NONE', #7468, .T. ) ;
#263 = ADVANCED_FACE ( 'NONE', ( #6374 ), #1175, .T. ) ;
#264 = VERTEX_POINT ( 'NONE', #1868 ) ;
#265 = CARTESIAN_POINT ( 'NONE',  ( 0.2500000000000000000, -3.007966137197497947, 1.303637357132051866 ) ) ;
#266 = DIRECTION ( 'NONE',  ( 0.000000000000000000, -0.2249510543438690557, 0.9743700647852343577 ) ) ;
#267 = CARTESIAN_POINT ( 'NONE',  ( -4.750000000000000000, 3.061616997868383018E-17, -0.2500000000000000000 ) ) ;
#268 = ORIENTED_EDGE ( 'NONE', *, *, #8344, .T. ) ;
#269 = CIRCLE ( 'NONE', #5137, 0.5000000000000000000 ) ;
#270 = ORIENTED_EDGE ( 'NONE', *, *, #6554, .T. ) ;
#271 = EDGE_CURVE ( 'NONE', #8094, #7406, #4160, .T. ) ;
#272 = ORIENTED_EDGE ( 'NONE', *, *, #21, .T. ) ;
#273 = VECTOR ( 'NONE', #5761, 39.37007874015748143 ) ;
#274 = ORIENTED_EDGE ( 'NONE', *, *, #1315, .T. ) ;
#275 = FACE_OUTER_BOUND ( 'NONE', #5744, .T. ) ;
#276 = CONICAL_SURFACE ( 'NONE', #5013, 3.605109578176981078, 0.5235987755983000369 ) ;
#277 = EDGE_CURVE ( 'NONE', #6796, #6692, #2263, .T. ) ;
#278 = B_SPLINE_CURVE_WITH_KNOTS ( 'NONE', 3,
 ( #4302, #5622, #5540, #8273 ),
 .UNSPECIFIED., .F., .F.,
 ( 4, 4 ),
 ( 2.312885587139913206E-07, 0.007844056937228277918 ),
 .UNSPECIFIED. ) ;
#280 = AXIS2_PLACEMENT_3D ( 'NONE', #3849, #6443, #628 ) ;
#279 = CARTESIAN_POINT ( 'NONE',  ( 0.000000000000000000, -2.317671337095261741, 3.857252853159494510 ) ) ;
#281 = CONICAL_SURFACE ( 'NONE', #7722, 3.105109578176981078, 0.5235987755983000369 ) ;
#282 = ORIENTED_EDGE ( 'NONE', *, *, #4384, .T. ) ;
#283 = DIRECTION ( 'NONE',  ( 0.8660254037844380415, 0.4755282581475787640, -0.1545084971874708946 ) ) ;
#284 = LINE ( 'NONE', #8076, #3737 ) ;
#285 = AXIS2_PLACEMENT_3D ( 'NONE', #5774, #4752, #4125 ) ;
#286 = EDGE_CURVE ( 'NONE', #5593, #2066, #6551, .T. ) ;
#287 = DIRECTION ( 'NONE',  ( -1.000000000000000000, 0.000000000000000000, -0.000000000000000000 ) ) ;
#288 = ORIENTED_EDGE ( 'NONE', *, *, #3757, .T. ) ;
#289 = ORIENTED_EDGE ( 'NONE', *, *, #4109, .T. ) ;
#290 = DIRECTION ( 'NONE',  ( 1.000000000000000000, 0.000000000000000000, 0.000000000000000000 ) ) ;
#291 = EDGE_CURVE ( 'NONE', #1674, #1771, #6036, .T. ) ;
#292 = EDGE_CURVE ( 'NONE', #8353, #4140, #5650, .T. ) ;
#293 = EDGE_CURVE ( 'NONE', #6770, #1969, #6742, .T. ) ;
#294 = FACE_OUTER_BOUND ( 'NONE', #735, .T. ) ;
#295 = EDGE_CURVE ( 'NONE', #4231, #2909, #6630, .T. ) ;
#296 = DIRECTION ( 'NONE',  ( 1.232246991851730235E-16, -1.000000000000000000, 0.000000000000000000 ) ) ;
#297 = DIRECTION ( 'NONE',  ( 0.000000000000000000, 0.000000000000000000, -1.000000000000000000 ) ) ;
#298 = DIRECTION ( 'NONE',  ( -5.327103587645312783E-15, -0.6560590289905005035, -0.7547095802227778982 ) ) ;
#299 = CIRCLE ( 'NONE', #6250, 0.4999999999999995559 ) ;
#300 = ORIENTED_EDGE ( 'NONE', *, *, #3547, .T. ) ;
#301 = CARTESIAN_POINT ( 'NONE',  ( 1.549995677804209437, -2.512086418141612487, 1.825137616804517471 ) ) ;
#302 = CIRCLE ( 'NONE', #3136, 0.4999999999999995559 ) ;
#303 = VECTOR ( 'NONE', #2950, 39.37007874015748143 ) ;
#304 = CARTESIAN_POINT ( 'NONE',  ( 1.549995677804209437, 1.599249659529075052, -2.661598395510218484 ) ) ;
#305 = AXIS2_PLACEMENT_3D ( 'NONE', #7977, #812, #8059 ) ;
#306 = PLANE ( 'NONE',  #5330 ) ;
#307 = ORIENTED_EDGE ( 'NONE', *, *, #4384, .F. ) ;
#308 = VECTOR ( 'NONE', #906, 39.37007874015748854 ) ;
#309 = CARTESIAN_POINT ( 'NONE',  ( -0.2482449321572040568, 0.000000000000000000, 0.000000000000000000 ) ) ;
#310 = DIRECTION ( 'NONE',  ( 1.000000000000000000, 0.000000000000000000, 0.000000000000000000 ) ) ;
#311 = PLANE ( 'NONE',  #2737 ) ;
#312 = VERTEX_POINT ( 'NONE', #7350 ) ;
#313 = CIRCLE ( 'NONE', #7214, 0.5000000000000000000 ) ;
#314 = CIRCLE ( 'NONE', #2468, 1.000000000000000222 ) ;
#315 = VECTOR ( 'NONE', #258, 39.37007874015748854 ) ;
#316 = LINE ( 'NONE', #4969, #149 ) ;
#317 = DIRECTION ( 'NONE',  ( 1.000000000000000000, 0.000000000000000000, 0.000000000000000000 ) ) ;
#318 = VERTEX_POINT ( 'NONE', #733 ) ;
#319 = DIRECTION ( 'NONE',  ( 0.000000000000000000, 0.000000000000000000, 1.000000000000000000 ) ) ;
#320 = AXIS2_PLACEMENT_3D ( 'NONE', #3834, #616, #7692 ) ;
#321 = VERTEX_POINT ( 'NONE', #1486 ) ;
#322 = EDGE_LOOP ( 'NONE', ( #7855, #7666, #6973, #1584 ) ) ;
#323 = DIRECTION ( 'NONE',  ( -1.000000000000000000, -0.000000000000000000, -0.000000000000000000 ) ) ;
#324 = EDGE_CURVE ( 'NONE', #7919, #7784, #3743, .T. ) ;
#325 = CARTESIAN_POINT ( 'NONE',  ( -0.01701700490451286962, 2.251905889586213405, 2.590521391414913666 ) ) ;
#326 = ORIENTED_EDGE ( 'NONE', *, *, #4124, .F. ) ;
#327 = DIRECTION ( 'NONE',  ( 0.000000000000000000, 0.000000000000000000, -1.000000000000000000 ) ) ;
#328 = ORIENTED_EDGE ( 'NONE', *, *, #2767, .F. ) ;
#329 = CARTESIAN_POINT ( 'NONE',  ( 32.48811272890738877, 3.817313815881797202E-15, 0.000000000000000000 ) ) ;
#330 = ORIENTED_EDGE ( 'NONE', *, *, #7645, .F. ) ;
#331 = VERTEX_POINT ( 'NONE', #7176 ) ;
#332 = DIRECTION ( 'NONE',  ( -1.000000000000000000, -0.000000000000000000, -0.000000000000000000 ) ) ;
#333 = CARTESIAN_POINT ( 'NONE',  ( -7.000000000000000000, -0.2938926261462324052, -0.4045084971874762236 ) ) ;
#334 = EDGE_CURVE ( 'NONE', #1888, #3644, #5909, .T. ) ;
#335 = DIRECTION ( 'NONE',  ( 0.000000000000000000, 0.5877852522924741363, -0.8090169943749466741 ) ) ;
#336 = DIRECTION ( 'NONE',  ( 0.8660254037844380415, -0.4755282581475797077, 0.1545084971874677859 ) ) ;
#337 = EDGE_CURVE ( 'NONE', #4588, #6287, #7206, .T. ) ;
#338 = EDGE_CURVE ( 'NONE', #3906, #2979, #772, .T. ) ;
#339 = DIRECTION ( 'NONE',  ( 0.000000000000000000, -0.5877852522924742473, 0.8090169943749465631 ) ) ;
#340 = ADVANCED_FACE ( 'NONE', ( #7898 ), #2632, .T. ) ;
#341 = VERTEX_POINT ( 'NONE', #5996 ) ;
#342 = CARTESIAN_POINT ( 'NONE',  ( 1.549995677804209659, 2.848721405383343027E-17, 0.000000000000000000 ) ) ;
#343 = CIRCLE ( 'NONE', #8051, 3.865487205065014198 ) ;
#344 = DIRECTION ( 'NONE',  ( 0.000000000000000000, -0.5877852522924802425, 0.8090169943749423442 ) ) ;
#345 = CARTESIAN_POINT ( 'NONE',  ( -7.000000000000000888, 0.3280295144952523612, 0.3773547901113860070 ) ) ;
#346 = ORIENTED_EDGE ( 'NONE', *, *, #1871, .T. ) ;
#347 = EDGE_CURVE ( 'NONE', #3928, #4508, #2678, .T. ) ;
#348 = LINE ( 'NONE', #5524, #5728 ) ;
#349 = CARTESIAN_POINT ( 'NONE',  ( 1.549995677804209659, 2.848721405383343027E-17, 0.000000000000000000 ) ) ;
#350 = CARTESIAN_POINT ( 'NONE',  ( 0.000000000000000000, -3.857252853159485184, -2.317671337095277284 ) ) ;
#351 = EDGE_LOOP ( 'NONE', ( #7270, #5639, #1369, #732, #1762 ) ) ;
#352 = CARTESIAN_POINT ( 'NONE',  ( 1.549995677804209437, 0.9595316290531032966, 2.953134698135716718 ) ) ;
#353 = DIRECTION ( 'NONE',  ( -0.8719406851971467365, 0.4196789858499712089, 0.2521685752306774275 ) ) ;
#354 = ORIENTED_EDGE ( 'NONE', *, *, #2709, .T. ) ;
#355 = LINE ( 'NONE', #2978, #4689 ) ;
#356 = VECTOR ( 'NONE', #5465, 39.37007874015748143 ) ;
#357 = VERTEX_POINT ( 'NONE', #2038 ) ;
#358 = ORIENTED_EDGE ( 'NONE', *, *, #7180, .F. ) ;
#359 = CIRCLE ( 'NONE', #2657, 0.5000000000000002220 ) ;
#360 = DIRECTION ( 'NONE',  ( -0.8719406851971467365, 0.4877484013468666446, -0.04267245577074344626 ) ) ;
#361 = CARTESIAN_POINT ( 'NONE',  ( -0.003439171656184630919, 3.924635337491861886, 0.000000000000000000 ) ) ;
#362 = CARTESIAN_POINT ( 'NONE',  ( 0.2500000000000000000, -1.667839910290874306, 0.5299151192794272491 ) ) ;
#363 = AXIS2_PLACEMENT_3D ( 'NONE', #4146, #1554, #960 ) ;
#364 = ORIENTED_EDGE ( 'NONE', *, *, #8097, .T. ) ;
#365 = LOCAL_TIME ( 20, 27, 29.00000000000000000, #3843 ) ;
#366 = CARTESIAN_POINT ( 'NONE',  ( 0.2329829950954870610, 2.917320225891146368, -2.535987782330145546 ) ) ;
#367 = CARTESIAN_POINT ( 'NONE',  ( -0.09468133244882204202, -3.108484621254376634, 1.361671730960824833 ) ) ;
#368 = ORIENTED_EDGE ( 'NONE', *, *, #6051, .T. ) ;
#369 = DIRECTION ( 'NONE',  ( 0.000000000000000000, -0.9510565162951500895, -0.3090169943749582204 ) ) ;
#370 = ORIENTED_EDGE ( 'NONE', *, *, #2559, .F. ) ;
#371 = EDGE_CURVE ( 'NONE', #7347, #7777, #5270, .T. ) ;
#372 = CIRCLE ( 'NONE', #2265, 3.605109578176980634 ) ;
#373 = EDGE_LOOP ( 'NONE', ( #4947, #3722, #1928, #7242 ) ) ;
#374 = CARTESIAN_POINT ( 'NONE',  ( -0.003439171656184221090, -3.175096684755386534, 2.306842772003591335 ) ) ;
#375 = CARTESIAN_POINT ( 'NONE',  ( 1.549995677804209437, 0.000000000000000000, 0.000000000000000000 ) ) ;
#376 = CYLINDRICAL_SURFACE ( 'NONE', #6931, 0.1250000000000000000 ) ;
#377 = DIRECTION ( 'NONE',  ( 1.000000000000000000, 0.000000000000000000, 0.000000000000000000 ) ) ;
#378 = AXIS2_PLACEMENT_3D ( 'NONE', #4194, #6147, #7291 ) ;
#379 = CARTESIAN_POINT ( 'NONE',  ( -4.750000000000000000, 0.2499999999999999167, -0.9682458365518540333 ) ) ;
#380 = EDGE_CURVE ( 'NONE', #1281, #5916, #7223, .T. ) ;
#381 = VERTEX_POINT ( 'NONE', #1405 ) ;
#382 = CARTESIAN_POINT ( 'NONE',  ( -4.750000000000000000, 0.7135254915624210659, 0.7006292692220371654 ) ) ;
#383 = ADVANCED_FACE ( 'NONE', ( #5951 ), #4230, .T. ) ;
#385 = LINE ( 'NONE', #2964, #6365 ) ;
#384 = B_SPLINE_CURVE_WITH_KNOTS ( 'NONE', 3,
 ( #4753, #1401, #7894, #5354 ),
 .UNSPECIFIED., .F., .F.,
 ( 4, 4 ),
 ( 0.02617723295518411750, 0.04029548260209397242 ),
 .UNSPECIFIED. ) ;
#386 = DIRECTION ( 'NONE',  ( 0.000000000000000000, 1.047444401652939218E-14, -1.000000000000000000 ) ) ;
#387 = CARTESIAN_POINT ( 'NONE',  ( -0.2482449321572029743, 0.000000000000000000, 0.000000000000000000 ) ) ;
#388 = CARTESIAN_POINT ( 'NONE',  ( 0.000000000000000000, 4.482876141412854842, -0.3922008423644626207 ) ) ;
#389 = CARTESIAN_POINT ( 'NONE',  ( -0.01701700490451223471, 0.3750000000000001110, -3.411928518438118729 ) ) ;
#390 = ORIENTED_EDGE ( 'NONE', *, *, #7283, .F. ) ;
#391 = ADVANCED_FACE ( 'NONE', ( #5313, #811 ), #5358, .T. ) ;
#392 = EDGE_CURVE ( 'NONE', #7737, #4830, #7305, .T. ) ;
#393 = FACE_OUTER_BOUND ( 'NONE', #3309, .T. ) ;
#394 = DIRECTION ( 'NONE',  ( 0.000000000000000000, 0.000000000000000000, -1.000000000000000000 ) ) ;
#395 = EDGE_LOOP ( 'NONE', ( #589, #7659, #6307, #1425, #2831, #4073, #6782, #4358 ) ) ;
#396 = EDGE_CURVE ( 'NONE', #1073, #2011, #4756, .T. ) ;
#397 = AXIS2_PLACEMENT_3D ( 'NONE', #374, #7501, #1600 ) ;
#398 = DIRECTION ( 'NONE',  ( 0.000000000000000000, -0.4999999999999921174, 0.8660254037844432595 ) ) ;
#399 = EDGE_LOOP ( 'NONE', ( #5848, #6757, #7246, #6632 ) ) ;
#400 = ORIENTED_EDGE ( 'NONE', *, *, #7521, .T. ) ;
#401 = CARTESIAN_POINT ( 'NONE',  ( 0.000000000000000000, 0.000000000000000000, 0.000000000000000000 ) ) ;
#402 = CARTESIAN_POINT ( 'NONE',  ( -7.000000000000000000, -0.5414982150262733773, 0.1759434355369937919 ) ) ;
#403 = AXIS2_PLACEMENT_3D ( 'NONE', #4532, #594, #672 ) ;
#404 = CARTESIAN_POINT ( 'NONE',  ( -5.250000000000000000, -0.9635254915624212879, 0.2676165673298173675 ) ) ;
#405 = ORIENTED_EDGE ( 'NONE', *, *, #80, .T. ) ;
#406 = PLANE ( 'NONE',  #5853 ) ;
#407 = CARTESIAN_POINT ( 'NONE',  ( -0.003439171656184357700, 0.000000000000000000, 0.000000000000000000 ) ) ;
#408 = ORIENTED_EDGE ( 'NONE', *, *, #6298, .F. ) ;
#409 = DIRECTION ( 'NONE',  ( 0.000000000000000000, 0.000000000000000000, 1.000000000000000000 ) ) ;
#410 = AXIS2_PLACEMENT_3D ( 'NONE', #5229, #1919, #1836 ) ;
#411 = AXIS2_PLACEMENT_3D ( 'NONE', #4879, #6759, #6840 ) ;
#412 = VERTEX_POINT ( 'NONE', #1741 ) ;
#413 = ORIENTED_EDGE ( 'NONE', *, *, #167, .F. ) ;
#414 = CARTESIAN_POINT ( 'NONE',  ( -7.000000000000000000, -0.1759434355369997316, 0.5414982150262716010 ) ) ;
#415 = CIRCLE ( 'NONE', #5009, 3.432474503172796343 ) ;
#416 = CIRCLE ( 'NONE', #3788, 0.4999999999999998335 ) ;
#417 = CIRCLE ( 'NONE', #1495, 3.278312163512968613 ) ;
#418 = CARTESIAN_POINT ( 'NONE',  ( -5.083420832761869512, 1.081105008839333470, 0.9128514024704555974 ) ) ;
#419 = FACE_OUTER_BOUND ( 'NONE', #5919, .T. ) ;
#420 = CARTESIAN_POINT ( 'NONE',  ( 0.2465608283438161519, -1.521464681075588673E-14, 4.357648039384080185 ) ) ;
#421 = ORIENTED_EDGE ( 'NONE', *, *, #7024, .T. ) ;
#422 = DIRECTION ( 'NONE',  ( -0.8660254037844380415, 0.2938926261462362910, 0.4045084971874751689 ) ) ;
#423 = AXIS2_PLACEMENT_3D ( 'NONE', #1438, #3436, #7345 ) ;
#424 = CARTESIAN_POINT ( 'NONE',  ( -0.2406238026544919861, -1.198889555364073489, -3.689802647435489025 ) ) ;
#425 = LINE ( 'NONE', #304, #7715 ) ;
#426 = EDGE_CURVE ( 'NONE', #5161, #6942, #6162, .T. ) ;
#427 = LINE ( 'NONE', #1610, #6411 ) ;
#428 = CIRCLE ( 'NONE', #6797, 3.105109578176981966 ) ;
#429 = DIRECTION ( 'NONE',  ( 0.000000000000000000, 0.000000000000000000, -1.000000000000000000 ) ) ;
#430 = DIRECTION ( 'NONE',  ( 0.000000000000000000, 0.8090169943749445647, 0.5877852522924771339 ) ) ;
#431 = CARTESIAN_POINT ( 'NONE',  ( 1.549995677804209659, 2.848721405383343027E-17, 0.000000000000000000 ) ) ;
#432 = EDGE_LOOP ( 'NONE', ( #2592, #521, #3977, #617 ) ) ;
#433 = CIRCLE ( 'NONE', #2871, 1.335188389537908638 ) ;
#434 = CARTESIAN_POINT ( 'NONE',  ( -4.750000000000000000, -1.471132980980841998, -0.5606838879882130033 ) ) ;
#435 = EDGE_CURVE ( 'NONE', #8226, #5374, #302, .T. ) ;
#436 = DIRECTION ( 'NONE',  ( -1.000000000000000000, -0.000000000000000000, -0.000000000000000000 ) ) ;
#437 = ORIENTED_EDGE ( 'NONE', *, *, #3540, .T. ) ;
#438 = CARTESIAN_POINT ( 'NONE',  ( -0.003439171656184630919, 0.000000000000000000, 0.000000000000000000 ) ) ;
#439 = TOROIDAL_SURFACE ( 'NONE', #1246, 3.924635337491861886, 0.5000000000000000000 ) ;
#440 = AXIS2_PLACEMENT_3D ( 'NONE', #4131, #4206, #1537 ) ;
#441 = ADVANCED_FACE ( 'NONE', ( #5525 ), #4839, .F. ) ;
#442 = EDGE_CURVE ( 'NONE', #4585, #630, #8058, .T. ) ;
#443 = ORIENTED_EDGE ( 'NONE', *, *, #4327, .F. ) ;
#444 = VECTOR ( 'NONE', #3298, 39.37007874015748854 ) ;
#445 = AXIS2_PLACEMENT_3D ( 'NONE', #2090, #2221, #2813 ) ;
#446 = ORIENTED_EDGE ( 'NONE', *, *, #380, .T. ) ;
#447 = ADVANCED_FACE ( 'NONE', ( #7390 ), #6122, .T. ) ;
#448 = CARTESIAN_POINT ( 'NONE',  ( -5.250000000000000000, 0.000000000000000000, 0.000000000000000000 ) ) ;
#449 = DIRECTION ( 'NONE',  ( -0.8719406851971467365, 0.3212140590511596283, 0.3695145054876848856 ) ) ;
#450 = CARTESIAN_POINT ( 'NONE',  ( -0.01701700490451186695, -2.590521391414920771, 2.251905889586204079 ) ) ;
#451 = VECTOR ( 'NONE', #1482, 39.37007874015748143 ) ;
#452 = ORIENTED_EDGE ( 'NONE', *, *, #6568, .T. ) ;
#453 = CARTESIAN_POINT ( 'NONE',  ( -0.2406238026544922637, -2.280423447894440070, -3.138733604700508106 ) ) ;
#454 = LINE ( 'NONE', #5587, #232 ) ;
#455 = EDGE_LOOP ( 'NONE', ( #3836, #5658, #5819, #5710 ) ) ;
#456 = CARTESIAN_POINT ( 'NONE',  ( 1.549995677804209659, 2.848721405383343027E-17, 0.000000000000000000 ) ) ;
#457 = AXIS2_PLACEMENT_3D ( 'NONE', #5594, #332, #497 ) ;
#458 = VERTEX_POINT ( 'NONE', #4964 ) ;
#459 = ORIENTED_EDGE ( 'NONE', *, *, #7748, .F. ) ;
#460 = DIRECTION ( 'NONE',  ( 8.797911715786014202E-17, -1.000000000000000000, 0.000000000000000000 ) ) ;
#461 = AXIS2_PLACEMENT_3D ( 'NONE', #1965, #570, #7106 ) ;
#462 = CARTESIAN_POINT ( 'NONE',  ( -7.000000000000000888, 0.000000000000000000, 0.000000000000000000 ) ) ;
#463 = CARTESIAN_POINT ( 'NONE',  ( -0.2500000000000000000, -2.665803124484961817, -1.972114853420148695 ) ) ;
#464 = CARTESIAN_POINT ( 'NONE',  ( -0.003439171656184084481, -2.574792448656714861, -2.961959888085964998 ) ) ;
#465 = EDGE_LOOP ( 'NONE', ( #5763, #7275, #4996, #3209 ) ) ;
#466 = ORIENTED_EDGE ( 'NONE', *, *, #4322, .F. ) ;
#467 = FACE_OUTER_BOUND ( 'NONE', #3932, .T. ) ;
#468 = CARTESIAN_POINT ( 'NONE',  ( 1.549995677804209659, 2.848721405383343027E-17, 0.000000000000000000 ) ) ;
#469 = PLANE ( 'NONE',  #2840 ) ;
#470 = CARTESIAN_POINT ( 'NONE',  ( 0.2465608283438162629, -3.288758722562160397, 2.858874341400689634 ) ) ;
#471 = PLANE ( 'NONE',  #5043 ) ;
#472 = DIRECTION ( 'NONE',  ( 0.000000000000000000, -1.000000000000000000, -3.346785393192879941E-17 ) ) ;
#473 = DIRECTION ( 'NONE',  ( -0.8660254037844380415, -0.4602524267262223523, 0.1953655642446343599 ) ) ;
#474 = AXIS2_PLACEMENT_3D ( 'NONE', #375, #2281, #4864 ) ;
#475 = ADVANCED_FACE ( 'NONE', ( #983 ), #261, .T. ) ;
#476 = CARTESIAN_POINT ( 'NONE',  ( -4.750000000000000000, 0.2499999999999998612, 1.554380477868644972 ) ) ;
#477 = DIRECTION ( 'NONE',  ( 0.000000000000000000, -0.3090169943749349613, -0.9510565162951576390 ) ) ;
#478 = ORIENTED_EDGE ( 'NONE', *, *, #5195, .F. ) ;
#479 = ORIENTED_EDGE ( 'NONE', *, *, #6154, .T. ) ;
#480 = DIRECTION ( 'NONE',  ( 1.000000000000000000, 1.224646799147352714E-16, -0.000000000000000000 ) ) ;
#481 = ORIENTED_EDGE ( 'NONE', *, *, #3748, .F. ) ;
#482 = ORIENTED_EDGE ( 'NONE', *, *, #4021, .T. ) ;
#483 = ADVANCED_FACE ( 'NONE', ( #7428 ), #1893, .T. ) ;
#484 = DIRECTION ( 'NONE',  ( -5.327103587645314361E-15, -0.2249510543438692223, 0.9743700647852342467 ) ) ;
#485 = CARTESIAN_POINT ( 'NONE',  ( 1.549995677804209437, 3.093293698773805112, -0.2706281315988828817 ) ) ;
#486 = EDGE_CURVE ( 'NONE', #5455, #1260, #2894, .T. ) ;
#488 = VECTOR ( 'NONE', #1767, 39.37007874015748854 ) ;
#487 = DIRECTION ( 'NONE',  ( -0.8719406851971467365, -0.3695145054876859403, 0.3212140590511583516 ) ) ;
#489 = EDGE_LOOP ( 'NONE', ( #1264, #6640, #3721, #703 ) ) ;
#490 = EDGE_CURVE ( 'NONE', #4017, #4559, #4463, .T. ) ;
#491 = DIRECTION ( 'NONE',  ( 1.000000000000000000, 1.224646799147352714E-16, -0.000000000000000000 ) ) ;
#492 = ORIENTED_EDGE ( 'NONE', *, *, #1578, .F. ) ;
#493 = CARTESIAN_POINT ( 'NONE',  ( 1.549995677804209437, 0.8109732006361175527, -3.512710853246168607 ) ) ;
#494 = EDGE_LOOP ( 'NONE', ( #39, #7008, #4376, #6345 ) ) ;
#495 = AXIS2_PLACEMENT_3D ( 'NONE', #1812, #666, #7155 ) ;
#496 = ORIENTED_EDGE ( 'NONE', *, *, #1936, .F. ) ;
#497 = DIRECTION ( 'NONE',  ( 0.000000000000000000, 0.000000000000000000, 1.000000000000000000 ) ) ;
#498 = AXIS2_PLACEMENT_3D ( 'NONE', #3749, #7656, #3789 ) ;
#499 = EDGE_CURVE ( 'NONE', #6652, #3829, #4871, .T. ) ;
#500 = VECTOR ( 'NONE', #2025, 39.37007874015748143 ) ;
#501 = CIRCLE ( 'NONE', #2932, 3.865487205065014198 ) ;
#502 = VERTEX_POINT ( 'NONE', #896 ) ;
#503 = DIRECTION ( 'NONE',  ( -1.000000000000000000, -0.000000000000000000, 0.000000000000000000 ) ) ;
#504 = EDGE_CURVE ( 'NONE', #1319, #8187, #4205, .T. ) ;
#505 = AXIS2_PLACEMENT_3D ( 'NONE', #1361, #6589, #2084 ) ;
#506 = CARTESIAN_POINT ( 'NONE',  ( 0.2329829950954881435, -3.558199733220664296, 1.510366177795879228 ) ) ;
#507 = DIRECTION ( 'NONE',  ( -1.000000000000000000, -0.000000000000000000, -0.000000000000000000 ) ) ;
#508 = ORIENTED_EDGE ( 'NONE', *, *, #5098, .F. ) ;
#509 = CIRCLE ( 'NONE', #7407, 1.750000000000000222 ) ;
#510 = ORIENTED_EDGE ( 'NONE', *, *, #7133, .T. ) ;
#511 = CARTESIAN_POINT ( 'NONE',  ( 1.549995677804209437, -2.858268437213578927, 1.213262969563926541 ) ) ;
#512 = CARTESIAN_POINT ( 'NONE',  ( -0.2500000000000000000, 2.665803124484976028, 1.972114853420130487 ) ) ;
#513 = CARTESIAN_POINT ( 'NONE',  ( -0.2500000000000000000, 1.667839910290881189, 0.5299151192794037124 ) ) ;
#514 = AXIS2_PLACEMENT_3D ( 'NONE', #3507, #7878, #3377 ) ;
#515 = DIRECTION ( 'NONE',  ( 0.000000000000000000, -0.8090169943749531134, 0.5877852522924653655 ) ) ;
#516 = CARTESIAN_POINT ( 'NONE',  ( -0.01701700490451356004, 3.419412901395838311, -0.2991598647864247007 ) ) ;
#517 = DIRECTION ( 'NONE',  ( 0.000000000000000000, 0.000000000000000000, 1.000000000000000000 ) ) ;
#518 = DIRECTION ( 'NONE',  ( 0.000000000000000000, -0.9510565162951511997, -0.3090169943749548898 ) ) ;
#519 = APPLICATION_CONTEXT ( 'configuration controlled 3d designs of mechanical parts and assemblies' ) ;
#520 = CARTESIAN_POINT ( 'NONE',  ( -0.2406238026544924302, 3.689802647435492577, -1.198889555364060389 ) ) ;
#521 = ORIENTED_EDGE ( 'NONE', *, *, #324, .F. ) ;
#522 = ORIENTED_EDGE ( 'NONE', *, *, #293, .T. ) ;
#523 = CARTESIAN_POINT ( 'NONE',  ( 0.1610010175967983292, 2.677759646921659353, -1.979017954867601015 ) ) ;
#524 = ORIENTED_EDGE ( 'NONE', *, *, #2242, .T. ) ;
#525 = ORIENTED_EDGE ( 'NONE', *, *, #4427, .F. ) ;
#526 = CARTESIAN_POINT ( 'NONE',  ( 0.000000000000000000, 2.645033635316173637, -3.640576474687231112 ) ) ;
#527 = AXIS2_PLACEMENT_3D ( 'NONE', #8349, #1152, #6334 ) ;
#528 = CARTESIAN_POINT ( 'NONE',  ( 0.2329829950954876161, 3.766415018425696370, 0.8695454223320971954 ) ) ;
#529 = FACE_OUTER_BOUND ( 'NONE', #3169, .T. ) ;
#530 = ORIENTED_EDGE ( 'NONE', *, *, #4686, .F. ) ;
#531 = EDGE_CURVE ( 'NONE', #4140, #5545, #8019, .T. ) ;
#532 = DIRECTION ( 'NONE',  ( 0.000000000000000000, 0.3907311284892650560, 0.9205048534524438164 ) ) ;
#533 = VERTEX_POINT ( 'NONE', #3604 ) ;
#534 = ORIENTED_EDGE ( 'NONE', *, *, #1621, .F. ) ;
#535 = ADVANCED_FACE ( 'NONE', ( #2293 ), #4064, .T. ) ;
#536 = ORIENTED_EDGE ( 'NONE', *, *, #292, .T. ) ;
#537 = CARTESIAN_POINT ( 'NONE',  ( -4.750000000000000000, 0.7135254915624219541, -0.7006292692220362772 ) ) ;
#538 = ORIENTED_EDGE ( 'NONE', *, *, #3744, .F. ) ;
#539 = EDGE_CURVE ( 'NONE', #4724, #6467, #1065, .T. ) ;
#540 = CARTESIAN_POINT ( 'NONE',  ( 1.549995677804209437, 0.000000000000000000, 0.000000000000000000 ) ) ;
#541 = DIRECTION ( 'NONE',  ( 0.000000000000000000, 0.000000000000000000, -1.000000000000000000 ) ) ;
#542 = VECTOR ( 'NONE', #6876, 39.37007874015748854 ) ;
#543 = DIRECTION ( 'NONE',  ( 0.000000000000000000, 0.3090169943749583314, -0.9510565162951500895 ) ) ;
#544 = ORIENTED_EDGE ( 'NONE', *, *, #7584, .T. ) ;
#545 = ADVANCED_FACE ( 'NONE', ( #6117 ), #1489, .T. ) ;
#546 = AXIS2_PLACEMENT_3D ( 'NONE', #5512, #8089, #7461 ) ;
#547 = ORIENTED_EDGE ( 'NONE', *, *, #7181, .F. ) ;
#548 = DIRECTION ( 'NONE',  ( 1.000000000000000000, 0.000000000000000000, 0.000000000000000000 ) ) ;
#549 = DIRECTION ( 'NONE',  ( -1.000000000000000000, -1.224646799147352714E-16, 0.000000000000000000 ) ) ;
#550 = ADVANCED_FACE ( 'NONE', ( #2373 ), #3379, .F. ) ;
#551 = CIRCLE ( 'NONE', #8384, 0.5000000000000000000 ) ;
#552 = DIRECTION ( 'NONE',  ( 0.000000000000000000, -0.8571673007021078927, -0.5150380749100614830 ) ) ;
#553 = LINE ( 'NONE', #4492, #7492 ) ;
#554 = CIRCLE ( 'NONE', #6789, 3.605109578176981966 ) ;
#555 = CARTESIAN_POINT ( 'NONE',  ( 1.549995677804209437, 0.000000000000000000, 0.000000000000000000 ) ) ;
#556 = CARTESIAN_POINT ( 'NONE',  ( -5.250000000000000000, -0.2500000000000000000, -1.311574639720071156 ) ) ;
#557 = AXIS2_PLACEMENT_3D ( 'NONE', #7358, #2173, #1494 ) ;
#558 = VECTOR ( 'NONE', #4824, 39.37007874015748143 ) ;
#559 = DIRECTION ( 'NONE',  ( 0.000000000000000000, 0.000000000000000000, -1.000000000000000000 ) ) ;
#560 = CARTESIAN_POINT ( 'NONE',  ( -4.750000000000000000, -0.2500000000000001110, 1.554380477868644972 ) ) ;
#561 = ORIENTED_EDGE ( 'NONE', *, *, #2400, .F. ) ;
#562 = VERTEX_POINT ( 'NONE', #2930 ) ;
#563 = DIRECTION ( 'NONE',  ( 1.000000000000000000, 1.224646799147352714E-16, -0.000000000000000000 ) ) ;
#564 = ORIENTED_EDGE ( 'NONE', *, *, #2453, .F. ) ;
#565 = VECTOR ( 'NONE', #4306, 39.37007874015748143 ) ;
#566 = VERTEX_POINT ( 'NONE', #1104 ) ;
#567 = CARTESIAN_POINT ( 'NONE',  ( 1.549995677804209659, 2.848721405383343027E-17, 0.000000000000000000 ) ) ;
#568 = VECTOR ( 'NONE', #4802, 39.37007874015748143 ) ;
#569 = FACE_BOUND ( 'NONE', #7050, .T. ) ;
#570 = DIRECTION ( 'NONE',  ( 1.000000000000000000, 0.000000000000000000, 0.000000000000000000 ) ) ;
#571 = VECTOR ( 'NONE', #4963, 39.37007874015748854 ) ;
#572 = CIRCLE ( 'NONE', #4364, 1.000000000000000222 ) ;
#573 = VERTEX_POINT ( 'NONE', #5648 ) ;
#574 = DIRECTION ( 'NONE',  ( 0.8660254037844380415, 0.4602524267262223523, -0.1953655642446343599 ) ) ;
#575 = AXIS2_PLACEMENT_3D ( 'NONE', #4331, #1705, #1030 ) ;
#576 = ORIENTED_EDGE ( 'NONE', *, *, #4074, .T. ) ;
#577 = ORIENTED_EDGE ( 'NONE', *, *, #80, .F. ) ;
#578 = CIRCLE ( 'NONE', #1666, 0.4999999999999996114 ) ;
#579 = CIRCLE ( 'NONE', #6007, 3.865487205065014198 ) ;
#580 = ORIENTED_EDGE ( 'NONE', *, *, #1819, .T. ) ;
#581 = LINE ( 'NONE', #7620, #4659 ) ;
#582 = EDGE_CURVE ( 'NONE', #4939, #1374, #3053, .T. ) ;
#583 = VECTOR ( 'NONE', #1569, 39.37007874015748143 ) ;
#584 = ORIENTED_EDGE ( 'NONE', *, *, #6465, .F. ) ;
#585 = CARTESIAN_POINT ( 'NONE',  ( -4.750000000000000000, 0.000000000000000000, 0.000000000000000000 ) ) ;
#586 = PLANE ( 'NONE',  #495 ) ;
#587 = DIRECTION ( 'NONE',  ( 0.000000000000000000, 0.000000000000000000, -1.000000000000000000 ) ) ;
#588 = CIRCLE ( 'NONE', #5193, 0.5000000000000002220 ) ;
#589 = ORIENTED_EDGE ( 'NONE', *, *, #5985, .T. ) ;
#590 = ORIENTED_EDGE ( 'NONE', *, *, #6773, .F. ) ;
#591 = CARTESIAN_POINT ( 'NONE',  ( 0.2465608283438161519, -1.346587299674311122, -4.144369563577042115 ) ) ;
#592 = EDGE_CURVE ( 'NONE', #659, #612, #5005, .T. ) ;
#593 = CARTESIAN_POINT ( 'NONE',  ( -5.250000000000000000, 1.010856956957004726, -0.8722936708061443944 ) ) ;
#594 = DIRECTION ( 'NONE',  ( 0.000000000000000000, 0.8090169943749486725, -0.5877852522924713607 ) ) ;
#595 = ADVANCED_FACE ( 'NONE', ( #1779 ), #6916, .F. ) ;
#596 = EDGE_CURVE ( 'NONE', #312, #894, #631, .T. ) ;
#597 = LINE ( 'NONE', #8337, #1370 ) ;
#598 = B_SPLINE_CURVE_WITH_KNOTS ( 'NONE', 3,
 ( #5432, #8005, #4742, #82 ),
 .UNSPECIFIED., .F., .F.,
 ( 4, 4 ),
 ( 2.238962861569356047E-07, 0.006624761260750012572 ),
 .UNSPECIFIED. ) ;
#599 = CARTESIAN_POINT ( 'NONE',  ( -7.000000000000000000, -0.2575190374550288541, 0.4285836503510546125 ) ) ;
#600 = DIRECTION ( 'NONE',  ( 0.000000000000000000, 0.4999999999999920064, -0.8660254037844432595 ) ) ;
#601 = EDGE_CURVE ( 'NONE', #1506, #4080, #8121, .T. ) ;
#602 = AXIS2_PLACEMENT_3D ( 'NONE', #3365, #3974, #2821 ) ;
#603 = PLANE ( 'NONE',  #1145 ) ;
#604 = CARTESIAN_POINT ( 'NONE',  ( -0.2500000000000000000, 1.292839910290887406, 1.179434172117736157 ) ) ;
#605 = EDGE_CURVE ( 'NONE', #5891, #4281, #4956, .T. ) ;
#606 = CARTESIAN_POINT ( 'NONE',  ( -7.000000000000000000, -0.5671983121851674747, 0.04962342228724022503 ) ) ;
#607 = ORIENTED_EDGE ( 'NONE', *, *, #1616, .F. ) ;
#608 = DIRECTION ( 'NONE',  ( 0.000000000000000000, 0.3090169943749481174, -0.9510565162951533091 ) ) ;
#609 = VERTEX_POINT ( 'NONE', #7837 ) ;
#610 = CARTESIAN_POINT ( 'NONE',  ( -0.2482449321572040568, 1.347501260915858312, 4.147182447043673115 ) ) ;
#611 = EDGE_LOOP ( 'NONE', ( #2995, #7368, #3150, #1122 ) ) ;
#612 = VERTEX_POINT ( 'NONE', #4570 ) ;
#613 = DIRECTION ( 'NONE',  ( -1.000000000000000000, 0.000000000000000000, 0.000000000000000000 ) ) ;
#614 = DIRECTION ( 'NONE',  ( 1.000000000000000000, 0.000000000000000000, 0.000000000000000000 ) ) ;
#615 = AXIS2_PLACEMENT_3D ( 'NONE', #3219, #5176, #1399 ) ;
#616 = DIRECTION ( 'NONE',  ( -1.000000000000000000, -1.224646799147352714E-16, 0.000000000000000000 ) ) ;
#617 = ORIENTED_EDGE ( 'NONE', *, *, #63, .F. ) ;
#618 = FACE_OUTER_BOUND ( 'NONE', #7648, .T. ) ;
#619 = VERTEX_POINT ( 'NONE', #2489 ) ;
#620 = EDGE_LOOP ( 'NONE', ( #6050, #8360, #6532, #4737 ) ) ;
#621 = VERTEX_POINT ( 'NONE', #3126 ) ;
#622 = CARTESIAN_POINT ( 'NONE',  ( -7.000000000000000888, -0.000000000000000000, 0.000000000000000000 ) ) ;
#623 = PERSON_AND_ORGANIZATION_ROLE ( 'design_owner' ) ;
#624 = ORIENTED_EDGE ( 'NONE', *, *, #1875, .T. ) ;
#625 = DIRECTION ( 'NONE',  ( 1.000000000000000000, 0.000000000000000000, 0.000000000000000000 ) ) ;
#626 = DIRECTION ( 'NONE',  ( 0.000000000000000000, 0.000000000000000000, -1.000000000000000000 ) ) ;
#627 = EDGE_CURVE ( 'NONE', #2040, #7605, #7161, .T. ) ;
#628 = DIRECTION ( 'NONE',  ( 0.000000000000000000, 0.000000000000000000, 1.000000000000000000 ) ) ;
#629 = VERTEX_POINT ( 'NONE', #3894 ) ;
#630 = VERTEX_POINT ( 'NONE', #591 ) ;
#631 = LINE ( 'NONE', #6490, #7045 ) ;
#632 = CIRCLE ( 'NONE', #1037, 3.105109578176981078 ) ;
#633 = DIRECTION ( 'NONE',  ( 1.000000000000000000, 0.000000000000000000, 0.000000000000000000 ) ) ;
#634 = CARTESIAN_POINT ( 'NONE',  ( -7.000000000000000000, -0.4297051579498680218, 0.3735369949770430131 ) ) ;
#635 = DIRECTION ( 'NONE',  ( 0.000000000000000000, -1.000000000000000000, -1.047444401652940007E-14 ) ) ;
#636 = CIRCLE ( 'NONE', #3201, 0.5000000000000001110 ) ;
#637 = CARTESIAN_POINT ( 'NONE',  ( 0.2465608283438159021, 2.244354657339993953, -3.735233407328677480 ) ) ;
#638 = CIRCLE ( 'NONE', #7272, 1.750000000000000222 ) ;
#639 = ADVANCED_FACE ( 'NONE', ( #1341 ), #1119, .T. ) ;
#640 = CARTESIAN_POINT ( 'NONE',  ( -0.003439171656184630919, 0.000000000000000000, 0.000000000000000000 ) ) ;
#641 = DIRECTION ( 'NONE',  ( 1.232246991851730235E-16, -1.000000000000000000, 0.000000000000000000 ) ) ;
#642 = EDGE_CURVE ( 'NONE', #2083, #6136, #3852, .T. ) ;
#643 = DIRECTION ( 'NONE',  ( 1.000000000000000000, -0.000000000000000000, -0.000000000000000000 ) ) ;
#644 = ORIENTED_EDGE ( 'NONE', *, *, #734, .T. ) ;
#645 = CARTESIAN_POINT ( 'NONE',  ( -7.000000000000000000, -0.5671983121851674747, 0.04962342228724022503 ) ) ;
#646 = VERTEX_POINT ( 'NONE', #8295 ) ;
#647 = DIRECTION ( 'NONE',  ( 0.000000000000000000, -0.3090169943749349057, -0.9510565162951575280 ) ) ;
#648 = EDGE_CURVE ( 'NONE', #458, #1073, #5079, .T. ) ;
#649 = AXIS2_PLACEMENT_3D ( 'NONE', #6994, #4361, #3485 ) ;
#650 = ORIENTED_EDGE ( 'NONE', *, *, #627, .T. ) ;
#651 = ORIENTED_EDGE ( 'NONE', *, *, #6048, .F. ) ;
#652 = EDGE_CURVE ( 'NONE', #6615, #1413, #6947, .T. ) ;
#653 = DIRECTION ( 'NONE',  ( 0.000000000000000000, -0.8090169943749531134, 0.5877852522924653655 ) ) ;
#654 = ADVANCED_FACE ( 'NONE', ( #670 ), #7758, .T. ) ;
#655 = CARTESIAN_POINT ( 'NONE',  ( 0.000000000000000000, 2.952265630457275858, 3.396193111002479892 ) ) ;
#656 = DIRECTION ( 'NONE',  ( -1.000000000000000000, 0.000000000000000000, 0.000000000000000000 ) ) ;
#657 = EDGE_LOOP ( 'NONE', ( #2419, #5210, #5442, #2295 ) ) ;
#658 = DIRECTION ( 'NONE',  ( 0.000000000000000000, -0.9510565162951500895, -0.3090169943749582204 ) ) ;
#659 = VERTEX_POINT ( 'NONE', #3251 ) ;
#660 = VERTEX_POINT ( 'NONE', #8331 ) ;
#661 = ORIENTED_EDGE ( 'NONE', *, *, #293, .F. ) ;
#662 = CARTESIAN_POINT ( 'NONE',  ( 0.000000000000000000, -4.384665291533551112, -1.012279744547426086 ) ) ;
#663 = SECURITY_CLASSIFICATION_LEVEL ( 'unclassified' ) ;
#664 = ORIENTED_EDGE ( 'NONE', *, *, #1407, .F. ) ;
#665 = PLANE ( 'NONE',  #25 ) ;
#666 = DIRECTION ( 'NONE',  ( 0.000000000000000000, -1.000000000000000000, 6.961313617841187122E-15 ) ) ;
#667 = CARTESIAN_POINT ( 'NONE',  ( -7.000000000000000000, 0.5547721316411181602, 0.1280792385188580240 ) ) ;
#668 = ORIENTED_EDGE ( 'NONE', *, *, #3134, .F. ) ;
#669 = ORIENTED_EDGE ( 'NONE', *, *, #4475, .T. ) ;
#670 = FACE_OUTER_BOUND ( 'NONE', #1807, .T. ) ;
#671 = CARTESIAN_POINT ( 'NONE',  ( -0.2482449321572040568, -1.703824378278435248, -4.013958692515540605 ) ) ;
#672 = DIRECTION ( 'NONE',  ( 0.000000000000000000, 0.5877852522924716938, 0.8090169943749484505 ) ) ;
#673 = AXIS2_PLACEMENT_3D ( 'NONE', #7038, #1902, #3812 ) ;
#674 = CARTESIAN_POINT ( 'NONE',  ( -0.2406238026544926800, 1.198889555364098802, 3.689802647435481031 ) ) ;
#675 = DIRECTION ( 'NONE',  ( 0.8944271909999157444, 0.1006011698246311731, -0.4357515400201308897 ) ) ;
#676 = CARTESIAN_POINT ( 'NONE',  ( 0.000000000000000000, 3.640576474687298170, -2.645033635316081266 ) ) ;
#677 = CARTESIAN_POINT ( 'NONE',  ( 1.549995677804209437, 0.000000000000000000, 0.000000000000000000 ) ) ;
#678 = CIRCLE ( 'NONE', #1488, 0.5000000000000001110 ) ;
#679 = ADVANCED_FACE ( 'NONE', ( #1223 ), #40, .T. ) ;
#680 = AXIS2_PLACEMENT_3D ( 'NONE', #3085, #6790, #8210 ) ;
#681 = AXIS2_PLACEMENT_3D ( 'NONE', #7585, #3004, #5081 ) ;
#682 = CARTESIAN_POINT ( 'NONE',  ( 0.2500000000000000000, 0.7500000000000001110, 0.1249999999999998335 ) ) ;
#683 = LINE ( 'NONE', #606, #7759 ) ;
#684 = ORIENTED_EDGE ( 'NONE', *, *, #3236, .F. ) ;
#685 = CONICAL_SURFACE ( 'NONE', #2985, 3.605109578176981078, 0.5235987755983000369 ) ;
#686 = CARTESIAN_POINT ( 'NONE',  ( -0.003439171656184767528, 0.000000000000000000, 0.000000000000000000 ) ) ;
#687 = VERTEX_POINT ( 'NONE', #5253 ) ;
#688 = CARTESIAN_POINT ( 'NONE',  ( 0.2500000000000000000, 2.632966137197481071, -1.953156409970397966 ) ) ;
#689 = ORIENTED_EDGE ( 'NONE', *, *, #4426, .T. ) ;
#690 = VERTEX_POINT ( 'NONE', #3211 ) ;
#691 = DIRECTION ( 'NONE',  ( -0.000000000000000000, -0.9510565162951544194, 0.3090169943749447312 ) ) ;
#692 = EDGE_CURVE ( 'NONE', #6845, #7775, #3809, .T. ) ;
#693 = DIRECTION ( 'NONE',  ( 0.000000000000000000, -0.5150380749100581523, 0.8571673007021100021 ) ) ;
#694 = CARTESIAN_POINT ( 'NONE',  ( -5.083420832761869512, 1.331105008839333692, 0.4798387005782363546 ) ) ;
#695 = VERTEX_POINT ( 'NONE', #717 ) ;
#696 = EDGE_CURVE ( 'NONE', #8324, #1895, #5122, .T. ) ;
#697 = EDGE_CURVE ( 'NONE', #7191, #2129, #5893, .T. ) ;
#698 = VERTEX_POINT ( 'NONE', #3170 ) ;
#699 = AXIS2_PLACEMENT_3D ( 'NONE', #3428, #2792, #6067 ) ;
#700 = ORIENTED_EDGE ( 'NONE', *, *, #1577, .T. ) ;
#701 = EDGE_CURVE ( 'NONE', #5121, #2049, #4608, .T. ) ;
#702 = ORIENTED_EDGE ( 'NONE', *, *, #3729, .F. ) ;
#703 = ORIENTED_EDGE ( 'NONE', *, *, #5678, .F. ) ;
#704 = CARTESIAN_POINT ( 'NONE',  ( 0.1610010175967986346, -2.677759646921673564, 1.979017954867582363 ) ) ;
#705 = CIRCLE ( 'NONE', #2591, 3.105109578176981966 ) ;
#706 = APPROVAL_DATE_TIME ( #7240, #4272 ) ;
#707 = AXIS2_PLACEMENT_3D ( 'NONE', #8264, #436, #2298 ) ;
#708 = ORIENTED_EDGE ( 'NONE', *, *, #8143, .T. ) ;
#709 = CARTESIAN_POINT ( 'NONE',  ( -0.2406238026544918196, 3.325541775105433473, 1.998187089591868082 ) ) ;
#710 = CARTESIAN_POINT ( 'NONE',  ( -7.000000000000000000, 0.5693649175925756811, 0.000000000000000000 ) ) ;
#711 = CARTESIAN_POINT ( 'NONE',  ( 0.000000000000000000, 0.000000000000000000, 0.000000000000000000 ) ) ;
#712 = AXIS2_PLACEMENT_3D ( 'NONE', #1595, #7098, #7727 ) ;
#713 = AXIS2_PLACEMENT_3D ( 'NONE', #5689, #6364, #5526 ) ;
#714 = VERTEX_POINT ( 'NONE', #7711 ) ;
#715 = VECTOR ( 'NONE', #1391, 39.37007874015748143 ) ;
#716 = ORIENTED_EDGE ( 'NONE', *, *, #2245, .T. ) ;
#717 = CARTESIAN_POINT ( 'NONE',  ( 1.549995677804209437, -0.2706281315988505187, -3.093293698773807776 ) ) ;
#718 = CIRCLE ( 'NONE', #3016, 0.4999999999999998890 ) ;
#719 = CARTESIAN_POINT ( 'NONE',  ( -5.250000000000000000, 0.000000000000000000, 0.000000000000000000 ) ) ;
#720 = CARTESIAN_POINT ( 'NONE',  ( -0.1723424506721962235, 0.3750000000000234812, 3.333790127265692238 ) ) ;
#721 = LINE ( 'NONE', #121, #3123 ) ;
#722 = CIRCLE ( 'NONE', #5336, 0.5000000000000002220 ) ;
#723 = CARTESIAN_POINT ( 'NONE',  ( 5.651087907391154571E-17, 0.8998042173755034234, -3.897480259140930769 ) ) ;
#724 = FACE_OUTER_BOUND ( 'NONE', #4086, .T. ) ;
#725 = FACE_OUTER_BOUND ( 'NONE', #30, .T. ) ;
#726 = CIRCLE ( 'NONE', #4378, 0.1250000000000000000 ) ;
#727 = CIRCLE ( 'NONE', #6560, 0.1250000000000000000 ) ;
#728 = DIRECTION ( 'NONE',  ( -0.000000000000000000, 1.000000000000000000, 0.000000000000000000 ) ) ;
#729 = CARTESIAN_POINT ( 'NONE',  ( 0.2500000000000000000, 3.061616997868383018E-17, -0.2500000000000000000 ) ) ;
#730 = ORIENTED_EDGE ( 'NONE', *, *, #2607, .T. ) ;
#731 = DIRECTION ( 'NONE',  ( 0.000000000000000000, -0.5877852522924802425, 0.8090169943749422332 ) ) ;
#732 = ORIENTED_EDGE ( 'NONE', *, *, #2363, .F. ) ;
#733 = CARTESIAN_POINT ( 'NONE',  ( -7.000000000000000000, -0.1280792385188600502, 0.5547721316411176051 ) ) ;
#734 = EDGE_CURVE ( 'NONE', #3824, #5062, #844, .T. ) ;
#735 = EDGE_LOOP ( 'NONE', ( #1981, #1510, #8181, #940 ) ) ;
#736 = FACE_OUTER_BOUND ( 'NONE', #5277, .T. ) ;
#737 = DIRECTION ( 'NONE',  ( 0.000000000000000000, -0.08715574274764789631, -0.9961946980917464334 ) ) ;
#738 = ORIENTED_EDGE ( 'NONE', *, *, #5420, .F. ) ;
#739 = ORIENTED_EDGE ( 'NONE', *, *, #6568, .F. ) ;
#740 = EDGE_CURVE ( 'NONE', #660, #2478, #5595, .T. ) ;
#741 = ORIENTED_EDGE ( 'NONE', *, *, #4798, .T. ) ;
#742 = VERTEX_POINT ( 'NONE', #204 ) ;
#743 = VERTEX_POINT ( 'NONE', #4738 ) ;
#744 = CARTESIAN_POINT ( 'NONE',  ( -7.000000000000000000, -0.5671983121851674747, 0.04962342228724022503 ) ) ;
#746 = EDGE_CURVE ( 'NONE', #5138, #5208, #1925, .T. ) ;
#745 = VECTOR ( 'NONE', #5351, 39.37007874015748143 ) ;
#747 = EDGE_CURVE ( 'NONE', #609, #4017, #3466, .T. ) ;
#748 = ORIENTED_EDGE ( 'NONE', *, *, #1726, .T. ) ;
#749 = CARTESIAN_POINT ( 'NONE',  ( 1.549995677804209437, 0.000000000000000000, 0.000000000000000000 ) ) ;
#750 = LINE ( 'NONE', #710, #7271 ) ;
#751 = EDGE_CURVE ( 'NONE', #3321, #3715, #3425, .T. ) ;
#752 = DIRECTION ( 'NONE',  ( -1.224646799147352714E-16, 1.000000000000000000, 0.000000000000000000 ) ) ;
#753 = ORIENTED_EDGE ( 'NONE', *, *, #4476, .F. ) ;
#754 = VERTEX_POINT ( 'NONE', #4657 ) ;
#755 = FACE_OUTER_BOUND ( 'NONE', #6636, .T. ) ;
#756 = EDGE_CURVE ( 'NONE', #5629, #5593, #5977, .T. ) ;
#757 = EDGE_CURVE ( 'NONE', #5655, #562, #5179, .T. ) ;
#758 = FACE_OUTER_BOUND ( 'NONE', #1335, .T. ) ;
#759 = DIRECTION ( 'NONE',  ( 0.000000000000000000, 0.9510565162951565288, -0.3090169943749382919 ) ) ;
#760 = VECTOR ( 'NONE', #3718, 39.37007874015748143 ) ;
#761 = CYLINDRICAL_SURFACE ( 'NONE', #4009, 1.750000000000000222 ) ;
#762 = DIRECTION ( 'NONE',  ( 1.000000000000000000, 0.000000000000000000, 0.000000000000000000 ) ) ;
#763 = CARTESIAN_POINT ( 'NONE',  ( 1.549995677804209437, 0.000000000000000000, 0.000000000000000000 ) ) ;
#764 = CARTESIAN_POINT ( 'NONE',  ( -7.000000000000000000, -0.1545084971874690349, -0.4755282581475778758 ) ) ;
#765 = AXIS2_PLACEMENT_3D ( 'NONE', #1938, #1891, #2613 ) ;
#766 = CARTESIAN_POINT ( 'NONE',  ( 5.651087907391154571E-17, 1.562924513957085759, 3.682019413809765940 ) ) ;
#767 = VECTOR ( 'NONE', #4791, 39.37007874015748143 ) ;
#768 = LINE ( 'NONE', #175, #6546 ) ;
#769 = ORIENTED_EDGE ( 'NONE', *, *, #1641, .T. ) ;
#770 = DIRECTION ( 'NONE',  ( 0.000000000000000000, 0.5877852522924624790, 0.8090169943749551118 ) ) ;
#771 = ORIENTED_EDGE ( 'NONE', *, *, #5202, .T. ) ;
#772 = LINE ( 'NONE', #7815, #7477 ) ;
#773 = AXIS2_PLACEMENT_3D ( 'NONE', #8225, #5781, #2421 ) ;
#774 = VERTEX_POINT ( 'NONE', #7375 ) ;
#775 = CIRCLE ( 'NONE', #5924, 0.5000000000000000000 ) ;
#776 = DIRECTION ( 'NONE',  ( -1.000000000000000000, -1.224646799147352714E-16, 0.000000000000000000 ) ) ;
#777 = CARTESIAN_POINT ( 'NONE',  ( -5.250000000000000000, 0.000000000000000000, 0.000000000000000000 ) ) ;
#779 = B_SPLINE_CURVE_WITH_KNOTS ( 'NONE', 3,
 ( #8006, #2199, #4117, #5981 ),
 .UNSPECIFIED., .F., .F.,
 ( 4, 4 ),
 ( 0.05126459962692127975, 0.05910842239666304343 ),
 .UNSPECIFIED. ) ;
#778 = DIRECTION ( 'NONE',  ( -1.236773978361170610E-16, 1.000000000000000000, 0.000000000000000000 ) ) ;
#780 = ORIENTED_EDGE ( 'NONE', *, *, #4121, .F. ) ;
#781 = CIRCLE ( 'NONE', #2536, 4.360605680090435143 ) ;
#782 = VERTEX_POINT ( 'NONE', #7288 ) ;
#783 = ORIENTED_EDGE ( 'NONE', *, *, #7073, .F. ) ;
#784 = ORIENTED_EDGE ( 'NONE', *, *, #954, .F. ) ;
#785 = ORIENTED_EDGE ( 'NONE', *, *, #5789, .T. ) ;
#786 = DIRECTION ( 'NONE',  ( 0.000000000000000000, -0.8660254037844388186, 0.4999999999999997224 ) ) ;
#787 = EDGE_CURVE ( 'NONE', #7792, #2525, #6654, .T. ) ;
#788 = ORIENTED_EDGE ( 'NONE', *, *, #5320, .T. ) ;
#789 = DIRECTION ( 'NONE',  ( 1.000000000000000000, 0.000000000000000000, 0.000000000000000000 ) ) ;
#790 = DIRECTION ( 'NONE',  ( 0.000000000000000000, -0.3090169943749548898, 0.9510565162951511997 ) ) ;
#791 = CARTESIAN_POINT ( 'NONE',  ( -4.750000000000000000, 3.061616997868383018E-17, -0.2500000000000000000 ) ) ;
#792 = ORIENTED_EDGE ( 'NONE', *, *, #2092, .T. ) ;
#793 = ORIENTED_EDGE ( 'NONE', *, *, #2400, .T. ) ;
#794 = CARTESIAN_POINT ( 'NONE',  ( -0.2500000000000000000, 0.7500000000000001110, -1.740780812508624576E-16 ) ) ;
#795 = ADVANCED_FACE ( 'NONE', ( #1468 ), #49, .T. ) ;
#796 = CIRCLE ( 'NONE', #397, 0.5000000000000000000 ) ;
#797 = CARTESIAN_POINT ( 'NONE',  ( 1.549995677804209437, 0.3142060029726995718, 3.591391047819679105 ) ) ;
#798 = CARTESIAN_POINT ( 'NONE',  ( -5.250000000000000000, 0.000000000000000000, 0.000000000000000000 ) ) ;
#799 = ADVANCED_FACE ( 'NONE', ( #1559 ), #161, .T. ) ;
#800 = CARTESIAN_POINT ( 'NONE',  ( 0.2500000000000000000, 1.667839910290870087, -0.5299151192794385734 ) ) ;
#801 = EDGE_CURVE ( 'NONE', #6942, #3950, #726, .T. ) ;
#802 = DIRECTION ( 'NONE',  ( -7.104939039772137540E-15, -0.3090169943749515036, 0.9510565162951523099 ) ) ;
#803 = EDGE_CURVE ( 'NONE', #6559, #5752, #6957, .T. ) ;
#804 = FACE_OUTER_BOUND ( 'NONE', #5928, .T. ) ;
#805 = CIRCLE ( 'NONE', #4456, 3.105109578176981078 ) ;
#806 = CARTESIAN_POINT ( 'NONE',  ( 1.549995677804209437, -3.512710853246171272, -0.8109732006361052292 ) ) ;
#807 = DIRECTION ( 'NONE',  ( -5.327103587645314361E-15, 0.3907311284892714953, 0.9205048534524412629 ) ) ;
#808 = ORIENTED_EDGE ( 'NONE', *, *, #12, .F. ) ;
#809 = LINE ( 'NONE', #3397, #1518 ) ;
#810 = EDGE_LOOP ( 'NONE', ( #2149, #2347, #3776, #6203 ) ) ;
#811 = FACE_OUTER_BOUND ( 'NONE', #7700, .T. ) ;
#812 = DIRECTION ( 'NONE',  ( -1.000000000000000000, 0.000000000000000000, 0.000000000000000000 ) ) ;
#813 = AXIS2_PLACEMENT_3D ( 'NONE', #3273, #59, #4461 ) ;
#814 = AXIS2_PLACEMENT_3D ( 'NONE', #3013, #5610, #1700 ) ;
#815 = ORIENTED_EDGE ( 'NONE', *, *, #2973, .F. ) ;
#816 = VECTOR ( 'NONE', #4120, 39.37007874015748143 ) ;
#817 = PLANE ( 'NONE',  #3936 ) ;
#818 = FACE_OUTER_BOUND ( 'NONE', #3583, .T. ) ;
#819 = VECTOR ( 'NONE', #989, 39.37007874015748143 ) ;
#820 = DIRECTION ( 'NONE',  ( -1.000000000000000000, 0.000000000000000000, -0.000000000000000000 ) ) ;
#821 = VERTEX_POINT ( 'NONE', #248 ) ;
#822 = ORIENTED_EDGE ( 'NONE', *, *, #7589, .T. ) ;
#823 = CIRCLE ( 'NONE', #4883, 1.335188389537908638 ) ;
#824 = VERTEX_POINT ( 'NONE', #7330 ) ;
#825 = ORIENTED_EDGE ( 'NONE', *, *, #642, .F. ) ;
#826 = ORIENTED_EDGE ( 'NONE', *, *, #751, .F. ) ;
#827 = CARTESIAN_POINT ( 'NONE',  ( -7.000000000000000000, -0.2224685967731445113, -0.5241031700295167850 ) ) ;
#828 = AXIS2_PLACEMENT_3D ( 'NONE', #928, #6269, #6865 ) ;
#829 = ORIENTED_EDGE ( 'NONE', *, *, #4686, .T. ) ;
#830 = DIRECTION ( 'NONE',  ( -1.000000000000000000, -0.000000000000000000, -0.000000000000000000 ) ) ;
#831 = CARTESIAN_POINT ( 'NONE',  ( -4.750000000000000000, 0.7135254915624218430, -0.7006292692220360552 ) ) ;
#832 = LINE ( 'NONE', #7833, #5294 ) ;
#833 = ORIENTED_EDGE ( 'NONE', *, *, #7588, .T. ) ;
#834 = EDGE_CURVE ( 'NONE', #4749, #3697, #1513, .T. ) ;
#835 = AXIS2_PLACEMENT_3D ( 'NONE', #5675, #1174, #5843 ) ;
#836 = ORIENTED_EDGE ( 'NONE', *, *, #6154, .F. ) ;
#837 = DIRECTION ( 'NONE',  ( 0.000000000000000000, 0.000000000000000000, -1.000000000000000000 ) ) ;
#838 = FACE_OUTER_BOUND ( 'NONE', #7342, .T. ) ;
#839 = DIRECTION ( 'NONE',  ( 0.000000000000000000, 0.8571673007021078927, 0.5150380749100615940 ) ) ;
#840 = AXIS2_PLACEMENT_3D ( 'NONE', #7258, #2082, #5994 ) ;
#841 = VECTOR ( 'NONE', #574, 39.37007874015748143 ) ;
#842 = CARTESIAN_POINT ( 'NONE',  ( -7.000000000000000000, 0.1545084971874722823, 0.4755282581475768766 ) ) ;
#843 = FACE_OUTER_BOUND ( 'NONE', #4981, .T. ) ;
#844 = CIRCLE ( 'NONE', #6267, 3.105109578176981078 ) ;
#845 = CARTESIAN_POINT ( 'NONE',  ( 1.549995677804209437, -3.591391047819677773, 0.3142060029727121173 ) ) ;
#846 = TOROIDAL_SURFACE ( 'NONE', #8279, 3.924635337491861442, 0.5000000000000000000 ) ;
#847 = ADVANCED_FACE ( 'NONE', ( #4151 ), #2747, .F. ) ;
#848 = ORIENTED_EDGE ( 'NONE', *, *, #7575, .T. ) ;
#849 = DIRECTION ( 'NONE',  ( 1.000000000000000000, 0.000000000000000000, 0.000000000000000000 ) ) ;
#850 = TOROIDAL_SURFACE ( 'NONE', #3828, 3.924635337491861442, 0.5000000000000000000 ) ;
#851 = ADVANCED_FACE ( 'NONE', ( #2237 ), #6576, .F. ) ;
#852 = DIRECTION ( 'NONE',  ( 1.000000000000000000, 0.000000000000000000, 0.000000000000000000 ) ) ;
#853 = AXIS2_PLACEMENT_3D ( 'NONE', #893, #7346, #2033 ) ;
#854 = DIRECTION ( 'NONE',  ( 0.000000000000000000, -0.5000000000000004441, 0.8660254037844383745 ) ) ;
#855 = ORIENTED_EDGE ( 'NONE', *, *, #6148, .T. ) ;
#856 = ADVANCED_FACE ( 'NONE', ( #755 ), #7365, .T. ) ;
#857 = DIRECTION ( 'NONE',  ( -0.8660254037844380415, 0.4602524267262236290, -0.1953655642446313345 ) ) ;
#858 = ORIENTED_EDGE ( 'NONE', *, *, #5403, .T. ) ;
#859 = DIRECTION ( 'NONE',  ( 0.000000000000000000, 0.6560590289905057215, 0.7547095802227732353 ) ) ;
#860 = CARTESIAN_POINT ( 'NONE',  ( 0.000000000000000000, 0.000000000000000000, 0.000000000000000000 ) ) ;
#861 = AXIS2_PLACEMENT_3D ( 'NONE', #2192, #5468, #8041 ) ;
#862 = ORIENTED_EDGE ( 'NONE', *, *, #4276, .F. ) ;
#863 = CONICAL_SURFACE ( 'NONE', #3560, 3.605109578176981078, 0.5235987755983000369 ) ;
#864 = DIRECTION ( 'NONE',  ( -0.000000000000000000, -0.6560590289904975059, -0.7547095802227804517 ) ) ;
#865 = EDGE_CURVE ( 'NONE', #203, #5252, #1130, .T. ) ;
#866 = PLANE ( 'NONE',  #7186 ) ;
#867 = DIRECTION ( 'NONE',  ( -0.000000000000000000, -0.5150380749100615940, 0.8571673007021078927 ) ) ;
#868 = ORIENTED_EDGE ( 'NONE', *, *, #7844, .F. ) ;
#869 = EDGE_LOOP ( 'NONE', ( #7937, #1034, #4344, #6310 ) ) ;
#870 = VERTEX_POINT ( 'NONE', #2436 ) ;
#871 = ORIENTED_EDGE ( 'NONE', *, *, #3274, .F. ) ;
#872 = ORIENTED_EDGE ( 'NONE', *, *, #1841, .T. ) ;
#873 = DIRECTION ( 'NONE',  ( -1.000000000000000000, 0.000000000000000000, 0.000000000000000000 ) ) ;
#874 = CARTESIAN_POINT ( 'NONE',  ( -4.750000000000000000, -0.2500000000000000555, 0.9682458365518542553 ) ) ;
#875 = ORIENTED_EDGE ( 'NONE', *, *, #1532, .T. ) ;
#876 = DIRECTION ( 'NONE',  ( 0.000000000000000000, -0.5877852522924802425, 0.8090169943749422332 ) ) ;
#877 = LINE ( 'NONE', #4055, #901 ) ;
#878 = CARTESIAN_POINT ( 'NONE',  ( 0.2500000000000000000, 0.000000000000000000, -0.7500000000000001110 ) ) ;
#879 = VERTEX_POINT ( 'NONE', #1087 ) ;
#880 = EDGE_LOOP ( 'NONE', ( #6882, #8329, #4861, #5280, #7360 ) ) ;
#881 = DIRECTION ( 'NONE',  ( 0.000000000000000000, -0.3090169943749582204, 0.9510565162951500895 ) ) ;
#882 = LINE ( 'NONE', #6066, #6335 ) ;
#883 = EDGE_CURVE ( 'NONE', #1665, #4281, #6222, .T. ) ;
#884 = DIRECTION ( 'NONE',  ( 1.000000000000000000, 0.000000000000000000, 0.000000000000000000 ) ) ;
#885 = FACE_OUTER_BOUND ( 'NONE', #1548, .T. ) ;
#886 = DIRECTION ( 'NONE',  ( 0.000000000000000000, 0.000000000000000000, -1.000000000000000000 ) ) ;
#887 = DIRECTION ( 'NONE',  ( -1.000000000000000000, 0.000000000000000000, 0.000000000000000000 ) ) ;
#888 = ORIENTED_EDGE ( 'NONE', *, *, #1008, .F. ) ;
#889 = CARTESIAN_POINT ( 'NONE',  ( 0.2329829950954873385, -1.328003225777370155E-16, 0.000000000000000000 ) ) ;
#890 = VECTOR ( 'NONE', #4315, 39.37007874015748143 ) ;
#891 = CARTESIAN_POINT ( 'NONE',  ( -7.000000000000000000, -1.987926984766436125E-15, 0.5693649175925756811 ) ) ;
#892 = ADVANCED_FACE ( 'NONE', ( #3716 ), #3671, .F. ) ;
#893 = CARTESIAN_POINT ( 'NONE',  ( -0.003439171656184357700, 3.732550011803863921, 1.212779016009445598 ) ) ;
#894 = VERTEX_POINT ( 'NONE', #414 ) ;
#895 = FACE_OUTER_BOUND ( 'NONE', #7908, .T. ) ;
#896 = CARTESIAN_POINT ( 'NONE',  ( -5.250000000000000000, 1.260856956957004060, 0.4392809689139264284 ) ) ;
#897 = CARTESIAN_POINT ( 'NONE',  ( -0.003439171656184357700, 0.000000000000000000, 0.000000000000000000 ) ) ;
#898 = EDGE_CURVE ( 'NONE', #321, #5326, #7767, .T. ) ;
#899 = ORIENTED_EDGE ( 'NONE', *, *, #7549, .T. ) ;
#900 = VECTOR ( 'NONE', #5676, 39.37007874015748854 ) ;
#901 = VECTOR ( 'NONE', #1508, 39.37007874015748854 ) ;
#902 = CARTESIAN_POINT ( 'NONE',  ( 0.2465608283438158188, 1.346587299674398164, -4.144369563577014581 ) ) ;
#903 = AXIS2_PLACEMENT_3D ( 'NONE', #567, #1835, #5788 ) ;
#904 = FACE_OUTER_BOUND ( 'NONE', #7970, .T. ) ;
#905 = EDGE_CURVE ( 'NONE', #5412, #3616, #5952, .T. ) ;
#906 = DIRECTION ( 'NONE',  ( 0.8944271909999158554, -0.4472135954999578722, 5.476786982642026860E-17 ) ) ;
#907 = ORIENTED_EDGE ( 'NONE', *, *, #2026, .F. ) ;
#908 = AXIS2_PLACEMENT_3D ( 'NONE', #5820, #3226, #1536 ) ;
#909 = ORIENTED_EDGE ( 'NONE', *, *, #5879, .T. ) ;
#910 = AXIS2_PLACEMENT_3D ( 'NONE', #7409, #4817, #3539 ) ;
#911 = EDGE_CURVE ( 'NONE', #6214, #7948, #6783, .T. ) ;
#912 = ADVANCED_FACE ( 'NONE', ( #4275 ), #2963, .T. ) ;
#913 = EDGE_CURVE ( 'NONE', #5839, #4585, #4989, .T. ) ;
#914 = VECTOR ( 'NONE', #7926, 39.37007874015748854 ) ;
#915 = ORIENTED_EDGE ( 'NONE', *, *, #8302, .T. ) ;
#916 = VERTEX_POINT ( 'NONE', #6826 ) ;
#917 = EDGE_CURVE ( 'NONE', #7352, #6715, #4948, .T. ) ;
#918 = DIRECTION ( 'NONE',  ( 1.000000000000000000, 0.000000000000000000, 0.000000000000000000 ) ) ;
#919 = CARTESIAN_POINT ( 'NONE',  ( -0.2500000000000000000, 0.000000000000000000, 0.2500000000000000000 ) ) ;
#920 = ORIENTED_EDGE ( 'NONE', *, *, #3367, .F. ) ;
#921 = CARTESIAN_POINT ( 'NONE',  ( 1.549995677804209437, 3.428662956283305085, -1.114040126240540385 ) ) ;
#922 = DIRECTION ( 'NONE',  ( 0.000000000000000000, 0.000000000000000000, 1.000000000000000000 ) ) ;
#923 = DIRECTION ( 'NONE',  ( 0.000000000000000000, -0.8571673007021061164, -0.5150380749100645916 ) ) ;
#924 = EDGE_LOOP ( 'NONE', ( #6333, #1642 ) ) ;
#925 = ORIENTED_EDGE ( 'NONE', *, *, #2550, .F. ) ;
#926 = DIRECTION ( 'NONE',  ( 1.000000000000000000, 0.000000000000000000, 0.000000000000000000 ) ) ;
#927 = CARTESIAN_POINT ( 'NONE',  ( 0.2500000000000000000, -0.7500000000000001110, 0.1249999999999996392 ) ) ;
#928 = CARTESIAN_POINT ( 'NONE',  ( -0.01701700490451327902, -1.634164925564209258E-16, 0.000000000000000000 ) ) ;
#929 = DIRECTION ( 'NONE',  ( 0.000000000000000000, 0.000000000000000000, 1.000000000000000000 ) ) ;
#930 = CARTESIAN_POINT ( 'NONE',  ( -0.1723424495515879784, -3.074646941586222315, -1.342135537495636965 ) ) ;
#931 = ORIENTED_EDGE ( 'NONE', *, *, #6970, .T. ) ;
#932 = PLANE ( 'NONE',  #6846 ) ;
#933 = VECTOR ( 'NONE', #8029, 39.37007874015748143 ) ;
#934 = DIRECTION ( 'NONE',  ( -1.224913629762582012E-16, 1.000000000000000000, 0.000000000000000000 ) ) ;
#935 = CARTESIAN_POINT ( 'NONE',  ( -4.750000000000000000, 0.9635254915624212879, 0.2676165673298179781 ) ) ;
#936 = VERTEX_POINT ( 'NONE', #4911 ) ;
#937 = FACE_BOUND ( 'NONE', #6979, .T. ) ;
#938 = DIRECTION ( 'NONE',  ( 1.000000000000000000, 1.224646799147352714E-16, -0.000000000000000000 ) ) ;
#939 = CARTESIAN_POINT ( 'NONE',  ( -5.083420832761869512, 1.081105008839334802, -0.9128514024704543761 ) ) ;
#940 = ORIENTED_EDGE ( 'NONE', *, *, #4579, .F. ) ;
#941 = ADVANCED_FACE ( 'NONE', ( #5671 ), #8238, .T. ) ;
#942 = DIRECTION ( 'NONE',  ( 0.000000000000000000, 0.000000000000000000, -1.000000000000000000 ) ) ;
#943 = CARTESIAN_POINT ( 'NONE',  ( -4.750000000000000000, 0.9635254915624213989, -0.2676165673298168124 ) ) ;
#944 = ORIENTED_EDGE ( 'NONE', *, *, #3861, .F. ) ;
#945 = AXIS2_PLACEMENT_3D ( 'NONE', #8216, #3683, #2331 ) ;
#946 = FACE_OUTER_BOUND ( 'NONE', #2097, .T. ) ;
#947 = ORIENTED_EDGE ( 'NONE', *, *, #6910, .T. ) ;
#948 = ORIENTED_EDGE ( 'NONE', *, *, #648, .F. ) ;
#949 = EDGE_CURVE ( 'NONE', #2525, #1683, #4235, .T. ) ;
#950 = DIRECTION ( 'NONE',  ( 0.000000000000000000, 0.2249510543438690557, -0.9743700647852343577 ) ) ;
#951 = VECTOR ( 'NONE', #7395, 39.37007874015748143 ) ;
#952 = DATE_AND_TIME ( #5335, #3345 ) ;
#953 = EDGE_CURVE ( 'NONE', #2654, #5968, #1874, .T. ) ;
#954 = EDGE_CURVE ( 'NONE', #2139, #1304, #796, .T. ) ;
#956 = CIRCLE ( 'NONE', #3523, 4.357648039384080185 ) ;
#955 = DIRECTION ( 'NONE',  ( 0.000000000000000000, -0.9510565162951565288, 0.3090169943749383474 ) ) ;
#957 = ORIENTED_EDGE ( 'NONE', *, *, #7333, .F. ) ;
#958 = DIRECTION ( 'NONE',  ( 0.000000000000000000, 0.000000000000000000, 1.000000000000000000 ) ) ;
#959 = ADVANCED_FACE ( 'NONE', ( #5633 ), #966, .T. ) ;
#960 = DIRECTION ( 'NONE',  ( 0.000000000000000000, 0.000000000000000000, -1.000000000000000000 ) ) ;
#961 = VECTOR ( 'NONE', #518, 39.37007874015748143 ) ;
#962 = ORIENTED_EDGE ( 'NONE', *, *, #8203, .T. ) ;
#963 = CARTESIAN_POINT ( 'NONE',  ( -7.000000000000000000, 0.2224685967731481195, 0.5241031700295153417 ) ) ;
#964 = ORIENTED_EDGE ( 'NONE', *, *, #3701, .F. ) ;
#965 = EDGE_LOOP ( 'NONE', ( #2928, #2420, #3703, #875, #2952, #437, #5780, #7572 ) ) ;
#966 = PLANE ( 'NONE',  #3366 ) ;
#967 = CARTESIAN_POINT ( 'NONE',  ( 0.2465608283438160409, 1.346587299674339544, 4.144369563577034121 ) ) ;
#968 = AXIS2_PLACEMENT_3D ( 'NONE', #6579, #5346, #759 ) ;
#969 = CARTESIAN_POINT ( 'NONE',  ( -0.01701700490451327902, -3.344500404030140484, -0.7721387584971804996 ) ) ;
#970 = CARTESIAN_POINT ( 'NONE',  ( 1.549995677804209437, 0.000000000000000000, 0.000000000000000000 ) ) ;
#971 = CARTESIAN_POINT ( 'NONE',  ( 0.2500000000000000000, -1.292839910290879191, -1.179434172117745483 ) ) ;
#972 = AXIS2_PLACEMENT_3D ( 'NONE', #1080, #1553, #1636 ) ;
#973 = VERTEX_POINT ( 'NONE', #5507 ) ;
#974 = DIRECTION ( 'NONE',  ( 1.000000000000000000, 0.000000000000000000, 0.000000000000000000 ) ) ;
#975 = VECTOR ( 'NONE', #859, 39.37007874015748854 ) ;
#976 = AXIS2_PLACEMENT_3D ( 'NONE', #132, #4036, #6798 ) ;
#977 = DIRECTION ( 'NONE',  ( 0.000000000000000000, -0.8090169943749531134, 0.5877852522924653655 ) ) ;
#978 = CIRCLE ( 'NONE', #1117, 4.360605680090434255 ) ;
#979 = CARTESIAN_POINT ( 'NONE',  ( -0.2482449321572040568, -1.522497335808912443E-14, 4.360605680090435143 ) ) ;
#980 = ORIENTED_EDGE ( 'NONE', *, *, #7031, .F. ) ;
#981 = AXIS2_PLACEMENT_3D ( 'NONE', #6925, #6166, #394 ) ;
#982 = DIRECTION ( 'NONE',  ( 1.000000000000000000, 0.000000000000000000, 0.000000000000000000 ) ) ;
#983 = FACE_OUTER_BOUND ( 'NONE', #6353, .T. ) ;
#984 = CARTESIAN_POINT ( 'NONE',  ( 0.2500000000000000000, 0.7500000000000001110, -0.1250000000000001665 ) ) ;
#985 = ORIENTED_EDGE ( 'NONE', *, *, #6680, .T. ) ;
#986 = AXIS2_PLACEMENT_3D ( 'NONE', #7512, #1699, #429 ) ;
#987 = AXIS2_PLACEMENT_3D ( 'NONE', #6108, #8008, #2204 ) ;
#988 = CONICAL_SURFACE ( 'NONE', #2069, 3.105109578176981078, 0.5235987755983000369 ) ;
#989 = DIRECTION ( 'NONE',  ( -0.8719406851971467365, 0.2877864313974869415, -0.3961040411324147081 ) ) ;
#990 = CARTESIAN_POINT ( 'NONE',  ( -5.250000000000000000, -1.010856956957004282, 0.8722936708061450606 ) ) ;
#991 = ORIENTED_EDGE ( 'NONE', *, *, #1166, .T. ) ;
#992 = CARTESIAN_POINT ( 'NONE',  ( 5.651087907391154571E-17, 3.018838320891121807, -2.624236115961990023 ) ) ;
#993 = ADVANCED_FACE ( 'NONE', ( #8083 ), #7538, .F. ) ;
#994 = TOROIDAL_SURFACE ( 'NONE', #5052, 3.432474503172795455, 0.5000000000000000000 ) ;
#995 = ORIENTED_EDGE ( 'NONE', *, *, #1372, .T. ) ;
#996 = ORIENTED_EDGE ( 'NONE', *, *, #5732, .T. ) ;
#997 = CARTESIAN_POINT ( 'NONE',  ( -7.000000000000000000, -0.1280792385188600502, 0.5547721316411176051 ) ) ;
#998 = DIRECTION ( 'NONE',  ( 1.000000000000000000, 1.224646799147352714E-16, -0.000000000000000000 ) ) ;
#999 = DIRECTION ( 'NONE',  ( 1.000000000000000000, 1.224646799147352714E-16, -0.000000000000000000 ) ) ;
#1000 = ORIENTED_EDGE ( 'NONE', *, *, #1890, .T. ) ;
#1001 = EDGE_CURVE ( 'NONE', #4433, #7397, #5130, .T. ) ;
#1002 = DIRECTION ( 'NONE',  ( 1.000000000000000000, -0.000000000000000000, -0.000000000000000000 ) ) ;
#1003 = DIRECTION ( 'NONE',  ( 0.000000000000000000, -0.9510565162951500895, -0.3090169943749582204 ) ) ;
#1004 = VECTOR ( 'NONE', #7701, 39.37007874015748143 ) ;
#1005 = ORIENTED_EDGE ( 'NONE', *, *, #1626, .F. ) ;
#1006 = FACE_OUTER_BOUND ( 'NONE', #3265, .T. ) ;
#1007 = ORIENTED_EDGE ( 'NONE', *, *, #5528, .F. ) ;
#1008 = EDGE_CURVE ( 'NONE', #6316, #4231, #7307, .T. ) ;
#1009 = ORIENTED_EDGE ( 'NONE', *, *, #5321, .F. ) ;
#1010 = DIRECTION ( 'NONE',  ( 0.000000000000000000, 0.000000000000000000, -1.000000000000000000 ) ) ;
#1011 = CARTESIAN_POINT ( 'NONE',  ( -7.000000000000000000, -0.4045084971874750579, 0.2938926261462340705 ) ) ;
#1012 = EDGE_CURVE ( 'NONE', #754, #2776, #1687, .T. ) ;
#1013 = CARTESIAN_POINT ( 'NONE',  ( -0.2482449321572040568, -4.360605680090435143, 0.000000000000000000 ) ) ;
#1014 = CARTESIAN_POINT ( 'NONE',  ( -7.000000000000000000, 0.5671983121851674747, -0.04962342228724022503 ) ) ;
#1015 = PLANE ( 'NONE',  #2850 ) ;
#1016 = EDGE_CURVE ( 'NONE', #4683, #7919, #119, .T. ) ;
#1017 = EDGE_CURVE ( 'NONE', #3278, #562, #5712, .T. ) ;
#1018 = ORIENTED_EDGE ( 'NONE', *, *, #3380, .T. ) ;
#1019 = LINE ( 'NONE', #382, #2529 ) ;
#1020 = ADVANCED_FACE ( 'NONE', ( #4560 ), #7151, .T. ) ;
#1021 = TOROIDAL_SURFACE ( 'NONE', #6578, 3.432474503172795899, 0.5000000000000000000 ) ;
#1022 = LINE ( 'NONE', #3599, #542 ) ;
#1023 = DIRECTION ( 'NONE',  ( 0.000000000000000000, -0.9510565162951555296, 0.3090169943749411230 ) ) ;
#1024 = ORIENTED_EDGE ( 'NONE', *, *, #167, .T. ) ;
#1025 = CARTESIAN_POINT ( 'NONE',  ( 1.549995677804209437, 3.428662956283289986, 1.114040126240587902 ) ) ;
#1026 = CARTESIAN_POINT ( 'NONE',  ( -7.000000000000000888, -0.000000000000000000, 0.000000000000000000 ) ) ;
#1027 = CARTESIAN_POINT ( 'NONE',  ( 0.2500000000000000000, -3.007966137197497947, 1.303637357132051866 ) ) ;
#1028 = ORIENTED_EDGE ( 'NONE', *, *, #4721, .F. ) ;
#1029 = FACE_OUTER_BOUND ( 'NONE', #104, .T. ) ;
#1030 = DIRECTION ( 'NONE',  ( 0.000000000000000000, -0.3090169943749411230, -0.9510565162951555296 ) ) ;
#1031 = ORIENTED_EDGE ( 'NONE', *, *, #1529, .T. ) ;
#1032 = CARTESIAN_POINT ( 'NONE',  ( -7.000000000000000888, -0.000000000000000000, 0.000000000000000000 ) ) ;
#1033 = TOROIDAL_SURFACE ( 'NONE', #2513, 3.924635337491862774, 0.5000000000000000000 ) ;
#1034 = ORIENTED_EDGE ( 'NONE', *, *, #3853, .F. ) ;
#1035 = ORIENTED_EDGE ( 'NONE', *, *, #4469, .T. ) ;
#1036 = CIRCLE ( 'NONE', #6593, 0.4999999999999998335 ) ;
#1037 = AXIS2_PLACEMENT_3D ( 'NONE', #2310, #4894, #6771 ) ;
#1038 = FACE_OUTER_BOUND ( 'NONE', #6093, .T. ) ;
#1039 = LINE ( 'NONE', #6254, #3246 ) ;
#1040 = LINE ( 'NONE', #3745, #4922 ) ;
#1041 = CONICAL_SURFACE ( 'NONE', #1716, 4.500000000000000000, 0.5116441634306432285 ) ;
#1042 = ORIENTED_EDGE ( 'NONE', *, *, #2041, .T. ) ;
#1043 = CIRCLE ( 'NONE', #1579, 0.5000000000000002220 ) ;
#1044 = DIRECTION ( 'NONE',  ( 0.000000000000000000, 0.000000000000000000, -1.000000000000000000 ) ) ;
#1045 = CARTESIAN_POINT ( 'NONE',  ( 0.000000000000000000, 0.000000000000000000, 0.000000000000000000 ) ) ;
#1046 = EDGE_LOOP ( 'NONE', ( #836, #1292, #4019, #3189 ) ) ;
#1047 = DIRECTION ( 'NONE',  ( -8.797911715786014202E-17, 1.000000000000000000, 0.000000000000000000 ) ) ;
#1048 = EDGE_LOOP ( 'NONE', ( #5506, #6123, #4729, #8240 ) ) ;
#1049 = ORIENTED_EDGE ( 'NONE', *, *, #7957, .F. ) ;
#1050 = DIRECTION ( 'NONE',  ( 1.000000000000000000, 0.000000000000000000, 0.000000000000000000 ) ) ;
#1051 = EDGE_CURVE ( 'NONE', #318, #894, #193, .T. ) ;
#1052 = DIRECTION ( 'NONE',  ( 1.000000000000000000, 0.000000000000000000, 0.000000000000000000 ) ) ;
#1053 = CARTESIAN_POINT ( 'NONE',  ( -5.083420832761869512, -1.331105008839334358, 0.4798387005782354664 ) ) ;
#1054 = AXIS2_PLACEMENT_3D ( 'NONE', #5255, #4609, #6448 ) ;
#1055 = CARTESIAN_POINT ( 'NONE',  ( -0.01701700490451193981, -2.017557891834916628, 2.776930205825485665 ) ) ;
#1056 = EDGE_LOOP ( 'NONE', ( #4882, #1497, #8011, #6371, #4394, #4793, #584, #452, #6142, #5881, #5341, #5632, #3204, #2528, #4091, #7179, #1126, #1931, #8237, #2315, #5196, #2224, #5742, #7920, #716, #2159, #3320, #5709, #5342, #2988, #1291, #8319, #947, #3117, #7600, #5800, #3046, #2189, #2520, #4758, #6992, #607 ) ) ;
#1057 = CARTESIAN_POINT ( 'NONE',  ( -0.01701700490451259554, -1.634164925564208765E-16, 0.000000000000000000 ) ) ;
#1058 = ADVANCED_FACE ( 'NONE', ( #4395 ), #3439, .T. ) ;
#1059 = DIRECTION ( 'NONE',  ( 1.000000000000000000, 0.000000000000000000, 0.000000000000000000 ) ) ;
#1060 = CARTESIAN_POINT ( 'NONE',  ( -7.000000000000000000, -0.2932446110782040427, 0.4880409895273072896 ) ) ;
#1061 = EDGE_CURVE ( 'NONE', #7302, #321, #1334, .T. ) ;
#1062 = EDGE_CURVE ( 'NONE', #4083, #7982, #1647, .T. ) ;
#1063 = DIRECTION ( 'NONE',  ( 1.000000000000000000, 0.000000000000000000, 0.000000000000000000 ) ) ;
#1064 = CARTESIAN_POINT ( 'NONE',  ( -0.01701700490451293554, 2.776930205825522524, -2.017557891834866446 ) ) ;
#1065 = LINE ( 'NONE', #6200, #5144 ) ;
#1066 = CARTESIAN_POINT ( 'NONE',  ( -0.2500000000000000000, -0.3750000000000000555, -3.294710654001980821 ) ) ;
#1067 = EDGE_CURVE ( 'NONE', #1969, #1506, #3285, .T. ) ;
#1068 = VERTEX_POINT ( 'NONE', #7660 ) ;
#1069 = CARTESIAN_POINT ( 'NONE',  ( -7.000000000000000000, 0.04962342228723824744, 0.5671983121851676968 ) ) ;
#1070 = CARTESIAN_POINT ( 'NONE',  ( -5.083420832761869512, -1.081105008839334358, 0.9128514024704550422 ) ) ;
#1071 = ORIENTED_EDGE ( 'NONE', *, *, #3288, .T. ) ;
#1072 = CARTESIAN_POINT ( 'NONE',  ( -7.000000000000000888, 0.000000000000000000, -0.000000000000000000 ) ) ;
#1073 = VERTEX_POINT ( 'NONE', #1932 ) ;
#1074 = EDGE_LOOP ( 'NONE', ( #8280, #6118, #1467, #2818 ) ) ;
#1075 = CARTESIAN_POINT ( 'NONE',  ( -7.000000000000000000, 0.1280792385188639082, -0.5547721316411167169 ) ) ;
#1076 = DIRECTION ( 'NONE',  ( -2.220446049250311109E-16, 1.000000000000000000, 0.000000000000000000 ) ) ;
#1077 = AXIS2_PLACEMENT_3D ( 'NONE', #6361, #7672, #5766 ) ;
#1078 = CARTESIAN_POINT ( 'NONE',  ( 0.2500000000000000000, -1.292839910290879191, -1.179434172117745483 ) ) ;
#1079 = ORIENTED_EDGE ( 'NONE', *, *, #2262, .F. ) ;
#1080 = CARTESIAN_POINT ( 'NONE',  ( -0.2406238026544916253, -1.908004274696309122E-16, 0.000000000000000000 ) ) ;
#1081 = CARTESIAN_POINT ( 'NONE',  ( 0.000000000000000000, 0.000000000000000000, 0.000000000000000000 ) ) ;
#1082 = ORIENTED_EDGE ( 'NONE', *, *, #2363, .T. ) ;
#1083 = DIRECTION ( 'NONE',  ( -2.220446049250311109E-16, 1.000000000000000000, 0.000000000000000000 ) ) ;
#1084 = VECTOR ( 'NONE', #5913, 39.37007874015748854 ) ;
#1085 = ORIENTED_EDGE ( 'NONE', *, *, #1355, .T. ) ;
#1086 = ORIENTED_EDGE ( 'NONE', *, *, #7180, .T. ) ;
#1087 = CARTESIAN_POINT ( 'NONE',  ( -0.2500000000000000000, 0.3750000000000000555, -1.709349291397167958 ) ) ;
#1088 = B_SPLINE_CURVE_WITH_KNOTS ( 'NONE', 3,
 ( #6188, #1053, #5473, #6903 ),
 .UNSPECIFIED., .F., .F.,
 ( 4, 4 ),
 ( 2.224515541034981708E-07, 0.01411848006884463234 ),
 .UNSPECIFIED. ) ;
#1089 = CIRCLE ( 'NONE', #1764, 0.4999999999999997780 ) ;
#1090 = VECTOR ( 'NONE', #5020, 39.37007874015748143 ) ;
#1091 = AXIS2_PLACEMENT_3D ( 'NONE', #4847, #6285, #2417 ) ;
#1092 = CARTESIAN_POINT ( 'NONE',  ( -0.2500000000000000000, 2.665803124484934727, -1.972114853420186664 ) ) ;
#1093 = DIRECTION ( 'NONE',  ( -1.000000000000000000, 0.000000000000000000, 0.000000000000000000 ) ) ;
#1094 = EDGE_CURVE ( 'NONE', #176, #5663, #7744, .T. ) ;
#1095 = CARTESIAN_POINT ( 'NONE',  ( 0.2465608283438152915, -2.244354657339966419, 3.735233407328693911 ) ) ;
#1096 = EDGE_LOOP ( 'NONE', ( #7523, #1534, #2634, #5670 ) ) ;
#1097 = VERTEX_POINT ( 'NONE', #2562 ) ;
#1098 = DIRECTION ( 'NONE',  ( 0.000000000000000000, -0.5877852522924684742, -0.8090169943749507819 ) ) ;
#1099 = DIRECTION ( 'NONE',  ( 0.000000000000000000, 0.8660254037844383745, 0.5000000000000004441 ) ) ;
#1100 = FACE_OUTER_BOUND ( 'NONE', #4203, .T. ) ;
#1101 = CARTESIAN_POINT ( 'NONE',  ( 0.2465608283438159853, -3.735233407328684585, -2.244354657339981074 ) ) ;
#1102 = CIRCLE ( 'NONE', #5707, 1.574356589206891588 ) ;
#1103 = DIRECTION ( 'NONE',  ( 0.000000000000000000, -0.5877852522924624790, -0.8090169943749551118 ) ) ;
#1104 = CARTESIAN_POINT ( 'NONE',  ( -7.000000000000000000, 0.4045084971874726154, 0.2938926261462366241 ) ) ;
#1105 = EDGE_CURVE ( 'NONE', #714, #1137, #5298, .T. ) ;
#1106 = DIRECTION ( 'NONE',  ( -1.000000000000000000, -0.000000000000000000, -0.000000000000000000 ) ) ;
#1107 = EDGE_CURVE ( 'NONE', #7546, #5838, #3162, .T. ) ;
#1108 = VECTOR ( 'NONE', #7956, 39.37007874015748143 ) ;
#1109 = EDGE_CURVE ( 'NONE', #7099, #5455, #8301, .T. ) ;
#1110 = CARTESIAN_POINT ( 'NONE',  ( -7.000000000000000000, 0.5414982150262721561, 0.1759434355369977887 ) ) ;
#1111 = AXIS2_PLACEMENT_3D ( 'NONE', #4762, #6635, #2727 ) ;
#1112 = DIRECTION ( 'NONE',  ( -1.000000000000000000, -1.224646799147352714E-16, 0.000000000000000000 ) ) ;
#1113 = ORIENTED_EDGE ( 'NONE', *, *, #5938, .T. ) ;
#1114 = ORIENTED_EDGE ( 'NONE', *, *, #3918, .T. ) ;
#1115 = DIRECTION ( 'NONE',  ( 1.000000000000000000, 0.000000000000000000, 0.000000000000000000 ) ) ;
#1116 = VECTOR ( 'NONE', #4668, 39.37007874015748143 ) ;
#1117 = AXIS2_PLACEMENT_3D ( 'NONE', #4169, #8020, #5315 ) ;
#1118 = EDGE_LOOP ( 'NONE', ( #3626, #3459, #1627, #4310, #7913, #4253, #2773, #194, #6304, #4907, #7197, #1357, #274, #8048, #3451, #3225 ) ) ;
#1119 = CONICAL_SURFACE ( 'NONE', #4499, 4.500000000000000888, 0.5116441634306432285 ) ;
#1120 = TOROIDAL_SURFACE ( 'NONE', #3260, 3.432474503172795899, 0.5000000000000000000 ) ;
#1121 = EDGE_CURVE ( 'NONE', #5537, #7023, #6428, .T. ) ;
#1122 = ORIENTED_EDGE ( 'NONE', *, *, #426, .F. ) ;
#1123 = DIRECTION ( 'NONE',  ( 0.000000000000000000, 0.000000000000000000, -1.000000000000000000 ) ) ;
#1124 = DIRECTION ( 'NONE',  ( -0.8660254037844380415, -0.4755282581475765991, -0.1545084971874777502 ) ) ;
#1125 = DIRECTION ( 'NONE',  ( -0.000000000000000000, -0.6560590289905031680, -0.7547095802227755668 ) ) ;
#1126 = ORIENTED_EDGE ( 'NONE', *, *, #337, .T. ) ;
#1127 = DIRECTION ( 'NONE',  ( 1.000000000000000000, 0.000000000000000000, 0.000000000000000000 ) ) ;
#1128 = ORIENTED_EDGE ( 'NONE', *, *, #5314, .T. ) ;
#1129 = CARTESIAN_POINT ( 'NONE',  ( 0.2500000000000000000, 0.3750000000000117129, 1.709349291397165072 ) ) ;
#1130 = CIRCLE ( 'NONE', #5874, 3.315983005625052549 ) ;
#1131 = ORIENTED_EDGE ( 'NONE', *, *, #235, .T. ) ;
#1132 = ORIENTED_EDGE ( 'NONE', *, *, #5471, .T. ) ;
#1133 = DIRECTION ( 'NONE',  ( -1.000000000000000000, -0.000000000000000000, -0.000000000000000000 ) ) ;
#1134 = DIRECTION ( 'NONE',  ( -0.8660254037844380415, -0.1953655642446329443, -0.4602524267262229074 ) ) ;
#1135 = CARTESIAN_POINT ( 'NONE',  ( -0.2500000000000000000, 1.292839910290887406, 1.179434172117736157 ) ) ;
#1136 = DIRECTION ( 'NONE',  ( 0.8660254037844380415, 0.4045084971874719493, 0.2938926261462407319 ) ) ;
#1137 = VERTEX_POINT ( 'NONE', #4520 ) ;
#1138 = ORIENTED_EDGE ( 'NONE', *, *, #6611, .T. ) ;
#1139 = CARTESIAN_POINT ( 'NONE',  ( 1.549995677804209437, -1.084143214726800305E-14, 3.105109578176981078 ) ) ;
#1140 = PLANE ( 'NONE',  #8126 ) ;
#1141 = DIRECTION ( 'NONE',  ( 0.000000000000000000, 1.000000000000000000, 3.491481338843133355E-15 ) ) ;
#1142 = DIRECTION ( 'NONE',  ( 0.000000000000000000, -1.000000000000000000, -1.047444401652940007E-14 ) ) ;
#1143 = DIRECTION ( 'NONE',  ( 0.000000000000000000, 0.000000000000000000, 1.000000000000000000 ) ) ;
#1144 = DIRECTION ( 'NONE',  ( -0.8719406851971467365, 1.709469488861222329E-15, -0.4896115210020390851 ) ) ;
#1145 = AXIS2_PLACEMENT_3D ( 'NONE', #5857, #8341, #3818 ) ;
#1146 = EDGE_CURVE ( 'NONE', #1137, #8168, #8313, .T. ) ;
#1147 = DIRECTION ( 'NONE',  ( 1.000000000000000000, 0.000000000000000000, 0.000000000000000000 ) ) ;
#1148 = DIRECTION ( 'NONE',  ( 1.224646799147352714E-16, -1.000000000000000000, 0.000000000000000000 ) ) ;
#1149 = EDGE_LOOP ( 'NONE', ( #2698, #4655, #1615, #1079 ) ) ;
#1150 = ORIENTED_EDGE ( 'NONE', *, *, #5942, .F. ) ;
#1151 = EDGE_CURVE ( 'NONE', #6768, #1097, #2762, .T. ) ;
#1152 = DIRECTION ( 'NONE',  ( -1.000000000000000000, -1.224646799147352714E-16, 0.000000000000000000 ) ) ;
#1153 = ORIENTED_EDGE ( 'NONE', *, *, #4949, .F. ) ;
#1154 = ORIENTED_EDGE ( 'NONE', *, *, #6458, .T. ) ;
#1155 = LINE ( 'NONE', #3066, #4747 ) ;
#1156 = EDGE_CURVE ( 'NONE', #4332, #4939, #581, .T. ) ;
#1157 = DIRECTION ( 'NONE',  ( -1.000000000000000000, 2.185478394931410575E-15, 0.000000000000000000 ) ) ;
#1159 = CIRCLE ( 'NONE', #5911, 3.105109578176981522 ) ;
#1158 = FACE_OUTER_BOUND ( 'NONE', #2299, .T. ) ;
#1160 = EDGE_CURVE ( 'NONE', #5655, #8324, #3160, .T. ) ;
#1161 = EDGE_CURVE ( 'NONE', #7728, #1068, #7069, .T. ) ;
#1162 = ORIENTED_EDGE ( 'NONE', *, *, #2858, .T. ) ;
#1163 = CARTESIAN_POINT ( 'NONE',  ( 1.549995677804209437, -2.858268437213578927, 1.213262969563926541 ) ) ;
#1164 = VERTEX_POINT ( 'NONE', #1550 ) ;
#1165 = DIRECTION ( 'NONE',  ( 1.224646799147352714E-16, -1.000000000000000000, 0.000000000000000000 ) ) ;
#1166 = EDGE_CURVE ( 'NONE', #6889, #2273, #6023, .T. ) ;
#1167 = EDGE_LOOP ( 'NONE', ( #7029, #899, #7960, #6641 ) ) ;
#1168 = CIRCLE ( 'NONE', #1300, 4.357648039384080185 ) ;
#1169 = ORIENTED_EDGE ( 'NONE', *, *, #5213, .T. ) ;
#1170 = CARTESIAN_POINT ( 'NONE',  ( -0.2482449321572029743, 0.000000000000000000, 0.000000000000000000 ) ) ;
#1171 = CONICAL_SURFACE ( 'NONE', #1437, 4.500000000000000000, 0.5116441634306432285 ) ;
#1172 = VECTOR ( 'NONE', #7802, 39.37007874015748854 ) ;
#1173 = ORIENTED_EDGE ( 'NONE', *, *, #7799, .F. ) ;
#1174 = DIRECTION ( 'NONE',  ( 1.000000000000000000, 0.000000000000000000, 0.000000000000000000 ) ) ;
#1175 = CONICAL_SURFACE ( 'NONE', #1987, 3.605109578176981966, 0.5235987755983000369 ) ;
#1176 = DIRECTION ( 'NONE',  ( 1.000000000000000000, 0.000000000000000000, 0.000000000000000000 ) ) ;
#1177 = CIRCLE ( 'NONE', #3342, 0.5000000000000000000 ) ;
#1178 = CARTESIAN_POINT ( 'NONE',  ( 0.2500000000000000000, -1.634164925564208026E-16, -1.990929616580802914E-16 ) ) ;
#1179 = ORIENTED_EDGE ( 'NONE', *, *, #5879, .F. ) ;
#1180 = APPROVAL_PERSON_ORGANIZATION ( #2013, #4272, #2691 ) ;
#1181 = VERTEX_POINT ( 'NONE', #5923 ) ;
#1182 = LINE ( 'NONE', #6193, #5243 ) ;
#1183 = CARTESIAN_POINT ( 'NONE',  ( -0.2500000000000000000, 0.7500000000000001110, -1.740780812508624576E-16 ) ) ;
#1184 = EDGE_CURVE ( 'NONE', #2604, #3779, #5375, .T. ) ;
#1185 = CARTESIAN_POINT ( 'NONE',  ( 0.2465608283438158466, -4.245961802445912703, -0.9802575209189575700 ) ) ;
#1186 = CIRCLE ( 'NONE', #2815, 3.105109578176981078 ) ;
#1187 = LINE ( 'NONE', #3130, #5602 ) ;
#1188 = CARTESIAN_POINT ( 'NONE',  ( -0.003439171656184630919, 3.175096684755370546, 2.306842772003614428 ) ) ;
#1189 = DIRECTION ( 'NONE',  ( 0.000000000000000000, 0.000000000000000000, -1.000000000000000000 ) ) ;
#1190 = LINE ( 'NONE', #5221, #7326 ) ;
#1191 = DIRECTION ( 'NONE',  ( 0.000000000000000000, 0.000000000000000000, 1.000000000000000000 ) ) ;
#1192 = ORIENTED_EDGE ( 'NONE', *, *, #6306, .F. ) ;
#1193 = ORIENTED_EDGE ( 'NONE', *, *, #28, .T. ) ;
#1194 = DIRECTION ( 'NONE',  ( 0.000000000000000000, -0.8090169943749402348, -0.5877852522924830181 ) ) ;
#1195 = ADVANCED_FACE ( 'NONE', ( #2140 ), #6835, .T. ) ;
#1196 = ORIENTED_EDGE ( 'NONE', *, *, #6863, .F. ) ;
#1197 = ORIENTED_EDGE ( 'NONE', *, *, #4276, .T. ) ;
#1198 = LINE ( 'NONE', #3780, #3065 ) ;
#1199 = DIRECTION ( 'NONE',  ( 0.000000000000000000, 0.000000000000000000, -1.000000000000000000 ) ) ;
#1200 = VECTOR ( 'NONE', #1808, 39.37007874015748854 ) ;
#1201 = DIRECTION ( 'NONE',  ( 0.000000000000000000, -0.8660254037844328234, 0.5000000000000102141 ) ) ;
#1202 = ORIENTED_EDGE ( 'NONE', *, *, #5523, .T. ) ;
#1203 = LINE ( 'NONE', #5751, #5859 ) ;
#1204 = ADVANCED_FACE ( 'NONE', ( #2099 ), #152, .T. ) ;
#1205 = ORIENTED_EDGE ( 'NONE', *, *, #334, .T. ) ;
#1206 = ORIENTED_EDGE ( 'NONE', *, *, #8102, .T. ) ;
#1207 = EDGE_LOOP ( 'NONE', ( #5399, #5110, #3934, #6332, #8375 ) ) ;
#1208 = CARTESIAN_POINT ( 'NONE',  ( -0.2482449321572051393, 0.000000000000000000, 0.000000000000000000 ) ) ;
#1209 = ADVANCED_FACE ( 'NONE', ( #6642 ), #2055, .F. ) ;
#1210 = EDGE_CURVE ( 'NONE', #5057, #341, #6325, .T. ) ;
#1211 = EDGE_CURVE ( 'NONE', #2236, #1832, #5414, .T. ) ;
#1212 = VERTEX_POINT ( 'NONE', #2735 ) ;
#1213 = CARTESIAN_POINT ( 'NONE',  ( -5.250000000000000000, 0.000000000000000000, 0.000000000000000000 ) ) ;
#1214 = DIRECTION ( 'NONE',  ( 0.000000000000000000, 0.000000000000000000, -1.000000000000000000 ) ) ;
#1215 = CIRCLE ( 'NONE', #1077, 1.000000000000000222 ) ;
#1216 = VECTOR ( 'NONE', #4289, 39.37007874015748143 ) ;
#1217 = PERSON ( 'UNSPECIFIED', 'UNSPECIFIED', 'UNSPECIFIED', ('UNSPECIFIED'), ('UNSPECIFIED'), ('UNSPECIFIED') ) ;
#1218 = CARTESIAN_POINT ( 'NONE',  ( 0.2500000000000000000, 3.007966137197489065, -1.303637357132072960 ) ) ;
#1219 = ORIENTED_EDGE ( 'NONE', *, *, #3701, .T. ) ;
#1220 = VECTOR ( 'NONE', #1136, 39.37007874015748143 ) ;
#1221 = CIRCLE ( 'NONE', #5967, 3.865487205065014198 ) ;
#1222 = ORIENTED_EDGE ( 'NONE', *, *, #7262, .F. ) ;
#1223 = FACE_OUTER_BOUND ( 'NONE', #8199, .T. ) ;
#1224 = EDGE_CURVE ( 'NONE', #5794, #7287, #501, .T. ) ;
#1225 = FACE_OUTER_BOUND ( 'NONE', #8153, .T. ) ;
#1226 = CIRCLE ( 'NONE', #6793, 0.4999999999999998335 ) ;
#1227 = DIRECTION ( 'NONE',  ( -1.000000000000000000, -0.000000000000000000, 0.000000000000000000 ) ) ;
#1228 = DIRECTION ( 'NONE',  ( 0.8944271909999158554, -0.3618033988749910224, 0.2628655560595647978 ) ) ;
#1229 = LINE ( 'NONE', #8339, #1172 ) ;
#1230 = DIRECTION ( 'NONE',  ( 0.000000000000000000, 0.3090169943749447312, 0.9510565162951544194 ) ) ;
#1231 = AXIS2_PLACEMENT_3D ( 'NONE', #5532, #1744, #4330 ) ;
#1232 = DIRECTION ( 'NONE',  ( 1.000000000000000000, 1.224646799147352714E-16, -0.000000000000000000 ) ) ;
#1233 = AXIS2_PLACEMENT_3D ( 'NONE', #6536, #5216, #8254 ) ;
#1234 = FACE_OUTER_BOUND ( 'NONE', #2431, .T. ) ;
#1235 = LINE ( 'NONE', #7724, #3550 ) ;
#1236 = ORIENTED_EDGE ( 'NONE', *, *, #7380, .T. ) ;
#1237 = CARTESIAN_POINT ( 'NONE',  ( 0.2329829950954873385, -1.328003225777370155E-16, 0.000000000000000000 ) ) ;
#1238 = ORIENTED_EDGE ( 'NONE', *, *, #1364, .T. ) ;
#1239 = ORIENTED_EDGE ( 'NONE', *, *, #2128, .T. ) ;
#1240 = VECTOR ( 'NONE', #830, 39.37007874015748143 ) ;
#1241 = ORIENTED_EDGE ( 'NONE', *, *, #642, .T. ) ;
#1242 = CARTESIAN_POINT ( 'NONE',  ( 1.549995677804209437, 0.000000000000000000, 0.000000000000000000 ) ) ;
#1243 = DIRECTION ( 'NONE',  ( -1.000000000000000000, -0.000000000000000000, -0.000000000000000000 ) ) ;
#1244 = EDGE_CURVE ( 'NONE', #2560, #8094, #4770, .T. ) ;
#1245 = CARTESIAN_POINT ( 'NONE',  ( 5.651087907391154571E-17, -1.236067977499806458, 3.804226065180609684 ) ) ;
#1246 = AXIS2_PLACEMENT_3D ( 'NONE', #7174, #4503, #8347 ) ;
#1247 = CIRCLE ( 'NONE', #7610, 4.360605680090435143 ) ;
#1248 = ORIENTED_EDGE ( 'NONE', *, *, #2202, .T. ) ;
#1249 = DIRECTION ( 'NONE',  ( -1.000000000000000000, -1.224646799147352714E-16, 0.000000000000000000 ) ) ;
#1250 = AXIS2_PLACEMENT_3D ( 'NONE', #7134, #3182, #2122 ) ;
#1251 = VERTEX_POINT ( 'NONE', #6733 ) ;
#1252 = ORIENTED_EDGE ( 'NONE', *, *, #5051, .T. ) ;
#1253 = ORIENTED_EDGE ( 'NONE', *, *, #2620, .F. ) ;
#1254 = CARTESIAN_POINT ( 'NONE',  ( 0.1610010175967984125, 3.052759646921694880, 1.329498902029212726 ) ) ;
#1255 = AXIS2_PLACEMENT_3D ( 'NONE', #1903, #1989, #7716 ) ;
#1256 = EDGE_CURVE ( 'NONE', #6467, #7725, #2116, .T. ) ;
#1257 = ORIENTED_EDGE ( 'NONE', *, *, #5669, .F. ) ;
#1258 = CARTESIAN_POINT ( 'NONE',  ( 0.2500000000000000000, -1.667839910290877858, -0.5299151192794155918 ) ) ;
#1259 = LINE ( 'NONE', #7032, #6734 ) ;
#1260 = VERTEX_POINT ( 'NONE', #6695 ) ;
#1261 = CC_DESIGN_PERSON_AND_ORGANIZATION_ASSIGNMENT ( #5799, #7747, ( #7005 ) ) ;
#1262 = CARTESIAN_POINT ( 'NONE',  ( -7.000000000000000000, 0.1545084971874789992, -0.4755282581475746562 ) ) ;
#1263 = CIRCLE ( 'NONE', #2475, 4.360605680090434255 ) ;
#1264 = ORIENTED_EDGE ( 'NONE', *, *, #4322, .T. ) ;
#1265 = ORIENTED_EDGE ( 'NONE', *, *, #7086, .F. ) ;
#1266 = DIRECTION ( 'NONE',  ( 1.000000000000000000, 0.000000000000000000, 0.000000000000000000 ) ) ;
#1267 = DIRECTION ( 'NONE',  ( 0.000000000000000000, 0.000000000000000000, -1.000000000000000000 ) ) ;
#1268 = ADVANCED_FACE ( 'NONE', ( #275 ), #4097, .T. ) ;
#1269 = CARTESIAN_POINT ( 'NONE',  ( 1.549995677804209437, 1.408628533808573113, 3.318520863939795618 ) ) ;
#1270 = CARTESIAN_POINT ( 'NONE',  ( 1.549995677804209659, 2.848721405383343027E-17, 0.000000000000000000 ) ) ;
#1271 = CARTESIAN_POINT ( 'NONE',  ( -7.000000000000000000, 0.5547721316411181602, 0.1280792385188580240 ) ) ;
#1272 = ADVANCED_FACE ( 'NONE', ( #2012 ), #4597, .F. ) ;
#1273 = DIRECTION ( 'NONE',  ( 0.000000000000000000, -0.3090169943749350168, -0.9510565162951577500 ) ) ;
#1274 = AXIS2_PLACEMENT_3D ( 'NONE', #1208, #5883, #7786 ) ;
#1275 = ADVANCED_FACE ( 'NONE', ( #1503 ), #5282, .T. ) ;
#1276 = CARTESIAN_POINT ( 'NONE',  ( -0.003439171656184767528, -0.8828508570840010172, 3.824047188050366586 ) ) ;
#1277 = CARTESIAN_POINT ( 'NONE',  ( 0.2500000000000000000, 0.000000000000000000, 0.8750000000000001110 ) ) ;
#1278 = DIRECTION ( 'NONE',  ( -0.000000000000000000, 1.310441370859486538E-16, -1.000000000000000000 ) ) ;
#1279 = VERTEX_POINT ( 'NONE', #827 ) ;
#1280 = CARTESIAN_POINT ( 'NONE',  ( 5.651087907391154571E-17, -3.804226065180622118, 1.236067977499764714 ) ) ;
#1281 = VERTEX_POINT ( 'NONE', #3413 ) ;
#1282 = FACE_OUTER_BOUND ( 'NONE', #3276, .T. ) ;
#1283 = ORIENTED_EDGE ( 'NONE', *, *, #7489, .F. ) ;
#1284 = ORIENTED_EDGE ( 'NONE', *, *, #1608, .F. ) ;
#1285 = FACE_OUTER_BOUND ( 'NONE', #1339, .T. ) ;
#1286 = DIRECTION ( 'NONE',  ( 0.000000000000000000, 0.000000000000000000, 1.000000000000000000 ) ) ;
#1287 = AXIS2_PLACEMENT_3D ( 'NONE', #1954, #1350, #2626 ) ;
#1288 = LINE ( 'NONE', #1920, #3024 ) ;
#1289 = VERTEX_POINT ( 'NONE', #2780 ) ;
#1290 = FACE_OUTER_BOUND ( 'NONE', #8105, .T. ) ;
#1291 = ORIENTED_EDGE ( 'NONE', *, *, #1151, .F. ) ;
#1292 = ORIENTED_EDGE ( 'NONE', *, *, #5623, .T. ) ;
#1293 = ORIENTED_EDGE ( 'NONE', *, *, #2453, .T. ) ;
#1294 = CARTESIAN_POINT ( 'NONE',  ( -7.000000000000000888, 0.000000000000000000, 0.000000000000000000 ) ) ;
#1295 = VECTOR ( 'NONE', #3582, 39.37007874015748854 ) ;
#1296 = PERSON_AND_ORGANIZATION ( #1217, #2656 ) ;
#1297 = ORIENTED_EDGE ( 'NONE', *, *, #1156, .F. ) ;
#1298 = CARTESIAN_POINT ( 'NONE',  ( -7.000000000000000000, -0.1280792385188600502, 0.5547721316411176051 ) ) ;
#1299 = DIRECTION ( 'NONE',  ( 0.000000000000000000, -0.8660254037844362651, 0.5000000000000038858 ) ) ;
#1300 = AXIS2_PLACEMENT_3D ( 'NONE', #5164, #3245, #33 ) ;
#1301 = DIRECTION ( 'NONE',  ( 0.000000000000000000, -0.5877852522924623679, -0.8090169943749552228 ) ) ;
#1302 = ORIENTED_EDGE ( 'NONE', *, *, #4475, .F. ) ;
#1303 = EDGE_CURVE ( 'NONE', #4300, #331, #4157, .T. ) ;
#1304 = VERTEX_POINT ( 'NONE', #5581 ) ;
#1305 = DIRECTION ( 'NONE',  ( 1.000000000000000000, 0.000000000000000000, 0.000000000000000000 ) ) ;
#1306 = AXIS2_PLACEMENT_3D ( 'NONE', #7239, #7828, #4725 ) ;
#1307 = CARTESIAN_POINT ( 'NONE',  ( -0.01701700490451300493, -1.634164925564209258E-16, 0.000000000000000000 ) ) ;
#1308 = DIRECTION ( 'NONE',  ( 0.000000000000000000, -0.5877852522924713607, -0.8090169943749486725 ) ) ;
#1309 = DIRECTION ( 'NONE',  ( 0.000000000000000000, -0.08715574274764789631, -0.9961946980917464334 ) ) ;
#1310 = VECTOR ( 'NONE', #3979, 39.37007874015748143 ) ;
#1311 = CARTESIAN_POINT ( 'NONE',  ( -0.01701700490451218614, -1.634164925564208026E-16, 0.000000000000000000 ) ) ;
#1312 = DIRECTION ( 'NONE',  ( -0.8719406851971467365, 0.1913064621224722650, 0.4506897813886101556 ) ) ;
#1313 = EDGE_CURVE ( 'NONE', #2048, #7667, #3574, .T. ) ;
#1314 = DIRECTION ( 'NONE',  ( -1.000000000000000000, 0.000000000000000000, -0.000000000000000000 ) ) ;
#1315 = EDGE_CURVE ( 'NONE', #7999, #4724, #6303, .T. ) ;
#1316 = EDGE_CURVE ( 'NONE', #1413, #2123, #8154, .T. ) ;
#1317 = DIRECTION ( 'NONE',  ( 1.000000000000000000, 0.000000000000000000, 0.000000000000000000 ) ) ;
#1318 = LINE ( 'NONE', #6547, #3417 ) ;
#1319 = VERTEX_POINT ( 'NONE', #6171 ) ;
#1320 = EDGE_CURVE ( 'NONE', #3644, #4122, #1591, .T. ) ;
#1321 = DIRECTION ( 'NONE',  ( -1.000000000000000000, 0.000000000000000000, 0.000000000000000000 ) ) ;
#1322 = ORIENTED_EDGE ( 'NONE', *, *, #1156, .T. ) ;
#1323 = DIRECTION ( 'NONE',  ( -1.000000000000000000, -0.000000000000000000, -0.000000000000000000 ) ) ;
#1324 = ORIENTED_EDGE ( 'NONE', *, *, #4843, .T. ) ;
#1325 = ORIENTED_EDGE ( 'NONE', *, *, #1887, .T. ) ;
#1326 = CARTESIAN_POINT ( 'NONE',  ( -0.2406238026544919306, -3.864924714147442320, 0.3381370978690743101 ) ) ;
#1327 = FACE_BOUND ( 'NONE', #6575, .T. ) ;
#1328 = DIRECTION ( 'NONE',  ( -0.000000000000000000, -0.3907311284892679426, -0.9205048534524428172 ) ) ;
#1329 = VERTEX_POINT ( 'NONE', #8189 ) ;
#1330 = VERTEX_POINT ( 'NONE', #8033 ) ;
#1331 = ORIENTED_EDGE ( 'NONE', *, *, #3548, .F. ) ;
#1332 = CIRCLE ( 'NONE', #4991, 0.4999999999999996114 ) ;
#1333 = ORIENTED_EDGE ( 'NONE', *, *, #6238, .F. ) ;
#1334 = LINE ( 'NONE', #6349, #2357 ) ;
#1335 = EDGE_LOOP ( 'NONE', ( #7363, #5785, #1325, #3374, #4680 ) ) ;
#1336 = CARTESIAN_POINT ( 'NONE',  ( -6.881966011250094439, 2.459041548932307072E-15, 0.000000000000000000 ) ) ;
#1337 = CARTESIAN_POINT ( 'NONE',  ( -4.750000000000000000, 0.000000000000000000, 0.000000000000000000 ) ) ;
#1338 = LINE ( 'NONE', #7752, #6234 ) ;
#1339 = EDGE_LOOP ( 'NONE', ( #948, #8068, #3407, #2102 ) ) ;
#1340 = ORIENTED_EDGE ( 'NONE', *, *, #6392, .F. ) ;
#1341 = FACE_OUTER_BOUND ( 'NONE', #5973, .T. ) ;
#1342 = DIRECTION ( 'NONE',  ( 1.000000000000000000, 0.000000000000000000, 0.000000000000000000 ) ) ;
#1343 = LINE ( 'NONE', #874, #7627 ) ;
#1344 = AXIS2_PLACEMENT_3D ( 'NONE', #8297, #1857, #1818 ) ;
#1345 = EDGE_CURVE ( 'NONE', #6084, #1164, #359, .T. ) ;
#1346 = DIRECTION ( 'NONE',  ( -0.8719406851971467365, -0.4196789858499732073, -0.2521685752306743189 ) ) ;
#1347 = CARTESIAN_POINT ( 'NONE',  ( -0.003439171656184494309, -3.824047188050362589, -0.8828508570840142289 ) ) ;
#1348 = CONICAL_SURFACE ( 'NONE', #3656, 4.500000000000000888, 0.5116441634306432285 ) ;
#1349 = LINE ( 'NONE', #3860, #1388 ) ;
#1350 = DIRECTION ( 'NONE',  ( -1.000000000000000000, -1.224646799147352714E-16, 0.000000000000000000 ) ) ;
#1351 = CIRCLE ( 'NONE', #6372, 1.749999999999999556 ) ;
#1352 = CIRCLE ( 'NONE', #4210, 0.1250000000000000278 ) ;
#1353 = CIRCLE ( 'NONE', #2307, 0.4999999999999998890 ) ;
#1354 = CARTESIAN_POINT ( 'NONE',  ( -7.000000000000000000, -0.4602524267262210755, 0.1953655642446338048 ) ) ;
#1355 = EDGE_CURVE ( 'NONE', #6627, #2652, #1843, .T. ) ;
#1356 = CARTESIAN_POINT ( 'NONE',  ( -0.2482449321572040568, 4.344012258974841778, -0.3800518268779398134 ) ) ;
#1357 = ORIENTED_EDGE ( 'NONE', *, *, #8230, .F. ) ;
#1358 = AXIS2_PLACEMENT_3D ( 'NONE', #6419, #643, #559 ) ;
#1359 = PLANE ( 'NONE',  #3277 ) ;
#1360 = VERTEX_POINT ( 'NONE', #6813 ) ;
#1361 = CARTESIAN_POINT ( 'NONE',  ( -4.750000000000000000, 0.000000000000000000, 0.000000000000000000 ) ) ;
#1362 = EDGE_CURVE ( 'NONE', #3733, #6588, #2945, .T. ) ;
#1363 = EDGE_LOOP ( 'NONE', ( #7101, #2408, #237, #1923 ) ) ;
#1364 = EDGE_CURVE ( 'NONE', #4271, #6893, #4853, .T. ) ;
#1365 = FACE_OUTER_BOUND ( 'NONE', #432, .T. ) ;
#1366 = DIRECTION ( 'NONE',  ( 0.000000000000000000, -0.5150380749100581523, 0.8571673007021100021 ) ) ;
#1367 = FACE_OUTER_BOUND ( 'NONE', #3867, .T. ) ;
#1368 = EDGE_LOOP ( 'NONE', ( #66, #1265, #2685, #1426 ) ) ;
#1369 = ORIENTED_EDGE ( 'NONE', *, *, #6289, .T. ) ;
#1370 = VECTOR ( 'NONE', #5126, 39.37007874015748143 ) ;
#1371 = EDGE_CURVE ( 'NONE', #2049, #5534, #6186, .T. ) ;
#1372 = EDGE_CURVE ( 'NONE', #4939, #5555, #632, .T. ) ;
#1373 = ORIENTED_EDGE ( 'NONE', *, *, #5261, .F. ) ;
#1374 = VERTEX_POINT ( 'NONE', #3533 ) ;
#1375 = AXIS2_PLACEMENT_3D ( 'NONE', #2251, #6799, #7471 ) ;
#1376 = EDGE_CURVE ( 'NONE', #1870, #4274, #1984, .T. ) ;
#1377 = EDGE_LOOP ( 'NONE', ( #7532, #5012, #2390, #1138 ) ) ;
#1378 = DIRECTION ( 'NONE',  ( 1.000000000000000000, 0.000000000000000000, 0.000000000000000000 ) ) ;
#1379 = CIRCLE ( 'NONE', #7344, 1.000000000000000222 ) ;
#1380 = VECTOR ( 'NONE', #5486, 39.37007874015748143 ) ;
#1381 = DIRECTION ( 'NONE',  ( 1.000000000000000000, 0.000000000000000000, 0.000000000000000000 ) ) ;
#1382 = AXIS2_PLACEMENT_3D ( 'NONE', #2463, #5011, #1745 ) ;
#1383 = ORIENTED_EDGE ( 'NONE', *, *, #3333, .F. ) ;
#1384 = DIRECTION ( 'NONE',  ( -0.000000000000000000, 0.3090169943749349613, 0.9510565162951576390 ) ) ;
#1385 = CARTESIAN_POINT ( 'NONE',  ( 1.549995677804209437, -1.114040126240600337, 3.428662956283285990 ) ) ;
#1386 = CARTESIAN_POINT ( 'NONE',  ( -5.250000000000000000, 0.000000000000000000, 0.000000000000000000 ) ) ;
#1387 = VECTOR ( 'NONE', #5609, 39.37007874015748143 ) ;
#1388 = VECTOR ( 'NONE', #6540, 39.37007874015748143 ) ;
#1389 = ORIENTED_EDGE ( 'NONE', *, *, #5772, .T. ) ;
#1390 = ORIENTED_EDGE ( 'NONE', *, *, #6611, .F. ) ;
#1391 = DIRECTION ( 'NONE',  ( -1.000000000000000000, -0.000000000000000000, -0.000000000000000000 ) ) ;
#1392 = AXIS2_PLACEMENT_3D ( 'NONE', #6033, #4620, #807 ) ;
#1393 = CARTESIAN_POINT ( 'NONE',  ( 0.2500000000000000000, -1.292839910290879191, -1.179434172117745483 ) ) ;
#1394 = CARTESIAN_POINT ( 'NONE',  ( 1.549995677804209437, -3.605109578176981078, 0.000000000000000000 ) ) ;
#1395 = CARTESIAN_POINT ( 'NONE',  ( 0.2500000000000000000, 0.000000000000000000, 0.000000000000000000 ) ) ;
#1396 = AXIS2_PLACEMENT_3D ( 'NONE', #6475, #60, #7859 ) ;
#1397 = CARTESIAN_POINT ( 'NONE',  ( 1.549995677804209659, 2.848721405383343027E-17, 0.000000000000000000 ) ) ;
#1398 = CARTESIAN_POINT ( 'NONE',  ( 0.2329829950954884210, -2.917320225891127272, 2.535987782330167306 ) ) ;
#1399 = DIRECTION ( 'NONE',  ( 0.000000000000000000, -0.9510565162951565288, 0.3090169943749382364 ) ) ;
#1400 = CARTESIAN_POINT ( 'NONE',  ( 0.2329829950954876161, -1.194501237903971447, -3.676296795032634179 ) ) ;
#1401 = CARTESIAN_POINT ( 'NONE',  ( -4.916740731349261928, 0.2499999999999998612, 1.473597305286191483 ) ) ;
#1402 = ORIENTED_EDGE ( 'NONE', *, *, #8239, .T. ) ;
#1403 = FACE_OUTER_BOUND ( 'NONE', #869, .T. ) ;
#1404 = ORIENTED_EDGE ( 'NONE', *, *, #6024, .T. ) ;
#1405 = CARTESIAN_POINT ( 'NONE',  ( -0.2406238026544910980, -3.138733604700465918, -2.280423447894497802 ) ) ;
#1406 = EDGE_LOOP ( 'NONE', ( #5115, #3663, #6421, #1196 ) ) ;
#1407 = EDGE_CURVE ( 'NONE', #5450, #6377, #6890, .T. ) ;
#1408 = DIRECTION ( 'NONE',  ( -1.000000000000000000, 0.000000000000000000, 0.000000000000000000 ) ) ;
#1409 = DIRECTION ( 'NONE',  ( -1.000000000000000000, -1.224646799147352714E-16, 0.000000000000000000 ) ) ;
#1410 = ORIENTED_EDGE ( 'NONE', *, *, #8147, .T. ) ;
#1411 = ORIENTED_EDGE ( 'NONE', *, *, #486, .T. ) ;
#1412 = ORIENTED_EDGE ( 'NONE', *, *, #3591, .T. ) ;
#1413 = VERTEX_POINT ( 'NONE', #3659 ) ;
#1414 = EDGE_CURVE ( 'NONE', #695, #3281, #4690, .T. ) ;
#1415 = ORIENTED_EDGE ( 'NONE', *, *, #5058, .T. ) ;
#1416 = CARTESIAN_POINT ( 'NONE',  ( 0.000000000000000000, 0.000000000000000000, 0.000000000000000000 ) ) ;
#1417 = CONICAL_SURFACE ( 'NONE', #2100, 4.500000000000000000, 0.5116441634306432285 ) ;
#1418 = ADVANCED_FACE ( 'NONE', ( #6253 ), #5621, .T. ) ;
#1419 = EDGE_CURVE ( 'NONE', #7796, #2604, #8205, .T. ) ;
#1420 = EDGE_LOOP ( 'NONE', ( #6012, #2009, #6562, #4934, #5715, #3543, #7072, #769 ) ) ;
#1421 = DIRECTION ( 'NONE',  ( 0.000000000000000000, 0.000000000000000000, 1.000000000000000000 ) ) ;
#1422 = EDGE_CURVE ( 'NONE', #318, #5483, #6293, .T. ) ;
#1423 = CARTESIAN_POINT ( 'NONE',  ( -0.2482449321572040568, 4.013958692515546822, -1.703824378278420815 ) ) ;
#1424 = FACE_OUTER_BOUND ( 'NONE', #7067, .T. ) ;
#1425 = ORIENTED_EDGE ( 'NONE', *, *, #120, .T. ) ;
#1426 = ORIENTED_EDGE ( 'NONE', *, *, #1531, .F. ) ;
#1427 = DIRECTION ( 'NONE',  ( -0.8719406851971467365, 0.04267245577073833923, 0.4877484013468670887 ) ) ;
#1428 = CARTESIAN_POINT ( 'NONE',  ( 0.2500000000000000000, 0.7500000000000001110, -1.740780812508624576E-16 ) ) ;
#1429 = CARTESIAN_POINT ( 'NONE',  ( -7.000000000000000000, 0.1759434355369958736, 0.5414982150262728222 ) ) ;
#1430 = VECTOR ( 'NONE', #8078, 39.37007874015748143 ) ;
#1431 = DIRECTION ( 'NONE',  ( 0.8660254037844380415, 0.1545084971874694513, 0.4755282581475792081 ) ) ;
#1432 = CARTESIAN_POINT ( 'NONE',  ( -7.000000000000000000, -1.987926984766436125E-15, 0.5693649175925756811 ) ) ;
#1433 = FACE_OUTER_BOUND ( 'NONE', #373, .T. ) ;
#1434 = CLOSED_SHELL ( 'NONE', ( #4986, #135, #391, #2093, #3446, #74, #5372, #3648, #4895, #6153, #6567, #1629, #4900, #2485, #6047, #7490, #4645, #5083, #1581, #799, #6351, #6809, #2088, #3389, #6095, #5769, #4539, #5426, #856 ) ) ;
#1435 = CONICAL_SURFACE ( 'NONE', #903, 3.105109578176981078, 0.5235987755983000369 ) ;
#1436 = CARTESIAN_POINT ( 'NONE',  ( 0.2500000000000000000, 1.667839910290881189, 0.5299151192794037124 ) ) ;
#1437 = AXIS2_PLACEMENT_3D ( 'NONE', #8318, #1127, #3710 ) ;
#1438 = CARTESIAN_POINT ( 'NONE',  ( -0.003439171656184630919, 1.212779016009484900, -3.732550011803850154 ) ) ;
#1439 = CIRCLE ( 'NONE', #5918, 0.4999999999999997224 ) ;
#1440 = CARTESIAN_POINT ( 'NONE',  ( 1.549995677804209659, 2.848721405383343027E-17, 0.000000000000000000 ) ) ;
#1441 = ORIENTED_EDGE ( 'NONE', *, *, #3120, .T. ) ;
#1442 = LINE ( 'NONE', #1484, #5591 ) ;
#1443 = ORIENTED_EDGE ( 'NONE', *, *, #4691, .T. ) ;
#1444 = CARTESIAN_POINT ( 'NONE',  ( 0.000000000000000000, 0.000000000000000000, 0.000000000000000000 ) ) ;
#1445 = PLANE ( 'NONE',  #305 ) ;
#1446 = EDGE_LOOP ( 'NONE', ( #7688, #4694, #8292, #6900 ) ) ;
#1447 = VECTOR ( 'NONE', #4106, 39.37007874015748143 ) ;
#1448 = PLANE ( 'NONE',  #7322 ) ;
#1449 = FACE_OUTER_BOUND ( 'NONE', #1844, .T. ) ;
#1450 = CARTESIAN_POINT ( 'NONE',  ( -5.250000000000000000, -0.9635254915624211769, -0.2676165673298175895 ) ) ;
#1451 = EDGE_LOOP ( 'NONE', ( #4472, #6358, #7233, #3612, #6388, #2358, #689, #2051 ) ) ;
#1452 = VECTOR ( 'NONE', #6230, 39.37007874015748143 ) ;
#1453 = ORIENTED_EDGE ( 'NONE', *, *, #652, .T. ) ;
#1454 = EDGE_CURVE ( 'NONE', #629, #6221, #6131, .T. ) ;
#1455 = ORIENTED_EDGE ( 'NONE', *, *, #490, .F. ) ;
#1456 = ORIENTED_EDGE ( 'NONE', *, *, #8204, .T. ) ;
#1457 = EDGE_LOOP ( 'NONE', ( #547, #446, #580, #3764 ) ) ;
#1458 = DIRECTION ( 'NONE',  ( 1.000000000000000000, 0.000000000000000000, 0.000000000000000000 ) ) ;
#1459 = VERTEX_POINT ( 'NONE', #5496 ) ;
#1460 = ADVANCED_FACE ( 'NONE', ( #1038 ), #7811, .T. ) ;
#1461 = DIRECTION ( 'NONE',  ( 1.000000000000000000, 0.000000000000000000, 0.000000000000000000 ) ) ;
#1462 = CARTESIAN_POINT ( 'NONE',  ( 1.549995677804209437, 3.105109578176981078, 0.000000000000000000 ) ) ;
#1463 = DIRECTION ( 'NONE',  ( 1.000000000000000000, 0.000000000000000000, 0.000000000000000000 ) ) ;
#1464 = ADVANCED_FACE ( 'NONE', ( #6378 ), #1435, .T. ) ;
#1465 = VERTEX_POINT ( 'NONE', #7689 ) ;
#1466 = EDGE_CURVE ( 'NONE', #5183, #5968, #7144, .T. ) ;
#1467 = ORIENTED_EDGE ( 'NONE', *, *, #6599, .T. ) ;
#1468 = FACE_OUTER_BOUND ( 'NONE', #4862, .T. ) ;
#1469 = DIRECTION ( 'NONE',  ( -1.000000000000000000, 0.000000000000000000, 0.000000000000000000 ) ) ;
#1470 = EDGE_CURVE ( 'NONE', #7655, #3715, #5093, .T. ) ;
#1471 = VECTOR ( 'NONE', #3042, 39.37007874015748143 ) ;
#1472 = DIRECTION ( 'NONE',  ( 0.000000000000000000, 0.9205048534524414849, -0.3907311284892713843 ) ) ;
#1473 = DIRECTION ( 'NONE',  ( 0.8660254037844379305, 0.1124755271719347499, -0.4871850323926181781 ) ) ;
#1474 = CARTESIAN_POINT ( 'NONE',  ( 1.549995677804209437, -2.119030242950782128, 2.916594915329065785 ) ) ;
#1475 = LINE ( 'NONE', #3385, #8125 ) ;
#1476 = ORIENTED_EDGE ( 'NONE', *, *, #5784, .F. ) ;
#1477 = ADVANCED_FACE ( 'NONE', ( #7778 ), #4460, .F. ) ;
#1478 = ORIENTED_EDGE ( 'NONE', *, *, #7024, .F. ) ;
#1479 = DIRECTION ( 'NONE',  ( 0.000000000000000000, 1.000000000000000000, 3.491481338843133355E-15 ) ) ;
#1480 = VECTOR ( 'NONE', #43, 39.37007874015748143 ) ;
#1481 = DIRECTION ( 'NONE',  ( 0.000000000000000000, -0.000000000000000000, 1.000000000000000000 ) ) ;
#1482 = DIRECTION ( 'NONE',  ( -0.000000000000000000, -3.346785393192879941E-17, 1.000000000000000000 ) ) ;
#1483 = ORIENTED_EDGE ( 'NONE', *, *, #7020, .T. ) ;
#1484 = CARTESIAN_POINT ( 'NONE',  ( 1.549995677804209437, 1.213262969563937421, 2.858268437213574487 ) ) ;
#1485 = ORIENTED_EDGE ( 'NONE', *, *, #1345, .T. ) ;
#1486 = CARTESIAN_POINT ( 'NONE',  ( -7.000000000000000000, 0.04962342228723824744, 0.5671983121851676968 ) ) ;
#1487 = CARTESIAN_POINT ( 'NONE',  ( 1.549995677804209437, -0.6984976734641584750, 3.025525820853557146 ) ) ;
#1488 = AXIS2_PLACEMENT_3D ( 'NONE', #7820, #14, #737 ) ;
#1489 = CONICAL_SURFACE ( 'NONE', #2702, 3.105109578176981078, 0.5235987755983000369 ) ;
#1490 = ORIENTED_EDGE ( 'NONE', *, *, #5868, .F. ) ;
#1491 = CIRCLE ( 'NONE', #5148, 0.4999999999999999445 ) ;
#1492 = AXIS2_PLACEMENT_3D ( 'NONE', #7226, #7183, #224 ) ;
#1493 = CARTESIAN_POINT ( 'NONE',  ( 0.000000000000000000, 0.000000000000000000, 0.000000000000000000 ) ) ;
#1494 = DIRECTION ( 'NONE',  ( -1.000000000000000000, 0.000000000000000000, 0.000000000000000000 ) ) ;
#1495 = AXIS2_PLACEMENT_3D ( 'NONE', #2583, #7640, #1824 ) ;
#1496 = DIRECTION ( 'NONE',  ( 1.000000000000000000, 0.000000000000000000, 0.000000000000000000 ) ) ;
#1497 = ORIENTED_EDGE ( 'NONE', *, *, #6202, .T. ) ;
#1498 = ORIENTED_EDGE ( 'NONE', *, *, #107, .T. ) ;
#1499 = ORIENTED_EDGE ( 'NONE', *, *, #5674, .F. ) ;
#1500 = AXIS2_PLACEMENT_3D ( 'NONE', #3948, #728, #1481 ) ;
#1501 = VERTEX_POINT ( 'NONE', #1326 ) ;
#1502 = VERTEX_POINT ( 'NONE', #8356 ) ;
#1503 = FACE_OUTER_BOUND ( 'NONE', #5369, .T. ) ;
#1504 = EDGE_CURVE ( 'NONE', #4300, #6086, #1198, .T. ) ;
#1505 = DIRECTION ( 'NONE',  ( 0.000000000000000000, 0.8090169943749445647, 0.5877852522924771339 ) ) ;
#1506 = VERTEX_POINT ( 'NONE', #3151 ) ;
#1507 = FACE_OUTER_BOUND ( 'NONE', #3498, .T. ) ;
#1508 = DIRECTION ( 'NONE',  ( 0.000000000000000000, 0.6560590289905000594, 0.7547095802227781203 ) ) ;
#1509 = CARTESIAN_POINT ( 'NONE',  ( -5.250000000000000000, -0.2500000000000000000, -1.311574639720071156 ) ) ;
#1510 = ORIENTED_EDGE ( 'NONE', *, *, #3137, .F. ) ;
#1511 = CIRCLE ( 'NONE', #835, 1.750000000000000222 ) ;
#1512 = ORIENTED_EDGE ( 'NONE', *, *, #4630, .T. ) ;
#1513 = LINE ( 'NONE', #8002, #4511 ) ;
#1514 = EDGE_CURVE ( 'NONE', #2011, #7563, #3741, .T. ) ;
#1515 = DIRECTION ( 'NONE',  ( 0.000000000000000000, 0.9205048534524452597, -0.3907311284892618919 ) ) ;
#1516 = EDGE_CURVE ( 'NONE', #1304, #1413, #6427, .T. ) ;
#1517 = DIRECTION ( 'NONE',  ( 0.8944271909999158554, 0.3618033988749929653, -0.2628655560595620777 ) ) ;
#1518 = VECTOR ( 'NONE', #4711, 39.37007874015748854 ) ;
#1519 = AXIS2_PLACEMENT_3D ( 'NONE', #6631, #7936, #5359 ) ;
#1520 = DIRECTION ( 'NONE',  ( 0.000000000000000000, -0.8090169943749424553, -0.5877852522924801315 ) ) ;
#1521 = CARTESIAN_POINT ( 'NONE',  ( 1.549995677804209659, 2.848721405383343027E-17, 0.000000000000000000 ) ) ;
#1522 = AXIS2_PLACEMENT_3D ( 'NONE', #7414, #2108, #3375 ) ;
#1523 = CARTESIAN_POINT ( 'NONE',  ( -0.003439171656184767528, -1.212779016009459143, 3.732550011803859480 ) ) ;
#1524 = AXIS2_PLACEMENT_3D ( 'NONE', #4887, #7476, #4412 ) ;
#1525 = EDGE_LOOP ( 'NONE', ( #6272, #822, #3892, #4651, #6681, #5722, #191, #8161 ) ) ;
#1526 = CARTESIAN_POINT ( 'NONE',  ( -0.003439171656184904138, -2.306842772003625086, 3.175096684755362553 ) ) ;
#1527 = EDGE_CURVE ( 'NONE', #2445, #3144, #7712, .T. ) ;
#1528 = DIRECTION ( 'NONE',  ( -1.000000000000000000, 0.000000000000000000, 0.000000000000000000 ) ) ;
#1529 = EDGE_CURVE ( 'NONE', #3615, #2207, #1625, .T. ) ;
#1530 = AXIS2_PLACEMENT_3D ( 'NONE', #4874, #7467, #3600 ) ;
#1531 = EDGE_CURVE ( 'NONE', #4998, #1911, #1221, .T. ) ;
#1532 = EDGE_CURVE ( 'NONE', #5976, #5374, #3917, .T. ) ;
#1533 = FACE_OUTER_BOUND ( 'NONE', #6444, .T. ) ;
#1534 = ORIENTED_EDGE ( 'NONE', *, *, #6300, .T. ) ;
#1535 = CARTESIAN_POINT ( 'NONE',  ( -0.2482449321572029743, -0.3800518268778942943, -4.344012258974846219 ) ) ;
#1536 = DIRECTION ( 'NONE',  ( 1.232246991851730235E-16, -1.000000000000000000, 0.000000000000000000 ) ) ;
#1537 = DIRECTION ( 'NONE',  ( -1.000000000000000000, 0.000000000000000000, -0.000000000000000000 ) ) ;
#1538 = ADVANCED_FACE ( 'NONE', ( #1285 ), #5563, .T. ) ;
#1539 = AXIS2_PLACEMENT_3D ( 'NONE', #2399, #2996, #6266 ) ;
#1540 = ORIENTED_EDGE ( 'NONE', *, *, #3393, .T. ) ;
#1541 = CIRCLE ( 'NONE', #1941, 4.360605680090435143 ) ;
#1542 = FACE_OUTER_BOUND ( 'NONE', #2034, .T. ) ;
#1543 = B_SPLINE_CURVE_WITH_KNOTS ( 'NONE', 3,
 ( #7371, #7998, #6651, #1509 ),
 .UNSPECIFIED., .F., .F.,
 ( 4, 4 ),
 ( 0.02617723295518411750, 0.04029548260209397242 ),
 .UNSPECIFIED. ) ;
#1544 = DIRECTION ( 'NONE',  ( 0.000000000000000000, -0.9961946980917465444, 0.08715574274764793794 ) ) ;
#1545 = DIRECTION ( 'NONE',  ( 0.000000000000000000, 0.000000000000000000, -1.000000000000000000 ) ) ;
#1546 = VERTEX_POINT ( 'NONE', #1963 ) ;
#1547 = ORIENTED_EDGE ( 'NONE', *, *, #7125, .T. ) ;
#1548 = EDGE_LOOP ( 'NONE', ( #1173, #771, #7911, #8188, #1085, #7580, #872, #1750, #833, #2398, #1802, #5151, #4402, #6008, #3831, #644, #1913, #1113, #995, #2052, #6743, #5039, #2248 ) ) ;
#1549 = VERTEX_POINT ( 'NONE', #2424 ) ;
#1550 = CARTESIAN_POINT ( 'NONE',  ( 0.2465608283438156800, 3.735233407328702349, 2.244354657339953985 ) ) ;
#1551 = DIRECTION ( 'NONE',  ( -1.236773978361170610E-16, 1.000000000000000000, 0.000000000000000000 ) ) ;
#1552 = ORIENTED_EDGE ( 'NONE', *, *, #4642, .F. ) ;
#1553 = DIRECTION ( 'NONE',  ( -1.000000000000000000, -1.224646799147352714E-16, 0.000000000000000000 ) ) ;
#1554 = DIRECTION ( 'NONE',  ( 1.000000000000000000, 0.000000000000000000, 0.000000000000000000 ) ) ;
#1555 = CARTESIAN_POINT ( 'NONE',  ( 0.07199504484766078294, -3.097542741169275082, -1.355354433548223936 ) ) ;
#1556 = EDGE_LOOP ( 'NONE', ( #538, #478, #2060, #5668 ) ) ;
#1557 = CIRCLE ( 'NONE', #6977, 4.357648039384080185 ) ;
#1558 = ORIENTED_EDGE ( 'NONE', *, *, #2775, .T. ) ;
#1559 = FACE_OUTER_BOUND ( 'NONE', #1828, .T. ) ;
#1560 = DIRECTION ( 'NONE',  ( -1.000000000000000000, 0.000000000000000000, 0.000000000000000000 ) ) ;
#1561 = DIRECTION ( 'NONE',  ( 0.000000000000000000, 0.000000000000000000, -1.000000000000000000 ) ) ;
#1562 = CARTESIAN_POINT ( 'NONE',  ( 0.2329829950954878659, -2.535987782330156204, -2.917320225891137486 ) ) ;
#1563 = EDGE_CURVE ( 'NONE', #2764, #7629, #1353, .T. ) ;
#1564 = DIRECTION ( 'NONE',  ( 0.000000000000000000, 0.8660254037844385966, 0.5000000000000001110 ) ) ;
#1565 = ORIENTED_EDGE ( 'NONE', *, *, #5560, .T. ) ;
#1566 = DIRECTION ( 'NONE',  ( -1.236773978361170610E-16, 1.000000000000000000, 0.000000000000000000 ) ) ;
#1567 = AXIS2_PLACEMENT_3D ( 'NONE', #6707, #251, #5433 ) ;
#1568 = CARTESIAN_POINT ( 'NONE',  ( 1.549995677804209437, -3.090182045861277871, -1.856768696984096634 ) ) ;
#1569 = DIRECTION ( 'NONE',  ( 0.000000000000000000, 0.5877852522924713607, 0.8090169943749486725 ) ) ;
#1570 = EDGE_LOOP ( 'NONE', ( #8330, #1898, #2428, #5404, #2786, #3455, #7658, #1810 ) ) ;
#1571 = FACE_BOUND ( 'NONE', #6586, .T. ) ;
#1572 = DIRECTION ( 'NONE',  ( -1.000000000000000000, -1.224646799147352714E-16, 0.000000000000000000 ) ) ;
#1573 = ADVANCED_FACE ( 'NONE', ( #3231 ), #6368, .T. ) ;
#1574 = CARTESIAN_POINT ( 'NONE',  ( 1.549995677804209437, 3.318520863939809384, -1.408628533808538696 ) ) ;
#1575 = ORIENTED_EDGE ( 'NONE', *, *, #7748, .T. ) ;
#1576 = AXIS2_PLACEMENT_3D ( 'NONE', #3084, #6396, #3802 ) ;
#1577 = EDGE_CURVE ( 'NONE', #6889, #5555, #1155, .T. ) ;
#1578 = EDGE_CURVE ( 'NONE', #7795, #110, #8228, .T. ) ;
#1579 = AXIS2_PLACEMENT_3D ( 'NONE', #1188, #7675, #3770 ) ;
#1580 = AXIS2_PLACEMENT_3D ( 'NONE', #6566, #106, #7364 ) ;
#1581 = ADVANCED_FACE ( 'NONE', ( #7650 ), #7309, .T. ) ;
#1582 = DIRECTION ( 'NONE',  ( 1.224646799147352714E-16, -1.000000000000000000, 0.000000000000000000 ) ) ;
#1583 = CARTESIAN_POINT ( 'NONE',  ( -7.087718996171313179, 0.000000000000000000, 0.000000000000000000 ) ) ;
#1584 = ORIENTED_EDGE ( 'NONE', *, *, #3022, .F. ) ;
#1585 = CIRCLE ( 'NONE', #94, 0.4999999999999997780 ) ;
#1586 = DIRECTION ( 'NONE',  ( 0.000000000000000000, 0.000000000000000000, 1.000000000000000000 ) ) ;
#1587 = VECTOR ( 'NONE', #6317, 39.37007874015748143 ) ;
#1588 = LOCAL_TIME ( 20, 27, 29.00000000000000000, #5285 ) ;
#1589 = ORIENTED_EDGE ( 'NONE', *, *, #2206, .T. ) ;
#1590 = ORIENTED_EDGE ( 'NONE', *, *, #1454, .T. ) ;
#1591 = LINE ( 'NONE', #2861, #4290 ) ;
#1592 = AXIS2_PLACEMENT_3D ( 'NONE', #4658, #5470, #4698 ) ;
#1593 = CARTESIAN_POINT ( 'NONE',  ( -7.000000000000000888, 0.4980973490458718844, -0.04357787137382910375 ) ) ;
#1594 = ORIENTED_EDGE ( 'NONE', *, *, #592, .T. ) ;
#1595 = CARTESIAN_POINT ( 'NONE',  ( -0.003439171656184630919, 3.612645876192234873, -1.533477194327030668 ) ) ;
#1596 = DIRECTION ( 'NONE',  ( 0.000000000000000000, -0.8660254037844388186, 0.4999999999999997224 ) ) ;
#1597 = LINE ( 'NONE', #5502, #1430 ) ;
#1598 = ORIENTED_EDGE ( 'NONE', *, *, #3547, .F. ) ;
#1599 = VERTEX_POINT ( 'NONE', #4088 ) ;
#1600 = DIRECTION ( 'NONE',  ( 0.000000000000000000, -0.8090169943749504489, 0.5877852522924689183 ) ) ;
#1601 = DIRECTION ( 'NONE',  ( 0.000000000000000000, 0.3090169943749481174, -0.9510565162951533091 ) ) ;
#1602 = CARTESIAN_POINT ( 'NONE',  ( -4.750000000000000000, 0.000000000000000000, 0.000000000000000000 ) ) ;
#1603 = DIRECTION ( 'NONE',  ( 0.000000000000000000, -0.8090169943749465631, -0.5877852522924742473 ) ) ;
#1604 = CARTESIAN_POINT ( 'NONE',  ( 5.463695987328526437E-16, -1.613325104976821809E-16, 0.000000000000000000 ) ) ;
#1605 = ORIENTED_EDGE ( 'NONE', *, *, #5427, .F. ) ;
#1606 = LINE ( 'NONE', #2244, #745 ) ;
#1607 = VECTOR ( 'NONE', #2588, 39.37007874015748143 ) ;
#1608 = EDGE_CURVE ( 'NONE', #2115, #234, #416, .T. ) ;
#1609 = DIRECTION ( 'NONE',  ( 0.000000000000000000, -0.5877852522924802425, 0.8090169943749422332 ) ) ;
#1610 = CARTESIAN_POINT ( 'NONE',  ( 5.651087907391154571E-17, -3.897480259140933878, -0.8998042173754897677 ) ) ;
#1611 = ORIENTED_EDGE ( 'NONE', *, *, #1527, .F. ) ;
#1612 = CARTESIAN_POINT ( 'NONE',  ( -0.2406238026544925690, 3.780251944050277313, 0.8727399283217830428 ) ) ;
#1613 = DIRECTION ( 'NONE',  ( 1.224646799147352714E-16, -1.000000000000000000, 0.000000000000000000 ) ) ;
#1614 = CARTESIAN_POINT ( 'NONE',  ( -4.916740569567934926, 1.151172769205571766, -0.9533050427794153014 ) ) ;
#1615 = ORIENTED_EDGE ( 'NONE', *, *, #746, .F. ) ;
#1616 = EDGE_CURVE ( 'NONE', #7948, #7784, #3313, .T. ) ;
#1617 = DIRECTION ( 'NONE',  ( 0.000000000000000000, 0.8090169943749402348, 0.5877852522924830181 ) ) ;
#1618 = DIRECTION ( 'NONE',  ( -0.8719406851971466255, 0.4770628094383535522, 0.1101386278683157277 ) ) ;
#1619 = ORIENTED_EDGE ( 'NONE', *, *, #7985, .F. ) ;
#1620 = CIRCLE ( 'NONE', #4734, 1.335188389537908638 ) ;
#1621 = EDGE_CURVE ( 'NONE', #4144, #1546, #3458, .T. ) ;
#1622 = CARTESIAN_POINT ( 'NONE',  ( -7.000000000000000000, -0.5241031700295161189, 0.2224685967731461211 ) ) ;
#1623 = ORIENTED_EDGE ( 'NONE', *, *, #1062, .F. ) ;
#1624 = CIRCLE ( 'NONE', #139, 3.879688098672755103 ) ;
#1625 = CIRCLE ( 'NONE', #6914, 3.605109578176981966 ) ;
#1626 = EDGE_CURVE ( 'NONE', #138, #2273, #5274, .T. ) ;
#1627 = ORIENTED_EDGE ( 'NONE', *, *, #6392, .T. ) ;
#1628 = CARTESIAN_POINT ( 'NONE',  ( 1.549995677804209437, 0.000000000000000000, 0.000000000000000000 ) ) ;
#1629 = ADVANCED_FACE ( 'NONE', ( #736 ), #817, .F. ) ;
#1630 = CARTESIAN_POINT ( 'NONE',  ( 1.549995677804209437, -1.856768696984084421, 3.090182045861284976 ) ) ;
#1632 = CIRCLE ( 'NONE', #7460, 3.605109578176981078 ) ;
#1631 = DIRECTION ( 'NONE',  ( 1.000000000000000000, 0.000000000000000000, 0.000000000000000000 ) ) ;
#1633 = ADVANCED_FACE ( 'NONE', ( #5228 ), #2044, .T. ) ;
#1634 = ADVANCED_FACE ( 'NONE', ( #141 ), #281, .T. ) ;
#1635 = VERTEX_POINT ( 'NONE', #3404 ) ;
#1636 = DIRECTION ( 'NONE',  ( 1.232246991851730235E-16, -1.000000000000000000, 0.000000000000000000 ) ) ;
#1637 = DIRECTION ( 'NONE',  ( 1.000000000000000000, 0.000000000000000000, 0.000000000000000000 ) ) ;
#1638 = CIRCLE ( 'NONE', #1091, 0.5000000000000001110 ) ;
#1639 = EDGE_LOOP ( 'NONE', ( #6249, #3122, #20, #3096, #3753, #3064, #3893, #2614 ) ) ;
#1640 = DIRECTION ( 'NONE',  ( -0.000000000000000000, -0.08715574274765837404, -0.9961946980917455452 ) ) ;
#1641 = EDGE_CURVE ( 'NONE', #5920, #7053, #186, .T. ) ;
#1642 = ORIENTED_EDGE ( 'NONE', *, *, #1731, .F. ) ;
#1643 = ORIENTED_EDGE ( 'NONE', *, *, #3022, .T. ) ;
#1644 = CARTESIAN_POINT ( 'NONE',  ( 0.2329829950954873385, -1.328003225777370155E-16, 0.000000000000000000 ) ) ;
#1645 = CARTESIAN_POINT ( 'NONE',  ( 0.2500000000000000000, 1.292839910290862759, -1.179434172117763246 ) ) ;
#1646 = VECTOR ( 'NONE', #4481, 39.37007874015748143 ) ;
#1647 = B_SPLINE_CURVE_WITH_KNOTS ( 'NONE', 3,
 ( #6524, #704, #5071, #2481 ),
 .UNSPECIFIED., .F., .F.,
 ( 4, 4 ),
 ( 2.313225186835192038E-07, 0.007844056971188215210 ),
 .UNSPECIFIED. ) ;
#1648 = FACE_OUTER_BOUND ( 'NONE', #965, .T. ) ;
#1649 = CARTESIAN_POINT ( 'NONE',  ( -7.000000000000000000, 0.4606258943332847688, 0.3346643017336359827 ) ) ;
#1650 = B_SPLINE_CURVE_WITH_KNOTS ( 'NONE', 3,
 ( #3679, #8091, #1654, #4245 ),
 .UNSPECIFIED., .F., .F.,
 ( 4, 4 ),
 ( 2.224515541034981708E-07, 0.01411848006884462194 ),
 .UNSPECIFIED. ) ;
#1651 = CARTESIAN_POINT ( 'NONE',  ( -0.2500000000000000000, 0.000000000000000000, -0.6250000000000000000 ) ) ;
#1652 = VECTOR ( 'NONE', #7446, 39.37007874015748143 ) ;
#1653 = ORIENTED_EDGE ( 'NONE', *, *, #2971, .T. ) ;
#1654 = CARTESIAN_POINT ( 'NONE',  ( -4.916740569567935815, -1.151172769205570656, -0.9533050427794161896 ) ) ;
#1655 = VECTOR ( 'NONE', #2166, 39.37007874015748143 ) ;
#1656 = AXIS2_PLACEMENT_3D ( 'NONE', #4544, #7137, #4622 ) ;
#1657 = CARTESIAN_POINT ( 'NONE',  ( -4.750000000000000000, 0.2499999999999999722, -1.554380477868644972 ) ) ;
#1658 = VECTOR ( 'NONE', #1822, 39.37007874015748143 ) ;
#1659 = DIRECTION ( 'NONE',  ( -0.000000000000000000, -0.8090169943749486725, 0.5877852522924713607 ) ) ;
#1660 = ORIENTED_EDGE ( 'NONE', *, *, #2934, .F. ) ;
#1661 = AXIS2_PLACEMENT_3D ( 'NONE', #1956, #1910, #7049 ) ;
#1662 = DIRECTION ( 'NONE',  ( 1.000000000000000000, 0.000000000000000000, 0.000000000000000000 ) ) ;
#1663 = CARTESIAN_POINT ( 'NONE',  ( -5.250000000000000000, 0.2499999999999999167, -0.9682458365518540333 ) ) ;
#1664 = CARTESIAN_POINT ( 'NONE',  ( -4.750000000000000000, 0.000000000000000000, 0.000000000000000000 ) ) ;
#1665 = VERTEX_POINT ( 'NONE', #5362 ) ;
#1666 = AXIS2_PLACEMENT_3D ( 'NONE', #6281, #3603, #2335 ) ;
#1667 = CARTESIAN_POINT ( 'NONE',  ( 1.549995677804209437, -3.512710853246171272, -0.8109732006361052292 ) ) ;
#1668 = PLANE ( 'NONE',  #575 ) ;
#1669 = ORIENTED_EDGE ( 'NONE', *, *, #2609, .F. ) ;
#1670 = CARTESIAN_POINT ( 'NONE',  ( 0.000000000000000000, 0.3922008423644469666, 4.482876141412856619 ) ) ;
#1671 = VECTOR ( 'NONE', #8035, 39.37007874015748143 ) ;
#1672 = ADVANCED_FACE ( 'NONE', ( #2130 ), #2003, .T. ) ;
#1673 = ORIENTED_EDGE ( 'NONE', *, *, #3588, .F. ) ;
#1674 = VERTEX_POINT ( 'NONE', #4589 ) ;
#1675 = CARTESIAN_POINT ( 'NONE',  ( -4.750000000000000000, -0.9635254915624211769, -0.2676165673298175895 ) ) ;
#1676 = DIRECTION ( 'NONE',  ( 0.000000000000000000, 6.961313617841187122E-15, 1.000000000000000000 ) ) ;
#1677 = DIRECTION ( 'NONE',  ( -0.8660254037844380415, 0.5000000000000009992, 6.123233995736779594E-17 ) ) ;
#1678 = VERTEX_POINT ( 'NONE', #6040 ) ;
#1679 = LINE ( 'NONE', #921, #1652 ) ;
#1680 = FACE_OUTER_BOUND ( 'NONE', #6338, .T. ) ;
#1681 = AXIS2_PLACEMENT_3D ( 'NONE', #6481, #3841, #2606 ) ;
#1682 = EDGE_CURVE ( 'NONE', #3243, #2014, #5149, .T. ) ;
#1683 = VERTEX_POINT ( 'NONE', #2811 ) ;
#1684 = CARTESIAN_POINT ( 'NONE',  ( -7.000000000000000000, -0.4871850323926163462, -0.1124755271719361516 ) ) ;
#1685 = EDGE_LOOP ( 'NONE', ( #561, #6207, #4470, #459 ) ) ;
#1686 = ORIENTED_EDGE ( 'NONE', *, *, #7529, .F. ) ;
#1687 = LINE ( 'NONE', #5199, #4726 ) ;
#1688 = ADVANCED_FACE ( 'NONE', ( #5322 ), #5405, .T. ) ;
#1689 = ADVANCED_FACE ( 'NONE', ( #1365 ), #4467, .T. ) ;
#1690 = CARTESIAN_POINT ( 'NONE',  ( -5.250000000000000000, 0.7135254915624218430, -0.7006292692220360552 ) ) ;
#1691 = CARTESIAN_POINT ( 'NONE',  ( 1.549995677804209437, -2.916594915329087989, 2.119030242950751486 ) ) ;
#1692 = CARTESIAN_POINT ( 'NONE',  ( 1.549995677804209437, 0.6984976734641796803, -3.025525820853551373 ) ) ;
#1693 = ORIENTED_EDGE ( 'NONE', *, *, #7544, .F. ) ;
#1694 = FACE_OUTER_BOUND ( 'NONE', #4987, .T. ) ;
#1695 = DIRECTION ( 'NONE',  ( 0.000000000000000000, 0.000000000000000000, -1.000000000000000000 ) ) ;
#1696 = VECTOR ( 'NONE', #5771, 39.37007874015748143 ) ;
#1697 = CARTESIAN_POINT ( 'NONE',  ( -0.01701700490451218614, -1.634164925564208026E-16, 0.000000000000000000 ) ) ;
#1698 = DIRECTION ( 'NONE',  ( 0.000000000000000000, 0.8660254037844390407, -0.4999999999999994449 ) ) ;
#1699 = DIRECTION ( 'NONE',  ( 1.000000000000000000, 0.000000000000000000, -0.000000000000000000 ) ) ;
#1700 = DIRECTION ( 'NONE',  ( 0.000000000000000000, -0.3090169943749548898, 0.9510565162951511997 ) ) ;
#1701 = CARTESIAN_POINT ( 'NONE',  ( 0.2500000000000000000, 0.000000000000000000, 0.2500000000000000000 ) ) ;
#1702 = ORIENTED_EDGE ( 'NONE', *, *, #3132, .T. ) ;
#1703 = CONICAL_SURFACE ( 'NONE', #6451, 3.605109578176981522, 0.5235987755983000369 ) ;
#1704 = DIRECTION ( 'NONE',  ( -8.797911715786014202E-17, 1.000000000000000000, 0.000000000000000000 ) ) ;
#1705 = DIRECTION ( 'NONE',  ( -1.000000000000000000, -0.000000000000000000, 0.000000000000000000 ) ) ;
#1706 = ORIENTED_EDGE ( 'NONE', *, *, #917, .F. ) ;
#1707 = FACE_OUTER_BOUND ( 'NONE', #2954, .T. ) ;
#1708 = CIRCLE ( 'NONE', #2376, 0.1250000000000000278 ) ;
#1709 = ORIENTED_EDGE ( 'NONE', *, *, #1516, .F. ) ;
#1710 = ORIENTED_EDGE ( 'NONE', *, *, #2404, .F. ) ;
#1711 = VECTOR ( 'NONE', #323, 39.37007874015748143 ) ;
#1712 = DIRECTION ( 'NONE',  ( 0.8944271909999158554, 0.1381966011250093385, 0.4253254041760204940 ) ) ;
#1713 = CARTESIAN_POINT ( 'NONE',  ( -7.000000000000000000, -0.3735369949770414033, -0.4297051579498694651 ) ) ;
#1714 = ADVANCED_FACE ( 'NONE', ( #1542 ), #1448, .T. ) ;
#1715 = CARTESIAN_POINT ( 'NONE',  ( -0.2482449321572040568, 2.563099709819991023, -3.527804100961056566 ) ) ;
#1716 = AXIS2_PLACEMENT_3D ( 'NONE', #3930, #243, #5382 ) ;
#1717 = ORIENTED_EDGE ( 'NONE', *, *, #184, .F. ) ;
#1718 = AXIS2_PLACEMENT_3D ( 'NONE', #1521, #5434, #4119 ) ;
#1719 = DIRECTION ( 'NONE',  ( -0.8660254037844380415, 0.4755282581475797077, -0.1545084971874677859 ) ) ;
#1720 = DIRECTION ( 'NONE',  ( 1.000000000000000000, 0.000000000000000000, -0.000000000000000000 ) ) ;
#1721 = VERTEX_POINT ( 'NONE', #6633 ) ;
#1722 = DIRECTION ( 'NONE',  ( 8.797911715786014202E-17, -1.000000000000000000, 0.000000000000000000 ) ) ;
#1723 = ORIENTED_EDGE ( 'NONE', *, *, #2541, .F. ) ;
#1724 = ORIENTED_EDGE ( 'NONE', *, *, #605, .T. ) ;
#1725 = DIRECTION ( 'NONE',  ( 0.000000000000000000, 0.000000000000000000, -1.000000000000000000 ) ) ;
#1726 = EDGE_CURVE ( 'NONE', #3950, #6942, #6235, .T. ) ;
#1727 = B_SPLINE_CURVE_WITH_KNOTS ( 'NONE', 3,
 ( #688, #523, #1960, #4455 ),
 .UNSPECIFIED., .F., .F.,
 ( 4, 4 ),
 ( 2.313225186895189764E-07, 0.007844056971188241231 ),
 .UNSPECIFIED. ) ;
#1728 = CARTESIAN_POINT ( 'NONE',  ( -4.750000000000000000, 1.221132980980841554, 0.9936965898804327457 ) ) ;
#1729 = CARTESIAN_POINT ( 'NONE',  ( 0.000000000000000000, 0.000000000000000000, 0.000000000000000000 ) ) ;
#1731 = EDGE_CURVE ( 'NONE', #6179, #5121, #7047, .T. ) ;
#1730 = CIRCLE ( 'NONE', #5798, 2.672096876284762335 ) ;
#1732 = LINE ( 'NONE', #5601, #2980 ) ;
#1733 = EDGE_CURVE ( 'NONE', #7777, #1721, #4920, .T. ) ;
#1734 = EDGE_LOOP ( 'NONE', ( #6932, #8028, #7773, #5625, #3992, #2360, #354, #2488 ) ) ;
#1735 = DIRECTION ( 'NONE',  ( -1.000000000000000000, -0.000000000000000000, 0.000000000000000000 ) ) ;
#1736 = CARTESIAN_POINT ( 'NONE',  ( 5.651087907391154571E-17, 3.804226065180614125, 1.236067977499792692 ) ) ;
#1737 = FACE_OUTER_BOUND ( 'NONE', #211, .T. ) ;
#1738 = DIRECTION ( 'NONE',  ( 0.000000000000000000, 0.2249510543438759391, -0.9743700647852328034 ) ) ;
#1739 = EDGE_CURVE ( 'NONE', #7053, #3696, #5684, .T. ) ;
#1740 = DIRECTION ( 'NONE',  ( -0.000000000000000000, 0.08715574274765836016, 0.9961946980917455452 ) ) ;
#1741 = CARTESIAN_POINT ( 'NONE',  ( -7.000000000000000000, 0.4755282581475779868, -0.1545084971874671753 ) ) ;
#1742 = CARTESIAN_POINT ( 'NONE',  ( -0.09468133567471291590, 0.3750000000000001110, -3.372862513137291351 ) ) ;
#1743 = ORIENTED_EDGE ( 'NONE', *, *, #7847, .F. ) ;
#1744 = DIRECTION ( 'NONE',  ( 0.000000000000000000, 0.08715574274765836016, 0.9961946980917455452 ) ) ;
#1745 = DIRECTION ( 'NONE',  ( -1.000000000000000000, 0.000000000000000000, -0.000000000000000000 ) ) ;
#1746 = ORIENTED_EDGE ( 'NONE', *, *, #2242, .F. ) ;
#1747 = VERTEX_POINT ( 'NONE', #6724 ) ;
#1748 = CARTESIAN_POINT ( 'NONE',  ( 0.2465608283438156800, 2.561361252231215691, -3.525411319366359653 ) ) ;
#1749 = VERTEX_POINT ( 'NONE', #7671 ) ;
#1750 = ORIENTED_EDGE ( 'NONE', *, *, #2182, .T. ) ;
#1751 = DIRECTION ( 'NONE',  ( 1.000000000000000000, 0.000000000000000000, 0.000000000000000000 ) ) ;
#1752 = LINE ( 'NONE', #4219, #6643 ) ;
#1753 = CONICAL_SURFACE ( 'NONE', #1344, 3.605109578176980634, 0.5235987755983000369 ) ;
#1754 = DIRECTION ( 'NONE',  ( 1.000000000000000000, 0.000000000000000000, 0.000000000000000000 ) ) ;
#1755 = ORIENTED_EDGE ( 'NONE', *, *, #803, .F. ) ;
#1756 = FACE_OUTER_BOUND ( 'NONE', #5357, .T. ) ;
#1757 = DIRECTION ( 'NONE',  ( -1.000000000000000000, -1.224646799147352714E-16, 0.000000000000000000 ) ) ;
#1758 = EDGE_LOOP ( 'NONE', ( #4800, #6590, #5579, #6503 ) ) ;
#1759 = FACE_OUTER_BOUND ( 'NONE', #236, .T. ) ;
#1760 = ORIENTED_EDGE ( 'NONE', *, *, #5898, .T. ) ;
#1761 = ADVANCED_FACE ( 'NONE', ( #8215 ), #3386, .T. ) ;
#1762 = ORIENTED_EDGE ( 'NONE', *, *, #6655, .F. ) ;
#1763 = DIRECTION ( 'NONE',  ( 0.000000000000000000, -0.000000000000000000, 1.000000000000000000 ) ) ;
#1764 = AXIS2_PLACEMENT_3D ( 'NONE', #1523, #6622, #802 ) ;
#1765 = CIRCLE ( 'NONE', #5152, 3.879688098672754215 ) ;
#1766 = CARTESIAN_POINT ( 'NONE',  ( 0.2329829950954881435, -3.850777859227247468, 0.3368994084390112831 ) ) ;
#1767 = DIRECTION ( 'NONE',  ( 0.000000000000000000, -0.8090169943749506709, 0.5877852522924684742 ) ) ;
#1768 = DIRECTION ( 'NONE',  ( 1.000000000000000000, -0.000000000000000000, -0.000000000000000000 ) ) ;
#1769 = ORIENTED_EDGE ( 'NONE', *, *, #2697, .T. ) ;
#1770 = EDGE_CURVE ( 'NONE', #4348, #5069, #3767, .T. ) ;
#1771 = VERTEX_POINT ( 'NONE', #6956 ) ;
#1772 = DIRECTION ( 'NONE',  ( 8.797911715786014202E-17, -1.000000000000000000, 0.000000000000000000 ) ) ;
#1773 = FACE_OUTER_BOUND ( 'NONE', #5019, .T. ) ;
#1774 = EDGE_CURVE ( 'NONE', #3715, #1330, #4876, .T. ) ;
#1775 = DIRECTION ( 'NONE',  ( 0.000000000000000000, -0.5150380749100615940, 0.8571673007021078927 ) ) ;
#1776 = DIRECTION ( 'NONE',  ( -1.000000000000000000, -0.000000000000000000, -0.000000000000000000 ) ) ;
#1777 = VECTOR ( 'NONE', #5472, 39.37007874015748143 ) ;
#1778 = CARTESIAN_POINT ( 'NONE',  ( 0.2500000000000000000, 0.3750000000000121014, 1.709349291397165294 ) ) ;
#1779 = FACE_OUTER_BOUND ( 'NONE', #351, .T. ) ;
#1780 = CARTESIAN_POINT ( 'NONE',  ( -7.000000000000000000, 0.3735369949770445119, 0.4297051579498666896 ) ) ;
#1781 = EDGE_CURVE ( 'NONE', #4722, #3196, #3598, .T. ) ;
#1782 = B_SPLINE_CURVE_WITH_KNOTS ( 'NONE', 3,
 ( #512, #6318, #2369, #3681 ),
 .UNSPECIFIED., .F., .F.,
 ( 4, 4 ),
 ( 2.238962861654586620E-07, 0.006624761260750008235 ),
 .UNSPECIFIED. ) ;
#1783 = AXIS2_PLACEMENT_3D ( 'NONE', #8162, #1002, #1044 ) ;
#1784 = CC_DESIGN_DATE_AND_TIME_ASSIGNMENT ( #6525, #7829, ( #5145 ) ) ;
#1785 = ADVANCED_FACE ( 'NONE', ( #3636 ), #1140, .T. ) ;
#1786 = EDGE_CURVE ( 'NONE', #7629, #7603, #2571, .T. ) ;
#1787 = DIRECTION ( 'NONE',  ( 0.000000000000000000, 0.000000000000000000, 1.000000000000000000 ) ) ;
#1788 = VECTOR ( 'NONE', #4375, 39.37007874015748143 ) ;
#1789 = LINE ( 'NONE', #2975, #2601 ) ;
#1790 = ORIENTED_EDGE ( 'NONE', *, *, #1739, .F. ) ;
#1791 = EDGE_CURVE ( 'NONE', #3183, #502, #5448, .T. ) ;
#1792 = ORIENTED_EDGE ( 'NONE', *, *, #271, .F. ) ;
#1793 = DIRECTION ( 'NONE',  ( 1.000000000000000000, 0.000000000000000000, 0.000000000000000000 ) ) ;
#1794 = CIRCLE ( 'NONE', #6544, 3.432474503172796343 ) ;
#1795 = VERTEX_POINT ( 'NONE', #902 ) ;
#1796 = AXIS2_PLACEMENT_3D ( 'NONE', #6673, #854, #2716 ) ;
#1797 = ORIENTED_EDGE ( 'NONE', *, *, #7690, .F. ) ;
#1798 = DIRECTION ( 'NONE',  ( -1.000000000000000000, -1.224646799147352714E-16, 0.000000000000000000 ) ) ;
#1799 = DIRECTION ( 'NONE',  ( -0.8719406851971467365, -0.1913064621224753181, -0.4506897813886089899 ) ) ;
#1800 = FACE_OUTER_BOUND ( 'NONE', #6247, .T. ) ;
#1801 = AXIS2_PLACEMENT_3D ( 'NONE', #6213, #3662, #6255 ) ;
#1802 = ORIENTED_EDGE ( 'NONE', *, *, #5415, .T. ) ;
#1803 = CARTESIAN_POINT ( 'NONE',  ( 1.549995677804209659, 2.848721405383343027E-17, 0.000000000000000000 ) ) ;
#1804 = ORIENTED_EDGE ( 'NONE', *, *, #1313, .F. ) ;
#1805 = CARTESIAN_POINT ( 'NONE',  ( -0.01701700490451213757, -0.3749999999999761302, 3.411928518438121394 ) ) ;
#1806 = VERTEX_POINT ( 'NONE', #4959 ) ;
#1807 = EDGE_LOOP ( 'NONE', ( #3125, #2943, #5817, #4166, #862, #346, #6181, #815 ) ) ;
#1808 = DIRECTION ( 'NONE',  ( 0.8660254037844379305, 0.3773547901113885050, -0.3280295144952522501 ) ) ;
#1809 = AXIS2_PLACEMENT_3D ( 'NONE', #1583, #4718, #4090 ) ;
#1810 = ORIENTED_EDGE ( 'NONE', *, *, #4382, .T. ) ;
#1811 = DIRECTION ( 'NONE',  ( 0.000000000000000000, 0.000000000000000000, -1.000000000000000000 ) ) ;
#1812 = CARTESIAN_POINT ( 'NONE',  ( 0.2500000000000000000, 0.3750000000000121014, 1.709349291397165294 ) ) ;
#1813 = DIRECTION ( 'NONE',  ( 1.232246991851729989E-16, -1.000000000000000000, 0.000000000000000000 ) ) ;
#1814 = ORIENTED_EDGE ( 'NONE', *, *, #3853, .T. ) ;
#1815 = ORIENTED_EDGE ( 'NONE', *, *, #4626, .T. ) ;
#1816 = PLANE ( 'NONE',  #4833 ) ;
#1817 = CARTESIAN_POINT ( 'NONE',  ( 0.07199504484766078294, -3.097542741169265756, 1.355354433548245030 ) ) ;
#1818 = DIRECTION ( 'NONE',  ( 0.000000000000000000, 0.9510565162951565288, -0.3090169943749382919 ) ) ;
#1819 = EDGE_CURVE ( 'NONE', #5916, #4092, #3755, .T. ) ;
#1820 = DIRECTION ( 'NONE',  ( -1.000000000000000000, 0.000000000000000000, 0.000000000000000000 ) ) ;
#1821 = CARTESIAN_POINT ( 'NONE',  ( 0.2329829950954873385, -1.328003225777370155E-16, 0.000000000000000000 ) ) ;
#1822 = DIRECTION ( 'NONE',  ( 0.8660254037844380415, 0.04357787137382405224, 0.4980973490458741604 ) ) ;
#1823 = VECTOR ( 'NONE', #3989, 39.37007874015748143 ) ;
#1824 = DIRECTION ( 'NONE',  ( 0.000000000000000000, 0.000000000000000000, -1.000000000000000000 ) ) ;
#1825 = EDGE_CURVE ( 'NONE', #1635, #1855, #5251, .T. ) ;
#1826 = DIRECTION ( 'NONE',  ( 0.000000000000000000, -0.5150380749100645916, 0.8571673007021060053 ) ) ;
#1827 = ORIENTED_EDGE ( 'NONE', *, *, #6671, .F. ) ;
#1828 = EDGE_LOOP ( 'NONE', ( #5100, #508, #5917, #792 ) ) ;
#1829 = FACE_OUTER_BOUND ( 'NONE', #3981, .T. ) ;
#1830 = EDGE_CURVE ( 'NONE', #5373, #3354, #2409, .T. ) ;
#1831 = ADVANCED_FACE ( 'NONE', ( #1773 ), #2852, .F. ) ;
#1832 = VERTEX_POINT ( 'NONE', #424 ) ;
#1833 = ORIENTED_EDGE ( 'NONE', *, *, #8010, .F. ) ;
#1834 = EDGE_CURVE ( 'NONE', #782, #7999, #1782, .T. ) ;
#1835 = DIRECTION ( 'NONE',  ( -1.000000000000000000, -1.224646799147352714E-16, 0.000000000000000000 ) ) ;
#1836 = DIRECTION ( 'NONE',  ( 0.000000000000000000, -0.8090169943749403458, -0.5877852522924830181 ) ) ;
#1838 = VECTOR ( 'NONE', #336, 39.37007874015748143 ) ;
#1837 = CARTESIAN_POINT ( 'NONE',  ( -7.000000000000000000, 0.4297051579498707974, -0.3735369949770397935 ) ) ;
#1839 = ORIENTED_EDGE ( 'NONE', *, *, #1988, .F. ) ;
#1840 = CARTESIAN_POINT ( 'NONE',  ( -0.01701700490451246717, -1.060692954239112584, 3.264477243259452433 ) ) ;
#1841 = EDGE_CURVE ( 'NONE', #3159, #2909, #1186, .T. ) ;
#1842 = ORIENTED_EDGE ( 'NONE', *, *, #2235, .T. ) ;
#1843 = CIRCLE ( 'NONE', #3197, 3.105109578176981078 ) ;
#1844 = EDGE_LOOP ( 'NONE', ( #6766, #6308, #3267, #1879 ) ) ;
#1845 = ORIENTED_EDGE ( 'NONE', *, *, #5320, .F. ) ;
#1846 = CARTESIAN_POINT ( 'NONE',  ( 0.2500000000000000000, 3.007966137197515710, 1.303637357132010566 ) ) ;
#1847 = CIRCLE ( 'NONE', #6189, 3.105109578176981522 ) ;
#1848 = CONICAL_SURFACE ( 'NONE', #4163, 4.500000000000000000, 0.5116441634306432285 ) ;
#1849 = ORIENTED_EDGE ( 'NONE', *, *, #6754, .F. ) ;
#1850 = DIRECTION ( 'NONE',  ( 0.000000000000000000, 0.4999999999999980571, -0.8660254037844398178 ) ) ;
#1851 = CARTESIAN_POINT ( 'NONE',  ( -7.000000000000000000, -0.4755282581475752113, -0.1545084971874773339 ) ) ;
#1852 = CIRCLE ( 'NONE', #6328, 0.5693649175925757921 ) ;
#1853 = CARTESIAN_POINT ( 'NONE',  ( -4.750000000000000000, -1.221132980980841998, 0.9936965898804318575 ) ) ;
#1854 = VERTEX_POINT ( 'NONE', #6491 ) ;
#1855 = VERTEX_POINT ( 'NONE', #2621 ) ;
#1856 = CARTESIAN_POINT ( 'NONE',  ( -7.000000000000000888, -0.000000000000000000, 0.000000000000000000 ) ) ;
#1857 = DIRECTION ( 'NONE',  ( -1.000000000000000000, 0.000000000000000000, -0.000000000000000000 ) ) ;
#1858 = AXIS2_PLACEMENT_3D ( 'NONE', #5642, #1059, #7548 ) ;
#1859 = DIRECTION ( 'NONE',  ( 0.9021076993077690176, 0.000000000000000000, -0.4315109487019346268 ) ) ;
#1860 = DIRECTION ( 'NONE',  ( -5.329237843890365560E-15, 0.8090169943749551118, -0.5877852522924625900 ) ) ;
#1861 = DIRECTION ( 'NONE',  ( 0.000000000000000000, 0.000000000000000000, -1.000000000000000000 ) ) ;
#1862 = CARTESIAN_POINT ( 'NONE',  ( -6.881966011250094439, -4.467302099431331721E-15, 4.241162289381565750E-31 ) ) ;
#1863 = ADVANCED_FACE ( 'NONE', ( #1225 ), #3212, .T. ) ;
#1864 = CARTESIAN_POINT ( 'NONE',  ( -5.250000000000000000, -0.2500000000000000000, -0.9682458365518540333 ) ) ;
#1865 = CARTESIAN_POINT ( 'NONE',  ( 1.549995677804209437, 2.916594915329073334, 2.119030242950772802 ) ) ;
#1866 = VERTEX_POINT ( 'NONE', #671 ) ;
#1867 = ORIENTED_EDGE ( 'NONE', *, *, #6774, .T. ) ;
#1868 = CARTESIAN_POINT ( 'NONE',  ( -4.750000000000000000, 0.2499999999999999722, -1.554380477868644972 ) ) ;
#1869 = ORIENTED_EDGE ( 'NONE', *, *, #396, .F. ) ;
#1870 = VERTEX_POINT ( 'NONE', #3939 ) ;
#1871 = EDGE_CURVE ( 'NONE', #5631, #6479, #7286, .T. ) ;
#1872 = DIRECTION ( 'NONE',  ( 8.797911715786014202E-17, -1.000000000000000000, 0.000000000000000000 ) ) ;
#1873 = CARTESIAN_POINT ( 'NONE',  ( 1.549995677804209437, 2.720810736403074692, -2.365164689263132392 ) ) ;
#1874 = CIRCLE ( 'NONE', #7707, 0.1250000000000000278 ) ;
#1875 = EDGE_CURVE ( 'NONE', #3297, #8353, #5396, .T. ) ;
#1876 = CARTESIAN_POINT ( 'NONE',  ( -0.2482449321572040568, 3.737768600229415483, 2.245877954915630248 ) ) ;
#1877 = ORIENTED_EDGE ( 'NONE', *, *, #4804, .F. ) ;
#1878 = CARTESIAN_POINT ( 'NONE',  ( 1.549995677804209437, -2.037135174767891854, -2.343455946291677527 ) ) ;
#1879 = ORIENTED_EDGE ( 'NONE', *, *, #5572, .F. ) ;
#1880 = EDGE_LOOP ( 'NONE', ( #4441, #2177, #4452, #1024, #4257, #7661, #5711, #7328, #1589, #980, #2480, #5238, #6433, #3199, #6629, #4673, #4005, #1490, #3071, #3621, #400, #6160, #577, #7934, #254, #5332, #7741, #8223, #7439, #7709, #5077, #5329, #1000, #6515, #1283, #4214, #2646, #370, #1455, #985, #5590, #5792 ) ) ;
#1881 = EDGE_CURVE ( 'NONE', #7191, #2048, #781, .T. ) ;
#1882 = EDGE_LOOP ( 'NONE', ( #4719, #5133, #3059, #4811 ) ) ;
#1883 = DIRECTION ( 'NONE',  ( 0.000000000000000000, 0.8090169943749486725, -0.5877852522924713607 ) ) ;
#1884 = CIRCLE ( 'NONE', #7044, 3.432474503172796343 ) ;
#1885 = LENGTH_MEASURE_WITH_UNIT ( LENGTH_MEASURE( 0.02539999999999999897 ), #7152 );
#1886 = EDGE_CURVE ( 'NONE', #5494, #3522, #1730, .T. ) ;
#1887 = EDGE_CURVE ( 'NONE', #6425, #4311, #8377, .T. ) ;
#1888 = VERTEX_POINT ( 'NONE', #79 ) ;
#1889 = PLANE ( 'NONE',  #3814 ) ;
#1890 = EDGE_CURVE ( 'NONE', #1502, #381, #8351, .T. ) ;
#1891 = DIRECTION ( 'NONE',  ( -1.000000000000000000, -0.000000000000000000, 0.000000000000000000 ) ) ;
#1892 = VERTEX_POINT ( 'NONE', #1900 ) ;
#1893 = TOROIDAL_SURFACE ( 'NONE', #137, 3.432474503172796343, 0.5000000000000000000 ) ;
#1894 = DIRECTION ( 'NONE',  ( 1.000000000000000000, 1.224646799147352714E-16, -0.000000000000000000 ) ) ;
#1895 = VERTEX_POINT ( 'NONE', #5765 ) ;
#1896 = CIRCLE ( 'NONE', #680, 3.879688098672754215 ) ;
#1897 = AXIS2_PLACEMENT_3D ( 'NONE', #2509, #4385, #653 ) ;
#1898 = ORIENTED_EDGE ( 'NONE', *, *, #954, .T. ) ;
#1899 = CARTESIAN_POINT ( 'NONE',  ( -7.000000000000000000, -0.3346643017336308201, -0.4606258943332884326 ) ) ;
#1900 = CARTESIAN_POINT ( 'NONE',  ( 0.2500000000000000000, 0.3750000000000229261, 3.256793767102402981 ) ) ;
#1901 = AXIS2_PLACEMENT_3D ( 'NONE', #5089, #7171, #2461 ) ;
#1902 = DIRECTION ( 'NONE',  ( -0.000000000000000000, -0.5150380749100552658, 0.8571673007021116675 ) ) ;
#1903 = CARTESIAN_POINT ( 'NONE',  ( -7.000000000000000000, 0.5547721316411181602, 0.1280792385188580240 ) ) ;
#1904 = CARTESIAN_POINT ( 'NONE',  ( 1.549995677804209437, 2.661598395510235804, 1.599249659529046630 ) ) ;
#1905 = LINE ( 'NONE', #4615, #4914 ) ;
#1906 = VECTOR ( 'NONE', #7300, 39.37007874015748143 ) ;
#1907 = LINE ( 'NONE', #1862, #7249 ) ;
#1908 = AXIS2_PLACEMENT_3D ( 'NONE', #462, #1052, #3630 ) ;
#1909 = DIRECTION ( 'NONE',  ( 0.000000000000000000, -0.5000000000000039968, -0.8660254037844363761 ) ) ;
#1910 = DIRECTION ( 'NONE',  ( 1.000000000000000000, 0.000000000000000000, 0.000000000000000000 ) ) ;
#1911 = VERTEX_POINT ( 'NONE', #2574 ) ;
#1912 = CARTESIAN_POINT ( 'NONE',  ( -0.2406238026544916253, -1.908004274696309122E-16, 0.000000000000000000 ) ) ;
#1913 = ORIENTED_EDGE ( 'NONE', *, *, #6499, .T. ) ;
#1914 = CARTESIAN_POINT ( 'NONE',  ( -4.750000000000000000, -0.2500000000000000000, -1.554380477868644972 ) ) ;
#1915 = ORIENTED_EDGE ( 'NONE', *, *, #7651, .T. ) ;
#1916 = AXIS2_PLACEMENT_3D ( 'NONE', #4601, #6057, #3538 ) ;
#1917 = EDGE_LOOP ( 'NONE', ( #7825, #7362 ) ) ;
#1918 = CARTESIAN_POINT ( 'NONE',  ( -7.000000000000000000, -0.4606258943332871003, 0.3346643017336327075 ) ) ;
#1919 = DIRECTION ( 'NONE',  ( 1.000000000000000000, 0.000000000000000000, 0.000000000000000000 ) ) ;
#1920 = CARTESIAN_POINT ( 'NONE',  ( -4.750000000000000000, 0.9635254915624213989, -0.2676165673298168124 ) ) ;
#1921 = CIRCLE ( 'NONE', #2597, 3.865487205065014198 ) ;
#1922 = CIRCLE ( 'NONE', #6264, 3.105109578176981966 ) ;
#1923 = ORIENTED_EDGE ( 'NONE', *, *, #5352, .T. ) ;
#1924 = EDGE_CURVE ( 'NONE', #5887, #5892, #3171, .T. ) ;
#1925 = CIRCLE ( 'NONE', #6684, 0.4999999999999998335 ) ;
#1926 = DIRECTION ( 'NONE',  ( 1.000000000000000000, 0.000000000000000000, 0.000000000000000000 ) ) ;
#1927 = AXIS2_PLACEMENT_3D ( 'NONE', #6083, #1496, #7981 ) ;
#1928 = ORIENTED_EDGE ( 'NONE', *, *, #5158, .F. ) ;
#1929 = ORIENTED_EDGE ( 'NONE', *, *, #5789, .F. ) ;
#1930 = VECTOR ( 'NONE', #1953, 39.37007874015748143 ) ;
#1931 = ORIENTED_EDGE ( 'NONE', *, *, #5987, .F. ) ;
#1932 = CARTESIAN_POINT ( 'NONE',  ( -7.000000000000000000, -0.3346643017336308201, -0.4606258943332884326 ) ) ;
#1933 = CARTESIAN_POINT ( 'NONE',  ( 1.549995677804209437, 0.9595316290531450409, -2.953134698135702507 ) ) ;
#1934 = CIRCLE ( 'NONE', #3426, 0.5693649175925756811 ) ;
#1935 = ORIENTED_EDGE ( 'NONE', *, *, #2458, .F. ) ;
#1936 = EDGE_CURVE ( 'NONE', #5223, #7728, #6482, .T. ) ;
#1937 = CARTESIAN_POINT ( 'NONE',  ( -0.2482449321572029743, 0.3800518268779246589, 4.344012258974843554 ) ) ;
#1938 = CARTESIAN_POINT ( 'NONE',  ( -0.003439171656184221090, 0.000000000000000000, 0.000000000000000000 ) ) ;
#1939 = VECTOR ( 'NONE', #1133, 39.37007874015748143 ) ;
#1940 = CARTESIAN_POINT ( 'NONE',  ( 0.2465608283438159576, -4.357648039384080185, 0.000000000000000000 ) ) ;
#1941 = AXIS2_PLACEMENT_3D ( 'NONE', #4343, #2987, #5065 ) ;
#1942 = EDGE_CURVE ( 'NONE', #5752, #6559, #7011, .T. ) ;
#1943 = VERTEX_POINT ( 'NONE', #593 ) ;
#1944 = ADVANCED_FACE ( 'NONE', ( #758 ), #117, .F. ) ;
#1945 = ORIENTED_EDGE ( 'NONE', *, *, #1121, .F. ) ;
#1946 = DIRECTION ( 'NONE',  ( -0.000000000000000000, -0.9205048534524440385, 0.3907311284892651670 ) ) ;
#1947 = CARTESIAN_POINT ( 'NONE',  ( -0.2406238026544905151, -1.908004274696307889E-16, 0.000000000000000000 ) ) ;
#1948 = ADVANCED_FACE ( 'NONE', ( #5297 ), #7556, .T. ) ;
#1949 = DIRECTION ( 'NONE',  ( 0.000000000000000000, 0.3090169943749411785, 0.9510565162951556406 ) ) ;
#1950 = B_SPLINE_CURVE_WITH_KNOTS ( 'NONE', 3,
 ( #4671, #1614, #939, #7261 ),
 .UNSPECIFIED., .F., .F.,
 ( 4, 4 ),
 ( 2.222362209211811622E-07, 0.01411847985351143836 ),
 .UNSPECIFIED. ) ;
#1951 = CARTESIAN_POINT ( 'NONE',  ( -0.1723424506721962235, -0.3750000000000000555, -3.333790127265694458 ) ) ;
#1952 = DIRECTION ( 'NONE',  ( 0.000000000000000000, -0.2249510543438724974, 0.9743700647852335806 ) ) ;
#1953 = DIRECTION ( 'NONE',  ( -0.8660254037844380415, -0.2938926261462332934, -0.4045084971874773894 ) ) ;
#1954 = CARTESIAN_POINT ( 'NONE',  ( -0.2406238026544916253, -1.908004274696309122E-16, 0.000000000000000000 ) ) ;
#1955 = CARTESIAN_POINT ( 'NONE',  ( 0.2500000000000000000, -1.292839910290871197, 1.179434172117754587 ) ) ;
#1956 = CARTESIAN_POINT ( 'NONE',  ( -7.000000000000000888, -0.000000000000000000, 0.000000000000000000 ) ) ;
#1957 = ORIENTED_EDGE ( 'NONE', *, *, #865, .T. ) ;
#1958 = CARTESIAN_POINT ( 'NONE',  ( 0.2500000000000000000, 0.3750000000000117129, 1.709349291397165072 ) ) ;
#1959 = ORIENTED_EDGE ( 'NONE', *, *, #6038, .F. ) ;
#1960 = CARTESIAN_POINT ( 'NONE',  ( 0.07199504484766015844, 2.722542741169247993, -2.004873486386591352 ) ) ;
#1961 = ORIENTED_EDGE ( 'NONE', *, *, #2356, .F. ) ;
#1962 = ORIENTED_EDGE ( 'NONE', *, *, #3967, .T. ) ;
#1963 = CARTESIAN_POINT ( 'NONE',  ( 0.2500000000000000000, -0.3749999999999772404, 3.256793767102408754 ) ) ;
#1964 = CARTESIAN_POINT ( 'NONE',  ( -7.000000000000000000, 0.1759434355370035064, -0.5414982150262701577 ) ) ;
#1965 = CARTESIAN_POINT ( 'NONE',  ( -4.750000000000000000, 0.000000000000000000, 0.000000000000000000 ) ) ;
#1966 = ORIENTED_EDGE ( 'NONE', *, *, #7290, .T. ) ;
#1967 = VERTEX_POINT ( 'NONE', #4443 ) ;
#1968 = ORIENTED_EDGE ( 'NONE', *, *, #6506, .F. ) ;
#1969 = VERTEX_POINT ( 'NONE', #7037 ) ;
#1970 = CARTESIAN_POINT ( 'NONE',  ( -0.1723424495515872568, 3.074646941586230753, 1.342135537495614983 ) ) ;
#1971 = EDGE_CURVE ( 'NONE', #5880, #6221, #5934, .T. ) ;
#1972 = AXIS2_PLACEMENT_3D ( 'NONE', #8038, #3625, #6218 ) ;
#1973 = CALENDAR_DATE ( 2026, 3, 3 ) ;
#1974 = ORIENTED_EDGE ( 'NONE', *, *, #2494, .T. ) ;
#1975 = CARTESIAN_POINT ( 'NONE',  ( 5.651087907391154571E-17, -1.562924513957060224, -3.682019413809775710 ) ) ;
#1976 = FACE_OUTER_BOUND ( 'NONE', #16, .T. ) ;
#1977 = ORIENTED_EDGE ( 'NONE', *, *, #2554, .T. ) ;
#1978 = CIRCLE ( 'NONE', #6409, 0.5000000000000002220 ) ;
#1979 = DIRECTION ( 'NONE',  ( 0.000000000000000000, -0.8090169943749506709, 0.5877852522924685852 ) ) ;
#1980 = ORIENTED_EDGE ( 'NONE', *, *, #2303, .F. ) ;
#1981 = ORIENTED_EDGE ( 'NONE', *, *, #4795, .F. ) ;
#1982 = DIRECTION ( 'NONE',  ( -0.8719406851971467365, 0.1512982806313986073, -0.4656482275021701644 ) ) ;
#1983 = EDGE_CURVE ( 'NONE', #5310, #6796, #7085, .T. ) ;
#1984 = CIRCLE ( 'NONE', #3880, 3.432474503172796343 ) ;
#1985 = DIRECTION ( 'NONE',  ( 0.000000000000000000, -0.8571673007021078927, -0.5150380749100615940 ) ) ;
#1986 = LINE ( 'NONE', #4572, #7094 ) ;
#1987 = AXIS2_PLACEMENT_3D ( 'NONE', #5096, #7685, #9 ) ;
#1988 = EDGE_CURVE ( 'NONE', #2652, #8115, #42, .T. ) ;
#1989 = DIRECTION ( 'NONE',  ( -1.000000000000000000, 0.000000000000000000, 0.000000000000000000 ) ) ;
#1990 = CARTESIAN_POINT ( 'NONE',  ( 0.2500000000000000000, 0.3750000000000001110, -3.256793767102405646 ) ) ;
#1991 = DIRECTION ( 'NONE',  ( -0.8660254037844379305, 0.4045084971874782775, -0.2938926261462317946 ) ) ;
#1992 = EDGE_CURVE ( 'NONE', #1806, #6167, #7162, .T. ) ;
#1993 = CARTESIAN_POINT ( 'NONE',  ( 1.549995677804209437, 0.000000000000000000, 0.000000000000000000 ) ) ;
#1994 = LINE ( 'NONE', #6460, #961 ) ;
#1995 = EDGE_CURVE ( 'NONE', #6167, #8061, #6613, .T. ) ;
#1996 = LINE ( 'NONE', #89, #8152 ) ;
#1997 = EDGE_LOOP ( 'NONE', ( #6968, #3465, #1197, #2684 ) ) ;
#1998 = DIRECTION ( 'NONE',  ( 0.000000000000000000, 0.3090169943749411785, 0.9510565162951556406 ) ) ;
#1999 = ORIENTED_EDGE ( 'NONE', *, *, #1830, .T. ) ;
#2000 = CARTESIAN_POINT ( 'NONE',  ( 1.549995677804209437, -2.037135174767891854, -2.343455946291677527 ) ) ;
#2001 = ADVANCED_FACE ( 'NONE', ( #838 ), #3214, .T. ) ;
#2002 = ORIENTED_EDGE ( 'NONE', *, *, #4748, .F. ) ;
#2003 = PLANE ( 'NONE',  #4072 ) ;
#2004 = LINE ( 'NONE', #1873, #6104 ) ;
#2005 = CARTESIAN_POINT ( 'NONE',  ( -0.2500000000000000000, 0.000000000000000000, 0.8750000000000001110 ) ) ;
#2006 = VERTEX_POINT ( 'NONE', #4786 ) ;
#2007 = ORIENTED_EDGE ( 'NONE', *, *, #6965, .F. ) ;
#2008 = ORIENTED_EDGE ( 'NONE', *, *, #3842, .F. ) ;
#2009 = ORIENTED_EDGE ( 'NONE', *, *, #7540, .T. ) ;
#2010 = VECTOR ( 'NONE', #5743, 39.37007874015748143 ) ;
#2011 = VERTEX_POINT ( 'NONE', #333 ) ;
#2012 = FACE_OUTER_BOUND ( 'NONE', #102, .T. ) ;
#2013 = PERSON_AND_ORGANIZATION ( #1217, #2656 ) ;
#2014 = VERTEX_POINT ( 'NONE', #3427 ) ;
#2015 = PLANE ( 'NONE',  #1916 ) ;
#2016 = DIRECTION ( 'NONE',  ( 0.8660254037844380415, -0.5000000000000009992, -0.000000000000000000 ) ) ;
#2017 = DIRECTION ( 'NONE',  ( 0.000000000000000000, 0.5150380749100645916, -0.8571673007021060053 ) ) ;
#2018 = ORIENTED_EDGE ( 'NONE', *, *, #3347, .T. ) ;
#2019 = ORIENTED_EDGE ( 'NONE', *, *, #3476, .F. ) ;
#2020 = DIRECTION ( 'NONE',  ( -0.8719406851971467365, 0.4896115210020390851, 0.000000000000000000 ) ) ;
#2021 = CARTESIAN_POINT ( 'NONE',  ( -7.000000000000000000, 0.1280792385188639082, -0.5547721316411167169 ) ) ;
#2022 = CIRCLE ( 'NONE', #5963, 0.4999999999999998890 ) ;
#2023 = DIRECTION ( 'NONE',  ( 0.000000000000000000, -0.9743700647852328034, -0.2249510543438758559 ) ) ;
#2024 = CARTESIAN_POINT ( 'NONE',  ( 0.2329829950954870610, 3.127244840436512074, 2.272076372062471261 ) ) ;
#2025 = DIRECTION ( 'NONE',  ( -0.8719406851971467365, -0.4770628094383543294, -0.1101386278683123693 ) ) ;
#2026 = EDGE_CURVE ( 'NONE', #8281, #2222, #3549, .T. ) ;
#2027 = AXIS2_PLACEMENT_3D ( 'NONE', #3295, #4566, #8373 ) ;
#2028 = CARTESIAN_POINT ( 'NONE',  ( -0.2500000000000000000, -3.040803124484960041, -1.322595800581819026 ) ) ;
#2029 = CARTESIAN_POINT ( 'NONE',  ( -5.250000000000000000, 1.010856956957003616, 0.8722936708061455047 ) ) ;
#2030 = VECTOR ( 'NONE', #5191, 39.37007874015748143 ) ;
#2031 = AXIS2_PLACEMENT_3D ( 'NONE', #2785, #3371, #752 ) ;
#2032 = DIRECTION ( 'NONE',  ( 1.000000000000000000, 0.000000000000000000, 0.000000000000000000 ) ) ;
#2033 = DIRECTION ( 'NONE',  ( -3.552469519886068770E-15, 0.9510565162951534202, 0.3090169943749479509 ) ) ;
#2034 = EDGE_LOOP ( 'NONE', ( #564, #3082, #3155, #868 ) ) ;
#2035 = CIRCLE ( 'NONE', #7726, 0.4999999999999996114 ) ;
#2036 = FACE_OUTER_BOUND ( 'NONE', #1446, .T. ) ;
#2037 = ORIENTED_EDGE ( 'NONE', *, *, #1419, .T. ) ;
#2038 = CARTESIAN_POINT ( 'NONE',  ( -7.000000000000000000, 0.1953655642446354979, 0.4602524267262204094 ) ) ;
#2039 = EDGE_CURVE ( 'NONE', #7546, #573, #162, .T. ) ;
#2040 = VERTEX_POINT ( 'NONE', #4739 ) ;
#2041 = EDGE_CURVE ( 'NONE', #3097, #5161, #7961, .T. ) ;
#2042 = ADVANCED_FACE ( 'NONE', ( #294 ), #2947, .T. ) ;
#2043 = VECTOR ( 'NONE', #1517, 39.37007874015748143 ) ;
#2044 = PLANE ( 'NONE',  #140 ) ;
#2045 = ADVANCED_FACE ( 'NONE', ( #7331 ), #7964, .T. ) ;
#2046 = CARTESIAN_POINT ( 'NONE',  ( 1.549995677804209659, 2.848721405383343027E-17, 0.000000000000000000 ) ) ;
#2047 = CARTESIAN_POINT ( 'NONE',  ( -0.01701700490451234574, -3.159609439522320429, 1.341174636135345821 ) ) ;
#2048 = VERTEX_POINT ( 'NONE', #2109 ) ;
#2049 = VERTEX_POINT ( 'NONE', #6785 ) ;
#2050 = CIRCLE ( 'NONE', #4223, 3.105109578176981078 ) ;
#2051 = ORIENTED_EDGE ( 'NONE', *, *, #7625, .T. ) ;
#2052 = ORIENTED_EDGE ( 'NONE', *, *, #2968, .T. ) ;
#2053 = VECTOR ( 'NONE', #2336, 39.37007874015748143 ) ;
#2054 = ORIENTED_EDGE ( 'NONE', *, *, #4221, .T. ) ;
#2055 = CYLINDRICAL_SURFACE ( 'NONE', #1306, 0.1250000000000000000 ) ;
#2056 = CIRCLE ( 'NONE', #1656, 4.360605680090435143 ) ;
#2057 = CIRCLE ( 'NONE', #1519, 0.1250000000000000000 ) ;
#2058 = DATE_AND_TIME ( #8367, #365 ) ;
#2059 = AXIS2_PLACEMENT_3D ( 'NONE', #3650, #8145, #5693 ) ;
#2060 = ORIENTED_EDGE ( 'NONE', *, *, #6024, .F. ) ;
#2061 = DIRECTION ( 'NONE',  ( 1.224646799147352714E-16, -1.000000000000000000, 0.000000000000000000 ) ) ;
#2062 = FACE_OUTER_BOUND ( 'NONE', #4720, .T. ) ;
#2063 = CARTESIAN_POINT ( 'NONE',  ( -7.000000000000000000, -0.5414982150262708238, -0.1759434355370016190 ) ) ;
#2064 = CIRCLE ( 'NONE', #5327, 4.360605680090436032 ) ;
#2065 = AXIS2_PLACEMENT_3D ( 'NONE', #7379, #4746, #1564 ) ;
#2066 = VERTEX_POINT ( 'NONE', #2791 ) ;
#2067 = ORIENTED_EDGE ( 'NONE', *, *, #3168, .T. ) ;
#2068 = DIRECTION ( 'NONE',  ( 0.000000000000000000, -0.8090169943749403458, -0.5877852522924831291 ) ) ;
#2069 = AXIS2_PLACEMENT_3D ( 'NONE', #1440, #216, #7219 ) ;
#2070 = LINE ( 'NONE', #6103, #4172 ) ;
#2071 = DIRECTION ( 'NONE',  ( 0.000000000000000000, 0.000000000000000000, -1.000000000000000000 ) ) ;
#2072 = FACE_OUTER_BOUND ( 'NONE', #4518, .T. ) ;
#2073 = VECTOR ( 'NONE', #4938, 39.37007874015748854 ) ;
#2074 = CARTESIAN_POINT ( 'NONE',  ( -0.2500000000000000000, 1.292839910290862981, -1.179434172117763469 ) ) ;
#2075 = CARTESIAN_POINT ( 'NONE',  ( -7.000000000000000000, 0.1759434355369958736, 0.5414982150262728222 ) ) ;
#2076 = DIRECTION ( 'NONE',  ( 0.000000000000000000, 1.047444401652940007E-14, -1.000000000000000000 ) ) ;
#2077 = EDGE_CURVE ( 'NONE', #5555, #3041, #2833, .T. ) ;
#2078 = DIRECTION ( 'NONE',  ( 1.000000000000000000, 1.224646799147352714E-16, -0.000000000000000000 ) ) ;
#2079 = CARTESIAN_POINT ( 'NONE',  ( 1.549995677804209437, -2.953134698135705616, -0.9595316290531346048 ) ) ;
#2080 = ORIENTED_EDGE ( 'NONE', *, *, #3806, .T. ) ;
#2081 = AXIS2_PLACEMENT_3D ( 'NONE', #1294, #6389, #1883 ) ;
#2082 = DIRECTION ( 'NONE',  ( 1.000000000000000000, 0.000000000000000000, -0.000000000000000000 ) ) ;
#2083 = VERTEX_POINT ( 'NONE', #927 ) ;
#2084 = DIRECTION ( 'NONE',  ( 0.000000000000000000, 0.000000000000000000, -1.000000000000000000 ) ) ;
#2085 = DIRECTION ( 'NONE',  ( 1.000000000000000000, -0.000000000000000000, -0.000000000000000000 ) ) ;
#2086 = ORIENTED_EDGE ( 'NONE', *, *, #347, .T. ) ;
#2087 = DIRECTION ( 'NONE',  ( 0.000000000000000000, -1.000000000000000000, 0.000000000000000000 ) ) ;
#2088 = ADVANCED_FACE ( 'NONE', ( #5429 ), #7416, .F. ) ;
#2089 = DIRECTION ( 'NONE',  ( 0.000000000000000000, 0.000000000000000000, -1.000000000000000000 ) ) ;
#2090 = CARTESIAN_POINT ( 'NONE',  ( 1.549995677804209659, 2.848721405383343027E-17, 0.000000000000000000 ) ) ;
#2091 = ORIENTED_EDGE ( 'NONE', *, *, #6557, .T. ) ;
#2092 = EDGE_CURVE ( 'NONE', #1635, #1465, #2070, .T. ) ;
#2093 = ADVANCED_FACE ( 'NONE', ( #2153, #5978 ), #5389, .F. ) ;
#2094 = ORIENTED_EDGE ( 'NONE', *, *, #7320, .T. ) ;
#2095 = VERTEX_POINT ( 'NONE', #4113 ) ;
#2096 = EDGE_CURVE ( 'NONE', #7775, #4957, #882, .T. ) ;
#2097 = EDGE_LOOP ( 'NONE', ( #3922, #1945, #6061, #4336 ) ) ;
#2098 = EDGE_LOOP ( 'NONE', ( #7643, #4428, #2911, #7646 ) ) ;
#2099 = FACE_OUTER_BOUND ( 'NONE', #4228, .T. ) ;
#2100 = AXIS2_PLACEMENT_3D ( 'NONE', #4159, #974, #4794 ) ;
#2101 = ADVANCED_FACE ( 'NONE', ( #249 ), #2193, .T. ) ;
#2102 = ORIENTED_EDGE ( 'NONE', *, *, #3081, .T. ) ;
#2103 = FACE_OUTER_BOUND ( 'NONE', #395, .T. ) ;
#2104 = DIRECTION ( 'NONE',  ( 0.000000000000000000, 0.000000000000000000, -1.000000000000000000 ) ) ;
#2105 = CARTESIAN_POINT ( 'NONE',  ( 0.000000000000000000, 0.000000000000000000, 0.000000000000000000 ) ) ;
#2106 = ORIENTED_EDGE ( 'NONE', *, *, #4535, .T. ) ;
#2107 = ORIENTED_EDGE ( 'NONE', *, *, #286, .F. ) ;
#2108 = DIRECTION ( 'NONE',  ( 1.000000000000000000, 1.224646799147352714E-16, -0.000000000000000000 ) ) ;
#2109 = CARTESIAN_POINT ( 'NONE',  ( -0.2482449321572040568, -4.344012258974841778, 0.3800518268779398134 ) ) ;
#2110 = CARTESIAN_POINT ( 'NONE',  ( 1.549995677804209437, 0.000000000000000000, 0.000000000000000000 ) ) ;
#2111 = AXIS2_PLACEMENT_3D ( 'NONE', #7615, #6982, #1165 ) ;
#2112 = DIRECTION ( 'NONE',  ( 0.000000000000000000, 0.000000000000000000, 1.000000000000000000 ) ) ;
#2113 = FACE_OUTER_BOUND ( 'NONE', #2631, .T. ) ;
#2114 = LINE ( 'NONE', #845, #816 ) ;
#2115 = VERTEX_POINT ( 'NONE', #967 ) ;
#2116 = CIRCLE ( 'NONE', #5509, 1.749999999999999556 ) ;
#2117 = VERTEX_POINT ( 'NONE', #8084 ) ;
#2118 = CARTESIAN_POINT ( 'NONE',  ( 0.2500000000000000000, 0.3750000000000000555, -1.709349291397167958 ) ) ;
#2119 = CIRCLE ( 'NONE', #2389, 4.357648039384080185 ) ;
#2120 = LINE ( 'NONE', #766, #1906 ) ;
#2121 = CIRCLE ( 'NONE', #5787, 3.105109578176981522 ) ;
#2122 = DIRECTION ( 'NONE',  ( -1.236773978361170610E-16, 1.000000000000000000, 0.000000000000000000 ) ) ;
#2123 = VERTEX_POINT ( 'NONE', #1011 ) ;
#2124 = DIRECTION ( 'NONE',  ( -0.000000000000000000, -0.08715574274765836016, -0.9961946980917455452 ) ) ;
#2125 = VERTEX_POINT ( 'NONE', #5508 ) ;
#2126 = DIRECTION ( 'NONE',  ( 1.000000000000000000, 0.000000000000000000, 0.000000000000000000 ) ) ;
#2127 = CARTESIAN_POINT ( 'NONE',  ( -5.250000000000000000, 0.000000000000000000, 0.000000000000000000 ) ) ;
#2128 = EDGE_CURVE ( 'NONE', #2920, #6652, #6184, .T. ) ;
#2129 = VERTEX_POINT ( 'NONE', #7456 ) ;
#2130 = FACE_OUTER_BOUND ( 'NONE', #6812, .T. ) ;
#2131 = CARTESIAN_POINT ( 'NONE',  ( 1.549995677804209437, 2.512086418141626254, -1.825137616804498375 ) ) ;
#2132 = DIRECTION ( 'NONE',  ( 0.000000000000000000, 0.8660254037844391517, -0.4999999999999991673 ) ) ;
#2133 = ORIENTED_EDGE ( 'NONE', *, *, #7521, .F. ) ;
#2134 = AXIS2_PLACEMENT_3D ( 'NONE', #1947, #5850, #2658 ) ;
#2135 = ORIENTED_EDGE ( 'NONE', *, *, #7031, .T. ) ;
#2136 = EDGE_CURVE ( 'NONE', #3041, #3937, #3996, .T. ) ;
#2137 = ORIENTED_EDGE ( 'NONE', *, *, #5154, .F. ) ;
#2138 = ORIENTED_EDGE ( 'NONE', *, *, #3960, .T. ) ;
#2139 = VERTEX_POINT ( 'NONE', #4236 ) ;
#2140 = FACE_OUTER_BOUND ( 'NONE', #4334, .T. ) ;
#2141 = ADVANCED_FACE ( 'NONE', ( #6829 ), #4809, .T. ) ;
#2142 = DIRECTION ( 'NONE',  ( 1.000000000000000000, 0.000000000000000000, -0.000000000000000000 ) ) ;
#2143 = ORIENTED_EDGE ( 'NONE', *, *, #5475, .T. ) ;
#2144 = DIRECTION ( 'NONE',  ( -0.8719406851971467365, 0.4656482275021717188, -0.1512982806313935003 ) ) ;
#2145 = DIRECTION ( 'NONE',  ( 1.000000000000000000, 0.000000000000000000, -0.000000000000000000 ) ) ;
#2146 = ADVANCED_FACE ( 'NONE', ( #3258 ), #603, .T. ) ;
#2147 = DIRECTION ( 'NONE',  ( -1.000000000000000000, 0.000000000000000000, -0.000000000000000000 ) ) ;
#2148 = ORIENTED_EDGE ( 'NONE', *, *, #905, .F. ) ;
#2149 = ORIENTED_EDGE ( 'NONE', *, *, #1094, .T. ) ;
#2150 = CARTESIAN_POINT ( 'NONE',  ( -0.2500000000000000000, 0.000000000000000000, 0.000000000000000000 ) ) ;
#2151 = ADVANCED_FACE ( 'NONE', ( #725 ), #85, .F. ) ;
#2152 = EDGE_CURVE ( 'NONE', #5538, #1854, #3584, .T. ) ;
#2153 = FACE_BOUND ( 'NONE', #5438, .T. ) ;
#2154 = EDGE_CURVE ( 'NONE', #8226, #4588, #48, .T. ) ;
#2155 = CARTESIAN_POINT ( 'NONE',  ( -0.01701700490451218614, -1.634164925564208026E-16, 0.000000000000000000 ) ) ;
#2156 = DIRECTION ( 'NONE',  ( 1.000000000000000000, 0.000000000000000000, 0.000000000000000000 ) ) ;
#2157 = DIRECTION ( 'NONE',  ( 1.000000000000000000, 0.000000000000000000, 0.000000000000000000 ) ) ;
#2158 = CARTESIAN_POINT ( 'NONE',  ( -5.250000000000000000, -1.260856956957003838, 0.4392809689139253737 ) ) ;
#2159 = ORIENTED_EDGE ( 'NONE', *, *, #1364, .F. ) ;
#2160 = LINE ( 'NONE', #8250, #1587 ) ;
#2161 = AXIS2_PLACEMENT_3D ( 'NONE', #3457, #2824, #8071 ) ;
#2162 = CARTESIAN_POINT ( 'NONE',  ( 0.000000000000000000, 0.000000000000000000, 0.000000000000000000 ) ) ;
#2163 = CARTESIAN_POINT ( 'NONE',  ( 0.2329829950954873385, -1.328003225777370155E-16, 0.000000000000000000 ) ) ;
#2164 = ORIENTED_EDGE ( 'NONE', *, *, #5685, .F. ) ;
#2165 = PLANE ( 'NONE',  #976 ) ;
#2166 = DIRECTION ( 'NONE',  ( -0.8719406851971467365, -0.2877864313974841659, -0.3961040411324167065 ) ) ;
#2167 = DIRECTION ( 'NONE',  ( 1.000000000000000000, 0.000000000000000000, 0.000000000000000000 ) ) ;
#2168 = AXIS2_PLACEMENT_3D ( 'NONE', #8357, #2551, #1286 ) ;
#2169 = EDGE_LOOP ( 'NONE', ( #4556, #2338, #4563, #7522 ) ) ;
#2170 = AXIS2_PLACEMENT_3D ( 'NONE', #3891, #5804, #543 ) ;
#2171 = AXIS2_PLACEMENT_3D ( 'NONE', #5727, #6081, #6909 ) ;
#2172 = DIRECTION ( 'NONE',  ( 1.000000000000000000, 0.000000000000000000, 0.000000000000000000 ) ) ;
#2173 = DIRECTION ( 'NONE',  ( 0.000000000000000000, 0.5877852522924742473, -0.8090169943749466741 ) ) ;
#2174 = AXIS2_PLACEMENT_3D ( 'NONE', #6843, #5570, #7516 ) ;
#2175 = CARTESIAN_POINT ( 'NONE',  ( -0.2406238026544922359, 2.280423447894508460, -3.138733604700457924 ) ) ;
#2176 = ORIENTED_EDGE ( 'NONE', *, *, #1770, .T. ) ;
#2177 = ORIENTED_EDGE ( 'NONE', *, *, #911, .T. ) ;
#2178 = ORIENTED_EDGE ( 'NONE', *, *, #7529, .T. ) ;
#2179 = ORIENTED_EDGE ( 'NONE', *, *, #1791, .F. ) ;
#2180 = ORIENTED_EDGE ( 'NONE', *, *, #8101, .F. ) ;
#2181 = DIRECTION ( 'NONE',  ( 0.8944271909999158554, -0.1381966011250064519, -0.4253254041760213822 ) ) ;
#2182 = EDGE_CURVE ( 'NONE', #2909, #4348, #4672, .T. ) ;
#2183 = LINE ( 'NONE', #6772, #8291 ) ;
#2184 = AXIS2_PLACEMENT_3D ( 'NONE', #6394, #8241, #503 ) ;
#2185 = ORIENTED_EDGE ( 'NONE', *, *, #6721, .F. ) ;
#2186 = DIRECTION ( 'NONE',  ( -1.000000000000000000, 0.000000000000000000, 0.000000000000000000 ) ) ;
#2187 = FACE_OUTER_BOUND ( 'NONE', #489, .T. ) ;
#2188 = DIRECTION ( 'NONE',  ( 0.000000000000000000, -0.3090169943749349057, -0.9510565162951576390 ) ) ;
#2189 = ORIENTED_EDGE ( 'NONE', *, *, #1830, .F. ) ;
#2190 = AXIS2_PLACEMENT_3D ( 'NONE', #31, #4352, #2740 ) ;
#2191 = ORIENTED_EDGE ( 'NONE', *, *, #1529, .F. ) ;
#2192 = CARTESIAN_POINT ( 'NONE',  ( 0.2500000000000000000, 0.000000000000000000, -0.7500000000000001110 ) ) ;
#2193 = PLANE ( 'NONE',  #7653 ) ;
#2194 = VECTOR ( 'NONE', #5533, 39.37007874015748143 ) ;
#2195 = EDGE_CURVE ( 'NONE', #7436, #5337, #1907, .T. ) ;
#2196 = LINE ( 'NONE', #5980, #6665 ) ;
#2197 = VECTOR ( 'NONE', #54, 39.37007874015748143 ) ;
#2198 = CIRCLE ( 'NONE', #7354, 4.357648039384081073 ) ;
#2199 = CARTESIAN_POINT ( 'NONE',  ( 0.1610010267107804260, 0.3750000000000232592, 3.308516851600081576 ) ) ;
#2200 = ADVANCED_FACE ( 'NONE', ( #2540 ), #1021, .T. ) ;
#2201 = CARTESIAN_POINT ( 'NONE',  ( -7.000000000000000000, 0.5414982150262744875, -0.1759434355369902669 ) ) ;
#2202 = EDGE_CURVE ( 'NONE', #6174, #3040, #2234, .T. ) ;
#2203 = AXIS2_PLACEMENT_3D ( 'NONE', #1856, #1305, #4442 ) ;
#2204 = DIRECTION ( 'NONE',  ( 0.000000000000000000, 0.000000000000000000, 1.000000000000000000 ) ) ;
#2205 = VECTOR ( 'NONE', #4666, 39.37007874015748143 ) ;
#2206 = EDGE_CURVE ( 'NONE', #2273, #7582, #4946, .T. ) ;
#2207 = VERTEX_POINT ( 'NONE', #6542 ) ;
#2208 = CARTESIAN_POINT ( 'NONE',  ( -0.01701700490451150613, -2.767316772864003571, 2.030723785638236301 ) ) ;
#2209 = CARTESIAN_POINT ( 'NONE',  ( 0.2500000000000000000, -1.667839910290874306, 0.5299151192794272491 ) ) ;
#2210 = VECTOR ( 'NONE', #7990, 39.37007874015748143 ) ;
#2211 = DIRECTION ( 'NONE',  ( 0.8660254037844380415, -0.04357787137382752862, -0.4980973490458738828 ) ) ;
#2212 = ORIENTED_EDGE ( 'NONE', *, *, #6414, .F. ) ;
#2213 = FACE_BOUND ( 'NONE', #4812, .T. ) ;
#2214 = DIRECTION ( 'NONE',  ( 0.000000000000000000, -0.000000000000000000, 1.000000000000000000 ) ) ;
#2215 = FACE_OUTER_BOUND ( 'NONE', #7269, .T. ) ;
#2216 = AXIS2_PLACEMENT_3D ( 'NONE', #2150, #926, #2874 ) ;
#2217 = VERTEX_POINT ( 'NONE', #2029 ) ;
#2218 = CIRCLE ( 'NONE', #6959, 3.105109578176981078 ) ;
#2219 = DIRECTION ( 'NONE',  ( 0.000000000000000000, 0.9510565162951545304, -0.3090169943749447867 ) ) ;
#2220 = CARTESIAN_POINT ( 'NONE',  ( -4.750000000000000000, 0.7135254915624219541, -0.7006292692220362772 ) ) ;
#2221 = DIRECTION ( 'NONE',  ( 1.000000000000000000, 1.224646799147352714E-16, -0.000000000000000000 ) ) ;
#2222 = VERTEX_POINT ( 'NONE', #7845 ) ;
#2223 = CARTESIAN_POINT ( 'NONE',  ( 0.2500000000000000000, 1.667839910290881633, 0.5299151192794038234 ) ) ;
#2224 = ORIENTED_EDGE ( 'NONE', *, *, #3592, .F. ) ;
#2225 = ORIENTED_EDGE ( 'NONE', *, *, #7912, .T. ) ;
#2226 = CARTESIAN_POINT ( 'NONE',  ( 5.651087907391154571E-17, 1.236067977499779147, 3.804226065180618566 ) ) ;
#2227 = ADVANCED_BREP_SHAPE_REPRESENTATION ( 'Cone_STEP', ( #4650, #4550, #7818 ), #3337 ) ;
#2228 = CARTESIAN_POINT ( 'NONE',  ( 0.2329829950954873385, -3.676296795032613751, -1.194501237904035618 ) ) ;
#2229 = ORIENTED_EDGE ( 'NONE', *, *, #2607, .F. ) ;
#2230 = DIRECTION ( 'NONE',  ( 1.000000000000000000, 0.000000000000000000, 0.000000000000000000 ) ) ;
#2231 = PLANE ( 'NONE',  #5646 ) ;
#2232 = CARTESIAN_POINT ( 'NONE',  ( 0.000000000000000000, -1.571166602479410010E-14, 4.500000000000000000 ) ) ;
#2233 = ORIENTED_EDGE ( 'NONE', *, *, #7081, .T. ) ;
#2234 = CIRCLE ( 'NONE', #4399, 0.4999999999999998890 ) ;
#2235 = EDGE_CURVE ( 'NONE', #7493, #7974, #7719, .T. ) ;
#2236 = VERTEX_POINT ( 'NONE', #764 ) ;
#2237 = FACE_OUTER_BOUND ( 'NONE', #7203, .T. ) ;
#2238 = CARTESIAN_POINT ( 'NONE',  ( 1.549995677804209437, 3.512710853246177489, 0.8109732006360803602 ) ) ;
#2239 = DIRECTION ( 'NONE',  ( 0.000000000000000000, 0.8090169943749445647, 0.5877852522924770229 ) ) ;
#2240 = LINE ( 'NONE', #8046, #4409 ) ;
#2241 = DIRECTION ( 'NONE',  ( 1.232246991851730235E-16, -1.000000000000000000, 0.000000000000000000 ) ) ;
#2242 = EDGE_CURVE ( 'NONE', #5295, #3418, #3863, .T. ) ;
#2243 = VERTEX_POINT ( 'NONE', #4540 ) ;
#2244 = CARTESIAN_POINT ( 'NONE',  ( 5.651087907391154571E-17, 3.804226065180630556, -1.236067977499739845 ) ) ;
#2245 = EDGE_CURVE ( 'NONE', #4430, #6893, #2912, .T. ) ;
#2246 = CARTESIAN_POINT ( 'NONE',  ( 0.2465608283438172066, 0.000000000000000000, 0.000000000000000000 ) ) ;
#2247 = CARTESIAN_POINT ( 'NONE',  ( 1.549995677804209437, -3.428662956283297536, 1.114040126240562811 ) ) ;
#2248 = ORIENTED_EDGE ( 'NONE', *, *, #4626, .F. ) ;
#2249 = EDGE_CURVE ( 'NONE', #1097, #2558, #5262, .T. ) ;
#2250 = DIRECTION ( 'NONE',  ( -1.000000000000000000, 0.000000000000000000, 0.000000000000000000 ) ) ;
#2251 = CARTESIAN_POINT ( 'NONE',  ( 1.549995677804209437, -0.8109732006360932388, 3.512710853246174825 ) ) ;
#2252 = PLANE ( 'NONE',  #440 ) ;
#2253 = VERTEX_POINT ( 'NONE', #3177 ) ;
#2254 = CIRCLE ( 'NONE', #4554, 3.278312163512968613 ) ;
#2255 = AXIS2_PLACEMENT_3D ( 'NONE', #4468, #2557, #7021 ) ;
#2256 = EDGE_CURVE ( 'NONE', #3585, #5839, #7383, .T. ) ;
#2257 = EDGE_CURVE ( 'NONE', #131, #2859, #2781, .T. ) ;
#2258 = TOROIDAL_SURFACE ( 'NONE', #6871, 3.924635337491861886, 0.5000000000000000000 ) ;
#2259 = DIRECTION ( 'NONE',  ( 0.000000000000000000, -0.08715574274765487683, -0.9961946980917457672 ) ) ;
#2260 = DIRECTION ( 'NONE',  ( -1.000000000000000000, 0.000000000000000000, -0.000000000000000000 ) ) ;
#2261 = VERTEX_POINT ( 'NONE', #5813 ) ;
#2262 = EDGE_CURVE ( 'NONE', #5663, #5138, #1557, .T. ) ;
#2263 = CIRCLE ( 'NONE', #908, 3.879688098672754215 ) ;
#2264 = LINE ( 'NONE', #1622, #4189 ) ;
#2265 = AXIS2_PLACEMENT_3D ( 'NONE', #2368, #3635, #4403 ) ;
#2266 = LOCAL_TIME ( 20, 27, 29.00000000000000000, #7868 ) ;
#2267 = ORIENTED_EDGE ( 'NONE', *, *, #4422, .F. ) ;
#2268 = ORIENTED_EDGE ( 'NONE', *, *, #5681, .F. ) ;
#2269 = DIRECTION ( 'NONE',  ( 0.000000000000000000, 0.8090169943749506709, -0.5877852522924684742 ) ) ;
#2270 = SHAPE_DEFINITION_REPRESENTATION ( #8334, #2227 ) ;
#2271 = AXIS2_PLACEMENT_3D ( 'NONE', #6405, #8333, #3252 ) ;
#2272 = FACE_OUTER_BOUND ( 'NONE', #1363, .T. ) ;
#2273 = VERTEX_POINT ( 'NONE', #5306 ) ;
#2274 = DIRECTION ( 'NONE',  ( 0.000000000000000000, 0.000000000000000000, 1.000000000000000000 ) ) ;
#2275 = CARTESIAN_POINT ( 'NONE',  ( 1.549995677804209659, 2.848721405383343027E-17, 0.000000000000000000 ) ) ;
#2276 = ORIENTED_EDGE ( 'NONE', *, *, #1504, .T. ) ;
#2277 = PLANE ( 'NONE',  #6730 ) ;
#2278 = ORIENTED_EDGE ( 'NONE', *, *, #6721, .T. ) ;
#2279 = VERTEX_POINT ( 'NONE', #1436 ) ;
#2280 = DIRECTION ( 'NONE',  ( -1.000000000000000000, 0.000000000000000000, -0.000000000000000000 ) ) ;
#2281 = DIRECTION ( 'NONE',  ( 1.000000000000000000, 0.000000000000000000, 0.000000000000000000 ) ) ;
#2282 = DIRECTION ( 'NONE',  ( -1.000000000000000000, 0.000000000000000000, 0.000000000000000000 ) ) ;
#2283 = CARTESIAN_POINT ( 'NONE',  ( -0.09468133244882184774, -2.733484621254387736, -2.011190783799133186 ) ) ;
#2284 = CARTESIAN_POINT ( 'NONE',  ( -0.01701700490451175593, -3.142316772864016450, -1.381204732799887758 ) ) ;
#2285 = ORIENTED_EDGE ( 'NONE', *, *, #913, .F. ) ;
#2286 = CARTESIAN_POINT ( 'NONE',  ( -4.750000000000000000, -0.2500000000000000555, 0.9682458365518542553 ) ) ;
#2287 = VECTOR ( 'NONE', #7574, 39.37007874015748143 ) ;
#2288 = CARTESIAN_POINT ( 'NONE',  ( -4.916740475653689657, 0.2499999999999999722, -1.473597429166538353 ) ) ;
#2289 = ADVANCED_FACE ( 'NONE', ( #6712 ), #4831, .T. ) ;
#2290 = DIRECTION ( 'NONE',  ( 1.000000000000000000, 0.000000000000000000, 0.000000000000000000 ) ) ;
#2291 = VERTEX_POINT ( 'NONE', #4031 ) ;
#2292 = DIRECTION ( 'NONE',  ( 0.000000000000000000, -0.3907311284892650560, -0.9205048534524438164 ) ) ;
#2293 = FACE_OUTER_BOUND ( 'NONE', #3826, .T. ) ;
#2294 = DIRECTION ( 'NONE',  ( 1.000000000000000000, -0.000000000000000000, -0.000000000000000000 ) ) ;
#2295 = ORIENTED_EDGE ( 'NONE', *, *, #601, .F. ) ;
#2296 = CARTESIAN_POINT ( 'NONE',  ( -4.750000000000000000, 0.000000000000000000, 0.2500000000000000000 ) ) ;
#2297 = EDGE_CURVE ( 'NONE', #609, #3955, #5075, .T. ) ;
#2298 = DIRECTION ( 'NONE',  ( 0.000000000000000000, 0.000000000000000000, 1.000000000000000000 ) ) ;
#2299 = EDGE_LOOP ( 'NONE', ( #2992, #4723, #7907, #7951, #6402, #4858, #300, #5906 ) ) ;
#2300 = AXIS2_PLACEMENT_3D ( 'NONE', #2246, #4286, #4834 ) ;
#2301 = AXIS2_PLACEMENT_3D ( 'NONE', #6282, #472, #7797 ) ;
#2302 = CYLINDRICAL_SURFACE ( 'NONE', #6764, 1.749999999999999556 ) ;
#2303 = EDGE_CURVE ( 'NONE', #6192, #1888, #343, .T. ) ;
#2304 = EDGE_CURVE ( 'NONE', #533, #1674, #7519, .T. ) ;
#2305 = ORIENTED_EDGE ( 'NONE', *, *, #3497, .F. ) ;
#2306 = CIRCLE ( 'NONE', #3390, 3.278312163512968613 ) ;
#2307 = AXIS2_PLACEMENT_3D ( 'NONE', #7103, #6339, #484 ) ;
#2308 = ORIENTED_EDGE ( 'NONE', *, *, #4997, .T. ) ;
#2309 = EDGE_CURVE ( 'NONE', #412, #6347, #1606, .T. ) ;
#2310 = CARTESIAN_POINT ( 'NONE',  ( 1.549995677804209659, 2.848721405383343027E-17, 0.000000000000000000 ) ) ;
#2311 = CIRCLE ( 'NONE', #7319, 0.5693649175925757921 ) ;
#2312 = CYLINDRICAL_SURFACE ( 'NONE', #5431, 1.000000000000000222 ) ;
#2314 = CIRCLE ( 'NONE', #7056, 3.105109578176981078 ) ;
#2313 = CARTESIAN_POINT ( 'NONE',  ( 0.2500000000000000000, 1.292839910290862759, -1.179434172117763246 ) ) ;
#2315 = ORIENTED_EDGE ( 'NONE', *, *, #7338, .T. ) ;
#2316 = CARTESIAN_POINT ( 'NONE',  ( -0.2406238026544918474, 3.138733604700515656, -2.280423447894428524 ) ) ;
#2317 = DIRECTION ( 'NONE',  ( 0.000000000000000000, 0.000000000000000000, 1.000000000000000000 ) ) ;
#2318 = ORIENTED_EDGE ( 'NONE', *, *, #5154, .T. ) ;
#2319 = CARTESIAN_POINT ( 'NONE',  ( -0.2500000000000000000, -0.3750000000000000555, -1.709349291397167958 ) ) ;
#2320 = ORIENTED_EDGE ( 'NONE', *, *, #1166, .F. ) ;
#2321 = ORIENTED_EDGE ( 'NONE', *, *, #2667, .T. ) ;
#2322 = CARTESIAN_POINT ( 'NONE',  ( -0.2500000000000000000, 0.000000000000000000, 0.7500000000000001110 ) ) ;
#2323 = AXIS2_PLACEMENT_3D ( 'NONE', #797, #5390, #7965 ) ;
#2324 = CARTESIAN_POINT ( 'NONE',  ( -5.250000000000000000, 1.010856956957003616, 0.8722936708061455047 ) ) ;
#2325 = CARTESIAN_POINT ( 'NONE',  ( -0.003439171656184494309, -1.212779016009406519, -3.732550011803875467 ) ) ;
#2326 = DIRECTION ( 'NONE',  ( 0.000000000000000000, 0.5877852522924684742, 0.8090169943749507819 ) ) ;
#2327 = CIRCLE ( 'NONE', #6936, 3.879688098672754215 ) ;
#2328 = ORIENTED_EDGE ( 'NONE', *, *, #4521, .T. ) ;
#2329 = LINE ( 'NONE', #1139, #4161 ) ;
#2330 = AXIS2_PLACEMENT_3D ( 'NONE', #7530, #6894, #7995 ) ;
#2331 = DIRECTION ( 'NONE',  ( 0.000000000000000000, 0.000000000000000000, -1.000000000000000000 ) ) ;
#2332 = VECTOR ( 'NONE', #6679, 39.37007874015748143 ) ;
#2333 = CARTESIAN_POINT ( 'NONE',  ( -0.2406238026544919584, -3.689802647435468153, -1.198889555364137882 ) ) ;
#2334 = CIRCLE ( 'NONE', #5041, 3.105109578176981078 ) ;
#2335 = DIRECTION ( 'NONE',  ( 0.000000000000000000, 1.000000000000000000, 3.491481338843133355E-15 ) ) ;
#2336 = DIRECTION ( 'NONE',  ( -1.000000000000000000, -0.000000000000000000, -0.000000000000000000 ) ) ;
#2337 = CARTESIAN_POINT ( 'NONE',  ( 0.000000000000000000, -4.142271840535992844, 1.758290078201705464 ) ) ;
#2338 = ORIENTED_EDGE ( 'NONE', *, *, #6671, .T. ) ;
#2339 = TOROIDAL_SURFACE ( 'NONE', #7088, 3.924635337491861442, 0.5000000000000000000 ) ;
#2340 = ADVANCED_FACE ( 'NONE', ( #804 ), #1417, .T. ) ;
#2341 = AXIS2_PLACEMENT_3D ( 'NONE', #2163, #4165, #6714 ) ;
#2342 = CARTESIAN_POINT ( 'NONE',  ( 0.000000000000000000, 0.000000000000000000, 0.000000000000000000 ) ) ;
#2343 = CARTESIAN_POINT ( 'NONE',  ( 0.2465608283438162074, -1.702668735987574955, -4.011236169890572967 ) ) ;
#2344 = ORIENTED_EDGE ( 'NONE', *, *, #2541, .T. ) ;
#2345 = DIRECTION ( 'NONE',  ( 0.000000000000000000, 0.9510565162951523099, 0.3090169943749516146 ) ) ;
#2346 = VECTOR ( 'NONE', #5214, 39.37007874015748854 ) ;
#2347 = ORIENTED_EDGE ( 'NONE', *, *, #2262, .T. ) ;
#2348 = ORIENTED_EDGE ( 'NONE', *, *, #4386, .T. ) ;
#2349 = ADVANCED_FACE ( 'NONE', ( #4199 ), #932, .F. ) ;
#2350 = DIRECTION ( 'NONE',  ( 0.000000000000000000, 0.2249510543438758559, -0.9743700647852326924 ) ) ;
#2351 = LINE ( 'NONE', #1713, #8120 ) ;
#2352 = EDGE_CURVE ( 'NONE', #1895, #6598, #6442, .T. ) ;
#2353 = DIRECTION ( 'NONE',  ( -1.000000000000000000, 0.000000000000000000, 0.000000000000000000 ) ) ;
#2354 = ORIENTED_EDGE ( 'NONE', *, *, #7994, .F. ) ;
#2355 = CARTESIAN_POINT ( 'NONE',  ( 1.549995677804209659, 2.848721405383343027E-17, 0.000000000000000000 ) ) ;
#2356 = EDGE_CURVE ( 'NONE', #2207, #4593, #3435, .T. ) ;
#2357 = VECTOR ( 'NONE', #5755, 39.37007874015748143 ) ;
#2358 = ORIENTED_EDGE ( 'NONE', *, *, #6242, .T. ) ;
#2359 = CARTESIAN_POINT ( 'NONE',  ( 1.549995677804209437, 2.119030242950761700, 2.916594915329080440 ) ) ;
#2360 = ORIENTED_EDGE ( 'NONE', *, *, #5782, .T. ) ;
#2361 = ORIENTED_EDGE ( 'NONE', *, *, #5678, .T. ) ;
#2362 = CARTESIAN_POINT ( 'NONE',  ( 1.549995677804209437, -1.114040126240552153, -3.428662956283300645 ) ) ;
#2363 = EDGE_CURVE ( 'NONE', #824, #879, #3558, .T. ) ;
#2364 = DIRECTION ( 'NONE',  ( 1.224913629762582012E-16, -1.000000000000000000, 0.000000000000000000 ) ) ;
#2365 = DIRECTION ( 'NONE',  ( -0.8660254037844379305, 0.1124755271719381500, -0.4871850323926173454 ) ) ;
#2366 = DIRECTION ( 'NONE',  ( -1.000000000000000000, 0.000000000000000000, -0.000000000000000000 ) ) ;
#2367 = VERTEX_POINT ( 'NONE', #5439 ) ;
#2368 = CARTESIAN_POINT ( 'NONE',  ( 1.549995677804209437, 0.000000000000000000, 0.000000000000000000 ) ) ;
#2369 = CARTESIAN_POINT ( 'NONE',  ( -0.09468133244882183386, 2.733484621254401503, 2.011190783799114090 ) ) ;
#2370 = DIRECTION ( 'NONE',  ( 0.8944271909999158554, -0.2628655560595685725, 0.3618033988749882468 ) ) ;
#2371 = CARTESIAN_POINT ( 'NONE',  ( 0.2500000000000000000, 0.7500000000000001110, -0.1250000000000001665 ) ) ;
#2372 = CARTESIAN_POINT ( 'NONE',  ( 1.549995677804209437, 1.114040126240624096, -3.428662956283277996 ) ) ;
#2373 = FACE_OUTER_BOUND ( 'NONE', #4328, .T. ) ;
#2374 = DIRECTION ( 'NONE',  ( -8.797911715786014202E-17, 1.000000000000000000, 0.000000000000000000 ) ) ;
#2375 = ORIENTED_EDGE ( 'NONE', *, *, #3966, .F. ) ;
#2376 = AXIS2_PLACEMENT_3D ( 'NONE', #4859, #3712, #6823 ) ;
#2377 = CARTESIAN_POINT ( 'NONE',  ( 0.2329829950954865059, 3.676296795032638620, -1.194501237903958790 ) ) ;
#2378 = DIRECTION ( 'NONE',  ( -0.000000000000000000, -0.8660254037844328234, 0.5000000000000098810 ) ) ;
#2379 = ORIENTED_EDGE ( 'NONE', *, *, #8350, .T. ) ;
#2380 = ORIENTED_EDGE ( 'NONE', *, *, #3786, .T. ) ;
#2381 = DIRECTION ( 'NONE',  ( 1.000000000000000000, 0.000000000000000000, 0.000000000000000000 ) ) ;
#2382 = EDGE_CURVE ( 'NONE', #698, #182, #2633, .T. ) ;
#2383 = CIRCLE ( 'NONE', #3329, 3.605109578176981078 ) ;
#2384 = VERTEX_POINT ( 'NONE', #301 ) ;
#2385 = VERTEX_POINT ( 'NONE', #7888 ) ;
#2386 = DIRECTION ( 'NONE',  ( 1.000000000000000000, 1.224646799147352714E-16, -0.000000000000000000 ) ) ;
#2387 = DIRECTION ( 'NONE',  ( 1.000000000000000000, -0.000000000000000000, -0.000000000000000000 ) ) ;
#2388 = LINE ( 'NONE', #7608, #3430 ) ;
#2389 = AXIS2_PLACEMENT_3D ( 'NONE', #2784, #2145, #2104 ) ;
#2390 = ORIENTED_EDGE ( 'NONE', *, *, #5523, .F. ) ;
#2391 = CIRCLE ( 'NONE', #8340, 1.000000000000000000 ) ;
#2392 = EDGE_CURVE ( 'NONE', #5838, #8249, #1177, .T. ) ;
#2393 = CARTESIAN_POINT ( 'NONE',  ( -7.000000000000000000, 0.4606258943332895983, -0.3346643017336292103 ) ) ;
#2394 = DIRECTION ( 'NONE',  ( -1.000000000000000000, -0.000000000000000000, -0.000000000000000000 ) ) ;
#2395 = ORIENTED_EDGE ( 'NONE', *, *, #6970, .F. ) ;
#2396 = ORIENTED_EDGE ( 'NONE', *, *, #7801, .T. ) ;
#2397 = EDGE_CURVE ( 'NONE', #7982, #6561, #6452, .T. ) ;
#2398 = ORIENTED_EDGE ( 'NONE', *, *, #2256, .T. ) ;
#2399 = CARTESIAN_POINT ( 'NONE',  ( -7.000000000000000888, -0.000000000000000000, 0.000000000000000000 ) ) ;
#2400 = EDGE_CURVE ( 'NONE', #7603, #7224, #3614, .T. ) ;
#2401 = DIRECTION ( 'NONE',  ( 0.000000000000000000, 0.000000000000000000, -1.000000000000000000 ) ) ;
#2402 = LINE ( 'NONE', #1691, #488 ) ;
#2403 = FACE_OUTER_BOUND ( 'NONE', #2585, .T. ) ;
#2404 = EDGE_CURVE ( 'NONE', #3281, #5796, #6667, .T. ) ;
#2405 = EDGE_CURVE ( 'NONE', #7493, #5498, #775, .T. ) ;
#2406 = ORIENTED_EDGE ( 'NONE', *, *, #4319, .T. ) ;
#2407 = EDGE_CURVE ( 'NONE', #2435, #8249, #2800, .T. ) ;
#2408 = ORIENTED_EDGE ( 'NONE', *, *, #3074, .T. ) ;
#2409 = LINE ( 'NONE', #1736, #1452 ) ;
#2410 = EDGE_CURVE ( 'NONE', #5451, #1501, #2160, .T. ) ;
#2411 = CARTESIAN_POINT ( 'NONE',  ( -4.750000000000000000, 0.2499999999999998612, 0.9682458365518544774 ) ) ;
#2412 = DIRECTION ( 'NONE',  ( -1.000000000000000000, -0.000000000000000000, -0.000000000000000000 ) ) ;
#2413 = CARTESIAN_POINT ( 'NONE',  ( -0.01701700490451252615, 2.767316772864032437, 2.030723785638198109 ) ) ;
#2414 = DIRECTION ( 'NONE',  ( -0.8660254037844379305, 0.4045084971874741697, 0.2938926261462377343 ) ) ;
#2415 = CARTESIAN_POINT ( 'NONE',  ( 0.2500000000000000000, 0.000000000000000000, 0.7500000000000001110 ) ) ;
#2416 = VECTOR ( 'NONE', #2941, 39.37007874015748854 ) ;
#2417 = DIRECTION ( 'NONE',  ( 0.000000000000000000, -0.3907311284892647785, -0.9205048534524441495 ) ) ;
#2418 = DIRECTION ( 'NONE',  ( -0.8660254037844380415, -0.4045084971874719493, -0.2938926261462407319 ) ) ;
#2419 = ORIENTED_EDGE ( 'NONE', *, *, #3080, .T. ) ;
#2420 = ORIENTED_EDGE ( 'NONE', *, *, #2352, .T. ) ;
#2421 = DIRECTION ( 'NONE',  ( 0.000000000000000000, 0.000000000000000000, 1.000000000000000000 ) ) ;
#2422 = ORIENTED_EDGE ( 'NONE', *, *, #605, .F. ) ;
#2423 = ORIENTED_EDGE ( 'NONE', *, *, #6465, .T. ) ;
#2424 = CARTESIAN_POINT ( 'NONE',  ( -7.000000000000000000, -0.3735369949770414033, -0.4297051579498694651 ) ) ;
#2425 = LINE ( 'NONE', #485, #5695 ) ;
#2426 = VECTOR ( 'NONE', #1308, 39.37007874015748143 ) ;
#2427 = DIRECTION ( 'NONE',  ( -1.000000000000000000, -0.000000000000000000, 0.000000000000000000 ) ) ;
#2428 = ORIENTED_EDGE ( 'NONE', *, *, #1516, .T. ) ;
#2429 = TOROIDAL_SURFACE ( 'NONE', #7046, 3.924635337491861886, 0.5000000000000000000 ) ;
#2430 = CYLINDRICAL_SURFACE ( 'NONE', #2255, 0.1250000000000000000 ) ;
#2431 = EDGE_LOOP ( 'NONE', ( #702, #4265, #5094, #2354 ) ) ;
#2432 = FACE_OUTER_BOUND ( 'NONE', #2692, .T. ) ;
#2433 = VECTOR ( 'NONE', #266, 39.37007874015748854 ) ;
#2434 = ORIENTED_EDGE ( 'NONE', *, *, #6455, .F. ) ;
#2435 = VERTEX_POINT ( 'NONE', #4958 ) ;
#2436 = CARTESIAN_POINT ( 'NONE',  ( -7.000000000000000000, -0.4999999999999996114, 0.000000000000000000 ) ) ;
#2437 = EDGE_CURVE ( 'NONE', #4502, #4430, #3048, .T. ) ;
#2438 = AXIS2_PLACEMENT_3D ( 'NONE', #2105, #5932, #2188 ) ;
#2439 = VECTOR ( 'NONE', #2087, 39.37007874015748143 ) ;
#2440 = CONICAL_SURFACE ( 'NONE', #4610, 3.105109578176981078, 0.5235987755983000369 ) ;
#2441 = ORIENTED_EDGE ( 'NONE', *, *, #2922, .T. ) ;
#2442 = CARTESIAN_POINT ( 'NONE',  ( -5.083420832761869512, 1.331105008839334358, -0.4798387005782346892 ) ) ;
#2443 = DIRECTION ( 'NONE',  ( -1.000000000000000000, -0.000000000000000000, -0.000000000000000000 ) ) ;
#2444 = DIRECTION ( 'NONE',  ( 0.000000000000000000, 0.000000000000000000, -1.000000000000000000 ) ) ;
#2445 = VERTEX_POINT ( 'NONE', #5556 ) ;
#2446 = CIRCLE ( 'NONE', #1908, 0.5693649175925756811 ) ;
#2447 = ORIENTED_EDGE ( 'NONE', *, *, #6557, .F. ) ;
#2448 = DIRECTION ( 'NONE',  ( -1.000000000000000000, -1.224646799147352714E-16, 0.000000000000000000 ) ) ;
#2449 = ADVANCED_FACE ( 'NONE', ( #1694 ), #5519, .T. ) ;
#2450 = CARTESIAN_POINT ( 'NONE',  ( 0.000000000000000000, -4.500000000000000000, 0.000000000000000000 ) ) ;
#2451 = CARTESIAN_POINT ( 'NONE',  ( 0.000000000000000000, 0.000000000000000000, 0.000000000000000000 ) ) ;
#2452 = EDGE_CURVE ( 'NONE', #5794, #6627, #1182, .T. ) ;
#2453 = EDGE_CURVE ( 'NONE', #2117, #3494, #4425, .T. ) ;
#2454 = FACE_OUTER_BOUND ( 'NONE', #1639, .T. ) ;
#2455 = VECTOR ( 'NONE', #4952, 39.37007874015748143 ) ;
#2456 = DIRECTION ( 'NONE',  ( 0.000000000000000000, 0.8090169943749551118, -0.5877852522924625900 ) ) ;
#2457 = CARTESIAN_POINT ( 'NONE',  ( -7.000000000000000000, -0.4606258943332822153, -0.3346643017336393133 ) ) ;
#2458 = EDGE_CURVE ( 'NONE', #7224, #6861, #2329, .T. ) ;
#2459 = AXIS2_PLACEMENT_3D ( 'NONE', #4251, #310, #6237 ) ;
#2460 = AXIS2_PLACEMENT_3D ( 'NONE', #6354, #7074, #5073 ) ;
#2461 = DIRECTION ( 'NONE',  ( 0.000000000000000000, 0.000000000000000000, 1.000000000000000000 ) ) ;
#2462 = AXIS2_PLACEMENT_3D ( 'NONE', #2674, #6462, #8345 ) ;
#2463 = CARTESIAN_POINT ( 'NONE',  ( 0.000000000000000000, 0.000000000000000000, 0.000000000000000000 ) ) ;
#2464 = ORIENTED_EDGE ( 'NONE', *, *, #1211, .T. ) ;
#2465 = EDGE_LOOP ( 'NONE', ( #6854, #6489, #6838, #907, #3037 ) ) ;
#2466 = DIRECTION ( 'NONE',  ( 0.000000000000000000, -0.08715574274765836016, -0.9961946980917455452 ) ) ;
#2467 = TOROIDAL_SURFACE ( 'NONE', #4772, 3.924635337491861886, 0.5000000000000000000 ) ;
#2468 = AXIS2_PLACEMENT_3D ( 'NONE', #7677, #3901, #1861 ) ;
#2469 = ORIENTED_EDGE ( 'NONE', *, *, #3916, .T. ) ;
#2470 = AXIS2_PLACEMENT_3D ( 'NONE', #4324, #1142, #386 ) ;
#2471 = ORIENTED_EDGE ( 'NONE', *, *, #6923, .F. ) ;
#2472 = DIRECTION ( 'NONE',  ( 0.000000000000000000, 0.5877852522924685852, 0.8090169943749507819 ) ) ;
#2473 = CARTESIAN_POINT ( 'NONE',  ( -7.000000000000000888, 0.000000000000000000, 0.000000000000000000 ) ) ;
#2474 = CARTESIAN_POINT ( 'NONE',  ( -7.000000000000000000, 0.3773547901113898928, -0.3280295144952484754 ) ) ;
#2475 = AXIS2_PLACEMENT_3D ( 'NONE', #8158, #2353, #7654 ) ;
#2476 = VERTEX_POINT ( 'NONE', #511 ) ;
#2477 = CARTESIAN_POINT ( 'NONE',  ( -7.000000000000000000, -0.04962342228723428533, -0.5671983121851680298 ) ) ;
#2478 = VERTEX_POINT ( 'NONE', #3766 ) ;
#2479 = ORIENTED_EDGE ( 'NONE', *, *, #3576, .F. ) ;
#2480 = ORIENTED_EDGE ( 'NONE', *, *, #3756, .F. ) ;
#2481 = CARTESIAN_POINT ( 'NONE',  ( -0.01701700490451150613, -2.767316772864003571, 2.030723785638236301 ) ) ;
#2482 = ORIENTED_EDGE ( 'NONE', *, *, #27, .T. ) ;
#2483 = CARTESIAN_POINT ( 'NONE',  ( -4.750000000000000000, -0.7135254915624210659, -0.7006292692220368323 ) ) ;
#2484 = CARTESIAN_POINT ( 'NONE',  ( -0.2500000000000000000, 0.000000000000000000, -0.7500000000000001110 ) ) ;
#2485 = ADVANCED_FACE ( 'NONE', ( #3003 ), #1816, .F. ) ;
#2486 = CARTESIAN_POINT ( 'NONE',  ( -7.000000000000000000, 0.4297051579498707974, -0.3735369949770397935 ) ) ;
#2487 = ORIENTED_EDGE ( 'NONE', *, *, #5504, .F. ) ;
#2488 = ORIENTED_EDGE ( 'NONE', *, *, #3503, .T. ) ;
#2489 = CARTESIAN_POINT ( 'NONE',  ( -4.750000000000000000, -1.471132980980842220, 0.5606838879882126703 ) ) ;
#2490 = DIRECTION ( 'NONE',  ( 0.000000000000000000, -0.9510565162951565288, 0.3090169943749382919 ) ) ;
#2491 = CARTESIAN_POINT ( 'NONE',  ( 1.549995677804209437, 0.3142060029726995718, 3.591391047819679105 ) ) ;
#2492 = DIRECTION ( 'NONE',  ( 0.000000000000000000, -0.8090169943749486725, 0.5877852522924713607 ) ) ;
#2493 = CARTESIAN_POINT ( 'NONE',  ( 0.000000000000000000, -2.952265630457250545, -3.396193111002501652 ) ) ;
#2494 = EDGE_CURVE ( 'NONE', #7562, #7099, #1019, .T. ) ;
#2495 = DIRECTION ( 'NONE',  ( -1.000000000000000000, -0.000000000000000000, -0.000000000000000000 ) ) ;
#2496 = B_SPLINE_CURVE_WITH_KNOTS ( 'NONE', 3,
 ( #4256, #8183, #1070, #990 ),
 .UNSPECIFIED., .F., .F.,
 ( 4, 4 ),
 ( 2.222362209211811887E-07, 0.01411847985351143663 ),
 .UNSPECIFIED. ) ;
#2498 = EDGE_CURVE ( 'NONE', #4507, #4687, #1852, .T. ) ;
#2497 = AXIS2_PLACEMENT_3D ( 'NONE', #125, #2671, #3862 ) ;
#2499 = DIRECTION ( 'NONE',  ( -0.8660254037844379305, 0.4755282581475776538, 0.1545084971874743640 ) ) ;
#2500 = CARTESIAN_POINT ( 'NONE',  ( 0.2500000000000000000, 0.000000000000000000, -0.6250000000000000000 ) ) ;
#2501 = ORIENTED_EDGE ( 'NONE', *, *, #8050, .F. ) ;
#2502 = ORIENTED_EDGE ( 'NONE', *, *, #5685, .T. ) ;
#2503 = PLANE ( 'NONE',  #8079 ) ;
#2504 = ADVANCED_FACE ( 'NONE', ( #467 ), #6605, .T. ) ;
#2505 = ORIENTED_EDGE ( 'NONE', *, *, #3179, .T. ) ;
#2506 = EDGE_CURVE ( 'NONE', #8354, #4585, #372, .T. ) ;
#2507 = ORIENTED_EDGE ( 'NONE', *, *, #5403, .F. ) ;
#2508 = EDGE_CURVE ( 'NONE', #6937, #4749, #7547, .T. ) ;
#2509 = CARTESIAN_POINT ( 'NONE',  ( 0.000000000000000000, 0.000000000000000000, 0.000000000000000000 ) ) ;
#2510 = ADVANCED_FACE ( 'NONE', ( #6955 ), #4700, .T. ) ;
#2511 = CARTESIAN_POINT ( 'NONE',  ( 1.549995677804209437, -1.258717281668956973E-14, 3.605109578176981078 ) ) ;
#2513 = AXIS2_PLACEMENT_3D ( 'NONE', #7251, #2794, #2112 ) ;
#2512 = CARTESIAN_POINT ( 'NONE',  ( 0.2500000000000000000, -0.3749999999999879541, 1.709349291397170623 ) ) ;
#2514 = EDGE_LOOP ( 'NONE', ( #4600, #3873, #6674, #3982 ) ) ;
#2515 = CARTESIAN_POINT ( 'NONE',  ( 0.2465608283438159576, -0.3797940515053512267, -4.341065872984315455 ) ) ;
#2516 = ORIENTED_EDGE ( 'NONE', *, *, #7430, .F. ) ;
#2517 = AXIS2_PLACEMENT_3D ( 'NONE', #438, #6847, #319 ) ;
#2518 = VECTOR ( 'NONE', #2269, 39.37007874015748854 ) ;
#2519 = VERTEX_POINT ( 'NONE', #6993 ) ;
#2520 = ORIENTED_EDGE ( 'NONE', *, *, #225, .F. ) ;
#2521 = DIRECTION ( 'NONE',  ( 0.000000000000000000, 0.8660254037844390407, -0.4999999999999994449 ) ) ;
#2522 = AXIS2_PLACEMENT_3D ( 'NONE', #8361, #7696, #6938 ) ;
#2523 =( NAMED_UNIT ( * ) SI_UNIT ( $, .STERADIAN. ) SOLID_ANGLE_UNIT ( ) );
#2524 = VECTOR ( 'NONE', #5174, 39.37007874015748143 ) ;
#2525 = VERTEX_POINT ( 'NONE', #2921 ) ;
#2526 = FACE_OUTER_BOUND ( 'NONE', #880, .T. ) ;
#2527 = DIRECTION ( 'NONE',  ( 1.000000000000000000, 0.000000000000000000, 0.000000000000000000 ) ) ;
#2528 = ORIENTED_EDGE ( 'NONE', *, *, #5430, .F. ) ;
#2529 = VECTOR ( 'NONE', #5641, 39.37007874015748854 ) ;
#2530 = CARTESIAN_POINT ( 'NONE',  ( -7.000000000000000000, -0.4606258943332822153, -0.3346643017336393133 ) ) ;
#2531 = VERTEX_POINT ( 'NONE', #4919 ) ;
#2532 = ORIENTED_EDGE ( 'NONE', *, *, #1256, .F. ) ;
#2533 = DIRECTION ( 'NONE',  ( -1.000000000000000000, 0.000000000000000000, -0.000000000000000000 ) ) ;
#2534 = CARTESIAN_POINT ( 'NONE',  ( 5.651087907391154571E-17, -3.428669202808431127, -2.060152299640246376 ) ) ;
#2535 = CARTESIAN_POINT ( 'NONE',  ( -7.000000000000000000, 0.3346643017336342618, 0.4606258943332858791 ) ) ;
#2536 = AXIS2_PLACEMENT_3D ( 'NONE', #2700, #7123, #5937 ) ;
#2537 = LINE ( 'NONE', #5687, #6531 ) ;
#2538 = LINE ( 'NONE', #3859, #3886 ) ;
#2539 = LINE ( 'NONE', #5128, #8156 ) ;
#2540 = FACE_OUTER_BOUND ( 'NONE', #5070, .T. ) ;
#2541 = EDGE_CURVE ( 'NONE', #5455, #5120, #4999, .T. ) ;
#2542 = CARTESIAN_POINT ( 'NONE',  ( -7.000000000000000888, 0.000000000000000000, 0.000000000000000000 ) ) ;
#2543 = FACE_OUTER_BOUND ( 'NONE', #5762, .T. ) ;
#2544 = EDGE_LOOP ( 'NONE', ( #1724, #5166, #6257, #7148 ) ) ;
#2545 = ORIENTED_EDGE ( 'NONE', *, *, #3914, .T. ) ;
#2546 = DIRECTION ( 'NONE',  ( 0.000000000000000000, 0.3090169943749481174, -0.9510565162951534202 ) ) ;
#2547 = VERTEX_POINT ( 'NONE', #5516 ) ;
#2548 = ORIENTED_EDGE ( 'NONE', *, *, #3227, .F. ) ;
#2549 = DIRECTION ( 'NONE',  ( -0.8719406851971467365, 0.3961040411324177613, -0.2877864313974828336 ) ) ;
#2550 = EDGE_CURVE ( 'NONE', #4092, #5423, #6229, .T. ) ;
#2551 = DIRECTION ( 'NONE',  ( 1.000000000000000000, 0.000000000000000000, 0.000000000000000000 ) ) ;
#2552 = AXIS2_PLACEMENT_3D ( 'NONE', #4863, #7453, #2956 ) ;
#2553 = CARTESIAN_POINT ( 'NONE',  ( -0.003439171656184357700, 0.000000000000000000, 0.000000000000000000 ) ) ;
#2554 = EDGE_CURVE ( 'NONE', #754, #4458, #1650, .T. ) ;
#2555 = ADVANCED_FACE ( 'NONE', ( #6908 ), #96, .T. ) ;
#2556 = ORIENTED_EDGE ( 'NONE', *, *, #2508, .T. ) ;
#2557 = DIRECTION ( 'NONE',  ( -1.000000000000000000, -0.000000000000000000, -0.000000000000000000 ) ) ;
#2558 = VERTEX_POINT ( 'NONE', #5339 ) ;
#2559 = EDGE_CURVE ( 'NONE', #4559, #6692, #3420, .T. ) ;
#2560 = VERTEX_POINT ( 'NONE', #1423 ) ;
#2561 = ORIENTED_EDGE ( 'NONE', *, *, #3591, .F. ) ;
#2562 = CARTESIAN_POINT ( 'NONE',  ( -7.000000000000000000, 0.2938926261462354028, 0.4045084971874738922 ) ) ;
#2563 = CIRCLE ( 'NONE', #673, 0.5000000000000002220 ) ;
#2564 = ORIENTED_EDGE ( 'NONE', *, *, #5895, .T. ) ;
#2565 = CARTESIAN_POINT ( 'NONE',  ( -7.000000000000000000, 0.5671983121851674747, -0.04962342228724022503 ) ) ;
#2566 = CARTESIAN_POINT ( 'NONE',  ( -7.000000000000000000, -0.5241031700295161189, 0.2224685967731461211 ) ) ;
#2567 = CIRCLE ( 'NONE', #410, 0.5693649175925756811 ) ;
#2568 = CARTESIAN_POINT ( 'NONE',  ( -0.2406238026544894326, -1.908004274696306657E-16, 0.000000000000000000 ) ) ;
#2569 = ORIENTED_EDGE ( 'NONE', *, *, #5207, .T. ) ;
#2570 = AXIS2_PLACEMENT_3D ( 'NONE', #1604, #3472, #6582 ) ;
#2571 = CIRCLE ( 'NONE', #681, 3.879688098672754215 ) ;
#2572 = ORIENTED_EDGE ( 'NONE', *, *, #338, .F. ) ;
#2573 = DIRECTION ( 'NONE',  ( -1.000000000000000000, 0.000000000000000000, -0.000000000000000000 ) ) ;
#2574 = CARTESIAN_POINT ( 'NONE',  ( 0.2329829950954867834, 3.850777859227248356, -0.3368994084390113941 ) ) ;
#2575 = AXIS2_PLACEMENT_3D ( 'NONE', #3140, #3, #5738 ) ;
#2576 = LINE ( 'NONE', #2491, #1480 ) ;
#2577 = DIRECTION ( 'NONE',  ( -0.000000000000000000, 0.9961946980917464334, -0.08715574274764792406 ) ) ;
#2578 = CARTESIAN_POINT ( 'NONE',  ( -0.01701700490451223471, 0.3750000000000001110, -3.411928518438118729 ) ) ;
#2579 = CARTESIAN_POINT ( 'NONE',  ( -0.2406238026544919584, -3.780251944050271096, -0.8727399283218097992 ) ) ;
#2580 = AXIS2_PLACEMENT_3D ( 'NONE', #7972, #4033, #6031 ) ;
#2581 = DIRECTION ( 'NONE',  ( 0.000000000000000000, 1.000000000000000000, -6.927845763909260097E-15 ) ) ;
#2582 = AXIS2_PLACEMENT_3D ( 'NONE', #5598, #2239, #2282 ) ;
#2583 = CARTESIAN_POINT ( 'NONE',  ( 0.2500000000000000000, -1.634164925564208026E-16, -1.990929616580802914E-16 ) ) ;
#2584 = DIRECTION ( 'NONE',  ( -1.000000000000000000, -0.000000000000000000, -0.000000000000000000 ) ) ;
#2585 = EDGE_LOOP ( 'NONE', ( #1007, #6480, #5666, #3746 ) ) ;
#2586 = LINE ( 'NONE', #5865, #6943 ) ;
#2587 = EDGE_LOOP ( 'NONE', ( #2375, #741, #114, #1686, #7374, #4186, #7771, #1605 ) ) ;
#2588 = DIRECTION ( 'NONE',  ( 0.000000000000000000, 1.000000000000000000, 0.000000000000000000 ) ) ;
#2589 = ADVANCED_FACE ( 'NONE', ( #6059 ), #4293, .T. ) ;
#2590 = ORIENTED_EDGE ( 'NONE', *, *, #6779, .T. ) ;
#2591 = AXIS2_PLACEMENT_3D ( 'NONE', #749, #6648, #5379 ) ;
#2592 = ORIENTED_EDGE ( 'NONE', *, *, #5782, .F. ) ;
#2593 = CARTESIAN_POINT ( 'NONE',  ( 0.2329829950954873385, -1.328003225777370155E-16, 0.000000000000000000 ) ) ;
#2594 = VECTOR ( 'NONE', #1826, 39.37007874015748143 ) ;
#2595 = DIRECTION ( 'NONE',  ( 1.000000000000000000, 0.000000000000000000, -0.000000000000000000 ) ) ;
#2596 = CARTESIAN_POINT ( 'NONE',  ( 0.000000000000000000, -1.012279744547410765, 4.384665291533555553 ) ) ;
#2597 = AXIS2_PLACEMENT_3D ( 'NONE', #1237, #3264, #7813 ) ;
#2598 = AXIS2_PLACEMENT_3D ( 'NONE', #4516, #491, #7612 ) ;
#2599 = VERTEX_POINT ( 'NONE', #7958 ) ;
#2600 = CARTESIAN_POINT ( 'NONE',  ( -0.2500000000000000000, 0.3750000000000117129, 1.709349291397165072 ) ) ;
#2601 = VECTOR ( 'NONE', #353, 39.37007874015748143 ) ;
#2602 = EDGE_CURVE ( 'NONE', #4454, #7347, #636, .T. ) ;
#2603 = ORIENTED_EDGE ( 'NONE', *, *, #1414, .F. ) ;
#2604 = VERTEX_POINT ( 'NONE', #7199 ) ;
#2605 = ORIENTED_EDGE ( 'NONE', *, *, #8352, .F. ) ;
#2606 = DIRECTION ( 'NONE',  ( 0.000000000000000000, 0.000000000000000000, -1.000000000000000000 ) ) ;
#2607 = EDGE_CURVE ( 'NONE', #1969, #7153, #7917, .T. ) ;
#2608 = AXIS2_PLACEMENT_3D ( 'NONE', #7511, #1063, #3561 ) ;
#2609 = EDGE_CURVE ( 'NONE', #3601, #2207, #6649, .T. ) ;
#2610 = ADVANCED_FACE ( 'NONE', ( #5290 ), #1041, .T. ) ;
#2611 = ORIENTED_EDGE ( 'NONE', *, *, #1995, .F. ) ;
#2612 = CARTESIAN_POINT ( 'NONE',  ( 1.549995677804209437, -2.916594915329056903, -2.119030242950793674 ) ) ;
#2613 = DIRECTION ( 'NONE',  ( 0.000000000000000000, 0.000000000000000000, 1.000000000000000000 ) ) ;
#2614 = ORIENTED_EDGE ( 'NONE', *, *, #6659, .T. ) ;
#2615 = CARTESIAN_POINT ( 'NONE',  ( -0.01701700490451239431, -2.776930205825506981, 2.017557891834887318 ) ) ;
#2616 = CIRCLE ( 'NONE', #4649, 3.865487205065014198 ) ;
#2617 = ORIENTED_EDGE ( 'NONE', *, *, #6416, .F. ) ;
#2618 = ORIENTED_EDGE ( 'NONE', *, *, #4021, .F. ) ;
#2619 = CARTESIAN_POINT ( 'NONE',  ( 0.2500000000000000000, -0.7500000000000001110, 0.1249999999999996392 ) ) ;
#2620 = EDGE_CURVE ( 'NONE', #3677, #1895, #2119, .T. ) ;
#2621 = CARTESIAN_POINT ( 'NONE',  ( -4.750000000000000000, 0.9635254915624211769, 0.2676165673298179781 ) ) ;
#2622 = DIRECTION ( 'NONE',  ( -1.000000000000000000, 0.000000000000000000, 0.000000000000000000 ) ) ;
#2623 = DIRECTION ( 'NONE',  ( 1.224646799147352714E-16, -1.000000000000000000, 0.000000000000000000 ) ) ;
#2624 = CARTESIAN_POINT ( 'NONE',  ( -0.2500000000000000000, 3.040803124484970255, 1.322595800581798153 ) ) ;
#2625 = CARTESIAN_POINT ( 'NONE',  ( -5.250000000000000000, 0.9635254915624213989, -0.2676165673298168124 ) ) ;
#2626 = DIRECTION ( 'NONE',  ( 1.232246991851730235E-16, -1.000000000000000000, 0.000000000000000000 ) ) ;
#2627 = DIRECTION ( 'NONE',  ( 0.000000000000000000, 0.8660254037844362651, -0.5000000000000038858 ) ) ;
#2628 = DIRECTION ( 'NONE',  ( 0.000000000000000000, 0.000000000000000000, 1.000000000000000000 ) ) ;
#2629 = ORIENTED_EDGE ( 'NONE', *, *, #4369, .F. ) ;
#2630 = LINE ( 'NONE', #91, #6543 ) ;
#2631 = EDGE_LOOP ( 'NONE', ( #6387, #368, #4877, #1443 ) ) ;
#2632 = PLANE ( 'NONE',  #5316 ) ;
#2633 = CIRCLE ( 'NONE', #6195, 0.4999999999999998335 ) ;
#2634 = ORIENTED_EDGE ( 'NONE', *, *, #5572, .T. ) ;
#2635 = CARTESIAN_POINT ( 'NONE',  ( -4.750000000000000000, 0.000000000000000000, 0.000000000000000000 ) ) ;
#2636 = CARTESIAN_POINT ( 'NONE',  ( 0.2500000000000000000, 0.000000000000000000, 0.7500000000000001110 ) ) ;
#2637 = LINE ( 'NONE', #5875, #5877 ) ;
#2638 = EDGE_LOOP ( 'NONE', ( #222, #1042, #7683, #6945 ) ) ;
#2639 = EDGE_LOOP ( 'NONE', ( #133, #5699 ) ) ;
#2640 = ORIENTED_EDGE ( 'NONE', *, *, #32, .T. ) ;
#2641 = EDGE_LOOP ( 'NONE', ( #4667, #3545, #4381, #6337 ) ) ;
#2642 = ORIENTED_EDGE ( 'NONE', *, *, #4642, .T. ) ;
#2643 = CARTESIAN_POINT ( 'NONE',  ( -0.2500000000000000000, 3.040803124484970255, 1.322595800581798153 ) ) ;
#2644 = AXIS2_PLACEMENT_3D ( 'NONE', #3382, #6750, #1520 ) ;
#2645 = EDGE_CURVE ( 'NONE', #5588, #7397, #750, .T. ) ;
#2646 = ORIENTED_EDGE ( 'NONE', *, *, #277, .T. ) ;
#2647 = DIRECTION ( 'NONE',  ( -1.000000000000000000, -1.224646799147352714E-16, 0.000000000000000000 ) ) ;
#2648 = CARTESIAN_POINT ( 'NONE',  ( 1.549995677804209437, -2.661598395510223369, -1.599249659529065948 ) ) ;
#2649 = EDGE_CURVE ( 'NONE', #1549, #646, #877, .T. ) ;
#2650 = CIRCLE ( 'NONE', #6054, 4.357648039384080185 ) ;
#2651 = DIRECTION ( 'NONE',  ( 0.000000000000000000, -0.8090169943749445647, -0.5877852522924769119 ) ) ;
#2652 = VERTEX_POINT ( 'NONE', #2648 ) ;
#2653 = CONICAL_SURFACE ( 'NONE', #3334, 3.605109578176981522, 0.5235987755983000369 ) ;
#2654 = VERTEX_POINT ( 'NONE', #6572 ) ;
#2655 = CARTESIAN_POINT ( 'NONE',  ( -7.000000000000000000, -0.5693649175925756811, 0.000000000000000000 ) ) ;
#2656 = ORGANIZATION ( 'UNSPECIFIED', 'UNSPECIFIED', '' ) ;
#2657 = AXIS2_PLACEMENT_3D ( 'NONE', #4262, #4340, #4936 ) ;
#2658 = DIRECTION ( 'NONE',  ( 1.232246991851729989E-16, -1.000000000000000000, 0.000000000000000000 ) ) ;
#2659 = ADVANCED_FACE ( 'NONE', ( #2187 ), #2653, .T. ) ;
#2660 = PLANE ( 'NONE',  #3700 ) ;
#2661 = AXIS2_PLACEMENT_3D ( 'NONE', #56, #3995, #4624 ) ;
#2662 = CARTESIAN_POINT ( 'NONE',  ( 0.2500000000000000000, 0.000000000000000000, 0.000000000000000000 ) ) ;
#2663 = VECTOR ( 'NONE', #422, 39.37007874015748143 ) ;
#2664 = CARTESIAN_POINT ( 'NONE',  ( 1.299995677804209437, -2.128955924850399521E-18, 0.000000000000000000 ) ) ;
#2665 = EDGE_CURVE ( 'NONE', #2279, #5612, #3328, .T. ) ;
#2666 = DIRECTION ( 'NONE',  ( -0.000000000000000000, 0.5877852522924624790, 0.8090169943749551118 ) ) ;
#2667 = EDGE_CURVE ( 'NONE', #4171, #916, #24, .T. ) ;
#2668 = LOCAL_TIME ( 20, 27, 29.00000000000000000, #7787 ) ;
#2669 = FACE_OUTER_BOUND ( 'NONE', #4192, .T. ) ;
#2670 = EDGE_CURVE ( 'NONE', #331, #1281, #5889, .T. ) ;
#2671 = DIRECTION ( 'NONE',  ( 1.000000000000000000, 1.224646799147352714E-16, -0.000000000000000000 ) ) ;
#2672 = AXIS2_PLACEMENT_3D ( 'NONE', #2021, #7838, #5170 ) ;
#2673 = DIRECTION ( 'NONE',  ( 0.000000000000000000, -0.3090169943749548898, 0.9510565162951511997 ) ) ;
#2674 = CARTESIAN_POINT ( 'NONE',  ( -0.2500000000000000000, -0.7500000000000001110, -3.577751011229654510E-16 ) ) ;
#2675 = ORIENTED_EDGE ( 'NONE', *, *, #3729, .T. ) ;
#2676 = DIRECTION ( 'NONE',  ( 0.8660254037844379305, 0.4045084971874761126, -0.2938926261462348477 ) ) ;
#2677 = ORIENTED_EDGE ( 'NONE', *, *, #3347, .F. ) ;
#2678 = LINE ( 'NONE', #7976, #4625 ) ;
#2679 = VERTEX_POINT ( 'NONE', #2694 ) ;
#2680 = CARTESIAN_POINT ( 'NONE',  ( 0.07199504908373850764, -0.3749999999999764633, 3.360227917474365444 ) ) ;
#2681 = APPLICATION_CONTEXT ( 'configuration controlled 3d designs of mechanical parts and assemblies' ) ;
#2682 = CARTESIAN_POINT ( 'NONE',  ( 0.000000000000000000, 0.000000000000000000, 0.000000000000000000 ) ) ;
#2683 = FACE_OUTER_BOUND ( 'NONE', #7316, .T. ) ;
#2684 = ORIENTED_EDGE ( 'NONE', *, *, #7588, .F. ) ;
#2685 = ORIENTED_EDGE ( 'NONE', *, *, #7953, .F. ) ;
#2686 = VERTEX_POINT ( 'NONE', #2828 ) ;
#2687 = ORIENTED_EDGE ( 'NONE', *, *, #5713, .F. ) ;
#2688 = CIRCLE ( 'NONE', #256, 3.865487205065014198 ) ;
#2689 = ORIENTED_EDGE ( 'NONE', *, *, #4015, .T. ) ;
#2690 = DIRECTION ( 'NONE',  ( 0.000000000000000000, 0.000000000000000000, -1.000000000000000000 ) ) ;
#2691 = APPROVAL_ROLE ( '' ) ;
#2692 = EDGE_LOOP ( 'NONE', ( #8348, #5640, #7440, #229, #6063, #8067, #5187, #7107 ) ) ;
#2693 = CARTESIAN_POINT ( 'NONE',  ( -0.2406238026544916253, -1.908004274696309122E-16, 0.000000000000000000 ) ) ;
#2694 = CARTESIAN_POINT ( 'NONE',  ( -7.000000000000000000, -0.4880409895273061238, -0.2932446110782060411 ) ) ;
#2695 = CARTESIAN_POINT ( 'NONE',  ( 1.549995677804209437, -0.3142060029726744808, -3.591391047819681326 ) ) ;
#2696 = ORIENTED_EDGE ( 'NONE', *, *, #4736, .T. ) ;
#2697 = EDGE_CURVE ( 'NONE', #1289, #6435, #4692, .T. ) ;
#2698 = ORIENTED_EDGE ( 'NONE', *, *, #8147, .F. ) ;
#2699 = DIRECTION ( 'NONE',  ( 1.000000000000000000, 0.000000000000000000, 0.000000000000000000 ) ) ;
#2700 = CARTESIAN_POINT ( 'NONE',  ( -0.2482449321572040568, 0.000000000000000000, 0.000000000000000000 ) ) ;
#2701 = CIRCLE ( 'NONE', #3241, 3.605109578176981078 ) ;
#2702 = AXIS2_PLACEMENT_3D ( 'NONE', #349, #5565, #8179 ) ;
#2703 = DIRECTION ( 'NONE',  ( -0.000000000000000000, -0.8660254037844328234, 0.5000000000000098810 ) ) ;
#2704 = DIRECTION ( 'NONE',  ( 1.000000000000000000, 0.000000000000000000, 0.000000000000000000 ) ) ;
#2705 = DIRECTION ( 'NONE',  ( 0.000000000000000000, -0.8090169943749402348, -0.5877852522924830181 ) ) ;
#2706 = CONICAL_SURFACE ( 'NONE', #7454, 3.605109578176981522, 0.5235987755983000369 ) ;
#2707 = LINE ( 'NONE', #7420, #3422 ) ;
#2708 = AXIS2_PLACEMENT_3D ( 'NONE', #3357, #4760, #7903 ) ;
#2709 = EDGE_CURVE ( 'NONE', #5153, #1854, #7832, .T. ) ;
#2710 = DIRECTION ( 'NONE',  ( 0.000000000000000000, 0.2249510543438655863, -0.9743700647852352459 ) ) ;
#2711 = CONICAL_SURFACE ( 'NONE', #8252, 3.105109578176981078, 0.5235987755983000369 ) ;
#2712 = ADVANCED_FACE ( 'NONE', ( #2062 ), #4653, .F. ) ;
#2713 = ADVANCED_FACE ( 'NONE', ( #3623 ), #2231, .T. ) ;
#2714 = AXIS2_PLACEMENT_3D ( 'NONE', #3166, #1894, #4483 ) ;
#2715 = CARTESIAN_POINT ( 'NONE',  ( -0.2500000000000000000, -1.667839910290877858, -0.5299151192794155918 ) ) ;
#2716 = DIRECTION ( 'NONE',  ( 0.000000000000000000, -0.8660254037844383745, -0.5000000000000004441 ) ) ;
#2717 = ORIENTED_EDGE ( 'NONE', *, *, #3283, .T. ) ;
#2718 = ADVANCED_FACE ( 'NONE', ( #6216 ), #3063, .T. ) ;
#2719 = CARTESIAN_POINT ( 'NONE',  ( 1.549995677804209437, -3.105109578176981078, 0.000000000000000000 ) ) ;
#2720 = ORIENTED_EDGE ( 'NONE', *, *, #834, .T. ) ;
#2721 = DIRECTION ( 'NONE',  ( 0.000000000000000000, -0.3090169943749548898, 0.9510565162951513107 ) ) ;
#2722 = EDGE_LOOP ( 'NONE', ( #4712, #1248, #8, #6737, #7280, #4605, #4768, #7616 ) ) ;
#2723 = AXIS2_PLACEMENT_3D ( 'NONE', #7293, #5900, #1561 ) ;
#2724 = DIRECTION ( 'NONE',  ( -1.000000000000000000, 0.000000000000000000, 0.000000000000000000 ) ) ;
#2725 = ADVANCED_FACE ( 'NONE', ( #3665 ), #6869, .T. ) ;
#2726 = DIRECTION ( 'NONE',  ( -1.000000000000000000, 0.000000000000000000, 0.000000000000000000 ) ) ;
#2727 = DIRECTION ( 'NONE',  ( 1.232246991851730235E-16, -1.000000000000000000, 0.000000000000000000 ) ) ;
#2728 = ORIENTED_EDGE ( 'NONE', *, *, #4512, .T. ) ;
#2729 = ORIENTED_EDGE ( 'NONE', *, *, #1146, .F. ) ;
#2730 = CIRCLE ( 'NONE', #972, 3.879688098672754215 ) ;
#2731 = ORIENTED_EDGE ( 'NONE', *, *, #5736, .F. ) ;
#2732 = ORIENTED_EDGE ( 'NONE', *, *, #5476, .T. ) ;
#2733 = VECTOR ( 'NONE', #4925, 39.37007874015748143 ) ;
#2734 = ORIENTED_EDGE ( 'NONE', *, *, #2649, .F. ) ;
#2735 = CARTESIAN_POINT ( 'NONE',  ( -0.2406238026544920694, -0.3381370978690338425, -3.864924714147446316 ) ) ;
#2736 = AXIS2_PLACEMENT_3D ( 'NONE', #3185, #5779, #1998 ) ;
#2737 = AXIS2_PLACEMENT_3D ( 'NONE', #7351, #221, #6163 ) ;
#2738 = AXIS2_PLACEMENT_3D ( 'NONE', #5573, #477, #7599 ) ;
#2739 = ORIENTED_EDGE ( 'NONE', *, *, #787, .T. ) ;
#2740 = DIRECTION ( 'NONE',  ( 0.000000000000000000, -0.9510565162951555296, 0.3090169943749413450 ) ) ;
#2741 = DIRECTION ( 'NONE',  ( 1.000000000000000000, 0.000000000000000000, 0.000000000000000000 ) ) ;
#2742 = CARTESIAN_POINT ( 'NONE',  ( 1.549995677804209437, 0.000000000000000000, 0.000000000000000000 ) ) ;
#2743 = VECTOR ( 'NONE', #7635, 39.37007874015748143 ) ;
#2744 = AXIS2_PLACEMENT_3D ( 'NONE', #5477, #7296, #2241 ) ;
#2745 = EDGE_LOOP ( 'NONE', ( #6522, #1331, #4440, #7156 ) ) ;
#2746 = ORIENTED_EDGE ( 'NONE', *, *, #7133, .F. ) ;
#2747 = CYLINDRICAL_SURFACE ( 'NONE', #861, 0.1250000000000000278 ) ;
#2748 = CIRCLE ( 'NONE', #1392, 0.4999999999999999445 ) ;
#2749 = CARTESIAN_POINT ( 'NONE',  ( -0.003439171656184630919, 0.000000000000000000, 0.000000000000000000 ) ) ;
#2750 = ADVANCED_FACE ( 'NONE', ( #6856 ), #5628, .T. ) ;
#2751 = CARTESIAN_POINT ( 'NONE',  ( 5.651087907391154571E-17, 3.236067977499820003, -2.351141009169849916 ) ) ;
#2752 = DIRECTION ( 'NONE',  ( 0.000000000000000000, 0.000000000000000000, -1.000000000000000000 ) ) ;
#2753 = AXIS2_PLACEMENT_3D ( 'NONE', #6853, #5705, #3784 ) ;
#2754 = CARTESIAN_POINT ( 'NONE',  ( 0.2465608283438158743, 4.245961802445919808, 0.9802575209189274830 ) ) ;
#2755 = DIRECTION ( 'NONE',  ( 0.000000000000000000, 0.000000000000000000, -1.000000000000000000 ) ) ;
#2756 = ORIENTED_EDGE ( 'NONE', *, *, #277, .F. ) ;
#2757 = DIRECTION ( 'NONE',  ( 0.000000000000000000, 0.3090169943749411785, 0.9510565162951556406 ) ) ;
#2758 = CARTESIAN_POINT ( 'NONE',  ( 0.2465608283438156523, 2.561361252231164620, 3.525411319366396956 ) ) ;
#2759 = ADVANCED_FACE ( 'NONE', ( #4903 ), #4018, .T. ) ;
#2760 = CARTESIAN_POINT ( 'NONE',  ( -7.000000000000000888, 0.000000000000000000, 0.000000000000000000 ) ) ;
#2761 = EDGE_LOOP ( 'NONE', ( #4465, #6574, #1206, #5240 ) ) ;
#2762 = CIRCLE ( 'NONE', #2081, 0.4999999999999995004 ) ;
#2763 = DIRECTION ( 'NONE',  ( 0.8660254037844380415, 0.5000000000000009992, 0.000000000000000000 ) ) ;
#2764 = VERTEX_POINT ( 'NONE', #6259 ) ;
#2765 = DIRECTION ( 'NONE',  ( -1.000000000000000000, -0.000000000000000000, -0.000000000000000000 ) ) ;
#2766 = DIRECTION ( 'NONE',  ( 0.000000000000000000, -0.8090169943749530024, 0.5877852522924653655 ) ) ;
#2767 = EDGE_CURVE ( 'NONE', #3869, #53, #3477, .T. ) ;
#2768 = EDGE_LOOP ( 'NONE', ( #4216, #4046, #4543, #2900, #4104, #2864, #510, #4704 ) ) ;
#2769 = DIRECTION ( 'NONE',  ( 0.8944271909999158554, 0.4472135954999580387, -0.000000000000000000 ) ) ;
#2770 = DIRECTION ( 'NONE',  ( 0.000000000000000000, -0.3090169943749411785, -0.9510565162951556406 ) ) ;
#2771 = EDGE_CURVE ( 'NONE', #1749, #8099, #454, .T. ) ;
#2772 = DIRECTION ( 'NONE',  ( -8.797911715786014202E-17, 1.000000000000000000, 0.000000000000000000 ) ) ;
#2773 = ORIENTED_EDGE ( 'NONE', *, *, #1062, .T. ) ;
#2774 = ORIENTED_EDGE ( 'NONE', *, *, #4427, .T. ) ;
#2775 = EDGE_CURVE ( 'NONE', #2367, #4595, #6096, .T. ) ;
#2776 = VERTEX_POINT ( 'NONE', #2908 ) ;
#2777 = ORIENTED_EDGE ( 'NONE', *, *, #4537, .T. ) ;
#2778 = EDGE_CURVE ( 'NONE', #3040, #4593, #6062, .T. ) ;
#2779 = EDGE_LOOP ( 'NONE', ( #5680, #6698, #7140, #2487, #4487, #909, #3332, #7387 ) ) ;
#2780 = CARTESIAN_POINT ( 'NONE',  ( -0.2500000000000000000, -3.040803124484951159, 1.322595800581839676 ) ) ;
#2781 = CIRCLE ( 'NONE', #7923, 3.865487205065014198 ) ;
#2782 = ORIENTED_EDGE ( 'NONE', *, *, #7474, .F. ) ;
#2783 = CARTESIAN_POINT ( 'NONE',  ( -0.2482449321572040568, 4.567492007426737330E-14, -4.360605680090435143 ) ) ;
#2784 = CARTESIAN_POINT ( 'NONE',  ( 0.2465608283438172066, 0.000000000000000000, 0.000000000000000000 ) ) ;
#2785 = CARTESIAN_POINT ( 'NONE',  ( 5.463695987328526437E-16, -1.613325104976821809E-16, 0.000000000000000000 ) ) ;
#2786 = ORIENTED_EDGE ( 'NONE', *, *, #6899, .T. ) ;
#2787 = AXIS2_PLACEMENT_3D ( 'NONE', #6620, #2704, #165 ) ;
#2788 = ORIENTED_EDGE ( 'NONE', *, *, #6971, .T. ) ;
#2789 = CARTESIAN_POINT ( 'NONE',  ( 1.549995677804209437, 1.408628533808573113, 3.318520863939795618 ) ) ;
#2790 = AXIS2_PLACEMENT_3D ( 'NONE', #4529, #548, #7121 ) ;
#2791 = CARTESIAN_POINT ( 'NONE',  ( 0.2465608283438158743, 1.702668735987602711, 4.011236169890562309 ) ) ;
#2792 = DIRECTION ( 'NONE',  ( 1.000000000000000000, -0.000000000000000000, -0.000000000000000000 ) ) ;
#2793 = CIRCLE ( 'NONE', #6457, 1.574356589206891588 ) ;
#2794 = DIRECTION ( 'NONE',  ( -1.000000000000000000, -0.000000000000000000, 0.000000000000000000 ) ) ;
#2795 = DIRECTION ( 'NONE',  ( 0.000000000000000000, 3.491481338843132961E-15, -1.000000000000000000 ) ) ;
#2796 = CARTESIAN_POINT ( 'NONE',  ( 1.549995677804209437, 0.000000000000000000, 0.000000000000000000 ) ) ;
#2797 = AXIS2_PLACEMENT_3D ( 'NONE', #1032, #1115, #2345 ) ;
#2798 = VECTOR ( 'NONE', #360, 39.37007874015748143 ) ;
#2799 = ORIENTED_EDGE ( 'NONE', *, *, #3230, .F. ) ;
#2800 = LINE ( 'NONE', #5395, #8081 ) ;
#2801 = AXIS2_PLACEMENT_3D ( 'NONE', #2867, #2951, #3036 ) ;
#2802 = FACE_OUTER_BOUND ( 'NONE', #6825, .T. ) ;
#2803 = VECTOR ( 'NONE', #675, 39.37007874015748854 ) ;
#2804 = LINE ( 'NONE', #6756, #5862 ) ;
#2805 = ORIENTED_EDGE ( 'NONE', *, *, #5163, .T. ) ;
#2806 = CARTESIAN_POINT ( 'NONE',  ( 0.000000000000000000, 4.142271840536004390, -1.758290078201678597 ) ) ;
#2807 = DIRECTION ( 'NONE',  ( -0.8719406851971467365, -5.128408466583666986E-15, 0.4896115210020390851 ) ) ;
#2808 = LINE ( 'NONE', #3400, #1380 ) ;
#2809 = VERTEX_POINT ( 'NONE', #6777 ) ;
#2810 = EDGE_CURVE ( 'NONE', #1892, #1546, #8209, .T. ) ;
#2811 = CARTESIAN_POINT ( 'NONE',  ( -7.000000000000000000, -0.04357787137382392734, -0.4980973490458728281 ) ) ;
#2812 = DIRECTION ( 'NONE',  ( -0.000000000000000000, 0.4999999999999995559, 0.8660254037844389297 ) ) ;
#2813 = DIRECTION ( 'NONE',  ( -8.797911715786014202E-17, 1.000000000000000000, 0.000000000000000000 ) ) ;
#2814 = VERTEX_POINT ( 'NONE', #5500 ) ;
#2815 = AXIS2_PLACEMENT_3D ( 'NONE', #468, #6875, #7798 ) ;
#2816 = ORIENTED_EDGE ( 'NONE', *, *, #4109, .F. ) ;
#2817 = ORIENTED_EDGE ( 'NONE', *, *, #4114, .T. ) ;
#2818 = ORIENTED_EDGE ( 'NONE', *, *, #5003, .F. ) ;
#2819 = ADVANCED_FACE ( 'NONE', ( #5464 ), #6895, .F. ) ;
#2820 = ORIENTED_EDGE ( 'NONE', *, *, #2392, .T. ) ;
#2821 = DIRECTION ( 'NONE',  ( 0.000000000000000000, 0.000000000000000000, 1.000000000000000000 ) ) ;
#2822 = ADVANCED_FACE ( 'NONE', ( #3500 ), #5234, .T. ) ;
#2823 = EDGE_CURVE ( 'NONE', #1260, #6526, #284, .T. ) ;
#2824 = DIRECTION ( 'NONE',  ( 0.000000000000000000, 0.9961946980917458783, -0.08715574274765487683 ) ) ;
#2825 = ORIENTED_EDGE ( 'NONE', *, *, #3493, .F. ) ;
#2826 = PLANE ( 'NONE',  #7609 ) ;
#2827 = EDGE_CURVE ( 'NONE', #6715, #566, #4155, .T. ) ;
#2828 = CARTESIAN_POINT ( 'NONE',  ( 1.549995677804209437, 0.2706281315988721126, 3.093293698773806000 ) ) ;
#2829 = DIRECTION ( 'NONE',  ( 1.000000000000000000, 1.224646799147352714E-16, -0.000000000000000000 ) ) ;
#2830 = ORIENTED_EDGE ( 'NONE', *, *, #2972, .T. ) ;
#2831 = ORIENTED_EDGE ( 'NONE', *, *, #7680, .T. ) ;
#2832 = CARTESIAN_POINT ( 'NONE',  ( 5.651087907391154571E-17, 2.060152299640258367, -3.428669202808424465 ) ) ;
#2833 = LINE ( 'NONE', #2916, #4032 ) ;
#2834 = DIRECTION ( 'NONE',  ( -8.797911715786014202E-17, 1.000000000000000000, 0.000000000000000000 ) ) ;
#2835 = CARTESIAN_POINT ( 'NONE',  ( 0.2465608283438155413, 3.288758722562181713, -2.858874341400664765 ) ) ;
#2836 = DIRECTION ( 'NONE',  ( 0.000000000000000000, 0.3907311284892679426, 0.9205048534524428172 ) ) ;
#2837 = CARTESIAN_POINT ( 'NONE',  ( -0.01701700490451232145, -2.251905889586194309, -2.590521391414930541 ) ) ;
#2838 = ORIENTED_EDGE ( 'NONE', *, *, #7651, .F. ) ;
#2839 = DIRECTION ( 'NONE',  ( 1.000000000000000000, 0.000000000000000000, 0.000000000000000000 ) ) ;
#2840 = AXIS2_PLACEMENT_3D ( 'NONE', #1568, #4873, #1609 ) ;
#2841 = DIRECTION ( 'NONE',  ( 0.000000000000000000, 0.8090169943749445647, 0.5877852522924770229 ) ) ;
#2842 = CARTESIAN_POINT ( 'NONE',  ( -7.000000000000000000, -0.4297051579498680218, 0.3735369949770430131 ) ) ;
#2843 = VECTOR ( 'NONE', #5076, 39.37007874015748143 ) ;
#2844 = ORIENTED_EDGE ( 'NONE', *, *, #4619, .F. ) ;
#2845 = LINE ( 'NONE', #4167, #7882 ) ;
#2846 = DIRECTION ( 'NONE',  ( -0.000000000000000000, -8.736275805729906965E-17, 1.000000000000000000 ) ) ;
#2847 = FACE_OUTER_BOUND ( 'NONE', #2949, .T. ) ;
#2848 = AXIS2_PLACEMENT_3D ( 'NONE', #3919, #4423, #3152 ) ;
#2849 = ORIENTED_EDGE ( 'NONE', *, *, #531, .F. ) ;
#2850 = AXIS2_PLACEMENT_3D ( 'NONE', #379, #4279, #8130 ) ;
#2851 = VECTOR ( 'NONE', #2769, 39.37007874015748143 ) ;
#2852 = PLANE ( 'NONE',  #4707 ) ;
#2853 = DESIGN_CONTEXT ( 'detailed design', #2681, 'design' ) ;
#2854 = FACE_OUTER_BOUND ( 'NONE', #3850, .T. ) ;
#2855 = DIRECTION ( 'NONE',  ( 0.000000000000000000, -0.8660254037844397068, -0.4999999999999981126 ) ) ;
#2856 = ORIENTED_EDGE ( 'NONE', *, *, #3176, .F. ) ;
#2857 = ORIENTED_EDGE ( 'NONE', *, *, #6350, .F. ) ;
#2858 = EDGE_CURVE ( 'NONE', #1289, #4722, #4484, .T. ) ;
#2859 = VERTEX_POINT ( 'NONE', #6820 ) ;
#2860 = ORIENTED_EDGE ( 'NONE', *, *, #3694, .F. ) ;
#2861 = CARTESIAN_POINT ( 'NONE',  ( 1.549995677804209437, 0.8109732006361175527, -3.512710853246168607 ) ) ;
#2862 = DIRECTION ( 'NONE',  ( -1.000000000000000000, 0.000000000000000000, 0.000000000000000000 ) ) ;
#2863 = AXIS2_PLACEMENT_3D ( 'NONE', #2110, #7881, #4153 ) ;
#2864 = ORIENTED_EDGE ( 'NONE', *, *, #1995, .T. ) ;
#2865 = ADVANCED_FACE ( 'NONE', ( #1680 ), #6980, .F. ) ;
#2866 = FACE_OUTER_BOUND ( 'NONE', #5577, .T. ) ;
#2867 = CARTESIAN_POINT ( 'NONE',  ( 0.000000000000000000, 0.000000000000000000, 0.000000000000000000 ) ) ;
#2868 = DIRECTION ( 'NONE',  ( 0.000000000000000000, 0.3090169943749548898, -0.9510565162951511997 ) ) ;
#2869 = ORIENTED_EDGE ( 'NONE', *, *, #4634, .F. ) ;
#2870 = ADVANCED_FACE ( 'NONE', ( #8233 ), #5834, .T. ) ;
#2871 = AXIS2_PLACEMENT_3D ( 'NONE', #5463, #4145, #327 ) ;
#2872 = AXIS2_PLACEMENT_3D ( 'NONE', #5611, #4926, #4326 ) ;
#2873 = ORIENTED_EDGE ( 'NONE', *, *, #5938, .F. ) ;
#2874 = DIRECTION ( 'NONE',  ( 0.000000000000000000, 0.000000000000000000, -1.000000000000000000 ) ) ;
#2875 = DIRECTION ( 'NONE',  ( -1.000000000000000000, -0.000000000000000000, -0.000000000000000000 ) ) ;
#2876 = ADVANCED_FACE ( 'NONE', ( #5665 ), #1171, .T. ) ;
#2877 = VECTOR ( 'NONE', #2418, 39.37007874015748143 ) ;
#2878 = CARTESIAN_POINT ( 'NONE',  ( -4.916740569567934926, 1.151172769205570212, 0.9533050427794167447 ) ) ;
#2879 = VECTOR ( 'NONE', #6116, 39.37007874015748143 ) ;
#2880 = VECTOR ( 'NONE', #1144, 39.37007874015748143 ) ;
#2881 = DIRECTION ( 'NONE',  ( 0.000000000000000000, -0.9510565162951576390, 0.3090169943749349613 ) ) ;
#2882 = CARTESIAN_POINT ( 'NONE',  ( -0.2500000000000000000, -3.040803124484960041, -1.322595800581819026 ) ) ;
#2883 = VECTOR ( 'NONE', #2211, 39.37007874015748143 ) ;
#2884 = ADVANCED_FACE ( 'NONE', ( #1290 ), #7108, .T. ) ;
#2885 = ADVANCED_FACE ( 'NONE', ( #6343 ), #2430, .F. ) ;
#2886 = ORIENTED_EDGE ( 'NONE', *, *, #7027, .T. ) ;
#2887 = CARTESIAN_POINT ( 'NONE',  ( 0.2329829950954873385, -1.328003225777370155E-16, 0.000000000000000000 ) ) ;
#2888 = EDGE_CURVE ( 'NONE', #6287, #533, #6998, .T. ) ;
#2889 = DIRECTION ( 'NONE',  ( 1.000000000000000000, 1.224646799147352714E-16, -0.000000000000000000 ) ) ;
#2890 = AXIS2_PLACEMENT_3D ( 'NONE', #4143, #3496, #7839 ) ;
#2891 = CARTESIAN_POINT ( 'NONE',  ( -7.000000000000000000, -0.3735369949770414033, -0.4297051579498694651 ) ) ;
#2892 = ORIENTED_EDGE ( 'NONE', *, *, #1105, .F. ) ;
#2893 = CARTESIAN_POINT ( 'NONE',  ( -7.000000000000000000, -0.4297051579498680218, 0.3735369949770430131 ) ) ;
#2894 = LINE ( 'NONE', #7513, #5558 ) ;
#2895 = FACE_OUTER_BOUND ( 'NONE', #4842, .T. ) ;
#2896 = ORIENTED_EDGE ( 'NONE', *, *, #6779, .F. ) ;
#2897 = TOROIDAL_SURFACE ( 'NONE', #7633, 3.924635337491861886, 0.5000000000000000000 ) ;
#2898 = CARTESIAN_POINT ( 'NONE',  ( 1.549995677804209659, 2.848721405383343027E-17, 0.000000000000000000 ) ) ;
#2899 = CARTESIAN_POINT ( 'NONE',  ( 1.549995677804209659, 2.848721405383343027E-17, 0.000000000000000000 ) ) ;
#2900 = ORIENTED_EDGE ( 'NONE', *, *, #3274, .T. ) ;
#2901 = CARTESIAN_POINT ( 'NONE',  ( 0.2329829950954873385, -1.328003225777370155E-16, 0.000000000000000000 ) ) ;
#2902 = ORIENTED_EDGE ( 'NONE', *, *, #5264, .T. ) ;
#2903 = ORIENTED_EDGE ( 'NONE', *, *, #4512, .F. ) ;
#2904 = DIRECTION ( 'NONE',  ( -1.224913629762582012E-16, 1.000000000000000000, 0.000000000000000000 ) ) ;
#2905 = DIRECTION ( 'NONE',  ( 7.107073296017180850E-15, 0.6560590289905057215, 0.7547095802227734573 ) ) ;
#2906 = EDGE_LOOP ( 'NONE', ( #3025, #6703, #7312, #4436 ) ) ;
#2907 = FACE_OUTER_BOUND ( 'NONE', #7814, .T. ) ;
#2908 = CARTESIAN_POINT ( 'NONE',  ( -5.250000000000000000, -0.7135254915624210659, -0.7006292692220368323 ) ) ;
#2909 = VERTEX_POINT ( 'NONE', #1878 ) ;
#2910 = CARTESIAN_POINT ( 'NONE',  ( 0.2500000000000000000, -2.632966137197494838, 1.953156409970379759 ) ) ;
#2911 = ORIENTED_EDGE ( 'NONE', *, *, #7880, .F. ) ;
#2912 = CIRCLE ( 'NONE', #5215, 3.879688098672754215 ) ;
#2913 = ORIENTED_EDGE ( 'NONE', *, *, #7235, .F. ) ;
#2914 = DIRECTION ( 'NONE',  ( -1.000000000000000000, 0.000000000000000000, 0.000000000000000000 ) ) ;
#2915 = EDGE_CURVE ( 'NONE', #7287, #2652, #3235, .T. ) ;
#2916 = CARTESIAN_POINT ( 'NONE',  ( 1.549995677804209437, 3.318520863939809384, -1.408628533808538696 ) ) ;
#2917 = CARTESIAN_POINT ( 'NONE',  ( -7.000000000000000000, 0.1280792385188639082, -0.5547721316411167169 ) ) ;
#2918 = CARTESIAN_POINT ( 'NONE',  ( 0.2329829950954873385, -2.272076372062436622, -3.127244840436536055 ) ) ;
#2919 = DIRECTION ( 'NONE',  ( 0.000000000000000000, -0.6560590289905001704, -0.7547095802227782313 ) ) ;
#2920 = VERTEX_POINT ( 'NONE', #8278 ) ;
#2921 = CARTESIAN_POINT ( 'NONE',  ( -7.000000000000000000, -0.04962342228723428533, -0.5671983121851680298 ) ) ;
#2922 = EDGE_CURVE ( 'NONE', #6130, #4208, #6477, .T. ) ;
#2923 = AXIS2_PLACEMENT_3D ( 'NONE', #4985, #8165, #409 ) ;
#2924 = CARTESIAN_POINT ( 'NONE',  ( -5.250000000000000000, 0.2499999999999999722, -1.311574639720070712 ) ) ;
#2925 = ADVANCED_FACE ( 'NONE', ( #618 ), #6600, .T. ) ;
#2926 = EDGE_CURVE ( 'NONE', #3644, #8368, #1847, .T. ) ;
#2927 = CARTESIAN_POINT ( 'NONE',  ( -4.750000000000000000, 0.000000000000000000, -1.574356589206891810 ) ) ;
#2928 = ORIENTED_EDGE ( 'NONE', *, *, #696, .T. ) ;
#2929 = DIRECTION ( 'NONE',  ( 0.000000000000000000, 6.961313617841187122E-15, 1.000000000000000000 ) ) ;
#2930 = CARTESIAN_POINT ( 'NONE',  ( 1.549995677804209437, -2.343455946291669534, 2.037135174767901624 ) ) ;
#2931 = AXIS2_PLACEMENT_3D ( 'NONE', #2901, #480, #6168 ) ;
#2932 = AXIS2_PLACEMENT_3D ( 'NONE', #5334, #4142, #3495 ) ;
#2933 = DIRECTION ( 'NONE',  ( -0.000000000000000000, -1.000000000000000000, -3.491481338843133355E-15 ) ) ;
#2934 = EDGE_CURVE ( 'NONE', #2604, #2367, #1203, .T. ) ;
#2935 = ORIENTED_EDGE ( 'NONE', *, *, #1372, .F. ) ;
#2936 = AXIS2_PLACEMENT_3D ( 'NONE', #3195, #1249, #4429 ) ;
#2937 = CIRCLE ( 'NONE', #4420, 0.1250000000000000000 ) ;
#2938 = DIRECTION ( 'NONE',  ( -1.000000000000000000, -0.000000000000000000, 0.000000000000000000 ) ) ;
#2939 = CARTESIAN_POINT ( 'NONE',  ( -0.2500000000000000000, 0.3750000000000000555, -1.709349291397167958 ) ) ;
#2940 = ORIENTED_EDGE ( 'NONE', *, *, #2182, .F. ) ;
#2941 = DIRECTION ( 'NONE',  ( 0.000000000000000000, 0.9510565162951555296, -0.3090169943749411230 ) ) ;
#2942 = VECTOR ( 'NONE', #2076, 39.37007874015748143 ) ;
#2943 = ORIENTED_EDGE ( 'NONE', *, *, #5050, .T. ) ;
#2944 = VERTEX_POINT ( 'NONE', #2600 ) ;
#2945 = LINE ( 'NONE', #8111, #6594 ) ;
#2946 = DIRECTION ( 'NONE',  ( 0.5000000000000007772, 0.8660254037844380415, 0.000000000000000000 ) ) ;
#2947 = TOROIDAL_SURFACE ( 'NONE', #7686, 3.924635337491861442, 0.5000000000000000000 ) ;
#2948 = LINE ( 'NONE', #1078, #3154 ) ;
#2949 = EDGE_LOOP ( 'NONE', ( #2873, #1324, #2106, #7699 ) ) ;
#2950 = DIRECTION ( 'NONE',  ( 0.000000000000000000, -0.5150380749100582634, 0.8571673007021097801 ) ) ;
#2951 = DIRECTION ( 'NONE',  ( -0.000000000000000000, -0.8571673007021061164, -0.5150380749100647026 ) ) ;
#2952 = ORIENTED_EDGE ( 'NONE', *, *, #5430, .T. ) ;
#2953 = LINE ( 'NONE', #963, #3872 ) ;
#2954 = EDGE_LOOP ( 'NONE', ( #2892, #3790, #4627, #7755, #2729 ) ) ;
#2955 = ORIENTED_EDGE ( 'NONE', *, *, #1983, .F. ) ;
#2956 = DIRECTION ( 'NONE',  ( 0.000000000000000000, 0.000000000000000000, -1.000000000000000000 ) ) ;
#2957 = CARTESIAN_POINT ( 'NONE',  ( 0.2500000000000000000, 0.7500000000000001110, -1.740780812508624576E-16 ) ) ;
#2958 = CARTESIAN_POINT ( 'NONE',  ( 1.549995677804209437, 2.953134698135726044, -0.9595316290530727654 ) ) ;
#2959 = ADVANCED_FACE ( 'NONE', ( #7739 ), #5036, .T. ) ;
#2960 = LINE ( 'NONE', #6190, #6913 ) ;
#2961 = ORIENTED_EDGE ( 'NONE', *, *, #4410, .T. ) ;
#2962 = CARTESIAN_POINT ( 'NONE',  ( 1.549995677804209437, 0.000000000000000000, 0.000000000000000000 ) ) ;
#2963 = CONICAL_SURFACE ( 'NONE', #5547, 3.105109578176981078, 0.5235987755983000369 ) ;
#2964 = CARTESIAN_POINT ( 'NONE',  ( 1.549995677804209437, -0.3142060029726744808, -3.591391047819681326 ) ) ;
#2965 = CARTESIAN_POINT ( 'NONE',  ( -7.000000000000000888, 0.000000000000000000, 0.000000000000000000 ) ) ;
#2966 = CARTESIAN_POINT ( 'NONE',  ( 1.549995677804209437, 2.343455946291684189, -2.037135174767883417 ) ) ;
#2967 = CARTESIAN_POINT ( 'NONE',  ( 0.2500000000000000000, -1.634164925564208026E-16, -1.990929616580802914E-16 ) ) ;
#2968 = EDGE_CURVE ( 'NONE', #5555, #6638, #1922, .T. ) ;
#2969 = DIRECTION ( 'NONE',  ( 0.000000000000000000, 0.000000000000000000, -1.000000000000000000 ) ) ;
#2970 = EDGE_LOOP ( 'NONE', ( #2054, #5659 ) ) ;
#2971 = EDGE_CURVE ( 'NONE', #2384, #2476, #36, .T. ) ;
#2972 = EDGE_CURVE ( 'NONE', #4547, #2476, #4390, .T. ) ;
#2973 = EDGE_CURVE ( 'NONE', #1279, #2125, #3156, .T. ) ;
#2974 = DIRECTION ( 'NONE',  ( 0.000000000000000000, -0.9743700647852334695, -0.2249510543438724697 ) ) ;
#2975 = CARTESIAN_POINT ( 'NONE',  ( -7.000000000000000000, -0.4880409895273061238, -0.2932446110782060411 ) ) ;
#2976 = EDGE_LOOP ( 'NONE', ( #1792, #848, #2717, #443 ) ) ;
#2977 = AXIS2_PLACEMENT_3D ( 'NONE', #3781, #3232, #6556 ) ;
#2978 = CARTESIAN_POINT ( 'NONE',  ( 5.651087907391154571E-17, 3.897480259140940984, 0.8998042173754622342 ) ) ;
#2979 = VERTEX_POINT ( 'NONE', #2515 ) ;
#2980 = VECTOR ( 'NONE', #4867, 39.37007874015748143 ) ;
#2981 = VECTOR ( 'NONE', #7856, 39.37007874015748143 ) ;
#2982 = ADVANCED_FACE ( 'NONE', ( #3108 ), #5708, .T. ) ;
#2983 = ORIENTED_EDGE ( 'NONE', *, *, #582, .T. ) ;
#2984 = CARTESIAN_POINT ( 'NONE',  ( 0.07199504484765985313, 2.722542741169290181, 2.004873486386534509 ) ) ;
#2985 = AXIS2_PLACEMENT_3D ( 'NONE', #6244, #7598, #1617 ) ;
#2986 = DIRECTION ( 'NONE',  ( 0.000000000000000000, 0.000000000000000000, -1.000000000000000000 ) ) ;
#2987 = DIRECTION ( 'NONE',  ( -1.000000000000000000, 0.000000000000000000, 0.000000000000000000 ) ) ;
#2988 = ORIENTED_EDGE ( 'NONE', *, *, #2249, .F. ) ;
#2989 = CARTESIAN_POINT ( 'NONE',  ( 1.549995677804209437, -1.856768696984084421, 3.090182045861284976 ) ) ;
#2990 = DIRECTION ( 'NONE',  ( -1.000000000000000000, 0.000000000000000000, 0.000000000000000000 ) ) ;
#2991 = AXIS2_PLACEMENT_3D ( 'NONE', #2162, #3478, #1528 ) ;
#2992 = ORIENTED_EDGE ( 'NONE', *, *, #2356, .T. ) ;
#2993 = FACE_OUTER_BOUND ( 'NONE', #3143, .T. ) ;
#2994 = ORIENTED_EDGE ( 'NONE', *, *, #6960, .F. ) ;
#2995 = ORIENTED_EDGE ( 'NONE', *, *, #6137, .T. ) ;
#2996 = DIRECTION ( 'NONE',  ( 1.000000000000000000, 0.000000000000000000, 0.000000000000000000 ) ) ;
#2997 = AXIS2_PLACEMENT_3D ( 'NONE', #2662, #5300, #2071 ) ;
#2998 = CARTESIAN_POINT ( 'NONE',  ( -0.1723424495515873123, 2.699646941586195226, -1.991654590334003938 ) ) ;
#2999 = DIRECTION ( 'NONE',  ( -1.000000000000000000, 0.000000000000000000, 0.000000000000000000 ) ) ;
#3000 = CARTESIAN_POINT ( 'NONE',  ( 0.2500000000000000000, -1.634164925564208026E-16, -1.990929616580802914E-16 ) ) ;
#3001 = CIRCLE ( 'NONE', #6537, 4.360605680090435143 ) ;
#3002 = ORIENTED_EDGE ( 'NONE', *, *, #5927, .T. ) ;
#3003 = FACE_OUTER_BOUND ( 'NONE', #6164, .T. ) ;
#3004 = DIRECTION ( 'NONE',  ( -1.000000000000000000, -1.224646799147352714E-16, 0.000000000000000000 ) ) ;
#3005 = ADVANCED_FACE ( 'NONE', ( #2895 ), #1445, .T. ) ;
#3006 = AXIS2_PLACEMENT_3D ( 'NONE', #6675, #2124, #5443 ) ;
#3007 = CARTESIAN_POINT ( 'NONE',  ( 1.549995677804209437, -3.428662956283281549, -1.114040126240612105 ) ) ;
#3008 = CIRCLE ( 'NONE', #8150, 3.105109578176981078 ) ;
#3009 = DIRECTION ( 'NONE',  ( 0.000000000000000000, 0.000000000000000000, 1.000000000000000000 ) ) ;
#3010 = VECTOR ( 'NONE', #6533, 39.37007874015748143 ) ;
#3011 = CIRCLE ( 'NONE', #6404, 4.357648039384080185 ) ;
#3012 = CARTESIAN_POINT ( 'NONE',  ( -0.2500000000000000000, -0.7500000000000001110, -0.1250000000000003608 ) ) ;
#3013 = CARTESIAN_POINT ( 'NONE',  ( -7.000000000000000888, 0.000000000000000000, -0.000000000000000000 ) ) ;
#3014 = CARTESIAN_POINT ( 'NONE',  ( -0.1723424522974140449, 0.3750000000000001110, -3.333790126447838453 ) ) ;
#3015 = ORIENTED_EDGE ( 'NONE', *, *, #883, .T. ) ;
#3016 = AXIS2_PLACEMENT_3D ( 'NONE', #4962, #1659, #6159 ) ;
#3017 = ADVANCED_FACE ( 'NONE', ( #262 ), #2252, .F. ) ;
#3018 = CARTESIAN_POINT ( 'NONE',  ( 1.549995677804209437, 3.025525820853559811, 0.6984976734641475948 ) ) ;
#3019 = DIRECTION ( 'NONE',  ( -8.797911715786014202E-17, 1.000000000000000000, 0.000000000000000000 ) ) ;
#3020 = EDGE_LOOP ( 'NONE', ( #65, #146, #7611, #6252 ) ) ;
#3021 = AXIS2_PLACEMENT_3D ( 'NONE', #3336, #5936, #115 ) ;
#3022 = EDGE_CURVE ( 'NONE', #5534, #2049, #4629, .T. ) ;
#3023 = DIRECTION ( 'NONE',  ( 0.000000000000000000, -0.3090169943749548898, 0.9510565162951511997 ) ) ;
#3024 = VECTOR ( 'NONE', #99, 39.37007874015748143 ) ;
#3025 = ORIENTED_EDGE ( 'NONE', *, *, #6352, .F. ) ;
#3026 = EDGE_LOOP ( 'NONE', ( #7710, #1797, #1179, #4519 ) ) ;
#3027 = DIRECTION ( 'NONE',  ( -8.797911715786014202E-17, 1.000000000000000000, 0.000000000000000000 ) ) ;
#3028 = ADVANCED_FACE ( 'NONE', ( #6719 ), #7754, .T. ) ;
#3029 = CARTESIAN_POINT ( 'NONE',  ( -0.2406238026544914033, -1.998187089591878962, 3.325541775105425923 ) ) ;
#3030 = CARTESIAN_POINT ( 'NONE',  ( 1.549995677804209437, 0.000000000000000000, 0.000000000000000000 ) ) ;
#3031 = ADVANCED_FACE ( 'NONE', ( #3565 ), #311, .T. ) ;
#3032 = EDGE_CURVE ( 'NONE', #8115, #6805, #4714, .T. ) ;
#3033 = EDGE_CURVE ( 'NONE', #6770, #5545, #2808, .T. ) ;
#3034 = ORIENTED_EDGE ( 'NONE', *, *, #7014, .F. ) ;
#3035 = CARTESIAN_POINT ( 'NONE',  ( -0.003439171656184357700, 2.961959888085973880, -2.574792448656704202 ) ) ;
#3036 = DIRECTION ( 'NONE',  ( -1.000000000000000000, 0.000000000000000000, 0.000000000000000000 ) ) ;
#3037 = ORIENTED_EDGE ( 'NONE', *, *, #7020, .F. ) ;
#3038 = DIRECTION ( 'NONE',  ( -1.000000000000000000, -1.224646799147352714E-16, 0.000000000000000000 ) ) ;
#3039 = ADVANCED_FACE ( 'NONE', ( #2215 ), #5592, .T. ) ;
#3040 = VERTEX_POINT ( 'NONE', #4803 ) ;
#3041 = VERTEX_POINT ( 'NONE', #1574 ) ;
#3042 = DIRECTION ( 'NONE',  ( 0.000000000000000000, -0.3090169943749382919, -0.9510565162951565288 ) ) ;
#3043 = LINE ( 'NONE', #4239, #2455 ) ;
#3044 = CARTESIAN_POINT ( 'NONE',  ( -0.1723424495515875898, -2.699646941586223203, -1.991654590333966857 ) ) ;
#3045 = DIRECTION ( 'NONE',  ( -1.224913629762582012E-16, 1.000000000000000000, 0.000000000000000000 ) ) ;
#3046 = ORIENTED_EDGE ( 'NONE', *, *, #3804, .T. ) ;
#3047 = ORIENTED_EDGE ( 'NONE', *, *, #3176, .T. ) ;
#3048 = LINE ( 'NONE', #3596, #7817 ) ;
#3049 = CARTESIAN_POINT ( 'NONE',  ( -0.2406238026544916253, -1.908004274696309122E-16, 0.000000000000000000 ) ) ;
#3050 = CARTESIAN_POINT ( 'NONE',  ( 1.549995677804209437, -2.720810736403057373, 2.365164689263152820 ) ) ;
#3051 = DIRECTION ( 'NONE',  ( -0.000000000000000000, 0.9743700647852328034, 0.2249510543438758559 ) ) ;
#3052 = DIRECTION ( 'NONE',  ( 1.000000000000000000, 1.224646799147352714E-16, -0.000000000000000000 ) ) ;
#3053 = LINE ( 'NONE', #7594, #6366 ) ;
#3054 = CARTESIAN_POINT ( 'NONE',  ( 0.2465608283438161241, 0.000000000000000000, 0.000000000000000000 ) ) ;
#3055 = VECTOR ( 'NONE', #8235, 39.37007874015748143 ) ;
#3056 = DIRECTION ( 'NONE',  ( 0.000000000000000000, 0.8090169943749487835, -0.5877852522924713607 ) ) ;
#3057 = LINE ( 'NONE', #5615, #3272 ) ;
#3058 = ORIENTED_EDGE ( 'NONE', *, *, #1781, .F. ) ;
#3059 = ORIENTED_EDGE ( 'NONE', *, *, #4386, .F. ) ;
#3060 = DIRECTION ( 'NONE',  ( 0.000000000000000000, -0.5000000000000002220, 0.8660254037844385966 ) ) ;
#3061 = ADVANCED_FACE ( 'NONE', ( #6078 ), #5178, .T. ) ;
#3062 = ORIENTED_EDGE ( 'NONE', *, *, #7545, .F. ) ;
#3063 = TOROIDAL_SURFACE ( 'NONE', #87, 3.924635337491861886, 0.5000000000000000000 ) ;
#3064 = ORIENTED_EDGE ( 'NONE', *, *, #5576, .T. ) ;
#3065 = VECTOR ( 'NONE', #7606, 39.37007874015748854 ) ;
#3066 = CARTESIAN_POINT ( 'NONE',  ( 1.549995677804209437, 2.858268437213586477, -1.213262969563907667 ) ) ;
#3067 = DIRECTION ( 'NONE',  ( -1.000000000000000000, 0.000000000000000000, -0.000000000000000000 ) ) ;
#3068 = CIRCLE ( 'NONE', #773, 4.360605680090435143 ) ;
#3069 = DIRECTION ( 'NONE',  ( -1.000000000000000000, 0.000000000000000000, -0.000000000000000000 ) ) ;
#3070 = VECTOR ( 'NONE', #7583, 39.37007874015748143 ) ;
#3071 = ORIENTED_EDGE ( 'NONE', *, *, #4025, .F. ) ;
#3072 = CONICAL_SURFACE ( 'NONE', #3203, 4.500000000000000000, 0.5116441634306432285 ) ;
#3073 = DIRECTION ( 'NONE',  ( -1.000000000000000000, 0.000000000000000000, 0.000000000000000000 ) ) ;
#3074 = EDGE_CURVE ( 'NONE', #6598, #6761, #978, .T. ) ;
#3075 = ORIENTED_EDGE ( 'NONE', *, *, #1051, .F. ) ;
#3076 = ORIENTED_EDGE ( 'NONE', *, *, #1470, .T. ) ;
#3077 = VERTEX_POINT ( 'NONE', #1487 ) ;
#3078 = CARTESIAN_POINT ( 'NONE',  ( 5.651087907391154571E-17, 4.000000000000000000, 0.000000000000000000 ) ) ;
#3079 = ADVANCED_FACE ( 'NONE', ( #2847 ), #4841, .T. ) ;
#3080 = EDGE_CURVE ( 'NONE', #1506, #1943, #1950, .T. ) ;
#3081 = EDGE_CURVE ( 'NONE', #1549, #1073, #6000, .T. ) ;
#3082 = ORIENTED_EDGE ( 'NONE', *, *, #4121, .T. ) ;
#3083 = CARTESIAN_POINT ( 'NONE',  ( -5.250000000000000000, -0.2500000000000001110, 1.311574639720070712 ) ) ;
#3084 = CARTESIAN_POINT ( 'NONE',  ( 1.549995677804209437, 0.000000000000000000, 0.000000000000000000 ) ) ;
#3085 = CARTESIAN_POINT ( 'NONE',  ( -0.2406238026544916253, -1.908004274696309122E-16, 0.000000000000000000 ) ) ;
#3086 = VERTEX_POINT ( 'NONE', #3520 ) ;
#3087 = ORIENTED_EDGE ( 'NONE', *, *, #6971, .F. ) ;
#3088 = DIRECTION ( 'NONE',  ( -1.000000000000000000, -1.224646799147352714E-16, 0.000000000000000000 ) ) ;
#3089 = PLANE ( 'NONE',  #7178 ) ;
#3090 = CARTESIAN_POINT ( 'NONE',  ( 1.549995677804209437, -1.084143214726800305E-14, 3.105109578176981078 ) ) ;
#3091 = CARTESIAN_POINT ( 'NONE',  ( 1.549995677804209437, -3.591391047819677773, 0.3142060029727121173 ) ) ;
#3092 = DIRECTION ( 'NONE',  ( 1.000000000000000000, 0.000000000000000000, 0.000000000000000000 ) ) ;
#3093 = CIRCLE ( 'NONE', #3501, 1.750000000000000222 ) ;
#3094 = CARTESIAN_POINT ( 'NONE',  ( 0.2500000000000000000, -1.667839910290874306, 0.5299151192794272491 ) ) ;
#3095 = FACE_OUTER_BOUND ( 'NONE', #1048, .T. ) ;
#3096 = ORIENTED_EDGE ( 'NONE', *, *, #5597, .T. ) ;
#3097 = VERTEX_POINT ( 'NONE', #984 ) ;
#3098 = CARTESIAN_POINT ( 'NONE',  ( -4.750000000000000000, 0.000000000000000000, 0.000000000000000000 ) ) ;
#3099 = ORIENTED_EDGE ( 'NONE', *, *, #1924, .F. ) ;
#3100 = ORIENTED_EDGE ( 'NONE', *, *, #2778, .T. ) ;
#3101 = DIRECTION ( 'NONE',  ( -1.236773978361170610E-16, 1.000000000000000000, 0.000000000000000000 ) ) ;
#3102 = LINE ( 'NONE', #7525, #4741 ) ;
#3103 = CIRCLE ( 'NONE', #3646, 3.432474503172796343 ) ;
#3104 = EDGE_CURVE ( 'NONE', #2083, #1749, #2057, .T. ) ;
#3105 = DIRECTION ( 'NONE',  ( 0.000000000000000000, -0.8090169943749422332, -0.5877852522924802425 ) ) ;
#3106 = ORIENTED_EDGE ( 'NONE', *, *, #697, .F. ) ;
#3107 = AXIS2_PLACEMENT_3D ( 'NONE', #7076, #7158, #5890 ) ;
#3108 = FACE_OUTER_BOUND ( 'NONE', #7782, .T. ) ;
#3109 = ORIENTED_EDGE ( 'NONE', *, *, #7129, .F. ) ;
#3110 = CIRCLE ( 'NONE', #7457, 1.335188389537908638 ) ;
#3111 = ORIENTED_EDGE ( 'NONE', *, *, #2670, .T. ) ;
#3112 = ORIENTED_EDGE ( 'NONE', *, *, #5314, .F. ) ;
#3113 = DIRECTION ( 'NONE',  ( -5.327103587645313572E-15, 0.9743700647852351349, 0.2249510543438656140 ) ) ;
#3114 = AXIS2_PLACEMENT_3D ( 'NONE', #6018, #923, #4604 ) ;
#3115 = EDGE_CURVE ( 'NONE', #1832, #5295, #6683, .T. ) ;
#3116 = CONICAL_SURFACE ( 'NONE', #4479, 0.4561405019143418560, 0.4461670167513162588 ) ;
#3117 = ORIENTED_EDGE ( 'NONE', *, *, #7698, .F. ) ;
#3118 = DIRECTION ( 'NONE',  ( -1.000000000000000000, -0.000000000000000000, -0.000000000000000000 ) ) ;
#3119 = FACE_OUTER_BOUND ( 'NONE', #7314, .T. ) ;
#3120 = EDGE_CURVE ( 'NONE', #3418, #695, #3691, .T. ) ;
#3121 = DIRECTION ( 'NONE',  ( 1.000000000000000000, 0.000000000000000000, 0.000000000000000000 ) ) ;
#3122 = ORIENTED_EDGE ( 'NONE', *, *, #6767, .T. ) ;
#3123 = VECTOR ( 'NONE', #839, 39.37007874015748143 ) ;
#3124 = EDGE_CURVE ( 'NONE', #4208, #4191, #2198, .T. ) ;
#3125 = ORIENTED_EDGE ( 'NONE', *, *, #3288, .F. ) ;
#3126 = CARTESIAN_POINT ( 'NONE',  ( -5.250000000000000000, -0.2500000000000000555, 0.9682458365518542553 ) ) ;
#3127 = DIRECTION ( 'NONE',  ( 1.000000000000000000, 0.000000000000000000, 0.000000000000000000 ) ) ;
#3128 = EDGE_CURVE ( 'NONE', #6638, #5538, #3008, .T. ) ;
#3129 = CARTESIAN_POINT ( 'NONE',  ( 1.549995677804209437, 0.000000000000000000, 0.000000000000000000 ) ) ;
#3130 = CARTESIAN_POINT ( 'NONE',  ( -7.000000000000000000, -0.5414982150262708238, -0.1759434355370016190 ) ) ;
#3131 = CIRCLE ( 'NONE', #5307, 1.574356589206891588 ) ;
#3132 = EDGE_CURVE ( 'NONE', #2014, #1870, #6722, .T. ) ;
#3133 = CARTESIAN_POINT ( 'NONE',  ( 0.000000000000000000, 4.713499807438230030E-14, -4.500000000000000000 ) ) ;
#3134 = EDGE_CURVE ( 'NONE', #3616, #6729, #6944, .T. ) ;
#3135 = PLANE ( 'NONE',  #4909 ) ;
#3136 = AXIS2_PLACEMENT_3D ( 'NONE', #1026, #5444, #430 ) ;
#3137 = EDGE_CURVE ( 'NONE', #7347, #7792, #3139, .T. ) ;
#3138 = CIRCLE ( 'NONE', #5999, 0.5693649175925759032 ) ;
#3139 = CIRCLE ( 'NONE', #713, 4.360605680090435143 ) ;
#3140 = CARTESIAN_POINT ( 'NONE',  ( -5.250000000000000000, 0.000000000000000000, 0.000000000000000000 ) ) ;
#3141 = CIRCLE ( 'NONE', #4632, 3.105109578176981078 ) ;
#3142 = DIRECTION ( 'NONE',  ( 1.000000000000000000, 1.224646799147352714E-16, -0.000000000000000000 ) ) ;
#3143 = EDGE_LOOP ( 'NONE', ( #5269, #3972, #6099, #1253 ) ) ;
#3144 = VERTEX_POINT ( 'NONE', #7595 ) ;
#3145 = DIRECTION ( 'NONE',  ( -0.000000000000000000, 0.5877852522924802425, -0.8090169943749422332 ) ) ;
#3146 = CIRCLE ( 'NONE', #6814, 3.605109578176981078 ) ;
#3147 = CIRCLE ( 'NONE', #2744, 3.879688098672754215 ) ;
#3148 = ORIENTED_EDGE ( 'NONE', *, *, #5158, .T. ) ;
#3149 = AXIS2_PLACEMENT_3D ( 'NONE', #2965, #2290, #3009 ) ;
#3150 = ORIENTED_EDGE ( 'NONE', *, *, #801, .F. ) ;
#3151 = CARTESIAN_POINT ( 'NONE',  ( -4.750000000000000000, 1.221132980980842664, -0.9936965898804311914 ) ) ;
#3152 = DIRECTION ( 'NONE',  ( 0.000000000000000000, 0.000000000000000000, -1.000000000000000000 ) ) ;
#3153 = CARTESIAN_POINT ( 'NONE',  ( 1.549995677804209437, 2.512086418141599609, 1.825137616804535234 ) ) ;
#3154 = VECTOR ( 'NONE', #7566, 39.37007874015748854 ) ;
#3155 = ORIENTED_EDGE ( 'NONE', *, *, #5209, .T. ) ;
#3156 = LINE ( 'NONE', #5067, #4099 ) ;
#3157 = EDGE_LOOP ( 'NONE', ( #3794, #7080, #2305, #3238 ) ) ;
#3158 = ORIENTED_EDGE ( 'NONE', *, *, #435, .T. ) ;
#3159 = VERTEX_POINT ( 'NONE', #5006 ) ;
#3160 = LINE ( 'NONE', #5113, #1004 ) ;
#3161 =( NAMED_UNIT ( * ) PLANE_ANGLE_UNIT ( ) SI_UNIT ( $, .RADIAN. ) );
#3162 = CIRCLE ( 'NONE', #3568, 4.360605680090436032 ) ;
#3163 = VERTEX_POINT ( 'NONE', #8098 ) ;
#3164 = DIRECTION ( 'NONE',  ( -0.000000000000000000, 0.8660254037844384856, 0.5000000000000001110 ) ) ;
#3165 = CARTESIAN_POINT ( 'NONE',  ( 0.2500000000000000000, -0.3750000000000000555, -1.709349291397167958 ) ) ;
#3166 = CARTESIAN_POINT ( 'NONE',  ( 1.549995677804209659, 2.848721405383343027E-17, 0.000000000000000000 ) ) ;
#3167 = ORIENTED_EDGE ( 'NONE', *, *, #913, .T. ) ;
#3168 = EDGE_CURVE ( 'NONE', #7287, #6796, #4233, .T. ) ;
#3169 = EDGE_LOOP ( 'NONE', ( #2869, #2788, #2107, #7274, #4696, #2091, #5527, #780 ) ) ;
#3170 = CARTESIAN_POINT ( 'NONE',  ( -0.2406238026544917363, -3.689802647435485028, 1.198889555364084814 ) ) ;
#3171 = LINE ( 'NONE', #7761, #101 ) ;
#3172 = LINE ( 'NONE', #2535, #2426 ) ;
#3173 = CARTESIAN_POINT ( 'NONE',  ( -0.01701700490451234227, -0.3750000000000000555, -3.411928518438119173 ) ) ;
#3174 = DIRECTION ( 'NONE',  ( 1.000000000000000000, 0.000000000000000000, 0.000000000000000000 ) ) ;
#3175 = CARTESIAN_POINT ( 'NONE',  ( 1.549995677804209437, 1.114040126240575690, 3.428662956283293983 ) ) ;
#3176 = EDGE_CURVE ( 'NONE', #1599, #629, #572, .T. ) ;
#3177 = CARTESIAN_POINT ( 'NONE',  ( -0.2482449321572040568, 4.147182447043686437, -1.347501260915815458 ) ) ;
#3178 = VECTOR ( 'NONE', #6111, 39.37007874015748143 ) ;
#3179 = EDGE_CURVE ( 'NONE', #5537, #2531, #8180, .T. ) ;
#3180 = EDGE_CURVE ( 'NONE', #4722, #5337, #1794, .T. ) ;
#3181 = DIRECTION ( 'NONE',  ( 0.000000000000000000, 0.000000000000000000, -1.000000000000000000 ) ) ;
#3182 = DIRECTION ( 'NONE',  ( 1.000000000000000000, 1.224646799147352714E-16, -0.000000000000000000 ) ) ;
#3183 = VERTEX_POINT ( 'NONE', #8220 ) ;
#3184 = EDGE_CURVE ( 'NONE', #6729, #5326, #6963, .T. ) ;
#3185 = CARTESIAN_POINT ( 'NONE',  ( 0.000000000000000000, 0.000000000000000000, 0.000000000000000000 ) ) ;
#3186 = ORIENTED_EDGE ( 'NONE', *, *, #1012, .F. ) ;
#3187 = CARTESIAN_POINT ( 'NONE',  ( -7.000000000000000000, -0.5693649175925756811, 0.000000000000000000 ) ) ;
#3188 = ORIENTED_EDGE ( 'NONE', *, *, #3856, .F. ) ;
#3189 = ORIENTED_EDGE ( 'NONE', *, *, #3652, .F. ) ;
#3190 = CARTESIAN_POINT ( 'NONE',  ( -0.01701700490451335882, 1.767855060291996905, -2.942204904613427985 ) ) ;
#3191 = CARTESIAN_POINT ( 'NONE',  ( 1.549995677804209437, -2.720810736403057373, 2.365164689263152820 ) ) ;
#3193 = CIRCLE ( 'NONE', #6313, 1.335188389537908638 ) ;
#3192 = LINE ( 'NONE', #1245, #5737 ) ;
#3194 = ORIENTED_EDGE ( 'NONE', *, *, #1303, .T. ) ;
#3195 = CARTESIAN_POINT ( 'NONE',  ( 1.549995677804209659, 2.848721405383343027E-17, 0.000000000000000000 ) ) ;
#3196 = VERTEX_POINT ( 'NONE', #1027 ) ;
#3197 = AXIS2_PLACEMENT_3D ( 'NONE', #4813, #5539, #3027 ) ;
#3198 = ORIENTED_EDGE ( 'NONE', *, *, #3401, .T. ) ;
#3199 = ORIENTED_EDGE ( 'NONE', *, *, #1992, .F. ) ;
#3200 = CARTESIAN_POINT ( 'NONE',  ( 0.2500000000000000000, 0.000000000000000000, 0.000000000000000000 ) ) ;
#3201 = AXIS2_PLACEMENT_3D ( 'NONE', #6017, #6528, #156 ) ;
#3202 = CALENDAR_DATE ( 2026, 3, 3 ) ;
#3203 = AXIS2_PLACEMENT_3D ( 'NONE', #3383, #2157, #8007 ) ;
#3204 = ORIENTED_EDGE ( 'NONE', *, *, #7690, .T. ) ;
#3205 = DIRECTION ( 'NONE',  ( -1.000000000000000000, 0.000000000000000000, -0.000000000000000000 ) ) ;
#3206 = CARTESIAN_POINT ( 'NONE',  ( 1.549995677804209437, 0.000000000000000000, 0.000000000000000000 ) ) ;
#3207 = VERTEX_POINT ( 'NONE', #1780 ) ;
#3208 = DIRECTION ( 'NONE',  ( 1.000000000000000000, 0.000000000000000000, 0.000000000000000000 ) ) ;
#3209 = ORIENTED_EDGE ( 'NONE', *, *, #5459, .F. ) ;
#3210 = ORIENTED_EDGE ( 'NONE', *, *, #6754, .T. ) ;
#3211 = CARTESIAN_POINT ( 'NONE',  ( 1.549995677804209437, 1.856768696984107292, -3.090182045861271209 ) ) ;
#3212 = PLANE ( 'NONE',  #2672 ) ;
#3213 = CARTESIAN_POINT ( 'NONE',  ( 1.549995677804209437, 0.000000000000000000, 0.000000000000000000 ) ) ;
#3214 = TOROIDAL_SURFACE ( 'NONE', #4435, 3.924635337491862774, 0.5000000000000000000 ) ;
#3215 = EDGE_CURVE ( 'NONE', #7528, #5752, #6917, .T. ) ;
#3216 = FACE_OUTER_BOUND ( 'NONE', #1882, .T. ) ;
#3217 = DIRECTION ( 'NONE',  ( 0.8660254037844380415, -0.4285836503510568329, -0.2575190374550281325 ) ) ;
#3218 = FACE_OUTER_BOUND ( 'NONE', #6115, .T. ) ;
#3219 = CARTESIAN_POINT ( 'NONE',  ( 1.549995677804209437, 0.000000000000000000, 0.000000000000000000 ) ) ;
#3220 = DIRECTION ( 'NONE',  ( 1.000000000000000000, 0.000000000000000000, 0.000000000000000000 ) ) ;
#3221 = EDGE_CURVE ( 'NONE', #3281, #3644, #7481, .T. ) ;
#3222 = LINE ( 'NONE', #4501, #2594 ) ;
#3223 = ORIENTED_EDGE ( 'NONE', *, *, #1608, .T. ) ;
#3224 = CARTESIAN_POINT ( 'NONE',  ( -7.000000000000000000, -0.1280792385188600502, 0.5547721316411176051 ) ) ;
#3225 = ORIENTED_EDGE ( 'NONE', *, *, #6974, .F. ) ;
#3226 = DIRECTION ( 'NONE',  ( -1.000000000000000000, -1.224646799147352714E-16, 0.000000000000000000 ) ) ;
#3227 = EDGE_CURVE ( 'NONE', #3228, #6084, #1247, .T. ) ;
#3228 = VERTEX_POINT ( 'NONE', #4408 ) ;
#3229 = EDGE_LOOP ( 'NONE', ( #4139, #5866, #6898, #3952 ) ) ;
#3230 = EDGE_CURVE ( 'NONE', #7062, #660, #6201, .T. ) ;
#3231 = FACE_OUTER_BOUND ( 'NONE', #465, .T. ) ;
#3232 = DIRECTION ( 'NONE',  ( 1.000000000000000000, 0.000000000000000000, 0.000000000000000000 ) ) ;
#3233 = CARTESIAN_POINT ( 'NONE',  ( -0.01701700490451299799, 1.060692954239088825, 3.264477243259459538 ) ) ;
#3234 = ORIENTED_EDGE ( 'NONE', *, *, #4682, .T. ) ;
#3235 = LINE ( 'NONE', #7065, #4695 ) ;
#3236 = EDGE_CURVE ( 'NONE', #5183, #3504, #6127, .T. ) ;
#3237 = EDGE_LOOP ( 'NONE', ( #2838, #145, #3750, #6801 ) ) ;
#3238 = ORIENTED_EDGE ( 'NONE', *, *, #2778, .F. ) ;
#3239 = ORIENTED_EDGE ( 'NONE', *, *, #7262, .T. ) ;
#3240 = DIRECTION ( 'NONE',  ( -0.8660254037844380415, -0.4871850323926177895, -0.1124755271719364569 ) ) ;
#3241 = AXIS2_PLACEMENT_3D ( 'NONE', #3213, #5171, #1949 ) ;
#3242 = PERSON_AND_ORGANIZATION ( #1217, #2656 ) ;
#3243 = VERTEX_POINT ( 'NONE', #1066 ) ;
#3244 = DIRECTION ( 'NONE',  ( 0.000000000000000000, -0.3090169943749549453, 0.9510565162951511997 ) ) ;
#3245 = DIRECTION ( 'NONE',  ( 1.000000000000000000, -0.000000000000000000, -0.000000000000000000 ) ) ;
#3246 = VECTOR ( 'NONE', #3618, 39.37007874015748143 ) ;
#3247 = CARTESIAN_POINT ( 'NONE',  ( -0.2499999999999998057, -1.004130275249512522E-15, -1.015226993466433575E-15 ) ) ;
#3248 = VERTEX_POINT ( 'NONE', #8259 ) ;
#3249 = AXIS2_PLACEMENT_3D ( 'NONE', #2796, #887, #339 ) ;
#3250 = EDGE_LOOP ( 'NONE', ( #6010, #4656, #4927, #3595, #90, #5107, #4094, #2176 ) ) ;
#3251 = CARTESIAN_POINT ( 'NONE',  ( 1.549995677804209437, 2.916594915329073334, 2.119030242950772802 ) ) ;
#3252 = DIRECTION ( 'NONE',  ( 0.000000000000000000, 0.000000000000000000, -1.000000000000000000 ) ) ;
#3253 = VECTOR ( 'NONE', #5180, 39.37007874015748143 ) ;
#3254 = CARTESIAN_POINT ( 'NONE',  ( 1.549995677804208993, 2.858268437213586477, -1.213262969563907667 ) ) ;
#3255 = LINE ( 'NONE', #7040, #7469 ) ;
#3256 = DIRECTION ( 'NONE',  ( 1.000000000000000000, 0.000000000000000000, 0.000000000000000000 ) ) ;
#3257 = LINE ( 'NONE', #676, #4506 ) ;
#3258 = FACE_OUTER_BOUND ( 'NONE', #5522, .T. ) ;
#3259 = ADVANCED_FACE ( 'NONE', ( #8140 ), #7078, .T. ) ;
#3260 = AXIS2_PLACEMENT_3D ( 'NONE', #7165, #5172, #2623 ) ;
#3261 = DIRECTION ( 'NONE',  ( 1.000000000000000000, 0.000000000000000000, 0.000000000000000000 ) ) ;
#3262 = LINE ( 'NONE', #3823, #3822 ) ;
#3263 = ORIENTED_EDGE ( 'NONE', *, *, #3104, .F. ) ;
#3264 = DIRECTION ( 'NONE',  ( 1.000000000000000000, 1.224646799147352714E-16, -0.000000000000000000 ) ) ;
#3265 = EDGE_LOOP ( 'NONE', ( #2913, #7506, #4002, #3581, #2844, #198, #413, #6530 ) ) ;
#3266 = CARTESIAN_POINT ( 'NONE',  ( 1.549995677804209437, 0.6984976734641796803, -3.025525820853551373 ) ) ;
#3267 = ORIENTED_EDGE ( 'NONE', *, *, #5985, .F. ) ;
#3268 = CIRCLE ( 'NONE', #7070, 0.5000000000000000000 ) ;
#3269 = ORIENTED_EDGE ( 'NONE', *, *, #5713, .T. ) ;
#3270 = ADVANCED_FACE ( 'NONE', ( #3988 ), #3135, .F. ) ;
#3271 = CARTESIAN_POINT ( 'NONE',  ( 5.651087907391154571E-17, 3.682019413809781483, -1.562924513957047346 ) ) ;
#3272 = VECTOR ( 'NONE', #6286, 39.37007874015748143 ) ;
#3273 = CARTESIAN_POINT ( 'NONE',  ( -7.000000000000000888, 0.000000000000000000, -0.000000000000000000 ) ) ;
#3274 = EDGE_CURVE ( 'NONE', #5892, #1806, #1349, .T. ) ;
#3275 = CARTESIAN_POINT ( 'NONE',  ( -5.250000000000000000, 1.260856956957004060, 0.4392809689139264284 ) ) ;
#3276 = EDGE_LOOP ( 'NONE', ( #2902, #6044, #6653, #5778 ) ) ;
#3277 = AXIS2_PLACEMENT_3D ( 'NONE', #3224, #5818, #7221 ) ;
#3278 = VERTEX_POINT ( 'NONE', #1398 ) ;
#3279 = AXIS2_PLACEMENT_3D ( 'NONE', #7036, #1946, #2573 ) ;
#3280 = CIRCLE ( 'NONE', #4112, 3.315983005625052549 ) ;
#3281 = VERTEX_POINT ( 'NONE', #7092 ) ;
#3282 = ORIENTED_EDGE ( 'NONE', *, *, #7740, .F. ) ;
#3283 = EDGE_CURVE ( 'NONE', #138, #412, #3553, .T. ) ;
#3284 = ORIENTED_EDGE ( 'NONE', *, *, #7780, .T. ) ;
#3285 = LINE ( 'NONE', #537, #7104 ) ;
#3286 = CC_DESIGN_PERSON_AND_ORGANIZATION_ASSIGNMENT ( #6483, #623, ( #6676 ) ) ;
#3287 = CIRCLE ( 'NONE', #8030, 0.4999999999999998335 ) ;
#3288 = EDGE_CURVE ( 'NONE', #1866, #1279, #1905, .T. ) ;
#3289 = ADVANCED_FACE ( 'NONE', ( #3218 ), #2339, .T. ) ;
#3290 = ORIENTED_EDGE ( 'NONE', *, *, #3115, .F. ) ;
#3291 = CARTESIAN_POINT ( 'NONE',  ( -7.000000000000000000, 0.3735369949770445119, 0.4297051579498666896 ) ) ;
#3292 = ADVANCED_FACE ( 'NONE', ( #724 ), #850, .T. ) ;
#3293 = DIRECTION ( 'NONE',  ( -0.8719406851971467365, -0.4896115210020390851, -0.000000000000000000 ) ) ;
#3294 = VECTOR ( 'NONE', #1427, 39.37007874015748143 ) ;
#3295 = CARTESIAN_POINT ( 'NONE',  ( -0.2500000000000000000, 0.000000000000000000, 0.000000000000000000 ) ) ;
#3296 = ORIENTED_EDGE ( 'NONE', *, *, #4114, .F. ) ;
#3297 = VERTEX_POINT ( 'NONE', #556 ) ;
#3298 = DIRECTION ( 'NONE',  ( -0.8660254037844379305, -0.2938926261462390666, 0.4045084971874730595 ) ) ;
#3299 = DIRECTION ( 'NONE',  ( 1.000000000000000000, 1.224646799147352714E-16, -0.000000000000000000 ) ) ;
#3300 = CARTESIAN_POINT ( 'NONE',  ( -0.01701700490451315412, 3.432474503172795455, 0.000000000000000000 ) ) ;
#3301 = DIRECTION ( 'NONE',  ( -1.224913629762582012E-16, 1.000000000000000000, 0.000000000000000000 ) ) ;
#3302 = DIRECTION ( 'NONE',  ( 1.224646799147352714E-16, -1.000000000000000000, 0.000000000000000000 ) ) ;
#3303 = CYLINDRICAL_SURFACE ( 'NONE', #172, 1.750000000000000222 ) ;
#3304 = DIRECTION ( 'NONE',  ( 0.000000000000000000, -0.8090169943749531134, 0.5877852522924653655 ) ) ;
#3305 = CARTESIAN_POINT ( 'NONE',  ( -7.000000000000000000, 0.4755282581475757109, 0.1545084971874737256 ) ) ;
#3306 = CARTESIAN_POINT ( 'NONE',  ( -0.2406238026544921527, -1.515914908980776188, -3.571271724709954576 ) ) ;
#3307 = VERTEX_POINT ( 'NONE', #2579 ) ;
#3308 = DIRECTION ( 'NONE',  ( -1.000000000000000000, -0.000000000000000000, -0.000000000000000000 ) ) ;
#3309 = EDGE_LOOP ( 'NONE', ( #272, #7372, #326, #1257 ) ) ;
#3310 = DIRECTION ( 'NONE',  ( 1.232246991851730235E-16, -1.000000000000000000, 0.000000000000000000 ) ) ;
#3311 = AXIS2_PLACEMENT_3D ( 'NONE', #3475, #849, #255 ) ;
#3312 = ORIENTED_EDGE ( 'NONE', *, *, #5732, .F. ) ;
#3313 = LINE ( 'NONE', #3958, #2851 ) ;
#3314 = LINE ( 'NONE', #655, #2030 ) ;
#3315 = DIRECTION ( 'NONE',  ( 0.000000000000000000, 0.3090169943749448977, 0.9510565162951544194 ) ) ;
#3316 = ORIENTED_EDGE ( 'NONE', *, *, #5531, .T. ) ;
#3317 = ORIENTED_EDGE ( 'NONE', *, *, #1577, .F. ) ;
#3318 = EDGE_CURVE ( 'NONE', #5069, #2814, #5855, .T. ) ;
#3319 = VERTEX_POINT ( 'NONE', #2028 ) ;
#3320 = ORIENTED_EDGE ( 'NONE', *, *, #5209, .F. ) ;
#3321 = VERTEX_POINT ( 'NONE', #8300 ) ;
#3322 = DIRECTION ( 'NONE',  ( 0.000000000000000000, 0.000000000000000000, -1.000000000000000000 ) ) ;
#3323 = CIRCLE ( 'NONE', #2644, 0.5000000000000002220 ) ;
#3324 = APPLICATION_PROTOCOL_DEFINITION ( 'international standard', 'config_control_design', 1994, #2681 ) ;
#3325 = ORIENTED_EDGE ( 'NONE', *, *, #15, .T. ) ;
#3326 = ADVANCED_FACE ( 'NONE', ( #7211 ), #3303, .T. ) ;
#3327 = CARTESIAN_POINT ( 'NONE',  ( -7.000000000000000000, 0.5414982150262744875, -0.1759434355369902669 ) ) ;
#3328 = LINE ( 'NONE', #6700, #3884 ) ;
#3329 = AXIS2_PLACEMENT_3D ( 'NONE', #3206, #8370, #5844 ) ;
#3330 = DIRECTION ( 'NONE',  ( 0.000000000000000000, 0.000000000000000000, -1.000000000000000000 ) ) ;
#3331 = EDGE_CURVE ( 'NONE', #151, #2139, #5218, .T. ) ;
#3332 = ORIENTED_EDGE ( 'NONE', *, *, #6445, .F. ) ;
#3333 = EDGE_CURVE ( 'NONE', #2261, #2809, #5086, .T. ) ;
#3334 = AXIS2_PLACEMENT_3D ( 'NONE', #5930, #3461, #7244 ) ;
#3335 = VERTEX_POINT ( 'NONE', #7128 ) ;
#3336 = CARTESIAN_POINT ( 'NONE',  ( -7.087718996171313179, 0.000000000000000000, 0.000000000000000000 ) ) ;
#3337 =( GEOMETRIC_REPRESENTATION_CONTEXT ( 3 ) GLOBAL_UNCERTAINTY_ASSIGNED_CONTEXT ( ( #7071 ) ) GLOBAL_UNIT_ASSIGNED_CONTEXT ( ( #3975, #3161, #2523 ) ) REPRESENTATION_CONTEXT ( 'NONE', 'WORKASPACE' ) );
#3338 = CARTESIAN_POINT ( 'NONE',  ( -0.2500000000000000000, 0.000000000000000000, 0.000000000000000000 ) ) ;
#3339 = EDGE_CURVE ( 'NONE', #621, #2367, #314, .T. ) ;
#3340 = AXIS2_PLACEMENT_3D ( 'NONE', #3827, #6969, #6504 ) ;
#3341 = DIRECTION ( 'NONE',  ( 0.000000000000000000, 0.2249510543438756616, -0.9743700647852328034 ) ) ;
#3342 = AXIS2_PLACEMENT_3D ( 'NONE', #6156, #2710, #7254 ) ;
#3343 = CARTESIAN_POINT ( 'NONE',  ( 0.000000000000000000, 0.000000000000000000, 0.000000000000000000 ) ) ;
#3344 = DIRECTION ( 'NONE',  ( -0.000000000000000000, -8.736275805729906965E-17, 1.000000000000000000 ) ) ;
#3345 = LOCAL_TIME ( 20, 27, 29.00000000000000000, #4100 ) ;
#3346 = FACE_OUTER_BOUND ( 'NONE', #4308, .T. ) ;
#3347 = EDGE_CURVE ( 'NONE', #1374, #4191, #3257, .T. ) ;
#3348 = DIRECTION ( 'NONE',  ( 0.8944271909999158554, 0.2628655560595660190, 0.3618033988749900787 ) ) ;
#3349 = VECTOR ( 'NONE', #3854, 39.37007874015748854 ) ;
#3350 = CARTESIAN_POINT ( 'NONE',  ( 0.2465608283438164017, 0.3797940515053815913, 4.341065872984312790 ) ) ;
#3351 = PLANE ( 'NONE',  #1796 ) ;
#3352 = ORIENTED_EDGE ( 'NONE', *, *, #1008, .T. ) ;
#3353 = LINE ( 'NONE', #1778, #8022 ) ;
#3354 = VERTEX_POINT ( 'NONE', #47 ) ;
#3355 = DIRECTION ( 'NONE',  ( -1.000000000000000000, 0.000000000000000000, 0.000000000000000000 ) ) ;
#3356 = ORIENTED_EDGE ( 'NONE', *, *, #5321, .T. ) ;
#3357 = CARTESIAN_POINT ( 'NONE',  ( -0.01701700490451273085, -1.634164925564208765E-16, 0.000000000000000000 ) ) ;
#3358 = CARTESIAN_POINT ( 'NONE',  ( -0.01701700490451290432, 0.2991598647864124327, 3.419412901395838311 ) ) ;
#3359 = CARTESIAN_POINT ( 'NONE',  ( 0.2329829950954873385, -3.766415018425690597, -0.8695454223321238407 ) ) ;
#3360 = ORIENTED_EDGE ( 'NONE', *, *, #4682, .F. ) ;
#3361 = ORIENTED_EDGE ( 'NONE', *, *, #1834, .F. ) ;
#3362 = EDGE_LOOP ( 'NONE', ( #6810, #5846, #7120, #1222 ) ) ;
#3363 = ORIENTED_EDGE ( 'NONE', *, *, #1094, .F. ) ;
#3364 = EDGE_LOOP ( 'NONE', ( #3368, #2728, #5910, #6604 ) ) ;
#3365 = CARTESIAN_POINT ( 'NONE',  ( -0.003439171656184357700, 0.000000000000000000, 0.000000000000000000 ) ) ;
#3366 = AXIS2_PLACEMENT_3D ( 'NONE', #8202, #6145, #2914 ) ;
#3367 = EDGE_CURVE ( 'NONE', #1329, #1465, #4447, .T. ) ;
#3368 = ORIENTED_EDGE ( 'NONE', *, *, #3694, .T. ) ;
#3369 = LINE ( 'NONE', #3929, #1240 ) ;
#3370 = DIRECTION ( 'NONE',  ( -1.000000000000000000, -0.000000000000000000, 0.000000000000000000 ) ) ;
#3371 = DIRECTION ( 'NONE',  ( 1.000000000000000000, 1.224646799147352714E-16, -0.000000000000000000 ) ) ;
#3372 = AXIS2_PLACEMENT_3D ( 'NONE', #3129, #5729, #4444 ) ;
#3373 = VERTEX_POINT ( 'NONE', #7168 ) ;
#3374 = ORIENTED_EDGE ( 'NONE', *, *, #3602, .F. ) ;
#3375 = DIRECTION ( 'NONE',  ( -8.797911715786014202E-17, 1.000000000000000000, 0.000000000000000000 ) ) ;
#3376 = ADVANCED_FACE ( 'NONE', ( #2669 ), #5260, .T. ) ;
#3377 = DIRECTION ( 'NONE',  ( 0.000000000000000000, 0.000000000000000000, 1.000000000000000000 ) ) ;
#3378 = VECTOR ( 'NONE', #5082, 39.37007874015748854 ) ;
#3379 = CONICAL_SURFACE ( 'NONE', #3783, 2.672096876284762335, 1.047197551196596743 ) ;
#3380 = EDGE_CURVE ( 'NONE', #2217, #973, #2539, .T. ) ;
#3381 = FACE_OUTER_BOUND ( 'NONE', #7703, .T. ) ;
#3382 = CARTESIAN_POINT ( 'NONE',  ( -0.01701700490451225553, -2.776930205825478559, -2.017557891834928174 ) ) ;
#3383 = CARTESIAN_POINT ( 'NONE',  ( 0.000000000000000000, 0.000000000000000000, 0.000000000000000000 ) ) ;
#3384 = CONICAL_SURFACE ( 'NONE', #1, 3.605109578176981522, 0.5235987755983000369 ) ;
#3385 = CARTESIAN_POINT ( 'NONE',  ( 1.549995677804209437, 3.605109578176981078, 0.000000000000000000 ) ) ;
#3386 = TOROIDAL_SURFACE ( 'NONE', #7455, 3.432474503172796343, 0.5000000000000000000 ) ;
#3387 = CARTESIAN_POINT ( 'NONE',  ( -0.2500000000000000000, -2.665803124484947606, 1.972114853420167124 ) ) ;
#3388 = CIRCLE ( 'NONE', #5557, 0.4999999999999999445 ) ;
#3389 = ADVANCED_FACE ( 'NONE', ( #3346 ), #5045, .T. ) ;
#3390 = AXIS2_PLACEMENT_3D ( 'NONE', #1178, #3121, #587 ) ;
#3391 = LINE ( 'NONE', #2715, #7578 ) ;
#3392 = EDGE_CURVE ( 'NONE', #7230, #621, #2707, .T. ) ;
#3393 = EDGE_CURVE ( 'NONE', #5208, #4849, #6133, .T. ) ;
#3394 = LINE ( 'NONE', #5991, #4243 ) ;
#3395 = ORIENTED_EDGE ( 'NONE', *, *, #4369, .T. ) ;
#3396 = AXIS2_PLACEMENT_3D ( 'NONE', #2342, #1147, #3056 ) ;
#3397 = CARTESIAN_POINT ( 'NONE',  ( 0.000000000000000000, 1.390576474687311936, -4.279754323328175403 ) ) ;
#3398 = VERTEX_POINT ( 'NONE', #8047 ) ;
#3399 = CARTESIAN_POINT ( 'NONE',  ( -0.2406238026544916253, -1.908004274696309122E-16, 0.000000000000000000 ) ) ;
#3400 = CARTESIAN_POINT ( 'NONE',  ( -4.750000000000000000, 0.2499999999999999167, -0.9682458365518540333 ) ) ;
#3401 = EDGE_CURVE ( 'NONE', #4231, #1502, #8283, .T. ) ;
#3402 = ORIENTED_EDGE ( 'NONE', *, *, #187, .F. ) ;
#3403 = VECTOR ( 'NONE', #7924, 39.37007874015748143 ) ;
#3404 = CARTESIAN_POINT ( 'NONE',  ( -4.750000000000000000, 0.9635254915624213989, -0.2676165673298168124 ) ) ;
#3405 = FACE_OUTER_BOUND ( 'NONE', #77, .T. ) ;
#3406 = CARTESIAN_POINT ( 'NONE',  ( 0.000000000000000000, 0.000000000000000000, 0.000000000000000000 ) ) ;
#3407 = ORIENTED_EDGE ( 'NONE', *, *, #4730, .T. ) ;
#3408 = VERTEX_POINT ( 'NONE', #4703 ) ;
#3409 = AXIS2_PLACEMENT_3D ( 'NONE', #6527, #1384, #5247 ) ;
#3410 = EDGE_LOOP ( 'NONE', ( #92, #2143, #6210, #2479 ) ) ;
#3411 = ORIENTED_EDGE ( 'NONE', *, *, #5739, .T. ) ;
#3412 = ORIENTED_EDGE ( 'NONE', *, *, #292, .F. ) ;
#3413 = CARTESIAN_POINT ( 'NONE',  ( 1.549995677804208993, 2.037135174767909618, 2.343455946291661984 ) ) ;
#3414 = CIRCLE ( 'NONE', #8149, 3.605109578176981078 ) ;
#3415 = AXIS2_PLACEMENT_3D ( 'NONE', #4291, #3643, #6239 ) ;
#3416 = APPROVAL_STATUS ( 'not_yet_approved' ) ;
#3417 = VECTOR ( 'NONE', #1278, 39.37007874015748143 ) ;
#3418 = VERTEX_POINT ( 'NONE', #7927 ) ;
#3419 = DIRECTION ( 'NONE',  ( 0.000000000000000000, -0.8090169943749531134, 0.5877852522924653655 ) ) ;
#3420 = LINE ( 'NONE', #72, #1447 ) ;
#3421 = FACE_OUTER_BOUND ( 'NONE', #1056, .T. ) ;
#3422 = VECTOR ( 'NONE', #4663, 39.37007874015748143 ) ;
#3423 = ORIENTED_EDGE ( 'NONE', *, *, #2767, .T. ) ;
#3424 = ORIENTED_EDGE ( 'NONE', *, *, #32, .F. ) ;
#3425 = LINE ( 'NONE', #2832, #4101 ) ;
#3426 = AXIS2_PLACEMENT_3D ( 'NONE', #2760, #7973, #7301 ) ;
#3427 = CARTESIAN_POINT ( 'NONE',  ( -0.2500000000000000000, 0.3750000000000001110, -3.294710654001981709 ) ) ;
#3428 = CARTESIAN_POINT ( 'NONE',  ( 0.2465608283438172066, 0.000000000000000000, 0.000000000000000000 ) ) ;
#3429 = CARTESIAN_POINT ( 'NONE',  ( -0.01701700490451222084, 2.767316772863989360, -2.030723785638255841 ) ) ;
#3430 = VECTOR ( 'NONE', #3105, 39.37007874015748143 ) ;
#3431 = FACE_OUTER_BOUND ( 'NONE', #2465, .T. ) ;
#3432 = ADVANCED_FACE ( 'NONE', ( #7969 ), #6751, .F. ) ;
#3433 = DIRECTION ( 'NONE',  ( 0.000000000000000000, 0.8660254037844327124, -0.5000000000000102141 ) ) ;
#3434 = VERTEX_POINT ( 'NONE', #4792 ) ;
#3435 = LINE ( 'NONE', #5986, #6296 ) ;
#3436 = DIRECTION ( 'NONE',  ( -0.000000000000000000, 0.9510565162951500895, 0.3090169943749582204 ) ) ;
#3437 = LINE ( 'NONE', #5441, #315 ) ;
#3438 = VERTEX_POINT ( 'NONE', #2158 ) ;
#3439 = CONICAL_SURFACE ( 'NONE', #4255, 3.605109578176981078, 0.5235987755983000369 ) ;
#3440 = FACE_BOUND ( 'NONE', #7400, .T. ) ;
#3441 = ORIENTED_EDGE ( 'NONE', *, *, #126, .F. ) ;
#3442 = CARTESIAN_POINT ( 'NONE',  ( -7.000000000000000000, 0.3346643017336342618, 0.4606258943332858791 ) ) ;
#3443 = EDGE_CURVE ( 'NONE', #8061, #7493, #579, .T. ) ;
#3444 = DIRECTION ( 'NONE',  ( 1.000000000000000000, 0.000000000000000000, 0.000000000000000000 ) ) ;
#3445 = ORIENTED_EDGE ( 'NONE', *, *, #7384, .T. ) ;
#3446 = ADVANCED_FACE ( 'NONE', ( #4030 ), #7339, .F. ) ;
#3447 = EDGE_CURVE ( 'NONE', #3570, #3319, #3758, .T. ) ;
#3448 = DIRECTION ( 'NONE',  ( 8.797911715786014202E-17, -1.000000000000000000, 0.000000000000000000 ) ) ;
#3449 = CARTESIAN_POINT ( 'NONE',  ( 0.000000000000000000, 0.000000000000000000, 0.000000000000000000 ) ) ;
#3450 = DIRECTION ( 'NONE',  ( 1.000000000000000000, 1.224646799147352714E-16, -0.000000000000000000 ) ) ;
#3451 = ORIENTED_EDGE ( 'NONE', *, *, #1105, .T. ) ;
#3452 = ORIENTED_EDGE ( 'NONE', *, *, #5664, .T. ) ;
#3453 = ORIENTED_EDGE ( 'NONE', *, *, #5476, .F. ) ;
#3454 = ORIENTED_EDGE ( 'NONE', *, *, #5726, .F. ) ;
#3455 = ORIENTED_EDGE ( 'NONE', *, *, #3744, .T. ) ;
#3456 = DIRECTION ( 'NONE',  ( 1.000000000000000000, 1.224646799147352714E-16, -0.000000000000000000 ) ) ;
#3457 = CARTESIAN_POINT ( 'NONE',  ( -0.003439171656184357700, 0.3420545078527963967, 3.909700915152902301 ) ) ;
#3458 = B_SPLINE_CURVE_WITH_KNOTS ( 'NONE', 3,
 ( #5912, #2680, #58, #6001 ),
 .UNSPECIFIED., .F., .F.,
 ( 4, 4 ),
 ( 0.05120112722577587622, 0.05904495246301454114 ),
 .UNSPECIFIED. ) ;
#3459 = ORIENTED_EDGE ( 'NONE', *, *, #1886, .T. ) ;
#3460 = FACE_OUTER_BOUND ( 'NONE', #399, .T. ) ;
#3461 = DIRECTION ( 'NONE',  ( -1.000000000000000000, 0.000000000000000000, 0.000000000000000000 ) ) ;
#3462 = FACE_OUTER_BOUND ( 'NONE', #1167, .T. ) ;
#3463 = ORIENTED_EDGE ( 'NONE', *, *, #8109, .F. ) ;
#3464 = AXIS2_PLACEMENT_3D ( 'NONE', #5552, #2999, #5600 ) ;
#3465 = ORIENTED_EDGE ( 'NONE', *, *, #6618, .T. ) ;
#3466 = LINE ( 'NONE', #3506, #7756 ) ;
#3467 = CARTESIAN_POINT ( 'NONE',  ( -7.000000000000000000, 0.5241031700295174511, -0.2224685967731426794 ) ) ;
#3468 = CARTESIAN_POINT ( 'NONE',  ( -0.2500000000000000000, 0.7500000000000001110, 0.1249999999999998335 ) ) ;
#3469 = AXIS2_PLACEMENT_3D ( 'NONE', #7791, #8326, #7705 ) ;
#3470 = PLANE ( 'NONE',  #1567 ) ;
#3471 = LINE ( 'NONE', #1432, #6191 ) ;
#3472 = DIRECTION ( 'NONE',  ( 1.000000000000000000, 1.224646799147352714E-16, -0.000000000000000000 ) ) ;
#3473 = AXIS2_PLACEMENT_3D ( 'NONE', #1416, #7195, #7318 ) ;
#3474 = EDGE_LOOP ( 'NONE', ( #1239, #3963, #1483, #858, #915, #8032, #6434, #7220, #7055, #7500, #1035, #3871, #3316, #5095, #785, #3924, #5549, #6752, #1760, #7518, #1128, #6523, #4389, #3877 ) ) ;
#3475 = CARTESIAN_POINT ( 'NONE',  ( 1.549995677804209437, 2.365164689263162145, 2.720810736403048491 ) ) ;
#3476 = EDGE_CURVE ( 'NONE', #1212, #1832, #3147, .T. ) ;
#3477 = CIRCLE ( 'NONE', #910, 4.360605680090435143 ) ;
#3478 = DIRECTION ( 'NONE',  ( 0.000000000000000000, 1.000000000000000000, 3.491481338843132961E-15 ) ) ;
#3479 = CARTESIAN_POINT ( 'NONE',  ( 0.2500000000000000000, 2.632966137197481071, -1.953156409970397966 ) ) ;
#3480 = ORIENTED_EDGE ( 'NONE', *, *, #3137, .T. ) ;
#3481 = CARTESIAN_POINT ( 'NONE',  ( -0.01701700490451243247, 0.3750000000000239808, 3.411928518438116509 ) ) ;
#3482 = DIRECTION ( 'NONE',  ( -1.000000000000000000, -0.000000000000000000, -0.000000000000000000 ) ) ;
#3483 = DIRECTION ( 'NONE',  ( 0.000000000000000000, 0.000000000000000000, 1.000000000000000000 ) ) ;
#3484 = ORIENTED_EDGE ( 'NONE', *, *, #3318, .F. ) ;
#3485 = DIRECTION ( 'NONE',  ( 0.000000000000000000, 0.8090169943749486725, -0.5877852522924713607 ) ) ;
#3486 = ADVANCED_FACE ( 'NONE', ( #6028 ), #7487, .T. ) ;
#3487 = LINE ( 'NONE', #6004, #2433 ) ;
#3488 = CARTESIAN_POINT ( 'NONE',  ( 0.2329829950954873385, 4.048882932606419680E-14, -3.865487205065014642 ) ) ;
#3489 = ORIENTED_EDGE ( 'NONE', *, *, #6350, .T. ) ;
#3490 = ADVANCED_FACE ( 'NONE', ( #1433 ), #3384, .T. ) ;
#3491 = EDGE_LOOP ( 'NONE', ( #247, #1915, #3752, #5411 ) ) ;
#3492 = ORIENTED_EDGE ( 'NONE', *, *, #6519, .T. ) ;
#3493 = EDGE_CURVE ( 'NONE', #8306, #6011, #7886, .T. ) ;
#3494 = VERTEX_POINT ( 'NONE', #2075 ) ;
#3495 = DIRECTION ( 'NONE',  ( -1.236773978361170610E-16, 1.000000000000000000, 0.000000000000000000 ) ) ;
#3496 = DIRECTION ( 'NONE',  ( -1.000000000000000000, -1.224646799147352714E-16, 0.000000000000000000 ) ) ;
#3497 = EDGE_CURVE ( 'NONE', #4593, #312, #1089, .T. ) ;
#3498 = EDGE_LOOP ( 'NONE', ( #3537, #7732, #5487, #8371 ) ) ;
#3499 = CARTESIAN_POINT ( 'NONE',  ( -7.000000000000000888, -0.000000000000000000, 0.000000000000000000 ) ) ;
#3500 = FACE_OUTER_BOUND ( 'NONE', #3808, .T. ) ;
#3501 = AXIS2_PLACEMENT_3D ( 'NONE', #3528, #6124, #8065 ) ;
#3502 = LINE ( 'NONE', #4733, #6376 ) ;
#3503 = EDGE_CURVE ( 'NONE', #1854, #7901, #1475, .T. ) ;
#3504 = VERTEX_POINT ( 'NONE', #5983 ) ;
#3505 = ORIENTED_EDGE ( 'NONE', *, *, #2823, .F. ) ;
#3506 = CARTESIAN_POINT ( 'NONE',  ( -7.000000000000000000, -0.5547721316411171610, -0.1280792385188619653 ) ) ;
#3507 = CARTESIAN_POINT ( 'NONE',  ( -4.750000000000000000, 0.000000000000000000, 0.000000000000000000 ) ) ;
#3508 = DIRECTION ( 'NONE',  ( 1.000000000000000000, 0.000000000000000000, 0.000000000000000000 ) ) ;
#3509 = CARTESIAN_POINT ( 'NONE',  ( 1.549995677804209437, 3.591391047819677773, -0.3142060029727121173 ) ) ;
#3510 = CARTESIAN_POINT ( 'NONE',  ( -0.2482449321572029743, 0.000000000000000000, 0.000000000000000000 ) ) ;
#3511 = ORIENTED_EDGE ( 'NONE', *, *, #834, .F. ) ;
#3512 = CARTESIAN_POINT ( 'NONE',  ( 0.000000000000000000, 0.000000000000000000, 0.000000000000000000 ) ) ;
#3513 = AXIS2_PLACEMENT_3D ( 'NONE', #5124, #1775, #552 ) ;
#3514 = DIRECTION ( 'NONE',  ( 1.000000000000000000, 0.000000000000000000, 0.000000000000000000 ) ) ;
#3515 = FACE_OUTER_BOUND ( 'NONE', #7426, .T. ) ;
#3516 = AXIS2_PLACEMENT_3D ( 'NONE', #3720, #5554, #2326 ) ;
#3517 = ORIENTED_EDGE ( 'NONE', *, *, #3503, .F. ) ;
#3518 = DIRECTION ( 'NONE',  ( 1.000000000000000000, 0.000000000000000000, 0.000000000000000000 ) ) ;
#3519 = DIRECTION ( 'NONE',  ( -1.022361134399654570E-16, 1.000000000000000000, 0.000000000000000000 ) ) ;
#3520 = CARTESIAN_POINT ( 'NONE',  ( 0.2329829950954878659, -3.127244840436527173, 2.272076372062448613 ) ) ;
#3521 = AXIS2_PLACEMENT_3D ( 'NONE', #3449, #3999, #4173 ) ;
#3522 = VERTEX_POINT ( 'NONE', #5349 ) ;
#3523 = AXIS2_PLACEMENT_3D ( 'NONE', #7959, #7200, #6573 ) ;
#3524 = DIRECTION ( 'NONE',  ( 0.000000000000000000, 0.08715574274765497398, 0.9961946980917458783 ) ) ;
#3525 = VECTOR ( 'NONE', #6330, 39.37007874015748854 ) ;
#3526 = CARTESIAN_POINT ( 'NONE',  ( -0.2482449321572040568, -0.9809228453142077031, 4.248843639012577889 ) ) ;
#3527 = EDGE_LOOP ( 'NONE', ( #5462, #1814, #6954, #1547 ) ) ;
#3528 = CARTESIAN_POINT ( 'NONE',  ( 0.2500000000000000000, 0.000000000000000000, 0.000000000000000000 ) ) ;
#3529 = EDGE_CURVE ( 'NONE', #7987, #8064, #2114, .T. ) ;
#3530 = ORIENTED_EDGE ( 'NONE', *, *, #3115, .T. ) ;
#3531 = CIRCLE ( 'NONE', #699, 4.357648039384080185 ) ;
#3532 = ORIENTED_EDGE ( 'NONE', *, *, #1988, .T. ) ;
#3533 = CARTESIAN_POINT ( 'NONE',  ( 1.549995677804209437, 2.916594915329103532, -2.119030242950729725 ) ) ;
#3534 = ADVANCED_FACE ( 'NONE', ( #6710 ), #4745, .T. ) ;
#3535 = DIRECTION ( 'NONE',  ( -0.000000000000000000, -0.7547095802227733463, 0.6560590289905058325 ) ) ;
#3536 = CIRCLE ( 'NONE', #7746, 3.105109578176981078 ) ;
#3537 = ORIENTED_EDGE ( 'NONE', *, *, #7125, .F. ) ;
#3538 = DIRECTION ( 'NONE',  ( 0.000000000000000000, -0.8660254037844388186, 0.4999999999999997224 ) ) ;
#3539 = DIRECTION ( 'NONE',  ( 0.000000000000000000, 0.000000000000000000, 1.000000000000000000 ) ) ;
#3540 = EDGE_CURVE ( 'NONE', #6484, #2599, #7991, .T. ) ;
#3541 = ORIENTED_EDGE ( 'NONE', *, *, #6277, .T. ) ;
#3542 = CARTESIAN_POINT ( 'NONE',  ( 1.549995677804209437, 0.000000000000000000, 0.000000000000000000 ) ) ;
#3543 = ORIENTED_EDGE ( 'NONE', *, *, #7434, .T. ) ;
#3544 = TOROIDAL_SURFACE ( 'NONE', #6390, 3.432474503172796343, 0.5000000000000000000 ) ;
#3545 = ORIENTED_EDGE ( 'NONE', *, *, #3997, .T. ) ;
#3546 = CARTESIAN_POINT ( 'NONE',  ( 1.549995677804209437, -3.591391047819677773, 0.3142060029727121173 ) ) ;
#3547 = EDGE_CURVE ( 'NONE', #533, #3601, #2960, .T. ) ;
#3548 = EDGE_CURVE ( 'NONE', #6479, #7563, #1896, .T. ) ;
#3549 = LINE ( 'NONE', #6022, #4303 ) ;
#3550 = VECTOR ( 'NONE', #3866, 39.37007874015748143 ) ;
#3551 = CARTESIAN_POINT ( 'NONE',  ( 1.549995677804209437, 1.825137616804562324, -2.512086418141579625 ) ) ;
#3552 = CIRCLE ( 'NONE', #8282, 3.865487205065014198 ) ;
#3553 = CIRCLE ( 'NONE', #5599, 0.4999999999999995004 ) ;
#3554 = LINE ( 'NONE', #4915, #760 ) ;
#3555 = CARTESIAN_POINT ( 'NONE',  ( 1.549995677804209437, 1.114040126240624096, -3.428662956283277996 ) ) ;
#3556 = CONICAL_SURFACE ( 'NONE', #2608, 4.500000000000000000, 0.5116441634306432285 ) ;
#3557 = ORIENTED_EDGE ( 'NONE', *, *, #8060, .T. ) ;
#3558 = LINE ( 'NONE', #2118, #3178 ) ;
#3559 = CARTESIAN_POINT ( 'NONE',  ( -5.250000000000000000, 0.000000000000000000, 0.000000000000000000 ) ) ;
#3560 = AXIS2_PLACEMENT_3D ( 'NONE', #3962, #5914, #4553 ) ;
#3561 = DIRECTION ( 'NONE',  ( 0.000000000000000000, 1.000000000000000000, 3.491481338843133355E-15 ) ) ;
#3562 = VERTEX_POINT ( 'NONE', #7543 ) ;
#3563 = FACE_OUTER_BOUND ( 'NONE', #1118, .T. ) ;
#3564 = DIRECTION ( 'NONE',  ( 0.000000000000000000, 0.000000000000000000, -1.000000000000000000 ) ) ;
#3565 = FACE_OUTER_BOUND ( 'NONE', #8193, .T. ) ;
#3566 = ORIENTED_EDGE ( 'NONE', *, *, #5109, .T. ) ;
#3567 = DIRECTION ( 'NONE',  ( -1.000000000000000000, -0.000000000000000000, -0.000000000000000000 ) ) ;
#3568 = AXIS2_PLACEMENT_3D ( 'NONE', #1170, #6436, #7026 ) ;
#3569 = DIRECTION ( 'NONE',  ( 1.000000000000000000, -0.000000000000000000, -0.000000000000000000 ) ) ;
#3570 = VERTEX_POINT ( 'NONE', #2284 ) ;
#3571 = CARTESIAN_POINT ( 'NONE',  ( -7.000000000000000888, 0.000000000000000000, 0.000000000000000000 ) ) ;
#3572 = ORIENTED_EDGE ( 'NONE', *, *, #2771, .F. ) ;
#3573 = VERTEX_POINT ( 'NONE', #3555 ) ;
#3574 = LINE ( 'NONE', #6211, #2798 ) ;
#3575 = CARTESIAN_POINT ( 'NONE',  ( -5.250000000000000000, -1.010856956957004282, 0.8722936708061450606 ) ) ;
#3576 = EDGE_CURVE ( 'NONE', #1319, #7901, #7182, .T. ) ;
#3577 = DIRECTION ( 'NONE',  ( 0.000000000000000000, 0.000000000000000000, -1.000000000000000000 ) ) ;
#3578 = EDGE_LOOP ( 'NONE', ( #1333, #5656, #6170, #1839, #5355, #2067, #2955, #2395 ) ) ;
#3579 = DIRECTION ( 'NONE',  ( -1.000000000000000000, 0.000000000000000000, 0.000000000000000000 ) ) ;
#3580 = CARTESIAN_POINT ( 'NONE',  ( -0.2500000000000000000, -3.040803124484951159, 1.322595800581839676 ) ) ;
#3581 = ORIENTED_EDGE ( 'NONE', *, *, #8053, .F. ) ;
#3582 = DIRECTION ( 'NONE',  ( 0.000000000000000000, 0.8660254037844431485, 0.4999999999999920619 ) ) ;
#3583 = EDGE_LOOP ( 'NONE', ( #7816, #1723, #1411, #4904 ) ) ;
#3584 = CIRCLE ( 'NONE', #4138, 3.105109578176981522 ) ;
#3585 = VERTEX_POINT ( 'NONE', #4355 ) ;
#3586 = DIRECTION ( 'NONE',  ( -1.000000000000000000, -1.224646799147352714E-16, 0.000000000000000000 ) ) ;
#3587 = DIRECTION ( 'NONE',  ( 0.000000000000000000, 0.8660254037844327124, -0.5000000000000102141 ) ) ;
#3588 = EDGE_CURVE ( 'NONE', #6316, #3159, #6951, .T. ) ;
#3589 = FACE_OUTER_BOUND ( 'NONE', #6991, .T. ) ;
#3590 = CARTESIAN_POINT ( 'NONE',  ( -0.2482449321572029743, 1.703824378278462559, 4.013958692515530835 ) ) ;
#3591 = EDGE_CURVE ( 'NONE', #3398, #3163, #1491, .T. ) ;
#3592 = EDGE_CURVE ( 'NONE', #4555, #7603, #1732, .T. ) ;
#3593 = DIRECTION ( 'NONE',  ( 1.000000000000000000, 0.000000000000000000, 0.000000000000000000 ) ) ;
#3594 = EDGE_CURVE ( 'NONE', #7201, #151, #7721, .T. ) ;
#3595 = ORIENTED_EDGE ( 'NONE', *, *, #396, .T. ) ;
#3596 = CARTESIAN_POINT ( 'NONE',  ( 5.651087907391154571E-17, 0.3486229709906195073, 3.984778792366983069 ) ) ;
#3597 = CONICAL_SURFACE ( 'NONE', #8327, 3.105109578176981078, 0.5235987755983000369 ) ;
#3598 = B_SPLINE_CURVE_WITH_KNOTS ( 'NONE', 3,
 ( #4404, #1817, #5605, #265 ),
 .UNSPECIFIED., .F., .F.,
 ( 4, 4 ),
 ( 2.312885587404742822E-07, 0.007844056937228290061 ),
 .UNSPECIFIED. ) ;
#3599 = CARTESIAN_POINT ( 'NONE',  ( 0.2500000000000000000, -1.292839910290871197, 1.179434172117754587 ) ) ;
#3600 = DIRECTION ( 'NONE',  ( 0.000000000000000000, 0.000000000000000000, -1.000000000000000000 ) ) ;
#3601 = VERTEX_POINT ( 'NONE', #3632 ) ;
#3602 = EDGE_CURVE ( 'NONE', #6020, #4311, #6227, .T. ) ;
#3603 = DIRECTION ( 'NONE',  ( 1.000000000000000000, 0.000000000000000000, 0.000000000000000000 ) ) ;
#3604 = CARTESIAN_POINT ( 'NONE',  ( 0.2329829950954876161, -1.194501237904023183, 3.676296795032618192 ) ) ;
#3605 = AXIS2_PLACEMENT_3D ( 'NONE', #7867, #3456, #4007 ) ;
#3606 = DIRECTION ( 'NONE',  ( 1.000000000000000000, 1.224646799147352714E-16, -0.000000000000000000 ) ) ;
#3607 = ORIENTED_EDGE ( 'NONE', *, *, #7625, .F. ) ;
#3608 = AXIS2_PLACEMENT_3D ( 'NONE', #5970, #4732, #7325 ) ;
#3609 = TOROIDAL_SURFACE ( 'NONE', #6472, 3.432474503172795455, 0.5000000000000000000 ) ;
#3610 = CARTESIAN_POINT ( 'NONE',  ( -4.750000000000000000, 0.000000000000000000, 0.000000000000000000 ) ) ;
#3611 = LINE ( 'NONE', #7641, #2194 ) ;
#3612 = ORIENTED_EDGE ( 'NONE', *, *, #4327, .T. ) ;
#3613 = DIRECTION ( 'NONE',  ( 0.000000000000000000, -0.8660254037844431485, -0.4999999999999920619 ) ) ;
#3614 = CIRCLE ( 'NONE', #7279, 0.5000000000000001110 ) ;
#3615 = VERTEX_POINT ( 'NONE', #5677 ) ;
#3616 = VERTEX_POINT ( 'NONE', #420 ) ;
#3617 = CARTESIAN_POINT ( 'NONE',  ( 1.549995677804209659, 2.848721405383343027E-17, 0.000000000000000000 ) ) ;
#3618 = DIRECTION ( 'NONE',  ( 0.000000000000000000, -0.8660254037844385966, -0.5000000000000001110 ) ) ;
#3619 = AXIS2_PLACEMENT_3D ( 'NONE', #719, #1342, #1267 ) ;
#3620 = LINE ( 'NONE', #6978, #7902 ) ;
#3621 = ORIENTED_EDGE ( 'NONE', *, *, #8100, .T. ) ;
#3622 = FACE_OUTER_BOUND ( 'NONE', #5288, .T. ) ;
#3623 = FACE_OUTER_BOUND ( 'NONE', #5068, .T. ) ;
#3624 = VERTEX_POINT ( 'NONE', #4916 ) ;
#3625 = DIRECTION ( 'NONE',  ( 1.000000000000000000, 0.000000000000000000, 0.000000000000000000 ) ) ;
#3626 = ORIENTED_EDGE ( 'NONE', *, *, #5927, .F. ) ;
#3627 = EDGE_CURVE ( 'NONE', #2435, #8073, #6645, .T. ) ;
#3628 = ORIENTED_EDGE ( 'NONE', *, *, #6352, .T. ) ;
#3629 = DIRECTION ( 'NONE',  ( 1.000000000000000000, 1.224646799147352714E-16, -0.000000000000000000 ) ) ;
#3630 = DIRECTION ( 'NONE',  ( 0.000000000000000000, 0.8090169943749486725, -0.5877852522924714718 ) ) ;
#3631 = CARTESIAN_POINT ( 'NONE',  ( 1.549995677804209437, -1.825137616804507479, -2.512086418141619593 ) ) ;
#3632 = CARTESIAN_POINT ( 'NONE',  ( 1.549995677804209437, -0.9595316290531245018, 2.953134698135709613 ) ) ;
#3633 = EDGE_CURVE ( 'NONE', #5331, #5069, #6517, .T. ) ;
#3634 = VERTEX_POINT ( 'NONE', #1651 ) ;
#3635 = DIRECTION ( 'NONE',  ( 1.000000000000000000, 0.000000000000000000, 0.000000000000000000 ) ) ;
#3636 = FACE_OUTER_BOUND ( 'NONE', #6357, .T. ) ;
#3637 = AXIS2_PLACEMENT_3D ( 'NONE', #8124, #6946, #2280 ) ;
#3638 = CC_DESIGN_PERSON_AND_ORGANIZATION_ASSIGNMENT ( #1296, #3885, ( #7005 ) ) ;
#3639 = DIRECTION ( 'NONE',  ( 0.000000000000000000, -0.5877852522924656986, -0.8090169943749527803 ) ) ;
#3640 = CARTESIAN_POINT ( 'NONE',  ( 1.549995677804209437, 0.000000000000000000, 0.000000000000000000 ) ) ;
#3641 = CARTESIAN_POINT ( 'NONE',  ( 1.549995677804209659, 2.848721405383343027E-17, 0.000000000000000000 ) ) ;
#3642 = DIRECTION ( 'NONE',  ( -0.000000000000000000, -0.8660254037844431485, -0.4999999999999919509 ) ) ;
#3643 = DIRECTION ( 'NONE',  ( -1.000000000000000000, -1.224646799147352714E-16, 0.000000000000000000 ) ) ;
#3644 = VERTEX_POINT ( 'NONE', #1692 ) ;
#3645 = ADVANCED_FACE ( 'NONE', ( #8245 ), #2429, .T. ) ;
#3646 = AXIS2_PLACEMENT_3D ( 'NONE', #8378, #3725, #8335 ) ;
#3647 = EDGE_CURVE ( 'NONE', #2445, #1747, #6367, .T. ) ;
#3648 = ADVANCED_FACE ( 'NONE', ( #2403 ), #1015, .F. ) ;
#3649 = LINE ( 'NONE', #5488, #819 ) ;
#3650 = CARTESIAN_POINT ( 'NONE',  ( 1.549995677804209659, 2.848721405383343027E-17, 0.000000000000000000 ) ) ;
#3651 = ORIENTED_EDGE ( 'NONE', *, *, #2972, .F. ) ;
#3652 = EDGE_CURVE ( 'NONE', #6861, #4819, #6905, .T. ) ;
#3653 = AXIS2_PLACEMENT_3D ( 'NONE', #6687, #1409, #1582 ) ;
#3654 = FACE_OUTER_BOUND ( 'NONE', #6981, .T. ) ;
#3655 = ORIENTED_EDGE ( 'NONE', *, *, #4950, .F. ) ;
#3656 = AXIS2_PLACEMENT_3D ( 'NONE', #711, #3763, #6529 ) ;
#3657 = AXIS2_PLACEMENT_3D ( 'NONE', #1183, #3127, #1695 ) ;
#3658 = ORIENTED_EDGE ( 'NONE', *, *, #5207, .F. ) ;
#3659 = CARTESIAN_POINT ( 'NONE',  ( -7.000000000000000000, -0.4606258943332871003, 0.3346643017336327075 ) ) ;
#3660 = VECTOR ( 'NONE', #3181, 39.37007874015748143 ) ;
#3661 = CARTESIAN_POINT ( 'NONE',  ( -7.000000000000000888, 0.000000000000000000, 0.000000000000000000 ) ) ;
#3662 = DIRECTION ( 'NONE',  ( 0.000000000000000000, 0.9510565162951523099, 0.3090169943749516146 ) ) ;
#3663 = ORIENTED_EDGE ( 'NONE', *, *, #747, .T. ) ;
#3664 = CARTESIAN_POINT ( 'NONE',  ( -7.000000000000000000, 0.5241031700295174511, -0.2224685967731426794 ) ) ;
#3665 = FACE_OUTER_BOUND ( 'NONE', #7945, .T. ) ;
#3666 = AXIS2_PLACEMENT_3D ( 'NONE', #4708, #5308, #2841 ) ;
#3667 = ORIENTED_EDGE ( 'NONE', *, *, #6289, .F. ) ;
#3668 = LINE ( 'NONE', #6778, #1295 ) ;
#3669 = ORIENTED_EDGE ( 'NONE', *, *, #1875, .F. ) ;
#3670 = EDGE_LOOP ( 'NONE', ( #783, #2225, #7119, #1293 ) ) ;
#3671 = CYLINDRICAL_SURFACE ( 'NONE', #457, 0.1250000000000000278 ) ;
#3672 = AXIS2_PLACEMENT_3D ( 'NONE', #7458, #5635, #2364 ) ;
#3673 = DIRECTION ( 'NONE',  ( 1.000000000000000000, 0.000000000000000000, 0.000000000000000000 ) ) ;
#3674 = DIRECTION ( 'NONE',  ( 0.000000000000000000, -0.9510565162951545304, 0.3090169943749447312 ) ) ;
#3675 = DIRECTION ( 'NONE',  ( 1.000000000000000000, 1.224646799147352714E-16, -0.000000000000000000 ) ) ;
#3676 = AXIS2_PLACEMENT_3D ( 'NONE', #3291, #5338, #5418 ) ;
#3677 = VERTEX_POINT ( 'NONE', #1095 ) ;
#3678 = ORIENTED_EDGE ( 'NONE', *, *, #7485, .F. ) ;
#3679 = CARTESIAN_POINT ( 'NONE',  ( -5.250000000000000000, -1.010856956957003838, -0.8722936708061450606 ) ) ;
#3680 = VECTOR ( 'NONE', #1618, 39.37007874015748854 ) ;
#3681 = CARTESIAN_POINT ( 'NONE',  ( -0.01701700490451252615, 2.767316772864032437, 2.030723785638198109 ) ) ;
#3682 = VECTOR ( 'NONE', #3868, 39.37007874015748143 ) ;
#3683 = DIRECTION ( 'NONE',  ( 1.000000000000000000, 0.000000000000000000, 0.000000000000000000 ) ) ;
#3684 = AXIS2_PLACEMENT_3D ( 'NONE', #1803, #1757, #5150 ) ;
#3685 = EDGE_CURVE ( 'NONE', #4171, #3144, #415, .T. ) ;
#3686 = FACE_OUTER_BOUND ( 'NONE', #100, .T. ) ;
#3687 = AXIS2_PLACEMENT_3D ( 'NONE', #4060, #4697, #837 ) ;
#3688 = AXIS2_PLACEMENT_3D ( 'NONE', #7673, #8298, #2492 ) ;
#3689 = CARTESIAN_POINT ( 'NONE',  ( 1.549995677804209437, 0.000000000000000000, 0.000000000000000000 ) ) ;
#3690 = DIRECTION ( 'NONE',  ( 0.000000000000000000, 0.8090169943749551118, -0.5877852522924624790 ) ) ;
#3691 = LINE ( 'NONE', #7554, #1658 ) ;
#3692 = CIRCLE ( 'NONE', #4776, 0.5000000000000001110 ) ;
#3693 = CARTESIAN_POINT ( 'NONE',  ( -4.750000000000000000, 0.9635254915624211769, 0.2676165673298179781 ) ) ;
#3694 = EDGE_CURVE ( 'NONE', #4110, #1164, #1338, .T. ) ;
#3695 = LINE ( 'NONE', #2939, #1788 ) ;
#3696 = VERTEX_POINT ( 'NONE', #1940 ) ;
#3697 = VERTEX_POINT ( 'NONE', #1262 ) ;
#3698 = AXIS2_PLACEMENT_3D ( 'NONE', #6021, #6101, #6616 ) ;
#3699 = CARTESIAN_POINT ( 'NONE',  ( -0.2482449321572040568, -4.013958692515536164, 1.703824378278447238 ) ) ;
#3700 = AXIS2_PLACEMENT_3D ( 'NONE', #5256, #2142, #6055 ) ;
#3701 = EDGE_CURVE ( 'NONE', #3319, #6425, #5562, .T. ) ;
#3702 = ADVANCED_FACE ( 'NONE', ( #7708 ), #1348, .T. ) ;
#3703 = ORIENTED_EDGE ( 'NONE', *, *, #5053, .T. ) ;
#3704 = ORIENTED_EDGE ( 'NONE', *, *, #5942, .T. ) ;
#3705 = EDGE_CURVE ( 'NONE', #1251, #5935, #4526, .T. ) ;
#3706 = CARTESIAN_POINT ( 'NONE',  ( 0.2500000000000000000, 2.632966137197522372, 1.953156409970342677 ) ) ;
#3707 = FACE_OUTER_BOUND ( 'NONE', #6478, .T. ) ;
#3708 = LINE ( 'NONE', #1837, #6952 ) ;
#3709 = ORIENTED_EDGE ( 'NONE', *, *, #6284, .F. ) ;
#3710 = DIRECTION ( 'NONE',  ( 0.000000000000000000, -0.9510565162951564178, 0.3090169943749383474 ) ) ;
#3711 = ORIENTED_EDGE ( 'NONE', *, *, #5530, .F. ) ;
#3712 = DIRECTION ( 'NONE',  ( 1.000000000000000000, 0.000000000000000000, 0.000000000000000000 ) ) ;
#3713 = ORIENTED_EDGE ( 'NONE', *, *, #2026, .T. ) ;
#3714 = B_SPLINE_CURVE_WITH_KNOTS ( 'NONE', 3,
 ( #6987, #2442, #7662, #5032 ),
 .UNSPECIFIED., .F., .F.,
 ( 4, 4 ),
 ( 2.224515541034981973E-07, 0.01411848006884462367 ),
 .UNSPECIFIED. ) ;
#3715 = VERTEX_POINT ( 'NONE', #7118 ) ;
#3716 = FACE_OUTER_BOUND ( 'NONE', #6702, .T. ) ;
#3717 = FACE_OUTER_BOUND ( 'NONE', #4558, .T. ) ;
#3718 = DIRECTION ( 'NONE',  ( 0.8944271909999157444, 0.4472135954999583163, 0.000000000000000000 ) ) ;
#3719 = AXIS2_PLACEMENT_3D ( 'NONE', #5480, #2839, #6753 ) ;
#3720 = CARTESIAN_POINT ( 'NONE',  ( 1.549995677804209437, 0.000000000000000000, 0.000000000000000000 ) ) ;
#3721 = ORIENTED_EDGE ( 'NONE', *, *, #7893, .F. ) ;
#3722 = ORIENTED_EDGE ( 'NONE', *, *, #7545, .T. ) ;
#3723 = CARTESIAN_POINT ( 'NONE',  ( 0.000000000000000000, 2.645033635316121234, 3.640576474687269304 ) ) ;
#3724 = CARTESIAN_POINT ( 'NONE',  ( 0.000000000000000000, 0.000000000000000000, 0.000000000000000000 ) ) ;
#3725 = DIRECTION ( 'NONE',  ( 1.000000000000000000, 1.224646799147352714E-16, -0.000000000000000000 ) ) ;
#3726 = DIRECTION ( 'NONE',  ( -1.000000000000000000, -0.000000000000000000, 0.000000000000000000 ) ) ;
#3727 = CARTESIAN_POINT ( 'NONE',  ( -0.01701700490451218614, -1.634164925564208026E-16, 0.000000000000000000 ) ) ;
#3728 = DIRECTION ( 'NONE',  ( -8.797911715786014202E-17, 1.000000000000000000, 0.000000000000000000 ) ) ;
#3729 = EDGE_CURVE ( 'NONE', #1330, #2006, #5832, .T. ) ;
#3730 = AXIS2_PLACEMENT_3D ( 'NONE', #2325, #6950, #4196 ) ;
#3731 = FACE_OUTER_BOUND ( 'NONE', #8365, .T. ) ;
#3732 = FACE_OUTER_BOUND ( 'NONE', #1451, .T. ) ;
#3733 = VERTEX_POINT ( 'NONE', #667 ) ;
#3734 = ORIENTED_EDGE ( 'NONE', *, *, #4457, .T. ) ;
#3735 = CYLINDRICAL_SURFACE ( 'NONE', #5672, 0.2500000000000000000 ) ;
#3736 = ORIENTED_EDGE ( 'NONE', *, *, #6455, .T. ) ;
#3737 = VECTOR ( 'NONE', #4857, 39.37007874015748143 ) ;
#3738 = EDGE_LOOP ( 'NONE', ( #5950, #5027, #241, #6085 ) ) ;
#3739 = CIRCLE ( 'NONE', #6747, 3.432474503172796343 ) ;
#3740 = EDGE_CURVE ( 'NONE', #870, #8151, #6487, .T. ) ;
#3741 = LINE ( 'NONE', #3832, #5437 ) ;
#3742 = CARTESIAN_POINT ( 'NONE',  ( -7.000000000000000000, 0.2224685967731481195, 0.5241031700295153417 ) ) ;
#3743 = CIRCLE ( 'NONE', #8272, 3.879688098672754215 ) ;
#3744 = EDGE_CURVE ( 'NONE', #7149, #3086, #7581, .T. ) ;
#3745 = CARTESIAN_POINT ( 'NONE',  ( 5.651087907391154571E-17, 2.624236115962023330, 3.018838320891092941 ) ) ;
#3746 = ORIENTED_EDGE ( 'NONE', *, *, #8350, .F. ) ;
#3747 = CC_DESIGN_SECURITY_CLASSIFICATION ( #4835, ( #7005 ) ) ;
#3748 = EDGE_CURVE ( 'NONE', #646, #1502, #7794, .T. ) ;
#3749 = CARTESIAN_POINT ( 'NONE',  ( 0.000000000000000000, 0.000000000000000000, 0.000000000000000000 ) ) ;
#3750 = ORIENTED_EDGE ( 'NONE', *, *, #1466, .T. ) ;
#3751 = CARTESIAN_POINT ( 'NONE',  ( -0.01701700490451184614, -2.767316772864018226, -2.030723785638217649 ) ) ;
#3752 = ORIENTED_EDGE ( 'NONE', *, *, #4221, .F. ) ;
#3753 = ORIENTED_EDGE ( 'NONE', *, *, #2249, .T. ) ;
#3754 = DIRECTION ( 'NONE',  ( 0.8660254037844379305, -0.4045084971874782775, 0.2938926261462317946 ) ) ;
#3755 = CIRCLE ( 'NONE', #649, 3.605109578176981078 ) ;
#3756 = EDGE_CURVE ( 'NONE', #5935, #4957, #6102, .T. ) ;
#3757 = EDGE_CURVE ( 'NONE', #5252, #4144, #5080, .T. ) ;
#3758 = B_SPLINE_CURVE_WITH_KNOTS ( 'NONE', 3,
 ( #6663, #4156, #930, #2882 ),
 .UNSPECIFIED., .F., .F.,
 ( 4, 4 ),
 ( 2.238767480287745820E-07, 0.006624761241211894920 ),
 .UNSPECIFIED. ) ;
#3759 = ORIENTED_EDGE ( 'NONE', *, *, #4845, .F. ) ;
#3760 = LINE ( 'NONE', #1298, #7202 ) ;
#3761 = EDGE_CURVE ( 'NONE', #2222, #5612, #5691, .T. ) ;
#3762 = CARTESIAN_POINT ( 'NONE',  ( 0.2465608283438172066, 0.000000000000000000, 0.000000000000000000 ) ) ;
#3763 = DIRECTION ( 'NONE',  ( 1.000000000000000000, 0.000000000000000000, 0.000000000000000000 ) ) ;
#3764 = ORIENTED_EDGE ( 'NONE', *, *, #6659, .F. ) ;
#3765 = ORIENTED_EDGE ( 'NONE', *, *, #2245, .F. ) ;
#3766 = CARTESIAN_POINT ( 'NONE',  ( 0.2465608283438161796, -4.144369563577038562, 1.346587299674323779 ) ) ;
#3767 = LINE ( 'NONE', #4283, #2 ) ;
#3768 = CARTESIAN_POINT ( 'NONE',  ( 1.549995677804209437, 0.000000000000000000, 0.000000000000000000 ) ) ;
#3769 = PLANE ( 'NONE',  #5984 ) ;
#3770 = DIRECTION ( 'NONE',  ( -3.552469519886065614E-15, 0.8090169943749467851, 0.5877852522924741363 ) ) ;
#3771 = DIRECTION ( 'NONE',  ( 1.000000000000000000, 1.224646799147352714E-16, -0.000000000000000000 ) ) ;
#3772 = AXIS2_PLACEMENT_3D ( 'NONE', #6424, #3909, #8267 ) ;
#3773 = LINE ( 'NONE', #7681, #3253 ) ;
#3774 = CARTESIAN_POINT ( 'NONE',  ( 1.549995677804209437, 3.428662956283289986, 1.114040126240587902 ) ) ;
#3775 = ORIENTED_EDGE ( 'NONE', *, *, #4128, .T. ) ;
#3776 = ORIENTED_EDGE ( 'NONE', *, *, #4641, .F. ) ;
#3777 = DIRECTION ( 'NONE',  ( 0.000000000000000000, 0.000000000000000000, 1.000000000000000000 ) ) ;
#3778 = ORIENTED_EDGE ( 'NONE', *, *, #4067, .T. ) ;
#3779 = VERTEX_POINT ( 'NONE', #1853 ) ;
#3780 = CARTESIAN_POINT ( 'NONE',  ( 1.549995677804209437, 2.512086418141599609, 1.825137616804535234 ) ) ;
#3781 = CARTESIAN_POINT ( 'NONE',  ( -0.2499999999999998057, -1.004130275249512522E-15, -1.015226993466433575E-15 ) ) ;
#3782 = CIRCLE ( 'NONE', #3513, 0.4999999999999998890 ) ;
#3783 = AXIS2_PLACEMENT_3D ( 'NONE', #7553, #938, #3519 ) ;
#3784 = DIRECTION ( 'NONE',  ( -1.000000000000000000, 0.000000000000000000, 0.000000000000000000 ) ) ;
#3785 = ORIENTED_EDGE ( 'NONE', *, *, #1161, .F. ) ;
#3786 = EDGE_CURVE ( 'NONE', #8064, #7053, #6784, .T. ) ;
#3787 = VECTOR ( 'NONE', #3433, 39.37007874015748854 ) ;
#3788 = AXIS2_PLACEMENT_3D ( 'NONE', #5954, #691, #97 ) ;
#3789 = DIRECTION ( 'NONE',  ( -1.000000000000000000, -0.000000000000000000, 0.000000000000000000 ) ) ;
#3790 = ORIENTED_EDGE ( 'NONE', *, *, #8302, .F. ) ;
#3791 = CIRCLE ( 'NONE', #4881, 4.357648039384080185 ) ;
#3792 = ORIENTED_EDGE ( 'NONE', *, *, #3120, .F. ) ;
#3793 = DIMENSIONAL_EXPONENTS ( 1.000000000000000000, 0.000000000000000000, 0.000000000000000000, 0.000000000000000000, 0.000000000000000000, 0.000000000000000000, 0.000000000000000000 ) ;
#3794 = ORIENTED_EDGE ( 'NONE', *, *, #2202, .F. ) ;
#3795 = CARTESIAN_POINT ( 'NONE',  ( -0.01701700490451214104, 3.142316772864025776, 1.381204732799865553 ) ) ;
#3796 = VECTOR ( 'NONE', #6701, 39.37007874015748143 ) ;
#3797 = MECHANICAL_CONTEXT ( 'NONE', #519, 'mechanical' ) ;
#3798 = AXIS2_PLACEMENT_3D ( 'NONE', #7475, #2938, #4374 ) ;
#3799 = ORIENTED_EDGE ( 'NONE', *, *, #5202, .F. ) ;
#3800 = ADVANCED_FACE ( 'NONE', ( #73 ), #2706, .T. ) ;
#3801 = CARTESIAN_POINT ( 'NONE',  ( 0.2329829950954873385, -3.313369233464113606, -1.990873088686159864 ) ) ;
#3802 = DIRECTION ( 'NONE',  ( 0.000000000000000000, 0.000000000000000000, 1.000000000000000000 ) ) ;
#3803 = DIRECTION ( 'NONE',  ( 0.8944271909999158554, -0.2933985172150527787, -0.3375163849296926588 ) ) ;
#3804 = EDGE_CURVE ( 'NONE', #7381, #3354, #1624, .T. ) ;
#3805 = ORIENTED_EDGE ( 'NONE', *, *, #4641, .T. ) ;
#3806 = EDGE_CURVE ( 'NONE', #2531, #742, #5165, .T. ) ;
#3807 = CIRCLE ( 'NONE', #1233, 3.879688098672754659 ) ;
#3808 = EDGE_LOOP ( 'NONE', ( #6260, #4971, #8036, #3234 ) ) ;
#3809 = LINE ( 'NONE', #5211, #3010 ) ;
#3810 = DIRECTION ( 'NONE',  ( 0.000000000000000000, -0.3907311284892647785, -0.9205048534524441495 ) ) ;
#3811 = EDGE_CURVE ( 'NONE', #4083, #3196, #2306, .T. ) ;
#3812 = DIRECTION ( 'NONE',  ( -7.107073296017180850E-15, 0.8571673007021117785, 0.5150380749100551547 ) ) ;
#3813 = CARTESIAN_POINT ( 'NONE',  ( 0.2465608283438172066, 0.000000000000000000, 0.000000000000000000 ) ) ;
#3814 = AXIS2_PLACEMENT_3D ( 'NONE', #1258, #1850, #5203 ) ;
#3815 = DIRECTION ( 'NONE',  ( 0.8944271909999158554, 0.3833368704919851155, 0.2303320292999025687 ) ) ;
#3816 = CARTESIAN_POINT ( 'NONE',  ( -7.000000000000000000, 0.04962342228723824744, 0.5671983121851676968 ) ) ;
#3817 = VECTOR ( 'NONE', #2807, 39.37007874015748143 ) ;
#3818 = DIRECTION ( 'NONE',  ( 0.000000000000000000, 0.9510565162951544194, -0.3090169943749447312 ) ) ;
#3819 = AXIS2_PLACEMENT_3D ( 'NONE', #3727, #4325, #4407 ) ;
#3820 = AXIS2_PLACEMENT_3D ( 'NONE', #2415, #3092, #2969 ) ;
#3821 = CARTESIAN_POINT ( 'NONE',  ( 0.2329829950954873385, 3.865487205065014642, 0.000000000000000000 ) ) ;
#3822 = VECTOR ( 'NONE', #6370, 39.37007874015748143 ) ;
#3823 = CARTESIAN_POINT ( 'NONE',  ( -0.01701700490451176634, -3.432474503172796343, 0.000000000000000000 ) ) ;
#3824 = VERTEX_POINT ( 'NONE', #7033 ) ;
#3825 = DIRECTION ( 'NONE',  ( 1.000000000000000000, 0.000000000000000000, 0.000000000000000000 ) ) ;
#3826 = EDGE_LOOP ( 'NONE', ( #3970, #6597, #1205, #7276 ) ) ;
#3827 = CARTESIAN_POINT ( 'NONE',  ( -0.01701700490451259554, -1.634164925564208765E-16, 0.000000000000000000 ) ) ;
#3828 = AXIS2_PLACEMENT_3D ( 'NONE', #7804, #6496, #8382 ) ;
#3829 = VERTEX_POINT ( 'NONE', #1218 ) ;
#3830 = CIRCLE ( 'NONE', #3149, 0.4999999999999996114 ) ;
#3831 = ORIENTED_EDGE ( 'NONE', *, *, #8355, .T. ) ;
#3832 = CARTESIAN_POINT ( 'NONE',  ( 5.651087907391154571E-17, -2.351141009169861462, -3.236067977499812454 ) ) ;
#3833 = DIRECTION ( 'NONE',  ( 0.000000000000000000, 0.000000000000000000, 1.000000000000000000 ) ) ;
#3834 = CARTESIAN_POINT ( 'NONE',  ( -0.01701700490451314371, -1.634164925564209258E-16, 0.000000000000000000 ) ) ;
#3835 = AXIS2_PLACEMENT_3D ( 'NONE', #3030, #1754, #5583 ) ;
#3836 = ORIENTED_EDGE ( 'NONE', *, *, #5760, .T. ) ;
#3837 = DIRECTION ( 'NONE',  ( 0.000000000000000000, -0.3090169943749517256, 0.9510565162951521989 ) ) ;
#3838 = ORIENTED_EDGE ( 'NONE', *, *, #6412, .T. ) ;
#3839 = ORIENTED_EDGE ( 'NONE', *, *, #4787, .F. ) ;
#3840 = ORIENTED_EDGE ( 'NONE', *, *, #4795, .T. ) ;
#3841 = DIRECTION ( 'NONE',  ( 1.000000000000000000, 0.000000000000000000, 0.000000000000000000 ) ) ;
#3842 = EDGE_CURVE ( 'NONE', #341, #5350, #147, .T. ) ;
#3843 = COORDINATED_UNIVERSAL_TIME_OFFSET ( 7, 0, .BEHIND. ) ;
#3844 = AXIS2_PLACEMENT_3D ( 'NONE', #3200, #3925, #3883 ) ;
#3845 = ORIENTED_EDGE ( 'NONE', *, *, #5420, .T. ) ;
#3846 = DIRECTION ( 'NONE',  ( -0.8719406851971467365, 0.1101386278683141040, -0.4770628094383539963 ) ) ;
#3847 = DIRECTION ( 'NONE',  ( 0.000000000000000000, 0.000000000000000000, -1.000000000000000000 ) ) ;
#3848 = ORIENTED_EDGE ( 'NONE', *, *, #6769, .T. ) ;
#3849 = CARTESIAN_POINT ( 'NONE',  ( -0.2482449321572040568, 0.000000000000000000, 0.000000000000000000 ) ) ;
#3850 = EDGE_LOOP ( 'NONE', ( #4621, #1412, #6501, #7012, #3973, #3198, #481, #2734 ) ) ;
#3851 = ORIENTED_EDGE ( 'NONE', *, *, #5836, .F. ) ;
#3852 = LINE ( 'NONE', #2619, #7355 ) ;
#3853 = EDGE_CURVE ( 'NONE', #7737, #7657, #7862, .T. ) ;
#3854 = DIRECTION ( 'NONE',  ( -0.000000000000000000, 0.8660254037844397068, 0.4999999999999979461 ) ) ;
#3855 = CARTESIAN_POINT ( 'NONE',  ( -5.250000000000000000, 0.2499999999999999167, -0.9682458365518540333 ) ) ;
#3856 = EDGE_CURVE ( 'NONE', #3373, #8197, #5017, .T. ) ;
#3857 = ADVANCED_FACE ( 'NONE', ( #3421 ), #4477, .T. ) ;
#3858 = DIRECTION ( 'NONE',  ( 0.000000000000000000, 0.000000000000000000, 1.000000000000000000 ) ) ;
#3859 = CARTESIAN_POINT ( 'NONE',  ( 5.651087907391154571E-17, 3.428669202808447558, 2.060152299640221507 ) ) ;
#3860 = CARTESIAN_POINT ( 'NONE',  ( -7.000000000000000000, 0.3346643017336408676, -0.4606258943332811051 ) ) ;
#3861 = EDGE_CURVE ( 'NONE', #3408, #3928, #1352, .T. ) ;
#3862 = DIRECTION ( 'NONE',  ( -1.236773978361170610E-16, 1.000000000000000000, 0.000000000000000000 ) ) ;
#3863 = CIRCLE ( 'NONE', #2497, 3.865487205065014198 ) ;
#3864 = CARTESIAN_POINT ( 'NONE',  ( -7.000000000000000888, 0.000000000000000000, 0.000000000000000000 ) ) ;
#3865 = EDGE_CURVE ( 'NONE', #4433, #5795, #3502, .T. ) ;
#3866 = DIRECTION ( 'NONE',  ( 0.8944271909999158554, -0.3375163849296914931, 0.2933985172150541665 ) ) ;
#3867 = EDGE_LOOP ( 'NONE', ( #3188, #1150, #4075, #4891 ) ) ;
#3868 = DIRECTION ( 'NONE',  ( 0.8944271909999158554, -0.4253254041760209381, 0.1381966011250077286 ) ) ;
#3869 = VERTEX_POINT ( 'NONE', #244 ) ;
#3870 = DIRECTION ( 'NONE',  ( -1.236773978361170610E-16, 1.000000000000000000, 0.000000000000000000 ) ) ;
#3871 = ORIENTED_EDGE ( 'NONE', *, *, #124, .T. ) ;
#3872 = VECTOR ( 'NONE', #6305, 39.37007874015748854 ) ;
#3873 = ORIENTED_EDGE ( 'NONE', *, *, #1224, .T. ) ;
#3874 = FACE_OUTER_BOUND ( 'NONE', #494, .T. ) ;
#3876 = AXIS2_PLACEMENT_3D ( 'NONE', #2484, #6355, #4482 ) ;
#3875 = FACE_OUTER_BOUND ( 'NONE', #3578, .T. ) ;
#3877 = ORIENTED_EDGE ( 'NONE', *, *, #6773, .T. ) ;
#3878 = DIRECTION ( 'NONE',  ( 0.000000000000000000, 1.000000000000000000, 1.047444401652940007E-14 ) ) ;
#3879 = ORIENTED_EDGE ( 'NONE', *, *, #7438, .F. ) ;
#3880 = AXIS2_PLACEMENT_3D ( 'NONE', #4184, #2386, #2904 ) ;
#3881 = ORIENTED_EDGE ( 'NONE', *, *, #8206, .F. ) ;
#3882 = ORIENTED_EDGE ( 'NONE', *, *, #3806, .F. ) ;
#3883 = DIRECTION ( 'NONE',  ( 0.000000000000000000, 0.000000000000000000, 1.000000000000000000 ) ) ;
#3884 = VECTOR ( 'NONE', #4014, 39.37007874015748143 ) ;
#3885 = PERSON_AND_ORGANIZATION_ROLE ( 'design_supplier' ) ;
#3886 = VECTOR ( 'NONE', #3815, 39.37007874015748143 ) ;
#3887 = ORIENTED_EDGE ( 'NONE', *, *, #6923, .T. ) ;
#3888 = CARTESIAN_POINT ( 'NONE',  ( 5.651087907391154571E-17, -0.8998042173754764450, 3.897480259140937875 ) ) ;
#3889 = FACE_OUTER_BOUND ( 'NONE', #5453, .T. ) ;
#3890 = ADVANCED_FACE ( 'NONE', ( #3462 ), #6107, .T. ) ;
#3891 = CARTESIAN_POINT ( 'NONE',  ( -0.01701700490451327208, 1.060692954239135233, -3.264477243259445327 ) ) ;
#3892 = ORIENTED_EDGE ( 'NONE', *, *, #2922, .F. ) ;
#3893 = ORIENTED_EDGE ( 'NONE', *, *, #6298, .T. ) ;
#3894 = CARTESIAN_POINT ( 'NONE',  ( -4.750000000000000000, -0.9635254915624211769, -0.2676165673298175895 ) ) ;
#3895 = DIRECTION ( 'NONE',  ( 1.224646799147352714E-16, -1.000000000000000000, 0.000000000000000000 ) ) ;
#3896 = CARTESIAN_POINT ( 'NONE',  ( 1.549995677804208993, 3.093293698773805556, -0.2706281315988828817 ) ) ;
#3897 = AXIS2_PLACEMENT_3D ( 'NONE', #1307, #7713, #3895 ) ;
#3898 = CARTESIAN_POINT ( 'NONE',  ( -0.2500000000000000000, -0.3750000000000000555, -3.294710654001980821 ) ) ;
#3899 = DIRECTION ( 'NONE',  ( -0.8719406851971467365, 0.3695145054876836088, -0.3212140590511611271 ) ) ;
#3900 = EDGE_CURVE ( 'NONE', #3086, #4547, #4606, .T. ) ;
#3901 = DIRECTION ( 'NONE',  ( 1.000000000000000000, 0.000000000000000000, 0.000000000000000000 ) ) ;
#3902 = CARTESIAN_POINT ( 'NONE',  ( 5.651087907391154571E-17, -2.060152299640232609, 3.428669202808439564 ) ) ;
#3903 = APPROVAL ( #3416, 'UNSPECIFIED' ) ;
#3904 = DIRECTION ( 'NONE',  ( 0.000000000000000000, 0.5877852522924742473, -0.8090169943749465631 ) ) ;
#3905 = DIRECTION ( 'NONE',  ( 0.8660254037844380415, 0.2938926261462332934, 0.4045084971874773894 ) ) ;
#3906 = VERTEX_POINT ( 'NONE', #2695 ) ;
#3907 = CARTESIAN_POINT ( 'NONE',  ( 5.651087907391154571E-17, 3.236067977499786696, 2.351141009169897433 ) ) ;
#3908 = ORIENTED_EDGE ( 'NONE', *, *, #3033, .T. ) ;
#3909 = DIRECTION ( 'NONE',  ( -1.000000000000000000, -0.000000000000000000, -0.000000000000000000 ) ) ;
#3910 = CIRCLE ( 'NONE', #4587, 0.4999999999999995559 ) ;
#3911 = EDGE_CURVE ( 'NONE', #6179, #5534, #157, .T. ) ;
#3912 = B_SPLINE_CURVE_WITH_KNOTS ( 'NONE', 3,
 ( #2924, #4921, #2288, #1657 ),
 .UNSPECIFIED., .F., .F.,
 ( 4, 4 ),
 ( 0.02626339066769523348, 0.04038156320390086373 ),
 .UNSPECIFIED. ) ;
#3913 = ORIENTED_EDGE ( 'NONE', *, *, #442, .T. ) ;
#3914 = EDGE_CURVE ( 'NONE', #6805, #743, #956, .T. ) ;
#3915 = ORIENTED_EDGE ( 'NONE', *, *, #1303, .F. ) ;
#3916 = EDGE_CURVE ( 'NONE', #4110, #659, #554, .T. ) ;
#3917 = LINE ( 'NONE', #5063, #1090 ) ;
#3918 = EDGE_CURVE ( 'NONE', #2243, #3570, #5495, .T. ) ;
#3919 = CARTESIAN_POINT ( 'NONE',  ( -0.2500000000000000000, 0.000000000000000000, 0.000000000000000000 ) ) ;
#3920 = DIRECTION ( 'NONE',  ( 0.000000000000000000, -0.9205048534524428172, 0.3907311284892679981 ) ) ;
#3921 = ORIENTED_EDGE ( 'NONE', *, *, #8143, .F. ) ;
#3922 = ORIENTED_EDGE ( 'NONE', *, *, #5620, .F. ) ;
#3923 = ORIENTED_EDGE ( 'NONE', *, *, #5944, .F. ) ;
#3924 = ORIENTED_EDGE ( 'NONE', *, *, #1936, .T. ) ;
#3925 = DIRECTION ( 'NONE',  ( -1.000000000000000000, -0.000000000000000000, -0.000000000000000000 ) ) ;
#3926 = VECTOR ( 'NONE', #2370, 39.37007874015748143 ) ;
#3927 = AXIS2_PLACEMENT_3D ( 'NONE', #3000, #6832, #2444 ) ;
#3928 = VERTEX_POINT ( 'NONE', #5292 ) ;
#3929 = CARTESIAN_POINT ( 'NONE',  ( 0.2500000000000000000, 1.292839910290887406, 1.179434172117736157 ) ) ;
#3930 = CARTESIAN_POINT ( 'NONE',  ( 0.000000000000000000, 0.000000000000000000, 0.000000000000000000 ) ) ;
#3931 = AXIS2_PLACEMENT_3D ( 'NONE', #2220, #2812, #5406 ) ;
#3932 = EDGE_LOOP ( 'NONE', ( #7445, #7601, #2320, #4095 ) ) ;
#3933 = CARTESIAN_POINT ( 'NONE',  ( 5.651087907391154571E-17, -2.624236115962000682, -3.018838320891113369 ) ) ;
#3934 = ORIENTED_EDGE ( 'NONE', *, *, #5814, .T. ) ;
#3935 = AXIS2_PLACEMENT_3D ( 'NONE', #4654, #4016, #6610 ) ;
#3936 = AXIS2_PLACEMENT_3D ( 'NONE', #6555, #7356, #4716 ) ;
#3937 = VERTEX_POINT ( 'NONE', #7873 ) ;
#3938 = CARTESIAN_POINT ( 'NONE',  ( 0.000000000000000000, 0.000000000000000000, 0.000000000000000000 ) ) ;
#3939 = CARTESIAN_POINT ( 'NONE',  ( -0.01701700490451223471, 0.3750000000000001110, -3.411928518438118729 ) ) ;
#3940 = TOROIDAL_SURFACE ( 'NONE', #285, 3.432474503172795899, 0.5000000000000000000 ) ;
#3941 = CARTESIAN_POINT ( 'NONE',  ( 5.651087907391154571E-17, -0.3486229709905916962, -3.984778792366986178 ) ) ;
#3942 = CARTESIAN_POINT ( 'NONE',  ( -0.2482449321572040568, 3.527804100961120959, -2.563099709819901317 ) ) ;
#3943 = DIRECTION ( 'NONE',  ( 0.000000000000000000, 0.000000000000000000, -1.000000000000000000 ) ) ;
#3944 = DIRECTION ( 'NONE',  ( 1.000000000000000000, 0.000000000000000000, 0.000000000000000000 ) ) ;
#3945 = DIRECTION ( 'NONE',  ( -1.000000000000000000, -1.224646799147352714E-16, 0.000000000000000000 ) ) ;
#3946 = ADVANCED_FACE ( 'NONE', ( #1424 ), #4147, .T. ) ;
#3947 = CIRCLE ( 'NONE', #5447, 3.879688098672754215 ) ;
#3948 = CARTESIAN_POINT ( 'NONE',  ( -4.750000000000000000, -0.2500000000000000000, -0.9682458365518540333 ) ) ;
#3949 = CARTESIAN_POINT ( 'NONE',  ( -0.2500000000000000000, -2.665803124484961817, -1.972114853420148695 ) ) ;
#3950 = VERTEX_POINT ( 'NONE', #7245 ) ;
#3951 = DIRECTION ( 'NONE',  ( 1.000000000000000000, 0.000000000000000000, 0.000000000000000000 ) ) ;
#3952 = ORIENTED_EDGE ( 'NONE', *, *, #2506, .F. ) ;
#3953 = CARTESIAN_POINT ( 'NONE',  ( 0.000000000000000000, 1.758290078201721451, 4.142271840535987515 ) ) ;
#3954 = AXIS2_PLACEMENT_3D ( 'NONE', #3399, #4670, #179 ) ;
#3955 = VERTEX_POINT ( 'NONE', #2063 ) ;
#3956 = AXIS2_PLACEMENT_3D ( 'NONE', #8075, #7408, #4187 ) ;
#3957 = AXIS2_PLACEMENT_3D ( 'NONE', #6881, #3606, #2374 ) ;
#3958 = CARTESIAN_POINT ( 'NONE',  ( 5.651087907391154571E-17, 4.000000000000000000, 0.000000000000000000 ) ) ;
#3959 = CIRCLE ( 'NONE', #445, 3.105109578176981078 ) ;
#3960 = EDGE_CURVE ( 'NONE', #3779, #619, #8255, .T. ) ;
#3961 = DIRECTION ( 'NONE',  ( 0.000000000000000000, 0.5877852522924684742, 0.8090169943749506709 ) ) ;
#3962 = CARTESIAN_POINT ( 'NONE',  ( 1.549995677804209437, 0.000000000000000000, 0.000000000000000000 ) ) ;
#3963 = ORIENTED_EDGE ( 'NONE', *, *, #499, .T. ) ;
#3964 = CONICAL_SURFACE ( 'NONE', #3819, 3.432474503172796343, 0.5235987755983001479 ) ;
#3965 = VECTOR ( 'NONE', #4495, 39.37007874015748854 ) ;
#3966 = EDGE_CURVE ( 'NONE', #6761, #7308, #7918, .T. ) ;
#3967 = EDGE_CURVE ( 'NONE', #245, #3297, #1543, .T. ) ;
#3968 = ORIENTED_EDGE ( 'NONE', *, *, #5363, .T. ) ;
#3969 = CIRCLE ( 'NONE', #8286, 0.4999999999999997780 ) ;
#3970 = ORIENTED_EDGE ( 'NONE', *, *, #7113, .F. ) ;
#3971 = ADVANCED_FACE ( 'NONE', ( #4780 ), #4056, .T. ) ;
#3972 = ORIENTED_EDGE ( 'NONE', *, *, #3074, .F. ) ;
#3973 = ORIENTED_EDGE ( 'NONE', *, *, #295, .F. ) ;
#3974 = DIRECTION ( 'NONE',  ( -1.000000000000000000, 0.000000000000000000, 0.000000000000000000 ) ) ;
#3975 =( CONVERSION_BASED_UNIT ( 'INCH', #1885 ) LENGTH_UNIT ( ) NAMED_UNIT ( #3793 ) );
#3976 = CONICAL_SURFACE ( 'NONE', #5607, 4.500000000000000000, 0.5116441634306432285 ) ;
#3977 = ORIENTED_EDGE ( 'NONE', *, *, #1016, .F. ) ;
#3978 = PLANE ( 'NONE',  #3676 ) ;
#3979 = DIRECTION ( 'NONE',  ( 0.000000000000000000, -0.3090169943749515591, 0.9510565162951521989 ) ) ;
#3980 = DIRECTION ( 'NONE',  ( 1.000000000000000000, 0.000000000000000000, 0.000000000000000000 ) ) ;
#3981 = EDGE_LOOP ( 'NONE', ( #7109, #5205, #3759, #95 ) ) ;
#3982 = ORIENTED_EDGE ( 'NONE', *, *, #1355, .F. ) ;
#3983 = DIRECTION ( 'NONE',  ( 0.000000000000000000, 0.000000000000000000, 1.000000000000000000 ) ) ;
#3984 = DIRECTION ( 'NONE',  ( -0.8719406851971467365, -0.2877864313974898836, 0.3961040411324125987 ) ) ;
#3985 = PLANE ( 'NONE',  #968 ) ;
#3986 = CARTESIAN_POINT ( 'NONE',  ( -0.2500000000000000000, -1.292839910290870753, 1.179434172117755031 ) ) ;
#3987 = DIRECTION ( 'NONE',  ( 1.000000000000000000, 1.224646799147352714E-16, -0.000000000000000000 ) ) ;
#3988 = FACE_OUTER_BOUND ( 'NONE', #5135, .T. ) ;
#3989 = DIRECTION ( 'NONE',  ( 0.8944271909999158554, -0.2303320292999038177, 0.3833368704919842829 ) ) ;
#3990 = DIRECTION ( 'NONE',  ( 0.000000000000000000, -0.8660254037844397068, -0.4999999999999981126 ) ) ;
#3991 = DIRECTION ( 'NONE',  ( -1.000000000000000000, -0.000000000000000000, -0.000000000000000000 ) ) ;
#3992 = ORIENTED_EDGE ( 'NONE', *, *, #1616, .T. ) ;
#3993 = LINE ( 'NONE', #3907, #2197 ) ;
#3994 = ORIENTED_EDGE ( 'NONE', *, *, #3367, .T. ) ;
#3995 = DIRECTION ( 'NONE',  ( 1.000000000000000000, 0.000000000000000000, 0.000000000000000000 ) ) ;
#3996 = CIRCLE ( 'NONE', #474, 3.605109578176981522 ) ;
#3997 = EDGE_CURVE ( 'NONE', #3824, #690, #832, .T. ) ;
#3998 = ORIENTED_EDGE ( 'NONE', *, *, #4579, .T. ) ;
#3999 = DIRECTION ( 'NONE',  ( -0.000000000000000000, -0.7547095802227782313, 0.6560590289905001704 ) ) ;
#4000 = DIRECTION ( 'NONE',  ( 0.000000000000000000, 0.8660254037844388186, -0.4999999999999997224 ) ) ;
#4001 = ORIENTED_EDGE ( 'NONE', *, *, #6863, .T. ) ;
#4002 = ORIENTED_EDGE ( 'NONE', *, *, #504, .F. ) ;
#4003 = EDGE_CURVE ( 'NONE', #1943, #1329, #823, .T. ) ;
#4004 = EDGE_LOOP ( 'NONE', ( #2782, #3423, #3489, #4851 ) ) ;
#4005 = ORIENTED_EDGE ( 'NONE', *, *, #1774, .T. ) ;
#4006 = ORIENTED_EDGE ( 'NONE', *, *, #6960, .T. ) ;
#4007 = DIRECTION ( 'NONE',  ( -1.236773978361170610E-16, 1.000000000000000000, 0.000000000000000000 ) ) ;
#4008 = EDGE_CURVE ( 'NONE', #690, #7795, #1632, .T. ) ;
#4009 = AXIS2_PLACEMENT_3D ( 'NONE', #1395, #5301, #929 ) ;
#4010 = EDGE_LOOP ( 'NONE', ( #1297, #3492, #700, #2935 ) ) ;
#4011 = DIRECTION ( 'NONE',  ( 1.000000000000000000, 0.000000000000000000, 0.000000000000000000 ) ) ;
#4012 = CIRCLE ( 'NONE', #2797, 0.4999999999999996669 ) ;
#4013 = AXIS2_PLACEMENT_3D ( 'NONE', #1628, #6933, #8069 ) ;
#4014 = DIRECTION ( 'NONE',  ( -1.000000000000000000, -0.000000000000000000, -0.000000000000000000 ) ) ;
#4015 = EDGE_CURVE ( 'NONE', #6086, #1281, #2314, .T. ) ;
#4016 = DIRECTION ( 'NONE',  ( 1.000000000000000000, 0.000000000000000000, 0.000000000000000000 ) ) ;
#4017 = VERTEX_POINT ( 'NONE', #1684 ) ;
#4018 = CONICAL_SURFACE ( 'NONE', #8338, 3.105109578176981078, 0.5235987755983000369 ) ;
#4019 = ORIENTED_EDGE ( 'NONE', *, *, #5669, .T. ) ;
#4020 = DIRECTION ( 'NONE',  ( 8.797911715786014202E-17, -1.000000000000000000, 0.000000000000000000 ) ) ;
#4021 = EDGE_CURVE ( 'NONE', #821, #3243, #6141, .T. ) ;
#4022 = ADVANCED_FACE ( 'NONE', ( #4905 ), #3597, .T. ) ;
#4023 = CIRCLE ( 'NONE', #7000, 3.432474503172796343 ) ;
#4024 = DIRECTION ( 'NONE',  ( 0.8944271909999158554, 0.2628655560595712370, -0.3618033988749863039 ) ) ;
#4025 = EDGE_CURVE ( 'NONE', #6377, #3697, #6591, .T. ) ;
#4026 = CARTESIAN_POINT ( 'NONE',  ( 1.549995677804209659, 2.848721405383343027E-17, 0.000000000000000000 ) ) ;
#4027 = AXIS2_PLACEMENT_3D ( 'NONE', #1057, #3088, #5683 ) ;
#4028 = FACE_OUTER_BOUND ( 'NONE', #3157, .T. ) ;
#4029 = CARTESIAN_POINT ( 'NONE',  ( 1.549995677804209437, -1.408628533808550243, -3.318520863939804499 ) ) ;
#4030 = FACE_OUTER_BOUND ( 'NONE', #8266, .T. ) ;
#4031 = CARTESIAN_POINT ( 'NONE',  ( 0.2329829950954873385, 3.313369233464129593, 1.990873088686135661 ) ) ;
#4032 = VECTOR ( 'NONE', #1515, 39.37007874015748143 ) ;
#4033 = DIRECTION ( 'NONE',  ( 1.000000000000000000, 0.000000000000000000, 0.000000000000000000 ) ) ;
#4034 = CARTESIAN_POINT ( 'NONE',  ( -0.2500000000000000000, 3.061616997868383018E-17, -0.2500000000000000000 ) ) ;
#4035 = EDGE_LOOP ( 'NONE', ( #1598, #8277, #6262, #1192 ) ) ;
#4036 = DIRECTION ( 'NONE',  ( 0.000000000000000000, 0.000000000000000000, -1.000000000000000000 ) ) ;
#4037 = ORIENTED_EDGE ( 'NONE', *, *, #5265, .T. ) ;
#4038 = DIRECTION ( 'NONE',  ( 1.000000000000000000, 0.000000000000000000, 0.000000000000000000 ) ) ;
#4039 = CARTESIAN_POINT ( 'NONE',  ( -7.000000000000000888, 0.000000000000000000, -0.000000000000000000 ) ) ;
#4040 = ORIENTED_EDGE ( 'NONE', *, *, #4535, .F. ) ;
#4041 = DIRECTION ( 'NONE',  ( -1.000000000000000000, 0.000000000000000000, 0.000000000000000000 ) ) ;
#4042 = FACE_OUTER_BOUND ( 'NONE', #6291, .T. ) ;
#4043 = DIRECTION ( 'NONE',  ( 1.000000000000000000, -0.000000000000000000, -0.000000000000000000 ) ) ;
#4044 = ORIENTED_EDGE ( 'NONE', *, *, #865, .F. ) ;
#4045 = ORIENTED_EDGE ( 'NONE', *, *, #4074, .F. ) ;
#4046 = ORIENTED_EDGE ( 'NONE', *, *, #5478, .T. ) ;
#4047 = ORIENTED_EDGE ( 'NONE', *, *, #7184, .F. ) ;
#4048 = ORIENTED_EDGE ( 'NONE', *, *, #4840, .T. ) ;
#4049 = CARTESIAN_POINT ( 'NONE',  ( 1.549995677804209437, 3.090182045861292082, 1.856768696984073985 ) ) ;
#4050 = VECTOR ( 'NONE', #6182, 39.37007874015748143 ) ;
#4051 = APPROVAL_DATE_TIME ( #952, #3903 ) ;
#4052 = ADVANCED_FACE ( 'NONE', ( #1759 ), #6046, .F. ) ;
#4053 = ORIENTED_EDGE ( 'NONE', *, *, #7003, .F. ) ;
#4054 = PLANE ( 'NONE',  #4765 ) ;
#4055 = CARTESIAN_POINT ( 'NONE',  ( -7.000000000000000000, -0.3735369949770414033, -0.4297051579498694651 ) ) ;
#4056 = PLANE ( 'NONE',  #5975 ) ;
#4057 = CIRCLE ( 'NONE', #5008, 3.105109578176981078 ) ;
#4058 = ORIENTED_EDGE ( 'NONE', *, *, #4280, .F. ) ;
#4059 = ORIENTED_EDGE ( 'NONE', *, *, #2397, .F. ) ;
#4060 = CARTESIAN_POINT ( 'NONE',  ( 0.2465608283438172066, 0.000000000000000000, 0.000000000000000000 ) ) ;
#4061 = DIRECTION ( 'NONE',  ( 0.000000000000000000, 0.000000000000000000, -1.000000000000000000 ) ) ;
#4062 = ADVANCED_FACE ( 'NONE', ( #2993 ), #5637, .T. ) ;
#4063 = AXIS2_PLACEMENT_3D ( 'NONE', #3661, #4387, #4937 ) ;
#4064 = CONICAL_SURFACE ( 'NONE', #411, 3.105109578176981078, 0.5235987755983000369 ) ;
#4065 = DIRECTION ( 'NONE',  ( 0.000000000000000000, -0.8660254037844385966, -0.5000000000000001110 ) ) ;
#4066 = FACE_OUTER_BOUND ( 'NONE', #4679, .T. ) ;
#4067 = EDGE_CURVE ( 'NONE', #646, #2011, #5376, .T. ) ;
#4068 = DIRECTION ( 'NONE',  ( 1.000000000000000000, 0.000000000000000000, 0.000000000000000000 ) ) ;
#4069 = EDGE_CURVE ( 'NONE', #5612, #8168, #3668, .T. ) ;
#4070 = AXIS2_PLACEMENT_3D ( 'NONE', #5638, #3593, #4316 ) ;
#4071 = DIRECTION ( 'NONE',  ( 1.000000000000000000, 1.224646799147352714E-16, -0.000000000000000000 ) ) ;
#4072 = AXIS2_PLACEMENT_3D ( 'NONE', #1493, #4631, #2724 ) ;
#4073 = ORIENTED_EDGE ( 'NONE', *, *, #2382, .T. ) ;
#4074 = EDGE_CURVE ( 'NONE', #1304, #4096, #4285, .T. ) ;
#4075 = ORIENTED_EDGE ( 'NONE', *, *, #5478, .F. ) ;
#4076 = DIRECTION ( 'NONE',  ( 0.000000000000000000, -3.491481338843130594E-15, 1.000000000000000000 ) ) ;
#4077 = CONICAL_SURFACE ( 'NONE', #3396, 4.500000000000000000, 0.5116441634306432285 ) ;
#4078 = FACE_OUTER_BOUND ( 'NONE', #5037, .T. ) ;
#4079 = CARTESIAN_POINT ( 'NONE',  ( -0.2500000000000000000, -2.665803124484947606, 1.972114853420167124 ) ) ;
#4080 = VERTEX_POINT ( 'NONE', #7571 ) ;
#4081 = AXIS2_PLACEMENT_3D ( 'NONE', #4796, #4618, #7385 ) ;
#4082 = LINE ( 'NONE', #2719, #6807 ) ;
#4083 = VERTEX_POINT ( 'NONE', #2910 ) ;
#4084 = CARTESIAN_POINT ( 'NONE',  ( -0.2406238026544916253, -1.908004274696309122E-16, 0.000000000000000000 ) ) ;
#4085 = CARTESIAN_POINT ( 'NONE',  ( -0.01701700490451273778, -1.060692954239067065, -3.264477243259467087 ) ) ;
#4086 = EDGE_LOOP ( 'NONE', ( #4150, #328, #4808, #5753 ) ) ;
#4087 = CIRCLE ( 'NONE', #4351, 3.432474503172796343 ) ;
#4088 = CARTESIAN_POINT ( 'NONE',  ( -4.750000000000000000, -0.9635254915624212879, 0.2676165673298173675 ) ) ;
#4089 = PLANE ( 'NONE',  #5837 ) ;
#4090 = DIRECTION ( 'NONE',  ( 0.000000000000000000, 0.000000000000000000, -1.000000000000000000 ) ) ;
#4091 = ORIENTED_EDGE ( 'NONE', *, *, #435, .F. ) ;
#4092 = VERTEX_POINT ( 'NONE', #2359 ) ;
#4093 = VECTOR ( 'NONE', #8116, 39.37007874015748143 ) ;
#4094 = ORIENTED_EDGE ( 'NONE', *, *, #6381, .T. ) ;
#4095 = ORIENTED_EDGE ( 'NONE', *, *, #6519, .F. ) ;
#4096 = VERTEX_POINT ( 'NONE', #4944 ) ;
#4097 = PLANE ( 'NONE',  #226 ) ;
#4098 = CONICAL_SURFACE ( 'NONE', #2330, 3.105109578176981078, 0.5235987755983000369 ) ;
#4099 = VECTOR ( 'NONE', #532, 39.37007874015748854 ) ;
#4100 = COORDINATED_UNIVERSAL_TIME_OFFSET ( 7, 0, .BEHIND. ) ;
#4101 = VECTOR ( 'NONE', #5425, 39.37007874015748143 ) ;
#4102 = CARTESIAN_POINT ( 'NONE',  ( 1.549995677804209437, 3.776151845006871077E-14, -3.605109578176981078 ) ) ;
#4103 = CIRCLE ( 'NONE', #853, 0.4999999999999997780 ) ;
#4104 = ORIENTED_EDGE ( 'NONE', *, *, #1992, .T. ) ;
#4105 = DIRECTION ( 'NONE',  ( -1.000000000000000000, -1.224646799147352714E-16, 0.000000000000000000 ) ) ;
#4106 = DIRECTION ( 'NONE',  ( 0.8944271909999158554, -0.4253254041760189397, -0.1381966011250138626 ) ) ;
#4107 = CARTESIAN_POINT ( 'NONE',  ( 0.2329829950954873385, -1.328003225777370155E-16, 0.000000000000000000 ) ) ;
#4108 = ORIENTED_EDGE ( 'NONE', *, *, #2452, .T. ) ;
#4109 = EDGE_CURVE ( 'NONE', #7725, #2944, #4347, .T. ) ;
#4110 = VERTEX_POINT ( 'NONE', #4229 ) ;
#4111 = DIRECTION ( 'NONE',  ( -5.329237843890364771E-15, -0.9510565162951510887, -0.3090169943749552783 ) ) ;
#4112 = AXIS2_PLACEMENT_3D ( 'NONE', #6877, #6837, #5482 ) ;
#4113 = CARTESIAN_POINT ( 'NONE',  ( 0.2465608283438159021, -4.341065872984311014, 0.3797940515053967458 ) ) ;
#4114 = EDGE_CURVE ( 'NONE', #3634, #4508, #1708, .T. ) ;
#4115 = AXIS2_PLACEMENT_3D ( 'NONE', #7248, #7963, #4020 ) ;
#4116 = CARTESIAN_POINT ( 'NONE',  ( 1.549995677804209437, -3.318520863939800059, 1.408628533808560457 ) ) ;
#4117 = CARTESIAN_POINT ( 'NONE',  ( 0.07199505493781588328, 0.3750000000000236478, 3.360227914074154221 ) ) ;
#4118 = AXIS2_PLACEMENT_3D ( 'NONE', #4513, #5276, #4000 ) ;
#4119 = DIRECTION ( 'NONE',  ( -8.797911715786014202E-17, 1.000000000000000000, 0.000000000000000000 ) ) ;
#4120 = DIRECTION ( 'NONE',  ( 0.000000000000000000, -0.9961946980917454342, 0.08715574274765836016 ) ) ;
#4121 = EDGE_CURVE ( 'NONE', #2117, #357, #2953, .T. ) ;
#4122 = VERTEX_POINT ( 'NONE', #493 ) ;
#4123 = CARTESIAN_POINT ( 'NONE',  ( 1.549995677804209437, 3.776151845006871077E-14, -3.605109578176981078 ) ) ;
#4124 = EDGE_CURVE ( 'NONE', #4819, #3616, #7410, .T. ) ;
#4125 = DIRECTION ( 'NONE',  ( 1.224646799147352714E-16, -1.000000000000000000, 0.000000000000000000 ) ) ;
#4126 = LINE ( 'NONE', #6585, #2883 ) ;
#4127 = ORIENTED_EDGE ( 'NONE', *, *, #2257, .T. ) ;
#4128 = EDGE_CURVE ( 'NONE', #5208, #3955, #1597, .T. ) ;
#4129 = DIRECTION ( 'NONE',  ( -0.000000000000000000, 0.8660254037844388186, -0.4999999999999996114 ) ) ;
#4130 = DIRECTION ( 'NONE',  ( -0.8660254037844379305, 0.1953655642446360530, 0.4602524267262216862 ) ) ;
#4131 = CARTESIAN_POINT ( 'NONE',  ( 0.000000000000000000, 0.000000000000000000, 0.000000000000000000 ) ) ;
#4132 = ORIENTED_EDGE ( 'NONE', *, *, #3900, .T. ) ;
#4133 = DIRECTION ( 'NONE',  ( 1.224646799147352714E-16, -1.000000000000000000, 0.000000000000000000 ) ) ;
#4134 = ADVANCED_FACE ( 'NONE', ( #1006 ), #2277, .T. ) ;
#4135 = FACE_OUTER_BOUND ( 'NONE', #5417, .T. ) ;
#4136 = CARTESIAN_POINT ( 'NONE',  ( 0.2500000000000000000, -1.667839910290877858, -0.5299151192794155918 ) ) ;
#4137 = VERTEX_POINT ( 'NONE', #5546 ) ;
#4138 = AXIS2_PLACEMENT_3D ( 'NONE', #1993, #4496, #6497 ) ;
#4139 = ORIENTED_EDGE ( 'NONE', *, *, #7241, .T. ) ;
#4140 = VERTEX_POINT ( 'NONE', #8119 ) ;
#4141 = ORIENTED_EDGE ( 'NONE', *, *, #1422, .T. ) ;
#4142 = DIRECTION ( 'NONE',  ( 1.000000000000000000, 1.224646799147352714E-16, -0.000000000000000000 ) ) ;
#4143 = CARTESIAN_POINT ( 'NONE',  ( -0.2406238026544916253, -1.908004274696309122E-16, 0.000000000000000000 ) ) ;
#4144 = VERTEX_POINT ( 'NONE', #1805 ) ;
#4145 = DIRECTION ( 'NONE',  ( 1.000000000000000000, 0.000000000000000000, 0.000000000000000000 ) ) ;
#4146 = CARTESIAN_POINT ( 'NONE',  ( 0.2500000000000000000, -1.634164925564208026E-16, -1.990929616580802914E-16 ) ) ;
#4147 = PLANE ( 'NONE',  #7591 ) ;
#4148 = ORIENTED_EDGE ( 'NONE', *, *, #2458, .T. ) ;
#4149 = CIRCLE ( 'NONE', #2787, 0.1250000000000000278 ) ;
#4150 = ORIENTED_EDGE ( 'NONE', *, *, #8362, .F. ) ;
#4151 = FACE_OUTER_BOUND ( 'NONE', #105, .T. ) ;
#4152 = DIRECTION ( 'NONE',  ( -1.000000000000000000, -0.000000000000000000, -0.000000000000000000 ) ) ;
#4153 = DIRECTION ( 'NONE',  ( 0.000000000000000000, 0.9510565162951521989, 0.3090169943749515591 ) ) ;
#4154 = CARTESIAN_POINT ( 'NONE',  ( 0.2465608283438158743, 3.525411319366424490, -2.561361252231125984 ) ) ;
#4155 = CIRCLE ( 'NONE', #6736, 0.4999999999999997224 ) ;
#4156 = CARTESIAN_POINT ( 'NONE',  ( -0.09468133244882205590, -3.108484621254386404, -1.361671730960803739 ) ) ;
#4157 = CIRCLE ( 'NONE', #3605, 3.865487205065014198 ) ;
#4158 = EDGE_LOOP ( 'NONE', ( #7731, #996, #8265, #1968 ) ) ;
#4159 = CARTESIAN_POINT ( 'NONE',  ( 0.000000000000000000, 0.000000000000000000, 0.000000000000000000 ) ) ;
#4160 = CIRCLE ( 'NONE', #5239, 0.5693649175925757921 ) ;
#4161 = VECTOR ( 'NONE', #8174, 39.37007874015748143 ) ;
#4162 = CARTESIAN_POINT ( 'NONE',  ( -4.750000000000000000, 0.000000000000000000, 0.000000000000000000 ) ) ;
#4163 = AXIS2_PLACEMENT_3D ( 'NONE', #7885, #5392, #2705 ) ;
#4164 = ADVANCED_FACE ( 'NONE', ( #4392 ), #7664, .T. ) ;
#4165 = DIRECTION ( 'NONE',  ( 1.000000000000000000, 1.224646799147352714E-16, -0.000000000000000000 ) ) ;
#4166 = ORIENTED_EDGE ( 'NONE', *, *, #8042, .F. ) ;
#4167 = CARTESIAN_POINT ( 'NONE',  ( 1.549995677804209437, 2.119030242950803888, -2.916594915329049797 ) ) ;
#4168 = CARTESIAN_POINT ( 'NONE',  ( 0.000000000000000000, -1.390576474687222452, -4.279754323328203824 ) ) ;
#4169 = CARTESIAN_POINT ( 'NONE',  ( -0.2482449321572051393, 0.000000000000000000, 0.000000000000000000 ) ) ;
#4170 = APPROVAL ( #4561, 'UNSPECIFIED' ) ;
#4171 = VERTEX_POINT ( 'NONE', #3751 ) ;
#4172 = VECTOR ( 'NONE', #2875, 39.37007874015748143 ) ;
#4173 = DIRECTION ( 'NONE',  ( -1.000000000000000000, 0.000000000000000000, -0.000000000000000000 ) ) ;
#4174 = EDGE_CURVE ( 'NONE', #1721, #2547, #6346, .T. ) ;
#4175 = FACE_OUTER_BOUND ( 'NONE', #1149, .T. ) ;
#4176 = ORIENTED_EDGE ( 'NONE', *, *, #2771, .T. ) ;
#4177 = CARTESIAN_POINT ( 'NONE',  ( -7.000000000000000000, -0.5414982150262733773, 0.1759434355369937919 ) ) ;
#4178 = ADVANCED_FACE ( 'NONE', ( #2432 ), #5026, .T. ) ;
#4179 = EDGE_CURVE ( 'NONE', #381, #6316, #3323, .T. ) ;
#4180 = ADVANCED_FACE ( 'NONE', ( #4661 ), #761, .T. ) ;
#4181 = ORIENTED_EDGE ( 'NONE', *, *, #7157, .T. ) ;
#4182 = ORIENTED_EDGE ( 'NONE', *, *, #4787, .T. ) ;
#4183 = ADVANCED_FACE ( 'NONE', ( #4028 ), #1033, .T. ) ;
#4184 = CARTESIAN_POINT ( 'NONE',  ( -0.01701700490451218614, -1.634164925564208026E-16, 0.000000000000000000 ) ) ;
#4185 = CARTESIAN_POINT ( 'NONE',  ( 0.000000000000000000, 0.000000000000000000, 0.000000000000000000 ) ) ;
#4186 = ORIENTED_EDGE ( 'NONE', *, *, #4845, .T. ) ;
#4187 = DIRECTION ( 'NONE',  ( 1.000000000000000000, 0.000000000000000000, 0.000000000000000000 ) ) ;
#4188 = DIRECTION ( 'NONE',  ( 8.797911715786014202E-17, -1.000000000000000000, 0.000000000000000000 ) ) ;
#4189 = VECTOR ( 'NONE', #4850, 39.37007874015748143 ) ;
#4190 = DIRECTION ( 'NONE',  ( 1.000000000000000000, 1.224646799147352714E-16, -0.000000000000000000 ) ) ;
#4191 = VERTEX_POINT ( 'NONE', #4154 ) ;
#4192 = EDGE_LOOP ( 'NONE', ( #5139, #2308, #7944, #2605 ) ) ;
#4193 = DIRECTION ( 'NONE',  ( 1.000000000000000000, 0.000000000000000000, -0.000000000000000000 ) ) ;
#4194 = CARTESIAN_POINT ( 'NONE',  ( -0.01701700490451325473, 2.017557891834936612, -2.776930205825471454 ) ) ;
#4195 = CARTESIAN_POINT ( 'NONE',  ( 1.549995677804209437, -2.720810736403057373, 2.365164689263152820 ) ) ;
#4196 = DIRECTION ( 'NONE',  ( 0.000000000000000000, -0.3090169943749385695, -0.9510565162951564178 ) ) ;
#4197 = DIRECTION ( 'NONE',  ( 0.000000000000000000, -3.491481338843132961E-15, 1.000000000000000000 ) ) ;
#4198 = EDGE_LOOP ( 'NONE', ( #5384, #7932, #1154, #4047 ) ) ;
#4199 = FACE_OUTER_BOUND ( 'NONE', #6745, .T. ) ;
#4200 = VECTOR ( 'NONE', #4201, 39.37007874015748143 ) ;
#4201 = DIRECTION ( 'NONE',  ( 0.000000000000000000, 0.5150380749100582634, -0.8571673007021097801 ) ) ;
#4202 = LINE ( 'NONE', #2247, #8026 ) ;
#4203 = EDGE_LOOP ( 'NONE', ( #3711, #3532, #3284, #6423 ) ) ;
#4204 = LINE ( 'NONE', #7896, #6682 ) ;
#4205 = LINE ( 'NONE', #388, #1216 ) ;
#4206 = DIRECTION ( 'NONE',  ( 0.000000000000000000, -0.9510565162951500895, -0.3090169943749582204 ) ) ;
#4207 = CIRCLE ( 'NONE', #5827, 0.4999999999999999445 ) ;
#4208 = VERTEX_POINT ( 'NONE', #2835 ) ;
#4209 = EDGE_CURVE ( 'NONE', #1892, #7830, #779, .T. ) ;
#4210 = AXIS2_PLACEMENT_3D ( 'NONE', #878, #1463, #3330 ) ;
#4211 = DIRECTION ( 'NONE',  ( -0.8660254037844379305, -0.3773547901113885050, 0.3280295144952522501 ) ) ;
#4212 = CARTESIAN_POINT ( 'NONE',  ( -7.000000000000000000, -0.5241031700295161189, 0.2224685967731461211 ) ) ;
#4213 = ORIENTED_EDGE ( 'NONE', *, *, #3761, .T. ) ;
#4214 = ORIENTED_EDGE ( 'NONE', *, *, #1983, .T. ) ;
#4215 = AXIS2_PLACEMENT_3D ( 'NONE', #6485, #8369, #6949 ) ;
#4216 = ORIENTED_EDGE ( 'NONE', *, *, #1578, .T. ) ;
#4217 = ADVANCED_FACE ( 'NONE', ( #2072 ), #3470, .F. ) ;
#4218 = DIRECTION ( 'NONE',  ( 0.000000000000000000, 0.8571673007021098911, 0.5150380749100583744 ) ) ;
#4219 = CARTESIAN_POINT ( 'NONE',  ( 1.299995677804209215, 2.672096876284762335, 0.000000000000000000 ) ) ;
#4220 = ADVANCED_FACE ( 'NONE', ( #7925 ), #214, .T. ) ;
#4221 = EDGE_CURVE ( 'NONE', #5968, #2654, #4149, .T. ) ;
#4222 = DIRECTION ( 'NONE',  ( -0.000000000000000000, -6.927845763909261675E-15, -1.000000000000000000 ) ) ;
#4223 = AXIS2_PLACEMENT_3D ( 'NONE', #2355, #4902, #4778 ) ;
#4224 = ORIENTED_EDGE ( 'NONE', *, *, #6878, .T. ) ;
#4225 = CARTESIAN_POINT ( 'NONE',  ( -5.250000000000000000, -0.2500000000000003886, -0.9682458365518541443 ) ) ;
#4226 = EDGE_CURVE ( 'NONE', #5295, #5839, #7884, .T. ) ;
#4227 = DIRECTION ( 'NONE',  ( -1.000000000000000000, -1.224646799147352714E-16, 0.000000000000000000 ) ) ;
#4228 = EDGE_LOOP ( 'NONE', ( #1804, #7876, #5281, #6128, #4988, #5366, #5233, #7097 ) ) ;
#4229 = CARTESIAN_POINT ( 'NONE',  ( 1.549995677804209437, 3.090182045861292082, 1.856768696984073985 ) ) ;
#4230 = CONICAL_SURFACE ( 'NONE', #5717, 4.500000000000000000, 0.5116441634306432285 ) ;
#4231 = VERTEX_POINT ( 'NONE', #1562 ) ;
#4232 = AXIS2_PLACEMENT_3D ( 'NONE', #7470, #1662, #8095 ) ;
#4233 = CIRCLE ( 'NONE', #2872, 0.4999999999999998890 ) ;
#4234 = ORIENTED_EDGE ( 'NONE', *, *, #8134, .T. ) ;
#4235 = LINE ( 'NONE', #5029, #4860 ) ;
#4236 = CARTESIAN_POINT ( 'NONE',  ( 0.2465608283438162907, -3.525411319366405394, 2.561361252231152630 ) ) ;
#4237 = CIRCLE ( 'NONE', #1250, 3.865487205065014198 ) ;
#4238 = EDGE_CURVE ( 'NONE', #502, #2217, #3193, .T. ) ;
#4239 = CARTESIAN_POINT ( 'NONE',  ( 1.549995677804209437, 3.090182045861292082, 1.856768696984073985 ) ) ;
#4240 = AXIS2_PLACEMENT_3D ( 'NONE', #3641, #6839, #6236 ) ;
#4241 = FACE_OUTER_BOUND ( 'NONE', #6488, .T. ) ;
#4242 = DIRECTION ( 'NONE',  ( 0.000000000000000000, 0.000000000000000000, 1.000000000000000000 ) ) ;
#4243 = VECTOR ( 'NONE', #3991, 39.37007874015748143 ) ;
#4244 = ORIENTED_EDGE ( 'NONE', *, *, #4611, .F. ) ;
#4245 = CARTESIAN_POINT ( 'NONE',  ( -4.750000000000000000, -1.221132980980841998, -0.9936965898804323016 ) ) ;
#4246 = DIRECTION ( 'NONE',  ( 0.000000000000000000, 0.000000000000000000, -1.000000000000000000 ) ) ;
#4247 = CIRCLE ( 'NONE', #3835, 3.105109578176981078 ) ;
#4248 = CARTESIAN_POINT ( 'NONE',  ( 0.000000000000000000, 0.000000000000000000, 0.000000000000000000 ) ) ;
#4249 = ORIENTED_EDGE ( 'NONE', *, *, #2257, .F. ) ;
#4250 = DIRECTION ( 'NONE',  ( -1.236773978361170610E-16, 1.000000000000000000, 0.000000000000000000 ) ) ;
#4251 = CARTESIAN_POINT ( 'NONE',  ( 0.000000000000000000, 0.000000000000000000, 0.000000000000000000 ) ) ;
#4252 = DIRECTION ( 'NONE',  ( -1.224913629762582012E-16, 1.000000000000000000, 0.000000000000000000 ) ) ;
#4253 = ORIENTED_EDGE ( 'NONE', *, *, #3811, .F. ) ;
#4254 = DIRECTION ( 'NONE',  ( 0.8660254037844380415, -0.1545084971874726987, -0.4755282581475782644 ) ) ;
#4255 = AXIS2_PLACEMENT_3D ( 'NONE', #4434, #5156, #6985 ) ;
#4256 = CARTESIAN_POINT ( 'NONE',  ( -4.750000000000000000, -1.221132980980841998, 0.9936965898804318575 ) ) ;
#4257 = ORIENTED_EDGE ( 'NONE', *, *, #7086, .T. ) ;
#4258 = CARTESIAN_POINT ( 'NONE',  ( 0.2500000000000000000, 0.000000000000000000, 0.000000000000000000 ) ) ;
#4259 = EDGE_CURVE ( 'NONE', #2764, #3077, #5347, .T. ) ;
#4260 = ORIENTED_EDGE ( 'NONE', *, *, #3339, .T. ) ;
#4261 = ORIENTED_EDGE ( 'NONE', *, *, #6607, .T. ) ;
#4262 = CARTESIAN_POINT ( 'NONE',  ( -0.003439171656184630919, 3.364069078478020725, 2.021336628945784142 ) ) ;
#4263 = DIRECTION ( 'NONE',  ( 1.000000000000000000, 0.000000000000000000, 0.000000000000000000 ) ) ;
#4264 = DIRECTION ( 'NONE',  ( 0.8944271909999158554, 0.2933985172150552767, 0.3375163849296904384 ) ) ;
#4265 = ORIENTED_EDGE ( 'NONE', *, *, #1774, .F. ) ;
#4266 = ADVANCED_FACE ( 'NONE', ( #4066 ), #6661, .T. ) ;
#4267 = CARTESIAN_POINT ( 'NONE',  ( -0.2406238026544919861, -0.8727399283217968096, 3.780251944050274204 ) ) ;
#4268 = DIRECTION ( 'NONE',  ( 0.000000000000000000, 0.000000000000000000, 1.000000000000000000 ) ) ;
#4269 = ORIENTED_EDGE ( 'NONE', *, *, #8244, .T. ) ;
#4270 = CARTESIAN_POINT ( 'NONE',  ( -0.003439171656184904138, 0.000000000000000000, 0.000000000000000000 ) ) ;
#4271 = VERTEX_POINT ( 'NONE', #842 ) ;
#4273 = AXIS2_PLACEMENT_3D ( 'NONE', #889, #7422, #7382 ) ;
#4272 = APPROVAL ( #109, 'UNSPECIFIED' ) ;
#4274 = VERTEX_POINT ( 'NONE', #3429 ) ;
#4275 = FACE_OUTER_BOUND ( 'NONE', #2514, .T. ) ;
#4276 = EDGE_CURVE ( 'NONE', #5631, #3585, #6026, .T. ) ;
#4277 = CARTESIAN_POINT ( 'NONE',  ( -0.09468133244882191712, 2.733484621254359315, -2.011190783799170934 ) ) ;
#4278 = FACE_OUTER_BOUND ( 'NONE', #2098, .T. ) ;
#4279 = DIRECTION ( 'NONE',  ( 0.000000000000000000, -1.000000000000000000, -8.736275805729906965E-17 ) ) ;
#4280 = EDGE_CURVE ( 'NONE', #7173, #7034, #4743, .T. ) ;
#4281 = VERTEX_POINT ( 'NONE', #3986 ) ;
#4282 = DIRECTION ( 'NONE',  ( 1.000000000000000000, 0.000000000000000000, 0.000000000000000000 ) ) ;
#4283 = CARTESIAN_POINT ( 'NONE',  ( 1.549995677804209437, -2.119030242950740384, -2.916594915329096427 ) ) ;
#4284 = ADVANCED_FACE ( 'NONE', ( #885 ), #5370, .F. ) ;
#4285 = CIRCLE ( 'NONE', #2923, 4.360605680090435143 ) ;
#4286 = DIRECTION ( 'NONE',  ( 1.000000000000000000, -0.000000000000000000, -0.000000000000000000 ) ) ;
#4287 = CARTESIAN_POINT ( 'NONE',  ( -5.250000000000000000, 0.7135254915624219541, -0.7006292692220362772 ) ) ;
#4288 = DIRECTION ( 'NONE',  ( 0.000000000000000000, 0.9961946980917455452, -0.08715574274765836016 ) ) ;
#4289 = DIRECTION ( 'NONE',  ( -0.8660254037844380415, 0.4980973490458738273, -0.04357787137382927029 ) ) ;
#4290 = VECTOR ( 'NONE', #2350, 39.37007874015748143 ) ;
#4291 = CARTESIAN_POINT ( 'NONE',  ( 1.549995677804209659, 2.848721405383343027E-17, 0.000000000000000000 ) ) ;
#4292 = ORIENTED_EDGE ( 'NONE', *, *, #2195, .T. ) ;
#4293 = CONICAL_SURFACE ( 'NONE', #3608, 3.605109578176981522, 0.5235987755983000369 ) ;
#4294 = AXIS2_PLACEMENT_3D ( 'NONE', #5085, #2666, #1860 ) ;
#4295 = LINE ( 'NONE', #1110, #7864 ) ;
#4296 = CARTESIAN_POINT ( 'NONE',  ( -0.01701700490451286962, -1.634164925564209012E-16, 0.000000000000000000 ) ) ;
#4297 = ORIENTED_EDGE ( 'NONE', *, *, #1531, .T. ) ;
#4298 = DIRECTION ( 'NONE',  ( -1.000000000000000000, -0.000000000000000000, -0.000000000000000000 ) ) ;
#4299 = ORIENTED_EDGE ( 'NONE', *, *, #5097, .T. ) ;
#4300 = VERTEX_POINT ( 'NONE', #2024 ) ;
#4301 = DIRECTION ( 'NONE',  ( 1.000000000000000000, 0.000000000000000000, 0.000000000000000000 ) ) ;
#4302 = CARTESIAN_POINT ( 'NONE',  ( -0.01701700490451257125, 3.142316772863997798, -1.381204732799931278 ) ) ;
#4303 = VECTOR ( 'NONE', #4152, 39.37007874015748143 ) ;
#4304 = DIRECTION ( 'NONE',  ( -0.000000000000000000, 0.5000000000000102141, 0.8660254037844328234 ) ) ;
#4305 = ORIENTED_EDGE ( 'NONE', *, *, #5814, .F. ) ;
#4306 = DIRECTION ( 'NONE',  ( -0.8660254037844380415, -0.4980973490458738273, 0.04357787137382927029 ) ) ;
#4307 = DIRECTION ( 'NONE',  ( 0.000000000000000000, 0.5877852522924742473, -0.8090169943749465631 ) ) ;
#4308 = EDGE_LOOP ( 'NONE', ( #3541, #2732, #4485, #7361 ) ) ;
#4309 = CARTESIAN_POINT ( 'NONE',  ( 1.549995677804209659, 2.848721405383343027E-17, 0.000000000000000000 ) ) ;
#4310 = ORIENTED_EDGE ( 'NONE', *, *, #3180, .F. ) ;
#4311 = VERTEX_POINT ( 'NONE', #4613 ) ;
#4312 = CARTESIAN_POINT ( 'NONE',  ( 0.2465608283438172066, 0.000000000000000000, 0.000000000000000000 ) ) ;
#4313 = ADVANCED_FACE ( 'NONE', ( #4278 ), #1703, .T. ) ;
#4314 = PLANE ( 'NONE',  #2582 ) ;
#4315 = DIRECTION ( 'NONE',  ( 0.000000000000000000, -1.000000000000000000, 0.000000000000000000 ) ) ;
#4316 = DIRECTION ( 'NONE',  ( 0.000000000000000000, -0.8090169943749530024, 0.5877852522924653655 ) ) ;
#4317 = VERTEX_POINT ( 'NONE', #3590 ) ;
#4318 = CARTESIAN_POINT ( 'NONE',  ( -4.750000000000000000, 0.2499999999999999167, 0.9682458365518542553 ) ) ;
#4319 = EDGE_CURVE ( 'NONE', #6425, #4171, #8359, .T. ) ;
#4320 = DIRECTION ( 'NONE',  ( -1.000000000000000000, -1.224646799147352714E-16, 0.000000000000000000 ) ) ;
#4321 = CARTESIAN_POINT ( 'NONE',  ( 5.651087907391154571E-17, -2.351141009169908092, 3.236067977499778259 ) ) ;
#4322 = EDGE_CURVE ( 'NONE', #4122, #1967, #4993, .T. ) ;
#4323 = ADVANCED_FACE ( 'NONE', ( #419 ), #6224, .T. ) ;
#4324 = CARTESIAN_POINT ( 'NONE',  ( -0.01701700490451327902, 3.578984552909159115E-14, -3.432474503172795455 ) ) ;
#4325 = DIRECTION ( 'NONE',  ( -1.000000000000000000, -1.224646799147352714E-16, 0.000000000000000000 ) ) ;
#4326 = DIRECTION ( 'NONE',  ( -5.327103587645314361E-15, -0.8571673007021078927, -0.5150380749100614830 ) ) ;
#4327 = EDGE_CURVE ( 'NONE', #7406, #412, #5636, .T. ) ;
#4328 = EDGE_LOOP ( 'NONE', ( #3799, #6720, #1815, #5278, #7928, #7866, #2233, #2689, #6169, #3557, #855, #7812, #479, #170, #3887, #6919, #6972, #7484, #1236, #1653, #2961, #6732, #6006 ) ) ;
#4329 = AXIS2_PLACEMENT_3D ( 'NONE', #806, #852, #2673 ) ;
#4330 = DIRECTION ( 'NONE',  ( 0.000000000000000000, -0.9961946980917455452, 0.08715574274765842955 ) ) ;
#4331 = CARTESIAN_POINT ( 'NONE',  ( -7.000000000000000000, -0.5241031700295161189, 0.2224685967731461211 ) ) ;
#4332 = VERTEX_POINT ( 'NONE', #4953 ) ;
#4333 = AXIS2_PLACEMENT_3D ( 'NONE', #2636, #614, #5104 ) ;
#4334 = EDGE_LOOP ( 'NONE', ( #5408, #7019, #6907, #3062 ) ) ;
#4335 = CARTESIAN_POINT ( 'NONE',  ( -7.000000000000000000, -0.1759434355369921543, -0.5414982150262739324 ) ) ;
#4336 = ORIENTED_EDGE ( 'NONE', *, *, #3914, .F. ) ;
#4337 = AXIS2_PLACEMENT_3D ( 'NONE', #1055, #6271, #4955 ) ;
#4338 = AXIS2_PLACEMENT_3D ( 'NONE', #3049, #4320, #7631 ) ;
#4339 = EDGE_LOOP ( 'NONE', ( #6426, #8201, #2380, #7160 ) ) ;
#4340 = DIRECTION ( 'NONE',  ( 0.000000000000000000, 0.5150380749100552658, -0.8571673007021116675 ) ) ;
#4341 = VECTOR ( 'NONE', #2259, 39.37007874015748143 ) ;
#4342 = DIRECTION ( 'NONE',  ( -0.8660254037844380415, 0.2575190374550327954, -0.4285836503510539464 ) ) ;
#4343 = CARTESIAN_POINT ( 'NONE',  ( -0.2482449321572040568, 0.000000000000000000, 0.000000000000000000 ) ) ;
#4344 = ORIENTED_EDGE ( 'NONE', *, *, #6767, .F. ) ;
#4345 = DIRECTION ( 'NONE',  ( -1.000000000000000000, -0.000000000000000000, -0.000000000000000000 ) ) ;
#4346 = ORIENTED_EDGE ( 'NONE', *, *, #5098, .T. ) ;
#4347 = LINE ( 'NONE', #1129, #356 ) ;
#4348 = VERTEX_POINT ( 'NONE', #3631 ) ;
#4349 = ORIENTED_EDGE ( 'NONE', *, *, #8385, .F. ) ;
#4350 = DIRECTION ( 'NONE',  ( 0.000000000000000000, 0.08715574274764793794, 0.9961946980917465444 ) ) ;
#4351 = AXIS2_PLACEMENT_3D ( 'NONE', #2155, #207, #3301 ) ;
#4352 = DIRECTION ( 'NONE',  ( -0.000000000000000000, -0.3090169943749411785, -0.9510565162951556406 ) ) ;
#4353 = LINE ( 'NONE', #8086, #4820 ) ;
#4354 = ADVANCED_FACE ( 'NONE', ( #8208 ), #7542, .T. ) ;
#4355 = CARTESIAN_POINT ( 'NONE',  ( 1.549995677804209437, -1.213262969563917659, -2.858268437213582924 ) ) ;
#4356 = VECTOR ( 'NONE', #1719, 39.37007874015748143 ) ;
#4357 = ORIENTED_EDGE ( 'NONE', *, *, #6183, .F. ) ;
#4358 = ORIENTED_EDGE ( 'NONE', *, *, #6723, .T. ) ;
#4359 = CARTESIAN_POINT ( 'NONE',  ( -7.000000000000000888, -0.000000000000000000, 0.000000000000000000 ) ) ;
#4360 = CIRCLE ( 'NONE', #1524, 0.4999999999999998335 ) ;
#4361 = DIRECTION ( 'NONE',  ( 1.000000000000000000, 0.000000000000000000, 0.000000000000000000 ) ) ;
#4362 = AXIS2_PLACEMENT_3D ( 'NONE', #309, #2250, #7427 ) ;
#4363 = CARTESIAN_POINT ( 'NONE',  ( 1.549995677804209437, 0.9595316290531450409, -2.953134698135702507 ) ) ;
#4364 = AXIS2_PLACEMENT_3D ( 'NONE', #1664, #5566, #1189 ) ;
#4365 = DIRECTION ( 'NONE',  ( 0.000000000000000000, 0.8090169943749531134, -0.5877852522924653655 ) ) ;
#4366 = VECTOR ( 'NONE', #2020, 39.37007874015748143 ) ;
#4367 = TOROIDAL_SURFACE ( 'NONE', #4640, 3.924635337491860998, 0.5000000000000000000 ) ;
#4368 = LINE ( 'NONE', #4878, #6132 ) ;
#4369 = EDGE_CURVE ( 'NONE', #2040, #245, #2240, .T. ) ;
#4370 = CARTESIAN_POINT ( 'NONE',  ( -0.01701700490451218614, -1.634164925564208026E-16, 0.000000000000000000 ) ) ;
#4371 = EDGE_CURVE ( 'NONE', #7397, #7948, #8129, .T. ) ;
#4372 = AXIS2_PLACEMENT_3D ( 'NONE', #7800, #6697, #3577 ) ;
#4373 = EDGE_CURVE ( 'NONE', #3438, #619, #1088, .T. ) ;
#4374 = DIRECTION ( 'NONE',  ( 0.000000000000000000, -1.000000000000000000, -3.491481338843133355E-15 ) ) ;
#4375 = DIRECTION ( 'NONE',  ( -0.000000000000000000, -3.346785393192879941E-17, 1.000000000000000000 ) ) ;
#4376 = ORIENTED_EDGE ( 'NONE', *, *, #3594, .T. ) ;
#4377 = VERTEX_POINT ( 'NONE', #2918 ) ;
#4378 = AXIS2_PLACEMENT_3D ( 'NONE', #794, #290, #5387 ) ;
#4379 = DIRECTION ( 'NONE',  ( 1.000000000000000000, 0.000000000000000000, 0.000000000000000000 ) ) ;
#4380 = CONICAL_SURFACE ( 'NONE', #1809, 0.4561405019143418560, 0.4461670167513162588 ) ;
#4381 = ORIENTED_EDGE ( 'NONE', *, *, #4008, .T. ) ;
#4382 = EDGE_CURVE ( 'NONE', #2384, #151, #2402, .T. ) ;
#4383 = ORIENTED_EDGE ( 'NONE', *, *, #1733, .F. ) ;
#4384 = EDGE_CURVE ( 'NONE', #1181, #566, #4353, .T. ) ;
#4385 = DIRECTION ( 'NONE',  ( 1.000000000000000000, 0.000000000000000000, 0.000000000000000000 ) ) ;
#4386 = EDGE_CURVE ( 'NONE', #630, #7173, #5227, .T. ) ;
#4387 = DIRECTION ( 'NONE',  ( 1.000000000000000000, 0.000000000000000000, 0.000000000000000000 ) ) ;
#4388 = CARTESIAN_POINT ( 'NONE',  ( 1.549995677804209437, 0.000000000000000000, 0.000000000000000000 ) ) ;
#4389 = ORIENTED_EDGE ( 'NONE', *, *, #6655, .T. ) ;
#4390 = LINE ( 'NONE', #1163, #841 ) ;
#4391 = ORIENTED_EDGE ( 'NONE', *, *, #6868, .F. ) ;
#4392 = FACE_OUTER_BOUND ( 'NONE', #3026, .T. ) ;
#4393 = ORIENTED_EDGE ( 'NONE', *, *, #8053, .T. ) ;
#4394 = ORIENTED_EDGE ( 'NONE', *, *, #5726, .T. ) ;
#4395 = FACE_OUTER_BOUND ( 'NONE', #5515, .T. ) ;
#4396 = ORIENTED_EDGE ( 'NONE', *, *, #1016, .T. ) ;
#4397 = CARTESIAN_POINT ( 'NONE',  ( 0.000000000000000000, 0.000000000000000000, 0.000000000000000000 ) ) ;
#4398 = CARTESIAN_POINT ( 'NONE',  ( -7.000000000000000000, 0.04357787137382740372, 0.4980973490458724950 ) ) ;
#4399 = AXIS2_PLACEMENT_3D ( 'NONE', #1276, #4577, #7169 ) ;
#4400 = DIRECTION ( 'NONE',  ( 0.000000000000000000, 0.8090169943749422332, 0.5877852522924802425 ) ) ;
#4401 = ORIENTED_EDGE ( 'NONE', *, *, #692, .T. ) ;
#4402 = ORIENTED_EDGE ( 'NONE', *, *, #3221, .T. ) ;
#4403 = DIRECTION ( 'NONE',  ( 0.000000000000000000, -0.9510565162951565288, 0.3090169943749382919 ) ) ;
#4404 = CARTESIAN_POINT ( 'NONE',  ( -0.01701700490451180103, -3.142316772864007124, 1.381204732799909296 ) ) ;
#4405 = DIRECTION ( 'NONE',  ( -0.000000000000000000, -0.3907311284892619474, -0.9205048534524453707 ) ) ;
#4406 = DIRECTION ( 'NONE',  ( 1.000000000000000000, -0.000000000000000000, -0.000000000000000000 ) ) ;
#4407 = DIRECTION ( 'NONE',  ( 1.224913629762582012E-16, -1.000000000000000000, 0.000000000000000000 ) ) ;
#4408 = CARTESIAN_POINT ( 'NONE',  ( -0.2482449321572029743, 3.527804100961084988, 2.563099709819953276 ) ) ;
#4409 = VECTOR ( 'NONE', #297, 39.37007874015748143 ) ;
#4410 = EDGE_CURVE ( 'NONE', #2476, #5574, #1159, .T. ) ;
#4411 = CARTESIAN_POINT ( 'NONE',  ( -0.2500000000000000000, -0.3749999999999769629, 3.294710654001984373 ) ) ;
#4412 = DIRECTION ( 'NONE',  ( 0.000000000000000000, 0.9510565162951533091, 0.3090169943749481729 ) ) ;
#4413 = ORIENTED_EDGE ( 'NONE', *, *, #8155, .T. ) ;
#4414 = ORIENTED_EDGE ( 'NONE', *, *, #6148, .F. ) ;
#4415 = CARTESIAN_POINT ( 'NONE',  ( -0.003439171656184630919, -3.175096684755352783, -2.306842772003637076 ) ) ;
#4416 = VECTOR ( 'NONE', #4866, 39.37007874015748143 ) ;
#4417 = VERTEX_POINT ( 'NONE', #1135 ) ;
#4418 = VECTOR ( 'NONE', #18, 39.37007874015748143 ) ;
#4419 = ORIENTED_EDGE ( 'NONE', *, *, #3865, .T. ) ;
#4420 = AXIS2_PLACEMENT_3D ( 'NONE', #4662, #4068, #6662 ) ;
#4421 = DIRECTION ( 'NONE',  ( -0.000000000000000000, 0.8571673007021061164, 0.5150380749100645916 ) ) ;
#4422 = EDGE_CURVE ( 'NONE', #7436, #6711, #3554, .T. ) ;
#4423 = DIRECTION ( 'NONE',  ( 1.000000000000000000, 0.000000000000000000, 0.000000000000000000 ) ) ;
#4424 = CARTESIAN_POINT ( 'NONE',  ( -0.2482449321572018641, 4.248843639012583218, 0.9809228453141923820 ) ) ;
#4425 = CIRCLE ( 'NONE', #8342, 0.5693649175925757921 ) ;
#4426 = EDGE_CURVE ( 'NONE', #4998, #6638, #6151, .T. ) ;
#4427 = EDGE_CURVE ( 'NONE', #3228, #1181, #5511, .T. ) ;
#4428 = ORIENTED_EDGE ( 'NONE', *, *, #6284, .T. ) ;
#4429 = DIRECTION ( 'NONE',  ( 8.797911715786014202E-17, -1.000000000000000000, 0.000000000000000000 ) ) ;
#4430 = VERTEX_POINT ( 'NONE', #7459 ) ;
#4431 = ADVANCED_FACE ( 'NONE', ( #4241 ), #6995, .T. ) ;
#4432 = ORIENTED_EDGE ( 'NONE', *, *, #4008, .F. ) ;
#4433 = VERTEX_POINT ( 'NONE', #1014 ) ;
#4434 = CARTESIAN_POINT ( 'NONE',  ( 1.549995677804209437, 0.000000000000000000, 0.000000000000000000 ) ) ;
#4435 = AXIS2_PLACEMENT_3D ( 'NONE', #2749, #6748, #8003 ) ;
#4436 = ORIENTED_EDGE ( 'NONE', *, *, #8344, .F. ) ;
#4437 = FACE_OUTER_BOUND ( 'NONE', #2779, .T. ) ;
#4438 = CARTESIAN_POINT ( 'NONE',  ( 0.2465608283438159853, 4.564394043226764756E-14, -4.357648039384080185 ) ) ;
#4439 = CARTESIAN_POINT ( 'NONE',  ( 1.549995677804209437, 0.000000000000000000, 0.000000000000000000 ) ) ;
#4440 = ORIENTED_EDGE ( 'NONE', *, *, #1871, .F. ) ;
#4441 = ORIENTED_EDGE ( 'NONE', *, *, #6202, .F. ) ;
#4442 = DIRECTION ( 'NONE',  ( 0.000000000000000000, 0.5877852522924684742, 0.8090169943749506709 ) ) ;
#4443 = CARTESIAN_POINT ( 'NONE',  ( 0.2465608283438162074, 0.9802575209189723360, -4.245961802445909150 ) ) ;
#4444 = DIRECTION ( 'NONE',  ( 0.000000000000000000, -0.9510565162951500895, -0.3090169943749581649 ) ) ;
#4445 = DIRECTION ( 'NONE',  ( 8.797911715786014202E-17, -1.000000000000000000, 0.000000000000000000 ) ) ;
#4446 = DIRECTION ( 'NONE',  ( 1.000000000000000000, 1.224646799147352714E-16, -0.000000000000000000 ) ) ;
#4447 = LINE ( 'NONE', #2625, #5730 ) ;
#4448 = DIRECTION ( 'NONE',  ( 0.8944271909999158554, -0.4472135954999580387, 5.476786982642029942E-17 ) ) ;
#4449 = AXIS2_PLACEMENT_3D ( 'NONE', #3546, #6862, #1763 ) ;
#4450 = CARTESIAN_POINT ( 'NONE',  ( -4.750000000000000000, 0.000000000000000000, 0.000000000000000000 ) ) ;
#4451 = DIRECTION ( 'NONE',  ( -8.797911715786014202E-17, 1.000000000000000000, 0.000000000000000000 ) ) ;
#4452 = ORIENTED_EDGE ( 'NONE', *, *, #5254, .F. ) ;
#4453 = FACE_OUTER_BOUND ( 'NONE', #1685, .T. ) ;
#4454 = VERTEX_POINT ( 'NONE', #4438 ) ;
#4455 = CARTESIAN_POINT ( 'NONE',  ( -0.01701700490451222084, 2.767316772863989360, -2.030723785638255841 ) ) ;
#4456 = AXIS2_PLACEMENT_3D ( 'NONE', #7891, #2078, #4665 ) ;
#4457 = EDGE_CURVE ( 'NONE', #4508, #3634, #5915, .T. ) ;
#4458 = VERTEX_POINT ( 'NONE', #7075 ) ;
#4459 = ORIENTED_EDGE ( 'NONE', *, *, #5681, .T. ) ;
#4460 = PLANE ( 'NONE',  #7135 ) ;
#4461 = DIRECTION ( 'NONE',  ( 0.000000000000000000, -0.5877852522924803536, 0.8090169943749422332 ) ) ;
#4462 = VECTOR ( 'NONE', #1124, 39.37007874015748143 ) ;
#4463 = CIRCLE ( 'NONE', #814, 0.4999999999999996114 ) ;
#4464 = DIRECTION ( 'NONE',  ( 0.000000000000000000, 0.9510565162951544194, -0.3090169943749447312 ) ) ;
#4465 = ORIENTED_EDGE ( 'NONE', *, *, #2039, .F. ) ;
#4466 = AXIS2_PLACEMENT_3D ( 'NONE', #6152, #1768, #6314 ) ;
#4467 = TOROIDAL_SURFACE ( 'NONE', #2708, 3.432474503172795455, 0.5000000000000000000 ) ;
#4468 = CARTESIAN_POINT ( 'NONE',  ( 0.2500000000000000000, -0.7500000000000001110, -3.577751011229654510E-16 ) ) ;
#4469 = EDGE_CURVE ( 'NONE', #1546, #6049, #1259, .T. ) ;
#4470 = ORIENTED_EDGE ( 'NONE', *, *, #1563, .F. ) ;
#4471 = CIRCLE ( 'NONE', #4333, 0.1250000000000000278 ) ;
#4472 = ORIENTED_EDGE ( 'NONE', *, *, #7544, .T. ) ;
#4473 = ORIENTED_EDGE ( 'NONE', *, *, #7638, .F. ) ;
#4474 = CARTESIAN_POINT ( 'NONE',  ( -0.01701700490451314371, 3.344500404030144480, 0.7721387584971565188 ) ) ;
#4475 = EDGE_CURVE ( 'NONE', #6476, #6559, #5074, .T. ) ;
#4476 = EDGE_CURVE ( 'NONE', #3207, #6768, #5034, .T. ) ;
#4477 = CONICAL_SURFACE ( 'NONE', #2031, 4.000000000000000000, 0.4636476090008060935 ) ;
#4478 = ADVANCED_FACE ( 'NONE', ( #3889 ), #586, .F. ) ;
#4479 = AXIS2_PLACEMENT_3D ( 'NONE', #227, #5955, #6120 ) ;
#4480 = ORIENTED_EDGE ( 'NONE', *, *, #4457, .F. ) ;
#4481 = DIRECTION ( 'NONE',  ( -0.8719406851971467365, -0.4877484013468666446, 0.04267245577074344626 ) ) ;
#4482 = DIRECTION ( 'NONE',  ( 0.000000000000000000, 0.000000000000000000, -1.000000000000000000 ) ) ;
#4483 = DIRECTION ( 'NONE',  ( -8.797911715786014202E-17, 1.000000000000000000, 0.000000000000000000 ) ) ;
#4484 = B_SPLINE_CURVE_WITH_KNOTS ( 'NONE', 3,
 ( #3580, #6176, #367, #7496 ),
 .UNSPECIFIED., .F., .F.,
 ( 4, 4 ),
 ( 2.238962861360278669E-07, 0.006624761260749998694 ),
 .UNSPECIFIED. ) ;
#4485 = ORIENTED_EDGE ( 'NONE', *, *, #4373, .T. ) ;
#4486 = CIRCLE ( 'NONE', #2723, 0.1250000000000000000 ) ;
#4487 = ORIENTED_EDGE ( 'NONE', *, *, #1017, .F. ) ;
#4488 = DIRECTION ( 'NONE',  ( -0.8719406851971467365, 0.2877864313974812238, 0.3961040411324188715 ) ) ;
#4489 = EDGE_CURVE ( 'NONE', #4281, #6561, #7663, .T. ) ;
#4490 = DIRECTION ( 'NONE',  ( 0.8944271909999158554, -0.3833368704919833392, -0.2303320292999053442 ) ) ;
#4491 = FACE_OUTER_BOUND ( 'NONE', #178, .T. ) ;
#4492 = CARTESIAN_POINT ( 'NONE',  ( -7.087718996171313179, 0.000000000000000000, -0.4561405019143418560 ) ) ;
#4493 = CIRCLE ( 'NONE', #7875, 0.4999999999999995559 ) ;
#4494 = CARTESIAN_POINT ( 'NONE',  ( -7.000000000000000000, -0.4297051579498680218, 0.3735369949770430131 ) ) ;
#4495 = DIRECTION ( 'NONE',  ( -0.8660254037844379305, -0.4045084971874761126, 0.2938926261462348477 ) ) ;
#4496 = DIRECTION ( 'NONE',  ( 1.000000000000000000, -0.000000000000000000, -0.000000000000000000 ) ) ;
#4497 = AXIS2_PLACEMENT_3D ( 'NONE', #1912, #7772, #6466 ) ;
#4498 = AXIS2_PLACEMENT_3D ( 'NONE', #2127, #7391, #7899 ) ;
#4499 = AXIS2_PLACEMENT_3D ( 'NONE', #7668, #1266, #7204 ) ;
#4500 = CARTESIAN_POINT ( 'NONE',  ( 1.549995677804209437, 1.825137616804525909, 2.512086418141605826 ) ) ;
#4501 = CARTESIAN_POINT ( 'NONE',  ( -7.000000000000000000, 0.2932446110782077064, -0.4880409895273051801 ) ) ;
#4502 = VERTEX_POINT ( 'NONE', #4398 ) ;
#4503 = DIRECTION ( 'NONE',  ( -1.000000000000000000, 0.000000000000000000, 0.000000000000000000 ) ) ;
#4504 = VERTEX_POINT ( 'NONE', #3165 ) ;
#4505 = DIRECTION ( 'NONE',  ( 1.000000000000000000, 0.000000000000000000, 0.000000000000000000 ) ) ;
#4506 = VECTOR ( 'NONE', #1991, 39.37007874015748854 ) ;
#4507 = VERTEX_POINT ( 'NONE', #2566 ) ;
#4508 = VERTEX_POINT ( 'NONE', #5117 ) ;
#4509 = CARTESIAN_POINT ( 'NONE',  ( -0.01701700490451234227, -0.3750000000000000555, -3.411928518438119173 ) ) ;
#4510 = DIRECTION ( 'NONE',  ( -0.000000000000000000, -0.8571673007021098911, -0.5150380749100582634 ) ) ;
#4511 = VECTOR ( 'NONE', #881, 39.37007874015748143 ) ;
#4512 = EDGE_CURVE ( 'NONE', #1164, #612, #1168, .T. ) ;
#4513 = CARTESIAN_POINT ( 'NONE',  ( -4.750000000000000000, -0.7135254915624213989, 0.7006292692220368323 ) ) ;
#4514 = VECTOR ( 'NONE', #7404, 39.37007874015748143 ) ;
#4515 = EDGE_LOOP ( 'NONE', ( #3282, #4132, #2830, #6029 ) ) ;
#4516 = CARTESIAN_POINT ( 'NONE',  ( 1.549995677804209659, 2.848721405383343027E-17, 0.000000000000000000 ) ) ;
#4517 = ORIENTED_EDGE ( 'NONE', *, *, #3032, .T. ) ;
#4518 = EDGE_LOOP ( 'NONE', ( #3058, #6859, #1769, #5118, #1929 ) ) ;
#4519 = ORIENTED_EDGE ( 'NONE', *, *, #6194, .F. ) ;
#4520 = CARTESIAN_POINT ( 'NONE',  ( -0.01701700490451214104, 3.142316772864025776, 1.381204732799865553 ) ) ;
#4521 = EDGE_CURVE ( 'NONE', #245, #6693, #2793, .T. ) ;
#4522 = ORIENTED_EDGE ( 'NONE', *, *, #3652, .T. ) ;
#4523 = DIRECTION ( 'NONE',  ( 1.000000000000000000, 0.000000000000000000, 0.000000000000000000 ) ) ;
#4524 = FACE_OUTER_BOUND ( 'NONE', #657, .T. ) ;
#4525 = CC_DESIGN_DATE_AND_TIME_ASSIGNMENT ( #4727, #5458, ( #4835 ) ) ;
#4526 = LINE ( 'NONE', #2486, #2843 ) ;
#4527 = ORIENTED_EDGE ( 'NONE', *, *, #2973, .T. ) ;
#4528 = EDGE_LOOP ( 'NONE', ( #330, #5155, #3879, #3034 ) ) ;
#4529 = CARTESIAN_POINT ( 'NONE',  ( -4.750000000000000000, 0.000000000000000000, 0.000000000000000000 ) ) ;
#4530 = DIRECTION ( 'NONE',  ( 0.000000000000000000, -0.4999999999999980016, 0.8660254037844398178 ) ) ;
#4531 = EDGE_CURVE ( 'NONE', #6315, #630, #2650, .T. ) ;
#4532 = CARTESIAN_POINT ( 'NONE',  ( -0.01701700490451339004, 2.017557891834896644, 2.776930205825499876 ) ) ;
#4533 = DIRECTION ( 'NONE',  ( -1.000000000000000000, -1.224646799147352714E-16, 0.000000000000000000 ) ) ;
#4534 = EDGE_CURVE ( 'NONE', #714, #4724, #2254, .T. ) ;
#4535 = EDGE_CURVE ( 'NONE', #6130, #1374, #2383, .T. ) ;
#4536 = DIRECTION ( 'NONE',  ( 1.000000000000000000, 1.224646799147352714E-16, -0.000000000000000000 ) ) ;
#4537 = EDGE_CURVE ( 'NONE', #8197, #110, #8070, .T. ) ;
#4538 = DIRECTION ( 'NONE',  ( 0.000000000000000000, 0.000000000000000000, 1.000000000000000000 ) ) ;
#4539 = ADVANCED_FACE ( 'NONE', ( #4524 ), #5643, .T. ) ;
#4540 = CARTESIAN_POINT ( 'NONE',  ( 0.2500000000000000000, -3.007966137197506384, -1.303637357132031438 ) ) ;
#4541 = CARTESIAN_POINT ( 'NONE',  ( 1.549995677804209437, -3.428662956283297536, 1.114040126240562811 ) ) ;
#4542 = CARTESIAN_POINT ( 'NONE',  ( -0.003439171656184357700, 0.000000000000000000, 0.000000000000000000 ) ) ;
#4543 = ORIENTED_EDGE ( 'NONE', *, *, #1924, .T. ) ;
#4544 = CARTESIAN_POINT ( 'NONE',  ( -0.2482449321572040568, 0.000000000000000000, 0.000000000000000000 ) ) ;
#4545 = ORIENTED_EDGE ( 'NONE', *, *, #6251, .F. ) ;
#4546 = CARTESIAN_POINT ( 'NONE',  ( -0.003439171656184630919, 3.909700915152901413, -0.3420545078528100524 ) ) ;
#4547 = VERTEX_POINT ( 'NONE', #506 ) ;
#4548 = AXIS2_PLACEMENT_3D ( 'NONE', #1729, #6866, #7418 ) ;
#4549 = ORIENTED_EDGE ( 'NONE', *, *, #5459, .T. ) ;
#4550 = MANIFOLD_SOLID_BREP ( 'Cut-Revolve2', #1434 ) ;
#4551 = DIRECTION ( 'NONE',  ( 1.224646799147352714E-16, -1.000000000000000000, 0.000000000000000000 ) ) ;
#4552 = FACE_BOUND ( 'NONE', #1917, .T. ) ;
#4554 = AXIS2_PLACEMENT_3D ( 'NONE', #7117, #1176, #626 ) ;
#4553 = DIRECTION ( 'NONE',  ( 0.000000000000000000, 0.5877852522924624790, 0.8090169943749551118 ) ) ;
#4555 = VERTEX_POINT ( 'NONE', #5204 ) ;
#4556 = ORIENTED_EDGE ( 'NONE', *, *, #3184, .F. ) ;
#4557 = AXIS2_PLACEMENT_3D ( 'NONE', #7564, #1751, #1123 ) ;
#4558 = EDGE_LOOP ( 'NONE', ( #7874, #5361, #5378, #5031, #7448, #3210, #113, #202 ) ) ;
#4559 = VERTEX_POINT ( 'NONE', #1851 ) ;
#4560 = FACE_OUTER_BOUND ( 'NONE', #6241, .T. ) ;
#4561 = APPROVAL_STATUS ( 'not_yet_approved' ) ;
#4562 = AXIS2_PLACEMENT_3D ( 'NONE', #7114, #7702, #5925 ) ;
#4563 = ORIENTED_EDGE ( 'NONE', *, *, #1061, .T. ) ;
#4564 = CARTESIAN_POINT ( 'NONE',  ( -7.000000000000000000, -0.1759434355369997316, 0.5414982150262716010 ) ) ;
#4565 = CARTESIAN_POINT ( 'NONE',  ( 32.48811272890738877, 3.817313815881797202E-15, 0.000000000000000000 ) ) ;
#4566 = DIRECTION ( 'NONE',  ( 1.000000000000000000, 0.000000000000000000, 0.000000000000000000 ) ) ;
#4567 = ORIENTED_EDGE ( 'NONE', *, *, #3602, .T. ) ;
#4568 = ADVANCED_FACE ( 'NONE', ( #6486 ), #86, .T. ) ;
#4569 = ORIENTED_EDGE ( 'NONE', *, *, #5560, .F. ) ;
#4570 = CARTESIAN_POINT ( 'NONE',  ( 0.2465608283438159576, 3.525411319366388518, 2.561361252231177943 ) ) ;
#4571 = CARTESIAN_POINT ( 'NONE',  ( 1.549995677804209437, -3.090182045861277871, -1.856768696984096634 ) ) ;
#4572 = CARTESIAN_POINT ( 'NONE',  ( 0.2500000000000000000, 1.292839910290862981, -1.179434172117763469 ) ) ;
#4573 = CARTESIAN_POINT ( 'NONE',  ( -7.000000000000000888, 0.000000000000000000, 0.000000000000000000 ) ) ;
#4574 = FACE_OUTER_BOUND ( 'NONE', #1556, .T. ) ;
#4575 = DIRECTION ( 'NONE',  ( -0.000000000000000000, -0.8660254037844391517, 0.4999999999999991673 ) ) ;
#4576 = ADVANCED_FACE ( 'NONE', ( #3119 ), #7131, .T. ) ;
#4577 = DIRECTION ( 'NONE',  ( 0.000000000000000000, 0.9743700647852344687, 0.2249510543438691113 ) ) ;
#4578 = ADVANCED_FACE ( 'NONE', ( #1976 ), #7536, .F. ) ;
#4579 = EDGE_CURVE ( 'NONE', #2979, #4454, #6319, .T. ) ;
#4580 = FACE_OUTER_BOUND ( 'NONE', #6265, .T. ) ;
#4581 = CARTESIAN_POINT ( 'NONE',  ( -0.2482449321572051393, 0.000000000000000000, 0.000000000000000000 ) ) ;
#4582 = VERTEX_POINT ( 'NONE', #6815 ) ;
#4583 = EDGE_CURVE ( 'NONE', #4096, #6689, #1978, .T. ) ;
#4584 = DIRECTION ( 'NONE',  ( -1.000000000000000000, -1.224646799147352714E-16, 0.000000000000000000 ) ) ;
#4585 = VERTEX_POINT ( 'NONE', #4977 ) ;
#4586 = CARTESIAN_POINT ( 'NONE',  ( -7.000000000000000000, -0.3346643017336308201, -0.4606258943332884326 ) ) ;
#4587 = AXIS2_PLACEMENT_3D ( 'NONE', #1072, #2381, #7561 ) ;
#4588 = VERTEX_POINT ( 'NONE', #3029 ) ;
#4589 = CARTESIAN_POINT ( 'NONE',  ( 0.2329829950954881435, -1.990873088686146319, 3.313369233464121599 ) ) ;
#4590 = FACE_BOUND ( 'NONE', #2970, .T. ) ;
#4591 = CARTESIAN_POINT ( 'NONE',  ( 0.000000000000000000, -4.279754323328200272, 1.390576474687235331 ) ) ;
#4592 = ORIENTED_EDGE ( 'NONE', *, *, #8352, .T. ) ;
#4593 = VERTEX_POINT ( 'NONE', #6976 ) ;
#4594 = ORIENTED_EDGE ( 'NONE', *, *, #2697, .F. ) ;
#4595 = VERTEX_POINT ( 'NONE', #3575 ) ;
#4596 = ORIENTED_EDGE ( 'NONE', *, *, #2775, .F. ) ;
#4597 = PLANE ( 'NONE',  #3473 ) ;
#4598 = CIRCLE ( 'NONE', #5553, 1.750000000000000000 ) ;
#4599 = AXIS2_PLACEMENT_3D ( 'NONE', #34, #5719, #1301 ) ;
#4600 = ORIENTED_EDGE ( 'NONE', *, *, #2452, .F. ) ;
#4601 = CARTESIAN_POINT ( 'NONE',  ( -4.750000000000000000, -0.9635254915624212879, 0.2676165673298173675 ) ) ;
#4602 = DIRECTION ( 'NONE',  ( 0.000000000000000000, 0.3090169943749480619, -0.9510565162951534202 ) ) ;
#4603 = VECTOR ( 'NONE', #4342, 39.37007874015748143 ) ;
#4604 = DIRECTION ( 'NONE',  ( 0.000000000000000000, 0.5150380749100643696, -0.8571673007021062274 ) ) ;
#4605 = ORIENTED_EDGE ( 'NONE', *, *, #1563, .T. ) ;
#4606 = CIRCLE ( 'NONE', #7190, 3.865487205065014198 ) ;
#4607 = ORIENTED_EDGE ( 'NONE', *, *, #5213, .F. ) ;
#4608 = LINE ( 'NONE', #5807, #715 ) ;
#4609 = DIRECTION ( 'NONE',  ( 1.000000000000000000, 0.000000000000000000, 0.000000000000000000 ) ) ;
#4610 = AXIS2_PLACEMENT_3D ( 'NONE', #215, #6713, #5353 ) ;
#4611 = EDGE_CURVE ( 'NONE', #5871, #5588, #551, .T. ) ;
#4612 = DIRECTION ( 'NONE',  ( 1.000000000000000000, 1.224646799147352714E-16, -0.000000000000000000 ) ) ;
#4613 = CARTESIAN_POINT ( 'NONE',  ( -0.2500000000000000000, -1.292839910290879191, -1.179434172117745483 ) ) ;
#4614 = FACE_OUTER_BOUND ( 'NONE', #4528, .T. ) ;
#4615 = CARTESIAN_POINT ( 'NONE',  ( -7.000000000000000000, -0.2224685967731445113, -0.5241031700295167850 ) ) ;
#4616 = CIRCLE ( 'NONE', #2863, 3.105109578176981966 ) ;
#4617 = CIRCLE ( 'NONE', #7208, 1.750000000000000222 ) ;
#4618 = DIRECTION ( 'NONE',  ( -1.000000000000000000, -1.224646799147352714E-16, 0.000000000000000000 ) ) ;
#4619 = EDGE_CURVE ( 'NONE', #1911, #5538, #2425, .T. ) ;
#4620 = DIRECTION ( 'NONE',  ( -0.000000000000000000, -0.9205048534524414849, 0.3907311284892713843 ) ) ;
#4621 = ORIENTED_EDGE ( 'NONE', *, *, #4730, .F. ) ;
#4622 = DIRECTION ( 'NONE',  ( 0.000000000000000000, 0.000000000000000000, 1.000000000000000000 ) ) ;
#4623 = ORIENTED_EDGE ( 'NONE', *, *, #539, .F. ) ;
#4624 = DIRECTION ( 'NONE',  ( 0.000000000000000000, 0.000000000000000000, -1.000000000000000000 ) ) ;
#4625 = VECTOR ( 'NONE', #2765, 39.37007874015748143 ) ;
#4626 = EDGE_CURVE ( 'NONE', #5494, #1854, #1752, .T. ) ;
#4627 = ORIENTED_EDGE ( 'NONE', *, *, #2665, .T. ) ;
#4628 = CIRCLE ( 'NONE', #4232, 3.315983005625052549 ) ;
#4629 = CIRCLE ( 'NONE', #4498, 0.2500000000000000000 ) ;
#4630 = EDGE_CURVE ( 'NONE', #3562, #3829, #278, .T. ) ;
#4631 = DIRECTION ( 'NONE',  ( 0.000000000000000000, 0.2249510543438655585, -0.9743700647852351349 ) ) ;
#4632 = AXIS2_PLACEMENT_3D ( 'NONE', #5740, #3142, #4451 ) ;
#4633 = DIRECTION ( 'NONE',  ( 0.000000000000000000, 0.3907311284892679426, 0.9205048534524428172 ) ) ;
#4634 = EDGE_CURVE ( 'NONE', #4317, #2117, #5582, .T. ) ;
#4635 = CARTESIAN_POINT ( 'NONE',  ( -4.750000000000000000, 1.471132980980841998, 0.5606838879882135585 ) ) ;
#4636 = EDGE_LOOP ( 'NONE', ( #57, #2229, #661, #3908 ) ) ;
#4637 = CIRCLE ( 'NONE', #8275, 0.4999999999999997780 ) ;
#4638 = AXIS2_PLACEMENT_3D ( 'NONE', #2837, #4828, #298 ) ;
#4639 = CARTESIAN_POINT ( 'NONE',  ( 0.2329829950954873385, -1.328003225777370155E-16, 0.000000000000000000 ) ) ;
#4640 = AXIS2_PLACEMENT_3D ( 'NONE', #5767, #6997, #5852 ) ;
#4641 = EDGE_CURVE ( 'NONE', #5467, #5138, #4896, .T. ) ;
#4642 = EDGE_CURVE ( 'NONE', #690, #8197, #5704, .T. ) ;
#4643 = VERTEX_POINT ( 'NONE', #1630 ) ;
#4644 = ORIENTED_EDGE ( 'NONE', *, *, #1825, .T. ) ;
#4645 = ADVANCED_FACE ( 'NONE', ( #3707 ), #2312, .T. ) ;
#4646 = ORIENTED_EDGE ( 'NONE', *, *, #1371, .T. ) ;
#4647 = CARTESIAN_POINT ( 'NONE',  ( -4.750000000000000000, -0.7135254915624213989, 0.7006292692220368323 ) ) ;
#4648 = CALENDAR_DATE ( 2026, 3, 3 ) ;
#4649 = AXIS2_PLACEMENT_3D ( 'NONE', #7164, #999, #1551 ) ;
#4650 = MANIFOLD_SOLID_BREP ( 'Boss-Extrude1', #7669 ) ;
#4651 = ORIENTED_EDGE ( 'NONE', *, *, #4843, .F. ) ;
#4652 = CARTESIAN_POINT ( 'NONE',  ( -7.000000000000000000, 0.4880409895273084553, 0.2932446110782024329 ) ) ;
#4653 = PLANE ( 'NONE',  #7405 ) ;
#4654 = CARTESIAN_POINT ( 'NONE',  ( -4.750000000000000000, 0.000000000000000000, 0.000000000000000000 ) ) ;
#4655 = ORIENTED_EDGE ( 'NONE', *, *, #3393, .F. ) ;
#4656 = ORIENTED_EDGE ( 'NONE', *, *, #7333, .T. ) ;
#4657 = CARTESIAN_POINT ( 'NONE',  ( -5.250000000000000000, -1.010856956957003838, -0.8722936708061450606 ) ) ;
#4658 = CARTESIAN_POINT ( 'NONE',  ( -5.250000000000000000, 0.000000000000000000, 0.000000000000000000 ) ) ;
#4659 = VECTOR ( 'NONE', #3754, 39.37007874015748854 ) ;
#4660 = CARTESIAN_POINT ( 'NONE',  ( 0.2329829950954867834, -3.865487205065014642, 0.000000000000000000 ) ) ;
#4661 = FACE_OUTER_BOUND ( 'NONE', #2544, .T. ) ;
#4662 = CARTESIAN_POINT ( 'NONE',  ( -0.2500000000000000000, -0.7500000000000001110, -3.577751011229654510E-16 ) ) ;
#4663 = DIRECTION ( 'NONE',  ( -0.000000000000000000, 1.310441370859486538E-16, -1.000000000000000000 ) ) ;
#4664 = CARTESIAN_POINT ( 'NONE',  ( -0.1723424495515878951, -2.699646941586209437, 1.991654590333985508 ) ) ;
#4665 = DIRECTION ( 'NONE',  ( -8.797911715786014202E-17, 1.000000000000000000, 0.000000000000000000 ) ) ;
#4666 = DIRECTION ( 'NONE',  ( 0.000000000000000000, 0.8660254037844383745, 0.5000000000000004441 ) ) ;
#4667 = ORIENTED_EDGE ( 'NONE', *, *, #734, .F. ) ;
#4668 = DIRECTION ( 'NONE',  ( -0.8660254037844380415, 0.1545084971874726987, 0.4755282581475782644 ) ) ;
#4669 = ORIENTED_EDGE ( 'NONE', *, *, #3215, .F. ) ;
#4670 = DIRECTION ( 'NONE',  ( -1.000000000000000000, -1.224646799147352714E-16, 0.000000000000000000 ) ) ;
#4671 = CARTESIAN_POINT ( 'NONE',  ( -4.750000000000000000, 1.221132980980842664, -0.9936965898804311914 ) ) ;
#4672 = CIRCLE ( 'NONE', #206, 3.105109578176981522 ) ;
#4673 = ORIENTED_EDGE ( 'NONE', *, *, #751, .T. ) ;
#4674 = ADVANCED_FACE ( 'NONE', ( #7607 ), #6513, .T. ) ;
#4675 = DIRECTION ( 'NONE',  ( 0.000000000000000000, -1.000000000000000000, -1.047444401652940007E-14 ) ) ;
#4676 = DIRECTION ( 'NONE',  ( -0.000000000000000000, -0.9961946980917458783, 0.08715574274765487683 ) ) ;
#4677 = LINE ( 'NONE', #7435, #3680 ) ;
#4678 = ORIENTED_EDGE ( 'NONE', *, *, #1146, .T. ) ;
#4679 = EDGE_LOOP ( 'NONE', ( #5317, #4393, #8246, #3517 ) ) ;
#4680 = ORIENTED_EDGE ( 'NONE', *, *, #5898, .F. ) ;
#4681 = ORIENTED_EDGE ( 'NONE', *, *, #8362, .T. ) ;
#4682 = EDGE_CURVE ( 'NONE', #5450, #4749, #5971, .T. ) ;
#4683 = VERTEX_POINT ( 'NONE', #528 ) ;
#4684 = DIRECTION ( 'NONE',  ( -0.8719406851971467365, -0.4506897813886108772, 0.1913064621224706552 ) ) ;
#4685 = AXIS2_PLACEMENT_3D ( 'NONE', #8198, #7498, #369 ) ;
#4686 = EDGE_CURVE ( 'NONE', #2944, #203, #3102, .T. ) ;
#4687 = VERTEX_POINT ( 'NONE', #402 ) ;
#4688 = CARTESIAN_POINT ( 'NONE',  ( 1.549995677804209437, -2.365164689263142161, -2.720810736403067143 ) ) ;
#4689 = VECTOR ( 'NONE', #5536, 39.37007874015748143 ) ;
#4690 = CIRCLE ( 'NONE', #4013, 3.105109578176981522 ) ;
#4691 = EDGE_CURVE ( 'NONE', #1251, #7775, #2311, .T. ) ;
#4692 = LINE ( 'NONE', #7872, #7946 ) ;
#4693 = CARTESIAN_POINT ( 'NONE',  ( -7.000000000000000000, -0.2932446110782040427, 0.4880409895273072896 ) ) ;
#4694 = ORIENTED_EDGE ( 'NONE', *, *, #3705, .T. ) ;
#4695 = VECTOR ( 'NONE', #5108, 39.37007874015748143 ) ;
#4696 = ORIENTED_EDGE ( 'NONE', *, *, #7846, .F. ) ;
#4697 = DIRECTION ( 'NONE',  ( 1.000000000000000000, 0.000000000000000000, -0.000000000000000000 ) ) ;
#4698 = DIRECTION ( 'NONE',  ( 0.000000000000000000, 0.000000000000000000, -1.000000000000000000 ) ) ;
#4699 = PLANE ( 'NONE',  #2323 ) ;
#4700 = CONICAL_SURFACE ( 'NONE', #6744, 3.605109578176981078, 0.5235987755983000369 ) ;
#4701 = CARTESIAN_POINT ( 'NONE',  ( 0.000000000000000000, 0.000000000000000000, 0.000000000000000000 ) ) ;
#4702 = FACE_OUTER_BOUND ( 'NONE', #4515, .T. ) ;
#4703 = CARTESIAN_POINT ( 'NONE',  ( 0.2500000000000000000, 0.000000000000000000, -0.6250000000000000000 ) ) ;
#4704 = ORIENTED_EDGE ( 'NONE', *, *, #7788, .T. ) ;
#4705 = ORIENTED_EDGE ( 'NONE', *, *, #6614, .F. ) ;
#4706 = CARTESIAN_POINT ( 'NONE',  ( -0.09468133244882191712, -2.733484621254373526, 2.011190783799152282 ) ) ;
#4707 = AXIS2_PLACEMENT_3D ( 'NONE', #3724, #2219, #6275 ) ;
#4708 = CARTESIAN_POINT ( 'NONE',  ( -7.000000000000000888, -0.000000000000000000, 0.000000000000000000 ) ) ;
#4709 = CARTESIAN_POINT ( 'NONE',  ( 1.549995677804209437, 2.953134698135726044, -0.9595316290530727654 ) ) ;
#4710 = ORIENTED_EDGE ( 'NONE', *, *, #5427, .T. ) ;
#4711 = DIRECTION ( 'NONE',  ( -0.8660254037844379305, 0.1545084971874793878, -0.4755282581475759329 ) ) ;
#4712 = ORIENTED_EDGE ( 'NONE', *, *, #7320, .F. ) ;
#4713 = DIRECTION ( 'NONE',  ( 0.000000000000000000, 0.000000000000000000, -1.000000000000000000 ) ) ;
#4714 = LINE ( 'NONE', #350, #2332 ) ;
#4715 = ORIENTED_EDGE ( 'NONE', *, *, #120, .F. ) ;
#4716 = DIRECTION ( 'NONE',  ( 0.000000000000000000, 0.8660254037844382635, 0.5000000000000005551 ) ) ;
#4717 = CARTESIAN_POINT ( 'NONE',  ( -7.000000000000000000, 0.4045084971874772783, -0.2938926261462309619 ) ) ;
#4718 = DIRECTION ( 'NONE',  ( 1.000000000000000000, 0.000000000000000000, 0.000000000000000000 ) ) ;
#4719 = ORIENTED_EDGE ( 'NONE', *, *, #5050, .F. ) ;
#4720 = EDGE_LOOP ( 'NONE', ( #3805, #5189, #3775, #4001, #4855, #1193, #4108, #1169 ) ) ;
#4721 = EDGE_CURVE ( 'NONE', #629, #6375, #1039, .T. ) ;
#4722 = VERTEX_POINT ( 'NONE', #6212 ) ;
#4723 = ORIENTED_EDGE ( 'NONE', *, *, #3497, .T. ) ;
#4724 = VERTEX_POINT ( 'NONE', #8157 ) ;
#4725 = DIRECTION ( 'NONE',  ( 0.000000000000000000, 0.000000000000000000, 1.000000000000000000 ) ) ;
#4726 = VECTOR ( 'NONE', #8366, 39.37007874015748854 ) ;
#4727 = DATE_AND_TIME ( #1973, #2668 ) ;
#4728 = CARTESIAN_POINT ( 'NONE',  ( -0.2406238026544916808, 2.545304406801268904, 2.928037776344603493 ) ) ;
#4729 = ORIENTED_EDGE ( 'NONE', *, *, #1109, .F. ) ;
#4730 = EDGE_CURVE ( 'NONE', #3398, #1549, #2351, .T. ) ;
#4731 = DIRECTION ( 'NONE',  ( 0.000000000000000000, 0.000000000000000000, -1.000000000000000000 ) ) ;
#4732 = DIRECTION ( 'NONE',  ( -1.000000000000000000, 0.000000000000000000, 0.000000000000000000 ) ) ;
#4733 = CARTESIAN_POINT ( 'NONE',  ( -7.000000000000000000, 0.5671983121851674747, -0.04962342228724022503 ) ) ;
#4734 = AXIS2_PLACEMENT_3D ( 'NONE', #3559, #6113, #4246 ) ;
#4735 = ORIENTED_EDGE ( 'NONE', *, *, #3124, .F. ) ;
#4736 = EDGE_CURVE ( 'NONE', #4417, #2944, #1351, .T. ) ;
#4737 = ORIENTED_EDGE ( 'NONE', *, *, #8355, .F. ) ;
#4738 = CARTESIAN_POINT ( 'NONE',  ( 0.2465608283438161241, -3.525411319366368978, -2.561361252231203700 ) ) ;
#4739 = CARTESIAN_POINT ( 'NONE',  ( -4.750000000000000000, -0.2500000000000003886, -0.9682458365518541443 ) ) ;
#4740 = ADVANCED_FACE ( 'NONE', ( #3874 ), #5826, .T. ) ;
#4741 = VECTOR ( 'NONE', #1676, 39.37007874015748143 ) ;
#4742 = CARTESIAN_POINT ( 'NONE',  ( -0.09468133244882188937, 3.108484621254366864, -1.361671730960846149 ) ) ;
#4743 = LINE ( 'NONE', #7967, #7938 ) ;
#4744 = DIRECTION ( 'NONE',  ( 0.000000000000000000, 0.000000000000000000, 1.000000000000000000 ) ) ;
#4745 = CONICAL_SURFACE ( 'NONE', #3249, 3.605109578176981966, 0.5235987755983000369 ) ;
#4746 = DIRECTION ( 'NONE',  ( 0.000000000000000000, 0.5000000000000001110, -0.8660254037844385966 ) ) ;
#4747 = VECTOR ( 'NONE', #5660, 39.37007874015748143 ) ;
#4748 = EDGE_CURVE ( 'NONE', #5916, #4582, #3314, .T. ) ;
#4749 = VERTEX_POINT ( 'NONE', #1964 ) ;
#4750 = CARTESIAN_POINT ( 'NONE',  ( -0.01701700490451247064, -3.264477243259463979, 1.060692954239076835 ) ) ;
#4751 = AXIS2_PLACEMENT_3D ( 'NONE', #2898, #6884, #1704 ) ;
#4752 = DIRECTION ( 'NONE',  ( -1.000000000000000000, -1.224646799147352714E-16, 0.000000000000000000 ) ) ;
#4753 = CARTESIAN_POINT ( 'NONE',  ( -4.750000000000000000, 0.2499999999999998612, 1.554380477868644972 ) ) ;
#4754 = ORIENTED_EDGE ( 'NONE', *, *, #7596, .T. ) ;
#4755 = CARTESIAN_POINT ( 'NONE',  ( 0.2500000000000000000, 0.000000000000000000, 0.000000000000000000 ) ) ;
#4756 = LINE ( 'NONE', #4586, #568 ) ;
#4757 = DIRECTION ( 'NONE',  ( 1.000000000000000000, 0.000000000000000000, 0.000000000000000000 ) ) ;
#4758 = ORIENTED_EDGE ( 'NONE', *, *, #12, .T. ) ;
#4759 = AXIS2_PLACEMENT_3D ( 'NONE', #6902, #7417, #6831 ) ;
#4760 = DIRECTION ( 'NONE',  ( -1.000000000000000000, -1.224646799147352714E-16, 0.000000000000000000 ) ) ;
#4761 = PLANE ( 'NONE',  #3521 ) ;
#4762 = CARTESIAN_POINT ( 'NONE',  ( -0.2406238026544916253, -1.908004274696309122E-16, 0.000000000000000000 ) ) ;
#4763 = ORIENTED_EDGE ( 'NONE', *, *, #4785, .F. ) ;
#4764 = ORIENTED_EDGE ( 'NONE', *, *, #2096, .T. ) ;
#4765 = AXIS2_PLACEMENT_3D ( 'NONE', #4688, #789, #3419 ) ;
#4766 = ORIENTED_EDGE ( 'NONE', *, *, #7398, .F. ) ;
#4767 = AXIS2_PLACEMENT_3D ( 'NONE', #943, #5407, #2132 ) ;
#4768 = ORIENTED_EDGE ( 'NONE', *, *, #7338, .F. ) ;
#4769 = ORIENTED_EDGE ( 'NONE', *, *, #1184, .F. ) ;
#4770 = LINE ( 'NONE', #7277, #5237 ) ;
#4771 = EDGE_CURVE ( 'NONE', #3906, #5796, #5291, .T. ) ;
#4772 = AXIS2_PLACEMENT_3D ( 'NONE', #686, #5626, #8194 ) ;
#4773 = AXIS2_PLACEMENT_3D ( 'NONE', #5445, #4757, #6037 ) ;
#4774 = VECTOR ( 'NONE', #5849, 39.37007874015748143 ) ;
#4775 = LINE ( 'NONE', #6092, #2210 ) ;
#4776 = AXIS2_PLACEMENT_3D ( 'NONE', #8380, #2577, #1309 ) ;
#4777 = ORIENTED_EDGE ( 'NONE', *, *, #3856, .T. ) ;
#4778 = DIRECTION ( 'NONE',  ( -8.797911715786014202E-17, 1.000000000000000000, 0.000000000000000000 ) ) ;
#4779 = CARTESIAN_POINT ( 'NONE',  ( 0.1610010175967984680, -2.677759646921687331, -1.979017954867564155 ) ) ;
#4780 = FACE_OUTER_BOUND ( 'NONE', #1406, .T. ) ;
#4781 = ORIENTED_EDGE ( 'NONE', *, *, #2926, .F. ) ;
#4782 = EDGE_LOOP ( 'NONE', ( #390, #4299, #6393, #4607 ) ) ;
#4783 = CARTESIAN_POINT ( 'NONE',  ( -0.003439171656184494309, -3.732550011803855039, -1.212779016009471800 ) ) ;
#4784 = CIRCLE ( 'NONE', #1396, 4.360605680090435143 ) ;
#4785 = EDGE_CURVE ( 'NONE', #3438, #5880, #7735, .T. ) ;
#4786 = CARTESIAN_POINT ( 'NONE',  ( 0.2329829950954873385, 1.194501237904048718, -3.676296795032609310 ) ) ;
#4787 = EDGE_CURVE ( 'NONE', #6011, #4137, #8127, .T. ) ;
#4788 = LINE ( 'NONE', #7377, #6119 ) ;
#4789 = DIRECTION ( 'NONE',  ( 1.000000000000000000, 0.000000000000000000, 0.000000000000000000 ) ) ;
#4790 = AXIS2_PLACEMENT_3D ( 'NONE', #2553, #656, #5146 ) ;
#4791 = DIRECTION ( 'NONE',  ( -0.8719406851971467365, -0.4656482275021727180, 0.1512982806313904749 ) ) ;
#4792 = CARTESIAN_POINT ( 'NONE',  ( -5.250000000000000000, -1.260856956957004060, -0.4392809689139260398 ) ) ;
#4793 = ORIENTED_EDGE ( 'NONE', *, *, #7680, .F. ) ;
#4794 = DIRECTION ( 'NONE',  ( 0.000000000000000000, 0.5877852522924684742, 0.8090169943749507819 ) ) ;
#4795 = EDGE_CURVE ( 'NONE', #7792, #2979, #678, .T. ) ;
#4796 = CARTESIAN_POINT ( 'NONE',  ( -0.2406238026544916253, -1.908004274696309122E-16, 0.000000000000000000 ) ) ;
#4797 = ADVANCED_FACE ( 'NONE', ( #4552, #569, #1327, #98, #4590, #5064 ), #6380, .F. ) ;
#4798 = EDGE_CURVE ( 'NONE', #6761, #3677, #3388, .T. ) ;
#4799 = LINE ( 'NONE', #7256, #451 ) ;
#4800 = ORIENTED_EDGE ( 'NONE', *, *, #7647, .F. ) ;
#4801 = DIRECTION ( 'NONE',  ( 1.000000000000000000, 1.224646799147352714E-16, -0.000000000000000000 ) ) ;
#4802 = DIRECTION ( 'NONE',  ( 0.000000000000000000, 0.5877852522924653655, 0.8090169943749531134 ) ) ;
#4803 = CARTESIAN_POINT ( 'NONE',  ( 0.2465608283438158743, -0.9802575209189429151, 4.245961802445917144 ) ) ;
#4804 = EDGE_CURVE ( 'NONE', #2679, #2531, #7586, .T. ) ;
#4805 = VERTEX_POINT ( 'NONE', #8314 ) ;
#4806 = DIRECTION ( 'NONE',  ( -1.000000000000000000, -1.224646799147352714E-16, 0.000000000000000000 ) ) ;
#4807 = CARTESIAN_POINT ( 'NONE',  ( -0.003439171656184494309, 0.000000000000000000, 0.000000000000000000 ) ) ;
#4808 = ORIENTED_EDGE ( 'NONE', *, *, #7341, .F. ) ;
#4809 = CONICAL_SURFACE ( 'NONE', #8315, 3.605109578176981522, 0.5235987755983000369 ) ;
#4810 = LINE ( 'NONE', #4177, #2416 ) ;
#4811 = ORIENTED_EDGE ( 'NONE', *, *, #4531, .F. ) ;
#4812 = EDGE_LOOP ( 'NONE', ( #3263, #4053 ) ) ;
#4813 = CARTESIAN_POINT ( 'NONE',  ( 1.549995677804209659, 2.848721405383343027E-17, 0.000000000000000000 ) ) ;
#4814 = CARTESIAN_POINT ( 'NONE',  ( -0.2500000000000000000, -0.3749999999999879541, 1.709349291397170623 ) ) ;
#4815 = ORIENTED_EDGE ( 'NONE', *, *, #5265, .F. ) ;
#4816 = LINE ( 'NONE', #2989, #303 ) ;
#4817 = DIRECTION ( 'NONE',  ( -1.000000000000000000, -0.000000000000000000, 0.000000000000000000 ) ) ;
#4818 = DIRECTION ( 'NONE',  ( -0.8660254037844380415, -1.745740669421570030E-15, 0.5000000000000009992 ) ) ;
#4819 = VERTEX_POINT ( 'NONE', #2511 ) ;
#4820 = VECTOR ( 'NONE', #1603, 39.37007874015748143 ) ;
#4821 = ORIENTED_EDGE ( 'NONE', *, *, #6458, .F. ) ;
#4822 = CARTESIAN_POINT ( 'NONE',  ( 0.2500000000000000000, 0.000000000000000000, 0.000000000000000000 ) ) ;
#4823 = DIRECTION ( 'NONE',  ( 1.000000000000000000, 0.000000000000000000, 0.000000000000000000 ) ) ;
#4824 = DIRECTION ( 'NONE',  ( -0.8719406851971467365, -0.1101386278683174208, 0.4770628094383531637 ) ) ;
#4825 = CARTESIAN_POINT ( 'NONE',  ( -0.01701700490451184614, -2.767316772864018226, -2.030723785638217649 ) ) ;
#4826 = EDGE_CURVE ( 'NONE', #3504, #5183, #4471, .T. ) ;
#4827 = AXIS2_PLACEMENT_3D ( 'NONE', #2477, #3073, #3878 ) ;
#4828 = DIRECTION ( 'NONE',  ( -0.000000000000000000, 0.7547095802227782313, -0.6560590289905001704 ) ) ;
#4829 = CIRCLE ( 'NONE', #1718, 3.105109578176981078 ) ;
#4830 = VERTEX_POINT ( 'NONE', #7691 ) ;
#4831 = PLANE ( 'NONE',  #3311 ) ;
#4832 = TOROIDAL_SURFACE ( 'NONE', #3340, 3.432474503172795899, 0.5000000000000000000 ) ;
#4833 = AXIS2_PLACEMENT_3D ( 'NONE', #2286, #5040, #5604 ) ;
#4834 = DIRECTION ( 'NONE',  ( 0.000000000000000000, 0.000000000000000000, -1.000000000000000000 ) ) ;
#4835 = SECURITY_CLASSIFICATION ( '', '', #663 ) ;
#4836 = DIRECTION ( 'NONE',  ( 1.000000000000000000, 0.000000000000000000, 0.000000000000000000 ) ) ;
#4837 = ORIENTED_EDGE ( 'NONE', *, *, #7167, .F. ) ;
#4838 = CARTESIAN_POINT ( 'NONE',  ( 0.000000000000000000, 1.390576474687251540, 4.279754323328195831 ) ) ;
#4839 = PLANE ( 'NONE',  #7879 ) ;
#4840 = EDGE_CURVE ( 'NONE', #5958, #5892, #2567, .T. ) ;
#4841 = PLANE ( 'NONE',  #5721 ) ;
#4842 = EDGE_LOOP ( 'NONE', ( #7555, #5878, #2886, #871 ) ) ;
#4843 = EDGE_CURVE ( 'NONE', #7974, #6130, #2004, .T. ) ;
#4845 = EDGE_CURVE ( 'NONE', #1674, #4588, #4207, .T. ) ;
#4844 = AXIS2_PLACEMENT_3D ( 'NONE', #5896, #5808, #3810 ) ;
#4846 = ADVANCED_FACE ( 'NONE', ( #7652 ), #7060, .F. ) ;
#4847 = CARTESIAN_POINT ( 'NONE',  ( -0.003439171656184494309, -1.533477194327042659, -3.612645876192229100 ) ) ;
#4848 = CARTESIAN_POINT ( 'NONE',  ( 0.2500000000000000000, 0.7500000000000001110, -1.740780812508624576E-16 ) ) ;
#4849 = VERTEX_POINT ( 'NONE', #6429 ) ;
#4850 = DIRECTION ( 'NONE',  ( 0.000000000000000000, 0.9205048534524428172, -0.3907311284892679426 ) ) ;
#4851 = ORIENTED_EDGE ( 'NONE', *, *, #2498, .T. ) ;
#4852 = ORIENTED_EDGE ( 'NONE', *, *, #2297, .T. ) ;
#4853 = LINE ( 'NONE', #2226, #7941 ) ;
#4854 = CARTESIAN_POINT ( 'NONE',  ( -0.01701700490451243247, 0.3750000000000239808, 3.411928518438116509 ) ) ;
#4855 = ORIENTED_EDGE ( 'NONE', *, *, #2559, .T. ) ;
#4856 = CARTESIAN_POINT ( 'NONE',  ( -4.750000000000000000, 1.221132980980841554, 0.9936965898804327457 ) ) ;
#4857 = DIRECTION ( 'NONE',  ( 0.000000000000000000, -1.310441370859486538E-16, 1.000000000000000000 ) ) ;
#4858 = ORIENTED_EDGE ( 'NONE', *, *, #2888, .T. ) ;
#4859 = CARTESIAN_POINT ( 'NONE',  ( -0.2500000000000000000, 0.000000000000000000, -0.7500000000000001110 ) ) ;
#4860 = VECTOR ( 'NONE', #4350, 39.37007874015747433 ) ;
#4861 = ORIENTED_EDGE ( 'NONE', *, *, #1161, .T. ) ;
#4862 = EDGE_LOOP ( 'NONE', ( #1673, #3352, #7860, #5333 ) ) ;
#4863 = CARTESIAN_POINT ( 'NONE',  ( -7.000000000000000888, 0.000000000000000000, 0.000000000000000000 ) ) ;
#4864 = DIRECTION ( 'NONE',  ( 0.000000000000000000, -0.3090169943749349613, -0.9510565162951575280 ) ) ;
#4865 = FACE_OUTER_BOUND ( 'NONE', #7949, .T. ) ;
#4866 = DIRECTION ( 'NONE',  ( -0.8719406851971467365, -0.3961040411324158184, -0.2877864313974856647 ) ) ;
#4867 = DIRECTION ( 'NONE',  ( 0.8944271909999158554, -1.561437923165045011E-15, 0.4472135954999580387 ) ) ;
#4868 = ORIENTED_EDGE ( 'NONE', *, *, #8102, .F. ) ;
#4869 = DIRECTION ( 'NONE',  ( 0.000000000000000000, 0.3090169943749411230, 0.9510565162951556406 ) ) ;
#4870 = VECTOR ( 'NONE', #6449, 39.37007874015748854 ) ;
#4871 = CIRCLE ( 'NONE', #5284, 3.278312163512968613 ) ;
#4872 = EDGE_CURVE ( 'NONE', #7987, #5920, #7720, .T. ) ;
#4873 = DIRECTION ( 'NONE',  ( 1.000000000000000000, 0.000000000000000000, 0.000000000000000000 ) ) ;
#4874 = CARTESIAN_POINT ( 'NONE',  ( 0.2500000000000000000, 0.000000000000000000, 0.000000000000000000 ) ) ;
#4875 = VECTOR ( 'NONE', #4400, 39.37007874015748143 ) ;
#4876 = CIRCLE ( 'NONE', #4338, 3.879688098672754215 ) ;
#4877 = ORIENTED_EDGE ( 'NONE', *, *, #5829, .T. ) ;
#4878 = CARTESIAN_POINT ( 'NONE',  ( 0.2500000000000000000, -0.3749999999999879541, 1.709349291397170623 ) ) ;
#4879 = CARTESIAN_POINT ( 'NONE',  ( 1.549995677804209659, 2.848721405383343027E-17, 0.000000000000000000 ) ) ;
#4880 = DIRECTION ( 'NONE',  ( 0.000000000000000000, -0.9510565162951565288, 0.3090169943749382919 ) ) ;
#4881 = AXIS2_PLACEMENT_3D ( 'NONE', #7267, #7904, #2089 ) ;
#4882 = ORIENTED_EDGE ( 'NONE', *, *, #911, .F. ) ;
#4883 = AXIS2_PLACEMENT_3D ( 'NONE', #1386, #3980, #5630 ) ;
#4884 = ADVANCED_FACE ( 'NONE', ( #188 ), #6786, .T. ) ;
#4885 = CARTESIAN_POINT ( 'NONE',  ( -4.750000000000000000, -0.2500000000000001110, 1.554380477868644972 ) ) ;
#4886 = VECTOR ( 'NONE', #6964, 39.37007874015748143 ) ;
#4887 = CARTESIAN_POINT ( 'NONE',  ( -0.01701700490451244982, 3.264477243259456873, 1.060692954239100816 ) ) ;
#4888 = EDGE_LOOP ( 'NONE', ( #3356, #669, #7497, #4669 ) ) ;
#4889 = ADVANCED_FACE ( 'NONE', ( #1449 ), #276, .T. ) ;
#4890 = CARTESIAN_POINT ( 'NONE',  ( 0.2329829950954870610, 2.272076372062459715, 3.127244840436519180 ) ) ;
#4891 = ORIENTED_EDGE ( 'NONE', *, *, #4537, .F. ) ;
#4892 = CIRCLE ( 'NONE', #5030, 0.4999999999999999445 ) ;
#4893 = ORIENTED_EDGE ( 'NONE', *, *, #129, .T. ) ;
#4894 = DIRECTION ( 'NONE',  ( 1.000000000000000000, 1.224646799147352714E-16, -0.000000000000000000 ) ) ;
#4895 = ADVANCED_FACE ( 'NONE', ( #904 ), #5275, .F. ) ;
#4896 = LINE ( 'NONE', #8190, #4462 ) ;
#4897 = DIRECTION ( 'NONE',  ( 0.000000000000000000, -0.8090169943749445647, -0.5877852522924770229 ) ) ;
#4898 = CIRCLE ( 'NONE', #2190, 0.4999999999999998335 ) ;
#4899 = EDGE_CURVE ( 'NONE', #3077, #3615, #3487, .T. ) ;
#4900 = ADVANCED_FACE ( 'NONE', ( #818 ), #866, .F. ) ;
#4901 = ORIENTED_EDGE ( 'NONE', *, *, #2256, .F. ) ;
#4902 = DIRECTION ( 'NONE',  ( 1.000000000000000000, 1.224646799147352714E-16, -0.000000000000000000 ) ) ;
#4903 = FACE_OUTER_BOUND ( 'NONE', #6177, .T. ) ;
#4904 = ORIENTED_EDGE ( 'NONE', *, *, #2823, .T. ) ;
#4905 = FACE_OUTER_BOUND ( 'NONE', #620, .T. ) ;
#4906 = ADVANCED_FACE ( 'NONE', ( #8027 ), #2711, .T. ) ;
#4907 = ORIENTED_EDGE ( 'NONE', *, *, #2810, .F. ) ;
#4908 = CIRCLE ( 'NONE', #4497, 3.879688098672754215 ) ;
#4909 = AXIS2_PLACEMENT_3D ( 'NONE', #84, #600, #5812 ) ;
#4910 = ORIENTED_EDGE ( 'NONE', *, *, #7081, .F. ) ;
#4911 = CARTESIAN_POINT ( 'NONE',  ( 0.2329829950954876161, 1.194501237903996760, 3.676296795032626630 ) ) ;
#4912 = CONICAL_SURFACE ( 'NONE', #5596, 3.105109578176981078, 0.5235987755983000369 ) ;
#4913 = LINE ( 'NONE', #3551, #5167 ) ;
#4914 = VECTOR ( 'NONE', #1312, 39.37007874015748143 ) ;
#4915 = CARTESIAN_POINT ( 'NONE',  ( -6.881966011250094439, 2.459041548932307072E-15, 0.000000000000000000 ) ) ;
#4916 = CARTESIAN_POINT ( 'NONE',  ( -0.2406238026544921527, 3.864924714147442320, -0.3381370978690743101 ) ) ;
#4917 = CONICAL_SURFACE ( 'NONE', #41, 3.105109578176981078, 0.5235987755983000369 ) ;
#4918 = ORIENTED_EDGE ( 'NONE', *, *, #5475, .F. ) ;
#4919 = CARTESIAN_POINT ( 'NONE',  ( -7.000000000000000000, -0.4606258943332822153, -0.3346643017336393133 ) ) ;
#4920 = LINE ( 'NONE', #6360, #7992 ) ;
#4921 = CARTESIAN_POINT ( 'NONE',  ( -5.083421215911310576, 0.2499999999999999722, -1.392689916474673995 ) ) ;
#4922 = VECTOR ( 'NONE', #4264, 39.37007874015748143 ) ;
#4923 = FACE_OUTER_BOUND ( 'NONE', #2169, .T. ) ;
#4924 = CARTESIAN_POINT ( 'NONE',  ( -7.000000000000000000, 0.5241031700295174511, -0.2224685967731426794 ) ) ;
#4925 = DIRECTION ( 'NONE',  ( -0.8660254037844380415, -0.1545084971874694513, -0.4755282581475792081 ) ) ;
#4926 = DIRECTION ( 'NONE',  ( -0.000000000000000000, 0.5150380749100615940, -0.8571673007021078927 ) ) ;
#4927 = ORIENTED_EDGE ( 'NONE', *, *, #648, .T. ) ;
#4928 = LINE ( 'NONE', #1667, #7059 ) ;
#4929 = AXIS2_PLACEMENT_3D ( 'NONE', #622, #8285, #5797 ) ;
#4930 = ORIENTED_EDGE ( 'NONE', *, *, #6868, .T. ) ;
#4931 = CARTESIAN_POINT ( 'NONE',  ( -0.01701700490451274472, -3.264477243259449324, -1.060692954239123909 ) ) ;
#4932 = B_SPLINE_CURVE_WITH_KNOTS ( 'NONE', 3,
 ( #3173, #7763, #1951, #3898 ),
 .UNSPECIFIED., .F., .F.,
 ( 4, 4 ),
 ( 0.04942635399935425139, 0.05605089122098692173 ),
 .UNSPECIFIED. ) ;
#4933 = ADVANCED_FACE ( 'NONE', ( #2854 ), #4761, .T. ) ;
#4934 = ORIENTED_EDGE ( 'NONE', *, *, #184, .T. ) ;
#4935 = ORIENTED_EDGE ( 'NONE', *, *, #6277, .F. ) ;
#4936 = DIRECTION ( 'NONE',  ( 0.000000000000000000, 0.8571673007021117785, 0.5150380749100551547 ) ) ;
#4937 = DIRECTION ( 'NONE',  ( 0.000000000000000000, -0.9510565162951500895, -0.3090169943749582204 ) ) ;
#4938 = DIRECTION ( 'NONE',  ( 0.8944271909999157444, 0.1381966011250153337, -0.4253254041760183846 ) ) ;
#4939 = VERTEX_POINT ( 'NONE', #2131 ) ;
#4940 = CARTESIAN_POINT ( 'NONE',  ( 0.000000000000000000, -4.482876141412854842, 0.3922008423644626207 ) ) ;
#4941 = CARTESIAN_POINT ( 'NONE',  ( 0.2465608283438172066, 0.000000000000000000, 0.000000000000000000 ) ) ;
#4942 = EDGE_CURVE ( 'NONE', #7901, #5871, #5364, .T. ) ;
#4943 = ORIENTED_EDGE ( 'NONE', *, *, #7014, .T. ) ;
#4944 = CARTESIAN_POINT ( 'NONE',  ( -0.2482449321572040568, -3.290990882338103329, 2.860814728290603792 ) ) ;
#4945 = ORIENTED_EDGE ( 'NONE', *, *, #6506, .T. ) ;
#4946 = CIRCLE ( 'NONE', #1287, 3.879688098672754215 ) ;
#4947 = ORIENTED_EDGE ( 'NONE', *, *, #2407, .T. ) ;
#4948 = LINE ( 'NONE', #6309, #2287 ) ;
#4949 = EDGE_CURVE ( 'NONE', #6526, #7230, #3110, .T. ) ;
#4950 = EDGE_CURVE ( 'NONE', #3163, #2814, #3791, .T. ) ;
#4951 = EDGE_CURVE ( 'NONE', #1459, #4430, #1226, .T. ) ;
#4952 = DIRECTION ( 'NONE',  ( 0.000000000000000000, 0.8571673007021116675, 0.5150380749100552658 ) ) ;
#4953 = CARTESIAN_POINT ( 'NONE',  ( 0.2329829950954873385, 3.127244840436544049, -2.272076372062425076 ) ) ;
#4954 = AXIS2_PLACEMENT_3D ( 'NONE', #2664, #5259, #7841 ) ;
#4955 = DIRECTION ( 'NONE',  ( 0.000000000000000000, -0.5877852522924769119, 0.8090169943749446757 ) ) ;
#4956 = CIRCLE ( 'NONE', #217, 1.750000000000000222 ) ;
#4957 = VERTEX_POINT ( 'NONE', #4717 ) ;
#4958 = CARTESIAN_POINT ( 'NONE',  ( 1.549995677804209437, 3.512710853246177489, 0.8109732006360803602 ) ) ;
#4959 = CARTESIAN_POINT ( 'NONE',  ( -7.000000000000000000, 0.2938926261462412870, -0.4045084971874697843 ) ) ;
#4960 = VECTOR ( 'NONE', #1299, 39.37007874015748854 ) ;
#4961 = DIRECTION ( 'NONE',  ( 0.000000000000000000, 0.5877852522924825740, -0.8090169943749405679 ) ) ;
#4962 = CARTESIAN_POINT ( 'NONE',  ( -0.003439171656184767528, 2.306842772003602438, 3.175096684755378540 ) ) ;
#4963 = DIRECTION ( 'NONE',  ( 0.8660254037844379305, -0.4871850323926186221, -0.1124755271719329874 ) ) ;
#4964 = CARTESIAN_POINT ( 'NONE',  ( -0.2482449321572029743, -2.563099709819914196, -3.527804100961112077 ) ) ;
#4965 = AXIS2_PLACEMENT_3D ( 'NONE', #744, #873, #3322 ) ;
#4966 = CARTESIAN_POINT ( 'NONE',  ( -0.2482449321572040568, 0.000000000000000000, 0.000000000000000000 ) ) ;
#4967 = ORIENTED_EDGE ( 'NONE', *, *, #4826, .F. ) ;
#4968 = VECTOR ( 'NONE', #1596, 39.37007874015748854 ) ;
#4969 = CARTESIAN_POINT ( 'NONE',  ( 0.000000000000000000, -3.396193111002490106, 2.952265630457264312 ) ) ;
#4970 = FACE_OUTER_BOUND ( 'NONE', #7988, .T. ) ;
#4971 = ORIENTED_EDGE ( 'NONE', *, *, #5944, .T. ) ;
#4972 = ORIENTED_EDGE ( 'NONE', *, *, #5634, .F. ) ;
#4973 = LINE ( 'NONE', #1670, #6461 ) ;
#4974 = ORIENTED_EDGE ( 'NONE', *, *, #7289, .F. ) ;
#4975 = ORIENTED_EDGE ( 'NONE', *, *, #4025, .T. ) ;
#4976 = DIRECTION ( 'NONE',  ( -1.000000000000000000, -0.000000000000000000, 0.000000000000000000 ) ) ;
#4977 = CARTESIAN_POINT ( 'NONE',  ( 1.549995677804209437, -1.114040126240552153, -3.428662956283300645 ) ) ;
#4978 = VECTOR ( 'NONE', #7376, 39.37007874015748143 ) ;
#4979 = ADVANCED_FACE ( 'NONE', ( #4042 ), #6082, .F. ) ;
#4980 = CARTESIAN_POINT ( 'NONE',  ( 1.549995677804209437, -0.9595316290530830905, -2.953134698135722491 ) ) ;
#4981 = EDGE_LOOP ( 'NONE', ( #3099, #3704, #2640, #4048 ) ) ;
#4982 = CARTESIAN_POINT ( 'NONE',  ( 1.549995677804209437, 0.000000000000000000, 0.000000000000000000 ) ) ;
#4983 = CARTESIAN_POINT ( 'NONE',  ( -5.250000000000000000, -0.7135254915624213989, 0.7006292692220368323 ) ) ;
#4984 = ORIENTED_EDGE ( 'NONE', *, *, #2506, .T. ) ;
#4985 = CARTESIAN_POINT ( 'NONE',  ( -0.2482449321572040568, 0.000000000000000000, 0.000000000000000000 ) ) ;
#4986 = ADVANCED_FACE ( 'NONE', ( #6763 ), #3116, .T. ) ;
#4987 = EDGE_LOOP ( 'NONE', ( #7852, #6273, #8236, #2007 ) ) ;
#4988 = ORIENTED_EDGE ( 'NONE', *, *, #6607, .F. ) ;
#4989 = LINE ( 'NONE', #2362, #1471 ) ;
#4990 = ADVANCED_FACE ( 'NONE', ( #3405 ), #7310, .T. ) ;
#4991 = AXIS2_PLACEMENT_3D ( 'NONE', #3571, #6887, #5617 ) ;
#4992 = DIRECTION ( 'NONE',  ( -0.000000000000000000, 0.2249510543438724974, -0.9743700647852335806 ) ) ;
#4993 = LINE ( 'NONE', #7577, #7527 ) ;
#4994 = ADVANCED_FACE ( 'NONE', ( #4135 ), #4089, .T. ) ;
#4995 = DIRECTION ( 'NONE',  ( 0.8660254037844379305, 0.1545084971874760849, -0.4755282581475770431 ) ) ;
#4996 = ORIENTED_EDGE ( 'NONE', *, *, #7122, .F. ) ;
#4997 = EDGE_CURVE ( 'NONE', #321, #4502, #7432, .T. ) ;
#4998 = VERTEX_POINT ( 'NONE', #2377 ) ;
#4999 = LINE ( 'NONE', #4318, #3070 ) ;
#5000 = CARTESIAN_POINT ( 'NONE',  ( 1.549995677804209437, -1.408628533808550243, -3.318520863939804499 ) ) ;
#5001 = DIRECTION ( 'NONE',  ( 0.000000000000000000, -0.7547095802227755668, 0.6560590289905031680 ) ) ;
#5002 = FACE_OUTER_BOUND ( 'NONE', #3250, .T. ) ;
#5003 = EDGE_CURVE ( 'NONE', #2261, #2686, #7192, .T. ) ;
#5004 = CARTESIAN_POINT ( 'NONE',  ( 1.549995677804209437, 3.025525820853559811, 0.6984976734641475948 ) ) ;
#5005 = LINE ( 'NONE', #8219, #7450 ) ;
#5006 = CARTESIAN_POINT ( 'NONE',  ( 1.549995677804209437, -2.512086418141585398, -1.825137616804553664 ) ) ;
#5007 = EDGE_CURVE ( 'NONE', #6375, #3434, #5125, .T. ) ;
#5008 = AXIS2_PLACEMENT_3D ( 'NONE', #6836, #7510, #344 ) ;
#5009 = AXIS2_PLACEMENT_3D ( 'NONE', #7505, #3675, #3045 ) ;
#5010 = CYLINDRICAL_SURFACE ( 'NONE', #6379, 1.000000000000000000 ) ;
#5011 = DIRECTION ( 'NONE',  ( 0.000000000000000000, -0.3090169943749349613, -0.9510565162951576390 ) ) ;
#5012 = ORIENTED_EDGE ( 'NONE', *, *, #627, .F. ) ;
#5013 = AXIS2_PLACEMENT_3D ( 'NONE', #6634, #6595, #2770 ) ;
#5014 = ORIENTED_EDGE ( 'NONE', *, *, #6672, .F. ) ;
#5015 = FACE_OUTER_BOUND ( 'NONE', #3491, .T. ) ;
#5016 = ORIENTED_EDGE ( 'NONE', *, *, #2968, .F. ) ;
#5017 = CIRCLE ( 'NONE', #3114, 0.5000000000000002220 ) ;
#5018 = VECTOR ( 'NONE', #2549, 39.37007874015748143 ) ;
#5019 = EDGE_LOOP ( 'NONE', ( #7238, #3223, #6666, #7743, #1238, #6441, #3566, #8346 ) ) ;
#5020 = DIRECTION ( 'NONE',  ( 0.000000000000000000, 0.5877852522924770229, -0.8090169943749445647 ) ) ;
#5021 = DIRECTION ( 'NONE',  ( -0.000000000000000000, -0.000000000000000000, 1.000000000000000000 ) ) ;
#5022 = CARTESIAN_POINT ( 'NONE',  ( -7.000000000000000000, 0.3346643017336408676, -0.4606258943332811051 ) ) ;
#5023 = ORIENTED_EDGE ( 'NONE', *, *, #5528, .T. ) ;
#5024 = CARTESIAN_POINT ( 'NONE',  ( 1.549995677804209437, 0.000000000000000000, 0.000000000000000000 ) ) ;
#5025 = VERTEX_POINT ( 'NONE', #4885 ) ;
#5026 = PLANE ( 'NONE',  #6180 ) ;
#5027 = ORIENTED_EDGE ( 'NONE', *, *, #1121, .T. ) ;
#5028 = ORIENTED_EDGE ( 'NONE', *, *, #1881, .F. ) ;
#5029 = CARTESIAN_POINT ( 'NONE',  ( -7.000000000000000000, -0.04962342228723428533, -0.5671983121851680298 ) ) ;
#5030 = AXIS2_PLACEMENT_3D ( 'NONE', #250, #1472, #6619 ) ;
#5031 = ORIENTED_EDGE ( 'NONE', *, *, #1733, .T. ) ;
#5032 = CARTESIAN_POINT ( 'NONE',  ( -4.750000000000000000, 1.471132980980842664, -0.5606838879882116711 ) ) ;
#5033 = VECTOR ( 'NONE', #5401, 39.37007874015748854 ) ;
#5034 = LINE ( 'NONE', #5758, #900 ) ;
#5035 = CIRCLE ( 'NONE', #6802, 0.5000000000000000000 ) ;
#5036 = CONICAL_SURFACE ( 'NONE', #3684, 3.105109578176981078, 0.5235987755983000369 ) ;
#5037 = EDGE_LOOP ( 'NONE', ( #6603, #5876, #5147, #4592, #7234, #793, #4148, #4522 ) ) ;
#5038 = EDGE_CURVE ( 'NONE', #6693, #264, #5299, .T. ) ;
#5039 = ORIENTED_EDGE ( 'NONE', *, *, #2152, .T. ) ;
#5040 = DIRECTION ( 'NONE',  ( -0.000000000000000000, 1.000000000000000000, 1.310441370859486538E-16 ) ) ;
#5041 = AXIS2_PLACEMENT_3D ( 'NONE', #2899, #5489, #3019 ) ;
#5042 = CARTESIAN_POINT ( 'NONE',  ( -0.01701700490451259554, -1.634164925564208765E-16, 0.000000000000000000 ) ) ;
#5043 = AXIS2_PLACEMENT_3D ( 'NONE', #6161, #5564, #5647 ) ;
#5044 = CARTESIAN_POINT ( 'NONE',  ( 1.549995677804209437, 1.213262969563937421, 2.858268437213574487 ) ) ;
#5045 = CONICAL_SURFACE ( 'NONE', #5328, 0.4561405019143418560, 0.4461670167513162588 ) ;
#5046 = DIRECTION ( 'NONE',  ( 1.000000000000000000, 0.000000000000000000, 0.000000000000000000 ) ) ;
#5047 = CIRCLE ( 'NONE', #2341, 3.865487205065014198 ) ;
#5048 = CARTESIAN_POINT ( 'NONE',  ( 1.549995677804209437, 3.591391047819677773, -0.3142060029727121173 ) ) ;
#5049 = DIRECTION ( 'NONE',  ( 0.000000000000000000, -3.491481338843130594E-15, 1.000000000000000000 ) ) ;
#5050 = EDGE_CURVE ( 'NONE', #1866, #6315, #1638, .T. ) ;
#5051 = EDGE_CURVE ( 'NONE', #573, #5373, #4295, .T. ) ;
#5052 = AXIS2_PLACEMENT_3D ( 'NONE', #5828, #5791, #7229 ) ;
#5053 = EDGE_CURVE ( 'NONE', #6598, #5976, #3649, .T. ) ;
#5054 = ADVANCED_FACE ( 'NONE', ( #1029 ), #685, .T. ) ;
#5055 = CARTESIAN_POINT ( 'NONE',  ( 1.549995677804209437, 0.000000000000000000, 0.000000000000000000 ) ) ;
#5056 = DIRECTION ( 'NONE',  ( 0.000000000000000000, 0.000000000000000000, -1.000000000000000000 ) ) ;
#5057 = VERTEX_POINT ( 'NONE', #3018 ) ;
#5058 = EDGE_CURVE ( 'NONE', #7201, #6689, #316, .T. ) ;
#5059 = EDGE_LOOP ( 'NONE', ( #3572, #6301, #1241, #7111 ) ) ;
#5060 = DIRECTION ( 'NONE',  ( 0.000000000000000000, 0.9961946980917455452, -0.08715574274765842955 ) ) ;
#5061 = VERTEX_POINT ( 'NONE', #5614 ) ;
#5062 = VERTEX_POINT ( 'NONE', #8103 ) ;
#5063 = CARTESIAN_POINT ( 'NONE',  ( -7.000000000000000000, -0.3346643017336374815, 0.4606258943332835476 ) ) ;
#5064 = FACE_OUTER_BOUND ( 'NONE', #5756, .T. ) ;
#5065 = DIRECTION ( 'NONE',  ( 0.000000000000000000, 0.000000000000000000, 1.000000000000000000 ) ) ;
#5066 = ORIENTED_EDGE ( 'NONE', *, *, #7730, .T. ) ;
#5067 = CARTESIAN_POINT ( 'NONE',  ( -7.000000000000000000, -0.2224685967731445113, -0.5241031700295167850 ) ) ;
#5068 = EDGE_LOOP ( 'NONE', ( #4837, #421, #466, #7534, #5226, #2590, #8146, #664 ) ) ;
#5069 = VERTEX_POINT ( 'NONE', #8221 ) ;
#5070 = EDGE_LOOP ( 'NONE', ( #3290, #2019, #4391, #1746 ) ) ;
#5071 = CARTESIAN_POINT ( 'NONE',  ( 0.07199504484766092172, -2.722542741169262204, 2.004873486386572701 ) ) ;
#5072 = ORIENTED_EDGE ( 'NONE', *, *, #4489, .F. ) ;
#5073 = DIRECTION ( 'NONE',  ( 0.000000000000000000, -0.5877852522924649215, -0.8090169943749534465 ) ) ;
#5074 = LINE ( 'NONE', #8289, #223 ) ;
#5075 = CIRCLE ( 'NONE', #3719, 0.5693649175925757921 ) ;
#5076 = DIRECTION ( 'NONE',  ( 0.000000000000000000, -0.7547095802227804517, 0.6560590289904975059 ) ) ;
#5077 = ORIENTED_EDGE ( 'NONE', *, *, #4067, .F. ) ;
#5078 = ORIENTED_EDGE ( 'NONE', *, *, #6299, .F. ) ;
#5079 = LINE ( 'NONE', #1899, #5860 ) ;
#5080 = B_SPLINE_CURVE_WITH_KNOTS ( 'NONE', 3,
 ( #6990, #6356, #5206, #7665 ),
 .UNSPECIFIED., .F., .F.,
 ( 4, 4 ),
 ( 0.04946596117325328251, 0.05609049788227629674 ),
 .UNSPECIFIED. ) ;
#5081 = DIRECTION ( 'NONE',  ( 1.232246991851730235E-16, -1.000000000000000000, 0.000000000000000000 ) ) ;
#5082 = DIRECTION ( 'NONE',  ( 0.8660254037844379305, 0.2938926261462390666, -0.4045084971874730595 ) ) ;
#5083 = ADVANCED_FACE ( 'NONE', ( #7557 ), #5010, .T. ) ;
#5084 = FACE_OUTER_BOUND ( 'NONE', #8016, .T. ) ;
#5085 = CARTESIAN_POINT ( 'NONE',  ( -0.003439171656184357700, 3.175096684755403853, -2.306842772003567799 ) ) ;
#5086 = LINE ( 'NONE', #3175, #7618 ) ;
#5087 = CARTESIAN_POINT ( 'NONE',  ( -0.2406238026544916253, -1.908004274696309122E-16, 0.000000000000000000 ) ) ;
#5088 = AXIS2_PLACEMENT_3D ( 'NONE', #4270, #6858, #6941 ) ;
#5089 = CARTESIAN_POINT ( 'NONE',  ( 0.2500000000000000000, 0.000000000000000000, 0.000000000000000000 ) ) ;
#5090 = ADVANCED_FACE ( 'NONE', ( #393 ), #7464, .T. ) ;
#5091 = CIRCLE ( 'NONE', #2931, 3.865487205065014198 ) ;
#5092 = LINE ( 'NONE', #3774, #7887 ) ;
#5093 = CIRCLE ( 'NONE', #6463, 0.5000000000000002220 ) ;
#5094 = ORIENTED_EDGE ( 'NONE', *, *, #1470, .F. ) ;
#5095 = ORIENTED_EDGE ( 'NONE', *, *, #3811, .T. ) ;
#5096 = CARTESIAN_POINT ( 'NONE',  ( 1.549995677804209437, 0.000000000000000000, 0.000000000000000000 ) ) ;
#5097 = EDGE_CURVE ( 'NONE', #6552, #176, #4928, .T. ) ;
#5098 = EDGE_CURVE ( 'NONE', #1855, #3183, #6165, .T. ) ;
#5099 = ORIENTED_EDGE ( 'NONE', *, *, #5007, .F. ) ;
#5100 = ORIENTED_EDGE ( 'NONE', *, *, #7273, .T. ) ;
#5101 = CC_DESIGN_APPROVAL ( #4170, ( #5145 ) ) ;
#5102 = EDGE_CURVE ( 'NONE', #2048, #2095, #6918, .T. ) ;
#5103 = CARTESIAN_POINT ( 'NONE',  ( 0.000000000000000000, 0.000000000000000000, 0.000000000000000000 ) ) ;
#5104 = DIRECTION ( 'NONE',  ( 0.000000000000000000, 0.000000000000000000, -1.000000000000000000 ) ) ;
#5105 = DIRECTION ( 'NONE',  ( -0.8719406851971467365, -0.3212140590511624039, -0.3695145054876824986 ) ) ;
#5106 = AXIS2_PLACEMENT_3D ( 'NONE', #6834, #2741, #4602 ) ;
#5107 = ORIENTED_EDGE ( 'NONE', *, *, #5428, .T. ) ;
#5108 = DIRECTION ( 'NONE',  ( 0.8660254037844380415, 0.4285836503510548345, 0.2575190374550312966 ) ) ;
#5109 = EDGE_CURVE ( 'NONE', #936, #2261, #6924, .T. ) ;
#5110 = ORIENTED_EDGE ( 'NONE', *, *, #2128, .F. ) ;
#5111 = ORIENTED_EDGE ( 'NONE', *, *, #4209, .F. ) ;
#5112 = ORIENTED_EDGE ( 'NONE', *, *, #949, .F. ) ;
#5113 = CARTESIAN_POINT ( 'NONE',  ( 1.549995677804209437, -2.119030242950782128, 2.916594915329065785 ) ) ;
#5114 = APPROVAL_ROLE ( '' ) ;
#5115 = ORIENTED_EDGE ( 'NONE', *, *, #2297, .F. ) ;
#5116 = DIRECTION ( 'NONE',  ( 0.000000000000000000, 0.000000000000000000, 1.000000000000000000 ) ) ;
#5117 = CARTESIAN_POINT ( 'NONE',  ( -0.2500000000000000000, 1.530808498934192433E-17, -0.8750000000000001110 ) ) ;
#5118 = ORIENTED_EDGE ( 'NONE', *, *, #5363, .F. ) ;
#5119 = DIRECTION ( 'NONE',  ( -0.8660254037844380415, 0.4285836503510568329, 0.2575190374550281325 ) ) ;
#5120 = VERTEX_POINT ( 'NONE', #476 ) ;
#5121 = VERTEX_POINT ( 'NONE', #2296 ) ;
#5122 = LINE ( 'NONE', #6403, #444 ) ;
#5123 = DIRECTION ( 'NONE',  ( 0.000000000000000000, 0.000000000000000000, -1.000000000000000000 ) ) ;
#5124 = CARTESIAN_POINT ( 'NONE',  ( -0.003439171656184630919, -3.364069078478004293, -2.021336628945808123 ) ) ;
#5125 = B_SPLINE_CURVE_WITH_KNOTS ( 'NONE', 3,
 ( #434, #6803, #8062, #6205 ),
 .UNSPECIFIED., .F., .F.,
 ( 4, 4 ),
 ( 2.222362209208022738E-07, 0.01411847985351143489 ),
 .UNSPECIFIED. ) ;
#5126 = DIRECTION ( 'NONE',  ( 0.8944271909999158554, -0.3618033988749871921, -0.2628655560595700158 ) ) ;
#5127 = LINE ( 'NONE', #1904, #6601 ) ;
#5128 = CARTESIAN_POINT ( 'NONE',  ( -5.250000000000000000, 0.7135254915624210659, 0.7006292692220371654 ) ) ;
#5129 = CARTESIAN_POINT ( 'NONE',  ( -0.01701700490451286962, -1.634164925564209012E-16, 0.000000000000000000 ) ) ;
#5130 = CIRCLE ( 'NONE', #2552, 0.5693649175925756811 ) ;
#5131 = ADVANCED_FACE ( 'NONE', ( #8144 ), #4077, .T. ) ;
#5132 = DIRECTION ( 'NONE',  ( 0.000000000000000000, 0.9961946980917454342, -0.08715574274765836016 ) ) ;
#5133 = ORIENTED_EDGE ( 'NONE', *, *, #6412, .F. ) ;
#5134 = LINE ( 'NONE', #1280, #3682 ) ;
#5135 = EDGE_LOOP ( 'NONE', ( #6694, #3361, #2569, #8227, #4623 ) ) ;
#5136 = DIRECTION ( 'NONE',  ( 0.000000000000000000, -0.8090169943749420112, -0.5877852522924805756 ) ) ;
#5137 = AXIS2_PLACEMENT_3D ( 'NONE', #8176, #5644, #4961 ) ;
#5138 = VERTEX_POINT ( 'NONE', #5653 ) ;
#5139 = ORIENTED_EDGE ( 'NONE', *, *, #898, .F. ) ;
#5140 = ADVANCED_FACE ( 'NONE', ( #3731 ), #51, .F. ) ;
#5141 = DIRECTION ( 'NONE',  ( 1.000000000000000000, 0.000000000000000000, 0.000000000000000000 ) ) ;
#5142 = CARTESIAN_POINT ( 'NONE',  ( 0.2500000000000000000, 0.000000000000000000, 0.000000000000000000 ) ) ;
#5143 = VECTOR ( 'NONE', #1799, 39.37007874015748143 ) ;
#5144 = VECTOR ( 'NONE', #3642, 39.37007874015748854 ) ;
#5145 = PRODUCT_DEFINITION ( 'UNKNOWN', '', #7005, #2853 ) ;
#5146 = DIRECTION ( 'NONE',  ( 0.000000000000000000, 0.000000000000000000, 1.000000000000000000 ) ) ;
#5147 = ORIENTED_EDGE ( 'NONE', *, *, #3184, .T. ) ;
#5148 = AXIS2_PLACEMENT_3D ( 'NONE', #464, #8172, #2919 ) ;
#5149 = CIRCLE ( 'NONE', #1492, 3.315983005625052549 ) ;
#5150 = DIRECTION ( 'NONE',  ( 8.797911715786014202E-17, -1.000000000000000000, 0.000000000000000000 ) ) ;
#5151 = ORIENTED_EDGE ( 'NONE', *, *, #1414, .T. ) ;
#5152 = AXIS2_PLACEMENT_3D ( 'NONE', #5815, #7132, #6498 ) ;
#5153 = VERTEX_POINT ( 'NONE', #3821 ) ;
#5154 = EDGE_CURVE ( 'NONE', #7102, #341, #8263, .T. ) ;
#5155 = ORIENTED_EDGE ( 'NONE', *, *, #7549, .F. ) ;
#5156 = DIRECTION ( 'NONE',  ( -1.000000000000000000, 0.000000000000000000, 0.000000000000000000 ) ) ;
#5157 = APPLICATION_PROTOCOL_DEFINITION ( 'international standard', 'config_control_design', 1994, #519 ) ;
#5158 = EDGE_CURVE ( 'NONE', #8073, #8031, #1190, .T. ) ;
#5159 = ADVANCED_FACE ( 'NONE', ( #4580 ), #7809, .T. ) ;
#5160 = CIRCLE ( 'NONE', #2580, 0.2500000000000000000 ) ;
#5161 = VERTEX_POINT ( 'NONE', #682 ) ;
#5162 = LINE ( 'NONE', #2565, #1646 ) ;
#5163 = EDGE_CURVE ( 'NONE', #5593, #2809, #8133, .T. ) ;
#5164 = CARTESIAN_POINT ( 'NONE',  ( 0.2465608283438172066, 0.000000000000000000, 0.000000000000000000 ) ) ;
#5165 = LINE ( 'NONE', #2530, #4875 ) ;
#5166 = ORIENTED_EDGE ( 'NONE', *, *, #883, .F. ) ;
#5167 = VECTOR ( 'NONE', #6187, 39.37007874015748854 ) ;
#5168 = VERTEX_POINT ( 'NONE', #1354 ) ;
#5169 = CARTESIAN_POINT ( 'NONE',  ( -4.750000000000000000, -0.2500000000000003886, -0.9682458365518541443 ) ) ;
#5170 = DIRECTION ( 'NONE',  ( 0.000000000000000000, 0.9510565162951500895, 0.3090169943749582204 ) ) ;
#5171 = DIRECTION ( 'NONE',  ( 1.000000000000000000, 0.000000000000000000, 0.000000000000000000 ) ) ;
#5172 = DIRECTION ( 'NONE',  ( -1.000000000000000000, -1.224646799147352714E-16, 0.000000000000000000 ) ) ;
#5173 = AXIS2_PLACEMENT_3D ( 'NONE', #3499, #2230, #5499 ) ;
#5174 = DIRECTION ( 'NONE',  ( -0.8660254037844380415, 5.237222008264710288E-15, -0.5000000000000009992 ) ) ;
#5175 = CARTESIAN_POINT ( 'NONE',  ( 0.000000000000000000, -2.645033635316094145, -3.640576474687288844 ) ) ;
#5176 = DIRECTION ( 'NONE',  ( 1.000000000000000000, 0.000000000000000000, 0.000000000000000000 ) ) ;
#5177 = CIRCLE ( 'NONE', #4362, 4.360605680090435143 ) ;
#5178 = CONICAL_SURFACE ( 'NONE', #8276, 4.500000000000000000, 0.5116441634306432285 ) ;
#5179 = CIRCLE ( 'NONE', #1522, 3.105109578176981078 ) ;
#5180 = DIRECTION ( 'NONE',  ( 0.5000000000000009992, -0.8660254037844380415, 1.060575238724906299E-16 ) ) ;
#5181 = AXIS2_PLACEMENT_3D ( 'NONE', #6121, #6596, #778 ) ;
#5182 = DIRECTION ( 'NONE',  ( 0.000000000000000000, 0.8090169943749465631, 0.5877852522924742473 ) ) ;
#5183 = VERTEX_POINT ( 'NONE', #1277 ) ;
#5184 = PLANE ( 'NONE',  #35 ) ;
#5185 = ORIENTED_EDGE ( 'NONE', *, *, #8206, .T. ) ;
#5186 = CARTESIAN_POINT ( 'NONE',  ( -7.000000000000000888, 0.4602524267262218527, -0.1953655642446305851 ) ) ;
#5187 = ORIENTED_EDGE ( 'NONE', *, *, #2437, .F. ) ;
#5188 = VECTOR ( 'NONE', #1698, 39.37007874015748854 ) ;
#5189 = ORIENTED_EDGE ( 'NONE', *, *, #746, .T. ) ;
#5190 = DIRECTION ( 'NONE',  ( -1.000000000000000000, -0.000000000000000000, -0.000000000000000000 ) ) ;
#5191 = DIRECTION ( 'NONE',  ( -0.8660254037844380415, 0.3280295144952535824, 0.3773547901113873948 ) ) ;
#5192 = PLANE ( 'NONE',  #4118 ) ;
#5193 = AXIS2_PLACEMENT_3D ( 'NONE', #325, #3535, #2905 ) ;
#5194 = ORIENTED_EDGE ( 'NONE', *, *, #1532, .F. ) ;
#5195 = EDGE_CURVE ( 'NONE', #5273, #7149, #1765, .T. ) ;
#5196 = ORIENTED_EDGE ( 'NONE', *, *, #1786, .T. ) ;
#5197 = VERTEX_POINT ( 'NONE', #4500 ) ;
#5198 = ORIENTED_EDGE ( 'NONE', *, *, #2195, .F. ) ;
#5199 = CARTESIAN_POINT ( 'NONE',  ( -5.250000000000000000, -0.7135254915624210659, -0.7006292692220368323 ) ) ;
#5200 = PERSON_AND_ORGANIZATION_ROLE ( 'classification_officer' ) ;
#5201 = EDGE_LOOP ( 'NONE', ( #7897, #3994, #7159, #1959 ) ) ;
#5202 = EDGE_CURVE ( 'NONE', #3522, #5920, #3773, .T. ) ;
#5203 = DIRECTION ( 'NONE',  ( 0.000000000000000000, 0.8660254037844397068, 0.4999999999999980016 ) ) ;
#5204 = CARTESIAN_POINT ( 'NONE',  ( -7.000000000000000000, -1.745740669421565297E-15, 0.4999999999999996114 ) ) ;
#5205 = ORIENTED_EDGE ( 'NONE', *, *, #337, .F. ) ;
#5206 = CARTESIAN_POINT ( 'NONE',  ( -0.09468133567471338774, -0.3749999999999764078, 3.372862513137294016 ) ) ;
#5207 = EDGE_CURVE ( 'NONE', #782, #4417, #7095, .T. ) ;
#5208 = VERTEX_POINT ( 'NONE', #6369 ) ;
#5209 = EDGE_CURVE ( 'NONE', #357, #4271, #2035, .T. ) ;
#5210 = ORIENTED_EDGE ( 'NONE', *, *, #4003, .T. ) ;
#5211 = CARTESIAN_POINT ( 'NONE',  ( -7.000000000000000000, 0.4606258943332895983, -0.3346643017336292103 ) ) ;
#5212 = CARTESIAN_POINT ( 'NONE',  ( -0.2500000000000000000, -1.292839910290879191, -1.179434172117745483 ) ) ;
#5213 = EDGE_CURVE ( 'NONE', #6627, #5467, #1994, .T. ) ;
#5214 = DIRECTION ( 'NONE',  ( -0.000000000000000000, 0.8660254037844362651, -0.5000000000000037748 ) ) ;
#5215 = AXIS2_PLACEMENT_3D ( 'NONE', #5087, #6456, #641 ) ;
#5216 = DIRECTION ( 'NONE',  ( -1.000000000000000000, -1.224646799147352714E-16, 0.000000000000000000 ) ) ;
#5217 = LINE ( 'NONE', #2493, #8074 ) ;
#5218 = LINE ( 'NONE', #7042, #3965 ) ;
#5219 = DIRECTION ( 'NONE',  ( 1.224646799147352714E-16, -1.000000000000000000, 0.000000000000000000 ) ) ;
#5220 = B_SPLINE_CURVE_WITH_KNOTS ( 'NONE', 3,
 ( #4854, #239, #720, #7444 ),
 .UNSPECIFIED., .F., .F.,
 ( 4, 4 ),
 ( 0.04942635399935434853, 0.05605089122098699111 ),
 .UNSPECIFIED. ) ;
#5221 = CARTESIAN_POINT ( 'NONE',  ( 0.000000000000000000, 4.279754323328191390, 1.390576474687266639 ) ) ;
#5222 = CARTESIAN_POINT ( 'NONE',  ( -0.2500000000000000000, -1.667839910290874306, 0.5299151192794272491 ) ) ;
#5223 = VERTEX_POINT ( 'NONE', #3094 ) ;
#5224 = ORIENTED_EDGE ( 'NONE', *, *, #3128, .F. ) ;
#5225 = CARTESIAN_POINT ( 'NONE',  ( 1.549995677804209437, 2.365164689263162145, 2.720810736403048491 ) ) ;
#5226 = ORIENTED_EDGE ( 'NONE', *, *, #334, .F. ) ;
#5227 = CIRCLE ( 'NONE', #3730, 0.4999999999999999445 ) ;
#5228 = FACE_OUTER_BOUND ( 'NONE', #1525, .T. ) ;
#5229 = CARTESIAN_POINT ( 'NONE',  ( -7.000000000000000888, 0.000000000000000000, 0.000000000000000000 ) ) ;
#5231 = AXIS2_PLACEMENT_3D ( 'NONE', #4565, #998, #1076 ) ;
#5230 = CARTESIAN_POINT ( 'NONE',  ( -7.000000000000000000, 0.2932446110782077064, -0.4880409895273051801 ) ) ;
#5232 = ORIENTED_EDGE ( 'NONE', *, *, #1376, .F. ) ;
#5233 = ORIENTED_EDGE ( 'NONE', *, *, #2410, .F. ) ;
#5234 = CONICAL_SURFACE ( 'NONE', #5651, 4.500000000000000000, 0.5116441634306432285 ) ;
#5235 = AXIS2_PLACEMENT_3D ( 'NONE', #7968, #6069, #6621 ) ;
#5236 = ORIENTED_EDGE ( 'NONE', *, *, #2136, .T. ) ;
#5237 = VECTOR ( 'NONE', #4684, 39.37007874015748143 ) ;
#5238 = ORIENTED_EDGE ( 'NONE', *, *, #116, .T. ) ;
#5239 = AXIS2_PLACEMENT_3D ( 'NONE', #7774, #4505, #647 ) ;
#5240 = ORIENTED_EDGE ( 'NONE', *, *, #7647, .T. ) ;
#5241 = DIRECTION ( 'NONE',  ( 0.000000000000000000, 0.5877852522924742473, -0.8090169943749466741 ) ) ;
#5242 = EDGE_CURVE ( 'NONE', #2243, #916, #417, .T. ) ;
#5243 = VECTOR ( 'NONE', #7507, 39.37007874015748143 ) ;
#5244 = PERSON_AND_ORGANIZATION_ROLE ( 'creator' ) ;
#5245 = CIRCLE ( 'NONE', #8212, 0.4999999999999997224 ) ;
#5246 = VERTEX_POINT ( 'NONE', #4541 ) ;
#5247 = DIRECTION ( 'NONE',  ( 0.000000000000000000, 0.9510565162951576390, -0.3090169943749350723 ) ) ;
#5248 = CARTESIAN_POINT ( 'NONE',  ( 1.549995677804209437, 2.037135174767909174, 2.343455946291661984 ) ) ;
#5249 = DIRECTION ( 'NONE',  ( -1.000000000000000000, -1.224646799147352714E-16, 0.000000000000000000 ) ) ;
#5250 = ORIENTED_EDGE ( 'NONE', *, *, #6852, .F. ) ;
#5251 = CIRCLE ( 'NONE', #1858, 1.000000000000000222 ) ;
#5252 = VERTEX_POINT ( 'NONE', #4411 ) ;
#5253 = CARTESIAN_POINT ( 'NONE',  ( -0.2482449321572029743, 0.9809228453142374571, -4.248843639012571671 ) ) ;
#5254 = EDGE_CURVE ( 'NONE', #5795, #7948, #6240, .T. ) ;
#5255 = CARTESIAN_POINT ( 'NONE',  ( 0.2500000000000000000, 0.000000000000000000, 0.000000000000000000 ) ) ;
#5256 = CARTESIAN_POINT ( 'NONE',  ( 1.549995677804209437, -3.318520863939800059, 1.408628533808560457 ) ) ;
#5257 = EDGE_CURVE ( 'NONE', #2776, #7605, #6521, .T. ) ;
#5258 = CARTESIAN_POINT ( 'NONE',  ( -0.2482449321572029743, 1.347501260915917154, -4.147182447043653575 ) ) ;
#5259 = DIRECTION ( 'NONE',  ( 1.000000000000000000, 1.224646799147352714E-16, -0.000000000000000000 ) ) ;
#5260 = PLANE ( 'NONE',  #7890 ) ;
#5261 = EDGE_CURVE ( 'NONE', #7605, #3297, #8304, .T. ) ;
#5262 = LINE ( 'NONE', #7213, #5759 ) ;
#5263 = CARTESIAN_POINT ( 'NONE',  ( 0.2500000000000000000, 0.000000000000000000, 0.000000000000000000 ) ) ;
#5264 = EDGE_CURVE ( 'NONE', #5121, #6179, #6, .T. ) ;
#5265 = EDGE_CURVE ( 'NONE', #7352, #1181, #8260, .T. ) ;
#5266 = CARTESIAN_POINT ( 'NONE',  ( -4.750000000000000000, -1.471132980980841998, -0.5606838879882130033 ) ) ;
#5267 = ORIENTED_EDGE ( 'NONE', *, *, #499, .F. ) ;
#5268 = DIRECTION ( 'NONE',  ( 1.224646799147352714E-16, -1.000000000000000000, 0.000000000000000000 ) ) ;
#5269 = ORIENTED_EDGE ( 'NONE', *, *, #4798, .F. ) ;
#5270 = LINE ( 'NONE', #6678, #3817 ) ;
#5271 = CIRCLE ( 'NONE', #7163, 0.5000000000000000000 ) ;
#5272 = ADVANCED_FACE ( 'NONE', ( #1234 ), #3940, .T. ) ;
#5273 = VERTEX_POINT ( 'NONE', #7723 ) ;
#5274 = LINE ( 'NONE', #3271, #2981 ) ;
#5275 = PLANE ( 'NONE',  #3931 ) ;
#5276 = DIRECTION ( 'NONE',  ( 0.000000000000000000, -0.4999999999999997224, -0.8660254037844388186 ) ) ;
#5277 = EDGE_LOOP ( 'NONE', ( #3109, #1018, #6690, #6886 ) ) ;
#5278 = ORIENTED_EDGE ( 'NONE', *, *, #6965, .T. ) ;
#5279 = EDGE_LOOP ( 'NONE', ( #5490, #1485, #2860, #358, #7452, #6401, #8320, #1706 ) ) ;
#5280 = ORIENTED_EDGE ( 'NONE', *, *, #5410, .T. ) ;
#5281 = ORIENTED_EDGE ( 'NONE', *, *, #7596, .F. ) ;
#5282 = PLANE ( 'NONE',  #4965 ) ;
#5283 = VECTOR ( 'NONE', #173, 39.37007874015748143 ) ;
#5284 = AXIS2_PLACEMENT_3D ( 'NONE', #2967, #6077, #3564 ) ;
#5285 = COORDINATED_UNIVERSAL_TIME_OFFSET ( 7, 0, .BEHIND. ) ;
#5286 = VECTOR ( 'NONE', #3803, 39.37007874015748143 ) ;
#5287 = AXIS2_PLACEMENT_3D ( 'NONE', #7979, #2172, #4675 ) ;
#5288 = EDGE_LOOP ( 'NONE', ( #1935, #1575, #5706, #6565 ) ) ;
#5289 = CARTESIAN_POINT ( 'NONE',  ( -0.01701700490451326861, -3.432474503172796343, 0.000000000000000000 ) ) ;
#5290 = FACE_OUTER_BOUND ( 'NONE', #6446, .T. ) ;
#5291 = CIRCLE ( 'NONE', #7858, 3.605109578176981078 ) ;
#5292 = CARTESIAN_POINT ( 'NONE',  ( 0.2500000000000000000, 1.530808498934192433E-17, -0.8750000000000001110 ) ) ;
#5293 = ORIENTED_EDGE ( 'NONE', *, *, #7939, .F. ) ;
#5294 = VECTOR ( 'NONE', #2017, 39.37007874015748143 ) ;
#5295 = VERTEX_POINT ( 'NONE', #1400 ) ;
#5296 = DIRECTION ( 'NONE',  ( 0.000000000000000000, 0.000000000000000000, -1.000000000000000000 ) ) ;
#5297 = FACE_OUTER_BOUND ( 'NONE', #5585, .T. ) ;
#5298 = B_SPLINE_CURVE_WITH_KNOTS ( 'NONE', 3,
 ( #1846, #1254, #5840, #7112 ),
 .UNSPECIFIED., .F., .F.,
 ( 4, 4 ),
 ( 2.313225186857691086E-07, 0.007844056971188232558 ),
 .UNSPECIFIED. ) ;
#5299 = CIRCLE ( 'NONE', #2174, 1.574356589206891588 ) ;
#5300 = DIRECTION ( 'NONE',  ( 1.000000000000000000, 0.000000000000000000, 0.000000000000000000 ) ) ;
#5301 = DIRECTION ( 'NONE',  ( -1.000000000000000000, -0.000000000000000000, -0.000000000000000000 ) ) ;
#5302 = CARTESIAN_POINT ( 'NONE',  ( -0.003439171656184630919, 0.000000000000000000, 0.000000000000000000 ) ) ;
#5303 = ADVANCED_FACE ( 'NONE', ( #2802 ), #2440, .T. ) ;
#5304 = DIRECTION ( 'NONE',  ( 0.000000000000000000, -0.3090169943749481174, 0.9510565162951534202 ) ) ;
#5305 = AXIS2_PLACEMENT_3D ( 'NONE', #3813, #4406, #6410 ) ;
#5306 = CARTESIAN_POINT ( 'NONE',  ( -0.2406238026544918751, 3.571271724709959461, -1.515914908980763975 ) ) ;
#5307 = AXIS2_PLACEMENT_3D ( 'NONE', #585, #5757, #1811 ) ;
#5308 = DIRECTION ( 'NONE',  ( 1.000000000000000000, 0.000000000000000000, 0.000000000000000000 ) ) ;
#5309 = CARTESIAN_POINT ( 'NONE',  ( -0.2482449321572029743, -2.563099709819964822, 3.527804100961074774 ) ) ;
#5310 = VERTEX_POINT ( 'NONE', #5397 ) ;
#5311 = DIRECTION ( 'NONE',  ( 0.000000000000000000, -0.3090169943749447312, -0.9510565162951544194 ) ) ;
#5312 = ORIENTED_EDGE ( 'NONE', *, *, #3081, .F. ) ;
#5313 = FACE_BOUND ( 'NONE', #924, .T. ) ;
#5314 = EDGE_CURVE ( 'NONE', #4504, #2445, #5946, .T. ) ;
#5315 = DIRECTION ( 'NONE',  ( 0.000000000000000000, 0.000000000000000000, 1.000000000000000000 ) ) ;
#5316 = AXIS2_PLACEMENT_3D ( 'NONE', #1444, #7260, #3355 ) ;
#5317 = ORIENTED_EDGE ( 'NONE', *, *, #2152, .F. ) ;
#5318 = CONICAL_SURFACE ( 'NONE', #2736, 4.500000000000000000, 0.5116441634306432285 ) ;
#5319 = VECTOR ( 'NONE', #1106, 39.37007874015748143 ) ;
#5320 = EDGE_CURVE ( 'NONE', #1795, #6937, #6245, .T. ) ;
#5321 = EDGE_CURVE ( 'NONE', #7528, #6476, #5160, .T. ) ;
#5322 = FACE_OUTER_BOUND ( 'NONE', #7013, .T. ) ;
#5323 = ADVANCED_FACE ( 'NONE', ( #4078 ), #6625, .F. ) ;
#5324 = DIRECTION ( 'NONE',  ( 1.000000000000000000, 0.000000000000000000, 0.000000000000000000 ) ) ;
#5325 = CARTESIAN_POINT ( 'NONE',  ( 1.036228318391793631E-15, -4.000000000000000000, 4.898587196589412829E-16 ) ) ;
#5326 = VERTEX_POINT ( 'NONE', #891 ) ;
#5327 = AXIS2_PLACEMENT_3D ( 'NONE', #387, #7552, #1143 ) ;
#5328 = AXIS2_PLACEMENT_3D ( 'NONE', #7253, #6070, #2755 ) ;
#5329 = ORIENTED_EDGE ( 'NONE', *, *, #3748, .T. ) ;
#5330 = AXIS2_PLACEMENT_3D ( 'NONE', #2891, #7849, #4365 ) ;
#5331 = VERTEX_POINT ( 'NONE', #5440 ) ;
#5332 = ORIENTED_EDGE ( 'NONE', *, *, #1211, .F. ) ;
#5333 = ORIENTED_EDGE ( 'NONE', *, *, #1841, .F. ) ;
#5334 = CARTESIAN_POINT ( 'NONE',  ( 0.2329829950954873385, -1.328003225777370155E-16, 0.000000000000000000 ) ) ;
#5335 = CALENDAR_DATE ( 2026, 3, 3 ) ;
#5336 = AXIS2_PLACEMENT_3D ( 'NONE', #450, #1125, #8114 ) ;
#5337 = VERTEX_POINT ( 'NONE', #6073 ) ;
#5338 = DIRECTION ( 'NONE',  ( -1.000000000000000000, 0.000000000000000000, 0.000000000000000000 ) ) ;
#5339 = CARTESIAN_POINT ( 'NONE',  ( -0.2406238026544927355, 2.280423447894462718, 3.138733604700489899 ) ) ;
#5340 = CARTESIAN_POINT ( 'NONE',  ( 0.2500000000000000000, -3.007966137197506384, -1.303637357132031438 ) ) ;
#5341 = ORIENTED_EDGE ( 'NONE', *, *, #7502, .F. ) ;
#5342 = ORIENTED_EDGE ( 'NONE', *, *, #7430, .T. ) ;
#5343 = DIRECTION ( 'NONE',  ( -1.000000000000000000, -0.000000000000000000, -0.000000000000000000 ) ) ;
#5344 = CARTESIAN_POINT ( 'NONE',  ( -7.000000000000000000, 0.5414982150262721561, 0.1759434355369977887 ) ) ;
#5345 = VECTOR ( 'NONE', #5962, 39.37007874015748143 ) ;
#5346 = DIRECTION ( 'NONE',  ( -1.000000000000000000, 0.000000000000000000, -0.000000000000000000 ) ) ;
#5347 = LINE ( 'NONE', #7294, #7264 ) ;
#5348 = LINE ( 'NONE', #5982, #914 ) ;
#5349 = CARTESIAN_POINT ( 'NONE',  ( 1.299995677804209882, -2.672096876284762335, 0.000000000000000000 ) ) ;
#5350 = VERTEX_POINT ( 'NONE', #257 ) ;
#5351 = DIRECTION ( 'NONE',  ( 0.8944271909999158554, 0.4253254041760218263, -0.1381966011250049531 ) ) ;
#5352 = EDGE_CURVE ( 'NONE', #7308, #5976, #7734, .T. ) ;
#5353 = DIRECTION ( 'NONE',  ( 8.797911715786014202E-17, -1.000000000000000000, 0.000000000000000000 ) ) ;
#5354 = CARTESIAN_POINT ( 'NONE',  ( -5.250000000000000000, 0.2499999999999998890, 1.311574639720071156 ) ) ;
#5355 = ORIENTED_EDGE ( 'NONE', *, *, #2915, .F. ) ;
#5356 = LINE ( 'NONE', #6076, #5720 ) ;
#5357 = EDGE_LOOP ( 'NONE', ( #3075, #4141, #2482, #4766 ) ) ;
#5358 = PLANE ( 'NONE',  #6395 ) ;
#5359 = DIRECTION ( 'NONE',  ( 0.000000000000000000, 0.000000000000000000, -1.000000000000000000 ) ) ;
#5360 = VECTOR ( 'NONE', #3587, 39.37007874015748854 ) ;
#5361 = ORIENTED_EDGE ( 'NONE', *, *, #2602, .T. ) ;
#5362 = CARTESIAN_POINT ( 'NONE',  ( 0.2500000000000000000, -1.292839910290870753, 1.179434172117755031 ) ) ;
#5363 = EDGE_CURVE ( 'NONE', #5223, #6435, #8014, .T. ) ;
#5364 = LINE ( 'NONE', #6041, #951 ) ;
#5365 = PLANE ( 'NONE',  #8034 ) ;
#5366 = ORIENTED_EDGE ( 'NONE', *, *, #7847, .T. ) ;
#5367 = EDGE_CURVE ( 'NONE', #3307, #8151, #6657, .T. ) ;
#5368 = EDGE_CURVE ( 'NONE', #357, #5723, #2120, .T. ) ;
#5369 = EDGE_LOOP ( 'NONE', ( #4705, #6508, #3848, #1717 ) ) ;
#5370 = CONICAL_SURFACE ( 'NONE', #4954, 2.672096876284762335, 1.047197551196596743 ) ;
#5371 = ORIENTED_EDGE ( 'NONE', *, *, #3180, .T. ) ;
#5372 = ADVANCED_FACE ( 'NONE', ( #7930 ), #6584, .F. ) ;
#5373 = VERTEX_POINT ( 'NONE', #3305 ) ;
#5374 = VERTEX_POINT ( 'NONE', #5904 ) ;
#5375 = LINE ( 'NONE', #4647, #5747 ) ;
#5376 = CIRCLE ( 'NONE', #1972, 0.4999999999999995559 ) ;
#5377 = ADVANCED_FACE ( 'NONE', ( #6670 ), #88, .T. ) ;
#5378 = ORIENTED_EDGE ( 'NONE', *, *, #371, .T. ) ;
#5379 = DIRECTION ( 'NONE',  ( 0.000000000000000000, 0.5877852522924685852, 0.8090169943749506709 ) ) ;
#5380 = TOROIDAL_SURFACE ( 'NONE', #2517, 3.924635337491860998, 0.5000000000000000000 ) ;
#5381 = VECTOR ( 'NONE', #2181, 39.37007874015748143 ) ;
#5382 = DIRECTION ( 'NONE',  ( 0.000000000000000000, 0.000000000000000000, 1.000000000000000000 ) ) ;
#5383 = DIRECTION ( 'NONE',  ( 0.000000000000000000, -0.9961946980917454342, 0.08715574274765836016 ) ) ;
#5384 = ORIENTED_EDGE ( 'NONE', *, *, #6623, .T. ) ;
#5385 = VECTOR ( 'NONE', #200, 39.37007874015748143 ) ;
#5386 = EDGE_LOOP ( 'NONE', ( #6079, #2629, #650, #7401 ) ) ;
#5387 = DIRECTION ( 'NONE',  ( 0.000000000000000000, 0.000000000000000000, -1.000000000000000000 ) ) ;
#5388 = CIRCLE ( 'NONE', #4294, 0.4999999999999997780 ) ;
#5389 = PLANE ( 'NONE',  #1592 ) ;
#5390 = DIRECTION ( 'NONE',  ( 1.000000000000000000, 0.000000000000000000, -0.000000000000000000 ) ) ;
#5391 = DIRECTION ( 'NONE',  ( 0.8660254037844380415, 0.1953655642446329443, 0.4602524267262229074 ) ) ;
#5392 = DIRECTION ( 'NONE',  ( 1.000000000000000000, 0.000000000000000000, 0.000000000000000000 ) ) ;
#5393 = DIRECTION ( 'NONE',  ( -1.236773978361170610E-16, 1.000000000000000000, 0.000000000000000000 ) ) ;
#5394 = ORIENTED_EDGE ( 'NONE', *, *, #28, .F. ) ;
#5395 = CARTESIAN_POINT ( 'NONE',  ( 0.000000000000000000, 4.384665291533559106, 1.012279744547395000 ) ) ;
#5396 = CIRCLE ( 'NONE', #3619, 1.335188389537908638 ) ;
#5397 = CARTESIAN_POINT ( 'NONE',  ( -7.000000000000000000, -0.4285836503510535578, -0.2575190374550305750 ) ) ;
#5398 = DIRECTION ( 'NONE',  ( 0.8660254037844380415, 0.4980973490458738273, -0.04357787137382927029 ) ) ;
#5399 = ORIENTED_EDGE ( 'NONE', *, *, #129, .F. ) ;
#5400 = PLANE ( 'NONE',  #7480 ) ;
#5401 = DIRECTION ( 'NONE',  ( 0.8660254037844379305, -0.1124755271719381500, 0.4871850323926173454 ) ) ;
#5402 = CARTESIAN_POINT ( 'NONE',  ( 1.549995677804209437, 2.720810736403074692, -2.365164689263132392 ) ) ;
#5403 = EDGE_CURVE ( 'NONE', #8281, #2279, #4598, .T. ) ;
#5404 = ORIENTED_EDGE ( 'NONE', *, *, #1316, .T. ) ;
#5405 = PLANE ( 'NONE',  #5287 ) ;
#5406 = DIRECTION ( 'NONE',  ( 0.000000000000000000, -0.8660254037844389297, 0.4999999999999995559 ) ) ;
#5407 = DIRECTION ( 'NONE',  ( 0.000000000000000000, -0.4999999999999991673, -0.8660254037844391517 ) ) ;
#5408 = ORIENTED_EDGE ( 'NONE', *, *, #2392, .F. ) ;
#5409 = ORIENTED_EDGE ( 'NONE', *, *, #6080, .F. ) ;
#5410 = EDGE_CURVE ( 'NONE', #1068, #3319, #3391, .T. ) ;
#5411 = ORIENTED_EDGE ( 'NONE', *, *, #1466, .F. ) ;
#5412 = VERTEX_POINT ( 'NONE', #3350 ) ;
#5413 = ORIENTED_EDGE ( 'NONE', *, *, #7893, .T. ) ;
#5414 = LINE ( 'NONE', #7989, #5381 ) ;
#5415 = EDGE_CURVE ( 'NONE', #5839, #695, #805, .T. ) ;
#5416 = DIRECTION ( 'NONE',  ( 1.000000000000000000, 0.000000000000000000, 0.000000000000000000 ) ) ;
#5417 = EDGE_LOOP ( 'NONE', ( #2857, #4681, #2799, #7826, #3651, #1404, #739, #3441 ) ) ;
#5418 = DIRECTION ( 'NONE',  ( 0.000000000000000000, -0.8090169943749486725, 0.5877852522924713607 ) ) ;
#5419 = CARTESIAN_POINT ( 'NONE',  ( -0.01701700490451184614, -2.767316772864018226, -2.030723785638217649 ) ) ;
#5420 = EDGE_CURVE ( 'NONE', #6220, #6552, #7255, .T. ) ;
#5421 = CARTESIAN_POINT ( 'NONE',  ( -7.000000000000000000, -0.4880409895273061238, -0.2932446110782060411 ) ) ;
#5422 = AXIS2_PLACEMENT_3D ( 'NONE', #3768, #6958, #1141 ) ;
#5423 = VERTEX_POINT ( 'NONE', #2758 ) ;
#5424 = ORIENTED_EDGE ( 'NONE', *, *, #4899, .T. ) ;
#5425 = DIRECTION ( 'NONE',  ( 0.8944271909999158554, 0.2303320292999067043, -0.3833368704919825620 ) ) ;
#5426 = ADVANCED_FACE ( 'NONE', ( #1737 ), #5690, .T. ) ;
#5427 = EDGE_CURVE ( 'NONE', #7308, #8226, #5481, .T. ) ;
#5428 = EDGE_CURVE ( 'NONE', #7563, #4377, #2022, .T. ) ;
#5429 = FACE_OUTER_BOUND ( 'NONE', #322, .T. ) ;
#5430 = EDGE_CURVE ( 'NONE', #5374, #6484, #7550, .T. ) ;
#5431 = AXIS2_PLACEMENT_3D ( 'NONE', #6891, #6934, #7488 ) ;
#5432 = CARTESIAN_POINT ( 'NONE',  ( -0.2500000000000000000, 3.040803124484941389, -1.322595800581860992 ) ) ;
#5433 = DIRECTION ( 'NONE',  ( 0.000000000000000000, -0.8660254037844362651, 0.5000000000000037748 ) ) ;
#5434 = DIRECTION ( 'NONE',  ( 1.000000000000000000, 1.224646799147352714E-16, -0.000000000000000000 ) ) ;
#5435 = VECTOR ( 'NONE', #507, 39.37007874015748143 ) ;
#5436 = DIRECTION ( 'NONE',  ( -1.000000000000000000, 0.000000000000000000, -0.000000000000000000 ) ) ;
#5437 = VECTOR ( 'NONE', #6473, 39.37007874015748143 ) ;
#5438 = EDGE_LOOP ( 'NONE', ( #4646, #1643 ) ) ;
#5439 = CARTESIAN_POINT ( 'NONE',  ( -5.250000000000000000, -0.7135254915624210659, 0.7006292692220369434 ) ) ;
#5440 = CARTESIAN_POINT ( 'NONE',  ( 1.549995677804209437, -2.365164689263142161, -2.720810736403067143 ) ) ;
#5441 = CARTESIAN_POINT ( 'NONE',  ( 5.651087907391154571E-17, -3.682019413809772157, 1.562924513957071548 ) ) ;
#5442 = ORIENTED_EDGE ( 'NONE', *, *, #7292, .T. ) ;
#5443 = DIRECTION ( 'NONE',  ( 0.000000000000000000, -0.9961946980917455452, 0.08715574274765829077 ) ) ;
#5444 = DIRECTION ( 'NONE',  ( 1.000000000000000000, 0.000000000000000000, 0.000000000000000000 ) ) ;
#5445 = CARTESIAN_POINT ( 'NONE',  ( 1.549995677804209437, 3.318520863939809384, -1.408628533808538696 ) ) ;
#5446 = ORIENTED_EDGE ( 'NONE', *, *, #6042, .T. ) ;
#5447 = AXIS2_PLACEMENT_3D ( 'NONE', #5510, #7576, #296 ) ;
#5448 = LINE ( 'NONE', #8175, #6518 ) ;
#5449 = CARTESIAN_POINT ( 'NONE',  ( 1.549995677804209659, 2.848721405383343027E-17, 0.000000000000000000 ) ) ;
#5450 = VERTEX_POINT ( 'NONE', #6755 ) ;
#5451 = VERTEX_POINT ( 'NONE', #8135 ) ;
#5452 = CIRCLE ( 'NONE', #1783, 4.357648039384080185 ) ;
#5453 = EDGE_LOOP ( 'NONE', ( #5111, #5293, #289, #829, #2164 ) ) ;
#5454 = CIRCLE ( 'NONE', #2462, 0.1250000000000000000 ) ;
#5455 = VERTEX_POINT ( 'NONE', #2411 ) ;
#5456 = CARTESIAN_POINT ( 'NONE',  ( -0.01701700490451252615, 2.767316772864032437, 2.030723785638198109 ) ) ;
#5457 = VECTOR ( 'NONE', #6841, 39.37007874015748143 ) ;
#5458 = DATE_TIME_ROLE ( 'classification_date' ) ;
#5459 = EDGE_CURVE ( 'NONE', #6984, #6220, #6098, .T. ) ;
#5460 = LINE ( 'NONE', #3941, #1671 ) ;
#5461 = VECTOR ( 'NONE', #1776, 39.37007874015748143 ) ;
#5462 = ORIENTED_EDGE ( 'NONE', *, *, #392, .F. ) ;
#5463 = CARTESIAN_POINT ( 'NONE',  ( -5.250000000000000000, 0.000000000000000000, 0.000000000000000000 ) ) ;
#5464 = FACE_OUTER_BOUND ( 'NONE', #5831, .T. ) ;
#5465 = DIRECTION ( 'NONE',  ( -1.000000000000000000, -0.000000000000000000, -0.000000000000000000 ) ) ;
#5466 = ORIENTED_EDGE ( 'NONE', *, *, #6644, .T. ) ;
#5467 = VERTEX_POINT ( 'NONE', #3007 ) ;
#5468 = DIRECTION ( 'NONE',  ( -1.000000000000000000, -0.000000000000000000, -0.000000000000000000 ) ) ;
#5469 = AXIS2_PLACEMENT_3D ( 'NONE', #2313, #4304, #1201 ) ;
#5470 = DIRECTION ( 'NONE',  ( 1.000000000000000000, 0.000000000000000000, 0.000000000000000000 ) ) ;
#5471 = EDGE_CURVE ( 'NONE', #4144, #7982, #1884, .T. ) ;
#5472 = DIRECTION ( 'NONE',  ( 0.8660254037844380415, -5.237222008264710288E-15, 0.5000000000000009992 ) ) ;
#5473 = CARTESIAN_POINT ( 'NONE',  ( -4.916740569567934926, -1.401172769205570878, 0.5202923408871965583 ) ) ;
#5474 = AXIS2_PLACEMENT_3D ( 'NONE', #7311, #867, #820 ) ;
#5475 = EDGE_CURVE ( 'NONE', #8187, #5871, #8379, .T. ) ;
#5476 = EDGE_CURVE ( 'NONE', #4595, #3438, #1620, .T. ) ;
#5477 = CARTESIAN_POINT ( 'NONE',  ( -0.2406238026544916253, -1.908004274696309122E-16, 0.000000000000000000 ) ) ;
#5478 = EDGE_CURVE ( 'NONE', #110, #5887, #269, .T. ) ;
#5479 = ORIENTED_EDGE ( 'NONE', *, *, #6344, .T. ) ;
#5480 = CARTESIAN_POINT ( 'NONE',  ( -7.000000000000000888, 0.000000000000000000, -0.000000000000000000 ) ) ;
#5481 = LINE ( 'NONE', #1060, #4200 ) ;
#5482 = DIRECTION ( 'NONE',  ( 0.000000000000000000, 0.000000000000000000, -1.000000000000000000 ) ) ;
#5483 = VERTEX_POINT ( 'NONE', #6232 ) ;
#5484 = CARTESIAN_POINT ( 'NONE',  ( -0.2406238026544924302, 3.879688098672753771, 0.000000000000000000 ) ) ;
#5485 = CARTESIAN_POINT ( 'NONE',  ( 0.2500000000000000000, -0.3750000000000000555, -1.709349291397167958 ) ) ;
#5486 = DIRECTION ( 'NONE',  ( -1.000000000000000000, -0.000000000000000000, -0.000000000000000000 ) ) ;
#5487 = ORIENTED_EDGE ( 'NONE', *, *, #1151, .T. ) ;
#5488 = CARTESIAN_POINT ( 'NONE',  ( -7.000000000000000000, -0.3346643017336374815, 0.4606258943332835476 ) ) ;
#5489 = DIRECTION ( 'NONE',  ( 1.000000000000000000, 1.224646799147352714E-16, -0.000000000000000000 ) ) ;
#5490 = ORIENTED_EDGE ( 'NONE', *, *, #6906, .F. ) ;
#5491 = AXIS2_PLACEMENT_3D ( 'NONE', #1526, #171, #7929 ) ;
#5492 = LINE ( 'NONE', #4335, #6185 ) ;
#5493 = EDGE_LOOP ( 'NONE', ( #2018, #5185, #4401, #4764, #2135, #5998, #1322, #2983 ) ) ;
#5494 = VERTEX_POINT ( 'NONE', #5606 ) ;
#5495 = B_SPLINE_CURVE_WITH_KNOTS ( 'NONE', 3,
 ( #5340, #112, #1555, #6060 ),
 .UNSPECIFIED., .F., .F.,
 ( 4, 4 ),
 ( 2.313225186782693995E-07, 0.007844056971188220415 ),
 .UNSPECIFIED. ) ;
#5496 = CARTESIAN_POINT ( 'NONE',  ( 0.2329829950954876161, 0.3368994084389979049, 3.850777859227248801 ) ) ;
#5497 = DIRECTION ( 'NONE',  ( 0.000000000000000000, 0.000000000000000000, -1.000000000000000000 ) ) ;
#5498 = VERTEX_POINT ( 'NONE', #6911 ) ;
#5499 = DIRECTION ( 'NONE',  ( 0.000000000000000000, 0.5877852522924685852, 0.8090169943749507819 ) ) ;
#5500 = CARTESIAN_POINT ( 'NONE',  ( 0.2465608283438159576, -2.561361252231139307, -3.525411319366416052 ) ) ;
#5501 = ORIENTED_EDGE ( 'NONE', *, *, #6927, .F. ) ;
#5502 = CARTESIAN_POINT ( 'NONE',  ( -7.000000000000000000, -0.5414982150262708238, -0.1759434355370016190 ) ) ;
#5503 = VERTEX_POINT ( 'NONE', #6158 ) ;
#5504 = EDGE_CURVE ( 'NONE', #562, #7201, #7423, .T. ) ;
#5505 = AXIS2_PLACEMENT_3D ( 'NONE', #3509, #6106, #6068 ) ;
#5506 = ORIENTED_EDGE ( 'NONE', *, *, #5674, .T. ) ;
#5507 = CARTESIAN_POINT ( 'NONE',  ( -5.250000000000000000, 0.7135254915624210659, 0.7006292692220371654 ) ) ;
#5508 = CARTESIAN_POINT ( 'NONE',  ( -7.000000000000000000, -0.1953655642446323892, -0.4602524267262216306 ) ) ;
#5509 = AXIS2_PLACEMENT_3D ( 'NONE', #6089, #1458, #2690 ) ;
#5510 = CARTESIAN_POINT ( 'NONE',  ( -0.2406238026544916253, -1.908004274696309122E-16, 0.000000000000000000 ) ) ;
#5511 = LINE ( 'NONE', #1649, #4416 ) ;
#5512 = CARTESIAN_POINT ( 'NONE',  ( 1.549995677804209437, 0.000000000000000000, 0.000000000000000000 ) ) ;
#5513 = APPROVAL_PERSON_ORGANIZATION ( #3242, #4170, #5114 ) ;
#5514 = EDGE_CURVE ( 'NONE', #7655, #3824, #425, .T. ) ;
#5515 = EDGE_LOOP ( 'NONE', ( #6824, #3998, #2180, #7865 ) ) ;
#5516 = CARTESIAN_POINT ( 'NONE',  ( -0.2406238026544924025, 4.063757579114314812E-14, -3.879688098672753771 ) ) ;
#5517 = CIRCLE ( 'NONE', #5921, 0.4999999999999996669 ) ;
#5518 = ADVANCED_FACE ( 'NONE', ( #1100 ), #469, .T. ) ;
#5519 = CONICAL_SURFACE ( 'NONE', #7679, 3.105109578176981078, 0.5235987755983000369 ) ;
#5520 = CARTESIAN_POINT ( 'NONE',  ( 0.2329829950954862283, -1.328003225777371388E-16, 0.000000000000000000 ) ) ;
#5521 = CARTESIAN_POINT ( 'NONE',  ( -4.750000000000000000, 0.2499999999999999167, -0.9682458365518540333 ) ) ;
#5522 = EDGE_LOOP ( 'NONE', ( #4414, #5864, #2805, #1383 ) ) ;
#5523 = EDGE_CURVE ( 'NONE', #2519, #2040, #136, .T. ) ;
#5524 = CARTESIAN_POINT ( 'NONE',  ( 1.549995677804209437, -1.408628533808550243, -3.318520863939804499 ) ) ;
#5525 = FACE_OUTER_BOUND ( 'NONE', #6818, .T. ) ;
#5526 = DIRECTION ( 'NONE',  ( 0.000000000000000000, 0.000000000000000000, 1.000000000000000000 ) ) ;
#5527 = ORIENTED_EDGE ( 'NONE', *, *, #5368, .F. ) ;
#5528 = EDGE_CURVE ( 'NONE', #4140, #264, #3912, .T. ) ;
#5529 = AXIS2_PLACEMENT_3D ( 'NONE', #1428, #6617, #4061 ) ;
#5530 = EDGE_CURVE ( 'NONE', #2652, #3159, #4057, .T. ) ;
#5531 = EDGE_CURVE ( 'NONE', #1665, #4083, #1022, .T. ) ;
#5532 = CARTESIAN_POINT ( 'NONE',  ( -0.003439171656184357700, -3.909700915152901413, 0.3420545078528100524 ) ) ;
#5533 = DIRECTION ( 'NONE',  ( 0.8660254037844380415, -0.2938926261462362910, -0.4045084971874751689 ) ) ;
#5534 = VERTEX_POINT ( 'NONE', #6196 ) ;
#5535 = EDGE_CURVE ( 'NONE', #695, #3906, #385, .T. ) ;
#5536 = DIRECTION ( 'NONE',  ( 0.8944271909999158554, 0.4357515400201320555, 0.1006011698246265518 ) ) ;
#5537 = VERTEX_POINT ( 'NONE', #7762 ) ;
#5538 = VERTEX_POINT ( 'NONE', #3896 ) ;
#5539 = DIRECTION ( 'NONE',  ( 1.000000000000000000, 1.224646799147352714E-16, -0.000000000000000000 ) ) ;
#5540 = CARTESIAN_POINT ( 'NONE',  ( 0.1610010175967979129, 3.052759646921667347, -1.329498902029276008 ) ) ;
#5541 = LINE ( 'NONE', #6935, #2073 ) ;
#5542 = ORIENTED_EDGE ( 'NONE', *, *, #7232, .T. ) ;
#5543 = CARTESIAN_POINT ( 'NONE',  ( -7.000000000000000000, 0.5671983121851674747, -0.04962342228724022503 ) ) ;
#5544 = DIRECTION ( 'NONE',  ( -1.000000000000000000, 0.000000000000000000, 0.000000000000000000 ) ) ;
#5545 = VERTEX_POINT ( 'NONE', #3855 ) ;
#5546 = CARTESIAN_POINT ( 'NONE',  ( -0.2500000000000000000, 3.040803124484941389, -1.322595800581860992 ) ) ;
#5547 = AXIS2_PLACEMENT_3D ( 'NONE', #8169, #3586, #460 ) ;
#5548 = VERTEX_POINT ( 'NONE', #6408 ) ;
#5549 = ORIENTED_EDGE ( 'NONE', *, *, #6197, .T. ) ;
#5550 = DIRECTION ( 'NONE',  ( -1.236773978361170610E-16, 1.000000000000000000, 0.000000000000000000 ) ) ;
#5551 = DIRECTION ( 'NONE',  ( -1.000000000000000000, -0.000000000000000000, -0.000000000000000000 ) ) ;
#5552 = CARTESIAN_POINT ( 'NONE',  ( -7.000000000000000000, 0.4880409895273084553, 0.2932446110782024329 ) ) ;
#5553 = AXIS2_PLACEMENT_3D ( 'NONE', #5263, #2032, #7217 ) ;
#5554 = DIRECTION ( 'NONE',  ( 1.000000000000000000, 0.000000000000000000, 0.000000000000000000 ) ) ;
#5555 = VERTEX_POINT ( 'NONE', #3254 ) ;
#5556 = CARTESIAN_POINT ( 'NONE',  ( 0.2500000000000000000, -0.3750000000000000555, -3.256793767102405646 ) ) ;
#5557 = AXIS2_PLACEMENT_3D ( 'NONE', #5748, #7105, #693 ) ;
#5558 = VECTOR ( 'NONE', #3482, 39.37007874015748143 ) ;
#5559 = DIRECTION ( 'NONE',  ( 0.000000000000000000, -0.08715574274764793794, -0.9961946980917465444 ) ) ;
#5560 = EDGE_CURVE ( 'NONE', #3562, #6711, #3103, .T. ) ;
#5561 = CARTESIAN_POINT ( 'NONE',  ( -0.01701700490451293554, 2.776930205825493658, 2.017557891834907302 ) ) ;
#5562 = CIRCLE ( 'NONE', #5966, 3.315983005625052549 ) ;
#5563 = CONICAL_SURFACE ( 'NONE', #1897, 4.500000000000000000, 0.5116441634306432285 ) ;
#5564 = DIRECTION ( 'NONE',  ( 0.000000000000000000, 0.000000000000000000, 1.000000000000000000 ) ) ;
#5565 = DIRECTION ( 'NONE',  ( -1.000000000000000000, -1.224646799147352714E-16, 0.000000000000000000 ) ) ;
#5566 = DIRECTION ( 'NONE',  ( 1.000000000000000000, 0.000000000000000000, 0.000000000000000000 ) ) ;
#5567 = AXIS2_PLACEMENT_3D ( 'NONE', #1955, #1909, #2627 ) ;
#5568 = ORIENTED_EDGE ( 'NONE', *, *, #4226, .F. ) ;
#5569 = VECTOR ( 'NONE', #6897, 39.37007874015748143 ) ;
#5570 = DIRECTION ( 'NONE',  ( 1.000000000000000000, 0.000000000000000000, 0.000000000000000000 ) ) ;
#5571 = AXIS2_PLACEMENT_3D ( 'NONE', #142, #1544, #2726 ) ;
#5572 = EDGE_CURVE ( 'NONE', #7062, #5246, #2701, .T. ) ;
#5573 = CARTESIAN_POINT ( 'NONE',  ( -0.01701700490451354270, 3.264477243259471528, -1.060692954239055741 ) ) ;
#5574 = VERTEX_POINT ( 'NONE', #6492 ) ;
#5575 = PLANE ( 'NONE',  #118 ) ;
#5576 = EDGE_CURVE ( 'NONE', #2558, #131, #7983, .T. ) ;
#5577 = EDGE_LOOP ( 'NONE', ( #3087, #7836, #1284, #3709 ) ) ;
#5578 = CIRCLE ( 'NONE', #7064, 0.5000000000000001110 ) ;
#5579 = ORIENTED_EDGE ( 'NONE', *, *, #225, .T. ) ;
#5580 = ADVANCED_FACE ( 'NONE', ( #6320 ), #1753, .T. ) ;
#5581 = CARTESIAN_POINT ( 'NONE',  ( -0.2482449321572040568, -3.527804100961102307, 2.563099709819928407 ) ) ;
#5582 = LINE ( 'NONE', #3742, #5143 ) ;
#5583 = DIRECTION ( 'NONE',  ( 0.000000000000000000, -0.5877852522924624790, -0.8090169943749552228 ) ) ;
#5584 = CIRCLE ( 'NONE', #3409, 0.4999999999999998335 ) ;
#5585 = EDGE_LOOP ( 'NONE', ( #2611, #4357, #7025, #7515 ) ) ;
#5586 = CARTESIAN_POINT ( 'NONE',  ( -0.2482449321572018641, 4.147182447043668674, 1.347501260915873411 ) ) ;
#5587 = CARTESIAN_POINT ( 'NONE',  ( 0.2500000000000000000, -0.7500000000000001110, -0.1250000000000003608 ) ) ;
#5588 = VERTEX_POINT ( 'NONE', #7124 ) ;
#5589 = DIRECTION ( 'NONE',  ( 1.000000000000000000, 0.000000000000000000, 0.000000000000000000 ) ) ;
#5590 = ORIENTED_EDGE ( 'NONE', *, *, #5367, .T. ) ;
#5591 = VECTOR ( 'NONE', #6628, 39.37007874015748854 ) ;
#5592 = CONICAL_SURFACE ( 'NONE', #7209, 4.500000000000000000, 0.5116441634306432285 ) ;
#5593 = VERTEX_POINT ( 'NONE', #1269 ) ;
#5594 = CARTESIAN_POINT ( 'NONE',  ( 0.2500000000000000000, 0.000000000000000000, -0.7500000000000001110 ) ) ;
#5595 = CIRCLE ( 'NONE', #3687, 4.357648039384080185 ) ;
#5596 = AXIS2_PLACEMENT_3D ( 'NONE', #52, #7172, #4 ) ;
#5597 = EDGE_CURVE ( 'NONE', #4830, #1097, #3172, .T. ) ;
#5598 = CARTESIAN_POINT ( 'NONE',  ( 0.000000000000000000, 0.000000000000000000, 0.000000000000000000 ) ) ;
#5599 = AXIS2_PLACEMENT_3D ( 'NONE', #6454, #3944, #1273 ) ;
#5600 = DIRECTION ( 'NONE',  ( 0.000000000000000000, -0.5877852522924742473, 0.8090169943749466741 ) ) ;
#5601 = CARTESIAN_POINT ( 'NONE',  ( 5.651087907391154571E-17, -1.396592535537253342E-14, 4.000000000000000000 ) ) ;
#5602 = VECTOR ( 'NONE', #5810, 39.37007874015748143 ) ;
#5603 = ORIENTED_EDGE ( 'NONE', *, *, #1012, .T. ) ;
#5604 = DIRECTION ( 'NONE',  ( 0.000000000000000000, -1.310441370859486538E-16, 1.000000000000000000 ) ) ;
#5605 = CARTESIAN_POINT ( 'NONE',  ( 0.1610010175967986623, -3.052759646921676673, 1.329498902029254914 ) ) ;
#5606 = CARTESIAN_POINT ( 'NONE',  ( 1.299995677804209215, 2.672096876284762335, 3.737971900009620581E-16 ) ) ;
#5607 = AXIS2_PLACEMENT_3D ( 'NONE', #4185, #5416, #1505 ) ;
#5608 = DIRECTION ( 'NONE',  ( 0.000000000000000000, 0.5877852522924742473, -0.8090169943749465631 ) ) ;
#5609 = DIRECTION ( 'NONE',  ( 0.000000000000000000, 0.3090169943749582204, -0.9510565162951500895 ) ) ;
#5610 = DIRECTION ( 'NONE',  ( 1.000000000000000000, 0.000000000000000000, 0.000000000000000000 ) ) ;
#5611 = CARTESIAN_POINT ( 'NONE',  ( -0.01701700490451278289, -2.942204904613434202, -1.767855060291986691 ) ) ;
#5612 = VERTEX_POINT ( 'NONE', #513 ) ;
#5613 = ADVANCED_FACE ( 'NONE', ( #5851 ), #3089, .T. ) ;
#5614 = CARTESIAN_POINT ( 'NONE',  ( -7.000000000000000000, -0.3773547901113875058, 0.3280295144952513064 ) ) ;
#5615 = CARTESIAN_POINT ( 'NONE',  ( 1.549995677804209437, -3.318520863939800059, 1.408628533808560457 ) ) ;
#5616 = ORIENTED_EDGE ( 'NONE', *, *, #7835, .F. ) ;
#5617 = DIRECTION ( 'NONE',  ( 0.000000000000000000, -1.000000000000000000, -1.047444401652939849E-14 ) ) ;
#5618 = ORIENTED_EDGE ( 'NONE', *, *, #1224, .F. ) ;
#5619 = ORIENTED_EDGE ( 'NONE', *, *, #6922, .T. ) ;
#5620 = EDGE_CURVE ( 'NONE', #7023, #6805, #3782, .T. ) ;
#5621 = PLANE ( 'NONE',  #5777 ) ;
#5622 = CARTESIAN_POINT ( 'NONE',  ( 0.07199504484766010293, 3.097542741169256431, -1.355354433548266568 ) ) ;
#5623 = EDGE_CURVE ( 'NONE', #2686, #2385, #2576, .T. ) ;
#5624 = PLANE ( 'NONE',  #2753 ) ;
#5625 = ORIENTED_EDGE ( 'NONE', *, *, #4371, .T. ) ;
#5626 = DIRECTION ( 'NONE',  ( -1.000000000000000000, 0.000000000000000000, 0.000000000000000000 ) ) ;
#5627 = ADVANCED_FACE ( 'NONE', ( #4491 ), #8253, .T. ) ;
#5628 = PLANE ( 'NONE',  #2801 ) ;
#5629 = VERTEX_POINT ( 'NONE', #5044 ) ;
#5630 = DIRECTION ( 'NONE',  ( 0.000000000000000000, 0.000000000000000000, -1.000000000000000000 ) ) ;
#5631 = VERTEX_POINT ( 'NONE', #7632 ) ;
#5632 = ORIENTED_EDGE ( 'NONE', *, *, #6445, .T. ) ;
#5633 = FACE_OUTER_BOUND ( 'NONE', #5279, .T. ) ;
#5634 = EDGE_CURVE ( 'NONE', #2599, #5655, #6996, .T. ) ;
#5635 = DIRECTION ( 'NONE',  ( -1.000000000000000000, -1.224646799147352714E-16, 0.000000000000000000 ) ) ;
#5636 = LINE ( 'NONE', #8171, #8192 ) ;
#5637 = TOROIDAL_SURFACE ( 'NONE', #5088, 3.924635337491861886, 0.5000000000000000000 ) ;
#5638 = CARTESIAN_POINT ( 'NONE',  ( 1.549995677804209437, 0.000000000000000000, 0.000000000000000000 ) ) ;
#5639 = ORIENTED_EDGE ( 'NONE', *, *, #3132, .F. ) ;
#5640 = ORIENTED_EDGE ( 'NONE', *, *, #5697, .T. ) ;
#5641 = DIRECTION ( 'NONE',  ( -0.000000000000000000, -0.8660254037844382635, -0.5000000000000005551 ) ) ;
#5642 = CARTESIAN_POINT ( 'NONE',  ( -4.750000000000000000, 0.000000000000000000, 0.000000000000000000 ) ) ;
#5643 = CONICAL_SURFACE ( 'NONE', #7807, 0.4561405019143418560, 0.4461670167513162588 ) ;
#5644 = DIRECTION ( 'NONE',  ( -0.000000000000000000, 0.8090169943749402348, 0.5877852522924830181 ) ) ;
#5645 = CYLINDRICAL_SURFACE ( 'NONE', #8159, 1.000000000000000222 ) ;
#5646 = AXIS2_PLACEMENT_3D ( 'NONE', #1081, #8195, #5544 ) ;
#5647 = DIRECTION ( 'NONE',  ( -1.000000000000000000, -0.000000000000000000, 0.000000000000000000 ) ) ;
#5648 = CARTESIAN_POINT ( 'NONE',  ( -7.000000000000000000, 0.5414982150262721561, 0.1759434355369977887 ) ) ;
#5649 = CARTESIAN_POINT ( 'NONE',  ( -0.003439171656184357700, -1.370279104261715823E-14, 3.924635337491861442 ) ) ;
#5650 = CIRCLE ( 'NONE', #2661, 1.335188389537908638 ) ;
#5651 = AXIS2_PLACEMENT_3D ( 'NONE', #1045, #7531, #1003 ) ;
#5652 = CIRCLE ( 'NONE', #4562, 3.105109578176981078 ) ;
#5653 = CARTESIAN_POINT ( 'NONE',  ( 0.2465608283438161796, -4.144369563577019910, -1.346587299674383509 ) ) ;
#5654 = CARTESIAN_POINT ( 'NONE',  ( 0.2329829950954873385, -3.127244840436493867, -2.272076372062493910 ) ) ;
#5655 = VERTEX_POINT ( 'NONE', #7714 ) ;
#5656 = ORIENTED_EDGE ( 'NONE', *, *, #5620, .T. ) ;
#5657 = CARTESIAN_POINT ( 'NONE',  ( -0.2500000000000000000, 0.3750000000000232037, 3.294710654001978600 ) ) ;
#5658 = ORIENTED_EDGE ( 'NONE', *, *, #2620, .T. ) ;
#5659 = ORIENTED_EDGE ( 'NONE', *, *, #953, .T. ) ;
#5660 = DIRECTION ( 'NONE',  ( 0.8660254037844380415, -0.4602524267262236290, 0.1953655642446313345 ) ) ;
#5661 = DIRECTION ( 'NONE',  ( 0.000000000000000000, 0.3090169943749548898, -0.9510565162951511997 ) ) ;
#5662 = PLANE ( 'NONE',  #5469 ) ;
#5663 = VERTEX_POINT ( 'NONE', #1185 ) ;
#5664 = EDGE_CURVE ( 'NONE', #2006, #8368, #7587, .T. ) ;
#5665 = FACE_OUTER_BOUND ( 'NONE', #8284, .T. ) ;
#5666 = ORIENTED_EDGE ( 'NONE', *, *, #3033, .F. ) ;
#5667 = CARTESIAN_POINT ( 'NONE',  ( 5.651087907391154571E-17, 4.189777606611760026E-14, -4.000000000000000000 ) ) ;
#5668 = ORIENTED_EDGE ( 'NONE', *, *, #3900, .F. ) ;
#5669 = EDGE_CURVE ( 'NONE', #2385, #4819, #6225, .T. ) ;
#5670 = ORIENTED_EDGE ( 'NONE', *, *, #6723, .F. ) ;
#5671 = FACE_OUTER_BOUND ( 'NONE', #4339, .T. ) ;
#5672 = AXIS2_PLACEMENT_3D ( 'NONE', #3098, #1323, #3777 ) ;
#5673 = ORIENTED_EDGE ( 'NONE', *, *, #4179, .F. ) ;
#5674 = EDGE_CURVE ( 'NONE', #973, #1260, #1215, .T. ) ;
#5675 = CARTESIAN_POINT ( 'NONE',  ( 0.2500000000000000000, 0.000000000000000000, 0.000000000000000000 ) ) ;
#5676 = DIRECTION ( 'NONE',  ( 0.000000000000000000, -0.6560590289905057215, -0.7547095802227732353 ) ) ;
#5677 = CARTESIAN_POINT ( 'NONE',  ( 1.549995677804209437, -0.8109732006360932388, 3.512710853246174825 ) ) ;
#5678 = EDGE_CURVE ( 'NONE', #4122, #3573, #7039, .T. ) ;
#5679 = EDGE_CURVE ( 'NONE', #2291, #7381, #2563, .T. ) ;
#5680 = ORIENTED_EDGE ( 'NONE', *, *, #8244, .F. ) ;
#5681 = EDGE_CURVE ( 'NONE', #5252, #5891, #7087, .T. ) ;
#5682 = ORIENTED_EDGE ( 'NONE', *, *, #6510, .F. ) ;
#5683 = DIRECTION ( 'NONE',  ( 1.224646799147352714E-16, -1.000000000000000000, 0.000000000000000000 ) ) ;
#5684 = LINE ( 'NONE', #2450, #7592 ) ;
#5685 = EDGE_CURVE ( 'NONE', #7830, #203, #5220, .T. ) ;
#5686 = DIRECTION ( 'NONE',  ( 0.000000000000000000, -0.5877852522924684742, -0.8090169943749506709 ) ) ;
#5687 = CARTESIAN_POINT ( 'NONE',  ( -7.000000000000000000, 0.4880409895273084553, 0.2932446110782024329 ) ) ;
#5688 = DIRECTION ( 'NONE',  ( 0.000000000000000000, -0.3090169943749548898, 0.9510565162951511997 ) ) ;
#5689 = CARTESIAN_POINT ( 'NONE',  ( -0.2482449321572040568, 0.000000000000000000, 0.000000000000000000 ) ) ;
#5690 = CONICAL_SURFACE ( 'NONE', #945, 0.4561405019143418560, 0.4461670167513162588 ) ;
#5691 = CIRCLE ( 'NONE', #2027, 1.750000000000000000 ) ;
#5692 = CARTESIAN_POINT ( 'NONE',  ( 1.549995677804209437, 2.953134698135713165, 0.9595316290531138437 ) ) ;
#5693 = DIRECTION ( 'NONE',  ( -8.797911715786014202E-17, 1.000000000000000000, 0.000000000000000000 ) ) ;
#5694 = ORIENTED_EDGE ( 'NONE', *, *, #3215, .T. ) ;
#5695 = VECTOR ( 'NONE', #7565, 39.37007874015748143 ) ;
#5696 = ORIENTED_EDGE ( 'NONE', *, *, #7441, .F. ) ;
#5697 = EDGE_CURVE ( 'NONE', #7302, #5412, #7313, .T. ) ;
#5698 = CYLINDRICAL_SURFACE ( 'NONE', #3772, 0.1250000000000000278 ) ;
#5699 = ORIENTED_EDGE ( 'NONE', *, *, #8336, .T. ) ;
#5700 = VECTOR ( 'NONE', #7284, 39.37007874015748143 ) ;
#5701 = ORIENTED_EDGE ( 'NONE', *, *, #2407, .F. ) ;
#5702 = CARTESIAN_POINT ( 'NONE',  ( 0.1610010267107802040, -0.3750000000000000555, -3.308516851600084241 ) ) ;
#5703 = AXIS2_PLACEMENT_3D ( 'NONE', #4450, #3220, #7048 ) ;
#5704 = LINE ( 'NONE', #8112, #4603 ) ;
#5705 = DIRECTION ( 'NONE',  ( 0.000000000000000000, 0.9205048534524413739, -0.3907311284892713288 ) ) ;
#5706 = ORIENTED_EDGE ( 'NONE', *, *, #4259, .T. ) ;
#5707 = AXIS2_PLACEMENT_3D ( 'NONE', #1602, #3673, #2401 ) ;
#5708 = PLANE ( 'NONE',  #4773 ) ;
#5709 = ORIENTED_EDGE ( 'NONE', *, *, #5368, .T. ) ;
#5710 = ORIENTED_EDGE ( 'NONE', *, *, #6725, .F. ) ;
#5711 = ORIENTED_EDGE ( 'NONE', *, *, #3283, .F. ) ;
#5712 = LINE ( 'NONE', #23, #1200 ) ;
#5713 = EDGE_CURVE ( 'NONE', #1279, #7034, #6904, .T. ) ;
#5714 = CIRCLE ( 'NONE', #3956, 0.5000000000000000000 ) ;
#5715 = ORIENTED_EDGE ( 'NONE', *, *, #3740, .T. ) ;
#5716 = CARTESIAN_POINT ( 'NONE',  ( 0.000000000000000000, -1.758290078201692808, -4.142271840535998173 ) ) ;
#5717 = AXIS2_PLACEMENT_3D ( 'NONE', #134, #4038, #2721 ) ;
#5718 = DIRECTION ( 'NONE',  ( 1.000000000000000000, 0.000000000000000000, 0.000000000000000000 ) ) ;
#5719 = DIRECTION ( 'NONE',  ( 1.000000000000000000, 0.000000000000000000, 0.000000000000000000 ) ) ;
#5720 = VECTOR ( 'NONE', #5311, 39.37007874015748143 ) ;
#5721 = AXIS2_PLACEMENT_3D ( 'NONE', #5402, #2167, #7429 ) ;
#5722 = ORIENTED_EDGE ( 'NONE', *, *, #2405, .T. ) ;
#5723 = VERTEX_POINT ( 'NONE', #7367 ) ;
#5724 = DIRECTION ( 'NONE',  ( -1.000000000000000000, -0.000000000000000000, -0.000000000000000000 ) ) ;
#5725 = AXIS2_PLACEMENT_3D ( 'NONE', #7558, #3569, #5056 ) ;
#5726 = EDGE_CURVE ( 'NONE', #1501, #698, #8243, .T. ) ;
#5727 = CARTESIAN_POINT ( 'NONE',  ( -4.750000000000000000, 0.000000000000000000, 0.000000000000000000 ) ) ;
#5728 = VECTOR ( 'NONE', #2292, 39.37007874015748854 ) ;
#5729 = DIRECTION ( 'NONE',  ( 1.000000000000000000, 0.000000000000000000, 0.000000000000000000 ) ) ;
#5730 = VECTOR ( 'NONE', #4575, 39.37007874015748143 ) ;
#5731 = EDGE_CURVE ( 'NONE', #7099, #973, #4775, .T. ) ;
#5732 = EDGE_CURVE ( 'NONE', #5057, #2435, #2183, .T. ) ;
#5733 = DIRECTION ( 'NONE',  ( 0.000000000000000000, 0.8090169943749486725, -0.5877852522924713607 ) ) ;
#5734 = CIRCLE ( 'NONE', #6948, 4.360605680090435143 ) ;
#5735 = CARTESIAN_POINT ( 'NONE',  ( -0.2500000000000000000, 0.000000000000000000, 0.000000000000000000 ) ) ;
#5736 = EDGE_CURVE ( 'NONE', #182, #7189, #2616, .T. ) ;
#5737 = VECTOR ( 'NONE', #6430, 39.37007874015748143 ) ;
#5738 = DIRECTION ( 'NONE',  ( 0.000000000000000000, 0.000000000000000000, -1.000000000000000000 ) ) ;
#5739 = EDGE_CURVE ( 'NONE', #7796, #621, #1343, .T. ) ;
#5740 = CARTESIAN_POINT ( 'NONE',  ( 1.549995677804209659, 2.848721405383343027E-17, 0.000000000000000000 ) ) ;
#5741 = VERTEX_POINT ( 'NONE', #4728 ) ;
#5742 = ORIENTED_EDGE ( 'NONE', *, *, #8088, .F. ) ;
#5743 = DIRECTION ( 'NONE',  ( 0.8944271909999158554, 0.4455118127516047299, -0.03897723308264968572 ) ) ;
#5744 = EDGE_LOOP ( 'NONE', ( #4910, #1086, #2469, #5682 ) ) ;
#5745 = ORIENTED_EDGE ( 'NONE', *, *, #1001, .T. ) ;
#5746 = DIRECTION ( 'NONE',  ( 0.000000000000000000, 0.9510565162951521989, 0.3090169943749515591 ) ) ;
#5747 = VECTOR ( 'NONE', #786, 39.37007874015748854 ) ;
#5748 = CARTESIAN_POINT ( 'NONE',  ( -0.003439171656184904138, -2.021336628945795688, 3.364069078478013175 ) ) ;
#5749 = CARTESIAN_POINT ( 'NONE',  ( -4.916740569567935815, 1.401172769205570878, 0.5202923408871974464 ) ) ;
#5750 = ORIENTED_EDGE ( 'NONE', *, *, #6397, .F. ) ;
#5751 = CARTESIAN_POINT ( 'NONE',  ( -4.750000000000000000, -0.7135254915624210659, 0.7006292692220369434 ) ) ;
#5752 = VERTEX_POINT ( 'NONE', #919 ) ;
#5753 = ORIENTED_EDGE ( 'NONE', *, *, #740, .F. ) ;
#5754 = EDGE_LOOP ( 'NONE', ( #4213, #6677, #2507, #3713 ) ) ;
#5755 = DIRECTION ( 'NONE',  ( -0.8719406851971467365, -0.04267245577074174623, -0.4877484013468668111 ) ) ;
#5756 = EDGE_LOOP ( 'NONE', ( #3839, #2825, #3678, #3667, #6791, #2618, #7749, #5948, #964, #7785, #3921, #4594, #7247, #5072, #2422, #2268, #4044, #530, #7138, #3658, #2185, #7993, #150, #5078 ) ) ;
#5757 = DIRECTION ( 'NONE',  ( 1.000000000000000000, 0.000000000000000000, 0.000000000000000000 ) ) ;
#5758 = CARTESIAN_POINT ( 'NONE',  ( -7.000000000000000000, 0.3735369949770445119, 0.4297051579498666896 ) ) ;
#5759 = VECTOR ( 'NONE', #3348, 39.37007874015748143 ) ;
#5760 = EDGE_CURVE ( 'NONE', #4643, #3677, #6134, .T. ) ;
#5761 = DIRECTION ( 'NONE',  ( 0.8944271909999158554, -0.4472135954999580387, 0.000000000000000000 ) ) ;
#5762 = EDGE_LOOP ( 'NONE', ( #8270, #1827, #668, #2148 ) ) ;
#5763 = ORIENTED_EDGE ( 'NONE', *, *, #7434, .F. ) ;
#5764 = CARTESIAN_POINT ( 'NONE',  ( -0.2500000000000000000, 0.000000000000000000, 0.000000000000000000 ) ) ;
#5765 = CARTESIAN_POINT ( 'NONE',  ( 0.2465608283438154302, -2.561361252231189933, 3.525411319366379193 ) ) ;
#5766 = DIRECTION ( 'NONE',  ( 0.000000000000000000, 0.000000000000000000, -1.000000000000000000 ) ) ;
#5767 = CARTESIAN_POINT ( 'NONE',  ( -0.003439171656184494309, 0.000000000000000000, 0.000000000000000000 ) ) ;
#5768 = DIRECTION ( 'NONE',  ( 0.000000000000000000, 0.8090169943749445647, 0.5877852522924770229 ) ) ;
#5769 = ADVANCED_FACE ( 'NONE', ( #7321 ), #183, .T. ) ;
#5770 = DIRECTION ( 'NONE',  ( 0.000000000000000000, -1.000000000000000000, -3.491481338843132961E-15 ) ) ;
#5771 = DIRECTION ( 'NONE',  ( 0.8660254037844380415, -0.3773547901113910030, 0.3280295144952494191 ) ) ;
#5772 = EDGE_CURVE ( 'NONE', #331, #5741, #588, .T. ) ;
#5773 = AXIS2_PLACEMENT_3D ( 'NONE', #3343, #4789, #5940 ) ;
#5774 = CARTESIAN_POINT ( 'NONE',  ( -0.01701700490451314371, -1.634164925564209258E-16, 0.000000000000000000 ) ) ;
#5775 = VECTOR ( 'NONE', #6290, 39.37007874015748143 ) ;
#5776 = CARTESIAN_POINT ( 'NONE',  ( -5.083421215911309687, -0.2500000000000001110, 1.392689916474673550 ) ) ;
#5777 = AXIS2_PLACEMENT_3D ( 'NONE', #401, #4218, #4976 ) ;
#5778 = ORIENTED_EDGE ( 'NONE', *, *, #701, .F. ) ;
#5779 = DIRECTION ( 'NONE',  ( 1.000000000000000000, 0.000000000000000000, 0.000000000000000000 ) ) ;
#5780 = ORIENTED_EDGE ( 'NONE', *, *, #5634, .T. ) ;
#5781 = DIRECTION ( 'NONE',  ( -1.000000000000000000, -0.000000000000000000, 0.000000000000000000 ) ) ;
#5782 = EDGE_CURVE ( 'NONE', #7784, #5153, #6146, .T. ) ;
#5783 = ORIENTED_EDGE ( 'NONE', *, *, #8204, .F. ) ;
#5784 = EDGE_CURVE ( 'NONE', #1683, #1212, #5460, .T. ) ;
#5785 = ORIENTED_EDGE ( 'NONE', *, *, #4319, .F. ) ;
#5786 = ADVANCED_FACE ( 'NONE', ( #2272 ), #3976, .T. ) ;
#5787 = AXIS2_PLACEMENT_3D ( 'NONE', #555, #3174, #5768 ) ;
#5788 = DIRECTION ( 'NONE',  ( 8.797911715786014202E-17, -1.000000000000000000, 0.000000000000000000 ) ) ;
#5789 = EDGE_CURVE ( 'NONE', #3196, #5223, #6173, .T. ) ;
#5790 = CARTESIAN_POINT ( 'NONE',  ( -0.01701700490451238043, -1.767855060291975811, 2.942204904613441308 ) ) ;
#5791 = DIRECTION ( 'NONE',  ( -1.000000000000000000, -1.224646799147352714E-16, 0.000000000000000000 ) ) ;
#5792 = ORIENTED_EDGE ( 'NONE', *, *, #3740, .F. ) ;
#5793 = CARTESIAN_POINT ( 'NONE',  ( 1.549995677804209437, 0.000000000000000000, 0.000000000000000000 ) ) ;
#5794 = VERTEX_POINT ( 'NONE', #2228 ) ;
#5795 = VERTEX_POINT ( 'NONE', #1593 ) ;
#5796 = VERTEX_POINT ( 'NONE', #4102 ) ;
#5797 = DIRECTION ( 'NONE',  ( 0.000000000000000000, 0.9510565162951520879, 0.3090169943749515036 ) ) ;
#5798 = AXIS2_PLACEMENT_3D ( 'NONE', #7205, #3299, #6534 ) ;
#5799 = PERSON_AND_ORGANIZATION ( #1217, #2656 ) ;
#5800 = ORIENTED_EDGE ( 'NONE', *, *, #8166, .T. ) ;
#5801 = PLANE ( 'NONE',  #2184 ) ;
#5802 = DIRECTION ( 'NONE',  ( 0.000000000000000000, 0.000000000000000000, -1.000000000000000000 ) ) ;
#5803 = EDGE_LOOP ( 'NONE', ( #5673, #6039, #5805, #888 ) ) ;
#5804 = DIRECTION ( 'NONE',  ( 0.000000000000000000, -0.9510565162951500895, -0.3090169943749582204 ) ) ;
#5805 = ORIENTED_EDGE ( 'NONE', *, *, #3401, .F. ) ;
#5806 = ORIENTED_EDGE ( 'NONE', *, *, #371, .F. ) ;
#5807 = CARTESIAN_POINT ( 'NONE',  ( -4.750000000000000000, 0.000000000000000000, 0.2500000000000000000 ) ) ;
#5808 = DIRECTION ( 'NONE',  ( -0.000000000000000000, 0.9205048534524440385, -0.3907311284892651115 ) ) ;
#5809 = CARTESIAN_POINT ( 'NONE',  ( 1.549995677804209437, -1.825137616804543672, 2.512086418141593391 ) ) ;
#5810 = DIRECTION ( 'NONE',  ( 0.000000000000000000, 0.9510565162951511997, 0.3090169943749548898 ) ) ;
#5811 = CARTESIAN_POINT ( 'NONE',  ( -0.01701700490451218614, -1.634164925564208026E-16, 0.000000000000000000 ) ) ;
#5812 = DIRECTION ( 'NONE',  ( 0.000000000000000000, 0.8660254037844431485, 0.4999999999999919509 ) ) ;
#5813 = CARTESIAN_POINT ( 'NONE',  ( 1.549995677804209437, 0.9595316290531032966, 2.953134698135716718 ) ) ;
#5814 = EDGE_CURVE ( 'NONE', #2920, #8306, #1986, .T. ) ;
#5815 = CARTESIAN_POINT ( 'NONE',  ( -0.2406238026544916253, -1.908004274696309122E-16, 0.000000000000000000 ) ) ;
#5816 = FACE_OUTER_BOUND ( 'NONE', #5961, .T. ) ;
#5817 = ORIENTED_EDGE ( 'NONE', *, *, #7241, .F. ) ;
#5818 = DIRECTION ( 'NONE',  ( -1.000000000000000000, -0.000000000000000000, 0.000000000000000000 ) ) ;
#5819 = ORIENTED_EDGE ( 'NONE', *, *, #696, .F. ) ;
#5820 = CARTESIAN_POINT ( 'NONE',  ( -0.2406238026544916253, -1.908004274696309122E-16, 0.000000000000000000 ) ) ;
#5821 = VECTOR ( 'NONE', #4222, 39.37007874015748143 ) ;
#5822 = ORIENTED_EDGE ( 'NONE', *, *, #1504, .F. ) ;
#5823 = EDGE_LOOP ( 'NONE', ( #6664, #3454, #1743, #2731 ) ) ;
#5824 = CARTESIAN_POINT ( 'NONE',  ( -0.01701700490451368841, -1.634164925564209998E-16, 0.000000000000000000 ) ) ;
#5825 = ADVANCED_FACE ( 'NONE', ( #81 ), #2660, .T. ) ;
#5826 = PLANE ( 'NONE',  #7051 ) ;
#5827 = AXIS2_PLACEMENT_3D ( 'NONE', #5790, #4510, #1366 ) ;
#5828 = CARTESIAN_POINT ( 'NONE',  ( -0.01701700490451286962, -1.634164925564209012E-16, 0.000000000000000000 ) ) ;
#5829 = EDGE_CURVE ( 'NONE', #774, #1251, #3708, .T. ) ;
#5830 = ADVANCED_FACE ( 'NONE', ( #1800 ), #50, .T. ) ;
#5831 = EDGE_LOOP ( 'NONE', ( #7870, #4176, #2212, #825 ) ) ;
#5832 = CIRCLE ( 'NONE', #2170, 0.4999999999999997780 ) ;
#5833 = AXIS2_PLACEMENT_3D ( 'NONE', #2635, #7265, #5872 ) ;
#5834 = CYLINDRICAL_SURFACE ( 'NONE', #2522, 1.750000000000000000 ) ;
#5835 = ORIENTED_EDGE ( 'NONE', *, *, #1376, .T. ) ;
#5836 = EDGE_CURVE ( 'NONE', #6768, #5741, #1040, .T. ) ;
#5837 = AXIS2_PLACEMENT_3D ( 'NONE', #2682, #4633, #6726 ) ;
#5838 = VERTEX_POINT ( 'NONE', #4424 ) ;
#5839 = VERTEX_POINT ( 'NONE', #4980 ) ;
#5840 = CARTESIAN_POINT ( 'NONE',  ( 0.07199504484766044987, 3.097542741169283964, 1.355354433548201953 ) ) ;
#5841 = PERSON_AND_ORGANIZATION ( #1217, #2656 ) ;
#5842 = ORIENTED_EDGE ( 'NONE', *, *, #1313, .T. ) ;
#5843 = DIRECTION ( 'NONE',  ( 0.000000000000000000, 0.000000000000000000, -1.000000000000000000 ) ) ;
#5844 = DIRECTION ( 'NONE',  ( 0.000000000000000000, -0.5877852522924624790, -0.8090169943749551118 ) ) ;
#5845 = DIRECTION ( 'NONE',  ( 0.000000000000000000, 0.000000000000000000, -1.000000000000000000 ) ) ;
#5846 = ORIENTED_EDGE ( 'NONE', *, *, #4238, .T. ) ;
#5847 = TOROIDAL_SURFACE ( 'NONE', #828, 3.432474503172795455, 0.5000000000000000000 ) ;
#5848 = ORIENTED_EDGE ( 'NONE', *, *, #4373, .F. ) ;
#5849 = DIRECTION ( 'NONE',  ( -1.000000000000000000, -0.000000000000000000, -0.000000000000000000 ) ) ;
#5850 = DIRECTION ( 'NONE',  ( -1.000000000000000000, -1.224646799147352714E-16, 0.000000000000000000 ) ) ;
#5851 = FACE_OUTER_BOUND ( 'NONE', #3020, .T. ) ;
#5852 = DIRECTION ( 'NONE',  ( 0.000000000000000000, 0.000000000000000000, 1.000000000000000000 ) ) ;
#5853 = AXIS2_PLACEMENT_3D ( 'NONE', #5543, #2186, #958 ) ;
#5854 = CARTESIAN_POINT ( 'NONE',  ( -0.2406238026544919306, -3.879688098672754215, 0.000000000000000000 ) ) ;
#5855 = LINE ( 'NONE', #5175, #1930 ) ;
#5856 = CIRCLE ( 'NONE', #5725, 4.357648039384081073 ) ;
#5857 = CARTESIAN_POINT ( 'NONE',  ( 1.549995677804209437, 1.408628533808573113, 3.318520863939795618 ) ) ;
#5858 = AXIS2_PLACEMENT_3D ( 'NONE', #8057, #4801, #5949 ) ;
#5859 = VECTOR ( 'NONE', #4345, 39.37007874015748143 ) ;
#5860 = VECTOR ( 'NONE', #4488, 39.37007874015748143 ) ;
#5861 = DIRECTION ( 'NONE',  ( 0.000000000000000000, 0.9510565162951545304, -0.3090169943749447867 ) ) ;
#5862 = VECTOR ( 'NONE', #5398, 39.37007874015748143 ) ;
#5863 = CARTESIAN_POINT ( 'NONE',  ( -5.250000000000000000, -0.2500000000000001110, 1.311574639720070712 ) ) ;
#5864 = ORIENTED_EDGE ( 'NONE', *, *, #756, .T. ) ;
#5865 = CARTESIAN_POINT ( 'NONE',  ( 0.2500000000000000000, 1.530808498934192125E-17, 0.6250000000000000000 ) ) ;
#5866 = ORIENTED_EDGE ( 'NONE', *, *, #4531, .T. ) ;
#5867 = DIRECTION ( 'NONE',  ( -0.8660254037844380415, -0.04357787137382405224, -0.4980973490458741604 ) ) ;
#5868 = EDGE_CURVE ( 'NONE', #3697, #1330, #5541, .T. ) ;
#5869 = ORIENTED_EDGE ( 'NONE', *, *, #380, .F. ) ;
#5870 = TOROIDAL_SURFACE ( 'NONE', #4790, 3.924635337491861886, 0.5000000000000000000 ) ;
#5871 = VERTEX_POINT ( 'NONE', #7526 ) ;
#5872 = DIRECTION ( 'NONE',  ( 0.000000000000000000, 0.000000000000000000, 1.000000000000000000 ) ) ;
#5873 = DIRECTION ( 'NONE',  ( 1.000000000000000000, 0.000000000000000000, 0.000000000000000000 ) ) ;
#5874 = AXIS2_PLACEMENT_3D ( 'NONE', #7921, #2699, #5296 ) ;
#5875 = CARTESIAN_POINT ( 'NONE',  ( -7.000000000000000000, 0.3735369949770445119, 0.4297051579498666896 ) ) ;
#5876 = ORIENTED_EDGE ( 'NONE', *, *, #3134, .T. ) ;
#5877 = VECTOR ( 'NONE', #5105, 39.37007874015748143 ) ;
#5878 = ORIENTED_EDGE ( 'NONE', *, *, #6397, .T. ) ;
#5879 = EDGE_CURVE ( 'NONE', #3278, #1678, #722, .T. ) ;
#5880 = VERTEX_POINT ( 'NONE', #404 ) ;
#5881 = ORIENTED_EDGE ( 'NONE', *, *, #6899, .F. ) ;
#5882 = ORIENTED_EDGE ( 'NONE', *, *, #4371, .F. ) ;
#5883 = DIRECTION ( 'NONE',  ( -1.000000000000000000, 0.000000000000000000, -0.000000000000000000 ) ) ;
#5884 = ADVANCED_FACE ( 'NONE', ( #6297 ), #5662, .F. ) ;
#5885 = DIRECTION ( 'NONE',  ( 0.000000000000000000, -0.9205048534524427062, 0.3907311284892683867 ) ) ;
#5886 = ADVANCED_FACE ( 'NONE', ( #529 ), #5624, .T. ) ;
#5887 = VERTEX_POINT ( 'NONE', #1715 ) ;
#5888 = CARTESIAN_POINT ( 'NONE',  ( -7.000000000000000000, -0.5414982150262733773, 0.1759434355369937919 ) ) ;
#5889 = LINE ( 'NONE', #5248, #6322 ) ;
#5890 = DIRECTION ( 'NONE',  ( 0.000000000000000000, 0.000000000000000000, 1.000000000000000000 ) ) ;
#5891 = VERTEX_POINT ( 'NONE', #6892 ) ;
#5892 = VERTEX_POINT ( 'NONE', #5022 ) ;
#5893 = LINE ( 'NONE', #2655, #4366 ) ;
#5894 = ADVANCED_FACE ( 'NONE', ( #8231 ), #6382, .T. ) ;
#5895 = EDGE_CURVE ( 'NONE', #3159, #7259, #2388, .T. ) ;
#5896 = CARTESIAN_POINT ( 'NONE',  ( -0.01701700490451311595, -1.341174636135336273, -3.159609439522324870 ) ) ;
#5897 = DIRECTION ( 'NONE',  ( -1.000000000000000000, -0.000000000000000000, -0.000000000000000000 ) ) ;
#5898 = EDGE_CURVE ( 'NONE', #916, #6020, #2948, .T. ) ;
#5899 = AXIS2_PLACEMENT_3D ( 'NONE', #7806, #2581, #5945 ) ;
#5900 = DIRECTION ( 'NONE',  ( 1.000000000000000000, 0.000000000000000000, 0.000000000000000000 ) ) ;
#5901 = DIRECTION ( 'NONE',  ( -0.8660254037844379305, -0.3280295144952506958, -0.3773547901113898373 ) ) ;
#5902 = DIRECTION ( 'NONE',  ( -1.000000000000000000, 0.000000000000000000, 0.000000000000000000 ) ) ;
#5903 = CARTESIAN_POINT ( 'NONE',  ( 1.549995677804209437, 2.343455946291684189, -2.037135174767883417 ) ) ;
#5904 = CARTESIAN_POINT ( 'NONE',  ( -7.000000000000000000, -0.2938926261462382894, 0.4045084971874719493 ) ) ;
#5905 = CARTESIAN_POINT ( 'NONE',  ( -0.2406238026544911257, -2.280423447894485367, 3.138733604700475244 ) ) ;
#5906 = ORIENTED_EDGE ( 'NONE', *, *, #2609, .T. ) ;
#5907 = CARTESIAN_POINT ( 'NONE',  ( -0.2482449321572040568, 2.860814728290614894, 3.290990882338093559 ) ) ;
#5908 = ORIENTED_EDGE ( 'NONE', *, *, #5535, .T. ) ;
#5909 = LINE ( 'NONE', #3266, #5033 ) ;
#5910 = ORIENTED_EDGE ( 'NONE', *, *, #592, .F. ) ;
#5911 = AXIS2_PLACEMENT_3D ( 'NONE', #970, #377, #7504 ) ;
#5912 = CARTESIAN_POINT ( 'NONE',  ( -0.01701700490451213757, -0.3749999999999761302, 3.411928518438121394 ) ) ;
#5913 = DIRECTION ( 'NONE',  ( -0.000000000000000000, 0.8660254037844388186, -0.4999999999999996114 ) ) ;
#5915 = CIRCLE ( 'NONE', #3876, 0.1250000000000000278 ) ;
#5914 = DIRECTION ( 'NONE',  ( -1.000000000000000000, 0.000000000000000000, 0.000000000000000000 ) ) ;
#5916 = VERTEX_POINT ( 'NONE', #7491 ) ;
#5917 = ORIENTED_EDGE ( 'NONE', *, *, #1825, .F. ) ;
#5918 = AXIS2_PLACEMENT_3D ( 'NONE', #1347, #1952, #6999 ) ;
#5919 = EDGE_LOOP ( 'NONE', ( #4815, #6228, #6550, #307 ) ) ;
#5920 = VERTEX_POINT ( 'NONE', #7018 ) ;
#5921 = AXIS2_PLACEMENT_3D ( 'NONE', #7644, #1793, #2546 ) ;
#5922 = ORIENTED_EDGE ( 'NONE', *, *, #1051, .T. ) ;
#5923 = CARTESIAN_POINT ( 'NONE',  ( -7.000000000000000000, 0.4606258943332847688, 0.3346643017336359827 ) ) ;
#5924 = AXIS2_PLACEMENT_3D ( 'NONE', #6030, #6072, #212 ) ;
#5925 = DIRECTION ( 'NONE',  ( -8.797911715786014202E-17, 1.000000000000000000, 0.000000000000000000 ) ) ;
#5926 = CC_DESIGN_APPROVAL ( #3903, ( #4835 ) ) ;
#5927 = EDGE_CURVE ( 'NONE', #5494, #6711, #3620, .T. ) ;
#5928 = EDGE_LOOP ( 'NONE', ( #1709, #576, #4269, #1453 ) ) ;
#5929 = FACE_OUTER_BOUND ( 'NONE', #2906, .T. ) ;
#5930 = CARTESIAN_POINT ( 'NONE',  ( 1.549995677804209437, 0.000000000000000000, 0.000000000000000000 ) ) ;
#5931 = ADVANCED_FACE ( 'NONE', ( #1158 ), #8274, .F. ) ;
#5932 = DIRECTION ( 'NONE',  ( 1.000000000000000000, 0.000000000000000000, 0.000000000000000000 ) ) ;
#5933 = ORIENTED_EDGE ( 'NONE', *, *, #4469, .F. ) ;
#5934 = CIRCLE ( 'NONE', #2271, 1.000000000000000222 ) ;
#5935 = VERTEX_POINT ( 'NONE', #2474 ) ;
#5936 = DIRECTION ( 'NONE',  ( 1.000000000000000000, 0.000000000000000000, 0.000000000000000000 ) ) ;
#5937 = DIRECTION ( 'NONE',  ( 0.000000000000000000, 0.000000000000000000, 1.000000000000000000 ) ) ;
#5938 = EDGE_CURVE ( 'NONE', #7974, #4939, #4247, .T. ) ;
#5939 = LINE ( 'NONE', #1429, #3403 ) ;
#5940 = DIRECTION ( 'NONE',  ( 0.000000000000000000, 0.9510565162951544194, -0.3090169943749447312 ) ) ;
#5941 = DIRECTION ( 'NONE',  ( -1.000000000000000000, 0.000000000000000000, 0.000000000000000000 ) ) ;
#5942 = EDGE_CURVE ( 'NONE', #5887, #3373, #1541, .T. ) ;
#5943 = CARTESIAN_POINT ( 'NONE',  ( 0.2329829950954873385, -1.328003225777370155E-16, 0.000000000000000000 ) ) ;
#5944 = EDGE_CURVE ( 'NONE', #6937, #687, #1263, .T. ) ;
#5945 = DIRECTION ( 'NONE',  ( 0.000000000000000000, 6.927845763909260097E-15, 1.000000000000000000 ) ) ;
#5946 = LINE ( 'NONE', #6545, #6112 ) ;
#5947 = DIRECTION ( 'NONE',  ( -1.000000000000000000, -0.000000000000000000, -0.000000000000000000 ) ) ;
#5948 = ORIENTED_EDGE ( 'NONE', *, *, #1887, .F. ) ;
#5949 = DIRECTION ( 'NONE',  ( -1.022361134399654570E-16, 1.000000000000000000, 0.000000000000000000 ) ) ;
#5950 = ORIENTED_EDGE ( 'NONE', *, *, #3179, .F. ) ;
#5951 = FACE_OUTER_BOUND ( 'NONE', #6612, .T. ) ;
#5952 = CIRCLE ( 'NONE', #6219, 4.357648039384080185 ) ;
#5953 = ORIENTED_EDGE ( 'NONE', *, *, #7900, .F. ) ;
#5954 = CARTESIAN_POINT ( 'NONE',  ( -0.003439171656184767528, 1.212779016009432054, 3.732550011803867918 ) ) ;
#5955 = DIRECTION ( 'NONE',  ( 1.000000000000000000, 0.000000000000000000, 0.000000000000000000 ) ) ;
#5956 = PLANE ( 'NONE',  #4767 ) ;
#5957 = ORIENTED_EDGE ( 'NONE', *, *, #1160, .F. ) ;
#5958 = VERTEX_POINT ( 'NONE', #5230 ) ;
#5959 = ORIENTED_EDGE ( 'NONE', *, *, #4950, .T. ) ;
#5960 = EDGE_LOOP ( 'NONE', ( #5806, #3480, #2739, #6144 ) ) ;
#5961 = EDGE_LOOP ( 'NONE', ( #5822, #3194, #3111, #7150 ) ) ;
#5962 = DIRECTION ( 'NONE',  ( -1.000000000000000000, -0.000000000000000000, -0.000000000000000000 ) ) ;
#5963 = AXIS2_PLACEMENT_3D ( 'NONE', #7466, #977, #3639 ) ;
#5964 = VECTOR ( 'NONE', #2846, 39.37007874015748143 ) ;
#5965 = APPROVAL_ROLE ( '' ) ;
#5966 = AXIS2_PLACEMENT_3D ( 'NONE', #3247, #3208, #5845 ) ;
#5967 = AXIS2_PLACEMENT_3D ( 'NONE', #2593, #7733, #3101 ) ;
#5968 = VERTEX_POINT ( 'NONE', #2005 ) ;
#5969 = FACE_OUTER_BOUND ( 'NONE', #55, .T. ) ;
#5970 = CARTESIAN_POINT ( 'NONE',  ( 1.549995677804209437, 0.000000000000000000, 0.000000000000000000 ) ) ;
#5971 = CIRCLE ( 'NONE', #4063, 0.5693649175925756811 ) ;
#5972 = DIRECTION ( 'NONE',  ( -1.236773978361170610E-16, 1.000000000000000000, 0.000000000000000000 ) ) ;
#5973 = EDGE_LOOP ( 'NONE', ( #7910, #218, #2094, #5922 ) ) ;
#5974 = EDGE_CURVE ( 'NONE', #6893, #936, #3287, .T. ) ;
#5975 = AXIS2_PLACEMENT_3D ( 'NONE', #6097, #287, #2868 ) ;
#5976 = VERTEX_POINT ( 'NONE', #7821 ) ;
#5977 = LINE ( 'NONE', #2789, #38 ) ;
#5978 = FACE_OUTER_BOUND ( 'NONE', #8234, .T. ) ;
#5979 = VECTOR ( 'NONE', #4254, 39.37007874015748143 ) ;
#5980 = CARTESIAN_POINT ( 'NONE',  ( -5.250000000000000000, -0.9635254915624211769, -0.2676165673298175895 ) ) ;
#5981 = CARTESIAN_POINT ( 'NONE',  ( -0.01701700490451243247, 0.3750000000000239808, 3.411928518438116509 ) ) ;
#5982 = CARTESIAN_POINT ( 'NONE',  ( 0.2500000000000000000, 1.667839910290881633, 0.5299151192794038234 ) ) ;
#5983 = CARTESIAN_POINT ( 'NONE',  ( 0.2500000000000000000, 1.530808498934192433E-17, 0.6250000000000000000 ) ) ;
#5984 = AXIS2_PLACEMENT_3D ( 'NONE', #7634, #5733, #1820 ) ;
#5985 = EDGE_CURVE ( 'NONE', #5246, #2478, #8316, .T. ) ;
#5986 = CARTESIAN_POINT ( 'NONE',  ( 0.000000000000000000, -1.390576474687282182, 4.279754323328186061 ) ) ;
#5987 = EDGE_CURVE ( 'NONE', #3335, #6287, #3192, .T. ) ;
#5988 = ADVANCED_FACE ( 'NONE', ( #6558 ), #6553, .T. ) ;
#5989 = VECTOR ( 'NONE', #6016, 39.37007874015748143 ) ;
#5990 = CARTESIAN_POINT ( 'NONE',  ( 1.549995677804209437, -3.025525820853554926, -0.6984976734641690221 ) ) ;
#5991 = CARTESIAN_POINT ( 'NONE',  ( -4.750000000000000000, -0.9635254915624212879, 0.2676165673298173675 ) ) ;
#5992 = EDGE_LOOP ( 'NONE', ( #7570, #6639, #925, #8118 ) ) ;
#5993 = ADVANCED_FACE ( 'NONE', ( #7146 ), #994, .T. ) ;
#5994 = DIRECTION ( 'NONE',  ( 0.000000000000000000, 0.8090169943749445647, 0.5877852522924770229 ) ) ;
#5995 = ORIENTED_EDGE ( 'NONE', *, *, #7645, .T. ) ;
#5996 = CARTESIAN_POINT ( 'NONE',  ( 1.549995677804209437, 2.953134698135713165, 0.9595316290531138437 ) ) ;
#5997 = DIRECTION ( 'NONE',  ( -1.000000000000000000, 0.000000000000000000, 0.000000000000000000 ) ) ;
#5998 = ORIENTED_EDGE ( 'NONE', *, *, #8000, .T. ) ;
#5999 = AXIS2_PLACEMENT_3D ( 'NONE', #6422, #3825, #608 ) ;
#6000 = CIRCLE ( 'NONE', #6808, 0.5693649175925757921 ) ;
#6001 = CARTESIAN_POINT ( 'NONE',  ( 0.2500000000000000000, -0.3749999999999772404, 3.256793767102408754 ) ) ;
#6002 = CIRCLE ( 'NONE', #1111, 3.879688098672754215 ) ;
#6003 = ADVANCED_FACE ( 'NONE', ( #1367 ), #5870, .T. ) ;
#6004 = CARTESIAN_POINT ( 'NONE',  ( 1.549995677804209437, -0.8109732006360932388, 3.512710853246174825 ) ) ;
#6005 = FACE_OUTER_BOUND ( 'NONE', #5201, .T. ) ;
#6006 = ORIENTED_EDGE ( 'NONE', *, *, #4872, .T. ) ;
#6007 = AXIS2_PLACEMENT_3D ( 'NONE', #5943, #4071, #5393 ) ;
#6008 = ORIENTED_EDGE ( 'NONE', *, *, #2926, .T. ) ;
#6009 = CIRCLE ( 'NONE', #174, 0.5000000000000001110 ) ;
#6010 = ORIENTED_EDGE ( 'NONE', *, *, #3318, .T. ) ;
#6011 = VERTEX_POINT ( 'NONE', #6514 ) ;
#6012 = ORIENTED_EDGE ( 'NONE', *, *, #1739, .T. ) ;
#6013 = DIRECTION ( 'NONE',  ( -0.000000000000000000, 0.3907311284892618919, 0.9205048534524453707 ) ) ;
#6014 = AXIS2_PLACEMENT_3D ( 'NONE', #4388, #3069, #8191 ) ;
#6015 = ORIENTED_EDGE ( 'NONE', *, *, #3227, .T. ) ;
#6016 = DIRECTION ( 'NONE',  ( 0.000000000000000000, 0.3090169943749515591, -0.9510565162951521989 ) ) ;
#6017 = CARTESIAN_POINT ( 'NONE',  ( -0.003439171656184630919, 4.110837312785146680E-14, -3.924635337491861442 ) ) ;
#6018 = CARTESIAN_POINT ( 'NONE',  ( -0.003439171656184357700, 2.021336628945820557, -3.364069078477998520 ) ) ;
#6019 = ORIENTED_EDGE ( 'NONE', *, *, #8097, .F. ) ;
#6020 = VERTEX_POINT ( 'NONE', #7781 ) ;
#6021 = CARTESIAN_POINT ( 'NONE',  ( -4.750000000000000000, 0.000000000000000000, 0.000000000000000000 ) ) ;
#6022 = CARTESIAN_POINT ( 'NONE',  ( 0.2500000000000000000, 1.667839910290870087, -0.5299151192794385734 ) ) ;
#6023 = CIRCLE ( 'NONE', #7508, 0.5000000000000001110 ) ;
#6024 = EDGE_CURVE ( 'NONE', #4547, #5273, #7225, .T. ) ;
#6025 = FACE_OUTER_BOUND ( 'NONE', #1046, .T. ) ;
#6026 = LINE ( 'NONE', #208, #8066 ) ;
#6027 = PLANE ( 'NONE',  #5235 ) ;
#6028 = FACE_OUTER_BOUND ( 'NONE', #1880, .T. ) ;
#6029 = ORIENTED_EDGE ( 'NONE', *, *, #2971, .F. ) ;
#6030 = CARTESIAN_POINT ( 'NONE',  ( -0.01701700490451332412, 2.590521391414937646, -2.251905889586184983 ) ) ;
#6031 = DIRECTION ( 'NONE',  ( 0.000000000000000000, 0.000000000000000000, -1.000000000000000000 ) ) ;
#6032 = ADVANCED_FACE ( 'NONE', ( #7187 ), #863, .T. ) ;
#6033 = CARTESIAN_POINT ( 'NONE',  ( -0.01701700490451330677, 1.341174636135357146, 3.159609439522315988 ) ) ;
#6034 = ORIENTED_EDGE ( 'NONE', *, *, #4238, .F. ) ;
#6035 = FACE_OUTER_BOUND ( 'NONE', #3474, .T. ) ;
#6036 = LINE ( 'NONE', #7853, #6327 ) ;
#6037 = DIRECTION ( 'NONE',  ( 0.000000000000000000, -0.3090169943749349613, -0.9510565162951576390 ) ) ;
#6038 = EDGE_CURVE ( 'NONE', #4080, #1635, #1288, .T. ) ;
#6039 = ORIENTED_EDGE ( 'NONE', *, *, #1890, .F. ) ;
#6040 = CARTESIAN_POINT ( 'NONE',  ( -0.2406238026544912367, -2.928037776344613263, 2.545304406801259134 ) ) ;
#6041 = CARTESIAN_POINT ( 'NONE',  ( 0.000000000000000000, 4.500000000000000000, 0.000000000000000000 ) ) ;
#6042 = EDGE_CURVE ( 'NONE', #3615, #3040, #7736, .T. ) ;
#6043 = PLANE ( 'NONE',  #5474 ) ;
#6044 = ORIENTED_EDGE ( 'NONE', *, *, #3911, .T. ) ;
#6045 = ORIENTED_EDGE ( 'NONE', *, *, #3447, .T. ) ;
#6046 = CONICAL_SURFACE ( 'NONE', #6989, 19.68503937007875848, 0.4636476090008063711 ) ;
#6047 = ADVANCED_FACE ( 'NONE', ( #2683 ), #5192, .F. ) ;
#6048 = EDGE_CURVE ( 'NONE', #6375, #4458, #6279, .T. ) ;
#6049 = VERTEX_POINT ( 'NONE', #2512 ) ;
#6050 = ORIENTED_EDGE ( 'NONE', *, *, #5664, .F. ) ;
#6051 = EDGE_CURVE ( 'NONE', #6845, #774, #4784, .T. ) ;
#6052 = ORIENTED_EDGE ( 'NONE', *, *, #5254, .T. ) ;
#6053 = DIRECTION ( 'NONE',  ( 0.000000000000000000, 0.9205048534524452597, -0.3907311284892620029 ) ) ;
#6054 = AXIS2_PLACEMENT_3D ( 'NONE', #6988, #6440, #5802 ) ;
#6055 = DIRECTION ( 'NONE',  ( 0.000000000000000000, 0.3090169943749411230, 0.9510565162951555296 ) ) ;
#6056 = ORIENTED_EDGE ( 'NONE', *, *, #1971, .T. ) ;
#6057 = DIRECTION ( 'NONE',  ( -0.000000000000000000, 0.4999999999999997224, 0.8660254037844388186 ) ) ;
#6058 = VECTOR ( 'NONE', #950, 39.37007874015748854 ) ;
#6059 = FACE_OUTER_BOUND ( 'NONE', #8131, .T. ) ;
#6060 = CARTESIAN_POINT ( 'NONE',  ( -0.01701700490451175593, -3.142316772864016450, -1.381204732799887758 ) ) ;
#6061 = ORIENTED_EDGE ( 'NONE', *, *, #235, .F. ) ;
#6062 = CIRCLE ( 'NONE', #7808, 4.357648039384080185 ) ;
#6063 = ORIENTED_EDGE ( 'NONE', *, *, #6599, .F. ) ;
#6064 = DIRECTION ( 'NONE',  ( -0.000000000000000000, 0.3090169943749548898, -0.9510565162951511997 ) ) ;
#6065 = VECTOR ( 'NONE', #3899, 39.37007874015748143 ) ;
#6066 = CARTESIAN_POINT ( 'NONE',  ( -7.000000000000000000, 0.4606258943332895983, -0.3346643017336292103 ) ) ;
#6067 = DIRECTION ( 'NONE',  ( 0.000000000000000000, 0.000000000000000000, -1.000000000000000000 ) ) ;
#6068 = DIRECTION ( 'NONE',  ( -0.000000000000000000, 0.000000000000000000, -1.000000000000000000 ) ) ;
#6069 = DIRECTION ( 'NONE',  ( 0.000000000000000000, -0.5000000000000099920, -0.8660254037844329345 ) ) ;
#6070 = DIRECTION ( 'NONE',  ( 1.000000000000000000, 0.000000000000000000, 0.000000000000000000 ) ) ;
#6071 = ORIENTED_EDGE ( 'NONE', *, *, #4128, .F. ) ;
#6072 = DIRECTION ( 'NONE',  ( -0.000000000000000000, 0.6560590289904975059, 0.7547095802227804517 ) ) ;
#6073 = CARTESIAN_POINT ( 'NONE',  ( -0.01701700490451176634, -3.432474503172796343, 0.000000000000000000 ) ) ;
#6074 = LINE ( 'NONE', #7386, #583 ) ;
#6075 = EDGE_LOOP ( 'NONE', ( #7706, #6520, #3881, #4735 ) ) ;
#6076 = CARTESIAN_POINT ( 'NONE',  ( -7.000000000000000000, 0.1759434355369958736, 0.5414982150262728222 ) ) ;
#6077 = DIRECTION ( 'NONE',  ( 1.000000000000000000, 0.000000000000000000, 0.000000000000000000 ) ) ;
#6078 = FACE_OUTER_BOUND ( 'NONE', #3738, .T. ) ;
#6079 = ORIENTED_EDGE ( 'NONE', *, *, #3967, .F. ) ;
#6080 = EDGE_CURVE ( 'NONE', #5548, #502, #7465, .T. ) ;
#6081 = DIRECTION ( 'NONE',  ( 1.000000000000000000, 0.000000000000000000, 0.000000000000000000 ) ) ;
#6082 = PLANE ( 'NONE',  #557 ) ;
#6083 = CARTESIAN_POINT ( 'NONE',  ( 1.549995677804209437, 0.000000000000000000, 0.000000000000000000 ) ) ;
#6084 = VERTEX_POINT ( 'NONE', #1876 ) ;
#6085 = ORIENTED_EDGE ( 'NONE', *, *, #4804, .T. ) ;
#6086 = VERTEX_POINT ( 'NONE', #3153 ) ;
#6087 = ORIENTED_EDGE ( 'NONE', *, *, #6157, .T. ) ;
#6088 = EDGE_CURVE ( 'NONE', #7657, #3207, #2637, .T. ) ;
#6089 = CARTESIAN_POINT ( 'NONE',  ( 0.2500000000000000000, 0.000000000000000000, 0.000000000000000000 ) ) ;
#6090 = ADVANCED_FACE ( 'NONE', ( #3875 ), #6043, .T. ) ;
#6091 = EDGE_CURVE ( 'NONE', #6861, #3077, #2218, .T. ) ;
#6092 = CARTESIAN_POINT ( 'NONE',  ( -4.750000000000000000, 0.7135254915624210659, 0.7006292692220371654 ) ) ;
#6093 = EDGE_LOOP ( 'NONE', ( #5568, #524, #1441, #6926 ) ) ;
#6094 = CARTESIAN_POINT ( 'NONE',  ( 1.549995677804209437, -2.953134698135719827, 0.9595316290530921943 ) ) ;
#6095 = ADVANCED_FACE ( 'NONE', ( #6688 ), #4380, .T. ) ;
#6096 = LINE ( 'NONE', #4983, #4968 ) ;
#6097 = CARTESIAN_POINT ( 'NONE',  ( -7.000000000000000000, -0.5547721316411171610, -0.1280792385188619653 ) ) ;
#6098 = CIRCLE ( 'NONE', #8113, 3.865487205065014642 ) ;
#6099 = ORIENTED_EDGE ( 'NONE', *, *, #2352, .F. ) ;
#6100 = ORIENTED_EDGE ( 'NONE', *, *, #8042, .T. ) ;
#6101 = DIRECTION ( 'NONE',  ( -1.000000000000000000, -0.000000000000000000, -0.000000000000000000 ) ) ;
#6102 = CIRCLE ( 'NONE', #4599, 0.4999999999999996114 ) ;
#6103 = CARTESIAN_POINT ( 'NONE',  ( -4.750000000000000000, 0.9635254915624213989, -0.2676165673298168124 ) ) ;
#6104 = VECTOR ( 'NONE', #7185, 39.37007874015748143 ) ;
#6105 = CARTESIAN_POINT ( 'NONE',  ( -0.01701700490451222084, 2.767316772863989360, -2.030723785638255841 ) ) ;
#6106 = DIRECTION ( 'NONE',  ( 1.000000000000000000, 0.000000000000000000, -0.000000000000000000 ) ) ;
#6107 = CONICAL_SURFACE ( 'NONE', #2438, 4.500000000000000888, 0.5116441634306432285 ) ;
#6108 = CARTESIAN_POINT ( 'NONE',  ( 0.2500000000000000000, 0.000000000000000000, 0.7500000000000001110 ) ) ;
#6109 = AXIS2_PLACEMENT_3D ( 'NONE', #5824, #13, #4551 ) ;
#6110 = EDGE_LOOP ( 'NONE', ( #75, #5542, #2002, #5869, #7066, #1389, #3851, #753 ) ) ;
#6111 = DIRECTION ( 'NONE',  ( -1.000000000000000000, -0.000000000000000000, -0.000000000000000000 ) ) ;
#6112 = VECTOR ( 'NONE', #127, 39.37007874015748143 ) ;
#6113 = DIRECTION ( 'NONE',  ( 1.000000000000000000, 0.000000000000000000, 0.000000000000000000 ) ) ;
#6114 = CARTESIAN_POINT ( 'NONE',  ( -7.000000000000000888, 0.4871850323926167348, 0.1124755271719325572 ) ) ;
#6115 = EDGE_LOOP ( 'NONE', ( #1478, #3923, #1845, #6731 ) ) ;
#6116 = DIRECTION ( 'NONE',  ( 0.000000000000000000, 0.7547095802227755668, -0.6560590289905031680 ) ) ;
#6117 = FACE_OUTER_BOUND ( 'NONE', #7863, .T. ) ;
#6118 = ORIENTED_EDGE ( 'NONE', *, *, #187, .T. ) ;
#6119 = VECTOR ( 'NONE', #2703, 39.37007874015748854 ) ;
#6120 = DIRECTION ( 'NONE',  ( 0.000000000000000000, 0.000000000000000000, -1.000000000000000000 ) ) ;
#6121 = CARTESIAN_POINT ( 'NONE',  ( 0.2329829950954873385, -1.328003225777370155E-16, 0.000000000000000000 ) ) ;
#6122 = CONICAL_SURFACE ( 'NONE', #2459, 4.500000000000000000, 0.5116441634306432285 ) ;
#6123 = ORIENTED_EDGE ( 'NONE', *, *, #486, .F. ) ;
#6124 = DIRECTION ( 'NONE',  ( 1.000000000000000000, 0.000000000000000000, 0.000000000000000000 ) ) ;
#6125 = ADVANCED_FACE ( 'NONE', ( #7359 ), #5365, .F. ) ;
#6126 = VECTOR ( 'NONE', #3164, 39.37007874015748854 ) ;
#6127 = CIRCLE ( 'NONE', #3820, 0.1250000000000000278 ) ;
#6128 = ORIENTED_EDGE ( 'NONE', *, *, #3529, .F. ) ;
#6129 = AXIS2_PLACEMENT_3D ( 'NONE', #4296, #1112, #1148 ) ;
#6130 = VERTEX_POINT ( 'NONE', #228 ) ;
#6131 = LINE ( 'NONE', #1675, #1711 ) ;
#6132 = VECTOR ( 'NONE', #6879, 39.37007874015748143 ) ;
#6133 = CIRCLE ( 'NONE', #7215, 4.360605680090436032 ) ;
#6134 = LINE ( 'NONE', #279, #4514 ) ;
#6135 = AXIS2_PLACEMENT_3D ( 'NONE', #3640, #4836, #6795 ) ;
#6136 = VERTEX_POINT ( 'NONE', #189 ) ;
#6137 = EDGE_CURVE ( 'NONE', #5161, #3097, #727, .T. ) ;
#6138 = CARTESIAN_POINT ( 'NONE',  ( 0.2500000000000000000, 0.000000000000000000, 0.2500000000000000000 ) ) ;
#6139 = CARTESIAN_POINT ( 'NONE',  ( -0.003439171656184630919, 0.000000000000000000, 0.000000000000000000 ) ) ;
#6140 = ORIENTED_EDGE ( 'NONE', *, *, #4721, .T. ) ;
#6141 = LINE ( 'NONE', #2319, #5569 ) ;
#6142 = ORIENTED_EDGE ( 'NONE', *, *, #5195, .T. ) ;
#6143 = ADVANCED_FACE ( 'NONE', ( #4175 ), #2897, .T. ) ;
#6144 = ORIENTED_EDGE ( 'NONE', *, *, #6852, .T. ) ;
#6145 = DIRECTION ( 'NONE',  ( 0.000000000000000000, 0.5150380749100552658, -0.8571673007021116675 ) ) ;
#6146 = CIRCLE ( 'NONE', #7366, 0.5000000000000000000 ) ;
#6147 = DIRECTION ( 'NONE',  ( 0.000000000000000000, -0.8090169943749402348, -0.5877852522924830181 ) ) ;
#6148 = EDGE_CURVE ( 'NONE', #5629, #2261, #3959, .T. ) ;
#6149 = EDGE_CURVE ( 'NONE', #4582, #5423, #3011, .T. ) ;
#6150 = CARTESIAN_POINT ( 'NONE',  ( -0.2406238026544919584, -3.138733604700499225, 2.280423447894452504 ) ) ;
#6151 = LINE ( 'NONE', #2958, #1838 ) ;
#6152 = CARTESIAN_POINT ( 'NONE',  ( 1.549995677804209437, 0.000000000000000000, 0.000000000000000000 ) ) ;
#6153 = ADVANCED_FACE ( 'NONE', ( #6005 ), #5956, .F. ) ;
#6154 = EDGE_CURVE ( 'NONE', #2686, #6861, #6268, .T. ) ;
#6155 = ORIENTED_EDGE ( 'NONE', *, *, #1419, .F. ) ;
#6156 = CARTESIAN_POINT ( 'NONE',  ( -0.003439171656184357700, 3.824047188050369694, 0.8828508570839872505 ) ) ;
#6157 = EDGE_CURVE ( 'NONE', #4849, #609, #4677, .T. ) ;
#6158 = CARTESIAN_POINT ( 'NONE',  ( 0.2465608283438157633, 4.144369563577048332, -1.346587299674296689 ) ) ;
#6159 = DIRECTION ( 'NONE',  ( -3.552469519886067981E-15, 0.5877852522924716938, 0.8090169943749484505 ) ) ;
#6160 = ORIENTED_EDGE ( 'NONE', *, *, #4174, .F. ) ;
#6161 = CARTESIAN_POINT ( 'NONE',  ( 0.000000000000000000, 0.000000000000000000, 0.000000000000000000 ) ) ;
#6162 = LINE ( 'NONE', #8139, #2053 ) ;
#6163 = DIRECTION ( 'NONE',  ( 0.000000000000000000, -0.9510565162951500895, -0.3090169943749582204 ) ) ;
#6164 = EDGE_LOOP ( 'NONE', ( #4821, #6983, #7687, #2434 ) ) ;
#6165 = LINE ( 'NONE', #3693, #4886 ) ;
#6166 = DIRECTION ( 'NONE',  ( 1.000000000000000000, -0.000000000000000000, -0.000000000000000000 ) ) ;
#6167 = VERTEX_POINT ( 'NONE', #2175 ) ;
#6168 = DIRECTION ( 'NONE',  ( -1.236773978361170610E-16, 1.000000000000000000, 0.000000000000000000 ) ) ;
#6169 = ORIENTED_EDGE ( 'NONE', *, *, #7181, .T. ) ;
#6170 = ORIENTED_EDGE ( 'NONE', *, *, #3032, .F. ) ;
#6171 = CARTESIAN_POINT ( 'NONE',  ( 1.549995677804209437, 3.591391047819677773, -0.3142060029727121173 ) ) ;
#6172 = DIRECTION ( 'NONE',  ( 0.000000000000000000, -0.7547095802227756778, 0.6560590289905029460 ) ) ;
#6173 = LINE ( 'NONE', #362, #2346 ) ;
#6174 = VERTEX_POINT ( 'NONE', #3526 ) ;
#6175 = DIRECTION ( 'NONE',  ( 0.000000000000000000, 0.7547095802227803407, -0.6560590289904978389 ) ) ;
#6176 = CARTESIAN_POINT ( 'NONE',  ( -0.1723424495515877286, -3.074646941586212545, 1.342135537495657616 ) ) ;
#6177 = EDGE_LOOP ( 'NONE', ( #4972, #6849, #7684, #7827 ) ) ;
#6178 = DIRECTION ( 'NONE',  ( -1.000000000000000000, 0.000000000000000000, 0.000000000000000000 ) ) ;
#6179 = VERTEX_POINT ( 'NONE', #267 ) ;
#6180 = AXIS2_PLACEMENT_3D ( 'NONE', #4701, #6580, #7210 ) ;
#6181 = ORIENTED_EDGE ( 'NONE', *, *, #7394, .F. ) ;
#6182 = DIRECTION ( 'NONE',  ( 0.8944271909999158554, 0.4472135954999580387, 0.000000000000000000 ) ) ;
#6183 = EDGE_CURVE ( 'NONE', #5498, #6167, #6002, .T. ) ;
#6184 = LINE ( 'NONE', #1645, #5360 ) ;
#6185 = VECTOR ( 'NONE', #8148, 39.37007874015748143 ) ;
#6186 = CIRCLE ( 'NONE', #7539, 0.2500000000000000000 ) ;
#6187 = DIRECTION ( 'NONE',  ( 0.8660254037844379305, -0.2938926261462420642, 0.4045084971874708946 ) ) ;
#6188 = CARTESIAN_POINT ( 'NONE',  ( -5.250000000000000000, -1.260856956957003838, 0.4392809689139253737 ) ) ;
#6189 = AXIS2_PLACEMENT_3D ( 'NONE', #5793, #7569, #658 ) ;
#6190 = CARTESIAN_POINT ( 'NONE',  ( 1.549995677804209437, -0.9595316290531245018, 2.953134698135709613 ) ) ;
#6191 = VECTOR ( 'NONE', #2795, 39.37007874015748143 ) ;
#6192 = VERTEX_POINT ( 'NONE', #3488 ) ;
#6193 = CARTESIAN_POINT ( 'NONE',  ( 1.549995677804209437, -2.953134698135705616, -0.9595316290531346048 ) ) ;
#6194 = EDGE_CURVE ( 'NONE', #2599, #3278, #6939, .T. ) ;
#6195 = AXIS2_PLACEMENT_3D ( 'NONE', #4750, #2757, #8012 ) ;
#6196 = CARTESIAN_POINT ( 'NONE',  ( -5.250000000000000000, 3.061616997868383018E-17, -0.2500000000000000000 ) ) ;
#6197 = EDGE_CURVE ( 'NONE', #7728, #2243, #7268, .T. ) ;
#6198 = CARTESIAN_POINT ( 'NONE',  ( -0.2482449321572040568, -2.245877954915642238, 3.737768600229406601 ) ) ;
#6199 = LINE ( 'NONE', #5004, #571 ) ;
#6200 = CARTESIAN_POINT ( 'NONE',  ( 0.2500000000000000000, 1.292839910290887406, 1.179434172117736157 ) ) ;
#6201 = LINE ( 'NONE', #2337, #6538 ) ;
#6202 = EDGE_CURVE ( 'NONE', #6214, #870, #6727, .T. ) ;
#6203 = ORIENTED_EDGE ( 'NONE', *, *, #8054, .F. ) ;
#6204 = AXIS2_PLACEMENT_3D ( 'NONE', #3338, #633, #5123 ) ;
#6205 = CARTESIAN_POINT ( 'NONE',  ( -5.250000000000000000, -1.260856956957004060, -0.4392809689139260398 ) ) ;
#6206 = CARTESIAN_POINT ( 'NONE',  ( -0.2500000000000000000, 1.667839910290870087, -0.5299151192794385734 ) ) ;
#6207 = ORIENTED_EDGE ( 'NONE', *, *, #1786, .F. ) ;
#6208 = PLANE ( 'NONE',  #7266 ) ;
#6209 = ORIENTED_EDGE ( 'NONE', *, *, #6828, .F. ) ;
#6210 = ORIENTED_EDGE ( 'NONE', *, *, #4942, .F. ) ;
#6211 = CARTESIAN_POINT ( 'NONE',  ( -7.000000000000000000, -0.5671983121851674747, 0.04962342228724022503 ) ) ;
#6212 = CARTESIAN_POINT ( 'NONE',  ( -0.01701700490451180103, -3.142316772864007124, 1.381204732799909296 ) ) ;
#6213 = CARTESIAN_POINT ( 'NONE',  ( 0.000000000000000000, 0.000000000000000000, 0.000000000000000000 ) ) ;
#6214 = VERTEX_POINT ( 'NONE', #7906 ) ;
#6215 = CARTESIAN_POINT ( 'NONE',  ( -0.2482449321572040568, 0.000000000000000000, 0.000000000000000000 ) ) ;
#6216 = FACE_OUTER_BOUND ( 'NONE', #8364, .T. ) ;
#6217 = ORIENTED_EDGE ( 'NONE', *, *, #3124, .T. ) ;
#6218 = DIRECTION ( 'NONE',  ( 0.000000000000000000, -0.8090169943749531134, 0.5877852522924653655 ) ) ;
#6219 = AXIS2_PLACEMENT_3D ( 'NONE', #4312, #4193, #1725 ) ;
#6220 = VERTEX_POINT ( 'NONE', #3359 ) ;
#6221 = VERTEX_POINT ( 'NONE', #1450 ) ;
#6222 = LINE ( 'NONE', #6901, #1939 ) ;
#6223 = CARTESIAN_POINT ( 'NONE',  ( 1.549995677804209437, 3.252429644180401073E-14, -3.105109578176981078 ) ) ;
#6224 = PLANE ( 'NONE',  #3464 ) ;
#6225 = CIRCLE ( 'NONE', #5422, 3.605109578176981078 ) ;
#6226 = EDGE_CURVE ( 'NONE', #5574, #7987, #2334, .T. ) ;
#6227 = LINE ( 'NONE', #971, #5435 ) ;
#6228 = ORIENTED_EDGE ( 'NONE', *, *, #917, .T. ) ;
#6229 = LINE ( 'NONE', #3723, #2663 ) ;
#6230 = DIRECTION ( 'NONE',  ( 0.8944271909999158554, 0.4253254041760199944, 0.1381966011250108650 ) ) ;
#6231 = AXIS2_PLACEMENT_3D ( 'NONE', #5142, #1243, #3833 ) ;
#6232 = CARTESIAN_POINT ( 'NONE',  ( -7.000000000000000000, -0.1124755271719344446, 0.4871850323926168458 ) ) ;
#6233 = LINE ( 'NONE', #4287, #5188 ) ;
#6234 = VECTOR ( 'NONE', #5119, 39.37007874015748143 ) ;
#6235 = CIRCLE ( 'NONE', #3657, 0.1250000000000000000 ) ;
#6236 = DIRECTION ( 'NONE',  ( -8.797911715786014202E-17, 1.000000000000000000, 0.000000000000000000 ) ) ;
#6237 = DIRECTION ( 'NONE',  ( 0.000000000000000000, -1.000000000000000000, -1.047444401652940007E-14 ) ) ;
#6238 = EDGE_CURVE ( 'NONE', #7023, #2679, #1789, .T. ) ;
#6239 = DIRECTION ( 'NONE',  ( 8.797911715786014202E-17, -1.000000000000000000, 0.000000000000000000 ) ) ;
#6240 = CIRCLE ( 'NONE', #1358, 0.4999999999999996114 ) ;
#6241 = EDGE_LOOP ( 'NONE', ( #8082, #4305, #590, #1082 ) ) ;
#6242 = EDGE_CURVE ( 'NONE', #6347, #4998, #8017, .T. ) ;
#6243 = ADVANCED_FACE ( 'NONE', ( #4970 ), #1668, .T. ) ;
#6244 = CARTESIAN_POINT ( 'NONE',  ( 1.549995677804209437, 0.000000000000000000, 0.000000000000000000 ) ) ;
#6245 = CIRCLE ( 'NONE', #423, 0.4999999999999997780 ) ;
#6246 = FACE_OUTER_BOUND ( 'NONE', #7757, .T. ) ;
#6247 = EDGE_LOOP ( 'NONE', ( #4517, #2545, #8001, #6569 ) ) ;
#6248 = CARTESIAN_POINT ( 'NONE',  ( -4.750000000000000000, -0.7135254915624210659, -0.7006292692220368323 ) ) ;
#6249 = ORIENTED_EDGE ( 'NONE', *, *, #2550, .T. ) ;
#6250 = AXIS2_PLACEMENT_3D ( 'NONE', #163, #884, #6706 ) ;
#6251 = EDGE_CURVE ( 'NONE', #2095, #3696, #7483, .T. ) ;
#6252 = ORIENTED_EDGE ( 'NONE', *, *, #1316, .F. ) ;
#6253 = FACE_OUTER_BOUND ( 'NONE', #2587, .T. ) ;
#6254 = CARTESIAN_POINT ( 'NONE',  ( -4.750000000000000000, -0.9635254915624211769, -0.2676165673298175895 ) ) ;
#6255 = DIRECTION ( 'NONE',  ( -1.000000000000000000, 0.000000000000000000, 0.000000000000000000 ) ) ;
#6256 = AXIS2_PLACEMENT_3D ( 'NONE', #6570, #4011, #6608 ) ;
#6257 = ORIENTED_EDGE ( 'NONE', *, *, #124, .F. ) ;
#6258 = CARTESIAN_POINT ( 'NONE',  ( 0.000000000000000000, 4.279754323328210042, -1.390576474687207353 ) ) ;
#6259 = CARTESIAN_POINT ( 'NONE',  ( 0.2329829950954878659, -0.8695454223321107401, 3.766415018425693262 ) ) ;
#6260 = ORIENTED_EDGE ( 'NONE', *, *, #2508, .F. ) ;
#6261 = DIRECTION ( 'NONE',  ( 0.000000000000000000, -0.8090169943749402348, -0.5877852522924830181 ) ) ;
#6262 = ORIENTED_EDGE ( 'NONE', *, *, #291, .T. ) ;
#6263 = CIRCLE ( 'NONE', #712, 0.5000000000000000000 ) ;
#6264 = AXIS2_PLACEMENT_3D ( 'NONE', #5024, #1926, #6302 ) ;
#6265 = EDGE_LOOP ( 'NONE', ( #708, #3785, #496, #3968 ) ) ;
#6266 = DIRECTION ( 'NONE',  ( 0.000000000000000000, 1.000000000000000000, 3.491481338843133355E-15 ) ) ;
#6267 = AXIS2_PLACEMENT_3D ( 'NONE', #8376, #6359, #2068 ) ;
#6268 = CIRCLE ( 'NONE', #1927, 3.105109578176981522 ) ;
#6269 = DIRECTION ( 'NONE',  ( -1.000000000000000000, -1.224646799147352714E-16, 0.000000000000000000 ) ) ;
#6270 = CARTESIAN_POINT ( 'NONE',  ( 1.549995677804209437, 0.000000000000000000, 0.000000000000000000 ) ) ;
#6271 = DIRECTION ( 'NONE',  ( 0.000000000000000000, 0.8090169943749445647, 0.5877852522924770229 ) ) ;
#6272 = ORIENTED_EDGE ( 'NONE', *, *, #5829, .F. ) ;
#6273 = ORIENTED_EDGE ( 'NONE', *, *, #63, .T. ) ;
#6274 = DIRECTION ( 'NONE',  ( 1.000000000000000000, 0.000000000000000000, 0.000000000000000000 ) ) ;
#6275 = DIRECTION ( 'NONE',  ( -1.000000000000000000, 0.000000000000000000, 0.000000000000000000 ) ) ;
#6276 = AXIS2_PLACEMENT_3D ( 'NONE', #4822, #5343, #3983 ) ;
#6277 = EDGE_CURVE ( 'NONE', #3779, #4595, #2496, .T. ) ;
#6278 = DIRECTION ( 'NONE',  ( -1.236773978361170610E-16, 1.000000000000000000, 0.000000000000000000 ) ) ;
#6279 = CIRCLE ( 'NONE', #461, 1.574356589206891588 ) ;
#6280 = DIRECTION ( 'NONE',  ( 0.000000000000000000, 0.000000000000000000, 1.000000000000000000 ) ) ;
#6281 = CARTESIAN_POINT ( 'NONE',  ( -7.000000000000000888, -0.000000000000000000, 0.000000000000000000 ) ) ;
#6282 = CARTESIAN_POINT ( 'NONE',  ( 0.2500000000000000000, 0.3750000000000000555, -1.709349291397167958 ) ) ;
#6283 = DIRECTION ( 'NONE',  ( 0.000000000000000000, 0.000000000000000000, -1.000000000000000000 ) ) ;
#6284 = EDGE_CURVE ( 'NONE', #2066, #2115, #5856, .T. ) ;
#6285 = DIRECTION ( 'NONE',  ( 0.000000000000000000, -0.9205048534524440385, 0.3907311284892651115 ) ) ;
#6286 = DIRECTION ( 'NONE',  ( 0.000000000000000000, -0.9205048534524428172, 0.3907311284892679426 ) ) ;
#6287 = VERTEX_POINT ( 'NONE', #6885 ) ;
#6288 = ORIENTED_EDGE ( 'NONE', *, *, #6828, .T. ) ;
#6289 = EDGE_CURVE ( 'NONE', #2014, #879, #3695, .T. ) ;
#6290 = DIRECTION ( 'NONE',  ( -0.8719406851971467365, -0.2521685752306788153, 0.4196789858499703207 ) ) ;
#6291 = EDGE_LOOP ( 'NONE', ( #1594, #7297, #2774, #282, #6873, #1867, #2276, #7895 ) ) ;
#6292 = ORIENTED_EDGE ( 'NONE', *, *, #6644, .F. ) ;
#6293 = LINE ( 'NONE', #997, #6058 ) ;
#6294 = ADVANCED_FACE ( 'NONE', ( #3732 ), #6844, .F. ) ;
#6295 = CARTESIAN_POINT ( 'NONE',  ( 1.549995677804209437, 0.000000000000000000, 0.000000000000000000 ) ) ;
#6296 = VECTOR ( 'NONE', #6792, 39.37007874015748854 ) ;
#6297 = FACE_OUTER_BOUND ( 'NONE', #1207, .T. ) ;
#6298 = EDGE_CURVE ( 'NONE', #131, #5197, #3611, .T. ) ;
#6299 = EDGE_CURVE ( 'NONE', #4137, #2222, #6966, .T. ) ;
#6300 = EDGE_CURVE ( 'NONE', #2476, #7062, #3057, .T. ) ;
#6301 = ORIENTED_EDGE ( 'NONE', *, *, #7003, .T. ) ;
#6302 = DIRECTION ( 'NONE',  ( 0.000000000000000000, -0.3090169943749349057, -0.9510565162951575280 ) ) ;
#6303 = B_SPLINE_CURVE_WITH_KNOTS ( 'NONE', 3,
 ( #5456, #2984, #7402, #3706 ),
 .UNSPECIFIED., .F., .F.,
 ( 4, 4 ),
 ( 2.312885587158662545E-07, 0.007844056937228281387 ),
 .UNSPECIFIED. ) ;
#6304 = ORIENTED_EDGE ( 'NONE', *, *, #1621, .T. ) ;
#6305 = DIRECTION ( 'NONE',  ( 0.000000000000000000, -0.3907311284892713288, -0.9205048534524413739 ) ) ;
#6306 = EDGE_CURVE ( 'NONE', #3601, #1771, #7084, .T. ) ;
#6307 = ORIENTED_EDGE ( 'NONE', *, *, #7474, .T. ) ;
#6308 = ORIENTED_EDGE ( 'NONE', *, *, #740, .T. ) ;
#6309 = CARTESIAN_POINT ( 'NONE',  ( -7.000000000000000000, 0.4880409895273084553, 0.2932446110782024329 ) ) ;
#6310 = ORIENTED_EDGE ( 'NONE', *, *, #6149, .F. ) ;
#6311 = LINE ( 'NONE', #7623, #7196 ) ;
#6312 = CARTESIAN_POINT ( 'NONE',  ( -7.087718996171313179, 0.000000000000000000, 0.000000000000000000 ) ) ;
#6313 = AXIS2_PLACEMENT_3D ( 'NONE', #798, #2156, #2752 ) ;
#6314 = DIRECTION ( 'NONE',  ( 0.000000000000000000, 0.000000000000000000, -1.000000000000000000 ) ) ;
#6315 = VERTEX_POINT ( 'NONE', #2343 ) ;
#6316 = VERTEX_POINT ( 'NONE', #5654 ) ;
#6317 = DIRECTION ( 'NONE',  ( 0.8944271909999158554, -0.4455118127516047299, 0.03897723308264968572 ) ) ;
#6318 = CARTESIAN_POINT ( 'NONE',  ( -0.1723424495515873955, 2.699646941586237414, 1.991654590333947539 ) ) ;
#6319 = CIRCLE ( 'NONE', #8200, 4.357648039384080185 ) ;
#6320 = FACE_OUTER_BOUND ( 'NONE', #3229, .T. ) ;
#6321 = CARTESIAN_POINT ( 'NONE',  ( -0.01701700490451260595, 3.432474503172796343, 4.203568913465466732E-16 ) ) ;
#6322 = VECTOR ( 'NONE', #111, 39.37007874015748143 ) ;
#6323 = CARTESIAN_POINT ( 'NONE',  ( 0.2329829950954873385, 2.272076372062504568, -3.127244840436486317 ) ) ;
#6324 = CIRCLE ( 'NONE', #233, 3.865487205065014198 ) ;
#6325 = CIRCLE ( 'NONE', #8332, 3.105109578176982410 ) ;
#6326 = CARTESIAN_POINT ( 'NONE',  ( -7.000000000000000000, -1.987926984766436125E-15, 0.5693649175925756811 ) ) ;
#6327 = VECTOR ( 'NONE', #6717, 39.37007874015748143 ) ;
#6328 = AXIS2_PLACEMENT_3D ( 'NONE', #4359, #4282, #4869 ) ;
#6329 = CC_DESIGN_APPROVAL ( #4272, ( #7005 ) ) ;
#6330 = DIRECTION ( 'NONE',  ( 0.8660254037844379305, -0.4755282581475776538, -0.1545084971874743640 ) ) ;
#6331 = LINE ( 'NONE', #8222, #2877 ) ;
#6332 = ORIENTED_EDGE ( 'NONE', *, *, #3493, .T. ) ;
#6333 = ORIENTED_EDGE ( 'NONE', *, *, #5264, .F. ) ;
#6334 = DIRECTION ( 'NONE',  ( 1.224646799147352714E-16, -1.000000000000000000, 0.000000000000000000 ) ) ;
#6335 = VECTOR ( 'NONE', #8043, 39.37007874015748143 ) ;
#6336 = ADVANCED_FACE ( 'NONE', ( #6246 ), #7212, .T. ) ;
#6337 = ORIENTED_EDGE ( 'NONE', *, *, #7788, .F. ) ;
#6338 = EDGE_LOOP ( 'NONE', ( #5479, #1131, #2505, #2080, #5619, #8090, #8184, #2564 ) ) ;
#6339 = DIRECTION ( 'NONE',  ( -0.000000000000000000, -0.9743700647852344687, -0.2249510543438691113 ) ) ;
#6340 = CARTESIAN_POINT ( 'NONE',  ( 0.2465608283438172066, 0.000000000000000000, 0.000000000000000000 ) ) ;
#6341 = CARTESIAN_POINT ( 'NONE',  ( -7.000000000000000000, -0.2932446110782040427, 0.4880409895273072896 ) ) ;
#6342 = ORIENTED_EDGE ( 'NONE', *, *, #1527, .T. ) ;
#6343 = FACE_OUTER_BOUND ( 'NONE', #5059, .T. ) ;
#6344 = EDGE_CURVE ( 'NONE', #7259, #743, #6331, .T. ) ;
#6345 = ORIENTED_EDGE ( 'NONE', *, *, #4382, .F. ) ;
#6346 = LINE ( 'NONE', #5667, #3055 ) ;
#6347 = VERTEX_POINT ( 'NONE', #520 ) ;
#6348 = ORIENTED_EDGE ( 'NONE', *, *, #6774, .F. ) ;
#6349 = CARTESIAN_POINT ( 'NONE',  ( -7.000000000000000000, 0.04962342228723824744, 0.5671983121851676968 ) ) ;
#6350 = EDGE_CURVE ( 'NONE', #53, #4507, #6804, .T. ) ;
#6351 = ADVANCED_FACE ( 'NONE', ( #3095 ), #7517, .T. ) ;
#6352 = EDGE_CURVE ( 'NONE', #3354, #7102, #4360, .T. ) ;
#6353 = EDGE_LOOP ( 'NONE', ( #2471, #5424, #1031, #1669 ) ) ;
#6354 = CARTESIAN_POINT ( 'NONE',  ( -0.003439171656184084481, -2.306842772003578901, -3.175096684755395859 ) ) ;
#6355 = DIRECTION ( 'NONE',  ( 1.000000000000000000, 0.000000000000000000, 0.000000000000000000 ) ) ;
#6356 = CARTESIAN_POINT ( 'NONE',  ( -0.1723424522974138506, -0.3749999999999766853, 3.333790126447840674 ) ) ;
#6357 = EDGE_LOOP ( 'NONE', ( #4901, #6100, #4984, #2285 ) ) ;
#6358 = ORIENTED_EDGE ( 'NONE', *, *, #7438, .T. ) ;
#6359 = DIRECTION ( 'NONE',  ( 1.000000000000000000, 0.000000000000000000, 0.000000000000000000 ) ) ;
#6360 = CARTESIAN_POINT ( 'NONE',  ( -7.000000000000000000, 5.963780954299309165E-15, -0.5693649175925756811 ) ) ;
#6361 = CARTESIAN_POINT ( 'NONE',  ( -5.250000000000000000, 0.000000000000000000, 0.000000000000000000 ) ) ;
#6362 = FACE_OUTER_BOUND ( 'NONE', #5992, .T. ) ;
#6363 = CARTESIAN_POINT ( 'NONE',  ( 0.2465608283438155968, 4.341065872984311014, -0.3797940515053967458 ) ) ;
#6364 = DIRECTION ( 'NONE',  ( -1.000000000000000000, 0.000000000000000000, 0.000000000000000000 ) ) ;
#6365 = VECTOR ( 'NONE', #5559, 39.37007874015747433 ) ;
#6366 = VECTOR ( 'NONE', #3690, 39.37007874015748143 ) ;
#6367 = CIRCLE ( 'NONE', #3927, 3.278312163512968613 ) ;
#6368 = TOROIDAL_SURFACE ( 'NONE', #6109, 3.432474503172796343, 0.5000000000000000000 ) ;
#6369 = CARTESIAN_POINT ( 'NONE',  ( -0.2482449321572040568, -4.147182447043658016, -1.347501260915902277 ) ) ;
#6370 = DIRECTION ( 'NONE',  ( -0.8660254037844379305, -0.5000000000000012212, 0.000000000000000000 ) ) ;
#6371 = ORIENTED_EDGE ( 'NONE', *, *, #2410, .T. ) ;
#6372 = AXIS2_PLACEMENT_3D ( 'NONE', #6512, #5873, #1199 ) ;
#6373 = ORIENTED_EDGE ( 'NONE', *, *, #7184, .T. ) ;
#6374 = FACE_OUTER_BOUND ( 'NONE', #6857, .T. ) ;
#6375 = VERTEX_POINT ( 'NONE', #5266 ) ;
#6376 = VECTOR ( 'NONE', #5383, 39.37007874015748143 ) ;
#6377 = VERTEX_POINT ( 'NONE', #6500 ) ;
#6378 = FACE_OUTER_BOUND ( 'NONE', #1074, .T. ) ;
#6379 = AXIS2_PLACEMENT_3D ( 'NONE', #3610, #3567, #1787 ) ;
#6380 = PLANE ( 'NONE',  #2848 ) ;
#6381 = EDGE_CURVE ( 'NONE', #4377, #4348, #1996, .T. ) ;
#6382 = PLANE ( 'NONE',  #6418 ) ;
#6383 = ORIENTED_EDGE ( 'NONE', *, *, #8230, .T. ) ;
#6384 = VECTOR ( 'NONE', #1134, 39.37007874015748143 ) ;
#6385 = DIRECTION ( 'NONE',  ( 0.000000000000000000, 0.9510565162951521989, 0.3090169943749515591 ) ) ;
#6386 = ORIENTED_EDGE ( 'NONE', *, *, #4422, .T. ) ;
#6387 = ORIENTED_EDGE ( 'NONE', *, *, #692, .F. ) ;
#6388 = ORIENTED_EDGE ( 'NONE', *, *, #2309, .T. ) ;
#6389 = DIRECTION ( 'NONE',  ( 1.000000000000000000, 0.000000000000000000, 0.000000000000000000 ) ) ;
#6390 = AXIS2_PLACEMENT_3D ( 'NONE', #7871, #2647, #2061 ) ;
#6391 = PERSON_AND_ORGANIZATION ( #1217, #2656 ) ;
#6392 = EDGE_CURVE ( 'NONE', #3522, #5337, #3262, .T. ) ;
#6393 = ORIENTED_EDGE ( 'NONE', *, *, #8054, .T. ) ;
#6394 = CARTESIAN_POINT ( 'NONE',  ( 0.000000000000000000, 0.000000000000000000, 0.000000000000000000 ) ) ;
#6395 = AXIS2_PLACEMENT_3D ( 'NONE', #7935, #2126, #4713 ) ;
#6396 = DIRECTION ( 'NONE',  ( -1.000000000000000000, 0.000000000000000000, 0.000000000000000000 ) ) ;
#6397 = EDGE_CURVE ( 'NONE', #5958, #3321, #3222, .T. ) ;
#6398 = DIRECTION ( 'NONE',  ( -1.000000000000000000, -0.000000000000000000, 0.000000000000000000 ) ) ;
#6399 = TOROIDAL_SURFACE ( 'NONE', #7077, 3.432474503172795899, 0.5000000000000000000 ) ;
#6400 = AXIS2_PLACEMENT_3D ( 'NONE', #4085, #4880, #7514 ) ;
#6401 = ORIENTED_EDGE ( 'NONE', *, *, #5679, .T. ) ;
#6402 = ORIENTED_EDGE ( 'NONE', *, *, #5987, .T. ) ;
#6403 = CARTESIAN_POINT ( 'NONE',  ( 0.000000000000000000, -2.645033635316146992, 3.640576474687250652 ) ) ;
#6404 = AXIS2_PLACEMENT_3D ( 'NONE', #7396, #4043, #6765 ) ;
#6405 = CARTESIAN_POINT ( 'NONE',  ( -5.250000000000000000, 0.000000000000000000, 0.000000000000000000 ) ) ;
#6406 = EDGE_CURVE ( 'NONE', #7667, #5451, #683, .T. ) ;
#6407 = CIRCLE ( 'NONE', #986, 4.357648039384080185 ) ;
#6408 = CARTESIAN_POINT ( 'NONE',  ( -4.750000000000000000, 1.471132980980841998, 0.5606838879882135585 ) ) ;
#6409 = AXIS2_PLACEMENT_3D ( 'NONE', #7443, #8229, #6172 ) ;
#6410 = DIRECTION ( 'NONE',  ( 0.000000000000000000, 0.000000000000000000, -1.000000000000000000 ) ) ;
#6411 = VECTOR ( 'NONE', #8136, 39.37007874015748143 ) ;
#6412 = EDGE_CURVE ( 'NONE', #7173, #1866, #6811, .T. ) ;
#6413 = DIRECTION ( 'NONE',  ( -1.224913629762582012E-16, 1.000000000000000000, 0.000000000000000000 ) ) ;
#6414 = EDGE_CURVE ( 'NONE', #6136, #8099, #5454, .T. ) ;
#6415 = DIRECTION ( 'NONE',  ( -1.000000000000000000, -0.000000000000000000, 0.000000000000000000 ) ) ;
#6416 = EDGE_CURVE ( 'NONE', #3408, #3634, #7007, .T. ) ;
#6417 = DIRECTION ( 'NONE',  ( -1.236773978361170610E-16, 1.000000000000000000, 0.000000000000000000 ) ) ;
#6418 = AXIS2_PLACEMENT_3D ( 'NONE', #6341, #2427, #4897 ) ;
#6419 = CARTESIAN_POINT ( 'NONE',  ( -7.000000000000000888, 0.000000000000000000, 0.000000000000000000 ) ) ;
#6420 = DIRECTION ( 'NONE',  ( 0.000000000000000000, 0.9510565162951533091, 0.3090169943749481174 ) ) ;
#6421 = ORIENTED_EDGE ( 'NONE', *, *, #490, .T. ) ;
#6422 = CARTESIAN_POINT ( 'NONE',  ( -7.000000000000000888, 0.000000000000000000, 0.000000000000000000 ) ) ;
#6423 = ORIENTED_EDGE ( 'NONE', *, *, #5895, .F. ) ;
#6424 = CARTESIAN_POINT ( 'NONE',  ( 0.2500000000000000000, 0.000000000000000000, 0.7500000000000001110 ) ) ;
#6425 = VERTEX_POINT ( 'NONE', #3949 ) ;
#6426 = ORIENTED_EDGE ( 'NONE', *, *, #4872, .F. ) ;
#6427 = LINE ( 'NONE', #1918, #5018 ) ;
#6428 = CIRCLE ( 'NONE', #1274, 4.360605680090434255 ) ;
#6429 = CARTESIAN_POINT ( 'NONE',  ( -0.2482449321572029743, -4.248843639012575224, -0.9809228453142223580 ) ) ;
#6430 = DIRECTION ( 'NONE',  ( 0.8944271909999158554, -0.1381966011250123916, 0.4253254041760194948 ) ) ;
#6431 = ORIENTED_EDGE ( 'NONE', *, *, #1362, .F. ) ;
#6432 = CARTESIAN_POINT ( 'NONE',  ( 0.000000000000000000, 3.396193111002511866, -2.952265630457238110 ) ) ;
#6433 = ORIENTED_EDGE ( 'NONE', *, *, #6183, .T. ) ;
#6434 = ORIENTED_EDGE ( 'NONE', *, *, #539, .T. ) ;
#6435 = VERTEX_POINT ( 'NONE', #5222 ) ;
#6436 = DIRECTION ( 'NONE',  ( -1.000000000000000000, 0.000000000000000000, 0.000000000000000000 ) ) ;
#6437 = APPROVAL_DATE_TIME ( #2058, #4170 ) ;
#6438 = ORIENTED_EDGE ( 'NONE', *, *, #7290, .F. ) ;
#6439 = LINE ( 'NONE', #3888, #8269 ) ;
#6440 = DIRECTION ( 'NONE',  ( 1.000000000000000000, -0.000000000000000000, 0.000000000000000000 ) ) ;
#6441 = ORIENTED_EDGE ( 'NONE', *, *, #5974, .T. ) ;
#6442 = CIRCLE ( 'NONE', #5491, 0.5000000000000001110 ) ;
#6443 = DIRECTION ( 'NONE',  ( -1.000000000000000000, 0.000000000000000000, 0.000000000000000000 ) ) ;
#6444 = EDGE_LOOP ( 'NONE', ( #5409, #6292, #4346, #7082 ) ) ;
#6445 = EDGE_CURVE ( 'NONE', #5061, #1678, #1235, .T. ) ;
#6446 = EDGE_LOOP ( 'NONE', ( #3106, #7783, #5842, #7392 ) ) ;
#6447 = DIRECTION ( 'NONE',  ( -0.000000000000000000, -0.2249510543438724697, 0.9743700647852334695 ) ) ;
#6448 = DIRECTION ( 'NONE',  ( 0.000000000000000000, 0.000000000000000000, -1.000000000000000000 ) ) ;
#6449 = DIRECTION ( 'NONE',  ( 0.8660254037844379305, -0.1545084971874793878, 0.4755282581475759329 ) ) ;
#6450 = FACE_OUTER_BOUND ( 'NONE', #1758, .T. ) ;
#6451 = AXIS2_PLACEMENT_3D ( 'NONE', #6270, #1093, #3674 ) ;
#6452 = B_SPLINE_CURVE_WITH_KNOTS ( 'NONE', 3,
 ( #2208, #4706, #4664, #3387 ),
 .UNSPECIFIED., .F., .F.,
 ( 4, 4 ),
 ( 2.238767480242709343E-07, 0.006624761241211893185 ),
 .UNSPECIFIED. ) ;
#6453 = DIRECTION ( 'NONE',  ( -1.000000000000000000, -1.224646799147352714E-16, 0.000000000000000000 ) ) ;
#6454 = CARTESIAN_POINT ( 'NONE',  ( -7.000000000000000888, 0.000000000000000000, 0.000000000000000000 ) ) ;
#6455 = EDGE_CURVE ( 'NONE', #5025, #7796, #1318, .T. ) ;
#6456 = DIRECTION ( 'NONE',  ( -1.000000000000000000, -1.224646799147352714E-16, 0.000000000000000000 ) ) ;
#6457 = AXIS2_PLACEMENT_3D ( 'NONE', #1337, #5718, #3847 ) ;
#6458 = EDGE_CURVE ( 'NONE', #7230, #5025, #6658, .T. ) ;
#6459 = ADVANCED_FACE ( 'NONE', ( #5816 ), #4912, .T. ) ;
#6460 = CARTESIAN_POINT ( 'NONE',  ( 1.549995677804209437, -3.428662956283281549, -1.114040126240612105 ) ) ;
#6461 = VECTOR ( 'NONE', #7399, 39.37007874015748143 ) ;
#6462 = DIRECTION ( 'NONE',  ( 1.000000000000000000, 0.000000000000000000, 0.000000000000000000 ) ) ;
#6463 = AXIS2_PLACEMENT_3D ( 'NONE', #3190, #4421, #7015 ) ;
#6464 = EDGE_LOOP ( 'NONE', ( #3424, #4777, #1552, #7822, #7009, #3076, #826, #5750 ) ) ;
#6465 = EDGE_CURVE ( 'NONE', #5168, #3248, #6541, .T. ) ;
#6466 = DIRECTION ( 'NONE',  ( 1.232246991851730235E-16, -1.000000000000000000, 0.000000000000000000 ) ) ;
#6467 = VERTEX_POINT ( 'NONE', #7770 ) ;
#6468 = FACE_OUTER_BOUND ( 'NONE', #2641, .T. ) ;
#6469 = VERTEX_POINT ( 'NONE', #1356 ) ;
#6470 = VECTOR ( 'NONE', #2016, 39.37007874015748143 ) ;
#6471 = ORIENTED_EDGE ( 'NONE', *, *, #5576, .F. ) ;
#6472 = AXIS2_PLACEMENT_3D ( 'NONE', #83, #6453, #3302 ) ;
#6473 = DIRECTION ( 'NONE',  ( 0.8944271909999158554, -0.2628655560595633545, -0.3618033988749920771 ) ) ;
#6474 = DIRECTION ( 'NONE',  ( 0.000000000000000000, -1.000000000000000000, -1.047444401652940007E-14 ) ) ;
#6475 = CARTESIAN_POINT ( 'NONE',  ( -0.2482449321572040568, 0.000000000000000000, 0.000000000000000000 ) ) ;
#6476 = VERTEX_POINT ( 'NONE', #729 ) ;
#6477 = LINE ( 'NONE', #6432, #4418 ) ;
#6478 = EDGE_LOOP ( 'NONE', ( #6056, #7537, #2856, #7955 ) ) ;
#6479 = VERTEX_POINT ( 'NONE', #3306 ) ;
#6480 = ORIENTED_EDGE ( 'NONE', *, *, #531, .T. ) ;
#6481 = CARTESIAN_POINT ( 'NONE',  ( -4.750000000000000000, 0.000000000000000000, 0.000000000000000000 ) ) ;
#6482 = CIRCLE ( 'NONE', #1054, 1.750000000000000222 ) ;
#6483 = PERSON_AND_ORGANIZATION ( #1217, #2656 ) ;
#6484 = VERTEX_POINT ( 'NONE', #5905 ) ;
#6485 = CARTESIAN_POINT ( 'NONE',  ( -0.003439171656184767528, 2.574792448656737065, 2.961959888085945458 ) ) ;
#6486 = FACE_OUTER_BOUND ( 'NONE', #3410, .T. ) ;
#6487 = LINE ( 'NONE', #8290, #273 ) ;
#6488 = EDGE_LOOP ( 'NONE', ( #6775, #4045, #784, #6019 ) ) ;
#6489 = ORIENTED_EDGE ( 'NONE', *, *, #7017, .F. ) ;
#6490 = CARTESIAN_POINT ( 'NONE',  ( -7.000000000000000000, -0.1759434355369997316, 0.5414982150262716010 ) ) ;
#6491 = CARTESIAN_POINT ( 'NONE',  ( 1.549995677804209437, 3.105109578176981078, 0.000000000000000000 ) ) ;
#6492 = CARTESIAN_POINT ( 'NONE',  ( 1.549995677804209437, -2.953134698135719827, 0.9595316290530921943 ) ) ;
#6493 = ADVANCED_FACE ( 'NONE', ( #2543 ), #846, .T. ) ;
#6494 = CARTESIAN_POINT ( 'NONE',  ( 0.2329829950954873385, 3.558199733220674066, -1.510366177795856135 ) ) ;
#6495 = LINE ( 'NONE', #723, #2803 ) ;
#6496 = DIRECTION ( 'NONE',  ( -1.000000000000000000, -0.000000000000000000, 0.000000000000000000 ) ) ;
#6497 = DIRECTION ( 'NONE',  ( 0.000000000000000000, 0.000000000000000000, -1.000000000000000000 ) ) ;
#6498 = DIRECTION ( 'NONE',  ( 1.232246991851730235E-16, -1.000000000000000000, 0.000000000000000000 ) ) ;
#6499 = EDGE_CURVE ( 'NONE', #5062, #7974, #3141, .T. ) ;
#6500 = CARTESIAN_POINT ( 'NONE',  ( -7.000000000000000000, 0.1124755271719378308, -0.4871850323926159576 ) ) ;
#6501 = ORIENTED_EDGE ( 'NONE', *, *, #8203, .F. ) ;
#6502 = CARTESIAN_POINT ( 'NONE',  ( -0.2482449321572040568, 2.563099709819940397, 3.527804100961092537 ) ) ;
#6503 = ORIENTED_EDGE ( 'NONE', *, *, #5051, .F. ) ;
#6504 = DIRECTION ( 'NONE',  ( 1.224646799147352714E-16, -1.000000000000000000, 0.000000000000000000 ) ) ;
#6505 = AXIS2_PLACEMENT_3D ( 'NONE', #6535, #1631, #955 ) ;
#6506 = EDGE_CURVE ( 'NONE', #341, #8073, #5092, .T. ) ;
#6507 = ORIENTED_EDGE ( 'NONE', *, *, #3757, .F. ) ;
#6508 = ORIENTED_EDGE ( 'NONE', *, *, #6406, .T. ) ;
#6509 = VECTOR ( 'NONE', #4197, 39.37007874015748143 ) ;
#6510 = EDGE_CURVE ( 'NONE', #6086, #659, #8305, .T. ) ;
#6511 = CARTESIAN_POINT ( 'NONE',  ( -7.000000000000000000, 0.2224685967731481195, 0.5241031700295153417 ) ) ;
#6512 = CARTESIAN_POINT ( 'NONE',  ( -0.2500000000000000000, 0.000000000000000000, 0.000000000000000000 ) ) ;
#6513 = CONICAL_SURFACE ( 'NONE', #143, 3.605109578176981078, 0.5235987755983000369 ) ;
#6514 = CARTESIAN_POINT ( 'NONE',  ( -0.2500000000000000000, 2.665803124484934727, -1.972114853420186664 ) ) ;
#6515 = ORIENTED_EDGE ( 'NONE', *, *, #6922, .F. ) ;
#6516 = ORIENTED_EDGE ( 'NONE', *, *, #2041, .F. ) ;
#6517 = CIRCLE ( 'NONE', #4070, 3.605109578176981522 ) ;
#6518 = VECTOR ( 'NONE', #1099, 39.37007874015748143 ) ;
#6519 = EDGE_CURVE ( 'NONE', #4332, #6889, #4237, .T. ) ;
#6520 = ORIENTED_EDGE ( 'NONE', *, *, #6051, .F. ) ;
#6521 = CIRCLE ( 'NONE', #2575, 1.000000000000000000 ) ;
#6522 = ORIENTED_EDGE ( 'NONE', *, *, #5428, .F. ) ;
#6523 = ORIENTED_EDGE ( 'NONE', *, *, #3647, .T. ) ;
#6524 = CARTESIAN_POINT ( 'NONE',  ( 0.2500000000000000000, -2.632966137197494838, 1.953156409970379759 ) ) ;
#6525 = DATE_AND_TIME ( #3202, #1588 ) ;
#6526 = VERTEX_POINT ( 'NONE', #130 ) ;
#6527 = CARTESIAN_POINT ( 'NONE',  ( -0.003439171656184630919, 3.732550011803880352, -1.212779016009393862 ) ) ;
#6528 = DIRECTION ( 'NONE',  ( -0.000000000000000000, 1.000000000000000000, 1.047444401652940007E-14 ) ) ;
#6529 = DIRECTION ( 'NONE',  ( 0.000000000000000000, 0.5877852522924743583, -0.8090169943749465631 ) ) ;
#6530 = ORIENTED_EDGE ( 'NONE', *, *, #3865, .F. ) ;
#6531 = VECTOR ( 'NONE', #1346, 39.37007874015748143 ) ;
#6532 = ORIENTED_EDGE ( 'NONE', *, *, #5514, .T. ) ;
#6533 = DIRECTION ( 'NONE',  ( -0.8719406851971467365, -0.3961040411324198707, 0.2877864313974798360 ) ) ;
#6534 = DIRECTION ( 'NONE',  ( -1.022361134399654570E-16, 1.000000000000000000, 0.000000000000000000 ) ) ;
#6535 = CARTESIAN_POINT ( 'NONE',  ( -7.000000000000000888, 0.000000000000000000, -0.000000000000000000 ) ) ;
#6536 = CARTESIAN_POINT ( 'NONE',  ( -0.2406238026544905151, -1.908004274696307889E-16, 0.000000000000000000 ) ) ;
#6537 = AXIS2_PLACEMENT_3D ( 'NONE', #6215, #3579, #2274 ) ;
#6538 = VECTOR ( 'NONE', #473, 39.37007874015748143 ) ;
#6539 = DIRECTION ( 'NONE',  ( 0.000000000000000000, 0.000000000000000000, -1.000000000000000000 ) ) ;
#6540 = DIRECTION ( 'NONE',  ( 0.000000000000000000, -0.5877852522924830181, 0.8090169943749402348 ) ) ;
#6541 = CIRCLE ( 'NONE', #1661, 0.4999999999999996114 ) ;
#6542 = CARTESIAN_POINT ( 'NONE',  ( 1.549995677804209437, -1.114040126240600337, 3.428662956283285990 ) ) ;
#6543 = VECTOR ( 'NONE', #2676, 39.37007874015748854 ) ;
#6544 = AXIS2_PLACEMENT_3D ( 'NONE', #4370, #7001, #4252 ) ;
#6545 = CARTESIAN_POINT ( 'NONE',  ( 0.2500000000000000000, -0.3750000000000000555, -1.709349291397167958 ) ) ;
#6546 = VECTOR ( 'NONE', #5947, 39.37007874015748143 ) ;
#6547 = CARTESIAN_POINT ( 'NONE',  ( -4.750000000000000000, -0.2500000000000000555, 0.9682458365518542553 ) ) ;
#6548 = ORIENTED_EDGE ( 'NONE', *, *, #2136, .F. ) ;
#6549 = CARTESIAN_POINT ( 'NONE',  ( -7.000000000000000000, 5.963780954299309165E-15, -0.5693649175925756811 ) ) ;
#6550 = ORIENTED_EDGE ( 'NONE', *, *, #2827, .T. ) ;
#6551 = LINE ( 'NONE', #3953, #7002 ) ;
#6552 = VERTEX_POINT ( 'NONE', #6626 ) ;
#6553 = TOROIDAL_SURFACE ( 'NONE', #320, 3.432474503172795455, 0.5000000000000000000 ) ;
#6554 = EDGE_CURVE ( 'NONE', #8031, #7546, #4103, .T. ) ;
#6555 = CARTESIAN_POINT ( 'NONE',  ( -4.750000000000000000, 0.7135254915624210659, 0.7006292692220371654 ) ) ;
#6556 = DIRECTION ( 'NONE',  ( 0.000000000000000000, 0.000000000000000000, -1.000000000000000000 ) ) ;
#6557 = EDGE_CURVE ( 'NONE', #2859, #5723, #2748, .T. ) ;
#6558 = FACE_OUTER_BOUND ( 'NONE', #7619, .T. ) ;
#6559 = VERTEX_POINT ( 'NONE', #4034 ) ;
#6560 = AXIS2_PLACEMENT_3D ( 'NONE', #4848, #317, #1545 ) ;
#6561 = VERTEX_POINT ( 'NONE', #4079 ) ;
#6562 = ORIENTED_EDGE ( 'NONE', *, *, #697, .T. ) ;
#6563 = ORIENTED_EDGE ( 'NONE', *, *, #6157, .F. ) ;
#6564 = EDGE_CURVE ( 'NONE', #1599, #5880, #3394, .T. ) ;
#6565 = ORIENTED_EDGE ( 'NONE', *, *, #6091, .F. ) ;
#6566 = CARTESIAN_POINT ( 'NONE',  ( 0.000000000000000000, 0.000000000000000000, 0.000000000000000000 ) ) ;
#6567 = ADVANCED_FACE ( 'NONE', ( #1533 ), #3351, .F. ) ;
#6568 = EDGE_CURVE ( 'NONE', #5168, #5273, #3437, .T. ) ;
#6569 = ORIENTED_EDGE ( 'NONE', *, *, #7780, .F. ) ;
#6570 = CARTESIAN_POINT ( 'NONE',  ( 0.2500000000000000000, 0.000000000000000000, -0.7500000000000001110 ) ) ;
#6571 = ADVANCED_FACE ( 'NONE', ( #8015 ), #988, .T. ) ;
#6572 = CARTESIAN_POINT ( 'NONE',  ( -0.2500000000000000000, 1.530808498934192433E-17, 0.6250000000000000000 ) ) ;
#6573 = DIRECTION ( 'NONE',  ( 0.000000000000000000, 0.000000000000000000, -1.000000000000000000 ) ) ;
#6574 = ORIENTED_EDGE ( 'NONE', *, *, #1107, .T. ) ;
#6575 = EDGE_LOOP ( 'NONE', ( #2817, #3734 ) ) ;
#6576 = CYLINDRICAL_SURFACE ( 'NONE', #6276, 0.2500000000000000000 ) ;
#6577 = DIRECTION ( 'NONE',  ( 0.000000000000000000, -0.8660254037844397068, -0.4999999999999979461 ) ) ;
#6578 = AXIS2_PLACEMENT_3D ( 'NONE', #5129, #3945, #5219 ) ;
#6579 = CARTESIAN_POINT ( 'NONE',  ( -7.000000000000000000, -0.2224685967731445113, -0.5241031700295167850 ) ) ;
#6580 = DIRECTION ( 'NONE',  ( -0.000000000000000000, 0.9961946980917458783, -0.08715574274765489071 ) ) ;
#6581 = DIRECTION ( 'NONE',  ( -1.236773978361170610E-16, 1.000000000000000000, 0.000000000000000000 ) ) ;
#6582 = DIRECTION ( 'NONE',  ( -1.224646799147352714E-16, 1.000000000000000000, 0.000000000000000000 ) ) ;
#6583 = CARTESIAN_POINT ( 'NONE',  ( 1.549995677804209437, 0.000000000000000000, 0.000000000000000000 ) ) ;
#6584 = PLANE ( 'NONE',  #1500 ) ;
#6585 = CARTESIAN_POINT ( 'NONE',  ( 1.549995677804209437, 0.2706281315988721126, 3.093293698773806000 ) ) ;
#6586 = EDGE_LOOP ( 'NONE', ( #1009, #5501 ) ) ;
#6587 = FACE_OUTER_BOUND ( 'NONE', #4004, .T. ) ;
#6588 = VERTEX_POINT ( 'NONE', #6114 ) ;
#6589 = DIRECTION ( 'NONE',  ( 1.000000000000000000, 0.000000000000000000, 0.000000000000000000 ) ) ;
#6590 = ORIENTED_EDGE ( 'NONE', *, *, #1362, .T. ) ;
#6591 = CIRCLE ( 'NONE', #4685, 0.4999999999999996114 ) ;
#6592 = DIRECTION ( 'NONE',  ( 0.000000000000000000, -0.9510565162951544194, 0.3090169943749447312 ) ) ;
#6593 = AXIS2_PLACEMENT_3D ( 'NONE', #4931, #3023, #7479 ) ;
#6594 = VECTOR ( 'NONE', #7524, 39.37007874015748854 ) ;
#6595 = DIRECTION ( 'NONE',  ( -1.000000000000000000, -0.000000000000000000, 0.000000000000000000 ) ) ;
#6596 = DIRECTION ( 'NONE',  ( 1.000000000000000000, 1.224646799147352714E-16, -0.000000000000000000 ) ) ;
#6597 = ORIENTED_EDGE ( 'NONE', *, *, #2303, .T. ) ;
#6598 = VERTEX_POINT ( 'NONE', #5309 ) ;
#6599 = EDGE_CURVE ( 'NONE', #1459, #2686, #4126, .T. ) ;
#6600 = CONICAL_SURFACE ( 'NONE', #2936, 3.105109578176981078, 0.5235987755983000369 ) ;
#6601 = VECTOR ( 'NONE', #3217, 39.37007874015748143 ) ;
#6602 = ORIENTED_EDGE ( 'NONE', *, *, #3080, .F. ) ;
#6603 = ORIENTED_EDGE ( 'NONE', *, *, #4124, .T. ) ;
#6604 = ORIENTED_EDGE ( 'NONE', *, *, #3916, .F. ) ;
#6605 = TOROIDAL_SURFACE ( 'NONE', #4027, 3.432474503172795899, 0.5000000000000000000 ) ;
#6606 = ORIENTED_EDGE ( 'NONE', *, *, #4003, .F. ) ;
#6607 = EDGE_CURVE ( 'NONE', #7189, #7987, #2804, .T. ) ;
#6608 = DIRECTION ( 'NONE',  ( 0.000000000000000000, 0.000000000000000000, -1.000000000000000000 ) ) ;
#6609 = CARTESIAN_POINT ( 'NONE',  ( 0.000000000000000000, 0.000000000000000000, 0.000000000000000000 ) ) ;
#6610 = DIRECTION ( 'NONE',  ( 0.000000000000000000, 0.000000000000000000, -1.000000000000000000 ) ) ;
#6611 = EDGE_CURVE ( 'NONE', #2519, #2776, #768, .T. ) ;
#6612 = EDGE_LOOP ( 'NONE', ( #6071, #1540, #6087, #4852 ) ) ;
#6614 = EDGE_CURVE ( 'NONE', #7667, #2129, #1934, .T. ) ;
#6613 = CIRCLE ( 'NONE', #378, 0.5000000000000001110 ) ;
#6615 = VERTEX_POINT ( 'NONE', #2842 ) ;
#6616 = DIRECTION ( 'NONE',  ( 0.000000000000000000, 0.000000000000000000, 1.000000000000000000 ) ) ;
#6617 = DIRECTION ( 'NONE',  ( 1.000000000000000000, 0.000000000000000000, 0.000000000000000000 ) ) ;
#6618 = EDGE_CURVE ( 'NONE', #4377, #5631, #5047, .T. ) ;
#6619 = DIRECTION ( 'NONE',  ( 0.000000000000000000, 0.3907311284892714953, 0.9205048534524412629 ) ) ;
#6620 = CARTESIAN_POINT ( 'NONE',  ( -0.2500000000000000000, 0.000000000000000000, 0.7500000000000001110 ) ) ;
#6621 = DIRECTION ( 'NONE',  ( 0.000000000000000000, 0.8660254037844328234, -0.5000000000000098810 ) ) ;
#6622 = DIRECTION ( 'NONE',  ( -0.000000000000000000, -0.9510565162951521989, -0.3090169943749515591 ) ) ;
#6623 = EDGE_CURVE ( 'NONE', #5120, #6526, #384, .T. ) ;
#6624 = DIRECTION ( 'NONE',  ( 0.000000000000000000, 0.3090169943749481729, -0.9510565162951534202 ) ) ;
#6625 = PLANE ( 'NONE',  #2991 ) ;
#6626 = CARTESIAN_POINT ( 'NONE',  ( 1.549995677804209437, -3.025525820853554926, -0.6984976734641690221 ) ) ;
#6627 = VERTEX_POINT ( 'NONE', #2079 ) ;
#6628 = DIRECTION ( 'NONE',  ( 0.8660254037844379305, -0.1953655642446360530, -0.4602524267262216862 ) ) ;
#6629 = ORIENTED_EDGE ( 'NONE', *, *, #7027, .F. ) ;
#6630 = LINE ( 'NONE', #2000, #7411 ) ;
#6631 = CARTESIAN_POINT ( 'NONE',  ( 0.2500000000000000000, -0.7500000000000001110, -3.577751011229654510E-16 ) ) ;
#6632 = ORIENTED_EDGE ( 'NONE', *, *, #7801, .F. ) ;
#6633 = CARTESIAN_POINT ( 'NONE',  ( -7.000000000000000000, 5.237222008264695300E-15, -0.4999999999999996114 ) ) ;
#6634 = CARTESIAN_POINT ( 'NONE',  ( 1.549995677804209437, 0.000000000000000000, 0.000000000000000000 ) ) ;
#6635 = DIRECTION ( 'NONE',  ( -1.000000000000000000, -1.224646799147352714E-16, 0.000000000000000000 ) ) ;
#6636 = EDGE_LOOP ( 'NONE', ( #7697, #544, #1977, #651 ) ) ;
#6637 = VECTOR ( 'NONE', #5001, 39.37007874015748143 ) ;
#6638 = VERTEX_POINT ( 'NONE', #4709 ) ;
#6639 = ORIENTED_EDGE ( 'NONE', *, *, #6149, .T. ) ;
#6640 = ORIENTED_EDGE ( 'NONE', *, *, #6921, .T. ) ;
#6641 = ORIENTED_EDGE ( 'NONE', *, *, #271, .T. ) ;
#6642 = FACE_OUTER_BOUND ( 'NONE', #611, .T. ) ;
#6643 = VECTOR ( 'NONE', #2946, 39.37007874015748854 ) ;
#6644 = EDGE_CURVE ( 'NONE', #1855, #5548, #7931, .T. ) ;
#6645 = CIRCLE ( 'NONE', #546, 3.605109578176981522 ) ;
#6646 = VECTOR ( 'NONE', #8271, 39.37007874015748854 ) ;
#6647 = ORIENTED_EDGE ( 'NONE', *, *, #6974, .T. ) ;
#6648 = DIRECTION ( 'NONE',  ( 1.000000000000000000, 0.000000000000000000, 0.000000000000000000 ) ) ;
#6649 = LINE ( 'NONE', #1385, #1310 ) ;
#6650 = AXIS2_PLACEMENT_3D ( 'NONE', #5055, #8343, #7769 ) ;
#6651 = CARTESIAN_POINT ( 'NONE',  ( -5.083421024121624221, -0.2500000000000000000, -1.392690009866359713 ) ) ;
#6652 = VERTEX_POINT ( 'NONE', #3479 ) ;
#6653 = ORIENTED_EDGE ( 'NONE', *, *, #1371, .F. ) ;
#6654 = LINE ( 'NONE', #6746, #3294 ) ;
#6655 = EDGE_CURVE ( 'NONE', #1747, #824, #4799, .T. ) ;
#6656 = CARTESIAN_POINT ( 'NONE',  ( 5.651087907391154571E-17, 2.351141009169932072, -3.236067977499760495 ) ) ;
#6657 = CIRCLE ( 'NONE', #4081, 3.879688098672754215 ) ;
#6658 = B_SPLINE_CURVE_WITH_KNOTS ( 'NONE', 3,
 ( #5863, #5776, #7682, #560 ),
 .UNSPECIFIED., .F., .F.,
 ( 4, 4 ),
 ( 0.02626339066769520225, 0.04038156320390083598 ),
 .UNSPECIFIED. ) ;
#6659 = EDGE_CURVE ( 'NONE', #5197, #4092, #6074, .T. ) ;
#6660 = CARTESIAN_POINT ( 'NONE',  ( -0.2406238026544918751, 3.138733604700483237, 2.280423447894474709 ) ) ;
#6661 = PLANE ( 'NONE',  #5505 ) ;
#6662 = DIRECTION ( 'NONE',  ( 0.000000000000000000, 0.000000000000000000, -1.000000000000000000 ) ) ;
#6663 = CARTESIAN_POINT ( 'NONE',  ( -0.01701700490451175593, -3.142316772864016450, -1.381204732799887758 ) ) ;
#6664 = ORIENTED_EDGE ( 'NONE', *, *, #2382, .F. ) ;
#6665 = VECTOR ( 'NONE', #4065, 39.37007874015748143 ) ;
#6666 = ORIENTED_EDGE ( 'NONE', *, *, #7073, .T. ) ;
#6667 = LINE ( 'NONE', #4123, #2942 ) ;
#6668 = ADVANCED_FACE ( 'NONE', ( #3515 ), #306, .T. ) ;
#6669 = CIRCLE ( 'NONE', #5173, 0.4999999999999996114 ) ;
#6670 = FACE_OUTER_BOUND ( 'NONE', #4782, .T. ) ;
#6671 = EDGE_CURVE ( 'NONE', #6729, #7302, #5734, .T. ) ;
#6672 = EDGE_CURVE ( 'NONE', #7153, #1943, #6233, .T. ) ;
#6673 = CARTESIAN_POINT ( 'NONE',  ( -4.750000000000000000, 0.9635254915624212879, 0.2676165673298179781 ) ) ;
#6674 = ORIENTED_EDGE ( 'NONE', *, *, #2915, .T. ) ;
#6675 = CARTESIAN_POINT ( 'NONE',  ( -0.01701700490451244982, -3.419412901395836979, 0.2991598647864245897 ) ) ;
#6676 = PRODUCT ( 'Cone_STEP', 'Cone_STEP', '', ( #3797 ) ) ;
#6677 = ORIENTED_EDGE ( 'NONE', *, *, #2665, .F. ) ;
#6678 = CARTESIAN_POINT ( 'NONE',  ( -7.000000000000000000, 5.963780954299309165E-15, -0.5693649175925756811 ) ) ;
#6679 = DIRECTION ( 'NONE',  ( -0.8660254037844380415, -0.4285836503510548345, -0.2575190374550312966 ) ) ;
#6680 = EDGE_CURVE ( 'NONE', #4017, #3307, #427, .T. ) ;
#6681 = ORIENTED_EDGE ( 'NONE', *, *, #2235, .F. ) ;
#6682 = VECTOR ( 'NONE', #4129, 39.37007874015748854 ) ;
#6683 = CIRCLE ( 'NONE', #6400, 0.4999999999999998890 ) ;
#6684 = AXIS2_PLACEMENT_3D ( 'NONE', #4783, #6064, #4111 ) ;
#6685 = CARTESIAN_POINT ( 'NONE',  ( 0.000000000000000000, 0.000000000000000000, 0.000000000000000000 ) ) ;
#6686 = VECTOR ( 'NONE', #5182, 39.37007874015748143 ) ;
#6687 = CARTESIAN_POINT ( 'NONE',  ( -0.01701700490451259554, -1.634164925564208765E-16, 0.000000000000000000 ) ) ;
#6688 = FACE_OUTER_BOUND ( 'NONE', #4198, .T. ) ;
#6689 = VERTEX_POINT ( 'NONE', #470 ) ;
#6690 = ORIENTED_EDGE ( 'NONE', *, *, #5731, .F. ) ;
#6691 = AXIS2_PLACEMENT_3D ( 'NONE', #4248, #515, #7425 ) ;
#6692 = VERTEX_POINT ( 'NONE', #2333 ) ;
#6693 = VERTEX_POINT ( 'NONE', #2927 ) ;
#6694 = ORIENTED_EDGE ( 'NONE', *, *, #1315, .F. ) ;
#6695 = CARTESIAN_POINT ( 'NONE',  ( -5.250000000000000000, 0.2499999999999998612, 0.9682458365518544774 ) ) ;
#6696 = VECTOR ( 'NONE', #7061, 39.37007874015748143 ) ;
#6697 = DIRECTION ( 'NONE',  ( 1.000000000000000000, 0.000000000000000000, 0.000000000000000000 ) ) ;
#6698 = ORIENTED_EDGE ( 'NONE', *, *, #4583, .T. ) ;
#6699 = DIRECTION ( 'NONE',  ( 1.000000000000000000, 0.000000000000000000, 0.000000000000000000 ) ) ;
#6700 = CARTESIAN_POINT ( 'NONE',  ( 0.2500000000000000000, 1.667839910290881189, 0.5299151192794037124 ) ) ;
#6701 = DIRECTION ( 'NONE',  ( -1.000000000000000000, -0.000000000000000000, -0.000000000000000000 ) ) ;
#6702 = EDGE_LOOP ( 'NONE', ( #8224, #6888, #19, #4480 ) ) ;
#6703 = ORIENTED_EDGE ( 'NONE', *, *, #3804, .F. ) ;
#6704 = DIRECTION ( 'NONE',  ( 0.000000000000000000, 0.3907311284892713288, 0.9205048534524413739 ) ) ;
#6705 = DIRECTION ( 'NONE',  ( 0.000000000000000000, 0.000000000000000000, 1.000000000000000000 ) ) ;
#6706 = DIRECTION ( 'NONE',  ( 0.000000000000000000, -0.8090169943749402348, -0.5877852522924831291 ) ) ;
#6707 = CARTESIAN_POINT ( 'NONE',  ( 0.2500000000000000000, -1.667839910290874306, 0.5299151192794272491 ) ) ;
#6708 = DIRECTION ( 'NONE',  ( -1.000000000000000000, -1.224646799147352714E-16, 0.000000000000000000 ) ) ;
#6709 = EDGE_CURVE ( 'NONE', #3097, #3950, #7590, .T. ) ;
#6710 = FACE_OUTER_BOUND ( 'NONE', #3364, .T. ) ;
#6711 = VERTEX_POINT ( 'NONE', #6321 ) ;
#6712 = FACE_OUTER_BOUND ( 'NONE', #1457, .T. ) ;
#6713 = DIRECTION ( 'NONE',  ( -1.000000000000000000, -1.224646799147352714E-16, 0.000000000000000000 ) ) ;
#6714 = DIRECTION ( 'NONE',  ( -1.236773978361170610E-16, 1.000000000000000000, 0.000000000000000000 ) ) ;
#6715 = VERTEX_POINT ( 'NONE', #8055 ) ;
#6716 = PLANE ( 'NONE',  #840 ) ;
#6717 = DIRECTION ( 'NONE',  ( 0.8660254037844380415, 0.2575190374550295758, -0.4285836503510558337 ) ) ;
#6718 = ADVANCED_FACE ( 'NONE', ( #5002 ), #6961, .F. ) ;
#6719 = FACE_OUTER_BOUND ( 'NONE', #6075, .T. ) ;
#6720 = ORIENTED_EDGE ( 'NONE', *, *, #1886, .F. ) ;
#6721 = EDGE_CURVE ( 'NONE', #8168, #782, #3280, .T. ) ;
#6722 = B_SPLINE_CURVE_WITH_KNOTS ( 'NONE', 3,
 ( #7472, #3014, #1742, #389 ),
 .UNSPECIFIED., .F., .F.,
 ( 4, 4 ),
 ( 0.04946596117325335884, 0.05609049788227638000 ),
 .UNSPECIFIED. ) ;
#6723 = EDGE_CURVE ( 'NONE', #5574, #5246, #4202, .T. ) ;
#6724 = CARTESIAN_POINT ( 'NONE',  ( 0.2500000000000000000, 0.3750000000000001110, -3.256793767102405646 ) ) ;
#6725 = EDGE_CURVE ( 'NONE', #4643, #8324, #6817, .T. ) ;
#6726 = DIRECTION ( 'NONE',  ( -1.000000000000000000, -0.000000000000000000, 0.000000000000000000 ) ) ;
#6727 = LINE ( 'NONE', #5325, #308 ) ;
#6728 = ORIENTED_EDGE ( 'NONE', *, *, #2649, .T. ) ;
#6729 = VERTEX_POINT ( 'NONE', #979 ) ;
#6730 = AXIS2_PLACEMENT_3D ( 'NONE', #7449, #1640, #6178 ) ;
#6731 = ORIENTED_EDGE ( 'NONE', *, *, #6921, .F. ) ;
#6732 = ORIENTED_EDGE ( 'NONE', *, *, #6226, .T. ) ;
#6733 = CARTESIAN_POINT ( 'NONE',  ( -7.000000000000000000, 0.4297051579498707974, -0.3735369949770397935 ) ) ;
#6734 = VECTOR ( 'NONE', #8242, 39.37007874015748143 ) ;
#6735 = DIRECTION ( 'NONE',  ( -1.000000000000000000, -0.000000000000000000, -0.000000000000000000 ) ) ;
#6736 = AXIS2_PLACEMENT_3D ( 'NONE', #7447, #1637, #4307 ) ;
#6737 = ORIENTED_EDGE ( 'NONE', *, *, #4899, .F. ) ;
#6738 = DIRECTION ( 'NONE',  ( 0.000000000000000000, -0.6560590289904975059, -0.7547095802227804517 ) ) ;
#6739 = VECTOR ( 'NONE', #5190, 39.37007874015748143 ) ;
#6740 = CARTESIAN_POINT ( 'NONE',  ( 0.2500000000000000000, -0.7500000000000001110, -3.577751011229654510E-16 ) ) ;
#6741 = DIRECTION ( 'NONE',  ( 0.000000000000000000, 0.5877852522924802425, -0.8090169943749422332 ) ) ;
#6742 = CIRCLE ( 'NONE', #505, 1.000000000000000000 ) ;
#6743 = ORIENTED_EDGE ( 'NONE', *, *, #3128, .T. ) ;
#6744 = AXIS2_PLACEMENT_3D ( 'NONE', #2962, #1735, #1098 ) ;
#6745 = EDGE_LOOP ( 'NONE', ( #3148, #270, #37, #1252, #1999, #3628, #2318, #4945 ) ) ;
#6746 = CARTESIAN_POINT ( 'NONE',  ( -7.000000000000000000, -0.04962342228723428533, -0.5671983121851680298 ) ) ;
#6747 = AXIS2_PLACEMENT_3D ( 'NONE', #1311, #4446, #7041 ) ;
#6748 = DIRECTION ( 'NONE',  ( -1.000000000000000000, 0.000000000000000000, 0.000000000000000000 ) ) ;
#6749 = LINE ( 'NONE', #6223, #1777 ) ;
#6750 = DIRECTION ( 'NONE',  ( 0.000000000000000000, -0.5877852522924802425, 0.8090169943749422332 ) ) ;
#6751 = CYLINDRICAL_SURFACE ( 'NONE', #987, 0.1250000000000000278 ) ;
#6752 = ORIENTED_EDGE ( 'NONE', *, *, #5242, .T. ) ;
#6753 = DIRECTION ( 'NONE',  ( 0.000000000000000000, -0.3090169943749548898, 0.9510565162951510887 ) ) ;
#6754 = EDGE_CURVE ( 'NONE', #2547, #6192, #7621, .T. ) ;
#6755 = CARTESIAN_POINT ( 'NONE',  ( -7.000000000000000000, 0.1280792385188639082, -0.5547721316411167169 ) ) ;
#6756 = CARTESIAN_POINT ( 'NONE',  ( 1.549995677804209437, -3.093293698773805112, 0.2706281315988828817 ) ) ;
#6757 = ORIENTED_EDGE ( 'NONE', *, *, #4785, .T. ) ;
#6758 = LINE ( 'NONE', #4838, #1116 ) ;
#6759 = DIRECTION ( 'NONE',  ( -1.000000000000000000, -1.224646799147352714E-16, 0.000000000000000000 ) ) ;
#6760 = DIRECTION ( 'NONE',  ( 1.000000000000000000, 0.000000000000000000, 0.000000000000000000 ) ) ;
#6761 = VERTEX_POINT ( 'NONE', #6198 ) ;
#6762 = ADVANCED_FACE ( 'NONE', ( #4923 ), #3556, .T. ) ;
#6763 = FACE_OUTER_BOUND ( 'NONE', #7110, .T. ) ;
#6764 = AXIS2_PLACEMENT_3D ( 'NONE', #4258, #4298, #1586 ) ;
#6765 = DIRECTION ( 'NONE',  ( 0.000000000000000000, 0.000000000000000000, -1.000000000000000000 ) ) ;
#6766 = ORIENTED_EDGE ( 'NONE', *, *, #3230, .T. ) ;
#6767 = EDGE_CURVE ( 'NONE', #5423, #7737, #718, .T. ) ;
#6768 = VERTEX_POINT ( 'NONE', #345 ) ;
#6769 = EDGE_CURVE ( 'NONE', #5451, #870, #3830, .T. ) ;
#6770 = VERTEX_POINT ( 'NONE', #5521 ) ;
#6771 = DIRECTION ( 'NONE',  ( -8.797911715786014202E-17, 1.000000000000000000, 0.000000000000000000 ) ) ;
#6772 = CARTESIAN_POINT ( 'NONE',  ( 1.549995677804209437, 3.512710853246177489, 0.8109732006360803602 ) ) ;
#6773 = EDGE_CURVE ( 'NONE', #824, #2920, #7218, .T. ) ;
#6774 = EDGE_CURVE ( 'NONE', #6940, #4300, #3969, .T. ) ;
#6775 = ORIENTED_EDGE ( 'NONE', *, *, #4583, .F. ) ;
#6776 = LINE ( 'NONE', #3664, #4093 ) ;
#6777 = CARTESIAN_POINT ( 'NONE',  ( 1.549995677804209437, 1.114040126240575690, 3.428662956283293983 ) ) ;
#6778 = CARTESIAN_POINT ( 'NONE',  ( -0.2500000000000000000, 1.667839910290881633, 0.5299151192794038234 ) ) ;
#6779 = EDGE_CURVE ( 'NONE', #1888, #1360, #6009, .T. ) ;
#6780 = AXIS2_PLACEMENT_3D ( 'NONE', #4162, #3514, #6794 ) ;
#6781 = ORIENTED_EDGE ( 'NONE', *, *, #7489, .T. ) ;
#6782 = ORIENTED_EDGE ( 'NONE', *, *, #7638, .T. ) ;
#6783 = LINE ( 'NONE', #3078, #4050 ) ;
#6784 = CIRCLE ( 'NONE', #3107, 3.605109578176981078 ) ;
#6785 = CARTESIAN_POINT ( 'NONE',  ( -5.250000000000000000, 0.000000000000000000, 0.2500000000000000000 ) ) ;
#6786 = TOROIDAL_SURFACE ( 'NONE', #3653, 3.432474503172796343, 0.5000000000000000000 ) ;
#6787 = FACE_OUTER_BOUND ( 'NONE', #2638, .T. ) ;
#6788 = CARTESIAN_POINT ( 'NONE',  ( -7.000000000000000000, 0.5693649175925756811, 0.000000000000000000 ) ) ;
#6789 = AXIS2_PLACEMENT_3D ( 'NONE', #2742, #7327, #201 ) ;
#6790 = DIRECTION ( 'NONE',  ( -1.000000000000000000, -1.224646799147352714E-16, 0.000000000000000000 ) ) ;
#6791 = ORIENTED_EDGE ( 'NONE', *, *, #1682, .F. ) ;
#6792 = DIRECTION ( 'NONE',  ( -0.8660254037844379305, -0.1545084971874760849, 0.4755282581475770431 ) ) ;
#6793 = AXIS2_PLACEMENT_3D ( 'NONE', #3358, #4676, #3524 ) ;
#6794 = DIRECTION ( 'NONE',  ( 0.000000000000000000, 0.000000000000000000, -1.000000000000000000 ) ) ;
#6795 = DIRECTION ( 'NONE',  ( 0.000000000000000000, 0.8090169943749445647, 0.5877852522924769119 ) ) ;
#6796 = VERTEX_POINT ( 'NONE', #6912 ) ;
#6797 = AXIS2_PLACEMENT_3D ( 'NONE', #8207, #3508, #335 ) ;
#6798 = DIRECTION ( 'NONE',  ( -1.000000000000000000, 0.000000000000000000, -0.000000000000000000 ) ) ;
#6799 = DIRECTION ( 'NONE',  ( 1.000000000000000000, 0.000000000000000000, -0.000000000000000000 ) ) ;
#6800 = CARTESIAN_POINT ( 'NONE',  ( 0.000000000000000000, 0.000000000000000000, 0.000000000000000000 ) ) ;
#6801 = ORIENTED_EDGE ( 'NONE', *, *, #953, .F. ) ;
#6802 = AXIS2_PLACEMENT_3D ( 'NONE', #3035, #6738, #6175 ) ;
#6803 = CARTESIAN_POINT ( 'NONE',  ( -4.916740569567935815, -1.401172769205571100, -0.5202923408871971134 ) ) ;
#6804 = LINE ( 'NONE', #4212, #7613 ) ;
#6805 = VERTEX_POINT ( 'NONE', #1101 ) ;
#6806 = FACE_OUTER_BOUND ( 'NONE', #7115, .T. ) ;
#6807 = VECTOR ( 'NONE', #2763, 39.37007874015748143 ) ;
#6808 = AXIS2_PLACEMENT_3D ( 'NONE', #4039, #6760, #2766 ) ;
#6809 = ADVANCED_FACE ( 'NONE', ( #3686 ), #5645, .T. ) ;
#6810 = ORIENTED_EDGE ( 'NONE', *, *, #6080, .T. ) ;
#6811 = CIRCLE ( 'NONE', #169, 4.360605680090434255 ) ;
#6812 = EDGE_LOOP ( 'NONE', ( #4868, #2820, #5701, #3312, #1833, #4396, #808, #6431 ) ) ;
#6813 = CARTESIAN_POINT ( 'NONE',  ( -0.2406238026544925690, 0.8727399283218231218, -3.780251944050267099 ) ) ;
#6814 = AXIS2_PLACEMENT_3D ( 'NONE', #3689, #982, #5688 ) ;
#6815 = CARTESIAN_POINT ( 'NONE',  ( 0.2465608283438155690, 2.858874341400701180, 3.288758722562150627 ) ) ;
#6816 = DIRECTION ( 'NONE',  ( 0.000000000000000000, 0.9743700647852350238, 0.2249510543438655308 ) ) ;
#6817 = CIRCLE ( 'NONE', #6135, 3.605109578176981522 ) ;
#6818 = EDGE_LOOP ( 'NONE', ( #1611, #3112, #7263, #482, #8077 ) ) ;
#6819 = CARTESIAN_POINT ( 'NONE',  ( -0.2406238026544918751, -1.354585859704771709E-14, 3.879688098672754215 ) ) ;
#6820 = CARTESIAN_POINT ( 'NONE',  ( 0.2329829950954876161, 1.510366177795892773, 3.558199733220659411 ) ) ;
#6821 = ADVANCED_FACE ( 'NONE', ( #3216 ), #4367, .T. ) ;
#6822 = EDGE_LOOP ( 'NONE', ( #525, #6015, #7559, #4037 ) ) ;
#6823 = DIRECTION ( 'NONE',  ( 0.000000000000000000, 0.000000000000000000, -1.000000000000000000 ) ) ;
#6824 = ORIENTED_EDGE ( 'NONE', *, *, #338, .T. ) ;
#6825 = EDGE_LOOP ( 'NONE', ( #2137, #268, #1402, #2008 ) ) ;
#6826 = CARTESIAN_POINT ( 'NONE',  ( 0.2500000000000000000, -2.632966137197508605, -1.953156409970361107 ) ) ;
#6827 = ADVANCED_FACE ( 'NONE', ( #6450 ), #44, .T. ) ;
#6828 = EDGE_CURVE ( 'NONE', #8353, #6693, #553, .T. ) ;
#6829 = FACE_OUTER_BOUND ( 'NONE', #8294, .T. ) ;
#6830 = ADVANCED_FACE ( 'NONE', ( #7089 ), #4917, .T. ) ;
#6831 = DIRECTION ( 'NONE',  ( 0.000000000000000000, 0.8090169943749486725, -0.5877852522924713607 ) ) ;
#6832 = DIRECTION ( 'NONE',  ( 1.000000000000000000, 0.000000000000000000, 0.000000000000000000 ) ) ;
#6833 = ORIENTED_EDGE ( 'NONE', *, *, #6725, .T. ) ;
#6834 = CARTESIAN_POINT ( 'NONE',  ( 0.000000000000000000, 0.000000000000000000, 0.000000000000000000 ) ) ;
#6835 = TOROIDAL_SURFACE ( 'NONE', #602, 3.924635337491862774, 0.5000000000000000000 ) ;
#6836 = CARTESIAN_POINT ( 'NONE',  ( 1.549995677804209437, 0.000000000000000000, 0.000000000000000000 ) ) ;
#6837 = DIRECTION ( 'NONE',  ( 1.000000000000000000, 0.000000000000000000, 0.000000000000000000 ) ) ;
#6838 = ORIENTED_EDGE ( 'NONE', *, *, #6299, .T. ) ;
#6839 = DIRECTION ( 'NONE',  ( 1.000000000000000000, 1.224646799147352714E-16, -0.000000000000000000 ) ) ;
#6840 = DIRECTION ( 'NONE',  ( 8.797911715786014202E-17, -1.000000000000000000, 0.000000000000000000 ) ) ;
#6841 = DIRECTION ( 'NONE',  ( -0.8719406851971467365, 0.3961040411324135424, 0.2877864313974885513 ) ) ;
#6842 = ORIENTED_EDGE ( 'NONE', *, *, #5097, .F. ) ;
#6843 = CARTESIAN_POINT ( 'NONE',  ( -4.750000000000000000, 0.000000000000000000, 0.000000000000000000 ) ) ;
#6844 = PLANE ( 'NONE',  #1382 ) ;
#6845 = VERTEX_POINT ( 'NONE', #3942 ) ;
#6846 = AXIS2_PLACEMENT_3D ( 'NONE', #3512, #6624, #7343 ) ;
#6847 = DIRECTION ( 'NONE',  ( -1.000000000000000000, 0.000000000000000000, -0.000000000000000000 ) ) ;
#6848 = EDGE_LOOP ( 'NONE', ( #944, #5696 ) ) ;
#6849 = ORIENTED_EDGE ( 'NONE', *, *, #6194, .T. ) ;
#6850 = DIRECTION ( 'NONE',  ( 0.000000000000000000, -0.2249510543438758559, 0.9743700647852326924 ) ) ;
#6851 = DIRECTION ( 'NONE',  ( 0.000000000000000000, -0.5877852522924624790, -0.8090169943749551118 ) ) ;
#6852 = EDGE_CURVE ( 'NONE', #2525, #7777, #7892, .T. ) ;
#6853 = CARTESIAN_POINT ( 'NONE',  ( 0.000000000000000000, 0.000000000000000000, 0.000000000000000000 ) ) ;
#6854 = ORIENTED_EDGE ( 'NONE', *, *, #4630, .F. ) ;
#6855 = LINE ( 'NONE', #6258, #4356 ) ;
#6856 = FACE_OUTER_BOUND ( 'NONE', #6464, .T. ) ;
#6857 = EDGE_LOOP ( 'NONE', ( #5446, #3100, #1961, #2191 ) ) ;
#6858 = DIRECTION ( 'NONE',  ( -1.000000000000000000, -0.000000000000000000, 0.000000000000000000 ) ) ;
#6859 = ORIENTED_EDGE ( 'NONE', *, *, #2858, .F. ) ;
#6860 = VECTOR ( 'NONE', #1431, 39.37007874015748143 ) ;
#6861 = VERTEX_POINT ( 'NONE', #3090 ) ;
#6862 = DIRECTION ( 'NONE',  ( 1.000000000000000000, 0.000000000000000000, 0.000000000000000000 ) ) ;
#6863 = EDGE_CURVE ( 'NONE', #3955, #4559, #1187, .T. ) ;
#6864 = AXIS2_PLACEMENT_3D ( 'NONE', #3617, #1798, #1872 ) ;
#6865 = DIRECTION ( 'NONE',  ( 1.224646799147352714E-16, -1.000000000000000000, 0.000000000000000000 ) ) ;
#6866 = DIRECTION ( 'NONE',  ( 0.000000000000000000, 0.9743700647852343577, 0.2249510543438690557 ) ) ;
#6867 = ADVANCED_FACE ( 'NONE', ( #6362 ), #45, .T. ) ;
#6868 = EDGE_CURVE ( 'NONE', #3418, #1212, #3692, .T. ) ;
#6869 = TOROIDAL_SURFACE ( 'NONE', #7141, 3.924635337491861886, 0.5000000000000000000 ) ;
#6870 = CARTESIAN_POINT ( 'NONE',  ( -0.003439171656184084481, 0.000000000000000000, 0.000000000000000000 ) ) ;
#6871 = AXIS2_PLACEMENT_3D ( 'NONE', #5302, #5941, #4744 ) ;
#6872 = ADVANCED_FACE ( 'NONE', ( #5084 ), #1120, .T. ) ;
#6873 = ORIENTED_EDGE ( 'NONE', *, *, #7698, .T. ) ;
#6874 = CARTESIAN_POINT ( 'NONE',  ( -7.000000000000000888, 0.000000000000000000, 0.000000000000000000 ) ) ;
#6875 = DIRECTION ( 'NONE',  ( 1.000000000000000000, 1.224646799147352714E-16, -0.000000000000000000 ) ) ;
#6876 = DIRECTION ( 'NONE',  ( 0.000000000000000000, -0.8660254037844362651, 0.5000000000000038858 ) ) ;
#6877 = CARTESIAN_POINT ( 'NONE',  ( -0.2499999999999998057, -1.004130275249512522E-15, -1.015226993466433575E-15 ) ) ;
#6878 = EDGE_CURVE ( 'NONE', #3144, #3243, #4932, .T. ) ;
#6879 = DIRECTION ( 'NONE',  ( -1.000000000000000000, -0.000000000000000000, -0.000000000000000000 ) ) ;
#6880 = DIRECTION ( 'NONE',  ( -0.000000000000000000, 1.000000000000000000, 0.000000000000000000 ) ) ;
#6881 = CARTESIAN_POINT ( 'NONE',  ( 1.549995677804209659, 2.848721405383343027E-17, 0.000000000000000000 ) ) ;
#6882 = ORIENTED_EDGE ( 'NONE', *, *, #3918, .F. ) ;
#6883 = VECTOR ( 'NONE', #4490, 39.37007874015748143 ) ;
#6884 = DIRECTION ( 'NONE',  ( 1.000000000000000000, 1.224646799147352714E-16, -0.000000000000000000 ) ) ;
#6885 = CARTESIAN_POINT ( 'NONE',  ( -0.2406238026544918196, -1.198889555364125226, 3.689802647435473038 ) ) ;
#6886 = ORIENTED_EDGE ( 'NONE', *, *, #2494, .F. ) ;
#6887 = DIRECTION ( 'NONE',  ( 1.000000000000000000, 0.000000000000000000, 0.000000000000000000 ) ) ;
#6888 = ORIENTED_EDGE ( 'NONE', *, *, #7441, .T. ) ;
#6889 = VERTEX_POINT ( 'NONE', #6494 ) ;
#6890 = LINE ( 'NONE', #1075, #7670 ) ;
#6891 = CARTESIAN_POINT ( 'NONE',  ( -4.750000000000000000, 0.000000000000000000, 0.000000000000000000 ) ) ;
#6892 = CARTESIAN_POINT ( 'NONE',  ( -0.2500000000000000000, -0.3749999999999879541, 1.709349291397170623 ) ) ;
#6893 = VERTEX_POINT ( 'NONE', #674 ) ;
#6894 = DIRECTION ( 'NONE',  ( -1.000000000000000000, -1.224646799147352714E-16, 0.000000000000000000 ) ) ;
#6895 = CYLINDRICAL_SURFACE ( 'NONE', #7674, 0.1250000000000000000 ) ;
#6896 = ORIENTED_EDGE ( 'NONE', *, *, #4951, .F. ) ;
#6897 = DIRECTION ( 'NONE',  ( 0.000000000000000000, 0.000000000000000000, -1.000000000000000000 ) ) ;
#6898 = ORIENTED_EDGE ( 'NONE', *, *, #442, .F. ) ;
#6899 = EDGE_CURVE ( 'NONE', #2123, #7149, #3255, .T. ) ;
#6900 = ORIENTED_EDGE ( 'NONE', *, *, #2096, .F. ) ;
#6901 = CARTESIAN_POINT ( 'NONE',  ( 0.2500000000000000000, -1.292839910290870753, 1.179434172117755031 ) ) ;
#6902 = CARTESIAN_POINT ( 'NONE',  ( 1.549995677804209437, 0.000000000000000000, 0.000000000000000000 ) ) ;
#6903 = CARTESIAN_POINT ( 'NONE',  ( -4.750000000000000000, -1.471132980980842220, 0.5606838879882126703 ) ) ;
#6904 = CIRCLE ( 'NONE', #6505, 0.5693649175925756811 ) ;
#6905 = LINE ( 'NONE', #7626, #6509 ) ;
#6906 = EDGE_CURVE ( 'NONE', #6084, #7352, #2537, .T. ) ;
#6907 = ORIENTED_EDGE ( 'NONE', *, *, #6554, .F. ) ;
#6908 = FACE_OUTER_BOUND ( 'NONE', #2761, .T. ) ;
#6909 = DIRECTION ( 'NONE',  ( 0.000000000000000000, 0.000000000000000000, -1.000000000000000000 ) ) ;
#6910 = EDGE_CURVE ( 'NONE', #5741, #6940, #3807, .T. ) ;
#6911 = CARTESIAN_POINT ( 'NONE',  ( -0.2406238026544924302, 2.928037776344631027, -2.545304406801236041 ) ) ;
#6912 = CARTESIAN_POINT ( 'NONE',  ( -0.2406238026544919306, -3.325541775105417486, -1.998187089591892063 ) ) ;
#6913 = VECTOR ( 'NONE', #4995, 39.37007874015748854 ) ;
#6914 = AXIS2_PLACEMENT_3D ( 'NONE', #1242, #5141, #5746 ) ;
#6915 = LINE ( 'NONE', #2372, #1387 ) ;
#6916 = PLANE ( 'NONE',  #2301 ) ;
#6917 = LINE ( 'NONE', #1701, #5319 ) ;
#6918 = CIRCLE ( 'NONE', #1231, 0.5000000000000000000 ) ;
#6919 = ORIENTED_EDGE ( 'NONE', *, *, #6306, .T. ) ;
#6920 = ADVANCED_FACE ( 'NONE', ( #2454 ), #3769, .F. ) ;
#6921 = EDGE_CURVE ( 'NONE', #1967, #1795, #153, .T. ) ;
#6922 = EDGE_CURVE ( 'NONE', #742, #381, #597, .T. ) ;
#6923 = EDGE_CURVE ( 'NONE', #3077, #3601, #4616, .T. ) ;
#6924 = LINE ( 'NONE', #352, #5979 ) ;
#6925 = CARTESIAN_POINT ( 'NONE',  ( 0.2465608283438172066, 0.000000000000000000, 0.000000000000000000 ) ) ;
#6926 = ORIENTED_EDGE ( 'NONE', *, *, #5415, .F. ) ;
#6927 = EDGE_CURVE ( 'NONE', #6476, #7528, #7738, .T. ) ;
#6928 = ORIENTED_EDGE ( 'NONE', *, *, #6226, .F. ) ;
#6929 = LINE ( 'NONE', #992, #933 ) ;
#6930 = EDGE_LOOP ( 'NONE', ( #4413, #7193, #4974, #4567 ) ) ;
#6931 = AXIS2_PLACEMENT_3D ( 'NONE', #2957, #5551, #5116 ) ;
#6932 = ORIENTED_EDGE ( 'NONE', *, *, #4942, .T. ) ;
#6933 = DIRECTION ( 'NONE',  ( 1.000000000000000000, 0.000000000000000000, 0.000000000000000000 ) ) ;
#6934 = DIRECTION ( 'NONE',  ( -1.000000000000000000, -0.000000000000000000, -0.000000000000000000 ) ) ;
#6935 = CARTESIAN_POINT ( 'NONE',  ( 5.651087907391154571E-17, 1.236067977499832882, -3.804226065180600358 ) ) ;
#6936 = AXIS2_PLACEMENT_3D ( 'NONE', #2693, #4105, #7916 ) ;
#6937 = VERTEX_POINT ( 'NONE', #5258 ) ;
#6938 = DIRECTION ( 'NONE',  ( 0.000000000000000000, 0.000000000000000000, 1.000000000000000000 ) ) ;
#6939 = CIRCLE ( 'NONE', #5181, 3.865487205065014198 ) ;
#6940 = VERTEX_POINT ( 'NONE', #6660 ) ;
#6941 = DIRECTION ( 'NONE',  ( 0.000000000000000000, 0.000000000000000000, 1.000000000000000000 ) ) ;
#6942 = VERTEX_POINT ( 'NONE', #3468 ) ;
#6943 = VECTOR ( 'NONE', #3308, 39.37007874015748143 ) ;
#6944 = CIRCLE ( 'NONE', #8023, 0.5000000000000001110 ) ;
#6945 = ORIENTED_EDGE ( 'NONE', *, *, #1726, .F. ) ;
#6946 = DIRECTION ( 'NONE',  ( 0.000000000000000000, -0.8090169943749402348, -0.5877852522924830181 ) ) ;
#6947 = CIRCLE ( 'NONE', #2203, 0.5693649175925757921 ) ;
#6948 = AXIS2_PLACEMENT_3D ( 'NONE', #8093, #3726, #6280 ) ;
#6949 = DIRECTION ( 'NONE',  ( 0.000000000000000000, 0.6560590289905053885, 0.7547095802227735684 ) ) ;
#6950 = DIRECTION ( 'NONE',  ( -0.000000000000000000, 0.9510565162951565288, -0.3090169943749382919 ) ) ;
#6951 = LINE ( 'NONE', #7579, #1220 ) ;
#6952 = VECTOR ( 'NONE', #487, 39.37007874015748143 ) ;
#6953 = ORIENTED_EDGE ( 'NONE', *, *, #2645, .F. ) ;
#6954 = ORIENTED_EDGE ( 'NONE', *, *, #6088, .T. ) ;
#6955 = FACE_OUTER_BOUND ( 'NONE', #7978, .T. ) ;
#6956 = CARTESIAN_POINT ( 'NONE',  ( 1.549995677804209437, -1.599249659529055290, 2.661598395510230475 ) ) ;
#6957 = CIRCLE ( 'NONE', #2216, 0.2500000000000000000 ) ;
#6958 = DIRECTION ( 'NONE',  ( 1.000000000000000000, 0.000000000000000000, 0.000000000000000000 ) ) ;
#6959 = AXIS2_PLACEMENT_3D ( 'NONE', #5449, #3450, #2772 ) ;
#6960 = EDGE_CURVE ( 'NONE', #6221, #3434, #2196, .T. ) ;
#6961 = PLANE ( 'NONE',  #6691 ) ;
#6962 = FACE_OUTER_BOUND ( 'NONE', #1420, .T. ) ;
#6963 = LINE ( 'NONE', #6326, #2880 ) ;
#6964 = DIRECTION ( 'NONE',  ( -1.000000000000000000, -0.000000000000000000, -0.000000000000000000 ) ) ;
#6965 = EDGE_CURVE ( 'NONE', #1854, #5057, #7604, .T. ) ;
#6966 = LINE ( 'NONE', #6206, #7357 ) ;
#6967 = ORIENTED_EDGE ( 'NONE', *, *, #3168, .F. ) ;
#6968 = ORIENTED_EDGE ( 'NONE', *, *, #6381, .F. ) ;
#6969 = DIRECTION ( 'NONE',  ( -1.000000000000000000, -1.224646799147352714E-16, 0.000000000000000000 ) ) ;
#6970 = EDGE_CURVE ( 'NONE', #2679, #5310, #721, .T. ) ;
#6971 = EDGE_CURVE ( 'NONE', #4317, #2066, #4892, .T. ) ;
#6972 = ORIENTED_EDGE ( 'NONE', *, *, #8109, .T. ) ;
#6973 = ORIENTED_EDGE ( 'NONE', *, *, #701, .T. ) ;
#6974 = EDGE_CURVE ( 'NONE', #6711, #1137, #4087, .T. ) ;
#6975 = CARTESIAN_POINT ( 'NONE',  ( 0.2500000000000000000, 0.000000000000000000, 0.8750000000000001110 ) ) ;
#6976 = CARTESIAN_POINT ( 'NONE',  ( 0.2465608283438157633, -1.346587299674369298, 4.144369563577025239 ) ) ;
#6977 = AXIS2_PLACEMENT_3D ( 'NONE', #8383, #7766, #7130 ) ;
#6978 = CARTESIAN_POINT ( 'NONE',  ( -0.01701700490451260595, 3.432474503172796343, 4.203568913465466732E-16 ) ) ;
#6979 = EDGE_LOOP ( 'NONE', ( #684, #4967 ) ) ;
#6980 = PLANE ( 'NONE',  #498 ) ;
#6981 = EDGE_LOOP ( 'NONE', ( #7824, #5603, #1390, #6438 ) ) ;
#6982 = DIRECTION ( 'NONE',  ( -1.000000000000000000, -1.224646799147352714E-16, 0.000000000000000000 ) ) ;
#6983 = ORIENTED_EDGE ( 'NONE', *, *, #3392, .T. ) ;
#6984 = VERTEX_POINT ( 'NONE', #4660 ) ;
#6985 = DIRECTION ( 'NONE',  ( 0.000000000000000000, 1.000000000000000000, 1.047444401652940007E-14 ) ) ;
#6986 = ORIENTED_EDGE ( 'NONE', *, *, #2934, .T. ) ;
#6987 = CARTESIAN_POINT ( 'NONE',  ( -5.250000000000000000, 1.260856956957004060, -0.4392809689139247631 ) ) ;
#6988 = CARTESIAN_POINT ( 'NONE',  ( 0.2465608283438172066, 0.000000000000000000, 0.000000000000000000 ) ) ;
#6989 = AXIS2_PLACEMENT_3D ( 'NONE', #329, #4190, #1083 ) ;
#6990 = CARTESIAN_POINT ( 'NONE',  ( -0.2500000000000000000, -0.3749999999999769629, 3.294710654001984373 ) ) ;
#6991 = EDGE_LOOP ( 'NONE', ( #1849, #2133, #2896, #1980 ) ) ;
#6992 = ORIENTED_EDGE ( 'NONE', *, *, #324, .T. ) ;
#6993 = CARTESIAN_POINT ( 'NONE',  ( -4.750000000000000000, -0.7135254915624210659, -0.7006292692220368323 ) ) ;
#6994 = CARTESIAN_POINT ( 'NONE',  ( 1.549995677804209437, 0.000000000000000000, 0.000000000000000000 ) ) ;
#6995 = TOROIDAL_SURFACE ( 'NONE', #765, 3.924635337491861442, 0.5000000000000000000 ) ;
#6996 = LINE ( 'NONE', #5809, #3378 ) ;
#6997 = DIRECTION ( 'NONE',  ( -1.000000000000000000, 0.000000000000000000, -0.000000000000000000 ) ) ;
#6998 = CIRCLE ( 'NONE', #8072, 0.4999999999999998335 ) ;
#6999 = DIRECTION ( 'NONE',  ( 0.000000000000000000, -0.9743700647852335806, -0.2249510543438725529 ) ) ;
#7000 = AXIS2_PLACEMENT_3D ( 'NONE', #5811, #4536, #6413 ) ;
#7001 = DIRECTION ( 'NONE',  ( 1.000000000000000000, 1.224646799147352714E-16, -0.000000000000000000 ) ) ;
#7002 = VECTOR ( 'NONE', #4130, 39.37007874015748854 ) ;
#7003 = EDGE_CURVE ( 'NONE', #1749, #2083, #4486, .T. ) ;
#7004 = VECTOR ( 'NONE', #8214, 39.37007874015748143 ) ;
#7005 = PRODUCT_DEFINITION_FORMATION_WITH_SPECIFIED_SOURCE ( 'ANY', '', #6676, .NOT_KNOWN. ) ;
#7006 = DIRECTION ( 'NONE',  ( -0.000000000000000000, -0.8660254037844431485, -0.4999999999999919509 ) ) ;
#7007 = LINE ( 'NONE', #2500, #7348 ) ;
#7008 = ORIENTED_EDGE ( 'NONE', *, *, #5504, .T. ) ;
#7009 = ORIENTED_EDGE ( 'NONE', *, *, #5514, .F. ) ;
#7010 = LINE ( 'NONE', #3187, #1607 ) ;
#7011 = CIRCLE ( 'NONE', #6204, 0.2500000000000000000 ) ;
#7012 = ORIENTED_EDGE ( 'NONE', *, *, #8134, .F. ) ;
#7013 = EDGE_LOOP ( 'NONE', ( #2603, #5908, #231, #1710 ) ) ;
#7014 = EDGE_CURVE ( 'NONE', #4805, #5503, #3531, .T. ) ;
#7015 = DIRECTION ( 'NONE',  ( 0.000000000000000000, 0.5150380749100643696, -0.8571673007021062274 ) ) ;
#7016 = CARTESIAN_POINT ( 'NONE',  ( -5.250000000000000000, -0.9635254915624212879, 0.2676165673298173675 ) ) ;
#7017 = EDGE_CURVE ( 'NONE', #4137, #3562, #598, .T. ) ;
#7018 = CARTESIAN_POINT ( 'NONE',  ( 1.549995677804209437, -3.105109578176981078, 0.000000000000000000 ) ) ;
#7019 = ORIENTED_EDGE ( 'NONE', *, *, #1107, .F. ) ;
#7020 = EDGE_CURVE ( 'NONE', #3829, #8281, #4788, .T. ) ;
#7021 = DIRECTION ( 'NONE',  ( 0.000000000000000000, 0.000000000000000000, 1.000000000000000000 ) ) ;
#7022 = ORIENTED_EDGE ( 'NONE', *, *, #4489, .T. ) ;
#7023 = VERTEX_POINT ( 'NONE', #7840 ) ;
#7024 = EDGE_CURVE ( 'NONE', #687, #1967, #5578, .T. ) ;
#7025 = ORIENTED_EDGE ( 'NONE', *, *, #2405, .F. ) ;
#7026 = DIRECTION ( 'NONE',  ( 0.000000000000000000, 0.000000000000000000, 1.000000000000000000 ) ) ;
#7027 = EDGE_CURVE ( 'NONE', #3321, #1806, #299, .T. ) ;
#7028 = ADVANCED_FACE ( 'NONE', ( #6025 ), #4699, .T. ) ;
#7029 = ORIENTED_EDGE ( 'NONE', *, *, #8248, .F. ) ;
#7030 = DIRECTION ( 'NONE',  ( 0.000000000000000000, -1.000000000000000000, -1.047444401652940007E-14 ) ) ;
#7031 = EDGE_CURVE ( 'NONE', #4957, #7582, #7334, .T. ) ;
#7032 = CARTESIAN_POINT ( 'NONE',  ( 0.2500000000000000000, -0.3749999999999879541, 1.709349291397170623 ) ) ;
#7033 = CARTESIAN_POINT ( 'NONE',  ( 1.549995677804209437, 1.599249659529075052, -2.661598395510218484 ) ) ;
#7034 = VERTEX_POINT ( 'NONE', #7250 ) ;
#7035 = EDGE_LOOP ( 'NONE', ( #2441, #6217, #2677, #4040 ) ) ;
#7036 = CARTESIAN_POINT ( 'NONE',  ( 0.000000000000000000, 0.000000000000000000, 0.000000000000000000 ) ) ;
#7037 = CARTESIAN_POINT ( 'NONE',  ( -4.750000000000000000, 0.7135254915624218430, -0.7006292692220360552 ) ) ;
#7038 = CARTESIAN_POINT ( 'NONE',  ( -0.01701700490451241166, 2.942204904613447969, 1.767855060291965374 ) ) ;
#7039 = CIRCLE ( 'NONE', #3372, 3.605109578176981522 ) ;
#7040 = CARTESIAN_POINT ( 'NONE',  ( 5.651087907391154571E-17, -3.236067977499803128, 2.351141009169874341 ) ) ;
#7041 = DIRECTION ( 'NONE',  ( -1.224913629762582012E-16, 1.000000000000000000, 0.000000000000000000 ) ) ;
#7042 = CARTESIAN_POINT ( 'NONE',  ( 0.000000000000000000, -3.640576474687278630, 2.645033635316108356 ) ) ;
#7043 = CARTESIAN_POINT ( 'NONE',  ( 0.2329829950954873385, -1.328003225777370155E-16, 0.000000000000000000 ) ) ;
#7044 = AXIS2_PLACEMENT_3D ( 'NONE', #1697, #8052, #934 ) ;
#7045 = VECTOR ( 'NONE', #1982, 39.37007874015748143 ) ;
#7046 = AXIS2_PLACEMENT_3D ( 'NONE', #6870, #2366, #4242 ) ;
#7047 = CIRCLE ( 'NONE', #2171, 0.2500000000000000000 ) ;
#7048 = DIRECTION ( 'NONE',  ( 0.000000000000000000, 0.000000000000000000, -1.000000000000000000 ) ) ;
#7049 = DIRECTION ( 'NONE',  ( 0.000000000000000000, 0.3090169943749411230, 0.9510565162951556406 ) ) ;
#7050 = EDGE_LOOP ( 'NONE', ( #8021, #748 ) ) ;
#7051 = AXIS2_PLACEMENT_3D ( 'NONE', #3191, #2595, #3961 ) ;
#7052 = CARTESIAN_POINT ( 'NONE',  ( -7.000000000000000000, 0.4297051579498707974, -0.3735369949770397935 ) ) ;
#7053 = VERTEX_POINT ( 'NONE', #1394 ) ;
#7054 = CARTESIAN_POINT ( 'NONE',  ( 1.549995677804209437, -3.512710853246171272, -0.8109732006361052292 ) ) ;
#7055 = ORIENTED_EDGE ( 'NONE', *, *, #7939, .T. ) ;
#7056 = AXIS2_PLACEMENT_3D ( 'NONE', #4309, #7533, #1047 ) ;
#7057 = ORIENTED_EDGE ( 'NONE', *, *, #126, .T. ) ;
#7058 = CARTESIAN_POINT ( 'NONE',  ( 0.2500000000000000000, -0.3750000000000000555, -3.256793767102405646 ) ) ;
#7059 = VECTOR ( 'NONE', #2974, 39.37007874015748854 ) ;
#7060 = CYLINDRICAL_SURFACE ( 'NONE', #6231, 0.2500000000000000000 ) ;
#7061 = DIRECTION ( 'NONE',  ( -0.8660254037844380415, -0.4755282581475787640, 0.1545084971874708946 ) ) ;
#7062 = VERTEX_POINT ( 'NONE', #4116 ) ;
#7063 = ADVANCED_FACE ( 'NONE', ( #3381 ), #3985, .T. ) ;
#7064 = AXIS2_PLACEMENT_3D ( 'NONE', #7207, #2023, #3341 ) ;
#7065 = CARTESIAN_POINT ( 'NONE',  ( 1.549995677804209437, -2.661598395510223369, -1.599249659529065948 ) ) ;
#7066 = ORIENTED_EDGE ( 'NONE', *, *, #2670, .F. ) ;
#7067 = EDGE_LOOP ( 'NONE', ( #1877, #931, #6781, #3882 ) ) ;
#7068 = ORIENTED_EDGE ( 'NONE', *, *, #6038, .T. ) ;
#7069 = LINE ( 'NONE', #7952, #5345 ) ;
#7070 = AXIS2_PLACEMENT_3D ( 'NONE', #5289, #1421, #1461 ) ;
#7071 = UNCERTAINTY_MEASURE_WITH_UNIT (LENGTH_MEASURE( 1.000000000000000082E-05 ), #3975, 'distance_accuracy_value', 'NONE');
#7072 = ORIENTED_EDGE ( 'NONE', *, *, #7835, .T. ) ;
#7073 = EDGE_CURVE ( 'NONE', #234, #3494, #5939, .T. ) ;
#7074 = DIRECTION ( 'NONE',  ( -0.000000000000000000, 0.8090169943749531134, -0.5877852522924653655 ) ) ;
#7075 = CARTESIAN_POINT ( 'NONE',  ( -4.750000000000000000, -1.221132980980841998, -0.9936965898804323016 ) ) ;
#7076 = CARTESIAN_POINT ( 'NONE',  ( 1.549995677804209437, 0.000000000000000000, 0.000000000000000000 ) ) ;
#7077 = AXIS2_PLACEMENT_3D ( 'NONE', #7, #4584, #5268 ) ;
#7078 = CONICAL_SURFACE ( 'NONE', #3415, 3.105109578176981078, 0.5235987755983000369 ) ;
#7079 = ADVANCED_FACE ( 'NONE', ( #3589 ), #5847, .T. ) ;
#7080 = ORIENTED_EDGE ( 'NONE', *, *, #213, .F. ) ;
#7081 = EDGE_CURVE ( 'NONE', #5350, #6086, #428, .T. ) ;
#7082 = ORIENTED_EDGE ( 'NONE', *, *, #1791, .T. ) ;
#7083 = DIRECTION ( 'NONE',  ( 1.000000000000000000, 0.000000000000000000, 0.000000000000000000 ) ) ;
#7084 = CIRCLE ( 'NONE', #2059, 3.105109578176981078 ) ;
#7085 = LINE ( 'NONE', #2534, #6883 ) ;
#7086 = EDGE_CURVE ( 'NONE', #3624, #6347, #3947, .T. ) ;
#7087 = LINE ( 'NONE', #4814, #5821 ) ;
#7088 = AXIS2_PLACEMENT_3D ( 'NONE', #640, #5902, #7843 ) ;
#7089 = FACE_OUTER_BOUND ( 'NONE', #4010, .T. ) ;
#7090 = AXIS2_PLACEMENT_3D ( 'NONE', #4573, #5046, #635 ) ;
#7091 = LINE ( 'NONE', #2201, #767 ) ;
#7092 = CARTESIAN_POINT ( 'NONE',  ( 1.549995677804209437, 3.252429644180401073E-14, -3.105109578176981078 ) ) ;
#7093 = DIRECTION ( 'NONE',  ( 0.000000000000000000, 0.8090169943749530024, -0.5877852522924653655 ) ) ;
#7094 = VECTOR ( 'NONE', #5897, 39.37007874015748143 ) ;
#7095 = LINE ( 'NONE', #604, #7997 ) ;
#7096 = DIRECTION ( 'NONE',  ( -1.000000000000000000, -0.000000000000000000, 0.000000000000000000 ) ) ;
#7097 = ORIENTED_EDGE ( 'NONE', *, *, #6406, .F. ) ;
#7098 = DIRECTION ( 'NONE',  ( 0.000000000000000000, -0.3907311284892618919, -0.9205048534524453707 ) ) ;
#7099 = VERTEX_POINT ( 'NONE', #7503 ) ;
#7100 = CARTESIAN_POINT ( 'NONE',  ( 1.549995677804209437, 1.856768696984107292, -3.090182045861271209 ) ) ;
#7101 = ORIENTED_EDGE ( 'NONE', *, *, #5053, .F. ) ;
#7102 = VERTEX_POINT ( 'NONE', #8085 ) ;
#7103 = CARTESIAN_POINT ( 'NONE',  ( -0.01701700490451263717, -0.7721387584971688423, 3.344500404030142260 ) ) ;
#7104 = VECTOR ( 'NONE', #2521, 39.37007874015748854 ) ;
#7105 = DIRECTION ( 'NONE',  ( 0.000000000000000000, 0.8571673007021098911, 0.5150380749100582634 ) ) ;
#7106 = DIRECTION ( 'NONE',  ( 0.000000000000000000, 0.000000000000000000, -1.000000000000000000 ) ) ;
#7107 = ORIENTED_EDGE ( 'NONE', *, *, #4997, .F. ) ;
#7108 = PLANE ( 'NONE',  #4827 ) ;
#7109 = ORIENTED_EDGE ( 'NONE', *, *, #2888, .F. ) ;
#7110 = EDGE_LOOP ( 'NONE', ( #624, #6288, #7431, #1962 ) ) ;
#7111 = ORIENTED_EDGE ( 'NONE', *, *, #8336, .F. ) ;
#7112 = CARTESIAN_POINT ( 'NONE',  ( -0.01701700490451214104, 3.142316772864025776, 1.381204732799865553 ) ) ;
#7113 = EDGE_CURVE ( 'NONE', #6192, #3281, #6749, .T. ) ;
#7114 = CARTESIAN_POINT ( 'NONE',  ( 1.549995677804209659, 2.848721405383343027E-17, 0.000000000000000000 ) ) ;
#7115 = EDGE_LOOP ( 'NONE', ( #2696, #2816, #2532, #3445 ) ) ;
#7116 = CARTESIAN_POINT ( 'NONE',  ( -7.000000000000000000, -0.2932446110782040427, 0.4880409895273072896 ) ) ;
#7117 = CARTESIAN_POINT ( 'NONE',  ( 0.2500000000000000000, -1.634164925564208026E-16, -1.990929616580802914E-16 ) ) ;
#7118 = CARTESIAN_POINT ( 'NONE',  ( -0.2406238026544925412, 1.998187089591903609, -3.325541775105410380 ) ) ;
#7119 = ORIENTED_EDGE ( 'NONE', *, *, #4634, .T. ) ;
#7120 = ORIENTED_EDGE ( 'NONE', *, *, #7129, .T. ) ;
#7121 = DIRECTION ( 'NONE',  ( 0.000000000000000000, 0.000000000000000000, -1.000000000000000000 ) ) ;
#7122 = EDGE_CURVE ( 'NONE', #6220, #3307, #8137, .T. ) ;
#7123 = DIRECTION ( 'NONE',  ( -1.000000000000000000, 0.000000000000000000, 0.000000000000000000 ) ) ;
#7124 = CARTESIAN_POINT ( 'NONE',  ( -0.2482449321572040568, 4.360605680090435143, 0.000000000000000000 ) ) ;
#7125 = EDGE_CURVE ( 'NONE', #3207, #4830, #2446, .T. ) ;
#7126 = VECTOR ( 'NONE', #4818, 39.37007874015748143 ) ;
#7127 = CARTESIAN_POINT ( 'NONE',  ( -0.2500000000000000000, 0.000000000000000000, 0.000000000000000000 ) ) ;
#7128 = CARTESIAN_POINT ( 'NONE',  ( -7.000000000000000000, -0.1545084971874756963, 0.4755282581475758219 ) ) ;
#7129 = EDGE_CURVE ( 'NONE', #2217, #7562, #7776, .T. ) ;
#7130 = DIRECTION ( 'NONE',  ( 0.000000000000000000, 0.000000000000000000, -1.000000000000000000 ) ) ;
#7131 = CONICAL_SURFACE ( 'NONE', #3469, 3.605109578176981078, 0.5235987755983000369 ) ;
#7132 = DIRECTION ( 'NONE',  ( -1.000000000000000000, -1.224646799147352714E-16, 0.000000000000000000 ) ) ;
#7133 = EDGE_CURVE ( 'NONE', #8061, #5062, #4913, .T. ) ;
#7134 = CARTESIAN_POINT ( 'NONE',  ( 0.2329829950954873385, -1.328003225777370155E-16, 0.000000000000000000 ) ) ;
#7135 = AXIS2_PLACEMENT_3D ( 'NONE', #5103, #2472, #613 ) ;
#7136 = ORIENTED_EDGE ( 'NONE', *, *, #1345, .F. ) ;
#7137 = DIRECTION ( 'NONE',  ( -1.000000000000000000, 0.000000000000000000, 0.000000000000000000 ) ) ;
#7138 = ORIENTED_EDGE ( 'NONE', *, *, #4736, .F. ) ;
#7139 = CARTESIAN_POINT ( 'NONE',  ( 0.2329829950954881435, -3.676296795032630627, 1.194501237903982771 ) ) ;
#7140 = ORIENTED_EDGE ( 'NONE', *, *, #5058, .F. ) ;
#7141 = AXIS2_PLACEMENT_3D ( 'NONE', #407, #2990, #2317 ) ;
#7142 = ORIENTED_EDGE ( 'NONE', *, *, #3443, .T. ) ;
#7143 = CONICAL_SURFACE ( 'NONE', #7947, 3.105109578176981078, 0.5235987755983000369 ) ;
#7144 = LINE ( 'NONE', #6975, #6739 ) ;
#7145 = CARTESIAN_POINT ( 'NONE',  ( 1.549995677804209437, 0.000000000000000000, 0.000000000000000000 ) ) ;
#7146 = FACE_OUTER_BOUND ( 'NONE', #5823, .T. ) ;
#7147 = ORIENTED_EDGE ( 'NONE', *, *, #7900, .T. ) ;
#7148 = ORIENTED_EDGE ( 'NONE', *, *, #7985, .T. ) ;
#7149 = VERTEX_POINT ( 'NONE', #6150 ) ;
#7150 = ORIENTED_EDGE ( 'NONE', *, *, #4015, .F. ) ;
#7151 = CYLINDRICAL_SURFACE ( 'NONE', #3844, 1.750000000000000222 ) ;
#7152 =( LENGTH_UNIT ( ) NAMED_UNIT ( * ) SI_UNIT ( $, .METRE. ) );
#7153 = VERTEX_POINT ( 'NONE', #1690 ) ;
#7154 = DIRECTION ( 'NONE',  ( -1.000000000000000000, 0.000000000000000000, 0.000000000000000000 ) ) ;
#7155 = DIRECTION ( 'NONE',  ( 0.000000000000000000, -6.961313617841187122E-15, -1.000000000000000000 ) ) ;
#7156 = ORIENTED_EDGE ( 'NONE', *, *, #6618, .F. ) ;
#7157 = EDGE_CURVE ( 'NONE', #4274, #6011, #7966, .T. ) ;
#7158 = DIRECTION ( 'NONE',  ( 1.000000000000000000, 0.000000000000000000, 0.000000000000000000 ) ) ;
#7159 = ORIENTED_EDGE ( 'NONE', *, *, #2092, .F. ) ;
#7160 = ORIENTED_EDGE ( 'NONE', *, *, #1641, .F. ) ;
#7161 = LINE ( 'NONE', #5169, #4774 ) ;
#7162 = LINE ( 'NONE', #6656, #246 ) ;
#7163 = AXIS2_PLACEMENT_3D ( 'NONE', #4546, #2466, #5060 ) ;
#7164 = CARTESIAN_POINT ( 'NONE',  ( 0.2329829950954873385, -1.328003225777370155E-16, 0.000000000000000000 ) ) ;
#7165 = CARTESIAN_POINT ( 'NONE',  ( -0.01701700490451314371, -1.634164925564209258E-16, 0.000000000000000000 ) ) ;
#7166 = CARTESIAN_POINT ( 'NONE',  ( 1.549995677804209437, -3.090182045861277871, -1.856768696984096634 ) ) ;
#7167 = EDGE_CURVE ( 'NONE', #687, #5450, #8045, .T. ) ;
#7168 = CARTESIAN_POINT ( 'NONE',  ( -0.2482449321572029743, 2.245877954915670660, -3.737768600229390170 ) ) ;
#7169 = DIRECTION ( 'NONE',  ( 0.000000000000000000, -0.2249510543438692223, 0.9743700647852342467 ) ) ;
#7170 = ADVANCED_FACE ( 'NONE', ( #1648 ), #4314, .F. ) ;
#7171 = DIRECTION ( 'NONE',  ( -1.000000000000000000, -0.000000000000000000, -0.000000000000000000 ) ) ;
#7172 = DIRECTION ( 'NONE',  ( -1.000000000000000000, -1.224646799147352714E-16, 0.000000000000000000 ) ) ;
#7173 = VERTEX_POINT ( 'NONE', #8128 ) ;
#7174 = CARTESIAN_POINT ( 'NONE',  ( -0.003439171656184767528, 0.000000000000000000, 0.000000000000000000 ) ) ;
#7175 = ORIENTED_EDGE ( 'NONE', *, *, #1320, .T. ) ;
#7176 = CARTESIAN_POINT ( 'NONE',  ( 0.2329829950954870610, 2.535987782330177964, 2.917320225891118834 ) ) ;
#7177 = ADVANCED_FACE ( 'NONE', ( #4865 ), #7340, .F. ) ;
#7178 = AXIS2_PLACEMENT_3D ( 'NONE', #634, #1227, #5686 ) ;
#7179 = ORIENTED_EDGE ( 'NONE', *, *, #2154, .T. ) ;
#7180 = EDGE_CURVE ( 'NONE', #5350, #4110, #3043, .T. ) ;
#7181 = EDGE_CURVE ( 'NONE', #1281, #5197, #17, .T. ) ;
#7182 = CIRCLE ( 'NONE', #4466, 3.605109578176981078 ) ;
#7183 = DIRECTION ( 'NONE',  ( 1.000000000000000000, 0.000000000000000000, 0.000000000000000000 ) ) ;
#7184 = EDGE_CURVE ( 'NONE', #5120, #5025, #1102, .T. ) ;
#7185 = DIRECTION ( 'NONE',  ( 0.000000000000000000, 0.7547095802227804517, -0.6560590289904975059 ) ) ;
#7186 = AXIS2_PLACEMENT_3D ( 'NONE', #7942, #7857, #7228 ) ;
#7187 = FACE_OUTER_BOUND ( 'NONE', #7035, .T. ) ;
#7188 = ORIENTED_EDGE ( 'NONE', *, *, #5038, .T. ) ;
#7189 = VERTEX_POINT ( 'NONE', #1766 ) ;
#7190 = AXIS2_PLACEMENT_3D ( 'NONE', #4107, #2829, #5972 ) ;
#7191 = VERTEX_POINT ( 'NONE', #1013 ) ;
#7192 = CIRCLE ( 'NONE', #4751, 3.105109578176981078 ) ;
#7193 = ORIENTED_EDGE ( 'NONE', *, *, #7231, .F. ) ;
#7194 = ORIENTED_EDGE ( 'NONE', *, *, #5352, .F. ) ;
#7195 = DIRECTION ( 'NONE',  ( 0.000000000000000000, -0.9510565162951565288, 0.3090169943749382919 ) ) ;
#7196 = VECTOR ( 'NONE', #3118, 39.37007874015748143 ) ;
#7197 = ORIENTED_EDGE ( 'NONE', *, *, #4209, .T. ) ;
#7198 = LINE ( 'NONE', #1975, #1108 ) ;
#7199 = CARTESIAN_POINT ( 'NONE',  ( -4.750000000000000000, -0.7135254915624210659, 0.7006292692220369434 ) ) ;
#7200 = DIRECTION ( 'NONE',  ( 1.000000000000000000, -0.000000000000000000, 0.000000000000000000 ) ) ;
#7201 = VERTEX_POINT ( 'NONE', #4195 ) ;
#7202 = VECTOR ( 'NONE', #3846, 39.37007874015748143 ) ;
#7203 = EDGE_LOOP ( 'NONE', ( #1302, #160, #5694, #1755 ) ) ;
#7204 = DIRECTION ( 'NONE',  ( 0.000000000000000000, 0.9510565162951523099, 0.3090169943749515591 ) ) ;
#7205 = CARTESIAN_POINT ( 'NONE',  ( 1.299995677804209437, -2.128955924850399521E-18, 0.000000000000000000 ) ) ;
#7206 = CIRCLE ( 'NONE', #3954, 3.879688098672754215 ) ;
#7207 = CARTESIAN_POINT ( 'NONE',  ( -0.003439171656184630919, 0.8828508570840272185, -3.824047188050359036 ) ) ;
#7208 = AXIS2_PLACEMENT_3D ( 'NONE', #7831, #71, #4731 ) ;
#7209 = AXIS2_PLACEMENT_3D ( 'NONE', #6800, #2085, #7306 ) ;
#7210 = DIRECTION ( 'NONE',  ( -1.000000000000000000, -0.000000000000000000, 0.000000000000000000 ) ) ;
#7211 = FACE_OUTER_BOUND ( 'NONE', #6930, .T. ) ;
#7212 = TOROIDAL_SURFACE ( 'NONE', #6129, 3.432474503172795455, 0.5000000000000000000 ) ;
#7213 = CARTESIAN_POINT ( 'NONE',  ( 5.651087907391154571E-17, 2.351141009169885443, 3.236067977499794690 ) ) ;
#7214 = AXIS2_PLACEMENT_3D ( 'NONE', #516, #1740, #4288 ) ;
#7215 = AXIS2_PLACEMENT_3D ( 'NONE', #3510, #5436, #253 ) ;
#7216 = ADVANCED_FACE ( 'NONE', ( #6787 ), #376, .F. ) ;
#7217 = DIRECTION ( 'NONE',  ( 0.000000000000000000, 0.000000000000000000, -1.000000000000000000 ) ) ;
#7218 = CIRCLE ( 'NONE', #1530, 1.750000000000000222 ) ;
#7219 = DIRECTION ( 'NONE',  ( 8.797911715786014202E-17, -1.000000000000000000, 0.000000000000000000 ) ) ;
#7220 = ORIENTED_EDGE ( 'NONE', *, *, #1256, .T. ) ;
#7221 = DIRECTION ( 'NONE',  ( 0.000000000000000000, -0.9510565162951521989, -0.3090169943749515591 ) ) ;
#7222 = ORIENTED_EDGE ( 'NONE', *, *, #2498, .F. ) ;
#7223 = LINE ( 'NONE', #5225, #975 ) ;
#7224 = VERTEX_POINT ( 'NONE', #8325 ) ;
#7225 = CIRCLE ( 'NONE', #8170, 0.5000000000000002220 ) ;
#7226 = CARTESIAN_POINT ( 'NONE',  ( -0.2499999999999998057, -1.004130275249512522E-15, -1.015226993466433575E-15 ) ) ;
#7227 = ADVANCED_FACE ( 'NONE', ( #4437 ), #5801, .T. ) ;
#7228 = DIRECTION ( 'NONE',  ( 0.000000000000000000, 1.310441370859486538E-16, -1.000000000000000000 ) ) ;
#7229 = DIRECTION ( 'NONE',  ( 1.224646799147352714E-16, -1.000000000000000000, 0.000000000000000000 ) ) ;
#7230 = VERTEX_POINT ( 'NONE', #3083 ) ;
#7231 = EDGE_CURVE ( 'NONE', #4504, #821, #6311, .T. ) ;
#7232 = EDGE_CURVE ( 'NONE', #7657, #4582, #7869, .T. ) ;
#7233 = ORIENTED_EDGE ( 'NONE', *, *, #8248, .T. ) ;
#7234 = ORIENTED_EDGE ( 'NONE', *, *, #3592, .T. ) ;
#7235 = EDGE_CURVE ( 'NONE', #6469, #4433, #5162, .T. ) ;
#7236 = VECTOR ( 'NONE', #3240, 39.37007874015748143 ) ;
#7237 = ORIENTED_EDGE ( 'NONE', *, *, #4226, .T. ) ;
#7238 = ORIENTED_EDGE ( 'NONE', *, *, #7880, .T. ) ;
#7239 = CARTESIAN_POINT ( 'NONE',  ( 0.2500000000000000000, 0.7500000000000001110, -1.740780812508624576E-16 ) ) ;
#7240 = DATE_AND_TIME ( #4648, #2266 ) ;
#7241 = EDGE_CURVE ( 'NONE', #8354, #6315, #7704, .T. ) ;
#7242 = ORIENTED_EDGE ( 'NONE', *, *, #3627, .F. ) ;
#7243 = CARTESIAN_POINT ( 'NONE',  ( 0.000000000000000000, 0.000000000000000000, 0.000000000000000000 ) ) ;
#7244 = DIRECTION ( 'NONE',  ( 0.000000000000000000, 0.9510565162951500895, 0.3090169943749581649 ) ) ;
#7245 = CARTESIAN_POINT ( 'NONE',  ( -0.2500000000000000000, 0.7500000000000001110, -0.1250000000000001665 ) ) ;
#7246 = ORIENTED_EDGE ( 'NONE', *, *, #6564, .F. ) ;
#7247 = ORIENTED_EDGE ( 'NONE', *, *, #8004, .F. ) ;
#7248 = CARTESIAN_POINT ( 'NONE',  ( 1.549995677804209659, 2.848721405383343027E-17, 0.000000000000000000 ) ) ;
#7249 = VECTOR ( 'NONE', #4448, 39.37007874015748854 ) ;
#7250 = CARTESIAN_POINT ( 'NONE',  ( -7.000000000000000000, -0.1759434355369921543, -0.5414982150262739324 ) ) ;
#7251 = CARTESIAN_POINT ( 'NONE',  ( -0.003439171656184767528, 0.000000000000000000, 0.000000000000000000 ) ) ;
#7252 = CARTESIAN_POINT ( 'NONE',  ( -5.250000000000000000, 0.000000000000000000, 0.000000000000000000 ) ) ;
#7253 = CARTESIAN_POINT ( 'NONE',  ( -7.087718996171313179, 0.000000000000000000, 0.000000000000000000 ) ) ;
#7254 = DIRECTION ( 'NONE',  ( 0.000000000000000000, 0.9743700647852351349, 0.2249510543438656140 ) ) ;
#7255 = LINE ( 'NONE', #5990, #5283 ) ;
#7256 = CARTESIAN_POINT ( 'NONE',  ( 0.2500000000000000000, 0.3750000000000000555, -1.709349291397167958 ) ) ;
#7257 = ORIENTED_EDGE ( 'NONE', *, *, #5102, .F. ) ;
#7258 = CARTESIAN_POINT ( 'NONE',  ( 1.549995677804209437, -1.856768696984084421, 3.090182045861284976 ) ) ;
#7259 = VERTEX_POINT ( 'NONE', #2612 ) ;
#7260 = DIRECTION ( 'NONE',  ( 0.000000000000000000, 0.7547095802227733463, -0.6560590289905058325 ) ) ;
#7261 = CARTESIAN_POINT ( 'NONE',  ( -5.250000000000000000, 1.010856956957004726, -0.8722936708061443944 ) ) ;
#7262 = EDGE_CURVE ( 'NONE', #5548, #7562, #3131, .T. ) ;
#7263 = ORIENTED_EDGE ( 'NONE', *, *, #7231, .T. ) ;
#7264 = VECTOR ( 'NONE', #1473, 39.37007874015748854 ) ;
#7265 = DIRECTION ( 'NONE',  ( -1.000000000000000000, -0.000000000000000000, -0.000000000000000000 ) ) ;
#7266 = AXIS2_PLACEMENT_3D ( 'NONE', #2223, #398, #3613 ) ;
#7267 = CARTESIAN_POINT ( 'NONE',  ( 0.2465608283438172066, 0.000000000000000000, 0.000000000000000000 ) ) ;
#7268 = LINE ( 'NONE', #4136, #29 ) ;
#7269 = EDGE_LOOP ( 'NONE', ( #6953, #5066, #158, #5745 ) ) ;
#7270 = ORIENTED_EDGE ( 'NONE', *, *, #8160, .F. ) ;
#7271 = VECTOR ( 'NONE', #3293, 39.37007874015748143 ) ;
#7272 = AXIS2_PLACEMENT_3D ( 'NONE', #7127, #3256, #3943 ) ;
#7273 = EDGE_CURVE ( 'NONE', #1465, #3183, #1379, .T. ) ;
#7274 = ORIENTED_EDGE ( 'NONE', *, *, #756, .F. ) ;
#7275 = ORIENTED_EDGE ( 'NONE', *, *, #5367, .F. ) ;
#7276 = ORIENTED_EDGE ( 'NONE', *, *, #3221, .F. ) ;
#7277 = CARTESIAN_POINT ( 'NONE',  ( -7.000000000000000000, 0.5241031700295174511, -0.2224685967731426794 ) ) ;
#7278 = ADVANCED_FACE ( 'NONE', ( #3717 ), #665, .F. ) ;
#7279 = AXIS2_PLACEMENT_3D ( 'NONE', #7299, #1479, #4076 ) ;
#7280 = ORIENTED_EDGE ( 'NONE', *, *, #4259, .F. ) ;
#7281 = LINE ( 'NONE', #4564, #5989 ) ;
#7282 = DIRECTION ( 'NONE',  ( -0.000000000000000000, 0.8660254037844362651, -0.5000000000000037748 ) ) ;
#7283 = EDGE_CURVE ( 'NONE', #6552, #6627, #3536, .T. ) ;
#7284 = DIRECTION ( 'NONE',  ( -0.8719406851971467365, 0.2521685752306757067, -0.4196789858499722081 ) ) ;
#7285 = ORIENTED_EDGE ( 'NONE', *, *, #3685, .T. ) ;
#7286 = CIRCLE ( 'NONE', #4844, 0.5000000000000001110 ) ;
#7287 = VERTEX_POINT ( 'NONE', #3801 ) ;
#7288 = CARTESIAN_POINT ( 'NONE',  ( -0.2500000000000000000, 2.665803124484976028, 1.972114853420130487 ) ) ;
#7289 = EDGE_CURVE ( 'NONE', #6020, #4504, #1511, .T. ) ;
#7290 = EDGE_CURVE ( 'NONE', #4458, #2519, #7750, .T. ) ;
#7291 = DIRECTION ( 'NONE',  ( 0.000000000000000000, 0.5877852522924830181, -0.8090169943749403458 ) ) ;
#7292 = EDGE_CURVE ( 'NONE', #1329, #4080, #3714, .T. ) ;
#7293 = CARTESIAN_POINT ( 'NONE',  ( 0.2500000000000000000, -0.7500000000000001110, -3.577751011229654510E-16 ) ) ;
#7294 = CARTESIAN_POINT ( 'NONE',  ( 1.549995677804209437, -0.6984976734641584750, 3.025525820853557146 ) ) ;
#7295 = LINE ( 'NONE', #209, #7676 ) ;
#7296 = DIRECTION ( 'NONE',  ( -1.000000000000000000, -1.224646799147352714E-16, 0.000000000000000000 ) ) ;
#7297 = ORIENTED_EDGE ( 'NONE', *, *, #8196, .T. ) ;
#7298 = ORIENTED_EDGE ( 'NONE', *, *, #3392, .F. ) ;
#7299 = CARTESIAN_POINT ( 'NONE',  ( -0.01701700490451273085, -1.214783716643909323E-14, 3.432474503172795899 ) ) ;
#7300 = DIRECTION ( 'NONE',  ( 0.8944271909999158554, 0.1747402728454431342, 0.4116622851876282629 ) ) ;
#7301 = DIRECTION ( 'NONE',  ( 0.000000000000000000, 0.000000000000000000, 1.000000000000000000 ) ) ;
#7302 = VERTEX_POINT ( 'NONE', #1937 ) ;
#7303 = LINE ( 'NONE', #2806, #7753 ) ;
#7304 = ORIENTED_EDGE ( 'NONE', *, *, #5736, .T. ) ;
#7305 = LINE ( 'NONE', #3442, #1655 ) ;
#7306 = DIRECTION ( 'NONE',  ( 0.000000000000000000, 0.000000000000000000, -1.000000000000000000 ) ) ;
#7307 = CIRCLE ( 'NONE', #8372, 3.865487205065014198 ) ;
#7308 = VERTEX_POINT ( 'NONE', #7116 ) ;
#7309 = CYLINDRICAL_SURFACE ( 'NONE', #5833, 1.000000000000000000 ) ;
#7310 = PLANE ( 'NONE',  #5571 ) ;
#7311 = CARTESIAN_POINT ( 'NONE',  ( 0.000000000000000000, 0.000000000000000000, 0.000000000000000000 ) ) ;
#7312 = ORIENTED_EDGE ( 'NONE', *, *, #5679, .F. ) ;
#7313 = CIRCLE ( 'NONE', #2161, 0.4999999999999998335 ) ;
#7314 = EDGE_LOOP ( 'NONE', ( #4754, #7412, #1790, #7451 ) ) ;
#7315 = ORIENTED_EDGE ( 'NONE', *, *, #7584, .F. ) ;
#7316 = EDGE_LOOP ( 'NONE', ( #4935, #4769, #6986, #1558 ) ) ;
#7317 = ORIENTED_EDGE ( 'NONE', *, *, #7799, .T. ) ;
#7318 = DIRECTION ( 'NONE',  ( -1.000000000000000000, -0.000000000000000000, 0.000000000000000000 ) ) ;
#7319 = AXIS2_PLACEMENT_3D ( 'NONE', #2473, #4263, #6851 ) ;
#7320 = EDGE_CURVE ( 'NONE', #6174, #318, #3760, .T. ) ;
#7321 = FACE_OUTER_BOUND ( 'NONE', #3362, .T. ) ;
#7322 = AXIS2_PLACEMENT_3D ( 'NONE', #6511, #4041, #6592 ) ;
#7323 = ORIENTED_EDGE ( 'NONE', *, *, #3633, .F. ) ;
#7324 = CARTESIAN_POINT ( 'NONE',  ( -7.000000000000000888, 0.000000000000000000, -0.000000000000000000 ) ) ;
#7325 = DIRECTION ( 'NONE',  ( 0.000000000000000000, 0.3090169943749349613, 0.9510565162951575280 ) ) ;
#7326 = VECTOR ( 'NONE', #2499, 39.37007874015748854 ) ;
#7327 = DIRECTION ( 'NONE',  ( 1.000000000000000000, 0.000000000000000000, 0.000000000000000000 ) ) ;
#7328 = ORIENTED_EDGE ( 'NONE', *, *, #1626, .T. ) ;
#7329 = ORIENTED_EDGE ( 'NONE', *, *, #1834, .T. ) ;
#7330 = CARTESIAN_POINT ( 'NONE',  ( 0.2500000000000000000, 0.3750000000000000555, -1.709349291397167958 ) ) ;
#7331 = FACE_OUTER_BOUND ( 'NONE', #2976, .T. ) ;
#7332 = VECTOR ( 'NONE', #7848, 39.37007874015748143 ) ;
#7333 = EDGE_CURVE ( 'NONE', #2814, #458, #159, .T. ) ;
#7334 = LINE ( 'NONE', #2751, #2043 ) ;
#7335 = DIRECTION ( 'NONE',  ( -0.8719406851971467365, 0.1512982806313920847, 0.4656482275021721629 ) ) ;
#7336 = ADVANCED_FACE ( 'NONE', ( #2526 ), #1889, .F. ) ;
#7337 = CARTESIAN_POINT ( 'NONE',  ( -5.250000000000000000, 0.000000000000000000, -1.335188389537908638 ) ) ;
#7338 = EDGE_CURVE ( 'NONE', #5483, #7629, #6439, .T. ) ;
#7339 = PLANE ( 'NONE',  #2065 ) ;
#7340 = CONICAL_SURFACE ( 'NONE', #3672, 3.432474503172796343, 0.5235987755983001479 ) ;
#7341 = EDGE_CURVE ( 'NONE', #2478, #3869, #4898, .T. ) ;
#7342 = EDGE_LOOP ( 'NONE', ( #7136, #2548, #8108, #2903 ) ) ;
#7343 = DIRECTION ( 'NONE',  ( -1.000000000000000000, 0.000000000000000000, 0.000000000000000000 ) ) ;
#7344 = AXIS2_PLACEMENT_3D ( 'NONE', #1213, #4523, #8288 ) ;
#7345 = DIRECTION ( 'NONE',  ( 0.000000000000000000, 0.3090169943749583314, -0.9510565162951500895 ) ) ;
#7346 = DIRECTION ( 'NONE',  ( -0.000000000000000000, -0.3090169943749481174, 0.9510565162951533091 ) ) ;
#7347 = VERTEX_POINT ( 'NONE', #2783 ) ;
#7348 = VECTOR ( 'NONE', #2584, 39.37007874015748143 ) ;
#7349 = LINE ( 'NONE', #2893, #2879 ) ;
#7350 = CARTESIAN_POINT ( 'NONE',  ( -0.2482449321572029743, -1.347501260915888066, 4.147182447043663345 ) ) ;
#7351 = CARTESIAN_POINT ( 'NONE',  ( 1.549995677804209437, 0.8109732006361175527, -3.512710853246168607 ) ) ;
#7352 = VERTEX_POINT ( 'NONE', #4652 ) ;
#7353 = CIRCLE ( 'NONE', #3006, 0.5000000000000000000 ) ;
#7354 = AXIS2_PLACEMENT_3D ( 'NONE', #3054, #2294, #6283 ) ;
#7355 = VECTOR ( 'NONE', #5724, 39.37007874015748143 ) ;
#7356 = DIRECTION ( 'NONE',  ( 0.000000000000000000, 0.5000000000000006661, -0.8660254037844383745 ) ) ;
#7357 = VECTOR ( 'NONE', #2378, 39.37007874015748854 ) ;
#7358 = CARTESIAN_POINT ( 'NONE',  ( 0.000000000000000000, 0.000000000000000000, 0.000000000000000000 ) ) ;
#7359 = FACE_OUTER_BOUND ( 'NONE', #5493, .T. ) ;
#7360 = ORIENTED_EDGE ( 'NONE', *, *, #3447, .F. ) ;
#7361 = ORIENTED_EDGE ( 'NONE', *, *, #3960, .F. ) ;
#7362 = ORIENTED_EDGE ( 'NONE', *, *, #803, .T. ) ;
#7363 = ORIENTED_EDGE ( 'NONE', *, *, #2667, .F. ) ;
#7364 = DIRECTION ( 'NONE',  ( -1.000000000000000000, 0.000000000000000000, 0.000000000000000000 ) ) ;
#7365 = CONICAL_SURFACE ( 'NONE', #3021, 0.4561405019143418560, 0.4461670167513162588 ) ;
#7366 = AXIS2_PLACEMENT_3D ( 'NONE', #3300, #5497, #2862 ) ;
#7367 = CARTESIAN_POINT ( 'NONE',  ( -0.2406238026544928466, 1.515914908980800835, 3.571271724709944362 ) ) ;
#7368 = ORIENTED_EDGE ( 'NONE', *, *, #6709, .T. ) ;
#7369 = LINE ( 'NONE', #6094, #164 ) ;
#7370 = CARTESIAN_POINT ( 'NONE',  ( 0.2500000000000000000, -2.632966137197508605, -1.953156409970361107 ) ) ;
#7371 = CARTESIAN_POINT ( 'NONE',  ( -4.750000000000000000, -0.2500000000000000000, -1.554380477868644972 ) ) ;
#7372 = ORIENTED_EDGE ( 'NONE', *, *, #905, .T. ) ;
#7373 = ADVANCED_FACE ( 'NONE', ( #2103 ), #2826, .F. ) ;
#7374 = ORIENTED_EDGE ( 'NONE', *, *, #291, .F. ) ;
#7375 = CARTESIAN_POINT ( 'NONE',  ( -0.2482449321572040568, 3.290990882338124646, -2.860814728290578923 ) ) ;
#7376 = DIRECTION ( 'NONE',  ( -0.8719406851971467365, -0.4656482275021706640, -0.1512982806313969419 ) ) ;
#7377 = CARTESIAN_POINT ( 'NONE',  ( 0.2500000000000000000, 1.667839910290870087, -0.5299151192794385734 ) ) ;
#7378 = CARTESIAN_POINT ( 'NONE',  ( 1.549995677804209437, -0.9595316290530830905, -2.953134698135722491 ) ) ;
#7379 = CARTESIAN_POINT ( 'NONE',  ( -4.750000000000000000, -0.9635254915624211769, -0.2676165673298175895 ) ) ;
#7380 = EDGE_CURVE ( 'NONE', #562, #2384, #705, .T. ) ;
#7381 = VERTEX_POINT ( 'NONE', #709 ) ;
#7382 = DIRECTION ( 'NONE',  ( -1.236773978361170610E-16, 1.000000000000000000, 0.000000000000000000 ) ) ;
#7384 = EDGE_CURVE ( 'NONE', #6467, #4417, #3369, .T. ) ;
#7383 = CIRCLE ( 'NONE', #615, 3.105109578176981966 ) ;
#7385 = DIRECTION ( 'NONE',  ( 1.232246991851730235E-16, -1.000000000000000000, 0.000000000000000000 ) ) ;
#7386 = CARTESIAN_POINT ( 'NONE',  ( 1.549995677804209437, 2.119030242950761700, 2.916594915329080440 ) ) ;
#7387 = ORIENTED_EDGE ( 'NONE', *, *, #7909, .F. ) ;
#7388 = ADVANCED_FACE ( 'NONE', ( #5969 ), #4054, .T. ) ;
#7389 = CARTESIAN_POINT ( 'NONE',  ( 1.549995677804209437, 3.605109578176981078, 0.000000000000000000 ) ) ;
#7390 = FACE_OUTER_BOUND ( 'NONE', #5960, .T. ) ;
#7391 = DIRECTION ( 'NONE',  ( 1.000000000000000000, 0.000000000000000000, 0.000000000000000000 ) ) ;
#7392 = ORIENTED_EDGE ( 'NONE', *, *, #6614, .T. ) ;
#7393 = ADVANCED_FACE ( 'NONE', ( #1507 ), #3978, .T. ) ;
#7394 = EDGE_CURVE ( 'NONE', #2125, #6479, #7198, .T. ) ;
#7395 = DIRECTION ( 'NONE',  ( -0.8660254037844380415, 0.5000000000000009992, -0.000000000000000000 ) ) ;
#7396 = CARTESIAN_POINT ( 'NONE',  ( 0.2465608283438172066, 0.000000000000000000, 0.000000000000000000 ) ) ;
#7397 = VERTEX_POINT ( 'NONE', #242 ) ;
#7398 = EDGE_CURVE ( 'NONE', #894, #3335, #7281, .T. ) ;
#7399 = DIRECTION ( 'NONE',  ( -0.8660254037844380415, 0.04357787137382752862, 0.4980973490458738828 ) ) ;
#7400 = EDGE_LOOP ( 'NONE', ( #7499, #6516 ) ) ;
#7401 = ORIENTED_EDGE ( 'NONE', *, *, #5261, .T. ) ;
#7402 = CARTESIAN_POINT ( 'NONE',  ( 0.1610010175967982737, 2.677759646921701098, 1.979017954867545281 ) ) ;
#7403 = AXIS2_PLACEMENT_3D ( 'NONE', #3762, #7751, #541 ) ;
#7404 = DIRECTION ( 'NONE',  ( -0.8660254037844380415, -0.2575190374550295758, 0.4285836503510558337 ) ) ;
#7405 = AXIS2_PLACEMENT_3D ( 'NONE', #6609, #790, #3370 ) ;
#7406 = VERTEX_POINT ( 'NONE', #3327 ) ;
#7407 = AXIS2_PLACEMENT_3D ( 'NONE', #5735, #7764, #6539 ) ;
#7408 = DIRECTION ( 'NONE',  ( -0.000000000000000000, -0.000000000000000000, -1.000000000000000000 ) ) ;
#7409 = CARTESIAN_POINT ( 'NONE',  ( -0.2482449321572040568, 0.000000000000000000, 0.000000000000000000 ) ) ;
#7410 = LINE ( 'NONE', #2232, #7126 ) ;
#7411 = VECTOR ( 'NONE', #220, 39.37007874015748854 ) ;
#7412 = ORIENTED_EDGE ( 'NONE', *, *, #6251, .T. ) ;
#7413 = ORIENTED_EDGE ( 'NONE', *, *, #4426, .F. ) ;
#7414 = CARTESIAN_POINT ( 'NONE',  ( 1.549995677804209659, 2.848721405383343027E-17, 0.000000000000000000 ) ) ;
#7415 = APPROVAL_PERSON_ORGANIZATION ( #197, #3903, #5965 ) ;
#7416 = CYLINDRICAL_SURFACE ( 'NONE', #514, 0.2500000000000000000 ) ;
#7417 = DIRECTION ( 'NONE',  ( 1.000000000000000000, 0.000000000000000000, 0.000000000000000000 ) ) ;
#7418 = DIRECTION ( 'NONE',  ( -1.000000000000000000, -0.000000000000000000, 0.000000000000000000 ) ) ;
#7419 = AXIS2_PLACEMENT_3D ( 'NONE', #1393, #4530, #6577 ) ;
#7420 = CARTESIAN_POINT ( 'NONE',  ( -5.250000000000000000, -0.2500000000000000555, 0.9682458365518542553 ) ) ;
#7421 = ORIENTED_EDGE ( 'NONE', *, *, #1770, .F. ) ;
#7422 = DIRECTION ( 'NONE',  ( 1.000000000000000000, 1.224646799147352714E-16, -0.000000000000000000 ) ) ;
#7423 = LINE ( 'NONE', #3050, #6637 ) ;
#7424 = ADVANCED_FACE ( 'NONE', ( #5929 ), #3544, .T. ) ;
#7425 = DIRECTION ( 'NONE',  ( -1.000000000000000000, -0.000000000000000000, 0.000000000000000000 ) ) ;
#7426 = EDGE_LOOP ( 'NONE', ( #5312, #6728, #3778, #1869 ) ) ;
#7427 = DIRECTION ( 'NONE',  ( 0.000000000000000000, 0.000000000000000000, 1.000000000000000000 ) ) ;
#7428 = FACE_OUTER_BOUND ( 'NONE', #1368, .T. ) ;
#7429 = DIRECTION ( 'NONE',  ( 0.000000000000000000, -0.5877852522924624790, -0.8090169943749551118 ) ) ;
#7430 = EDGE_CURVE ( 'NONE', #5723, #2558, #2327, .T. ) ;
#7431 = ORIENTED_EDGE ( 'NONE', *, *, #4521, .F. ) ;
#7432 = LINE ( 'NONE', #1069, #4341 ) ;
#7433 = TOROIDAL_SURFACE ( 'NONE', #527, 3.432474503172795455, 0.5000000000000000000 ) ;
#7434 = EDGE_CURVE ( 'NONE', #8151, #6984, #3268, .T. ) ;
#7435 = CARTESIAN_POINT ( 'NONE',  ( -7.000000000000000000, -0.5547721316411171610, -0.1280792385188619653 ) ) ;
#7436 = VERTEX_POINT ( 'NONE', #1336 ) ;
#7437 = FACE_OUTER_BOUND ( 'NONE', #2745, .T. ) ;
#7438 = EDGE_CURVE ( 'NONE', #5503, #2253, #5584, .T. ) ;
#7439 = ORIENTED_EDGE ( 'NONE', *, *, #3548, .T. ) ;
#7440 = ORIENTED_EDGE ( 'NONE', *, *, #21, .F. ) ;
#7441 = EDGE_CURVE ( 'NONE', #3928, #3408, #8142, .T. ) ;
#7442 = CARTESIAN_POINT ( 'NONE',  ( -7.000000000000000000, -0.4606258943332871003, 0.3346643017336327075 ) ) ;
#7443 = CARTESIAN_POINT ( 'NONE',  ( -0.003439171656184221090, -2.961959888085953896, 2.574792448656726407 ) ) ;
#7444 = CARTESIAN_POINT ( 'NONE',  ( -0.2500000000000000000, 0.3750000000000232037, 3.294710654001978600 ) ) ;
#7445 = ORIENTED_EDGE ( 'NONE', *, *, #8000, .F. ) ;
#7446 = DIRECTION ( 'NONE',  ( 0.000000000000000000, 0.9510565162951576390, -0.3090169943749349613 ) ) ;
#7447 = CARTESIAN_POINT ( 'NONE',  ( -7.000000000000000888, 0.000000000000000000, 0.000000000000000000 ) ) ;
#7448 = ORIENTED_EDGE ( 'NONE', *, *, #4174, .T. ) ;
#7449 = CARTESIAN_POINT ( 'NONE',  ( 0.000000000000000000, 0.000000000000000000, 0.000000000000000000 ) ) ;
#7450 = VECTOR ( 'NONE', #2414, 39.37007874015748854 ) ;
#7451 = ORIENTED_EDGE ( 'NONE', *, *, #3786, .F. ) ;
#7452 = ORIENTED_EDGE ( 'NONE', *, *, #8239, .F. ) ;
#7453 = DIRECTION ( 'NONE',  ( 1.000000000000000000, -0.000000000000000000, -0.000000000000000000 ) ) ;
#7454 = AXIS2_PLACEMENT_3D ( 'NONE', #4439, #6398, #2651 ) ;
#7455 = AXIS2_PLACEMENT_3D ( 'NONE', #5042, #549, #4133 ) ;
#7456 = CARTESIAN_POINT ( 'NONE',  ( -7.000000000000000000, -0.5693649175925756811, 0.000000000000000000 ) ) ;
#7457 = AXIS2_PLACEMENT_3D ( 'NONE', #777, #5324, #942 ) ;
#7458 = CARTESIAN_POINT ( 'NONE',  ( -0.01701700490451218614, -1.634164925564208026E-16, 0.000000000000000000 ) ) ;
#7459 = CARTESIAN_POINT ( 'NONE',  ( -0.2406238026544922914, 0.3381370978690608209, 3.864924714147443208 ) ) ;
#7460 = AXIS2_PLACEMENT_3D ( 'NONE', #3542, #5589, #6261 ) ;
#7461 = DIRECTION ( 'NONE',  ( 0.000000000000000000, 0.3090169943749481174, -0.9510565162951534202 ) ) ;
#7462 = EDGE_LOOP ( 'NONE', ( #5616, #4549, #3845, #4349 ) ) ;
#7463 = CARTESIAN_POINT ( 'NONE',  ( -7.000000000000000000, 0.1759434355370035064, -0.5414982150262701577 ) ) ;
#7464 = CONICAL_SURFACE ( 'NONE', #3798, 3.605109578176981078, 0.5235987755983000369 ) ;
#7465 = B_SPLINE_CURVE_WITH_KNOTS ( 'NONE', 3,
 ( #4635, #5749, #694, #3275 ),
 .UNSPECIFIED., .F., .F.,
 ( 4, 4 ),
 ( 2.222362209208023002E-07, 0.01411847985351143836 ),
 .UNSPECIFIED. ) ;
#7466 = CARTESIAN_POINT ( 'NONE',  ( -0.01701700490451303269, -2.017557891834876216, -2.776930205825515419 ) ) ;
#7467 = DIRECTION ( 'NONE',  ( 1.000000000000000000, 0.000000000000000000, 0.000000000000000000 ) ) ;
#7468 = EDGE_LOOP ( 'NONE', ( #5413, #788, #2556, #2720, #7473, #2675, #3452, #192 ) ) ;
#7469 = VECTOR ( 'NONE', #1228, 39.37007874015748143 ) ;
#7470 = CARTESIAN_POINT ( 'NONE',  ( -0.2499999999999998057, -1.004130275249512522E-15, -1.015226993466433575E-15 ) ) ;
#7471 = DIRECTION ( 'NONE',  ( 0.000000000000000000, 0.9510565162951521989, 0.3090169943749515591 ) ) ;
#7472 = CARTESIAN_POINT ( 'NONE',  ( -0.2500000000000000000, 0.3750000000000001110, -3.294710654001981709 ) ) ;
#7473 = ORIENTED_EDGE ( 'NONE', *, *, #5868, .T. ) ;
#7474 = EDGE_CURVE ( 'NONE', #3869, #4687, #199, .T. ) ;
#7475 = CARTESIAN_POINT ( 'NONE',  ( 1.549995677804209437, 0.000000000000000000, 0.000000000000000000 ) ) ;
#7476 = DIRECTION ( 'NONE',  ( 0.000000000000000000, 0.3090169943749481174, -0.9510565162951533091 ) ) ;
#7477 = VECTOR ( 'NONE', #5867, 39.37007874015748143 ) ;
#7478 = ORIENTED_EDGE ( 'NONE', *, *, #787, .F. ) ;
#7479 = DIRECTION ( 'NONE',  ( 0.000000000000000000, -0.9510565162951510887, -0.3090169943749550563 ) ) ;
#7480 = AXIS2_PLACEMENT_3D ( 'NONE', #4755, #3518, #7975 ) ;
#7481 = CIRCLE ( 'NONE', #3957, 3.105109578176981078 ) ;
#7482 = ORIENTED_EDGE ( 'NONE', *, *, #601, .T. ) ;
#7483 = CIRCLE ( 'NONE', #981, 4.357648039384080185 ) ;
#7484 = ORIENTED_EDGE ( 'NONE', *, *, #757, .T. ) ;
#7485 = EDGE_CURVE ( 'NONE', #879, #8306, #4617, .T. ) ;
#7486 = DIRECTION ( 'NONE',  ( 0.000000000000000000, 0.000000000000000000, -1.000000000000000000 ) ) ;
#7487 = CONICAL_SURFACE ( 'NONE', #2570, 4.000000000000000000, 0.4636476090008060935 ) ;
#7488 = DIRECTION ( 'NONE',  ( 0.000000000000000000, 0.000000000000000000, 1.000000000000000000 ) ) ;
#7489 = EDGE_CURVE ( 'NONE', #5310, #742, #4493, .T. ) ;
#7490 = ADVANCED_FACE ( 'NONE', ( #3460 ), #2015, .F. ) ;
#7491 = CARTESIAN_POINT ( 'NONE',  ( 1.549995677804209437, 2.365164689263162145, 2.720810736403048491 ) ) ;
#7492 = VECTOR ( 'NONE', #1859, 39.37007874015748143 ) ;
#7493 = VERTEX_POINT ( 'NONE', #366 ) ;
#7494 = LINE ( 'NONE', #4940, #565 ) ;
#7495 = ADVANCED_FACE ( 'NONE', ( #2907 ), #406, .T. ) ;
#7496 = CARTESIAN_POINT ( 'NONE',  ( -0.01701700490451180103, -3.142316772864007124, 1.381204732799909296 ) ) ;
#7497 = ORIENTED_EDGE ( 'NONE', *, *, #1942, .F. ) ;
#7498 = DIRECTION ( 'NONE',  ( 1.000000000000000000, 0.000000000000000000, 0.000000000000000000 ) ) ;
#7499 = ORIENTED_EDGE ( 'NONE', *, *, #6137, .F. ) ;
#7500 = ORIENTED_EDGE ( 'NONE', *, *, #2810, .T. ) ;
#7501 = DIRECTION ( 'NONE',  ( -0.000000000000000000, -0.5877852522924685852, -0.8090169943749507819 ) ) ;
#7502 = EDGE_CURVE ( 'NONE', #5061, #2123, #6669, .T. ) ;
#7503 = CARTESIAN_POINT ( 'NONE',  ( -4.750000000000000000, 0.7135254915624210659, 0.7006292692220371654 ) ) ;
#7504 = DIRECTION ( 'NONE',  ( 0.000000000000000000, 0.3090169943749411785, 0.9510565162951556406 ) ) ;
#7505 = CARTESIAN_POINT ( 'NONE',  ( -0.01701700490451218614, -1.634164925564208026E-16, 0.000000000000000000 ) ) ;
#7506 = ORIENTED_EDGE ( 'NONE', *, *, #180, .T. ) ;
#7507 = DIRECTION ( 'NONE',  ( 0.8660254037844380415, 0.4755282581475765991, 0.1545084971874777502 ) ) ;
#7508 = AXIS2_PLACEMENT_3D ( 'NONE', #7914, #6013, #6053 ) ;
#7509 = DIRECTION ( 'NONE',  ( -0.8660254037844380415, -0.5000000000000009992, 0.000000000000000000 ) ) ;
#7510 = DIRECTION ( 'NONE',  ( 1.000000000000000000, 0.000000000000000000, 0.000000000000000000 ) ) ;
#7511 = CARTESIAN_POINT ( 'NONE',  ( 0.000000000000000000, 0.000000000000000000, 0.000000000000000000 ) ) ;
#7512 = CARTESIAN_POINT ( 'NONE',  ( 0.2465608283438172066, 0.000000000000000000, 0.000000000000000000 ) ) ;
#7513 = CARTESIAN_POINT ( 'NONE',  ( -4.750000000000000000, 0.2499999999999998612, 0.9682458365518544774 ) ) ;
#7514 = DIRECTION ( 'NONE',  ( 0.000000000000000000, -0.3090169943749382919, -0.9510565162951565288 ) ) ;
#7515 = ORIENTED_EDGE ( 'NONE', *, *, #3443, .F. ) ;
#7516 = DIRECTION ( 'NONE',  ( 0.000000000000000000, 0.000000000000000000, -1.000000000000000000 ) ) ;
#7517 = CYLINDRICAL_SURFACE ( 'NONE', #707, 1.000000000000000222 ) ;
#7518 = ORIENTED_EDGE ( 'NONE', *, *, #7289, .T. ) ;
#7519 = CIRCLE ( 'NONE', #4273, 3.865487205065014198 ) ;
#7520 = DIRECTION ( 'NONE',  ( 0.000000000000000000, -0.8660254037844384856, -0.5000000000000001110 ) ) ;
#7521 = EDGE_CURVE ( 'NONE', #1360, #2547, #2730, .T. ) ;
#7522 = ORIENTED_EDGE ( 'NONE', *, *, #898, .T. ) ;
#7523 = ORIENTED_EDGE ( 'NONE', *, *, #4410, .F. ) ;
#7524 = DIRECTION ( 'NONE',  ( 0.000000000000000000, -0.9743700647852350238, -0.2249510543438655308 ) ) ;
#7525 = CARTESIAN_POINT ( 'NONE',  ( -0.2500000000000000000, 0.3750000000000121014, 1.709349291397165294 ) ) ;
#7527 = VECTOR ( 'NONE', #2365, 39.37007874015748854 ) ;
#7526 = CARTESIAN_POINT ( 'NONE',  ( 0.2465608283438156800, 4.357648039384080185, 0.000000000000000000 ) ) ;
#7528 = VERTEX_POINT ( 'NONE', #6138 ) ;
#7529 = EDGE_CURVE ( 'NONE', #1771, #4643, #4816, .T. ) ;
#7530 = CARTESIAN_POINT ( 'NONE',  ( 1.549995677804209659, 2.848721405383343027E-17, 0.000000000000000000 ) ) ;
#7531 = DIRECTION ( 'NONE',  ( 1.000000000000000000, 0.000000000000000000, 0.000000000000000000 ) ) ;
#7532 = ORIENTED_EDGE ( 'NONE', *, *, #5257, .T. ) ;
#7533 = DIRECTION ( 'NONE',  ( 1.000000000000000000, 1.224646799147352714E-16, -0.000000000000000000 ) ) ;
#7534 = ORIENTED_EDGE ( 'NONE', *, *, #1320, .F. ) ;
#7535 = CC_DESIGN_PERSON_AND_ORGANIZATION_ASSIGNMENT ( #5841, #5200, ( #4835 ) ) ;
#7536 = CONICAL_SURFACE ( 'NONE', #5231, 19.68503937007875848, 0.4636476090008063711 ) ;
#7537 = ORIENTED_EDGE ( 'NONE', *, *, #1454, .F. ) ;
#7538 = PLANE ( 'NONE',  #3637 ) ;
#7539 = AXIS2_PLACEMENT_3D ( 'NONE', #448, #4301, #7486 ) ;
#7540 = EDGE_CURVE ( 'NONE', #3696, #7191, #5714, .T. ) ;
#7541 = DIRECTION ( 'NONE',  ( 0.000000000000000000, -0.9743700647852335806, -0.2249510543438725529 ) ) ;
#7542 = PLANE ( 'NONE',  #4548 ) ;
#7543 = CARTESIAN_POINT ( 'NONE',  ( -0.01701700490451257125, 3.142316772863997798, -1.381204732799931278 ) ) ;
#7544 = EDGE_CURVE ( 'NONE', #3937, #5503, #6855, .T. ) ;
#7545 = EDGE_CURVE ( 'NONE', #8249, #8031, #5452, .T. ) ;
#7546 = VERTEX_POINT ( 'NONE', #5586 ) ;
#7547 = LINE ( 'NONE', #7463, #7004 ) ;
#7548 = DIRECTION ( 'NONE',  ( 0.000000000000000000, 0.000000000000000000, -1.000000000000000000 ) ) ;
#7549 = EDGE_CURVE ( 'NONE', #2253, #2560, #3001, .T. ) ;
#7550 = LINE ( 'NONE', #4321, #3926 ) ;
#7551 = CARTESIAN_POINT ( 'NONE',  ( -0.01701700490451337269, 0.7721387584971917128, -3.344500404030136487 ) ) ;
#7552 = DIRECTION ( 'NONE',  ( -1.000000000000000000, 0.000000000000000000, -0.000000000000000000 ) ) ;
#7553 = CARTESIAN_POINT ( 'NONE',  ( 1.299995677804209437, -2.128955924850399521E-18, 0.000000000000000000 ) ) ;
#7554 = CARTESIAN_POINT ( 'NONE',  ( 1.549995677804209437, -0.2706281315988505187, -3.093293698773807776 ) ) ;
#7555 = ORIENTED_EDGE ( 'NONE', *, *, #4840, .F. ) ;
#7556 = TOROIDAL_SURFACE ( 'NONE', #3897, 3.432474503172795899, 0.5000000000000000000 ) ;
#7557 = FACE_OUTER_BOUND ( 'NONE', #1377, .T. ) ;
#7558 = CARTESIAN_POINT ( 'NONE',  ( 0.2465608283438161241, 0.000000000000000000, 0.000000000000000000 ) ) ;
#7559 = ORIENTED_EDGE ( 'NONE', *, *, #6906, .T. ) ;
#7560 = ORIENTED_EDGE ( 'NONE', *, *, #5242, .F. ) ;
#7561 = DIRECTION ( 'NONE',  ( 0.000000000000000000, -0.9510565162951566398, 0.3090169943749383474 ) ) ;
#7562 = VERTEX_POINT ( 'NONE', #4856 ) ;
#7563 = VERTEX_POINT ( 'NONE', #453 ) ;
#7564 = CARTESIAN_POINT ( 'NONE',  ( -4.750000000000000000, 0.000000000000000000, 0.000000000000000000 ) ) ;
#7565 = DIRECTION ( 'NONE',  ( 0.8660254037844380415, -0.4980973490458738273, 0.04357787137382927029 ) ) ;
#7566 = DIRECTION ( 'NONE',  ( -0.000000000000000000, 0.8660254037844397068, 0.4999999999999979461 ) ) ;
#7567 = EDGE_LOOP ( 'NONE', ( #6348, #8141, #7614, #3915 ) ) ;
#7568 = CARTESIAN_POINT ( 'NONE',  ( 0.2500000000000000000, -1.667839910290878080, -0.5299151192794150367 ) ) ;
#7569 = DIRECTION ( 'NONE',  ( 1.000000000000000000, 0.000000000000000000, 0.000000000000000000 ) ) ;
#7570 = ORIENTED_EDGE ( 'NONE', *, *, #4748, .T. ) ;
#7571 = CARTESIAN_POINT ( 'NONE',  ( -4.750000000000000000, 1.471132980980842664, -0.5606838879882116711 ) ) ;
#7572 = ORIENTED_EDGE ( 'NONE', *, *, #1160, .T. ) ;
#7573 = ORIENTED_EDGE ( 'NONE', *, *, #6672, .T. ) ;
#7574 = DIRECTION ( 'NONE',  ( 0.000000000000000000, -0.8571673007021116675, -0.5150380749100552658 ) ) ;
#7575 = EDGE_CURVE ( 'NONE', #8094, #138, #6776, .T. ) ;
#7576 = DIRECTION ( 'NONE',  ( -1.000000000000000000, -1.224646799147352714E-16, 0.000000000000000000 ) ) ;
#7577 = CARTESIAN_POINT ( 'NONE',  ( 0.000000000000000000, 1.012279744547441407, -4.384665291533547560 ) ) ;
#7578 = VECTOR ( 'NONE', #3990, 39.37007874015748143 ) ;
#7579 = CARTESIAN_POINT ( 'NONE',  ( 1.549995677804209437, -2.512086418141585398, -1.825137616804553664 ) ) ;
#7580 = ORIENTED_EDGE ( 'NONE', *, *, #5530, .T. ) ;
#7581 = CIRCLE ( 'NONE', #8247, 0.4999999999999998335 ) ;
#7582 = VERTEX_POINT ( 'NONE', #2316 ) ;
#7583 = DIRECTION ( 'NONE',  ( 0.000000000000000000, -1.310441370859486538E-16, 1.000000000000000000 ) ) ;
#7584 = EDGE_CURVE ( 'NONE', #3434, #754, #433, .T. ) ;
#7585 = CARTESIAN_POINT ( 'NONE',  ( -0.2406238026544916253, -1.908004274696309122E-16, 0.000000000000000000 ) ) ;
#7586 = CIRCLE ( 'NONE', #813, 0.5693649175925756811 ) ;
#7587 = LINE ( 'NONE', #4363, #4870 ) ;
#7588 = EDGE_CURVE ( 'NONE', #4348, #3585, #2050, .T. ) ;
#7589 = EDGE_CURVE ( 'NONE', #774, #4208, #5035, .T. ) ;
#7590 = LINE ( 'NONE', #2371, #5461 ) ;
#7591 = AXIS2_PLACEMENT_3D ( 'NONE', #5421, #2147, #6741 ) ;
#7592 = VECTOR ( 'NONE', #7509, 39.37007874015748143 ) ;
#7593 = CARTESIAN_POINT ( 'NONE',  ( 0.2465608283438159853, 4.144369563577029680, 1.346587299674353977 ) ) ;
#7594 = CARTESIAN_POINT ( 'NONE',  ( 1.549995677804209437, 2.916594915329103532, -2.119030242950729725 ) ) ;
#7595 = CARTESIAN_POINT ( 'NONE',  ( -0.01701700490451234227, -0.3750000000000000555, -3.411928518438119173 ) ) ;
#7596 = EDGE_CURVE ( 'NONE', #8064, #2095, #7494, .T. ) ;
#7597 = AXIS2_PLACEMENT_3D ( 'NONE', #2542, #1317, #3904 ) ;
#7598 = DIRECTION ( 'NONE',  ( -1.000000000000000000, 0.000000000000000000, 0.000000000000000000 ) ) ;
#7599 = DIRECTION ( 'NONE',  ( 0.000000000000000000, 0.9510565162951576390, -0.3090169943749350723 ) ) ;
#7600 = ORIENTED_EDGE ( 'NONE', *, *, #2827, .F. ) ;
#7601 = ORIENTED_EDGE ( 'NONE', *, *, #2206, .F. ) ;
#7602 = CARTESIAN_POINT ( 'NONE',  ( 5.651087907391154571E-17, 3.984778792366982181, -0.3486229709906334406 ) ) ;
#7603 = VERTEX_POINT ( 'NONE', #6819 ) ;
#7604 = CIRCLE ( 'NONE', #8009, 3.105109578176981078 ) ;
#7605 = VERTEX_POINT ( 'NONE', #4225 ) ;
#7606 = DIRECTION ( 'NONE',  ( 0.8660254037844379305, -0.4045084971874741697, -0.2938926261462377343 ) ) ;
#7607 = FACE_OUTER_BOUND ( 'NONE', #810, .T. ) ;
#7608 = CARTESIAN_POINT ( 'NONE',  ( 1.549995677804209437, -2.916594915329056903, -2.119030242950793674 ) ) ;
#7609 = AXIS2_PLACEMENT_3D ( 'NONE', #7243, #155, #7154 ) ;
#7610 = AXIS2_PLACEMENT_3D ( 'NONE', #4966, #7637, #517 ) ;
#7611 = ORIENTED_EDGE ( 'NONE', *, *, #7502, .T. ) ;
#7612 = DIRECTION ( 'NONE',  ( -8.797911715786014202E-17, 1.000000000000000000, 0.000000000000000000 ) ) ;
#7613 = VECTOR ( 'NONE', #8104, 39.37007874015748143 ) ;
#7614 = ORIENTED_EDGE ( 'NONE', *, *, #5772, .F. ) ;
#7615 = CARTESIAN_POINT ( 'NONE',  ( -0.01701700490451218614, -1.634164925564208026E-16, 0.000000000000000000 ) ) ;
#7616 = ORIENTED_EDGE ( 'NONE', *, *, #1422, .F. ) ;
#7617 = CIRCLE ( 'NONE', #5858, 2.672096876284762335 ) ;
#7618 = VECTOR ( 'NONE', #1230, 39.37007874015748143 ) ;
#7619 = EDGE_LOOP ( 'NONE', ( #6471, #2516, #2447, #4249 ) ) ;
#7620 = CARTESIAN_POINT ( 'NONE',  ( 1.549995677804209437, 2.512086418141626254, -1.825137616804498375 ) ) ;
#7621 = CIRCLE ( 'NONE', #2470, 0.5000000000000001110 ) ;
#7622 = ORIENTED_EDGE ( 'NONE', *, *, #4619, .T. ) ;
#7623 = CARTESIAN_POINT ( 'NONE',  ( 0.2500000000000000000, -0.3750000000000000555, -1.709349291397167958 ) ) ;
#7624 = CARTESIAN_POINT ( 'NONE',  ( -0.2500000000000000000, -1.292839910290871197, 1.179434172117754587 ) ) ;
#7625 = EDGE_CURVE ( 'NONE', #6638, #3937, #1679, .T. ) ;
#7626 = CARTESIAN_POINT ( 'NONE',  ( 1.549995677804209437, -1.258717281668956973E-14, 3.605109578176981078 ) ) ;
#7627 = VECTOR ( 'NONE', #6735, 39.37007874015748143 ) ;
#7628 = ORIENTED_EDGE ( 'NONE', *, *, #3331, .F. ) ;
#7629 = VERTEX_POINT ( 'NONE', #4267 ) ;
#7630 = DIRECTION ( 'NONE',  ( 0.000000000000000000, 0.9510565162951544194, -0.3090169943749447312 ) ) ;
#7631 = DIRECTION ( 'NONE',  ( 1.232246991851730235E-16, -1.000000000000000000, 0.000000000000000000 ) ) ;
#7632 = CARTESIAN_POINT ( 'NONE',  ( 0.2329829950954876161, -1.510366177795868570, -3.558199733220669181 ) ) ;
#7633 = AXIS2_PLACEMENT_3D ( 'NONE', #4807, #2260, #7943 ) ;
#7634 = CARTESIAN_POINT ( 'NONE',  ( 0.000000000000000000, 0.000000000000000000, 0.000000000000000000 ) ) ;
#7635 = DIRECTION ( 'NONE',  ( -0.000000000000000000, 0.9961946980917454342, -0.08715574274765836016 ) ) ;
#7636 = ADVANCED_FACE ( 'NONE', ( #3622 ), #4098, .T. ) ;
#7637 = DIRECTION ( 'NONE',  ( -1.000000000000000000, 0.000000000000000000, 0.000000000000000000 ) ) ;
#7638 = EDGE_CURVE ( 'NONE', #182, #5574, #7369, .T. ) ;
#7639 = ADVANCED_FACE ( 'NONE', ( #2866 ), #439, .T. ) ;
#7640 = DIRECTION ( 'NONE',  ( 1.000000000000000000, 0.000000000000000000, 0.000000000000000000 ) ) ;
#7641 = CARTESIAN_POINT ( 'NONE',  ( 1.549995677804209437, 1.825137616804525909, 2.512086418141605826 ) ) ;
#7642 = ORIENTED_EDGE ( 'NONE', *, *, #8060, .F. ) ;
#7643 = ORIENTED_EDGE ( 'NONE', *, *, #286, .T. ) ;
#7644 = CARTESIAN_POINT ( 'NONE',  ( -7.000000000000000888, 0.000000000000000000, 0.000000000000000000 ) ) ;
#7645 = EDGE_CURVE ( 'NONE', #2560, #4805, #6263, .T. ) ;
#7646 = ORIENTED_EDGE ( 'NONE', *, *, #5163, .F. ) ;
#7647 = EDGE_CURVE ( 'NONE', #3733, #573, #3138, .T. ) ;
#7648 = EDGE_LOOP ( 'NONE', ( #2746, #7142, #1842, #8213 ) ) ;
#7649 = ADVANCED_FACE ( 'NONE', ( #4453 ), #6399, .T. ) ;
#7650 = FACE_OUTER_BOUND ( 'NONE', #4636, .T. ) ;
#7651 = EDGE_CURVE ( 'NONE', #3504, #2654, #2586, .T. ) ;
#7652 = FACE_OUTER_BOUND ( 'NONE', #4888, .T. ) ;
#7653 = AXIS2_PLACEMENT_3D ( 'NONE', #2238, #4823, #1601 ) ;
#7654 = DIRECTION ( 'NONE',  ( 0.000000000000000000, 0.000000000000000000, 1.000000000000000000 ) ) ;
#7655 = VERTEX_POINT ( 'NONE', #7851 ) ;
#7656 = DIRECTION ( 'NONE',  ( 0.000000000000000000, -0.5877852522924802425, 0.8090169943749422332 ) ) ;
#7657 = VERTEX_POINT ( 'NONE', #5907 ) ;
#7658 = ORIENTED_EDGE ( 'NONE', *, *, #7740, .T. ) ;
#7659 = ORIENTED_EDGE ( 'NONE', *, *, #7341, .T. ) ;
#7660 = CARTESIAN_POINT ( 'NONE',  ( -0.2500000000000000000, -1.667839910290878080, -0.5299151192794150367 ) ) ;
#7661 = ORIENTED_EDGE ( 'NONE', *, *, #2309, .F. ) ;
#7662 = CARTESIAN_POINT ( 'NONE',  ( -4.916740569567936703, 1.401172769205571544, -0.5202923408871957811 ) ) ;
#7663 = LINE ( 'NONE', #7624, #4960 ) ;
#7664 = TOROIDAL_SURFACE ( 'NONE', #2111, 3.432474503172795455, 0.5000000000000000000 ) ;
#7665 = CARTESIAN_POINT ( 'NONE',  ( -0.01701700490451213757, -0.3749999999999761302, 3.411928518438121394 ) ) ;
#7666 = ORIENTED_EDGE ( 'NONE', *, *, #1731, .T. ) ;
#7667 = VERTEX_POINT ( 'NONE', #645 ) ;
#7668 = CARTESIAN_POINT ( 'NONE',  ( 0.000000000000000000, 0.000000000000000000, 0.000000000000000000 ) ) ;
#7669 = CLOSED_SHELL ( 'NONE', ( #185, #2819, #847, #1209, #4846, #4284, #3857, #4052, #7177, #7950, #4578, #2589, #2982, #2045, #3890, #5627, #6294, #2959, #4568, #4266, #7495, #3039, #4134, #7803, #2449, #3490, #2101, #6827, #2555, #1672, #2349, #5303, #3534, #1268, #4323, #3702, #959, #4979, #6459, #6867, #2289, #7393, #5131, #340, #6920, #545, #3486, #6830, #2925, #4022, #1460, #535, #4906, #795, #912, #1634, #6571, #8303, #2759, #3259, #7636, #1464, #550, #4313, #2146, #1714, #4220, #5886, #1831, #5090, #7028, #3376, #6762, #4178, #5323, #263, #475, #7693, #639, #4354, #5931, #3800, #7805, #5894, #5786, #1418, #7170, #2510, #4740, #5613, #2340, #7227, #1477, #4889, #5825, #6243, #7760, #4994, #7373, #4576, #941, #1275, #2610, #1204, #7954, #4674, #5377, #3971, #383, #679, #2712, #5830, #5518, #3946, #3061, #6090, #2865, #2141, #7388, #6668, #1538, #4933, #6718, #1058, #1688, #2884, #447, #4990, #7278, #5580, #1785, #7063, #2876, #654, #1272, #2659, #3031, #1863, #2822, #2713, #3017, #5054, #240, #3005, #8307, #2750, #993, #6032, #3079, #7694, #8293, #1633, #6125, #7745, #5988, #7639, #6336, #6493, #7649, #4183, #230, #4062, #4164, #4431, #8186, #3292, #5993, #2725, #1573, #6143, #6872, #26, #4884, #3645, #128, #6821, #2200, #2042, #7079, #3289, #5272, #6003, #1948, #3028, #2504, #8256, #483, #1689, #7424, #1761, #2001, #1195, #2718, #7905, #4797, #3326, #441, #595, #1020, #5884, #8258, #2870, #70, #3270, #76, #4478, #2151, #4180, #5140, #4217, #5159, #7336, #1944, #851, #7216, #892, #2885, #3432 ) ) ;
#7670 = VECTOR ( 'NONE', #6850, 39.37007874015748143 ) ;
#7671 = CARTESIAN_POINT ( 'NONE',  ( 0.2500000000000000000, -0.7500000000000001110, -0.1250000000000003608 ) ) ;
#7672 = DIRECTION ( 'NONE',  ( 1.000000000000000000, 0.000000000000000000, 0.000000000000000000 ) ) ;
#7673 = CARTESIAN_POINT ( 'NONE',  ( 1.549995677804209437, 0.000000000000000000, 0.000000000000000000 ) ) ;
#7674 = AXIS2_PLACEMENT_3D ( 'NONE', #6740, #8163, #922 ) ;
#7675 = DIRECTION ( 'NONE',  ( -0.000000000000000000, -0.5877852522924742473, 0.8090169943749465631 ) ) ;
#7676 = VECTOR ( 'NONE', #3344, 39.37007874015748143 ) ;
#7677 = CARTESIAN_POINT ( 'NONE',  ( -5.250000000000000000, 0.000000000000000000, 0.000000000000000000 ) ) ;
#7678 = DIRECTION ( 'NONE',  ( 1.000000000000000000, 0.000000000000000000, 0.000000000000000000 ) ) ;
#7679 = AXIS2_PLACEMENT_3D ( 'NONE', #342, #2448, #1772 ) ;
#7680 = EDGE_CURVE ( 'NONE', #3248, #698, #5134, .T. ) ;
#7681 = CARTESIAN_POINT ( 'NONE',  ( 1.299995677804209882, -2.672096876284762335, 3.272374886553775416E-16 ) ) ;
#7682 = CARTESIAN_POINT ( 'NONE',  ( -4.916740475653689657, -0.2500000000000001110, 1.473597429166538131 ) ) ;
#7683 = ORIENTED_EDGE ( 'NONE', *, *, #426, .T. ) ;
#7684 = ORIENTED_EDGE ( 'NONE', *, *, #1017, .T. ) ;
#7685 = DIRECTION ( 'NONE',  ( -1.000000000000000000, -0.000000000000000000, 0.000000000000000000 ) ) ;
#7686 = AXIS2_PLACEMENT_3D ( 'NONE', #7922, #1469, #6705 ) ;
#7687 = ORIENTED_EDGE ( 'NONE', *, *, #5739, .F. ) ;
#7688 = ORIENTED_EDGE ( 'NONE', *, *, #4691, .F. ) ;
#7689 = CARTESIAN_POINT ( 'NONE',  ( -5.250000000000000000, 0.9635254915624213989, -0.2676165673298168124 ) ) ;
#7690 = EDGE_CURVE ( 'NONE', #1678, #6484, #4908, .T. ) ;
#7691 = CARTESIAN_POINT ( 'NONE',  ( -7.000000000000000000, 0.3346643017336342618, 0.4606258943332858791 ) ) ;
#7692 = DIRECTION ( 'NONE',  ( 1.224646799147352714E-16, -1.000000000000000000, 0.000000000000000000 ) ) ;
#7693 = ADVANCED_FACE ( 'NONE', ( #1756 ), #1359, .T. ) ;
#7694 = ADVANCED_FACE ( 'NONE', ( #2036 ), #5184, .T. ) ;
#7695 = ORIENTED_EDGE ( 'NONE', *, *, #6048, .T. ) ;
#7696 = DIRECTION ( 'NONE',  ( -1.000000000000000000, -0.000000000000000000, -0.000000000000000000 ) ) ;
#7697 = ORIENTED_EDGE ( 'NONE', *, *, #5007, .T. ) ;
#7698 = EDGE_CURVE ( 'NONE', #566, #6940, #3993, .T. ) ;
#7699 = ORIENTED_EDGE ( 'NONE', *, *, #582, .F. ) ;
#7700 = EDGE_LOOP ( 'NONE', ( #7742, #7482, #7068, #4644, #5466, #3239, #1974, #61, #2344, #6373, #3736, #2037, #8268, #2138, #2396, #3047, #6140, #7695, #1966, #1202, #3395, #2328, #7188, #2379, #522 ) ) ;
#7701 = DIRECTION ( 'NONE',  ( 0.000000000000000000, -0.5877852522924770229, 0.8090169943749445647 ) ) ;
#7702 = DIRECTION ( 'NONE',  ( 1.000000000000000000, 1.224646799147352714E-16, -0.000000000000000000 ) ) ;
#7703 = EDGE_LOOP ( 'NONE', ( #2687, #4527, #1498, #8056 ) ) ;
#7704 = LINE ( 'NONE', #5716, #6384 ) ;
#7705 = DIRECTION ( 'NONE',  ( 0.000000000000000000, 0.000000000000000000, -1.000000000000000000 ) ) ;
#7706 = ORIENTED_EDGE ( 'NONE', *, *, #7589, .F. ) ;
#7707 = AXIS2_PLACEMENT_3D ( 'NONE', #2322, #1050, #1010 ) ;
#7708 = FACE_OUTER_BOUND ( 'NONE', #6822, .T. ) ;
#7709 = ORIENTED_EDGE ( 'NONE', *, *, #1514, .F. ) ;
#7710 = ORIENTED_EDGE ( 'NONE', *, *, #3540, .F. ) ;
#7711 = CARTESIAN_POINT ( 'NONE',  ( 0.2500000000000000000, 3.007966137197515710, 1.303637357132010566 ) ) ;
#7712 = B_SPLINE_CURVE_WITH_KNOTS ( 'NONE', 3,
 ( #7058, #5702, #8312, #4509 ),
 .UNSPECIFIED., .F., .F.,
 ( 4, 4 ),
 ( 0.05126459962692118261, 0.05910842239666296710 ),
 .UNSPECIFIED. ) ;
#7713 = DIRECTION ( 'NONE',  ( -1.000000000000000000, -1.224646799147352714E-16, 0.000000000000000000 ) ) ;
#7714 = CARTESIAN_POINT ( 'NONE',  ( 1.549995677804209437, -1.825137616804543672, 2.512086418141593391 ) ) ;
#7715 = VECTOR ( 'NONE', #8092, 39.37007874015748143 ) ;
#7716 = DIRECTION ( 'NONE',  ( 0.000000000000000000, -0.3090169943749481174, 0.9510565162951533091 ) ) ;
#7717 = LINE ( 'NONE', #4494, #6065 ) ;
#7718 = DIRECTION ( 'NONE',  ( -0.000000000000000000, -0.8660254037844382635, -0.5000000000000005551 ) ) ;
#7719 = LINE ( 'NONE', #5903, #1696 ) ;
#7720 = CIRCLE ( 'NONE', #2168, 3.105109578176981522 ) ;
#7721 = CIRCLE ( 'NONE', #3516, 3.605109578176981078 ) ;
#7722 = AXIS2_PLACEMENT_3D ( 'NONE', #7819, #776, #3448 ) ;
#7723 = CARTESIAN_POINT ( 'NONE',  ( -0.2406238026544919861, -3.571271724709950579, 1.515914908980787290 ) ) ;
#7724 = CARTESIAN_POINT ( 'NONE',  ( 5.651087907391154571E-17, -3.018838320891102711, 2.624236115962012672 ) ) ;
#7725 = VERTEX_POINT ( 'NONE', #1958 ) ;
#7726 = AXIS2_PLACEMENT_3D ( 'NONE', #3864, #3261, #5861 ) ;
#7727 = DIRECTION ( 'NONE',  ( 0.000000000000000000, 0.9205048534524454817, -0.3907311284892616143 ) ) ;
#7728 = VERTEX_POINT ( 'NONE', #7568 ) ;
#7729 = CARTESIAN_POINT ( 'NONE',  ( 1.549995677804209437, -2.916594915329087989, 2.119030242950751486 ) ) ;
#7730 = EDGE_CURVE ( 'NONE', #5588, #6469, #2056, .T. ) ;
#7731 = ORIENTED_EDGE ( 'NONE', *, *, #1210, .F. ) ;
#7732 = ORIENTED_EDGE ( 'NONE', *, *, #4476, .T. ) ;
#7733 = DIRECTION ( 'NONE',  ( 1.000000000000000000, 1.224646799147352714E-16, -0.000000000000000000 ) ) ;
#7734 = CIRCLE ( 'NONE', #3666, 0.5693649175925757921 ) ;
#7735 = LINE ( 'NONE', #7016, #1084 ) ;
#7736 = LINE ( 'NONE', #2596, #7768 ) ;
#7737 = VERTEX_POINT ( 'NONE', #6502 ) ;
#7738 = CIRCLE ( 'NONE', #2997, 0.2500000000000000000 ) ;
#7739 = FACE_OUTER_BOUND ( 'NONE', #8123, .T. ) ;
#7740 = EDGE_CURVE ( 'NONE', #3086, #2384, #2630, .T. ) ;
#7741 = ORIENTED_EDGE ( 'NONE', *, *, #107, .F. ) ;
#7742 = ORIENTED_EDGE ( 'NONE', *, *, #1067, .T. ) ;
#7743 = ORIENTED_EDGE ( 'NONE', *, *, #7844, .T. ) ;
#7744 = LINE ( 'NONE', #662, #7236 ) ;
#7745 = ADVANCED_FACE ( 'NONE', ( #1403 ), #2467, .T. ) ;
#7746 = AXIS2_PLACEMENT_3D ( 'NONE', #540, #625, #3244 ) ;
#7747 = PERSON_AND_ORGANIZATION_ROLE ( 'creator' ) ;
#7748 = EDGE_CURVE ( 'NONE', #7224, #2764, #1921, .T. ) ;
#7749 = ORIENTED_EDGE ( 'NONE', *, *, #8155, .F. ) ;
#7750 = LINE ( 'NONE', #2483, #6126 ) ;
#7751 = DIRECTION ( 'NONE',  ( 1.000000000000000000, -0.000000000000000000, -0.000000000000000000 ) ) ;
#7752 = CARTESIAN_POINT ( 'NONE',  ( 0.000000000000000000, 3.857252853159503392, 2.317671337095248862 ) ) ;
#7753 = VECTOR ( 'NONE', #857, 39.37007874015748143 ) ;
#7754 = TOROIDAL_SURFACE ( 'NONE', #7883, 3.924635337491861886, 0.5000000000000000000 ) ;
#7755 = ORIENTED_EDGE ( 'NONE', *, *, #4069, .T. ) ;
#7756 = VECTOR ( 'NONE', #7877, 39.37007874015748854 ) ;
#7757 = EDGE_LOOP ( 'NONE', ( #8374, #3765, #6896, #3402 ) ) ;
#7758 = PLANE ( 'NONE',  #3279 ) ;
#7759 = VECTOR ( 'NONE', #5132, 39.37007874015748143 ) ;
#7760 = ADVANCED_FACE ( 'NONE', ( #6587 ), #5318, .T. ) ;
#7761 = CARTESIAN_POINT ( 'NONE',  ( -7.000000000000000000, 0.3346643017336408676, -0.4606258943332811051 ) ) ;
#7762 = CARTESIAN_POINT ( 'NONE',  ( -0.2482449321572040568, -3.527804100961064115, -2.563099709819979033 ) ) ;
#7763 = CARTESIAN_POINT ( 'NONE',  ( -0.09468133410505572001, -0.3750000000000000555, -3.372862513926846439 ) ) ;
#7764 = DIRECTION ( 'NONE',  ( 1.000000000000000000, 0.000000000000000000, 0.000000000000000000 ) ) ;
#7765 = CARTESIAN_POINT ( 'NONE',  ( 0.2500000000000000000, 0.000000000000000000, 0.000000000000000000 ) ) ;
#7766 = DIRECTION ( 'NONE',  ( 1.000000000000000000, -0.000000000000000000, 0.000000000000000000 ) ) ;
#7767 = CIRCLE ( 'NONE', #1539, 0.5693649175925756811 ) ;
#7768 = VECTOR ( 'NONE', #8358, 39.37007874015748854 ) ;
#7769 = DIRECTION ( 'NONE',  ( 0.000000000000000000, 0.9510565162951545304, -0.3090169943749447312 ) ) ;
#7770 = CARTESIAN_POINT ( 'NONE',  ( 0.2500000000000000000, 1.292839910290887406, 1.179434172117736157 ) ) ;
#7771 = ORIENTED_EDGE ( 'NONE', *, *, #2154, .F. ) ;
#7772 = DIRECTION ( 'NONE',  ( -1.000000000000000000, -1.224646799147352714E-16, 0.000000000000000000 ) ) ;
#7773 = ORIENTED_EDGE ( 'NONE', *, *, #2645, .T. ) ;
#7774 = CARTESIAN_POINT ( 'NONE',  ( -7.000000000000000888, 0.000000000000000000, 0.000000000000000000 ) ) ;
#7775 = VERTEX_POINT ( 'NONE', #2393 ) ;
#7776 = B_SPLINE_CURVE_WITH_KNOTS ( 'NONE', 3,
 ( #2324, #418, #2878, #1728 ),
 .UNSPECIFIED., .F., .F.,
 ( 4, 4 ),
 ( 2.224515541034981973E-07, 0.01411848006884462541 ),
 .UNSPECIFIED. ) ;
#7777 = VERTEX_POINT ( 'NONE', #6549 ) ;
#7778 = FACE_OUTER_BOUND ( 'NONE', #1570, .T. ) ;
#7779 = DIRECTION ( 'NONE',  ( 1.000000000000000000, 0.000000000000000000, 0.000000000000000000 ) ) ;
#7780 = EDGE_CURVE ( 'NONE', #8115, #7259, #3414, .T. ) ;
#7781 = CARTESIAN_POINT ( 'NONE',  ( 0.2500000000000000000, -1.292839910290879191, -1.179434172117745483 ) ) ;
#7782 = EDGE_LOOP ( 'NONE', ( #5016, #7789, #5236, #3607 ) ) ;
#7783 = ORIENTED_EDGE ( 'NONE', *, *, #1881, .T. ) ;
#7784 = VERTEX_POINT ( 'NONE', #5484 ) ;
#7785 = ORIENTED_EDGE ( 'NONE', *, *, #5410, .F. ) ;
#7786 = DIRECTION ( 'NONE',  ( 0.000000000000000000, 0.000000000000000000, 1.000000000000000000 ) ) ;
#7787 = COORDINATED_UNIVERSAL_TIME_OFFSET ( 7, 0, .BEHIND. ) ;
#7788 = EDGE_CURVE ( 'NONE', #5062, #7795, #2845, .T. ) ;
#7789 = ORIENTED_EDGE ( 'NONE', *, *, #2077, .T. ) ;
#7790 = DIRECTION ( 'NONE',  ( 0.8944271909999157444, -0.1006011698246281200, 0.4357515400201316114 ) ) ;
#7791 = CARTESIAN_POINT ( 'NONE',  ( 1.549995677804209437, 0.000000000000000000, 0.000000000000000000 ) ) ;
#7792 = VERTEX_POINT ( 'NONE', #1535 ) ;
#7793 = CC_DESIGN_PERSON_AND_ORGANIZATION_ASSIGNMENT ( #6391, #5244, ( #5145 ) ) ;
#7794 = LINE ( 'NONE', #3933, #5286 ) ;
#7795 = VERTEX_POINT ( 'NONE', #177 ) ;
#7796 = VERTEX_POINT ( 'NONE', #260 ) ;
#7797 = DIRECTION ( 'NONE',  ( 0.000000000000000000, 3.346785393192879941E-17, -1.000000000000000000 ) ) ;
#7798 = DIRECTION ( 'NONE',  ( -8.797911715786014202E-17, 1.000000000000000000, 0.000000000000000000 ) ) ;
#7799 = EDGE_CURVE ( 'NONE', #3522, #5494, #7617, .T. ) ;
#7800 = CARTESIAN_POINT ( 'NONE',  ( -7.087718996171313179, 0.000000000000000000, 0.000000000000000000 ) ) ;
#7801 = EDGE_CURVE ( 'NONE', #619, #1599, #4204, .T. ) ;
#7802 = DIRECTION ( 'NONE',  ( 0.000000000000000000, -0.6560590289905000594, -0.7547095802227781203 ) ) ;
#7803 = ADVANCED_FACE ( 'NONE', ( #8018 ), #2165, .F. ) ;
#7804 = CARTESIAN_POINT ( 'NONE',  ( -0.003439171656184221090, 0.000000000000000000, 0.000000000000000000 ) ) ;
#7805 = ADVANCED_FACE ( 'NONE', ( #895 ), #6716, .T. ) ;
#7806 = CARTESIAN_POINT ( 'NONE',  ( 0.2500000000000000000, -0.3749999999999879541, 1.709349291397170623 ) ) ;
#7807 = AXIS2_PLACEMENT_3D ( 'NONE', #6312, #2527, #1214 ) ;
#7808 = AXIS2_PLACEMENT_3D ( 'NONE', #4941, #1720, #8117 ) ;
#7809 = CYLINDRICAL_SURFACE ( 'NONE', #1901, 1.750000000000000222 ) ;
#7810 = DIRECTION ( 'NONE',  ( -1.000000000000000000, 0.000000000000000000, -0.000000000000000000 ) ) ;
#7811 = CONICAL_SURFACE ( 'NONE', #6864, 3.105109578176981078, 0.5235987755983000369 ) ;
#7812 = ORIENTED_EDGE ( 'NONE', *, *, #5003, .T. ) ;
#7813 = DIRECTION ( 'NONE',  ( -1.236773978361170610E-16, 1.000000000000000000, 0.000000000000000000 ) ) ;
#7814 = EDGE_LOOP ( 'NONE', ( #8164, #4419, #6052, #5882 ) ) ;
#7815 = CARTESIAN_POINT ( 'NONE',  ( 0.000000000000000000, -0.3922008423644156583, -4.482876141412859283 ) ) ;
#7816 = ORIENTED_EDGE ( 'NONE', *, *, #6623, .F. ) ;
#7817 = VECTOR ( 'NONE', #8132, 39.37007874015748143 ) ;
#7818 = AXIS2_PLACEMENT_3D ( 'NONE', #68, #8323, #1381 ) ;
#7819 = CARTESIAN_POINT ( 'NONE',  ( 1.549995677804209659, 2.848721405383343027E-17, 0.000000000000000000 ) ) ;
#7820 = CARTESIAN_POINT ( 'NONE',  ( -0.003439171656184630919, -0.3420545078527690852, -3.909700915152904521 ) ) ;
#7821 = CARTESIAN_POINT ( 'NONE',  ( -7.000000000000000000, -0.3346643017336374815, 0.4606258943332835476 ) ) ;
#7822 = ORIENTED_EDGE ( 'NONE', *, *, #3997, .F. ) ;
#7823 = AXIS2_PLACEMENT_3D ( 'NONE', #3467, #1560, #205 ) ;
#7824 = ORIENTED_EDGE ( 'NONE', *, *, #2554, .F. ) ;
#7825 = ORIENTED_EDGE ( 'NONE', *, *, #1942, .T. ) ;
#7826 = ORIENTED_EDGE ( 'NONE', *, *, #6300, .F. ) ;
#7827 = ORIENTED_EDGE ( 'NONE', *, *, #757, .F. ) ;
#7828 = DIRECTION ( 'NONE',  ( -1.000000000000000000, -0.000000000000000000, -0.000000000000000000 ) ) ;
#7829 = DATE_TIME_ROLE ( 'creation_date' ) ;
#7830 = VERTEX_POINT ( 'NONE', #3481 ) ;
#7831 = CARTESIAN_POINT ( 'NONE',  ( -0.2500000000000000000, 0.000000000000000000, 0.000000000000000000 ) ) ;
#7832 = LINE ( 'NONE', #1462, #6470 ) ;
#7833 = CARTESIAN_POINT ( 'NONE',  ( 1.549995677804209437, 1.856768696984107292, -3.090182045861271209 ) ) ;
#7834 = ORIENTED_EDGE ( 'NONE', *, *, #3594, .F. ) ;
#7835 = EDGE_CURVE ( 'NONE', #6984, #5920, #4082, .T. ) ;
#7836 = ORIENTED_EDGE ( 'NONE', *, *, #7912, .F. ) ;
#7837 = CARTESIAN_POINT ( 'NONE',  ( -7.000000000000000000, -0.5547721316411171610, -0.1280792385188619653 ) ) ;
#7838 = DIRECTION ( 'NONE',  ( -1.000000000000000000, 0.000000000000000000, 0.000000000000000000 ) ) ;
#7839 = DIRECTION ( 'NONE',  ( 1.232246991851730235E-16, -1.000000000000000000, 0.000000000000000000 ) ) ;
#7840 = CARTESIAN_POINT ( 'NONE',  ( -0.2482449321572040568, -3.737768600229396831, -2.245877954915657781 ) ) ;
#7841 = DIRECTION ( 'NONE',  ( -1.022361134399654570E-16, 1.000000000000000000, 0.000000000000000000 ) ) ;
#7842 = LINE ( 'NONE', #3133, #2524 ) ;
#7843 = DIRECTION ( 'NONE',  ( 0.000000000000000000, 0.000000000000000000, 1.000000000000000000 ) ) ;
#7844 = EDGE_CURVE ( 'NONE', #3494, #4271, #5356, .T. ) ;
#7845 = CARTESIAN_POINT ( 'NONE',  ( -0.2500000000000000000, 1.667839910290870087, -0.5299151192794385734 ) ) ;
#7846 = EDGE_CURVE ( 'NONE', #2859, #5629, #1442, .T. ) ;
#7847 = EDGE_CURVE ( 'NONE', #7189, #1501, #7353, .T. ) ;
#7848 = DIRECTION ( 'NONE',  ( -1.000000000000000000, -0.000000000000000000, -0.000000000000000000 ) ) ;
#7849 = DIRECTION ( 'NONE',  ( -1.000000000000000000, 0.000000000000000000, -0.000000000000000000 ) ) ;
#7850 = ORIENTED_EDGE ( 'NONE', *, *, #1971, .F. ) ;
#7851 = CARTESIAN_POINT ( 'NONE',  ( 0.2329829950954870610, 1.990873088686171188, -3.313369233464107388 ) ) ;
#7852 = ORIENTED_EDGE ( 'NONE', *, *, #2709, .F. ) ;
#7853 = CARTESIAN_POINT ( 'NONE',  ( 1.549995677804209437, -1.599249659529055290, 2.661598395510230475 ) ) ;
#7854 = AXIS2_PLACEMENT_3D ( 'NONE', #2451, #4405, #2622 ) ;
#7855 = ORIENTED_EDGE ( 'NONE', *, *, #3911, .F. ) ;
#7856 = DIRECTION ( 'NONE',  ( 0.8944271909999158554, 0.4116622851876299838, -0.1747402728454388599 ) ) ;
#7857 = DIRECTION ( 'NONE',  ( 0.000000000000000000, -1.000000000000000000, -1.310441370859486538E-16 ) ) ;
#7858 = AXIS2_PLACEMENT_3D ( 'NONE', #7145, #7779, #6474 ) ;
#7859 = DIRECTION ( 'NONE',  ( 0.000000000000000000, 0.000000000000000000, 1.000000000000000000 ) ) ;
#7860 = ORIENTED_EDGE ( 'NONE', *, *, #295, .T. ) ;
#7861 = EDGE_LOOP ( 'NONE', ( #7194, #4710, #3158, #5194 ) ) ;
#7862 = CIRCLE ( 'NONE', #280, 4.360605680090435143 ) ;
#7863 = EDGE_LOOP ( 'NONE', ( #408, #4127, #8122, #7642 ) ) ;
#7864 = VECTOR ( 'NONE', #8182, 39.37007874015748143 ) ;
#7865 = ORIENTED_EDGE ( 'NONE', *, *, #4771, .F. ) ;
#7866 = ORIENTED_EDGE ( 'NONE', *, *, #3842, .T. ) ;
#7867 = CARTESIAN_POINT ( 'NONE',  ( 0.2329829950954873385, -1.328003225777370155E-16, 0.000000000000000000 ) ) ;
#7868 = COORDINATED_UNIVERSAL_TIME_OFFSET ( 7, 0, .BEHIND. ) ;
#7869 = CIRCLE ( 'NONE', #4215, 0.5000000000000001110 ) ;
#7870 = ORIENTED_EDGE ( 'NONE', *, *, #3104, .T. ) ;
#7871 = CARTESIAN_POINT ( 'NONE',  ( -0.01701700490451205083, -1.634164925564208026E-16, 0.000000000000000000 ) ) ;
#7872 = CARTESIAN_POINT ( 'NONE',  ( -0.2500000000000000000, -1.667839910290874306, 0.5299151192794272491 ) ) ;
#7873 = CARTESIAN_POINT ( 'NONE',  ( 1.549995677804209437, 3.428662956283305085, -1.114040126240540385 ) ) ;
#7874 = ORIENTED_EDGE ( 'NONE', *, *, #8101, .T. ) ;
#7875 = AXIS2_PLACEMENT_3D ( 'NONE', #7324, #6699, #876 ) ;
#7876 = ORIENTED_EDGE ( 'NONE', *, *, #5102, .T. ) ;
#7877 = DIRECTION ( 'NONE',  ( 0.000000000000000000, 0.9743700647852334695, 0.2249510543438724697 ) ) ;
#7878 = DIRECTION ( 'NONE',  ( -1.000000000000000000, -0.000000000000000000, -0.000000000000000000 ) ) ;
#7879 = AXIS2_PLACEMENT_3D ( 'NONE', #5485, #6880, #2214 ) ;
#7880 = EDGE_CURVE ( 'NONE', #2809, #2115, #6758, .T. ) ;
#7881 = DIRECTION ( 'NONE',  ( 1.000000000000000000, 0.000000000000000000, 0.000000000000000000 ) ) ;
#7882 = VECTOR ( 'NONE', #7933, 39.37007874015748143 ) ;
#7883 = AXIS2_PLACEMENT_3D ( 'NONE', #897, #5997, #3483 ) ;
#7884 = LINE ( 'NONE', #7378, #6860 ) ;
#7885 = CARTESIAN_POINT ( 'NONE',  ( 0.000000000000000000, 0.000000000000000000, 0.000000000000000000 ) ) ;
#7886 = LINE ( 'NONE', #168, #3787 ) ;
#7887 = VECTOR ( 'NONE', #6420, 39.37007874015748143 ) ;
#7888 = CARTESIAN_POINT ( 'NONE',  ( 1.549995677804209437, 0.3142060029726995718, 3.591391047819679105 ) ) ;
#7889 = CIRCLE ( 'NONE', #4240, 3.105109578176981078 ) ;
#7890 = AXIS2_PLACEMENT_3D ( 'NONE', #3816, #6415, #5770 ) ;
#7891 = CARTESIAN_POINT ( 'NONE',  ( 1.549995677804209659, 2.848721405383343027E-17, 0.000000000000000000 ) ) ;
#7892 = CIRCLE ( 'NONE', #7090, 0.5693649175925756811 ) ;
#7893 = EDGE_CURVE ( 'NONE', #3573, #1795, #809, .T. ) ;
#7894 = CARTESIAN_POINT ( 'NONE',  ( -5.083421024121624221, 0.2499999999999998890, 1.392690009866359713 ) ) ;
#7895 = ORIENTED_EDGE ( 'NONE', *, *, #6510, .T. ) ;
#7896 = CARTESIAN_POINT ( 'NONE',  ( -4.750000000000000000, -0.9635254915624212879, 0.2676165673298173675 ) ) ;
#7897 = ORIENTED_EDGE ( 'NONE', *, *, #7292, .F. ) ;
#7898 = FACE_OUTER_BOUND ( 'NONE', #6110, .T. ) ;
#7899 = DIRECTION ( 'NONE',  ( 0.000000000000000000, 0.000000000000000000, -1.000000000000000000 ) ) ;
#7900 = EDGE_CURVE ( 'NONE', #3041, #4805, #7303, .T. ) ;
#7901 = VERTEX_POINT ( 'NONE', #7389 ) ;
#7902 = VECTOR ( 'NONE', #1677, 39.37007874015748143 ) ;
#7903 = DIRECTION ( 'NONE',  ( 1.224646799147352714E-16, -1.000000000000000000, 0.000000000000000000 ) ) ;
#7904 = DIRECTION ( 'NONE',  ( 1.000000000000000000, -0.000000000000000000, 0.000000000000000000 ) ) ;
#7905 = ADVANCED_FACE ( 'NONE', ( #2213, #3440, #1571, #219, #937, #6035 ), #5400, .T. ) ;
#7906 = CARTESIAN_POINT ( 'NONE',  ( -8.000000000000000000, -1.141049949815564599E-15, 0.000000000000000000 ) ) ;
#7907 = ORIENTED_EDGE ( 'NONE', *, *, #596, .T. ) ;
#7908 = EDGE_LOOP ( 'NONE', ( #3463, #2178, #6833, #5957 ) ) ;
#7909 = EDGE_CURVE ( 'NONE', #6615, #5061, #7349, .T. ) ;
#7910 = ORIENTED_EDGE ( 'NONE', *, *, #596, .F. ) ;
#7911 = ORIENTED_EDGE ( 'NONE', *, *, #8385, .T. ) ;
#7912 = EDGE_CURVE ( 'NONE', #234, #4317, #5177, .T. ) ;
#7913 = ORIENTED_EDGE ( 'NONE', *, *, #1781, .T. ) ;
#7914 = CARTESIAN_POINT ( 'NONE',  ( -0.01701700490451298065, 3.159609439522329755, -1.341174636135324949 ) ) ;
#7915 = EDGE_LOOP ( 'NONE', ( #4473, #7304, #4261, #6928 ) ) ;
#7916 = DIRECTION ( 'NONE',  ( 1.232246991851730235E-16, -1.000000000000000000, 0.000000000000000000 ) ) ;
#7917 = LINE ( 'NONE', #831, #5385 ) ;
#7918 = LINE ( 'NONE', #4693, #5700 ) ;
#7919 = VERTEX_POINT ( 'NONE', #1612 ) ;
#7920 = ORIENTED_EDGE ( 'NONE', *, *, #2437, .T. ) ;
#7921 = CARTESIAN_POINT ( 'NONE',  ( -0.2499999999999998057, -1.004130275249512522E-15, -1.015226993466433575E-15 ) ) ;
#7922 = CARTESIAN_POINT ( 'NONE',  ( -0.003439171656184630919, 0.000000000000000000, 0.000000000000000000 ) ) ;
#7923 = AXIS2_PLACEMENT_3D ( 'NONE', #7043, #1232, #6417 ) ;
#7924 = DIRECTION ( 'NONE',  ( -0.8719406851971467365, -0.1512982806313952766, -0.4656482275021711636 ) ) ;
#7925 = FACE_OUTER_BOUND ( 'NONE', #3670, .T. ) ;
#7926 = DIRECTION ( 'NONE',  ( 0.000000000000000000, 0.8660254037844431485, 0.4999999999999920619 ) ) ;
#7927 = CARTESIAN_POINT ( 'NONE',  ( 0.2329829950954873385, -0.3368994084389709820, -3.850777859227251021 ) ) ;
#7928 = ORIENTED_EDGE ( 'NONE', *, *, #1210, .T. ) ;
#7929 = DIRECTION ( 'NONE',  ( 0.000000000000000000, -0.5877852522924769119, 0.8090169943749446757 ) ) ;
#7930 = FACE_OUTER_BOUND ( 'NONE', #5386, .T. ) ;
#7931 = LINE ( 'NONE', #935, #2205 ) ;
#7932 = ORIENTED_EDGE ( 'NONE', *, *, #4949, .T. ) ;
#7933 = DIRECTION ( 'NONE',  ( 0.000000000000000000, 0.5877852522924830181, -0.8090169943749402348 ) ) ;
#7934 = ORIENTED_EDGE ( 'NONE', *, *, #5784, .T. ) ;
#7935 = CARTESIAN_POINT ( 'NONE',  ( -4.750000000000000000, 0.000000000000000000, 0.000000000000000000 ) ) ;
#7936 = DIRECTION ( 'NONE',  ( 1.000000000000000000, 0.000000000000000000, 0.000000000000000000 ) ) ;
#7937 = ORIENTED_EDGE ( 'NONE', *, *, #7232, .F. ) ;
#7938 = VECTOR ( 'NONE', #7335, 39.37007874015748143 ) ;
#7939 = EDGE_CURVE ( 'NONE', #7725, #1892, #3353, .T. ) ;
#7940 = CARTESIAN_POINT ( 'NONE',  ( 1.549995677804209437, -3.605109578176981078, 0.000000000000000000 ) ) ;
#7941 = VECTOR ( 'NONE', #1712, 39.37007874015748143 ) ;
#7942 = CARTESIAN_POINT ( 'NONE',  ( -4.750000000000000000, 0.2499999999999999167, 0.9682458365518542553 ) ) ;
#7943 = DIRECTION ( 'NONE',  ( 0.000000000000000000, 0.000000000000000000, 1.000000000000000000 ) ) ;
#7944 = ORIENTED_EDGE ( 'NONE', *, *, #8088, .T. ) ;
#7945 = EDGE_LOOP ( 'NONE', ( #7257, #5028, #8040, #4545 ) ) ;
#7946 = VECTOR ( 'NONE', #7282, 39.37007874015748854 ) ;
#7947 = AXIS2_PLACEMENT_3D ( 'NONE', #1397, #6708, #122 ) ;
#7948 = VERTEX_POINT ( 'NONE', #8178 ) ;
#7949 = EDGE_LOOP ( 'NONE', ( #7317, #3002, #4569, #1512, #5267, #4893, #5232, #62, #103, #6342, #190, #2321, #7560, #1114, #5783, #1340 ) ) ;
#7950 = ADVANCED_FACE ( 'NONE', ( #3563 ), #3964, .F. ) ;
#7951 = ORIENTED_EDGE ( 'NONE', *, *, #7398, .T. ) ;
#7952 = CARTESIAN_POINT ( 'NONE',  ( 0.2500000000000000000, -1.667839910290878080, -0.5299151192794150367 ) ) ;
#7953 = EDGE_CURVE ( 'NONE', #1911, #3624, #313, .T. ) ;
#7954 = ADVANCED_FACE ( 'NONE', ( #6962 ), #471, .F. ) ;
#7955 = ORIENTED_EDGE ( 'NONE', *, *, #6564, .T. ) ;
#7956 = DIRECTION ( 'NONE',  ( 0.8944271909999158554, -0.1747402728454403309, -0.4116622851876293732 ) ) ;
#7957 = EDGE_CURVE ( 'NONE', #8368, #3573, #6915, .T. ) ;
#7958 = CARTESIAN_POINT ( 'NONE',  ( 0.2329829950954881435, -2.272076372062481031, 3.127244840436503193 ) ) ;
#7959 = CARTESIAN_POINT ( 'NONE',  ( 0.2465608283438172066, 0.000000000000000000, 0.000000000000000000 ) ) ;
#7960 = ORIENTED_EDGE ( 'NONE', *, *, #1244, .T. ) ;
#7961 = CIRCLE ( 'NONE', #5529, 0.1250000000000000000 ) ;
#7962 = ORIENTED_EDGE ( 'NONE', *, *, #3380, .F. ) ;
#7963 = DIRECTION ( 'NONE',  ( -1.000000000000000000, -1.224646799147352714E-16, 0.000000000000000000 ) ) ;
#7964 = PLANE ( 'NONE',  #7823 ) ;
#7965 = DIRECTION ( 'NONE',  ( 0.000000000000000000, 1.000000000000000000, 3.491481338843132961E-15 ) ) ;
#7966 = B_SPLINE_CURVE_WITH_KNOTS ( 'NONE', 3,
 ( #6105, #4277, #2998, #1092 ),
 .UNSPECIFIED., .F., .F.,
 ( 4, 4 ),
 ( 2.238767480371523467E-07, 0.006624761241211878440 ),
 .UNSPECIFIED. ) ;
#7967 = CARTESIAN_POINT ( 'NONE',  ( -7.000000000000000000, -0.1759434355369921543, -0.5414982150262739324 ) ) ;
#7968 = CARTESIAN_POINT ( 'NONE',  ( 0.2500000000000000000, 1.667839910290870087, -0.5299151192794385734 ) ) ;
#7969 = FACE_OUTER_BOUND ( 'NONE', #3237, .T. ) ;
#7970 = EDGE_LOOP ( 'NONE', ( #6602, #8173, #730, #7573 ) ) ;
#7971 = DIRECTION ( 'NONE',  ( -0.8660254037844379305, 0.4871850323926186221, 0.1124755271719329874 ) ) ;
#7972 = CARTESIAN_POINT ( 'NONE',  ( 0.2500000000000000000, 0.000000000000000000, 0.000000000000000000 ) ) ;
#7973 = DIRECTION ( 'NONE',  ( 1.000000000000000000, 0.000000000000000000, 0.000000000000000000 ) ) ;
#7974 = VERTEX_POINT ( 'NONE', #2966 ) ;
#7975 = DIRECTION ( 'NONE',  ( 0.000000000000000000, 0.000000000000000000, -1.000000000000000000 ) ) ;
#7976 = CARTESIAN_POINT ( 'NONE',  ( 0.2500000000000000000, 1.530808498934192125E-17, -0.8750000000000001110 ) ) ;
#7977 = CARTESIAN_POINT ( 'NONE',  ( -7.000000000000000000, 0.2932446110782077064, -0.4880409895273051801 ) ) ;
#7978 = EDGE_LOOP ( 'NONE', ( #1415, #364, #7628, #7834 ) ) ;
#7979 = CARTESIAN_POINT ( 'NONE',  ( 1.549995677804209437, -0.3142060029726744808, -3.591391047819681326 ) ) ;
#7980 = DIRECTION ( 'NONE',  ( 8.797911715786014202E-17, -1.000000000000000000, 0.000000000000000000 ) ) ;
#7981 = DIRECTION ( 'NONE',  ( 0.000000000000000000, 1.000000000000000000, 3.491481338843133355E-15 ) ) ;
#7982 = VERTEX_POINT ( 'NONE', #8257 ) ;
#7983 = CIRCLE ( 'NONE', #403, 0.4999999999999998890 ) ;
#7984 = ORIENTED_EDGE ( 'NONE', *, *, #4280, .T. ) ;
#7985 = EDGE_CURVE ( 'NONE', #6049, #5891, #4368, .T. ) ;
#7986 = ORIENTED_EDGE ( 'NONE', *, *, #7017, .T. ) ;
#7987 = VERTEX_POINT ( 'NONE', #8218 ) ;
#7988 = EDGE_LOOP ( 'NONE', ( #7222, #7057, #2423, #4715 ) ) ;
#7989 = CARTESIAN_POINT ( 'NONE',  ( 5.651087907391154571E-17, -1.236067977499753390, -3.804226065180626115 ) ) ;
#7991 = CIRCLE ( 'NONE', #4337, 0.5000000000000001110 ) ;
#7990 = DIRECTION ( 'NONE',  ( -1.000000000000000000, -0.000000000000000000, -0.000000000000000000 ) ) ;
#7992 = VECTOR ( 'NONE', #8025, 39.37007874015748143 ) ;
#7993 = ORIENTED_EDGE ( 'NONE', *, *, #4069, .F. ) ;
#7994 = EDGE_CURVE ( 'NONE', #2006, #7655, #3552, .T. ) ;
#7995 = DIRECTION ( 'NONE',  ( 8.797911715786014202E-17, -1.000000000000000000, 0.000000000000000000 ) ) ;
#7996 = CARTESIAN_POINT ( 'NONE',  ( 0.07199504484766065804, -2.722542741169276415, -2.004873486386553605 ) ) ;
#7997 = VECTOR ( 'NONE', #7006, 39.37007874015748854 ) ;
#7998 = CARTESIAN_POINT ( 'NONE',  ( -4.916740731349261928, -0.2500000000000000000, -1.473597305286191483 ) ) ;
#7999 = VERTEX_POINT ( 'NONE', #2413 ) ;
#8000 = EDGE_CURVE ( 'NONE', #7582, #4332, #4637, .T. ) ;
#8001 = ORIENTED_EDGE ( 'NONE', *, *, #6344, .F. ) ;
#8002 = CARTESIAN_POINT ( 'NONE',  ( -7.000000000000000000, 0.1759434355370035064, -0.5414982150262701577 ) ) ;
#8003 = DIRECTION ( 'NONE',  ( 0.000000000000000000, 0.000000000000000000, 1.000000000000000000 ) ) ;
#8004 = EDGE_CURVE ( 'NONE', #6561, #1289, #4628, .T. ) ;
#8005 = CARTESIAN_POINT ( 'NONE',  ( -0.1723424495515875898, 3.074646941586203219, -1.342135537495678488 ) ) ;
#8006 = CARTESIAN_POINT ( 'NONE',  ( 0.2500000000000000000, 0.3750000000000229261, 3.256793767102402981 ) ) ;
#8007 = DIRECTION ( 'NONE',  ( 0.000000000000000000, -0.5877852522924624790, -0.8090169943749551118 ) ) ;
#8008 = DIRECTION ( 'NONE',  ( -1.000000000000000000, -0.000000000000000000, -0.000000000000000000 ) ) ;
#8009 = AXIS2_PLACEMENT_3D ( 'NONE', #4026, #4612, #2834 ) ;
#8010 = EDGE_CURVE ( 'NONE', #4683, #5057, #6199, .T. ) ;
#8011 = ORIENTED_EDGE ( 'NONE', *, *, #6769, .F. ) ;
#8012 = DIRECTION ( 'NONE',  ( 0.000000000000000000, -0.9510565162951555296, 0.3090169943749413450 ) ) ;
#8013 = VECTOR ( 'NONE', #2144, 39.37007874015748143 ) ;
#8014 = LINE ( 'NONE', #2209, #7332 ) ;
#8015 = FACE_OUTER_BOUND ( 'NONE', #7915, .T. ) ;
#8016 = EDGE_LOOP ( 'NONE', ( #5394, #2756, #6967, #5618 ) ) ;
#8017 = CIRCLE ( 'NONE', #2738, 0.4999999999999998335 ) ;
#8018 = FACE_OUTER_BOUND ( 'NONE', #1734, .T. ) ;
#8019 = LINE ( 'NONE', #1663, #5964 ) ;
#8020 = DIRECTION ( 'NONE',  ( -1.000000000000000000, -0.000000000000000000, 0.000000000000000000 ) ) ;
#8021 = ORIENTED_EDGE ( 'NONE', *, *, #801, .T. ) ;
#8022 = VECTOR ( 'NONE', #2929, 39.37007874015748143 ) ;
#8023 = AXIS2_PLACEMENT_3D ( 'NONE', #5649, #2933, #5049 ) ;
#8024 = AXIS2_PLACEMENT_3D ( 'NONE', #3938, #6447, #2533 ) ;
#8025 = DIRECTION ( 'NONE',  ( 0.000000000000000000, -1.047444401652940007E-14, 1.000000000000000000 ) ) ;
#8026 = VECTOR ( 'NONE', #1023, 39.37007874015748854 ) ;
#8027 = FACE_OUTER_BOUND ( 'NONE', #1997, .T. ) ;
#8028 = ORIENTED_EDGE ( 'NONE', *, *, #4611, .T. ) ;
#8029 = DIRECTION ( 'NONE',  ( 0.8944271909999158554, 0.3375163849296936580, -0.2933985172150516130 ) ) ;
#8030 = AXIS2_PLACEMENT_3D ( 'NONE', #3233, #4464, #3315 ) ;
#8031 = VERTEX_POINT ( 'NONE', #7593 ) ;
#8032 = ORIENTED_EDGE ( 'NONE', *, *, #4534, .T. ) ;
#8033 = CARTESIAN_POINT ( 'NONE',  ( -0.2406238026544924580, 1.198889555364150539, -3.689802647435463712 ) ) ;
#8034 = AXIS2_PLACEMENT_3D ( 'NONE', #3406, #8063, #144 ) ;
#8035 = DIRECTION ( 'NONE',  ( 0.8944271909999158554, -0.03897723308264501585, -0.4455118127516050630 ) ) ;
#8036 = ORIENTED_EDGE ( 'NONE', *, *, #7167, .T. ) ;
#8037 = DIRECTION ( 'NONE',  ( -1.000000000000000000, 0.000000000000000000, 0.000000000000000000 ) ) ;
#8038 = CARTESIAN_POINT ( 'NONE',  ( -7.000000000000000888, 0.000000000000000000, -0.000000000000000000 ) ) ;
#8039 = ORIENTED_EDGE ( 'NONE', *, *, #6680, .F. ) ;
#8040 = ORIENTED_EDGE ( 'NONE', *, *, #7540, .F. ) ;
#8041 = DIRECTION ( 'NONE',  ( 0.000000000000000000, 0.000000000000000000, 1.000000000000000000 ) ) ;
#8042 = EDGE_CURVE ( 'NONE', #3585, #8354, #348, .T. ) ;
#8043 = DIRECTION ( 'NONE',  ( 0.000000000000000000, -0.8090169943749551118, 0.5877852522924624790 ) ) ;
#8044 = PRODUCT_RELATED_PRODUCT_CATEGORY ( 'detail', '', ( #6676 ) ) ;
#8045 = LINE ( 'NONE', #2917, #558 ) ;
#8046 = CARTESIAN_POINT ( 'NONE',  ( -4.750000000000000000, -0.2500000000000000000, -0.9682458365518540333 ) ) ;
#8047 = CARTESIAN_POINT ( 'NONE',  ( -0.2482449321572018641, -2.860814728290591358, -3.290990882338115320 ) ) ;
#8048 = ORIENTED_EDGE ( 'NONE', *, *, #4534, .F. ) ;
#8049 = DIRECTION ( 'NONE',  ( 1.000000000000000000, 1.224646799147352714E-16, -0.000000000000000000 ) ) ;
#8050 = EDGE_CURVE ( 'NONE', #458, #3398, #2064, .T. ) ;
#8051 = AXIS2_PLACEMENT_3D ( 'NONE', #2887, #8049, #1566 ) ;
#8052 = DIRECTION ( 'NONE',  ( 1.000000000000000000, 1.224646799147352714E-16, -0.000000000000000000 ) ) ;
#8053 = EDGE_CURVE ( 'NONE', #5538, #1319, #8138, .T. ) ;
#8054 = EDGE_CURVE ( 'NONE', #176, #5467, #3146, .T. ) ;
#8055 = CARTESIAN_POINT ( 'NONE',  ( -7.000000000000000888, 0.4285836503510551676, 0.2575190374550272443 ) ) ;
#8056 = ORIENTED_EDGE ( 'NONE', *, *, #15, .F. ) ;
#8057 = CARTESIAN_POINT ( 'NONE',  ( 1.299995677804209437, -2.128955924850399521E-18, 0.000000000000000000 ) ) ;
#8058 = LINE ( 'NONE', #4168, #2733 ) ;
#8059 = DIRECTION ( 'NONE',  ( 0.000000000000000000, 0.8090169943749402348, 0.5877852522924830181 ) ) ;
#8060 = EDGE_CURVE ( 'NONE', #5197, #5629, #7889, .T. ) ;
#8061 = VERTEX_POINT ( 'NONE', #6323 ) ;
#8062 = CARTESIAN_POINT ( 'NONE',  ( -5.083420832761869512, -1.331105008839333914, -0.4798387005782360215 ) ) ;
#8063 = DIRECTION ( 'NONE',  ( 0.000000000000000000, -0.5877852522924624790, -0.8090169943749551118 ) ) ;
#8064 = VERTEX_POINT ( 'NONE', #3091 ) ;
#8065 = DIRECTION ( 'NONE',  ( 0.000000000000000000, 0.000000000000000000, -1.000000000000000000 ) ) ;
#8066 = VECTOR ( 'NONE', #5391, 39.37007874015748143 ) ;
#8067 = ORIENTED_EDGE ( 'NONE', *, *, #4951, .T. ) ;
#8068 = ORIENTED_EDGE ( 'NONE', *, *, #8050, .T. ) ;
#8069 = DIRECTION ( 'NONE',  ( 0.000000000000000000, -1.000000000000000000, -1.047444401652939849E-14 ) ) ;
#8070 = CIRCLE ( 'NONE', #7403, 4.357648039384080185 ) ;
#8071 = DIRECTION ( 'NONE',  ( 0.000000000000000000, 0.08715574274765490459, 0.9961946980917458783 ) ) ;
#8072 = AXIS2_PLACEMENT_3D ( 'NONE', #1840, #6385, #3837 ) ;
#8073 = VERTEX_POINT ( 'NONE', #1025 ) ;
#8074 = VECTOR ( 'NONE', #5901, 39.37007874015748854 ) ;
#8075 = CARTESIAN_POINT ( 'NONE',  ( -0.003439171656184357700, -3.924635337491861886, 0.000000000000000000 ) ) ;
#8076 = CARTESIAN_POINT ( 'NONE',  ( -5.250000000000000000, 0.2499999999999999167, 0.9682458365518542553 ) ) ;
#8077 = ORIENTED_EDGE ( 'NONE', *, *, #6878, .F. ) ;
#8078 = DIRECTION ( 'NONE',  ( -0.8719406851971467365, 0.4656482275021695538, 0.1512982806314002171 ) ) ;
#8079 = AXIS2_PLACEMENT_3D ( 'NONE', #7100, #4379, #1194 ) ;
#8080 = ORIENTED_EDGE ( 'NONE', *, *, #1407, .T. ) ;
#8081 = VECTOR ( 'NONE', #7971, 39.37007874015748854 ) ;
#8082 = ORIENTED_EDGE ( 'NONE', *, *, #7485, .T. ) ;
#8083 = FACE_OUTER_BOUND ( 'NONE', #2768, .T. ) ;
#8084 = CARTESIAN_POINT ( 'NONE',  ( -7.000000000000000000, 0.2224685967731481195, 0.5241031700295153417 ) ) ;
#8085 = CARTESIAN_POINT ( 'NONE',  ( 0.2329829950954873385, 3.676296795032623077, 1.194501237904009860 ) ) ;
#8086 = CARTESIAN_POINT ( 'NONE',  ( -7.000000000000000000, 0.4606258943332847688, 0.3346643017336359827 ) ) ;
#8087 = VECTOR ( 'NONE', #1985, 39.37007874015748143 ) ;
#8088 = EDGE_CURVE ( 'NONE', #4502, #4555, #578, .T. ) ;
#8089 = DIRECTION ( 'NONE',  ( 1.000000000000000000, 0.000000000000000000, 0.000000000000000000 ) ) ;
#8090 = ORIENTED_EDGE ( 'NONE', *, *, #4179, .T. ) ;
#8091 = CARTESIAN_POINT ( 'NONE',  ( -5.083420832761869512, -1.081105008839333692, -0.9128514024704551533 ) ) ;
#8092 = DIRECTION ( 'NONE',  ( 0.8660254037844380415, -0.2575190374550327954, 0.4285836503510539464 ) ) ;
#8093 = CARTESIAN_POINT ( 'NONE',  ( -0.2482449321572040568, 0.000000000000000000, 0.000000000000000000 ) ) ;
#8094 = VERTEX_POINT ( 'NONE', #4924 ) ;
#8095 = DIRECTION ( 'NONE',  ( 0.000000000000000000, 0.000000000000000000, -1.000000000000000000 ) ) ;
#8096 = CARTESIAN_POINT ( 'NONE',  ( -0.01701700490451314371, -1.634164925564209258E-16, 0.000000000000000000 ) ) ;
#8097 = EDGE_CURVE ( 'NONE', #6689, #2139, #6407, .T. ) ;
#8098 = CARTESIAN_POINT ( 'NONE',  ( 0.2465608283438158743, -2.858874341400676755, -3.288758722562171499 ) ) ;
#8099 = VERTEX_POINT ( 'NONE', #3012 ) ;
#8100 = EDGE_CURVE ( 'NONE', #6377, #1360, #6495, .T. ) ;
#8101 = EDGE_CURVE ( 'NONE', #5796, #4454, #7842, .T. ) ;
#8102 = EDGE_CURVE ( 'NONE', #5838, #3733, #8381, .T. ) ;
#8103 = CARTESIAN_POINT ( 'NONE',  ( 1.549995677804209437, 1.825137616804562324, -2.512086418141579625 ) ) ;
#8104 = DIRECTION ( 'NONE',  ( -0.8719406851971467365, 0.4506897813886096560, -0.1913064621224736250 ) ) ;
#8105 = EDGE_LOOP ( 'NONE', ( #5250, #8311, #405, #4383 ) ) ;
#8106 = AXIS2_PLACEMENT_3D ( 'NONE', #4474, #8322, #3113 ) ;
#8107 = CARTESIAN_POINT ( 'NONE',  ( -7.000000000000000000, 0.2932446110782077064, -0.4880409895273051801 ) ) ;
#8108 = ORIENTED_EDGE ( 'NONE', *, *, #8196, .F. ) ;
#8109 = EDGE_CURVE ( 'NONE', #1771, #5655, #2121, .T. ) ;
#8110 = ORIENTED_EDGE ( 'NONE', *, *, #8261, .F. ) ;
#8111 = CARTESIAN_POINT ( 'NONE',  ( -7.000000000000000000, 0.5547721316411181602, 0.1280792385188580240 ) ) ;
#8112 = CARTESIAN_POINT ( 'NONE',  ( 0.000000000000000000, 2.317671337095290163, -3.857252853159477635 ) ) ;
#8113 = AXIS2_PLACEMENT_3D ( 'NONE', #5520, #2889, #6278 ) ;
#8114 = DIRECTION ( 'NONE',  ( 0.000000000000000000, -0.7547095802227756778, 0.6560590289905029460 ) ) ;
#8115 = VERTEX_POINT ( 'NONE', #7166 ) ;
#8116 = DIRECTION ( 'NONE',  ( 0.000000000000000000, -0.9205048534524452597, 0.3907311284892618919 ) ) ;
#8117 = DIRECTION ( 'NONE',  ( 0.000000000000000000, 0.000000000000000000, -1.000000000000000000 ) ) ;
#8118 = ORIENTED_EDGE ( 'NONE', *, *, #1819, .F. ) ;
#8119 = CARTESIAN_POINT ( 'NONE',  ( -5.250000000000000000, 0.2499999999999999722, -1.311574639720070712 ) ) ;
#8120 = VECTOR ( 'NONE', #449, 39.37007874015748143 ) ;
#8121 = CIRCLE ( 'NONE', #2790, 1.574356589206891588 ) ;
#8122 = ORIENTED_EDGE ( 'NONE', *, *, #7846, .T. ) ;
#8123 = EDGE_LOOP ( 'NONE', ( #7413, #4297, #7622, #5224 ) ) ;
#8124 = CARTESIAN_POINT ( 'NONE',  ( 0.000000000000000000, 0.000000000000000000, 0.000000000000000000 ) ) ;
#8125 = VECTOR ( 'NONE', #210, 39.37007874015748143 ) ;
#8126 = AXIS2_PLACEMENT_3D ( 'NONE', #5000, #8296, #2490 ) ;
#8127 = CIRCLE ( 'NONE', #2977, 3.315983005625052549 ) ;
#8128 = CARTESIAN_POINT ( 'NONE',  ( -0.2482449321572029743, -1.347501260915830112, -4.147182447043681996 ) ) ;
#8129 = LINE ( 'NONE', #6788, #890 ) ;
#8130 = DIRECTION ( 'NONE',  ( 0.000000000000000000, 8.736275805729906965E-17, -1.000000000000000000 ) ) ;
#8131 = EDGE_LOOP ( 'NONE', ( #7147, #4943, #1693, #6548 ) ) ;
#8132 = DIRECTION ( 'NONE',  ( 0.8944271909999158554, 0.03897723308264813141, 0.4455118127516047855 ) ) ;
#8133 = CIRCLE ( 'NONE', #6650, 3.605109578176981522 ) ;
#8134 = EDGE_CURVE ( 'NONE', #2909, #5331, #1229, .T. ) ;
#8135 = CARTESIAN_POINT ( 'NONE',  ( -7.000000000000000000, -0.4980973490458723840, 0.04357787137382914538 ) ) ;
#8136 = DIRECTION ( 'NONE',  ( 0.8944271909999158554, -0.4357515400201313338, -0.1006011698246296465 ) ) ;
#8137 = CIRCLE ( 'NONE', #8262, 0.4999999999999997224 ) ;
#8138 = LINE ( 'NONE', #5048, #2743 ) ;
#8139 = CARTESIAN_POINT ( 'NONE',  ( 0.2500000000000000000, 0.7500000000000001110, 0.1249999999999998335 ) ) ;
#8140 = FACE_OUTER_BOUND ( 'NONE', #4035, .T. ) ;
#8141 = ORIENTED_EDGE ( 'NONE', *, *, #6910, .F. ) ;
#8142 = CIRCLE ( 'NONE', #6256, 0.1250000000000000278 ) ;
#8143 = EDGE_CURVE ( 'NONE', #6435, #1068, #509, .T. ) ;
#8144 = FACE_OUTER_BOUND ( 'NONE', #3527, .T. ) ;
#8145 = DIRECTION ( 'NONE',  ( 1.000000000000000000, 1.224646799147352714E-16, -0.000000000000000000 ) ) ;
#8146 = ORIENTED_EDGE ( 'NONE', *, *, #8100, .F. ) ;
#8147 = EDGE_CURVE ( 'NONE', #4849, #5663, #1439, .T. ) ;
#8148 = DIRECTION ( 'NONE',  ( 0.000000000000000000, 0.3090169943749382919, 0.9510565162951565288 ) ) ;
#8149 = AXIS2_PLACEMENT_3D ( 'NONE', #4982, #3951, #731 ) ;
#8150 = AXIS2_PLACEMENT_3D ( 'NONE', #431, #3771, #3728 ) ;
#8151 = VERTEX_POINT ( 'NONE', #5854 ) ;
#8152 = VECTOR ( 'NONE', #3905, 39.37007874015748143 ) ;
#8153 = EDGE_LOOP ( 'NONE', ( #3360, #8080, #4975, #3511 ) ) ;
#8154 = LINE ( 'NONE', #7442, #2518 ) ;
#8155 = EDGE_CURVE ( 'NONE', #4311, #821, #638, .T. ) ;
#8156 = VECTOR ( 'NONE', #7718, 39.37007874015748854 ) ;
#8157 = CARTESIAN_POINT ( 'NONE',  ( 0.2500000000000000000, 2.632966137197522372, 1.953156409970342677 ) ) ;
#8158 = CARTESIAN_POINT ( 'NONE',  ( -0.2482449321572051393, 0.000000000000000000, 0.000000000000000000 ) ) ;
#8159 = AXIS2_PLACEMENT_3D ( 'NONE', #8217, #2412, #3858 ) ;
#8160 = EDGE_CURVE ( 'NONE', #1870, #1747, #108, .T. ) ;
#8161 = ORIENTED_EDGE ( 'NONE', *, *, #3705, .F. ) ;
#8162 = CARTESIAN_POINT ( 'NONE',  ( 0.2465608283438172066, 0.000000000000000000, 0.000000000000000000 ) ) ;
#8163 = DIRECTION ( 'NONE',  ( -1.000000000000000000, -0.000000000000000000, -0.000000000000000000 ) ) ;
#8164 = ORIENTED_EDGE ( 'NONE', *, *, #1001, .F. ) ;
#8165 = DIRECTION ( 'NONE',  ( -1.000000000000000000, -0.000000000000000000, 0.000000000000000000 ) ) ;
#8166 = EDGE_CURVE ( 'NONE', #6715, #7381, #2538, .T. ) ;
#8167 = ORIENTED_EDGE ( 'NONE', *, *, #7273, .F. ) ;
#8168 = VERTEX_POINT ( 'NONE', #2624 ) ;
#8169 = CARTESIAN_POINT ( 'NONE',  ( 1.549995677804209659, 2.848721405383343027E-17, 0.000000000000000000 ) ) ;
#8170 = AXIS2_PLACEMENT_3D ( 'NONE', #2047, #1328, #3920 ) ;
#8171 = CARTESIAN_POINT ( 'NONE',  ( -7.000000000000000000, 0.5414982150262744875, -0.1759434355369902669 ) ) ;
#8172 = DIRECTION ( 'NONE',  ( 0.000000000000000000, -0.7547095802227782313, 0.6560590289905001704 ) ) ;
#8173 = ORIENTED_EDGE ( 'NONE', *, *, #1067, .F. ) ;
#8174 = DIRECTION ( 'NONE',  ( 0.8660254037844380415, 1.745740669421570030E-15, -0.5000000000000009992 ) ) ;
#8175 = CARTESIAN_POINT ( 'NONE',  ( -5.250000000000000000, 0.9635254915624212879, 0.2676165673298179781 ) ) ;
#8176 = CARTESIAN_POINT ( 'NONE',  ( -0.003439171656184357700, 2.306842772003648623, -3.175096684755345677 ) ) ;
#8177 = DIRECTION ( 'NONE',  ( 0.000000000000000000, 0.8090169943749463410, 0.5877852522924745804 ) ) ;
#8178 = CARTESIAN_POINT ( 'NONE',  ( -7.000000000000000000, 0.4999999999999990563, 0.000000000000000000 ) ) ;
#8179 = DIRECTION ( 'NONE',  ( 8.797911715786014202E-17, -1.000000000000000000, 0.000000000000000000 ) ) ;
#8180 = LINE ( 'NONE', #2457, #5457 ) ;
#8181 = ORIENTED_EDGE ( 'NONE', *, *, #2602, .F. ) ;
#8182 = DIRECTION ( 'NONE',  ( 0.000000000000000000, -0.9510565162951533091, -0.3090169943749481174 ) ) ;
#8183 = CARTESIAN_POINT ( 'NONE',  ( -4.916740569567934926, -1.151172769205571100, 0.9533050427794159676 ) ) ;
#8184 = ORIENTED_EDGE ( 'NONE', *, *, #3588, .T. ) ;
#8185 = LINE ( 'NONE', #8107, #5775 ) ;
#8186 = ADVANCED_FACE ( 'NONE', ( #4574 ), #3609, .T. ) ;
#8187 = VERTEX_POINT ( 'NONE', #6363 ) ;
#8188 = ORIENTED_EDGE ( 'NONE', *, *, #7283, .T. ) ;
#8189 = CARTESIAN_POINT ( 'NONE',  ( -5.250000000000000000, 1.260856956957004060, -0.4392809689139247631 ) ) ;
#8190 = CARTESIAN_POINT ( 'NONE',  ( 0.000000000000000000, -4.279754323328180732, -1.390576474687297059 ) ) ;
#8192 = VECTOR ( 'NONE', #2881, 39.37007874015748143 ) ;
#8191 = DIRECTION ( 'NONE',  ( 0.000000000000000000, 0.5877852522924802425, -0.8090169943749422332 ) ) ;
#8193 = EDGE_LOOP ( 'NONE', ( #4781, #7175, #2361, #1049 ) ) ;
#8194 = DIRECTION ( 'NONE',  ( 0.000000000000000000, 0.000000000000000000, 1.000000000000000000 ) ) ;
#8195 = DIRECTION ( 'NONE',  ( -0.000000000000000000, -0.9743700647852328034, -0.2249510543438758836 ) ) ;
#8196 = EDGE_CURVE ( 'NONE', #612, #3228, #1043, .T. ) ;
#8197 = VERTEX_POINT ( 'NONE', #637 ) ;
#8198 = CARTESIAN_POINT ( 'NONE',  ( -7.000000000000000888, 0.000000000000000000, 0.000000000000000000 ) ) ;
#8199 = EDGE_LOOP ( 'NONE', ( #6563, #1410, #3363, #6842, #738, #8308, #8039, #148 ) ) ;
#8200 = AXIS2_PLACEMENT_3D ( 'NONE', #6340, #2387, #2986 ) ;
#8201 = ORIENTED_EDGE ( 'NONE', *, *, #3529, .T. ) ;
#8202 = CARTESIAN_POINT ( 'NONE',  ( 0.000000000000000000, 0.000000000000000000, 0.000000000000000000 ) ) ;
#8203 = EDGE_CURVE ( 'NONE', #5331, #3163, #5217, .T. ) ;
#8204 = EDGE_CURVE ( 'NONE', #5337, #3570, #4023, .T. ) ;
#8205 = CIRCLE ( 'NONE', #4557, 1.000000000000000222 ) ;
#8206 = EDGE_CURVE ( 'NONE', #4191, #6845, #5388, .T. ) ;
#8207 = CARTESIAN_POINT ( 'NONE',  ( 1.549995677804209437, 0.000000000000000000, 0.000000000000000000 ) ) ;
#8208 = FACE_OUTER_BOUND ( 'NONE', #2722, .T. ) ;
#8209 = CIRCLE ( 'NONE', #363, 3.278312163512968613 ) ;
#8210 = DIRECTION ( 'NONE',  ( 1.232246991851730235E-16, -1.000000000000000000, 0.000000000000000000 ) ) ;
#8211 = ORIENTED_EDGE ( 'NONE', *, *, #5535, .F. ) ;
#8212 = AXIS2_PLACEMENT_3D ( 'NONE', #252, #2836, #5885 ) ;
#8213 = ORIENTED_EDGE ( 'NONE', *, *, #6499, .F. ) ;
#8214 = DIRECTION ( 'NONE',  ( -0.8719406851971467365, -0.1512982806314018547, 0.4656482275021689987 ) ) ;
#8215 = FACE_OUTER_BOUND ( 'NONE', #7567, .T. ) ;
#8216 = CARTESIAN_POINT ( 'NONE',  ( -7.087718996171313179, 0.000000000000000000, 0.000000000000000000 ) ) ;
#8217 = CARTESIAN_POINT ( 'NONE',  ( -4.750000000000000000, 0.000000000000000000, 0.000000000000000000 ) ) ;
#8218 = CARTESIAN_POINT ( 'NONE',  ( 1.549995677804209437, -3.093293698773805112, 0.2706281315988828817 ) ) ;
#8219 = CARTESIAN_POINT ( 'NONE',  ( 0.000000000000000000, 3.640576474687260422, 2.645033635316135001 ) ) ;
#8220 = CARTESIAN_POINT ( 'NONE',  ( -5.250000000000000000, 0.9635254915624211769, 0.2676165673298179781 ) ) ;
#8221 = CARTESIAN_POINT ( 'NONE',  ( 1.549995677804209437, -2.119030242950740384, -2.916594915329096427 ) ) ;
#8222 = CARTESIAN_POINT ( 'NONE',  ( 0.000000000000000000, -3.640576474687239994, -2.645033635316161202 ) ) ;
#8223 = ORIENTED_EDGE ( 'NONE', *, *, #7394, .T. ) ;
#8224 = ORIENTED_EDGE ( 'NONE', *, *, #347, .F. ) ;
#8225 = CARTESIAN_POINT ( 'NONE',  ( -0.2482449321572040568, 0.000000000000000000, 0.000000000000000000 ) ) ;
#8226 = VERTEX_POINT ( 'NONE', #599 ) ;
#8227 = ORIENTED_EDGE ( 'NONE', *, *, #7384, .F. ) ;
#8228 = LINE ( 'NONE', #526, #6646 ) ;
#8229 = DIRECTION ( 'NONE',  ( 0.000000000000000000, 0.6560590289905031680, 0.7547095802227755668 ) ) ;
#8230 = EDGE_CURVE ( 'NONE', #7999, #7830, #3739, .T. ) ;
#8231 = FACE_OUTER_BOUND ( 'NONE', #7861, .T. ) ;
#8232 = ORIENTED_EDGE ( 'NONE', *, *, #7730, .F. ) ;
#8233 = FACE_OUTER_BOUND ( 'NONE', #5754, .T. ) ;
#8234 = EDGE_LOOP ( 'NONE', ( #6606, #5014, #8110, #2849, #3412, #3669, #1373, #69, #3186, #7315, #2994, #7850, #4763, #3453, #4596, #8287, #7298, #1153, #3505, #1499, #7962, #6034, #2179, #8167, #920 ) ) ;
#8235 = DIRECTION ( 'NONE',  ( 0.8944271909999158554, 4.684313769495134442E-15, -0.4472135954999580387 ) ) ;
#8236 = ORIENTED_EDGE ( 'NONE', *, *, #8010, .T. ) ;
#8237 = ORIENTED_EDGE ( 'NONE', *, *, #27, .F. ) ;
#8238 = PLANE ( 'NONE',  #4449 ) ;
#8239 = EDGE_CURVE ( 'NONE', #2291, #5350, #5127, .T. ) ;
#8240 = ORIENTED_EDGE ( 'NONE', *, *, #5731, .T. ) ;
#8241 = DIRECTION ( 'NONE',  ( 0.000000000000000000, 0.6560590289905031680, 0.7547095802227755668 ) ) ;
#8242 = DIRECTION ( 'NONE',  ( -0.000000000000000000, -6.927845763909261675E-15, -1.000000000000000000 ) ) ;
#8243 = CIRCLE ( 'NONE', #2890, 3.879688098672754215 ) ;
#8244 = EDGE_CURVE ( 'NONE', #4096, #6615, #7717, .T. ) ;
#8245 = FACE_OUTER_BOUND ( 'NONE', #8363, .T. ) ;
#8246 = ORIENTED_EDGE ( 'NONE', *, *, #3576, .T. ) ;
#8247 = AXIS2_PLACEMENT_3D ( 'NONE', #2615, #8328, #1979 ) ;
#8248 = EDGE_CURVE ( 'NONE', #2253, #7406, #7091, .T. ) ;
#8249 = VERTEX_POINT ( 'NONE', #2754 ) ;
#8250 = CARTESIAN_POINT ( 'NONE',  ( 5.651087907391154571E-17, -3.984778792366982181, 0.3486229709906334406 ) ) ;
#8251 = DIRECTION ( 'NONE',  ( 0.000000000000000000, -0.5877852522924653655, -0.8090169943749531134 ) ) ;
#8252 = AXIS2_PLACEMENT_3D ( 'NONE', #2046, #4806, #7980 ) ;
#8253 = PLANE ( 'NONE',  #7854 ) ;
#8254 = DIRECTION ( 'NONE',  ( 1.232246991851729989E-16, -1.000000000000000000, 0.000000000000000000 ) ) ;
#8255 = CIRCLE ( 'NONE', #3935, 1.574356589206891588 ) ;
#8256 = ADVANCED_FACE ( 'NONE', ( #4614 ), #2258, .T. ) ;
#8257 = CARTESIAN_POINT ( 'NONE',  ( -0.01701700490451150613, -2.767316772864003571, 2.030723785638236301 ) ) ;
#8258 = ADVANCED_FACE ( 'NONE', ( #3431 ), #6027, .F. ) ;
#8259 = CARTESIAN_POINT ( 'NONE',  ( -7.000000000000000000, -0.4755282581475774317, 0.1545084971874704505 ) ) ;
#8260 = CIRCLE ( 'NONE', #7597, 0.5693649175925759032 ) ;
#8261 = EDGE_CURVE ( 'NONE', #5545, #7153, #2391, .T. ) ;
#8262 = AXIS2_PLACEMENT_3D ( 'NONE', #969, #4992, #7541 ) ;
#8263 = LINE ( 'NONE', #5692, #3525 ) ;
#8264 = CARTESIAN_POINT ( 'NONE',  ( -4.750000000000000000, 0.000000000000000000, 0.000000000000000000 ) ) ;
#8265 = ORIENTED_EDGE ( 'NONE', *, *, #3627, .T. ) ;
#8266 = EDGE_LOOP ( 'NONE', ( #5099, #1028, #1590, #4006 ) ) ;
#8267 = DIRECTION ( 'NONE',  ( 0.000000000000000000, 0.000000000000000000, 1.000000000000000000 ) ) ;
#8268 = ORIENTED_EDGE ( 'NONE', *, *, #1184, .T. ) ;
#8269 = VECTOR ( 'NONE', #7790, 39.37007874015748854 ) ;
#8270 = ORIENTED_EDGE ( 'NONE', *, *, #5697, .F. ) ;
#8271 = DIRECTION ( 'NONE',  ( -0.8660254037844379305, 0.2938926261462420642, -0.4045084971874708946 ) ) ;
#8272 = AXIS2_PLACEMENT_3D ( 'NONE', #4084, #93, #3310 ) ;
#8273 = CARTESIAN_POINT ( 'NONE',  ( 0.2500000000000000000, 3.007966137197489065, -1.303637357132072960 ) ) ;
#8274 = PLANE ( 'NONE',  #1801 ) ;
#8275 = AXIS2_PLACEMENT_3D ( 'NONE', #1064, #1103, #2456 ) ;
#8276 = AXIS2_PLACEMENT_3D ( 'NONE', #860, #3444, #181 ) ;
#8277 = ORIENTED_EDGE ( 'NONE', *, *, #2304, .T. ) ;
#8278 = CARTESIAN_POINT ( 'NONE',  ( 0.2500000000000000000, 1.292839910290862981, -1.179434172117763469 ) ) ;
#8279 = AXIS2_PLACEMENT_3D ( 'NONE', #4542, #7096, #1191 ) ;
#8280 = ORIENTED_EDGE ( 'NONE', *, *, #5109, .F. ) ;
#8281 = VERTEX_POINT ( 'NONE', #800 ) ;
#8282 = AXIS2_PLACEMENT_3D ( 'NONE', #1821, #3052, #4250 ) ;
#8283 = CIRCLE ( 'NONE', #4638, 0.5000000000000001110 ) ;
#8284 = EDGE_LOOP ( 'NONE', ( #4058, #3838, #1071, #3269 ) ) ;
#8285 = DIRECTION ( 'NONE',  ( 1.000000000000000000, 0.000000000000000000, 0.000000000000000000 ) ) ;
#8286 = AXIS2_PLACEMENT_3D ( 'NONE', #5561, #5608, #8177 ) ;
#8287 = ORIENTED_EDGE ( 'NONE', *, *, #3339, .F. ) ;
#8288 = DIRECTION ( 'NONE',  ( 0.000000000000000000, 0.000000000000000000, -1.000000000000000000 ) ) ;
#8289 = CARTESIAN_POINT ( 'NONE',  ( 0.2500000000000000000, 3.061616997868383018E-17, -0.2500000000000000000 ) ) ;
#8290 = CARTESIAN_POINT ( 'NONE',  ( 5.651087907391154571E-17, -4.000000000000000000, 0.000000000000000000 ) ) ;
#8291 = VECTOR ( 'NONE', #6816, 39.37007874015748854 ) ;
#8292 = ORIENTED_EDGE ( 'NONE', *, *, #3756, .T. ) ;
#8293 = ADVANCED_FACE ( 'NONE', ( #2113 ), #3072, .T. ) ;
#8294 = EDGE_LOOP ( 'NONE', ( #962, #5959, #3484, #7323 ) ) ;
#8295 = CARTESIAN_POINT ( 'NONE',  ( -7.000000000000000000, -0.3280295144952498076, -0.3773547901113887826 ) ) ;
#8296 = DIRECTION ( 'NONE',  ( 1.000000000000000000, 0.000000000000000000, 0.000000000000000000 ) ) ;
#8297 = CARTESIAN_POINT ( 'NONE',  ( 1.549995677804209437, 0.000000000000000000, 0.000000000000000000 ) ) ;
#8298 = DIRECTION ( 'NONE',  ( -1.000000000000000000, 0.000000000000000000, 0.000000000000000000 ) ) ;
#8299 = CARTESIAN_POINT ( 'NONE',  ( 0.1610010205796508498, 0.3750000000000001110, -3.308516855163281978 ) ) ;
#8300 = CARTESIAN_POINT ( 'NONE',  ( -7.000000000000000000, 0.2575190374550320738, -0.4285836503510526696 ) ) ;
#8301 = CIRCLE ( 'NONE', #1681, 1.000000000000000222 ) ;
#8302 = EDGE_CURVE ( 'NONE', #2279, #714, #5348, .T. ) ;
#8303 = ADVANCED_FACE ( 'NONE', ( #4702 ), #7143, .T. ) ;
#8304 = LINE ( 'NONE', #1864, #3660 ) ;
#8305 = LINE ( 'NONE', #1865, #6686 ) ;
#8306 = VERTEX_POINT ( 'NONE', #2074 ) ;
#8307 = ADVANCED_FACE ( 'NONE', ( #843 ), #1848, .T. ) ;
#8308 = ORIENTED_EDGE ( 'NONE', *, *, #7122, .T. ) ;
#8309 = LINE ( 'NONE', #7602, #2010 ) ;
#8310 = ORIENTED_EDGE ( 'NONE', *, *, #2077, .F. ) ;
#8311 = ORIENTED_EDGE ( 'NONE', *, *, #949, .T. ) ;
#8312 = CARTESIAN_POINT ( 'NONE',  ( 0.07199505493781573062, -0.3750000000000000555, -3.360227914074156885 ) ) ;
#8313 = B_SPLINE_CURVE_WITH_KNOTS ( 'NONE', 3,
 ( #3795, #67, #1970, #2643 ),
 .UNSPECIFIED., .F., .F.,
 ( 4, 4 ),
 ( 2.238767480401063741E-07, 0.006624761241211880175 ),
 .UNSPECIFIED. ) ;
#8314 = CARTESIAN_POINT ( 'NONE',  ( 0.2465608283438157633, 4.011236169890579184, -1.702668735987561188 ) ) ;
#8315 = AXIS2_PLACEMENT_3D ( 'NONE', #677, #1314, #7093 ) ;
#8316 = LINE ( 'NONE', #4591, #6696 ) ;
#8317 = ORIENTED_EDGE ( 'NONE', *, *, #3633, .T. ) ;
#8318 = CARTESIAN_POINT ( 'NONE',  ( 0.000000000000000000, 0.000000000000000000, 0.000000000000000000 ) ) ;
#8319 = ORIENTED_EDGE ( 'NONE', *, *, #5836, .T. ) ;
#8320 = ORIENTED_EDGE ( 'NONE', *, *, #8166, .F. ) ;
#8321 = ORIENTED_EDGE ( 'NONE', *, *, #180, .F. ) ;
#8322 = DIRECTION ( 'NONE',  ( -0.000000000000000000, -0.2249510543438655863, 0.9743700647852352459 ) ) ;
#8323 = DIRECTION ( 'NONE',  ( 0.000000000000000000, 0.000000000000000000, 1.000000000000000000 ) ) ;
#8324 = VERTEX_POINT ( 'NONE', #1474 ) ;
#8325 = CARTESIAN_POINT ( 'NONE',  ( 0.2329829950954873385, -1.349627644202139999E-14, 3.865487205065014642 ) ) ;
#8326 = DIRECTION ( 'NONE',  ( -1.000000000000000000, 0.000000000000000000, 0.000000000000000000 ) ) ;
#8327 = AXIS2_PLACEMENT_3D ( 'NONE', #456, #3038, #1722 ) ;
#8328 = DIRECTION ( 'NONE',  ( 0.000000000000000000, 0.5877852522924685852, 0.8090169943749507819 ) ) ;
#8329 = ORIENTED_EDGE ( 'NONE', *, *, #6197, .F. ) ;
#8330 = ORIENTED_EDGE ( 'NONE', *, *, #3331, .T. ) ;
#8331 = CARTESIAN_POINT ( 'NONE',  ( 0.2465608283438164572, -4.011236169890568526, 1.702668735987587390 ) ) ;
#8332 = AXIS2_PLACEMENT_3D ( 'NONE', #238, #1378, #196 ) ;
#8333 = DIRECTION ( 'NONE',  ( 1.000000000000000000, 0.000000000000000000, 0.000000000000000000 ) ) ;
#8334 = PRODUCT_DEFINITION_SHAPE ( 'NONE', 'NONE',  #5145 ) ;
#8335 = DIRECTION ( 'NONE',  ( -1.224913629762582012E-16, 1.000000000000000000, 0.000000000000000000 ) ) ;
#8336 = EDGE_CURVE ( 'NONE', #8099, #6136, #2937, .T. ) ;
#8337 = CARTESIAN_POINT ( 'NONE',  ( 5.651087907391154571E-17, -3.236067977499768933, -2.351141009169920970 ) ) ;
#8338 = AXIS2_PLACEMENT_3D ( 'NONE', #2275, #4227, #4188 ) ;
#8339 = CARTESIAN_POINT ( 'NONE',  ( 1.549995677804209437, -2.365164689263142161, -2.720810736403067143 ) ) ;
#8340 = AXIS2_PLACEMENT_3D ( 'NONE', #7252, #762, #886 ) ;
#8341 = DIRECTION ( 'NONE',  ( 1.000000000000000000, 0.000000000000000000, 0.000000000000000000 ) ) ;
#8342 = AXIS2_PLACEMENT_3D ( 'NONE', #6874, #6274, #7630 ) ;
#8343 = DIRECTION ( 'NONE',  ( 1.000000000000000000, 0.000000000000000000, 0.000000000000000000 ) ) ;
#8344 = EDGE_CURVE ( 'NONE', #7102, #2291, #6324, .T. ) ;
#8345 = DIRECTION ( 'NONE',  ( 0.000000000000000000, 0.000000000000000000, -1.000000000000000000 ) ) ;
#8346 = ORIENTED_EDGE ( 'NONE', *, *, #3333, .T. ) ;
#8347 = DIRECTION ( 'NONE',  ( 0.000000000000000000, 0.000000000000000000, 1.000000000000000000 ) ) ;
#8348 = ORIENTED_EDGE ( 'NONE', *, *, #1061, .F. ) ;
#8349 = CARTESIAN_POINT ( 'NONE',  ( -0.01701700490451327902, -1.634164925564209258E-16, 0.000000000000000000 ) ) ;
#8350 = EDGE_CURVE ( 'NONE', #264, #6770, #7295, .T. ) ;
#8352 = EDGE_CURVE ( 'NONE', #5326, #4555, #3471, .T. ) ;
#8351 = CIRCLE ( 'NONE', #2134, 3.879688098672754659 ) ;
#8353 = VERTEX_POINT ( 'NONE', #7337 ) ;
#8354 = VERTEX_POINT ( 'NONE', #4029 ) ;
#8355 = EDGE_CURVE ( 'NONE', #8368, #3824, #4829, .T. ) ;
#8356 = CARTESIAN_POINT ( 'NONE',  ( -0.2406238026544912090, -2.545304406801247143, -2.928037776344623477 ) ) ;
#8357 = CARTESIAN_POINT ( 'NONE',  ( 1.549995677804209437, 0.000000000000000000, 0.000000000000000000 ) ) ;
#8358 = DIRECTION ( 'NONE',  ( -0.8660254037844379305, -0.1124755271719347499, 0.4871850323926181781 ) ) ;
#8359 = B_SPLINE_CURVE_WITH_KNOTS ( 'NONE', 3,
 ( #463, #3044, #2283, #4825 ),
 .UNSPECIFIED., .F., .F.,
 ( 4, 4 ),
 ( 2.238962861546111345E-07, 0.006624761260750013439 ),
 .UNSPECIFIED. ) ;
#8360 = ORIENTED_EDGE ( 'NONE', *, *, #7994, .T. ) ;
#8361 = CARTESIAN_POINT ( 'NONE',  ( 0.2500000000000000000, 0.000000000000000000, 0.000000000000000000 ) ) ;
#8362 = EDGE_CURVE ( 'NONE', #53, #660, #5245, .T. ) ;
#8363 = EDGE_LOOP ( 'NONE', ( #2561, #2501, #957, #3655 ) ) ;
#8364 = EDGE_LOOP ( 'NONE', ( #8321, #8232, #4244, #4918 ) ) ;
#8365 = EDGE_LOOP ( 'NONE', ( #1623, #5, #3015, #7022, #4059 ) ) ;
#8366 = DIRECTION ( 'NONE',  ( -0.000000000000000000, 0.8660254037844384856, 0.5000000000000001110 ) ) ;
#8367 = CALENDAR_DATE ( 2026, 3, 3 ) ;
#8368 = VERTEX_POINT ( 'NONE', #1933 ) ;
#8369 = DIRECTION ( 'NONE',  ( 0.000000000000000000, 0.7547095802227733463, -0.6560590289905058325 ) ) ;
#8370 = DIRECTION ( 'NONE',  ( 1.000000000000000000, 0.000000000000000000, 0.000000000000000000 ) ) ;
#8371 = ORIENTED_EDGE ( 'NONE', *, *, #5597, .F. ) ;
#8372 = AXIS2_PLACEMENT_3D ( 'NONE', #1644, #3629, #5550 ) ;
#8373 = DIRECTION ( 'NONE',  ( 0.000000000000000000, 0.000000000000000000, -1.000000000000000000 ) ) ;
#8374 = ORIENTED_EDGE ( 'NONE', *, *, #5974, .F. ) ;
#8375 = ORIENTED_EDGE ( 'NONE', *, *, #7157, .F. ) ;
#8376 = CARTESIAN_POINT ( 'NONE',  ( 1.549995677804209437, 0.000000000000000000, 0.000000000000000000 ) ) ;
#8377 = LINE ( 'NONE', #5212, #3349 ) ;
#8378 = CARTESIAN_POINT ( 'NONE',  ( -0.01701700490451218614, -1.634164925564208026E-16, 0.000000000000000000 ) ) ;
#8379 = CIRCLE ( 'NONE', #2300, 4.357648039384080185 ) ;
#8380 = CARTESIAN_POINT ( 'NONE',  ( -0.01701700490451283146, -0.2991598647863890070, -3.419412901395840976 ) ) ;
#8381 = LINE ( 'NONE', #1271, #500 ) ;
#8382 = DIRECTION ( 'NONE',  ( 0.000000000000000000, 0.000000000000000000, 1.000000000000000000 ) ) ;
#8383 = CARTESIAN_POINT ( 'NONE',  ( 0.2465608283438172066, 0.000000000000000000, 0.000000000000000000 ) ) ;
#8384 = AXIS2_PLACEMENT_3D ( 'NONE', #361, #5021, #1157 ) ;
#8385 = EDGE_CURVE ( 'NONE', #5920, #6552, #5652, .T. ) ;
ENDSEC;
END-ISO-10303-21;
