ISO-10303-21;
HEADER;
FILE_DESCRIPTION (( 'STEP AP203' ),
    '1' );
FILE_NAME ('Lid.STEP',
    '2026-04-03T21:19:45',
    ( '' ),
    ( '' ),
    'SwSTEP 2.0',
    'SolidWorks 2025',
    '' );
FILE_SCHEMA (( 'CONFIG_CONTROL_DESIGN' ));
ENDSEC;

DATA;
#1 = CARTESIAN_POINT ( 'NONE',  ( 6.076226797624227238, 6.000000000000005329, 38.02433353179694819 ) ) ;
#2 = ORIENTED_EDGE ( 'NONE', *, *, #922, .F. ) ;
#3 = CARTESIAN_POINT ( 'NONE',  ( -50.00000000000000000, 0.000000000000000000, 50.00000000000000000 ) ) ;
#4 = VECTOR ( 'NONE', #4050, 1000.000000000000227 ) ;
#5 = EDGE_CURVE ( 'NONE', #3958, #4247, #3381, .T. ) ;
#6 = ORIENTED_EDGE ( 'NONE', *, *, #2308, .F. ) ;
#7 = DIRECTION ( 'NONE',  ( -0.8789733129752197449, 0.4768709627114722238, 0.000000000000000000 ) ) ;
#8 = LINE ( 'NONE', #7088, #8806 ) ;
#9 = ORIENTED_EDGE ( 'NONE', *, *, #9351, .T. ) ;
#10 = EDGE_CURVE ( 'NONE', #3340, #6324, #8646, .T. ) ;
#11 = EDGE_CURVE ( 'NONE', #3530, #77, #8599, .T. ) ;
#12 = ORIENTED_EDGE ( 'NONE', *, *, #4857, .F. ) ;
#13 = FACE_OUTER_BOUND ( 'NONE', #903, .T. ) ;
#14 = DIRECTION ( 'NONE',  ( -0.6875305731827834332, 0.000000000000000000, -0.7261554316666324338 ) ) ;
#15 = VERTEX_POINT ( 'NONE', #5422 ) ;
#16 = LINE ( 'NONE', #4718, #477 ) ;
#17 = EDGE_LOOP ( 'NONE', ( #2385, #9946, #9101, #904 ) ) ;
#18 = EDGE_LOOP ( 'NONE', ( #4863, #1449, #7274, #7532 ) ) ;
#19 = ORIENTED_EDGE ( 'NONE', *, *, #7049, .T. ) ;
#20 = DIRECTION ( 'NONE',  ( -0.000000000000000000, -1.000000000000000000, -0.000000000000000000 ) ) ;
#21 = ADVANCED_FACE ( 'NONE', ( #3182 ), #49, .F. ) ;
#22 = DIRECTION ( 'NONE',  ( -1.000000000000000000, 0.000000000000000000, -0.000000000000000000 ) ) ;
#23 = DIRECTION ( 'NONE',  ( -0.8789733129752198559, 0.4768709627114720573, 0.000000000000000000 ) ) ;
#24 = VECTOR ( 'NONE', #682, 1000.000000000000000 ) ;
#25 = EDGE_LOOP ( 'NONE', ( #963, #969, #7767, #71, #9484 ) ) ;
#26 = DIRECTION ( 'NONE',  ( 0.000000000000000000, 0.000000000000000000, 1.000000000000000000 ) ) ;
#27 = LINE ( 'NONE', #3213, #8161 ) ;
#28 = CARTESIAN_POINT ( 'NONE',  ( -72.62888298754663197, 14.99999999999994316, 95.97381846109878722 ) ) ;
#29 = LINE ( 'NONE', #3216, #9928 ) ;
#30 = EDGE_LOOP ( 'NONE', ( #3307, #5266, #5968, #2323 ) ) ;
#31 = AXIS2_PLACEMENT_3D ( 'NONE', #5268, #524, #1305 ) ;
#32 = CARTESIAN_POINT ( 'NONE',  ( -74.51531949351219453, 7.283264534238682586, -51.71195653594100605 ) ) ;
#33 = EDGE_LOOP ( 'NONE', ( #6800, #6445, #6849, #6169, #1000, #4807 ) ) ;
#34 = DIRECTION ( 'NONE',  ( 0.5000000000000045519, 0.000000000000000000, -0.8660254037844360431 ) ) ;
#35 = DIRECTION ( 'NONE',  ( -1.000000000000000000, 0.000000000000000000, -0.000000000000000000 ) ) ;
#36 = ORIENTED_EDGE ( 'NONE', *, *, #2308, .T. ) ;
#37 = VECTOR ( 'NONE', #8689, 1000.000000000000114 ) ;
#38 = VECTOR ( 'NONE', #2754, 1000.000000000000227 ) ;
#39 = DIRECTION ( 'NONE',  ( -0.4698463103929532148, -0.8660254037844399289, 0.1710100716628305262 ) ) ;
#40 = DIRECTION ( 'NONE',  ( 1.000000000000000000, 0.000000000000000000, 0.000000000000000000 ) ) ;
#41 = CARTESIAN_POINT ( 'NONE',  ( -41.13620667976124423, 147.4213562373095385, -13.74999999999999822 ) ) ;
#42 = DIRECTION ( 'NONE',  ( -0.5000000000000013323, 0.000000000000000000, -0.8660254037844379305 ) ) ;
#43 = LINE ( 'NONE', #1415, #5782 ) ;
#44 = VERTEX_POINT ( 'NONE', #9537 ) ;
#45 = LINE ( 'NONE', #2396, #7122 ) ;
#46 = VECTOR ( 'NONE', #646, 999.9999999999998863 ) ;
#47 = FACE_OUTER_BOUND ( 'NONE', #4467, .T. ) ;
#48 = DIRECTION ( 'NONE',  ( 0.4698463103929531592, 0.8660254037844399289, 0.1710100716628304984 ) ) ;
#49 = CYLINDRICAL_SURFACE ( 'NONE', #7684, 6.999999999999941380 ) ;
#50 = FACE_OUTER_BOUND ( 'NONE', #279, .T. ) ;
#51 = EDGE_LOOP ( 'NONE', ( #1756, #10286, #9222, #9770 ) ) ;
#52 = DIRECTION ( 'NONE',  ( 1.000000000000000000, 0.000000000000000000, -0.000000000000000000 ) ) ;
#53 = AXIS2_PLACEMENT_3D ( 'NONE', #726, #7960, #3907 ) ;
#54 = EDGE_CURVE ( 'NONE', #1996, #6228, #8755, .T. ) ;
#55 = AXIS2_PLACEMENT_3D ( 'NONE', #2060, #3688, #9823 ) ;
#56 = DIRECTION ( 'NONE',  ( 0.4999999999999997780, 0.000000000000000000, 0.8660254037844387076 ) ) ;
#57 = ORIENTED_EDGE ( 'NONE', *, *, #6079, .F. ) ;
#58 = CARTESIAN_POINT ( 'NONE',  ( 4.330127018922042659, 6.000000000000005329, -50.00000000000000000 ) ) ;
#59 = CARTESIAN_POINT ( 'NONE',  ( 48.32614877529362474, 6.000000000000000000, -45.59702753535147224 ) ) ;
#60 = VERTEX_POINT ( 'NONE', #2400 ) ;
#61 = VERTEX_POINT ( 'NONE', #7182 ) ;
#62 = PLANE ( 'NONE',  #2616 ) ;
#63 = VERTEX_POINT ( 'NONE', #10266 ) ;
#64 = CIRCLE ( 'NONE', #6725, 3.600000000000008082 ) ;
#65 = LINE ( 'NONE', #1006, #7290 ) ;
#66 = ORIENTED_EDGE ( 'NONE', *, *, #1219, .F. ) ;
#67 = EDGE_CURVE ( 'NONE', #5850, #5816, #1622, .T. ) ;
#68 = EDGE_LOOP ( 'NONE', ( #10299, #8110, #3370, #5650 ) ) ;
#69 = ADVANCED_FACE ( 'NONE', ( #8807 ), #7974, .T. ) ;
#70 = EDGE_CURVE ( 'NONE', #3882, #5868, #6304, .T. ) ;
#71 = ORIENTED_EDGE ( 'NONE', *, *, #5246, .F. ) ;
#72 = CARTESIAN_POINT ( 'NONE',  ( 48.34702753535132302, 0.000000000000000000, 48.32614877529382369 ) ) ;
#73 = AXIS2_PLACEMENT_3D ( 'NONE', #3924, #845, #10274 ) ;
#74 = DIRECTION ( 'NONE',  ( 0.4698463103929674811, 0.8660254037844281605, 0.1710100716628500939 ) ) ;
#75 = ADVANCED_FACE ( 'NONE', ( #8910 ), #1774, .T. ) ;
#76 = CARTESIAN_POINT ( 'NONE',  ( 4.330127018922047100, 147.4213562373095385, -34.99999999999999289 ) ) ;
#77 = VERTEX_POINT ( 'NONE', #8967 ) ;
#78 = DIRECTION ( 'NONE',  ( -0.000000000000000000, -1.000000000000000000, -0.000000000000000000 ) ) ;
#79 = LINE ( 'NONE', #8992, #9997 ) ;
#80 = EDGE_CURVE ( 'NONE', #8139, #9738, #5852, .T. ) ;
#81 = VERTEX_POINT ( 'NONE', #6562 ) ;
#82 = CARTESIAN_POINT ( 'NONE',  ( 8.652233963711415399, 147.4213562373095385, -21.23610882412134515 ) ) ;
#83 = AXIS2_PLACEMENT_3D ( 'NONE', #7227, #361, #9268 ) ;
#84 = DIRECTION ( 'NONE',  ( -0.3420201433256701562, -1.073360150760649390E-14, -0.9396926207859078728 ) ) ;
#85 = VECTOR ( 'NONE', #7272, 1000.000000000000000 ) ;
#86 = ORIENTED_EDGE ( 'NONE', *, *, #2450, .T. ) ;
#87 = DIRECTION ( 'NONE',  ( -0.000000000000000000, -1.000000000000000000, -0.000000000000000000 ) ) ;
#88 = ORIENTED_EDGE ( 'NONE', *, *, #5808, .T. ) ;
#89 = DIRECTION ( 'NONE',  ( 0.5000000000000003331, 0.000000000000000000, -0.8660254037844384856 ) ) ;
#90 = CC_DESIGN_APPROVAL ( #7384, ( #3918 ) ) ;
#91 = CARTESIAN_POINT ( 'NONE',  ( 4.330127018922190096, 0.000000000000000000, -7.500000000000000000 ) ) ;
#92 = ORIENTED_EDGE ( 'NONE', *, *, #559, .F. ) ;
#93 = VECTOR ( 'NONE', #8164, 1000.000000000000000 ) ;
#94 = LINE ( 'NONE', #8844, #4704 ) ;
#95 = DIRECTION ( 'NONE',  ( -0.000000000000000000, -1.000000000000000000, -0.000000000000000000 ) ) ;
#96 = PLANE ( 'NONE',  #7739 ) ;
#97 = DIRECTION ( 'NONE',  ( 0.000000000000000000, 0.000000000000000000, 1.000000000000000000 ) ) ;
#98 = CARTESIAN_POINT ( 'NONE',  ( 72.89294144958253696, -9.486715189943865312, 96.06992788138566652 ) ) ;
#99 = AXIS2_PLACEMENT_3D ( 'NONE', #908, #4095, #6531 ) ;
#100 = ADVANCED_FACE ( 'NONE', ( #7288 ), #7343, .T. ) ;
#101 = EDGE_LOOP ( 'NONE', ( #6934, #6400, #4142, #4859 ) ) ;
#102 = LINE ( 'NONE', #3288, #4139 ) ;
#103 = DIRECTION ( 'NONE',  ( -1.000000000000000000, 0.000000000000000000, 6.713255375082617595E-16 ) ) ;
#104 = EDGE_CURVE ( 'NONE', #9908, #608, #2699, .T. ) ;
#105 = ADVANCED_FACE ( 'NONE', ( #9019 ), #1720, .T. ) ;
#106 = FACE_BOUND ( 'NONE', #1269, .T. ) ;
#107 = LINE ( 'NONE', #3291, #8674 ) ;
#108 = CIRCLE ( 'NONE', #3618, 61.96152422706627760 ) ;
#109 = DIRECTION ( 'NONE',  ( 0.4698463103929295115, 0.8660254037844515862, -0.1710100716628362993 ) ) ;
#110 = VERTEX_POINT ( 'NONE', #4180 ) ;
#111 = APPROVAL_ROLE ( '' ) ;
#112 = LINE ( 'NONE', #3295, #1098 ) ;
#113 = ORIENTED_EDGE ( 'NONE', *, *, #4545, .F. ) ;
#114 = CARTESIAN_POINT ( 'NONE',  ( -50.00000000000000000, 0.000000000000000000, 37.85254037844264019 ) ) ;
#115 = EDGE_CURVE ( 'NONE', #7230, #2071, #7396, .T. ) ;
#116 = CARTESIAN_POINT ( 'NONE',  ( -67.13948627443161854, 2.249999999999727773, -63.64677493788209262 ) ) ;
#117 = ORIENTED_EDGE ( 'NONE', *, *, #9656, .T. ) ;
#118 = ORIENTED_EDGE ( 'NONE', *, *, #686, .T. ) ;
#119 = LINE ( 'NONE', #899, #3620 ) ;
#120 = VERTEX_POINT ( 'NONE', #263 ) ;
#121 = DIRECTION ( 'NONE',  ( 0.5000000000000003331, 0.000000000000000000, 0.8660254037844384856 ) ) ;
#122 = VERTEX_POINT ( 'NONE', #161 ) ;
#123 = VECTOR ( 'NONE', #2151, 1000.000000000000000 ) ;
#124 = ORIENTED_EDGE ( 'NONE', *, *, #5144, .F. ) ;
#125 = LINE ( 'NONE', #8932, #152 ) ;
#126 = CARTESIAN_POINT ( 'NONE',  ( -4.564377845115513033, 0.000000000000000000, 12.54052506331302119 ) ) ;
#127 = CARTESIAN_POINT ( 'NONE',  ( -66.00000000000000000, 6.000000000000000000, 38.22385819845018062 ) ) ;
#128 = VECTOR ( 'NONE', #7646, 1000.000000000000114 ) ;
#129 = ORIENTED_EDGE ( 'NONE', *, *, #4256, .T. ) ;
#130 = CARTESIAN_POINT ( 'NONE',  ( 41.13620667976131529, 147.4213562373095385, -7.500000000000000000 ) ) ;
#131 = DIRECTION ( 'NONE',  ( -0.4698463103929532703, 0.8660254037844400399, 0.1710100716628305539 ) ) ;
#132 = EDGE_CURVE ( 'NONE', #8317, #3762, #9745, .T. ) ;
#133 = ORIENTED_EDGE ( 'NONE', *, *, #2891, .T. ) ;
#134 = DIRECTION ( 'NONE',  ( -0.8660254037844347108, 0.000000000000000000, -0.5000000000000067724 ) ) ;
#135 = PLANE ( 'NONE',  #8261 ) ;
#136 = ADVANCED_FACE ( 'NONE', ( #316 ), #5007, .F. ) ;
#137 = VERTEX_POINT ( 'NONE', #1044 ) ;
#138 = CARTESIAN_POINT ( 'NONE',  ( -41.13620667976131529, 147.4213562373095385, 7.500000000000000000 ) ) ;
#139 = EDGE_LOOP ( 'NONE', ( #2461, #3750, #1464, #699 ) ) ;
#140 = VECTOR ( 'NONE', #5209, 1000.000000000000000 ) ;
#141 = DIRECTION ( 'NONE',  ( 0.000000000000000000, 0.000000000000000000, 1.000000000000000000 ) ) ;
#142 = LINE ( 'NONE', #3328, #335 ) ;
#143 = ORIENTED_EDGE ( 'NONE', *, *, #9498, .T. ) ;
#144 = AXIS2_PLACEMENT_3D ( 'NONE', #1639, #4037, #10133 ) ;
#145 = DIRECTION ( 'NONE',  ( 0.5000000000000024425, 0.000000000000000000, -0.8660254037844372643 ) ) ;
#146 = DIRECTION ( 'NONE',  ( 0.8660254037844361541, 0.000000000000000000, -0.5000000000000043299 ) ) ;
#147 = EDGE_CURVE ( 'NONE', #4128, #2696, #3345, .T. ) ;
#148 = FACE_OUTER_BOUND ( 'NONE', #139, .T. ) ;
#149 = CARTESIAN_POINT ( 'NONE',  ( -32.47595264191693332, 6.000000000000005329, -28.74999999999999289 ) ) ;
#150 = CARTESIAN_POINT ( 'NONE',  ( -48.18039637606665337, 6.000000000000000000, -87.18281677883985026 ) ) ;
#151 = LINE ( 'NONE', #687, #5795 ) ;
#152 = VECTOR ( 'NONE', #7154, 1000.000000000000000 ) ;
#153 = EDGE_LOOP ( 'NONE', ( #4596, #7745, #734, #801 ) ) ;
#154 = DIRECTION ( 'NONE',  ( 0.8660254037844382635, -0.000000000000000000, 0.5000000000000008882 ) ) ;
#155 = VECTOR ( 'NONE', #7712, 1000.000000000000114 ) ;
#156 = DIRECTION ( 'NONE',  ( -0.000000000000000000, -1.000000000000000000, -0.000000000000000000 ) ) ;
#157 = EDGE_CURVE ( 'NONE', #5693, #10104, #8854, .T. ) ;
#158 = EDGE_CURVE ( 'NONE', #9927, #5717, #937, .T. ) ;
#159 = LINE ( 'NONE', #3344, #1536 ) ;
#160 = VECTOR ( 'NONE', #2786, 1000.000000000000000 ) ;
#161 = CARTESIAN_POINT ( 'NONE',  ( -46.54886545341405935, 6.000000000000005329, 10.62499999999999822 ) ) ;
#162 = DIRECTION ( 'NONE',  ( 0.000000000000000000, 1.000000000000000000, 0.000000000000000000 ) ) ;
#163 = ORIENTED_EDGE ( 'NONE', *, *, #4483, .F. ) ;
#164 = COORDINATED_UNIVERSAL_TIME_OFFSET ( 7, 0, .BEHIND. ) ;
#165 = DIRECTION ( 'NONE',  ( -0.4698463103929531592, 0.8660254037844399289, -0.1710100716628304984 ) ) ;
#166 = ORIENTED_EDGE ( 'NONE', *, *, #6696, .F. ) ;
#167 = AXIS2_PLACEMENT_3D ( 'NONE', #4686, #8685, #7804 ) ;
#168 = DIRECTION ( 'NONE',  ( -0.4698463103929531592, 0.8660254037844399289, -0.1710100716628304984 ) ) ;
#169 = LINE ( 'NONE', #4710, #4501 ) ;
#170 = ORIENTED_EDGE ( 'NONE', *, *, #7052, .T. ) ;
#171 = EDGE_LOOP ( 'NONE', ( #1140, #7357, #8507, #3279 ) ) ;
#172 = LINE ( 'NONE', #4965, #5434 ) ;
#173 = VERTEX_POINT ( 'NONE', #5839 ) ;
#174 = CARTESIAN_POINT ( 'NONE',  ( -72.07392644946422422, 11.78326453423841258, 50.82336213776300582 ) ) ;
#175 = ORIENTED_EDGE ( 'NONE', *, *, #9626, .F. ) ;
#176 = VERTEX_POINT ( 'NONE', #1880 ) ;
#177 = DIRECTION ( 'NONE',  ( -1.000000000000000000, 0.000000000000000000, 0.000000000000000000 ) ) ;
#178 = DIRECTION ( 'NONE',  ( -0.000000000000000000, -1.000000000000000000, -0.000000000000000000 ) ) ;
#179 = FACE_OUTER_BOUND ( 'NONE', #8880, .T. ) ;
#180 = ORIENTED_EDGE ( 'NONE', *, *, #5436, .T. ) ;
#181 = DIRECTION ( 'NONE',  ( -0.8757795372522678701, -0.4330127018922227955, 0.2133312028986864284 ) ) ;
#182 = DIRECTION ( 'NONE',  ( 0.8789733129752216323, -0.4768709627114687821, 0.000000000000000000 ) ) ;
#183 = EDGE_LOOP ( 'NONE', ( #1110, #3113, #7138, #2726 ) ) ;
#184 = CARTESIAN_POINT ( 'NONE',  ( 22.73316684934198051, 0.000000000000000000, 45.62499999999995737 ) ) ;
#185 = CARTESIAN_POINT ( 'NONE',  ( -45.46633369868351338, 0.000000000000000000, 21.24999999999999289 ) ) ;
#186 = EDGE_CURVE ( 'NONE', #2804, #606, #8233, .T. ) ;
#187 = ORIENTED_EDGE ( 'NONE', *, *, #2292, .T. ) ;
#188 = ORIENTED_EDGE ( 'NONE', *, *, #7026, .F. ) ;
#189 = FACE_OUTER_BOUND ( 'NONE', #5208, .T. ) ;
#190 = ORIENTED_EDGE ( 'NONE', *, *, #3013, .F. ) ;
#191 = LINE ( 'NONE', #3222, #7241 ) ;
#192 = CIRCLE ( 'NONE', #4691, 2.749999999999995559 ) ;
#193 = FACE_BOUND ( 'NONE', #8946, .T. ) ;
#194 = VERTEX_POINT ( 'NONE', #9847 ) ;
#195 = DIRECTION ( 'NONE',  ( 0.5000000000000002220, 0.000000000000000000, -0.8660254037844384856 ) ) ;
#196 = EDGE_CURVE ( 'NONE', #3585, #6601, #6511, .T. ) ;
#197 = LINE ( 'NONE', #9267, #3021 ) ;
#198 = DIRECTION ( 'NONE',  ( 1.000000000000000000, 0.000000000000000000, 0.000000000000000000 ) ) ;
#199 = LINE ( 'NONE', #4221, #2389 ) ;
#200 = CARTESIAN_POINT ( 'NONE',  ( 25.92513773453961434, 147.4213562373095385, -12.59634425055632079 ) ) ;
#201 = CARTESIAN_POINT ( 'NONE',  ( 32.47595264191693332, 0.000000000000000000, 7.500000000000000888 ) ) ;
#202 = ORIENTED_EDGE ( 'NONE', *, *, #2450, .F. ) ;
#203 = CARTESIAN_POINT ( 'NONE',  ( 35.96815219932086904, 6.000000000000005329, -13.74999999999999467 ) ) ;
#204 = LINE ( 'NONE', #1875, #2589 ) ;
#205 = VECTOR ( 'NONE', #4231, 999.9999999999998863 ) ;
#206 = EDGE_CURVE ( 'NONE', #1527, #3927, #9071, .T. ) ;
#207 = AXIS2_PLACEMENT_3D ( 'NONE', #9458, #7105, #4628 ) ;
#208 = CARTESIAN_POINT ( 'NONE',  ( -4.330127018922264703, 0.000000000000000000, -13.74999999999999822 ) ) ;
#209 = EDGE_CURVE ( 'NONE', #9875, #2247, #107, .T. ) ;
#210 = AXIS2_PLACEMENT_3D ( 'NONE', #4851, #4752, #10168 ) ;
#211 = DIRECTION ( 'NONE',  ( 0.000000000000000000, 0.000000000000000000, 1.000000000000000000 ) ) ;
#212 = CARTESIAN_POINT ( 'NONE',  ( -35.96815219932086904, 6.000000000000005329, -13.75000000000001599 ) ) ;
#213 = AXIS2_PLACEMENT_3D ( 'NONE', #494, #3575, #7473 ) ;
#214 = VERTEX_POINT ( 'NONE', #9642 ) ;
#215 = APPROVAL_DATE_TIME ( #889, #7384 ) ;
#216 = EDGE_CURVE ( 'NONE', #61, #4745, #1861, .T. ) ;
#217 = AXIS2_PLACEMENT_3D ( 'NONE', #9150, #1222, #7574 ) ;
#218 = LINE ( 'NONE', #1833, #7245 ) ;
#219 = ORIENTED_EDGE ( 'NONE', *, *, #3727, .T. ) ;
#220 = DIRECTION ( 'NONE',  ( 0.8789733129752210772, 0.4768709627114697813, -3.854941057726234744E-15 ) ) ;
#221 = PLANE ( 'NONE',  #3674 ) ;
#222 = ORIENTED_EDGE ( 'NONE', *, *, #8722, .T. ) ;
#223 = VECTOR ( 'NONE', #7911, 1000.000000000000000 ) ;
#224 = EDGE_LOOP ( 'NONE', ( #1124, #4569, #8516, #9655 ) ) ;
#225 = FACE_OUTER_BOUND ( 'NONE', #10189, .T. ) ;
#226 = ORIENTED_EDGE ( 'NONE', *, *, #2268, .T. ) ;
#227 = CARTESIAN_POINT ( 'NONE',  ( -4.330127018922264703, 147.4213562373095385, -13.74999999999999822 ) ) ;
#228 = ORIENTED_EDGE ( 'NONE', *, *, #331, .F. ) ;
#229 = DIRECTION ( 'NONE',  ( -0.000000000000000000, 1.000000000000000000, -0.000000000000000000 ) ) ;
#230 = DIRECTION ( 'NONE',  ( 0.8660254037844395958, 0.000000000000000000, -0.4999999999999984457 ) ) ;
#231 = PLANE ( 'NONE',  #7951 ) ;
#232 = ADVANCED_FACE ( 'NONE', ( #2875 ), #369, .T. ) ;
#233 = ORIENTED_EDGE ( 'NONE', *, *, #654, .T. ) ;
#234 = EDGE_CURVE ( 'NONE', #2833, #1838, #6924, .T. ) ;
#235 = PLANE ( 'NONE',  #874 ) ;
#236 = DIRECTION ( 'NONE',  ( -0.4698463103929295115, 0.8660254037844515862, 0.1710100716628362993 ) ) ;
#237 = ORIENTED_EDGE ( 'NONE', *, *, #3500, .T. ) ;
#238 = CARTESIAN_POINT ( 'NONE',  ( 14.06489273736415768, 147.4213562373095385, 18.11110882412113909 ) ) ;
#239 = DIRECTION ( 'NONE',  ( 0.4698463103929532703, 0.8660254037844400399, 0.1710100716628305539 ) ) ;
#240 = EDGE_LOOP ( 'NONE', ( #2339, #2264, #7826, #6131 ) ) ;
#241 = VERTEX_POINT ( 'NONE', #4440 ) ;
#243 = AXIS2_PLACEMENT_3D ( 'NONE', #138, #6490, #9673 ) ;
#242 = DIRECTION ( 'NONE',  ( -0.4698463103929532148, -0.8660254037844399289, 0.1710100716628305262 ) ) ;
#244 = ORIENTED_EDGE ( 'NONE', *, *, #1214, .F. ) ;
#245 = DIRECTION ( 'NONE',  ( 1.000000000000000000, 0.000000000000000000, 2.006803045524116704E-16 ) ) ;
#246 = CARTESIAN_POINT ( 'NONE',  ( -22.73316684934176024, 0.000000000000000000, 24.37499999999996092 ) ) ;
#247 = ORIENTED_EDGE ( 'NONE', *, *, #4415, .F. ) ;
#248 = ADVANCED_FACE ( 'NONE', ( #8284 ), #2086, .T. ) ;
#249 = VECTOR ( 'NONE', #2075, 1000.000000000000114 ) ;
#250 = FACE_OUTER_BOUND ( 'NONE', #3355, .T. ) ;
#251 = DIRECTION ( 'NONE',  ( 0.4698463103929487183, 0.8660254037844400399, -0.1710100716628430717 ) ) ;
#252 = VECTOR ( 'NONE', #6109, 1000.000000000000000 ) ;
#253 = CARTESIAN_POINT ( 'NONE',  ( 32.47595264191693332, 0.000000000000000000, 34.99999999999999289 ) ) ;
#254 = LINE ( 'NONE', #1922, #1055 ) ;
#255 = DIRECTION ( 'NONE',  ( -0.000000000000000000, -1.000000000000000000, -0.000000000000000000 ) ) ;
#256 = CARTESIAN_POINT ( 'NONE',  ( -22.73316684934176024, 147.4213562373095385, 24.37499999999996092 ) ) ;
#257 = ORIENTED_EDGE ( 'NONE', *, *, #10112, .T. ) ;
#258 = DIRECTION ( 'NONE',  ( 0.3420201433256701562, 1.073360150760649390E-14, -0.9396926207859078728 ) ) ;
#259 = CIRCLE ( 'NONE', #7578, 2.750000000000002665 ) ;
#260 = LINE ( 'NONE', #6611, #5410 ) ;
#261 = VECTOR ( 'NONE', #10251, 1000.000000000000114 ) ;
#262 = CARTESIAN_POINT ( 'NONE',  ( 49.99999999999997868, 147.4213562373095385, -4.647459621557000098 ) ) ;
#263 = CARTESIAN_POINT ( 'NONE',  ( 50.00000000000000000, 0.000000000000000000, -25.89745962155733139 ) ) ;
#264 = ADVANCED_FACE ( 'NONE', ( #9902 ), #1199, .F. ) ;
#265 = VECTOR ( 'NONE', #6430, 1000.000000000000000 ) ;
#266 = CARTESIAN_POINT ( 'NONE',  ( -46.54886545341405935, 147.4213562373095385, 10.62499999999999822 ) ) ;
#267 = EDGE_CURVE ( 'NONE', #5174, #6113, #9356, .T. ) ;
#268 = ORIENTED_EDGE ( 'NONE', *, *, #4308, .T. ) ;
#269 = APPROVAL_STATUS ( 'not_yet_approved' ) ;
#270 = CARTESIAN_POINT ( 'NONE',  ( -27.06329386826395123, 6.000000000000005329, -31.87499999999995737 ) ) ;
#271 = EDGE_LOOP ( 'NONE', ( #3711, #4472, #7010, #7038 ) ) ;
#272 = EDGE_CURVE ( 'NONE', #5534, #1125, #6155, .T. ) ;
#273 = DIRECTION ( 'NONE',  ( 0.3420201433256956358, -2.078592192663504398E-14, 0.9396926207858986579 ) ) ;
#274 = VECTOR ( 'NONE', #2341, 1000.000000000000114 ) ;
#275 = EDGE_LOOP ( 'NONE', ( #2596, #6387, #8205, #6485 ) ) ;
#276 = EDGE_CURVE ( 'NONE', #8054, #2363, #5858, .T. ) ;
#277 = EDGE_LOOP ( 'NONE', ( #187, #9500, #5820, #6784 ) ) ;
#278 = LINE ( 'NONE', #1057, #7774 ) ;
#279 = EDGE_LOOP ( 'NONE', ( #2590, #5276, #1844, #2213 ) ) ;
#280 = DIRECTION ( 'NONE',  ( -1.000000000000000000, 0.000000000000000000, 0.000000000000000000 ) ) ;
#281 = EDGE_LOOP ( 'NONE', ( #1853, #1434, #5176, #1569 ) ) ;
#282 = EDGE_CURVE ( 'NONE', #537, #7641, #3560, .T. ) ;
#283 = DIRECTION ( 'NONE',  ( 0.4999999999999993339, 0.000000000000000000, -0.8660254037844389297 ) ) ;
#284 = VERTEX_POINT ( 'NONE', #8442 ) ;
#285 = EDGE_CURVE ( 'NONE', #3064, #7359, #9179, .T. ) ;
#286 = DIRECTION ( 'NONE',  ( 0.5000000000000006661, 0.000000000000000000, 0.8660254037844382635 ) ) ;
#287 = FACE_OUTER_BOUND ( 'NONE', #10119, .T. ) ;
#288 = ORIENTED_EDGE ( 'NONE', *, *, #4395, .T. ) ;
#289 = EDGE_CURVE ( 'NONE', #1297, #3088, #7607, .T. ) ;
#290 = DIRECTION ( 'NONE',  ( 0.5000000000000000000, 0.000000000000000000, -0.8660254037844385966 ) ) ;
#291 = CYLINDRICAL_SURFACE ( 'NONE', #8044, 3.599999999999993872 ) ;
#292 = ORIENTED_EDGE ( 'NONE', *, *, #1737, .T. ) ;
#293 = CARTESIAN_POINT ( 'NONE',  ( 49.99999999999999289, 6.000000000000000000, 50.00000000000000000 ) ) ;
#294 = LINE ( 'NONE', #6540, #938 ) ;
#295 = ORIENTED_EDGE ( 'NONE', *, *, #4133, .T. ) ;
#296 = VECTOR ( 'NONE', #2728, 1000.000000000000000 ) ;
#297 = VERTEX_POINT ( 'NONE', #9125 ) ;
#298 = FACE_OUTER_BOUND ( 'NONE', #224, .T. ) ;
#299 = VERTEX_POINT ( 'NONE', #7553 ) ;
#300 = CARTESIAN_POINT ( 'NONE',  ( -45.46633369868351338, 147.4213562373095385, 21.24999999999999289 ) ) ;
#301 = CARTESIAN_POINT ( 'NONE',  ( -14.07291281149715090, 6.000000000000005329, 3.124999999999960920 ) ) ;
#302 = ORIENTED_EDGE ( 'NONE', *, *, #922, .T. ) ;
#303 = VECTOR ( 'NONE', #5365, 1000.000000000000000 ) ;
#304 = CARTESIAN_POINT ( 'NONE',  ( 46.40590262964586543, 4.500000000000013323, 92.41944086838630312 ) ) ;
#305 = LINE ( 'NONE', #1663, #8953 ) ;
#306 = DIRECTION ( 'NONE',  ( 0.000000000000000000, 0.000000000000000000, -1.000000000000000000 ) ) ;
#307 = DIRECTION ( 'NONE',  ( 0.3420201433256682688, 1.201296007113939071E-14, -0.9396926207859086499 ) ) ;
#308 = CARTESIAN_POINT ( 'NONE',  ( 23.87132298306551803, 6.000000000000005329, -16.15365574944389948 ) ) ;
#309 = AXIS2_PLACEMENT_3D ( 'NONE', #3593, #2122, #6088 ) ;
#310 = CARTESIAN_POINT ( 'NONE',  ( 4.330127018922190096, 0.000000000000000000, -7.500000000000000000 ) ) ;
#311 = VERTEX_POINT ( 'NONE', #5165 ) ;
#312 = CARTESIAN_POINT ( 'NONE',  ( 60.42191776730651043, 13.49999999999923084, 91.53084647020840237 ) ) ;
#313 = CARTESIAN_POINT ( 'NONE',  ( 14.07291281149758966, 6.000000000000005329, -45.62499999999995737 ) ) ;
#314 = CIRCLE ( 'NONE', #1143, 6.999999999999941380 ) ;
#315 = CARTESIAN_POINT ( 'NONE',  ( -35.52517649845233905, 147.4213562373095385, -7.500000000000000000 ) ) ;
#316 = FACE_OUTER_BOUND ( 'NONE', #5973, .T. ) ;
#317 = EDGE_CURVE ( 'NONE', #7823, #2152, #418, .T. ) ;
#318 = PLANE ( 'NONE',  #6470 ) ;
#319 = VECTOR ( 'NONE', #6702, 1000.000000000000227 ) ;
#320 = AXIS2_PLACEMENT_3D ( 'NONE', #3968, #162, #6353 ) ;
#321 = ORIENTED_EDGE ( 'NONE', *, *, #6701, .T. ) ;
#322 = PERSON_AND_ORGANIZATION ( #8656, #593 ) ;
#324 = VECTOR ( 'NONE', #8538, 1000.000000000000000 ) ;
#323 = CC_DESIGN_DATE_AND_TIME_ASSIGNMENT ( #7347, #8971, ( #8978 ) ) ;
#325 = FACE_OUTER_BOUND ( 'NONE', #9024, .T. ) ;
#326 = ORIENTED_EDGE ( 'NONE', *, *, #7567, .T. ) ;
#327 = FACE_BOUND ( 'NONE', #1073, .T. ) ;
#328 = VECTOR ( 'NONE', #4911, 1000.000000000000227 ) ;
#329 = ORIENTED_EDGE ( 'NONE', *, *, #349, .F. ) ;
#330 = DIRECTION ( 'NONE',  ( -0.8660254037844398178, 0.000000000000000000, -0.4999999999999980571 ) ) ;
#331 = EDGE_CURVE ( 'NONE', #6290, #6996, #6772, .T. ) ;
#332 = ORIENTED_EDGE ( 'NONE', *, *, #7907, .F. ) ;
#333 = FACE_OUTER_BOUND ( 'NONE', #9045, .T. ) ;
#334 = ORIENTED_EDGE ( 'NONE', *, *, #6507, .F. ) ;
#335 = VECTOR ( 'NONE', #5716, 999.9999999999998863 ) ;
#336 = CARTESIAN_POINT ( 'NONE',  ( 46.54886545341405935, 147.4213562373095385, -10.62499999999999822 ) ) ;
#337 = ORIENTED_EDGE ( 'NONE', *, *, #3330, .T. ) ;
#338 = EDGE_CURVE ( 'NONE', #8036, #8894, #8387, .T. ) ;
#339 = CYLINDRICAL_SURFACE ( 'NONE', #2935, 51.96152422706636997 ) ;
#340 = AXIS2_PLACEMENT_3D ( 'NONE', #10238, #9357, #1592 ) ;
#341 = LINE ( 'NONE', #10029, #5699 ) ;
#342 = VERTEX_POINT ( 'NONE', #5320 ) ;
#343 = DIRECTION ( 'NONE',  ( -0.8137976813493694728, -0.4999999999999978906, -0.2961981327260391761 ) ) ;
#344 = CARTESIAN_POINT ( 'NONE',  ( 66.91430112669026187, 5.499999999999643840, 63.56481424690534254 ) ) ;
#345 = EDGE_LOOP ( 'NONE', ( #2028, #2419, #10096, #6428 ) ) ;
#346 = DIRECTION ( 'NONE',  ( -0.8660254037844387076, 0.000000000000000000, -0.4999999999999999445 ) ) ;
#347 = FACE_OUTER_BOUND ( 'NONE', #6369, .T. ) ;
#348 = ORIENTED_EDGE ( 'NONE', *, *, #1453, .T. ) ;
#349 = EDGE_CURVE ( 'NONE', #9384, #2312, #6822, .T. ) ;
#350 = ORIENTED_EDGE ( 'NONE', *, *, #7984, .F. ) ;
#351 = DIRECTION ( 'NONE',  ( 0.000000000000000000, 0.000000000000000000, -1.000000000000000000 ) ) ;
#352 = ORIENTED_EDGE ( 'NONE', *, *, #2246, .T. ) ;
#353 = EDGE_CURVE ( 'NONE', #8709, #10129, #9026, .T. ) ;
#354 = DIRECTION ( 'NONE',  ( -0.4698463103929487183, -0.8660254037844399289, -0.1710100716628430717 ) ) ;
#355 = CARTESIAN_POINT ( 'NONE',  ( 49.99999999999997158, 147.4213562373095385, 25.89745962155742021 ) ) ;
#356 = ORIENTED_EDGE ( 'NONE', *, *, #6175, .F. ) ;
#357 = DIRECTION ( 'NONE',  ( -0.4999999999999990563, 0.000000000000000000, 0.8660254037844391517 ) ) ;
#358 = VECTOR ( 'NONE', #8115, 1000.000000000000000 ) ;
#359 = CARTESIAN_POINT ( 'NONE',  ( -22.73316684934176024, 147.4213562373095385, 24.37499999999996092 ) ) ;
#360 = CARTESIAN_POINT ( 'NONE',  ( 75.23823037617501086, 13.49999999999971045, 50.82336213776300582 ) ) ;
#361 = DIRECTION ( 'NONE',  ( 0.3420201433256682688, -1.201296007113938913E-14, 0.9396926207859085389 ) ) ;
#362 = CARTESIAN_POINT ( 'NONE',  ( -50.00000000000000000, 147.4213562373095385, -4.647459621556983222 ) ) ;
#363 = CARTESIAN_POINT ( 'NONE',  ( -32.47595264191694042, 0.000000000000000000, -50.00000000000000000 ) ) ;
#364 = CARTESIAN_POINT ( 'NONE',  ( 65.96487049844922979, 2.249999999999727773, -63.21924975872500596 ) ) ;
#365 = ORIENTED_EDGE ( 'NONE', *, *, #3597, .F. ) ;
#366 = DIRECTION ( 'NONE',  ( -0.5000000000000000000, 0.000000000000000000, -0.8660254037844385966 ) ) ;
#367 = CARTESIAN_POINT ( 'NONE',  ( 63.16162830294773300, 10.16190326101922992, -67.09883832977484985 ) ) ;
#368 = DIRECTION ( 'NONE',  ( -1.000000000000000000, 0.000000000000000000, -2.006803045524146286E-16 ) ) ;
#369 = PLANE ( 'NONE',  #4708 ) ;
#370 = CARTESIAN_POINT ( 'NONE',  ( 48.21495254706555045, 6.000000000000000000, 87.08787447931756276 ) ) ;
#371 = EDGE_LOOP ( 'NONE', ( #5106, #8398, #1048, #2955 ) ) ;
#372 = CARTESIAN_POINT ( 'NONE',  ( -25.92513773453970316, 6.000000000000005329, -12.59634425055616802 ) ) ;
#373 = ORIENTED_EDGE ( 'NONE', *, *, #5555, .F. ) ;
#374 = CARTESIAN_POINT ( 'NONE',  ( -9.742785792574935044, 147.4213562373095385, 10.62499999999999822 ) ) ;
#375 = EDGE_CURVE ( 'NONE', #3410, #9290, #2927, .T. ) ;
#376 = VECTOR ( 'NONE', #9526, 1000.000000000000227 ) ;
#377 = ORIENTED_EDGE ( 'NONE', *, *, #9316, .F. ) ;
#378 = VECTOR ( 'NONE', #290, 1000.000000000000227 ) ;
#379 = LINE ( 'NONE', #3568, #7275 ) ;
#380 = ORIENTED_EDGE ( 'NONE', *, *, #3308, .F. ) ;
#381 = CARTESIAN_POINT ( 'NONE',  ( -66.05925076837610277, 5.499999999999678479, 65.91404579887013426 ) ) ;
#382 = ORIENTED_EDGE ( 'NONE', *, *, #7337, .F. ) ;
#383 = DIRECTION ( 'NONE',  ( 0.9396926207859068736, 0.000000000000000000, -0.3420201433256732093 ) ) ;
#384 = ORIENTED_EDGE ( 'NONE', *, *, #5620, .T. ) ;
#385 = CARTESIAN_POINT ( 'NONE',  ( 46.40590262964586543, 4.500000000000013323, 85.06805748150695479 ) ) ;
#386 = LINE ( 'NONE', #2789, #10191 ) ;
#387 = ORIENTED_EDGE ( 'NONE', *, *, #880, .T. ) ;
#388 = PLANE ( 'NONE',  #1382 ) ;
#389 = PLANE ( 'NONE',  #1395 ) ;
#390 = ORIENTED_EDGE ( 'NONE', *, *, #3934, .F. ) ;
#391 = LINE ( 'NONE', #5863, #1585 ) ;
#392 = ADVANCED_FACE ( 'NONE', ( #9277 ), #6874, .F. ) ;
#393 = LINE ( 'NONE', #2795, #7087 ) ;
#394 = ORIENTED_EDGE ( 'NONE', *, *, #7990, .F. ) ;
#395 = EDGE_CURVE ( 'NONE', #8451, #5655, #626, .T. ) ;
#396 = ADVANCED_FACE ( 'NONE', ( #3862 ), #4010, .T. ) ;
#397 = ORIENTED_EDGE ( 'NONE', *, *, #5060, .F. ) ;
#398 = CARTESIAN_POINT ( 'NONE',  ( -61.04305051123165526, -2.830127018922475646, -66.74874264734096130 ) ) ;
#399 = ORIENTED_EDGE ( 'NONE', *, *, #5532, .F. ) ;
#400 = EDGE_CURVE ( 'NONE', #8713, #1131, #7171, .T. ) ;
#401 = CARTESIAN_POINT ( 'NONE',  ( -11.26739772084300206, 6.000000000000005329, 34.51570532158540061 ) ) ;
#402 = CARTESIAN_POINT ( 'NONE',  ( -25.98076211353308906, 0.000000000000000000, -15.00000000000011546 ) ) ;
#403 = VERTEX_POINT ( 'NONE', #7957 ) ;
#404 = DIRECTION ( 'NONE',  ( -0.000000000000000000, -1.000000000000000000, -0.000000000000000000 ) ) ;
#405 = EDGE_CURVE ( 'NONE', #2731, #10074, #4594, .T. ) ;
#406 = CARTESIAN_POINT ( 'NONE',  ( 14.07291281149715090, 147.4213562373095385, 3.124999999999960920 ) ) ;
#407 = LINE ( 'NONE', #7592, #7342 ) ;
#408 = FACE_OUTER_BOUND ( 'NONE', #2402, .T. ) ;
#409 = DIRECTION ( 'NONE',  ( 0.9396926207859069846, 0.000000000000000000, 0.3420201433256724322 ) ) ;
#410 = VECTOR ( 'NONE', #3899, 1000.000000000000000 ) ;
#411 = DIRECTION ( 'NONE',  ( 1.000000000000000000, 0.000000000000000000, -1.001543065824772852E-16 ) ) ;
#412 = ORIENTED_EDGE ( 'NONE', *, *, #3135, .T. ) ;
#413 = CARTESIAN_POINT ( 'NONE',  ( -72.62888298754663197, 14.99999999999994316, -95.97381846109878722 ) ) ;
#414 = CARTESIAN_POINT ( 'NONE',  ( 60.42191776730651043, 13.49999999999923084, -91.53084647020840237 ) ) ;
#415 = DIRECTION ( 'NONE',  ( 0.000000000000000000, 1.000000000000000000, 0.000000000000000000 ) ) ;
#416 = AXIS2_PLACEMENT_3D ( 'NONE', #2777, #6724, #9909 ) ;
#417 = FACE_OUTER_BOUND ( 'NONE', #275, .T. ) ;
#418 = LINE ( 'NONE', #3611, #7691 ) ;
#419 = EDGE_CURVE ( 'NONE', #9659, #8790, #5565, .T. ) ;
#420 = DIRECTION ( 'NONE',  ( 0.000000000000000000, 0.000000000000000000, -1.000000000000000000 ) ) ;
#421 = VERTEX_POINT ( 'NONE', #6344 ) ;
#422 = AXIS2_PLACEMENT_3D ( 'NONE', #8012, #7959, #4220 ) ;
#423 = VECTOR ( 'NONE', #3181, 1000.000000000000000 ) ;
#424 = DIRECTION ( 'NONE',  ( 0.4698463103929531592, 0.8660254037844399289, -0.1710100716628304984 ) ) ;
#425 = VERTEX_POINT ( 'NONE', #3228 ) ;
#426 = CARTESIAN_POINT ( 'NONE',  ( 11.54700538379293384, 0.000000000000000000, -50.00000000000000000 ) ) ;
#427 = EDGE_CURVE ( 'NONE', #9586, #8611, #825, .T. ) ;
#428 = CC_DESIGN_APPROVAL ( #1586, ( #8978 ) ) ;
#429 = ORIENTED_EDGE ( 'NONE', *, *, #844, .T. ) ;
#430 = CARTESIAN_POINT ( 'NONE',  ( -22.71712670107568499, 6.000000000000005329, 3.124999999999959588 ) ) ;
#431 = ORIENTED_EDGE ( 'NONE', *, *, #3358, .F. ) ;
#432 = LINE ( 'NONE', #3623, #6625 ) ;
#433 = ORIENTED_EDGE ( 'NONE', *, *, #3471, .T. ) ;
#434 = VECTOR ( 'NONE', #2932, 1000.000000000000000 ) ;
#435 = EDGE_CURVE ( 'NONE', #847, #5484, #1612, .T. ) ;
#436 = DIRECTION ( 'NONE',  ( -0.4999999999999996114, 0.000000000000000000, 0.8660254037844389297 ) ) ;
#437 = EDGE_LOOP ( 'NONE', ( #7046, #900, #7374, #2787 ) ) ;
#438 = DIRECTION ( 'NONE',  ( 0.5000000000000000000, 0.000000000000000000, -0.8660254037844385966 ) ) ;
#439 = LINE ( 'NONE', #9148, #7022 ) ;
#440 = EDGE_CURVE ( 'NONE', #1697, #8163, #10278, .T. ) ;
#441 = VERTEX_POINT ( 'NONE', #7761 ) ;
#442 = LINE ( 'NONE', #2950, #9534 ) ;
#443 = DIRECTION ( 'NONE',  ( 0.3420201433256876422, -0.000000000000000000, 0.9396926207859014335 ) ) ;
#444 = ORIENTED_EDGE ( 'NONE', *, *, #6329, .T. ) ;
#445 = ADVANCED_FACE ( 'NONE', ( #6971 ), #7910, .T. ) ;
#446 = VECTOR ( 'NONE', #9874, 1000.000000000000114 ) ;
#447 = CARTESIAN_POINT ( 'NONE',  ( 41.13620667976131529, 6.000000000000005329, -7.500000000000000000 ) ) ;
#448 = FACE_BOUND ( 'NONE', #476, .T. ) ;
#449 = ORIENTED_EDGE ( 'NONE', *, *, #4709, .T. ) ;
#450 = ORIENTED_EDGE ( 'NONE', *, *, #272, .T. ) ;
#451 = EDGE_CURVE ( 'NONE', #7576, #10233, #3026, .T. ) ;
#452 = AXIS2_PLACEMENT_3D ( 'NONE', #5175, #1892, #6833 ) ;
#453 = CARTESIAN_POINT ( 'NONE',  ( -46.40590262964586543, 4.500000000000002665, 92.41944086838630312 ) ) ;
#454 = ORIENTED_EDGE ( 'NONE', *, *, #997, .F. ) ;
#455 = PLANE ( 'NONE',  #1650 ) ;
#456 = DIRECTION ( 'NONE',  ( 0.5000000000000000000, 0.000000000000000000, -0.8660254037844385966 ) ) ;
#457 = ORIENTED_EDGE ( 'NONE', *, *, #5198, .F. ) ;
#458 = CARTESIAN_POINT ( 'NONE',  ( 45.46633369868351338, 147.4213562373095385, -21.24999999999999289 ) ) ;
#459 = DIRECTION ( 'NONE',  ( -1.000000000000000000, 0.000000000000000000, -0.000000000000000000 ) ) ;
#460 = DIRECTION ( 'NONE',  ( -0.3420201433256682688, -1.201296007113939071E-14, -0.9396926207859086499 ) ) ;
#461 = DIRECTION ( 'NONE',  ( 1.000000000000000000, 0.000000000000000000, 0.000000000000000000 ) ) ;
#462 = DIRECTION ( 'NONE',  ( 0.5000000000000043299, 0.000000000000000000, 0.8660254037844361541 ) ) ;
#463 = EDGE_CURVE ( 'NONE', #10067, #7195, #9375, .T. ) ;
#464 = CARTESIAN_POINT ( 'NONE',  ( -32.47595264191693332, 6.000000000000005329, -49.99999999999998579 ) ) ;
#465 = EDGE_LOOP ( 'NONE', ( #2620, #2329, #3979, #1656, #8311, #10083 ) ) ;
#466 = FACE_OUTER_BOUND ( 'NONE', #6890, .T. ) ;
#467 = CARTESIAN_POINT ( 'NONE',  ( -8.652233963711523757, 0.000000000000000000, -21.23610882412133094 ) ) ;
#468 = EDGE_CURVE ( 'NONE', #7652, #1689, #6128, .T. ) ;
#469 = PLANE ( 'NONE',  #5331 ) ;
#470 = EDGE_LOOP ( 'NONE', ( #4669, #10038, #433, #9916 ) ) ;
#471 = ADVANCED_FACE ( 'NONE', ( #7019 ), #10207, .T. ) ;
#472 = LINE ( 'NONE', #2976, #4208 ) ;
#473 = DIRECTION ( 'NONE',  ( -1.000000000000000000, 0.000000000000000000, 1.001543065824773222E-16 ) ) ;
#474 = AXIS2_PLACEMENT_3D ( 'NONE', #5098, #4525, #5201 ) ;
#475 = CARTESIAN_POINT ( 'NONE',  ( 35.72484103454691251, 0.000000000000000000, -20.62574658805230143 ) ) ;
#476 = EDGE_LOOP ( 'NONE', ( #1498, #10000, #3010, #3866, #6165, #9754, #6296 ) ) ;
#477 = VECTOR ( 'NONE', #9553, 1000.000000000000114 ) ;
#478 = ADVANCED_FACE ( 'NONE', ( #3175 ), #8638, .F. ) ;
#479 = DIRECTION ( 'NONE',  ( -0.4698463103929487183, 0.8660254037844400399, -0.1710100716628430717 ) ) ;
#480 = ORIENTED_EDGE ( 'NONE', *, *, #7593, .F. ) ;
#481 = FACE_OUTER_BOUND ( 'NONE', #6649, .T. ) ;
#482 = VECTOR ( 'NONE', #6815, 999.9999999999998863 ) ;
#483 = EDGE_CURVE ( 'NONE', #10043, #8315, #7858, .T. ) ;
#484 = VECTOR ( 'NONE', #1517, 1000.000000000000114 ) ;
#485 = ORIENTED_EDGE ( 'NONE', *, *, #5224, .T. ) ;
#486 = DIRECTION ( 'NONE',  ( 0.000000000000000000, 0.000000000000000000, 1.000000000000000000 ) ) ;
#487 = EDGE_LOOP ( 'NONE', ( #4027, #1314, #6894 ) ) ;
#488 = DIRECTION ( 'NONE',  ( 0.3420201433256646606, 1.387778780781438576E-14, 0.9396926207859098712 ) ) ;
#489 = VERTEX_POINT ( 'NONE', #3120 ) ;
#490 = AXIS2_PLACEMENT_3D ( 'NONE', #8570, #7788, #7101 ) ;
#491 = EDGE_LOOP ( 'NONE', ( #6003, #991 ) ) ;
#492 = DIRECTION ( 'NONE',  ( 0.8660254037844383745, 0.000000000000000000, -0.5000000000000004441 ) ) ;
#493 = VERTEX_POINT ( 'NONE', #6293 ) ;
#494 = CARTESIAN_POINT ( 'NONE',  ( 8.660254037844314468, 147.4213562373095385, 21.25000000000000000 ) ) ;
#495 = ORIENTED_EDGE ( 'NONE', *, *, #7498, .T. ) ;
#496 = CARTESIAN_POINT ( 'NONE',  ( 72.62888298754663197, 14.99999999999994316, -95.97381846109878722 ) ) ;
#497 = VECTOR ( 'NONE', #1896, 1000.000000000000000 ) ;
#498 = FACE_OUTER_BOUND ( 'NONE', #3373, .T. ) ;
#499 = ORIENTED_EDGE ( 'NONE', *, *, #971, .T. ) ;
#500 = CARTESIAN_POINT ( 'NONE',  ( 69.26353267865501095, 1.169872981077444640, 64.41986460521955848 ) ) ;
#501 = CARTESIAN_POINT ( 'NONE',  ( 35.52517649845234615, 147.4213562373095385, -7.500000000000000000 ) ) ;
#502 = ORIENTED_EDGE ( 'NONE', *, *, #1453, .F. ) ;
#503 = ORIENTED_EDGE ( 'NONE', *, *, #8811, .F. ) ;
#504 = CARTESIAN_POINT ( 'NONE',  ( -14.06489273736422163, 0.000000000000000000, 18.11110882412125278 ) ) ;
#505 = ORIENTED_EDGE ( 'NONE', *, *, #7058, .T. ) ;
#506 = VECTOR ( 'NONE', #5212, 1000.000000000000000 ) ;
#507 = FACE_BOUND ( 'NONE', #5291, .T. ) ;
#508 = CARTESIAN_POINT ( 'NONE',  ( -4.330127018922337534, 0.000000000000000000, -34.99999999999999289 ) ) ;
#509 = ORIENTED_EDGE ( 'NONE', *, *, #451, .T. ) ;
#510 = DIRECTION ( 'NONE',  ( -0.000000000000000000, -1.000000000000000000, -0.000000000000000000 ) ) ;
#511 = DIRECTION ( 'NONE',  ( -0.8660254037844387076, 0.000000000000000000, 0.5000000000000001110 ) ) ;
#512 = CC_DESIGN_PERSON_AND_ORGANIZATION_ASSIGNMENT ( #1723, #2614, ( #3918 ) ) ;
#513 = DIRECTION ( 'NONE',  ( 0.3420201433256682688, -1.201296007113938913E-14, -0.9396926207859085389 ) ) ;
#514 = DIRECTION ( 'NONE',  ( -0.000000000000000000, -1.000000000000000000, -0.000000000000000000 ) ) ;
#515 = ADVANCED_FACE ( 'NONE', ( #9474 ), #2337, .T. ) ;
#516 = LINE ( 'NONE', #4431, #3778 ) ;
#517 = VECTOR ( 'NONE', #4101, 1000.000000000000000 ) ;
#518 = ORIENTED_EDGE ( 'NONE', *, *, #4339, .T. ) ;
#519 = DIRECTION ( 'NONE',  ( -0.000000000000000000, -1.000000000000000000, -0.000000000000000000 ) ) ;
#520 = LINE ( 'NONE', #6816, #2931 ) ;
#521 = LINE ( 'NONE', #1247, #3829 ) ;
#522 = ORIENTED_EDGE ( 'NONE', *, *, #6653, .T. ) ;
#523 = FACE_OUTER_BOUND ( 'NONE', #778, .T. ) ;
#524 = DIRECTION ( 'NONE',  ( 0.000000000000000000, 1.000000000000000000, 0.000000000000000000 ) ) ;
#525 = LINE ( 'NONE', #6823, #155 ) ;
#526 = EDGE_LOOP ( 'NONE', ( #6393, #6698, #7500, #6780 ) ) ;
#527 = EDGE_CURVE ( 'NONE', #3340, #4361, #3470, .T. ) ;
#528 = EDGE_CURVE ( 'NONE', #7431, #2271, #9629, .T. ) ;
#529 = EDGE_CURVE ( 'NONE', #9490, #10087, #876, .T. ) ;
#530 = DIRECTION ( 'NONE',  ( 0.000000000000000000, -0.000000000000000000, 1.000000000000000000 ) ) ;
#531 = CARTESIAN_POINT ( 'NONE',  ( -78.55942538675439835, 20.99999999999937828, -79.67978713415917014 ) ) ;
#532 = EDGE_CURVE ( 'NONE', #9877, #9003, #5772, .T. ) ;
#533 = AXIS2_PLACEMENT_3D ( 'NONE', #835, #4021, #9483 ) ;
#534 = EDGE_CURVE ( 'NONE', #9096, #5221, #305, .T. ) ;
#535 = EDGE_LOOP ( 'NONE', ( #5934, #1037, #6513, #4921 ) ) ;
#536 = DIRECTION ( 'NONE',  ( 0.8660254037844387076, 0.000000000000000000, -0.5000000000000001110 ) ) ;
#537 = VERTEX_POINT ( 'NONE', #8845 ) ;
#538 = CARTESIAN_POINT ( 'NONE',  ( -4.330127018922193649, 0.000000000000000000, -7.500000000000000000 ) ) ;
#539 = VERTEX_POINT ( 'NONE', #3389 ) ;
#540 = AXIS2_PLACEMENT_3D ( 'NONE', #6049, #10110, #1145 ) ;
#541 = ORIENTED_EDGE ( 'NONE', *, *, #4924, .T. ) ;
#542 = CARTESIAN_POINT ( 'NONE',  ( -78.40253430288579750, 15.21673546576100833, 50.82336213776300582 ) ) ;
#543 = ORIENTED_EDGE ( 'NONE', *, *, #9666, .T. ) ;
#544 = VECTOR ( 'NONE', #1918, 1000.000000000000000 ) ;
#545 = VECTOR ( 'NONE', #2914, 1000.000000000000000 ) ;
#546 = DIRECTION ( 'NONE',  ( 0.5000000000000000000, 0.000000000000000000, -0.8660254037844385966 ) ) ;
#547 = ORIENTED_EDGE ( 'NONE', *, *, #6950, .T. ) ;
#548 = CARTESIAN_POINT ( 'NONE',  ( -118.2462233470211572, 2.249999999998087308, 80.42258665126527717 ) ) ;
#549 = DIRECTION ( 'NONE',  ( 0.000000000000000000, -1.000000000000000000, 0.000000000000000000 ) ) ;
#550 = EDGE_LOOP ( 'NONE', ( #5946, #9139, #3300, #4719 ) ) ;
#551 = FACE_BOUND ( 'NONE', #1436, .T. ) ;
#552 = ORIENTED_EDGE ( 'NONE', *, *, #5333, .T. ) ;
#553 = VECTOR ( 'NONE', #8754, 1000.000000000000000 ) ;
#554 = AXIS2_PLACEMENT_3D ( 'NONE', #548, #6895, #1957 ) ;
#555 = EDGE_LOOP ( 'NONE', ( #4811, #9972, #1564, #7284 ) ) ;
#556 = CARTESIAN_POINT ( 'NONE',  ( 45.46633369868351338, 147.4213562373095385, -42.49999999999998579 ) ) ;
#557 = VERTEX_POINT ( 'NONE', #7386 ) ;
#558 = DIRECTION ( 'NONE',  ( 0.000000000000000000, 0.000000000000000000, -1.000000000000000000 ) ) ;
#559 = EDGE_CURVE ( 'NONE', #8188, #706, #2546, .T. ) ;
#560 = EDGE_CURVE ( 'NONE', #2271, #3184, #9682, .T. ) ;
#561 = LINE ( 'NONE', #3749, #1169 ) ;
#562 = ORIENTED_EDGE ( 'NONE', *, *, #8980, .T. ) ;
#563 = DIRECTION ( 'NONE',  ( 0.4999999999999979461, 0.000000000000000000, -0.8660254037844397068 ) ) ;
#564 = FACE_OUTER_BOUND ( 'NONE', #8373, .T. ) ;
#565 = CARTESIAN_POINT ( 'NONE',  ( 2.053814751473915567, 6.000000000000005329, 28.74999999999999645 ) ) ;
#566 = AXIS2_PLACEMENT_3D ( 'NONE', #9684, #7494, #6605 ) ;
#567 = PLANE ( 'NONE',  #7566 ) ;
#568 = LINE ( 'NONE', #3755, #4230 ) ;
#569 = EDGE_LOOP ( 'NONE', ( #6737, #1379 ) ) ;
#570 = DIRECTION ( 'NONE',  ( -0.8757795372522678701, -0.4330127018922227955, -0.2133312028986864284 ) ) ;
#571 = EDGE_CURVE ( 'NONE', #950, #6116, #3961, .T. ) ;
#572 = CARTESIAN_POINT ( 'NONE',  ( -4.330127018922193649, 6.000000000000005329, -7.500000000000000000 ) ) ;
#573 = DIRECTION ( 'NONE',  ( 0.5000000000000004441, 0.000000000000000000, 0.8660254037844383745 ) ) ;
#574 = ORIENTED_EDGE ( 'NONE', *, *, #3713, .T. ) ;
#575 = PLANE ( 'NONE',  #3557 ) ;
#576 = DIRECTION ( 'NONE',  ( -0.8660254037844384856, 0.000000000000000000, 0.5000000000000003331 ) ) ;
#577 = CIRCLE ( 'NONE', #1572, 51.96152422706621365 ) ;
#578 = CARTESIAN_POINT ( 'NONE',  ( -75.46725468460070374, 16.83809673897978954, 67.09883832977484985 ) ) ;
#579 = ORIENTED_EDGE ( 'NONE', *, *, #7075, .T. ) ;
#580 = FACE_OUTER_BOUND ( 'NONE', #7784, .T. ) ;
#581 = CARTESIAN_POINT ( 'NONE',  ( -4.330127018922337534, 147.4213562373095385, -34.99999999999999289 ) ) ;
#582 = VECTOR ( 'NONE', #8032, 1000.000000000000000 ) ;
#583 = EDGE_CURVE ( 'NONE', #4265, #8562, #2441, .T. ) ;
#584 = ORIENTED_EDGE ( 'NONE', *, *, #2181, .F. ) ;
#585 = AXIS2_PLACEMENT_3D ( 'NONE', #1868, #3229, #6397 ) ;
#586 = LINE ( 'NONE', #7768, #7444 ) ;
#587 = ORIENTED_EDGE ( 'NONE', *, *, #4232, .T. ) ;
#588 = CIRCLE ( 'NONE', #6082, 2.750000000000009326 ) ;
#589 = CARTESIAN_POINT ( 'NONE',  ( 28.14582562299473878, 6.000000000000005329, -42.49999999999998579 ) ) ;
#590 = EDGE_CURVE ( 'NONE', #1850, #2117, #1818, .T. ) ;
#591 = ORIENTED_EDGE ( 'NONE', *, *, #9194, .F. ) ;
#592 = EDGE_LOOP ( 'NONE', ( #2167, #7143, #9502, #9022 ) ) ;
#593 = ORGANIZATION ( 'UNSPECIFIED', 'UNSPECIFIED', '' ) ;
#594 = DIRECTION ( 'NONE',  ( -0.9355268173716067004, -0.09405667402808165489, -0.3405039148810590777 ) ) ;
#595 = ORIENTED_EDGE ( 'NONE', *, *, #4810, .F. ) ;
#596 = VECTOR ( 'NONE', #4737, 1000.000000000000000 ) ;
#597 = DIRECTION ( 'NONE',  ( 0.000000000000000000, -0.9678453296402135253, 0.2515460552138042982 ) ) ;
#598 = EDGE_CURVE ( 'NONE', #606, #7820, #1712, .T. ) ;
#599 = EDGE_LOOP ( 'NONE', ( #4711, #8025, #9100, #8635 ) ) ;
#600 = DIRECTION ( 'NONE',  ( 0.8789733129752212992, -0.4768709627114694483, 0.000000000000000000 ) ) ;
#601 = CARTESIAN_POINT ( 'NONE',  ( 27.06329386826395123, 147.4213562373095385, 31.87499999999995737 ) ) ;
#602 = VERTEX_POINT ( 'NONE', #6448 ) ;
#603 = AXIS2_PLACEMENT_3D ( 'NONE', #4444, #7666, #8241 ) ;
#604 = DIRECTION ( 'NONE',  ( 0.4698463103929531592, 0.8660254037844399289, -0.1710100716628304984 ) ) ;
#605 = ORIENTED_EDGE ( 'NONE', *, *, #5692, .T. ) ;
#606 = VERTEX_POINT ( 'NONE', #8794 ) ;
#607 = EDGE_CURVE ( 'NONE', #8918, #10146, #3282, .T. ) ;
#608 = VERTEX_POINT ( 'NONE', #4219 ) ;
#609 = FACE_OUTER_BOUND ( 'NONE', #8329, .T. ) ;
#610 = EDGE_CURVE ( 'NONE', #9830, #8186, #681, .T. ) ;
#611 = CARTESIAN_POINT ( 'NONE',  ( 28.14582562299473878, 0.000000000000000000, 42.49999999999998579 ) ) ;
#612 = VERTEX_POINT ( 'NONE', #9732 ) ;
#613 = CARTESIAN_POINT ( 'NONE',  ( -65.96487049844922979, 2.249999999999727773, -63.21924975872500596 ) ) ;
#614 = VECTOR ( 'NONE', #8664, 1000.000000000000114 ) ;
#615 = ORIENTED_EDGE ( 'NONE', *, *, #54, .T. ) ;
#616 = LINE ( 'NONE', #5600, #9364 ) ;
#617 = DIRECTION ( 'NONE',  ( 0.000000000000000000, 0.000000000000000000, 1.000000000000000000 ) ) ;
#618 = LINE ( 'NONE', #7698, #4426 ) ;
#619 = DIRECTION ( 'NONE',  ( 0.9396926207859089830, 0.000000000000000000, 0.3420201433256669921 ) ) ;
#620 = ORIENTED_EDGE ( 'NONE', *, *, #3713, .F. ) ;
#621 = LINE ( 'NONE', #6236, #9064 ) ;
#622 = CARTESIAN_POINT ( 'NONE',  ( 3.673940397442059967E-15, 0.000000000000000000, 30.00000000000000000 ) ) ;
#623 = FACE_OUTER_BOUND ( 'NONE', #4358, .T. ) ;
#624 = ORIENTED_EDGE ( 'NONE', *, *, #3139, .T. ) ;
#625 = FACE_OUTER_BOUND ( 'NONE', #4762, .T. ) ;
#626 = LINE ( 'NONE', #1560, #5364 ) ;
#627 = CARTESIAN_POINT ( 'NONE',  ( -22.73316684934153287, 147.4213562373095385, -3.124999999999960920 ) ) ;
#628 = VERTEX_POINT ( 'NONE', #8219 ) ;
#629 = AXIS2_PLACEMENT_3D ( 'NONE', #5953, #9967, #1997 ) ;
#630 = DIRECTION ( 'NONE',  ( -0.09485932030787468106, 0.9607689228305207330, 0.2606238405706753913 ) ) ;
#631 = CARTESIAN_POINT ( 'NONE',  ( 71.96467873985480423, 13.49999999999998401, 90.20243797482451953 ) ) ;
#632 = EDGE_CURVE ( 'NONE', #5606, #3554, #4842, .T. ) ;
#633 = ORIENTED_EDGE ( 'NONE', *, *, #4018, .F. ) ;
#634 = EDGE_CURVE ( 'NONE', #9849, #8369, #4115, .T. ) ;
#635 = CARTESIAN_POINT ( 'NONE',  ( 32.47595264191693332, 6.000000000000005329, 49.99999999999998579 ) ) ;
#636 = ORIENTED_EDGE ( 'NONE', *, *, #7280, .F. ) ;
#637 = PLANE ( 'NONE',  #6291 ) ;
#638 = VECTOR ( 'NONE', #6183, 1000.000000000000000 ) ;
#639 = LINE ( 'NONE', #7727, #4823 ) ;
#640 = VERTEX_POINT ( 'NONE', #1084 ) ;
#641 = VECTOR ( 'NONE', #1571, 1000.000000000000000 ) ;
#642 = EDGE_CURVE ( 'NONE', #2975, #10146, #7330, .T. ) ;
#643 = FACE_BOUND ( 'NONE', #7415, .T. ) ;
#644 = EDGE_CURVE ( 'NONE', #750, #1331, #8896, .T. ) ;
#645 = EDGE_LOOP ( 'NONE', ( #7836, #6111, #1948, #4657 ) ) ;
#646 = DIRECTION ( 'NONE',  ( 0.5000000000000001110, 0.000000000000000000, -0.8660254037844387076 ) ) ;
#647 = FACE_OUTER_BOUND ( 'NONE', #2941, .T. ) ;
#648 = ORIENTED_EDGE ( 'NONE', *, *, #634, .T. ) ;
#649 = PLANE ( 'NONE',  #6927 ) ;
#650 = ORIENTED_EDGE ( 'NONE', *, *, #6202, .T. ) ;
#651 = AXIS2_PLACEMENT_3D ( 'NONE', #3795, #2910, #6085 ) ;
#652 = VECTOR ( 'NONE', #7448, 1000.000000000000114 ) ;
#653 = VERTEX_POINT ( 'NONE', #978 ) ;
#654 = EDGE_CURVE ( 'NONE', #7835, #537, #197, .T. ) ;
#655 = EDGE_LOOP ( 'NONE', ( #7270, #1387, #9647, #7936, #8514, #8764 ) ) ;
#656 = DIRECTION ( 'NONE',  ( -0.000000000000000000, 1.000000000000000000, -0.000000000000000000 ) ) ;
#657 = DIRECTION ( 'NONE',  ( -0.000000000000000000, 1.000000000000000000, -0.000000000000000000 ) ) ;
#658 = ADVANCED_FACE ( 'NONE', ( #6759 ), #4528, .T. ) ;
#659 = CIRCLE ( 'NONE', #9151, 2.749999999999995559 ) ;
#660 = CARTESIAN_POINT ( 'NONE',  ( -87.93827836687674449, -6.148618450963310167, 71.63791974095212822 ) ) ;
#661 = ORIENTED_EDGE ( 'NONE', *, *, #3987, .F. ) ;
#662 = CARTESIAN_POINT ( 'NONE',  ( 46.40590262964586543, 0.000000000000000000, 66.00000000000000000 ) ) ;
#663 = DIRECTION ( 'NONE',  ( 0.3420201433256701562, 1.073360150760649232E-14, 0.9396926207859078728 ) ) ;
#664 = EDGE_CURVE ( 'NONE', #2873, #6425, #6994, .T. ) ;
#665 = DIRECTION ( 'NONE',  ( 0.09485932030787468106, -0.9607689228305207330, 0.2606238405706753913 ) ) ;
#666 = DIRECTION ( 'NONE',  ( -0.8789733129752198559, 0.4768709627114720573, 0.000000000000000000 ) ) ;
#667 = ADVANCED_FACE ( 'NONE', ( #8429 ), #2024, .F. ) ;
#668 = ORIENTED_EDGE ( 'NONE', *, *, #8753, .T. ) ;
#669 = DIRECTION ( 'NONE',  ( 0.3420201433256646606, 1.387778780781438576E-14, -0.9396926207859098712 ) ) ;
#670 = ORIENTED_EDGE ( 'NONE', *, *, #7785, .T. ) ;
#671 = CARTESIAN_POINT ( 'NONE',  ( 41.13620667976131529, 6.000000000000005329, -34.99999999999999289 ) ) ;
#672 = CARTESIAN_POINT ( 'NONE',  ( -14.07291281149715978, 147.4213562373095385, -18.12499999999996092 ) ) ;
#673 = VERTEX_POINT ( 'NONE', #8480 ) ;
#674 = CARTESIAN_POINT ( 'NONE',  ( -50.00000000000000000, 6.000000000000000000, -50.00000000000000000 ) ) ;
#675 = DIRECTION ( 'NONE',  ( 0.8789733129752218543, -0.4768709627114682825, 0.000000000000000000 ) ) ;
#676 = CARTESIAN_POINT ( 'NONE',  ( -66.00000000000000000, 6.000000000000000000, -38.22385819845018062 ) ) ;
#677 = ORIENTED_EDGE ( 'NONE', *, *, #3843, .F. ) ;
#678 = CARTESIAN_POINT ( 'NONE',  ( -50.00000000000000000, 6.000000000000000000, 50.00000000000000000 ) ) ;
#679 = DIRECTION ( 'NONE',  ( -0.000000000000000000, 1.000000000000000000, -0.000000000000000000 ) ) ;
#680 = EDGE_CURVE ( 'NONE', #7033, #6214, #6810, .T. ) ;
#681 = CIRCLE ( 'NONE', #3857, 6.999999999999941380 ) ;
#682 = DIRECTION ( 'NONE',  ( -1.000000000000000000, 0.000000000000000000, 0.000000000000000000 ) ) ;
#683 = ORIENTED_EDGE ( 'NONE', *, *, #9504, .T. ) ;
#684 = ORIENTED_EDGE ( 'NONE', *, *, #2768, .T. ) ;
#685 = CARTESIAN_POINT ( 'NONE',  ( 35.96815219932086904, 0.000000000000000000, -13.74999999999999467 ) ) ;
#686 = EDGE_CURVE ( 'NONE', #2773, #8777, #1290, .T. ) ;
#687 = CARTESIAN_POINT ( 'NONE',  ( 41.13620667976131529, 0.000000000000000000, -34.99999999999999289 ) ) ;
#688 = ORIENTED_EDGE ( 'NONE', *, *, #10275, .T. ) ;
#689 = AXIS2_PLACEMENT_3D ( 'NONE', #1134, #4327, #7492 ) ;
#690 = EDGE_CURVE ( 'NONE', #4745, #61, #3523, .T. ) ;
#691 = DIRECTION ( 'NONE',  ( -0.4698463103929532148, 0.8660254037844399289, -0.1710100716628305262 ) ) ;
#692 = ORIENTED_EDGE ( 'NONE', *, *, #10118, .T. ) ;
#693 = ORIENTED_EDGE ( 'NONE', *, *, #1956, .T. ) ;
#694 = DIRECTION ( 'NONE',  ( -0.000000000000000000, -0.000000000000000000, 1.000000000000000000 ) ) ;
#695 = CARTESIAN_POINT ( 'NONE',  ( 48.34702753535132302, 0.000000000000000000, 51.07614877529381658 ) ) ;
#696 = ORIENTED_EDGE ( 'NONE', *, *, #3014, .F. ) ;
#697 = CARTESIAN_POINT ( 'NONE',  ( -45.46633369868351338, 147.4213562373095385, 42.49999999999998579 ) ) ;
#698 = VERTEX_POINT ( 'NONE', #9942 ) ;
#699 = ORIENTED_EDGE ( 'NONE', *, *, #2675, .F. ) ;
#700 = VECTOR ( 'NONE', #9579, 1000.000000000000227 ) ;
#701 = VERTEX_POINT ( 'NONE', #3546 ) ;
#702 = DIRECTION ( 'NONE',  ( -0.4698463103929531592, 0.8660254037844399289, -0.1710100716628304984 ) ) ;
#703 = DIRECTION ( 'NONE',  ( 0.000000000000000000, 0.000000000000000000, -1.000000000000000000 ) ) ;
#704 = CARTESIAN_POINT ( 'NONE',  ( 9.742785792574935044, 147.4213562373095385, -10.62499999999999822 ) ) ;
#705 = ADVANCED_FACE ( 'NONE', ( #7648 ), #1344, .F. ) ;
#706 = VERTEX_POINT ( 'NONE', #565 ) ;
#707 = CARTESIAN_POINT ( 'NONE',  ( 35.96815219932086904, 0.000000000000000000, -13.74999999999999467 ) ) ;
#708 = VECTOR ( 'NONE', #5857, 1000.000000000000000 ) ;
#709 = LINE ( 'NONE', #5399, #3865 ) ;
#710 = EDGE_CURVE ( 'NONE', #7239, #4771, #3753, .T. ) ;
#711 = CARTESIAN_POINT ( 'NONE',  ( 25.49447007271216137, 0.000000000000000000, -7.907717477981577758 ) ) ;
#712 = AXIS2_PLACEMENT_3D ( 'NONE', #2376, #7003, #10190 ) ;
#713 = DIRECTION ( 'NONE',  ( -0.8660254037844389297, 0.000000000000000000, -0.4999999999999996114 ) ) ;
#714 = EDGE_CURVE ( 'NONE', #3024, #7192, #1188, .T. ) ;
#715 = VERTEX_POINT ( 'NONE', #1919 ) ;
#716 = FACE_OUTER_BOUND ( 'NONE', #6682, .T. ) ;
#717 = ORIENTED_EDGE ( 'NONE', *, *, #338, .T. ) ;
#718 = DIRECTION ( 'NONE',  ( -0.000000000000000000, -1.000000000000000000, -0.000000000000000000 ) ) ;
#719 = EDGE_CURVE ( 'NONE', #2625, #9830, #5101, .T. ) ;
#720 = DIRECTION ( 'NONE',  ( 0.000000000000000000, 0.000000000000000000, -1.000000000000000000 ) ) ;
#721 = VERTEX_POINT ( 'NONE', #2808 ) ;
#722 = EDGE_CURVE ( 'NONE', #5560, #63, #7507, .T. ) ;
#723 = VECTOR ( 'NONE', #1087, 1000.000000000000000 ) ;
#724 = DIRECTION ( 'NONE',  ( -0.8789733129752218543, -0.4768709627114682825, 0.000000000000000000 ) ) ;
#725 = CARTESIAN_POINT ( 'NONE',  ( -120.3605317437894371, 2.249999999998087308, 79.65304132878252119 ) ) ;
#726 = CARTESIAN_POINT ( 'NONE',  ( -65.96487049844922979, 2.249999999999727773, 63.21924975872500596 ) ) ;
#727 = ORIENTED_EDGE ( 'NONE', *, *, #2126, .T. ) ;
#728 = ORIENTED_EDGE ( 'NONE', *, *, #4425, .T. ) ;
#729 = LINE ( 'NONE', #4694, #6588 ) ;
#730 = LINE ( 'NONE', #2195, #8897 ) ;
#731 = CARTESIAN_POINT ( 'NONE',  ( -14.06489273736422163, 147.4213562373095385, 18.11110882412125278 ) ) ;
#732 = ORIENTED_EDGE ( 'NONE', *, *, #3586, .F. ) ;
#733 = CARTESIAN_POINT ( 'NONE',  ( 66.00000000000000000, 0.000000000000000000, 38.22385819845018062 ) ) ;
#734 = ORIENTED_EDGE ( 'NONE', *, *, #6734, .T. ) ;
#735 = CARTESIAN_POINT ( 'NONE',  ( -41.13620667976131529, 147.4213562373095385, 49.99999999999998579 ) ) ;
#736 = CARTESIAN_POINT ( 'NONE',  ( -75.63265198522377375, -12.82481192892386623, -71.63791974095212822 ) ) ;
#737 = VECTOR ( 'NONE', #4586, 1000.000000000000000 ) ;
#738 = ORIENTED_EDGE ( 'NONE', *, *, #209, .T. ) ;
#739 = DIRECTION ( 'NONE',  ( -0.8660254037844361541, 0.000000000000000000, 0.5000000000000045519 ) ) ;
#740 = CARTESIAN_POINT ( 'NONE',  ( 60.40391967589525990, 1.499999999999661382, 61.19522918509719744 ) ) ;
#741 = ORIENTED_EDGE ( 'NONE', *, *, #6881, .T. ) ;
#742 = VECTOR ( 'NONE', #1974, 1000.000000000000114 ) ;
#743 = VECTOR ( 'NONE', #1620, 999.9999999999998863 ) ;
#744 = ORIENTED_EDGE ( 'NONE', *, *, #7521, .F. ) ;
#745 = LINE ( 'NONE', #2997, #6046 ) ;
#746 = PLANE ( 'NONE',  #5384 ) ;
#747 = ORIENTED_EDGE ( 'NONE', *, *, #7049, .F. ) ;
#748 = CARTESIAN_POINT ( 'NONE',  ( 62.86331081135421073, 8.999999999999969802, -92.41944086838630312 ) ) ;
#749 = EDGE_CURVE ( 'NONE', #7724, #9586, #6709, .T. ) ;
#750 = VERTEX_POINT ( 'NONE', #8376 ) ;
#751 = VECTOR ( 'NONE', #7527, 1000.000000000000000 ) ;
#752 = EDGE_LOOP ( 'NONE', ( #4557, #6841, #3777, #4343 ) ) ;
#753 = VECTOR ( 'NONE', #6667, 1000.000000000000114 ) ;
#754 = EDGE_LOOP ( 'NONE', ( #3842, #394, #247 ) ) ;
#755 = CYLINDRICAL_SURFACE ( 'NONE', #651, 3.600000000000008527 ) ;
#756 = CARTESIAN_POINT ( 'NONE',  ( -75.23823037617501086, 13.49999999999971045, -50.82336213776300582 ) ) ;
#757 = CARTESIAN_POINT ( 'NONE',  ( 14.06489273736415058, 6.000000000000005329, 18.11110882412113199 ) ) ;
#758 = ADVANCED_FACE ( 'NONE', ( #5929 ), #9111, .F. ) ;
#759 = AXIS2_PLACEMENT_3D ( 'NONE', #7996, #4148, #3421 ) ;
#760 = ORIENTED_EDGE ( 'NONE', *, *, #1801, .T. ) ;
#761 = DIRECTION ( 'NONE',  ( 0.8660254037844388186, 0.000000000000000000, -0.4999999999999998335 ) ) ;
#762 = CARTESIAN_POINT ( 'NONE',  ( -46.40590262964586543, 4.500000000000002665, 85.06805748150695479 ) ) ;
#763 = DIRECTION ( 'NONE',  ( 0.000000000000000000, 0.000000000000000000, 1.000000000000000000 ) ) ;
#764 = DIRECTION ( 'NONE',  ( -0.4999999999999996114, 0.000000000000000000, 0.8660254037844389297 ) ) ;
#765 = EDGE_CURVE ( 'NONE', #1831, #628, #407, .T. ) ;
#766 = ORIENTED_EDGE ( 'NONE', *, *, #8170, .T. ) ;
#767 = DIRECTION ( 'NONE',  ( 0.5000000000000016653, 0.000000000000000000, -0.8660254037844375974 ) ) ;
#768 = EDGE_LOOP ( 'NONE', ( #4720, #7072, #9635, #9936, #4423, #3168 ) ) ;
#769 = VECTOR ( 'NONE', #7520, 1000.000000000000000 ) ;
#770 = CARTESIAN_POINT ( 'NONE',  ( 70.99180026031160651, 17.25833024919705139, -81.52318550399951391 ) ) ;
#771 = CARTESIAN_POINT ( 'NONE',  ( 9.742785792574935044, 147.4213562373095385, -10.62499999999999822 ) ) ;
#772 = EDGE_LOOP ( 'NONE', ( #1177, #5846, #348, #1635 ) ) ;
#773 = LINE ( 'NONE', #7068, #1040 ) ;
#774 = ADVANCED_FACE ( 'NONE', ( #5984, #9167 ), #5203, .T. ) ;
#775 = DIRECTION ( 'NONE',  ( -0.8660254037844329345, 0.000000000000000000, 0.5000000000000099920 ) ) ;
#776 = CARTESIAN_POINT ( 'NONE',  ( 8.660254037844241637, 0.000000000000000000, 42.49999999999999289 ) ) ;
#777 = ORIENTED_EDGE ( 'NONE', *, *, #3144, .T. ) ;
#778 = EDGE_LOOP ( 'NONE', ( #5062, #5017, #591, #502 ) ) ;
#779 = CARTESIAN_POINT ( 'NONE',  ( -22.71712670107568499, 147.4213562373095385, 3.124999999999959588 ) ) ;
#780 = EDGE_CURVE ( 'NONE', #284, #5317, #5504, .T. ) ;
#781 = LINE ( 'NONE', #3126, #423 ) ;
#782 = ADVANCED_FACE ( 'NONE', ( #3012 ), #6334, .F. ) ;
#783 = EDGE_LOOP ( 'NONE', ( #786, #6270, #10282, #4039, #9990, #444, #499 ) ) ;
#784 = LINE ( 'NONE', #7289, #8969 ) ;
#785 = AXIS2_PLACEMENT_3D ( 'NONE', #1666, #5275, #3726 ) ;
#786 = ORIENTED_EDGE ( 'NONE', *, *, #1867, .F. ) ;
#787 = CARTESIAN_POINT ( 'NONE',  ( 30.40590262964586188, 4.500000000000013323, 66.00000000000000000 ) ) ;
#788 = CARTESIAN_POINT ( 'NONE',  ( 67.13948627443161854, 2.249999999999727773, -63.64677493788209262 ) ) ;
#790 = VERTEX_POINT ( 'NONE', #8578 ) ;
#789 = EDGE_CURVE ( 'NONE', #3717, #3639, #709, .T. ) ;
#791 = LINE ( 'NONE', #6359, #1085 ) ;
#792 = FACE_OUTER_BOUND ( 'NONE', #1582, .T. ) ;
#793 = ORIENTED_EDGE ( 'NONE', *, *, #5802, .T. ) ;
#794 = VECTOR ( 'NONE', #5412, 1000.000000000000000 ) ;
#795 = EDGE_LOOP ( 'NONE', ( #3953, #8748, #9382, #4419 ) ) ;
#796 = DIRECTION ( 'NONE',  ( -0.4999999999999980016, 0.000000000000000000, 0.8660254037844397068 ) ) ;
#797 = DIRECTION ( 'NONE',  ( -0.3420201433256646606, 1.387778780781438576E-14, -0.9396926207859098712 ) ) ;
#798 = EDGE_LOOP ( 'NONE', ( #6415, #650, #3093, #9213, #8496 ) ) ;
#799 = VECTOR ( 'NONE', #1797, 999.9999999999998863 ) ;
#800 = CARTESIAN_POINT ( 'NONE',  ( 14.07291281149758966, 6.000000000000005329, 45.62499999999995737 ) ) ;
#801 = ORIENTED_EDGE ( 'NONE', *, *, #3511, .T. ) ;
#802 = ORIENTED_EDGE ( 'NONE', *, *, #9761, .T. ) ;
#803 = VECTOR ( 'NONE', #121, 1000.000000000000114 ) ;
#804 = ORIENTED_EDGE ( 'NONE', *, *, #8783, .F. ) ;
#805 = CARTESIAN_POINT ( 'NONE',  ( 14.07291281149736051, 147.4213562373095385, 39.37499999999995737 ) ) ;
#806 = VECTOR ( 'NONE', #366, 1000.000000000000227 ) ;
#807 = FACE_OUTER_BOUND ( 'NONE', #183, .T. ) ;
#808 = DIRECTION ( 'NONE',  ( -0.000000000000000000, -1.000000000000000000, -0.000000000000000000 ) ) ;
#809 = ORIENTED_EDGE ( 'NONE', *, *, #9492, .T. ) ;
#810 = DIRECTION ( 'NONE',  ( 0.000000000000000000, 1.000000000000000000, 0.000000000000000000 ) ) ;
#811 = AXIS2_PLACEMENT_3D ( 'NONE', #9171, #2027, #2453 ) ;
#812 = DIRECTION ( 'NONE',  ( 0.5000000000000000000, 0.000000000000000000, -0.8660254037844385966 ) ) ;
#813 = DIRECTION ( 'NONE',  ( 0.3420201433256701562, 1.073360150760649232E-14, -0.9396926207859078728 ) ) ;
#814 = CARTESIAN_POINT ( 'NONE',  ( 6.076226797624227238, 147.4213562373095385, 38.02433353179695530 ) ) ;
#815 = AXIS2_PLACEMENT_3D ( 'NONE', #8796, #4844, #2496 ) ;
#816 = ORIENTED_EDGE ( 'NONE', *, *, #9818, .T. ) ;
#817 = DIRECTION ( 'NONE',  ( 0.4698463103929532148, 0.8660254037844399289, 0.1710100716628305262 ) ) ;
#818 = ORIENTED_EDGE ( 'NONE', *, *, #8616, .T. ) ;
#819 = CIRCLE ( 'NONE', #4496, 1.249999999999995559 ) ;
#820 = CARTESIAN_POINT ( 'NONE',  ( -62.42372499878475622, 1.124999999999771738, -67.25126706402114962 ) ) ;
#821 = CARTESIAN_POINT ( 'NONE',  ( 22.73316684934176379, 0.000000000000000000, -39.37499999999995737 ) ) ;
#822 = EDGE_LOOP ( 'NONE', ( #5486, #8031, #2538, #8476 ) ) ;
#823 = EDGE_CURVE ( 'NONE', #1080, #3923, #192, .T. ) ;
#824 = CARTESIAN_POINT ( 'NONE',  ( 77.67962342022298117, 8.999999999999962697, 51.71195653594100605 ) ) ;
#825 = LINE ( 'NONE', #8742, #8779 ) ;
#826 = CARTESIAN_POINT ( 'NONE',  ( 94.78815159566664761, 22.87916512459875662, -74.99322121832194910 ) ) ;
#827 = CARTESIAN_POINT ( 'NONE',  ( 14.07291281149715090, 6.000000000000005329, -3.124999999999960920 ) ) ;
#828 = FACE_OUTER_BOUND ( 'NONE', #2101, .T. ) ;
#829 = VERTEX_POINT ( 'NONE', #762 ) ;
#830 = ORIENTED_EDGE ( 'NONE', *, *, #2059, .F. ) ;
#831 = CARTESIAN_POINT ( 'NONE',  ( 3.673940397442059967E-15, 6.000000000000005329, 30.00000000000000000 ) ) ;
#832 = LINE ( 'NONE', #6976, #3915 ) ;
#833 = VECTOR ( 'NONE', #4371, 1000.000000000000114 ) ;
#834 = FACE_BOUND ( 'NONE', #8997, .T. ) ;
#835 = CARTESIAN_POINT ( 'NONE',  ( -50.00000000000000000, 147.4213562373095385, -25.89745962155733139 ) ) ;
#836 = EDGE_CURVE ( 'NONE', #4242, #2388, #6958, .T. ) ;
#837 = CARTESIAN_POINT ( 'NONE',  ( 9.742785792574935044, 0.000000000000000000, -10.62499999999999822 ) ) ;
#838 = EDGE_CURVE ( 'NONE', #3632, #3898, #8525, .T. ) ;
#839 = VERTEX_POINT ( 'NONE', #2378 ) ;
#840 = CARTESIAN_POINT ( 'NONE',  ( -22.73316684934198051, 6.000000000000005329, -45.62499999999995737 ) ) ;
#841 = EDGE_CURVE ( 'NONE', #5447, #9052, #9410, .T. ) ;
#842 = LINE ( 'NONE', #3349, #9585 ) ;
#843 = EDGE_LOOP ( 'NONE', ( #8601, #10267, #1167, #3218 ) ) ;
#844 = EDGE_CURVE ( 'NONE', #8683, #6755, #7055, .T. ) ;
#845 = DIRECTION ( 'NONE',  ( 0.000000000000000000, -1.000000000000000000, 0.000000000000000000 ) ) ;
#846 = LINE ( 'NONE', #6467, #10310 ) ;
#847 = VERTEX_POINT ( 'NONE', #10295 ) ;
#848 = EDGE_CURVE ( 'NONE', #4016, #1643, #5553, .T. ) ;
#849 = ORIENTED_EDGE ( 'NONE', *, *, #6456, .T. ) ;
#850 = CARTESIAN_POINT ( 'NONE',  ( -14.07291281149715090, 0.000000000000000000, 3.124999999999960920 ) ) ;
#851 = CARTESIAN_POINT ( 'NONE',  ( 41.13620667976131529, 0.000000000000000000, -34.99999999999999289 ) ) ;
#852 = ORIENTED_EDGE ( 'NONE', *, *, #2768, .F. ) ;
#853 = CARTESIAN_POINT ( 'NONE',  ( -32.47595264191693332, 6.000000000000005329, -49.99999999999998579 ) ) ;
#854 = ORIENTED_EDGE ( 'NONE', *, *, #532, .F. ) ;
#855 = VERTEX_POINT ( 'NONE', #2325 ) ;
#856 = VERTEX_POINT ( 'NONE', #7795 ) ;
#857 = CYLINDRICAL_SURFACE ( 'NONE', #8137, 2.749999999999995559 ) ;
#858 = PLANE ( 'NONE',  #7078 ) ;
#859 = CARTESIAN_POINT ( 'NONE',  ( -65.96487049844922979, 2.249999999999727773, -63.21924975872500596 ) ) ;
#860 = ORIENTED_EDGE ( 'NONE', *, *, #3885, .T. ) ;
#861 = DIRECTION ( 'NONE',  ( 0.3420201433256879198, 0.000000000000000000, 0.9396926207859014335 ) ) ;
#862 = CARTESIAN_POINT ( 'NONE',  ( -41.13620667976131529, 0.000000000000000000, 34.99999999999999289 ) ) ;
#863 = DIRECTION ( 'NONE',  ( 0.5000000000000007772, 0.000000000000000000, -0.8660254037844381525 ) ) ;
#864 = LINE ( 'NONE', #4680, #2270 ) ;
#865 = ORIENTED_EDGE ( 'NONE', *, *, #3404, .F. ) ;
#866 = VECTOR ( 'NONE', #2035, 1000.000000000000000 ) ;
#867 = LINE ( 'NONE', #7218, #6560 ) ;
#868 = ORIENTED_EDGE ( 'NONE', *, *, #9312, .F. ) ;
#869 = EDGE_CURVE ( 'NONE', #3466, #5606, #9460, .T. ) ;
#870 = DIRECTION ( 'NONE',  ( -0.08838436251985754000, 0.9955668446019961815, -0.03216927713181028103 ) ) ;
#871 = LINE ( 'NONE', #7381, #5164 ) ;
#872 = ORIENTED_EDGE ( 'NONE', *, *, #4355, .T. ) ;
#873 = AXIS2_PLACEMENT_3D ( 'NONE', #3173, #39, #6343 ) ;
#874 = AXIS2_PLACEMENT_3D ( 'NONE', #9717, #861, #5860 ) ;
#875 = DIRECTION ( 'NONE',  ( -0.4698463103929532703, 0.8660254037844400399, 0.1710100716628305539 ) ) ;
#876 = LINE ( 'NONE', #1866, #9283 ) ;
#877 = LINE ( 'NONE', #4064, #9237 ) ;
#878 = DIRECTION ( 'NONE',  ( -1.000000000000000000, 0.000000000000000000, -0.000000000000000000 ) ) ;
#879 = DIRECTION ( 'NONE',  ( -0.8789733129752217433, -0.4768709627114686156, 0.000000000000000000 ) ) ;
#880 = EDGE_CURVE ( 'NONE', #122, #9914, #8626, .T. ) ;
#881 = EDGE_LOOP ( 'NONE', ( #2216, #940, #5140, #5414 ) ) ;
#882 = DIRECTION ( 'NONE',  ( 0.4698463103929532148, -0.8660254037844399289, -0.1710100716628305262 ) ) ;
#883 = AXIS2_PLACEMENT_3D ( 'NONE', #7879, #8560, #3880 ) ;
#884 = CARTESIAN_POINT ( 'NONE',  ( 22.73316684934198051, 147.4213562373095385, -45.62499999999995737 ) ) ;
#885 = LINE ( 'NONE', #8805, #7863 ) ;
#886 = CARTESIAN_POINT ( 'NONE',  ( -30.40590262964586188, 6.000000000000000000, -66.00000000000000000 ) ) ;
#887 = CARTESIAN_POINT ( 'NONE',  ( -4.330127018922339310, 6.000000000000005329, 49.99999999999999289 ) ) ;
#888 = EDGE_LOOP ( 'NONE', ( #953, #6361, #1257, #1427 ) ) ;
#889 = DATE_AND_TIME ( #8184, #9740 ) ;
#890 = VECTOR ( 'NONE', #7040, 1000.000000000000114 ) ;
#891 = DIRECTION ( 'NONE',  ( -0.000000000000000000, -1.000000000000000000, -0.000000000000000000 ) ) ;
#892 = ORIENTED_EDGE ( 'NONE', *, *, #3405, .F. ) ;
#893 = CARTESIAN_POINT ( 'NONE',  ( 65.83204565542119724, 8.999999999999969802, -84.26290891996461596 ) ) ;
#894 = LINE ( 'NONE', #9702, #6158 ) ;
#895 = ORIENTED_EDGE ( 'NONE', *, *, #1931, .F. ) ;
#896 = EDGE_CURVE ( 'NONE', #2433, #9052, #3107, .T. ) ;
#897 = VERTEX_POINT ( 'NONE', #6231 ) ;
#898 = EDGE_CURVE ( 'NONE', #7994, #3116, #7841, .T. ) ;
#899 = CARTESIAN_POINT ( 'NONE',  ( -22.73316684934176379, 147.4213562373095385, -39.37499999999995737 ) ) ;
#900 = ORIENTED_EDGE ( 'NONE', *, *, #4673, .F. ) ;
#901 = AXIS2_PLACEMENT_3D ( 'NONE', #4418, #1127, #1021 ) ;
#902 = DIRECTION ( 'NONE',  ( 0.3420201433256800372, -1.119241949895692456E-14, -0.9396926207859043201 ) ) ;
#903 = EDGE_LOOP ( 'NONE', ( #10139, #6646, #7598, #4942 ) ) ;
#904 = ORIENTED_EDGE ( 'NONE', *, *, #8229, .F. ) ;
#905 = DIRECTION ( 'NONE',  ( -0.000000000000000000, -1.000000000000000000, -0.000000000000000000 ) ) ;
#906 = ADVANCED_FACE ( 'NONE', ( #7844 ), #10244, .F. ) ;
#907 = AXIS2_PLACEMENT_3D ( 'NONE', #8596, #5471, #3868 ) ;
#908 = CARTESIAN_POINT ( 'NONE',  ( 22.73316684934176379, 147.4213562373095385, 39.37499999999995737 ) ) ;
#909 = DIRECTION ( 'NONE',  ( 1.000000000000000000, 0.000000000000000000, -0.000000000000000000 ) ) ;
#910 = EDGE_LOOP ( 'NONE', ( #9520, #7308, #9968, #6258, #1954, #509 ) ) ;
#911 = DIRECTION ( 'NONE',  ( -0.5000000000000004441, 0.000000000000000000, -0.8660254037844383745 ) ) ;
#912 = DIRECTION ( 'NONE',  ( -0.8660254037844381525, 0.000000000000000000, 0.5000000000000008882 ) ) ;
#913 = ORIENTED_EDGE ( 'NONE', *, *, #1229, .T. ) ;
#914 = LINE ( 'NONE', #8781, #2764 ) ;
#915 = AXIS2_PLACEMENT_3D ( 'NONE', #8325, #7544, #2809 ) ;
#916 = DIRECTION ( 'NONE',  ( 1.000000000000000000, 0.000000000000000000, -0.000000000000000000 ) ) ;
#917 = EDGE_CURVE ( 'NONE', #5382, #2229, #3161, .T. ) ;
#918 = VECTOR ( 'NONE', #7339, 1000.000000000000000 ) ;
#919 = ORIENTED_EDGE ( 'NONE', *, *, #216, .F. ) ;
#920 = CARTESIAN_POINT ( 'NONE',  ( 28.14582562299473878, 147.4213562373095385, -42.49999999999998579 ) ) ;
#921 = ORIENTED_EDGE ( 'NONE', *, *, #4031, .F. ) ;
#922 = EDGE_CURVE ( 'NONE', #9933, #2265, #9185, .T. ) ;
#923 = CARTESIAN_POINT ( 'NONE',  ( 65.96544382900106029, 6.000000000000000000, -38.31880049797258181 ) ) ;
#924 = VECTOR ( 'NONE', #9514, 1000.000000000000227 ) ;
#925 = CARTESIAN_POINT ( 'NONE',  ( 72.62888298754663197, 14.99999999999994316, 95.97381846109878722 ) ) ;
#926 = ORIENTED_EDGE ( 'NONE', *, *, #2692, .T. ) ;
#927 = FACE_OUTER_BOUND ( 'NONE', #9164, .T. ) ;
#928 = DIRECTION ( 'NONE',  ( -0.000000000000000000, -1.000000000000000000, -0.000000000000000000 ) ) ;
#929 = CARTESIAN_POINT ( 'NONE',  ( -28.14582562299473878, 0.000000000000000000, 21.24999999999999289 ) ) ;
#930 = FACE_OUTER_BOUND ( 'NONE', #4093, .T. ) ;
#931 = DIRECTION ( 'NONE',  ( 0.000000000000000000, 1.000000000000000000, 0.000000000000000000 ) ) ;
#932 = VECTOR ( 'NONE', #6672, 999.9999999999998863 ) ;
#933 = EDGE_LOOP ( 'NONE', ( #4297, #5474 ) ) ;
#934 = CARTESIAN_POINT ( 'NONE',  ( 63.39065261137343299, 13.49999999999931433, -83.37431452178670099 ) ) ;
#935 = DIRECTION ( 'NONE',  ( -0.000000000000000000, -1.000000000000000000, -0.000000000000000000 ) ) ;
#936 = CARTESIAN_POINT ( 'NONE',  ( 22.71712670107555709, 0.000000000000000000, 3.124999999999962697 ) ) ;
#937 = LINE ( 'NONE', #2665, #3708 ) ;
#938 = VECTOR ( 'NONE', #8157, 1000.000000000000227 ) ;
#939 = DIRECTION ( 'NONE',  ( -0.5000000000000004441, 0.000000000000000000, -0.8660254037844383745 ) ) ;
#940 = ORIENTED_EDGE ( 'NONE', *, *, #7034, .T. ) ;
#941 = VECTOR ( 'NONE', #3356, 1000.000000000000227 ) ;
#942 = DIRECTION ( 'NONE',  ( -0.000000000000000000, -1.000000000000000000, -0.000000000000000000 ) ) ;
#943 = EDGE_LOOP ( 'NONE', ( #5274, #5769, #6995, #1705, #2061, #8593, #2160, #4785, #2684, #3662 ) ) ;
#944 = CARTESIAN_POINT ( 'NONE',  ( -73.43319330435939207, 12.75833024919765002, 82.41177990217744309 ) ) ;
#945 = CARTESIAN_POINT ( 'NONE',  ( 25.92513773453961434, 6.000000000000005329, -12.59634425055632079 ) ) ;
#946 = ORIENTED_EDGE ( 'NONE', *, *, #4143, .T. ) ;
#947 = EDGE_CURVE ( 'NONE', #10235, #1262, #9676, .T. ) ;
#948 = ORIENTED_EDGE ( 'NONE', *, *, #8547, .T. ) ;
#949 = DIRECTION ( 'NONE',  ( -0.09485932030786352331, 0.9607689228305262841, -0.2606238405706591266 ) ) ;
#950 = VERTEX_POINT ( 'NONE', #5353 ) ;
#951 = DIRECTION ( 'NONE',  ( -0.7660444431189713521, 0.000000000000000000, -0.6427876096865472455 ) ) ;
#952 = ORIENTED_EDGE ( 'NONE', *, *, #8228, .T. ) ;
#953 = ORIENTED_EDGE ( 'NONE', *, *, #8344, .F. ) ;
#954 = EDGE_CURVE ( 'NONE', #855, #421, #79, .T. ) ;
#955 = CARTESIAN_POINT ( 'NONE',  ( -71.96467873985480423, 13.49999999999998401, 90.20243797482451953 ) ) ;
#956 = EDGE_CURVE ( 'NONE', #8799, #5344, #6591, .T. ) ;
#957 = DIRECTION ( 'NONE',  ( -0.9396926207859013225, 0.000000000000000000, -0.3420201433256878643 ) ) ;
#958 = CARTESIAN_POINT ( 'NONE',  ( -66.08581456485691774, 3.374999999999789502, -68.58415866128822813 ) ) ;
#959 = VECTOR ( 'NONE', #563, 1000.000000000000114 ) ;
#960 = ORIENTED_EDGE ( 'NONE', *, *, #7635, .T. ) ;
#961 = CARTESIAN_POINT ( 'NONE',  ( -46.40590262964586543, 0.000000000000000000, 92.41944086838630312 ) ) ;
#962 = DIRECTION ( 'NONE',  ( -0.5000000000000016653, 0.000000000000000000, 0.8660254037844377084 ) ) ;
#963 = ORIENTED_EDGE ( 'NONE', *, *, #2491, .F. ) ;
#964 = CARTESIAN_POINT ( 'NONE',  ( 84.54495013174026496, -11.20345065570468535, 55.36244354894027708 ) ) ;
#965 = CARTESIAN_POINT ( 'NONE',  ( -35.72484103454691251, 6.000000000000005329, -20.62574658805229433 ) ) ;
#966 = EDGE_CURVE ( 'NONE', #9852, #1228, #3268, .T. ) ;
#967 = EDGE_LOOP ( 'NONE', ( #3047, #4302, #8830, #188 ) ) ;
#968 = DIRECTION ( 'NONE',  ( 0.5000000000000000000, 0.000000000000000000, -0.8660254037844385966 ) ) ;
#969 = ORIENTED_EDGE ( 'NONE', *, *, #8869, .F. ) ;
#970 = VECTOR ( 'NONE', #8850, 1000.000000000000000 ) ;
#971 = EDGE_CURVE ( 'NONE', #3679, #2569, #4202, .T. ) ;
#972 = DIRECTION ( 'NONE',  ( 0.000000000000000000, -1.000000000000000000, 0.000000000000000000 ) ) ;
#973 = CARTESIAN_POINT ( 'NONE',  ( -66.00000000000000000, 6.000000000000000000, -38.22385819845018062 ) ) ;
#974 = ORIENTED_EDGE ( 'NONE', *, *, #427, .F. ) ;
#975 = VECTOR ( 'NONE', #902, 1000.000000000000000 ) ;
#976 = EDGE_CURVE ( 'NONE', #3689, #5844, #8833, .T. ) ;
#977 = PLANE ( 'NONE',  #9525 ) ;
#978 = CARTESIAN_POINT ( 'NONE',  ( -14.07291281149758966, 0.000000000000000000, -45.62499999999995737 ) ) ;
#979 = CARTESIAN_POINT ( 'NONE',  ( 45.46633369868351338, 0.000000000000000000, -42.49999999999998579 ) ) ;
#980 = DIRECTION ( 'NONE',  ( -0.3420201433256682688, 1.201296007113938913E-14, 0.9396926207859085389 ) ) ;
#981 = DIRECTION ( 'NONE',  ( -0.000000000000000000, -1.000000000000000000, -0.000000000000000000 ) ) ;
#982 = DIRECTION ( 'NONE',  ( -0.5337593939265745657, 0.4330127018922076965, -0.7263614178872290772 ) ) ;
#983 = VECTOR ( 'NONE', #5444, 1000.000000000000000 ) ;
#984 = ORIENTED_EDGE ( 'NONE', *, *, #7487, .T. ) ;
#985 = CARTESIAN_POINT ( 'NONE',  ( 25.98076211353308551, 147.4213562373095385, -15.00000000000013323 ) ) ;
#986 = CARTESIAN_POINT ( 'NONE',  ( -84.48338804127510571, 20.99999999999957012, -63.40383350717173983 ) ) ;
#987 = CARTESIAN_POINT ( 'NONE',  ( 0.000000000000000000, 0.000000000000000000, 0.000000000000000000 ) ) ;
#988 = AXIS2_PLACEMENT_3D ( 'NONE', #9343, #8555, #1371 ) ;
#989 = CARTESIAN_POINT ( 'NONE',  ( -50.00000000000000000, 6.000000000000000000, 50.00000000000000000 ) ) ;
#990 = DIRECTION ( 'NONE',  ( -0.8789733129752196339, 0.4768709627114723348, 0.000000000000000000 ) ) ;
#991 = ORIENTED_EDGE ( 'NONE', *, *, #7132, .F. ) ;
#992 = COORDINATED_UNIVERSAL_TIME_OFFSET ( 7, 0, .BEHIND. ) ;
#993 = CARTESIAN_POINT ( 'NONE',  ( -41.13620667976130818, 0.000000000000000000, -50.00000000000000000 ) ) ;
#994 = ORIENTED_EDGE ( 'NONE', *, *, #6250, .F. ) ;
#995 = AXIS2_PLACEMENT_3D ( 'NONE', #9507, #3940, #8519 ) ;
#996 = DIRECTION ( 'NONE',  ( -0.9396926207859068736, 0.000000000000000000, -0.3420201433256732093 ) ) ;
#997 = EDGE_CURVE ( 'NONE', #3413, #1962, #8050, .T. ) ;
#998 = EDGE_CURVE ( 'NONE', #2142, #3744, #9718, .T. ) ;
#999 = LINE ( 'NONE', #4536, #3325 ) ;
#1000 = ORIENTED_EDGE ( 'NONE', *, *, #1927, .F. ) ;
#1001 = VERTEX_POINT ( 'NONE', #4880 ) ;
#1002 = ADVANCED_FACE ( 'NONE', ( #1852 ), #8204, .F. ) ;
#1003 = VECTOR ( 'NONE', #962, 1000.000000000000114 ) ;
#1004 = DIRECTION ( 'NONE',  ( -0.8660254037844391517, 0.000000000000000000, -0.4999999999999990563 ) ) ;
#1005 = ORIENTED_EDGE ( 'NONE', *, *, #2883, .T. ) ;
#1006 = CARTESIAN_POINT ( 'NONE',  ( 21.86105912627044034, 147.4213562373095385, 24.37499999999996092 ) ) ;
#1007 = ORIENTED_EDGE ( 'NONE', *, *, #6831, .F. ) ;
#1008 = EDGE_CURVE ( 'NONE', #8138, #3683, #5759, .T. ) ;
#1009 = EDGE_LOOP ( 'NONE', ( #6432, #2560, #6937, #2283 ) ) ;
#1010 = DIRECTION ( 'NONE',  ( -0.4999999999999994449, 0.000000000000000000, 0.8660254037844389297 ) ) ;
#1011 = PLANE ( 'NONE',  #5924 ) ;
#1012 = FACE_OUTER_BOUND ( 'NONE', #10169, .T. ) ;
#1013 = EDGE_LOOP ( 'NONE', ( #5975, #8209, #5530, #3473 ) ) ;
#1014 = CARTESIAN_POINT ( 'NONE',  ( 14.07291281149715090, 147.4213562373095385, 3.124999999999960920 ) ) ;
#1015 = CARTESIAN_POINT ( 'NONE',  ( 92.34245936985364267, -5.728164937519056643, 61.66678322122567835 ) ) ;
#1016 = ORIENTED_EDGE ( 'NONE', *, *, #7459, .T. ) ;
#1017 = DIRECTION ( 'NONE',  ( -0.6875305731827958677, 0.000000000000000000, 0.7261554316666206654 ) ) ;
#1018 = FACE_BOUND ( 'NONE', #5712, .T. ) ;
#1019 = ORIENTED_EDGE ( 'NONE', *, *, #2864, .F. ) ;
#1020 = ORIENTED_EDGE ( 'NONE', *, *, #1267, .F. ) ;
#1021 = DIRECTION ( 'NONE',  ( -6.938893903907227145E-17, 0.000000000000000000, 1.000000000000000000 ) ) ;
#1022 = ORIENTED_EDGE ( 'NONE', *, *, #349, .T. ) ;
#1023 = LINE ( 'NONE', #6391, #9911 ) ;
#1024 = VECTOR ( 'NONE', #3059, 1000.000000000000000 ) ;
#1025 = AXIS2_PLACEMENT_3D ( 'NONE', #4233, #1097, #211 ) ;
#1026 = EDGE_CURVE ( 'NONE', #9933, #7060, #7263, .T. ) ;
#1027 = CARTESIAN_POINT ( 'NONE',  ( 25.98076211353308551, 147.4213562373095385, -15.00000000000013323 ) ) ;
#1028 = ORIENTED_EDGE ( 'NONE', *, *, #7328, .F. ) ;
#1029 = EDGE_CURVE ( 'NONE', #3997, #8439, #2530, .T. ) ;
#1030 = DIRECTION ( 'NONE',  ( -0.4698463103929532148, 0.8660254037844399289, -0.1710100716628305262 ) ) ;
#1031 = CARTESIAN_POINT ( 'NONE',  ( -32.47595264191693332, 147.4213562373095385, 7.500000000000000888 ) ) ;
#1032 = LINE ( 'NONE', #2655, #3913 ) ;
#1033 = DIRECTION ( 'NONE',  ( -0.9396926207859069846, 0.000000000000000000, 0.3420201433256724322 ) ) ;
#1034 = CARTESIAN_POINT ( 'NONE',  ( 49.99999999999999289, 6.000000000000000000, 50.00000000000000000 ) ) ;
#1035 = EDGE_CURVE ( 'NONE', #5423, #5330, #8001, .T. ) ;
#1036 = CARTESIAN_POINT ( 'NONE',  ( -4.330127018922264703, 0.000000000000000000, 13.74999999999999822 ) ) ;
#1037 = ORIENTED_EDGE ( 'NONE', *, *, #841, .T. ) ;
#1038 = LINE ( 'NONE', #3233, #3653 ) ;
#1039 = DIRECTION ( 'NONE',  ( -0.8660254037844387076, 0.000000000000000000, -0.5000000000000001110 ) ) ;
#1040 = VECTOR ( 'NONE', #6197, 1000.000000000000114 ) ;
#1041 = EDGE_CURVE ( 'NONE', #3050, #6802, #5029, .T. ) ;
#1042 = CIRCLE ( 'NONE', #1374, 51.96152422706622076 ) ;
#1043 = DIRECTION ( 'NONE',  ( 1.000000000000000000, 0.000000000000000000, 0.000000000000000000 ) ) ;
#1044 = CARTESIAN_POINT ( 'NONE',  ( 25.49447007271215426, 6.000000000000005329, -7.907717477981579535 ) ) ;
#1045 = ADVANCED_FACE ( 'NONE', ( #9769 ), #8780, .F. ) ;
#1046 = LINE ( 'NONE', #6670, #8802 ) ;
#1047 = CIRCLE ( 'NONE', #9532, 61.96152422706639840 ) ;
#1048 = ORIENTED_EDGE ( 'NONE', *, *, #4300, .T. ) ;
#1049 = COORDINATED_UNIVERSAL_TIME_OFFSET ( 7, 0, .BEHIND. ) ;
#1050 = VECTOR ( 'NONE', #1328, 1000.000000000000114 ) ;
#1051 = CARTESIAN_POINT ( 'NONE',  ( 72.69737236693866578, -11.20345065570508680, 87.91339593296397936 ) ) ;
#1052 = ORIENTED_EDGE ( 'NONE', *, *, #9787, .F. ) ;
#1053 = DIRECTION ( 'NONE',  ( 0.3420201433256684354, -1.190453985389084026E-14, -0.9396926207859085389 ) ) ;
#1054 = ORIENTED_EDGE ( 'NONE', *, *, #722, .F. ) ;
#1055 = VECTOR ( 'NONE', #5154, 1000.000000000000000 ) ;
#1056 = VERTEX_POINT ( 'NONE', #7159 ) ;
#1057 = CARTESIAN_POINT ( 'NONE',  ( 50.00000000000000000, 147.4213562373095385, 37.85254037844266151 ) ) ;
#1058 = ORIENTED_EDGE ( 'NONE', *, *, #2693, .F. ) ;
#1059 = CARTESIAN_POINT ( 'NONE',  ( -70.99180026031160651, 17.25833024919705139, -81.52318550399951391 ) ) ;
#1060 = VERTEX_POINT ( 'NONE', #862 ) ;
#1061 = LINE ( 'NONE', #3627, #497 ) ;
#1062 = EDGE_LOOP ( 'NONE', ( #6100, #1076, #8819, #2298 ) ) ;
#1063 = CARTESIAN_POINT ( 'NONE',  ( -41.13620667976131529, 147.4213562373095385, 34.99999999999999289 ) ) ;
#1064 = DIRECTION ( 'NONE',  ( 0.3420201433256701562, 1.073360150760649390E-14, -0.9396926207859079838 ) ) ;
#1065 = ORIENTED_EDGE ( 'NONE', *, *, #2647, .T. ) ;
#1066 = DIRECTION ( 'NONE',  ( -0.8789733129752196339, 0.4768709627114723348, 0.000000000000000000 ) ) ;
#1067 = EDGE_CURVE ( 'NONE', #1964, #9039, #27, .T. ) ;
#1068 = DIRECTION ( 'NONE',  ( -0.000000000000000000, -1.000000000000000000, -0.000000000000000000 ) ) ;
#1069 = ORIENTED_EDGE ( 'NONE', *, *, #1162, .F. ) ;
#1070 = CARTESIAN_POINT ( 'NONE',  ( -8.660254037844460129, 6.000000000000005329, 21.24999999999999645 ) ) ;
#1071 = CARTESIAN_POINT ( 'NONE',  ( 41.13620667976124423, 147.4213562373095385, 13.74999999999999822 ) ) ;
#1072 = ORIENTED_EDGE ( 'NONE', *, *, #1478, .T. ) ;
#1073 = EDGE_LOOP ( 'NONE', ( #6902, #6629 ) ) ;
#1075 = AXIS2_PLACEMENT_3D ( 'NONE', #2537, #6545, #8947 ) ;
#1074 = CARTESIAN_POINT ( 'NONE',  ( -63.39065261137343299, 13.49999999999931433, 83.37431452178670099 ) ) ;
#1076 = ORIENTED_EDGE ( 'NONE', *, *, #5802, .F. ) ;
#1077 = LINE ( 'NONE', #4268, #3316 ) ;
#1078 = EDGE_CURVE ( 'NONE', #5236, #7672, #7668, .T. ) ;
#1079 = CARTESIAN_POINT ( 'NONE',  ( -14.07291281149758966, 147.4213562373095385, -45.62499999999995737 ) ) ;
#1080 = VERTEX_POINT ( 'NONE', #2428 ) ;
#1081 = VECTOR ( 'NONE', #4731, 1000.000000000000227 ) ;
#1082 = CARTESIAN_POINT ( 'NONE',  ( -80.49426287064059693, -5.728384940746143350, 94.21832142862298554 ) ) ;
#1083 = ADVANCED_FACE ( 'NONE', ( #5707, #1652, #7212, #4153 ), #8883, .T. ) ;
#1084 = CARTESIAN_POINT ( 'NONE',  ( -27.06329386826395123, 0.000000000000000000, -31.87499999999995737 ) ) ;
#1085 = VECTOR ( 'NONE', #7190, 1000.000000000000227 ) ;
#1086 = CARTESIAN_POINT ( 'NONE',  ( -50.00000000000000000, 0.000000000000000000, -50.00000000000000000 ) ) ;
#1087 = DIRECTION ( 'NONE',  ( -0.000000000000000000, -1.000000000000000000, -0.000000000000000000 ) ) ;
#1088 = CARTESIAN_POINT ( 'NONE',  ( -50.00000000000000000, 6.000000000000000000, 50.00000000000000000 ) ) ;
#1089 = LINE ( 'NONE', #9789, #1651 ) ;
#1090 = VERTEX_POINT ( 'NONE', #1173 ) ;
#1091 = DIRECTION ( 'NONE',  ( 0.8137976813493688066, 0.4999999999999977796, 0.2961981327260409524 ) ) ;
#1092 = AXIS2_PLACEMENT_3D ( 'NONE', #1678, #8651, #2348 ) ;
#1093 = LINE ( 'NONE', #8123, #7234 ) ;
#1094 = VECTOR ( 'NONE', #2553, 1000.000000000000000 ) ;
#1095 = EDGE_CURVE ( 'NONE', #8121, #137, #1506, .T. ) ;
#1096 = DIRECTION ( 'NONE',  ( -0.000000000000000000, -1.000000000000000000, -0.000000000000000000 ) ) ;
#1097 = DIRECTION ( 'NONE',  ( 0.000000000000000000, 1.000000000000000000, 0.000000000000000000 ) ) ;
#1098 = VECTOR ( 'NONE', #5790, 1000.000000000000000 ) ;
#1099 = PLANE ( 'NONE',  #8636 ) ;
#1100 = EDGE_LOOP ( 'NONE', ( #3695, #620, #6266, #7773, #202, #6665, #9869, #332 ) ) ;
#1101 = MECHANICAL_CONTEXT ( 'NONE', #7097, 'mechanical' ) ;
#1102 = EDGE_CURVE ( 'NONE', #2312, #7316, #9979, .T. ) ;
#1103 = DIRECTION ( 'NONE',  ( -0.000000000000000000, 1.000000000000000000, -0.000000000000000000 ) ) ;
#1104 = ORIENTED_EDGE ( 'NONE', *, *, #8418, .F. ) ;
#1105 = CARTESIAN_POINT ( 'NONE',  ( -61.04305051123165526, -2.830127018922475646, 66.74874264734096130 ) ) ;
#1106 = VECTOR ( 'NONE', #7480, 1000.000000000000000 ) ;
#1107 = EDGE_CURVE ( 'NONE', #5868, #8623, #3634, .T. ) ;
#1108 = ORIENTED_EDGE ( 'NONE', *, *, #2703, .T. ) ;
#1109 = CARTESIAN_POINT ( 'NONE',  ( 48.18039637606665337, 0.000000000000000000, -87.18281677883985026 ) ) ;
#1110 = ORIENTED_EDGE ( 'NONE', *, *, #6456, .F. ) ;
#1111 = EDGE_CURVE ( 'NONE', #6084, #9216, #9252, .T. ) ;
#1112 = CARTESIAN_POINT ( 'NONE',  ( -58.69381895926691328, 1.499999999999723777, 65.89369228902673115 ) ) ;
#1113 = ORIENTED_EDGE ( 'NONE', *, *, #2399, .T. ) ;
#1114 = CARTESIAN_POINT ( 'NONE',  ( 4.330127018922047100, 0.000000000000000000, -34.99999999999999289 ) ) ;
#1115 = ORIENTED_EDGE ( 'NONE', *, *, #6079, .T. ) ;
#1116 = PLANE ( 'NONE',  #2095 ) ;
#1117 = CARTESIAN_POINT ( 'NONE',  ( -72.89294144958253696, -9.486715189943865312, 96.06992788138566652 ) ) ;
#1118 = ORIENTED_EDGE ( 'NONE', *, *, #4799, .T. ) ;
#1119 = FACE_OUTER_BOUND ( 'NONE', #7169, .T. ) ;
#1120 = DIRECTION ( 'NONE',  ( 0.3795327795289917816, -0.9148074042510829784, 0.1381386346768829765 ) ) ;
#1121 = EDGE_LOOP ( 'NONE', ( #804, #2701 ) ) ;
#1122 = FACE_OUTER_BOUND ( 'NONE', #4316, .T. ) ;
#1123 = CARTESIAN_POINT ( 'NONE',  ( -81.78546517605026622, -9.486715189943588200, -71.63791974095212822 ) ) ;
#1124 = ORIENTED_EDGE ( 'NONE', *, *, #3337, .T. ) ;
#1125 = VERTEX_POINT ( 'NONE', #5861 ) ;
#1126 = MANIFOLD_SOLID_BREP ( 'Mirror6', #1543 ) ;
#1127 = DIRECTION ( 'NONE',  ( -1.000000000000000000, 0.000000000000000000, -6.938893903907227145E-17 ) ) ;
#1128 = ORIENTED_EDGE ( 'NONE', *, *, #10001, .F. ) ;
#1129 = FACE_OUTER_BOUND ( 'NONE', #5920, .T. ) ;
#1130 = DIRECTION ( 'NONE',  ( 0.4999999999999995559, 0.000000000000000000, 0.8660254037844388186 ) ) ;
#1131 = VERTEX_POINT ( 'NONE', #6794 ) ;
#1132 = CARTESIAN_POINT ( 'NONE',  ( -90.87355798516183825, -7.769979724182088709, -55.36244354894027708 ) ) ;
#1133 = CARTESIAN_POINT ( 'NONE',  ( 87.70925405845105161, -9.486715189943387472, 55.36244354894027708 ) ) ;
#1134 = CARTESIAN_POINT ( 'NONE',  ( 3.673940397442059967E-15, 0.000000000000000000, 30.00000000000000000 ) ) ;
#1135 = CARTESIAN_POINT ( 'NONE',  ( 41.13620667976124423, 6.000000000000005329, -13.74999999999999822 ) ) ;
#1136 = DIRECTION ( 'NONE',  ( -0.000000000000000000, -1.000000000000000000, -0.000000000000000000 ) ) ;
#1137 = CARTESIAN_POINT ( 'NONE',  ( 25.25907427704662922, 0.000000000000000000, 50.00000000000000000 ) ) ;
#1138 = AXIS2_PLACEMENT_3D ( 'NONE', #613, #6999, #7746 ) ;
#1139 = DIRECTION ( 'NONE',  ( 0.9396926207859069846, 0.000000000000000000, 0.3420201433256724322 ) ) ;
#1140 = ORIENTED_EDGE ( 'NONE', *, *, #7583, .F. ) ;
#1141 = CARTESIAN_POINT ( 'NONE',  ( -41.13620667976131529, 6.000000000000005329, -34.99999999999999289 ) ) ;
#1142 = DIRECTION ( 'NONE',  ( -0.8789733129752215213, 0.4768709627114688376, 0.000000000000000000 ) ) ;
#1143 = AXIS2_PLACEMENT_3D ( 'NONE', #8704, #5529, #3828 ) ;
#1144 = DIRECTION ( 'NONE',  ( -0.3420201433256879198, 0.000000000000000000, 0.9396926207859014335 ) ) ;
#1145 = DIRECTION ( 'NONE',  ( 1.000000000000000000, 0.000000000000000000, -0.000000000000000000 ) ) ;
#1146 = DIRECTION ( 'NONE',  ( -0.9396926207859068736, 0.000000000000000000, -0.3420201433256732093 ) ) ;
#1147 = CIRCLE ( 'NONE', #6303, 61.96152422706627760 ) ;
#1148 = VECTOR ( 'NONE', #8077, 999.9999999999998863 ) ;
#1149 = EDGE_LOOP ( 'NONE', ( #10247, #6955, #668, #4160, #2930, #2237 ) ) ;
#1150 = VECTOR ( 'NONE', #2979, 1000.000000000000000 ) ;
#1151 = CYLINDRICAL_SURFACE ( 'NONE', #603, 2.750000000000009326 ) ;
#1152 = ORIENTED_EDGE ( 'NONE', *, *, #9028, .F. ) ;
#1153 = PLANE ( 'NONE',  #1578 ) ;
#1154 = VECTOR ( 'NONE', #1729, 1000.000000000000227 ) ;
#1155 = ADVANCED_FACE ( 'NONE', ( #2847 ), #6022, .T. ) ;
#1156 = ADVANCED_FACE ( 'NONE', ( #5238 ), #9044, .T. ) ;
#1157 = EDGE_CURVE ( 'NONE', #10005, #3064, #1958, .T. ) ;
#1158 = EDGE_LOOP ( 'NONE', ( #8825, #684, #5367, #5425, #9806, #766 ) ) ;
#1159 = FACE_OUTER_BOUND ( 'NONE', #8565, .T. ) ;
#1160 = ORIENTED_EDGE ( 'NONE', *, *, #1679, .T. ) ;
#1161 = FACE_OUTER_BOUND ( 'NONE', #9859, .T. ) ;
#1162 = EDGE_CURVE ( 'NONE', #2835, #4824, #4310, .T. ) ;
#1163 = ORIENTED_EDGE ( 'NONE', *, *, #2629, .F. ) ;
#1164 = AXIS2_PLACEMENT_3D ( 'NONE', #925, #4111, #8165 ) ;
#1165 = EDGE_CURVE ( 'NONE', #173, #4173, #8359, .T. ) ;
#1166 = CARTESIAN_POINT ( 'NONE',  ( -118.2462233470211572, 2.249999999998087308, -80.42258665126527717 ) ) ;
#1167 = ORIENTED_EDGE ( 'NONE', *, *, #3009, .T. ) ;
#1168 = DIRECTION ( 'NONE',  ( 0.000000000000000000, 0.000000000000000000, -1.000000000000000000 ) ) ;
#1169 = VECTOR ( 'NONE', #6182, 1000.000000000000227 ) ;
#1170 = LINE ( 'NONE', #3631, #8364 ) ;
#1171 = ORIENTED_EDGE ( 'NONE', *, *, #4864, .F. ) ;
#1172 = CYLINDRICAL_SURFACE ( 'NONE', #554, 2.249999999999988898 ) ;
#1173 = CARTESIAN_POINT ( 'NONE',  ( -45.46633369868351338, 6.000000000000005329, 0.000000000000000000 ) ) ;
#1174 = VERTEX_POINT ( 'NONE', #7631 ) ;
#1175 = PLANE ( 'NONE',  #6409 ) ;
#1176 = FACE_BOUND ( 'NONE', #465, .T. ) ;
#1177 = ORIENTED_EDGE ( 'NONE', *, *, #6435, .F. ) ;
#1178 = ORIENTED_EDGE ( 'NONE', *, *, #1201, .F. ) ;
#1179 = LINE ( 'NONE', #4367, #1900 ) ;
#1180 = ORIENTED_EDGE ( 'NONE', *, *, #1724, .F. ) ;
#1181 = DIRECTION ( 'NONE',  ( -0.000000000000000000, -1.000000000000000000, -0.000000000000000000 ) ) ;
#1182 = ADVANCED_FACE ( 'NONE', ( #498 ), #6844, .F. ) ;
#1183 = LINE ( 'NONE', #355, #6821 ) ;
#1184 = ORIENTED_EDGE ( 'NONE', *, *, #4852, .T. ) ;
#1185 = CARTESIAN_POINT ( 'NONE',  ( -48.34702753535164277, 0.000000000000000000, -48.32614877529346842 ) ) ;
#1186 = VECTOR ( 'NONE', #9994, 1000.000000000000227 ) ;
#1187 = FACE_OUTER_BOUND ( 'NONE', #2851, .T. ) ;
#1188 = LINE ( 'NONE', #5878, #4847 ) ;
#1189 = LINE ( 'NONE', #1239, #2248 ) ;
#1190 = LINE ( 'NONE', #4378, #8377 ) ;
#1191 = CARTESIAN_POINT ( 'NONE',  ( -69.31444149377422548, 13.49999999999950973, 67.09883832977484985 ) ) ;
#1192 = ADVANCED_FACE ( 'NONE', ( #3532 ), #5288, .T. ) ;
#1193 = ADVANCED_FACE ( 'NONE', ( #7423 ), #291, .F. ) ;
#1194 = ORIENTED_EDGE ( 'NONE', *, *, #8286, .F. ) ;
#1195 = CARTESIAN_POINT ( 'NONE',  ( 80.84392734693378202, 10.71673546576124991, 51.71195653594101316 ) ) ;
#1196 = DIRECTION ( 'NONE',  ( 1.308353425290363404E-16, -1.000000000000000000, 0.000000000000000000 ) ) ;
#1197 = DIRECTION ( 'NONE',  ( 0.4698463103929532148, -0.8660254037844399289, -0.1710100716628305262 ) ) ;
#1198 = CARTESIAN_POINT ( 'NONE',  ( -65.83204565542119724, 8.999999999999969802, -84.26290891996461596 ) ) ;
#1199 = CYLINDRICAL_SURFACE ( 'NONE', #1871, 6.999999999999941380 ) ;
#1200 = LINE ( 'NONE', #2558, #7969 ) ;
#1201 = EDGE_CURVE ( 'NONE', #2249, #3004, #5889, .T. ) ;
#1202 = ORIENTED_EDGE ( 'NONE', *, *, #2502, .F. ) ;
#1203 = CARTESIAN_POINT ( 'NONE',  ( 49.99999999999999289, 6.000000000000000000, 25.89745962155738823 ) ) ;
#1204 = ORIENTED_EDGE ( 'NONE', *, *, #331, .T. ) ;
#1205 = CARTESIAN_POINT ( 'NONE',  ( 14.07291281149758966, 147.4213562373095385, 45.62499999999995737 ) ) ;
#1206 = VECTOR ( 'NONE', #7419, 1000.000000000000000 ) ;
#1207 = ORIENTED_EDGE ( 'NONE', *, *, #3471, .F. ) ;
#1208 = ADVANCED_FACE ( 'NONE', ( #5913 ), #389, .T. ) ;
#1209 = FACE_OUTER_BOUND ( 'NONE', #10317, .T. ) ;
#1210 = ORIENTED_EDGE ( 'NONE', *, *, #2675, .T. ) ;
#1211 = CARTESIAN_POINT ( 'NONE',  ( -9.742785792574935044, 0.000000000000000000, -10.62499999999999822 ) ) ;
#1212 = ORIENTED_EDGE ( 'NONE', *, *, #2449, .F. ) ;
#1213 = DESIGN_CONTEXT ( 'detailed design', #8239, 'design' ) ;
#1214 = EDGE_CURVE ( 'NONE', #706, #9908, #9152, .T. ) ;
#1215 = CARTESIAN_POINT ( 'NONE',  ( -65.42938555780321508, 2.249999999999781508, -68.34523804181178264 ) ) ;
#1216 = ORIENTED_EDGE ( 'NONE', *, *, #4147, .T. ) ;
#1217 = AXIS2_PLACEMENT_3D ( 'NONE', #10150, #9221, #9996 ) ;
#1218 = CARTESIAN_POINT ( 'NONE',  ( -28.14582562299473523, 0.000000000000000000, 21.24999999999999289 ) ) ;
#1219 = EDGE_CURVE ( 'NONE', #6084, #241, #1223, .T. ) ;
#1220 = DIRECTION ( 'NONE',  ( 0.7660444431189713521, 0.000000000000000000, -0.6427876096865472455 ) ) ;
#1221 = ORIENTED_EDGE ( 'NONE', *, *, #3657, .F. ) ;
#1222 = DIRECTION ( 'NONE',  ( 0.3420201433256682688, -1.201296007113938913E-14, -0.9396926207859085389 ) ) ;
#1223 = LINE ( 'NONE', #4408, #4062 ) ;
#1224 = VERTEX_POINT ( 'NONE', #6173 ) ;
#1225 = CARTESIAN_POINT ( 'NONE',  ( -65.20420041006185841, 5.499999999999707789, 68.26327735083503967 ) ) ;
#1226 = FACE_BOUND ( 'NONE', #1567, .T. ) ;
#1227 = ORIENTED_EDGE ( 'NONE', *, *, #2188, .F. ) ;
#1228 = VERTEX_POINT ( 'NONE', #8662 ) ;
#1229 = EDGE_CURVE ( 'NONE', #60, #4692, #5387, .T. ) ;
#1230 = LINE ( 'NONE', #5870, #6225 ) ;
#1231 = ORIENTED_EDGE ( 'NONE', *, *, #9799, .F. ) ;
#1232 = CARTESIAN_POINT ( 'NONE',  ( -64.13382571541318100, 1.124999999999719114, 62.55280396009143828 ) ) ;
#1233 = DIRECTION ( 'NONE',  ( 0.5234908573499362783, 0.8520312918379400191, 0.000000000000000000 ) ) ;
#1234 = VERTEX_POINT ( 'NONE', #7880 ) ;
#1235 = CARTESIAN_POINT ( 'NONE',  ( 45.46633369868351338, 6.000000000000005329, 21.24999999999999289 ) ) ;
#1236 = DIRECTION ( 'NONE',  ( 1.000000000000000000, 0.000000000000000000, 2.006803045524146533E-16 ) ) ;
#1237 = CARTESIAN_POINT ( 'NONE',  ( -94.78815159566664761, 22.87916512459875662, 74.99322121832194910 ) ) ;
#1238 = EDGE_CURVE ( 'NONE', #3923, #5278, #1531, .T. ) ;
#1239 = CARTESIAN_POINT ( 'NONE',  ( 49.99999999999999289, 0.000000000000000000, 50.00000000000000000 ) ) ;
#1240 = DIRECTION ( 'NONE',  ( 0.000000000000000000, 0.000000000000000000, -1.000000000000000000 ) ) ;
#1241 = CIRCLE ( 'NONE', #5566, 1.249999999999995559 ) ;
#1242 = DIRECTION ( 'NONE',  ( -0.9355268173716063673, 0.09405667402808165489, 0.3405039148810601879 ) ) ;
#1243 = ADVANCED_FACE ( 'NONE', ( #9445 ), #746, .T. ) ;
#1244 = ORIENTED_EDGE ( 'NONE', *, *, #4546, .F. ) ;
#1245 = FACE_OUTER_BOUND ( 'NONE', #6689, .T. ) ;
#1246 = DIRECTION ( 'NONE',  ( -0.4999999999999998890, 0.000000000000000000, -0.8660254037844387076 ) ) ;
#1247 = CARTESIAN_POINT ( 'NONE',  ( 58.69381895926691328, 1.499999999999723777, -65.89369228902673115 ) ) ;
#1248 = VERTEX_POINT ( 'NONE', #2951 ) ;
#1249 = AXIS2_PLACEMENT_3D ( 'NONE', #2397, #6253, #8697 ) ;
#1250 = LINE ( 'NONE', #2137, #8687 ) ;
#1251 = DIRECTION ( 'NONE',  ( -0.000000000000000000, -1.000000000000000000, -0.000000000000000000 ) ) ;
#1252 = CARTESIAN_POINT ( 'NONE',  ( 49.99999999999999289, 6.000000000000000000, 50.00000000000000000 ) ) ;
#1253 = VERTEX_POINT ( 'NONE', #2163 ) ;
#1254 = VECTOR ( 'NONE', #10149, 1000.000000000000000 ) ;
#1255 = AXIS2_PLACEMENT_3D ( 'NONE', #8851, #7393, #103 ) ;
#1256 = DIRECTION ( 'NONE',  ( -0.4999999999999997780, 0.000000000000000000, 0.8660254037844387076 ) ) ;
#1257 = ORIENTED_EDGE ( 'NONE', *, *, #8237, .F. ) ;
#1258 = CYLINDRICAL_SURFACE ( 'NONE', #907, 6.999999999999941380 ) ;
#1259 = AXIS2_PLACEMENT_3D ( 'NONE', #5426, #3690, #6308 ) ;
#1260 = ORIENTED_EDGE ( 'NONE', *, *, #789, .F. ) ;
#1261 = LINE ( 'NONE', #5797, #5119 ) ;
#1262 = VERTEX_POINT ( 'NONE', #6123 ) ;
#1263 = DIRECTION ( 'NONE',  ( -0.5000000000000016653, 0.000000000000000000, -0.8660254037844375974 ) ) ;
#1264 = ORIENTED_EDGE ( 'NONE', *, *, #10137, .F. ) ;
#1265 = VECTOR ( 'NONE', #9182, 1000.000000000000114 ) ;
#1266 = ORIENTED_EDGE ( 'NONE', *, *, #9472, .T. ) ;
#1267 = EDGE_CURVE ( 'NONE', #81, #4825, #6321, .T. ) ;
#1268 = CYLINDRICAL_SURFACE ( 'NONE', #10303, 2.750000000000002665 ) ;
#1269 = EDGE_LOOP ( 'NONE', ( #3430, #4766, #384, #3239, #3960, #3564 ) ) ;
#1270 = CARTESIAN_POINT ( 'NONE',  ( 71.75583453782208210, 8.999999999999966249, -67.98743272795280745 ) ) ;
#1271 = VERTEX_POINT ( 'NONE', #10227 ) ;
#1272 = CARTESIAN_POINT ( 'NONE',  ( -60.42191776730651043, 13.49999999999923084, 91.53084647020840237 ) ) ;
#1273 = DIRECTION ( 'NONE',  ( 1.000000000000000000, 0.000000000000000000, 0.000000000000000000 ) ) ;
#1274 = ORIENTED_EDGE ( 'NONE', *, *, #7258, .T. ) ;
#1275 = VECTOR ( 'NONE', #4363, 1000.000000000000000 ) ;
#1276 = FACE_OUTER_BOUND ( 'NONE', #6686, .T. ) ;
#1277 = DIRECTION ( 'NONE',  ( -1.000000000000000000, 0.000000000000000000, 0.000000000000000000 ) ) ;
#1278 = EDGE_LOOP ( 'NONE', ( #6337, #4699, #9614 ) ) ;
#1279 = ORIENTED_EDGE ( 'NONE', *, *, #8104, .F. ) ;
#1280 = VECTOR ( 'NONE', #8872, 1000.000000000000114 ) ;
#1281 = ADVANCED_FACE ( 'NONE', ( #7735 ), #4716, .T. ) ;
#1282 = LINE ( 'NONE', #9259, #9388 ) ;
#1283 = VERTEX_POINT ( 'NONE', #5340 ) ;
#1284 = DIRECTION ( 'NONE',  ( -0.9396926207859015445, -2.569016047228651574E-15, -0.3420201433256876977 ) ) ;
#1285 = DIRECTION ( 'NONE',  ( -0.5000000000000002220, 0.000000000000000000, -0.8660254037844384856 ) ) ;
#1286 = ORIENTED_EDGE ( 'NONE', *, *, #11, .T. ) ;
#1287 = LINE ( 'NONE', #1971, #5625 ) ;
#1288 = LINE ( 'NONE', #7647, #1538 ) ;
#1289 = AXIS2_PLACEMENT_3D ( 'NONE', #1088, #7282, #8277 ) ;
#1290 = LINE ( 'NONE', #3702, #7834 ) ;
#1291 = EDGE_CURVE ( 'NONE', #5862, #7110, #2311, .T. ) ;
#1292 = ADVANCED_FACE ( 'NONE', ( #647 ), #5490, .F. ) ;
#1293 = APPROVAL_PERSON_ORGANIZATION ( #1832, #5537, #111 ) ;
#1294 = CARTESIAN_POINT ( 'NONE',  ( 14.07291281149736051, 6.000000000000005329, -39.37499999999995737 ) ) ;
#1295 = DIRECTION ( 'NONE',  ( 0.3420201433256701562, -1.073360150760649390E-14, -0.9396926207859078728 ) ) ;
#1296 = EDGE_CURVE ( 'NONE', #8611, #6018, #2258, .T. ) ;
#1297 = VERTEX_POINT ( 'NONE', #4616 ) ;
#1298 = PLANE ( 'NONE',  #3488 ) ;
#1299 = CARTESIAN_POINT ( 'NONE',  ( -48.18039637606665337, 6.000000000000000000, -87.18281677883985026 ) ) ;
#1300 = VECTOR ( 'NONE', #6198, 1000.000000000000000 ) ;
#1301 = EDGE_CURVE ( 'NONE', #4783, #1001, #3930, .T. ) ;
#1302 = CARTESIAN_POINT ( 'NONE',  ( 8.660254037844387298, 147.4213562373095385, -4.592625337882893652E-17 ) ) ;
#1303 = ORIENTED_EDGE ( 'NONE', *, *, #634, .F. ) ;
#1304 = CARTESIAN_POINT ( 'NONE',  ( -41.13620667976124423, 6.000000000000005329, -13.74999999999999822 ) ) ;
#1305 = DIRECTION ( 'NONE',  ( 0.000000000000000000, 0.000000000000000000, 1.000000000000000000 ) ) ;
#1306 = CIRCLE ( 'NONE', #2294, 61.96152422706628471 ) ;
#1307 = CARTESIAN_POINT ( 'NONE',  ( -22.73316684934198051, 147.4213562373095385, -45.62499999999995737 ) ) ;
#1308 = ORIENTED_EDGE ( 'NONE', *, *, #7884, .T. ) ;
#1309 = AXIS2_PLACEMENT_3D ( 'NONE', #7923, #2350, #8603 ) ;
#1310 = CARTESIAN_POINT ( 'NONE',  ( -50.00000000000000000, 6.000000000000000000, -50.00000000000000000 ) ) ;
#1311 = CARTESIAN_POINT ( 'NONE',  ( -120.0772681300572486, 3.374999999998095301, -79.75614085263174502 ) ) ;
#1312 = CIRCLE ( 'NONE', #8125, 51.96152422706636997 ) ;
#1313 = VECTOR ( 'NONE', #9065, 1000.000000000000114 ) ;
#1314 = ORIENTED_EDGE ( 'NONE', *, *, #8418, .T. ) ;
#1315 = AXIS2_PLACEMENT_3D ( 'NONE', #10060, #3864, #2928 ) ;
#1316 = DIRECTION ( 'NONE',  ( -0.4698463103929487183, 0.8660254037844400399, -0.1710100716628430717 ) ) ;
#1317 = EDGE_LOOP ( 'NONE', ( #7560, #9190, #2154, #1325 ) ) ;
#1318 = LINE ( 'NONE', #5229, #2297 ) ;
#1319 = VERTEX_POINT ( 'NONE', #6269 ) ;
#1320 = EDGE_CURVE ( 'NONE', #4504, #7028, #4566, .T. ) ;
#1321 = EDGE_CURVE ( 'NONE', #3920, #8108, #3148, .T. ) ;
#1322 = VECTOR ( 'NONE', #1181, 1000.000000000000000 ) ;
#1323 = VERTEX_POINT ( 'NONE', #3836 ) ;
#1324 = CARTESIAN_POINT ( 'NONE',  ( -27.06329386826395123, 6.000000000000005329, 31.87499999999995737 ) ) ;
#1325 = ORIENTED_EDGE ( 'NONE', *, *, #3398, .T. ) ;
#1326 = FACE_BOUND ( 'NONE', #3411, .T. ) ;
#1327 = EDGE_LOOP ( 'NONE', ( #9156, #7112, #10288, #6557 ) ) ;
#1328 = DIRECTION ( 'NONE',  ( 0.8757795372522689803, -0.4330127018922239057, 0.2133312028986796838 ) ) ;
#1329 = VECTOR ( 'NONE', #8251, 1000.000000000000000 ) ;
#1330 = DIRECTION ( 'NONE',  ( -0.4698463103929531592, 0.8660254037844399289, 0.1710100716628304984 ) ) ;
#1331 = VERTEX_POINT ( 'NONE', #8464 ) ;
#1332 = DIRECTION ( 'NONE',  ( -0.000000000000000000, -1.000000000000000000, -0.000000000000000000 ) ) ;
#1333 = EDGE_CURVE ( 'NONE', #3781, #3917, #1780, .T. ) ;
#1334 = ORIENTED_EDGE ( 'NONE', *, *, #4285, .F. ) ;
#1335 = ORIENTED_EDGE ( 'NONE', *, *, #9862, .F. ) ;
#1336 = DIRECTION ( 'NONE',  ( 0.000000000000000000, 0.000000000000000000, -1.000000000000000000 ) ) ;
#1337 = VERTEX_POINT ( 'NONE', #6896 ) ;
#1338 = VECTOR ( 'NONE', #4738, 1000.000000000000000 ) ;
#1339 = DIRECTION ( 'NONE',  ( 0.000000000000000000, -1.000000000000000000, 0.000000000000000000 ) ) ;
#1340 = LINE ( 'NONE', #5251, #6977 ) ;
#1341 = ORIENTED_EDGE ( 'NONE', *, *, #6230, .T. ) ;
#1342 = CARTESIAN_POINT ( 'NONE',  ( 68.02323918836455618, 17.25833024919695191, 89.67924001744572138 ) ) ;
#1343 = FACE_OUTER_BOUND ( 'NONE', #470, .T. ) ;
#1344 = PLANE ( 'NONE',  #8336 ) ;
#1345 = DIRECTION ( 'NONE',  ( 0.3420201433256701562, 1.073360150760649232E-14, 0.9396926207859078728 ) ) ;
#1346 = PLANE ( 'NONE',  #7425 ) ;
#1347 = ORIENTED_EDGE ( 'NONE', *, *, #5014, .T. ) ;
#1348 = LINE ( 'NONE', #8531, #8230 ) ;
#1349 = EDGE_CURVE ( 'NONE', #1452, #7644, #10131, .T. ) ;
#1350 = CARTESIAN_POINT ( 'NONE',  ( 48.18039637606665337, 0.000000000000000000, -87.18281677883985026 ) ) ;
#1351 = ADVANCED_FACE ( 'NONE', ( #2999, #6990, #3046, #6216 ), #8610, .F. ) ;
#1352 = DIRECTION ( 'NONE',  ( 1.000000000000000000, 0.000000000000000000, -0.000000000000000000 ) ) ;
#1353 = ORIENTED_EDGE ( 'NONE', *, *, #7136, .T. ) ;
#1354 = DIRECTION ( 'NONE',  ( -0.5000000000000042188, 0.000000000000000000, 0.8660254037844362651 ) ) ;
#1355 = ADVANCED_FACE ( 'NONE', ( #1634 ), #62, .F. ) ;
#1356 = DIRECTION ( 'NONE',  ( 0.6427876096865473565, 0.000000000000000000, -0.7660444431189713521 ) ) ;
#1357 = CARTESIAN_POINT ( 'NONE',  ( -46.40590262964586543, 0.000000000000000000, 85.06805748150695479 ) ) ;
#1358 = EDGE_LOOP ( 'NONE', ( #2845, #9083, #10223, #9055 ) ) ;
#1359 = CARTESIAN_POINT ( 'NONE',  ( 84.48338804127510571, 20.99999999999957012, 63.40383350717173983 ) ) ;
#1360 = FACE_OUTER_BOUND ( 'NONE', #8101, .T. ) ;
#1361 = VECTOR ( 'NONE', #2717, 1000.000000000000000 ) ;
#1362 = EDGE_CURVE ( 'NONE', #5346, #8199, #119, .T. ) ;
#1363 = EDGE_LOOP ( 'NONE', ( #6473, #2796, #1244, #8922 ) ) ;
#1364 = CARTESIAN_POINT ( 'NONE',  ( 11.26739772084300562, 6.000000000000005329, 34.51570532158541482 ) ) ;
#1365 = VERTEX_POINT ( 'NONE', #9601 ) ;
#1366 = ADVANCED_FACE ( 'NONE', ( #9707 ), #2570, .F. ) ;
#1367 = CARTESIAN_POINT ( 'NONE',  ( -41.13620667976130818, 0.000000000000000000, -34.99999999999999289 ) ) ;
#1368 = ORIENTED_EDGE ( 'NONE', *, *, #880, .F. ) ;
#1369 = EDGE_CURVE ( 'NONE', #2574, #7149, #8712, .T. ) ;
#1370 = ORIENTED_EDGE ( 'NONE', *, *, #9294, .F. ) ;
#1371 = DIRECTION ( 'NONE',  ( 0.000000000000000000, 0.000000000000000000, -1.000000000000000000 ) ) ;
#1372 = ORIENTED_EDGE ( 'NONE', *, *, #4287, .F. ) ;
#1373 = VECTOR ( 'NONE', #9954, 1000.000000000000114 ) ;
#1374 = AXIS2_PLACEMENT_3D ( 'NONE', #1596, #7158, #26 ) ;
#1375 = CARTESIAN_POINT ( 'NONE',  ( 19.59551925823889107, 0.000000000000000000, -18.12499999999996092 ) ) ;
#1376 = ORIENTED_EDGE ( 'NONE', *, *, #9464, .T. ) ;
#1377 = CARTESIAN_POINT ( 'NONE',  ( -4.330127018922190096, 147.4213562373095385, 7.500000000000000888 ) ) ;
#1378 = CARTESIAN_POINT ( 'NONE',  ( -4.330127018922337534, 0.000000000000000000, -34.99999999999999289 ) ) ;
#1379 = ORIENTED_EDGE ( 'NONE', *, *, #7981, .T. ) ;
#1380 = FACE_BOUND ( 'NONE', #2519, .T. ) ;
#1381 = ORIENTED_EDGE ( 'NONE', *, *, #5496, .T. ) ;
#1382 = AXIS2_PLACEMENT_3D ( 'NONE', #7475, #343, #3531 ) ;
#1383 = ORIENTED_EDGE ( 'NONE', *, *, #282, .F. ) ;
#1384 = ORIENTED_EDGE ( 'NONE', *, *, #5979, .T. ) ;
#1385 = DIRECTION ( 'NONE',  ( -0.3420201433256701562, -1.073360150760649390E-14, -0.9396926207859078728 ) ) ;
#1386 = DIRECTION ( 'NONE',  ( -0.8660254037844383745, 0.000000000000000000, 0.5000000000000004441 ) ) ;
#1387 = ORIENTED_EDGE ( 'NONE', *, *, #3706, .F. ) ;
#1388 = FACE_OUTER_BOUND ( 'NONE', #4150, .T. ) ;
#1389 = ORIENTED_EDGE ( 'NONE', *, *, #3660, .F. ) ;
#1390 = PLANE ( 'NONE',  #6357 ) ;
#1391 = DIRECTION ( 'NONE',  ( 1.000000000000000000, 0.000000000000000000, 1.001543065824772975E-16 ) ) ;
#1392 = VECTOR ( 'NONE', #5774, 1000.000000000000114 ) ;
#1393 = DIRECTION ( 'NONE',  ( -0.5000000000000067724, 0.000000000000000000, 0.8660254037844347108 ) ) ;
#1394 = LINE ( 'NONE', #6143, #7031 ) ;
#1395 = AXIS2_PLACEMENT_3D ( 'NONE', #3579, #6743, #2792 ) ;
#1396 = VERTEX_POINT ( 'NONE', #5642 ) ;
#1397 = EDGE_CURVE ( 'NONE', #5476, #1224, #9550, .T. ) ;
#1398 = CARTESIAN_POINT ( 'NONE',  ( 22.73316684934198051, 6.000000000000005329, 45.62499999999995737 ) ) ;
#1399 = DIRECTION ( 'NONE',  ( 0.4999999999999999445, 0.000000000000000000, 0.8660254037844385966 ) ) ;
#1400 = CARTESIAN_POINT ( 'NONE',  ( 11.54700538379294450, 147.4213562373095385, 50.00000000000000000 ) ) ;
#1401 = ORIENTED_EDGE ( 'NONE', *, *, #8671, .F. ) ;
#1402 = EDGE_CURVE ( 'NONE', #6298, #4698, #8140, .T. ) ;
#1403 = CARTESIAN_POINT ( 'NONE',  ( -41.13620667976124423, 0.000000000000000000, 13.74999999999999822 ) ) ;
#1404 = CARTESIAN_POINT ( 'NONE',  ( -22.73316684934198051, 0.000000000000000000, 45.62499999999995737 ) ) ;
#1405 = VECTOR ( 'NONE', #7377, 1000.000000000000000 ) ;
#1406 = DIRECTION ( 'NONE',  ( -0.8757795372522708677, 0.4330127018922171889, -0.2133312028986853459 ) ) ;
#1407 = VERTEX_POINT ( 'NONE', #851 ) ;
#1408 = CARTESIAN_POINT ( 'NONE',  ( 79.02598022036026748, -7.769979724182478620, 87.91339593296397936 ) ) ;
#1409 = EDGE_CURVE ( 'NONE', #6723, #9659, #9654, .T. ) ;
#1410 = CARTESIAN_POINT ( 'NONE',  ( -9.742785792574935044, 0.000000000000000000, -10.62499999999999822 ) ) ;
#1411 = EDGE_CURVE ( 'NONE', #8647, #1469, #4866, .T. ) ;
#1412 = VECTOR ( 'NONE', #1942, 999.9999999999998863 ) ;
#1413 = ORIENTED_EDGE ( 'NONE', *, *, #2483, .F. ) ;
#1414 = CIRCLE ( 'NONE', #6901, 2.750000000000002665 ) ;
#1415 = CARTESIAN_POINT ( 'NONE',  ( 22.73316684934153287, 0.000000000000000000, -3.124999999999960920 ) ) ;
#1416 = EDGE_CURVE ( 'NONE', #653, #4928, #8037, .T. ) ;
#1417 = ORIENTED_EDGE ( 'NONE', *, *, #1908, .F. ) ;
#1418 = AXIS2_PLACEMENT_3D ( 'NONE', #8331, #1196, #4382 ) ;
#1419 = CARTESIAN_POINT ( 'NONE',  ( 78.20696522024194053, 13.49999999999980105, 42.66683018934131155 ) ) ;
#1420 = VERTEX_POINT ( 'NONE', #7198 ) ;
#1421 = SECURITY_CLASSIFICATION ( '', '', #8915 ) ;
#1422 = CARTESIAN_POINT ( 'NONE',  ( -87.70925405845105161, -9.486715189943387472, -55.36244354894027708 ) ) ;
#1423 = VERTEX_POINT ( 'NONE', #7250 ) ;
#1424 = ADVANCED_FACE ( 'NONE', ( #225 ), #8925, .F. ) ;
#1425 = CIRCLE ( 'NONE', #9082, 51.96152422706639129 ) ;
#1426 = FACE_BOUND ( 'NONE', #8042, .T. ) ;
#1427 = ORIENTED_EDGE ( 'NONE', *, *, #2096, .F. ) ;
#1428 = EDGE_CURVE ( 'NONE', #8777, #1579, #3412, .T. ) ;
#1429 = DIRECTION ( 'NONE',  ( -0.8789733129752212992, 0.4768709627114694483, 0.000000000000000000 ) ) ;
#1430 = DIRECTION ( 'NONE',  ( -0.000000000000000000, -1.000000000000000000, -0.000000000000000000 ) ) ;
#1431 = EDGE_LOOP ( 'NONE', ( #5954, #5245, #8235, #6993 ) ) ;
#1432 = CIRCLE ( 'NONE', #5583, 61.96152422706628471 ) ;
#1433 = CARTESIAN_POINT ( 'NONE',  ( -32.47595264191693332, 0.000000000000000000, 34.99999999999999289 ) ) ;
#1434 = ORIENTED_EDGE ( 'NONE', *, *, #6576, .T. ) ;
#1435 = ORIENTED_EDGE ( 'NONE', *, *, #3178, .T. ) ;
#1436 = EDGE_LOOP ( 'NONE', ( #10257, #693, #3243, #6436, #9128, #5813 ) ) ;
#1437 = DIRECTION ( 'NONE',  ( 0.5000000000000001110, 0.000000000000000000, 0.8660254037844385966 ) ) ;
#1438 = CARTESIAN_POINT ( 'NONE',  ( -83.46282394258763304, -5.728384940746046539, -86.06226691517679228 ) ) ;
#1439 = DIRECTION ( 'NONE',  ( 0.6427876096865473565, -0.000000000000000000, 0.7660444431189713521 ) ) ;
#1440 = VECTOR ( 'NONE', #2533, 1000.000000000000114 ) ;
#1441 = ORIENTED_EDGE ( 'NONE', *, *, #2778, .T. ) ;
#1442 = PLANE ( 'NONE',  #207 ) ;
#1443 = DIRECTION ( 'NONE',  ( 0.4999999999999993339, 0.000000000000000000, 0.8660254037844389297 ) ) ;
#1444 = DIRECTION ( 'NONE',  ( 0.8660254037844383745, 0.000000000000000000, -0.5000000000000004441 ) ) ;
#1445 = CARTESIAN_POINT ( 'NONE',  ( 95.31102044180072141, -5.728164937518876343, 53.51072870777982615 ) ) ;
#1446 = ORIENTED_EDGE ( 'NONE', *, *, #5428, .F. ) ;
#1447 = EDGE_CURVE ( 'NONE', #311, #3257, #172, .T. ) ;
#1448 = CARTESIAN_POINT ( 'NONE',  ( -58.69381895926685644, 1.499999999999727329, -65.89369228902688747 ) ) ;
#1449 = ORIENTED_EDGE ( 'NONE', *, *, #8541, .T. ) ;
#1450 = LINE ( 'NONE', #6966, #5743 ) ;
#1451 = CARTESIAN_POINT ( 'NONE',  ( -71.75583453782208210, 8.999999999999966249, -67.98743272795280745 ) ) ;
#1452 = VERTEX_POINT ( 'NONE', #6422 ) ;
#1453 = EDGE_CURVE ( 'NONE', #5236, #6381, #8821, .T. ) ;
#1454 = CARTESIAN_POINT ( 'NONE',  ( 3.673940397442059967E-15, 6.000000000000005329, 30.00000000000000000 ) ) ;
#1455 = DIRECTION ( 'NONE',  ( 0.4698463103929487183, 0.8660254037844400399, -0.1710100716628430717 ) ) ;
#1456 = CARTESIAN_POINT ( 'NONE',  ( 48.21495254706555045, 6.000000000000000000, -87.08787447931756276 ) ) ;
#1457 = ORIENTED_EDGE ( 'NONE', *, *, #5879, .T. ) ;
#1458 = EDGE_CURVE ( 'NONE', #7519, #110, #4449, .T. ) ;
#1459 = VECTOR ( 'NONE', #4604, 1000.000000000000000 ) ;
#1460 = LINE ( 'NONE', #8695, #6735 ) ;
#1461 = DIRECTION ( 'NONE',  ( -0.000000000000000000, -1.000000000000000000, -0.000000000000000000 ) ) ;
#1462 = VECTOR ( 'NONE', #9940, 1000.000000000000000 ) ;
#1463 = ORIENTED_EDGE ( 'NONE', *, *, #5454, .T. ) ;
#1464 = ORIENTED_EDGE ( 'NONE', *, *, #1411, .F. ) ;
#1465 = ORIENTED_EDGE ( 'NONE', *, *, #4369, .F. ) ;
#1466 = DIRECTION ( 'NONE',  ( -0.5000000000000001110, 0.000000000000000000, -0.8660254037844385966 ) ) ;
#1467 = LINE ( 'NONE', #7723, #8791 ) ;
#1468 = VECTOR ( 'NONE', #2763, 1000.000000000000000 ) ;
#1469 = VERTEX_POINT ( 'NONE', #5588 ) ;
#1470 = ADVANCED_FACE ( 'NONE', ( #4190 ), #6579, .F. ) ;
#1471 = CYLINDRICAL_SURFACE ( 'NONE', #1828, 6.999999999999941380 ) ;
#1472 = ORIENTED_EDGE ( 'NONE', *, *, #2136, .F. ) ;
#1473 = AXIS2_PLACEMENT_3D ( 'NONE', #3048, #8874, #1843 ) ;
#1474 = ADVANCED_FACE ( 'NONE', ( #3303 ), #6472, .T. ) ;
#1475 = ADVANCED_FACE ( 'NONE', ( #1209 ), #5847, .F. ) ;
#1476 = ORIENTED_EDGE ( 'NONE', *, *, #2222, .F. ) ;
#1477 = CARTESIAN_POINT ( 'NONE',  ( 65.20420041006185841, 5.499999999999707789, -68.26327735083503967 ) ) ;
#1478 = EDGE_CURVE ( 'NONE', #421, #4770, #6781, .T. ) ;
#1479 = CARTESIAN_POINT ( 'NONE',  ( -72.62888298754663197, 14.99999999999994316, -95.97381846109878722 ) ) ;
#1480 = ORIENTED_EDGE ( 'NONE', *, *, #157, .F. ) ;
#1481 = CARTESIAN_POINT ( 'NONE',  ( 41.13620667976131529, 6.000000000000005329, 7.500000000000000000 ) ) ;
#1482 = ORIENTED_EDGE ( 'NONE', *, *, #8483, .F. ) ;
#1483 = VECTOR ( 'NONE', #3696, 1000.000000000000114 ) ;
#1484 = EDGE_CURVE ( 'NONE', #9007, #7157, #2834, .T. ) ;
#1485 = CIRCLE ( 'NONE', #7806, 61.96152422706639840 ) ;
#1486 = VERTEX_POINT ( 'NONE', #7561 ) ;
#1487 = ORIENTED_EDGE ( 'NONE', *, *, #1301, .T. ) ;
#1488 = PLANE ( 'NONE',  #9468 ) ;
#1489 = PLANE ( 'NONE',  #340 ) ;
#1490 = CIRCLE ( 'NONE', #4161, 2.750000000000009326 ) ;
#1491 = DIRECTION ( 'NONE',  ( -0.000000000000000000, -1.000000000000000000, -0.000000000000000000 ) ) ;
#1492 = ORIENTED_EDGE ( 'NONE', *, *, #6533, .T. ) ;
#1493 = CARTESIAN_POINT ( 'NONE',  ( -32.03989878038110106, 6.000000000000005329, 6.744732556983351834 ) ) ;
#1494 = CARTESIAN_POINT ( 'NONE',  ( -75.23823037617501086, 13.49999999999971045, 50.82336213776300582 ) ) ;
#1495 = LINE ( 'NONE', #6960, #1254 ) ;
#1496 = DIRECTION ( 'NONE',  ( -0.9396926207859068736, 0.000000000000000000, 0.3420201433256732093 ) ) ;
#1497 = VECTOR ( 'NONE', #3409, 1000.000000000000227 ) ;
#1498 = ORIENTED_EDGE ( 'NONE', *, *, #947, .F. ) ;
#1499 = CARTESIAN_POINT ( 'NONE',  ( 46.40590262964586543, 4.500000000000013323, 66.00000000000000000 ) ) ;
#1500 = VERTEX_POINT ( 'NONE', #9138 ) ;
#1501 = ADVANCED_FACE ( 'NONE', ( #4348 ), #5122, .T. ) ;
#1502 = DIRECTION ( 'NONE',  ( -0.000000000000000000, -1.000000000000000000, -0.000000000000000000 ) ) ;
#1503 = CARTESIAN_POINT ( 'NONE',  ( 32.47595264191693332, 147.4213562373095385, 34.99999999999999289 ) ) ;
#1504 = ORIENTED_EDGE ( 'NONE', *, *, #435, .T. ) ;
#1505 = PLANE ( 'NONE',  #5525 ) ;
#1506 = CIRCLE ( 'NONE', #6328, 51.96152422706619944 ) ;
#1507 = DIRECTION ( 'NONE',  ( -0.8660254037844387076, 0.000000000000000000, 0.5000000000000001110 ) ) ;
#1508 = ADVANCED_FACE ( 'NONE', ( #3621 ), #3676, .F. ) ;
#1509 = DIRECTION ( 'NONE',  ( -0.000000000000000000, -1.000000000000000000, -0.000000000000000000 ) ) ;
#1510 = EDGE_LOOP ( 'NONE', ( #9035, #2405, #8641, #2164 ) ) ;
#1511 = ORIENTED_EDGE ( 'NONE', *, *, #998, .F. ) ;
#1512 = DIRECTION ( 'NONE',  ( 0.9960823821119998422, 0.08843013087225276569, 0.000000000000000000 ) ) ;
#1513 = CARTESIAN_POINT ( 'NONE',  ( 45.46633369868351338, 147.4213562373095385, 42.49999999999998579 ) ) ;
#1514 = EDGE_CURVE ( 'NONE', #297, #3159, #9913, .T. ) ;
#1515 = ORIENTED_EDGE ( 'NONE', *, *, #5015, .T. ) ;
#1516 = ORIENTED_EDGE ( 'NONE', *, *, #4776, .F. ) ;
#1517 = DIRECTION ( 'NONE',  ( -0.5000000000000002220, 0.000000000000000000, -0.8660254037844384856 ) ) ;
#1518 = ORIENTED_EDGE ( 'NONE', *, *, #4090, .F. ) ;
#1519 = CARTESIAN_POINT ( 'NONE',  ( 49.99999999999997868, 0.000000000000000000, -4.647459621557000098 ) ) ;
#1520 = DIRECTION ( 'NONE',  ( -0.000000000000000000, -1.000000000000000000, -0.000000000000000000 ) ) ;
#1521 = EDGE_CURVE ( 'NONE', #8654, #4361, #2782, .T. ) ;
#1522 = ORIENTED_EDGE ( 'NONE', *, *, #7709, .T. ) ;
#1523 = FACE_OUTER_BOUND ( 'NONE', #822, .T. ) ;
#1524 = VECTOR ( 'NONE', #663, 1000.000000000000114 ) ;
#1525 = EDGE_CURVE ( 'NONE', #7149, #897, #1945, .T. ) ;
#1526 = DIRECTION ( 'NONE',  ( 0.4698463103929486073, -0.8660254037844399289, -0.1710100716628430439 ) ) ;
#1527 = VERTEX_POINT ( 'NONE', #8400 ) ;
#1528 = EDGE_CURVE ( 'NONE', #3032, #1925, #1261, .T. ) ;
#1529 = ORIENTED_EDGE ( 'NONE', *, *, #4973, .T. ) ;
#1530 = CARTESIAN_POINT ( 'NONE',  ( 10.17883965411065006, 0.000000000000000000, -31.11973255698393359 ) ) ;
#1531 = LINE ( 'NONE', #695, #9878 ) ;
#1532 = VERTEX_POINT ( 'NONE', #5900 ) ;
#1533 = DIRECTION ( 'NONE',  ( -0.5000000000000002220, 0.000000000000000000, -0.8660254037844384856 ) ) ;
#1534 = ORIENTED_EDGE ( 'NONE', *, *, #1927, .T. ) ;
#1535 = ORIENTED_EDGE ( 'NONE', *, *, #7785, .F. ) ;
#1536 = VECTOR ( 'NONE', #2663, 1000.000000000000000 ) ;
#1537 = EDGE_LOOP ( 'NONE', ( #4460, #541, #7508, #170 ) ) ;
#1538 = VECTOR ( 'NONE', #3545, 999.9999999999998863 ) ;
#1539 = EDGE_CURVE ( 'NONE', #7362, #6324, #1963, .T. ) ;
#1540 = CARTESIAN_POINT ( 'NONE',  ( -25.25907427704661501, 0.000000000000000000, 50.00000000000000000 ) ) ;
#1541 = PLANE ( 'NONE',  #995 ) ;
#1542 = CARTESIAN_POINT ( 'NONE',  ( 90.87355798516183825, -7.769979724182088709, 55.36244354894027708 ) ) ;
#1543 = CLOSED_SHELL ( 'NONE', ( #4272, #3463, #9192, #7963, #1725, #4938, #3341, #7626, #8776, #6830, #8855, #1182, #264, #4658, #5115, #1939, #7673, #4228, #6004, #9991, #8078, #8045, #6406, #8573, #1351, #7702, #9741, #1796, #6458, #9763, #1993, #10204, #2280, #8255, #9320, #6962, #105, #7809, #8911, #3959, #3192, #3779, #8436, #7077, #4897, #1083, #3792, #1501, #2114, #4393, #8142, #8094, #4791, #4769, #2857, #7009, #5494, #705, #2239, #5776, #5380, #1970, #1672, #4602, #6218, #3038, #3638, #6628, #7468, #3977, #3221, #10194, #8649, #1470, #6009, #2934, #136, #9900, #2826, #1475, #4733, #6356, #9063, #8370, #8414, #8296, #4696, #1045, #1193, #8041, #445, #10079, #5044, #6015, #3897, #3368, #21, #8542, #7533, #7906, #8346, #8945, #8029, #9495, #2568, #5023, #4178, #1772, #5947, #6719, #4464, #6254, #3460, #6188, #7117, #8995, #9813, #5050, #4167, #5869, #4624, #1366, #5595, #2196, #782, #4573, #5635, #9433, #5173, #6571, #8488, #4500, #2316, #515, #4887, #2752, #1743, #5612, #9069, #9657, #2053, #9931, #8027, #5887, #4934, #9627, #8388, #1949, #5233, #8353, #6370, #10312, #2118, #8793, #5735, #1474, #9389, #6809, #906, #6156, #1508, #8902, #7729, #758, #8365, #7464, #8747, #6516, #1549, #4291, #4782, #9258, #3133, #7014, #1845, #5622, #7932, #8290, #10006, #6898, #1281, #392, #4096, #6770, #2509, #5817, #9187, #10229, #6903, #1561, #658, #8843, #1208, #5171, #9633, #1243, #9342, #8271, #3630, #8751, #4209, #1156, #396, #7654, #10265, #2817, #9080, #8999, #4860, #2830, #4697, #3821, #5223, #8949, #6317, #7506, #1998, #10261, #9238, #5522, #3249, #1424, #4543, #2261, #9008, #6372, #9105, #7967, #2005, #5153, #4102, #3807, #69, #232, #1610, #5055, #4488, #5110, #1355, #6984, #3166, #1155, #2604, #6706, #3022, #3327, #8804, #5567, #1002, #6891, #3712, #2131, #100, #8394, #6373, #5120, #4989, #2623, #6110, #6073, #8389, #10209, #7775, #9709, #3962, #3298, #3195, #4470, #8931, #478, #6930, #75, #3280, #8598, #5343, #4888, #248, #6565, #7837, #9270, #7827, #9256, #6196, #2357, #7445, #5488, #1292, #2832, #774, #6488, #667, #3852, #1618, #9430, #3382, #4411, #10271, #1192, #2373, #471, #6495, #10111, #9888, #6691, #2511, #4454 ) ) ;
#1544 = ORIENTED_EDGE ( 'NONE', *, *, #9492, .F. ) ;
#1545 = CARTESIAN_POINT ( 'NONE',  ( 4.330127018922120818, 147.4213562373095385, 13.74999999999999822 ) ) ;
#1546 = VECTOR ( 'NONE', #939, 1000.000000000000114 ) ;
#1547 = DIRECTION ( 'NONE',  ( -0.9396926207859086499, 0.000000000000000000, 0.3420201433256682688 ) ) ;
#1548 = CARTESIAN_POINT ( 'NONE',  ( 41.13620667976131529, 6.000000000000005329, 34.99999999999999289 ) ) ;
#1549 = ADVANCED_FACE ( 'NONE', ( #1159 ), #2624, .F. ) ;
#1550 = AXIS2_PLACEMENT_3D ( 'NONE', #4764, #9395, #6944 ) ;
#1551 = CARTESIAN_POINT ( 'NONE',  ( -8.660254037844387298, 147.4213562373095385, -8.590526202073901000E-16 ) ) ;
#1552 = EDGE_CURVE ( 'NONE', #9719, #3483, #278, .T. ) ;
#1553 = ORIENTED_EDGE ( 'NONE', *, *, #2065, .T. ) ;
#1554 = LINE ( 'NONE', #10248, #5898 ) ;
#1555 = ORIENTED_EDGE ( 'NONE', *, *, #4963, .F. ) ;
#1556 = CARTESIAN_POINT ( 'NONE',  ( -8.660254037844460129, 0.000000000000000000, 21.24999999999999645 ) ) ;
#1557 = CARTESIAN_POINT ( 'NONE',  ( -14.07291281149715978, 0.000000000000000000, -18.12499999999996092 ) ) ;
#1558 = ORIENTED_EDGE ( 'NONE', *, *, #3547, .F. ) ;
#1559 = LINE ( 'NONE', #7224, #37 ) ;
#1560 = CARTESIAN_POINT ( 'NONE',  ( 14.07291281149736051, 0.000000000000000000, 39.37499999999995737 ) ) ;
#1561 = ADVANCED_FACE ( 'NONE', ( #7411 ), #3465, .T. ) ;
#1562 = PLANE ( 'NONE',  #815 ) ;
#1563 = ORIENTED_EDGE ( 'NONE', *, *, #838, .F. ) ;
#1564 = ORIENTED_EDGE ( 'NONE', *, *, #3302, .F. ) ;
#1565 = DIRECTION ( 'NONE',  ( 0.000000000000000000, 0.000000000000000000, 1.000000000000000000 ) ) ;
#1566 = DIRECTION ( 'NONE',  ( 0.5000000000000042188, 0.000000000000000000, -0.8660254037844362651 ) ) ;
#1567 = EDGE_LOOP ( 'NONE', ( #5604, #6764, #5200, #1893, #6171, #6220 ) ) ;
#1568 = FACE_OUTER_BOUND ( 'NONE', #910, .T. ) ;
#1569 = ORIENTED_EDGE ( 'NONE', *, *, #3609, .T. ) ;
#1570 =( NAMED_UNIT ( * ) PLANE_ANGLE_UNIT ( ) SI_UNIT ( $, .RADIAN. ) );
#1571 = DIRECTION ( 'NONE',  ( 6.938893903907228378E-17, 0.000000000000000000, -1.000000000000000000 ) ) ;
#1572 = AXIS2_PLACEMENT_3D ( 'NONE', #4987, #5765, #4004 ) ;
#1573 = ORIENTED_EDGE ( 'NONE', *, *, #5853, .T. ) ;
#1574 = CARTESIAN_POINT ( 'NONE',  ( -8.660254037844532959, 0.000000000000000000, 42.49999999999999289 ) ) ;
#1575 = CARTESIAN_POINT ( 'NONE',  ( -77.90864772864858878, 12.33809673898022474, 67.98743272795282166 ) ) ;
#1576 = ORIENTED_EDGE ( 'NONE', *, *, #571, .T. ) ;
#1577 = AXIS2_PLACEMENT_3D ( 'NONE', #4582, #3946, #7108 ) ;
#1578 = AXIS2_PLACEMENT_3D ( 'NONE', #374, #3617, #2723 ) ;
#1579 = VERTEX_POINT ( 'NONE', #6627 ) ;
#1580 = DIRECTION ( 'NONE',  ( -0.5000000000000000000, 0.000000000000000000, 0.8660254037844385966 ) ) ;
#1581 = DIRECTION ( 'NONE',  ( -0.000000000000000000, -1.000000000000000000, -0.000000000000000000 ) ) ;
#1582 = EDGE_LOOP ( 'NONE', ( #10217, #8385, #9811, #9284, #1529, #522, #7935, #1022, #4241, #117 ) ) ;
#1583 = LINE ( 'NONE', #8714, #2437 ) ;
#1584 = ORIENTED_EDGE ( 'NONE', *, *, #2059, .T. ) ;
#1585 = VECTOR ( 'NONE', #2639, 1000.000000000000000 ) ;
#1586 = APPROVAL ( #9645, 'UNSPECIFIED' ) ;
#1587 = VERTEX_POINT ( 'NONE', #9032 ) ;
#1588 = VECTOR ( 'NONE', #2871, 1000.000000000000000 ) ;
#1589 = ORIENTED_EDGE ( 'NONE', *, *, #3787, .F. ) ;
#1590 = EDGE_CURVE ( 'NONE', #7313, #4016, #7461, .T. ) ;
#1591 = LINE ( 'NONE', #4923, #2659 ) ;
#1592 = DIRECTION ( 'NONE',  ( -0.4999999999999996114, 0.000000000000000000, -0.8660254037844388186 ) ) ;
#1593 = CARTESIAN_POINT ( 'NONE',  ( 80.64835826429002452, 8.999999999999996447, 43.55542458751941126 ) ) ;
#1594 = AXIS2_PLACEMENT_3D ( 'NONE', #8973, #1886, #9595 ) ;
#1595 = EDGE_LOOP ( 'NONE', ( #1912, #5674, #4567, #390 ) ) ;
#1596 = CARTESIAN_POINT ( 'NONE',  ( -25.98076211353308906, 0.000000000000000000, -15.00000000000011546 ) ) ;
#1597 = DIRECTION ( 'NONE',  ( 0.5000000000000000000, 0.000000000000000000, -0.8660254037844385966 ) ) ;
#1598 = DIRECTION ( 'NONE',  ( -0.000000000000000000, -1.000000000000000000, -0.000000000000000000 ) ) ;
#1599 = FACE_OUTER_BOUND ( 'NONE', #7185, .T. ) ;
#1600 = VERTEX_POINT ( 'NONE', #3519 ) ;
#1601 = DIRECTION ( 'NONE',  ( -0.5000000000000000000, 0.000000000000000000, -0.8660254037844385966 ) ) ;
#1602 = ORIENTED_EDGE ( 'NONE', *, *, #8707, .F. ) ;
#1603 = VECTOR ( 'NONE', #6928, 1000.000000000000000 ) ;
#1604 = DIRECTION ( 'NONE',  ( 0.3420201433256863099, -8.011931508174043910E-16, 0.9396926207859018776 ) ) ;
#1605 = VECTOR ( 'NONE', #4001, 1000.000000000000000 ) ;
#1606 = EDGE_CURVE ( 'NONE', #5816, #3683, #379, .T. ) ;
#1607 = DIRECTION ( 'NONE',  ( 0.8660254037844387076, -0.000000000000000000, 0.5000000000000001110 ) ) ;
#1608 = ORIENTED_EDGE ( 'NONE', *, *, #10075, .F. ) ;
#1609 = EDGE_CURVE ( 'NONE', #5766, #10005, #6058, .T. ) ;
#1610 = ADVANCED_FACE ( 'NONE', ( #5569 ), #8014, .F. ) ;
#1611 = CARTESIAN_POINT ( 'NONE',  ( 4.330127018922120818, 6.000000000000005329, 13.74999999999999822 ) ) ;
#1612 = LINE ( 'NONE', #7121, #303 ) ;
#1613 = LINE ( 'NONE', #827, #6969 ) ;
#1614 = CARTESIAN_POINT ( 'NONE',  ( -50.00000000000000000, 0.000000000000000000, 25.89745962155734205 ) ) ;
#1615 = EDGE_CURVE ( 'NONE', #403, #3407, #3773, .T. ) ;
#1616 = EDGE_LOOP ( 'NONE', ( #2279, #9596 ) ) ;
#1617 = VERTEX_POINT ( 'NONE', #2888 ) ;
#1618 = ADVANCED_FACE ( 'NONE', ( #8450 ), #7720, .T. ) ;
#1619 = DIRECTION ( 'NONE',  ( 0.5000000000000007772, 0.000000000000000000, -0.8660254037844381525 ) ) ;
#1620 = DIRECTION ( 'NONE',  ( 0.6427876096865473565, 0.000000000000000000, -0.7660444431189713521 ) ) ;
#1621 = DIRECTION ( 'NONE',  ( -0.5000000000000000000, 0.000000000000000000, 0.8660254037844385966 ) ) ;
#1622 = LINE ( 'NONE', #4804, #3188 ) ;
#1623 = CARTESIAN_POINT ( 'NONE',  ( 23.87132298306552514, 0.000000000000000000, -16.15365574944389948 ) ) ;
#1624 = VECTOR ( 'NONE', #4450, 1000.000000000000000 ) ;
#1625 = EDGE_LOOP ( 'NONE', ( #5519, #3967, #8009, #3432 ) ) ;
#1626 = DIRECTION ( 'NONE',  ( 0.000000000000000000, 0.000000000000000000, 1.000000000000000000 ) ) ;
#1627 = VERTEX_POINT ( 'NONE', #4554 ) ;
#1628 = DIRECTION ( 'NONE',  ( 0.5000000000000001110, 0.000000000000000000, 0.8660254037844387076 ) ) ;
#1629 = LINE ( 'NONE', #740, #4990 ) ;
#1630 = ORIENTED_EDGE ( 'NONE', *, *, #7593, .T. ) ;
#1631 = AXIS2_PLACEMENT_3D ( 'NONE', #6244, #2285, #4742 ) ;
#1632 = ORIENTED_EDGE ( 'NONE', *, *, #6132, .F. ) ;
#1633 = DIRECTION ( 'NONE',  ( 0.8660254037844385966, 0.000000000000000000, -0.5000000000000001110 ) ) ;
#1634 = FACE_OUTER_BOUND ( 'NONE', #8245, .T. ) ;
#1635 = ORIENTED_EDGE ( 'NONE', *, *, #7709, .F. ) ;
#1636 = EDGE_CURVE ( 'NONE', #7555, #1271, #3293, .T. ) ;
#1637 = CIRCLE ( 'NONE', #4306, 3.600000000000008082 ) ;
#1638 = EDGE_CURVE ( 'NONE', #3882, #2479, #5283, .T. ) ;
#1639 = CARTESIAN_POINT ( 'NONE',  ( -50.00000000000000000, 6.000000000000000000, -50.00000000000000000 ) ) ;
#1640 = ORIENTED_EDGE ( 'NONE', *, *, #610, .T. ) ;
#1641 = ORIENTED_EDGE ( 'NONE', *, *, #8813, .T. ) ;
#1642 = VECTOR ( 'NONE', #3988, 1000.000000000000000 ) ;
#1643 = VERTEX_POINT ( 'NONE', #4503 ) ;
#1644 = FACE_OUTER_BOUND ( 'NONE', #3079, .T. ) ;
#1645 = CARTESIAN_POINT ( 'NONE',  ( -41.13620667976131529, 147.4213562373095385, 34.99999999999999289 ) ) ;
#1646 = CARTESIAN_POINT ( 'NONE',  ( -19.59551925823888396, 0.000000000000000000, -18.12499999999996092 ) ) ;
#1647 = ORIENTED_EDGE ( 'NONE', *, *, #1041, .T. ) ;
#1648 = PLANE ( 'NONE',  #1710 ) ;
#1649 = EDGE_CURVE ( 'NONE', #2394, #1090, #4013, .T. ) ;
#1650 = AXIS2_PLACEMENT_3D ( 'NONE', #4319, #1284, #9005 ) ;
#1651 = VECTOR ( 'NONE', #1924, 1000.000000000000000 ) ;
#1652 = FACE_OUTER_BOUND ( 'NONE', #2643, .T. ) ;
#1653 = DIRECTION ( 'NONE',  ( -0.5000000000000001110, 0.000000000000000000, -0.8660254037844385966 ) ) ;
#1654 = FACE_OUTER_BOUND ( 'NONE', #3791, .T. ) ;
#1655 = CIRCLE ( 'NONE', #2482, 1.249999999999995559 ) ;
#1656 = ORIENTED_EDGE ( 'NONE', *, *, #8211, .F. ) ;
#1657 = DIRECTION ( 'NONE',  ( -0.8789733129752195229, 0.4768709627114725014, 0.000000000000000000 ) ) ;
#1658 = ORIENTED_EDGE ( 'NONE', *, *, #642, .F. ) ;
#1659 = LINE ( 'NONE', #8950, #7908 ) ;
#1660 = LINE ( 'NONE', #1079, #8318 ) ;
#1661 = ORIENTED_EDGE ( 'NONE', *, *, #7139, .T. ) ;
#1662 = DIRECTION ( 'NONE',  ( 0.9396926207859068736, 0.000000000000000000, 0.3420201433256732093 ) ) ;
#1663 = CARTESIAN_POINT ( 'NONE',  ( 70.99180026031160651, 17.25833024919705139, 81.52318550399951391 ) ) ;
#1664 = DIRECTION ( 'NONE',  ( 0.9396926207859089830, 7.131640956793591115E-15, -0.3420201433256669921 ) ) ;
#1665 = DIRECTION ( 'NONE',  ( 0.5000000000000001110, 0.000000000000000000, 0.8660254037844385966 ) ) ;
#1666 = CARTESIAN_POINT ( 'NONE',  ( -118.2462233470211572, 2.249999999998087308, 80.42258665126527717 ) ) ;
#1667 = VECTOR ( 'NONE', #8737, 1000.000000000000000 ) ;
#1668 = ORIENTED_EDGE ( 'NONE', *, *, #3699, .T. ) ;
#1669 = EDGE_CURVE ( 'NONE', #5859, #1125, #7671, .T. ) ;
#1670 = LINE ( 'NONE', #6505, #5309 ) ;
#1671 = PLANE ( 'NONE',  #1920 ) ;
#1672 = ADVANCED_FACE ( 'NONE', ( #9338 ), #9584, .F. ) ;
#1673 = VECTOR ( 'NONE', #2372, 1000.000000000000000 ) ;
#1674 = DIRECTION ( 'NONE',  ( -0.8137976813493768002, 0.4999999999999983347, 0.2961981327260180819 ) ) ;
#1675 = DIRECTION ( 'NONE',  ( -0.3420201433256646606, 1.387778780781438576E-14, 0.9396926207859098712 ) ) ;
#1676 = CARTESIAN_POINT ( 'NONE',  ( -50.00000000000000000, 0.000000000000000000, -50.00000000000000000 ) ) ;
#1677 = ORIENTED_EDGE ( 'NONE', *, *, #10197, .F. ) ;
#1678 = CARTESIAN_POINT ( 'NONE',  ( 118.2462233470211572, 2.249999999998087308, 80.42258665126527717 ) ) ;
#1679 = EDGE_CURVE ( 'NONE', #2592, #3640, #2098, .T. ) ;
#1680 = DIRECTION ( 'NONE',  ( -0.9396926207859068736, 0.000000000000000000, 0.3420201433256732093 ) ) ;
#1681 = EDGE_LOOP ( 'NONE', ( #4074, #1487, #1684, #9231 ) ) ;
#1682 = CARTESIAN_POINT ( 'NONE',  ( -50.00000000000000000, 6.000000000000000000, 50.00000000000000000 ) ) ;
#1683 = DIRECTION ( 'NONE',  ( -0.8137976813493768002, 0.4999999999999983347, -0.2961981327260180819 ) ) ;
#1684 = ORIENTED_EDGE ( 'NONE', *, *, #8865, .F. ) ;
#1685 = VECTOR ( 'NONE', #928, 1000.000000000000000 ) ;
#1686 = EDGE_CURVE ( 'NONE', #7429, #6014, #4794, .T. ) ;
#1687 = EDGE_LOOP ( 'NONE', ( #10012, #3569, #8306, #377 ) ) ;
#1688 = DIRECTION ( 'NONE',  ( 1.000000000000000000, 0.000000000000000000, -0.000000000000000000 ) ) ;
#1689 = VERTEX_POINT ( 'NONE', #3034 ) ;
#1690 = EDGE_CURVE ( 'NONE', #7060, #9339, #43, .T. ) ;
#1691 = DIRECTION ( 'NONE',  ( 0.8660254037844385966, 0.000000000000000000, -0.5000000000000003331 ) ) ;
#1692 = EDGE_LOOP ( 'NONE', ( #8903, #4950, #7998, #5123 ) ) ;
#1693 = ORIENTED_EDGE ( 'NONE', *, *, #285, .T. ) ;
#1694 = CARTESIAN_POINT ( 'NONE',  ( 75.23823037617501086, 13.49999999999971045, -50.82336213776300582 ) ) ;
#1695 = FACE_OUTER_BOUND ( 'NONE', #2201, .T. ) ;
#1696 = DIRECTION ( 'NONE',  ( 0.4698463103929532148, 0.8660254037844399289, 0.1710100716628305262 ) ) ;
#1697 = VERTEX_POINT ( 'NONE', #6112 ) ;
#1698 = CARTESIAN_POINT ( 'NONE',  ( -72.62888298754661776, 20.99999999999993605, 95.97381846109878722 ) ) ;
#1699 = DIRECTION ( 'NONE',  ( -0.4698463103929531592, 0.8660254037844399289, -0.1710100716628304984 ) ) ;
#1700 = ORIENTED_EDGE ( 'NONE', *, *, #8491, .T. ) ;
#1701 = DIRECTION ( 'NONE',  ( -0.5000000000000067724, 0.000000000000000000, 0.8660254037844347108 ) ) ;
#1702 = FACE_BOUND ( 'NONE', #8279, .T. ) ;
#1703 = EDGE_LOOP ( 'NONE', ( #8663, #8086, #454, #4739, #1805, #2295 ) ) ;
#1704 = LINE ( 'NONE', #9725, #10219 ) ;
#1705 = ORIENTED_EDGE ( 'NONE', *, *, #375, .T. ) ;
#1706 = DIRECTION ( 'NONE',  ( 0.000000000000000000, 0.000000000000000000, -1.000000000000000000 ) ) ;
#1707 = DIRECTION ( 'NONE',  ( 0.5337593939265745657, 0.4330127018922076965, -0.7263614178872290772 ) ) ;
#1708 = ORIENTED_EDGE ( 'NONE', *, *, #6354, .F. ) ;
#1709 = VECTOR ( 'NONE', #195, 1000.000000000000114 ) ;
#1710 = AXIS2_PLACEMENT_3D ( 'NONE', #1014, #9822, #4201 ) ;
#1711 = CARTESIAN_POINT ( 'NONE',  ( -41.13620667976131529, 0.000000000000000000, 28.74999999999999289 ) ) ;
#1712 = LINE ( 'NONE', #1031, #8832 ) ;
#1713 = DIRECTION ( 'NONE',  ( -0.5000000000000003331, 0.000000000000000000, -0.8660254037844384856 ) ) ;
#1714 = PLANE ( 'NONE',  #4561 ) ;
#1715 = DIRECTION ( 'NONE',  ( 0.000000000000000000, 0.000000000000000000, 1.000000000000000000 ) ) ;
#1716 = ORIENTED_EDGE ( 'NONE', *, *, #8865, .T. ) ;
#1717 = LINE ( 'NONE', #4899, #4967 ) ;
#1718 = CARTESIAN_POINT ( 'NONE',  ( -9.742785792575173076, 147.4213562373095385, -31.87499999999996447 ) ) ;
#1719 = CARTESIAN_POINT ( 'NONE',  ( 49.99999999999998579, 147.4213562373095385, -37.85254037844261177 ) ) ;
#1720 = PLANE ( 'NONE',  #7344 ) ;
#1721 = DIRECTION ( 'NONE',  ( 0.5000000000000001110, 0.000000000000000000, 0.8660254037844387076 ) ) ;
#1722 = ORIENTED_EDGE ( 'NONE', *, *, #869, .T. ) ;
#1723 = PERSON_AND_ORGANIZATION ( #8656, #593 ) ;
#1724 = EDGE_CURVE ( 'NONE', #137, #9933, #4845, .T. ) ;
#1725 = ADVANCED_FACE ( 'NONE', ( #828 ), #9529, .F. ) ;
#1726 = DIRECTION ( 'NONE',  ( -0.3420201433256701562, 1.073360150760649390E-14, -0.9396926207859079838 ) ) ;
#1727 = ORIENTED_EDGE ( 'NONE', *, *, #1737, .F. ) ;
#1728 = DIRECTION ( 'NONE',  ( -0.9396926207859085389, 0.000000000000000000, -0.3420201433256684354 ) ) ;
#1729 = DIRECTION ( 'NONE',  ( -0.5000000000000000000, 0.000000000000000000, -0.8660254037844385966 ) ) ;
#1730 = VERTEX_POINT ( 'NONE', #10069 ) ;
#1731 = EDGE_CURVE ( 'NONE', #855, #9849, #2938, .T. ) ;
#1732 = ORIENTED_EDGE ( 'NONE', *, *, #3739, .F. ) ;
#1733 = DIRECTION ( 'NONE',  ( 0.000000000000000000, 1.000000000000000000, 0.000000000000000000 ) ) ;
#1734 = VERTEX_POINT ( 'NONE', #1364 ) ;
#1735 = VECTOR ( 'NONE', #7086, 1000.000000000000000 ) ;
#1736 = DIRECTION ( 'NONE',  ( -1.000000000000000000, 0.000000000000000000, -0.000000000000000000 ) ) ;
#1737 = EDGE_CURVE ( 'NONE', #8979, #9983, #586, .T. ) ;
#1738 = ORIENTED_EDGE ( 'NONE', *, *, #2966, .F. ) ;
#1739 = EDGE_CURVE ( 'NONE', #856, #4504, #4170, .T. ) ;
#1740 = ORIENTED_EDGE ( 'NONE', *, *, #9691, .F. ) ;
#1741 = PLANE ( 'NONE',  #6633 ) ;
#1742 = VECTOR ( 'NONE', #3964, 1000.000000000000114 ) ;
#1743 = ADVANCED_FACE ( 'NONE', ( #9786 ), #9736, .F. ) ;
#1744 = FACE_OUTER_BOUND ( 'NONE', #1062, .T. ) ;
#1745 = DIRECTION ( 'NONE',  ( 0.000000000000000000, 0.000000000000000000, -1.000000000000000000 ) ) ;
#1746 = ORIENTED_EDGE ( 'NONE', *, *, #9374, .F. ) ;
#1747 = LINE ( 'NONE', #7314, #7856 ) ;
#1748 = CARTESIAN_POINT ( 'NONE',  ( -72.62888298754663197, 14.99999999999994316, 95.97381846109878722 ) ) ;
#1749 = ORIENTED_EDGE ( 'NONE', *, *, #4349, .T. ) ;
#1750 = FACE_OUTER_BOUND ( 'NONE', #1358, .T. ) ;
#1751 = AXIS2_PLACEMENT_3D ( 'NONE', #2025, #5152, #9838 ) ;
#1752 = CYLINDRICAL_SURFACE ( 'NONE', #8435, 1.249999999999995559 ) ;
#1753 = VECTOR ( 'NONE', #156, 1000.000000000000000 ) ;
#1754 = ORIENTED_EDGE ( 'NONE', *, *, #1035, .F. ) ;
#1755 = DIRECTION ( 'NONE',  ( -0.8789733129752217433, -0.4768709627114686156, 0.000000000000000000 ) ) ;
#1756 = ORIENTED_EDGE ( 'NONE', *, *, #4551, .T. ) ;
#1757 = CARTESIAN_POINT ( 'NONE',  ( 3.673940397442059967E-15, 0.000000000000000000, 30.00000000000000000 ) ) ;
#1758 = VECTOR ( 'NONE', #6647, 1000.000000000000000 ) ;
#1759 = DIRECTION ( 'NONE',  ( -0.000000000000000000, -1.000000000000000000, -0.000000000000000000 ) ) ;
#1760 = VERTEX_POINT ( 'NONE', #308 ) ;
#1761 = CYLINDRICAL_SURFACE ( 'NONE', #6863, 3.599999999999993872 ) ;
#1762 = DIRECTION ( 'NONE',  ( 0.5000000000000002220, 0.000000000000000000, 0.8660254037844384856 ) ) ;
#1763 = CARTESIAN_POINT ( 'NONE',  ( -8.660254037844532959, 0.000000000000000000, -42.49999999999999289 ) ) ;
#1764 = DIRECTION ( 'NONE',  ( 0.5000000000000001110, 0.000000000000000000, -0.8660254037844387076 ) ) ;
#1765 = CARTESIAN_POINT ( 'NONE',  ( -35.72484103454691251, 0.000000000000000000, -20.62574658805229433 ) ) ;
#1766 = EDGE_CURVE ( 'NONE', #8948, #3689, #3499, .T. ) ;
#1767 = FACE_OUTER_BOUND ( 'NONE', #1625, .T. ) ;
#1768 = AXIS2_PLACEMENT_3D ( 'NONE', #6378, #3312, #3207 ) ;
#1769 = ORIENTED_EDGE ( 'NONE', *, *, #9837, .T. ) ;
#1770 = CARTESIAN_POINT ( 'NONE',  ( -21.86105912627042258, 0.000000000000000000, 24.37499999999996092 ) ) ;
#1771 = DIRECTION ( 'NONE',  ( -0.5000000000000002220, 0.000000000000000000, 0.8660254037844384856 ) ) ;
#1772 = ADVANCED_FACE ( 'NONE', ( #7229 ), #4222, .F. ) ;
#1773 = FACE_OUTER_BOUND ( 'NONE', #3146, .T. ) ;
#1774 = CYLINDRICAL_SURFACE ( 'NONE', #9020, 61.96152422706627760 ) ;
#1775 = AXIS2_PLACEMENT_3D ( 'NONE', #1123, #239, #4105 ) ;
#1776 = CARTESIAN_POINT ( 'NONE',  ( 49.99999999999999289, 6.000000000000000000, 50.00000000000000000 ) ) ;
#1777 = EDGE_CURVE ( 'NONE', #3257, #6824, #8944, .T. ) ;
#1778 = VERTEX_POINT ( 'NONE', #3286 ) ;
#1779 = DIRECTION ( 'NONE',  ( 1.000000000000000000, 0.000000000000000000, 0.000000000000000000 ) ) ;
#1780 = CIRCLE ( 'NONE', #10264, 51.96152422706639129 ) ;
#1781 = DIRECTION ( 'NONE',  ( 0.000000000000000000, 1.000000000000000000, 0.000000000000000000 ) ) ;
#1782 = ORIENTED_EDGE ( 'NONE', *, *, #8211, .T. ) ;
#1783 = FACE_OUTER_BOUND ( 'NONE', #3253, .T. ) ;
#1784 = DIRECTION ( 'NONE',  ( 0.000000000000000000, 0.9678453296402135253, 0.2515460552138042982 ) ) ;
#1785 = EDGE_LOOP ( 'NONE', ( #6136, #4513, #3827, #7203, #2099, #7759 ) ) ;
#1786 = EDGE_LOOP ( 'NONE', ( #6787, #4457, #6475, #1020 ) ) ;
#1787 = DIRECTION ( 'NONE',  ( 0.000000000000000000, 0.000000000000000000, 1.000000000000000000 ) ) ;
#1788 = EDGE_LOOP ( 'NONE', ( #8252, #4919, #2776, #5668 ) ) ;
#1789 = PLANE ( 'NONE',  #2642 ) ;
#1790 = EDGE_LOOP ( 'NONE', ( #4988, #5021, #5907, #8016, #728, #2962 ) ) ;
#1791 = EDGE_CURVE ( 'NONE', #10124, #7145, #1870, .T. ) ;
#1792 = EDGE_CURVE ( 'NONE', #8121, #2265, #5882, .T. ) ;
#1793 = VERTEX_POINT ( 'NONE', #9632 ) ;
#1794 = DIRECTION ( 'NONE',  ( 1.000000000000000000, -0.000000000000000000, 0.000000000000000000 ) ) ;
#1795 = LINE ( 'NONE', #4974, #3005 ) ;
#1796 = ADVANCED_FACE ( 'NONE', ( #5831 ), #3392, .T. ) ;
#1797 = DIRECTION ( 'NONE',  ( -0.4999999999999999445, 0.000000000000000000, 0.8660254037844387076 ) ) ;
#1798 = ORIENTED_EDGE ( 'NONE', *, *, #4913, .F. ) ;
#1799 = FACE_OUTER_BOUND ( 'NONE', #1537, .T. ) ;
#1800 = CARTESIAN_POINT ( 'NONE',  ( 22.73316684934176379, 147.4213562373095385, -39.37499999999995737 ) ) ;
#1801 = EDGE_CURVE ( 'NONE', #8871, #5606, #2497, .T. ) ;
#1802 = ORIENTED_EDGE ( 'NONE', *, *, #3127, .F. ) ;
#1803 = CARTESIAN_POINT ( 'NONE',  ( 14.07291281149715978, 0.000000000000000000, -18.12499999999996092 ) ) ;
#1804 = CARTESIAN_POINT ( 'NONE',  ( -50.00000000000000000, 6.000000000000000000, 50.00000000000000000 ) ) ;
#1805 = ORIENTED_EDGE ( 'NONE', *, *, #2647, .F. ) ;
#1806 = VECTOR ( 'NONE', #6210, 1000.000000000000227 ) ;
#1807 = EDGE_CURVE ( 'NONE', #9986, #5693, #4277, .T. ) ;
#1808 = EDGE_LOOP ( 'NONE', ( #7219, #518, #9015, #5295, #692 ) ) ;
#1809 = FACE_OUTER_BOUND ( 'NONE', #6700, .T. ) ;
#1810 = VERTEX_POINT ( 'NONE', #5722 ) ;
#1811 = VECTOR ( 'NONE', #9587, 1000.000000000000000 ) ;
#1812 = CARTESIAN_POINT ( 'NONE',  ( -24.25777877760970824, 147.4213562373095385, -27.01570532158559601 ) ) ;
#1813 = CARTESIAN_POINT ( 'NONE',  ( 49.99999999999997158, 6.000000000000005329, 4.647459621557030296 ) ) ;
#1814 = ORIENTED_EDGE ( 'NONE', *, *, #6867, .T. ) ;
#1815 = VECTOR ( 'NONE', #5051, 1000.000000000000000 ) ;
#1816 = CARTESIAN_POINT ( 'NONE',  ( 49.99999999999997158, 147.4213562373095385, 25.89745962155742021 ) ) ;
#1817 = VECTOR ( 'NONE', #3401, 1000.000000000000000 ) ;
#1818 = LINE ( 'NONE', #6659, #2185 ) ;
#1819 = DIRECTION ( 'NONE',  ( -0.000000000000000000, -1.000000000000000000, -0.000000000000000000 ) ) ;
#1820 = CARTESIAN_POINT ( 'NONE',  ( 118.2462233470211572, 2.249999999998087308, 80.42258665126527717 ) ) ;
#1821 = LINE ( 'NONE', #4999, #5805 ) ;
#1822 = CARTESIAN_POINT ( 'NONE',  ( 41.13620667976131529, 6.000000000000005329, -28.74999999999999289 ) ) ;
#1823 = VECTOR ( 'NONE', #1010, 1000.000000000000227 ) ;
#1824 = EDGE_LOOP ( 'NONE', ( #6814, #9624 ) ) ;
#1825 = LINE ( 'NONE', #7285, #6294 ) ;
#1826 = FACE_OUTER_BOUND ( 'NONE', #3177, .T. ) ;
#1827 = CARTESIAN_POINT ( 'NONE',  ( -48.21495254706555045, 6.000000000000000000, 87.08787447931756276 ) ) ;
#1828 = AXIS2_PLACEMENT_3D ( 'NONE', #9440, #2304, #9291 ) ;
#1829 = DIRECTION ( 'NONE',  ( 0.000000000000000000, 0.000000000000000000, -1.000000000000000000 ) ) ;
#1830 = LINE ( 'NONE', #3453, #1817 ) ;
#1831 = VERTEX_POINT ( 'NONE', #1137 ) ;
#1832 = PERSON_AND_ORGANIZATION ( #8656, #593 ) ;
#1833 = CARTESIAN_POINT ( 'NONE',  ( -22.73316684934153287, 147.4213562373095385, -3.124999999999960920 ) ) ;
#1834 = VERTEX_POINT ( 'NONE', #5775 ) ;
#1835 = AXIS2_PLACEMENT_3D ( 'NONE', #5562, #5360, #3809 ) ;
#1836 = CARTESIAN_POINT ( 'NONE',  ( -65.96487049844922979, 2.249999999999727773, -63.21924975872500596 ) ) ;
#1837 = EDGE_CURVE ( 'NONE', #3923, #1080, #9774, .T. ) ;
#1838 = VERTEX_POINT ( 'NONE', #1765 ) ;
#1839 = ORIENTED_EDGE ( 'NONE', *, *, #5965, .T. ) ;
#1840 = VECTOR ( 'NONE', #443, 1000.000000000000114 ) ;
#1841 = CARTESIAN_POINT ( 'NONE',  ( 4.564377845115513033, 0.000000000000000000, 12.54052506331302119 ) ) ;
#1842 = ORIENTED_EDGE ( 'NONE', *, *, #2631, .F. ) ;
#1843 = DIRECTION ( 'NONE',  ( -0.9396926207859069846, 0.000000000000000000, -0.3420201433256724322 ) ) ;
#1844 = ORIENTED_EDGE ( 'NONE', *, *, #3379, .T. ) ;
#1845 = ADVANCED_FACE ( 'NONE', ( #2708 ), #7439, .T. ) ;
#1846 = EDGE_CURVE ( 'NONE', #7924, #7878, #1821, .T. ) ;
#1847 = CARTESIAN_POINT ( 'NONE',  ( -14.07291281149758966, 6.000000000000005329, -45.62499999999995737 ) ) ;
#1848 = LINE ( 'NONE', #1051, #8746 ) ;
#1849 = DIRECTION ( 'NONE',  ( -0.4999999999999996114, 0.000000000000000000, -0.8660254037844389297 ) ) ;
#1850 = VERTEX_POINT ( 'NONE', #1923 ) ;
#1851 = PLANE ( 'NONE',  #8028 ) ;
#1852 = FACE_OUTER_BOUND ( 'NONE', #3571, .T. ) ;
#1853 = ORIENTED_EDGE ( 'NONE', *, *, #8232, .F. ) ;
#1854 = PLANE ( 'NONE',  #3925 ) ;
#1855 = FACE_BOUND ( 'NONE', #4333, .T. ) ;
#1856 = EDGE_LOOP ( 'NONE', ( #8784, #3872, #5749, #747 ) ) ;
#1857 = ORIENTED_EDGE ( 'NONE', *, *, #6223, .F. ) ;
#1858 = DIRECTION ( 'NONE',  ( -0.000000000000000000, -0.000000000000000000, 1.000000000000000000 ) ) ;
#1859 = ORIENTED_EDGE ( 'NONE', *, *, #3245, .F. ) ;
#1860 = DIRECTION ( 'NONE',  ( -0.3420201433256682688, -1.201296007113938913E-14, -0.9396926207859085389 ) ) ;
#1861 = CIRCLE ( 'NONE', #10016, 3.599999999999993872 ) ;
#1862 = CARTESIAN_POINT ( 'NONE',  ( -87.70925405845105161, -9.486715189943387472, 55.36244354894027708 ) ) ;
#1863 = ORIENTED_EDGE ( 'NONE', *, *, #1291, .T. ) ;
#1864 = EDGE_CURVE ( 'NONE', #2990, #8351, #4948, .T. ) ;
#1865 = CARTESIAN_POINT ( 'NONE',  ( -64.25476978182084054, 2.249999999999781508, 67.91771286265469598 ) ) ;
#1866 = CARTESIAN_POINT ( 'NONE',  ( 78.10322981758433514, 16.37948907741693105, 80.93317415930816594 ) ) ;
#1867 = EDGE_CURVE ( 'NONE', #2182, #2569, #1485, .T. ) ;
#1868 = CARTESIAN_POINT ( 'NONE',  ( 28.14582562299473878, 147.4213562373095385, 21.24999999999999289 ) ) ;
#1869 = LINE ( 'NONE', #9890, #6878 ) ;
#1870 = LINE ( 'NONE', #2657, #10269 ) ;
#1871 = AXIS2_PLACEMENT_3D ( 'NONE', #4338, #3765, #6102 ) ;
#1872 = CARTESIAN_POINT ( 'NONE',  ( 3.673940397442059967E-15, 0.000000000000000000, 30.00000000000000000 ) ) ;
#1873 = ORIENTED_EDGE ( 'NONE', *, *, #3739, .T. ) ;
#1874 = LINE ( 'NONE', #413, #9795 ) ;
#1875 = CARTESIAN_POINT ( 'NONE',  ( -82.83999675952468067, 17.25855025242422158, 48.97164729660255489 ) ) ;
#1876 = AXIS2_PLACEMENT_3D ( 'NONE', #6243, #10307, #7857 ) ;
#1877 = VECTOR ( 'NONE', #7843, 1000.000000000000000 ) ;
#1878 = EDGE_CURVE ( 'NONE', #110, #7519, #3321, .T. ) ;
#1879 = DIRECTION ( 'NONE',  ( 0.000000000000000000, -1.000000000000000000, 0.000000000000000000 ) ) ;
#1880 = CARTESIAN_POINT ( 'NONE',  ( 32.47595264191692621, 0.000000000000000000, 50.00000000000000000 ) ) ;
#1881 = DIRECTION ( 'NONE',  ( 0.8660254037844390407, -0.000000000000000000, 0.4999999999999993894 ) ) ;
#1882 = VECTOR ( 'NONE', #4283, 1000.000000000000000 ) ;
#1883 = VERTEX_POINT ( 'NONE', #4330 ) ;
#1884 = PERSON_AND_ORGANIZATION ( #8656, #593 ) ;
#1885 = AXIS2_PLACEMENT_3D ( 'NONE', #5386, #3094, #4565 ) ;
#1886 = DIRECTION ( 'NONE',  ( -0.000000000000000000, -1.000000000000000000, -0.000000000000000000 ) ) ;
#1887 = ORIENTED_EDGE ( 'NONE', *, *, #3965, .T. ) ;
#1888 = DIRECTION ( 'NONE',  ( -0.5000000000000000000, 0.000000000000000000, -0.8660254037844385966 ) ) ;
#1889 = VECTOR ( 'NONE', #5986, 1000.000000000000000 ) ;
#1890 = VERTEX_POINT ( 'NONE', #1976 ) ;
#1891 = VECTOR ( 'NONE', #2901, 1000.000000000000000 ) ;
#1892 = DIRECTION ( 'NONE',  ( 0.8660254037844391517, -0.000000000000000000, 0.4999999999999990563 ) ) ;
#1893 = ORIENTED_EDGE ( 'NONE', *, *, #710, .T. ) ;
#1894 = CARTESIAN_POINT ( 'NONE',  ( -41.13620667976131529, 147.4213562373095385, -34.99999999999999289 ) ) ;
#1895 = EDGE_LOOP ( 'NONE', ( #3438, #6494, #480, #2907 ) ) ;
#1896 = DIRECTION ( 'NONE',  ( -1.000000000000000000, 0.000000000000000000, 1.001543065824772975E-16 ) ) ;
#1897 = ORIENTED_EDGE ( 'NONE', *, *, #3210, .T. ) ;
#1898 = DIRECTION ( 'NONE',  ( 0.000000000000000000, 1.000000000000000000, 0.000000000000000000 ) ) ;
#1899 = CARTESIAN_POINT ( 'NONE',  ( 22.34942529805128331, 0.000000000000000000, 61.40454134417992549 ) ) ;
#1900 = VECTOR ( 'NONE', #6851, 1000.000000000000000 ) ;
#1901 = ORIENTED_EDGE ( 'NONE', *, *, #4347, .T. ) ;
#1902 = CARTESIAN_POINT ( 'NONE',  ( 63.00726380300934437, 41.51624119651383182, -37.13459130373446726 ) ) ;
#1903 = DIRECTION ( 'NONE',  ( -0.5000000000000016653, 0.000000000000000000, -0.8660254037844377084 ) ) ;
#1904 = ORIENTED_EDGE ( 'NONE', *, *, #395, .T. ) ;
#1905 = CARTESIAN_POINT ( 'NONE',  ( -4.330127018922332205, 6.000000000000000000, -50.00000000000000000 ) ) ;
#1906 = DIRECTION ( 'NONE',  ( 1.000000000000000000, 0.000000000000000000, 0.000000000000000000 ) ) ;
#1907 = EDGE_LOOP ( 'NONE', ( #2475, #7850, #10174, #9441 ) ) ;
#1908 = EDGE_CURVE ( 'NONE', #3347, #9443, #9891, .T. ) ;
#1909 = EDGE_LOOP ( 'NONE', ( #5282, #2677, #3018, #1472 ) ) ;
#1911 = DIRECTION ( 'NONE',  ( 6.938893903907228378E-17, 0.000000000000000000, -1.000000000000000000 ) ) ;
#1910 = VECTOR ( 'NONE', #4240, 1000.000000000000114 ) ;
#1912 = ORIENTED_EDGE ( 'NONE', *, *, #6886, .F. ) ;
#1913 = FACE_OUTER_BOUND ( 'NONE', #6032, .T. ) ;
#1914 = DIRECTION ( 'NONE',  ( -0.000000000000000000, -1.000000000000000000, -0.000000000000000000 ) ) ;
#1915 = ORIENTED_EDGE ( 'NONE', *, *, #2398, .T. ) ;
#1916 = CARTESIAN_POINT ( 'NONE',  ( 48.34702753535132302, 6.000000000000000000, 51.07614877529381658 ) ) ;
#1917 = VECTOR ( 'NONE', #4116, 1000.000000000000227 ) ;
#1918 = DIRECTION ( 'NONE',  ( 1.000000000000000000, 0.000000000000000000, 0.000000000000000000 ) ) ;
#1919 = CARTESIAN_POINT ( 'NONE',  ( 70.46463223241228491, 12.75833024919765535, 90.56783441562363635 ) ) ;
#1920 = AXIS2_PLACEMENT_3D ( 'NONE', #1718, #9689, #4122 ) ;
#1921 = DIRECTION ( 'NONE',  ( -1.000000000000000000, 0.000000000000000000, -0.000000000000000000 ) ) ;
#1922 = CARTESIAN_POINT ( 'NONE',  ( -10.17883965411060920, 147.4213562373095385, -31.11973255698393004 ) ) ;
#1923 = CARTESIAN_POINT ( 'NONE',  ( -46.54886545341405935, 0.000000000000000000, -10.62499999999999822 ) ) ;
#1924 = DIRECTION ( 'NONE',  ( 0.5000000000000001110, 0.000000000000000000, -0.8660254037844385966 ) ) ;
#1925 = VERTEX_POINT ( 'NONE', #363 ) ;
#1926 = CARTESIAN_POINT ( 'NONE',  ( 49.99999999999999289, 0.000000000000000000, 16.60254037844299901 ) ) ;
#1927 = EDGE_CURVE ( 'NONE', #299, #7644, #8300, .T. ) ;
#1928 = LOCAL_TIME ( 15, 19, 45.00000000000000000, #992 ) ;
#1929 = LINE ( 'NONE', #5109, #3921 ) ;
#1930 = EDGE_CURVE ( 'NONE', #1689, #7652, #3825, .T. ) ;
#1931 = EDGE_CURVE ( 'NONE', #8369, #1838, #3981, .T. ) ;
#1932 = AXIS2_PLACEMENT_3D ( 'NONE', #9379, #7766, #6302 ) ;
#1933 = CARTESIAN_POINT ( 'NONE',  ( 3.673940397442059967E-15, 0.000000000000000000, 30.00000000000000000 ) ) ;
#1934 = EDGE_CURVE ( 'NONE', #1962, #9216, #1200, .T. ) ;
#1935 = CARTESIAN_POINT ( 'NONE',  ( -25.98076211353308906, 147.4213562373095385, -15.00000000000011546 ) ) ;
#1936 = CIRCLE ( 'NONE', #9088, 6.999999999999941380 ) ;
#1937 = DIRECTION ( 'NONE',  ( 0.4999999999999993339, 0.000000000000000000, -0.8660254037844389297 ) ) ;
#1938 = ORIENTED_EDGE ( 'NONE', *, *, #9842, .F. ) ;
#1939 = ADVANCED_FACE ( 'NONE', ( #8968 ), #5945, .F. ) ;
#1940 = CARTESIAN_POINT ( 'NONE',  ( -46.54886545341427961, 0.000000000000000000, 31.87499999999998579 ) ) ;
#1941 = EDGE_LOOP ( 'NONE', ( #7800, #3275, #5493, #4433, #8433, #2936, #5659, #4212, #8391, #2490 ) ) ;
#1942 = DIRECTION ( 'NONE',  ( 0.5000000000000001110, 0.000000000000000000, -0.8660254037844387076 ) ) ;
#1943 = AXIS2_PLACEMENT_3D ( 'NONE', #8680, #84, #1496 ) ;
#1944 = ORIENTED_EDGE ( 'NONE', *, *, #6223, .T. ) ;
#1945 = LINE ( 'NONE', #9808, #1624 ) ;
#1946 = ORIENTED_EDGE ( 'NONE', *, *, #2474, .F. ) ;
#1947 = PLANE ( 'NONE',  #5303 ) ;
#1948 = ORIENTED_EDGE ( 'NONE', *, *, #4218, .F. ) ;
#1949 = ADVANCED_FACE ( 'NONE', ( #9903 ), #6720, .F. ) ;
#1950 = CARTESIAN_POINT ( 'NONE',  ( -41.13620667976131529, 6.000000000000005329, 28.74999999999999289 ) ) ;
#1951 = ORIENTED_EDGE ( 'NONE', *, *, #1552, .T. ) ;
#1952 = CARTESIAN_POINT ( 'NONE',  ( -75.63265198522377375, -12.82481192892386623, 71.63791974095212822 ) ) ;
#1953 = DIRECTION ( 'NONE',  ( -0.000000000000000000, -1.000000000000000000, -0.000000000000000000 ) ) ;
#1954 = ORIENTED_EDGE ( 'NONE', *, *, #5424, .F. ) ;
#1955 = EDGE_CURVE ( 'NONE', #6207, #2174, #7505, .T. ) ;
#1956 = EDGE_CURVE ( 'NONE', #6427, #7965, #7397, .T. ) ;
#1957 = DIRECTION ( 'NONE',  ( -0.9396926207859069846, 0.000000000000000000, -0.3420201433256724322 ) ) ;
#1958 = LINE ( 'NONE', #8411, #9380 ) ;
#1959 = ORIENTED_EDGE ( 'NONE', *, *, #1908, .T. ) ;
#1960 = CARTESIAN_POINT ( 'NONE',  ( -14.07291281149736051, 6.000000000000005329, -39.37499999999995737 ) ) ;
#1961 = CARTESIAN_POINT ( 'NONE',  ( 46.54886545341405935, 6.000000000000005329, -10.62499999999999822 ) ) ;
#1962 = VERTEX_POINT ( 'NONE', #8913 ) ;
#1963 = CIRCLE ( 'NONE', #6446, 51.96152422706634866 ) ;
#1964 = VERTEX_POINT ( 'NONE', #6564 ) ;
#1965 = LINE ( 'NONE', #9158, #2404 ) ;
#1966 = ORIENTED_EDGE ( 'NONE', *, *, #6439, .F. ) ;
#1967 = CARTESIAN_POINT ( 'NONE',  ( -79.87143568757761614, 17.25855025242404039, -57.12770181004840708 ) ) ;
#1968 = CARTESIAN_POINT ( 'NONE',  ( -116.4151785639850942, 1.124999999998077316, 81.08903244989882353 ) ) ;
#1969 = ORIENTED_EDGE ( 'NONE', *, *, #289, .F. ) ;
#1970 = ADVANCED_FACE ( 'NONE', ( #9127 ), #1099, .F. ) ;
#1971 = CARTESIAN_POINT ( 'NONE',  ( -19.59551925823888396, 147.4213562373095385, -18.12499999999996092 ) ) ;
#1972 = CYLINDRICAL_SURFACE ( 'NONE', #2881, 3.600000000000008971 ) ;
#1973 = CARTESIAN_POINT ( 'NONE',  ( -32.47595264191693332, 147.4213562373095385, -28.74999999999999289 ) ) ;
#1974 = DIRECTION ( 'NONE',  ( 0.5000000000000001110, 0.000000000000000000, -0.8660254037844385966 ) ) ;
#1975 = CYLINDRICAL_SURFACE ( 'NONE', #4391, 51.96152422706621365 ) ;
#1976 = CARTESIAN_POINT ( 'NONE',  ( 4.330127018922120818, 6.000000000000005329, 13.74999999999999822 ) ) ;
#1977 = VECTOR ( 'NONE', #8672, 1000.000000000000000 ) ;
#1978 = CARTESIAN_POINT ( 'NONE',  ( -67.13948627443161854, 2.249999999999727773, 63.64677493788209262 ) ) ;
#1979 = EDGE_LOOP ( 'NONE', ( #584, #4416, #373 ) ) ;
#1980 = DIRECTION ( 'NONE',  ( -0.8137976813493688066, 0.4999999999999977796, -0.2961981327260409524 ) ) ;
#1981 = DIRECTION ( 'NONE',  ( 0.000000000000000000, 0.000000000000000000, -1.000000000000000000 ) ) ;
#1982 = VECTOR ( 'NONE', #7832, 999.9999999999998863 ) ;
#1983 = CARTESIAN_POINT ( 'NONE',  ( -66.36907817858912040, 2.249999999999781508, -68.68725818513740933 ) ) ;
#1984 = CARTESIAN_POINT ( 'NONE',  ( -50.00000000000000000, 6.000000000000000000, -50.00000000000000000 ) ) ;
#1985 = DIRECTION ( 'NONE',  ( 0.8789733129752196339, 0.4768709627114723348, 0.000000000000000000 ) ) ;
#1986 = CARTESIAN_POINT ( 'NONE',  ( -25.25907427704662211, 0.000000000000000000, -50.00000000000000000 ) ) ;
#1987 = VECTOR ( 'NONE', #3748, 1000.000000000000000 ) ;
#1988 = EDGE_CURVE ( 'NONE', #1579, #3774, #5008, .T. ) ;
#1989 = ORIENTED_EDGE ( 'NONE', *, *, #2038, .F. ) ;
#1990 = AXIS2_PLACEMENT_3D ( 'NONE', #266, #1881, #1937 ) ;
#1991 = DIRECTION ( 'NONE',  ( 1.000000000000000000, 0.000000000000000000, -0.000000000000000000 ) ) ;
#1992 = EDGE_LOOP ( 'NONE', ( #8631, #7152, #8409, #2575 ) ) ;
#1993 = ADVANCED_FACE ( 'NONE', ( #9021 ), #4388, .T. ) ;
#1994 = FACE_OUTER_BOUND ( 'NONE', #7412, .T. ) ;
#1995 = AXIS2_PLACEMENT_3D ( 'NONE', #1422, #4610, #7772 ) ;
#1996 = VERTEX_POINT ( 'NONE', #5113 ) ;
#1997 = DIRECTION ( 'NONE',  ( -0.8789733129752195229, 0.4768709627114725014, 0.000000000000000000 ) ) ;
#1998 = ADVANCED_FACE ( 'NONE', ( #4181 ), #318, .T. ) ;
#1999 = ORIENTED_EDGE ( 'NONE', *, *, #1807, .F. ) ;
#2000 = PLANE ( 'NONE',  #7625 ) ;
#2001 = ORIENTED_EDGE ( 'NONE', *, *, #3260, .F. ) ;
#2002 = AXIS2_PLACEMENT_3D ( 'NONE', #1451, #9470, #9006 ) ;
#2003 = CARTESIAN_POINT ( 'NONE',  ( -46.54886545341405935, 6.000000000000005329, 10.62499999999999822 ) ) ;
#2004 = ORIENTED_EDGE ( 'NONE', *, *, #276, .F. ) ;
#2005 = ADVANCED_FACE ( 'NONE', ( #4234 ), #4955, .F. ) ;
#2006 = CARTESIAN_POINT ( 'NONE',  ( -46.54886545341427961, 147.4213562373095385, 31.87499999999998579 ) ) ;
#2007 = LINE ( 'NONE', #8254, #708 ) ;
#2008 = ORIENTED_EDGE ( 'NONE', *, *, #4088, .F. ) ;
#2009 = EDGE_CURVE ( 'NONE', #7881, #7371, #1655, .T. ) ;
#2010 = DIRECTION ( 'NONE',  ( -0.8660254037844387076, 0.000000000000000000, 0.5000000000000001110 ) ) ;
#2011 = CARTESIAN_POINT ( 'NONE',  ( 2.053814751473915567, 147.4213562373095385, 28.74999999999999645 ) ) ;
#2012 = VERTEX_POINT ( 'NONE', #212 ) ;
#2013 = CARTESIAN_POINT ( 'NONE',  ( 25.25907427704662567, 147.4213562373095385, 50.00000000000000000 ) ) ;
#2014 = LINE ( 'NONE', #501, #2611 ) ;
#2015 = ORIENTED_EDGE ( 'NONE', *, *, #435, .F. ) ;
#2016 = EDGE_LOOP ( 'NONE', ( #1303, #10273, #5586, #9762, #6744, #7465, #895 ) ) ;
#2017 = PLANE ( 'NONE',  #9552 ) ;
#2018 = ORIENTED_EDGE ( 'NONE', *, *, #7943, .F. ) ;
#2019 = DIRECTION ( 'NONE',  ( 0.000000000000000000, 0.000000000000000000, -1.000000000000000000 ) ) ;
#2020 = CARTESIAN_POINT ( 'NONE',  ( -30.40590262964586188, 4.500000000000003553, 66.00000000000000000 ) ) ;
#2021 = ORIENTED_EDGE ( 'NONE', *, *, #5181, .F. ) ;
#2022 = CARTESIAN_POINT ( 'NONE',  ( 25.98076211353308551, 0.000000000000000000, -15.00000000000013323 ) ) ;
#2023 = CARTESIAN_POINT ( 'NONE',  ( -28.14582562299473878, 147.4213562373095385, 42.49999999999998579 ) ) ;
#2024 = CYLINDRICAL_SURFACE ( 'NONE', #8000, 1.249999999999995559 ) ;
#2025 = CARTESIAN_POINT ( 'NONE',  ( -71.75583453782208210, 8.999999999999966249, 67.98743272795280745 ) ) ;
#2026 = LINE ( 'NONE', #6812, #3053 ) ;
#2027 = DIRECTION ( 'NONE',  ( -0.8660254037844387076, 0.000000000000000000, -0.5000000000000001110 ) ) ;
#2028 = ORIENTED_EDGE ( 'NONE', *, *, #4015, .F. ) ;
#2029 = VECTOR ( 'NONE', #3802, 1000.000000000000000 ) ;
#2030 = CARTESIAN_POINT ( 'NONE',  ( 65.20420041006185841, 5.499999999999707789, 68.26327735083503967 ) ) ;
#2031 = DIRECTION ( 'NONE',  ( -0.5000000000000000000, 0.000000000000000000, -0.8660254037844385966 ) ) ;
#2032 = CARTESIAN_POINT ( 'NONE',  ( 48.34702753535132302, 6.000000000000000000, 48.32614877529382369 ) ) ;
#2033 = EDGE_LOOP ( 'NONE', ( #8130, #6968, #6850, #3619 ) ) ;
#2034 = CYLINDRICAL_SURFACE ( 'NONE', #6521, 3.599999999999993872 ) ;
#2035 = DIRECTION ( 'NONE',  ( -0.000000000000000000, -1.000000000000000000, -0.000000000000000000 ) ) ;
#2036 = DIRECTION ( 'NONE',  ( -0.8137976813493688066, -0.4999999999999977796, 0.2961981327260408414 ) ) ;
#2037 = ORIENTED_EDGE ( 'NONE', *, *, #644, .F. ) ;
#2038 = EDGE_CURVE ( 'NONE', #9466, #5346, #1830, .T. ) ;
#2039 = VECTOR ( 'NONE', #2335, 1000.000000000000000 ) ;
#2040 = CARTESIAN_POINT ( 'NONE',  ( 49.99999999999997158, 6.000000000000005329, 16.60254037844294928 ) ) ;
#2041 = ORIENTED_EDGE ( 'NONE', *, *, #1590, .T. ) ;
#2042 = CARTESIAN_POINT ( 'NONE',  ( -23.87132298306550382, 6.000000000000005329, -16.15365574944390303 ) ) ;
#2043 = VECTOR ( 'NONE', #5910, 1000.000000000000114 ) ;
#2044 = VERTEX_POINT ( 'NONE', #8182 ) ;
#2045 = AXIS2_PLACEMENT_3D ( 'NONE', #4100, #5028, #2476 ) ;
#2046 = DIRECTION ( 'NONE',  ( 0.4698463103929531592, 0.8660254037844399289, 0.1710100716628304984 ) ) ;
#2047 = EDGE_CURVE ( 'NONE', #3533, #3407, #1046, .T. ) ;
#2048 = VERTEX_POINT ( 'NONE', #9798 ) ;
#2049 = CARTESIAN_POINT ( 'NONE',  ( 49.99999999999997158, 147.4213562373095385, 4.647459621557030296 ) ) ;
#2050 = ORIENTED_EDGE ( 'NONE', *, *, #8035, .F. ) ;
#2051 = PLANE ( 'NONE',  #6476 ) ;
#2052 = EDGE_LOOP ( 'NONE', ( #9510, #8589, #4734, #5299, #2344, #1231 ) ) ;
#2053 = ADVANCED_FACE ( 'NONE', ( #2666 ), #5840, .F. ) ;
#2054 = VECTOR ( 'NONE', #6345, 1000.000000000000000 ) ;
#2055 = CARTESIAN_POINT ( 'NONE',  ( 46.54886545341405935, 6.000000000000005329, 10.62499999999999822 ) ) ;
#2056 = DIRECTION ( 'NONE',  ( -0.000000000000000000, -1.000000000000000000, -0.000000000000000000 ) ) ;
#2057 = ORIENTED_EDGE ( 'NONE', *, *, #5217, .T. ) ;
#2058 = CARTESIAN_POINT ( 'NONE',  ( 50.00000000000000000, 0.000000000000000000, -4.647459621556972564 ) ) ;
#2059 = EDGE_CURVE ( 'NONE', #3116, #7994, #8972, .T. ) ;
#2060 = CARTESIAN_POINT ( 'NONE',  ( -22.73316684934198051, 147.4213562373095385, -45.62499999999995737 ) ) ;
#2061 = ORIENTED_EDGE ( 'NONE', *, *, #4551, .F. ) ;
#2062 = CARTESIAN_POINT ( 'NONE',  ( 28.14582562299473878, 6.000000000000005329, -42.49999999999998579 ) ) ;
#2063 = LINE ( 'NONE', #9930, #4110 ) ;
#2064 = ORIENTED_EDGE ( 'NONE', *, *, #282, .T. ) ;
#2065 = EDGE_CURVE ( 'NONE', #2957, #7002, #9376, .T. ) ;
#2066 = ORIENTED_EDGE ( 'NONE', *, *, #4140, .F. ) ;
#2067 = DIRECTION ( 'NONE',  ( 1.000000000000000000, 0.000000000000000000, 0.000000000000000000 ) ) ;
#2068 = ORIENTED_EDGE ( 'NONE', *, *, #966, .F. ) ;
#2069 = DIRECTION ( 'NONE',  ( 0.8660254037844387076, 0.000000000000000000, -0.5000000000000001110 ) ) ;
#2070 = CARTESIAN_POINT ( 'NONE',  ( 67.79591528148533541, 3.374999999999735323, 63.88569555735850969 ) ) ;
#2071 = VERTEX_POINT ( 'NONE', #6925 ) ;
#2072 = LINE ( 'NONE', #5148, #6457 ) ;
#2073 = CARTESIAN_POINT ( 'NONE',  ( 32.47595264191693332, 6.000000000000005329, 34.99999999999999289 ) ) ;
#2074 = DIRECTION ( 'NONE',  ( 0.000000000000000000, 0.000000000000000000, -1.000000000000000000 ) ) ;
#2075 = DIRECTION ( 'NONE',  ( -0.09485932030787468106, -0.9607689228305207330, -0.2606238405706753913 ) ) ;
#2076 = CARTESIAN_POINT ( 'NONE',  ( -92.34245936985364267, -5.728164937519056643, -61.66678322122567835 ) ) ;
#2077 = VECTOR ( 'NONE', #4735, 1000.000000000000000 ) ;
#2078 = ORIENTED_EDGE ( 'NONE', *, *, #4285, .T. ) ;
#2079 = LINE ( 'NONE', #5885, #3974 ) ;
#2080 = FACE_OUTER_BOUND ( 'NONE', #10210, .T. ) ;
#2081 = AXIS2_PLACEMENT_3D ( 'NONE', #6450, #2442, #8898 ) ;
#2082 = DIRECTION ( 'NONE',  ( -0.8660254037844387076, 0.000000000000000000, 0.5000000000000001110 ) ) ;
#2083 = ORIENTED_EDGE ( 'NONE', *, *, #719, .T. ) ;
#2084 = AXIS2_PLACEMENT_3D ( 'NONE', #4186, #1053, #1728 ) ;
#2085 = LINE ( 'NONE', #6101, #3871 ) ;
#2086 = PLANE ( 'NONE',  #540 ) ;
#2087 = EDGE_CURVE ( 'NONE', #2627, #1056, #4541, .T. ) ;
#2088 = EDGE_CURVE ( 'NONE', #8993, #1500, #525, .T. ) ;
#2089 = CARTESIAN_POINT ( 'NONE',  ( -45.46633369868351338, 0.000000000000000000, 42.49999999999998579 ) ) ;
#2090 = ORIENTED_EDGE ( 'NONE', *, *, #7084, .F. ) ;
#2091 = AXIS2_PLACEMENT_3D ( 'NONE', #8156, #7317, #1017 ) ;
#2092 = VECTOR ( 'NONE', #5624, 1000.000000000000114 ) ;
#2093 = CARTESIAN_POINT ( 'NONE',  ( 10.17883965411065184, 0.000000000000000000, -31.11973255698393359 ) ) ;
#2094 = LINE ( 'NONE', #8447, #5575 ) ;
#2095 = AXIS2_PLACEMENT_3D ( 'NONE', #7571, #5856, #2735 ) ;
#2096 = EDGE_CURVE ( 'NONE', #10249, #2174, #2236, .T. ) ;
#2097 = ORIENTED_EDGE ( 'NONE', *, *, #5696, .T. ) ;
#2098 = LINE ( 'NONE', #8797, #123 ) ;
#2099 = ORIENTED_EDGE ( 'NONE', *, *, #10091, .F. ) ;
#2100 = CARTESIAN_POINT ( 'NONE',  ( 66.05925076837593224, 5.499999999999680256, -65.91404579887058901 ) ) ;
#2101 = EDGE_LOOP ( 'NONE', ( #4516, #9523, #2635, #9773 ) ) ;
#2102 = AXIS2_PLACEMENT_3D ( 'NONE', #10262, #6349, #7917 ) ;
#2103 = EDGE_LOOP ( 'NONE', ( #5218, #2729, #816, #1204, #1115, #10292, #3668, #4056 ) ) ;
#2104 = CARTESIAN_POINT ( 'NONE',  ( -48.34702753535164277, 0.000000000000000000, -48.32614877529346842 ) ) ;
#2105 = VERTEX_POINT ( 'NONE', #578 ) ;
#2106 = PLANE ( 'NONE',  #2543 ) ;
#2107 = EDGE_LOOP ( 'NONE', ( #2673, #3635, #8666, #2517, #6138, #4299 ) ) ;
#2108 = CARTESIAN_POINT ( 'NONE',  ( 66.00000000000132161, 0.000000000000000000, -38.22385819845064958 ) ) ;
#2109 = CARTESIAN_POINT ( 'NONE',  ( 32.03989878038110817, 147.4213562373095385, 6.744732556983358940 ) ) ;
#2110 = EDGE_LOOP ( 'NONE', ( #8340, #6546, #8675, #9477 ) ) ;
#2111 = EDGE_CURVE ( 'NONE', #6477, #5476, #10009, .T. ) ;
#2112 = FACE_BOUND ( 'NONE', #6010, .T. ) ;
#2113 = ORIENTED_EDGE ( 'NONE', *, *, #1320, .F. ) ;
#2114 = ADVANCED_FACE ( 'NONE', ( #10113, #8443, #3716, #8592 ), #6875, .T. ) ;
#2115 = ORIENTED_EDGE ( 'NONE', *, *, #3169, .F. ) ;
#2116 = PLANE ( 'NONE',  #2243 ) ;
#2117 = VERTEX_POINT ( 'NONE', #3666 ) ;
#2118 = ADVANCED_FACE ( 'NONE', ( #3027 ), #6972, .T. ) ;
#2119 = CARTESIAN_POINT ( 'NONE',  ( 25.98076211353308551, 0.000000000000000000, -15.00000000000013323 ) ) ;
#2120 = DIRECTION ( 'NONE',  ( 0.5000000000000000000, 0.000000000000000000, -0.8660254037844385966 ) ) ;
#2121 = ORIENTED_EDGE ( 'NONE', *, *, #10080, .T. ) ;
#2122 = DIRECTION ( 'NONE',  ( -0.000000000000000000, -1.000000000000000000, -0.000000000000000000 ) ) ;
#2123 = DIRECTION ( 'NONE',  ( 0.5000000000000000000, 0.000000000000000000, 0.8660254037844385966 ) ) ;
#2124 = VECTOR ( 'NONE', #3336, 1000.000000000000000 ) ;
#2125 = DIRECTION ( 'NONE',  ( -0.000000000000000000, -1.000000000000000000, -0.000000000000000000 ) ) ;
#2126 = EDGE_CURVE ( 'NONE', #7091, #2957, #2876, .T. ) ;
#2127 = CARTESIAN_POINT ( 'NONE',  ( 14.07291281149758966, 6.000000000000005329, 45.62499999999995737 ) ) ;
#2128 = DIRECTION ( 'NONE',  ( -0.000000000000000000, -1.000000000000000000, -0.000000000000000000 ) ) ;
#2129 = VERTEX_POINT ( 'NONE', #2089 ) ;
#2130 = LINE ( 'NONE', #3019, #5067 ) ;
#2131 = ADVANCED_FACE ( 'NONE', ( #5321 ), #6157, .T. ) ;
#2132 = CARTESIAN_POINT ( 'NONE',  ( -9.742785792575173076, 147.4213562373095385, -31.87499999999996447 ) ) ;
#2133 = VECTOR ( 'NONE', #3906, 1000.000000000000114 ) ;
#2134 = FACE_OUTER_BOUND ( 'NONE', #8270, .T. ) ;
#2135 = ORIENTED_EDGE ( 'NONE', *, *, #1690, .T. ) ;
#2136 = EDGE_CURVE ( 'NONE', #2211, #8658, #6106, .T. ) ;
#2137 = CARTESIAN_POINT ( 'NONE',  ( 8.660254037844314468, 0.000000000000000000, 21.25000000000000000 ) ) ;
#2138 = CARTESIAN_POINT ( 'NONE',  ( -35.72484103454691251, 147.4213562373095385, -20.62574658805229433 ) ) ;
#2139 = AXIS2_PLACEMENT_3D ( 'NONE', #76, #7997, #4047 ) ;
#2140 = EDGE_CURVE ( 'NONE', #7835, #2906, #7811, .T. ) ;
#2141 = DIRECTION ( 'NONE',  ( -0.000000000000000000, -1.000000000000000000, -0.000000000000000000 ) ) ;
#2142 = VERTEX_POINT ( 'NONE', #6050 ) ;
#2143 = VECTOR ( 'NONE', #7083, 1000.000000000000227 ) ;
#2144 = CYLINDRICAL_SURFACE ( 'NONE', #4098, 2.750000000000002665 ) ;
#2145 = CARTESIAN_POINT ( 'NONE',  ( 32.47595264191693332, 6.000000000000005329, 13.74999999999999467 ) ) ;
#2146 = AXIS2_PLACEMENT_3D ( 'NONE', #8801, #7231, #4848 ) ;
#2147 = AXIS2_PLACEMENT_3D ( 'NONE', #6655, #354, #2748 ) ;
#2148 = VECTOR ( 'NONE', #4331, 1000.000000000000000 ) ;
#2149 = ORIENTED_EDGE ( 'NONE', *, *, #3262, .F. ) ;
#2150 = AXIS2_PLACEMENT_3D ( 'NONE', #8066, #931, #4118 ) ;
#2151 = DIRECTION ( 'NONE',  ( -1.000000000000000000, 0.000000000000000000, 0.000000000000000000 ) ) ;
#2152 = VERTEX_POINT ( 'NONE', #1357 ) ;
#2153 = DIRECTION ( 'NONE',  ( 0.9396926207859013225, 0.000000000000000000, 0.3420201433256878643 ) ) ;
#2154 = ORIENTED_EDGE ( 'NONE', *, *, #10158, .F. ) ;
#2155 = VECTOR ( 'NONE', #177, 1000.000000000000000 ) ;
#2156 = ORIENTED_EDGE ( 'NONE', *, *, #1165, .F. ) ;
#2157 = CARTESIAN_POINT ( 'NONE',  ( -71.75583453782208210, 8.999999999999966249, -67.98743272795280745 ) ) ;
#2158 = ORIENTED_EDGE ( 'NONE', *, *, #1397, .F. ) ;
#2159 = CARTESIAN_POINT ( 'NONE',  ( -45.46633369868351338, 0.000000000000000000, -4.592625337882893652E-17 ) ) ;
#2160 = ORIENTED_EDGE ( 'NONE', *, *, #789, .T. ) ;
#2161 = CARTESIAN_POINT ( 'NONE',  ( -45.46633369868351338, 147.4213562373095385, -42.49999999999998579 ) ) ;
#2162 = VECTOR ( 'NONE', #3190, 1000.000000000000000 ) ;
#2163 = CARTESIAN_POINT ( 'NONE',  ( 1.387778780781445676E-14, 0.000000000000000000, 41.25149317610432576 ) ) ;
#2164 = ORIENTED_EDGE ( 'NONE', *, *, #9636, .T. ) ;
#2165 = EDGE_CURVE ( 'NONE', #701, #493, #9331, .T. ) ;
#2166 = DIRECTION ( 'NONE',  ( 0.000000000000000000, -1.000000000000000000, 0.000000000000000000 ) ) ;
#2167 = ORIENTED_EDGE ( 'NONE', *, *, #9650, .F. ) ;
#2168 = EDGE_CURVE ( 'NONE', #2446, #2071, #6000, .T. ) ;
#2169 = ORIENTED_EDGE ( 'NONE', *, *, #4985, .F. ) ;
#2170 = ORIENTED_EDGE ( 'NONE', *, *, #5305, .F. ) ;
#2171 = AXIS2_PLACEMENT_3D ( 'NONE', #1027, #5041, #9575 ) ;
#2172 = CARTESIAN_POINT ( 'NONE',  ( -60.22634868466263214, 11.78326453423800935, 83.37431452178670099 ) ) ;
#2173 = CYLINDRICAL_SURFACE ( 'NONE', #7496, 51.96152422706639129 ) ;
#2174 = VERTEX_POINT ( 'NONE', #5216 ) ;
#2175 = DIRECTION ( 'NONE',  ( 0.4698463103929531592, 0.8660254037844399289, -0.1710100716628304984 ) ) ;
#2176 = ORIENTED_EDGE ( 'NONE', *, *, #5124, .T. ) ;
#2177 = DIRECTION ( 'NONE',  ( -1.000000000000000000, 0.000000000000000000, -0.000000000000000000 ) ) ;
#2178 = DIRECTION ( 'NONE',  ( 0.000000000000000000, 0.000000000000000000, -1.000000000000000000 ) ) ;
#2179 = DIRECTION ( 'NONE',  ( 0.4698463103929532703, 0.8660254037844400399, 0.1710100716628305539 ) ) ;
#2180 = LINE ( 'NONE', #6094, #10050 ) ;
#2181 = EDGE_CURVE ( 'NONE', #5865, #7740, #8390, .T. ) ;
#2182 = VERTEX_POINT ( 'NONE', #475 ) ;
#2183 = CARTESIAN_POINT ( 'NONE',  ( 81.78546517605026622, -9.486715189943588200, -71.63791974095212822 ) ) ;
#2184 = DIRECTION ( 'NONE',  ( 0.000000000000000000, 0.000000000000000000, 1.000000000000000000 ) ) ;
#2185 = VECTOR ( 'NONE', #8169, 1000.000000000000000 ) ;
#2186 = DIRECTION ( 'NONE',  ( -0.8660254037844361541, 0.000000000000000000, -0.5000000000000045519 ) ) ;
#2187 = ORIENTED_EDGE ( 'NONE', *, *, #10302, .F. ) ;
#2188 = EDGE_CURVE ( 'NONE', #4504, #7091, #9229, .T. ) ;
#2189 = LINE ( 'NONE', #2926, #2878 ) ;
#2190 = DIRECTION ( 'NONE',  ( -0.000000000000000000, -1.000000000000000000, -0.000000000000000000 ) ) ;
#2191 = CARTESIAN_POINT ( 'NONE',  ( -75.23823037617501086, 13.49999999999971045, 50.82336213776300582 ) ) ;
#2192 = ORIENTED_EDGE ( 'NONE', *, *, #9075, .F. ) ;
#2193 = EDGE_CURVE ( 'NONE', #3376, #1730, #1613, .T. ) ;
#2194 = DIRECTION ( 'NONE',  ( 0.5234908573499362783, -0.8520312918379400191, 0.000000000000000000 ) ) ;
#2195 = CARTESIAN_POINT ( 'NONE',  ( 35.72484103454691251, 147.4213562373095385, -20.62574658805230143 ) ) ;
#2196 = ADVANCED_FACE ( 'NONE', ( #6295 ), #1562, .F. ) ;
#2197 = ORIENTED_EDGE ( 'NONE', *, *, #9230, .T. ) ;
#2198 = DIRECTION ( 'NONE',  ( 1.000000000000000000, 0.000000000000000000, -0.000000000000000000 ) ) ;
#2199 = VERTEX_POINT ( 'NONE', #9475 ) ;
#2200 = CARTESIAN_POINT ( 'NONE',  ( 9.742785792574935044, 6.000000000000005329, -10.62499999999999822 ) ) ;
#2201 = EDGE_LOOP ( 'NONE', ( #8535, #2187, #9172, #1376 ) ) ;
#2202 = VECTOR ( 'NONE', #3665, 1000.000000000000000 ) ;
#2203 = FACE_OUTER_BOUND ( 'NONE', #6541, .T. ) ;
#2204 = EDGE_LOOP ( 'NONE', ( #5069, #3624, #3092, #5097 ) ) ;
#2205 = AXIS2_PLACEMENT_3D ( 'NONE', #6923, #3663, #7760 ) ;
#2206 = VECTOR ( 'NONE', #4879, 999.9999999999998863 ) ;
#2207 = FACE_BOUND ( 'NONE', #487, .T. ) ;
#2208 = ORIENTED_EDGE ( 'NONE', *, *, #7602, .F. ) ;
#2209 = FACE_OUTER_BOUND ( 'NONE', #8502, .T. ) ;
#2210 = DIRECTION ( 'NONE',  ( 0.000000000000000000, 0.000000000000000000, -1.000000000000000000 ) ) ;
#2211 = VERTEX_POINT ( 'NONE', #9631 ) ;
#2212 = CARTESIAN_POINT ( 'NONE',  ( 48.21495254706555045, 0.000000000000000000, 87.08787447931756276 ) ) ;
#2213 = ORIENTED_EDGE ( 'NONE', *, *, #1267, .T. ) ;
#2214 = AXIS2_PLACEMENT_3D ( 'NONE', #5487, #6319, #1580 ) ;
#2215 = ORIENTED_EDGE ( 'NONE', *, *, #8869, .T. ) ;
#2216 = ORIENTED_EDGE ( 'NONE', *, *, #5224, .F. ) ;
#2217 = CARTESIAN_POINT ( 'NONE',  ( 41.13620667976131529, 147.4213562373095385, -7.500000000000000000 ) ) ;
#2218 = CARTESIAN_POINT ( 'NONE',  ( 22.73316684934176024, 6.000000000000005329, 24.37499999999996092 ) ) ;
#2219 = DIRECTION ( 'NONE',  ( -0.000000000000000000, -1.000000000000000000, -0.000000000000000000 ) ) ;
#2220 = ORIENTED_EDGE ( 'NONE', *, *, #2364, .F. ) ;
#2221 = CARTESIAN_POINT ( 'NONE',  ( -48.18039637606665337, 6.000000000000000000, -87.18281677883985026 ) ) ;
#2222 = EDGE_CURVE ( 'NONE', #6116, #1793, #4895, .T. ) ;
#2223 = DIRECTION ( 'NONE',  ( 0.3420201433256863099, 8.011931508174043910E-16, -0.9396926207859018776 ) ) ;
#2224 = DIRECTION ( 'NONE',  ( -0.6427876096865472455, -8.409933708675992019E-17, 0.7660444431189713521 ) ) ;
#2225 = LINE ( 'NONE', #2076, #2554 ) ;
#2226 = AXIS2_PLACEMENT_3D ( 'NONE', #10281, #1430, #2210 ) ;
#2227 = EDGE_LOOP ( 'NONE', ( #1368, #226, #4364, #7636 ) ) ;
#2228 = CARTESIAN_POINT ( 'NONE',  ( -66.05925076837610277, 5.499999999999678479, -65.91404579887013426 ) ) ;
#2229 = VERTEX_POINT ( 'NONE', #5672 ) ;
#2230 = LINE ( 'NONE', #5406, #9906 ) ;
#2231 = FACE_OUTER_BOUND ( 'NONE', #6805, .T. ) ;
#2232 = ORIENTED_EDGE ( 'NONE', *, *, #954, .T. ) ;
#2233 = LINE ( 'NONE', #2440, #2039 ) ;
#2234 = CARTESIAN_POINT ( 'NONE',  ( 25.25907427704662567, 6.000000000000005329, 50.00000000000000000 ) ) ;
#2235 = AXIS2_PLACEMENT_3D ( 'NONE', #7011, #7799, #10199 ) ;
#2236 = LINE ( 'NONE', #1307, #4491 ) ;
#2237 = ORIENTED_EDGE ( 'NONE', *, *, #8358, .T. ) ;
#2238 = EDGE_CURVE ( 'NONE', #2467, #602, #3110, .T. ) ;
#2239 = ADVANCED_FACE ( 'NONE', ( #930 ), #8013, .F. ) ;
#2240 = EDGE_CURVE ( 'NONE', #7644, #8723, #3957, .T. ) ;
#2241 = CARTESIAN_POINT ( 'NONE',  ( 92.34245936985364267, -5.728164937519056643, 61.66678322122567835 ) ) ;
#2242 = CARTESIAN_POINT ( 'NONE',  ( -35.96815219932086904, 0.000000000000000000, -13.74999999999999467 ) ) ;
#2243 = AXIS2_PLACEMENT_3D ( 'NONE', #556, #3694, #5294 ) ;
#2244 = EDGE_CURVE ( 'NONE', #4502, #1996, #4744, .T. ) ;
#2245 = CARTESIAN_POINT ( 'NONE',  ( 75.23823037617501086, 13.49999999999971045, 50.82336213776300582 ) ) ;
#2246 = EDGE_CURVE ( 'NONE', #4188, #2012, #8847, .T. ) ;
#2247 = VERTEX_POINT ( 'NONE', #9583 ) ;
#2248 = VECTOR ( 'NONE', #4377, 1000.000000000000000 ) ;
#2249 = VERTEX_POINT ( 'NONE', #5618 ) ;
#2250 = CIRCLE ( 'NONE', #5908, 61.96152422706627760 ) ;
#2251 = CARTESIAN_POINT ( 'NONE',  ( 69.26353267865501095, 1.169872981077444640, -64.41986460521955848 ) ) ;
#2252 = VECTOR ( 'NONE', #1598, 1000.000000000000000 ) ;
#2253 = CARTESIAN_POINT ( 'NONE',  ( 63.16162830294773300, 10.16190326101922992, 67.09883832977484985 ) ) ;
#2254 = VERTEX_POINT ( 'NONE', #8743 ) ;
#2255 = FACE_BOUND ( 'NONE', #7261, .T. ) ;
#2256 = ORIENTED_EDGE ( 'NONE', *, *, #8571, .T. ) ;
#2257 = LINE ( 'NONE', #7929, #7363 ) ;
#2258 = LINE ( 'NONE', #1378, #9541 ) ;
#2259 = ORIENTED_EDGE ( 'NONE', *, *, #405, .F. ) ;
#2260 = AXIS2_PLACEMENT_3D ( 'NONE', #2842, #7472, #9817 ) ;
#2261 = ADVANCED_FACE ( 'NONE', ( #7860 ), #1714, .T. ) ;
#2262 = DIRECTION ( 'NONE',  ( -0.000000000000000000, -1.000000000000000000, -0.000000000000000000 ) ) ;
#2263 = ORIENTED_EDGE ( 'NONE', *, *, #5937, .F. ) ;
#2264 = ORIENTED_EDGE ( 'NONE', *, *, #4973, .F. ) ;
#2265 = VERTEX_POINT ( 'NONE', #4065 ) ;
#2266 = DIRECTION ( 'NONE',  ( 0.8789733129752218543, 0.4768709627114682825, -1.927470528863118950E-15 ) ) ;
#2267 = CARTESIAN_POINT ( 'NONE',  ( 75.46725468460070374, 16.83809673897978954, -67.09883832977484985 ) ) ;
#2268 = EDGE_CURVE ( 'NONE', #122, #2536, #4793, .T. ) ;
#2269 = DIRECTION ( 'NONE',  ( 0.3420201433256623846, 0.000000000000000000, 0.9396926207859106484 ) ) ;
#2270 = VECTOR ( 'NONE', #4632, 1000.000000000000000 ) ;
#2271 = VERTEX_POINT ( 'NONE', #776 ) ;
#2272 = PLANE ( 'NONE',  #6529 ) ;
#2273 = CARTESIAN_POINT ( 'NONE',  ( -50.00000000000000000, 6.000000000000000000, 50.00000000000000000 ) ) ;
#2274 = CARTESIAN_POINT ( 'NONE',  ( -35.52517649845233905, 0.000000000000000000, -7.500000000000000000 ) ) ;
#2275 = LINE ( 'NONE', #5452, #8756 ) ;
#2276 = AXIS2_PLACEMENT_3D ( 'NONE', #7930, #1733, #1787 ) ;
#2277 = ORIENTED_EDGE ( 'NONE', *, *, #8980, .F. ) ;
#2278 = CYLINDRICAL_SURFACE ( 'NONE', #9559, 3.600000000000008971 ) ;
#2279 = ORIENTED_EDGE ( 'NONE', *, *, #9677, .F. ) ;
#2280 = ADVANCED_FACE ( 'NONE', ( #7020 ), #2287, .T. ) ;
#2281 = LINE ( 'NONE', #7114, #9743 ) ;
#2282 = PLANE ( 'NONE',  #7661 ) ;
#2283 = ORIENTED_EDGE ( 'NONE', *, *, #6190, .F. ) ;
#2284 = CARTESIAN_POINT ( 'NONE',  ( -50.00000000000000000, 6.000000000000005329, -16.60254037844304520 ) ) ;
#2285 = DIRECTION ( 'NONE',  ( -0.08838436251985754000, -0.9955668446019961815, 0.03216927713181028103 ) ) ;
#2286 = EDGE_CURVE ( 'NONE', #3734, #7080, #6245, .T. ) ;
#2287 = PLANE ( 'NONE',  #6054 ) ;
#2288 = ORIENTED_EDGE ( 'NONE', *, *, #3972, .F. ) ;
#2289 = EDGE_CURVE ( 'NONE', #2536, #2048, #5465, .T. ) ;
#2290 = EDGE_LOOP ( 'NONE', ( #431, #3937, #8095, #9546, #9413 ) ) ;
#2291 = CARTESIAN_POINT ( 'NONE',  ( -32.47595264191693332, 147.4213562373095385, 28.74999999999999289 ) ) ;
#2292 = EDGE_CURVE ( 'NONE', #8683, #3537, #9540, .T. ) ;
#2293 = CARTESIAN_POINT ( 'NONE',  ( -32.03989878038110106, 147.4213562373095385, 6.744732556983351834 ) ) ;
#2294 = AXIS2_PLACEMENT_3D ( 'NONE', #2022, #3700, #2805 ) ;
#2295 = ORIENTED_EDGE ( 'NONE', *, *, #7721, .F. ) ;
#2296 = ORIENTED_EDGE ( 'NONE', *, *, #9582, .T. ) ;
#2297 = VECTOR ( 'NONE', #2890, 1000.000000000000114 ) ;
#2298 = ORIENTED_EDGE ( 'NONE', *, *, #9511, .F. ) ;
#2299 = DIRECTION ( 'NONE',  ( -0.000000000000000000, -1.000000000000000000, -0.000000000000000000 ) ) ;
#2300 = EDGE_CURVE ( 'NONE', #897, #7835, #4012, .T. ) ;
#2301 = CIRCLE ( 'NONE', #5799, 51.96152422706639129 ) ;
#2302 = ORIENTED_EDGE ( 'NONE', *, *, #6405, .F. ) ;
#2303 = LINE ( 'NONE', #7925, #4070 ) ;
#2304 = DIRECTION ( 'NONE',  ( 0.4698463103929532703, 0.8660254037844400399, 0.1710100716628305539 ) ) ;
#2305 = ORIENTED_EDGE ( 'NONE', *, *, #3987, .T. ) ;
#2306 = VECTOR ( 'NONE', #5073, 1000.000000000000000 ) ;
#2307 = EDGE_CURVE ( 'NONE', #1587, #1734, #3121, .T. ) ;
#2308 = EDGE_CURVE ( 'NONE', #3247, #855, #2656, .T. ) ;
#2309 = VERTEX_POINT ( 'NONE', #8221 ) ;
#2310 = DIRECTION ( 'NONE',  ( -0.5000000000000000000, 0.000000000000000000, 0.8660254037844385966 ) ) ;
#2311 = LINE ( 'NONE', #9396, #3567 ) ;
#2312 = VERTEX_POINT ( 'NONE', #8326 ) ;
#2313 = LINE ( 'NONE', #9398, #3484 ) ;
#2314 = ORIENTED_EDGE ( 'NONE', *, *, #8739, .T. ) ;
#2315 = ORIENTED_EDGE ( 'NONE', *, *, #4607, .F. ) ;
#2316 = ADVANCED_FACE ( 'NONE', ( #5881 ), #1975, .F. ) ;
#2317 = VERTEX_POINT ( 'NONE', #5103 ) ;
#2318 = CARTESIAN_POINT ( 'NONE',  ( 3.673940397442059967E-15, 6.000000000000005329, 30.00000000000000000 ) ) ;
#2319 = EDGE_CURVE ( 'NONE', #9517, #8686, #3498, .T. ) ;
#2320 = DIRECTION ( 'NONE',  ( 0.000000000000000000, -1.000000000000000000, 0.000000000000000000 ) ) ;
#2321 = VECTOR ( 'NONE', #9651, 1000.000000000000114 ) ;
#2322 = LINE ( 'NONE', #6331, #638 ) ;
#2323 = ORIENTED_EDGE ( 'NONE', *, *, #7215, .F. ) ;
#2324 = CARTESIAN_POINT ( 'NONE',  ( -41.13620667976131529, 0.000000000000000000, -28.74999999999999289 ) ) ;
#2325 = CARTESIAN_POINT ( 'NONE',  ( -32.47595264191693332, 6.000000000000005329, -28.74999999999999289 ) ) ;
#2326 = CARTESIAN_POINT ( 'NONE',  ( -32.47595264191693332, 0.000000000000000000, -28.75000000000000000 ) ) ;
#2327 = CARTESIAN_POINT ( 'NONE',  ( -65.60302134699557541, 5.661903261019715750, 67.98743272795280745 ) ) ;
#2328 = VECTOR ( 'NONE', #456, 1000.000000000000227 ) ;
#2329 = ORIENTED_EDGE ( 'NONE', *, *, #8527, .F. ) ;
#2330 = LINE ( 'NONE', #6096, #6070 ) ;
#2331 = ORIENTED_EDGE ( 'NONE', *, *, #5834, .T. ) ;
#2332 = DIRECTION ( 'NONE',  ( -1.000000000000000000, -0.000000000000000000, -0.000000000000000000 ) ) ;
#2333 = DIRECTION ( 'NONE',  ( -0.5000000000000043299, 0.000000000000000000, -0.8660254037844361541 ) ) ;
#2334 = ORIENTED_EDGE ( 'NONE', *, *, #7413, .T. ) ;
#2335 = DIRECTION ( 'NONE',  ( -0.000000000000000000, -1.000000000000000000, -0.000000000000000000 ) ) ;
#2336 = AXIS2_PLACEMENT_3D ( 'NONE', #3999, #131, #2637 ) ;
#2337 = PLANE ( 'NONE',  #7944 ) ;
#2338 = CARTESIAN_POINT ( 'NONE',  ( -35.96815219932086904, 6.000000000000005329, -13.74999999999999467 ) ) ;
#2339 = ORIENTED_EDGE ( 'NONE', *, *, #1041, .F. ) ;
#2340 = ORIENTED_EDGE ( 'NONE', *, *, #9036, .F. ) ;
#2341 = DIRECTION ( 'NONE',  ( -0.3420201433256956358, -2.078592192663504398E-14, -0.9396926207858986579 ) ) ;
#2342 = CARTESIAN_POINT ( 'NONE',  ( 45.46633369868351338, 6.000000000000005329, 21.24999999999999289 ) ) ;
#2343 = VERTEX_POINT ( 'NONE', #7438 ) ;
#2344 = ORIENTED_EDGE ( 'NONE', *, *, #3982, .F. ) ;
#2346 = EDGE_CURVE ( 'NONE', #6116, #950, #5547, .T. ) ;
#2345 = CARTESIAN_POINT ( 'NONE',  ( 41.13620667976124423, 0.000000000000000000, -13.74999999999999822 ) ) ;
#2347 = ORIENTED_EDGE ( 'NONE', *, *, #2836, .F. ) ;
#2348 = DIRECTION ( 'NONE',  ( -0.9396926207859068736, 0.000000000000000000, 0.3420201433256732093 ) ) ;
#2349 = EDGE_CURVE ( 'NONE', #9255, #5816, #9839, .T. ) ;
#2350 = DIRECTION ( 'NONE',  ( -0.000000000000000000, 1.000000000000000000, -0.000000000000000000 ) ) ;
#2351 = ORIENTED_EDGE ( 'NONE', *, *, #9186, .T. ) ;
#2352 = DIRECTION ( 'NONE',  ( -0.5234908573499362783, 0.8520312918379400191, 0.000000000000000000 ) ) ;
#2353 = VECTOR ( 'NONE', #812, 1000.000000000000227 ) ;
#2354 = VECTOR ( 'NONE', #1675, 1000.000000000000000 ) ;
#2355 = CARTESIAN_POINT ( 'NONE',  ( 48.21495254706555045, 6.000000000000000000, -87.08787447931756276 ) ) ;
#2356 = EDGE_LOOP ( 'NONE', ( #2156, #6347, #5690, #8606 ) ) ;
#2357 = ADVANCED_FACE ( 'NONE', ( #6554, #8172 ), #5830, .F. ) ;
#2358 = ORIENTED_EDGE ( 'NONE', *, *, #2432, .T. ) ;
#2359 = DIRECTION ( 'NONE',  ( 0.4698463103929487183, 0.8660254037844400399, 0.1710100716628430717 ) ) ;
#2360 = DIRECTION ( 'NONE',  ( -0.000000000000000000, -1.000000000000000000, -0.000000000000000000 ) ) ;
#2361 = EDGE_LOOP ( 'NONE', ( #8837, #3296, #1511, #696 ) ) ;
#2362 = LINE ( 'NONE', #7150, #2816 ) ;
#2363 = VERTEX_POINT ( 'NONE', #6500 ) ;
#2364 = EDGE_CURVE ( 'NONE', #3247, #8369, #199, .T. ) ;
#2365 = ORIENTED_EDGE ( 'NONE', *, *, #6831, .T. ) ;
#2366 = VECTOR ( 'NONE', #7909, 1000.000000000000000 ) ;
#2367 = EDGE_CURVE ( 'NONE', #9659, #8611, #2707, .T. ) ;
#2368 = EDGE_CURVE ( 'NONE', #7891, #1627, #2548, .T. ) ;
#2369 = EDGE_LOOP ( 'NONE', ( #7928, #2232, #1072, #4506 ) ) ;
#2370 = CIRCLE ( 'NONE', #2544, 61.96152422706629181 ) ;
#2371 = FACE_OUTER_BOUND ( 'NONE', #6027, .T. ) ;
#2372 = DIRECTION ( 'NONE',  ( 1.000000000000000000, 0.000000000000000000, 0.000000000000000000 ) ) ;
#2373 = ADVANCED_FACE ( 'NONE', ( #3549 ), #6711, .T. ) ;
#2374 = CARTESIAN_POINT ( 'NONE',  ( -50.00000000000000000, 147.4213562373095385, 16.60254037844304520 ) ) ;
#2375 = VERTEX_POINT ( 'NONE', #4329 ) ;
#2376 = CARTESIAN_POINT ( 'NONE',  ( 64.25476978182084054, 2.249999999999781508, -67.91771286265469598 ) ) ;
#2377 = VECTOR ( 'NONE', #8283, 1000.000000000000000 ) ;
#2378 = CARTESIAN_POINT ( 'NONE',  ( 45.46633369868351338, 0.000000000000000000, 42.49999999999998579 ) ) ;
#2379 = EDGE_CURVE ( 'NONE', #3927, #8217, #3442, .T. ) ;
#2380 = LINE ( 'NONE', #28, #2418 ) ;
#2381 = CIRCLE ( 'NONE', #3215, 3.600000000000002309 ) ;
#2382 = DIRECTION ( 'NONE',  ( -0.000000000000000000, -1.000000000000000000, -0.000000000000000000 ) ) ;
#2383 = EDGE_LOOP ( 'NONE', ( #2670, #6423, #9562, #5012 ) ) ;
#2384 = LINE ( 'NONE', #3274, #8554 ) ;
#2385 = ORIENTED_EDGE ( 'NONE', *, *, #11, .F. ) ;
#2386 = LINE ( 'NONE', #3065, #7570 ) ;
#2387 = PLANE ( 'NONE',  #9329 ) ;
#2388 = VERTEX_POINT ( 'NONE', #4169 ) ;
#2389 = VECTOR ( 'NONE', #2600, 1000.000000000000000 ) ;
#2390 = CARTESIAN_POINT ( 'NONE',  ( -22.71712670107568499, 6.000000000000005329, 3.124999999999959588 ) ) ;
#2391 = DIRECTION ( 'NONE',  ( 0.5000000000000099920, 0.000000000000000000, 0.8660254037844329345 ) ) ;
#2392 = CARTESIAN_POINT ( 'NONE',  ( -30.40590262964586188, 6.000000000000000000, 66.00000000000000000 ) ) ;
#2393 = CARTESIAN_POINT ( 'NONE',  ( -32.47595264191693332, 147.4213562373095385, -49.99999999999998579 ) ) ;
#2394 = VERTEX_POINT ( 'NONE', #7388 ) ;
#2395 = ORIENTED_EDGE ( 'NONE', *, *, #317, .F. ) ;
#2396 = CARTESIAN_POINT ( 'NONE',  ( -72.62888298754663197, 14.99999999999994316, -95.97381846109878722 ) ) ;
#2397 = CARTESIAN_POINT ( 'NONE',  ( -69.31444149377422548, 13.49999999999950973, -67.09883832977484985 ) ) ;
#2398 = EDGE_CURVE ( 'NONE', #5546, #4224, #254, .T. ) ;
#2399 = EDGE_CURVE ( 'NONE', #8036, #3589, #7332, .T. ) ;
#2400 = CARTESIAN_POINT ( 'NONE',  ( -11.54700538379295516, 6.000000000000000000, 50.00000000000000000 ) ) ;
#2401 = CARTESIAN_POINT ( 'NONE',  ( -73.43319330435939207, 12.75833024919765002, -82.41177990217744309 ) ) ;
#2402 = EDGE_LOOP ( 'NONE', ( #9674, #7450, #9353, #1693 ) ) ;
#2403 = DIRECTION ( 'NONE',  ( -0.8660254037844385966, 0.000000000000000000, -0.5000000000000001110 ) ) ;
#2404 = VECTOR ( 'NONE', #5141, 1000.000000000000227 ) ;
#2405 = ORIENTED_EDGE ( 'NONE', *, *, #7907, .T. ) ;
#2406 = PLANE ( 'NONE',  #3763 ) ;
#2407 = EDGE_CURVE ( 'NONE', #60, #2211, #1869, .T. ) ;
#2408 = DIRECTION ( 'NONE',  ( -0.9396926207859013225, 0.000000000000000000, 0.3420201433256878643 ) ) ;
#2409 = ORIENTED_EDGE ( 'NONE', *, *, #6615, .T. ) ;
#2410 = AXIS2_PLACEMENT_3D ( 'NONE', #5354, #1444, #7845 ) ;
#2411 = VECTOR ( 'NONE', #9132, 1000.000000000000227 ) ;
#2412 = ORIENTED_EDGE ( 'NONE', *, *, #3706, .T. ) ;
#2413 = CARTESIAN_POINT ( 'NONE',  ( -14.07291281149715090, 147.4213562373095385, 3.124999999999960920 ) ) ;
#2414 = DIRECTION ( 'NONE',  ( 0.8660254037844390407, -0.000000000000000000, 0.4999999999999994449 ) ) ;
#2415 = ORIENTED_EDGE ( 'NONE', *, *, #7458, .F. ) ;
#2416 = LINE ( 'NONE', #697, #4144 ) ;
#2417 = EDGE_LOOP ( 'NONE', ( #10108, #2097, #6051, #2750 ) ) ;
#2418 = VECTOR ( 'NONE', #9615, 1000.000000000000114 ) ;
#2419 = ORIENTED_EDGE ( 'NONE', *, *, #196, .T. ) ;
#2420 = CIRCLE ( 'NONE', #3598, 51.96152422706636997 ) ;
#2421 = ORIENTED_EDGE ( 'NONE', *, *, #765, .T. ) ;
#2422 = LINE ( 'NONE', #5596, #4152 ) ;
#2423 = FACE_OUTER_BOUND ( 'NONE', #5641, .T. ) ;
#2424 = LINE ( 'NONE', #8775, #799 ) ;
#2425 = VECTOR ( 'NONE', #8863, 1000.000000000000000 ) ;
#2426 = ORIENTED_EDGE ( 'NONE', *, *, #2429, .F. ) ;
#2427 = DIRECTION ( 'NONE',  ( -0.000000000000000000, -1.000000000000000000, -0.000000000000000000 ) ) ;
#2428 = CARTESIAN_POINT ( 'NONE',  ( 48.34702753535132302, 0.000000000000000000, 45.57614877529382369 ) ) ;
#2429 = EDGE_CURVE ( 'NONE', #9679, #214, #5931, .T. ) ;
#2430 = CARTESIAN_POINT ( 'NONE',  ( -48.18039637606665337, 0.000000000000000000, 87.18281677883985026 ) ) ;
#2431 = FACE_OUTER_BOUND ( 'NONE', #4354, .T. ) ;
#2432 = EDGE_CURVE ( 'NONE', #3853, #8700, #8210, .T. ) ;
#2433 = VERTEX_POINT ( 'NONE', #9944 ) ;
#2434 = PLANE ( 'NONE',  #7048 ) ;
#2435 = VERTEX_POINT ( 'NONE', #7650 ) ;
#2436 = PLANE ( 'NONE',  #9143 ) ;
#2437 = VECTOR ( 'NONE', #4768, 1000.000000000000000 ) ;
#2438 = LINE ( 'NONE', #973, #4171 ) ;
#2439 = ORIENTED_EDGE ( 'NONE', *, *, #2760, .F. ) ;
#2440 = CARTESIAN_POINT ( 'NONE',  ( 45.46633369868351338, 147.4213562373095385, -4.592625337882893652E-17 ) ) ;
#2441 = LINE ( 'NONE', #3496, #9781 ) ;
#2442 = DIRECTION ( 'NONE',  ( 0.000000000000000000, -1.000000000000000000, 0.000000000000000000 ) ) ;
#2443 = DIRECTION ( 'NONE',  ( 0.000000000000000000, -1.000000000000000000, 0.000000000000000000 ) ) ;
#2444 = DIRECTION ( 'NONE',  ( -1.000000000000000000, 0.000000000000000000, 0.000000000000000000 ) ) ;
#2445 = EDGE_CURVE ( 'NONE', #10146, #8928, #568, .T. ) ;
#2446 = VERTEX_POINT ( 'NONE', #2810 ) ;
#2447 = FACE_OUTER_BOUND ( 'NONE', #2033, .T. ) ;
#2448 = PLANE ( 'NONE',  #4757 ) ;
#2449 = EDGE_CURVE ( 'NONE', #8485, #6332, #2180, .T. ) ;
#2450 = EDGE_CURVE ( 'NONE', #1730, #5373, #5308, .T. ) ;
#2451 = FACE_BOUND ( 'NONE', #1790, .T. ) ;
#2452 = ORIENTED_EDGE ( 'NONE', *, *, #5937, .T. ) ;
#2453 = DIRECTION ( 'NONE',  ( -0.5000000000000000000, 0.000000000000000000, 0.8660254037844385966 ) ) ;
#2454 = AXIS2_PLACEMENT_3D ( 'NONE', #6677, #9189, #2676 ) ;
#2455 = ORIENTED_EDGE ( 'NONE', *, *, #8620, .T. ) ;
#2456 = LINE ( 'NONE', #9385, #9910 ) ;
#2457 = CARTESIAN_POINT ( 'NONE',  ( 49.99999999999999289, 6.000000000000000000, 50.00000000000000000 ) ) ;
#2458 = ORIENTED_EDGE ( 'NONE', *, *, #7943, .T. ) ;
#2459 = DIRECTION ( 'NONE',  ( -1.000000000000000000, 0.000000000000000000, -0.000000000000000000 ) ) ;
#2460 = DIRECTION ( 'NONE',  ( 0.8789733129752216323, 0.4768709627114687821, 0.000000000000000000 ) ) ;
#2461 = ORIENTED_EDGE ( 'NONE', *, *, #5485, .F. ) ;
#2462 = ORIENTED_EDGE ( 'NONE', *, *, #9174, .T. ) ;
#2463 = CARTESIAN_POINT ( 'NONE',  ( -32.47595264191693332, 147.4213562373095385, -34.99999999999999289 ) ) ;
#2464 = ORIENTED_EDGE ( 'NONE', *, *, #4218, .T. ) ;
#2465 = VECTOR ( 'NONE', #404, 1000.000000000000000 ) ;
#2466 = CARTESIAN_POINT ( 'NONE',  ( 22.73316684934176024, 6.000000000000005329, 24.37499999999996092 ) ) ;
#2467 = VERTEX_POINT ( 'NONE', #3704 ) ;
#2468 = ORIENTED_EDGE ( 'NONE', *, *, #4237, .T. ) ;
#2469 = VECTOR ( 'NONE', #3775, 999.9999999999998863 ) ;
#2470 = ORIENTED_EDGE ( 'NONE', *, *, #4776, .T. ) ;
#2471 = LINE ( 'NONE', #805, #6644 ) ;
#2472 = PLANE ( 'NONE',  #759 ) ;
#2473 = DIRECTION ( 'NONE',  ( -0.9396926207859069846, 0.000000000000000000, -0.3420201433256724322 ) ) ;
#2474 = EDGE_CURVE ( 'NONE', #7045, #6618, #10103, .T. ) ;
#2475 = ORIENTED_EDGE ( 'NONE', *, *, #7971, .T. ) ;
#2476 = DIRECTION ( 'NONE',  ( 0.000000000000000000, 0.000000000000000000, -1.000000000000000000 ) ) ;
#2477 = VECTOR ( 'NONE', #4370, 1000.000000000000227 ) ;
#2478 = DIRECTION ( 'NONE',  ( -0.000000000000000000, -1.000000000000000000, -0.000000000000000000 ) ) ;
#2479 = VERTEX_POINT ( 'NONE', #4583 ) ;
#2480 = DIRECTION ( 'NONE',  ( -0.4698463103929531592, 0.8660254037844399289, -0.1710100716628304984 ) ) ;
#2481 = CARTESIAN_POINT ( 'NONE',  ( 22.73316684934176024, 0.000000000000000000, 24.37499999999996092 ) ) ;
#2483 = EDGE_CURVE ( 'NONE', #2309, #5534, #9365, .T. ) ;
#2482 = AXIS2_PLACEMENT_3D ( 'NONE', #5061, #7345, #1146 ) ;
#2484 = ORIENTED_EDGE ( 'NONE', *, *, #9558, .T. ) ;
#2485 = LINE ( 'NONE', #920, #3414 ) ;
#2486 = ORIENTED_EDGE ( 'NONE', *, *, #2399, .F. ) ;
#2487 = VECTOR ( 'NONE', #3299, 1000.000000000000000 ) ;
#2488 = LINE ( 'NONE', #8111, #2766 ) ;
#2489 = LINE ( 'NONE', #2649, #2998 ) ;
#2490 = ORIENTED_EDGE ( 'NONE', *, *, #9140, .T. ) ;
#2491 = EDGE_CURVE ( 'NONE', #2343, #3853, #8544, .T. ) ;
#2492 = FACE_OUTER_BOUND ( 'NONE', #7569, .T. ) ;
#2493 = EDGE_CURVE ( 'NONE', #7978, #2613, #4531, .T. ) ;
#2494 = DIRECTION ( 'NONE',  ( -0.5000000000000043299, 0.000000000000000000, -0.8660254037844361541 ) ) ;
#2495 = LINE ( 'NONE', #7387, #8404 ) ;
#2496 = DIRECTION ( 'NONE',  ( 0.4999999999999997224, 0.000000000000000000, 0.8660254037844388186 ) ) ;
#2497 = LINE ( 'NONE', #3443, #7099 ) ;
#2498 = VECTOR ( 'NONE', #9215, 1000.000000000000000 ) ;
#2499 = ORIENTED_EDGE ( 'NONE', *, *, #1988, .T. ) ;
#2500 = DIRECTION ( 'NONE',  ( 0.000000000000000000, 0.000000000000000000, -1.000000000000000000 ) ) ;
#2501 = DIRECTION ( 'NONE',  ( 0.5000000000000013323, 0.000000000000000000, 0.8660254037844379305 ) ) ;
#2502 = EDGE_CURVE ( 'NONE', #7931, #3554, #2026, .T. ) ;
#2503 = VECTOR ( 'NONE', #4625, 1000.000000000000227 ) ;
#2504 = CARTESIAN_POINT ( 'NONE',  ( -25.92513773453968184, 0.000000000000000000, -12.59634425055616802 ) ) ;
#2505 = DIRECTION ( 'NONE',  ( 0.000000000000000000, 0.000000000000000000, 1.000000000000000000 ) ) ;
#2506 = CARTESIAN_POINT ( 'NONE',  ( 41.13620667976131529, 6.000000000000005329, 34.99999999999999289 ) ) ;
#2507 = ORIENTED_EDGE ( 'NONE', *, *, #3670, .F. ) ;
#2508 = PERSON_AND_ORGANIZATION ( #8656, #593 ) ;
#2509 = ADVANCED_FACE ( 'NONE', ( #6039 ), #8529, .F. ) ;
#2510 = CARTESIAN_POINT ( 'NONE',  ( 75.23823037617501086, 13.49999999999971045, -50.82336213776300582 ) ) ;
#2512 = ORIENTED_EDGE ( 'NONE', *, *, #9960, .F. ) ;
#2511 = ADVANCED_FACE ( 'NONE', ( #5355 ), #7700, .F. ) ;
#2513 = DIRECTION ( 'NONE',  ( 0.000000000000000000, 1.000000000000000000, 0.000000000000000000 ) ) ;
#2514 = CARTESIAN_POINT ( 'NONE',  ( -71.13257910127276773, 11.62083487540109594, -82.97218668775971651 ) ) ;
#2515 = ORIENTED_EDGE ( 'NONE', *, *, #2535, .T. ) ;
#2516 = AXIS2_PLACEMENT_3D ( 'NONE', #360, #2862, #6036 ) ;
#2517 = ORIENTED_EDGE ( 'NONE', *, *, #2856, .F. ) ;
#2518 = CARTESIAN_POINT ( 'NONE',  ( -4.330127018922337534, 6.000000000000005329, -34.99999999999999289 ) ) ;
#2519 = EDGE_LOOP ( 'NONE', ( #7153, #4406, #2050 ) ) ;
#2520 = CARTESIAN_POINT ( 'NONE',  ( 22.73316684934198051, 6.000000000000005329, -45.62499999999995737 ) ) ;
#2521 = EDGE_LOOP ( 'NONE', ( #9286, #5517, #9653, #4438 ) ) ;
#2522 = AXIS2_PLACEMENT_3D ( 'NONE', #1494, #7107, #4677 ) ;
#2523 = ORIENTED_EDGE ( 'NONE', *, *, #3070, .F. ) ;
#2524 = LINE ( 'NONE', #9713, #6468 ) ;
#2525 = CARTESIAN_POINT ( 'NONE',  ( -41.13620667976131529, 147.4213562373095385, -7.500000000000000000 ) ) ;
#2526 = DIRECTION ( 'NONE',  ( 1.000000000000000000, -0.000000000000000000, 0.000000000000000000 ) ) ;
#2527 = EDGE_CURVE ( 'NONE', #2731, #3376, #1394, .T. ) ;
#2528 = ORIENTED_EDGE ( 'NONE', *, *, #5608, .F. ) ;
#2529 = FACE_OUTER_BOUND ( 'NONE', #2980, .T. ) ;
#2530 = LINE ( 'NONE', #1800, #4671 ) ;
#2531 = ORIENTED_EDGE ( 'NONE', *, *, #4133, .F. ) ;
#2532 = LINE ( 'NONE', #7160, #10076 ) ;
#2533 = DIRECTION ( 'NONE',  ( -0.3420201433256956358, -2.078592192663504398E-14, 0.9396926207858986579 ) ) ;
#2534 = CIRCLE ( 'NONE', #8352, 6.999999999999941380 ) ;
#2535 = EDGE_CURVE ( 'NONE', #6012, #3149, #2225, .T. ) ;
#2536 = VERTEX_POINT ( 'NONE', #8379 ) ;
#2537 = CARTESIAN_POINT ( 'NONE',  ( 64.25476978182084054, 2.249999999999781508, -67.91771286265469598 ) ) ;
#2538 = ORIENTED_EDGE ( 'NONE', *, *, #9568, .F. ) ;
#2539 = CARTESIAN_POINT ( 'NONE',  ( 85.07578430672701586, 14.99999999999994316, -61.77623814447288453 ) ) ;
#2540 = CARTESIAN_POINT ( 'NONE',  ( 8.660254037844241637, 147.4213562373095385, 42.49999999999999289 ) ) ;
#2541 = ORIENTED_EDGE ( 'NONE', *, *, #2038, .T. ) ;
#2542 = EDGE_CURVE ( 'NONE', #4783, #1323, #1190, .T. ) ;
#2543 = AXIS2_PLACEMENT_3D ( 'NONE', #6641, #9820, #6017 ) ;
#2544 = AXIS2_PLACEMENT_3D ( 'NONE', #7491, #5255, #8428 ) ;
#2545 = DIRECTION ( 'NONE',  ( 0.000000000000000000, 0.000000000000000000, -1.000000000000000000 ) ) ;
#2546 = LINE ( 'NONE', #4274, #7106 ) ;
#2547 = LINE ( 'NONE', #8116, #6080 ) ;
#2548 = LINE ( 'NONE', #362, #8703 ) ;
#2549 = DIRECTION ( 'NONE',  ( 0.5000000000000000000, 0.000000000000000000, -0.8660254037844385966 ) ) ;
#2550 = DIRECTION ( 'NONE',  ( -0.000000000000000000, -1.000000000000000000, -0.000000000000000000 ) ) ;
#2551 = ORIENTED_EDGE ( 'NONE', *, *, #3664, .F. ) ;
#2552 = CARTESIAN_POINT ( 'NONE',  ( 25.98076211353308551, 6.000000000000005329, -15.00000000000013323 ) ) ;
#2553 = DIRECTION ( 'NONE',  ( -0.5337593939265874443, 0.4330127018922123594, -0.7263614178872168647 ) ) ;
#2554 = VECTOR ( 'NONE', #5205, 1000.000000000000227 ) ;
#2555 = CARTESIAN_POINT ( 'NONE',  ( -30.40590262964586188, 0.000000000000000000, 66.00000000000000000 ) ) ;
#2556 = DIRECTION ( 'NONE',  ( 1.000000000000000000, -0.000000000000000000, 0.000000000000000000 ) ) ;
#2557 = EDGE_CURVE ( 'NONE', #8623, #7555, #3888, .T. ) ;
#2558 = CARTESIAN_POINT ( 'NONE',  ( -45.46633369868351338, 0.000000000000000000, -42.49999999999998579 ) ) ;
#2559 = EDGE_CURVE ( 'NONE', #1262, #7680, #108, .T. ) ;
#2560 = ORIENTED_EDGE ( 'NONE', *, *, #132, .T. ) ;
#2561 = LINE ( 'NONE', #2457, #2425 ) ;
#2562 = EDGE_LOOP ( 'NONE', ( #9722, #7484, #5009, #7116, #9397, #7066 ) ) ;
#2563 = EDGE_CURVE ( 'NONE', #4928, #6207, #516, .T. ) ;
#2564 = LINE ( 'NONE', #5739, #5078 ) ;
#2565 = DIRECTION ( 'NONE',  ( 0.4698463103929531592, 0.8660254037844399289, 0.1710100716628304984 ) ) ;
#2566 = EDGE_LOOP ( 'NONE', ( #10171, #6029, #57, #4747 ) ) ;
#2567 = EDGE_CURVE ( 'NONE', #2804, #9572, #2917, .T. ) ;
#2568 = ADVANCED_FACE ( 'NONE', ( #8482 ), #1346, .F. ) ;
#2569 = VERTEX_POINT ( 'NONE', #7057 ) ;
#2570 = PLANE ( 'NONE',  #2781 ) ;
#2571 = ORIENTED_EDGE ( 'NONE', *, *, #7380, .T. ) ;
#2572 = VECTOR ( 'NONE', #2591, 1000.000000000000114 ) ;
#2573 = DIRECTION ( 'NONE',  ( -0.6427876096865472455, 0.000000000000000000, 0.7660444431189713521 ) ) ;
#2574 = VERTEX_POINT ( 'NONE', #7797 ) ;
#2575 = ORIENTED_EDGE ( 'NONE', *, *, #9140, .F. ) ;
#2576 = VECTOR ( 'NONE', #665, 1000.000000000000114 ) ;
#2577 = CARTESIAN_POINT ( 'NONE',  ( 49.99999999999998579, 147.4213562373095385, -25.89745962155736692 ) ) ;
#2578 = AXIS2_PLACEMENT_3D ( 'NONE', #1682, #8816, #9649 ) ;
#2579 = FACE_OUTER_BOUND ( 'NONE', #7323, .T. ) ;
#2580 = DIRECTION ( 'NONE',  ( 1.000000000000000000, 0.000000000000000000, -0.000000000000000000 ) ) ;
#2581 = ORIENTED_EDGE ( 'NONE', *, *, #5940, .F. ) ;
#2582 = CARTESIAN_POINT ( 'NONE',  ( 25.25907427704662567, 147.4213562373095385, 50.00000000000000000 ) ) ;
#2583 = DIRECTION ( 'NONE',  ( 0.5000000000000008882, 0.000000000000000000, 0.8660254037844381525 ) ) ;
#2584 = ORIENTED_EDGE ( 'NONE', *, *, #2807, .T. ) ;
#2585 = CARTESIAN_POINT ( 'NONE',  ( 75.86167629364946663, -9.486715189943781823, -87.91339593296397936 ) ) ;
#2586 = VECTOR ( 'NONE', #2599, 1000.000000000000227 ) ;
#2587 = CARTESIAN_POINT ( 'NONE',  ( 2.053814751473915567, 147.4213562373095385, 28.74999999999999645 ) ) ;
#2588 = VERTEX_POINT ( 'NONE', #7161 ) ;
#2589 = VECTOR ( 'NONE', #9639, 1000.000000000000227 ) ;
#2590 = ORIENTED_EDGE ( 'NONE', *, *, #9370, .F. ) ;
#2591 = DIRECTION ( 'NONE',  ( -0.4999999999999983902, 0.000000000000000000, -0.8660254037844394848 ) ) ;
#2592 = VERTEX_POINT ( 'NONE', #2481 ) ;
#2593 = CARTESIAN_POINT ( 'NONE',  ( 41.13620667976131529, 6.000000000000005329, 28.74999999999999289 ) ) ;
#2594 = AXIS2_PLACEMENT_3D ( 'NONE', #6412, #3873, #52 ) ;
#2595 = FACE_OUTER_BOUND ( 'NONE', #5526, .T. ) ;
#2596 = ORIENTED_EDGE ( 'NONE', *, *, #7859, .F. ) ;
#2597 = LINE ( 'NONE', #1082, #6860 ) ;
#2598 = CARTESIAN_POINT ( 'NONE',  ( -50.00000000000000000, 147.4213562373095385, -25.89745962155733139 ) ) ;
#2599 = DIRECTION ( 'NONE',  ( -0.5337593939265845577, -0.4330127018922179105, 0.7263614178872156435 ) ) ;
#2600 = DIRECTION ( 'NONE',  ( -0.000000000000000000, -1.000000000000000000, -0.000000000000000000 ) ) ;
#2601 = DIRECTION ( 'NONE',  ( -0.4999999999999998335, 0.000000000000000000, 0.8660254037844387076 ) ) ;
#2602 = DIRECTION ( 'NONE',  ( 0.000000000000000000, 1.000000000000000000, 0.000000000000000000 ) ) ;
#2603 = AXIS2_PLACEMENT_3D ( 'NONE', #6464, #8185, #7292 ) ;
#2604 = ADVANCED_FACE ( 'NONE', ( #1654 ), #3109, .T. ) ;
#2605 = ORIENTED_EDGE ( 'NONE', *, *, #632, .T. ) ;
#2606 = CARTESIAN_POINT ( 'NONE',  ( 32.47595264191693332, 0.000000000000000000, -49.99999999999998579 ) ) ;
#2607 = DIRECTION ( 'NONE',  ( -0.3420201433256701562, 1.073360150760649232E-14, -0.9396926207859078728 ) ) ;
#2608 = CARTESIAN_POINT ( 'NONE',  ( 48.18039637606665337, 0.000000000000000000, -87.18281677883985026 ) ) ;
#2609 = DIRECTION ( 'NONE',  ( -0.000000000000000000, -1.000000000000000000, -0.000000000000000000 ) ) ;
#2610 = EDGE_CURVE ( 'NONE', #1486, #3679, #864, .T. ) ;
#2611 = VECTOR ( 'NONE', #10037, 1000.000000000000000 ) ;
#2612 = CARTESIAN_POINT ( 'NONE',  ( 14.07291281149715978, 147.4213562373095385, -18.12499999999996092 ) ) ;
#2613 = VERTEX_POINT ( 'NONE', #7846 ) ;
#2614 = PERSON_AND_ORGANIZATION_ROLE ( 'creator' ) ;
#2615 = EDGE_CURVE ( 'NONE', #4469, #7431, #7109, .T. ) ;
#2616 = AXIS2_PLACEMENT_3D ( 'NONE', #2463, #4034, #1688 ) ;
#2617 = DIRECTION ( 'NONE',  ( 0.8789733129752195229, 0.4768709627114725014, 0.000000000000000000 ) ) ;
#2618 = EDGE_LOOP ( 'NONE', ( #1769, #7320, #8256 ) ) ;
#2619 = DIRECTION ( 'NONE',  ( -0.000000000000000000, -1.000000000000000000, -0.000000000000000000 ) ) ;
#2620 = ORIENTED_EDGE ( 'NONE', *, *, #7271, .F. ) ;
#2621 = VECTOR ( 'NONE', #3231, 999.9999999999998863 ) ;
#2622 = ORIENTED_EDGE ( 'NONE', *, *, #9681, .T. ) ;
#2623 = ADVANCED_FACE ( 'NONE', ( #1599 ), #6282, .F. ) ;
#2624 = PLANE ( 'NONE',  #8771 ) ;
#2625 = VERTEX_POINT ( 'NONE', #8003 ) ;
#2626 = FACE_OUTER_BOUND ( 'NONE', #3747, .T. ) ;
#2627 = VERTEX_POINT ( 'NONE', #5556 ) ;
#2628 = VECTOR ( 'NONE', #3440, 1000.000000000000114 ) ;
#2629 = EDGE_CURVE ( 'NONE', #9777, #3159, #10258, .T. ) ;
#2630 = PLANE ( 'NONE',  #2831 ) ;
#2631 = EDGE_CURVE ( 'NONE', #441, #342, #9616, .T. ) ;
#2632 = FACE_OUTER_BOUND ( 'NONE', #1681, .T. ) ;
#2633 = CARTESIAN_POINT ( 'NONE',  ( -41.13620667976131529, 6.000000000000000000, 50.00000000000000000 ) ) ;
#2634 = AXIS2_PLACEMENT_3D ( 'NONE', #127, #2526, #1745 ) ;
#2635 = ORIENTED_EDGE ( 'NONE', *, *, #5644, .T. ) ;
#2636 = LINE ( 'NONE', #8203, #8862 ) ;
#2637 = DIRECTION ( 'NONE',  ( -0.8789733129752196339, -0.4768709627114723348, 0.000000000000000000 ) ) ;
#2638 = ORIENTED_EDGE ( 'NONE', *, *, #7718, .F. ) ;
#2639 = DIRECTION ( 'NONE',  ( -1.000000000000000000, 0.000000000000000000, 0.000000000000000000 ) ) ;
#2640 = FACE_BOUND ( 'NONE', #1909, .T. ) ;
#2641 = ORIENTED_EDGE ( 'NONE', *, *, #4369, .T. ) ;
#2642 = AXIS2_PLACEMENT_3D ( 'NONE', #4968, #8143, #1263 ) ;
#2643 = EDGE_LOOP ( 'NONE', ( #6283, #5121, #6592, #10090, #3111, #8297, #7883, #8763, #2331, #9496 ) ) ;
#2644 = DIRECTION ( 'NONE',  ( -0.3420201433256684354, -1.190453985389084026E-14, 0.9396926207859085389 ) ) ;
#2645 = EDGE_LOOP ( 'NONE', ( #4579, #5901, #8772, #1553 ) ) ;
#2646 = AXIS2_PLACEMENT_3D ( 'NONE', #985, #7338, #2500 ) ;
#2647 = EDGE_CURVE ( 'NONE', #6988, #9503, #3851, .T. ) ;
#2648 = CARTESIAN_POINT ( 'NONE',  ( 48.21495254706554334, 0.000000000000000000, -87.08787447931756276 ) ) ;
#2649 = CARTESIAN_POINT ( 'NONE',  ( 9.742785792575173076, 6.000000000000005329, -31.87499999999996447 ) ) ;
#2650 = ORIENTED_EDGE ( 'NONE', *, *, #7001, .F. ) ;
#2651 = AXIS2_PLACEMENT_3D ( 'NONE', #1872, #2602, #9945 ) ;
#2652 = PLANE ( 'NONE',  #9029 ) ;
#2653 = VECTOR ( 'NONE', #4690, 1000.000000000000114 ) ;
#2654 = CARTESIAN_POINT ( 'NONE',  ( -50.00000000000000000, 0.000000000000000000, -50.00000000000000000 ) ) ;
#2655 = CARTESIAN_POINT ( 'NONE',  ( -63.00726380300934437, 41.51624119651383182, 37.13459130373446726 ) ) ;
#2656 = LINE ( 'NONE', #149, #1392 ) ;
#2657 = CARTESIAN_POINT ( 'NONE',  ( 32.47595264191693332, 6.000000000000005329, -49.99999999999998579 ) ) ;
#2658 = CYLINDRICAL_SURFACE ( 'NONE', #10294, 2.249999999999988898 ) ;
#2659 = VECTOR ( 'NONE', #4773, 1000.000000000000000 ) ;
#2660 = ORIENTED_EDGE ( 'NONE', *, *, #7499, .T. ) ;
#2661 = CARTESIAN_POINT ( 'NONE',  ( 28.14582562299473878, 6.000000000000005329, 42.49999999999998579 ) ) ;
#2662 = CARTESIAN_POINT ( 'NONE',  ( -14.07291281149736051, 0.000000000000000000, -39.37499999999995737 ) ) ;
#2663 = DIRECTION ( 'NONE',  ( 0.000000000000000000, -1.000000000000000000, 0.000000000000000000 ) ) ;
#2664 = AXIS2_PLACEMENT_3D ( 'NONE', #1166, #7518, #383 ) ;
#2665 = CARTESIAN_POINT ( 'NONE',  ( -21.86105912627042258, 147.4213562373095385, 24.37499999999996092 ) ) ;
#2666 = FACE_OUTER_BOUND ( 'NONE', #345, .T. ) ;
#2667 = ORIENTED_EDGE ( 'NONE', *, *, #2697, .F. ) ;
#2668 = SHAPE_DEFINITION_REPRESENTATION ( #3729, #10035 ) ;
#2669 = CARTESIAN_POINT ( 'NONE',  ( 8.660254037844241637, 147.4213562373095385, -42.49999999999999289 ) ) ;
#2670 = ORIENTED_EDGE ( 'NONE', *, *, #2904, .F. ) ;
#2671 = VECTOR ( 'NONE', #2333, 1000.000000000000114 ) ;
#2672 = PLANE ( 'NONE',  #9569 ) ;
#2673 = ORIENTED_EDGE ( 'NONE', *, *, #3770, .F. ) ;
#2674 = ORIENTED_EDGE ( 'NONE', *, *, #6653, .F. ) ;
#2675 = EDGE_CURVE ( 'NONE', #2574, #8647, #3271, .T. ) ;
#2676 = DIRECTION ( 'NONE',  ( -0.5000000000000000000, 0.000000000000000000, 0.8660254037844385966 ) ) ;
#2677 = ORIENTED_EDGE ( 'NONE', *, *, #2807, .F. ) ;
#2678 = FACE_OUTER_BOUND ( 'NONE', #3799, .T. ) ;
#2679 = ORIENTED_EDGE ( 'NONE', *, *, #4726, .T. ) ;
#2680 = DIRECTION ( 'NONE',  ( 0.000000000000000000, 1.000000000000000000, 0.000000000000000000 ) ) ;
#2681 = EDGE_LOOP ( 'NONE', ( #2215, #5990, #4054, #6642 ) ) ;
#2682 = LINE ( 'NONE', #5025, #6255 ) ;
#2683 = CARTESIAN_POINT ( 'NONE',  ( 66.05925076837593224, 5.499999999999680256, 65.91404579887056059 ) ) ;
#2684 = ORIENTED_EDGE ( 'NONE', *, *, #4031, .T. ) ;
#2685 = LINE ( 'NONE', #8049, #9863 ) ;
#2686 = DIRECTION ( 'NONE',  ( -0.8789733129752196339, 0.4768709627114723348, 0.000000000000000000 ) ) ;
#2687 = ORIENTED_EDGE ( 'NONE', *, *, #6825, .F. ) ;
#2688 = CARTESIAN_POINT ( 'NONE',  ( -96.95441172355114645, -1.986715189943526250, -67.94291491834901819 ) ) ;
#2689 = EDGE_CURVE ( 'NONE', #63, #3928, #3061, .T. ) ;
#2690 = CARTESIAN_POINT ( 'NONE',  ( -25.25907427704662211, 6.000000000000000000, -50.00000000000000000 ) ) ;
#2691 = ORIENTED_EDGE ( 'NONE', *, *, #7005, .F. ) ;
#2692 = EDGE_CURVE ( 'NONE', #5542, #1174, #7214, .T. ) ;
#2693 = EDGE_CURVE ( 'NONE', #1337, #2990, #10297, .T. ) ;
#2694 = ORIENTED_EDGE ( 'NONE', *, *, #1416, .T. ) ;
#2695 = DIRECTION ( 'NONE',  ( 0.9396926207859085389, 0.000000000000000000, 0.3420201433256684354 ) ) ;
#2696 = VERTEX_POINT ( 'NONE', #7896 ) ;
#2697 = EDGE_CURVE ( 'NONE', #5293, #6755, #9097, .T. ) ;
#2698 = DIRECTION ( 'NONE',  ( -0.000000000000000000, -1.000000000000000000, -0.000000000000000000 ) ) ;
#2699 = CIRCLE ( 'NONE', #1025, 51.96152422706628471 ) ;
#2700 = CARTESIAN_POINT ( 'NONE',  ( 32.03989878038111527, 0.000000000000000000, 6.744732556983363381 ) ) ;
#2701 = ORIENTED_EDGE ( 'NONE', *, *, #6103, .F. ) ;
#2702 = CARTESIAN_POINT ( 'NONE',  ( 66.91430112669024766, 5.499999999999709566, 63.56481424690532833 ) ) ;
#2703 = EDGE_CURVE ( 'NONE', #7954, #6374, #2275, .T. ) ;
#2704 = PLANE ( 'NONE',  #3720 ) ;
#2705 = DIRECTION ( 'NONE',  ( -1.000000000000000000, 0.000000000000000000, 0.000000000000000000 ) ) ;
#2706 = LINE ( 'NONE', #3599, #4749 ) ;
#2707 = LINE ( 'NONE', #8276, #2897 ) ;
#2708 = FACE_OUTER_BOUND ( 'NONE', #2996, .T. ) ;
#2709 = AXIS2_PLACEMENT_3D ( 'NONE', #6395, #9421, #9527 ) ;
#2710 = LINE ( 'NONE', #256, #7126 ) ;
#2711 = EDGE_LOOP ( 'NONE', ( #2638, #2208, #1482, #3723, #4727, #10153 ) ) ;
#2712 = LINE ( 'NONE', #9895, #1468 ) ;
#2713 = PLANE ( 'NONE',  #5089 ) ;
#2714 = VECTOR ( 'NONE', #7956, 1000.000000000000114 ) ;
#2715 = AXIS2_PLACEMENT_3D ( 'NONE', #5099, #8273, #9058 ) ;
#2716 = DIRECTION ( 'NONE',  ( 0.000000000000000000, 1.000000000000000000, 0.000000000000000000 ) ) ;
#2717 = DIRECTION ( 'NONE',  ( 0.000000000000000000, 0.000000000000000000, -1.000000000000000000 ) ) ;
#2718 = CARTESIAN_POINT ( 'NONE',  ( 32.47595264191693332, 147.4213562373095385, 13.74999999999999467 ) ) ;
#2719 = ORIENTED_EDGE ( 'NONE', *, *, #2096, .T. ) ;
#2720 = VECTOR ( 'NONE', #8609, 999.9999999999998863 ) ;
#2721 = PLANE ( 'NONE',  #4441 ) ;
#2722 = VERTEX_POINT ( 'NONE', #2327 ) ;
#2723 = DIRECTION ( 'NONE',  ( 0.5000000000000042188, 0.000000000000000000, -0.8660254037844362651 ) ) ;
#2724 = EDGE_CURVE ( 'NONE', #9137, #6618, #5506, .T. ) ;
#2725 = AXIS2_PLACEMENT_3D ( 'NONE', #1820, #9735, #1033 ) ;
#2726 = ORIENTED_EDGE ( 'NONE', *, *, #714, .T. ) ;
#2727 = VECTOR ( 'NONE', #3095, 1000.000000000000000 ) ;
#2728 = DIRECTION ( 'NONE',  ( -0.000000000000000000, -1.000000000000000000, -0.000000000000000000 ) ) ;
#2729 = ORIENTED_EDGE ( 'NONE', *, *, #2689, .T. ) ;
#2730 = CARTESIAN_POINT ( 'NONE',  ( -22.73316684934198051, 147.4213562373095385, 45.62499999999995737 ) ) ;
#2731 = VERTEX_POINT ( 'NONE', #9515 ) ;
#2732 = EDGE_CURVE ( 'NONE', #3628, #3958, #29, .T. ) ;
#2733 = CARTESIAN_POINT ( 'NONE',  ( -62.86331081135421073, 8.999999999999966249, -92.41944086838630312 ) ) ;
#2734 = ORIENTED_EDGE ( 'NONE', *, *, #6696, .T. ) ;
#2735 = DIRECTION ( 'NONE',  ( 0.6875305731827958677, 0.000000000000000000, -0.7261554316666206654 ) ) ;
#2736 = DIRECTION ( 'NONE',  ( 0.4999999999999993339, 0.000000000000000000, 0.8660254037844389297 ) ) ;
#2737 = AXIS2_PLACEMENT_3D ( 'NONE', #2908, #1336, #2459 ) ;
#2738 = ORIENTED_EDGE ( 'NONE', *, *, #4347, .F. ) ;
#2739 = CARTESIAN_POINT ( 'NONE',  ( -50.00000000000000000, 0.000000000000000000, 50.00000000000000000 ) ) ;
#2740 = DIRECTION ( 'NONE',  ( -0.4698463103929532703, 0.8660254037844400399, 0.1710100716628305539 ) ) ;
#2741 = ORIENTED_EDGE ( 'NONE', *, *, #6867, .F. ) ;
#2742 = LINE ( 'NONE', #5915, #6248 ) ;
#2743 = LINE ( 'NONE', #8313, #4447 ) ;
#2744 = VERTEX_POINT ( 'NONE', #9567 ) ;
#2745 = EDGE_LOOP ( 'NONE', ( #8849, #919 ) ) ;
#2746 = CARTESIAN_POINT ( 'NONE',  ( -66.00000000000000000, 0.000000000000000000, 38.22385819845018062 ) ) ;
#2747 = EDGE_LOOP ( 'NONE', ( #6237, #3051 ) ) ;
#2748 = DIRECTION ( 'NONE',  ( 0.8789733129752215213, -0.4768709627114688376, 0.000000000000000000 ) ) ;
#2749 = LINE ( 'NONE', #5977, #4828 ) ;
#2750 = ORIENTED_EDGE ( 'NONE', *, *, #7163, .F. ) ;
#2751 = DIRECTION ( 'NONE',  ( 0.000000000000000000, 0.000000000000000000, 1.000000000000000000 ) ) ;
#2752 = ADVANCED_FACE ( 'NONE', ( #2431 ), #7266, .F. ) ;
#2753 = VECTOR ( 'NONE', #7493, 1000.000000000000000 ) ;
#2754 = DIRECTION ( 'NONE',  ( -0.4698463103929531592, 0.8660254037844399289, 0.1710100716628304984 ) ) ;
#2755 = DIRECTION ( 'NONE',  ( -0.5000000000000000000, 0.000000000000000000, 0.8660254037844385966 ) ) ;
#2756 = AXIS2_PLACEMENT_3D ( 'NONE', #4849, #1039, #3289 ) ;
#2757 = CARTESIAN_POINT ( 'NONE',  ( -83.57150303714189477, 30.23589553796796636, 65.90921696516618056 ) ) ;
#2758 = DIRECTION ( 'NONE',  ( -0.4999999999999996114, 0.000000000000000000, -0.8660254037844389297 ) ) ;
#2759 = CARTESIAN_POINT ( 'NONE',  ( -77.67962342022298117, 8.999999999999962697, 51.71195653594100605 ) ) ;
#2760 = EDGE_CURVE ( 'NONE', #493, #7405, #5710, .T. ) ;
#2761 = LINE ( 'NONE', #7546, #3143 ) ;
#2762 = ORIENTED_EDGE ( 'NONE', *, *, #7660, .F. ) ;
#2763 = DIRECTION ( 'NONE',  ( -0.000000000000000000, -1.000000000000000000, -0.000000000000000000 ) ) ;
#2764 = VECTOR ( 'NONE', #1653, 1000.000000000000000 ) ;
#2765 = PLANE ( 'NONE',  #6738 ) ;
#2766 = VECTOR ( 'NONE', #5666, 1000.000000000000000 ) ;
#2767 = CARTESIAN_POINT ( 'NONE',  ( -22.73316684934198051, 6.000000000000005329, -45.62499999999995737 ) ) ;
#2768 = EDGE_CURVE ( 'NONE', #640, #3232, #4262, .T. ) ;
#2769 = CARTESIAN_POINT ( 'NONE',  ( -25.92513773453968184, 147.4213562373095385, -12.59634425055616802 ) ) ;
#2770 = DIRECTION ( 'NONE',  ( 0.5000000000000011102, 0.000000000000000000, -0.8660254037844379305 ) ) ;
#2771 = AXIS2_PLACEMENT_3D ( 'NONE', #8774, #7155, #286 ) ;
#2772 = CARTESIAN_POINT ( 'NONE',  ( 3.673940397442059967E-15, 0.000000000000000000, 30.00000000000000000 ) ) ;
#2773 = VERTEX_POINT ( 'NONE', #5864 ) ;
#2774 = EDGE_CURVE ( 'NONE', #3537, #5293, #8996, .T. ) ;
#2775 = PLANE ( 'NONE',  #9416 ) ;
#2776 = ORIENTED_EDGE ( 'NONE', *, *, #6052, .T. ) ;
#2777 = CARTESIAN_POINT ( 'NONE',  ( -72.62888298754661776, 20.99999999999993605, -95.97381846109878722 ) ) ;
#2778 = EDGE_CURVE ( 'NONE', #9852, #4603, #4933, .T. ) ;
#2779 = VECTOR ( 'NONE', #1332, 1000.000000000000000 ) ;
#2780 = ORIENTED_EDGE ( 'NONE', *, *, #9950, .F. ) ;
#2781 = AXIS2_PLACEMENT_3D ( 'NONE', #7356, #2414, #4819 ) ;
#2782 = LINE ( 'NONE', #430, #9606 ) ;
#2783 = ORIENTED_EDGE ( 'NONE', *, *, #2956, .T. ) ;
#2784 = CARTESIAN_POINT ( 'NONE',  ( 32.47595264191693332, 0.000000000000000000, -34.99999999999999289 ) ) ;
#2785 = ORIENTED_EDGE ( 'NONE', *, *, #5226, .T. ) ;
#2786 = DIRECTION ( 'NONE',  ( -1.000000000000000000, 0.000000000000000000, 4.006172263299126906E-16 ) ) ;
#2787 = ORIENTED_EDGE ( 'NONE', *, *, #6230, .F. ) ;
#2788 = FACE_OUTER_BOUND ( 'NONE', #7831, .T. ) ;
#2789 = CARTESIAN_POINT ( 'NONE',  ( 4.330127018922190096, 147.4213562373095385, -7.500000000000000000 ) ) ;
#2790 = VERTEX_POINT ( 'NONE', #2690 ) ;
#2791 = DIRECTION ( 'NONE',  ( 1.000000000000000000, 0.000000000000000000, -0.000000000000000000 ) ) ;
#2792 = DIRECTION ( 'NONE',  ( 0.4999999999999997224, 0.000000000000000000, -0.8660254037844388186 ) ) ;
#2793 = ORIENTED_EDGE ( 'NONE', *, *, #1026, .T. ) ;
#2794 = CARTESIAN_POINT ( 'NONE',  ( -41.13620667976131529, 6.000000000000005329, 7.500000000000000000 ) ) ;
#2795 = CARTESIAN_POINT ( 'NONE',  ( 14.07291281149736051, 6.000000000000005329, 39.37499999999995737 ) ) ;
#2796 = ORIENTED_EDGE ( 'NONE', *, *, #3398, .F. ) ;
#2797 = AXIS2_PLACEMENT_3D ( 'NONE', #1841, #6729, #6008 ) ;
#2798 = ORIENTED_EDGE ( 'NONE', *, *, #9120, .F. ) ;
#2799 = CARTESIAN_POINT ( 'NONE',  ( -25.25907427704661856, 0.000000000000000000, -50.00000000000000000 ) ) ;
#2800 = EDGE_LOOP ( 'NONE', ( #4660, #574, #6882, #8462 ) ) ;
#2801 = LINE ( 'NONE', #7486, #3152 ) ;
#2802 = CIRCLE ( 'NONE', #5957, 2.750000000000002665 ) ;
#2803 = CARTESIAN_POINT ( 'NONE',  ( -92.34245936985364267, -5.728164937519056643, -61.66678322122567835 ) ) ;
#2804 = VERTEX_POINT ( 'NONE', #9047 ) ;
#2805 = DIRECTION ( 'NONE',  ( 0.000000000000000000, 0.000000000000000000, 1.000000000000000000 ) ) ;
#2806 = CARTESIAN_POINT ( 'NONE',  ( -72.62888298754661776, 20.99999999999993605, 95.97381846109878722 ) ) ;
#2807 = EDGE_CURVE ( 'NONE', #3920, #60, #9721, .T. ) ;
#2808 = CARTESIAN_POINT ( 'NONE',  ( 85.07578430672701586, 14.99999999999994316, 61.77623814447289163 ) ) ;
#2809 = DIRECTION ( 'NONE',  ( -0.5000000000000001110, 0.000000000000000000, 0.8660254037844385966 ) ) ;
#2810 = CARTESIAN_POINT ( 'NONE',  ( 78.20696522024182684, 13.49999999999995026, -42.66683018934125471 ) ) ;
#2811 = AXIS2_PLACEMENT_3D ( 'NONE', #4798, #3447, #7178 ) ;
#2812 = CARTESIAN_POINT ( 'NONE',  ( 49.99999999999999289, 0.000000000000000000, 25.89745962155738113 ) ) ;
#2813 = ORIENTED_EDGE ( 'NONE', *, *, #7256, .T. ) ;
#2814 = LINE ( 'NONE', #7653, #806 ) ;
#2815 = DIRECTION ( 'NONE',  ( -0.3420201433256701562, 1.073360150760649232E-14, 0.9396926207859078728 ) ) ;
#2816 = VECTOR ( 'NONE', #6219, 1000.000000000000000 ) ;
#2817 = ADVANCED_FACE ( 'NONE', ( #347 ), #6487, .F. ) ;
#2818 = CARTESIAN_POINT ( 'NONE',  ( 46.54886545341427961, 0.000000000000000000, 31.87499999999998579 ) ) ;
#2819 = EDGE_CURVE ( 'NONE', #7604, #5757, #3482, .T. ) ;
#2820 = LINE ( 'NONE', #1403, #5691 ) ;
#2821 = DIRECTION ( 'NONE',  ( 0.5000000000000019984, 0.000000000000000000, 0.8660254037844375974 ) ) ;
#2822 = DIRECTION ( 'NONE',  ( -0.000000000000000000, -1.000000000000000000, -0.000000000000000000 ) ) ;
#2823 = VECTOR ( 'NONE', #8096, 1000.000000000000000 ) ;
#2824 = ORIENTED_EDGE ( 'NONE', *, *, #4621, .T. ) ;
#2825 = AXIS2_PLACEMENT_3D ( 'NONE', #2612, #420, #4340 ) ;
#2826 = ADVANCED_FACE ( 'NONE', ( #5032 ), #7427, .F. ) ;
#2827 = CARTESIAN_POINT ( 'NONE',  ( 78.40253430288579750, 15.21673546576100833, -50.82336213776300582 ) ) ;
#2828 = ORIENTED_EDGE ( 'NONE', *, *, #3660, .T. ) ;
#2829 = LINE ( 'NONE', #3565, #5247 ) ;
#2830 = ADVANCED_FACE ( 'NONE', ( #4313 ), #135, .F. ) ;
#2831 = AXIS2_PLACEMENT_3D ( 'NONE', #5806, #8405, #6013 ) ;
#2832 = ADVANCED_FACE ( 'NONE', ( #4982 ), #1752, .F. ) ;
#2833 = VERTEX_POINT ( 'NONE', #965 ) ;
#2834 = LINE ( 'NONE', #9084, #8282 ) ;
#2835 = VERTEX_POINT ( 'NONE', #9671 ) ;
#2836 = EDGE_CURVE ( 'NONE', #9443, #3744, #8836, .T. ) ;
#2837 = CARTESIAN_POINT ( 'NONE',  ( -64.13382571541318100, 1.124999999999718225, -62.55280396009146671 ) ) ;
#2838 = EDGE_LOOP ( 'NONE', ( #7658, #4003, #4617, #8984, #4267, #661 ) ) ;
#2839 = AXIS2_PLACEMENT_3D ( 'NONE', #2803, #8372, #1233 ) ;
#2840 = DIRECTION ( 'NONE',  ( 0.000000000000000000, -0.000000000000000000, 1.000000000000000000 ) ) ;
#2841 = VERTEX_POINT ( 'NONE', #185 ) ;
#2842 = CARTESIAN_POINT ( 'NONE',  ( 32.47595264191693332, 147.4213562373095385, 28.74999999999999289 ) ) ;
#2843 = FACE_OUTER_BOUND ( 'NONE', #5409, .T. ) ;
#2844 = VECTOR ( 'NONE', #1120, 1000.000000000000000 ) ;
#2845 = ORIENTED_EDGE ( 'NONE', *, *, #9814, .F. ) ;
#2846 = DIRECTION ( 'NONE',  ( 0.000000000000000000, -0.9678453296402127481, 0.2515460552138075179 ) ) ;
#2847 = FACE_OUTER_BOUND ( 'NONE', #888, .T. ) ;
#2848 = VERTEX_POINT ( 'NONE', #3372 ) ;
#2849 = CARTESIAN_POINT ( 'NONE',  ( -48.32614877529397290, 6.000000000000000000, 45.59702753535113828 ) ) ;
#2850 = FACE_BOUND ( 'NONE', #4870, .T. ) ;
#2851 = EDGE_LOOP ( 'NONE', ( #2066, #143, #2828, #4721 ) ) ;
#2852 = ORIENTED_EDGE ( 'NONE', *, *, #2542, .T. ) ;
#2853 = DIRECTION ( 'NONE',  ( 0.5000000000000001110, 0.000000000000000000, -0.8660254037844385966 ) ) ;
#2854 = ORIENTED_EDGE ( 'NONE', *, *, #9129, .F. ) ;
#2855 = LINE ( 'NONE', #6803, #2477 ) ;
#2856 = EDGE_CURVE ( 'NONE', #1228, #839, #294, .T. ) ;
#2857 = ADVANCED_FACE ( 'NONE', ( #1702, #1018, #4883, #8053, #3429, #1855, #6594, #2640, #5815, #6025, #1380, #2850, #5241, #5290, #9300, #551, #3743, #1226, #9254, #2953, #6747, #2905, #8416, #3582, #4517, #6126, #5192, #4412, #8513, #7685, #3691, #9207, #9099, #2112, #4466, #7579, #8467, #7737, #448, #1176 ), #5970, .F. ) ;
#2858 = DIRECTION ( 'NONE',  ( 0.000000000000000000, 1.000000000000000000, 0.000000000000000000 ) ) ;
#2859 = EDGE_LOOP ( 'NONE', ( #5589, #7664, #3074, #2412 ) ) ;
#2860 = CARTESIAN_POINT ( 'NONE',  ( 60.40391967589528122, 1.499999999999675149, -61.19522918509714771 ) ) ;
#2861 = DIRECTION ( 'NONE',  ( -0.6427876096865473565, -0.000000000000000000, -0.7660444431189713521 ) ) ;
#2862 = DIRECTION ( 'NONE',  ( -0.4698463103929532148, 0.8660254037844399289, -0.1710100716628305262 ) ) ;
#2863 = CARTESIAN_POINT ( 'NONE',  ( 9.742785792575173076, 0.000000000000000000, -31.87499999999996447 ) ) ;
#2864 = EDGE_CURVE ( 'NONE', #8658, #8713, #10089, .T. ) ;
#2865 = CARTESIAN_POINT ( 'NONE',  ( 22.73316684934153287, 6.000000000000005329, -3.124999999999960920 ) ) ;
#2866 = ORIENTED_EDGE ( 'NONE', *, *, #3308, .T. ) ;
#2867 = VECTOR ( 'NONE', #2965, 999.9999999999998863 ) ;
#2868 = CARTESIAN_POINT ( 'NONE',  ( 66.00000000000000000, 6.000000000000000000, 38.22385819845018062 ) ) ;
#2869 = AXIS2_PLACEMENT_3D ( 'NONE', #3509, #8180, #9797 ) ;
#2870 = EDGE_CURVE ( 'NONE', #6012, #6267, #3637, .T. ) ;
#2871 = DIRECTION ( 'NONE',  ( -0.000000000000000000, -1.000000000000000000, -0.000000000000000000 ) ) ;
#2872 = CARTESIAN_POINT ( 'NONE',  ( -28.14582562299473878, 0.000000000000000000, 42.49999999999998579 ) ) ;
#2873 = VERTEX_POINT ( 'NONE', #6077 ) ;
#2874 = CARTESIAN_POINT ( 'NONE',  ( -50.00000000000000000, 147.4213562373095385, -4.647459621556983222 ) ) ;
#2875 = FACE_OUTER_BOUND ( 'NONE', #7950, .T. ) ;
#2876 = LINE ( 'NONE', #676, #1150 ) ;
#2877 = ORIENTED_EDGE ( 'NONE', *, *, #1078, .T. ) ;
#2878 = VECTOR ( 'NONE', #9227, 1000.000000000000000 ) ;
#2879 = DIRECTION ( 'NONE',  ( -0.000000000000000000, -1.000000000000000000, -0.000000000000000000 ) ) ;
#2880 = ORIENTED_EDGE ( 'NONE', *, *, #6942, .T. ) ;
#2881 = AXIS2_PLACEMENT_3D ( 'NONE', #5149, #4374, #7540 ) ;
#2882 = DIRECTION ( 'NONE',  ( -0.000000000000000000, 1.000000000000000000, -0.000000000000000000 ) ) ;
#2883 = EDGE_CURVE ( 'NONE', #6214, #3410, #2063, .T. ) ;
#2884 = VECTOR ( 'NONE', #4850, 1000.000000000000000 ) ;
#2885 = EDGE_CURVE ( 'NONE', #4771, #7878, #4568, .T. ) ;
#2886 = ORIENTED_EDGE ( 'NONE', *, *, #9194, .T. ) ;
#2887 = AXIS2_PLACEMENT_3D ( 'NONE', #1377, #9297, #7734 ) ;
#2888 = CARTESIAN_POINT ( 'NONE',  ( -66.55495653808422674, 15.21673546576062286, 83.37431452178670099 ) ) ;
#2889 = ORIENTED_EDGE ( 'NONE', *, *, #2181, .T. ) ;
#2890 = DIRECTION ( 'NONE',  ( -0.4999999999999998890, 0.000000000000000000, -0.8660254037844387076 ) ) ;
#2891 = EDGE_CURVE ( 'NONE', #9003, #6228, #2743, .T. ) ;
#2892 = VERTEX_POINT ( 'NONE', #1961 ) ;
#2893 = ORIENTED_EDGE ( 'NONE', *, *, #841, .F. ) ;
#2894 = LINE ( 'NONE', #10025, #3995 ) ;
#2895 = ORIENTED_EDGE ( 'NONE', *, *, #9516, .F. ) ;
#2896 = EDGE_CURVE ( 'NONE', #3898, #7915, #6848, .T. ) ;
#2897 = VECTOR ( 'NONE', #8957, 1000.000000000000000 ) ;
#2898 = PLANE ( 'NONE',  #3212 ) ;
#2899 = ORIENTED_EDGE ( 'NONE', *, *, #5786, .T. ) ;
#2900 = LINE ( 'NONE', #5187, #5876 ) ;
#2901 = DIRECTION ( 'NONE',  ( -0.000000000000000000, -1.000000000000000000, -0.000000000000000000 ) ) ;
#2902 = VERTEX_POINT ( 'NONE', #7528 ) ;
#2903 = PLANE ( 'NONE',  #2594 ) ;
#2904 = EDGE_CURVE ( 'NONE', #1323, #1587, #393, .T. ) ;
#2905 = FACE_BOUND ( 'NONE', #9431, .T. ) ;
#2906 = VERTEX_POINT ( 'NONE', #9155 ) ;
#2907 = ORIENTED_EDGE ( 'NONE', *, *, #6608, .F. ) ;
#2908 = CARTESIAN_POINT ( 'NONE',  ( -41.13620667976131529, 147.4213562373095385, 28.74999999999999289 ) ) ;
#2909 = ORIENTED_EDGE ( 'NONE', *, *, #9622, .F. ) ;
#2910 = DIRECTION ( 'NONE',  ( 0.4698463103929532703, 0.8660254037844400399, -0.1710100716628305539 ) ) ;
#2911 = FACE_OUTER_BOUND ( 'NONE', #9824, .T. ) ;
#2912 = ORIENTED_EDGE ( 'NONE', *, *, #8232, .T. ) ;
#2913 = DIRECTION ( 'NONE',  ( 0.000000000000000000, 1.000000000000000000, 0.000000000000000000 ) ) ;
#2914 = DIRECTION ( 'NONE',  ( -0.000000000000000000, -1.000000000000000000, -0.000000000000000000 ) ) ;
#2915 = DIRECTION ( 'NONE',  ( 0.9396926207859068736, 0.000000000000000000, -0.3420201433256732093 ) ) ;
#2916 = PLANE ( 'NONE',  #3760 ) ;
#2917 = LINE ( 'NONE', #9269, #9424 ) ;
#2918 = AXIS2_PLACEMENT_3D ( 'NONE', #2183, #2971, #6145 ) ;
#2919 = EDGE_LOOP ( 'NONE', ( #2895, #337, #4693, #9050 ) ) ;
#2920 = DIRECTION ( 'NONE',  ( -0.5000000000000019984, 0.000000000000000000, -0.8660254037844375974 ) ) ;
#2921 = CARTESIAN_POINT ( 'NONE',  ( 66.00000000000000000, 6.000000000000000000, -38.22385819845018062 ) ) ;
#2922 = VECTOR ( 'NONE', #8627, 1000.000000000000000 ) ;
#2923 = CARTESIAN_POINT ( 'NONE',  ( 69.31444149377422548, 13.49999999999950973, -67.09883832977484985 ) ) ;
#2924 = ORIENTED_EDGE ( 'NONE', *, *, #6584, .F. ) ;
#2925 = VECTOR ( 'NONE', #9025, 1000.000000000000227 ) ;
#2926 = CARTESIAN_POINT ( 'NONE',  ( -41.13620667976131529, 0.000000000000000000, -28.74999999999999289 ) ) ;
#2927 = LINE ( 'NONE', #4494, #9518 ) ;
#2928 = DIRECTION ( 'NONE',  ( -1.000000000000000000, 0.000000000000000000, -0.000000000000000000 ) ) ;
#2929 = EDGE_CURVE ( 'NONE', #299, #10126, #2014, .T. ) ;
#2930 = ORIENTED_EDGE ( 'NONE', *, *, #6762, .T. ) ;
#2931 = VECTOR ( 'NONE', #6868, 1000.000000000000227 ) ;
#2932 = DIRECTION ( 'NONE',  ( -0.000000000000000000, -1.000000000000000000, -0.000000000000000000 ) ) ;
#2933 = DIRECTION ( 'NONE',  ( 0.3795327795289917816, -0.9148074042510829784, -0.1381386346768829765 ) ) ;
#2934 = ADVANCED_FACE ( 'NONE', ( #8362 ), #649, .F. ) ;
#2935 = AXIS2_PLACEMENT_3D ( 'NONE', #5129, #8304, #1168 ) ;
#2936 = ORIENTED_EDGE ( 'NONE', *, *, #2896, .T. ) ;
#2937 = EDGE_CURVE ( 'NONE', #1925, #9216, #1583, .T. ) ;
#2938 = LINE ( 'NONE', #5327, #4127 ) ;
#2939 = ORIENTED_EDGE ( 'NONE', *, *, #3189, .T. ) ;
#2940 = CARTESIAN_POINT ( 'NONE',  ( -29.89192540169685586, 6.000000000000005329, -24.27433353179683095 ) ) ;
#2941 = EDGE_LOOP ( 'NONE', ( #326, #2452, #2455, #1504, #3877 ) ) ;
#2942 = AXIS2_PLACEMENT_3D ( 'NONE', #7023, #10116, #1512 ) ;
#2943 = ORIENTED_EDGE ( 'NONE', *, *, #6257, .F. ) ;
#2944 = VECTOR ( 'NONE', #2382, 1000.000000000000000 ) ;
#2945 = DIRECTION ( 'NONE',  ( -0.5000000000000001110, 0.000000000000000000, 0.8660254037844385966 ) ) ;
#2946 = ORIENTED_EDGE ( 'NONE', *, *, #8563, .T. ) ;
#2947 = CARTESIAN_POINT ( 'NONE',  ( 28.14582562299473878, 0.000000000000000000, 42.49999999999998579 ) ) ;
#2948 = EDGE_CURVE ( 'NONE', #8485, #489, #4665, .T. ) ;
#2949 = ORIENTED_EDGE ( 'NONE', *, *, #6247, .T. ) ;
#2950 = CARTESIAN_POINT ( 'NONE',  ( -50.00000000000000000, 6.000000000000000000, 50.00000000000000000 ) ) ;
#2951 = CARTESIAN_POINT ( 'NONE',  ( 79.87143568757761614, 17.25855025242404039, -57.12770181004840708 ) ) ;
#2952 = EDGE_LOOP ( 'NONE', ( #2340, #6195, #180, #1558 ) ) ;
#2953 = FACE_BOUND ( 'NONE', #8048, .T. ) ;
#2954 = ORIENTED_EDGE ( 'NONE', *, *, #7134, .F. ) ;
#2955 = ORIENTED_EDGE ( 'NONE', *, *, #1111, .T. ) ;
#2956 = EDGE_CURVE ( 'NONE', #2773, #9205, #3883, .T. ) ;
#2957 = VERTEX_POINT ( 'NONE', #10180 ) ;
#2958 = CARTESIAN_POINT ( 'NONE',  ( 48.21495254706555045, 6.000000000000000000, 87.08787447931756276 ) ) ;
#2959 = FACE_OUTER_BOUND ( 'NONE', #4108, .T. ) ;
#2960 = ORIENTED_EDGE ( 'NONE', *, *, #5853, .F. ) ;
#2961 = LINE ( 'NONE', #6137, #1977 ) ;
#2962 = ORIENTED_EDGE ( 'NONE', *, *, #896, .T. ) ;
#2963 = CARTESIAN_POINT ( 'NONE',  ( 48.18039637606665337, 6.000000000000000000, -87.18281677883985026 ) ) ;
#2964 = VECTOR ( 'NONE', #981, 1000.000000000000000 ) ;
#2965 = DIRECTION ( 'NONE',  ( -0.6427876096865473565, 0.000000000000000000, 0.7660444431189713521 ) ) ;
#2966 = EDGE_CURVE ( 'NONE', #7131, #3520, #7042, .T. ) ;
#2967 = DIRECTION ( 'NONE',  ( -0.8789733129752197449, 0.4768709627114722238, 0.000000000000000000 ) ) ;
#2968 = DIRECTION ( 'NONE',  ( 0.8660254037844388186, 0.000000000000000000, -0.4999999999999997224 ) ) ;
#2969 = EDGE_CURVE ( 'NONE', #6792, #9875, #3935, .T. ) ;
#2970 = ORIENTED_EDGE ( 'NONE', *, *, #8466, .F. ) ;
#2971 = DIRECTION ( 'NONE',  ( -0.4698463103929532703, 0.8660254037844400399, 0.1710100716628305539 ) ) ;
#2972 = DIRECTION ( 'NONE',  ( 0.000000000000000000, 0.000000000000000000, 1.000000000000000000 ) ) ;
#2973 = VECTOR ( 'NONE', #7070, 1000.000000000000114 ) ;
#2974 = DIRECTION ( 'NONE',  ( -0.000000000000000000, -1.000000000000000000, -0.000000000000000000 ) ) ;
#2975 = VERTEX_POINT ( 'NONE', #7991 ) ;
#2976 = CARTESIAN_POINT ( 'NONE',  ( -32.03989878038110106, 0.000000000000000000, 6.744732556983351834 ) ) ;
#2977 = DIRECTION ( 'NONE',  ( 0.9396926207859068736, 0.000000000000000000, 0.3420201433256732093 ) ) ;
#2978 = CIRCLE ( 'NONE', #9447, 3.600000000000008082 ) ;
#2979 = DIRECTION ( 'NONE',  ( 0.000000000000000000, 0.000000000000000000, 1.000000000000000000 ) ) ;
#2980 = EDGE_LOOP ( 'NONE', ( #7962, #5855, #849, #2641 ) ) ;
#2981 = VECTOR ( 'NONE', #3922, 1000.000000000000000 ) ;
#2982 = CARTESIAN_POINT ( 'NONE',  ( 82.83999675952468067, 17.25855025242422158, 48.97164729660255489 ) ) ;
#2983 = LINE ( 'NONE', #631, #9402 ) ;
#2984 = CIRCLE ( 'NONE', #5803, 3.600000000000001421 ) ;
#2985 = ORIENTED_EDGE ( 'NONE', *, *, #3908, .F. ) ;
#2986 = AXIS2_PLACEMENT_3D ( 'NONE', #1776, #9072, #3613 ) ;
#2987 = CARTESIAN_POINT ( 'NONE',  ( -118.2462233470211572, 2.249999999998087308, -80.42258665126527717 ) ) ;
#2988 = EDGE_LOOP ( 'NONE', ( #9821, #4145, #6055, #6730 ) ) ;
#2989 = DIRECTION ( 'NONE',  ( 1.308353425290363404E-16, -1.000000000000000000, 0.000000000000000000 ) ) ;
#2990 = VERTEX_POINT ( 'NONE', #3199 ) ;
#2991 = AXIS2_PLACEMENT_3D ( 'NONE', #8506, #4559, #2993 ) ;
#2992 = ORIENTED_EDGE ( 'NONE', *, *, #2474, .T. ) ;
#2993 = DIRECTION ( 'NONE',  ( 0.000000000000000000, 0.000000000000000000, 1.000000000000000000 ) ) ;
#2994 = ORIENTED_EDGE ( 'NONE', *, *, #8678, .F. ) ;
#2995 = CARTESIAN_POINT ( 'NONE',  ( -9.742785792574935044, 147.4213562373095385, -10.62499999999999822 ) ) ;
#2996 = EDGE_LOOP ( 'NONE', ( #2528, #10311, #7728, #5724 ) ) ;
#2997 = CARTESIAN_POINT ( 'NONE',  ( -50.00000000000000000, 6.000000000000000000, 50.00000000000000000 ) ) ;
#2998 = VECTOR ( 'NONE', #8216, 1000.000000000000114 ) ;
#2999 = FACE_OUTER_BOUND ( 'NONE', #1941, .T. ) ;
#3000 = EDGE_LOOP ( 'NONE', ( #7726, #9030, #5194, #7675 ) ) ;
#3001 = LINE ( 'NONE', #6176, #9965 ) ;
#3002 = ORIENTED_EDGE ( 'NONE', *, *, #1320, .T. ) ;
#3003 = ORIENTED_EDGE ( 'NONE', *, *, #898, .F. ) ;
#3004 = VERTEX_POINT ( 'NONE', #5543 ) ;
#3005 = VECTOR ( 'NONE', #7208, 1000.000000000000000 ) ;
#3006 = LINE ( 'NONE', #7047, #5637 ) ;
#3007 = CARTESIAN_POINT ( 'NONE',  ( -46.40590262964586543, 4.500000000000002665, 66.00000000000000000 ) ) ;
#3008 = DIRECTION ( 'NONE',  ( -0.000000000000000000, -1.000000000000000000, -0.000000000000000000 ) ) ;
#3009 = EDGE_CURVE ( 'NONE', #1730, #9339, #2313, .T. ) ;
#3010 = ORIENTED_EDGE ( 'NONE', *, *, #3538, .T. ) ;
#3011 = DIRECTION ( 'NONE',  ( 0.8789733129752212992, -0.4768709627114694483, 0.000000000000000000 ) ) ;
#3012 = FACE_OUTER_BOUND ( 'NONE', #9479, .T. ) ;
#3013 = EDGE_CURVE ( 'NONE', #5439, #5859, #9501, .T. ) ;
#3014 = EDGE_CURVE ( 'NONE', #5330, #2142, #2362, .T. ) ;
#3015 = CARTESIAN_POINT ( 'NONE',  ( -83.57150303714189477, 30.23589553796796636, -65.90921696516618056 ) ) ;
#3016 = DIRECTION ( 'NONE',  ( 0.4999999999999997224, 0.000000000000000000, 0.8660254037844388186 ) ) ;
#3017 = EDGE_CURVE ( 'NONE', #5388, #7861, #3098, .T. ) ;
#3018 = ORIENTED_EDGE ( 'NONE', *, *, #5226, .F. ) ;
#3019 = CARTESIAN_POINT ( 'NONE',  ( 65.96544382900106029, 6.000000000000000000, -38.31880049797258181 ) ) ;
#3020 = DIRECTION ( 'NONE',  ( -0.3420201433256701562, 1.073360150760649232E-14, -0.9396926207859078728 ) ) ;
#3021 = VECTOR ( 'NONE', #9219, 999.9999999999998863 ) ;
#3022 = ADVANCED_FACE ( 'NONE', ( #10230 ), #4821, .T. ) ;
#3023 = LINE ( 'NONE', #1400, #1338 ) ;
#3024 = VERTEX_POINT ( 'NONE', #9448 ) ;
#3025 = LINE ( 'NONE', #5564, #700 ) ;
#3026 = LINE ( 'NONE', #5514, #1300 ) ;
#3027 = FACE_OUTER_BOUND ( 'NONE', #2566, .T. ) ;
#3028 = ORIENTED_EDGE ( 'NONE', *, *, #5207, .F. ) ;
#3029 = CARTESIAN_POINT ( 'NONE',  ( -48.32614877529397290, 6.000000000000000000, 48.34702753535113828 ) ) ;
#3030 = CARTESIAN_POINT ( 'NONE',  ( -48.18039637606665337, 6.000000000000000000, 87.18281677883985026 ) ) ;
#3031 = EDGE_CURVE ( 'NONE', #10087, #721, #16, .T. ) ;
#3032 = VERTEX_POINT ( 'NONE', #853 ) ;
#3033 = ORIENTED_EDGE ( 'NONE', *, *, #1035, .T. ) ;
#3034 = CARTESIAN_POINT ( 'NONE',  ( -74.51531949351219453, 7.283264534238682586, 51.71195653594100605 ) ) ;
#3035 = ORIENTED_EDGE ( 'NONE', *, *, #10275, .F. ) ;
#3036 = DIRECTION ( 'NONE',  ( 0.3420201433256682688, -1.201296007113939071E-14, 0.9396926207859086499 ) ) ;
#3037 = EDGE_CURVE ( 'NONE', #1174, #2129, #2416, .T. ) ;
#3038 = ADVANCED_FACE ( 'NONE', ( #7882 ), #5590, .T. ) ;
#3039 = LINE ( 'NONE', #9390, #10144 ) ;
#3040 = ORIENTED_EDGE ( 'NONE', *, *, #7884, .F. ) ;
#3041 = VECTOR ( 'NONE', #8853, 1000.000000000000000 ) ;
#3042 = AXIS2_PLACEMENT_3D ( 'NONE', #1698, #7999, #6590 ) ;
#3043 = CARTESIAN_POINT ( 'NONE',  ( -25.25907427704661501, 6.000000000000005329, 50.00000000000000000 ) ) ;
#3044 = ORIENTED_EDGE ( 'NONE', *, *, #4157, .T. ) ;
#3045 = DIRECTION ( 'NONE',  ( -0.000000000000000000, 1.000000000000000000, -0.000000000000000000 ) ) ;
#3046 = FACE_BOUND ( 'NONE', #8465, .T. ) ;
#3047 = ORIENTED_EDGE ( 'NONE', *, *, #4994, .T. ) ;
#3048 = CARTESIAN_POINT ( 'NONE',  ( -64.25476978182084054, 2.249999999999781508, -67.91771286265469598 ) ) ;
#3049 = EDGE_CURVE ( 'NONE', #5373, #137, #3001, .T. ) ;
#3050 = VERTEX_POINT ( 'NONE', #748 ) ;
#3051 = ORIENTED_EDGE ( 'NONE', *, *, #4176, .T. ) ;
#3052 = ORIENTED_EDGE ( 'NONE', *, *, #10064, .F. ) ;
#3053 = VECTOR ( 'NONE', #3804, 1000.000000000000000 ) ;
#3054 = CARTESIAN_POINT ( 'NONE',  ( -64.25476978182084054, 2.249999999999781508, 67.91771286265469598 ) ) ;
#3055 = CARTESIAN_POINT ( 'NONE',  ( 62.86331081135421073, 8.999999999999966249, 92.41944086838630312 ) ) ;
#3056 = LINE ( 'NONE', #8622, #7789 ) ;
#3057 = VERTEX_POINT ( 'NONE', #8564 ) ;
#3058 = PLANE ( 'NONE',  #7699 ) ;
#3059 = DIRECTION ( 'NONE',  ( -0.000000000000000000, -1.000000000000000000, -0.000000000000000000 ) ) ;
#3060 = LINE ( 'NONE', #9461, #3594 ) ;
#3061 = LINE ( 'NONE', #4053, #5592 ) ;
#3062 = VERTEX_POINT ( 'NONE', #1433 ) ;
#3063 = PLANE ( 'NONE',  #2235 ) ;
#3064 = VERTEX_POINT ( 'NONE', #4618 ) ;
#3065 = CARTESIAN_POINT ( 'NONE',  ( -9.742785792575173076, 6.000000000000005329, -31.87499999999996447 ) ) ;
#3066 = EDGE_CURVE ( 'NONE', #4242, #2117, #7783, .T. ) ;
#3067 = CARTESIAN_POINT ( 'NONE',  ( 49.99999999999997158, 0.000000000000000000, 4.647459621557030296 ) ) ;
#3068 = EDGE_LOOP ( 'NONE', ( #6491, #6179, #3151 ) ) ;
#3069 = CARTESIAN_POINT ( 'NONE',  ( 22.73316684934176379, 147.4213562373095385, 39.37499999999995737 ) ) ;
#3070 = EDGE_CURVE ( 'NONE', #5484, #8315, #6957, .T. ) ;
#3071 = DIRECTION ( 'NONE',  ( -0.9396926207859068736, 0.000000000000000000, -0.3420201433256732093 ) ) ;
#3072 = DIRECTION ( 'NONE',  ( -0.000000000000000000, -1.000000000000000000, -0.000000000000000000 ) ) ;
#3073 = ORIENTED_EDGE ( 'NONE', *, *, #3860, .T. ) ;
#3074 = ORIENTED_EDGE ( 'NONE', *, *, #4025, .T. ) ;
#3075 = LINE ( 'NONE', #6252, #8238 ) ;
#3076 = DIRECTION ( 'NONE',  ( -1.000000000000000000, 0.000000000000000000, -0.000000000000000000 ) ) ;
#3077 = EDGE_CURVE ( 'NONE', #8723, #10126, #3309, .T. ) ;
#3078 = AXIS2_PLACEMENT_3D ( 'NONE', #2293, #5371, #1566 ) ;
#3079 = EDGE_LOOP ( 'NONE', ( #350, #9599, #9183, #4855 ) ) ;
#3080 = EDGE_LOOP ( 'NONE', ( #5818, #5835, #6900, #8873 ) ) ;
#3081 = AXIS2_PLACEMENT_3D ( 'NONE', #7172, #7331, #8064 ) ;
#3082 = ORIENTED_EDGE ( 'NONE', *, *, #1791, .F. ) ;
#3083 = LINE ( 'NONE', #7871, #7903 ) ;
#3084 = EDGE_CURVE ( 'NONE', #3466, #8871, #7358, .T. ) ;
#3085 = AXIS2_PLACEMENT_3D ( 'NONE', #1299, #7502, #10055 ) ;
#3086 = DIRECTION ( 'NONE',  ( -0.000000000000000000, -1.000000000000000000, -0.000000000000000000 ) ) ;
#3088 = VERTEX_POINT ( 'NONE', #4086 ) ;
#3087 = EDGE_CURVE ( 'NONE', #2044, #750, #6474, .T. ) ;
#3089 = CARTESIAN_POINT ( 'NONE',  ( 0.000000000000000000, 4.500000000000007994, 66.00000000000000000 ) ) ;
#3090 = AXIS2_PLACEMENT_3D ( 'NONE', #2585, #5554, #4000 ) ;
#3091 = DIRECTION ( 'NONE',  ( -0.7030969734007184169, -0.2500000000000081601, 0.6656986149863506341 ) ) ;
#3092 = ORIENTED_EDGE ( 'NONE', *, *, #8422, .F. ) ;
#3093 = ORIENTED_EDGE ( 'NONE', *, *, #7334, .T. ) ;
#3094 = DIRECTION ( 'NONE',  ( 0.8660254037844385966, 0.000000000000000000, -0.5000000000000001110 ) ) ;
#3095 = DIRECTION ( 'NONE',  ( -0.000000000000000000, -1.000000000000000000, -0.000000000000000000 ) ) ;
#3096 = ORIENTED_EDGE ( 'NONE', *, *, #1428, .F. ) ;
#3097 = AXIS2_PLACEMENT_3D ( 'NONE', #2510, #4858, #2617 ) ;
#3098 = LINE ( 'NONE', #1481, #1982 ) ;
#3099 = VERTEX_POINT ( 'NONE', #2466 ) ;
#3100 = ORIENTED_EDGE ( 'NONE', *, *, #7933, .T. ) ;
#3101 = ORIENTED_EDGE ( 'NONE', *, *, #157, .T. ) ;
#3102 = DIRECTION ( 'NONE',  ( -0.4698463103929487183, 0.8660254037844400399, 0.1710100716628430717 ) ) ;
#3103 = DIRECTION ( 'NONE',  ( -0.8660254037844387076, 0.000000000000000000, -0.5000000000000001110 ) ) ;
#3104 = DIRECTION ( 'NONE',  ( 0.5000000000000001110, 0.000000000000000000, 0.8660254037844387076 ) ) ;
#3105 = ORIENTED_EDGE ( 'NONE', *, *, #7340, .T. ) ;
#3106 = DIRECTION ( 'NONE',  ( 0.4698463103929487183, 0.8660254037844400399, -0.1710100716628430717 ) ) ;
#3107 = LINE ( 'NONE', #6141, #2353 ) ;
#3108 = LINE ( 'NONE', #4679, #8399 ) ;
#3109 = PLANE ( 'NONE',  #7764 ) ;
#3110 = CIRCLE ( 'NONE', #3397, 61.96152422706629181 ) ;
#3111 = ORIENTED_EDGE ( 'NONE', *, *, #9976, .T. ) ;
#3112 = CARTESIAN_POINT ( 'NONE',  ( 32.47595264191693332, 0.000000000000000000, 13.74999999999999467 ) ) ;
#3113 = ORIENTED_EDGE ( 'NONE', *, *, #5428, .T. ) ;
#3114 = CARTESIAN_POINT ( 'NONE',  ( 4.330127018922193649, 0.000000000000000000, 7.500000000000000000 ) ) ;
#3115 = DIRECTION ( 'NONE',  ( 1.000000000000000000, 0.000000000000000000, -0.000000000000000000 ) ) ;
#3116 = VERTEX_POINT ( 'NONE', #174 ) ;
#3117 = EDGE_CURVE ( 'NONE', #2744, #3640, #65, .T. ) ;
#3118 = AXIS2_PLACEMENT_3D ( 'NONE', #98, #6606, #6501 ) ;
#3119 = CARTESIAN_POINT ( 'NONE',  ( -66.00000000000132161, 6.000000000000000000, -38.22385819845064958 ) ) ;
#3120 = CARTESIAN_POINT ( 'NONE',  ( -6.076226797624443066, 0.000000000000000000, 38.02433353179681319 ) ) ;
#3121 = LINE ( 'NONE', #5721, #5888 ) ;
#3122 = VERTEX_POINT ( 'NONE', #9658 ) ;
#3123 = VERTEX_POINT ( 'NONE', #7304 ) ;
#3124 = VECTOR ( 'NONE', #4893, 999.9999999999998863 ) ;
#3125 = LINE ( 'NONE', #678, #4767 ) ;
#3126 = CARTESIAN_POINT ( 'NONE',  ( -50.00000000000000000, 0.000000000000000000, 50.00000000000000000 ) ) ;
#3127 = EDGE_CURVE ( 'NONE', #7029, #1297, #3359, .T. ) ;
#3128 = CIRCLE ( 'NONE', #8612, 61.96152422706627760 ) ;
#3129 = DIRECTION ( 'NONE',  ( 0.5000000000000016653, 0.000000000000000000, 0.8660254037844377084 ) ) ;
#3130 = ORIENTED_EDGE ( 'NONE', *, *, #7301, .T. ) ;
#3131 = DIRECTION ( 'NONE',  ( 0.5000000000000011102, 0.000000000000000000, -0.8660254037844379305 ) ) ;
#3132 = VECTOR ( 'NONE', #7200, 1000.000000000000114 ) ;
#3133 = ADVANCED_FACE ( 'NONE', ( #2678 ), #4192, .T. ) ;
#3134 = ORIENTED_EDGE ( 'NONE', *, *, #7215, .T. ) ;
#3135 = EDGE_CURVE ( 'NONE', #9908, #3577, #3306, .T. ) ;
#3136 = LINE ( 'NONE', #9436, #5629 ) ;
#3137 = AXIS2_PLACEMENT_3D ( 'NONE', #3505, #6765, #7501 ) ;
#3138 = VERTEX_POINT ( 'NONE', #8194 ) ;
#3139 = EDGE_CURVE ( 'NONE', #4485, #612, #4141, .T. ) ;
#3140 = CYLINDRICAL_SURFACE ( 'NONE', #7403, 3.600000000000008527 ) ;
#3141 = CARTESIAN_POINT ( 'NONE',  ( -28.14582562299473878, 0.000000000000000000, 42.49999999999998579 ) ) ;
#3142 = EDGE_LOOP ( 'NONE', ( #9617, #6538, #3622, #10176 ) ) ;
#3143 = VECTOR ( 'NONE', #9115, 1000.000000000000114 ) ;
#3144 = EDGE_CURVE ( 'NONE', #10067, #628, #7414, .T. ) ;
#3145 = VECTOR ( 'NONE', #8118, 1000.000000000000000 ) ;
#3146 = EDGE_LOOP ( 'NONE', ( #4380, #6836, #5788, #6222 ) ) ;
#3147 = LINE ( 'NONE', #1530, #9037 ) ;
#3148 = LINE ( 'NONE', #10178, #9429 ) ;
#3149 = VERTEX_POINT ( 'NONE', #5849 ) ;
#3150 = CARTESIAN_POINT ( 'NONE',  ( 70.99180026031160651, 17.25833024919705139, -81.52318550399951391 ) ) ;
#3151 = ORIENTED_EDGE ( 'NONE', *, *, #836, .T. ) ;
#3152 = VECTOR ( 'NONE', #3541, 1000.000000000000000 ) ;
#3153 = VERTEX_POINT ( 'NONE', #6581 ) ;
#3154 = ORIENTED_EDGE ( 'NONE', *, *, #9198, .F. ) ;
#3155 = LINE ( 'NONE', #3311, #5980 ) ;
#3156 = CARTESIAN_POINT ( 'NONE',  ( 8.660254037844241637, 147.4213562373095385, -42.49999999999999289 ) ) ;
#3157 = CIRCLE ( 'NONE', #2991, 51.96152422706639129 ) ;
#3158 = CARTESIAN_POINT ( 'NONE',  ( -41.13620667976124423, 0.000000000000000000, 13.74999999999999822 ) ) ;
#3159 = VERTEX_POINT ( 'NONE', #6424 ) ;
#3160 = CYLINDRICAL_SURFACE ( 'NONE', #10195, 3.600000000000008971 ) ;
#3161 = LINE ( 'NONE', #8725, #7000 ) ;
#3162 = CARTESIAN_POINT ( 'NONE',  ( -66.05925076837593224, 5.499999999999680256, 65.91404579887058901 ) ) ;
#3163 = CARTESIAN_POINT ( 'NONE',  ( 14.07291281149758966, 0.000000000000000000, -45.62499999999995737 ) ) ;
#3164 = AXIS2_PLACEMENT_3D ( 'NONE', #2540, #8893, #6548 ) ;
#3165 = ORIENTED_EDGE ( 'NONE', *, *, #7912, .F. ) ;
#3166 = ADVANCED_FACE ( 'NONE', ( #2626 ), #3254, .T. ) ;
#3167 = DIRECTION ( 'NONE',  ( 0.3420201433256876422, -0.000000000000000000, -0.9396926207859014335 ) ) ;
#3168 = ORIENTED_EDGE ( 'NONE', *, *, #7034, .F. ) ;
#3169 = EDGE_CURVE ( 'NONE', #5663, #3413, #5020, .T. ) ;
#3170 = LINE ( 'NONE', #9521, #6413 ) ;
#3171 = CARTESIAN_POINT ( 'NONE',  ( 83.46282394258763304, -5.728384940746046539, -86.06226691517679228 ) ) ;
#3172 = ORIENTED_EDGE ( 'NONE', *, *, #9134, .T. ) ;
#3173 = CARTESIAN_POINT ( 'NONE',  ( -63.39065261137343299, 13.49999999999931433, 83.37431452178670099 ) ) ;
#3174 = VECTOR ( 'NONE', #6537, 1000.000000000000000 ) ;
#3175 = FACE_OUTER_BOUND ( 'NONE', #9696, .T. ) ;
#3176 = CARTESIAN_POINT ( 'NONE',  ( 46.40590262964586543, 0.000000000000000000, 92.41944086838630312 ) ) ;
#3177 = EDGE_LOOP ( 'NONE', ( #10132, #4935, #6526, #9486 ) ) ;
#3178 = EDGE_CURVE ( 'NONE', #3898, #612, #8248, .T. ) ;
#3179 = ORIENTED_EDGE ( 'NONE', *, *, #590, .T. ) ;
#3180 = DIRECTION ( 'NONE',  ( -0.000000000000000000, -1.000000000000000000, -0.000000000000000000 ) ) ;
#3181 = DIRECTION ( 'NONE',  ( -0.000000000000000000, -0.000000000000000000, 1.000000000000000000 ) ) ;
#3182 = FACE_OUTER_BOUND ( 'NONE', #2952, .T. ) ;
#3183 = DIRECTION ( 'NONE',  ( -0.3420201433256863099, -8.011931508174043910E-16, -0.9396926207859018776 ) ) ;
#3184 = VERTEX_POINT ( 'NONE', #6525 ) ;
#3185 = APPLICATION_PROTOCOL_DEFINITION ( 'international standard', 'config_control_design', 1994, #7097 ) ;
#3186 = ORIENTED_EDGE ( 'NONE', *, *, #8338, .T. ) ;
#3187 = CARTESIAN_POINT ( 'NONE',  ( 92.34245936985364267, -5.728164937519056643, -61.66678322122567835 ) ) ;
#3188 = VECTOR ( 'NONE', #3129, 1000.000000000000000 ) ;
#3189 = EDGE_CURVE ( 'NONE', #7833, #539, #7252, .T. ) ;
#3190 = DIRECTION ( 'NONE',  ( -0.4999999999999997224, 0.000000000000000000, -0.8660254037844388186 ) ) ;
#3191 = EDGE_LOOP ( 'NONE', ( #8549, #3757 ) ) ;
#3192 = ADVANCED_FACE ( 'NONE', ( #9710 ), #8039, .F. ) ;
#3193 = EDGE_LOOP ( 'NONE', ( #9804, #4542, #2347, #1417, #5871, #9539, #9711, #4717, #4840, #12 ) ) ;
#3194 = CARTESIAN_POINT ( 'NONE',  ( 65.42938555780321508, 2.249999999999781508, 68.34523804181178264 ) ) ;
#3195 = ADVANCED_FACE ( 'NONE', ( #5747 ), #1789, .T. ) ;
#3196 = CARTESIAN_POINT ( 'NONE',  ( -8.660254037844387298, 0.000000000000000000, -8.590526202073901000E-16 ) ) ;
#3197 = VECTOR ( 'NONE', #9228, 1000.000000000000114 ) ;
#3198 = ORIENTED_EDGE ( 'NONE', *, *, #54, .F. ) ;
#3199 = CARTESIAN_POINT ( 'NONE',  ( -28.14582562299473878, 6.000000000000005329, 42.49999999999998579 ) ) ;
#3200 = ORIENTED_EDGE ( 'NONE', *, *, #10158, .T. ) ;
#3201 = ORIENTED_EDGE ( 'NONE', *, *, #9312, .T. ) ;
#3202 = AXIS2_PLACEMENT_3D ( 'NONE', #824, #6292, #724 ) ;
#3203 = EDGE_CURVE ( 'NONE', #214, #6988, #5277, .T. ) ;
#3204 = EDGE_LOOP ( 'NONE', ( #2515, #741, #8458, #9322 ) ) ;
#3205 = VECTOR ( 'NONE', #3648, 1000.000000000000000 ) ;
#3206 = CARTESIAN_POINT ( 'NONE',  ( -70.46463223241229912, 12.75833024919765712, 90.56783441562363635 ) ) ;
#3207 = DIRECTION ( 'NONE',  ( 0.000000000000000000, 0.000000000000000000, -1.000000000000000000 ) ) ;
#3208 = DIRECTION ( 'NONE',  ( -0.000000000000000000, -1.000000000000000000, -0.000000000000000000 ) ) ;
#3209 = EDGE_LOOP ( 'NONE', ( #868, #9703, #8582, #3454, #7885 ) ) ;
#3210 = EDGE_CURVE ( 'NONE', #3057, #8647, #7617, .T. ) ;
#3211 = FACE_OUTER_BOUND ( 'NONE', #9463, .T. ) ;
#3212 = AXIS2_PLACEMENT_3D ( 'NONE', #1899, #5962, #4459 ) ;
#3213 = CARTESIAN_POINT ( 'NONE',  ( 72.62888298754661776, 20.99999999999993605, -95.97381846109878722 ) ) ;
#3214 = DIRECTION ( 'NONE',  ( -0.000000000000000000, -0.000000000000000000, 1.000000000000000000 ) ) ;
#3215 = AXIS2_PLACEMENT_3D ( 'NONE', #9444, #2359, #1429 ) ;
#3216 = CARTESIAN_POINT ( 'NONE',  ( 117.0716075710387827, 2.249999999998087308, 80.85011183042237803 ) ) ;
#3217 = EDGE_CURVE ( 'NONE', #9830, #7833, #3570, .T. ) ;
#3218 = ORIENTED_EDGE ( 'NONE', *, *, #9960, .T. ) ;
#3219 = DIRECTION ( 'NONE',  ( -0.4698463103929531592, 0.8660254037844399289, -0.1710100716628304984 ) ) ;
#3220 = EDGE_LOOP ( 'NONE', ( #1370, #9257, #7037, #5779 ) ) ;
#3221 = ADVANCED_FACE ( 'NONE', ( #1161 ), #10072, .T. ) ;
#3222 = CARTESIAN_POINT ( 'NONE',  ( -32.03989878038110106, 147.4213562373095385, 6.744732556983351834 ) ) ;
#3223 = CARTESIAN_POINT ( 'NONE',  ( 22.71712670107555709, 6.000000000000005329, 3.124999999999962697 ) ) ;
#3224 = ORIENTED_EDGE ( 'NONE', *, *, #5965, .F. ) ;
#3225 = VECTOR ( 'NONE', #42, 1000.000000000000000 ) ;
#3226 = DIRECTION ( 'NONE',  ( -1.000000000000000000, 0.000000000000000000, -0.000000000000000000 ) ) ;
#3227 = AXIS2_PLACEMENT_3D ( 'NONE', #9871, #5967, #4258 ) ;
#3228 = CARTESIAN_POINT ( 'NONE',  ( 14.07291281149736051, 0.000000000000000000, -39.37499999999995737 ) ) ;
#3229 = DIRECTION ( 'NONE',  ( -0.8660254037844387076, 0.000000000000000000, -0.5000000000000001110 ) ) ;
#3230 = CARTESIAN_POINT ( 'NONE',  ( -49.99999999999999289, 147.4213562373095385, 4.647459621556995657 ) ) ;
#3231 = DIRECTION ( 'NONE',  ( 0.5000000000000001110, 0.000000000000000000, 0.8660254037844387076 ) ) ;
#3232 = VERTEX_POINT ( 'NONE', #9969 ) ;
#3233 = CARTESIAN_POINT ( 'NONE',  ( -9.742785792574935044, 0.000000000000000000, 10.62499999999999822 ) ) ;
#3234 = FACE_OUTER_BOUND ( 'NONE', #1009, .T. ) ;
#3235 = VECTOR ( 'NONE', #351, 1000.000000000000000 ) ;
#3236 = CARTESIAN_POINT ( 'NONE',  ( -66.91430112669026187, 5.499999999999643840, 63.56481424690534254 ) ) ;
#3237 = CARTESIAN_POINT ( 'NONE',  ( 41.13620667976131529, 0.000000000000000000, 28.74999999999999289 ) ) ;
#3238 = DIRECTION ( 'NONE',  ( -0.5000000000000000000, 0.000000000000000000, -0.8660254037844385966 ) ) ;
#3239 = ORIENTED_EDGE ( 'NONE', *, *, #1846, .T. ) ;
#3240 = DIRECTION ( 'NONE',  ( -0.000000000000000000, -1.000000000000000000, -0.000000000000000000 ) ) ;
#3241 = VECTOR ( 'NONE', #4499, 1000.000000000000114 ) ;
#3242 = LINE ( 'NONE', #6620, #3436 ) ;
#3243 = ORIENTED_EDGE ( 'NONE', *, *, #7006, .T. ) ;
#3244 = LINE ( 'NONE', #9543, #7725 ) ;
#3245 = EDGE_CURVE ( 'NONE', #8799, #8556, #10022, .T. ) ;
#3246 = FACE_BOUND ( 'NONE', #6621, .T. ) ;
#3247 = VERTEX_POINT ( 'NONE', #2940 ) ;
#3248 = AXIS2_PLACEMENT_3D ( 'NONE', #5880, #5204, #7594 ) ;
#3249 = ADVANCED_FACE ( 'NONE', ( #333 ), #4452, .F. ) ;
#3250 = VECTOR ( 'NONE', #2332, 1000.000000000000000 ) ;
#3251 = VERTEX_POINT ( 'NONE', #7515 ) ;
#3252 = CARTESIAN_POINT ( 'NONE',  ( 45.22221635007678486, 41.51624119651131650, 85.99860758460253862 ) ) ;
#3253 = EDGE_LOOP ( 'NONE', ( #9660, #6151, #8321, #4614, #5593 ) ) ;
#3254 = PLANE ( 'NONE',  #4315 ) ;
#3255 = ORIENTED_EDGE ( 'NONE', *, *, #4483, .T. ) ;
#3256 = VECTOR ( 'NONE', #5761, 1000.000000000000000 ) ;
#3257 = VERTEX_POINT ( 'NONE', #2100 ) ;
#3258 = VECTOR ( 'NONE', #8892, 1000.000000000000000 ) ;
#3259 = VERTEX_POINT ( 'NONE', #1211 ) ;
#3260 = EDGE_CURVE ( 'NONE', #698, #6888, #1318, .T. ) ;
#3261 = CARTESIAN_POINT ( 'NONE',  ( -11.26739772084300206, 0.000000000000000000, 34.51570532158540061 ) ) ;
#3262 = EDGE_CURVE ( 'NONE', #6014, #4564, #5125, .T. ) ;
#3263 = CARTESIAN_POINT ( 'NONE',  ( 22.73316684934153287, 147.4213562373095385, -3.124999999999960920 ) ) ;
#3264 = CARTESIAN_POINT ( 'NONE',  ( 28.14582562299473878, 0.000000000000000000, 21.24999999999999289 ) ) ;
#3265 = VECTOR ( 'NONE', #56, 1000.000000000000227 ) ;
#3266 = EDGE_LOOP ( 'NONE', ( #6318, #6273, #8449, #727, #7407, #1286, #5323, #6704, #6124, #2296, #587, #4398, #4591, #5479, #9425, #3200 ) ) ;
#3267 = LINE ( 'NONE', #130, #5528 ) ;
#3268 = LINE ( 'NONE', #6434, #4512 ) ;
#3269 = ORIENTED_EDGE ( 'NONE', *, *, #5014, .F. ) ;
#3270 = DIRECTION ( 'NONE',  ( 0.5000000000000008882, 0.000000000000000000, 0.8660254037844381525 ) ) ;
#3271 = LINE ( 'NONE', #1551, #1605 ) ;
#3272 = EDGE_CURVE ( 'NONE', #8186, #2722, #8124, .T. ) ;
#3273 = ORIENTED_EDGE ( 'NONE', *, *, #3415, .T. ) ;
#3274 = CARTESIAN_POINT ( 'NONE',  ( 72.62888298754661776, 20.99999999999993605, 95.97381846109878722 ) ) ;
#3275 = ORIENTED_EDGE ( 'NONE', *, *, #2870, .T. ) ;
#3276 = CARTESIAN_POINT ( 'NONE',  ( 4.330127018922120818, 0.000000000000000000, -13.74999999999999822 ) ) ;
#3277 = VECTOR ( 'NONE', #9412, 999.9999999999998863 ) ;
#3278 = FACE_OUTER_BOUND ( 'NONE', #4067, .T. ) ;
#3279 = ORIENTED_EDGE ( 'NONE', *, *, #9879, .F. ) ;
#3280 = ADVANCED_FACE ( 'NONE', ( #6885 ), #9086, .F. ) ;
#3281 = CARTESIAN_POINT ( 'NONE',  ( -71.75583453782208210, 8.999999999999966249, -67.98743272795280745 ) ) ;
#3282 = LINE ( 'NONE', #6603, #5180 ) ;
#3283 = DIRECTION ( 'NONE',  ( -0.5000000000000067724, 0.000000000000000000, -0.8660254037844347108 ) ) ;
#3284 = EDGE_CURVE ( 'NONE', #7954, #8287, #5903, .T. ) ;
#3285 = DIRECTION ( 'NONE',  ( 1.000000000000000000, 0.000000000000000000, -0.000000000000000000 ) ) ;
#3286 = CARTESIAN_POINT ( 'NONE',  ( 14.07291281149715090, 6.000000000000005329, 3.124999999999960920 ) ) ;
#3287 = ORIENTED_EDGE ( 'NONE', *, *, #7517, .F. ) ;
#3288 = CARTESIAN_POINT ( 'NONE',  ( -50.00000000000000000, 6.000000000000000000, -50.00000000000000000 ) ) ;
#3289 = DIRECTION ( 'NONE',  ( -0.5000000000000000000, 0.000000000000000000, 0.8660254037844385966 ) ) ;
#3290 = FACE_BOUND ( 'NONE', #1786, .T. ) ;
#3291 = CARTESIAN_POINT ( 'NONE',  ( 14.07291281149758966, 147.4213562373095385, 45.62499999999995737 ) ) ;
#3292 = CARTESIAN_POINT ( 'NONE',  ( 46.40590262964586543, 0.000000000000000000, 85.06805748150695479 ) ) ;
#3293 = CIRCLE ( 'NONE', #10115, 2.249999999999988898 ) ;
#3294 = ORIENTED_EDGE ( 'NONE', *, *, #115, .F. ) ;
#3295 = CARTESIAN_POINT ( 'NONE',  ( -30.40590262964586188, 0.000000000000000000, -66.00000000000000000 ) ) ;
#3296 = ORIENTED_EDGE ( 'NONE', *, *, #2836, .T. ) ;
#3297 = LINE ( 'NONE', #5792, #9733 ) ;
#3298 = ADVANCED_FACE ( 'NONE', ( #9915 ), #1947, .T. ) ;
#3299 = DIRECTION ( 'NONE',  ( -0.000000000000000000, -1.000000000000000000, -0.000000000000000000 ) ) ;
#3300 = ORIENTED_EDGE ( 'NONE', *, *, #4924, .F. ) ;
#3301 = VERTEX_POINT ( 'NONE', #2837 ) ;
#3302 = EDGE_CURVE ( 'NONE', #7878, #1407, #4298, .T. ) ;
#3303 = FACE_OUTER_BOUND ( 'NONE', #30, .T. ) ;
#3304 = ORIENTED_EDGE ( 'NONE', *, *, #9027, .F. ) ;
#3305 = VECTOR ( 'NONE', #5755, 1000.000000000000000 ) ;
#3306 = LINE ( 'NONE', #5697, #4806 ) ;
#3307 = ORIENTED_EDGE ( 'NONE', *, *, #5890, .F. ) ;
#3308 = EDGE_CURVE ( 'NONE', #612, #9087, #3521, .T. ) ;
#3309 = CIRCLE ( 'NONE', #3818, 61.96152422706628471 ) ;
#3310 = ORIENTED_EDGE ( 'NONE', *, *, #8491, .F. ) ;
#3311 = CARTESIAN_POINT ( 'NONE',  ( -14.07291281149715978, 147.4213562373095385, -18.12499999999996092 ) ) ;
#3312 = DIRECTION ( 'NONE',  ( 1.000000000000000000, -0.000000000000000000, 0.000000000000000000 ) ) ;
#3313 = CARTESIAN_POINT ( 'NONE',  ( -8.660254037844532959, 0.000000000000000000, 42.49999999999999289 ) ) ;
#3314 = EDGE_LOOP ( 'NONE', ( #2068, #1441, #7798, #4702 ) ) ;
#3315 = DIRECTION ( 'NONE',  ( 0.000000000000000000, 0.000000000000000000, -1.000000000000000000 ) ) ;
#3316 = VECTOR ( 'NONE', #5923, 1000.000000000000000 ) ;
#3317 = CARTESIAN_POINT ( 'NONE',  ( 77.67962342022298117, 8.999999999999962697, -51.71195653594100605 ) ) ;
#3318 = EDGE_LOOP ( 'NONE', ( #2798, #2571, #852, #7941 ) ) ;
#3319 = LINE ( 'NONE', #5602, #3256 ) ;
#3320 = DIRECTION ( 'NONE',  ( 0.000000000000000000, -0.000000000000000000, 1.000000000000000000 ) ) ;
#3321 = CIRCLE ( 'NONE', #2150, 2.750000000000002665 ) ;
#3322 = ORIENTED_EDGE ( 'NONE', *, *, #3502, .T. ) ;
#3323 = LINE ( 'NONE', #4885, #5235 ) ;
#3324 = ORIENTED_EDGE ( 'NONE', *, *, #3358, .T. ) ;
#3325 = VECTOR ( 'NONE', #9121, 1000.000000000000000 ) ;
#3326 = DIRECTION ( 'NONE',  ( -0.5000000000000002220, 0.000000000000000000, -0.8660254037844384856 ) ) ;
#3327 = ADVANCED_FACE ( 'NONE', ( #9141 ), #2000, .T. ) ;
#3328 = CARTESIAN_POINT ( 'NONE',  ( -27.06329386826395123, 6.000000000000005329, 31.87499999999995737 ) ) ;
#3329 = EDGE_LOOP ( 'NONE', ( #9531, #3805, #636, #2512, #5328, #5700, #302, #3772 ) ) ;
#3330 = EDGE_CURVE ( 'NONE', #6374, #2841, #432, .T. ) ;
#3331 = EDGE_CURVE ( 'NONE', #9255, #8138, #8652, .T. ) ;
#3332 = DIRECTION ( 'NONE',  ( 0.5000000000000000000, 0.000000000000000000, 0.8660254037844385966 ) ) ;
#3333 = CARTESIAN_POINT ( 'NONE',  ( 25.98076211353308551, 6.000000000000005329, -15.00000000000013323 ) ) ;
#3334 = DIRECTION ( 'NONE',  ( 0.4698463103929674811, 0.8660254037844281605, -0.1710100716628500939 ) ) ;
#3335 = DIRECTION ( 'NONE',  ( -0.000000000000000000, -1.000000000000000000, -0.000000000000000000 ) ) ;
#3336 = DIRECTION ( 'NONE',  ( 6.938893903907228378E-17, 0.000000000000000000, -1.000000000000000000 ) ) ;
#3337 = EDGE_CURVE ( 'NONE', #3734, #9090, #4758, .T. ) ;
#3338 = VECTOR ( 'NONE', #9054, 1000.000000000000114 ) ;
#3339 = DIRECTION ( 'NONE',  ( 0.5000000000000000000, 0.000000000000000000, -0.8660254037844385966 ) ) ;
#3340 = VERTEX_POINT ( 'NONE', #4606 ) ;
#3341 = ADVANCED_FACE ( 'NONE', ( #5427 ), #7873, .F. ) ;
#3342 = CYLINDRICAL_SURFACE ( 'NONE', #2811, 61.96152422706627760 ) ;
#3343 = CARTESIAN_POINT ( 'NONE',  ( -22.73316684934153287, 0.000000000000000000, -3.124999999999960920 ) ) ;
#3344 = CARTESIAN_POINT ( 'NONE',  ( -48.21495254706555045, 6.000000000000000000, 87.08787447931756276 ) ) ;
#3345 = LINE ( 'NONE', #8075, #8181 ) ;
#3346 = LINE ( 'NONE', #887, #4816 ) ;
#3347 = VERTEX_POINT ( 'NONE', #1419 ) ;
#3348 = CALENDAR_DATE ( 2026, 3, 4 ) ;
#3349 = CARTESIAN_POINT ( 'NONE',  ( -50.00000000000000000, 6.000000000000000000, -50.00000000000000000 ) ) ;
#3350 = ORIENTED_EDGE ( 'NONE', *, *, #10243, .T. ) ;
#3351 = LINE ( 'NONE', #6518, #9393 ) ;
#3352 = EDGE_CURVE ( 'NONE', #8834, #7110, #314, .T. ) ;
#3353 = DIRECTION ( 'NONE',  ( 0.8757795372522678701, -0.4330127018922227955, 0.2133312028986864284 ) ) ;
#3354 = ORIENTED_EDGE ( 'NONE', *, *, #4613, .F. ) ;
#3355 = EDGE_LOOP ( 'NONE', ( #6209, #4042, #633, #8051 ) ) ;
#3356 = DIRECTION ( 'NONE',  ( -0.4698463103929531592, 0.8660254037844399289, 0.1710100716628304984 ) ) ;
#3357 = ORIENTED_EDGE ( 'NONE', *, *, #7258, .F. ) ;
#3358 = EDGE_CURVE ( 'NONE', #7305, #2249, #6982, .T. ) ;
#3359 = LINE ( 'NONE', #2520, #6140 ) ;
#3360 = EDGE_LOOP ( 'NONE', ( #4350, #3655, #4490, #6071, #8085, #2263, #6865, #2149 ) ) ;
#3361 = VECTOR ( 'NONE', #2223, 1000.000000000000114 ) ;
#3362 = ORIENTED_EDGE ( 'NONE', *, *, #2222, .T. ) ;
#3363 = LINE ( 'NONE', #6530, #8632 ) ;
#3364 = PLANE ( 'NONE',  #99 ) ;
#3365 = DIRECTION ( 'NONE',  ( 0.000000000000000000, -0.000000000000000000, 1.000000000000000000 ) ) ;
#3366 = ORIENTED_EDGE ( 'NONE', *, *, #9879, .T. ) ;
#3367 = FACE_OUTER_BOUND ( 'NONE', #9159, .T. ) ;
#3368 = ADVANCED_FACE ( 'NONE', ( #5478 ), #7770, .F. ) ;
#3369 = CARTESIAN_POINT ( 'NONE',  ( 25.49447007271216137, 0.000000000000000000, -7.907717477981577758 ) ) ;
#3370 = ORIENTED_EDGE ( 'NONE', *, *, #3524, .F. ) ;
#3371 = CARTESIAN_POINT ( 'NONE',  ( 72.69737236693866578, -11.20345065570508680, -87.91339593296397936 ) ) ;
#3372 = CARTESIAN_POINT ( 'NONE',  ( 3.673940397442059967E-15, 0.000000000000000000, -21.96152422706639129 ) ) ;
#3373 = EDGE_LOOP ( 'NONE', ( #5132, #8314, #5579, #1608 ) ) ;
#3374 = VECTOR ( 'NONE', #3861, 1000.000000000000000 ) ;
#3375 = AXIS2_PLACEMENT_3D ( 'NONE', #359, #9314, #2177 ) ;
#3376 = VERTEX_POINT ( 'NONE', #2200 ) ;
#3377 = PLANE ( 'NONE',  #10066 ) ;
#3378 = ORIENTED_EDGE ( 'NONE', *, *, #9666, .F. ) ;
#3379 = EDGE_CURVE ( 'NONE', #3088, #81, #1467, .T. ) ;
#3380 = LINE ( 'NONE', #923, #3258 ) ;
#3381 = CIRCLE ( 'NONE', #210, 1.249999999999995559 ) ;
#3382 = ADVANCED_FACE ( 'NONE', ( #10172, #9387 ), #637, .T. ) ;
#3383 = FACE_OUTER_BOUND ( 'NONE', #4239, .T. ) ;
#3384 = VERTEX_POINT ( 'NONE', #788 ) ;
#3385 = VECTOR ( 'NONE', #1674, 1000.000000000000000 ) ;
#3386 = AXIS2_PLACEMENT_3D ( 'NONE', #6859, #9266, #2123 ) ;
#3387 = CARTESIAN_POINT ( 'NONE',  ( 72.62888298754661776, 20.99999999999993605, -95.97381846109878722 ) ) ;
#3388 = EDGE_CURVE ( 'NONE', #2841, #8287, #3973, .T. ) ;
#3389 = CARTESIAN_POINT ( 'NONE',  ( -58.69381895926691328, 1.499999999999716893, 65.89369228902673115 ) ) ;
#3390 = LINE ( 'NONE', #826, #2586 ) ;
#3391 = DIRECTION ( 'NONE',  ( -0.000000000000000000, -1.000000000000000000, -0.000000000000000000 ) ) ;
#3392 = PLANE ( 'NONE',  #1289 ) ;
#3393 = CARTESIAN_POINT ( 'NONE',  ( 118.2462233470211572, 2.249999999998087308, -80.42258665126527717 ) ) ;
#3394 = VERTEX_POINT ( 'NONE', #6502 ) ;
#3395 = DIRECTION ( 'NONE',  ( -0.000000000000000000, -1.000000000000000000, -0.000000000000000000 ) ) ;
#3396 = FACE_OUTER_BOUND ( 'NONE', #4448, .T. ) ;
#3397 = AXIS2_PLACEMENT_3D ( 'NONE', #8639, #2443, #6451 ) ;
#3398 = EDGE_CURVE ( 'NONE', #6311, #1643, #7822, .T. ) ;
#3399 = DIRECTION ( 'NONE',  ( 1.000000000000000000, 0.000000000000000000, 0.000000000000000000 ) ) ;
#3400 = CARTESIAN_POINT ( 'NONE',  ( 66.00000000000000000, 6.000000000000000000, 38.22385819845018062 ) ) ;
#3401 = DIRECTION ( 'NONE',  ( 0.4999999999999997224, 0.000000000000000000, -0.8660254037844388186 ) ) ;
#3402 = ORIENTED_EDGE ( 'NONE', *, *, #104, .F. ) ;
#3403 = CALENDAR_DATE ( 2026, 3, 4 ) ;
#3404 = EDGE_CURVE ( 'NONE', #1407, #4964, #151, .T. ) ;
#3405 = EDGE_CURVE ( 'NONE', #2012, #7629, #10272, .T. ) ;
#3406 = CYLINDRICAL_SURFACE ( 'NONE', #1594, 61.96152422706639840 ) ;
#3407 = VERTEX_POINT ( 'NONE', #5723 ) ;
#3408 = DIRECTION ( 'NONE',  ( 0.000000000000000000, 0.000000000000000000, 1.000000000000000000 ) ) ;
#3409 = DIRECTION ( 'NONE',  ( -0.4698463103929531592, 0.8660254037844399289, 0.1710100716628304984 ) ) ;
#3410 = VERTEX_POINT ( 'NONE', #3874 ) ;
#3411 = EDGE_LOOP ( 'NONE', ( #7073, #8650, #9309, #4077, #7104, #6107 ) ) ;
#3412 = LINE ( 'NONE', #3252, #1280 ) ;
#3413 = VERTEX_POINT ( 'NONE', #1367 ) ;
#3414 = VECTOR ( 'NONE', #4107, 1000.000000000000000 ) ;
#3415 = EDGE_CURVE ( 'NONE', #2394, #9604, #3136, .T. ) ;
#3416 = DIRECTION ( 'NONE',  ( 1.000000000000000000, 0.000000000000000000, 0.000000000000000000 ) ) ;
#3417 = ORIENTED_EDGE ( 'NONE', *, *, #9075, .T. ) ;
#3418 = CIRCLE ( 'NONE', #4081, 2.249999999999984013 ) ;
#3419 = DIRECTION ( 'NONE',  ( 0.000000000000000000, 0.000000000000000000, 1.000000000000000000 ) ) ;
#3420 = VECTOR ( 'NONE', #8644, 1000.000000000000227 ) ;
#3421 = DIRECTION ( 'NONE',  ( -0.5000000000000000000, 0.000000000000000000, 0.8660254037844385966 ) ) ;
#3422 = DIRECTION ( 'NONE',  ( 0.000000000000000000, -0.000000000000000000, 1.000000000000000000 ) ) ;
#3423 = ORIENTED_EDGE ( 'NONE', *, *, #6384, .F. ) ;
#3424 = FACE_OUTER_BOUND ( 'NONE', #51, .T. ) ;
#3425 = CARTESIAN_POINT ( 'NONE',  ( 49.99999999999997868, 147.4213562373095385, -16.60254037844299901 ) ) ;
#3426 = ORIENTED_EDGE ( 'NONE', *, *, #527, .F. ) ;
#3427 = LINE ( 'NONE', #184, #6089 ) ;
#3428 = VECTOR ( 'NONE', #4833, 1000.000000000000000 ) ;
#3429 = FACE_BOUND ( 'NONE', #8824, .T. ) ;
#3430 = ORIENTED_EDGE ( 'NONE', *, *, #9568, .T. ) ;
#3431 = VECTOR ( 'NONE', #34, 1000.000000000000227 ) ;
#3432 = ORIENTED_EDGE ( 'NONE', *, *, #7669, .F. ) ;
#3433 = DIRECTION ( 'NONE',  ( 0.000000000000000000, 0.000000000000000000, -1.000000000000000000 ) ) ;
#3434 = ORIENTED_EDGE ( 'NONE', *, *, #4746, .F. ) ;
#3435 = CARTESIAN_POINT ( 'NONE',  ( 50.00000000000000000, 0.000000000000000000, -37.85254037844264019 ) ) ;
#3436 = VECTOR ( 'NONE', #6515, 1000.000000000000000 ) ;
#3437 = LINE ( 'NONE', #246, #8493 ) ;
#3438 = ORIENTED_EDGE ( 'NONE', *, *, #2307, .F. ) ;
#3439 = LINE ( 'NONE', #3494, #8189 ) ;
#3440 = DIRECTION ( 'NONE',  ( -0.5000000000000003331, 0.000000000000000000, 0.8660254037844383745 ) ) ;
#3441 = DIRECTION ( 'NONE',  ( -0.5000000000000000000, 0.000000000000000000, -0.8660254037844385966 ) ) ;
#3442 = LINE ( 'NONE', #4998, #5711 ) ;
#3443 = CARTESIAN_POINT ( 'NONE',  ( -50.00000000000000000, 6.000000000000005329, -25.89745962155733139 ) ) ;
#3444 = DIRECTION ( 'NONE',  ( -0.4698463103929487183, 0.8660254037844400399, 0.1710100716628430717 ) ) ;
#3445 = AXIS2_PLACEMENT_3D ( 'NONE', #779, #9378, #7127 ) ;
#3446 = EDGE_LOOP ( 'NONE', ( #8569, #5698, #3742, #5738, #2395, #8970, #5523, #5705, #6517, #6259, #9103, #7874, #6544, #4136, #9437, #1732, #7778, #9872 ) ) ;
#3447 = DIRECTION ( 'NONE',  ( -0.000000000000000000, -1.000000000000000000, -0.000000000000000000 ) ) ;
#3448 = CC_DESIGN_PERSON_AND_ORGANIZATION_ASSIGNMENT ( #7451, #8131, ( #8978 ) ) ;
#3449 = LINE ( 'NONE', #4175, #1753 ) ;
#3450 = EDGE_CURVE ( 'NONE', #4771, #10124, #6309, .T. ) ;
#3451 = CARTESIAN_POINT ( 'NONE',  ( -46.40590262964586543, 6.000000000000000000, 85.06805748150695479 ) ) ;
#3452 = DIRECTION ( 'NONE',  ( -0.4999999999999999445, 0.000000000000000000, 0.8660254037844387076 ) ) ;
#3453 = CARTESIAN_POINT ( 'NONE',  ( -22.73316684934176379, 6.000000000000005329, -39.37499999999995737 ) ) ;
#3454 = ORIENTED_EDGE ( 'NONE', *, *, #6287, .F. ) ;
#3455 = PERSON_AND_ORGANIZATION_ROLE ( 'classification_officer' ) ;
#3456 = CARTESIAN_POINT ( 'NONE',  ( -25.25907427704662211, 147.4213562373095385, -50.00000000000000000 ) ) ;
#3457 = EDGE_LOOP ( 'NONE', ( #9904, #6652, #6520, #818 ) ) ;
#3458 = DIRECTION ( 'NONE',  ( 0.9396926207859085389, 0.000000000000000000, -0.3420201433256684354 ) ) ;
#3459 = EDGE_LOOP ( 'NONE', ( #892, #7016, #7300, #2462 ) ) ;
#3460 = ADVANCED_FACE ( 'NONE', ( #6166 ), #9340, .T. ) ;
#3461 = VECTOR ( 'NONE', #10120, 1000.000000000000000 ) ;
#3462 = EDGE_CURVE ( 'NONE', #3762, #194, #8552, .T. ) ;
#3463 = ADVANCED_FACE ( 'NONE', ( #1767 ), #2658, .T. ) ;
#3464 = ORIENTED_EDGE ( 'NONE', *, *, #6449, .F. ) ;
#3465 = PLANE ( 'NONE',  #9280 ) ;
#3466 = VERTEX_POINT ( 'NONE', #5833 ) ;
#3467 = CARTESIAN_POINT ( 'NONE',  ( 22.73316684934198051, 147.4213562373095385, 45.62499999999995737 ) ) ;
#3468 = EDGE_CURVE ( 'NONE', #8758, #2627, #9893, .T. ) ;
#3469 = VERTEX_POINT ( 'NONE', #1036 ) ;
#3470 = CIRCLE ( 'NONE', #7449, 51.96152422706635576 ) ;
#3471 = EDGE_CURVE ( 'NONE', #15, #2229, #2710, .T. ) ;
#3472 = CARTESIAN_POINT ( 'NONE',  ( -50.00000000000000000, 0.000000000000000000, -37.85254037844264019 ) ) ;
#3473 = ORIENTED_EDGE ( 'NONE', *, *, #8018, .T. ) ;
#3474 = LINE ( 'NONE', #1952, #6097 ) ;
#3475 = CARTESIAN_POINT ( 'NONE',  ( 119.4208391230035318, 2.249999999998087308, 79.99506147210819051 ) ) ;
#3476 = VECTOR ( 'NONE', #8879, 1000.000000000000000 ) ;
#3477 = ORIENTED_EDGE ( 'NONE', *, *, #8135, .T. ) ;
#3478 = DIRECTION ( 'NONE',  ( -0.5000000000000002220, 0.000000000000000000, 0.8660254037844384856 ) ) ;
#3479 = DIRECTION ( 'NONE',  ( -0.8789733129752195229, -0.4768709627114725014, 0.000000000000000000 ) ) ;
#3480 = ORIENTED_EDGE ( 'NONE', *, *, #2904, .T. ) ;
#3481 = DIRECTION ( 'NONE',  ( -0.3795327795289917816, -0.9148074042510829784, 0.1381386346768829765 ) ) ;
#3482 = LINE ( 'NONE', #8263, #5936 ) ;
#3483 = VERTEX_POINT ( 'NONE', #9737 ) ;
#3484 = VECTOR ( 'NONE', #8768, 1000.000000000000000 ) ;
#3485 = ORIENTED_EDGE ( 'NONE', *, *, #1615, .T. ) ;
#3486 = DIRECTION ( 'NONE',  ( -0.4999999999999993339, 0.000000000000000000, 0.8660254037844390407 ) ) ;
#3487 = ORIENTED_EDGE ( 'NONE', *, *, #2445, .T. ) ;
#3488 = AXIS2_PLACEMENT_3D ( 'NONE', #8434, #6666, #8382 ) ;
#3489 = PLANE ( 'NONE',  #6147 ) ;
#3490 = DIRECTION ( 'NONE',  ( -0.000000000000000000, -1.000000000000000000, -0.000000000000000000 ) ) ;
#3491 = ORIENTED_EDGE ( 'NONE', *, *, #5482, .T. ) ;
#3492 = AXIS2_PLACEMENT_3D ( 'NONE', #9404, #3102, #2266 ) ;
#3493 = AXIS2_PLACEMENT_3D ( 'NONE', #8648, #8023, #4754 ) ;
#3494 = CARTESIAN_POINT ( 'NONE',  ( 48.21495254706555045, 6.000000000000000000, -87.08787447931756276 ) ) ;
#3495 = AXIS2_PLACEMENT_3D ( 'NONE', #2718, #5893, #5413 ) ;
#3496 = CARTESIAN_POINT ( 'NONE',  ( -95.31102044180072141, -5.728164937518876343, 53.51072870777982615 ) ) ;
#3497 = CARTESIAN_POINT ( 'NONE',  ( 45.46633369868351338, 6.000000000000005329, -42.49999999999998579 ) ) ;
#3498 = LINE ( 'NONE', #4276, #5220 ) ;
#3499 = LINE ( 'NONE', #1034, #2124 ) ;
#3500 = EDGE_CURVE ( 'NONE', #1810, #8979, #2984, .T. ) ;
#3501 = CARTESIAN_POINT ( 'NONE',  ( -50.00000000000000000, 0.000000000000000000, -25.89745962155733139 ) ) ;
#3502 = EDGE_CURVE ( 'NONE', #4224, #3232, #7467, .T. ) ;
#3503 = VECTOR ( 'NONE', #3780, 1000.000000000000000 ) ;
#3504 = ORIENTED_EDGE ( 'NONE', *, *, #1669, .T. ) ;
#3505 = CARTESIAN_POINT ( 'NONE',  ( 27.06329386826395123, 147.4213562373095385, -31.87499999999995737 ) ) ;
#3506 = PLANE ( 'NONE',  #3085 ) ;
#3507 = LINE ( 'NONE', #2769, #3041 ) ;
#3508 = CIRCLE ( 'NONE', #9641, 6.999999999999941380 ) ;
#3509 = CARTESIAN_POINT ( 'NONE',  ( -72.89294144958253696, -9.486715189943865312, -96.06992788138566652 ) ) ;
#3510 = CARTESIAN_POINT ( 'NONE',  ( -41.13620667976124423, 147.4213562373095385, 13.74999999999999822 ) ) ;
#3511 = EDGE_CURVE ( 'NONE', #839, #7359, #6607, .T. ) ;
#3512 = EDGE_LOOP ( 'NONE', ( #2949, #5390, #4666, #1700 ) ) ;
#3513 = COORDINATED_UNIVERSAL_TIME_OFFSET ( 7, 0, .BEHIND. ) ;
#3514 = CARTESIAN_POINT ( 'NONE',  ( -84.48338804127510571, 20.99999999999957012, 63.40383350717173983 ) ) ;
#3515 = VERTEX_POINT ( 'NONE', #5933 ) ;
#3516 = AXIS2_PLACEMENT_3D ( 'NONE', #5348, #3103, #9308 ) ;
#3517 = FACE_BOUND ( 'NONE', #6482, .T. ) ;
#3518 = ORIENTED_EDGE ( 'NONE', *, *, #5943, .F. ) ;
#3519 = CARTESIAN_POINT ( 'NONE',  ( 70.46463223241229912, 12.75833024919765712, -90.56783441562363635 ) ) ;
#3520 = VERTEX_POINT ( 'NONE', #4278 ) ;
#3521 = LINE ( 'NONE', #6679, #5139 ) ;
#3522 = ORIENTED_EDGE ( 'NONE', *, *, #5679, .F. ) ;
#3523 = CIRCLE ( 'NONE', #2516, 3.599999999999993872 ) ;
#3524 = EDGE_CURVE ( 'NONE', #7482, #10126, #9841, .T. ) ;
#3525 = LINE ( 'NONE', #6786, #7973 ) ;
#3526 = ORIENTED_EDGE ( 'NONE', *, *, #7084, .T. ) ;
#3527 = PLANE ( 'NONE',  #2260 ) ;
#3528 = EDGE_CURVE ( 'NONE', #8918, #1778, #1089, .T. ) ;
#3529 = FACE_OUTER_BOUND ( 'NONE', #4969, .T. ) ;
#3530 = VERTEX_POINT ( 'NONE', #8960 ) ;
#3531 = DIRECTION ( 'NONE',  ( 0.5234908573499331697, -0.8520312918379419065, 0.000000000000000000 ) ) ;
#3532 = FACE_OUTER_BOUND ( 'NONE', #4571, .T. ) ;
#3533 = VERTEX_POINT ( 'NONE', #2812 ) ;
#3534 = LINE ( 'NONE', #5136, #6746 ) ;
#3535 = DIRECTION ( 'NONE',  ( 0.000000000000000000, 0.000000000000000000, -1.000000000000000000 ) ) ;
#3536 = ORIENTED_EDGE ( 'NONE', *, *, #6301, .T. ) ;
#3537 = VERTEX_POINT ( 'NONE', #1978 ) ;
#3538 = EDGE_CURVE ( 'NONE', #1486, #8212, #5105, .T. ) ;
#3539 = LINE ( 'NONE', #9935, #6893 ) ;
#3540 = ORIENTED_EDGE ( 'NONE', *, *, #7597, .F. ) ;
#3541 = DIRECTION ( 'NONE',  ( 6.938893903907228378E-17, 0.000000000000000000, -1.000000000000000000 ) ) ;
#3542 = CARTESIAN_POINT ( 'NONE',  ( 27.06329386826395123, 6.000000000000005329, -31.87499999999995737 ) ) ;
#3543 = ORIENTED_EDGE ( 'NONE', *, *, #186, .T. ) ;
#3544 = CARTESIAN_POINT ( 'NONE',  ( -65.42938555780321508, 2.249999999999781508, 68.34523804181178264 ) ) ;
#3545 = DIRECTION ( 'NONE',  ( 0.5000000000000001110, 0.000000000000000000, 0.8660254037844387076 ) ) ;
#3546 = CARTESIAN_POINT ( 'NONE',  ( 46.54886545341427961, 6.000000000000005329, -31.87499999999998579 ) ) ;
#3547 = EDGE_CURVE ( 'NONE', #557, #2105, #8800, .T. ) ;
#3548 = LINE ( 'NONE', #2757, #249 ) ;
#3549 = FACE_OUTER_BOUND ( 'NONE', #4865, .T. ) ;
#3550 = CARTESIAN_POINT ( 'NONE',  ( -25.98076211353308906, 6.000000000000005329, -15.00000000000011546 ) ) ;
#3551 = VECTOR ( 'NONE', #2821, 999.9999999999998863 ) ;
#3552 = CARTESIAN_POINT ( 'NONE',  ( 41.13620667976124423, 6.000000000000005329, 13.74999999999999822 ) ) ;
#3553 = EDGE_CURVE ( 'NONE', #8539, #3057, #8278, .T. ) ;
#3554 = VERTEX_POINT ( 'NONE', #3501 ) ;
#3555 = CARTESIAN_POINT ( 'NONE',  ( 65.60302134699557541, 5.661903261019715750, -67.98743272795280745 ) ) ;
#3556 = FACE_OUTER_BOUND ( 'NONE', #943, .T. ) ;
#3557 = AXIS2_PLACEMENT_3D ( 'NONE', #6873, #5362, #10007 ) ;
#3558 = CIRCLE ( 'NONE', #712, 1.249999999999995559 ) ;
#3559 = LINE ( 'NONE', #7446, #7353 ) ;
#3560 = LINE ( 'NONE', #7662, #4035 ) ;
#3561 = CARTESIAN_POINT ( 'NONE',  ( -81.78546517605026622, -9.486715189943588200, 71.63791974095212822 ) ) ;
#3562 = ORIENTED_EDGE ( 'NONE', *, *, #5485, .T. ) ;
#3563 = FACE_OUTER_BOUND ( 'NONE', #2988, .T. ) ;
#3564 = ORIENTED_EDGE ( 'NONE', *, *, #3404, .T. ) ;
#3565 = CARTESIAN_POINT ( 'NONE',  ( -58.69381895926691328, 1.499999999999723777, -65.89369228902673115 ) ) ;
#3566 = ORIENTED_EDGE ( 'NONE', *, *, #6068, .T. ) ;
#3567 = VECTOR ( 'NONE', #1330, 1000.000000000000227 ) ;
#3568 = CARTESIAN_POINT ( 'NONE',  ( 49.99999999999999289, 0.000000000000000000, 50.00000000000000000 ) ) ;
#3569 = ORIENTED_EDGE ( 'NONE', *, *, #6635, .T. ) ;
#3570 = LINE ( 'NONE', #381, #5469 ) ;
#3571 = EDGE_LOOP ( 'NONE', ( #1946, #9446, #5190, #5326 ) ) ;
#3572 = CARTESIAN_POINT ( 'NONE',  ( -65.20420041006185841, 5.499999999999707789, 68.26327735083503967 ) ) ;
#3573 = EDGE_LOOP ( 'NONE', ( #1589, #4413, #6001, #4372 ) ) ;
#3574 = CARTESIAN_POINT ( 'NONE',  ( 70.99180026031160651, 17.25833024919705139, 81.52318550399951391 ) ) ;
#3575 = DIRECTION ( 'NONE',  ( 0.8660254037844383745, -0.000000000000000000, 0.5000000000000004441 ) ) ;
#3576 = AXIS2_PLACEMENT_3D ( 'NONE', #4317, #9051, #9829 ) ;
#3577 = VERTEX_POINT ( 'NONE', #5001 ) ;
#3578 = PLANE ( 'NONE',  #4713 ) ;
#3579 = CARTESIAN_POINT ( 'NONE',  ( -22.73316684934176379, 147.4213562373095385, -39.37499999999995737 ) ) ;
#3580 = VERTEX_POINT ( 'NONE', #6713 ) ;
#3581 = CARTESIAN_POINT ( 'NONE',  ( -14.07291281149736051, 6.000000000000005329, -39.37499999999995737 ) ) ;
#3582 = FACE_BOUND ( 'NONE', #1808, .T. ) ;
#3583 = EDGE_LOOP ( 'NONE', ( #3938, #1584 ) ) ;
#3584 = EDGE_CURVE ( 'NONE', #3384, #3628, #5639, .T. ) ;
#3585 = VERTEX_POINT ( 'NONE', #3552 ) ;
#3586 = EDGE_CURVE ( 'NONE', #3853, #7555, #2761, .T. ) ;
#3588 = PLANE ( 'NONE',  #3576 ) ;
#3587 = CIRCLE ( 'NONE', #4075, 61.96152422706628471 ) ;
#3589 = VERTEX_POINT ( 'NONE', #8328 ) ;
#3590 = CARTESIAN_POINT ( 'NONE',  ( -62.86331081135421073, 8.999999999999969802, 92.41944086838630312 ) ) ;
#3591 = PLANE ( 'NONE',  #2839 ) ;
#3592 = ORIENTED_EDGE ( 'NONE', *, *, #9756, .F. ) ;
#3593 = CARTESIAN_POINT ( 'NONE',  ( 3.673940397442059967E-15, 147.4213562373095385, 30.00000000000000000 ) ) ;
#3594 = VECTOR ( 'NONE', #5307, 1000.000000000000227 ) ;
#3595 = DIRECTION ( 'NONE',  ( 0.3420201433256701562, 1.073360150760649232E-14, -0.9396926207859078728 ) ) ;
#3596 = DIRECTION ( 'NONE',  ( -0.5000000000000006661, 0.000000000000000000, -0.8660254037844382635 ) ) ;
#3597 = EDGE_CURVE ( 'NONE', #1697, #7371, #5156, .T. ) ;
#3598 = AXIS2_PLACEMENT_3D ( 'NONE', #5458, #6340, #5561 ) ;
#3599 = CARTESIAN_POINT ( 'NONE',  ( 58.69381895926691328, 1.499999999999723777, 65.89369228902673115 ) ) ;
#3600 = CARTESIAN_POINT ( 'NONE',  ( 22.73316684934176379, 147.4213562373095385, -39.37499999999995737 ) ) ;
#3601 = DIRECTION ( 'NONE',  ( 0.3420201433256701562, 1.073360150760649232E-14, -0.9396926207859078728 ) ) ;
#3602 = EDGE_CURVE ( 'NONE', #2902, #9700, #8901, .T. ) ;
#3603 = ORIENTED_EDGE ( 'NONE', *, *, #1402, .T. ) ;
#3604 = PLANE ( 'NONE',  #8461 ) ;
#3605 = VECTOR ( 'NONE', #5527, 1000.000000000000000 ) ;
#3606 = DIRECTION ( 'NONE',  ( -0.5000000000000001110, 0.000000000000000000, 0.8660254037844387076 ) ) ;
#3607 = EDGE_CURVE ( 'NONE', #4824, #3882, #4172, .T. ) ;
#3608 = CARTESIAN_POINT ( 'NONE',  ( 46.54886545341405935, 147.4213562373095385, 10.62499999999999822 ) ) ;
#3609 = EDGE_CURVE ( 'NONE', #3839, #5466, #9998, .T. ) ;
#3610 = DIRECTION ( 'NONE',  ( -0.8660254037844379305, 0.000000000000000000, -0.5000000000000013323 ) ) ;
#3611 = CARTESIAN_POINT ( 'NONE',  ( -48.18039637606665337, 0.000000000000000000, 87.18281677883985026 ) ) ;
#3612 = VECTOR ( 'NONE', #424, 1000.000000000000227 ) ;
#3613 = DIRECTION ( 'NONE',  ( -6.938893903907227145E-17, 0.000000000000000000, 1.000000000000000000 ) ) ;
#3614 = ORIENTED_EDGE ( 'NONE', *, *, #8167, .T. ) ;
#3615 = LINE ( 'NONE', #9281, #932 ) ;
#3616 = ORIENTED_EDGE ( 'NONE', *, *, #8783, .T. ) ;
#3617 = DIRECTION ( 'NONE',  ( 0.8660254037844362651, -0.000000000000000000, 0.5000000000000042188 ) ) ;
#3618 = AXIS2_PLACEMENT_3D ( 'NONE', #6761, #4482, #1240 ) ;
#3619 = ORIENTED_EDGE ( 'NONE', *, *, #2610, .F. ) ;
#3620 = VECTOR ( 'NONE', #4084, 1000.000000000000000 ) ;
#3621 = FACE_OUTER_BOUND ( 'NONE', #7848, .T. ) ;
#3622 = ORIENTED_EDGE ( 'NONE', *, *, #3609, .F. ) ;
#3623 = CARTESIAN_POINT ( 'NONE',  ( -45.46633369868351338, 147.4213562373095385, 21.24999999999999289 ) ) ;
#3624 = ORIENTED_EDGE ( 'NONE', *, *, #10211, .F. ) ;
#3625 = EDGE_CURVE ( 'NONE', #214, #3032, #7596, .T. ) ;
#3626 = UNCERTAINTY_MEASURE_WITH_UNIT (LENGTH_MEASURE( 1.000000000000000082E-05 ), #3971, 'distance_accuracy_value', 'NONE');
#3627 = CARTESIAN_POINT ( 'NONE',  ( 32.47595264191693332, 6.000000000000005329, 7.500000000000000888 ) ) ;
#3628 = VERTEX_POINT ( 'NONE', #3654 ) ;
#3629 = CARTESIAN_POINT ( 'NONE',  ( -48.32614877529397290, 0.000000000000000000, 48.34702753535113828 ) ) ;
#3630 = ADVANCED_FACE ( 'NONE', ( #6813 ), #5987, .T. ) ;
#3631 = CARTESIAN_POINT ( 'NONE',  ( -68.98070977266978332, 12.75855025242400131, 94.64599200143621260 ) ) ;
#3632 = VERTEX_POINT ( 'NONE', #2401 ) ;
#3633 = CARTESIAN_POINT ( 'NONE',  ( -46.54886545341427961, 0.000000000000000000, -31.87499999999998579 ) ) ;
#3634 = LINE ( 'NONE', #8310, #2844 ) ;
#3635 = ORIENTED_EDGE ( 'NONE', *, *, #5040, .T. ) ;
#3636 = DIRECTION ( 'NONE',  ( -1.000000000000000000, 0.000000000000000000, 0.000000000000000000 ) ) ;
#3637 = LINE ( 'NONE', #5342, #8594 ) ;
#3638 = ADVANCED_FACE ( 'NONE', ( #5578 ), #7081, .T. ) ;
#3639 = VERTEX_POINT ( 'NONE', #7133 ) ;
#3640 = VERTEX_POINT ( 'NONE', #4126 ) ;
#3641 = CARTESIAN_POINT ( 'NONE',  ( -46.54886545341405935, 0.000000000000000000, 10.62499999999999822 ) ) ;
#3642 = ORIENTED_EDGE ( 'NONE', *, *, #6251, .F. ) ;
#3643 = DIRECTION ( 'NONE',  ( -0.000000000000000000, -1.000000000000000000, -0.000000000000000000 ) ) ;
#3644 = VECTOR ( 'NONE', #3008, 1000.000000000000000 ) ;
#3645 = LINE ( 'NONE', #6656, #5000 ) ;
#3646 = ORIENTED_EDGE ( 'NONE', *, *, #5467, .T. ) ;
#3647 = LINE ( 'NONE', #7490, #128 ) ;
#3648 = DIRECTION ( 'NONE',  ( -0.000000000000000000, -1.000000000000000000, -0.000000000000000000 ) ) ;
#3649 = VECTOR ( 'NONE', #6114, 1000.000000000000000 ) ;
#3650 = DIRECTION ( 'NONE',  ( 0.3420201433256701562, 1.073360150760649390E-14, 0.9396926207859079838 ) ) ;
#3651 = LINE ( 'NONE', #2863, #4248 ) ;
#3652 = DIRECTION ( 'NONE',  ( 0.4999999999999998335, 0.000000000000000000, -0.8660254037844387076 ) ) ;
#3653 = VECTOR ( 'NONE', #9688, 1000.000000000000114 ) ;
#3654 = CARTESIAN_POINT ( 'NONE',  ( 64.79025472246685524, 2.249999999999727773, -62.79172457956791220 ) ) ;
#3655 = ORIENTED_EDGE ( 'NONE', *, *, #8620, .F. ) ;
#3656 = CARTESIAN_POINT ( 'NONE',  ( -50.00000000000000000, 0.000000000000000000, 25.89745962155734205 ) ) ;
#3657 = EDGE_CURVE ( 'NONE', #9723, #4469, #8808, .T. ) ;
#3658 = FACE_BOUND ( 'NONE', #3583, .T. ) ;
#3659 = AXIS2_PLACEMENT_3D ( 'NONE', #10122, #2989, #5378 ) ;
#3660 = EDGE_CURVE ( 'NONE', #3123, #1365, #6299, .T. ) ;
#3661 = CARTESIAN_POINT ( 'NONE',  ( -22.34942529805128331, 0.000000000000000000, 61.40454134417992549 ) ) ;
#3662 = ORIENTED_EDGE ( 'NONE', *, *, #6509, .F. ) ;
#3663 = DIRECTION ( 'NONE',  ( -0.000000000000000000, -1.000000000000000000, -0.000000000000000000 ) ) ;
#3664 = EDGE_CURVE ( 'NONE', #6241, #9852, #5682, .T. ) ;
#3665 = DIRECTION ( 'NONE',  ( 1.000000000000000000, 0.000000000000000000, 0.000000000000000000 ) ) ;
#3666 = CARTESIAN_POINT ( 'NONE',  ( -50.00000000000000000, 0.000000000000000000, -16.60254037844303809 ) ) ;
#3667 = VECTOR ( 'NONE', #4889, 1000.000000000000341 ) ;
#3668 = ORIENTED_EDGE ( 'NONE', *, *, #6757, .T. ) ;
#3669 = EDGE_CURVE ( 'NONE', #7819, #6477, #784, .T. ) ;
#3670 = EDGE_CURVE ( 'NONE', #7157, #7724, #8757, .T. ) ;
#3671 = DIRECTION ( 'NONE',  ( -0.000000000000000000, -1.000000000000000000, -0.000000000000000000 ) ) ;
#3672 = VERTEX_POINT ( 'NONE', #1623 ) ;
#3673 = LINE ( 'NONE', #7667, #1412 ) ;
#3674 = AXIS2_PLACEMENT_3D ( 'NONE', #7551, #8921, #1784 ) ;
#3675 = VERTEX_POINT ( 'NONE', #10268 ) ;
#3676 = PLANE ( 'NONE',  #2454 ) ;
#3677 = ORIENTED_EDGE ( 'NONE', *, *, #3625, .T. ) ;
#3678 = DIRECTION ( 'NONE',  ( -0.3420201433256879198, 0.000000000000000000, 0.9396926207859014335 ) ) ;
#3679 = VERTEX_POINT ( 'NONE', #8856 ) ;
#3680 = VECTOR ( 'NONE', #5667, 1000.000000000000000 ) ;
#3681 = ORIENTED_EDGE ( 'NONE', *, *, #6907, .T. ) ;
#3682 = CARTESIAN_POINT ( 'NONE',  ( 45.46633369868351338, 147.4213562373095385, 21.24999999999999289 ) ) ;
#3683 = VERTEX_POINT ( 'NONE', #9643 ) ;
#3684 = LINE ( 'NONE', #9249, #1206 ) ;
#3685 = VECTOR ( 'NONE', #5658, 1000.000000000000114 ) ;
#3686 = ORIENTED_EDGE ( 'NONE', *, *, #607, .F. ) ;
#3687 = DIRECTION ( 'NONE',  ( 0.8137976813493688066, 0.4999999999999977796, -0.2961981327260409524 ) ) ;
#3688 = DIRECTION ( 'NONE',  ( 0.000000000000000000, 0.000000000000000000, -1.000000000000000000 ) ) ;
#3689 = VERTEX_POINT ( 'NONE', #7183 ) ;
#3690 = DIRECTION ( 'NONE',  ( -0.8660254037844387076, 0.000000000000000000, 0.5000000000000001110 ) ) ;
#3691 = FACE_BOUND ( 'NONE', #8356, .T. ) ;
#3692 = ORIENTED_EDGE ( 'NONE', *, *, #997, .T. ) ;
#3693 = EDGE_LOOP ( 'NONE', ( #1515, #7462, #3879, #190 ) ) ;
#3694 = DIRECTION ( 'NONE',  ( -0.8660254037844387076, 0.000000000000000000, 0.5000000000000001110 ) ) ;
#3695 = ORIENTED_EDGE ( 'NONE', *, *, #7621, .T. ) ;
#3696 = DIRECTION ( 'NONE',  ( 0.3795327795289923367, 0.9148074042510829784, 0.1381386346768817552 ) ) ;
#3697 = DIRECTION ( 'NONE',  ( 0.6427876096865473565, -0.000000000000000000, 0.7660444431189713521 ) ) ;
#3698 = VERTEX_POINT ( 'NONE', #837 ) ;
#3699 = EDGE_CURVE ( 'NONE', #6332, #8036, #3346, .T. ) ;
#3700 = DIRECTION ( 'NONE',  ( 0.000000000000000000, 1.000000000000000000, 0.000000000000000000 ) ) ;
#3701 = PLANE ( 'NONE',  #3386 ) ;
#3702 = CARTESIAN_POINT ( 'NONE',  ( 72.62888298754663197, 14.99999999999994316, 95.97381846109878722 ) ) ;
#3703 = CARTESIAN_POINT ( 'NONE',  ( 8.660254037844241637, 6.000000000000005329, 42.49999999999999289 ) ) ;
#3704 = CARTESIAN_POINT ( 'NONE',  ( -32.03989878038110106, 6.000000000000005329, 6.744732556983351834 ) ) ;
#3705 = ORIENTED_EDGE ( 'NONE', *, *, #7166, .F. ) ;
#3706 = EDGE_CURVE ( 'NONE', #9912, #6834, #6149, .T. ) ;
#3707 = FACE_OUTER_BOUND ( 'NONE', #4682, .T. ) ;
#3708 = VECTOR ( 'NONE', #4125, 1000.000000000000000 ) ;
#3709 = LINE ( 'NONE', #7655, #1588 ) ;
#3710 = DIRECTION ( 'NONE',  ( 0.3420201433256879198, 0.000000000000000000, -0.9396926207859014335 ) ) ;
#3711 = ORIENTED_EDGE ( 'NONE', *, *, #7847, .F. ) ;
#3712 = ADVANCED_FACE ( 'NONE', ( #50 ), #9538, .F. ) ;
#3713 = EDGE_CURVE ( 'NONE', #8121, #1760, #6461, .T. ) ;
#3714 = CARTESIAN_POINT ( 'NONE',  ( 87.70925405845105161, -9.486715189943387472, -55.36244354894027708 ) ) ;
#3715 = DIRECTION ( 'NONE',  ( -0.5337593939265874443, 0.4330127018922123594, 0.7263614178872168647 ) ) ;
#3716 = FACE_BOUND ( 'NONE', #6411, .T. ) ;
#3717 = VERTEX_POINT ( 'NONE', #6512 ) ;
#3718 = CIRCLE ( 'NONE', #9855, 3.600000000000002309 ) ;
#3719 = LINE ( 'NONE', #8339, #434 ) ;
#3720 = AXIS2_PLACEMENT_3D ( 'NONE', #1816, #5877, #145 ) ;
#3721 = DIRECTION ( 'NONE',  ( 0.8137976813493772443, -0.4999999999999974465, 0.2961981327260184149 ) ) ;
#3722 = AXIS2_PLACEMENT_3D ( 'NONE', #5058, #1144, #4336 ) ;
#3723 = ORIENTED_EDGE ( 'NONE', *, *, #917, .F. ) ;
#3724 = EDGE_CURVE ( 'NONE', #7041, #3970, #9694, .T. ) ;
#3725 = VECTOR ( 'NONE', #3687, 1000.000000000000114 ) ;
#3726 = DIRECTION ( 'NONE',  ( -0.9396926207859068736, 0.000000000000000000, -0.3420201433256732093 ) ) ;
#3727 = EDGE_CURVE ( 'NONE', #7453, #5539, #4700, .T. ) ;
#3728 = EDGE_LOOP ( 'NONE', ( #5341, #4651, #7722, #9672 ) ) ;
#3729 = PRODUCT_DEFINITION_SHAPE ( 'NONE', 'NONE',  #8978 ) ;
#3730 = DIRECTION ( 'NONE',  ( 0.4698463103929487183, 0.8660254037844400399, -0.1710100716628430717 ) ) ;
#3731 = ORIENTED_EDGE ( 'NONE', *, *, #4681, .T. ) ;
#3732 = ORIENTED_EDGE ( 'NONE', *, *, #5124, .F. ) ;
#3733 = DIRECTION ( 'NONE',  ( -0.6875305731827834332, 0.000000000000000000, 0.7261554316666324338 ) ) ;
#3734 = VERTEX_POINT ( 'NONE', #3292 ) ;
#3735 = VECTOR ( 'NONE', #3072, 1000.000000000000000 ) ;
#3736 = CARTESIAN_POINT ( 'NONE',  ( -70.46463223241228491, 12.75833024919765535, -90.56783441562363635 ) ) ;
#3737 = AXIS2_PLACEMENT_3D ( 'NONE', #8511, #9499, #4515 ) ;
#3738 = ORIENTED_EDGE ( 'NONE', *, *, #2300, .F. ) ;
#3739 = EDGE_CURVE ( 'NONE', #9205, #4962, #7869, .T. ) ;
#3740 = DIRECTION ( 'NONE',  ( 0.000000000000000000, -0.000000000000000000, 1.000000000000000000 ) ) ;
#3741 = DIRECTION ( 'NONE',  ( 0.000000000000000000, 0.000000000000000000, -1.000000000000000000 ) ) ;
#3742 = ORIENTED_EDGE ( 'NONE', *, *, #4091, .F. ) ;
#3743 = FACE_BOUND ( 'NONE', #8183, .T. ) ;
#3744 = VERTEX_POINT ( 'NONE', #9485 ) ;
#3745 = ORIENTED_EDGE ( 'NONE', *, *, #2407, .T. ) ;
#3746 = CARTESIAN_POINT ( 'NONE',  ( 45.46633369868351338, 6.000000000000005329, -21.24999999999999289 ) ) ;
#3747 = EDGE_LOOP ( 'NONE', ( #4872, #2719, #5261, #9337 ) ) ;
#3748 = DIRECTION ( 'NONE',  ( -0.000000000000000000, -1.000000000000000000, -0.000000000000000000 ) ) ;
#3749 = CARTESIAN_POINT ( 'NONE',  ( 60.40391967589552280, 1.499999999999647171, 61.19522918509731824 ) ) ;
#3750 = ORIENTED_EDGE ( 'NONE', *, *, #5557, .T. ) ;
#3751 = CARTESIAN_POINT ( 'NONE',  ( -68.98070977266978332, 12.75855025242400131, -94.64599200143621260 ) ) ;
#3752 = DIRECTION ( 'NONE',  ( 0.5000000000000000000, 0.000000000000000000, 0.8660254037844385966 ) ) ;
#3753 = LINE ( 'NONE', #9836, #9336 ) ;
#3754 = LINE ( 'NONE', #4529, #1081 ) ;
#3755 = CARTESIAN_POINT ( 'NONE',  ( 9.742785792574935044, 0.000000000000000000, 10.62499999999999822 ) ) ;
#3756 = CIRCLE ( 'NONE', #1075, 2.249999999999988898 ) ;
#3757 = ORIENTED_EDGE ( 'NONE', *, *, #5068, .T. ) ;
#3758 = LINE ( 'NONE', #7755, #4245 ) ;
#3759 = LINE ( 'NONE', #7803, #3250 ) ;
#3760 = AXIS2_PLACEMENT_3D ( 'NONE', #6093, #5047, #1921 ) ;
#3761 = CARTESIAN_POINT ( 'NONE',  ( -41.13620667976131529, 0.000000000000000000, 28.74999999999999289 ) ) ;
#3762 = VERTEX_POINT ( 'NONE', #2345 ) ;
#3763 = AXIS2_PLACEMENT_3D ( 'NONE', #6083, #739, #7640 ) ;
#3764 = LINE ( 'NONE', #8536, #1373 ) ;
#3765 = DIRECTION ( 'NONE',  ( -0.4698463103929532703, 0.8660254037844400399, -0.1710100716628305539 ) ) ;
#3766 = CARTESIAN_POINT ( 'NONE',  ( 41.13620667976131529, 0.000000000000000000, 7.500000000000000000 ) ) ;
#3767 = VERTEX_POINT ( 'NONE', #5524 ) ;
#3768 = VECTOR ( 'NONE', #5419, 1000.000000000000000 ) ;
#3769 = PLANE ( 'NONE',  #3445 ) ;
#3770 = EDGE_CURVE ( 'NONE', #176, #3900, #7975, .T. ) ;
#3771 = DIRECTION ( 'NONE',  ( 0.000000000000000000, 0.000000000000000000, -1.000000000000000000 ) ) ;
#3772 = ORIENTED_EDGE ( 'NONE', *, *, #7069, .F. ) ;
#3773 = LINE ( 'NONE', #5375, #3461 ) ;
#3774 = VERTEX_POINT ( 'NONE', #6410 ) ;
#3775 = DIRECTION ( 'NONE',  ( -0.5000000000000001110, 0.000000000000000000, -0.8660254037844387076 ) ) ;
#3776 = ORIENTED_EDGE ( 'NONE', *, *, #2009, .F. ) ;
#3777 = ORIENTED_EDGE ( 'NONE', *, *, #6190, .T. ) ;
#3778 = VECTOR ( 'NONE', #6864, 1000.000000000000000 ) ;
#3779 = ADVANCED_FACE ( 'NONE', ( #1568 ), #9592, .F. ) ;
#3780 = DIRECTION ( 'NONE',  ( -0.000000000000000000, 1.000000000000000000, -0.000000000000000000 ) ) ;
#3781 = VERTEX_POINT ( 'NONE', #9092 ) ;
#3782 = EDGE_CURVE ( 'NONE', #9687, #7239, #341, .T. ) ;
#3783 = EDGE_CURVE ( 'NONE', #8199, #640, #3684, .T. ) ;
#3784 = LINE ( 'NONE', #3236, #3385 ) ;
#3785 = EDGE_LOOP ( 'NONE', ( #6751, #8769, #1602, #6884 ) ) ;
#3786 = LINE ( 'NONE', #6172, #8696 ) ;
#3787 = EDGE_CURVE ( 'NONE', #6824, #5862, #6044, .T. ) ;
#3788 = DIRECTION ( 'NONE',  ( 1.000000000000000000, 0.000000000000000000, 0.000000000000000000 ) ) ;
#3789 = EDGE_LOOP ( 'NONE', ( #237, #9359 ) ) ;
#3790 = CARTESIAN_POINT ( 'NONE',  ( 32.47595264191693332, 147.4213562373095385, -34.99999999999999289 ) ) ;
#3791 = EDGE_LOOP ( 'NONE', ( #8088, #2660, #4400, #5334 ) ) ;
#3792 = ADVANCED_FACE ( 'NONE', ( #3529 ), #2898, .F. ) ;
#3793 = ORIENTED_EDGE ( 'NONE', *, *, #836, .F. ) ;
#3794 = ORIENTED_EDGE ( 'NONE', *, *, #2883, .F. ) ;
#3795 = CARTESIAN_POINT ( 'NONE',  ( -75.86167629364946663, -9.486715189943781823, 87.91339593296397936 ) ) ;
#3796 = CARTESIAN_POINT ( 'NONE',  ( 3.673940397442059967E-15, 147.4213562373095385, 30.00000000000000000 ) ) ;
#3797 = ORIENTED_EDGE ( 'NONE', *, *, #8018, .F. ) ;
#3798 = LINE ( 'NONE', #7940, #8787 ) ;
#3799 = EDGE_LOOP ( 'NONE', ( #4008, #8079, #7510, #6626 ) ) ;
#3800 = DIRECTION ( 'NONE',  ( 1.000000000000000000, 0.000000000000000000, 0.000000000000000000 ) ) ;
#3801 = VECTOR ( 'NONE', #2046, 1000.000000000000227 ) ;
#3802 = DIRECTION ( 'NONE',  ( -0.000000000000000000, -1.000000000000000000, -0.000000000000000000 ) ) ;
#3803 = DIRECTION ( 'NONE',  ( 0.09485932030787468106, 0.9607689228305207330, -0.2606238405706753913 ) ) ;
#3804 = DIRECTION ( 'NONE',  ( -0.000000000000000000, -0.000000000000000000, 1.000000000000000000 ) ) ;
#3805 = ORIENTED_EDGE ( 'NONE', *, *, #9636, .F. ) ;
#3806 = CARTESIAN_POINT ( 'NONE',  ( -83.46282394258763304, -5.728384940746046539, -86.06226691517679228 ) ) ;
#3807 = ADVANCED_FACE ( 'NONE', ( #287 ), #4404, .T. ) ;
#3808 = DIRECTION ( 'NONE',  ( 0.3420201433256623291, -0.000000000000000000, 0.9396926207859106484 ) ) ;
#3809 = DIRECTION ( 'NONE',  ( 0.000000000000000000, 0.9678453296402127481, 0.2515460552138075179 ) ) ;
#3810 = VERTEX_POINT ( 'NONE', #7627 ) ;
#3811 = CARTESIAN_POINT ( 'NONE',  ( 32.47595264191693332, 147.4213562373095385, 7.500000000000000888 ) ) ;
#3812 = DIRECTION ( 'NONE',  ( 0.5000000000000002220, 0.000000000000000000, 0.8660254037844384856 ) ) ;
#3813 = VECTOR ( 'NONE', #5501, 1000.000000000000227 ) ;
#3814 = EDGE_CURVE ( 'NONE', #441, #7478, #6069, .T. ) ;
#3815 = EDGE_CURVE ( 'NONE', #6332, #6342, #439, .T. ) ;
#3816 = DIRECTION ( 'NONE',  ( -0.8789733129752215213, -0.4768709627114688376, 0.000000000000000000 ) ) ;
#3817 = ORIENTED_EDGE ( 'NONE', *, *, #7280, .T. ) ;
#3818 = AXIS2_PLACEMENT_3D ( 'NONE', #8983, #4246, #9603 ) ;
#3819 = CARTESIAN_POINT ( 'NONE',  ( 66.00000000000132161, 6.000000000000000000, 38.22385819845064958 ) ) ;
#3820 = PLANE ( 'NONE',  #4751 ) ;
#3821 = ADVANCED_FACE ( 'NONE', ( #4253 ), #8305, .F. ) ;
#3822 = AXIS2_PLACEMENT_3D ( 'NONE', #3054, #1385, #9307 ) ;
#3823 = CARTESIAN_POINT ( 'NONE',  ( -65.96544382900106029, 6.000000000000000000, 38.31880049797258181 ) ) ;
#3824 = ORIENTED_EDGE ( 'NONE', *, *, #2140, .F. ) ;
#3825 = CIRCLE ( 'NONE', #5318, 3.600000000000000089 ) ;
#3826 = DIRECTION ( 'NONE',  ( -0.4698463103929531592, 0.8660254037844399289, 0.1710100716628304984 ) ) ;
#3827 = ORIENTED_EDGE ( 'NONE', *, *, #10162, .F. ) ;
#3828 = DIRECTION ( 'NONE',  ( 0.8789733129752196339, 0.4768709627114723348, 0.000000000000000000 ) ) ;
#3829 = VECTOR ( 'NONE', #6045, 1000.000000000000114 ) ;
#3830 = CARTESIAN_POINT ( 'NONE',  ( -4.330127018922338422, 6.000000000000005329, 49.99999999999999289 ) ) ;
#3831 = ORIENTED_EDGE ( 'NONE', *, *, #7380, .F. ) ;
#3832 = FACE_BOUND ( 'NONE', #9372, .T. ) ;
#3833 = VERTEX_POINT ( 'NONE', #5080 ) ;
#3834 = PLANE ( 'NONE',  #883 ) ;
#3835 = VECTOR ( 'NONE', #2120, 1000.000000000000227 ) ;
#3836 = CARTESIAN_POINT ( 'NONE',  ( 22.73316684934176379, 6.000000000000005329, 39.37499999999995737 ) ) ;
#3837 = ORIENTED_EDGE ( 'NONE', *, *, #7581, .F. ) ;
#3838 = CARTESIAN_POINT ( 'NONE',  ( -91.03044906903043909, -1.986715189943720539, -84.21886854533644851 ) ) ;
#3839 = VERTEX_POINT ( 'NONE', #5130 ) ;
#3840 = EDGE_CURVE ( 'NONE', #6214, #4265, #1170, .T. ) ;
#3841 = EDGE_LOOP ( 'NONE', ( #4366, #2622, #2813, #3950 ) ) ;
#3842 = ORIENTED_EDGE ( 'NONE', *, *, #8699, .T. ) ;
#3843 = EDGE_CURVE ( 'NONE', #3384, #4247, #4357, .T. ) ;
#3844 = DIRECTION ( 'NONE',  ( 0.000000000000000000, 0.000000000000000000, 1.000000000000000000 ) ) ;
#3845 = PLANE ( 'NONE',  #3516 ) ;
#3846 = LINE ( 'NONE', #4725, #3644 ) ;
#3847 = VERTEX_POINT ( 'NONE', #6790 ) ;
#3848 = DIRECTION ( 'NONE',  ( -0.000000000000000000, -1.000000000000000000, -0.000000000000000000 ) ) ;
#3849 = CARTESIAN_POINT ( 'NONE',  ( 60.40391967589552280, 1.499999999999647171, -61.19522918509731824 ) ) ;
#3850 = CARTESIAN_POINT ( 'NONE',  ( 48.18039637606665337, 6.000000000000000000, -87.18281677883985026 ) ) ;
#3851 = LINE ( 'NONE', #3896, #6766 ) ;
#3852 = ADVANCED_FACE ( 'NONE', ( #2843 ), #2106, .T. ) ;
#3853 = VERTEX_POINT ( 'NONE', #5234 ) ;
#3854 = CARTESIAN_POINT ( 'NONE',  ( 66.91430112669026187, 5.499999999999643840, -63.56481424690534254 ) ) ;
#3855 = ORIENTED_EDGE ( 'NONE', *, *, #3911, .T. ) ;
#3856 = DIRECTION ( 'NONE',  ( -0.5337593939265715681, -0.4330127018922132476, 0.7263614178872279670 ) ) ;
#3857 = AXIS2_PLACEMENT_3D ( 'NONE', #4945, #251, #8062 ) ;
#3858 = FACE_OUTER_BOUND ( 'NONE', #3728, .T. ) ;
#3859 = EDGE_LOOP ( 'NONE', ( #2541, #9202, #9193, #6949, #2954, #8890 ) ) ;
#3860 = EDGE_CURVE ( 'NONE', #897, #8539, #386, .T. ) ;
#3861 = DIRECTION ( 'NONE',  ( 0.5000000000000042188, 0.000000000000000000, -0.8660254037844361541 ) ) ;
#3862 = FACE_OUTER_BOUND ( 'NONE', #8500, .T. ) ;
#3863 = EDGE_CURVE ( 'NONE', #7428, #4188, #5185, .T. ) ;
#3864 = DIRECTION ( 'NONE',  ( 0.000000000000000000, 0.000000000000000000, -1.000000000000000000 ) ) ;
#3865 = VECTOR ( 'NONE', #8677, 1000.000000000000000 ) ;
#3866 = ORIENTED_EDGE ( 'NONE', *, *, #6379, .T. ) ;
#3867 = LINE ( 'NONE', #7074, #1603 ) ;
#3868 = DIRECTION ( 'NONE',  ( -0.8789733129752196339, -0.4768709627114723348, 0.000000000000000000 ) ) ;
#3869 = EDGE_LOOP ( 'NONE', ( #6217, #777, #8175, #1677 ) ) ;
#3870 = ORIENTED_EDGE ( 'NONE', *, *, #8861, .T. ) ;
#3871 = VECTOR ( 'NONE', #9328, 1000.000000000000000 ) ;
#3872 = ORIENTED_EDGE ( 'NONE', *, *, #9438, .T. ) ;
#3873 = DIRECTION ( 'NONE',  ( 0.000000000000000000, -0.000000000000000000, 1.000000000000000000 ) ) ;
#3874 = CARTESIAN_POINT ( 'NONE',  ( -79.87143568757761614, 17.25855025242404039, 57.12770181004840708 ) ) ;
#3875 = ORIENTED_EDGE ( 'NONE', *, *, #5645, .F. ) ;
#3876 = CYLINDRICAL_SURFACE ( 'NONE', #988, 51.96152422706619944 ) ;
#3877 = ORIENTED_EDGE ( 'NONE', *, *, #10013, .F. ) ;
#3878 = VECTOR ( 'NONE', #6306, 1000.000000000000000 ) ;
#3879 = ORIENTED_EDGE ( 'NONE', *, *, #10018, .F. ) ;
#3880 = DIRECTION ( 'NONE',  ( 0.5000000000000000000, 0.000000000000000000, -0.8660254037844385966 ) ) ;
#3881 = DIRECTION ( 'NONE',  ( -0.000000000000000000, 1.000000000000000000, -0.000000000000000000 ) ) ;
#3882 = VERTEX_POINT ( 'NONE', #2683 ) ;
#3883 = LINE ( 'NONE', #2212, #614 ) ;
#3884 = ORIENTED_EDGE ( 'NONE', *, *, #2732, .T. ) ;
#3885 = EDGE_CURVE ( 'NONE', #6442, #10129, #2007, .T. ) ;
#3886 = ORIENTED_EDGE ( 'NONE', *, *, #3077, .T. ) ;
#3887 = ORIENTED_EDGE ( 'NONE', *, *, #7517, .T. ) ;
#3888 = CIRCLE ( 'NONE', #9705, 2.249999999999988898 ) ;
#3889 = DIRECTION ( 'NONE',  ( 1.000000000000000000, 0.000000000000000000, -0.000000000000000000 ) ) ;
#3890 = DIRECTION ( 'NONE',  ( -0.4698463103929531592, 0.8660254037844399289, -0.1710100716628304984 ) ) ;
#3891 = DIRECTION ( 'NONE',  ( -0.9396926207859107594, 0.000000000000000000, 0.3420201433256624401 ) ) ;
#3892 = ORIENTED_EDGE ( 'NONE', *, *, #4854, .F. ) ;
#3893 = FACE_OUTER_BOUND ( 'NONE', #8642, .T. ) ;
#3894 = CARTESIAN_POINT ( 'NONE',  ( -46.54886545341405935, 147.4213562373095385, 10.62499999999999822 ) ) ;
#3895 = LINE ( 'NONE', #7056, #6568 ) ;
#3896 = CARTESIAN_POINT ( 'NONE',  ( -28.14582562299473878, 0.000000000000000000, -42.49999999999998579 ) ) ;
#3897 = ADVANCED_FACE ( 'NONE', ( #9201 ), #8355, .T. ) ;
#3898 = VERTEX_POINT ( 'NONE', #3736 ) ;
#3899 = DIRECTION ( 'NONE',  ( 1.000000000000000000, 0.000000000000000000, 0.000000000000000000 ) ) ;
#3900 = VERTEX_POINT ( 'NONE', #2947 ) ;
#3901 = CARTESIAN_POINT ( 'NONE',  ( 4.330127018922047100, 0.000000000000000000, -50.00000000000000000 ) ) ;
#3902 = DIRECTION ( 'NONE',  ( -0.5234908573499331697, 0.8520312918379419065, 0.000000000000000000 ) ) ;
#3903 = ORIENTED_EDGE ( 'NONE', *, *, #209, .F. ) ;
#3904 = EDGE_CURVE ( 'NONE', #9503, #3413, #6941, .T. ) ;
#3905 = LINE ( 'NONE', #674, #2366 ) ;
#3906 = DIRECTION ( 'NONE',  ( 0.3420201433256701562, 1.073360150760649232E-14, -0.9396926207859078728 ) ) ;
#3907 = DIRECTION ( 'NONE',  ( -0.9396926207859068736, 0.000000000000000000, 0.3420201433256732093 ) ) ;
#3908 = EDGE_CURVE ( 'NONE', #3394, #9777, #885, .T. ) ;
#3909 = EDGE_LOOP ( 'NONE', ( #9729, #5146, #1516, #8876 ) ) ;
#3910 = ORIENTED_EDGE ( 'NONE', *, *, #1837, .T. ) ;
#3911 = EDGE_CURVE ( 'NONE', #3675, #2625, #3784, .T. ) ;
#3912 = DIRECTION ( 'NONE',  ( 0.5337593939265874443, 0.4330127018922123594, 0.7263614178872168647 ) ) ;
#3913 = VECTOR ( 'NONE', #3334, 1000.000000000000341 ) ;
#3914 = DIRECTION ( 'NONE',  ( 0.000000000000000000, 0.000000000000000000, 1.000000000000000000 ) ) ;
#3915 = VECTOR ( 'NONE', #5574, 1000.000000000000000 ) ;
#3916 = EDGE_LOOP ( 'NONE', ( #4736, #5289 ) ) ;
#3917 = VERTEX_POINT ( 'NONE', #7972 ) ;
#3918 = PRODUCT_DEFINITION_FORMATION_WITH_SPECIFIED_SOURCE ( 'ANY', '', #9123, .NOT_KNOWN. ) ;
#3919 = DIRECTION ( 'NONE',  ( 1.000000000000000000, -0.000000000000000000, 0.000000000000000000 ) ) ;
#3920 = VERTEX_POINT ( 'NONE', #3043 ) ;
#3921 = VECTOR ( 'NONE', #5210, 1000.000000000000000 ) ;
#3922 = DIRECTION ( 'NONE',  ( 0.000000000000000000, 1.000000000000000000, 0.000000000000000000 ) ) ;
#3923 = VERTEX_POINT ( 'NONE', #10128 ) ;
#3924 = CARTESIAN_POINT ( 'NONE',  ( -25.98076211353308906, 6.000000000000005329, -15.00000000000011546 ) ) ;
#3925 = AXIS2_PLACEMENT_3D ( 'NONE', #2688, #5031, #9154 ) ;
#3926 = LINE ( 'NONE', #7191, #6973 ) ;
#3927 = VERTEX_POINT ( 'NONE', #7181 ) ;
#3928 = VERTEX_POINT ( 'NONE', #2504 ) ;
#3929 = DIRECTION ( 'NONE',  ( -0.8789733129752195229, 0.4768709627114725014, 0.000000000000000000 ) ) ;
#3930 = LINE ( 'NONE', #601, #5057 ) ;
#3931 = ORIENTED_EDGE ( 'NONE', *, *, #7619, .F. ) ;
#3932 = EDGE_CURVE ( 'NONE', #6235, #1996, #6170, .T. ) ;
#3933 = AXIS2_PLACEMENT_3D ( 'NONE', #2006, #8354, #9199 ) ;
#3934 = EDGE_CURVE ( 'NONE', #7604, #3259, #6407, .T. ) ;
#3935 = LINE ( 'NONE', #800, #1642 ) ;
#3936 = VERTEX_POINT ( 'NONE', #1375 ) ;
#3937 = ORIENTED_EDGE ( 'NONE', *, *, #4414, .F. ) ;
#3938 = ORIENTED_EDGE ( 'NONE', *, *, #898, .T. ) ;
#3939 = DIRECTION ( 'NONE',  ( 0.000000000000000000, -0.000000000000000000, 1.000000000000000000 ) ) ;
#3940 = DIRECTION ( 'NONE',  ( 0.8660254037844375974, 0.000000000000000000, -0.5000000000000019984 ) ) ;
#3941 = CYLINDRICAL_SURFACE ( 'NONE', #9957, 61.96152422706629181 ) ;
#3942 = ORIENTED_EDGE ( 'NONE', *, *, #1724, .T. ) ;
#3943 = CARTESIAN_POINT ( 'NONE',  ( 75.86167629364946663, -9.486715189943781823, -87.91339593296397936 ) ) ;
#3944 = EDGE_CURVE ( 'NONE', #4135, #9604, #7730, .T. ) ;
#3945 = CARTESIAN_POINT ( 'NONE',  ( -46.54886545341405935, 6.000000000000005329, -10.62499999999999822 ) ) ;
#3946 = DIRECTION ( 'NONE',  ( 0.000000000000000000, 1.000000000000000000, 0.000000000000000000 ) ) ;
#3947 = DIRECTION ( 'NONE',  ( 0.4698463103929532148, 0.8660254037844399289, 0.1710100716628305262 ) ) ;
#3948 = ORIENTED_EDGE ( 'NONE', *, *, #5988, .F. ) ;
#3949 = DIRECTION ( 'NONE',  ( -0.3420201433256701562, -1.073360150760649390E-14, 0.9396926207859078728 ) ) ;
#3950 = ORIENTED_EDGE ( 'NONE', *, *, #3982, .T. ) ;
#3951 = LINE ( 'NONE', #5358, #6577 ) ;
#3952 = PLANE ( 'NONE',  #7987 ) ;
#3953 = ORIENTED_EDGE ( 'NONE', *, *, #9917, .F. ) ;
#3954 = VECTOR ( 'NONE', #9013, 1000.000000000000114 ) ;
#3955 = DIRECTION ( 'NONE',  ( 0.000000000000000000, 0.000000000000000000, -1.000000000000000000 ) ) ;
#3956 = CARTESIAN_POINT ( 'NONE',  ( -4.330127018922339310, 147.4213562373095385, 49.99999999999999289 ) ) ;
#3957 = LINE ( 'NONE', #8065, #3735 ) ;
#3958 = VERTEX_POINT ( 'NONE', #9345 ) ;
#3959 = ADVANCED_FACE ( 'NONE', ( #8021, #4071, #1426, #7235, #5680, #6213, #4562, #7777, #5433, #6892, #2207, #2255, #834, #106, #3290, #5383, #9589, #8557, #643, #6459, #3832, #6987, #9640, #2451, #10175, #1326, #9392, #4511, #7679, #4803, #10082, #4020, #6120, #9295, #5337, #8508, #5111, #6668, #9846, #7341 ), #6508, .T. ) ;
#3960 = ORIENTED_EDGE ( 'NONE', *, *, #3302, .T. ) ;
#3961 = CIRCLE ( 'NONE', #4468, 3.600000000000000089 ) ;
#3962 = ADVANCED_FACE ( 'NONE', ( #8179 ), #9070, .F. ) ;
#3963 = LINE ( 'NONE', #4547, #274 ) ;
#3964 = DIRECTION ( 'NONE',  ( -0.3795327795289923367, -0.9148074042510829784, 0.1381386346768817552 ) ) ;
#3965 = EDGE_CURVE ( 'NONE', #2696, #9383, #1047, .T. ) ;
#3966 = CIRCLE ( 'NONE', #5297, 3.600000000000008082 ) ;
#3967 = ORIENTED_EDGE ( 'NONE', *, *, #3586, .T. ) ;
#3968 = CARTESIAN_POINT ( 'NONE',  ( 25.98076211353308551, 0.000000000000000000, -15.00000000000013323 ) ) ;
#3969 = AXIS2_PLACEMENT_3D ( 'NONE', #4705, #9488, #6935 ) ;
#3970 = VERTEX_POINT ( 'NONE', #208 ) ;
#3971 =( LENGTH_UNIT ( ) NAMED_UNIT ( * ) SI_UNIT ( .MILLI., .METRE. ) );
#3972 = EDGE_CURVE ( 'NONE', #7740, #7405, #5838, .T. ) ;
#3973 = LINE ( 'NONE', #7137, #1806 ) ;
#3974 = VECTOR ( 'NONE', #9016, 1000.000000000000114 ) ;
#3975 = EDGE_LOOP ( 'NONE', ( #8884, #2486, #717, #2197 ) ) ;
#3976 = FACE_OUTER_BOUND ( 'NONE', #8144, .T. ) ;
#3977 = ADVANCED_FACE ( 'NONE', ( #5783 ), #6717, .F. ) ;
#3978 = LINE ( 'NONE', #7142, #2162 ) ;
#3979 = ORIENTED_EDGE ( 'NONE', *, *, #9681, .F. ) ;
#3980 = AXIS2_PLACEMENT_3D ( 'NONE', #1191, #7497, #8223 ) ;
#3981 = CIRCLE ( 'NONE', #7299, 61.96152422706639840 ) ;
#3982 = EDGE_CURVE ( 'NONE', #425, #8439, #8231, .T. ) ;
#3983 = ORIENTED_EDGE ( 'NONE', *, *, #917, .T. ) ;
#3984 = DIRECTION ( 'NONE',  ( -0.5000000000000099920, 0.000000000000000000, -0.8660254037844328234 ) ) ;
#3985 = DIRECTION ( 'NONE',  ( -0.4999999999999990563, 0.000000000000000000, 0.8660254037844391517 ) ) ;
#3986 = ORIENTED_EDGE ( 'NONE', *, *, #6550, .F. ) ;
#3987 = EDGE_CURVE ( 'NONE', #829, #2152, #6561, .T. ) ;
#3988 = DIRECTION ( 'NONE',  ( 0.5000000000000008882, 0.000000000000000000, -0.8660254037844381525 ) ) ;
#3989 = ORIENTED_EDGE ( 'NONE', *, *, #1362, .F. ) ;
#3990 = CIRCLE ( 'NONE', #3492, 3.600000000000000089 ) ;
#3991 = EDGE_LOOP ( 'NONE', ( #3992, #9366, #450, #6905 ) ) ;
#3992 = ORIENTED_EDGE ( 'NONE', *, *, #7276, .F. ) ;
#3993 = CARTESIAN_POINT ( 'NONE',  ( -32.47595264191694042, 6.000000000000000000, 50.00000000000000000 ) ) ;
#3994 = PLANE ( 'NONE',  #2771 ) ;
#3995 = VECTOR ( 'NONE', #594, 1000.000000000000227 ) ;
#3996 = PLANE ( 'NONE',  #7283 ) ;
#3997 = VERTEX_POINT ( 'NONE', #9744 ) ;
#3998 = CARTESIAN_POINT ( 'NONE',  ( -14.07291281149736051, 6.000000000000005329, 39.37499999999995737 ) ) ;
#3999 = CARTESIAN_POINT ( 'NONE',  ( 81.78546517605026622, -9.486715189943588200, -71.63791974095212822 ) ) ;
#4000 = DIRECTION ( 'NONE',  ( -0.8789733129752196339, -0.4768709627114723903, 0.000000000000000000 ) ) ;
#4001 = DIRECTION ( 'NONE',  ( -0.000000000000000000, -1.000000000000000000, -0.000000000000000000 ) ) ;
#4002 = CIRCLE ( 'NONE', #9160, 61.96152422706628471 ) ;
#4003 = ORIENTED_EDGE ( 'NONE', *, *, #5217, .F. ) ;
#4004 = DIRECTION ( 'NONE',  ( 0.000000000000000000, 0.000000000000000000, -1.000000000000000000 ) ) ;
#4005 = ORIENTED_EDGE ( 'NONE', *, *, #10236, .F. ) ;
#4006 = CARTESIAN_POINT ( 'NONE',  ( -22.71712670107568499, 0.000000000000000000, 3.124999999999959588 ) ) ;
#4007 = CARTESIAN_POINT ( 'NONE',  ( 14.07291281149736051, 0.000000000000000000, 39.37499999999995737 ) ) ;
#4008 = ORIENTED_EDGE ( 'NONE', *, *, #10118, .F. ) ;
#4009 = CARTESIAN_POINT ( 'NONE',  ( -41.13620667976131529, 147.4213562373095385, -28.74999999999999289 ) ) ;
#4010 = CYLINDRICAL_SURFACE ( 'NONE', #2709, 61.96152422706627760 ) ;
#4011 = CARTESIAN_POINT ( 'NONE',  ( -41.13620667976131529, 0.000000000000000000, -7.500000000000000000 ) ) ;
#4012 = LINE ( 'NONE', #7071, #7375 ) ;
#4013 = LINE ( 'NONE', #9285, #8445 ) ;
#4014 = ORIENTED_EDGE ( 'NONE', *, *, #4339, .F. ) ;
#4015 = EDGE_CURVE ( 'NONE', #3585, #673, #4953, .T. ) ;
#4016 = VERTEX_POINT ( 'NONE', #2608 ) ;
#4017 = DIRECTION ( 'NONE',  ( 0.000000000000000000, -1.000000000000000000, 0.000000000000000000 ) ) ;
#4018 = EDGE_CURVE ( 'NONE', #9593, #2975, #9018, .T. ) ;
#4019 = DIRECTION ( 'NONE',  ( -0.000000000000000000, -1.000000000000000000, -0.000000000000000000 ) ) ;
#4020 = FACE_BOUND ( 'NONE', #2016, .T. ) ;
#4021 = DIRECTION ( 'NONE',  ( -0.8660254037844387076, 0.000000000000000000, -0.4999999999999998335 ) ) ;
#4022 = CARTESIAN_POINT ( 'NONE',  ( -50.00000000000000000, 6.000000000000000000, 50.00000000000000000 ) ) ;
#4023 = ORIENTED_EDGE ( 'NONE', *, *, #5160, .F. ) ;
#4024 = DIRECTION ( 'NONE',  ( -0.3420201433256701562, 1.073360150760649232E-14, 0.9396926207859078728 ) ) ;
#4025 = EDGE_CURVE ( 'NONE', #602, #9912, #5006, .T. ) ;
#4026 = CARTESIAN_POINT ( 'NONE',  ( 118.2462233470211572, 2.249999999998087308, 80.42258665126527717 ) ) ;
#4027 = ORIENTED_EDGE ( 'NONE', *, *, #1606, .T. ) ;
#4028 = DIRECTION ( 'NONE',  ( 0.8660254037844387076, 0.000000000000000000, -0.5000000000000001110 ) ) ;
#4029 = LINE ( 'NONE', #3141, #1154 ) ;
#4030 = ORIENTED_EDGE ( 'NONE', *, *, #6125, .F. ) ;
#4031 = EDGE_CURVE ( 'NONE', #5539, #3530, #8966, .T. ) ;
#4032 = ORIENTED_EDGE ( 'NONE', *, *, #5363, .F. ) ;
#4033 = DIRECTION ( 'NONE',  ( 0.5000000000000001110, 0.000000000000000000, 0.8660254037844385966 ) ) ;
#4034 = DIRECTION ( 'NONE',  ( 0.000000000000000000, -0.000000000000000000, 1.000000000000000000 ) ) ;
#4035 = VECTOR ( 'NONE', #473, 1000.000000000000000 ) ;
#4036 = ORIENTED_EDGE ( 'NONE', *, *, #9761, .F. ) ;
#4037 = DIRECTION ( 'NONE',  ( 0.000000000000000000, 0.000000000000000000, 1.000000000000000000 ) ) ;
#4038 = ORIENTED_EDGE ( 'NONE', *, *, #4746, .T. ) ;
#4039 = ORIENTED_EDGE ( 'NONE', *, *, #3462, .T. ) ;
#4040 = AXIS2_PLACEMENT_3D ( 'NONE', #5513, #7170, #3955 ) ;
#4041 = EDGE_CURVE ( 'NONE', #1834, #7576, #3559, .T. ) ;
#4042 = ORIENTED_EDGE ( 'NONE', *, *, #4530, .T. ) ;
#4043 = CIRCLE ( 'NONE', #8191, 6.999999999999941380 ) ;
#4044 = DIRECTION ( 'NONE',  ( -0.000000000000000000, 1.000000000000000000, -0.000000000000000000 ) ) ;
#4045 = EDGE_CURVE ( 'NONE', #9332, #3928, #3507, .T. ) ;
#4046 = FACE_OUTER_BOUND ( 'NONE', #535, .T. ) ;
#4047 = DIRECTION ( 'NONE',  ( -0.5000000000000000000, 0.000000000000000000, 0.8660254037844385966 ) ) ;
#4048 = ORIENTED_EDGE ( 'NONE', *, *, #5310, .T. ) ;
#4049 = LINE ( 'NONE', #961, #7187 ) ;
#4050 = DIRECTION ( 'NONE',  ( -0.5000000000000000000, 0.000000000000000000, -0.8660254037844385966 ) ) ;
#4051 = DIRECTION ( 'NONE',  ( 0.3420201433256623291, -0.000000000000000000, 0.9396926207859106484 ) ) ;
#4052 = VECTOR ( 'NONE', #4514, 1000.000000000000114 ) ;
#4053 = CARTESIAN_POINT ( 'NONE',  ( -23.87132298306550382, 0.000000000000000000, -16.15365574944390303 ) ) ;
#4054 = ORIENTED_EDGE ( 'NONE', *, *, #4303, .T. ) ;
#4055 = LINE ( 'NONE', #7949, #2572 ) ;
#4056 = ORIENTED_EDGE ( 'NONE', *, *, #8397, .T. ) ;
#4057 = DIRECTION ( 'NONE',  ( -0.9960823821119998422, -0.08843013087225276569, 0.000000000000000000 ) ) ;
#4058 = LINE ( 'NONE', #8841, #7311 ) ;
#4059 = ORIENTED_EDGE ( 'NONE', *, *, #353, .F. ) ;
#4060 = AXIS2_PLACEMENT_3D ( 'NONE', #7753, #9319, #619 ) ;
#4061 = DIRECTION ( 'NONE',  ( 0.000000000000000000, 0.000000000000000000, -1.000000000000000000 ) ) ;
#4062 = VECTOR ( 'NONE', #7575, 999.9999999999998863 ) ;
#4063 = DIRECTION ( 'NONE',  ( 0.000000000000000000, -1.000000000000000000, 0.000000000000000000 ) ) ;
#4064 = CARTESIAN_POINT ( 'NONE',  ( 41.13620667976124423, 6.000000000000005329, 13.74999999999999822 ) ) ;
#4065 = CARTESIAN_POINT ( 'NONE',  ( 25.92513773453961434, 0.000000000000000000, -12.59634425055632079 ) ) ;
#4066 = DIRECTION ( 'NONE',  ( 0.3420201433256701562, -1.073360150760649390E-14, -0.9396926207859078728 ) ) ;
#4067 = EDGE_LOOP ( 'NONE', ( #4158, #4463, #7853, #830 ) ) ;
#4068 = DIRECTION ( 'NONE',  ( 0.000000000000000000, 0.000000000000000000, -1.000000000000000000 ) ) ;
#4069 = CARTESIAN_POINT ( 'NONE',  ( -9.742785792574935044, 6.000000000000005329, -10.62499999999999822 ) ) ;
#4070 = VECTOR ( 'NONE', #4471, 1000.000000000000114 ) ;
#4071 = FACE_BOUND ( 'NONE', #7616, .T. ) ;
#4072 = DIRECTION ( 'NONE',  ( -0.000000000000000000, -1.000000000000000000, -0.000000000000000000 ) ) ;
#4073 = CARTESIAN_POINT ( 'NONE',  ( 23.87132298306551803, 6.000000000000005329, -16.15365574944389948 ) ) ;
#4074 = ORIENTED_EDGE ( 'NONE', *, *, #2542, .F. ) ;
#4075 = AXIS2_PLACEMENT_3D ( 'NONE', #9805, #5845, #8243 ) ;
#4076 = CARTESIAN_POINT ( 'NONE',  ( -9.742785792574935044, 0.000000000000000000, 10.62499999999999822 ) ) ;
#4077 = ORIENTED_EDGE ( 'NONE', *, *, #4088, .T. ) ;
#4078 = FACE_OUTER_BOUND ( 'NONE', #6931, .T. ) ;
#4079 = CARTESIAN_POINT ( 'NONE',  ( -2.053814751474071443, 6.000000000000005329, 28.74999999999999645 ) ) ;
#4080 = ORIENTED_EDGE ( 'NONE', *, *, #8916, .T. ) ;
#4081 = AXIS2_PLACEMENT_3D ( 'NONE', #5829, #5720, #1664 ) ;
#4082 = AXIS2_PLACEMENT_3D ( 'NONE', #7179, #5054, #4900 ) ;
#4083 = ORIENTED_EDGE ( 'NONE', *, *, #7567, .F. ) ;
#4084 = DIRECTION ( 'NONE',  ( -0.000000000000000000, -1.000000000000000000, -0.000000000000000000 ) ) ;
#4085 = VERTEX_POINT ( 'NONE', #8909 ) ;
#4086 = CARTESIAN_POINT ( 'NONE',  ( 25.25907427704662922, 6.000000000000005329, -50.00000000000000000 ) ) ;
#4087 = ORIENTED_EDGE ( 'NONE', *, *, #2165, .T. ) ;
#4088 = EDGE_CURVE ( 'NONE', #8723, #8758, #4124, .T. ) ;
#4089 = VECTOR ( 'NONE', #9929, 999.9999999999998863 ) ;
#4090 = EDGE_CURVE ( 'NONE', #3530, #9866, #159, .T. ) ;
#4091 = EDGE_CURVE ( 'NONE', #3580, #7080, #9692, .T. ) ;
#4092 = VECTOR ( 'NONE', #9727, 1000.000000000000000 ) ;
#4093 = EDGE_LOOP ( 'NONE', ( #9181, #7927, #6285, #5752, #10093, #2057, #8242, #6118 ) ) ;
#4094 = LINE ( 'NONE', #955, #2823 ) ;
#4095 = DIRECTION ( 'NONE',  ( -0.8660254037844388186, 0.000000000000000000, -0.4999999999999997224 ) ) ;
#4096 = ADVANCED_FACE ( 'NONE', ( #1773 ), #8126, .F. ) ;
#4097 = LINE ( 'NONE', #6431, #3476 ) ;
#4098 = AXIS2_PLACEMENT_3D ( 'NONE', #5948, #1103, #4289 ) ;
#4099 = ORIENTED_EDGE ( 'NONE', *, *, #4730, .T. ) ;
#4100 = CARTESIAN_POINT ( 'NONE',  ( 3.673940397442059967E-15, 147.4213562373095385, 30.00000000000000000 ) ) ;
#4101 = DIRECTION ( 'NONE',  ( -0.000000000000000000, -1.000000000000000000, -0.000000000000000000 ) ) ;
#4102 = ADVANCED_FACE ( 'NONE', ( #625 ), #6771, .T. ) ;
#4103 = ORIENTED_EDGE ( 'NONE', *, *, #6701, .F. ) ;
#4104 = CARTESIAN_POINT ( 'NONE',  ( 41.13620667976124423, 147.4213562373095385, -13.74999999999999822 ) ) ;
#4105 = DIRECTION ( 'NONE',  ( -0.8789733129752196339, 0.4768709627114723348, 0.000000000000000000 ) ) ;
#4106 = ORIENTED_EDGE ( 'NONE', *, *, #7197, .F. ) ;
#4107 = DIRECTION ( 'NONE',  ( -0.000000000000000000, -1.000000000000000000, -0.000000000000000000 ) ) ;
#4108 = EDGE_LOOP ( 'NONE', ( #6246, #6872, #228, #4409 ) ) ;
#4109 = LINE ( 'NONE', #6547, #3431 ) ;
#4110 = VECTOR ( 'NONE', #604, 1000.000000000000227 ) ;
#4111 = DIRECTION ( 'NONE',  ( -0.4698463103929486073, 0.8660254037844399289, -0.1710100716628430439 ) ) ;
#4112 = ORIENTED_EDGE ( 'NONE', *, *, #5377, .F. ) ;
#4113 = CARTESIAN_POINT ( 'NONE',  ( 61.04305051123165526, -2.830127018922475646, -66.74874264734096130 ) ) ;
#4114 = VECTOR ( 'NONE', #4765, 1000.000000000000227 ) ;
#4115 = LINE ( 'NONE', #9783, #9667 ) ;
#4116 = DIRECTION ( 'NONE',  ( -0.5000000000000000000, 0.000000000000000000, -0.8660254037844385966 ) ) ;
#4117 = DIRECTION ( 'NONE',  ( -0.5000000000000001110, 0.000000000000000000, -0.8660254037844385966 ) ) ;
#4118 = DIRECTION ( 'NONE',  ( 0.000000000000000000, 0.000000000000000000, 1.000000000000000000 ) ) ;
#4119 = EDGE_CURVE ( 'NONE', #3088, #7045, #4493, .T. ) ;
#4120 = ORIENTED_EDGE ( 'NONE', *, *, #3782, .F. ) ;
#4121 = DIRECTION ( 'NONE',  ( 0.000000000000000000, -1.000000000000000000, 0.000000000000000000 ) ) ;
#4122 = DIRECTION ( 'NONE',  ( 0.4999999999999999445, 0.000000000000000000, 0.8660254037844385966 ) ) ;
#4123 = EDGE_CURVE ( 'NONE', #4770, #9849, #2189, .T. ) ;
#4124 = LINE ( 'NONE', #7287, #205 ) ;
#4125 = DIRECTION ( 'NONE',  ( -0.000000000000000000, -1.000000000000000000, -0.000000000000000000 ) ) ;
#4126 = CARTESIAN_POINT ( 'NONE',  ( 21.86105912627044034, 0.000000000000000000, 24.37499999999996092 ) ) ;
#4127 = VECTOR ( 'NONE', #8501, 1000.000000000000000 ) ;
#4128 = VERTEX_POINT ( 'NONE', #5163 ) ;
#4129 = DIRECTION ( 'NONE',  ( 1.000000000000000000, 0.000000000000000000, 0.000000000000000000 ) ) ;
#4130 = ORIENTED_EDGE ( 'NONE', *, *, #5939, .F. ) ;
#4131 = CARTESIAN_POINT ( 'NONE',  ( 41.13620667976131529, 147.4213562373095385, -34.99999999999999289 ) ) ;
#4132 = VECTOR ( 'NONE', #2219, 1000.000000000000000 ) ;
#4133 = EDGE_CURVE ( 'NONE', #10104, #608, #1250, .T. ) ;
#4134 = FACE_BOUND ( 'NONE', #5027, .T. ) ;
#4135 = VERTEX_POINT ( 'NONE', #5997 ) ;
#4136 = ORIENTED_EDGE ( 'NONE', *, *, #1590, .F. ) ;
#4137 = DIRECTION ( 'NONE',  ( -1.000000000000000000, 0.000000000000000000, 0.000000000000000000 ) ) ;
#4138 = ORIENTED_EDGE ( 'NONE', *, *, #9472, .F. ) ;
#4139 = VECTOR ( 'NONE', #4174, 1000.000000000000000 ) ;
#4140 = EDGE_CURVE ( 'NONE', #9664, #9240, #3718, .T. ) ;
#4141 = LINE ( 'NONE', #1059, #975 ) ;
#4142 = ORIENTED_EDGE ( 'NONE', *, *, #8397, .F. ) ;
#4143 = EDGE_CURVE ( 'NONE', #10087, #5042, #4593, .T. ) ;
#4144 = VECTOR ( 'NONE', #5492, 1000.000000000000000 ) ;
#4145 = ORIENTED_EDGE ( 'NONE', *, *, #5778, .T. ) ;
#4146 = CARTESIAN_POINT ( 'NONE',  ( -4.330127018922339310, 0.000000000000000000, -50.00000000000000000 ) ) ;
#4147 = EDGE_CURVE ( 'NONE', #6834, #7820, #472, .T. ) ;
#4148 = DIRECTION ( 'NONE',  ( -0.8660254037844387076, 0.000000000000000000, -0.5000000000000001110 ) ) ;
#4149 = PLANE ( 'NONE',  #9289 ) ;
#4150 = EDGE_LOOP ( 'NONE', ( #9153, #2484, #8551, #4048 ) ) ;
#4151 = LINE ( 'NONE', #9665, #2206 ) ;
#4152 = VECTOR ( 'NONE', #8773, 1000.000000000000000 ) ;
#4153 = FACE_BOUND ( 'NONE', #4817, .T. ) ;
#4154 = ORIENTED_EDGE ( 'NONE', *, *, #9504, .F. ) ;
#4155 = PLANE ( 'NONE',  #2091 ) ;
#4156 = CARTESIAN_POINT ( 'NONE',  ( -4.330127018922264703, 147.4213562373095385, 13.74999999999999822 ) ) ;
#4157 = EDGE_CURVE ( 'NONE', #537, #7135, #9124, .T. ) ;
#4158 = ORIENTED_EDGE ( 'NONE', *, *, #7459, .F. ) ;
#4159 = CARTESIAN_POINT ( 'NONE',  ( 64.25476978182084054, 2.249999999999781508, 67.91771286265469598 ) ) ;
#4160 = ORIENTED_EDGE ( 'NONE', *, *, #8099, .T. ) ;
#4161 = AXIS2_PLACEMENT_3D ( 'NONE', #7364, #2680, #9038 ) ;
#4162 = CARTESIAN_POINT ( 'NONE',  ( 60.40391967589525990, 1.499999999999661382, -61.19522918509719744 ) ) ;
#4163 = DIRECTION ( 'NONE',  ( 1.000000000000000000, 0.000000000000000000, 0.000000000000000000 ) ) ;
#4164 = EDGE_LOOP ( 'NONE', ( #5252, #9346, #4971, #6047 ) ) ;
#4165 = CARTESIAN_POINT ( 'NONE',  ( -8.660254037844460129, 0.000000000000000000, 21.24999999999999645 ) ) ;
#4166 = DIRECTION ( 'NONE',  ( -0.000000000000000000, -1.000000000000000000, -0.000000000000000000 ) ) ;
#4167 = ADVANCED_FACE ( 'NONE', ( #10159 ), #6154, .T. ) ;
#4168 = LINE ( 'NONE', #929, #1917 ) ;
#4169 = CARTESIAN_POINT ( 'NONE',  ( -46.54886545341405935, 6.000000000000005329, -10.62499999999999822 ) ) ;
#4170 = LINE ( 'NONE', #150, #6119 ) ;
#4171 = VECTOR ( 'NONE', #7222, 1000.000000000000000 ) ;
#4172 = LINE ( 'NONE', #7335, #4970 ) ;
#4173 = VERTEX_POINT ( 'NONE', #8333 ) ;
#4174 = DIRECTION ( 'NONE',  ( -1.000000000000000000, -0.000000000000000000, -0.000000000000000000 ) ) ;
#4175 = CARTESIAN_POINT ( 'NONE',  ( 22.73316684934176024, 147.4213562373095385, 24.37499999999996092 ) ) ;
#4176 = EDGE_CURVE ( 'NONE', #3394, #297, #7184, .T. ) ;
#4177 = AXIS2_PLACEMENT_3D ( 'NONE', #10101, #9315, #2178 ) ;
#4178 = ADVANCED_FACE ( 'NONE', ( #7552 ), #575, .F. ) ;
#4179 = DIRECTION ( 'NONE',  ( -0.000000000000000000, -1.000000000000000000, -0.000000000000000000 ) ) ;
#4180 = CARTESIAN_POINT ( 'NONE',  ( -48.34702753535164277, 6.000000000000000000, -51.07614877529346842 ) ) ;
#4181 = FACE_OUTER_BOUND ( 'NONE', #2919, .T. ) ;
#4182 = ORIENTED_EDGE ( 'NONE', *, *, #2819, .T. ) ;
#4183 = COORDINATED_UNIVERSAL_TIME_OFFSET ( 7, 0, .BEHIND. ) ;
#4184 = LINE ( 'NONE', #7242, #10088 ) ;
#4185 = EDGE_LOOP ( 'NONE', ( #7585, #7913, #2021, #6075 ) ) ;
#4186 = CARTESIAN_POINT ( 'NONE',  ( 61.04305051123165526, -2.830127018922475646, 66.74874264734096130 ) ) ;
#4187 = DIRECTION ( 'NONE',  ( 0.000000000000000000, 0.000000000000000000, 1.000000000000000000 ) ) ;
#4188 = VERTEX_POINT ( 'NONE', #1304 ) ;
#4189 = ORIENTED_EDGE ( 'NONE', *, *, #9922, .T. ) ;
#4190 = FACE_OUTER_BOUND ( 'NONE', #1992, .T. ) ;
#4191 = EDGE_LOOP ( 'NONE', ( #1749, #1341 ) ) ;
#4192 = PLANE ( 'NONE',  #8625 ) ;
#4193 = ORIENTED_EDGE ( 'NONE', *, *, #9057, .F. ) ;
#4194 = VECTOR ( 'NONE', #2755, 1000.000000000000227 ) ;
#4195 = AXIS2_PLACEMENT_3D ( 'NONE', #4954, #5730, #2505 ) ;
#4196 = VERTEX_POINT ( 'NONE', #6048 ) ;
#4197 = PLANE ( 'NONE',  #5147 ) ;
#4198 = LINE ( 'NONE', #5652, #9918 ) ;
#4199 = LINE ( 'NONE', #8100, #3305 ) ;
#4200 = ORIENTED_EDGE ( 'NONE', *, *, #1029, .T. ) ;
#4201 = DIRECTION ( 'NONE',  ( 0.5000000000000001110, 0.000000000000000000, -0.8660254037844385966 ) ) ;
#4202 = LINE ( 'NONE', #8154, #3685 ) ;
#4203 = ORIENTED_EDGE ( 'NONE', *, *, #8455, .F. ) ;
#4204 = DIRECTION ( 'NONE',  ( -1.000000000000000000, 0.000000000000000000, 0.000000000000000000 ) ) ;
#4205 = CARTESIAN_POINT ( 'NONE',  ( -27.06329386826395123, 0.000000000000000000, -31.87499999999995737 ) ) ;
#4206 = EDGE_CURVE ( 'NONE', #3589, #3184, #2085, .T. ) ;
#4207 = EDGE_LOOP ( 'NONE', ( #1727, #7441, #9816, #10185 ) ) ;
#4208 = VECTOR ( 'NONE', #1354, 1000.000000000000114 ) ;
#4209 = ADVANCED_FACE ( 'NONE', ( #417 ), #5267, .T. ) ;
#4210 = ORIENTED_EDGE ( 'NONE', *, *, #2088, .T. ) ;
#4211 = CARTESIAN_POINT ( 'NONE',  ( -82.31282873162557223, 12.75855025242435303, 58.01629620822638600 ) ) ;
#4212 = ORIENTED_EDGE ( 'NONE', *, *, #6543, .T. ) ;
#4213 = DIRECTION ( 'NONE',  ( -0.000000000000000000, -1.000000000000000000, -0.000000000000000000 ) ) ;
#4214 = DIRECTION ( 'NONE',  ( -0.8789733129752195229, 0.4768709627114725014, 0.000000000000000000 ) ) ;
#4215 = ORIENTED_EDGE ( 'NONE', *, *, #1930, .F. ) ;
#4216 = AXIS2_PLACEMENT_3D ( 'NONE', #262, #8074, #4902 ) ;
#4217 = DIRECTION ( 'NONE',  ( 0.8789733129752196339, 0.4768709627114723348, 0.000000000000000000 ) ) ;
#4218 = EDGE_CURVE ( 'NONE', #3554, #5033, #3764, .T. ) ;
#4219 = CARTESIAN_POINT ( 'NONE',  ( 5.898950814473625570, 0.000000000000000000, 26.03271747798174118 ) ) ;
#4220 = DIRECTION ( 'NONE',  ( -0.8789733129752212992, -0.4768709627114694483, 0.000000000000000000 ) ) ;
#4221 = CARTESIAN_POINT ( 'NONE',  ( -29.89192540169685586, 147.4213562373095385, -24.27433353179683451 ) ) ;
#4222 = PLANE ( 'NONE',  #3118 ) ;
#4223 = CARTESIAN_POINT ( 'NONE',  ( 65.83204565542119724, 8.999999999999969802, -84.26290891996461596 ) ) ;
#4224 = VERTEX_POINT ( 'NONE', #5942 ) ;
#4225 = FACE_OUTER_BOUND ( 'NONE', #5249, .T. ) ;
#4226 = EDGE_CURVE ( 'NONE', #5344, #2841, #2820, .T. ) ;
#4227 = CARTESIAN_POINT ( 'NONE',  ( -8.660254037844532959, 147.4213562373095385, 42.49999999999999289 ) ) ;
#4228 = ADVANCED_FACE ( 'NONE', ( #523 ), #2034, .F. ) ;
#4229 = EDGE_CURVE ( 'NONE', #1323, #5655, #4688, .T. ) ;
#4230 = VECTOR ( 'NONE', #462, 1000.000000000000227 ) ;
#4231 = DIRECTION ( 'NONE',  ( 0.5000000000000016653, 0.000000000000000000, 0.8660254037844377084 ) ) ;
#4232 = EDGE_CURVE ( 'NONE', #3774, #7230, #1559, .T. ) ;
#4233 = CARTESIAN_POINT ( 'NONE',  ( -25.98076211353308906, 0.000000000000000000, -15.00000000000011546 ) ) ;
#4234 = FACE_OUTER_BOUND ( 'NONE', #5841, .T. ) ;
#4235 = ORIENTED_EDGE ( 'NONE', *, *, #6762, .F. ) ;
#4236 = DATE_AND_TIME ( #9850, #9952 ) ;
#4237 = EDGE_CURVE ( 'NONE', #3340, #9288, #6394, .T. ) ;
#4238 = FACE_OUTER_BOUND ( 'NONE', #8977, .T. ) ;
#4239 = EDGE_LOOP ( 'NONE', ( #8767, #9196, #7792, #9757 ) ) ;
#4240 = DIRECTION ( 'NONE',  ( -0.3420201433256876422, -0.000000000000000000, 0.9396926207859014335 ) ) ;
#4241 = ORIENTED_EDGE ( 'NONE', *, *, #1102, .T. ) ;
#4242 = VERTEX_POINT ( 'NONE', #2284 ) ;
#4243 = DIRECTION ( 'NONE',  ( -0.000000000000000000, -1.000000000000000000, -0.000000000000000000 ) ) ;
#4244 = ORIENTED_EDGE ( 'NONE', *, *, #440, .T. ) ;
#4245 = VECTOR ( 'NONE', #6919, 1000.000000000000000 ) ;
#4246 = DIRECTION ( 'NONE',  ( 0.000000000000000000, 1.000000000000000000, 0.000000000000000000 ) ) ;
#4247 = VERTEX_POINT ( 'NONE', #8741 ) ;
#4248 = VECTOR ( 'NONE', #7649, 1000.000000000000227 ) ;
#4249 = CARTESIAN_POINT ( 'NONE',  ( 14.07291281149715978, 6.000000000000005329, -18.12499999999996092 ) ) ;
#4250 = ORIENTED_EDGE ( 'NONE', *, *, #7334, .F. ) ;
#4251 = AXIS2_PLACEMENT_3D ( 'NONE', #1105, #4861, #3458 ) ;
#4252 = DIRECTION ( 'NONE',  ( 0.000000000000000000, 1.000000000000000000, 0.000000000000000000 ) ) ;
#4253 = FACE_OUTER_BOUND ( 'NONE', #7713, .T. ) ;
#4254 = EDGE_CURVE ( 'NONE', #6824, #8834, #3025, .T. ) ;
#4255 = ORIENTED_EDGE ( 'NONE', *, *, #1864, .T. ) ;
#4256 = EDGE_CURVE ( 'NONE', #5693, #1890, #4790, .T. ) ;
#4257 = CARTESIAN_POINT ( 'NONE',  ( -8.660254037844460129, 147.4213562373095385, 21.24999999999999645 ) ) ;
#4258 = DIRECTION ( 'NONE',  ( -0.4252409199694589526, 0.9050801953327274330, 0.000000000000000000 ) ) ;
#4259 = VERTEX_POINT ( 'NONE', #5462 ) ;
#4260 = LINE ( 'NONE', #2794, #4089 ) ;
#4261 = VECTOR ( 'NONE', #813, 1000.000000000000114 ) ;
#4262 = LINE ( 'NONE', #4205, #446 ) ;
#4263 = EDGE_LOOP ( 'NONE', ( #1128, #3028, #2734, #8522 ) ) ;
#4264 = AXIS2_PLACEMENT_3D ( 'NONE', #4600, #679, #3914 ) ;
#4265 = VERTEX_POINT ( 'NONE', #8590 ) ;
#4266 = LINE ( 'NONE', #7430, #7217 ) ;
#4267 = ORIENTED_EDGE ( 'NONE', *, *, #317, .T. ) ;
#4268 = CARTESIAN_POINT ( 'NONE',  ( -11.54700538379295338, 147.4213562373095385, -50.00000000000000000 ) ) ;
#4269 = VECTOR ( 'NONE', #8030, 1000.000000000000000 ) ;
#4270 = CARTESIAN_POINT ( 'NONE',  ( -6.076226797624446618, 6.000000000000005329, 38.02433353179681319 ) ) ;
#4271 = EDGE_LOOP ( 'NONE', ( #6, #6305, #2315, #7609, #9555, #3892, #4605 ) ) ;
#4272 = ADVANCED_FACE ( 'NONE', ( #4741 ), #5615, .F. ) ;
#4273 = FACE_OUTER_BOUND ( 'NONE', #8943, .T. ) ;
#4274 = CARTESIAN_POINT ( 'NONE',  ( 2.053814751473915567, 6.000000000000005329, 28.74999999999999645 ) ) ;
#4275 = LINE ( 'NONE', #5985, #8905 ) ;
#4276 = CARTESIAN_POINT ( 'NONE',  ( 27.06329386826395123, 6.000000000000005329, -31.87499999999995737 ) ) ;
#4277 = LINE ( 'NONE', #6555, #3954 ) ;
#4278 = CARTESIAN_POINT ( 'NONE',  ( 68.02323918836455618, 17.25833024919695191, -89.67924001744572138 ) ) ;
#4279 = EDGE_LOOP ( 'NONE', ( #9093, #6528, #974, #4497 ) ) ;
#4280 = LINE ( 'NONE', #5107, #8619 ) ;
#4281 = VECTOR ( 'NONE', #6336, 1000.000000000000227 ) ;
#4282 = CARTESIAN_POINT ( 'NONE',  ( 11.54700538379294095, 6.000000000000000000, -50.00000000000000000 ) ) ;
#4283 = DIRECTION ( 'NONE',  ( 0.000000000000000000, -1.000000000000000000, 0.000000000000000000 ) ) ;
#4284 = DIRECTION ( 'NONE',  ( -0.000000000000000000, -1.000000000000000000, -0.000000000000000000 ) ) ;
#4285 = EDGE_CURVE ( 'NONE', #5862, #3257, #8524, .T. ) ;
#4286 = DIRECTION ( 'NONE',  ( 0.8660254037844347108, -0.000000000000000000, 0.5000000000000067724 ) ) ;
#4287 = EDGE_CURVE ( 'NONE', #4664, #5825, #9361, .T. ) ;
#4288 = ORIENTED_EDGE ( 'NONE', *, *, #5280, .T. ) ;
#4289 = DIRECTION ( 'NONE',  ( 0.000000000000000000, 0.000000000000000000, 1.000000000000000000 ) ) ;
#4290 = ORIENTED_EDGE ( 'NONE', *, *, #7583, .T. ) ;
#4291 = ADVANCED_FACE ( 'NONE', ( #7120 ), #1505, .F. ) ;
#4292 = CARTESIAN_POINT ( 'NONE',  ( 90.87355798516183825, -7.769979724182088709, -55.36244354894027708 ) ) ;
#4293 = VECTOR ( 'NONE', #4296, 1000.000000000000114 ) ;
#4294 = CC_DESIGN_SECURITY_CLASSIFICATION ( #1421, ( #3918 ) ) ;
#4295 = EDGE_LOOP ( 'NONE', ( #10231, #8923, #1401, #8608, #3198, #5090 ) ) ;
#4296 = DIRECTION ( 'NONE',  ( -0.3420201433256623291, -0.000000000000000000, -0.9396926207859106484 ) ) ;
#4297 = ORIENTED_EDGE ( 'NONE', *, *, #4994, .F. ) ;
#4298 = LINE ( 'NONE', #2784, #9451 ) ;
#4299 = ORIENTED_EDGE ( 'NONE', *, *, #8813, .F. ) ;
#4300 = EDGE_CURVE ( 'NONE', #3032, #6084, #3905, .T. ) ;
#4301 = DIRECTION ( 'NONE',  ( -0.000000000000000000, -1.000000000000000000, -0.000000000000000000 ) ) ;
#4302 = ORIENTED_EDGE ( 'NONE', *, *, #10259, .T. ) ;
#4303 = EDGE_CURVE ( 'NONE', #1271, #6057, #773, .T. ) ;
#4304 = LINE ( 'NONE', #6789, #769 ) ;
#4305 = DIRECTION ( 'NONE',  ( 0.8789733129752216323, 0.4768709627114687821, -1.982541115402081479E-15 ) ) ;
#4306 = AXIS2_PLACEMENT_3D ( 'NONE', #934, #882, #7392 ) ;
#4307 = VERTEX_POINT ( 'NONE', #10254 ) ;
#4308 = EDGE_CURVE ( 'NONE', #5388, #1056, #2233, .T. ) ;
#4309 = LINE ( 'NONE', #6687, #10040 ) ;
#4310 = LINE ( 'NONE', #344, #6377 ) ;
#4311 = ORIENTED_EDGE ( 'NONE', *, *, #468, .T. ) ;
#4312 = PLANE ( 'NONE',  #9574 ) ;
#4313 = FACE_OUTER_BOUND ( 'NONE', #8247, .T. ) ;
#4314 = ORIENTED_EDGE ( 'NONE', *, *, #5734, .T. ) ;
#4315 = AXIS2_PLACEMENT_3D ( 'NONE', #5800, #1691, #9810 ) ;
#4316 = EDGE_LOOP ( 'NONE', ( #2288, #6465, #4087, #7489 ) ) ;
#4317 = CARTESIAN_POINT ( 'NONE',  ( 46.40590262964586543, 0.000000000000000000, 92.41944086838630312 ) ) ;
#4318 = ORIENTED_EDGE ( 'NONE', *, *, #5828, .T. ) ;
#4319 = CARTESIAN_POINT ( 'NONE',  ( 72.62888298754661776, 20.99999999999993605, 95.97381846109878722 ) ) ;
#4320 = CARTESIAN_POINT ( 'NONE',  ( 83.46282394258763304, -5.728384940746046539, -86.06226691517679228 ) ) ;
#4321 = VERTEX_POINT ( 'NONE', #9420 ) ;
#4322 = VECTOR ( 'NONE', #8268, 1000.000000000000000 ) ;
#4323 = CARTESIAN_POINT ( 'NONE',  ( -66.91430112669026187, 5.499999999999643840, -63.56481424690534254 ) ) ;
#4324 = AXIS2_PLACEMENT_3D ( 'NONE', #364, #4949, #6664 ) ;
#4325 = FACE_OUTER_BOUND ( 'NONE', #10228, .T. ) ;
#4326 = AXIS2_PLACEMENT_3D ( 'NONE', #1456, #7762, #3816 ) ;
#4327 = DIRECTION ( 'NONE',  ( 0.000000000000000000, 1.000000000000000000, 0.000000000000000000 ) ) ;
#4328 = CARTESIAN_POINT ( 'NONE',  ( 65.96544382900106029, 0.000000000000000000, 38.31880049797258181 ) ) ;
#4329 = CARTESIAN_POINT ( 'NONE',  ( -62.66774172871038218, 7.283264534238679033, 84.26290891996461596 ) ) ;
#4330 = CARTESIAN_POINT ( 'NONE',  ( -14.07291281149715090, 0.000000000000000000, 3.124999999999960920 ) ) ;
#4331 = DIRECTION ( 'NONE',  ( -1.000000000000000000, 0.000000000000000000, 0.000000000000000000 ) ) ;
#4332 = VECTOR ( 'NONE', #436, 1000.000000000000000 ) ;
#4333 = EDGE_LOOP ( 'NONE', ( #9856, #8504, #5228, #1839 ) ) ;
#4334 = CARTESIAN_POINT ( 'NONE',  ( -41.13620667976131529, 0.000000000000000000, 7.500000000000000000 ) ) ;
#4335 = CARTESIAN_POINT ( 'NONE',  ( -66.00000000000000000, 6.000000000000000000, -38.22385819845018062 ) ) ;
#4336 = DIRECTION ( 'NONE',  ( 0.9396926207859013225, 0.000000000000000000, 0.3420201433256878643 ) ) ;
#4337 = VECTOR ( 'NONE', #9176, 1000.000000000000227 ) ;
#4338 = CARTESIAN_POINT ( 'NONE',  ( 81.78546517605026622, -9.486715189943588200, 71.63791974095212822 ) ) ;
#4339 = EDGE_CURVE ( 'NONE', #6888, #3781, #4871, .T. ) ;
#4340 = DIRECTION ( 'NONE',  ( -1.000000000000000000, 0.000000000000000000, -0.000000000000000000 ) ) ;
#4341 = ORIENTED_EDGE ( 'NONE', *, *, #5260, .F. ) ;
#4342 = DIRECTION ( 'NONE',  ( 0.000000000000000000, 0.000000000000000000, 1.000000000000000000 ) ) ;
#4343 = ORIENTED_EDGE ( 'NONE', *, *, #6563, .T. ) ;
#4344 = VECTOR ( 'NONE', #10143, 1000.000000000000000 ) ;
#4345 = LINE ( 'NONE', #4549, #9899 ) ;
#4346 = ORIENTED_EDGE ( 'NONE', *, *, #4237, .F. ) ;
#4347 = EDGE_CURVE ( 'NONE', #2902, #7091, #5411, .T. ) ;
#4348 = FACE_OUTER_BOUND ( 'NONE', #2645, .T. ) ;
#4349 = EDGE_CURVE ( 'NONE', #1617, #7589, #8852, .T. ) ;
#4350 = ORIENTED_EDGE ( 'NONE', *, *, #6615, .F. ) ;
#4351 = DIRECTION ( 'NONE',  ( 0.8757795372522689803, -0.4330127018922239057, -0.2133312028986796838 ) ) ;
#4352 = ORIENTED_EDGE ( 'NONE', *, *, #10018, .T. ) ;
#4353 = LINE ( 'NONE', #9919, #160 ) ;
#4354 = EDGE_LOOP ( 'NONE', ( #7899, #543, #8530, #547 ) ) ;
#4355 = EDGE_CURVE ( 'NONE', #6477, #3717, #9473, .T. ) ;
#4356 = DIRECTION ( 'NONE',  ( 0.8660254037844387076, -0.000000000000000000, 0.5000000000000001110 ) ) ;
#4357 = LINE ( 'NONE', #3475, #7361 ) ;
#4358 = EDGE_LOOP ( 'NONE', ( #9131, #5741, #3603, #7937 ) ) ;
#4359 = FACE_OUTER_BOUND ( 'NONE', #1788, .T. ) ;
#4360 = DIRECTION ( 'NONE',  ( 0.000000000000000000, 0.000000000000000000, -1.000000000000000000 ) ) ;
#4361 = VERTEX_POINT ( 'NONE', #2390 ) ;
#4362 = CARTESIAN_POINT ( 'NONE',  ( -8.652233963711523757, 147.4213562373095385, -21.23610882412133094 ) ) ;
#4363 = DIRECTION ( 'NONE',  ( 0.8757795372522716448, -0.4330127018922189097, -0.2133312028986786846 ) ) ;
#4364 = ORIENTED_EDGE ( 'NONE', *, *, #2289, .T. ) ;
#4365 = EDGE_CURVE ( 'NONE', #2317, #9517, #7854, .T. ) ;
#4366 = ORIENTED_EDGE ( 'NONE', *, *, #1029, .F. ) ;
#4367 = CARTESIAN_POINT ( 'NONE',  ( 48.32614877529362474, 0.000000000000000000, -51.09702753535148645 ) ) ;
#4368 = ORIENTED_EDGE ( 'NONE', *, *, #2349, .T. ) ;
#4369 = EDGE_CURVE ( 'NONE', #7192, #3469, #8895, .T. ) ;
#4370 = DIRECTION ( 'NONE',  ( 0.4698463103929531592, 0.8660254037844399289, -0.1710100716628304984 ) ) ;
#4371 = DIRECTION ( 'NONE',  ( 0.3420201433256701562, 1.073360150760649232E-14, -0.9396926207859078728 ) ) ;
#4372 = ORIENTED_EDGE ( 'NONE', *, *, #1291, .F. ) ;
#4373 = CARTESIAN_POINT ( 'NONE',  ( -30.40590262964586188, 6.000000000000000000, 66.00000000000000000 ) ) ;
#4374 = DIRECTION ( 'NONE',  ( -0.4698463103929532703, 0.8660254037844400399, -0.1710100716628305539 ) ) ;
#4375 = VECTOR ( 'NONE', #5729, 1000.000000000000000 ) ;
#4376 = DIRECTION ( 'NONE',  ( -0.5000000000000005551, 0.000000000000000000, -0.8660254037844382635 ) ) ;
#4377 = DIRECTION ( 'NONE',  ( 6.938893903907228378E-17, 0.000000000000000000, -1.000000000000000000 ) ) ;
#4378 = CARTESIAN_POINT ( 'NONE',  ( 22.73316684934176379, 6.000000000000005329, 39.37499999999995737 ) ) ;
#4379 = CARTESIAN_POINT ( 'NONE',  ( -117.0716075710387827, 2.249999999998087308, 80.85011183042237803 ) ) ;
#4380 = ORIENTED_EDGE ( 'NONE', *, *, #7256, .F. ) ;
#4381 = LINE ( 'NONE', #5836, #140 ) ;
#4382 = DIRECTION ( 'NONE',  ( 1.000000000000000000, 1.308353425290363404E-16, 0.000000000000000000 ) ) ;
#4384 = AXIS2_PLACEMENT_3D ( 'NONE', #6185, #3106, #3011 ) ;
#4383 = CARTESIAN_POINT ( 'NONE',  ( 41.13620667976124423, 6.000000000000005329, -13.74999999999999822 ) ) ;
#4385 = DIRECTION ( 'NONE',  ( 0.4698463103929487183, 0.8660254037844400399, 0.1710100716628430717 ) ) ;
#4386 = CARTESIAN_POINT ( 'NONE',  ( -46.54886545341427961, 147.4213562373095385, -31.87499999999998579 ) ) ;
#4387 = EDGE_CURVE ( 'NONE', #7819, #3639, #2597, .T. ) ;
#4388 = PLANE ( 'NONE',  #2986 ) ;
#4389 = ORIENTED_EDGE ( 'NONE', *, *, #1686, .F. ) ;
#4390 = DIRECTION ( 'NONE',  ( 1.000000000000000000, 0.000000000000000000, -0.000000000000000000 ) ) ;
#4391 = AXIS2_PLACEMENT_3D ( 'NONE', #7281, #3335, #6661 ) ;
#4392 = EDGE_LOOP ( 'NONE', ( #5874, #3350, #4510, #6748 ) ) ;
#4393 = ADVANCED_FACE ( 'NONE', ( #4273 ), #6447, .T. ) ;
#4394 = DIRECTION ( 'NONE',  ( -0.000000000000000000, -1.000000000000000000, -0.000000000000000000 ) ) ;
#4395 = EDGE_CURVE ( 'NONE', #8152, #7313, #3439, .T. ) ;
#4396 = ORIENTED_EDGE ( 'NONE', *, *, #7984, .T. ) ;
#4397 = DIRECTION ( 'NONE',  ( -0.5000000000000003331, 0.000000000000000000, -0.8660254037844383745 ) ) ;
#4398 = ORIENTED_EDGE ( 'NONE', *, *, #115, .T. ) ;
#4399 = CARTESIAN_POINT ( 'NONE',  ( -71.75583453782208210, 8.999999999999966249, 67.98743272795280745 ) ) ;
#4400 = ORIENTED_EDGE ( 'NONE', *, *, #1416, .F. ) ;
#4401 = CARTESIAN_POINT ( 'NONE',  ( 28.14582562299473878, 0.000000000000000000, -42.49999999999998579 ) ) ;
#4402 = ORIENTED_EDGE ( 'NONE', *, *, #4492, .F. ) ;
#4403 = FACE_OUTER_BOUND ( 'NONE', #5791, .T. ) ;
#4404 = PLANE ( 'NONE',  #10039 ) ;
#4405 = VECTOR ( 'NONE', #5357, 1000.000000000000227 ) ;
#4406 = ORIENTED_EDGE ( 'NONE', *, *, #8338, .F. ) ;
#4407 = CARTESIAN_POINT ( 'NONE',  ( 45.46633369868351338, 0.000000000000000000, -42.49999999999998579 ) ) ;
#4408 = CARTESIAN_POINT ( 'NONE',  ( -45.46633369868351338, 6.000000000000005329, -42.49999999999998579 ) ) ;
#4409 = ORIENTED_EDGE ( 'NONE', *, *, #4730, .F. ) ;
#4410 = LINE ( 'NONE', #685, #10240 ) ;
#4411 = ADVANCED_FACE ( 'NONE', ( #6496, #4892 ), #2652, .T. ) ;
#4412 = FACE_BOUND ( 'NONE', #1100, .T. ) ;
#4413 = ORIENTED_EDGE ( 'NONE', *, *, #4254, .T. ) ;
#4414 = EDGE_CURVE ( 'NONE', #3515, #7305, #2534, .T. ) ;
#4415 = EDGE_CURVE ( 'NONE', #9090, #5995, #7329, .T. ) ;
#4416 = ORIENTED_EDGE ( 'NONE', *, *, #5301, .F. ) ;
#4418 = CARTESIAN_POINT ( 'NONE',  ( 49.99999999999999289, 6.000000000000000000, 50.00000000000000000 ) ) ;
#4417 = VECTOR ( 'NONE', #10117, 1000.000000000000000 ) ;
#4419 = ORIENTED_EDGE ( 'NONE', *, *, #528, .T. ) ;
#4420 = EDGE_CURVE ( 'NONE', #5621, #8417, #9524, .T. ) ;
#4421 = CARTESIAN_POINT ( 'NONE',  ( 30.40590262964586188, 6.000000000000000000, 66.00000000000000000 ) ) ;
#4422 = CARTESIAN_POINT ( 'NONE',  ( -25.25907427704662211, 6.000000000000005329, -50.00000000000000000 ) ) ;
#4423 = ORIENTED_EDGE ( 'NONE', *, *, #7780, .F. ) ;
#4424 = LINE ( 'NONE', #9056, #2465 ) ;
#4425 = EDGE_CURVE ( 'NONE', #8287, #2433, #7435, .T. ) ;
#4426 = VECTOR ( 'NONE', #2224, 1000.000000000000000 ) ;
#4427 = LINE ( 'NONE', #406, #3205 ) ;
#4428 = CARTESIAN_POINT ( 'NONE',  ( -69.26353267865501095, 1.169872981077444640, 64.41986460521955848 ) ) ;
#4429 = VECTOR ( 'NONE', #718, 1000.000000000000000 ) ;
#4430 = CARTESIAN_POINT ( 'NONE',  ( -50.00000000000000000, 6.000000000000000000, 50.00000000000000000 ) ) ;
#4431 = CARTESIAN_POINT ( 'NONE',  ( -50.00000000000000000, 0.000000000000000000, -50.00000000000000000 ) ) ;
#4432 = DIRECTION ( 'NONE',  ( -0.5000000000000001110, 0.000000000000000000, -0.8660254037844387076 ) ) ;
#4433 = ORIENTED_EDGE ( 'NONE', *, *, #8146, .T. ) ;
#4434 = PLANE ( 'NONE',  #9892 ) ;
#4435 = AXIS2_PLACEMENT_3D ( 'NONE', #293, #9825, #8262 ) ;
#4436 = DIRECTION ( 'NONE',  ( 0.000000000000000000, -1.000000000000000000, 0.000000000000000000 ) ) ;
#4437 = LINE ( 'NONE', #6768, #1497 ) ;
#4438 = ORIENTED_EDGE ( 'NONE', *, *, #4913, .T. ) ;
#4439 = DIRECTION ( 'NONE',  ( -0.8757795372522708677, -0.4330127018922171889, 0.2133312028986853459 ) ) ;
#4440 = CARTESIAN_POINT ( 'NONE',  ( -45.46633369868351338, 6.000000000000005329, -42.49999999999998579 ) ) ;
#4441 = AXIS2_PLACEMENT_3D ( 'NONE', #9130, #530, #1991 ) ;
#4442 = DIRECTION ( 'NONE',  ( 6.938893903907228378E-17, 0.000000000000000000, -1.000000000000000000 ) ) ;
#4443 = VERTEX_POINT ( 'NONE', #6551 ) ;
#4444 = CARTESIAN_POINT ( 'NONE',  ( 48.32614877529362474, 0.000000000000000000, -48.34702753535147934 ) ) ;
#4445 = ORIENTED_EDGE ( 'NONE', *, *, #2240, .F. ) ;
#4446 = DIRECTION ( 'NONE',  ( -0.3420201433256701562, 1.073360150760649390E-14, 0.9396926207859079838 ) ) ;
#4447 = VECTOR ( 'NONE', #5917, 1000.000000000000000 ) ;
#4448 = EDGE_LOOP ( 'NONE', ( #9033, #4255, #9306, #2687 ) ) ;
#4449 = CIRCLE ( 'NONE', #2276, 2.750000000000002665 ) ;
#4450 = DIRECTION ( 'NONE',  ( 1.000000000000000000, 0.000000000000000000, 0.000000000000000000 ) ) ;
#4451 = ORIENTED_EDGE ( 'NONE', *, *, #5063, .F. ) ;
#4452 = PLANE ( 'NONE',  #6788 ) ;
#4453 = ORIENTED_EDGE ( 'NONE', *, *, #4420, .F. ) ;
#4454 = ADVANCED_FACE ( 'NONE', ( #8954 ), #9628, .F. ) ;
#4455 = ORIENTED_EDGE ( 'NONE', *, *, #7248, .F. ) ;
#4456 = PLANE ( 'NONE',  #6312 ) ;
#4457 = ORIENTED_EDGE ( 'NONE', *, *, #2724, .F. ) ;
#4458 = AXIS2_PLACEMENT_3D ( 'NONE', #8222, #7389, #4896 ) ;
#4459 = DIRECTION ( 'NONE',  ( 0.9396926207859013225, 0.000000000000000000, -0.3420201433256878643 ) ) ;
#4460 = ORIENTED_EDGE ( 'NONE', *, *, #8667, .T. ) ;
#4461 = CARTESIAN_POINT ( 'NONE',  ( 22.73316684934153287, 147.4213562373095385, -3.124999999999960920 ) ) ;
#4462 = CARTESIAN_POINT ( 'NONE',  ( 9.742785792575173076, 147.4213562373095385, -31.87499999999996447 ) ) ;
#4463 = ORIENTED_EDGE ( 'NONE', *, *, #468, .F. ) ;
#4464 = ADVANCED_FACE ( 'NONE', ( #4325 ), #1761, .F. ) ;
#4465 = PLANE ( 'NONE',  #4435 ) ;
#4466 = FACE_BOUND ( 'NONE', #768, .T. ) ;
#4467 = EDGE_LOOP ( 'NONE', ( #2946, #2507, #9828, #4687 ) ) ;
#4468 = AXIS2_PLACEMENT_3D ( 'NONE', #8955, #6552, #7436 ) ;
#4469 = VERTEX_POINT ( 'NONE', #9835 ) ;
#4470 = ADVANCED_FACE ( 'NONE', ( #2492 ), #2704, .T. ) ;
#4471 = DIRECTION ( 'NONE',  ( -0.5000000000000003331, 0.000000000000000000, -0.8660254037844383745 ) ) ;
#4472 = ORIENTED_EDGE ( 'NONE', *, *, #1609, .T. ) ;
#4473 = CARTESIAN_POINT ( 'NONE',  ( -66.91430112669024766, 5.499999999999709566, -63.56481424690532833 ) ) ;
#4474 = VECTOR ( 'NONE', #3208, 1000.000000000000000 ) ;
#4475 = LINE ( 'NONE', #4320, #8988 ) ;
#4476 = ORIENTED_EDGE ( 'NONE', *, *, #8881, .T. ) ;
#4477 = CARTESIAN_POINT ( 'NONE',  ( -10.17883965411063585, 0.000000000000000000, -31.11973255698393359 ) ) ;
#4478 = PLANE ( 'NONE',  #3375 ) ;
#4479 = VECTOR ( 'NONE', #9860, 1000.000000000000114 ) ;
#4480 = DIRECTION ( 'NONE',  ( 0.8137976813493688066, 0.4999999999999977796, 0.2961981327260409524 ) ) ;
#4481 = CARTESIAN_POINT ( 'NONE',  ( -82.83999675952468067, 17.25855025242422158, -48.97164729660255489 ) ) ;
#4482 = DIRECTION ( 'NONE',  ( 0.000000000000000000, -1.000000000000000000, 0.000000000000000000 ) ) ;
#4483 = EDGE_CURVE ( 'NONE', #5542, #7813, #94, .T. ) ;
#4484 = VECTOR ( 'NONE', #9173, 1000.000000000000227 ) ;
#4485 = VERTEX_POINT ( 'NONE', #8114 ) ;
#4486 = DIRECTION ( 'NONE',  ( -0.8757795372522689803, -0.4330127018922239057, 0.2133312028986796838 ) ) ;
#4487 = LINE ( 'NONE', #5264, #8072 ) ;
#4488 = ADVANCED_FACE ( 'NONE', ( #927 ), #977, .F. ) ;
#4489 = FACE_OUTER_BOUND ( 'NONE', #101, .T. ) ;
#4490 = ORIENTED_EDGE ( 'NONE', *, *, #4414, .T. ) ;
#4491 = VECTOR ( 'NONE', #2141, 1000.000000000000000 ) ;
#4492 = EDGE_CURVE ( 'NONE', #2363, #8054, #4043, .T. ) ;
#4493 = LINE ( 'NONE', #1984, #6694 ) ;
#4494 = CARTESIAN_POINT ( 'NONE',  ( -84.48338804127510571, 20.99999999999957012, 63.40383350717173983 ) ) ;
#4495 = DIRECTION ( 'NONE',  ( -0.000000000000000000, -1.000000000000000000, -0.000000000000000000 ) ) ;
#4496 = AXIS2_PLACEMENT_3D ( 'NONE', #9882, #1860, #10044 ) ;
#4497 = ORIENTED_EDGE ( 'NONE', *, *, #5786, .F. ) ;
#4498 = FACE_OUTER_BOUND ( 'NONE', #9471, .T. ) ;
#4499 = DIRECTION ( 'NONE',  ( 0.3420201433256701562, 1.073360150760649232E-14, 0.9396926207859078728 ) ) ;
#4500 = ADVANCED_FACE ( 'NONE', ( #250 ), #9782, .T. ) ;
#4501 = VECTOR ( 'NONE', #4862, 1000.000000000000000 ) ;
#4502 = VERTEX_POINT ( 'NONE', #4526 ) ;
#4503 = CARTESIAN_POINT ( 'NONE',  ( 30.40590262964586188, 0.000000000000000000, -66.00000000000000000 ) ) ;
#4504 = VERTEX_POINT ( 'NONE', #7695 ) ;
#4505 = DIRECTION ( 'NONE',  ( 0.8660254037844385966, 0.000000000000000000, -0.5000000000000003331 ) ) ;
#4506 = ORIENTED_EDGE ( 'NONE', *, *, #4123, .T. ) ;
#4507 = VECTOR ( 'NONE', #3697, 999.9999999999998863 ) ;
#4508 = VERTEX_POINT ( 'NONE', #9886 ) ;
#4509 = LINE ( 'NONE', #3682, #8985 ) ;
#4510 = ORIENTED_EDGE ( 'NONE', *, *, #6418, .F. ) ;
#4511 = FACE_BOUND ( 'NONE', #1158, .T. ) ;
#4512 = VECTOR ( 'NONE', #2478, 1000.000000000000000 ) ;
#4513 = ORIENTED_EDGE ( 'NONE', *, *, #186, .F. ) ;
#4514 = DIRECTION ( 'NONE',  ( 0.4698463103929295115, 0.8660254037844515862, 0.1710100716628362993 ) ) ;
#4515 = DIRECTION ( 'NONE',  ( 0.4252409199694589526, 0.9050801953327274330, 0.000000000000000000 ) ) ;
#4516 = ORIENTED_EDGE ( 'NONE', *, *, #6449, .T. ) ;
#4517 = FACE_BOUND ( 'NONE', #3859, .T. ) ;
#4518 = ORIENTED_EDGE ( 'NONE', *, *, #7207, .T. ) ;
#4519 = ORIENTED_EDGE ( 'NONE', *, *, #9136, .T. ) ;
#4520 = FACE_OUTER_BOUND ( 'NONE', #4392, .T. ) ;
#4521 = ORIENTED_EDGE ( 'NONE', *, *, #7139, .F. ) ;
#4522 = CARTESIAN_POINT ( 'NONE',  ( -50.00000000000000000, 6.000000000000000000, 50.00000000000000000 ) ) ;
#4523 = FACE_OUTER_BOUND ( 'NONE', #5311, .T. ) ;
#4524 = ORIENTED_EDGE ( 'NONE', *, *, #7665, .T. ) ;
#4525 = DIRECTION ( 'NONE',  ( -0.000000000000000000, -1.000000000000000000, -0.000000000000000000 ) ) ;
#4526 = CARTESIAN_POINT ( 'NONE',  ( 41.13620667976131529, 6.000000000000005329, 28.74999999999999645 ) ) ;
#4527 = CC_DESIGN_PERSON_AND_ORGANIZATION_ASSIGNMENT ( #7240, #6567, ( #9123 ) ) ;
#4528 = CYLINDRICAL_SURFACE ( 'NONE', #10167, 61.96152422706639840 ) ;
#4529 = CARTESIAN_POINT ( 'NONE',  ( -60.40391967589552280, 1.499999999999647171, 61.19522918509731824 ) ) ;
#4530 = EDGE_CURVE ( 'NONE', #1778, #2975, #4427, .T. ) ;
#4531 = LINE ( 'NONE', #5259, #7543 ) ;
#4532 = VERTEX_POINT ( 'NONE', #5982 ) ;
#4533 = CARTESIAN_POINT ( 'NONE',  ( 80.49426287064059693, -5.728384940746143350, -94.21832142862298554 ) ) ;
#4534 = VECTOR ( 'NONE', #4284, 1000.000000000000000 ) ;
#4535 = DIRECTION ( 'NONE',  ( -0.000000000000000000, -1.000000000000000000, -0.000000000000000000 ) ) ;
#4536 = CARTESIAN_POINT ( 'NONE',  ( -22.73316684934198051, 0.000000000000000000, -45.62499999999995737 ) ) ;
#4537 = ORIENTED_EDGE ( 'NONE', *, *, #8228, .F. ) ;
#4538 = DIRECTION ( 'NONE',  ( -0.000000000000000000, -1.000000000000000000, -0.000000000000000000 ) ) ;
#4539 = AXIS2_PLACEMENT_3D ( 'NONE', #10059, #775, #2391 ) ;
#4540 = CARTESIAN_POINT ( 'NONE',  ( -25.49447007271233190, 0.000000000000000000, -7.907717477981869081 ) ) ;
#4541 = LINE ( 'NONE', #3766, #9802 ) ;
#4542 = ORIENTED_EDGE ( 'NONE', *, *, #9438, .F. ) ;
#4543 = ADVANCED_FACE ( 'NONE', ( #564 ), #9166, .T. ) ;
#4544 = VECTOR ( 'NONE', #4841, 1000.000000000000227 ) ;
#4545 = EDGE_CURVE ( 'NONE', #1527, #856, #9993, .T. ) ;
#4546 = EDGE_CURVE ( 'NONE', #9920, #6311, #6913, .T. ) ;
#4547 = CARTESIAN_POINT ( 'NONE',  ( 79.87143568757761614, 17.25855025242404039, -57.12770181004840708 ) ) ;
#4548 = VECTOR ( 'NONE', #8375, 1000.000000000000114 ) ;
#4549 = CARTESIAN_POINT ( 'NONE',  ( 65.20420041006185841, 5.499999999999707789, -68.26327735083503967 ) ) ;
#4550 = EDGE_CURVE ( 'NONE', #8163, #7881, #6808, .T. ) ;
#4551 = EDGE_CURVE ( 'NONE', #1224, #9290, #10100, .T. ) ;
#4552 = ORIENTED_EDGE ( 'NONE', *, *, #5557, .F. ) ;
#4553 = AXIS2_PLACEMENT_3D ( 'NONE', #2161, #6989, #2310 ) ;
#4554 = CARTESIAN_POINT ( 'NONE',  ( -50.00000000000000000, 0.000000000000000000, -4.647459621556985887 ) ) ;
#4555 = EDGE_LOOP ( 'NONE', ( #2334, #1959, #1632, #1754 ) ) ;
#4556 = CARTESIAN_POINT ( 'NONE',  ( 49.99999999999999289, 6.000000000000000000, 50.00000000000000000 ) ) ;
#4557 = ORIENTED_EDGE ( 'NONE', *, *, #6819, .F. ) ;
#4558 = EDGE_LOOP ( 'NONE', ( #7686, #6574, #5714, #8105 ) ) ;
#4559 = DIRECTION ( 'NONE',  ( 0.000000000000000000, 1.000000000000000000, 0.000000000000000000 ) ) ;
#4560 = ORIENTED_EDGE ( 'NONE', *, *, #7912, .T. ) ;
#4561 = AXIS2_PLACEMENT_3D ( 'NONE', #8691, #5515, #7123 ) ;
#4562 = FACE_BOUND ( 'NONE', #10301, .T. ) ;
#4563 = AXIS2_PLACEMENT_3D ( 'NONE', #2109, #9204, #1903 ) ;
#4564 = VERTEX_POINT ( 'NONE', #9218 ) ;
#4565 = DIRECTION ( 'NONE',  ( -0.5000000000000001110, 0.000000000000000000, -0.8660254037844385966 ) ) ;
#4566 = LINE ( 'NONE', #6945, #8097 ) ;
#4567 = ORIENTED_EDGE ( 'NONE', *, *, #6757, .F. ) ;
#4568 = LINE ( 'NONE', #3790, #8929 ) ;
#4569 = ORIENTED_EDGE ( 'NONE', *, *, #4415, .T. ) ;
#4570 = EDGE_LOOP ( 'NONE', ( #5683, #9791, #382, #3052 ) ) ;
#4571 = EDGE_LOOP ( 'NONE', ( #5356, #9271, #9605, #1938, #9712 ) ) ;
#4572 = FACE_OUTER_BOUND ( 'NONE', #68, .T. ) ;
#4573 = ADVANCED_FACE ( 'NONE', ( #1343 ), #4478, .F. ) ;
#4574 = VECTOR ( 'NONE', #3486, 1000.000000000000000 ) ;
#4575 = EDGE_CURVE ( 'NONE', #7230, #9205, #5352, .T. ) ;
#4576 = DIRECTION ( 'NONE',  ( 0.4698463103929532148, 0.8660254037844399289, 0.1710100716628305262 ) ) ;
#4577 = EDGE_LOOP ( 'NONE', ( #9341, #2468, #6728, #605 ) ) ;
#4578 = LINE ( 'NONE', #660, #4960 ) ;
#4579 = ORIENTED_EDGE ( 'NONE', *, *, #8430, .T. ) ;
#4580 = FACE_OUTER_BOUND ( 'NONE', #4207, .T. ) ;
#4581 = CARTESIAN_POINT ( 'NONE',  ( -32.47595264191693332, 147.4213562373095385, 7.500000000000000888 ) ) ;
#4582 = CARTESIAN_POINT ( 'NONE',  ( 25.98076211353308551, 0.000000000000000000, -15.00000000000013323 ) ) ;
#4583 = CARTESIAN_POINT ( 'NONE',  ( 65.60302134699557541, 5.661903261019715750, 67.98743272795280745 ) ) ;
#4584 = AXIS2_PLACEMENT_3D ( 'NONE', #3187, #5531, #2352 ) ;
#4585 = ORIENTED_EDGE ( 'NONE', *, *, #5461, .F. ) ;
#4586 = DIRECTION ( 'NONE',  ( 1.000000000000000000, 0.000000000000000000, 0.000000000000000000 ) ) ;
#4587 = EDGE_CURVE ( 'NONE', #8267, #1248, #5302, .T. ) ;
#4588 = LINE ( 'NONE', #4685, #7751 ) ;
#4589 = CIRCLE ( 'NONE', #1751, 6.999999999999941380 ) ;
#4590 = LINE ( 'NONE', #7852, #7485 ) ;
#4591 = ORIENTED_EDGE ( 'NONE', *, *, #5988, .T. ) ;
#4592 = VECTOR ( 'NONE', #3020, 1000.000000000000114 ) ;
#4593 = LINE ( 'NONE', #9276, #6035 ) ;
#4594 = LINE ( 'NONE', #10308, #9854 ) ;
#4595 = DIRECTION ( 'NONE',  ( 0.5000000000000000000, 0.000000000000000000, -0.8660254037844385966 ) ) ;
#4596 = ORIENTED_EDGE ( 'NONE', *, *, #285, .F. ) ;
#4597 = APPROVAL_PERSON_ORGANIZATION ( #2508, #7384, #9748 ) ;
#4598 = VECTOR ( 'NONE', #3326, 1000.000000000000227 ) ;
#4599 = LINE ( 'NONE', #7765, #5075 ) ;
#4600 = CARTESIAN_POINT ( 'NONE',  ( -48.34702753535164277, 0.000000000000000000, -48.32614877529346842 ) ) ;
#4601 = AXIS2_PLACEMENT_3D ( 'NONE', #126, #8098, #957 ) ;
#4602 = ADVANCED_FACE ( 'NONE', ( #8523 ), #1390, .T. ) ;
#4603 = VERTEX_POINT ( 'NONE', #2073 ) ;
#4604 = DIRECTION ( 'NONE',  ( -0.000000000000000000, -1.000000000000000000, -0.000000000000000000 ) ) ;
#4605 = ORIENTED_EDGE ( 'NONE', *, *, #954, .F. ) ;
#4606 = CARTESIAN_POINT ( 'NONE',  ( -14.06489273736422163, 6.000000000000005329, 18.11110882412125278 ) ) ;
#4607 = EDGE_CURVE ( 'NONE', #2012, #2833, #2370, .T. ) ;
#4608 = ORIENTED_EDGE ( 'NONE', *, *, #5751, .F. ) ;
#4609 = VECTOR ( 'NONE', #9772, 1000.000000000000114 ) ;
#4610 = DIRECTION ( 'NONE',  ( 0.4698463103929532703, 0.8660254037844400399, 0.1710100716628305539 ) ) ;
#4611 = ORIENTED_EDGE ( 'NONE', *, *, #3840, .F. ) ;
#4612 = CARTESIAN_POINT ( 'NONE',  ( 45.46633369868351338, 0.000000000000000000, 21.24999999999999289 ) ) ;
#4613 = EDGE_CURVE ( 'NONE', #10123, #5388, #1288, .T. ) ;
#4614 = ORIENTED_EDGE ( 'NONE', *, *, #2557, .F. ) ;
#4615 = CARTESIAN_POINT ( 'NONE',  ( -65.83204565542119724, 8.999999999999969802, 84.26290891996461596 ) ) ;
#4616 = CARTESIAN_POINT ( 'NONE',  ( 22.73316684934198051, 6.000000000000005329, -45.62499999999995737 ) ) ;
#4617 = ORIENTED_EDGE ( 'NONE', *, *, #6779, .F. ) ;
#4618 = CARTESIAN_POINT ( 'NONE',  ( 41.13620667976130818, 6.000000000000000000, 50.00000000000000000 ) ) ;
#4619 = ORIENTED_EDGE ( 'NONE', *, *, #2527, .T. ) ;
#4620 = ORIENTED_EDGE ( 'NONE', *, *, #1214, .T. ) ;
#4621 = EDGE_CURVE ( 'NONE', #5447, #8937, #6708, .T. ) ;
#4622 = EDGE_LOOP ( 'NONE', ( #5088, #10026, #6578, #3417 ) ) ;
#4623 = DIRECTION ( 'NONE',  ( 0.000000000000000000, 1.000000000000000000, 0.000000000000000000 ) ) ;
#4624 = ADVANCED_FACE ( 'NONE', ( #9109 ), #3701, .T. ) ;
#4625 = DIRECTION ( 'NONE',  ( 0.5000000000000000000, 0.000000000000000000, -0.8660254037844385966 ) ) ;
#4626 = LINE ( 'NONE', #6277, #8119 ) ;
#4627 = ORIENTED_EDGE ( 'NONE', *, *, #7307, .T. ) ;
#4628 = DIRECTION ( 'NONE',  ( 0.6875305731827834332, 0.000000000000000000, -0.7261554316666324338 ) ) ;
#4629 = AXIS2_PLACEMENT_3D ( 'NONE', #2987, #10170, #9239 ) ;
#4630 = CARTESIAN_POINT ( 'NONE',  ( 48.18039637606665337, 0.000000000000000000, -87.18281677883985026 ) ) ;
#4631 = CARTESIAN_POINT ( 'NONE',  ( 28.14582562299473878, 6.000000000000005329, 21.24999999999999289 ) ) ;
#4632 = DIRECTION ( 'NONE',  ( -0.000000000000000000, -1.000000000000000000, -0.000000000000000000 ) ) ;
#4633 = EDGE_LOOP ( 'NONE', ( #1383, #3044, #4154, #4552 ) ) ;
#4634 = FACE_OUTER_BOUND ( 'NONE', #5570, .T. ) ;
#4635 = ORIENTED_EDGE ( 'NONE', *, *, #8671, .T. ) ;
#4636 = CARTESIAN_POINT ( 'NONE',  ( 32.47595264191694042, 6.000000000000000000, -50.00000000000000000 ) ) ;
#4637 = CARTESIAN_POINT ( 'NONE',  ( -29.89192540169685586, 0.000000000000000000, -24.27433353179683451 ) ) ;
#4638 = EDGE_LOOP ( 'NONE', ( #1740, #5978, #7044, #7886, #3201, #7828, #1069, #1279 ) ) ;
#4639 = DIRECTION ( 'NONE',  ( 0.000000000000000000, -1.000000000000000000, 0.000000000000000000 ) ) ;
#4640 = CARTESIAN_POINT ( 'NONE',  ( -92.34245936985364267, -5.728164937519056643, 61.66678322122567835 ) ) ;
#4641 = VECTOR ( 'NONE', #8272, 1000.000000000000114 ) ;
#4642 = DIRECTION ( 'NONE',  ( -1.000000000000000000, 0.000000000000000000, 0.000000000000000000 ) ) ;
#4643 = ORIENTED_EDGE ( 'NONE', *, *, #3135, .F. ) ;
#4644 = AXIS2_PLACEMENT_3D ( 'NONE', #6271, #8613, #1533 ) ;
#4645 = DIRECTION ( 'NONE',  ( 1.000000000000000000, 0.000000000000000000, -1.001543065824773222E-16 ) ) ;
#4646 = FACE_OUTER_BOUND ( 'NONE', #3841, .T. ) ;
#4647 = CIRCLE ( 'NONE', #490, 2.249999999999984013 ) ;
#4648 = CARTESIAN_POINT ( 'NONE',  ( -81.78546517605026622, -9.486715189943588200, 71.63791974095212822 ) ) ;
#4649 = ORIENTED_EDGE ( 'NONE', *, *, #2268, .F. ) ;
#4650 = VECTOR ( 'NONE', #8335, 1000.000000000000227 ) ;
#4651 = ORIENTED_EDGE ( 'NONE', *, *, #4801, .T. ) ;
#4652 = LINE ( 'NONE', #3, #3605 ) ;
#4653 = DIRECTION ( 'NONE',  ( 0.9396926207859086499, 0.000000000000000000, -0.3420201433256682688 ) ) ;
#4654 = ORIENTED_EDGE ( 'NONE', *, *, #8924, .T. ) ;
#4655 = AXIS2_PLACEMENT_3D ( 'NONE', #7351, #2082, #5162 ) ;
#4656 = PLANE ( 'NONE',  #8484 ) ;
#4657 = ORIENTED_EDGE ( 'NONE', *, *, #632, .F. ) ;
#4658 = ADVANCED_FACE ( 'NONE', ( #1187 ), #1972, .F. ) ;
#4659 = EDGE_CURVE ( 'NONE', #1890, #5379, #6758, .T. ) ;
#4660 = ORIENTED_EDGE ( 'NONE', *, *, #1792, .F. ) ;
#4661 = FACE_OUTER_BOUND ( 'NONE', #10140, .T. ) ;
#4662 = AXIS2_PLACEMENT_3D ( 'NONE', #8670, #657, #10187 ) ;
#4663 = DIRECTION ( 'NONE',  ( -0.5000000000000016653, 0.000000000000000000, -0.8660254037844377084 ) ) ;
#4664 = VERTEX_POINT ( 'NONE', #8676 ) ;
#4665 = LINE ( 'NONE', #6323, #5108 ) ;
#4666 = ORIENTED_EDGE ( 'NONE', *, *, #2126, .F. ) ;
#4667 = ORIENTED_EDGE ( 'NONE', *, *, #3664, .T. ) ;
#4668 = EDGE_CURVE ( 'NONE', #7029, #9137, #8778, .T. ) ;
#4669 = ORIENTED_EDGE ( 'NONE', *, *, #158, .F. ) ;
#4670 = LINE ( 'NONE', #7887, #1987 ) ;
#4671 = VECTOR ( 'NONE', #5812, 1000.000000000000000 ) ;
#4672 = DIRECTION ( 'NONE',  ( 1.000000000000000000, 0.000000000000000000, 6.713255375082617595E-16 ) ) ;
#4673 = EDGE_CURVE ( 'NONE', #2254, #2375, #5701, .T. ) ;
#4674 = CARTESIAN_POINT ( 'NONE',  ( 58.69381895926691328, 1.499999999999716893, -65.89369228902673115 ) ) ;
#4675 = VERTEX_POINT ( 'NONE', #707 ) ;
#4676 = DIRECTION ( 'NONE',  ( 0.5000000000000042188, 0.000000000000000000, -0.8660254037844361541 ) ) ;
#4677 = DIRECTION ( 'NONE',  ( -0.8789733129752195229, 0.4768709627114725014, 0.000000000000000000 ) ) ;
#4678 = EDGE_CURVE ( 'NONE', #8217, #7028, #616, .T. ) ;
#4679 = CARTESIAN_POINT ( 'NONE',  ( 22.73316684934176379, 0.000000000000000000, -39.37499999999995737 ) ) ;
#4680 = CARTESIAN_POINT ( 'NONE',  ( 32.47595264191693332, 147.4213562373095385, -28.74999999999999289 ) ) ;
#4681 = EDGE_CURVE ( 'NONE', #2613, #441, #10242, .T. ) ;
#4682 = EDGE_LOOP ( 'NONE', ( #8453, #7738, #10092, #4820 ) ) ;
#4683 = FACE_OUTER_BOUND ( 'NONE', #3573, .T. ) ;
#4684 = ORIENTED_EDGE ( 'NONE', *, *, #2896, .F. ) ;
#4685 = CARTESIAN_POINT ( 'NONE',  ( -50.00000000000000000, 0.000000000000000000, -4.647459621556983222 ) ) ;
#4686 = CARTESIAN_POINT ( 'NONE',  ( 3.673940397442059967E-15, 147.4213562373095385, 30.00000000000000000 ) ) ;
#4687 = ORIENTED_EDGE ( 'NONE', *, *, #9169, .T. ) ;
#4688 = LINE ( 'NONE', #3069, #10027 ) ;
#4689 = DIRECTION ( 'NONE',  ( 0.5000000000000000000, 0.000000000000000000, 0.8660254037844385966 ) ) ;
#4690 = DIRECTION ( 'NONE',  ( -0.3420201433256876422, -0.000000000000000000, 0.9396926207859014335 ) ) ;
#4691 = AXIS2_PLACEMENT_3D ( 'NONE', #7893, #5449, #617 ) ;
#4692 = VERTEX_POINT ( 'NONE', #7749 ) ;
#4693 = ORIENTED_EDGE ( 'NONE', *, *, #4226, .F. ) ;
#4694 = CARTESIAN_POINT ( 'NONE',  ( -87.93827836687674449, -6.148618450963310167, -71.63791974095212822 ) ) ;
#4695 = CARTESIAN_POINT ( 'NONE',  ( -22.73316684934153287, 6.000000000000005329, -3.124999999999960920 ) ) ;
#4696 = ADVANCED_FACE ( 'NONE', ( #4580 ), #3160, .F. ) ;
#4697 = ADVANCED_FACE ( 'NONE', ( #4778 ), #3058, .F. ) ;
#4698 = VERTEX_POINT ( 'NONE', #8724 ) ;
#4699 = ORIENTED_EDGE ( 'NONE', *, *, #6257, .T. ) ;
#4700 = LINE ( 'NONE', #4805, #4712 ) ;
#4701 = AXIS2_PLACEMENT_3D ( 'NONE', #8792, #9373, #1662 ) ;
#4702 = ORIENTED_EDGE ( 'NONE', *, *, #9547, .T. ) ;
#4703 = EDGE_CURVE ( 'NONE', #8556, #5447, #6279, .T. ) ;
#4704 = VECTOR ( 'NONE', #8061, 1000.000000000000000 ) ;
#4705 = CARTESIAN_POINT ( 'NONE',  ( -75.86167629364946663, -9.486715189943781823, 87.91339593296397936 ) ) ;
#4706 = EDGE_LOOP ( 'NONE', ( #8576, #7535, #7732, #9296 ) ) ;
#4707 = DIRECTION ( 'NONE',  ( -0.000000000000000000, -1.000000000000000000, -0.000000000000000000 ) ) ;
#4708 = AXIS2_PLACEMENT_3D ( 'NONE', #4386, #576, #8494 ) ;
#4709 = EDGE_CURVE ( 'NONE', #856, #8217, #10147, .T. ) ;
#4710 = CARTESIAN_POINT ( 'NONE',  ( 41.13620667976131529, 6.000000000000005329, -7.500000000000000000 ) ) ;
#4711 = ORIENTED_EDGE ( 'NONE', *, *, #8861, .F. ) ;
#4712 = VECTOR ( 'NONE', #109, 1000.000000000000114 ) ;
#4713 = AXIS2_PLACEMENT_3D ( 'NONE', #6742, #9925, #2846 ) ;
#4714 = ORIENTED_EDGE ( 'NONE', *, *, #8707, .T. ) ;
#4715 = CYLINDRICAL_SURFACE ( 'NONE', #8534, 3.599999999999993872 ) ;
#4716 = CYLINDRICAL_SURFACE ( 'NONE', #2226, 61.96152422706627760 ) ;
#4717 = ORIENTED_EDGE ( 'NONE', *, *, #5828, .F. ) ;
#4718 = CARTESIAN_POINT ( 'NONE',  ( 72.62888298754663197, 14.99999999999994316, 95.97381846109878722 ) ) ;
#4719 = ORIENTED_EDGE ( 'NONE', *, *, #7267, .F. ) ;
#4720 = ORIENTED_EDGE ( 'NONE', *, *, #3814, .F. ) ;
#4721 = ORIENTED_EDGE ( 'NONE', *, *, #9110, .F. ) ;
#4722 = VECTOR ( 'NONE', #1136, 1000.000000000000000 ) ;
#4723 = FACE_OUTER_BOUND ( 'NONE', #1687, .T. ) ;
#4724 = DIRECTION ( 'NONE',  ( 0.5000000000000000000, 0.000000000000000000, -0.8660254037844385966 ) ) ;
#4725 = CARTESIAN_POINT ( 'NONE',  ( 24.25777877760970824, 147.4213562373095385, -27.01570532158559956 ) ) ;
#4726 = EDGE_CURVE ( 'NONE', #606, #2467, #9409, .T. ) ;
#4727 = ORIENTED_EDGE ( 'NONE', *, *, #5823, .F. ) ;
#4728 = CARTESIAN_POINT ( 'NONE',  ( 14.07291281149758966, 147.4213562373095385, -45.62499999999995737 ) ) ;
#4729 = CARTESIAN_POINT ( 'NONE',  ( -27.06329386826395123, 147.4213562373095385, 31.87499999999995737 ) ) ;
#4730 = EDGE_CURVE ( 'NONE', #7253, #6290, #6333, .T. ) ;
#4731 = DIRECTION ( 'NONE',  ( 0.9355268173716067004, 0.09405667402808165489, -0.3405039148810590777 ) ) ;
#4732 = DIRECTION ( 'NONE',  ( -0.5000000000000001110, 0.000000000000000000, -0.8660254037844387076 ) ) ;
#4733 = ADVANCED_FACE ( 'NONE', ( #8577 ), #1442, .T. ) ;
#4734 = ORIENTED_EDGE ( 'NONE', *, *, #147, .F. ) ;
#4735 = DIRECTION ( 'NONE',  ( 0.8137976813493768002, 0.4999999999999983347, -0.2961981327260180819 ) ) ;
#4736 = ORIENTED_EDGE ( 'NONE', *, *, #8257, .T. ) ;
#4737 = DIRECTION ( 'NONE',  ( -0.000000000000000000, -1.000000000000000000, -0.000000000000000000 ) ) ;
#4738 = DIRECTION ( 'NONE',  ( -0.000000000000000000, -1.000000000000000000, -0.000000000000000000 ) ) ;
#4739 = ORIENTED_EDGE ( 'NONE', *, *, #3904, .F. ) ;
#4740 = EDGE_CURVE ( 'NONE', #7080, #5995, #7793, .T. ) ;
#4741 = FACE_OUTER_BOUND ( 'NONE', #967, .T. ) ;
#4742 = DIRECTION ( 'NONE',  ( 0.9960823821119998422, -0.08843013087225276569, 0.000000000000000000 ) ) ;
#4743 = VECTOR ( 'NONE', #1911, 1000.000000000000000 ) ;
#4744 = LINE ( 'NONE', #10208, #2054 ) ;
#4745 = VERTEX_POINT ( 'NONE', #10293 ) ;
#4746 = EDGE_CURVE ( 'NONE', #4247, #3958, #3558, .T. ) ;
#4747 = ORIENTED_EDGE ( 'NONE', *, *, #9162, .F. ) ;
#4748 = DIRECTION ( 'NONE',  ( 1.000000000000000000, 0.000000000000000000, 0.000000000000000000 ) ) ;
#4749 = VECTOR ( 'NONE', #6660, 1000.000000000000114 ) ;
#4750 = LINE ( 'NONE', #7129, #4417 ) ;
#4751 = AXIS2_PLACEMENT_3D ( 'NONE', #8750, #10166, #3076 ) ;
#4752 = DIRECTION ( 'NONE',  ( 0.3420201433256701562, -1.073360150760649390E-14, 0.9396926207859078728 ) ) ;
#4753 = APPROVAL_PERSON_ORGANIZATION ( #1884, #1586, #8860 ) ;
#4754 = DIRECTION ( 'NONE',  ( 0.8789733129752198559, 0.4768709627114720573, 0.000000000000000000 ) ) ;
#4755 = ORIENTED_EDGE ( 'NONE', *, *, #9842, .T. ) ;
#4756 = FACE_OUTER_BOUND ( 'NONE', #9394, .T. ) ;
#4757 = AXIS2_PLACEMENT_3D ( 'NONE', #4227, #9793, #1771 ) ;
#4758 = LINE ( 'NONE', #7032, #2981 ) ;
#4759 = EDGE_LOOP ( 'NONE', ( #3875, #3134, #1054, #7763 ) ) ;
#4760 = DIRECTION ( 'NONE',  ( 0.4698463103929532703, 0.8660254037844400399, 0.1710100716628305539 ) ) ;
#4761 = CARTESIAN_POINT ( 'NONE',  ( -22.73316684934176379, 0.000000000000000000, -39.37499999999995737 ) ) ;
#4762 = EDGE_LOOP ( 'NONE', ( #8859, #4288, #3357, #5904 ) ) ;
#4763 = ORIENTED_EDGE ( 'NONE', *, *, #3843, .T. ) ;
#4764 = CARTESIAN_POINT ( 'NONE',  ( -49.99999999999999289, 147.4213562373095385, 4.647459621556995657 ) ) ;
#4765 = DIRECTION ( 'NONE',  ( 0.5000000000000002220, 0.000000000000000000, 0.8660254037844384856 ) ) ;
#4766 = ORIENTED_EDGE ( 'NONE', *, *, #644, .T. ) ;
#4767 = VECTOR ( 'NONE', #8595, 1000.000000000000000 ) ;
#4768 = DIRECTION ( 'NONE',  ( -1.000000000000000000, -0.000000000000000000, -0.000000000000000000 ) ) ;
#4769 = ADVANCED_FACE ( 'NONE', ( #3893 ), #2272, .F. ) ;
#4770 = VERTEX_POINT ( 'NONE', #2324 ) ;
#4771 = VERTEX_POINT ( 'NONE', #5552 ) ;
#4772 = ORIENTED_EDGE ( 'NONE', *, *, #1528, .T. ) ;
#4773 = DIRECTION ( 'NONE',  ( -0.000000000000000000, -1.000000000000000000, -0.000000000000000000 ) ) ;
#4774 = CARTESIAN_POINT ( 'NONE',  ( 68.99634958213199809, 10.71673546576126412, -84.26290891996463017 ) ) ;
#4775 = CARTESIAN_POINT ( 'NONE',  ( 48.18039637606665337, 6.000000000000000000, 87.18281677883985026 ) ) ;
#4776 = EDGE_CURVE ( 'NONE', #8928, #9593, #1042, .T. ) ;
#4777 = ORIENTED_EDGE ( 'NONE', *, *, #529, .F. ) ;
#4778 = FACE_OUTER_BOUND ( 'NONE', #8147, .T. ) ;
#4779 = CARTESIAN_POINT ( 'NONE',  ( -25.98076211353308906, 0.000000000000000000, -15.00000000000011546 ) ) ;
#4780 = CARTESIAN_POINT ( 'NONE',  ( 66.55495653808422674, 15.21673546576062286, -83.37431452178670099 ) ) ;
#4781 = CARTESIAN_POINT ( 'NONE',  ( -14.07291281149736051, 147.4213562373095385, 39.37499999999995737 ) ) ;
#4782 = ADVANCED_FACE ( 'NONE', ( #3211 ), #6382, .F. ) ;
#4783 = VERTEX_POINT ( 'NONE', #8938 ) ;
#4784 = LINE ( 'NONE', #10300, #5072 ) ;
#4785 = ORIENTED_EDGE ( 'NONE', *, *, #4917, .T. ) ;
#4786 = DIRECTION ( 'NONE',  ( -0.000000000000000000, -1.000000000000000000, -0.000000000000000000 ) ) ;
#4787 = CARTESIAN_POINT ( 'NONE',  ( 65.96544382900106029, 6.000000000000000000, 38.31880049797258181 ) ) ;
#4788 = ORIENTED_EDGE ( 'NONE', *, *, #6907, .F. ) ;
#4789 = AXIS2_PLACEMENT_3D ( 'NONE', #8958, #5049, #8900 ) ;
#4790 = LINE ( 'NONE', #1611, #2714 ) ;
#4791 = ADVANCED_FACE ( 'NONE', ( #1799 ), #235, .T. ) ;
#4792 = DIRECTION ( 'NONE',  ( -0.000000000000000000, -1.000000000000000000, -0.000000000000000000 ) ) ;
#4793 = LINE ( 'NONE', #7228, #3225 ) ;
#4794 = LINE ( 'NONE', #10019, #5951 ) ;
#4795 = ORIENTED_EDGE ( 'NONE', *, *, #80, .T. ) ;
#4796 = ORIENTED_EDGE ( 'NONE', *, *, #5804, .T. ) ;
#4797 = AXIS2_PLACEMENT_3D ( 'NONE', #8537, #5463, #3071 ) ;
#4798 = CARTESIAN_POINT ( 'NONE',  ( 25.98076211353308551, 147.4213562373095385, -15.00000000000013323 ) ) ;
#4799 = EDGE_CURVE ( 'NONE', #2152, #3580, #4049, .T. ) ;
#4800 = CARTESIAN_POINT ( 'NONE',  ( 4.330127018922047100, 6.000000000000005329, -34.99999999999999289 ) ) ;
#4801 = EDGE_CURVE ( 'NONE', #2833, #3247, #6204, .T. ) ;
#4802 = VECTOR ( 'NONE', #7366, 1000.000000000000114 ) ;
#4803 = FACE_BOUND ( 'NONE', #783, .T. ) ;
#4804 = CARTESIAN_POINT ( 'NONE',  ( 46.54886545341405935, 0.000000000000000000, 10.62499999999999822 ) ) ;
#4805 = CARTESIAN_POINT ( 'NONE',  ( -45.22221635007678486, 41.51624119651131650, 85.99860758460253862 ) ) ;
#4806 = VECTOR ( 'NONE', #280, 1000.000000000000000 ) ;
#4807 = ORIENTED_EDGE ( 'NONE', *, *, #8159, .T. ) ;
#4808 = DIRECTION ( 'NONE',  ( 1.000000000000000000, 0.000000000000000000, -6.713255375082617595E-16 ) ) ;
#4809 = EDGE_CURVE ( 'NONE', #2105, #557, #5370, .T. ) ;
#4811 = ORIENTED_EDGE ( 'NONE', *, *, #710, .F. ) ;
#4810 = EDGE_CURVE ( 'NONE', #3099, #4783, #1747, .T. ) ;
#4812 = LINE ( 'NONE', #3746, #8730 ) ;
#4814 = AXIS2_PLACEMENT_3D ( 'NONE', #4972, #905, #7938 ) ;
#4813 = CARTESIAN_POINT ( 'NONE',  ( 72.62888298754663197, 14.99999999999994316, -95.97381846109878722 ) ) ;
#4815 = ORIENTED_EDGE ( 'NONE', *, *, #3066, .T. ) ;
#4816 = VECTOR ( 'NONE', #1721, 999.9999999999998863 ) ;
#4817 = EDGE_LOOP ( 'NONE', ( #4311, #9073 ) ) ;
#4818 = PLANE ( 'NONE',  #8454 ) ;
#4819 = DIRECTION ( 'NONE',  ( 0.4999999999999993894, 0.000000000000000000, -0.8660254037844389297 ) ) ;
#4820 = ORIENTED_EDGE ( 'NONE', *, *, #147, .T. ) ;
#4821 = PLANE ( 'NONE',  #4644 ) ;
#4822 = VERTEX_POINT ( 'NONE', #6433 ) ;
#4823 = VECTOR ( 'NONE', #2945, 1000.000000000000000 ) ;
#4824 = VERTEX_POINT ( 'NONE', #7262 ) ;
#4825 = VERTEX_POINT ( 'NONE', #5811 ) ;
#4826 = DIRECTION ( 'NONE',  ( 0.8789733129752195229, 0.4768709627114725014, 0.000000000000000000 ) ) ;
#4827 = CARTESIAN_POINT ( 'NONE',  ( 28.14582562299473878, 147.4213562373095385, 21.24999999999999289 ) ) ;
#4828 = VECTOR ( 'NONE', #1130, 1000.000000000000227 ) ;
#4829 = PLANE ( 'NONE',  #2139 ) ;
#4830 = EDGE_LOOP ( 'NONE', ( #2584, #913, #6926, #7255 ) ) ;
#4831 = DIRECTION ( 'NONE',  ( 0.000000000000000000, -1.000000000000000000, 0.000000000000000000 ) ) ;
#4832 = DIRECTION ( 'NONE',  ( -1.000000000000000000, 0.000000000000000000, 0.000000000000000000 ) ) ;
#4833 = DIRECTION ( 'NONE',  ( -0.000000000000000000, 1.000000000000000000, -0.000000000000000000 ) ) ;
#4834 = DIRECTION ( 'NONE',  ( -0.5000000000000000000, 0.000000000000000000, 0.8660254037844385966 ) ) ;
#4835 = ORIENTED_EDGE ( 'NONE', *, *, #976, .F. ) ;
#4836 = LINE ( 'NONE', #7322, #9724 ) ;
#4837 = ORIENTED_EDGE ( 'NONE', *, *, #2929, .F. ) ;
#4838 = LINE ( 'NONE', #4162, #85 ) ;
#4839 = CARTESIAN_POINT ( 'NONE',  ( -32.47595264191693332, 6.000000000000005329, 13.74999999999999467 ) ) ;
#4840 = ORIENTED_EDGE ( 'NONE', *, *, #534, .F. ) ;
#4841 = DIRECTION ( 'NONE',  ( 0.8137976813493688066, -0.4999999999999977796, 0.2961981327260408414 ) ) ;
#4842 = LINE ( 'NONE', #2598, #1685 ) ;
#4843 = CARTESIAN_POINT ( 'NONE',  ( 68.99634958213199809, 10.71673546576126412, 84.26290891996463017 ) ) ;
#4844 = DIRECTION ( 'NONE',  ( -0.8660254037844388186, 0.000000000000000000, 0.4999999999999997224 ) ) ;
#4845 = LINE ( 'NONE', #7961, #1459 ) ;
#4846 = ORIENTED_EDGE ( 'NONE', *, *, #5310, .F. ) ;
#4847 = VECTOR ( 'NONE', #4376, 1000.000000000000227 ) ;
#4848 = DIRECTION ( 'NONE',  ( 0.000000000000000000, 0.000000000000000000, 1.000000000000000000 ) ) ;
#4849 = CARTESIAN_POINT ( 'NONE',  ( -32.47595264191693332, 147.4213562373095385, 49.99999999999998579 ) ) ;
#4850 = DIRECTION ( 'NONE',  ( -0.000000000000000000, -1.000000000000000000, -0.000000000000000000 ) ) ;
#4851 = CARTESIAN_POINT ( 'NONE',  ( 64.25476978182084054, 2.249999999999781508, -67.91771286265469598 ) ) ;
#4852 = EDGE_CURVE ( 'NONE', #10123, #7482, #3267, .T. ) ;
#4853 = CARTESIAN_POINT ( 'NONE',  ( 25.25907427704662922, 147.4213562373095385, -50.00000000000000000 ) ) ;
#4854 = EDGE_CURVE ( 'NONE', #421, #7428, #4151, .T. ) ;
#4855 = ORIENTED_EDGE ( 'NONE', *, *, #8286, .T. ) ;
#4856 = DIRECTION ( 'NONE',  ( -0.5000000000000001110, 0.000000000000000000, 0.8660254037844385966 ) ) ;
#4857 = EDGE_CURVE ( 'NONE', #9490, #9096, #2636, .T. ) ;
#4858 = DIRECTION ( 'NONE',  ( 0.4698463103929532148, -0.8660254037844399289, -0.1710100716628305262 ) ) ;
#4859 = ORIENTED_EDGE ( 'NONE', *, *, #7801, .F. ) ;
#4860 = ADVANCED_FACE ( 'NONE', ( #2529 ), #1851, .F. ) ;
#4861 = DIRECTION ( 'NONE',  ( 0.3420201433256684354, 1.190453985389084026E-14, 0.9396926207859085389 ) ) ;
#4862 = DIRECTION ( 'NONE',  ( 1.000000000000000000, 0.000000000000000000, 0.000000000000000000 ) ) ;
#4863 = ORIENTED_EDGE ( 'NONE', *, *, #3528, .T. ) ;
#4864 = EDGE_CURVE ( 'NONE', #9920, #4016, #7422, .T. ) ;
#4865 = EDGE_LOOP ( 'NONE', ( #6208, #8660, #356, #2650 ) ) ;
#4866 = LINE ( 'NONE', #3196, #4114 ) ;
#4867 = VECTOR ( 'NONE', #1251, 1000.000000000000000 ) ;
#4868 = EDGE_LOOP ( 'NONE', ( #8260, #4667, #7683, #6278 ) ) ;
#4869 = DIRECTION ( 'NONE',  ( 0.4698463103929531592, 0.8660254037844399289, 0.1710100716628304984 ) ) ;
#4870 = EDGE_LOOP ( 'NONE', ( #9607, #6040, #10070 ) ) ;
#4871 = CIRCLE ( 'NONE', #4040, 51.96152422706639129 ) ;
#4872 = ORIENTED_EDGE ( 'NONE', *, *, #8616, .F. ) ;
#4873 = VECTOR ( 'NONE', #8102, 1000.000000000000000 ) ;
#4874 = LINE ( 'NONE', #3261, #1823 ) ;
#4875 = CARTESIAN_POINT ( 'NONE',  ( -22.71712670107568499, 147.4213562373095385, 3.124999999999959588 ) ) ;
#4876 = DIRECTION ( 'NONE',  ( 0.3420201433256682688, 1.201296007113938913E-14, -0.9396926207859085389 ) ) ;
#4877 = ORIENTED_EDGE ( 'NONE', *, *, #3013, .T. ) ;
#4878 = EDGE_CURVE ( 'NONE', #1500, #4770, #5706, .T. ) ;
#4879 = DIRECTION ( 'NONE',  ( -0.5000000000000001110, 0.000000000000000000, 0.8660254037844387076 ) ) ;
#4880 = CARTESIAN_POINT ( 'NONE',  ( 27.06329386826395478, 0.000000000000000000, 31.87499999999995737 ) ) ;
#4881 = ORIENTED_EDGE ( 'NONE', *, *, #5538, .T. ) ;
#4882 = FACE_OUTER_BOUND ( 'NONE', #9590, .T. ) ;
#4883 = FACE_BOUND ( 'NONE', #491, .T. ) ;
#4884 = ORIENTED_EDGE ( 'NONE', *, *, #2563, .T. ) ;
#4885 = CARTESIAN_POINT ( 'NONE',  ( 45.46633369868351338, 0.000000000000000000, -21.24999999999999289 ) ) ;
#4886 = EDGE_LOOP ( 'NONE', ( #8786, #8343, #7062, #1065 ) ) ;
#4887 = ADVANCED_FACE ( 'NONE', ( #3367 ), #1648, .T. ) ;
#4888 = ADVANCED_FACE ( 'NONE', ( #6536 ), #9612, .T. ) ;
#4889 = DIRECTION ( 'NONE',  ( -0.4698463103929674811, 0.8660254037844281605, -0.1710100716628500939 ) ) ;
#4890 = FACE_BOUND ( 'NONE', #6249, .T. ) ;
#4891 = VERTEX_POINT ( 'NONE', #5758 ) ;
#4892 = FACE_OUTER_BOUND ( 'NONE', #281, .T. ) ;
#4893 = DIRECTION ( 'NONE',  ( 0.5000000000000001110, 0.000000000000000000, 0.8660254037844387076 ) ) ;
#4894 = PLANE ( 'NONE',  #3081 ) ;
#4895 = LINE ( 'NONE', #6398, #6636 ) ;
#4896 = DIRECTION ( 'NONE',  ( 0.8789733129752218543, 0.4768709627114683935, 1.982541115402082268E-15 ) ) ;
#4897 = ADVANCED_FACE ( 'NONE', ( #3424 ), #8831, .T. ) ;
#4898 = ORIENTED_EDGE ( 'NONE', *, *, #5372, .F. ) ;
#4899 = CARTESIAN_POINT ( 'NONE',  ( -32.47595264191693332, 147.4213562373095385, 13.74999999999999467 ) ) ;
#4900 = DIRECTION ( 'NONE',  ( 1.000000000000000000, 0.000000000000000000, -0.000000000000000000 ) ) ;
#4901 = AXIS2_PLACEMENT_3D ( 'NONE', #398, #2644, #2695 ) ;
#4902 = DIRECTION ( 'NONE',  ( 0.5000000000000001110, 0.000000000000000000, 0.8660254037844385966 ) ) ;
#4903 = CARTESIAN_POINT ( 'NONE',  ( 41.13620667976124423, 147.4213562373095385, -13.74999999999999822 ) ) ;
#4904 = DIRECTION ( 'NONE',  ( -1.000000000000000000, -0.000000000000000000, -0.000000000000000000 ) ) ;
#4905 = ORIENTED_EDGE ( 'NONE', *, *, #4550, .T. ) ;
#4906 = PERSON_AND_ORGANIZATION_ROLE ( 'design_supplier' ) ;
#4907 = VECTOR ( 'NONE', #5066, 1000.000000000000000 ) ;
#4908 = CARTESIAN_POINT ( 'NONE',  ( 66.00000000000000000, 0.000000000000000000, 38.22385819845018062 ) ) ;
#4909 = ORIENTED_EDGE ( 'NONE', *, *, #9677, .T. ) ;
#4910 = LINE ( 'NONE', #9752, #9241 ) ;
#4911 = DIRECTION ( 'NONE',  ( -0.8137976813493688066, -0.4999999999999977796, 0.2961981327260408414 ) ) ;
#4912 = ORIENTED_EDGE ( 'NONE', *, *, #2629, .T. ) ;
#4913 = EDGE_CURVE ( 'NONE', #120, #493, #2685, .T. ) ;
#4914 = CIRCLE ( 'NONE', #2081, 61.96152422706629181 ) ;
#4915 = VECTOR ( 'NONE', #2607, 1000.000000000000114 ) ;
#4916 = ORIENTED_EDGE ( 'NONE', *, *, #2732, .F. ) ;
#4917 = EDGE_CURVE ( 'NONE', #3639, #5539, #9768, .T. ) ;
#4918 = CARTESIAN_POINT ( 'NONE',  ( -4.330127018922193649, 6.000000000000005329, -7.500000000000000000 ) ) ;
#4919 = ORIENTED_EDGE ( 'NONE', *, *, #483, .T. ) ;
#4920 = CARTESIAN_POINT ( 'NONE',  ( -80.49426287064059693, -5.728384940746143350, -94.21832142862298554 ) ) ;
#4921 = ORIENTED_EDGE ( 'NONE', *, *, #9478, .F. ) ;
#4922 = VERTEX_POINT ( 'NONE', #2058 ) ;
#4923 = CARTESIAN_POINT ( 'NONE',  ( -14.07291281149715090, 147.4213562373095385, 3.124999999999960920 ) ) ;
#4924 = EDGE_CURVE ( 'NONE', #7053, #2446, #6793, .T. ) ;
#4925 = PLANE ( 'NONE',  #4601 ) ;
#4926 = LINE ( 'NONE', #3313, #7455 ) ;
#4927 = AXIS2_PLACEMENT_3D ( 'NONE', #5632, #1781, #9646 ) ;
#4928 = VERTEX_POINT ( 'NONE', #6072 ) ;
#4929 = CARTESIAN_POINT ( 'NONE',  ( 48.18039637606665337, 6.000000000000000000, -87.18281677883985026 ) ) ;
#4930 = CARTESIAN_POINT ( 'NONE',  ( -41.13620667976131529, 0.000000000000000000, -34.99999999999999289 ) ) ;
#4931 = ORIENTED_EDGE ( 'NONE', *, *, #7619, .T. ) ;
#4932 = DIRECTION ( 'NONE',  ( -0.000000000000000000, -1.000000000000000000, -0.000000000000000000 ) ) ;
#4933 = LINE ( 'NONE', #7373, #1106 ) ;
#4934 = ADVANCED_FACE ( 'NONE', ( #8308 ), #7630, .F. ) ;
#4935 = ORIENTED_EDGE ( 'NONE', *, *, #2449, .T. ) ;
#4936 = DIRECTION ( 'NONE',  ( 0.9396926207859068736, 0.000000000000000000, 0.3420201433256732093 ) ) ;
#4937 = VERTEX_POINT ( 'NONE', #7681 ) ;
#4938 = ADVANCED_FACE ( 'NONE', ( #4359 ), #1172, .T. ) ;
#4939 = CARTESIAN_POINT ( 'NONE',  ( -22.71712670107568499, 0.000000000000000000, 3.124999999999959588 ) ) ;
#4940 = VECTOR ( 'NONE', #4732, 999.9999999999998863 ) ;
#4941 = DIRECTION ( 'NONE',  ( -1.000000000000000000, 0.000000000000000000, 0.000000000000000000 ) ) ;
#4942 = ORIENTED_EDGE ( 'NONE', *, *, #1934, .T. ) ;
#4943 = DIRECTION ( 'NONE',  ( -0.9396926207859085389, 0.000000000000000000, 0.3420201433256684354 ) ) ;
#4944 = AXIS2_PLACEMENT_3D ( 'NONE', #9758, #7148, #14 ) ;
#4945 = CARTESIAN_POINT ( 'NONE',  ( -71.75583453782208210, 8.999999999999966249, 67.98743272795280745 ) ) ;
#4946 = DIRECTION ( 'NONE',  ( 1.000000000000000000, 0.000000000000000000, 0.000000000000000000 ) ) ;
#4947 = CARTESIAN_POINT ( 'NONE',  ( 49.99999999999997158, 147.4213562373095385, 16.60254037844294928 ) ) ;
#4948 = LINE ( 'NONE', #6452, #3145 ) ;
#4949 = DIRECTION ( 'NONE',  ( 0.3420201433256682688, -1.201296007113938913E-14, 0.9396926207859085389 ) ) ;
#4950 = ORIENTED_EDGE ( 'NONE', *, *, #7295, .T. ) ;
#4951 = DIRECTION ( 'NONE',  ( 0.000000000000000000, 0.000000000000000000, -1.000000000000000000 ) ) ;
#4952 = LINE ( 'NONE', #8227, #2092 ) ;
#4953 = LINE ( 'NONE', #7503, #7705 ) ;
#4954 = CARTESIAN_POINT ( 'NONE',  ( 48.32614877529362474, 6.000000000000000000, -48.34702753535147934 ) ) ;
#4955 = PLANE ( 'NONE',  #1990 ) ;
#4956 = EDGE_LOOP ( 'NONE', ( #9747, #9142, #1334, #1863, #7421 ) ) ;
#4957 = CARTESIAN_POINT ( 'NONE',  ( 32.47595264191693332, 147.4213562373095385, 13.74999999999999467 ) ) ;
#4958 = VERTEX_POINT ( 'NONE', #9251 ) ;
#4959 = DIRECTION ( 'NONE',  ( -0.000000000000000000, -1.000000000000000000, -0.000000000000000000 ) ) ;
#4960 = VECTOR ( 'NONE', #2175, 1000.000000000000227 ) ;
#4961 = CARTESIAN_POINT ( 'NONE',  ( 82.31282873162557223, 12.75855025242435303, -58.01629620822638600 ) ) ;
#4962 = VERTEX_POINT ( 'NONE', #2108 ) ;
#4963 = EDGE_CURVE ( 'NONE', #9288, #8654, #5966, .T. ) ;
#4964 = VERTEX_POINT ( 'NONE', #4407 ) ;
#4965 = CARTESIAN_POINT ( 'NONE',  ( 66.05925076837610277, 5.499999999999678479, -65.91404579887013426 ) ) ;
#4966 = ORIENTED_EDGE ( 'NONE', *, *, #956, .T. ) ;
#4967 = VECTOR ( 'NONE', #3395, 1000.000000000000000 ) ;
#4968 = CARTESIAN_POINT ( 'NONE',  ( 46.54886545341405935, 147.4213562373095385, 10.62499999999999822 ) ) ;
#4969 = EDGE_LOOP ( 'NONE', ( #6358, #7786, #1518, #921 ) ) ;
#4970 = VECTOR ( 'NONE', #8380, 1000.000000000000000 ) ;
#4971 = ORIENTED_EDGE ( 'NONE', *, *, #9370, .T. ) ;
#4972 = CARTESIAN_POINT ( 'NONE',  ( 25.98076211353308551, 147.4213562373095385, -15.00000000000013323 ) ) ;
#4973 = EDGE_CURVE ( 'NONE', #7313, #3050, #6020, .T. ) ;
#4974 = CARTESIAN_POINT ( 'NONE',  ( -32.47595264191693332, 147.4213562373095385, -34.99999999999999289 ) ) ;
#4975 = CARTESIAN_POINT ( 'NONE',  ( -4.330127018922190096, 147.4213562373095385, 7.500000000000000888 ) ) ;
#4976 = ORIENTED_EDGE ( 'NONE', *, *, #8099, .F. ) ;
#4977 = DIRECTION ( 'NONE',  ( 0.000000000000000000, 0.000000000000000000, -1.000000000000000000 ) ) ;
#4978 = VECTOR ( 'NONE', #8371, 1000.000000000000114 ) ;
#4979 = DIRECTION ( 'NONE',  ( 0.5337593939265715681, 0.4330127018922132476, 0.7263614178872279670 ) ) ;
#4980 = VERTEX_POINT ( 'NONE', #8357 ) ;
#4981 = LINE ( 'NONE', #964, #8575 ) ;
#4982 = FACE_OUTER_BOUND ( 'NONE', #9243, .T. ) ;
#4983 = ORIENTED_EDGE ( 'NONE', *, *, #2502, .T. ) ;
#4984 = EDGE_CURVE ( 'NONE', #10005, #176, #2900, .T. ) ;
#4985 = EDGE_CURVE ( 'NONE', #4265, #1532, #4309, .T. ) ;
#4986 = EDGE_LOOP ( 'NONE', ( #8006, #4038 ) ) ;
#4987 = CARTESIAN_POINT ( 'NONE',  ( -25.98076211353308906, 6.000000000000005329, -15.00000000000011546 ) ) ;
#4988 = ORIENTED_EDGE ( 'NONE', *, *, #9544, .T. ) ;
#4989 = ADVANCED_FACE ( 'NONE', ( #10084 ), #5287, .F. ) ;
#4990 = VECTOR ( 'NONE', #7982, 1000.000000000000000 ) ;
#4991 = CARTESIAN_POINT ( 'NONE',  ( -25.98076211353308906, 6.000000000000005329, -15.00000000000011546 ) ) ;
#4992 = DIRECTION ( 'NONE',  ( 0.5000000000000012212, 0.000000000000000000, -0.8660254037844379305 ) ) ;
#4993 = ORIENTED_EDGE ( 'NONE', *, *, #3169, .T. ) ;
#4994 = EDGE_CURVE ( 'NONE', #6425, #2873, #5374, .T. ) ;
#4995 = CARTESIAN_POINT ( 'NONE',  ( -41.13620667976131529, 147.4213562373095385, -34.99999999999999289 ) ) ;
#4996 = CARTESIAN_POINT ( 'NONE',  ( 32.47595264191693332, 6.000000000000005329, 28.74999999999999289 ) ) ;
#4997 = CARTESIAN_POINT ( 'NONE',  ( 22.71712670107556420, 0.000000000000000000, 3.124999999999969802 ) ) ;
#4998 = CARTESIAN_POINT ( 'NONE',  ( -48.18039637606665337, 0.000000000000000000, -87.18281677883985026 ) ) ;
#4999 = CARTESIAN_POINT ( 'NONE',  ( 28.14582562299473878, 0.000000000000000000, -42.49999999999998579 ) ) ;
#5000 = VECTOR ( 'NONE', #1914, 1000.000000000000000 ) ;
#5001 = CARTESIAN_POINT ( 'NONE',  ( -2.053814751474071443, 0.000000000000000000, 28.74999999999999645 ) ) ;
#5002 = ORIENTED_EDGE ( 'NONE', *, *, #1669, .F. ) ;
#5003 = DIRECTION ( 'NONE',  ( 0.5337593939265874443, 0.4330127018922123594, -0.7263614178872168647 ) ) ;
#5004 = LINE ( 'NONE', #8177, #4915 ) ;
#5005 = VECTOR ( 'NONE', #236, 1000.000000000000114 ) ;
#5006 = LINE ( 'NONE', #315, #5368 ) ;
#5007 = PLANE ( 'NONE',  #2869 ) ;
#5008 = LINE ( 'NONE', #370, #4650 ) ;
#5009 = ORIENTED_EDGE ( 'NONE', *, *, #427, .T. ) ;
#5010 = APPLICATION_PROTOCOL_DEFINITION ( 'international standard', 'config_control_design', 1994, #8239 ) ;
#5011 = DIRECTION ( 'NONE',  ( -0.000000000000000000, -1.000000000000000000, -0.000000000000000000 ) ) ;
#5012 = ORIENTED_EDGE ( 'NONE', *, *, #7771, .F. ) ;
#5013 = FACE_OUTER_BOUND ( 'NONE', #9450, .T. ) ;
#5014 = EDGE_CURVE ( 'NONE', #7915, #9087, #8258, .T. ) ;
#5015 = EDGE_CURVE ( 'NONE', #5439, #2309, #442, .T. ) ;
#5016 = EDGE_LOOP ( 'NONE', ( #9600, #7526, #994, #3642 ) ) ;
#5017 = ORIENTED_EDGE ( 'NONE', *, *, #6435, .T. ) ;
#5018 = DIRECTION ( 'NONE',  ( -0.8660254037844387076, 0.000000000000000000, -0.5000000000000001110 ) ) ;
#5019 = ORIENTED_EDGE ( 'NONE', *, *, #5538, .F. ) ;
#5020 = LINE ( 'NONE', #1894, #2306 ) ;
#5021 = ORIENTED_EDGE ( 'NONE', *, *, #7855, .T. ) ;
#5022 = VECTOR ( 'NONE', #5892, 1000.000000000000000 ) ;
#5023 = ADVANCED_FACE ( 'NONE', ( #1119 ), #388, .F. ) ;
#5024 = LINE ( 'NONE', #4249, #1329 ) ;
#5025 = CARTESIAN_POINT ( 'NONE',  ( -60.40391967589525990, 1.499999999999661382, 61.19522918509719744 ) ) ;
#5026 = LINE ( 'NONE', #9610, #4802 ) ;
#5027 = EDGE_LOOP ( 'NONE', ( #4755, #2912, #3130, #6272, #9884, #5391, #5708, #2078 ) ) ;
#5028 = DIRECTION ( 'NONE',  ( -0.000000000000000000, -1.000000000000000000, -0.000000000000000000 ) ) ;
#5029 = LINE ( 'NONE', #7315, #5005 ) ;
#5030 = EDGE_LOOP ( 'NONE', ( #9, #10216, #744, #7202, #1901, #1227, #9211, #380, #5405, #4103 ) ) ;
#5031 = DIRECTION ( 'NONE',  ( 0.7030969734007184169, -0.2500000000000081601, -0.6656986149863506341 ) ) ;
#5032 = FACE_OUTER_BOUND ( 'NONE', #2290, .T. ) ;
#5033 = VERTEX_POINT ( 'NONE', #3633 ) ;
#5034 = AXIS2_PLACEMENT_3D ( 'NONE', #1865, #5718, #6658 ) ;
#5035 = AXIS2_PLACEMENT_3D ( 'NONE', #2023, #511, #3752 ) ;
#5036 = ORIENTED_EDGE ( 'NONE', *, *, #1229, .F. ) ;
#5037 = FACE_OUTER_BOUND ( 'NONE', #6979, .T. ) ;
#5038 = ORIENTED_EDGE ( 'NONE', *, *, #3863, .T. ) ;
#5039 = CYLINDRICAL_SURFACE ( 'NONE', #5322, 61.96152422706629181 ) ;
#5040 = EDGE_CURVE ( 'NONE', #176, #7359, #9870, .T. ) ;
#5041 = DIRECTION ( 'NONE',  ( -0.000000000000000000, -1.000000000000000000, -0.000000000000000000 ) ) ;
#5042 = VERTEX_POINT ( 'NONE', #9094 ) ;
#5043 = VECTOR ( 'NONE', #1621, 1000.000000000000227 ) ;
#5044 = ADVANCED_FACE ( 'NONE', ( #5133 ), #3578, .T. ) ;
#5045 = CARTESIAN_POINT ( 'NONE',  ( 22.71712670107555709, 147.4213562373095385, 3.124999999999962697 ) ) ;
#5046 = DIRECTION ( 'NONE',  ( -0.09485932030786352331, -0.9607689228305262841, 0.2606238405706591266 ) ) ;
#5047 = DIRECTION ( 'NONE',  ( 0.000000000000000000, 0.000000000000000000, -1.000000000000000000 ) ) ;
#5048 = DIRECTION ( 'NONE',  ( 0.4999999999999999445, 0.000000000000000000, -0.8660254037844387076 ) ) ;
#5049 = DIRECTION ( 'NONE',  ( 0.000000000000000000, 1.000000000000000000, 0.000000000000000000 ) ) ;
#5050 = ADVANCED_FACE ( 'NONE', ( #9203 ), #7779, .T. ) ;
#5051 = DIRECTION ( 'NONE',  ( 1.000000000000000000, 0.000000000000000000, 0.000000000000000000 ) ) ;
#5052 = ORIENTED_EDGE ( 'NONE', *, *, #8607, .T. ) ;
#5053 = CARTESIAN_POINT ( 'NONE',  ( 49.99999999999998579, 6.000000000000005329, -25.89745962155736692 ) ) ;
#5054 = DIRECTION ( 'NONE',  ( 0.000000000000000000, 0.000000000000000000, 1.000000000000000000 ) ) ;
#5055 = ADVANCED_FACE ( 'NONE', ( #5437 ), #3834, .F. ) ;
#5056 = VECTOR ( 'NONE', #9422, 1000.000000000000000 ) ;
#5057 = VECTOR ( 'NONE', #7781, 1000.000000000000000 ) ;
#5058 = CARTESIAN_POINT ( 'NONE',  ( 22.34942529805128331, 0.000000000000000000, -61.40454134417992549 ) ) ;
#5059 = DIRECTION ( 'NONE',  ( -0.5000000000000000000, 0.000000000000000000, -0.8660254037844385966 ) ) ;
#5060 = EDGE_CURVE ( 'NONE', #4603, #5766, #7092, .T. ) ;
#5061 = CARTESIAN_POINT ( 'NONE',  ( -64.25476978182084054, 2.249999999999781508, -67.91771286265469598 ) ) ;
#5062 = ORIENTED_EDGE ( 'NONE', *, *, #7665, .F. ) ;
#5063 = EDGE_CURVE ( 'NONE', #297, #3394, #2381, .T. ) ;
#5064 = CYLINDRICAL_SURFACE ( 'NONE', #6417, 1.249999999999995559 ) ;
#5065 = ORIENTED_EDGE ( 'NONE', *, *, #527, .T. ) ;
#5066 = DIRECTION ( 'NONE',  ( 0.3420201433256876977, -0.000000000000000000, 0.9396926207859014335 ) ) ;
#5067 = VECTOR ( 'NONE', #7849, 1000.000000000000000 ) ;
#5068 = EDGE_CURVE ( 'NONE', #2375, #2254, #6707, .T. ) ;
#5069 = ORIENTED_EDGE ( 'NONE', *, *, #10197, .T. ) ;
#5070 = DIRECTION ( 'NONE',  ( -0.4999999999999980016, 0.000000000000000000, 0.8660254037844397068 ) ) ;
#5071 = EDGE_LOOP ( 'NONE', ( #3378, #457, #6909, #854, #6322, #7264 ) ) ;
#5072 = VECTOR ( 'NONE', #7164, 1000.000000000000000 ) ;
#5073 = DIRECTION ( 'NONE',  ( -0.000000000000000000, -1.000000000000000000, -0.000000000000000000 ) ) ;
#5074 = ORIENTED_EDGE ( 'NONE', *, *, #1955, .T. ) ;
#5075 = VECTOR ( 'NONE', #4645, 1000.000000000000000 ) ;
#5076 = CARTESIAN_POINT ( 'NONE',  ( -48.34702753535164277, 0.000000000000000000, -48.32614877529346842 ) ) ;
#5077 = ORIENTED_EDGE ( 'NONE', *, *, #4025, .F. ) ;
#5078 = VECTOR ( 'NONE', #273, 1000.000000000000114 ) ;
#5079 = DIRECTION ( 'NONE',  ( -0.3420201433256694346, -1.249000902703301739E-14, -0.9396926207859082059 ) ) ;
#5080 = CARTESIAN_POINT ( 'NONE',  ( 11.26739772084300917, 0.000000000000000000, 34.51570532158541482 ) ) ;
#5081 = ORIENTED_EDGE ( 'NONE', *, *, #3908, .T. ) ;
#5082 = CARTESIAN_POINT ( 'NONE',  ( -14.07291281149715090, 6.000000000000005329, 3.124999999999960920 ) ) ;
#5083 = CARTESIAN_POINT ( 'NONE',  ( 72.62888298754663197, 14.99999999999994316, -95.97381846109878722 ) ) ;
#5084 = ORIENTED_EDGE ( 'NONE', *, *, #2168, .F. ) ;
#5085 = DIRECTION ( 'NONE',  ( -0.000000000000000000, -1.000000000000000000, -0.000000000000000000 ) ) ;
#5086 = AXIS2_PLACEMENT_3D ( 'NONE', #6024, #7577, #9873 ) ;
#5087 = CARTESIAN_POINT ( 'NONE',  ( 46.54886545341427961, 0.000000000000000000, -31.87499999999998579 ) ) ;
#5088 = ORIENTED_EDGE ( 'NONE', *, *, #2615, .F. ) ;
#5089 = AXIS2_PLACEMENT_3D ( 'NONE', #9845, #5886, #1142 ) ;
#5090 = ORIENTED_EDGE ( 'NONE', *, *, #3932, .F. ) ;
#5091 = CARTESIAN_POINT ( 'NONE',  ( 60.22634868466263214, 11.78326453423800935, -83.37431452178670099 ) ) ;
#5092 = ORIENTED_EDGE ( 'NONE', *, *, #9756, .T. ) ;
#5093 = LINE ( 'NONE', #6030, #4322 ) ;
#5094 = EDGE_CURVE ( 'NONE', #8790, #10198, #10130, .T. ) ;
#5095 = VECTOR ( 'NONE', #5168, 999.9999999999998863 ) ;
#5096 = LINE ( 'NONE', #6804, #2328 ) ;
#5097 = ORIENTED_EDGE ( 'NONE', *, *, #9790, .T. ) ;
#5098 = CARTESIAN_POINT ( 'NONE',  ( -25.98076211353308906, 147.4213562373095385, -15.00000000000011546 ) ) ;
#5099 = CARTESIAN_POINT ( 'NONE',  ( 118.2462233470211572, 2.249999999998087308, -80.42258665126527717 ) ) ;
#5100 = EDGE_CURVE ( 'NONE', #9383, #4173, #3147, .T. ) ;
#5101 = LINE ( 'NONE', #7541, #6178 ) ;
#5102 = FACE_OUTER_BOUND ( 'NONE', #7805, .T. ) ;
#5103 = CARTESIAN_POINT ( 'NONE',  ( 10.17883965411065006, 6.000000000000005329, -31.11973255698393359 ) ) ;
#5104 = DIRECTION ( 'NONE',  ( 0.5000000000000001110, 0.000000000000000000, -0.8660254037844387076 ) ) ;
#5105 = LINE ( 'NONE', #1822, #1815 ) ;
#5106 = ORIENTED_EDGE ( 'NONE', *, *, #2937, .F. ) ;
#5107 = CARTESIAN_POINT ( 'NONE',  ( -4.330127018922193649, 147.4213562373095385, -7.500000000000000000 ) ) ;
#5108 = VECTOR ( 'NONE', #10284, 1000.000000000000000 ) ;
#5109 = CARTESIAN_POINT ( 'NONE',  ( -14.07291281149736051, 147.4213562373095385, -39.37499999999995737 ) ) ;
#5110 = ADVANCED_FACE ( 'NONE', ( #13 ), #5339, .F. ) ;
#5111 = FACE_BOUND ( 'NONE', #10073, .T. ) ;
#5112 = CARTESIAN_POINT ( 'NONE',  ( 28.14582562299473878, 147.4213562373095385, -42.49999999999998579 ) ) ;
#5113 = CARTESIAN_POINT ( 'NONE',  ( 41.13620667976131529, 0.000000000000000000, 28.74999999999999289 ) ) ;
#5114 = ORIENTED_EDGE ( 'NONE', *, *, #3217, .T. ) ;
#5115 = ADVANCED_FACE ( 'NONE', ( #10280 ), #4715, .F. ) ;
#5116 = FACE_OUTER_BOUND ( 'NONE', #10021, .T. ) ;
#5117 = EDGE_LOOP ( 'NONE', ( #2886, #1522 ) ) ;
#5118 = DIRECTION ( 'NONE',  ( -1.000000000000000000, 0.000000000000000000, -0.000000000000000000 ) ) ;
#5119 = VECTOR ( 'NONE', #8295, 1000.000000000000000 ) ;
#5120 = ADVANCED_FACE ( 'NONE', ( #4661 ), #10177, .T. ) ;
#5121 = ORIENTED_EDGE ( 'NONE', *, *, #4985, .T. ) ;
#5122 = PLANE ( 'NONE',  #2797 ) ;
#5123 = ORIENTED_EDGE ( 'NONE', *, *, #8698, .T. ) ;
#5124 = EDGE_CURVE ( 'NONE', #1234, #8139, #7829, .T. ) ;
#5125 = LINE ( 'NONE', #8402, #9293 ) ;
#5126 = ORIENTED_EDGE ( 'NONE', *, *, #9876, .F. ) ;
#5127 = FACE_OUTER_BOUND ( 'NONE', #277, .T. ) ;
#5128 = VERTEX_POINT ( 'NONE', #6215 ) ;
#5129 = CARTESIAN_POINT ( 'NONE',  ( 25.98076211353308551, 147.4213562373095385, -15.00000000000013323 ) ) ;
#5130 = CARTESIAN_POINT ( 'NONE',  ( 62.42372499878475622, 1.124999999999771738, -67.25126706402114962 ) ) ;
#5131 = VECTOR ( 'NONE', #9108, 1000.000000000000114 ) ;
#5132 = ORIENTED_EDGE ( 'NONE', *, *, #10151, .F. ) ;
#5133 = FACE_OUTER_BOUND ( 'NONE', #5922, .T. ) ;
#5134 = CARTESIAN_POINT ( 'NONE',  ( 87.70925405845105161, -9.486715189943387472, -55.36244354894027708 ) ) ;
#5135 = ORIENTED_EDGE ( 'NONE', *, *, #8035, .T. ) ;
#5136 = CARTESIAN_POINT ( 'NONE',  ( -41.13620667976131529, 6.000000000000005329, -7.500000000000000000 ) ) ;
#5137 = CARTESIAN_POINT ( 'NONE',  ( -71.96467873985480423, 13.49999999999998401, -90.20243797482451953 ) ) ;
#5138 = ORIENTED_EDGE ( 'NONE', *, *, #8178, .F. ) ;
#5139 = VECTOR ( 'NONE', #4351, 1000.000000000000114 ) ;
#5140 = ORIENTED_EDGE ( 'NONE', *, *, #158, .T. ) ;
#5141 = DIRECTION ( 'NONE',  ( 0.8137976813493688066, -0.4999999999999977796, 0.2961981327260408414 ) ) ;
#5142 = ORIENTED_EDGE ( 'NONE', *, *, #560, .F. ) ;
#5143 = LINE ( 'NONE', #8319, #1322 ) ;
#5144 = EDGE_CURVE ( 'NONE', #2536, #1420, #745, .T. ) ;
#5145 = LINE ( 'NONE', #6754, #3338 ) ;
#5146 = ORIENTED_EDGE ( 'NONE', *, *, #9704, .T. ) ;
#5147 = AXIS2_PLACEMENT_3D ( 'NONE', #2577, #9506, #7257 ) ;
#5148 = CARTESIAN_POINT ( 'NONE',  ( 4.330127018922120818, 6.000000000000005329, -13.74999999999999822 ) ) ;
#5149 = CARTESIAN_POINT ( 'NONE',  ( 75.86167629364946663, -9.486715189943781823, 87.91339593296397936 ) ) ;
#5150 = AXIS2_PLACEMENT_3D ( 'NONE', #3550, #9114, #5155 ) ;
#5151 = DIRECTION ( 'NONE',  ( 0.8660254037844387076, 0.000000000000000000, -0.4999999999999998890 ) ) ;
#5152 = DIRECTION ( 'NONE',  ( 0.4698463103929487183, 0.8660254037844400399, -0.1710100716628430717 ) ) ;
#5153 = ADVANCED_FACE ( 'NONE', ( #7039 ), #8661, .F. ) ;
#5154 = DIRECTION ( 'NONE',  ( -0.000000000000000000, -1.000000000000000000, -0.000000000000000000 ) ) ;
#5155 = DIRECTION ( 'NONE',  ( 0.000000000000000000, 0.000000000000000000, -1.000000000000000000 ) ) ;
#5156 = LINE ( 'NONE', #4379, #7637 ) ;
#5157 = AXIS2_PLACEMENT_3D ( 'NONE', #1302, #6870, #573 ) ;
#5158 = EDGE_LOOP ( 'NONE', ( #6062, #6274, #3477, #4083, #7336 ) ) ;
#5159 = CARTESIAN_POINT ( 'NONE',  ( -90.87355798516183825, -7.769979724182088709, 55.36244354894027708 ) ) ;
#5160 = EDGE_CURVE ( 'NONE', #7754, #5546, #2257, .T. ) ;
#5161 = CARTESIAN_POINT ( 'NONE',  ( 80.64835826428998189, 8.999999999999944933, -43.55542458751932600 ) ) ;
#5162 = DIRECTION ( 'NONE',  ( 0.5000000000000000000, 0.000000000000000000, 0.8660254037844385966 ) ) ;
#5163 = CARTESIAN_POINT ( 'NONE',  ( 27.06329386826395123, 0.000000000000000000, -31.87499999999995737 ) ) ;
#5164 = VECTOR ( 'NONE', #1759, 1000.000000000000000 ) ;
#5165 = CARTESIAN_POINT ( 'NONE',  ( 66.91430112669027608, 5.499999999999652722, -63.56481424690532833 ) ) ;
#5166 = DIRECTION ( 'NONE',  ( 0.4698463103929532703, 0.8660254037844400399, -0.1710100716628305539 ) ) ;
#5167 = VERTEX_POINT ( 'NONE', #1477 ) ;
#5168 = DIRECTION ( 'NONE',  ( -0.5000000000000001110, 0.000000000000000000, 0.8660254037844387076 ) ) ;
#5169 = ORIENTED_EDGE ( 'NONE', *, *, #6727, .F. ) ;
#5170 = CYLINDRICAL_SURFACE ( 'NONE', #7059, 2.249999999999988898 ) ;
#5171 = ADVANCED_FACE ( 'NONE', ( #7146 ), #6122, .T. ) ;
#5172 = EDGE_CURVE ( 'NONE', #311, #4307, #3786, .T. ) ;
#5173 = ADVANCED_FACE ( 'NONE', ( #2209 ), #4818, .F. ) ;
#5174 = VERTEX_POINT ( 'NONE', #3194 ) ;
#5175 = CARTESIAN_POINT ( 'NONE',  ( -23.87132298306550382, 147.4213562373095385, -16.15365574944390303 ) ) ;
#5176 = ORIENTED_EDGE ( 'NONE', *, *, #6175, .T. ) ;
#5177 = CARTESIAN_POINT ( 'NONE',  ( -4.330127018922339310, 147.4213562373095385, -49.99999999999999289 ) ) ;
#5178 = EDGE_CURVE ( 'NONE', #4469, #3122, #3128, .T. ) ;
#5179 = EDGE_LOOP ( 'NONE', ( #8584, #3566, #9966 ) ) ;
#5180 = VECTOR ( 'NONE', #4166, 1000.000000000000000 ) ;
#5181 = EDGE_CURVE ( 'NONE', #1883, #9208, #7986, .T. ) ;
#5182 = CARTESIAN_POINT ( 'NONE',  ( 8.660254037844387298, 6.000000000000005329, -4.592625337882893652E-17 ) ) ;
#5183 = ORIENTED_EDGE ( 'NONE', *, *, #8934, .T. ) ;
#5184 = DIRECTION ( 'NONE',  ( 0.000000000000000000, 0.000000000000000000, 1.000000000000000000 ) ) ;
#5185 = LINE ( 'NONE', #5285, #9695 ) ;
#5186 = ORIENTED_EDGE ( 'NONE', *, *, #7295, .F. ) ;
#5187 = CARTESIAN_POINT ( 'NONE',  ( 32.47595264191693332, 147.4213562373095385, 49.99999999999998579 ) ) ;
#5188 = AXIS2_PLACEMENT_3D ( 'NONE', #1973, #5151, #8324 ) ;
#5189 = DIRECTION ( 'NONE',  ( -0.000000000000000000, -1.000000000000000000, -0.000000000000000000 ) ) ;
#5190 = ORIENTED_EDGE ( 'NONE', *, *, #4668, .T. ) ;
#5191 = DIRECTION ( 'NONE',  ( 1.000000000000000000, 0.000000000000000000, 0.000000000000000000 ) ) ;
#5192 = FACE_BOUND ( 'NONE', #6857, .T. ) ;
#5193 = ORIENTED_EDGE ( 'NONE', *, *, #9558, .F. ) ;
#5194 = ORIENTED_EDGE ( 'NONE', *, *, #4420, .T. ) ;
#5195 = CARTESIAN_POINT ( 'NONE',  ( 32.47595264191693332, 0.000000000000000000, 28.74999999999999289 ) ) ;
#5196 = ORIENTED_EDGE ( 'NONE', *, *, #9027, .T. ) ;
#5197 = FACE_BOUND ( 'NONE', #1121, .T. ) ;
#5198 = EDGE_CURVE ( 'NONE', #4502, #6818, #7196, .T. ) ;
#5199 = CARTESIAN_POINT ( 'NONE',  ( -8.660254037844387298, 0.000000000000000000, -8.590526202073901000E-16 ) ) ;
#5200 = ORIENTED_EDGE ( 'NONE', *, *, #3782, .T. ) ;
#5201 = DIRECTION ( 'NONE',  ( 0.000000000000000000, 0.000000000000000000, -1.000000000000000000 ) ) ;
#5202 = CARTESIAN_POINT ( 'NONE',  ( -119.4208391230035318, 2.249999999998087308, 79.99506147210819051 ) ) ;
#5203 = PLANE ( 'NONE',  #10015 ) ;
#5204 = DIRECTION ( 'NONE',  ( -1.000000000000000000, 0.000000000000000000, -6.938893903907227145E-17 ) ) ;
#5205 = DIRECTION ( 'NONE',  ( 0.4698463103929531592, 0.8660254037844399289, 0.1710100716628304984 ) ) ;
#5206 = CARTESIAN_POINT ( 'NONE',  ( 58.69381895926685644, 1.499999999999727329, -65.89369228902688747 ) ) ;
#5207 = EDGE_CURVE ( 'NONE', #4822, #6130, #2802, .T. ) ;
#5208 = EDGE_LOOP ( 'NONE', ( #6845, #8559, #7346, #4796 ) ) ;
#5209 = DIRECTION ( 'NONE',  ( -0.4999999999999997224, 0.000000000000000000, -0.8660254037844388186 ) ) ;
#5210 = DIRECTION ( 'NONE',  ( -0.000000000000000000, -1.000000000000000000, -0.000000000000000000 ) ) ;
#5211 = VECTOR ( 'NONE', #5475, 1000.000000000000000 ) ;
#5212 = DIRECTION ( 'NONE',  ( 0.5000000000000001110, 0.000000000000000000, 0.8660254037844385966 ) ) ;
#5213 = ORIENTED_EDGE ( 'NONE', *, *, #5306, .F. ) ;
#5214 = DIRECTION ( 'NONE',  ( -0.4999999999999999445, 0.000000000000000000, 0.8660254037844385966 ) ) ;
#5215 = CARTESIAN_POINT ( 'NONE',  ( 64.25476978182084054, 2.249999999999781508, 67.91771286265469598 ) ) ;
#5216 = CARTESIAN_POINT ( 'NONE',  ( -22.73316684934198051, 0.000000000000000000, -45.62499999999995737 ) ) ;
#5217 = EDGE_CURVE ( 'NONE', #1834, #8629, #8427, .T. ) ;
#5218 = ORIENTED_EDGE ( 'NONE', *, *, #722, .T. ) ;
#5219 = CARTESIAN_POINT ( 'NONE',  ( 62.66774172871038218, 7.283264534238679033, 84.26290891996461596 ) ) ;
#5220 = VECTOR ( 'NONE', #5048, 999.9999999999998863 ) ;
#5221 = VERTEX_POINT ( 'NONE', #1342 ) ;
#5222 = DIRECTION ( 'NONE',  ( 0.5000000000000024425, 0.000000000000000000, -0.8660254037844372643 ) ) ;
#5223 = ADVANCED_FACE ( 'NONE', ( #6910 ), #7539, .F. ) ;
#5224 = EDGE_CURVE ( 'NONE', #7478, #5460, #4424, .T. ) ;
#5225 = ORIENTED_EDGE ( 'NONE', *, *, #2349, .F. ) ;
#5226 = EDGE_CURVE ( 'NONE', #8658, #3920, #8374, .T. ) ;
#5227 = DIRECTION ( 'NONE',  ( -1.000000000000000000, 0.000000000000000000, -2.006803045524116704E-16 ) ) ;
#5228 = ORIENTED_EDGE ( 'NONE', *, *, #2969, .T. ) ;
#5229 = CARTESIAN_POINT ( 'NONE',  ( -8.652233963711546849, 6.000000000000005329, -21.23610882412133094 ) ) ;
#5230 = ORIENTED_EDGE ( 'NONE', *, *, #5958, .T. ) ;
#5231 = DIRECTION ( 'NONE',  ( 1.000000000000000000, 0.000000000000000000, -0.000000000000000000 ) ) ;
#5232 = EDGE_LOOP ( 'NONE', ( #5392, #6741, #2426, #3040, #4608, #66 ) ) ;
#5233 = ADVANCED_FACE ( 'NONE', ( #7694 ), #5981, .F. ) ;
#5234 = CARTESIAN_POINT ( 'NONE',  ( 68.07917889521752386, 2.249999999999727773, 63.98879508120774773 ) ) ;
#5235 = VECTOR ( 'NONE', #7111, 1000.000000000000227 ) ;
#5236 = VERTEX_POINT ( 'NONE', #6756 ) ;
#5237 = DIRECTION ( 'NONE',  ( -0.5000000000000001110, 0.000000000000000000, -0.8660254037844385966 ) ) ;
#5238 = FACE_OUTER_BOUND ( 'NONE', #8426, .T. ) ;
#5239 = VERTEX_POINT ( 'NONE', #4323 ) ;
#5240 = DIRECTION ( 'NONE',  ( -0.5000000000000002220, 0.000000000000000000, 0.8660254037844384856 ) ) ;
#5241 = FACE_BOUND ( 'NONE', #5179, .T. ) ;
#5242 = ORIENTED_EDGE ( 'NONE', *, *, #6775, .T. ) ;
#5243 = VECTOR ( 'NONE', #5258, 1000.000000000000000 ) ;
#5244 = EDGE_CURVE ( 'NONE', #4259, #5560, #1287, .T. ) ;
#5245 = ORIENTED_EDGE ( 'NONE', *, *, #5198, .T. ) ;
#5246 = EDGE_CURVE ( 'NONE', #8700, #4824, #9165, .T. ) ;
#5248 = FACE_OUTER_BOUND ( 'NONE', #5801, .T. ) ;
#5247 = VECTOR ( 'NONE', #3721, 1000.000000000000114 ) ;
#5249 = EDGE_LOOP ( 'NONE', ( #1007, #4099, #7376, #6991 ) ) ;
#5250 = DIRECTION ( 'NONE',  ( -0.5000000000000000000, 0.000000000000000000, -0.8660254037844385966 ) ) ;
#5251 = CARTESIAN_POINT ( 'NONE',  ( -66.05925076837610277, 5.499999999999678479, -65.91404579887013426 ) ) ;
#5252 = ORIENTED_EDGE ( 'NONE', *, *, #4668, .F. ) ;
#5253 = LINE ( 'NONE', #10047, #5131 ) ;
#5254 = VECTOR ( 'NONE', #3481, 1000.000000000000000 ) ;
#5255 = DIRECTION ( 'NONE',  ( 0.000000000000000000, -1.000000000000000000, 0.000000000000000000 ) ) ;
#5256 = CARTESIAN_POINT ( 'NONE',  ( 3.673940397442059967E-15, 147.4213562373095385, 30.00000000000000000 ) ) ;
#5257 = AXIS2_PLACEMENT_3D ( 'NONE', #622, #9324, #2184 ) ;
#5258 = DIRECTION ( 'NONE',  ( -1.000000000000000000, 0.000000000000000000, 0.000000000000000000 ) ) ;
#5259 = CARTESIAN_POINT ( 'NONE',  ( -22.73316684934176379, 6.000000000000005329, 39.37499999999995737 ) ) ;
#5260 = EDGE_CURVE ( 'NONE', #950, #8158, #7590, .T. ) ;
#5261 = ORIENTED_EDGE ( 'NONE', *, *, #1955, .F. ) ;
#5262 = CARTESIAN_POINT ( 'NONE',  ( 46.54886545341405935, 0.000000000000000000, 10.62499999999999822 ) ) ;
#5263 = CIRCLE ( 'NONE', #5756, 2.750000000000002665 ) ;
#5264 = CARTESIAN_POINT ( 'NONE',  ( 119.4208391230035318, 2.249999999998087308, -79.99506147210819051 ) ) ;
#5265 = LINE ( 'NONE', #3608, #7812 ) ;
#5266 = ORIENTED_EDGE ( 'NONE', *, *, #4045, .T. ) ;
#5267 = PLANE ( 'NONE',  #10184 ) ;
#5268 = CARTESIAN_POINT ( 'NONE',  ( -48.32614877529397290, 6.000000000000000000, 48.34702753535113828 ) ) ;
#5269 = VECTOR ( 'NONE', #7418, 1000.000000000000114 ) ;
#5270 = CARTESIAN_POINT ( 'NONE',  ( -66.00000000000000000, 6.000000000000000000, 38.22385819845018062 ) ) ;
#5271 = ORIENTED_EDGE ( 'NONE', *, *, #1409, .F. ) ;
#5272 = FACE_OUTER_BOUND ( 'NONE', #7877, .T. ) ;
#5273 = LINE ( 'NONE', #7558, #7898 ) ;
#5274 = ORIENTED_EDGE ( 'NONE', *, *, #8092, .F. ) ;
#5275 = DIRECTION ( 'NONE',  ( 0.3420201433256701562, 1.073360150760649390E-14, -0.9396926207859079838 ) ) ;
#5276 = ORIENTED_EDGE ( 'NONE', *, *, #289, .T. ) ;
#5277 = LINE ( 'NONE', #7674, #7794 ) ;
#5278 = VERTEX_POINT ( 'NONE', #1916 ) ;
#5279 = ORIENTED_EDGE ( 'NONE', *, *, #5332, .F. ) ;
#5280 = EDGE_CURVE ( 'NONE', #2388, #1850, #6033, .T. ) ;
#5281 = DIRECTION ( 'NONE',  ( 0.6875305731827958677, 0.000000000000000000, 0.7261554316666206654 ) ) ;
#5282 = ORIENTED_EDGE ( 'NONE', *, *, #2407, .F. ) ;
#5283 = CIRCLE ( 'NONE', #5611, 6.999999999999941380 ) ;
#5284 = EDGE_CURVE ( 'NONE', #790, #194, #9992, .T. ) ;
#5285 = CARTESIAN_POINT ( 'NONE',  ( -41.13620667976124423, 6.000000000000005329, -13.74999999999999822 ) ) ;
#5286 = EDGE_LOOP ( 'NONE', ( #8982, #7512, #6180, #3491 ) ) ;
#5287 = PLANE ( 'NONE',  #6363 ) ;
#5288 = PLANE ( 'NONE',  #3227 ) ;
#5289 = ORIENTED_EDGE ( 'NONE', *, *, #3352, .T. ) ;
#5290 = FACE_BOUND ( 'NONE', #5232, .T. ) ;
#5291 = EDGE_LOOP ( 'NONE', ( #5019, #1163 ) ) ;
#5292 = AXIS2_PLACEMENT_3D ( 'NONE', #4640, #7808, #10161 ) ;
#5293 = VERTEX_POINT ( 'NONE', #3544 ) ;
#5294 = DIRECTION ( 'NONE',  ( 0.5000000000000000000, 0.000000000000000000, 0.8660254037844385966 ) ) ;
#5295 = ORIENTED_EDGE ( 'NONE', *, *, #5332, .T. ) ;
#5296 = DIRECTION ( 'NONE',  ( 0.4999999999999990563, 0.000000000000000000, -0.8660254037844391517 ) ) ;
#5297 = AXIS2_PLACEMENT_3D ( 'NONE', #6481, #1696, #23 ) ;
#5298 = CARTESIAN_POINT ( 'NONE',  ( -48.32614877529397290, 6.000000000000000000, 51.09702753535113828 ) ) ;
#5299 = ORIENTED_EDGE ( 'NONE', *, *, #9922, .F. ) ;
#5300 = CARTESIAN_POINT ( 'NONE',  ( -46.54886545341405935, 147.4213562373095385, -10.62499999999999822 ) ) ;
#5301 = EDGE_CURVE ( 'NONE', #701, #5865, #5253, .T. ) ;
#5302 = LINE ( 'NONE', #8323, #38 ) ;
#5303 = AXIS2_PLACEMENT_3D ( 'NONE', #2049, #9287, #5329 ) ;
#5304 = DIRECTION ( 'NONE',  ( 0.9396926207859068736, 0.000000000000000000, 0.3420201433256732093 ) ) ;
#5305 = EDGE_CURVE ( 'NONE', #4224, #6371, #5875, .T. ) ;
#5306 = EDGE_CURVE ( 'NONE', #8700, #8623, #3647, .T. ) ;
#5307 = DIRECTION ( 'NONE',  ( -0.4999999999999998890, 0.000000000000000000, -0.8660254037844385966 ) ) ;
#5308 = LINE ( 'NONE', #2865, #1889 ) ;
#5309 = VECTOR ( 'NONE', #8069, 1000.000000000000000 ) ;
#5310 = EDGE_CURVE ( 'NONE', #489, #1253, #1306, .T. ) ;
#5311 = EDGE_LOOP ( 'NONE', ( #3614, #6549, #9619, #6095 ) ) ;
#5312 = CARTESIAN_POINT ( 'NONE',  ( 85.28138980357267940, 12.75855025242442764, -49.86024169478056933 ) ) ;
#5313 = LINE ( 'NONE', #8487, #10081 ) ;
#5314 = VECTOR ( 'NONE', #982, 1000.000000000000227 ) ;
#5315 = EDGE_CURVE ( 'NONE', #4085, #6012, #6705, .T. ) ;
#5316 = LINE ( 'NONE', #5994, #8309 ) ;
#5317 = VERTEX_POINT ( 'NONE', #2860 ) ;
#5318 = AXIS2_PLACEMENT_3D ( 'NONE', #2759, #8327, #6712 ) ;
#5319 = DIRECTION ( 'NONE',  ( -0.5000000000000003331, 0.000000000000000000, 0.8660254037844383745 ) ) ;
#5320 = CARTESIAN_POINT ( 'NONE',  ( -14.07291281149736051, 0.000000000000000000, 39.37499999999995737 ) ) ;
#5321 = FACE_OUTER_BOUND ( 'NONE', #555, .T. ) ;
#5322 = AXIS2_PLACEMENT_3D ( 'NONE', #6853, #3643, #2019 ) ;
#5323 = ORIENTED_EDGE ( 'NONE', *, *, #6779, .T. ) ;
#5324 = PLANE ( 'NONE',  #7232 ) ;
#5325 = CARTESIAN_POINT ( 'NONE',  ( 71.96467873985480423, 13.49999999999998401, -90.20243797482451953 ) ) ;
#5326 = ORIENTED_EDGE ( 'NONE', *, *, #2724, .T. ) ;
#5327 = CARTESIAN_POINT ( 'NONE',  ( -32.47595264191693332, 147.4213562373095385, -28.74999999999999289 ) ) ;
#5328 = ORIENTED_EDGE ( 'NONE', *, *, #1690, .F. ) ;
#5329 = DIRECTION ( 'NONE',  ( 0.5000000000000013323, 0.000000000000000000, -0.8660254037844380415 ) ) ;
#5330 = VERTEX_POINT ( 'NONE', #9217 ) ;
#5331 = AXIS2_PLACEMENT_3D ( 'NONE', #3661, #3710, #6817 ) ;
#5332 = EDGE_CURVE ( 'NONE', #3917, #5971, #2072, .T. ) ;
#5333 = EDGE_CURVE ( 'NONE', #1452, #8758, #7103, .T. ) ;
#5334 = ORIENTED_EDGE ( 'NONE', *, *, #8540, .F. ) ;
#5335 = CARTESIAN_POINT ( 'NONE',  ( 8.660254037844241637, 6.000000000000005329, -42.49999999999999289 ) ) ;
#5336 = ORIENTED_EDGE ( 'NONE', *, *, #7325, .F. ) ;
#5337 = FACE_BOUND ( 'NONE', #3329, .T. ) ;
#5338 = ORIENTED_EDGE ( 'NONE', *, *, #8659, .F. ) ;
#5339 = PLANE ( 'NONE',  #4553 ) ;
#5340 = CARTESIAN_POINT ( 'NONE',  ( -14.07291281149758966, 6.000000000000005329, -45.62499999999995737 ) ) ;
#5341 = ORIENTED_EDGE ( 'NONE', *, *, #234, .F. ) ;
#5342 = CARTESIAN_POINT ( 'NONE',  ( -94.78815159566664761, 22.87916512459875662, -74.99322121832194910 ) ) ;
#5343 = ADVANCED_FACE ( 'NONE', ( #1388 ), #3941, .T. ) ;
#5344 = VERTEX_POINT ( 'NONE', #3158 ) ;
#5345 = VERTEX_POINT ( 'NONE', #757 ) ;
#5346 = VERTEX_POINT ( 'NONE', #6227 ) ;
#5347 = CARTESIAN_POINT ( 'NONE',  ( 35.96815219932086904, 6.000000000000005329, -13.74999999999999467 ) ) ;
#5348 = CARTESIAN_POINT ( 'NONE',  ( 41.13620667976131529, 147.4213562373095385, 7.500000000000000000 ) ) ;
#5349 = ORIENTED_EDGE ( 'NONE', *, *, #5613, .T. ) ;
#5350 = CARTESIAN_POINT ( 'NONE',  ( -50.00000000000000000, 6.000000000000005329, 25.89745962155734205 ) ) ;
#5351 = ORIENTED_EDGE ( 'NONE', *, *, #6129, .F. ) ;
#5352 = LINE ( 'NONE', #10048, #545 ) ;
#5353 = CARTESIAN_POINT ( 'NONE',  ( -80.84392734693378202, 10.71673546576124991, -51.71195653594101316 ) ) ;
#5354 = CARTESIAN_POINT ( 'NONE',  ( 23.87132298306551803, 147.4213562373095385, -16.15365574944389948 ) ) ;
#5355 = FACE_OUTER_BOUND ( 'NONE', #8473, .T. ) ;
#5356 = ORIENTED_EDGE ( 'NONE', *, *, #5172, .T. ) ;
#5357 = DIRECTION ( 'NONE',  ( -0.4698463103929531592, 0.8660254037844399289, 0.1710100716628304984 ) ) ;
#5358 = CARTESIAN_POINT ( 'NONE',  ( -22.73316684934176379, 147.4213562373095385, 39.37499999999995737 ) ) ;
#5359 = EDGE_CURVE ( 'NONE', #3301, #10043, #8292, .T. ) ;
#5360 = DIRECTION ( 'NONE',  ( 0.1107007079486503343, 0.2499999999999891476, -0.9618967477123898657 ) ) ;
#5361 = VERTEX_POINT ( 'NONE', #5396 ) ;
#5362 = DIRECTION ( 'NONE',  ( -0.1107007079486503343, -0.2499999999999891476, -0.9618967477123898657 ) ) ;
#5363 = EDGE_CURVE ( 'NONE', #2312, #1964, #2322, .T. ) ;
#5364 = VECTOR ( 'NONE', #10255, 1000.000000000000000 ) ;
#5365 = DIRECTION ( 'NONE',  ( -0.3795327795289917816, -0.9148074042510829784, -0.1381386346768829765 ) ) ;
#5366 = CARTESIAN_POINT ( 'NONE',  ( 46.54886545341427961, 147.4213562373095385, -31.87499999999998579 ) ) ;
#5367 = ORIENTED_EDGE ( 'NONE', *, *, #3502, .F. ) ;
#5368 = VECTOR ( 'NONE', #1096, 1000.000000000000000 ) ;
#5369 = LINE ( 'NONE', #1408, #9566 ) ;
#5370 = CIRCLE ( 'NONE', #6697, 6.999999999999941380 ) ;
#5371 = DIRECTION ( 'NONE',  ( 0.8660254037844362651, -0.000000000000000000, 0.5000000000000042188 ) ) ;
#5372 = EDGE_CURVE ( 'NONE', #5825, #61, #9406, .T. ) ;
#5373 = VERTEX_POINT ( 'NONE', #10145 ) ;
#5374 = CIRCLE ( 'NONE', #217, 1.249999999999995559 ) ;
#5375 = CARTESIAN_POINT ( 'NONE',  ( 46.54886545341427961, 147.4213562373095385, 31.87499999999998579 ) ) ;
#5376 = EDGE_LOOP ( 'NONE', ( #9984, #3677, #4772, #9449 ) ) ;
#5377 = EDGE_CURVE ( 'NONE', #1420, #5128, #9508, .T. ) ;
#5378 = DIRECTION ( 'NONE',  ( 1.000000000000000000, 1.308353425290363404E-16, 0.000000000000000000 ) ) ;
#5379 = VERTEX_POINT ( 'NONE', #6954 ) ;
#5380 = ADVANCED_FACE ( 'NONE', ( #5446 ), #3996, .F. ) ;
#5381 = CYLINDRICAL_SURFACE ( 'NONE', #1995, 3.599999999999993872 ) ;
#5382 = VERTEX_POINT ( 'NONE', #5550 ) ;
#5383 = FACE_BOUND ( 'NONE', #2562, .T. ) ;
#5384 = AXIS2_PLACEMENT_3D ( 'NONE', #9348, #8561, #5438 ) ;
#5385 = EDGE_LOOP ( 'NONE', ( #595, #2880, #6673, #5599 ) ) ;
#5386 = CARTESIAN_POINT ( 'NONE',  ( 11.26739772084300562, 147.4213562373095385, 34.51570532158541482 ) ) ;
#5387 = LINE ( 'NONE', #9298, #2727 ) ;
#5388 = VERTEX_POINT ( 'NONE', #10239 ) ;
#5389 = DIRECTION ( 'NONE',  ( -0.000000000000000000, -1.000000000000000000, -0.000000000000000000 ) ) ;
#5390 = ORIENTED_EDGE ( 'NONE', *, *, #2065, .F. ) ;
#5391 = ORIENTED_EDGE ( 'NONE', *, *, #1777, .T. ) ;
#5392 = ORIENTED_EDGE ( 'NONE', *, *, #4300, .F. ) ;
#5393 = LINE ( 'NONE', #9355, #7466 ) ;
#5394 = CIRCLE ( 'NONE', #5728, 3.599999999999993872 ) ;
#5395 = CARTESIAN_POINT ( 'NONE',  ( -46.54886545341427961, 6.000000000000005329, -31.87499999999998579 ) ) ;
#5396 = CARTESIAN_POINT ( 'NONE',  ( 11.54700538379293384, 0.000000000000000000, 50.00000000000000000 ) ) ;
#5397 = ORIENTED_EDGE ( 'NONE', *, *, #528, .F. ) ;
#5398 = DIRECTION ( 'NONE',  ( -0.000000000000000000, -1.000000000000000000, -0.000000000000000000 ) ) ;
#5399 = CARTESIAN_POINT ( 'NONE',  ( -70.99180026031160651, 17.25833024919705139, 81.52318550399951391 ) ) ;
#5400 = CARTESIAN_POINT ( 'NONE',  ( 2.053814751473915567, 0.000000000000000000, 28.74999999999999645 ) ) ;
#5401 = DIRECTION ( 'NONE',  ( -0.000000000000000000, -1.000000000000000000, -0.000000000000000000 ) ) ;
#5402 = CIRCLE ( 'NONE', #1249, 6.999999999999941380 ) ;
#5403 = ORIENTED_EDGE ( 'NONE', *, *, #9335, .F. ) ;
#5404 = FACE_OUTER_BOUND ( 'NONE', #1013, .T. ) ;
#5405 = ORIENTED_EDGE ( 'NONE', *, *, #3139, .F. ) ;
#5406 = CARTESIAN_POINT ( 'NONE',  ( 10.17883965411065006, 6.000000000000005329, -31.11973255698393359 ) ) ;
#5407 = VECTOR ( 'NONE', #3180, 1000.000000000000000 ) ;
#5408 = DIRECTION ( 'NONE',  ( -0.5000000000000044409, 0.000000000000000000, 0.8660254037844360431 ) ) ;
#5409 = EDGE_LOOP ( 'NONE', ( #9354, #8842, #9809, #7582, #7303 ) ) ;
#5410 = VECTOR ( 'NONE', #3606, 999.9999999999998863 ) ;
#5411 = LINE ( 'NONE', #3119, #4544 ) ;
#5412 = DIRECTION ( 'NONE',  ( 0.5000000000000006661, 0.000000000000000000, 0.8660254037844382635 ) ) ;
#5413 = DIRECTION ( 'NONE',  ( -1.000000000000000000, 0.000000000000000000, -4.006172263299126906E-16 ) ) ;
#5414 = ORIENTED_EDGE ( 'NONE', *, *, #7602, .T. ) ;
#5415 = VECTOR ( 'NONE', #4051, 1000.000000000000114 ) ;
#5416 = VECTOR ( 'NONE', #245, 1000.000000000000000 ) ;
#5417 = DIRECTION ( 'NONE',  ( -0.4698463103929531592, 0.8660254037844399289, -0.1710100716628304984 ) ) ;
#5418 = EDGE_CURVE ( 'NONE', #9983, #6262, #2978, .T. ) ;
#5419 = DIRECTION ( 'NONE',  ( -1.000000000000000000, 0.000000000000000000, -6.713255375082617595E-16 ) ) ;
#5420 = EDGE_CURVE ( 'NONE', #2044, #9687, #3798, .T. ) ;
#5421 = AXIS2_PLACEMENT_3D ( 'NONE', #6722, #8446, #8288 ) ;
#5422 = CARTESIAN_POINT ( 'NONE',  ( -22.73316684934176024, 6.000000000000005329, 24.37499999999996092 ) ) ;
#5423 = VERTEX_POINT ( 'NONE', #1593 ) ;
#5424 = EDGE_CURVE ( 'NONE', #7576, #6298, #9358, .T. ) ;
#5425 = ORIENTED_EDGE ( 'NONE', *, *, #5305, .T. ) ;
#5426 = CARTESIAN_POINT ( 'NONE',  ( 45.46633369868351338, 147.4213562373095385, -4.592625337882893652E-17 ) ) ;
#5427 = FACE_OUTER_BOUND ( 'NONE', #6680, .T. ) ;
#5428 = EDGE_CURVE ( 'NONE', #1396, #4443, #4626, .T. ) ;
#5429 = VECTOR ( 'NONE', #1906, 1000.000000000000000 ) ;
#5430 = DIRECTION ( 'NONE',  ( 0.000000000000000000, 1.000000000000000000, 0.000000000000000000 ) ) ;
#5431 = EDGE_LOOP ( 'NONE', ( #8294, #7787, #6212, #166 ) ) ;
#5432 = EDGE_CURVE ( 'NONE', #7820, #9572, #2961, .T. ) ;
#5433 = FACE_BOUND ( 'NONE', #2107, .T. ) ;
#5434 = VECTOR ( 'NONE', #797, 1000.000000000000000 ) ;
#5435 = ORIENTED_EDGE ( 'NONE', *, *, #10243, .F. ) ;
#5436 = EDGE_CURVE ( 'NONE', #8186, #2105, #4578, .T. ) ;
#5437 = FACE_OUTER_BOUND ( 'NONE', #4886, .T. ) ;
#5438 = DIRECTION ( 'NONE',  ( 0.5000000000000000000, 0.000000000000000000, -0.8660254037844385966 ) ) ;
#5439 = VERTEX_POINT ( 'NONE', #5350 ) ;
#5440 = DIRECTION ( 'NONE',  ( 0.000000000000000000, -0.9678453296402127481, -0.2515460552138075179 ) ) ;
#5441 = ORIENTED_EDGE ( 'NONE', *, *, #6855, .F. ) ;
#5442 = ORIENTED_EDGE ( 'NONE', *, *, #8499, .F. ) ;
#5443 = ORIENTED_EDGE ( 'NONE', *, *, #3284, .T. ) ;
#5444 = DIRECTION ( 'NONE',  ( 0.000000000000000000, -1.000000000000000000, 0.000000000000000000 ) ) ;
#5445 = DIRECTION ( 'NONE',  ( 0.5000000000000004441, 0.000000000000000000, 0.8660254037844383745 ) ) ;
#5446 = FACE_OUTER_BOUND ( 'NONE', #7410, .T. ) ;
#5447 = VERTEX_POINT ( 'NONE', #8521 ) ;
#5448 = DIRECTION ( 'NONE',  ( 0.9396926207859015445, -0.000000000000000000, 0.3420201433256876977 ) ) ;
#5449 = DIRECTION ( 'NONE',  ( 0.000000000000000000, 1.000000000000000000, 0.000000000000000000 ) ) ;
#5450 = CC_DESIGN_APPROVAL ( #5537, ( #1421 ) ) ;
#5451 = CARTESIAN_POINT ( 'NONE',  ( -46.54886545341405935, 0.000000000000000000, 10.62499999999999822 ) ) ;
#5452 = CARTESIAN_POINT ( 'NONE',  ( -45.46633369868351338, 6.000000000000005329, 21.24999999999999289 ) ) ;
#5453 = ORIENTED_EDGE ( 'NONE', *, *, #1411, .T. ) ;
#5454 = EDGE_CURVE ( 'NONE', #9517, #2696, #3846, .T. ) ;
#5455 = CARTESIAN_POINT ( 'NONE',  ( 4.330127018922047100, 0.000000000000000000, -34.99999999999999289 ) ) ;
#5456 = ORIENTED_EDGE ( 'NONE', *, *, #10085, .F. ) ;
#5457 = VECTOR ( 'NONE', #1439, 999.9999999999998863 ) ;
#5458 = CARTESIAN_POINT ( 'NONE',  ( 25.98076211353308551, 0.000000000000000000, -15.00000000000013323 ) ) ;
#5459 = CARTESIAN_POINT ( 'NONE',  ( -11.54700538379295338, 6.000000000000005329, -50.00000000000000000 ) ) ;
#5460 = VERTEX_POINT ( 'NONE', #10188 ) ;
#5461 = EDGE_CURVE ( 'NONE', #9288, #9208, #3056, .T. ) ;
#5462 = CARTESIAN_POINT ( 'NONE',  ( -19.59551925823888396, 6.000000000000005329, -18.12499999999996092 ) ) ;
#5463 = DIRECTION ( 'NONE',  ( -0.3420201433256682688, -1.201296007113938913E-14, 0.9396926207859085389 ) ) ;
#5464 = AXIS2_PLACEMENT_3D ( 'NONE', #7968, #258, #6610 ) ;
#5465 = LINE ( 'NONE', #3230, #8870 ) ;
#5466 = VERTEX_POINT ( 'NONE', #4674 ) ;
#5467 = EDGE_CURVE ( 'NONE', #3376, #3698, #7840, .T. ) ;
#5468 = EDGE_LOOP ( 'NONE', ( #5002, #4352, #1746 ) ) ;
#5469 = VECTOR ( 'NONE', #488, 1000.000000000000000 ) ;
#5470 = LINE ( 'NONE', #3819, #10068 ) ;
#5471 = DIRECTION ( 'NONE',  ( -0.4698463103929532703, 0.8660254037844400399, -0.1710100716628305539 ) ) ;
#5472 = CIRCLE ( 'NONE', #6965, 51.96152422706639129 ) ;
#5473 = ORIENTED_EDGE ( 'NONE', *, *, #9656, .F. ) ;
#5474 = ORIENTED_EDGE ( 'NONE', *, *, #664, .F. ) ;
#5475 = DIRECTION ( 'NONE',  ( 0.4999999999999998890, 0.000000000000000000, 0.8660254037844387076 ) ) ;
#5476 = VERTEX_POINT ( 'NONE', #9561 ) ;
#5477 =( NAMED_UNIT ( * ) SI_UNIT ( $, .STERADIAN. ) SOLID_ANGLE_UNIT ( ) );
#5478 = FACE_OUTER_BOUND ( 'NONE', #437, .T. ) ;
#5479 = ORIENTED_EDGE ( 'NONE', *, *, #7328, .T. ) ;
#5480 = CIRCLE ( 'NONE', #7306, 3.600000000000008082 ) ;
#5481 = CARTESIAN_POINT ( 'NONE',  ( 3.673940397442059967E-15, 147.4213562373095385, -21.96152422706639129 ) ) ;
#5482 = EDGE_CURVE ( 'NONE', #3767, #2199, #4199, .T. ) ;
#5483 = CARTESIAN_POINT ( 'NONE',  ( 96.95441172355114645, -1.986715189943526250, 67.94291491834901819 ) ) ;
#5484 = VERTEX_POINT ( 'NONE', #958 ) ;
#5485 = EDGE_CURVE ( 'NONE', #7641, #2574, #5026, .T. ) ;
#5486 = ORIENTED_EDGE ( 'NONE', *, *, #5420, .F. ) ;
#5487 = CARTESIAN_POINT ( 'NONE',  ( 41.13620667976131529, 147.4213562373095385, -34.99999999999999289 ) ) ;
#5488 = ADVANCED_FACE ( 'NONE', ( #5654 ), #8201, .T. ) ;
#5489 = AXIS2_PLACEMENT_3D ( 'NONE', #756, #4576, #6226 ) ;
#5490 = PLANE ( 'NONE',  #3737 ) ;
#5491 = EDGE_LOOP ( 'NONE', ( #2985, #4451, #9399, #4881 ) ) ;
#5492 = DIRECTION ( 'NONE',  ( -0.000000000000000000, -1.000000000000000000, -0.000000000000000000 ) ) ;
#5493 = ORIENTED_EDGE ( 'NONE', *, *, #5685, .F. ) ;
#5494 = ADVANCED_FACE ( 'NONE', ( #5704 ), #7209, .F. ) ;
#5495 = ORIENTED_EDGE ( 'NONE', *, *, #5246, .T. ) ;
#5496 = EDGE_CURVE ( 'NONE', #10043, #3138, #7620, .T. ) ;
#5497 = ORIENTED_EDGE ( 'NONE', *, *, #5178, .F. ) ;
#5498 = CARTESIAN_POINT ( 'NONE',  ( 48.34702753535132302, 0.000000000000000000, 48.32614877529382369 ) ) ;
#5499 = VECTOR ( 'NONE', #9613, 1000.000000000000000 ) ;
#5500 = CARTESIAN_POINT ( 'NONE',  ( 22.73316684934176379, 0.000000000000000000, 39.37499999999995737 ) ) ;
#5501 = DIRECTION ( 'NONE',  ( -0.4698463103929531592, 0.8660254037844399289, -0.1710100716628304984 ) ) ;
#5502 = EDGE_LOOP ( 'NONE', ( #2691, #9116, #1463, #1887 ) ) ;
#5503 = CARTESIAN_POINT ( 'NONE',  ( -25.49447007271229637, 147.4213562373095385, -7.907717477981892173 ) ) ;
#5504 = LINE ( 'NONE', #3849, #5516 ) ;
#5505 = DIRECTION ( 'NONE',  ( 0.000000000000000000, 1.000000000000000000, 0.000000000000000000 ) ) ;
#5506 = LINE ( 'NONE', #3163, #4281 ) ;
#5507 = ORIENTED_EDGE ( 'NONE', *, *, #3009, .F. ) ;
#5508 = DIRECTION ( 'NONE',  ( 1.000000000000000000, 0.000000000000000000, 4.006172263299126906E-16 ) ) ;
#5509 = ORIENTED_EDGE ( 'NONE', *, *, #5015, .F. ) ;
#5510 = LINE ( 'NONE', #8684, #596 ) ;
#5511 = FACE_OUTER_BOUND ( 'NONE', #8710, .T. ) ;
#5512 = EDGE_LOOP ( 'NONE', ( #8468, #163, #926, #6469, #9368, #7434 ) ) ;
#5513 = CARTESIAN_POINT ( 'NONE',  ( 3.673940397442059967E-15, 6.000000000000005329, 30.00000000000000000 ) ) ;
#5514 = CARTESIAN_POINT ( 'NONE',  ( 30.40590262964586188, 6.000000000000000000, 66.00000000000000000 ) ) ;
#5515 = DIRECTION ( 'NONE',  ( 0.000000000000000000, -0.000000000000000000, 1.000000000000000000 ) ) ;
#5516 = VECTOR ( 'NONE', #7004, 1000.000000000000227 ) ;
#5517 = ORIENTED_EDGE ( 'NONE', *, *, #5301, .T. ) ;
#5518 = AXIS2_PLACEMENT_3D ( 'NONE', #5112, #8127, #5059 ) ;
#5519 = ORIENTED_EDGE ( 'NONE', *, *, #2491, .T. ) ;
#5520 = CARTESIAN_POINT ( 'NONE',  ( -27.06329386826395123, 6.000000000000005329, -31.87499999999995737 ) ) ;
#5521 = CARTESIAN_POINT ( 'NONE',  ( 77.90864772864858878, 12.33809673898022474, -67.98743272795282166 ) ) ;
#5522 = ADVANCED_FACE ( 'NONE', ( #1012 ), #8151, .F. ) ;
#5523 = ORIENTED_EDGE ( 'NONE', *, *, #10031, .F. ) ;
#5524 = CARTESIAN_POINT ( 'NONE',  ( -78.55942538675439835, 20.99999999999937828, -79.67978713415917014 ) ) ;
#5525 = AXIS2_PLACEMENT_3D ( 'NONE', #4009, #4061, #3226 ) ;
#5526 = EDGE_LOOP ( 'NONE', ( #10277, #19, #6144, #946, #2314, #1814, #7639, #2783, #793, #3033 ) ) ;
#5527 = DIRECTION ( 'NONE',  ( -0.000000000000000000, -0.000000000000000000, 1.000000000000000000 ) ) ;
#5528 = VECTOR ( 'NONE', #78, 1000.000000000000000 ) ;
#5529 = DIRECTION ( 'NONE',  ( 0.4698463103929532148, -0.8660254037844399289, -0.1710100716628305262 ) ) ;
#5530 = ORIENTED_EDGE ( 'NONE', *, *, #9110, .T. ) ;
#5531 = DIRECTION ( 'NONE',  ( 0.8137976813493628114, 0.4999999999999978906, -0.2961981327260574393 ) ) ;
#5532 = EDGE_CURVE ( 'NONE', #6342, #489, #4926, .T. ) ;
#5533 = CARTESIAN_POINT ( 'NONE',  ( -90.41393044048240313, 14.99999999999994316, -47.10980218023188115 ) ) ;
#5534 = VERTEX_POINT ( 'NONE', #5598 ) ;
#5535 = AXIS2_PLACEMENT_3D ( 'NONE', #9868, #1220, #9041 ) ;
#5536 = VECTOR ( 'NONE', #5237, 1000.000000000000000 ) ;
#5537 = APPROVAL ( #269, 'UNSPECIFIED' ) ;
#5538 = EDGE_CURVE ( 'NONE', #3159, #9777, #3966, .T. ) ;
#5539 = VERTEX_POINT ( 'NONE', #6380 ) ;
#5540 = CARTESIAN_POINT ( 'NONE',  ( -4.330127018922339310, 6.000000000000005329, -49.99999999999999289 ) ) ;
#5541 = DIRECTION ( 'NONE',  ( -0.8789733129752216323, 0.4768709627114687821, 0.000000000000000000 ) ) ;
#5542 = VERTEX_POINT ( 'NONE', #2633 ) ;
#5543 = CARTESIAN_POINT ( 'NONE',  ( -75.46725468460070374, 16.83809673897978954, -67.09883832977484985 ) ) ;
#5544 = ORIENTED_EDGE ( 'NONE', *, *, #8149, .T. ) ;
#5545 = ORIENTED_EDGE ( 'NONE', *, *, #4530, .F. ) ;
#5546 = VERTEX_POINT ( 'NONE', #9715 ) ;
#5547 = CIRCLE ( 'NONE', #566, 3.600000000000000089 ) ;
#5548 = DIRECTION ( 'NONE',  ( -1.000000000000000000, 0.000000000000000000, -0.000000000000000000 ) ) ;
#5549 = LINE ( 'NONE', #5500, #4344 ) ;
#5550 = CARTESIAN_POINT ( 'NONE',  ( -27.06329386826395123, 0.000000000000000000, 31.87499999999995737 ) ) ;
#5551 = EDGE_LOOP ( 'NONE', ( #3540, #5351, #8745, #8302 ) ) ;
#5552 = CARTESIAN_POINT ( 'NONE',  ( 32.47595264191693332, 6.000000000000005329, -34.99999999999999289 ) ) ;
#5553 = LINE ( 'NONE', #4630, #2867 ) ;
#5554 = DIRECTION ( 'NONE',  ( -0.4698463103929532703, 0.8660254037844400399, 0.1710100716628305539 ) ) ;
#5555 = EDGE_CURVE ( 'NONE', #7740, #701, #2424, .T. ) ;
#5556 = CARTESIAN_POINT ( 'NONE',  ( 41.13620667976131529, 0.000000000000000000, 7.500000000000000000 ) ) ;
#5557 = EDGE_CURVE ( 'NONE', #7641, #1469, #9663, .T. ) ;
#5558 = EDGE_LOOP ( 'NONE', ( #2302, #5744, #3402, #244 ) ) ;
#5559 = CARTESIAN_POINT ( 'NONE',  ( -75.23823037617501086, 13.49999999999971045, -50.82336213776300582 ) ) ;
#5560 = VERTEX_POINT ( 'NONE', #1646 ) ;
#5561 = DIRECTION ( 'NONE',  ( 0.000000000000000000, 0.000000000000000000, 1.000000000000000000 ) ) ;
#5562 = CARTESIAN_POINT ( 'NONE',  ( 91.03044906903043909, -1.986715189943720539, -84.21886854533644851 ) ) ;
#5563 = EDGE_LOOP ( 'NONE', ( #10041, #5848 ) ) ;
#5564 = CARTESIAN_POINT ( 'NONE',  ( 87.93827836687674449, -6.148618450963310167, -71.63791974095212822 ) ) ;
#5565 = LINE ( 'NONE', #9580, #2973 ) ;
#5566 = AXIS2_PLACEMENT_3D ( 'NONE', #4159, #8888, #4936 ) ;
#5567 = ADVANCED_FACE ( 'NONE', ( #179 ), #4829, .T. ) ;
#5568 = DIRECTION ( 'NONE',  ( 0.000000000000000000, 0.000000000000000000, -1.000000000000000000 ) ) ;
#5569 = FACE_OUTER_BOUND ( 'NONE', #5376, .T. ) ;
#5570 = EDGE_LOOP ( 'NONE', ( #8505, #1260, #7612, #8403 ) ) ;
#5571 = VERTEX_POINT ( 'NONE', #3264 ) ;
#5572 = FACE_OUTER_BOUND ( 'NONE', #881, .T. ) ;
#5573 = AXIS2_PLACEMENT_3D ( 'NONE', #8220, #306, #9889 ) ;
#5574 = DIRECTION ( 'NONE',  ( -1.000000000000000000, 0.000000000000000000, 0.000000000000000000 ) ) ;
#5575 = VECTOR ( 'NONE', #5222, 1000.000000000000000 ) ;
#5576 = ORIENTED_EDGE ( 'NONE', *, *, #4703, .F. ) ;
#5577 = AXIS2_PLACEMENT_3D ( 'NONE', #4104, #134, #1701 ) ;
#5578 = FACE_OUTER_BOUND ( 'NONE', #8716, .T. ) ;
#5579 = ORIENTED_EDGE ( 'NONE', *, *, #216, .T. ) ;
#5580 = VECTOR ( 'NONE', #9896, 1000.000000000000000 ) ;
#5581 = ORIENTED_EDGE ( 'NONE', *, *, #5940, .T. ) ;
#5582 = PLANE ( 'NONE',  #8240 ) ;
#5583 = AXIS2_PLACEMENT_3D ( 'NONE', #9040, #1898, #5184 ) ;
#5584 = CARTESIAN_POINT ( 'NONE',  ( -48.18039637606665337, 0.000000000000000000, -87.18281677883985026 ) ) ;
#5585 = ORIENTED_EDGE ( 'NONE', *, *, #9036, .T. ) ;
#5586 = ORIENTED_EDGE ( 'NONE', *, *, #4878, .F. ) ;
#5587 = DIRECTION ( 'NONE',  ( -0.5000000000000001110, 0.000000000000000000, -0.8660254037844385966 ) ) ;
#5588 = CARTESIAN_POINT ( 'NONE',  ( -4.330127018922190096, 0.000000000000000000, 7.500000000000000888 ) ) ;
#5589 = ORIENTED_EDGE ( 'NONE', *, *, #7307, .F. ) ;
#5590 = PLANE ( 'NONE',  #144 ) ;
#5591 = EDGE_LOOP ( 'NONE', ( #8381, #1210, #8868, #6943 ) ) ;
#5592 = VECTOR ( 'NONE', #10246, 1000.000000000000000 ) ;
#5593 = ORIENTED_EDGE ( 'NONE', *, *, #1107, .F. ) ;
#5594 = EDGE_LOOP ( 'NONE', ( #1859, #4966, #8249, #9767 ) ) ;
#5595 = ADVANCED_FACE ( 'NONE', ( #8047 ), #231, .F. ) ;
#5596 = CARTESIAN_POINT ( 'NONE',  ( 22.73316684934198051, 0.000000000000000000, -45.62499999999995737 ) ) ;
#5597 = CARTESIAN_POINT ( 'NONE',  ( 49.99999999999997868, 6.000000000000005329, -4.647459621557000098 ) ) ;
#5598 = CARTESIAN_POINT ( 'NONE',  ( -46.54886545341427961, 6.000000000000005329, 31.87499999999998579 ) ) ;
#5599 = ORIENTED_EDGE ( 'NONE', *, *, #1301, .F. ) ;
#5600 = CARTESIAN_POINT ( 'NONE',  ( -66.00000000000000000, 0.000000000000000000, -38.22385819845018062 ) ) ;
#5601 = CARTESIAN_POINT ( 'NONE',  ( -41.13620667976124423, 147.4213562373095385, 13.74999999999999822 ) ) ;
#5602 = CARTESIAN_POINT ( 'NONE',  ( -14.07291281149758966, 147.4213562373095385, 45.62499999999995737 ) ) ;
#5603 = DIRECTION ( 'NONE',  ( 0.6875305731827834332, 0.000000000000000000, 0.7261554316666324338 ) ) ;
#5604 = ORIENTED_EDGE ( 'NONE', *, *, #7207, .F. ) ;
#5605 = CARTESIAN_POINT ( 'NONE',  ( 71.75583453782208210, 8.999999999999966249, 67.98743272795280745 ) ) ;
#5606 = VERTEX_POINT ( 'NONE', #9766 ) ;
#5607 = LINE ( 'NONE', #7952, #3667 ) ;
#5608 = EDGE_CURVE ( 'NONE', #10235, #2569, #4097, .T. ) ;
#5609 = LINE ( 'NONE', #3223, #3680 ) ;
#5610 = ORIENTED_EDGE ( 'NONE', *, *, #7134, .T. ) ;
#5611 = AXIS2_PLACEMENT_3D ( 'NONE', #6164, #1316, #879 ) ;
#5612 = ADVANCED_FACE ( 'NONE', ( #7260 ), #4149, .F. ) ;
#5613 = EDGE_CURVE ( 'NONE', #6262, #9983, #1637, .T. ) ;
#5614 = LOCAL_TIME ( 15, 19, 45.00000000000000000, #164 ) ;
#5615 = CYLINDRICAL_SURFACE ( 'NONE', #4701, 1.249999999999995559 ) ;
#5616 = DIRECTION ( 'NONE',  ( -0.3420201433256800372, -1.119241949895692456E-14, 0.9396926207859043201 ) ) ;
#5617 = CARTESIAN_POINT ( 'NONE',  ( -8.660254037844387298, 147.4213562373095385, -8.590526202073901000E-16 ) ) ;
#5618 = CARTESIAN_POINT ( 'NONE',  ( -63.16162830294773300, 10.16190326101922992, -67.09883832977484985 ) ) ;
#5619 = CARTESIAN_POINT ( 'NONE',  ( 64.25476978182084054, 2.249999999999781508, 67.91771286265469598 ) ) ;
#5620 = EDGE_CURVE ( 'NONE', #1331, #7924, #5623, .T. ) ;
#5621 = VERTEX_POINT ( 'NONE', #5780 ) ;
#5622 = ADVANCED_FACE ( 'NONE', ( #2447 ), #8962, .T. ) ;
#5623 = LINE ( 'NONE', #2606, #9964 ) ;
#5624 = DIRECTION ( 'NONE',  ( 0.5000000000000067724, 0.000000000000000000, 0.8660254037844347108 ) ) ;
#5625 = VECTOR ( 'NONE', #9265, 1000.000000000000000 ) ;
#5626 = CARTESIAN_POINT ( 'NONE',  ( -32.47595264191693332, 0.000000000000000000, -34.99999999999999289 ) ) ;
#5627 = ORIENTED_EDGE ( 'NONE', *, *, #5657, .T. ) ;
#5628 = DIRECTION ( 'NONE',  ( 0.8660254037844380415, -0.000000000000000000, 0.5000000000000012212 ) ) ;
#5629 = VECTOR ( 'NONE', #2299, 1000.000000000000000 ) ;
#5630 = ORIENTED_EDGE ( 'NONE', *, *, #7542, .F. ) ;
#5631 = PLANE ( 'NONE',  #1259 ) ;
#5632 = CARTESIAN_POINT ( 'NONE',  ( 25.98076211353308551, 0.000000000000000000, -15.00000000000013323 ) ) ;
#5633 = ORIENTED_EDGE ( 'NONE', *, *, #9950, .T. ) ;
#5634 = FACE_OUTER_BOUND ( 'NONE', #3000, .T. ) ;
#5635 = ADVANCED_FACE ( 'NONE', ( #5572 ), #3342, .T. ) ;
#5637 = VECTOR ( 'NONE', #7743, 1000.000000000000114 ) ;
#5636 = DIRECTION ( 'NONE',  ( 0.3420201433256879198, 0.000000000000000000, 0.9396926207859014335 ) ) ;
#5638 = ORIENTED_EDGE ( 'NONE', *, *, #4809, .T. ) ;
#5639 = CIRCLE ( 'NONE', #4324, 1.249999999999995559 ) ;
#5640 = AXIS2_PLACEMENT_3D ( 'NONE', #2191, #9958, #7663 ) ;
#5641 = EDGE_LOOP ( 'NONE', ( #8068, #1951, #6421, #9253 ) ) ;
#5642 = CARTESIAN_POINT ( 'NONE',  ( -8.660254037844460129, 6.000000000000005329, 21.24999999999999645 ) ) ;
#5643 = ORIENTED_EDGE ( 'NONE', *, *, #10075, .T. ) ;
#5644 = EDGE_CURVE ( 'NONE', #7371, #7881, #6630, .T. ) ;
#5645 = EDGE_CURVE ( 'NONE', #6580, #4259, #2301, .T. ) ;
#5646 = DIRECTION ( 'NONE',  ( 0.000000000000000000, 0.000000000000000000, -1.000000000000000000 ) ) ;
#5647 = EDGE_LOOP ( 'NONE', ( #6503, #10023, #2909, #2169 ) ) ;
#5648 = VECTOR ( 'NONE', #3353, 1000.000000000000227 ) ;
#5649 = ORIENTED_EDGE ( 'NONE', *, *, #5418, .T. ) ;
#5650 = ORIENTED_EDGE ( 'NONE', *, *, #4852, .F. ) ;
#5651 = CARTESIAN_POINT ( 'NONE',  ( -32.47595264191693332, 0.000000000000000000, -49.99999999999998579 ) ) ;
#5652 = CARTESIAN_POINT ( 'NONE',  ( -63.00726380300934437, 41.51624119651383182, -37.13459130373446726 ) ) ;
#5653 = VECTOR ( 'NONE', #4941, 1000.000000000000000 ) ;
#5654 = FACE_OUTER_BOUND ( 'NONE', #8265, .T. ) ;
#5655 = VERTEX_POINT ( 'NONE', #8122 ) ;
#5656 = CARTESIAN_POINT ( 'NONE',  ( -45.46633369868351338, 0.000000000000000000, -21.24999999999999289 ) ) ;
#5657 = EDGE_CURVE ( 'NONE', #7978, #5382, #1670, .T. ) ;
#5658 = DIRECTION ( 'NONE',  ( -0.5000000000000007772, 0.000000000000000000, 0.8660254037844381525 ) ) ;
#5659 = ORIENTED_EDGE ( 'NONE', *, *, #5808, .F. ) ;
#5660 = CARTESIAN_POINT ( 'NONE',  ( 5.898950814473623794, 6.000000000000005329, 26.03271747798174118 ) ) ;
#5661 = DIRECTION ( 'NONE',  ( -0.9396926207859068736, 0.000000000000000000, -0.3420201433256732093 ) ) ;
#5662 = VECTOR ( 'NONE', #2320, 1000.000000000000000 ) ;
#5663 = VERTEX_POINT ( 'NONE', #8017 ) ;
#5664 = CARTESIAN_POINT ( 'NONE',  ( -64.25476978182084054, 2.249999999999781508, -67.91771286265469598 ) ) ;
#5665 = EDGE_LOOP ( 'NONE', ( #4023, #505, #2170, #7523 ) ) ;
#5666 = DIRECTION ( 'NONE',  ( -0.000000000000000000, 1.000000000000000000, -0.000000000000000000 ) ) ;
#5667 = DIRECTION ( 'NONE',  ( 1.000000000000000000, 0.000000000000000000, 2.006803045524146533E-16 ) ) ;
#5668 = ORIENTED_EDGE ( 'NONE', *, *, #8731, .F. ) ;
#5669 = DIRECTION ( 'NONE',  ( 0.000000000000000000, -1.000000000000000000, 0.000000000000000000 ) ) ;
#5670 = DIRECTION ( 'NONE',  ( 0.000000000000000000, 0.000000000000000000, -1.000000000000000000 ) ) ;
#5671 = CARTESIAN_POINT ( 'NONE',  ( 48.18039637606665337, 6.000000000000000000, 87.18281677883985026 ) ) ;
#5672 = CARTESIAN_POINT ( 'NONE',  ( -22.73316684934176024, 0.000000000000000000, 24.37499999999996092 ) ) ;
#5673 = CARTESIAN_POINT ( 'NONE',  ( 3.673940397442059967E-15, 0.000000000000000000, 30.00000000000000000 ) ) ;
#5674 = ORIENTED_EDGE ( 'NONE', *, *, #7801, .T. ) ;
#5675 = VECTOR ( 'NONE', #5719, 1000.000000000000000 ) ;
#5676 = EDGE_CURVE ( 'NONE', #8188, #4443, #1312, .T. ) ;
#5677 = LINE ( 'NONE', #203, #970 ) ;
#5678 = LINE ( 'NONE', #4069, #10234 ) ;
#5679 = EDGE_CURVE ( 'NONE', #1248, #9039, #1825, .T. ) ;
#5680 = FACE_BOUND ( 'NONE', #1149, .T. ) ;
#5681 = DIRECTION ( 'NONE',  ( -0.4698463103929532148, 0.8660254037844399289, -0.1710100716628305262 ) ) ;
#5682 = LINE ( 'NONE', #2506, #1148 ) ;
#5683 = ORIENTED_EDGE ( 'NONE', *, *, #1333, .F. ) ;
#5684 = DATE_AND_TIME ( #6619, #5614 ) ;
#5685 = EDGE_CURVE ( 'NONE', #2199, #6267, #45, .T. ) ;
#5686 = LINE ( 'NONE', #3456, #7914 ) ;
#5687 = ORIENTED_EDGE ( 'NONE', *, *, #823, .T. ) ;
#5688 = CARTESIAN_POINT ( 'NONE',  ( -65.96544382900106029, 6.000000000000000000, 38.31880049797258181 ) ) ;
#5689 = LINE ( 'NONE', #7926, #2487 ) ;
#5690 = ORIENTED_EDGE ( 'NONE', *, *, #7005, .T. ) ;
#5691 = VECTOR ( 'NONE', #9178, 1000.000000000000114 ) ;
#5692 = EDGE_CURVE ( 'NONE', #9208, #6324, #1038, .T. ) ;
#5693 = VERTEX_POINT ( 'NONE', #8904 ) ;
#5694 = DIRECTION ( 'NONE',  ( 0.4999999999999995559, 0.000000000000000000, -0.8660254037844388186 ) ) ;
#5695 = VERTEX_POINT ( 'NONE', #9739 ) ;
#5696 = EDGE_CURVE ( 'NONE', #8188, #3577, #6454, .T. ) ;
#5697 = CARTESIAN_POINT ( 'NONE',  ( 2.053814751473915567, 0.000000000000000000, 28.74999999999999645 ) ) ;
#5698 = ORIENTED_EDGE ( 'NONE', *, *, #2286, .T. ) ;
#5699 = VECTOR ( 'NONE', #6684, 999.9999999999998863 ) ;
#5700 = ORIENTED_EDGE ( 'NONE', *, *, #1026, .F. ) ;
#5701 = CIRCLE ( 'NONE', #4384, 3.600000000000002309 ) ;
#5702 = CARTESIAN_POINT ( 'NONE',  ( 50.00000000000000000, 6.000000000000000000, -37.85254037844262598 ) ) ;
#5703 = DIRECTION ( 'NONE',  ( 0.000000000000000000, 0.000000000000000000, -1.000000000000000000 ) ) ;
#5704 = FACE_OUTER_BOUND ( 'NONE', #3512, .T. ) ;
#5705 = ORIENTED_EDGE ( 'NONE', *, *, #6247, .F. ) ;
#5706 = LINE ( 'NONE', #5656, #378 ) ;
#5707 = FACE_BOUND ( 'NONE', #10134, .T. ) ;
#5708 = ORIENTED_EDGE ( 'NONE', *, *, #3787, .T. ) ;
#5709 = LINE ( 'NONE', #82, #8736 ) ;
#5710 = LINE ( 'NONE', #5087, #4609 ) ;
#5711 = VECTOR ( 'NONE', #9061, 999.9999999999998863 ) ;
#5712 = EDGE_LOOP ( 'NONE', ( #1194, #8839 ) ) ;
#5713 = DIRECTION ( 'NONE',  ( 0.8660254037844387076, 0.000000000000000000, -0.5000000000000001110 ) ) ;
#5714 = ORIENTED_EDGE ( 'NONE', *, *, #1484, .F. ) ;
#5715 = CARTESIAN_POINT ( 'NONE',  ( 68.98035169643877396, 12.75833024919766068, -94.64586167234662639 ) ) ;
#5716 = DIRECTION ( 'NONE',  ( -0.5000000000000001110, 0.000000000000000000, 0.8660254037844387076 ) ) ;
#5717 = VERTEX_POINT ( 'NONE', #1770 ) ;
#5718 = DIRECTION ( 'NONE',  ( 0.3420201433256701562, 1.073360150760649390E-14, 0.9396926207859078728 ) ) ;
#5719 = DIRECTION ( 'NONE',  ( -0.5000000000000001110, 0.000000000000000000, 0.8660254037844385966 ) ) ;
#5720 = DIRECTION ( 'NONE',  ( -0.3420201433256682688, 1.201296007113938913E-14, -0.9396926207859085389 ) ) ;
#5721 = CARTESIAN_POINT ( 'NONE',  ( 11.26739772084300562, 6.000000000000005329, 34.51570532158541482 ) ) ;
#5722 = CARTESIAN_POINT ( 'NONE',  ( 62.66774172871038218, 7.283264534238679033, -84.26290891996461596 ) ) ;
#5723 = CARTESIAN_POINT ( 'NONE',  ( 46.54886545341427961, 0.000000000000000000, 31.87499999999998579 ) ) ;
#5724 = ORIENTED_EDGE ( 'NONE', *, *, #1867, .T. ) ;
#5725 = DIRECTION ( 'NONE',  ( -0.3420201433256876422, -0.000000000000000000, 0.9396926207859014335 ) ) ;
#5726 = EDGE_CURVE ( 'NONE', #10061, #5278, #9454, .T. ) ;
#5727 = DIRECTION ( 'NONE',  ( 0.5000000000000044409, 0.000000000000000000, 0.8660254037844360431 ) ) ;
#5728 = AXIS2_PLACEMENT_3D ( 'NONE', #5559, #817, #1657 ) ;
#5729 = DIRECTION ( 'NONE',  ( 1.000000000000000000, 0.000000000000000000, 0.000000000000000000 ) ) ;
#5730 = DIRECTION ( 'NONE',  ( 0.000000000000000000, 1.000000000000000000, 0.000000000000000000 ) ) ;
#5731 = DIRECTION ( 'NONE',  ( 0.5000000000000000000, 0.000000000000000000, -0.8660254037844385966 ) ) ;
#5732 = ORIENTED_EDGE ( 'NONE', *, *, #8303, .F. ) ;
#5733 = APPROVAL_DATE_TIME ( #5842, #1586 ) ;
#5734 = EDGE_CURVE ( 'NONE', #8363, #2790, #102, .T. ) ;
#5735 = ADVANCED_FACE ( 'NONE', ( #4225 ), #9637, .F. ) ;
#5736 = CIRCLE ( 'NONE', #73, 51.96152422706628471 ) ;
#5737 = CARTESIAN_POINT ( 'NONE',  ( 14.07291281149758966, 0.000000000000000000, -45.62499999999995737 ) ) ;
#5738 = ORIENTED_EDGE ( 'NONE', *, *, #4799, .F. ) ;
#5739 = CARTESIAN_POINT ( 'NONE',  ( -79.87143568757761614, 17.25855025242404039, 57.12770181004840708 ) ) ;
#5740 = LINE ( 'NONE', #8817, #5648 ) ;
#5741 = ORIENTED_EDGE ( 'NONE', *, *, #9582, .F. ) ;
#5742 = EDGE_CURVE ( 'NONE', #8317, #7680, #5677, .T. ) ;
#5743 = VECTOR ( 'NONE', #3856, 1000.000000000000000 ) ;
#5744 = ORIENTED_EDGE ( 'NONE', *, *, #8678, .T. ) ;
#5745 = DIRECTION ( 'NONE',  ( 0.5000000000000001110, 0.000000000000000000, -0.8660254037844387076 ) ) ;
#5746 = ORIENTED_EDGE ( 'NONE', *, *, #5676, .T. ) ;
#5747 = FACE_OUTER_BOUND ( 'NONE', #9881, .T. ) ;
#5748 = EDGE_CURVE ( 'NONE', #8556, #7268, #1717, .T. ) ;
#5749 = ORIENTED_EDGE ( 'NONE', *, *, #9467, .F. ) ;
#5750 = VECTOR ( 'NONE', #3240, 1000.000000000000000 ) ;
#5751 = EDGE_CURVE ( 'NONE', #241, #5663, #8176, .T. ) ;
#5752 = ORIENTED_EDGE ( 'NONE', *, *, #451, .F. ) ;
#5753 = CYLINDRICAL_SURFACE ( 'NONE', #4814, 61.96152422706629181 ) ;
#5754 = DIRECTION ( 'NONE',  ( -0.000000000000000000, -1.000000000000000000, -0.000000000000000000 ) ) ;
#5755 = DIRECTION ( 'NONE',  ( 0.09485932030786352331, -0.9607689228305262841, -0.2606238405706591266 ) ) ;
#5756 = AXIS2_PLACEMENT_3D ( 'NONE', #3629, #4252, #9921 ) ;
#5757 = VERTEX_POINT ( 'NONE', #9792 ) ;
#5758 = CARTESIAN_POINT ( 'NONE',  ( 14.07291281149736228, 6.000000000000005329, -39.37499999999995737 ) ) ;
#5759 = LINE ( 'NONE', #6484, #517 ) ;
#5760 = EDGE_LOOP ( 'NONE', ( #8113, #9959, #4877, #3504 ) ) ;
#5761 = DIRECTION ( 'NONE',  ( -0.000000000000000000, -1.000000000000000000, -0.000000000000000000 ) ) ;
#5762 = CARTESIAN_POINT ( 'NONE',  ( -119.4208391230035318, 2.249999999998087308, -79.99506147210819051 ) ) ;
#5763 = ORIENTED_EDGE ( 'NONE', *, *, #1428, .T. ) ;
#5764 = ORIENTED_EDGE ( 'NONE', *, *, #5939, .T. ) ;
#5765 = DIRECTION ( 'NONE',  ( 0.000000000000000000, -1.000000000000000000, 0.000000000000000000 ) ) ;
#5766 = VERTEX_POINT ( 'NONE', #2661 ) ;
#5767 = LINE ( 'NONE', #9621, #4598 ) ;
#5768 = CYLINDRICAL_SURFACE ( 'NONE', #2171, 51.96152422706635576 ) ;
#5769 = ORIENTED_EDGE ( 'NONE', *, *, #6959, .T. ) ;
#5770 = DIRECTION ( 'NONE',  ( 0.4698463103929531592, 0.8660254037844399289, -0.1710100716628304984 ) ) ;
#5771 = AXIS2_PLACEMENT_3D ( 'NONE', #1479, #8087, #5541 ) ;
#5772 = LINE ( 'NONE', #4996, #3124 ) ;
#5773 = CARTESIAN_POINT ( 'NONE',  ( -4.330127018922336646, 6.000000000000005329, -34.99999999999999289 ) ) ;
#5774 = DIRECTION ( 'NONE',  ( -0.4999999999999998890, 0.000000000000000000, -0.8660254037844387076 ) ) ;
#5775 = CARTESIAN_POINT ( 'NONE',  ( -30.40590262964586188, 6.000000000000000000, 66.00000000000000000 ) ) ;
#5776 = ADVANCED_FACE ( 'NONE', ( #466 ), #3604, .F. ) ;
#5777 = CARTESIAN_POINT ( 'NONE',  ( 41.13620667976131529, 0.000000000000000000, -7.500000000000000000 ) ) ;
#5778 = EDGE_CURVE ( 'NONE', #7149, #3057, #4280, .T. ) ;
#5779 = ORIENTED_EDGE ( 'NONE', *, *, #8934, .F. ) ;
#5780 = CARTESIAN_POINT ( 'NONE',  ( -66.08581456485691774, 3.374999999999789502, 68.58415866128822813 ) ) ;
#5781 = CARTESIAN_POINT ( 'NONE',  ( 10.17883965411065006, 147.4213562373095385, -31.11973255698393359 ) ) ;
#5782 = VECTOR ( 'NONE', #2444, 1000.000000000000000 ) ;
#5783 = FACE_OUTER_BOUND ( 'NONE', #7247, .T. ) ;
#5784 = DIRECTION ( 'NONE',  ( -0.000000000000000000, -1.000000000000000000, -0.000000000000000000 ) ) ;
#5785 = CARTESIAN_POINT ( 'NONE',  ( 8.660254037844241637, 6.000000000000005329, -42.49999999999999289 ) ) ;
#5786 = EDGE_CURVE ( 'NONE', #8790, #9586, #7442, .T. ) ;
#5787 = VECTOR ( 'NONE', #1762, 1000.000000000000114 ) ;
#5788 = ORIENTED_EDGE ( 'NONE', *, *, #1165, .T. ) ;
#5789 = PERSON_AND_ORGANIZATION ( #8656, #593 ) ;
#5790 = DIRECTION ( 'NONE',  ( -1.000000000000000000, -0.000000000000000000, -0.000000000000000000 ) ) ;
#5791 = EDGE_LOOP ( 'NONE', ( #3522, #9708, #5473, #7976 ) ) ;
#5792 = CARTESIAN_POINT ( 'NONE',  ( 80.49426287064059693, -5.728384940746143350, 94.21832142862298554 ) ) ;
#5793 = AXIS2_PLACEMENT_3D ( 'NONE', #859, #4876, #8936 ) ;
#5794 = ORIENTED_EDGE ( 'NONE', *, *, #3450, .F. ) ;
#5795 = VECTOR ( 'NONE', #3339, 1000.000000000000227 ) ;
#5796 = ORIENTED_EDGE ( 'NONE', *, *, #10141, .F. ) ;
#5797 = CARTESIAN_POINT ( 'NONE',  ( -32.47595264191693332, 147.4213562373095385, -49.99999999999998579 ) ) ;
#5798 = ORIENTED_EDGE ( 'NONE', *, *, #4703, .T. ) ;
#5799 = AXIS2_PLACEMENT_3D ( 'NONE', #831, #4121, #4951 ) ;
#5800 = CARTESIAN_POINT ( 'NONE',  ( -25.25907427704662211, 147.4213562373095385, -50.00000000000000000 ) ) ;
#5801 = EDGE_LOOP ( 'NONE', ( #2409, #4389, #9932, #2523, #2015 ) ) ;
#5802 = EDGE_CURVE ( 'NONE', #9205, #5423, #9067, .T. ) ;
#5803 = AXIS2_PLACEMENT_3D ( 'NONE', #4223, #3444, #9014 ) ;
#5804 = EDGE_CURVE ( 'NONE', #9572, #4135, #6042, .T. ) ;
#5805 = VECTOR ( 'NONE', #9062, 1000.000000000000227 ) ;
#5806 = CARTESIAN_POINT ( 'NONE',  ( 48.21495254706555045, 6.000000000000000000, 87.08787447931756276 ) ) ;
#5807 = LINE ( 'NONE', #1645, #10250 ) ;
#5808 = EDGE_CURVE ( 'NONE', #7028, #7915, #1874, .T. ) ;
#5809 = CARTESIAN_POINT ( 'NONE',  ( -118.2462233470211572, 2.249999999998087308, 80.42258665126527717 ) ) ;
#5810 = ORIENTED_EDGE ( 'NONE', *, *, #4854, .T. ) ;
#5811 = CARTESIAN_POINT ( 'NONE',  ( 22.73316684934198051, 0.000000000000000000, -45.62499999999995737 ) ) ;
#5812 = DIRECTION ( 'NONE',  ( -0.000000000000000000, -1.000000000000000000, -0.000000000000000000 ) ) ;
#5813 = ORIENTED_EDGE ( 'NONE', *, *, #5094, .T. ) ;
#5814 = LINE ( 'NONE', #1960, #1758 ) ;
#5815 = FACE_BOUND ( 'NONE', #5512, .T. ) ;
#5816 = VERTEX_POINT ( 'NONE', #1926 ) ;
#5817 = ADVANCED_FACE ( 'NONE', ( #3707 ), #9844, .F. ) ;
#5818 = ORIENTED_EDGE ( 'NONE', *, *, #6379, .F. ) ;
#5819 = DIRECTION ( 'NONE',  ( -0.8789733129752198559, 0.4768709627114720573, 0.000000000000000000 ) ) ;
#5820 = ORIENTED_EDGE ( 'NONE', *, *, #7656, .F. ) ;
#5821 = VECTOR ( 'NONE', #6681, 1000.000000000000000 ) ;
#5822 = LINE ( 'NONE', #7586, #319 ) ;
#5823 = EDGE_CURVE ( 'NONE', #4321, #5382, #4381, .T. ) ;
#5824 = FACE_OUTER_BOUND ( 'NONE', #6912, .T. ) ;
#5825 = VERTEX_POINT ( 'NONE', #1195 ) ;
#5826 = DIRECTION ( 'NONE',  ( -0.3420201433256876422, 0.000000000000000000, -0.9396926207859014335 ) ) ;
#5827 = CARTESIAN_POINT ( 'NONE',  ( 8.660254037844241637, 0.000000000000000000, 42.49999999999999289 ) ) ;
#5828 = EDGE_CURVE ( 'NONE', #5221, #1579, #8330, .T. ) ;
#5829 = CARTESIAN_POINT ( 'NONE',  ( 65.96487049844922979, 2.249999999999727773, -63.21924975872500596 ) ) ;
#5830 = PLANE ( 'NONE',  #7204 ) ;
#5831 = FACE_OUTER_BOUND ( 'NONE', #3975, .T. ) ;
#5832 = VECTOR ( 'NONE', #8438, 1000.000000000000000 ) ;
#5833 = CARTESIAN_POINT ( 'NONE',  ( -50.00000000000000000, 6.000000000000005329, -37.85254037844263308 ) ) ;
#5834 = EDGE_CURVE ( 'NONE', #5476, #7033, #2079, .T. ) ;
#5835 = ORIENTED_EDGE ( 'NONE', *, *, #9442, .T. ) ;
#5836 = CARTESIAN_POINT ( 'NONE',  ( -22.73316684934176379, 0.000000000000000000, 39.37499999999995737 ) ) ;
#5837 = LINE ( 'NONE', #986, #1094 ) ;
#5838 = LINE ( 'NONE', #1719, #2377 ) ;
#5839 = CARTESIAN_POINT ( 'NONE',  ( 9.742785792575173076, 6.000000000000005329, -31.87499999999996447 ) ) ;
#5840 = PLANE ( 'NONE',  #3495 ) ;
#5841 = EDGE_LOOP ( 'NONE', ( #4112, #4560, #387, #1944 ) ) ;
#5842 = DATE_AND_TIME ( #3348, #1928 ) ;
#5843 = DIRECTION ( 'NONE',  ( -1.000000000000000000, -0.000000000000000000, -0.000000000000000000 ) ) ;
#5844 = VERTEX_POINT ( 'NONE', #5992 ) ;
#5845 = DIRECTION ( 'NONE',  ( 0.000000000000000000, 1.000000000000000000, 0.000000000000000000 ) ) ;
#5846 = ORIENTED_EDGE ( 'NONE', *, *, #1078, .F. ) ;
#5847 = CYLINDRICAL_SURFACE ( 'NONE', #629, 3.599999999999993872 ) ;
#5848 = ORIENTED_EDGE ( 'NONE', *, *, #1878, .F. ) ;
#5849 = CARTESIAN_POINT ( 'NONE',  ( -79.87143568757761614, 17.25855025242404039, -57.12770181004840708 ) ) ;
#5850 = VERTEX_POINT ( 'NONE', #5262 ) ;
#5851 = EDGE_CURVE ( 'NONE', #7652, #7994, #9947, .T. ) ;
#5852 = CIRCLE ( 'NONE', #4195, 2.750000000000009326 ) ;
#5853 = EDGE_CURVE ( 'NONE', #3589, #6342, #2814, .T. ) ;
#5854 = CARTESIAN_POINT ( 'NONE',  ( 41.13620667976131529, 6.000000000000005329, 7.500000000000000000 ) ) ;
#5855 = ORIENTED_EDGE ( 'NONE', *, *, #10141, .T. ) ;
#5856 = DIRECTION ( 'NONE',  ( 0.7030969734007184169, 0.2500000000000081601, 0.6656986149863506341 ) ) ;
#5857 = DIRECTION ( 'NONE',  ( -0.000000000000000000, 1.000000000000000000, -0.000000000000000000 ) ) ;
#5858 = CIRCLE ( 'NONE', #6351, 6.999999999999941380 ) ;
#5859 = VERTEX_POINT ( 'NONE', #3656 ) ;
#5860 = DIRECTION ( 'NONE',  ( -0.9396926207859013225, 0.000000000000000000, 0.3420201433256878643 ) ) ;
#5861 = CARTESIAN_POINT ( 'NONE',  ( -46.54886545341427961, 0.000000000000000000, 31.87499999999998579 ) ) ;
#5862 = VERTEX_POINT ( 'NONE', #3555 ) ;
#5863 = CARTESIAN_POINT ( 'NONE',  ( -4.330127018922264703, 6.000000000000005329, -13.74999999999999822 ) ) ;
#5864 = CARTESIAN_POINT ( 'NONE',  ( 48.21495254706555045, 0.000000000000000000, 87.08787447931756276 ) ) ;
#5865 = VERTEX_POINT ( 'NONE', #5053 ) ;
#5866 = VECTOR ( 'NONE', #368, 1000.000000000000000 ) ;
#5867 = VECTOR ( 'NONE', #6956, 999.9999999999998863 ) ;
#5868 = VERTEX_POINT ( 'NONE', #2030 ) ;
#5869 = ADVANCED_FACE ( 'NONE', ( #6715 ), #1298, .T. ) ;
#5870 = CARTESIAN_POINT ( 'NONE',  ( 35.96815219932086904, 147.4213562373095385, -13.74999999999999467 ) ) ;
#5871 = ORIENTED_EDGE ( 'NONE', *, *, #9511, .T. ) ;
#5872 = LINE ( 'NONE', #7642, #7964 ) ;
#5873 = LINE ( 'NONE', #4422, #9819 ) ;
#5874 = ORIENTED_EDGE ( 'NONE', *, *, #2692, .F. ) ;
#5875 = LINE ( 'NONE', #4477, #959 ) ;
#5876 = VECTOR ( 'NONE', #10032, 1000.000000000000000 ) ;
#5877 = DIRECTION ( 'NONE',  ( 0.8660254037844372643, -0.000000000000000000, 0.5000000000000024425 ) ) ;
#5878 = CARTESIAN_POINT ( 'NONE',  ( -5.898950814473796100, 0.000000000000000000, 26.03271747798169145 ) ) ;
#5879 = EDGE_CURVE ( 'NONE', #9466, #640, #2712, .T. ) ;
#5880 = CARTESIAN_POINT ( 'NONE',  ( 49.99999999999999289, 6.000000000000000000, 50.00000000000000000 ) ) ;
#5881 = FACE_OUTER_BOUND ( 'NONE', #3909, .T. ) ;
#5882 = LINE ( 'NONE', #200, #2964 ) ;
#5883 = DIRECTION ( 'NONE',  ( -0.5000000000000000000, 0.000000000000000000, 0.8660254037844385966 ) ) ;
#5884 = ORIENTED_EDGE ( 'NONE', *, *, #7119, .F. ) ;
#5885 = CARTESIAN_POINT ( 'NONE',  ( -72.62888298754663197, 14.99999999999994316, 95.97381846109878722 ) ) ;
#5886 = DIRECTION ( 'NONE',  ( 0.4698463103929487183, 0.8660254037844399289, -0.1710100716628430717 ) ) ;
#5887 = ADVANCED_FACE ( 'NONE', ( #1245 ), #4434, .F. ) ;
#5888 = VECTOR ( 'NONE', #4117, 1000.000000000000000 ) ;
#5889 = CIRCLE ( 'NONE', #8546, 6.999999999999941380 ) ;
#5890 = EDGE_CURVE ( 'NONE', #9332, #6580, #621, .T. ) ;
#5891 = DIRECTION ( 'NONE',  ( 0.000000000000000000, -0.000000000000000000, -1.000000000000000000 ) ) ;
#5892 = DIRECTION ( 'NONE',  ( -1.000000000000000000, 0.000000000000000000, -4.006172263299126906E-16 ) ) ;
#5893 = DIRECTION ( 'NONE',  ( 4.006172263299126906E-16, 0.000000000000000000, -1.000000000000000000 ) ) ;
#5894 = VERTEX_POINT ( 'NONE', #9367 ) ;
#5895 = CARTESIAN_POINT ( 'NONE',  ( 28.14582562299473878, 6.000000000000005329, 21.24999999999999289 ) ) ;
#5896 = ORIENTED_EDGE ( 'NONE', *, *, #1864, .F. ) ;
#5897 = DIRECTION ( 'NONE',  ( 0.9396926207859069846, 0.000000000000000000, 0.3420201433256724322 ) ) ;
#5898 = VECTOR ( 'NONE', #2920, 999.9999999999998863 ) ;
#5899 = ORIENTED_EDGE ( 'NONE', *, *, #1552, .F. ) ;
#5900 = CARTESIAN_POINT ( 'NONE',  ( -80.64835826428998189, 8.999999999999944933, 43.55542458751932600 ) ) ;
#5901 = ORIENTED_EDGE ( 'NONE', *, *, #9622, .T. ) ;
#5902 = VECTOR ( 'NONE', #9184, 1000.000000000000227 ) ;
#5903 = LINE ( 'NONE', #6061, #3649 ) ;
#5904 = ORIENTED_EDGE ( 'NONE', *, *, #2368, .F. ) ;
#5905 = CIRCLE ( 'NONE', #422, 3.600000000000002309 ) ;
#5906 = LINE ( 'NONE', #336, #5821 ) ;
#5907 = ORIENTED_EDGE ( 'NONE', *, *, #4226, .T. ) ;
#5908 = AXIS2_PLACEMENT_3D ( 'NONE', #8281, #4436, #1981 ) ;
#5909 = CARTESIAN_POINT ( 'NONE',  ( 8.660254037844241637, 0.000000000000000000, -42.49999999999999289 ) ) ;
#5910 = DIRECTION ( 'NONE',  ( 0.4999999999999993894, 0.000000000000000000, -0.8660254037844389297 ) ) ;
#5911 = ORIENTED_EDGE ( 'NONE', *, *, #7817, .F. ) ;
#5912 = DIRECTION ( 'NONE',  ( 1.000000000000000000, 0.000000000000000000, 0.000000000000000000 ) ) ;
#5913 = FACE_OUTER_BOUND ( 'NONE', #5926, .T. ) ;
#5914 = ORIENTED_EDGE ( 'NONE', *, *, #534, .T. ) ;
#5915 = CARTESIAN_POINT ( 'NONE',  ( -50.00000000000000000, 0.000000000000000000, 50.00000000000000000 ) ) ;
#5916 = VECTOR ( 'NONE', #5085, 1000.000000000000000 ) ;
#5917 = DIRECTION ( 'NONE',  ( -0.000000000000000000, -1.000000000000000000, -0.000000000000000000 ) ) ;
#5918 = VERTEX_POINT ( 'NONE', #5312 ) ;
#5919 = VECTOR ( 'NONE', #1604, 1000.000000000000114 ) ;
#5920 = EDGE_LOOP ( 'NONE', ( #8022, #6471, #9542, #7708 ) ) ;
#5921 = CARTESIAN_POINT ( 'NONE',  ( 49.99999999999999289, 0.000000000000000000, 50.00000000000000000 ) ) ;
#5922 = EDGE_LOOP ( 'NONE', ( #6852, #872, #8914, #2158 ) ) ;
#5923 = DIRECTION ( 'NONE',  ( -0.000000000000000000, -1.000000000000000000, -0.000000000000000000 ) ) ;
#5924 = AXIS2_PLACEMENT_3D ( 'NONE', #2525, #5703, #22 ) ;
#5925 = LINE ( 'NONE', #8425, #3835 ) ;
#5926 = EDGE_LOOP ( 'NONE', ( #1989, #1457, #6221, #3989 ) ) ;
#5927 = DIRECTION ( 'NONE',  ( 0.3420201433257021306, -8.905821230581046347E-15, -0.9396926207858962155 ) ) ;
#5928 = DIRECTION ( 'NONE',  ( -0.5000000000000001110, 0.000000000000000000, 0.8660254037844387076 ) ) ;
#5929 = FACE_OUTER_BOUND ( 'NONE', #6876, .T. ) ;
#5930 = LINE ( 'NONE', #9168, #742 ) ;
#5931 = LINE ( 'NONE', #9113, #6542 ) ;
#5932 = CARTESIAN_POINT ( 'NONE',  ( 82.83999675952468067, 17.25855025242422158, 48.97164729660255489 ) ) ;
#5933 = CARTESIAN_POINT ( 'NONE',  ( -66.05925076837593224, 5.499999999999680256, -65.91404579887056059 ) ) ;
#5934 = ORIENTED_EDGE ( 'NONE', *, *, #4621, .F. ) ;
#5935 = CARTESIAN_POINT ( 'NONE',  ( 25.49447007271216137, 147.4213562373095385, -7.907717477981577758 ) ) ;
#5936 = VECTOR ( 'NONE', #8942, 1000.000000000000000 ) ;
#5937 = EDGE_CURVE ( 'NONE', #5239, #3515, #7061, .T. ) ;
#5938 = FACE_OUTER_BOUND ( 'NONE', #2618, .T. ) ;
#5939 = EDGE_CURVE ( 'NONE', #1600, #3520, #8682, .T. ) ;
#5940 = EDGE_CURVE ( 'NONE', #1964, #7131, #2330, .T. ) ;
#5941 = CARTESIAN_POINT ( 'NONE',  ( 49.99999999999997868, 6.000000000000005329, -4.647459621557000098 ) ) ;
#5942 = CARTESIAN_POINT ( 'NONE',  ( -10.17883965411060920, 0.000000000000000000, -31.11973255698393004 ) ) ;
#5943 = EDGE_CURVE ( 'NONE', #8871, #5033, #1348, .T. ) ;
#5944 = DIRECTION ( 'NONE',  ( -0.3420201433256701562, 1.073360150760649390E-14, 0.9396926207859078728 ) ) ;
#5945 = CYLINDRICAL_SURFACE ( 'NONE', #6152, 6.999999999999941380 ) ;
#5946 = ORIENTED_EDGE ( 'NONE', *, *, #8303, .T. ) ;
#5947 = ADVANCED_FACE ( 'NONE', ( #5404 ), #2278, .F. ) ;
#5948 = CARTESIAN_POINT ( 'NONE',  ( -48.32614877529397290, 0.000000000000000000, 48.34702753535113828 ) ) ;
#5949 = ORIENTED_EDGE ( 'NONE', *, *, #2891, .F. ) ;
#5950 = CARTESIAN_POINT ( 'NONE',  ( -72.69737236693866578, -11.20345065570508680, 87.91339593296397936 ) ) ;
#5951 = VECTOR ( 'NONE', #8550, 1000.000000000000114 ) ;
#5952 = ORIENTED_EDGE ( 'NONE', *, *, #9999, .T. ) ;
#5953 = CARTESIAN_POINT ( 'NONE',  ( -87.70925405845105161, -9.486715189943387472, -55.36244354894027708 ) ) ;
#5954 = ORIENTED_EDGE ( 'NONE', *, *, #2244, .F. ) ;
#5955 = DIRECTION ( 'NONE',  ( 0.000000000000000000, 0.000000000000000000, -1.000000000000000000 ) ) ;
#5956 = ORIENTED_EDGE ( 'NONE', *, *, #9516, .T. ) ;
#5957 = AXIS2_PLACEMENT_3D ( 'NONE', #1185, #2913, #2751 ) ;
#5958 = EDGE_CURVE ( 'NONE', #4259, #5894, #9465, .T. ) ;
#5959 = CARTESIAN_POINT ( 'NONE',  ( -41.13620667976130818, 0.000000000000000000, 50.00000000000000000 ) ) ;
#5960 = EDGE_LOOP ( 'NONE', ( #5084, #2256, #7216, #8826, #6163, #5581, #7993, #10279, #5544, #3948 ) ) ;
#5961 = FACE_OUTER_BOUND ( 'NONE', #3220, .T. ) ;
#5962 = DIRECTION ( 'NONE',  ( -0.3420201433256879198, 0.000000000000000000, -0.9396926207859014335 ) ) ;
#5963 = VECTOR ( 'NONE', #7549, 1000.000000000000227 ) ;
#5964 = ORIENTED_EDGE ( 'NONE', *, *, #4287, .T. ) ;
#5965 = EDGE_CURVE ( 'NONE', #9875, #10067, #9414, .T. ) ;
#5966 = LINE ( 'NONE', #5082, #5536 ) ;
#5967 = DIRECTION ( 'NONE',  ( 0.8596377672150551374, 0.4038903479007583952, -0.3128825595173355678 ) ) ;
#5968 = ORIENTED_EDGE ( 'NONE', *, *, #2689, .F. ) ;
#5969 = FACE_OUTER_BOUND ( 'NONE', #3204, .T. ) ;
#5970 = PLANE ( 'NONE',  #7254 ) ;
#5971 = VERTEX_POINT ( 'NONE', #10054 ) ;
#5972 = VECTOR ( 'NONE', #2262, 1000.000000000000000 ) ;
#5973 = EDGE_LOOP ( 'NONE', ( #1435, #2866, #3269, #4684 ) ) ;
#5974 = CARTESIAN_POINT ( 'NONE',  ( -46.40590262964586543, 4.500000000000002665, 92.41944086838630312 ) ) ;
#5975 = ORIENTED_EDGE ( 'NONE', *, *, #9498, .F. ) ;
#5976 = CARTESIAN_POINT ( 'NONE',  ( -22.73316684934153287, 6.000000000000005329, -3.124999999999960920 ) ) ;
#5977 = CARTESIAN_POINT ( 'NONE',  ( -14.07291281149758966, 0.000000000000000000, 45.62499999999995737 ) ) ;
#5978 = ORIENTED_EDGE ( 'NONE', *, *, #70, .F. ) ;
#5979 = EDGE_CURVE ( 'NONE', #7557, #7253, #1554, .T. ) ;
#5980 = VECTOR ( 'NONE', #6327, 1000.000000000000000 ) ;
#5981 = CYLINDRICAL_SURFACE ( 'NONE', #309, 51.96152422706639129 ) ;
#5982 = CARTESIAN_POINT ( 'NONE',  ( 32.47595264191693332, 0.000000000000000000, 34.99999999999999289 ) ) ;
#5983 = VECTOR ( 'NONE', #4442, 1000.000000000000000 ) ;
#5984 = FACE_BOUND ( 'NONE', #1824, .T. ) ;
#5985 = CARTESIAN_POINT ( 'NONE',  ( 22.71712670107556420, 147.4213562373095385, 3.124999999999969802 ) ) ;
#5986 = DIRECTION ( 'NONE',  ( 1.000000000000000000, 0.000000000000000000, 0.000000000000000000 ) ) ;
#5987 = PLANE ( 'NONE',  #811 ) ;
#5988 = EDGE_CURVE ( 'NONE', #2071, #8152, #2130, .T. ) ;
#5989 = VECTOR ( 'NONE', #283, 1000.000000000000114 ) ;
#5990 = ORIENTED_EDGE ( 'NONE', *, *, #7669, .T. ) ;
#5991 = EDGE_CURVE ( 'NONE', #5317, #311, #7703, .T. ) ;
#5992 = CARTESIAN_POINT ( 'NONE',  ( 50.00000000000000000, 0.000000000000000000, -16.60254037844303809 ) ) ;
#5993 = CARTESIAN_POINT ( 'NONE',  ( 22.73316684934153287, 0.000000000000000000, -3.124999999999960920 ) ) ;
#5994 = CARTESIAN_POINT ( 'NONE',  ( -48.18039637606665337, 6.000000000000000000, 87.18281677883985026 ) ) ;
#5995 = VERTEX_POINT ( 'NONE', #1499 ) ;
#5996 = EDGE_CURVE ( 'NONE', #3122, #1253, #3758, .T. ) ;
#5997 = CARTESIAN_POINT ( 'NONE',  ( -45.46633369868351338, 0.000000000000000000, -4.592625337882893652E-17 ) ) ;
#5998 = VECTOR ( 'NONE', #8533, 1000.000000000000114 ) ;
#5999 = CARTESIAN_POINT ( 'NONE',  ( -50.00000000000000000, 6.000000000000000000, 50.00000000000000000 ) ) ;
#6000 = LINE ( 'NONE', #9180, #7128 ) ;
#6001 = ORIENTED_EDGE ( 'NONE', *, *, #8257, .F. ) ;
#6002 = CARTESIAN_POINT ( 'NONE',  ( -72.62888298754661776, 20.99999999999993605, -95.97381846109878722 ) ) ;
#6003 = ORIENTED_EDGE ( 'NONE', *, *, #80, .F. ) ;
#6004 = ADVANCED_FACE ( 'NONE', ( #4683 ), #10105, .F. ) ;
#6005 = CARTESIAN_POINT ( 'NONE',  ( -48.34702753535164277, 0.000000000000000000, -45.57614877529346842 ) ) ;
#6006 = AXIS2_PLACEMENT_3D ( 'NONE', #3317, #9564, #9668 ) ;
#6007 = ORIENTED_EDGE ( 'NONE', *, *, #1369, .T. ) ;
#6008 = DIRECTION ( 'NONE',  ( 0.9396926207859013225, 0.000000000000000000, -0.3420201433256878643 ) ) ;
#6009 = ADVANCED_FACE ( 'NONE', ( #716 ), #7900, .F. ) ;
#6010 = EDGE_LOOP ( 'NONE', ( #8930, #2852, #3480, #8717, #5186, #3870 ) ) ;
#6011 = CARTESIAN_POINT ( 'NONE',  ( 6.076226797624227238, 147.4213562373095385, 38.02433353179694819 ) ) ;
#6012 = VERTEX_POINT ( 'NONE', #10154 ) ;
#6013 = DIRECTION ( 'NONE',  ( 0.8789733129752215213, 0.4768709627114688376, 0.000000000000000000 ) ) ;
#6014 = VERTEX_POINT ( 'NONE', #1448 ) ;
#6015 = ADVANCED_FACE ( 'NONE', ( #4634 ), #3063, .T. ) ;
#6016 = CARTESIAN_POINT ( 'NONE',  ( -60.42191776730607700, 13.49999999999996447, -91.53084647020817499 ) ) ;
#6017 = DIRECTION ( 'NONE',  ( -0.4252409199694589526, -0.9050801953327274330, 0.000000000000000000 ) ) ;
#6018 = VERTEX_POINT ( 'NONE', #5455 ) ;
#6019 = EDGE_CURVE ( 'NONE', #3810, #673, #8630, .T. ) ;
#6020 = LINE ( 'NONE', #496, #3725 ) ;
#6021 = AXIS2_PLACEMENT_3D ( 'NONE', #4581, #6280, #1391 ) ;
#6022 = PLANE ( 'NONE',  #55 ) ;
#6023 = ORIENTED_EDGE ( 'NONE', *, *, #6855, .T. ) ;
#6024 = CARTESIAN_POINT ( 'NONE',  ( 77.67962342022298117, 8.999999999999962697, 51.71195653594100605 ) ) ;
#6025 = FACE_BOUND ( 'NONE', #1979, .T. ) ;
#6026 = ORIENTED_EDGE ( 'NONE', *, *, #3379, .F. ) ;
#6027 = EDGE_LOOP ( 'NONE', ( #7162, #7082, #5441, #9434 ) ) ;
#6028 = LINE ( 'NONE', #8368, #1405 ) ;
#6029 = ORIENTED_EDGE ( 'NONE', *, *, #6251, .T. ) ;
#6030 = CARTESIAN_POINT ( 'NONE',  ( -45.46633369868351338, 147.4213562373095385, -21.24999999999999289 ) ) ;
#6031 = DIRECTION ( 'NONE',  ( 0.000000000000000000, 0.000000000000000000, 1.000000000000000000 ) ) ;
#6032 = EDGE_LOOP ( 'NONE', ( #10270, #5443, #10306, #8160 ) ) ;
#6033 = LINE ( 'NONE', #5300, #9788 ) ;
#6034 = DIRECTION ( 'NONE',  ( -0.6427876096865473565, 0.000000000000000000, 0.7660444431189713521 ) ) ;
#6035 = VECTOR ( 'NONE', #4439, 1000.000000000000114 ) ;
#6036 = DIRECTION ( 'NONE',  ( 0.8789733129752195229, 0.4768709627114725014, 0.000000000000000000 ) ) ;
#6037 = PLANE ( 'NONE',  #915 ) ;
#6038 = VECTOR ( 'NONE', #810, 1000.000000000000000 ) ;
#6039 = FACE_OUTER_BOUND ( 'NONE', #8509, .T. ) ;
#6040 = ORIENTED_EDGE ( 'NONE', *, *, #9057, .T. ) ;
#6041 = VECTOR ( 'NONE', #7079, 1000.000000000000000 ) ;
#6042 = LINE ( 'NONE', #4334, #5963 ) ;
#6043 = CARTESIAN_POINT ( 'NONE',  ( 46.40590262964586543, 0.000000000000000000, 66.00000000000000000 ) ) ;
#6044 = CIRCLE ( 'NONE', #8196, 6.999999999999942268 ) ;
#6046 = VECTOR ( 'NONE', #694, 1000.000000000000000 ) ;
#6045 = DIRECTION ( 'NONE',  ( -0.8137976813493772443, -0.4999999999999974465, 0.2961981327260184149 ) ) ;
#6047 = ORIENTED_EDGE ( 'NONE', *, *, #7824, .T. ) ;
#6048 = CARTESIAN_POINT ( 'NONE',  ( -66.00000000000000000, 0.000000000000000000, -38.22385819845018062 ) ) ;
#6049 = CARTESIAN_POINT ( 'NONE',  ( 22.73316684934198051, 147.4213562373095385, 45.62499999999995737 ) ) ;
#6050 = CARTESIAN_POINT ( 'NONE',  ( 82.31282873162555802, 12.75855025242434948, 58.01629620822639311 ) ) ;
#6051 = ORIENTED_EDGE ( 'NONE', *, *, #7136, .F. ) ;
#6052 = EDGE_CURVE ( 'NONE', #8315, #7429, #8396, .T. ) ;
#6053 = LINE ( 'NONE', #1940, #9262 ) ;
#6054 = AXIS2_PLACEMENT_3D ( 'NONE', #10309, #97, #3285 ) ;
#6055 = ORIENTED_EDGE ( 'NONE', *, *, #3553, .F. ) ;
#6056 = DIRECTION ( 'NONE',  ( 0.5000000000000008882, 0.000000000000000000, -0.8660254037844381525 ) ) ;
#6057 = VERTEX_POINT ( 'NONE', #8109 ) ;
#6058 = LINE ( 'NONE', #635, #2621 ) ;
#6059 = EDGE_CURVE ( 'NONE', #698, #3970, #1704, .T. ) ;
#6060 = VERTEX_POINT ( 'NONE', #8838 ) ;
#6061 = CARTESIAN_POINT ( 'NONE',  ( -41.13620667976131529, 147.4213562373095385, 28.74999999999999289 ) ) ;
#6062 = ORIENTED_EDGE ( 'NONE', *, *, #5359, .F. ) ;
#6063 = ORIENTED_EDGE ( 'NONE', *, *, #375, .F. ) ;
#6064 = EDGE_CURVE ( 'NONE', #9490, #9602, #2384, .T. ) ;
#6065 = LINE ( 'NONE', #6838, #3503 ) ;
#6066 = ORIENTED_EDGE ( 'NONE', *, *, #3415, .F. ) ;
#6067 = EDGE_CURVE ( 'NONE', #194, #4958, #3323, .T. ) ;
#6068 = EDGE_CURVE ( 'NONE', #9719, #403, #4055, .T. ) ;
#6069 = LINE ( 'NONE', #7572, #2043 ) ;
#6070 = VECTOR ( 'NONE', #570, 1000.000000000000227 ) ;
#6071 = ORIENTED_EDGE ( 'NONE', *, *, #8466, .T. ) ;
#6072 = CARTESIAN_POINT ( 'NONE',  ( -11.54700538379295516, 0.000000000000000000, -50.00000000000000000 ) ) ;
#6073 = ADVANCED_FACE ( 'NONE', ( #6338 ), #2434, .F. ) ;
#6074 = DIRECTION ( 'NONE',  ( -0.8789733129752195229, -0.4768709627114725014, 0.000000000000000000 ) ) ;
#6075 = ORIENTED_EDGE ( 'NONE', *, *, #7402, .F. ) ;
#6076 = FACE_OUTER_BOUND ( 'NONE', #8567, .T. ) ;
#6077 = CARTESIAN_POINT ( 'NONE',  ( 64.79025472246685524, 2.249999999999727773, 62.79172457956791220 ) ) ;
#6078 = ORIENTED_EDGE ( 'NONE', *, *, #3528, .F. ) ;
#6079 = EDGE_CURVE ( 'NONE', #6996, #4980, #4784, .T. ) ;
#6080 = VECTOR ( 'NONE', #198, 1000.000000000000000 ) ;
#6081 = ORIENTED_EDGE ( 'NONE', *, *, #9755, .F. ) ;
#6083 = CARTESIAN_POINT ( 'NONE',  ( -9.742785792574935044, 147.4213562373095385, -10.62499999999999822 ) ) ;
#6082 = AXIS2_PLACEMENT_3D ( 'NONE', #7454, #2513, #3408 ) ;
#6084 = VERTEX_POINT ( 'NONE', #8056 ) ;
#6085 = DIRECTION ( 'NONE',  ( -0.8789733129752197449, 0.4768709627114722238, 0.000000000000000000 ) ) ;
#6086 = PLANE ( 'NONE',  #6663 ) ;
#6087 = ORIENTED_EDGE ( 'NONE', *, *, #2346, .T. ) ;
#6088 = DIRECTION ( 'NONE',  ( 0.000000000000000000, 0.000000000000000000, -1.000000000000000000 ) ) ;
#6089 = VECTOR ( 'NONE', #4204, 1000.000000000000000 ) ;
#6090 = CARTESIAN_POINT ( 'NONE',  ( -32.47595264191693332, 6.000000000000005329, 28.74999999999999289 ) ) ;
#6091 = DIRECTION ( 'NONE',  ( 0.9396926207859107594, 0.000000000000000000, -0.3420201433256624401 ) ) ;
#6092 = AXIS2_PLACEMENT_3D ( 'NONE', #4991, #972, #1706 ) ;
#6093 = CARTESIAN_POINT ( 'NONE',  ( 14.07291281149736051, 147.4213562373095385, 39.37499999999995737 ) ) ;
#6094 = CARTESIAN_POINT ( 'NONE',  ( -8.660254037844532959, 6.000000000000005329, 42.49999999999999289 ) ) ;
#6095 = ORIENTED_EDGE ( 'NONE', *, *, #5315, .F. ) ;
#6096 = CARTESIAN_POINT ( 'NONE',  ( 78.55942538675439835, 20.99999999999937828, -79.67978713415917014 ) ) ;
#6097 = VECTOR ( 'NONE', #6640, 1000.000000000000227 ) ;
#6098 = LINE ( 'NONE', #2132, #8740 ) ;
#6099 = CARTESIAN_POINT ( 'NONE',  ( -50.00000000000000000, 6.000000000000000000, -50.00000000000000000 ) ) ;
#6100 = ORIENTED_EDGE ( 'NONE', *, *, #7413, .F. ) ;
#6101 = CARTESIAN_POINT ( 'NONE',  ( -50.00000000000000000, 0.000000000000000000, 50.00000000000000000 ) ) ;
#6102 = DIRECTION ( 'NONE',  ( -0.8789733129752196339, -0.4768709627114723348, 0.000000000000000000 ) ) ;
#6103 = EDGE_CURVE ( 'NONE', #1793, #8158, #5394, .T. ) ;
#6104 = VECTOR ( 'NONE', #3912, 1000.000000000000000 ) ;
#6105 = EDGE_CURVE ( 'NONE', #9188, #5345, #577, .T. ) ;
#6106 = LINE ( 'NONE', #9278, #10298 ) ;
#6107 = ORIENTED_EDGE ( 'NONE', *, *, #2087, .T. ) ;
#6108 = LINE ( 'NONE', #6002, #1265 ) ;
#6109 = DIRECTION ( 'NONE',  ( -0.000000000000000000, -1.000000000000000000, -0.000000000000000000 ) ) ;
#6110 = ADVANCED_FACE ( 'NONE', ( #9519 ), #3377, .F. ) ;
#6111 = ORIENTED_EDGE ( 'NONE', *, *, #5943, .T. ) ;
#6112 = CARTESIAN_POINT ( 'NONE',  ( -64.79025472246685524, 2.249999999999727773, -62.79172457956791220 ) ) ;
#6113 = VERTEX_POINT ( 'NONE', #9571 ) ;
#6114 = DIRECTION ( 'NONE',  ( -0.000000000000000000, -1.000000000000000000, -0.000000000000000000 ) ) ;
#6115 = ORIENTED_EDGE ( 'NONE', *, *, #10013, .T. ) ;
#6116 = VERTEX_POINT ( 'NONE', #32 ) ;
#6117 = LINE ( 'NONE', #7036, #9978 ) ;
#6118 = ORIENTED_EDGE ( 'NONE', *, *, #8811, .T. ) ;
#6119 = VECTOR ( 'NONE', #9685, 1000.000000000000114 ) ;
#6120 = FACE_BOUND ( 'NONE', #655, .T. ) ;
#6121 = ORIENTED_EDGE ( 'NONE', *, *, #5363, .T. ) ;
#6122 = PLANE ( 'NONE',  #2887 ) ;
#6123 = CARTESIAN_POINT ( 'NONE',  ( 35.72484103454691251, 6.000000000000005329, -20.62574658805230143 ) ) ;
#6124 = ORIENTED_EDGE ( 'NONE', *, *, #5424, .T. ) ;
#6125 = EDGE_CURVE ( 'NONE', #6113, #5174, #1241, .T. ) ;
#6126 = FACE_BOUND ( 'NONE', #8471, .T. ) ;
#6127 = ORIENTED_EDGE ( 'NONE', *, *, #3087, .F. ) ;
#6128 = CIRCLE ( 'NONE', #8448, 3.600000000000000089 ) ;
#6129 = EDGE_CURVE ( 'NONE', #2479, #4508, #7888, .T. ) ;
#6130 = VERTEX_POINT ( 'NONE', #6441 ) ;
#6131 = ORIENTED_EDGE ( 'NONE', *, *, #8149, .F. ) ;
#6132 = EDGE_CURVE ( 'NONE', #5330, #9443, #4836, .T. ) ;
#6133 = CARTESIAN_POINT ( 'NONE',  ( 32.03989878038110817, 6.000000000000005329, 6.744732556983363381 ) ) ;
#6134 = VECTOR ( 'NONE', #6858, 1000.000000000000227 ) ;
#6135 = CARTESIAN_POINT ( 'NONE',  ( -41.13620667976124423, 6.000000000000005329, 13.74999999999999822 ) ) ;
#6136 = ORIENTED_EDGE ( 'NONE', *, *, #4726, .F. ) ;
#6137 = CARTESIAN_POINT ( 'NONE',  ( -32.47595264191693332, 0.000000000000000000, 7.500000000000000888 ) ) ;
#6138 = ORIENTED_EDGE ( 'NONE', *, *, #9547, .F. ) ;
#6139 = DIRECTION ( 'NONE',  ( -2.006803045524146533E-16, 0.000000000000000000, 1.000000000000000000 ) ) ;
#6140 = VECTOR ( 'NONE', #3416, 1000.000000000000000 ) ;
#6141 = CARTESIAN_POINT ( 'NONE',  ( -32.47595264191693332, 0.000000000000000000, 28.74999999999999289 ) ) ;
#6142 = PLANE ( 'NONE',  #2410 ) ;
#6143 = CARTESIAN_POINT ( 'NONE',  ( 9.742785792574935044, 6.000000000000005329, -10.62499999999999822 ) ) ;
#6144 = ORIENTED_EDGE ( 'NONE', *, *, #3031, .F. ) ;
#6145 = DIRECTION ( 'NONE',  ( -0.8789733129752196339, -0.4768709627114723348, 0.000000000000000000 ) ) ;
#6146 = EDGE_CURVE ( 'NONE', #4937, #3936, #867, .T. ) ;
#6147 = AXIS2_PLACEMENT_3D ( 'NONE', #300, #2069, #5250 ) ;
#6148 = CARTESIAN_POINT ( 'NONE',  ( 3.673940397442059967E-15, 6.000000000000005329, 30.00000000000000000 ) ) ;
#6149 = CIRCLE ( 'NONE', #320, 61.96152422706628471 ) ;
#6150 = LINE ( 'NONE', #1557, #1667 ) ;
#6151 = ORIENTED_EDGE ( 'NONE', *, *, #4303, .F. ) ;
#6152 = AXIS2_PLACEMENT_3D ( 'NONE', #3561, #5166, #990 ) ;
#6153 = EDGE_CURVE ( 'NONE', #10124, #7924, #2485, .T. ) ;
#6154 = CYLINDRICAL_SURFACE ( 'NONE', #2205, 61.96152422706627760 ) ;
#6155 = LINE ( 'NONE', #7504, #4867 ) ;
#6156 = ADVANCED_FACE ( 'NONE', ( #189 ), #7269, .F. ) ;
#6157 = PLANE ( 'NONE',  #1315 ) ;
#6158 = VECTOR ( 'NONE', #2565, 1000.000000000000227 ) ;
#6159 = ORIENTED_EDGE ( 'NONE', *, *, #9004, .T. ) ;
#6160 = LINE ( 'NONE', #2291, #5407 ) ;
#6161 = FACE_OUTER_BOUND ( 'NONE', #8155, .T. ) ;
#6162 = VECTOR ( 'NONE', #4163, 1000.000000000000000 ) ;
#6163 = ORIENTED_EDGE ( 'NONE', *, *, #1067, .F. ) ;
#6164 = CARTESIAN_POINT ( 'NONE',  ( 71.75583453782208210, 8.999999999999966249, 67.98743272795280745 ) ) ;
#6165 = ORIENTED_EDGE ( 'NONE', *, *, #9814, .T. ) ;
#6166 = FACE_OUTER_BOUND ( 'NONE', #754, .T. ) ;
#6167 = ORIENTED_EDGE ( 'NONE', *, *, #9386, .F. ) ;
#6168 = DIRECTION ( 'NONE',  ( 0.000000000000000000, 0.000000000000000000, 1.000000000000000000 ) ) ;
#6169 = ORIENTED_EDGE ( 'NONE', *, *, #1349, .T. ) ;
#6170 = LINE ( 'NONE', #4612, #5043 ) ;
#6171 = ORIENTED_EDGE ( 'NONE', *, *, #3450, .T. ) ;
#6172 = CARTESIAN_POINT ( 'NONE',  ( 66.91430112669024766, 5.499999999999709566, -63.56481424690532833 ) ) ;
#6173 = CARTESIAN_POINT ( 'NONE',  ( -78.55942538675439835, 20.99999999999937828, 79.67978713415917014 ) ) ;
#6174 = ORIENTED_EDGE ( 'NONE', *, *, #7547, .T. ) ;
#6175 = EDGE_CURVE ( 'NONE', #9423, #3839, #3756, .T. ) ;
#6176 = CARTESIAN_POINT ( 'NONE',  ( 25.49447007271216137, 6.000000000000005329, -7.907717477981577758 ) ) ;
#6177 = EDGE_LOOP ( 'NONE', ( #5169, #1178 ) ) ;
#6178 = VECTOR ( 'NONE', #8274, 1000.000000000000000 ) ;
#6179 = ORIENTED_EDGE ( 'NONE', *, *, #9464, .F. ) ;
#6180 = ORIENTED_EDGE ( 'NONE', *, *, #9351, .F. ) ;
#6181 = FACE_OUTER_BOUND ( 'NONE', #4830, .T. ) ;
#6182 = DIRECTION ( 'NONE',  ( 0.9355268173716067004, -0.09405667402808165489, 0.3405039148810590777 ) ) ;
#6183 = DIRECTION ( 'NONE',  ( 0.09485932030786352331, 0.9607689228305262841, 0.2606238405706591266 ) ) ;
#6184 = ORIENTED_EDGE ( 'NONE', *, *, #2885, .T. ) ;
#6185 = CARTESIAN_POINT ( 'NONE',  ( -65.83204565542119724, 8.999999999999969802, 84.26290891996461596 ) ) ;
#6186 = CARTESIAN_POINT ( 'NONE',  ( -68.98035169643877396, 12.75833024919766068, -94.64586167234662639 ) ) ;
#6187 = FACE_OUTER_BOUND ( 'NONE', #5491, .T. ) ;
#6188 = ADVANCED_FACE ( 'NONE', ( #1809 ), #2017, .T. ) ;
#6189 = DIRECTION ( 'NONE',  ( -0.5000000000000044409, 0.000000000000000000, 0.8660254037844360431 ) ) ;
#6190 = EDGE_CURVE ( 'NONE', #7680, #4675, #1230, .T. ) ;
#6191 = ORIENTED_EDGE ( 'NONE', *, *, #9122, .T. ) ;
#6192 = CARTESIAN_POINT ( 'NONE',  ( -14.07291281149715978, 6.000000000000005329, -18.12499999999996092 ) ) ;
#6193 = CARTESIAN_POINT ( 'NONE',  ( -32.47595264191693332, 0.000000000000000000, 13.74999999999999467 ) ) ;
#6194 = PLANE ( 'NONE',  #6480 ) ;
#6195 = ORIENTED_EDGE ( 'NONE', *, *, #3272, .F. ) ;
#6196 = ADVANCED_FACE ( 'NONE', ( #9776, #5248 ), #6597, .F. ) ;
#6197 = DIRECTION ( 'NONE',  ( -0.9355268173716063673, 0.09405667402808165489, -0.3405039148810601879 ) ) ;
#6198 = DIRECTION ( 'NONE',  ( -0.000000000000000000, -1.000000000000000000, -0.000000000000000000 ) ) ;
#6199 = DIRECTION ( 'NONE',  ( -1.000000000000000000, 0.000000000000000000, -0.000000000000000000 ) ) ;
#6200 = ORIENTED_EDGE ( 'NONE', *, *, #6533, .F. ) ;
#6201 = AXIS2_PLACEMENT_3D ( 'NONE', #1454, #4639, #7807 ) ;
#6202 = EDGE_CURVE ( 'NONE', #3970, #3251, #6028, .T. ) ;
#6203 = FACE_OUTER_BOUND ( 'NONE', #4759, .T. ) ;
#6204 = CIRCLE ( 'NONE', #7865, 61.96152422706639840 ) ;
#6205 = PLANE ( 'NONE',  #3078 ) ;
#6206 = EDGE_CURVE ( 'NONE', #829, #8702, #8266, .T. ) ;
#6207 = VERTEX_POINT ( 'NONE', #2799 ) ;
#6208 = ORIENTED_EDGE ( 'NONE', *, *, #9650, .T. ) ;
#6209 = ORIENTED_EDGE ( 'NONE', *, *, #8541, .F. ) ;
#6210 = DIRECTION ( 'NONE',  ( 0.5000000000000000000, 0.000000000000000000, 0.8660254037844385966 ) ) ;
#6211 = DIRECTION ( 'NONE',  ( -1.000000000000000000, -1.308353425290363404E-16, 0.000000000000000000 ) ) ;
#6212 = ORIENTED_EDGE ( 'NONE', *, *, #1878, .T. ) ;
#6213 = FACE_BOUND ( 'NONE', #6798, .T. ) ;
#6214 = VERTEX_POINT ( 'NONE', #4211 ) ;
#6215 = CARTESIAN_POINT ( 'NONE',  ( -50.00000000000000000, 0.000000000000000000, 16.60254037844303809 ) ) ;
#6216 = FACE_BOUND ( 'NONE', #3360, .T. ) ;
#6217 = ORIENTED_EDGE ( 'NONE', *, *, #463, .F. ) ;
#6218 = ADVANCED_FACE ( 'NONE', ( #5037 ), #7534, .T. ) ;
#6219 = DIRECTION ( 'NONE',  ( -0.3420201433257021306, -8.905821230581046347E-15, 0.9396926207858962155 ) ) ;
#6220 = ORIENTED_EDGE ( 'NONE', *, *, #1791, .T. ) ;
#6221 = ORIENTED_EDGE ( 'NONE', *, *, #3783, .F. ) ;
#6222 = ORIENTED_EDGE ( 'NONE', *, *, #9799, .T. ) ;
#6223 = EDGE_CURVE ( 'NONE', #9914, #5128, #7584, .T. ) ;
#6224 = DIRECTION ( 'NONE',  ( -0.000000000000000000, -1.000000000000000000, -0.000000000000000000 ) ) ;
#6225 = VECTOR ( 'NONE', #9880, 1000.000000000000000 ) ;
#6226 = DIRECTION ( 'NONE',  ( -0.8789733129752195229, 0.4768709627114725014, 0.000000000000000000 ) ) ;
#6227 = CARTESIAN_POINT ( 'NONE',  ( -22.73316684934176379, 6.000000000000005329, -39.37499999999995737 ) ) ;
#6228 = VERTEX_POINT ( 'NONE', #5195 ) ;
#6229 = CARTESIAN_POINT ( 'NONE',  ( 4.330127018922120818, 147.4213562373095385, 13.74999999999999822 ) ) ;
#6230 = EDGE_CURVE ( 'NONE', #7589, #1617, #64, .T. ) ;
#6231 = CARTESIAN_POINT ( 'NONE',  ( 4.330127018922190096, 6.000000000000005329, -7.500000000000000000 ) ) ;
#6232 = DIRECTION ( 'NONE',  ( 0.08838436251985754000, 0.9955668446019961815, 0.03216927713181028103 ) ) ;
#6233 = CARTESIAN_POINT ( 'NONE',  ( -28.14582562299473878, 6.000000000000005329, 42.49999999999998579 ) ) ;
#6234 = VECTOR ( 'NONE', #2882, 1000.000000000000000 ) ;
#6235 = VERTEX_POINT ( 'NONE', #6651 ) ;
#6236 = CARTESIAN_POINT ( 'NONE',  ( -23.87132298306550382, 6.000000000000005329, -16.15365574944390303 ) ) ;
#6237 = ORIENTED_EDGE ( 'NONE', *, *, #5063, .T. ) ;
#6238 = CARTESIAN_POINT ( 'NONE',  ( 8.660254037844241637, 6.000000000000005329, 42.49999999999999289 ) ) ;
#6239 = VECTOR ( 'NONE', #6710, 1000.000000000000000 ) ;
#6240 = CYLINDRICAL_SURFACE ( 'NONE', #167, 61.96152422706639840 ) ;
#6241 = VERTEX_POINT ( 'NONE', #6801 ) ;
#6242 = AXIS2_PLACEMENT_3D ( 'NONE', #884, #9017, #7233 ) ;
#6243 = CARTESIAN_POINT ( 'NONE',  ( 71.75583453782208210, 8.999999999999966249, -67.98743272795280745 ) ) ;
#6244 = CARTESIAN_POINT ( 'NONE',  ( 112.6852725244671802, 1.499999999998032907, 82.44660722489308569 ) ) ;
#6245 = LINE ( 'NONE', #3176, #5056 ) ;
#6246 = ORIENTED_EDGE ( 'NONE', *, *, #5979, .F. ) ;
#6247 = EDGE_CURVE ( 'NONE', #4196, #7002, #9002, .T. ) ;
#6248 = VECTOR ( 'NONE', #5191, 1000.000000000000000 ) ;
#6249 = EDGE_LOOP ( 'NONE', ( #10010, #8347 ) ) ;
#6250 = EDGE_CURVE ( 'NONE', #4980, #3259, #9985, .T. ) ;
#6251 = EDGE_CURVE ( 'NONE', #5757, #4980, #4266, .T. ) ;
#6252 = CARTESIAN_POINT ( 'NONE',  ( -4.330127018922264703, 0.000000000000000000, 13.74999999999999822 ) ) ;
#6253 = DIRECTION ( 'NONE',  ( 0.4698463103929532148, 0.8660254037844399289, 0.1710100716628305262 ) ) ;
#6254 = ADVANCED_FACE ( 'NONE', ( #298 ), #3588, .T. ) ;
#6255 = VECTOR ( 'NONE', #5079, 1000.000000000000000 ) ;
#6256 = ORIENTED_EDGE ( 'NONE', *, *, #583, .F. ) ;
#6257 = EDGE_CURVE ( 'NONE', #3483, #3533, #6750, .T. ) ;
#6258 = ORIENTED_EDGE ( 'NONE', *, *, #1402, .F. ) ;
#6259 = ORIENTED_EDGE ( 'NONE', *, *, #4678, .F. ) ;
#6260 = FACE_OUTER_BOUND ( 'NONE', #5016, .T. ) ;
#6261 = CARTESIAN_POINT ( 'NONE',  ( 30.40590262964586188, 6.000000000000000000, -66.00000000000000000 ) ) ;
#6262 = VERTEX_POINT ( 'NONE', #5091 ) ;
#6263 = DIRECTION ( 'NONE',  ( 1.000000000000000000, 0.000000000000000000, 0.000000000000000000 ) ) ;
#6264 = VECTOR ( 'NONE', #9826, 1000.000000000000114 ) ;
#6265 = FACE_OUTER_BOUND ( 'NONE', #5760, .T. ) ;
#6266 = ORIENTED_EDGE ( 'NONE', *, *, #1095, .T. ) ;
#6267 = VERTEX_POINT ( 'NONE', #7483 ) ;
#6268 = DIRECTION ( 'NONE',  ( 0.4698463103929487183, 0.8660254037844400399, -0.1710100716628430717 ) ) ;
#6269 = CARTESIAN_POINT ( 'NONE',  ( -48.32614877529397290, 0.000000000000000000, 51.09702753535113828 ) ) ;
#6270 = ORIENTED_EDGE ( 'NONE', *, *, #6563, .F. ) ;
#6271 = CARTESIAN_POINT ( 'NONE',  ( -8.660254037844532959, 147.4213562373095385, -42.49999999999999289 ) ) ;
#6272 = ORIENTED_EDGE ( 'NONE', *, *, #5991, .T. ) ;
#6273 = ORIENTED_EDGE ( 'NONE', *, *, #1739, .T. ) ;
#6274 = ORIENTED_EDGE ( 'NONE', *, *, #7971, .F. ) ;
#6275 = CARTESIAN_POINT ( 'NONE',  ( 80.84392734693378202, 10.71673546576124991, -51.71195653594101316 ) ) ;
#6276 = FACE_OUTER_BOUND ( 'NONE', #8004, .T. ) ;
#6277 = CARTESIAN_POINT ( 'NONE',  ( -5.898950814473796100, 6.000000000000005329, 26.03271747798169145 ) ) ;
#6278 = ORIENTED_EDGE ( 'NONE', *, *, #2856, .T. ) ;
#6279 = LINE ( 'NONE', #9360, #5867 ) ;
#6280 = DIRECTION ( 'NONE',  ( -1.001543065824772975E-16, 0.000000000000000000, 1.000000000000000000 ) ) ;
#6281 = FACE_OUTER_BOUND ( 'NONE', #2681, .T. ) ;
#6282 = PLANE ( 'NONE',  #10098 ) ;
#6283 = ORIENTED_EDGE ( 'NONE', *, *, #3840, .T. ) ;
#6284 = DIRECTION ( 'NONE',  ( -0.8789733129752196339, -0.4768709627114723903, 0.000000000000000000 ) ) ;
#6285 = ORIENTED_EDGE ( 'NONE', *, *, #7990, .T. ) ;
#6286 = VECTOR ( 'NONE', #4033, 1000.000000000000000 ) ;
#6287 = EDGE_CURVE ( 'NONE', #2479, #8054, #3539, .T. ) ;
#6288 = DIRECTION ( 'NONE',  ( 0.000000000000000000, 1.000000000000000000, 0.000000000000000000 ) ) ;
#6289 = LINE ( 'NONE', #7168, #2671 ) ;
#6290 = VERTEX_POINT ( 'NONE', #9102 ) ;
#6291 = AXIS2_PLACEMENT_3D ( 'NONE', #2251, #3036, #4653 ) ;
#6292 = DIRECTION ( 'NONE',  ( -0.4698463103929487183, 0.8660254037844400399, -0.1710100716628430717 ) ) ;
#6293 = CARTESIAN_POINT ( 'NONE',  ( 46.54886545341427961, 0.000000000000000000, -31.87499999999998579 ) ) ;
#6294 = VECTOR ( 'NONE', #5003, 1000.000000000000000 ) ;
#6295 = FACE_OUTER_BOUND ( 'NONE', #526, .T. ) ;
#6296 = ORIENTED_EDGE ( 'NONE', *, *, #2559, .F. ) ;
#6297 = EDGE_CURVE ( 'NONE', #9087, #4504, #1965, .T. ) ;
#6298 = VERTEX_POINT ( 'NONE', #8316 ) ;
#6299 = CIRCLE ( 'NONE', #3493, 3.600000000000008082 ) ;
#6300 = CYLINDRICAL_SURFACE ( 'NONE', #2102, 51.96152422706639129 ) ;
#6301 = EDGE_CURVE ( 'NONE', #3153, #9738, #1179, .T. ) ;
#6302 = DIRECTION ( 'NONE',  ( 0.000000000000000000, 0.000000000000000000, -1.000000000000000000 ) ) ;
#6303 = AXIS2_PLACEMENT_3D ( 'NONE', #2119, #4623, #6906 ) ;
#6304 = LINE ( 'NONE', #6408, #2354 ) ;
#6305 = ORIENTED_EDGE ( 'NONE', *, *, #4801, .F. ) ;
#6306 = DIRECTION ( 'NONE',  ( 0.000000000000000000, 0.000000000000000000, -1.000000000000000000 ) ) ;
#6307 = EDGE_LOOP ( 'NONE', ( #2004, #4402 ) ) ;
#6308 = DIRECTION ( 'NONE',  ( 0.5000000000000000000, 0.000000000000000000, 0.8660254037844385966 ) ) ;
#6309 = LINE ( 'NONE', #589, #2469 ) ;
#6310 = EDGE_CURVE ( 'NONE', #8629, #8702, #8761, .T. ) ;
#6311 = VERTEX_POINT ( 'NONE', #9597 ) ;
#6312 = AXIS2_PLACEMENT_3D ( 'NONE', #5483, #3091, #5281 ) ;
#6313 = CARTESIAN_POINT ( 'NONE',  ( -75.86167629364946663, -9.486715189943781823, -87.91339593296397936 ) ) ;
#6314 = LINE ( 'NONE', #5533, #8145 ) ;
#6315 = EDGE_LOOP ( 'NONE', ( #7529, #2899, #10183, #8193 ) ) ;
#6316 = EDGE_CURVE ( 'NONE', #8108, #4692, #3244, .T. ) ;
#6317 = ADVANCED_FACE ( 'NONE', ( #8472 ), #9491, .T. ) ;
#6318 = ORIENTED_EDGE ( 'NONE', *, *, #4545, .T. ) ;
#6319 = DIRECTION ( 'NONE',  ( -0.8660254037844387076, 0.000000000000000000, -0.5000000000000001110 ) ) ;
#6320 = AXIS2_PLACEMENT_3D ( 'NONE', #672, #7015, #3115 ) ;
#6321 = LINE ( 'NONE', #7830, #890 ) ;
#6322 = ORIENTED_EDGE ( 'NONE', *, *, #9317, .F. ) ;
#6323 = CARTESIAN_POINT ( 'NONE',  ( -6.076226797624443066, 147.4213562373095385, 38.02433353179681319 ) ) ;
#6324 = VERTEX_POINT ( 'NONE', #504 ) ;
#6325 = ORIENTED_EDGE ( 'NONE', *, *, #9427, .F. ) ;
#6326 = ORIENTED_EDGE ( 'NONE', *, *, #1349, .F. ) ;
#6327 = DIRECTION ( 'NONE',  ( -0.000000000000000000, -1.000000000000000000, -0.000000000000000000 ) ) ;
#6328 = AXIS2_PLACEMENT_3D ( 'NONE', #8259, #7477, #4360 ) ;
#6329 = EDGE_CURVE ( 'NONE', #4958, #3679, #1282, .T. ) ;
#6330 = LINE ( 'NONE', #6908, #9321 ) ;
#6331 = CARTESIAN_POINT ( 'NONE',  ( 78.10322981758433514, 16.37948907741693105, -80.93317415930816594 ) ) ;
#6332 = VERTEX_POINT ( 'NONE', #8420 ) ;
#6333 = LINE ( 'NONE', #5503, #8688 ) ;
#6334 = PLANE ( 'NONE',  #6510 ) ;
#6335 = CARTESIAN_POINT ( 'NONE',  ( -116.4151785639850942, 1.124999999998077316, -81.08903244989882353 ) ) ;
#6336 = DIRECTION ( 'NONE',  ( -0.5000000000000008882, 0.000000000000000000, -0.8660254037844380415 ) ) ;
#6337 = ORIENTED_EDGE ( 'NONE', *, *, #8307, .T. ) ;
#6338 = FACE_OUTER_BOUND ( 'NONE', #153, .T. ) ;
#6339 = ORIENTED_EDGE ( 'NONE', *, *, #9832, .T. ) ;
#6340 = DIRECTION ( 'NONE',  ( 0.000000000000000000, 1.000000000000000000, 0.000000000000000000 ) ) ;
#6341 = CARTESIAN_POINT ( 'NONE',  ( -62.42372499878475622, 1.124999999999771738, 67.25126706402114962 ) ) ;
#6342 = VERTEX_POINT ( 'NONE', #1574 ) ;
#6343 = DIRECTION ( 'NONE',  ( -0.8789733129752198559, 0.4768709627114720573, 0.000000000000000000 ) ) ;
#6344 = CARTESIAN_POINT ( 'NONE',  ( -41.13620667976131529, 6.000000000000005329, -28.74999999999999645 ) ) ;
#6345 = DIRECTION ( 'NONE',  ( -0.000000000000000000, -1.000000000000000000, -0.000000000000000000 ) ) ;
#6346 = DIRECTION ( 'NONE',  ( 0.9396926207859069846, 0.000000000000000000, 0.3420201433256724322 ) ) ;
#6347 = ORIENTED_EDGE ( 'NONE', *, *, #7271, .T. ) ;
#6348 = ORIENTED_EDGE ( 'NONE', *, *, #1731, .T. ) ;
#6349 = DIRECTION ( 'NONE',  ( -0.000000000000000000, -1.000000000000000000, -0.000000000000000000 ) ) ;
#6350 = DIRECTION ( 'NONE',  ( -0.8757795372522716448, -0.4330127018922189097, 0.2133312028986786846 ) ) ;
#6351 = AXIS2_PLACEMENT_3D ( 'NONE', #9330, #8334, #1985 ) ;
#6352 = EDGE_LOOP ( 'NONE', ( #6440, #2531, #2854, #1544, #1465, #7085, #1353, #4643 ) ) ;
#6354 = EDGE_CURVE ( 'NONE', #2906, #8539, #2303, .T. ) ;
#6353 = DIRECTION ( 'NONE',  ( 0.000000000000000000, 0.000000000000000000, 1.000000000000000000 ) ) ;
#6355 = ORIENTED_EDGE ( 'NONE', *, *, #3284, .F. ) ;
#6356 = ADVANCED_FACE ( 'NONE', ( #7980 ), #6416, .T. ) ;
#6357 = AXIS2_PLACEMENT_3D ( 'NONE', #9941, #7591, #459 ) ;
#6358 = ORIENTED_EDGE ( 'NONE', *, *, #3727, .F. ) ;
#6359 = CARTESIAN_POINT ( 'NONE',  ( -45.46633369868351338, 0.000000000000000000, 42.49999999999998579 ) ) ;
#6360 = CARTESIAN_POINT ( 'NONE',  ( 41.13620667976131529, 6.000000000000005329, -28.74999999999999289 ) ) ;
#6361 = ORIENTED_EDGE ( 'NONE', *, *, #8540, .T. ) ;
#6362 = VECTOR ( 'NONE', #3399, 1000.000000000000000 ) ;
#6363 = AXIS2_PLACEMENT_3D ( 'NONE', #7524, #2010, #8463 ) ;
#6364 = EDGE_LOOP ( 'NONE', ( #1413, #5509, #10225 ) ) ;
#6365 = DIRECTION ( 'NONE',  ( 0.000000000000000000, -1.000000000000000000, 0.000000000000000000 ) ) ;
#6366 = CARTESIAN_POINT ( 'NONE',  ( 84.54495013174026496, -11.20345065570468535, -55.36244354894027708 ) ) ;
#6367 = ORIENTED_EDGE ( 'NONE', *, *, #8739, .F. ) ;
#6368 = CARTESIAN_POINT ( 'NONE',  ( -50.00000000000000000, 147.4213562373095385, 25.89745962155734205 ) ) ;
#6369 = EDGE_LOOP ( 'NONE', ( #8614, #6795, #4620, #412 ) ) ;
#6370 = ADVANCED_FACE ( 'NONE', ( #7035 ), #2406, .T. ) ;
#6371 = VERTEX_POINT ( 'NONE', #7875 ) ;
#6372 = ADVANCED_FACE ( 'NONE', ( #4520 ), #5582, .T. ) ;
#6373 = ADVANCED_FACE ( 'NONE', ( #1523 ), #2116, .T. ) ;
#6374 = VERTEX_POINT ( 'NONE', #10042 ) ;
#6375 = AXIS2_PLACEMENT_3D ( 'NONE', #8117, #980, #7595 ) ;
#6376 = CARTESIAN_POINT ( 'NONE',  ( -32.47595264191693332, 0.000000000000000000, 7.500000000000000888 ) ) ;
#6377 = VECTOR ( 'NONE', #7525, 1000.000000000000000 ) ;
#6378 = CARTESIAN_POINT ( 'NONE',  ( -50.00000000000000000, 6.000000000000000000, 50.00000000000000000 ) ) ;
#6379 = EDGE_CURVE ( 'NONE', #8212, #790, #4812, .T. ) ;
#6380 = CARTESIAN_POINT ( 'NONE',  ( -60.42191776730651043, 13.49999999999923084, 91.53084647020840237 ) ) ;
#6381 = VERTEX_POINT ( 'NONE', #8706 ) ;
#6382 = CYLINDRICAL_SURFACE ( 'NONE', #2045, 51.96152422706639129 ) ;
#6383 = DIRECTION ( 'NONE',  ( 0.3420201433256876422, -0.000000000000000000, 0.9396926207859014335 ) ) ;
#6384 = EDGE_CURVE ( 'NONE', #3781, #2848, #9439, .T. ) ;
#6385 = CARTESIAN_POINT ( 'NONE',  ( 32.47595264191693332, 6.000000000000005329, -28.74999999999999289 ) ) ;
#6386 = DIRECTION ( 'NONE',  ( -0.3420201433256701562, 1.073360150760649232E-14, -0.9396926207859078728 ) ) ;
#6387 = ORIENTED_EDGE ( 'NONE', *, *, #6584, .T. ) ;
#6389 = AXIS2_PLACEMENT_3D ( 'NONE', #5664, #3949, #8785 ) ;
#6388 = DIRECTION ( 'NONE',  ( -0.000000000000000000, -1.000000000000000000, -0.000000000000000000 ) ) ;
#6390 = ORIENTED_EDGE ( 'NONE', *, *, #7810, .F. ) ;
#6391 = CARTESIAN_POINT ( 'NONE',  ( -50.00000000000000000, 6.000000000000005329, 25.89745962155734205 ) ) ;
#6392 = DIRECTION ( 'NONE',  ( 0.4698463103929532703, 0.8660254037844400399, -0.1710100716628305539 ) ) ;
#6393 = ORIENTED_EDGE ( 'NONE', *, *, #5657, .F. ) ;
#6394 = LINE ( 'NONE', #10206, #3374 ) ;
#6395 = CARTESIAN_POINT ( 'NONE',  ( -25.98076211353308906, 147.4213562373095385, -15.00000000000011546 ) ) ;
#6396 = CIRCLE ( 'NONE', #8558, 3.600000000000003197 ) ;
#6397 = DIRECTION ( 'NONE',  ( -0.5000000000000000000, 0.000000000000000000, 0.8660254037844385966 ) ) ;
#6398 = CARTESIAN_POINT ( 'NONE',  ( -84.54495013174026496, -11.20345065570468535, -55.36244354894027708 ) ) ;
#6399 = DIRECTION ( 'NONE',  ( 0.5000000000000004441, 0.000000000000000000, 0.8660254037844383745 ) ) ;
#6400 = ORIENTED_EDGE ( 'NONE', *, *, #5244, .T. ) ;
#6401 = CARTESIAN_POINT ( 'NONE',  ( -2.053814751474071443, 147.4213562373095385, 28.74999999999999645 ) ) ;
#6402 = VECTOR ( 'NONE', #7279, 1000.000000000000114 ) ;
#6403 = PLANE ( 'NONE',  #1255 ) ;
#6404 = CIRCLE ( 'NONE', #8063, 1.249999999999995559 ) ;
#6405 = EDGE_CURVE ( 'NONE', #9986, #706, #5736, .T. ) ;
#6406 = ADVANCED_FACE ( 'NONE', ( #3976 ), #3140, .F. ) ;
#6407 = LINE ( 'NONE', #2995, #2884 ) ;
#6408 = CARTESIAN_POINT ( 'NONE',  ( 66.05925076837610277, 5.499999999999678479, 65.91404579887013426 ) ) ;
#6409 = AXIS2_PLACEMENT_3D ( 'NONE', #500, #7633, #9206 ) ;
#6410 = CARTESIAN_POINT ( 'NONE',  ( 48.21495254706554334, 6.000000000000000000, 87.08787447931756276 ) ) ;
#6411 = EDGE_LOOP ( 'NONE', ( #5349, #5649 ) ) ;
#6412 = CARTESIAN_POINT ( 'NONE',  ( -14.07291281149736051, 147.4213562373095385, -39.37499999999995737 ) ) ;
#6413 = VECTOR ( 'NONE', #4535, 1000.000000000000000 ) ;
#6414 = CARTESIAN_POINT ( 'NONE',  ( -41.13620667976131529, 0.000000000000000000, -7.500000000000000000 ) ) ;
#6415 = ORIENTED_EDGE ( 'NONE', *, *, #3724, .T. ) ;
#6416 = PLANE ( 'NONE',  #4584 ) ;
#6417 = AXIS2_PLACEMENT_3D ( 'NONE', #4026, #1726, #1680 ) ;
#6418 = EDGE_CURVE ( 'NONE', #2129, #7905, #791, .T. ) ;
#6419 = LINE ( 'NONE', #2514, #2321 ) ;
#6420 = ORIENTED_EDGE ( 'NONE', *, *, #2445, .F. ) ;
#6421 = ORIENTED_EDGE ( 'NONE', *, *, #8307, .F. ) ;
#6422 = CARTESIAN_POINT ( 'NONE',  ( 32.47595264191693332, 6.000000000000005329, 7.500000000000000888 ) ) ;
#6423 = ORIENTED_EDGE ( 'NONE', *, *, #4229, .T. ) ;
#6424 = CARTESIAN_POINT ( 'NONE',  ( -66.55495653808422674, 15.21673546576062286, -83.37431452178670099 ) ) ;
#6425 = VERTEX_POINT ( 'NONE', #7141 ) ;
#6426 = AXIS2_PLACEMENT_3D ( 'NONE', #7008, #3947, #666 ) ;
#6427 = VERTEX_POINT ( 'NONE', #58 ) ;
#6428 = ORIENTED_EDGE ( 'NONE', *, *, #6019, .T. ) ;
#6429 = DIRECTION ( 'NONE',  ( 0.000000000000000000, 0.000000000000000000, 1.000000000000000000 ) ) ;
#6430 = DIRECTION ( 'NONE',  ( -0.000000000000000000, -1.000000000000000000, -0.000000000000000000 ) ) ;
#6431 = CARTESIAN_POINT ( 'NONE',  ( 29.89192540169685586, 147.4213562373095385, -24.27433353179683806 ) ) ;
#6432 = ORIENTED_EDGE ( 'NONE', *, *, #5742, .F. ) ;
#6433 = CARTESIAN_POINT ( 'NONE',  ( -48.34702753535164277, 0.000000000000000000, -45.57614877529346842 ) ) ;
#6434 = CARTESIAN_POINT ( 'NONE',  ( 41.13620667976131529, 147.4213562373095385, 34.99999999999999289 ) ) ;
#6435 = EDGE_CURVE ( 'NONE', #7672, #9250, #6466, .T. ) ;
#6436 = ORIENTED_EDGE ( 'NONE', *, *, #1409, .T. ) ;
#6437 = CARTESIAN_POINT ( 'NONE',  ( 22.73316684934198051, 6.000000000000005329, 45.62499999999995737 ) ) ;
#6438 = DIRECTION ( 'NONE',  ( -0.5000000000000000000, 0.000000000000000000, 0.8660254037844385966 ) ) ;
#6439 = EDGE_CURVE ( 'NONE', #1234, #3153, #588, .T. ) ;
#6440 = ORIENTED_EDGE ( 'NONE', *, *, #104, .T. ) ;
#6441 = CARTESIAN_POINT ( 'NONE',  ( -48.34702753535164277, 0.000000000000000000, -51.07614877529346842 ) ) ;
#6442 = VERTEX_POINT ( 'NONE', #8134 ) ;
#6443 = DIRECTION ( 'NONE',  ( 0.000000000000000000, 1.000000000000000000, 0.000000000000000000 ) ) ;
#6444 = CARTESIAN_POINT ( 'NONE',  ( -4.330127018922264703, 6.000000000000005329, 13.74999999999999822 ) ) ;
#6445 = ORIENTED_EDGE ( 'NONE', *, *, #3017, .T. ) ;
#6446 = AXIS2_PLACEMENT_3D ( 'NONE', #7615, #8246, #486 ) ;
#6447 = PLANE ( 'NONE',  #7530 ) ;
#6448 = CARTESIAN_POINT ( 'NONE',  ( -35.52517649845233905, 6.000000000000005329, -7.500000000000000000 ) ) ;
#6449 = EDGE_CURVE ( 'NONE', #8163, #1697, #6404, .T. ) ;
#6450 = CARTESIAN_POINT ( 'NONE',  ( 25.98076211353308551, 6.000000000000005329, -15.00000000000013323 ) ) ;
#6451 = DIRECTION ( 'NONE',  ( 0.000000000000000000, 0.000000000000000000, -1.000000000000000000 ) ) ;
#6452 = CARTESIAN_POINT ( 'NONE',  ( -28.14582562299473878, 147.4213562373095385, 42.49999999999998579 ) ) ;
#6453 = EDGE_LOOP ( 'NONE', ( #5949, #7719, #9726, #615 ) ) ;
#6454 = LINE ( 'NONE', #6401, #1811 ) ;
#6455 = CARTESIAN_POINT ( 'NONE',  ( -66.00000000000132161, 0.000000000000000000, 38.22385819845064958 ) ) ;
#6456 = EDGE_CURVE ( 'NONE', #1396, #7192, #8919, .T. ) ;
#6457 = VECTOR ( 'NONE', #8322, 1000.000000000000114 ) ;
#6458 = ADVANCED_FACE ( 'NONE', ( #5013 ), #8187, .T. ) ;
#6459 = FACE_BOUND ( 'NONE', #6566, .T. ) ;
#6460 = DIRECTION ( 'NONE',  ( -0.000000000000000000, -1.000000000000000000, -0.000000000000000000 ) ) ;
#6461 = LINE ( 'NONE', #4073, #1546 ) ;
#6462 = ORIENTED_EDGE ( 'NONE', *, *, #8586, .T. ) ;
#6463 = APPROVAL_STATUS ( 'not_yet_approved' ) ;
#6464 = CARTESIAN_POINT ( 'NONE',  ( -28.14582562299473878, 147.4213562373095385, 21.24999999999999289 ) ) ;
#6465 = ORIENTED_EDGE ( 'NONE', *, *, #5555, .T. ) ;
#6466 = LINE ( 'NONE', #4292, #2925 ) ;
#6468 = VECTOR ( 'NONE', #8148, 1000.000000000000000 ) ;
#6467 = CARTESIAN_POINT ( 'NONE',  ( -32.47595264191693332, 6.000000000000005329, 49.99999999999998579 ) ) ;
#6469 = ORIENTED_EDGE ( 'NONE', *, *, #9294, .T. ) ;
#6470 = AXIS2_PLACEMENT_3D ( 'NONE', #3510, #4286, #7554 ) ;
#6471 = ORIENTED_EDGE ( 'NONE', *, *, #9467, .T. ) ;
#6472 = PLANE ( 'NONE',  #452 ) ;
#6473 = ORIENTED_EDGE ( 'NONE', *, *, #848, .T. ) ;
#6474 = LINE ( 'NONE', #8927, #6799 ) ;
#6475 = ORIENTED_EDGE ( 'NONE', *, *, #7824, .F. ) ;
#6476 = AXIS2_PLACEMENT_3D ( 'NONE', #9815, #2840, #5231 ) ;
#6477 = VERTEX_POINT ( 'NONE', #944 ) ;
#6478 = DIRECTION ( 'NONE',  ( 0.000000000000000000, 0.000000000000000000, -1.000000000000000000 ) ) ;
#6479 = CARTESIAN_POINT ( 'NONE',  ( 9.742785792574935044, 6.000000000000005329, 10.62499999999999822 ) ) ;
#6480 = AXIS2_PLACEMENT_3D ( 'NONE', #4787, #8634, #7953 ) ;
#6481 = CARTESIAN_POINT ( 'NONE',  ( -63.39065261137343299, 13.49999999999931433, -83.37431452178670099 ) ) ;
#6482 = EDGE_LOOP ( 'NONE', ( #7693, #4030 ) ) ;
#6483 = DIRECTION ( 'NONE',  ( -0.8660254037844385966, 0.000000000000000000, -0.5000000000000003331 ) ) ;
#6484 = CARTESIAN_POINT ( 'NONE',  ( 49.99999999999997158, 147.4213562373095385, 4.647459621557030296 ) ) ;
#6485 = ORIENTED_EDGE ( 'NONE', *, *, #5333, .F. ) ;
#6486 = CARTESIAN_POINT ( 'NONE',  ( 32.47595264191693332, 6.000000000000005329, 49.99999999999998579 ) ) ;
#6487 = PLANE ( 'NONE',  #9591 ) ;
#6488 = ADVANCED_FACE ( 'NONE', ( #327, #5634 ), #8866, .T. ) ;
#6489 = EDGE_LOOP ( 'NONE', ( #1492, #4318, #3096, #2741 ) ) ;
#6490 = DIRECTION ( 'NONE',  ( -0.8660254037844387076, 0.000000000000000000, 0.5000000000000001110 ) ) ;
#6491 = ORIENTED_EDGE ( 'NONE', *, *, #9948, .T. ) ;
#6492 = CARTESIAN_POINT ( 'NONE',  ( 41.13620667976130818, 0.000000000000000000, 50.00000000000000000 ) ) ;
#6493 = LINE ( 'NONE', #8951, #7816 ) ;
#6494 = ORIENTED_EDGE ( 'NONE', *, *, #7771, .T. ) ;
#6495 = ADVANCED_FACE ( 'NONE', ( #3517, #1783 ), #7350, .F. ) ;
#6496 = FACE_BOUND ( 'NONE', #4986, .T. ) ;
#6497 = EDGE_CURVE ( 'NONE', #8979, #1810, #6396, .T. ) ;
#6498 = DIRECTION ( 'NONE',  ( 1.000000000000000000, 0.000000000000000000, 0.000000000000000000 ) ) ;
#6499 = CARTESIAN_POINT ( 'NONE',  ( 24.25777877760970824, 6.000000000000005329, -27.01570532158559956 ) ) ;
#6500 = CARTESIAN_POINT ( 'NONE',  ( 75.46725468460070374, 16.83809673897978954, 67.09883832977484985 ) ) ;
#6501 = DIRECTION ( 'NONE',  ( 0.000000000000000000, 0.9678453296402135253, -0.2515460552138042982 ) ) ;
#6502 = CARTESIAN_POINT ( 'NONE',  ( -62.66774172871038218, 7.283264534238679033, -84.26290891996461596 ) ) ;
#6503 = ORIENTED_EDGE ( 'NONE', *, *, #583, .T. ) ;
#6504 = AXIS2_PLACEMENT_3D ( 'NONE', #6861, #513, #5304 ) ;
#6505 = CARTESIAN_POINT ( 'NONE',  ( -27.06329386826395123, 147.4213562373095385, 31.87499999999995737 ) ) ;
#6506 = PLANE ( 'NONE',  #6242 ) ;
#6507 = EDGE_CURVE ( 'NONE', #7239, #1407, #6572, .T. ) ;
#6508 = PLANE ( 'NONE',  #8694 ) ;
#6509 = EDGE_CURVE ( 'NONE', #2957, #3530, #6622, .T. ) ;
#6510 = AXIS2_PLACEMENT_3D ( 'NONE', #4729, #7750, #9513 ) ;
#6511 = LINE ( 'NONE', #9693, #5022 ) ;
#6512 = CARTESIAN_POINT ( 'NONE',  ( -70.99180026031160651, 17.25833024919705139, 81.52318550399951391 ) ) ;
#6513 = ORIENTED_EDGE ( 'NONE', *, *, #896, .F. ) ;
#6514 = EDGE_CURVE ( 'NONE', #1760, #3672, #4910, .T. ) ;
#6515 = DIRECTION ( 'NONE',  ( -0.5337593939265715681, 0.4330127018922132476, -0.7263614178872279670 ) ) ;
#6517 = ORIENTED_EDGE ( 'NONE', *, *, #6543, .F. ) ;
#6516 = ADVANCED_FACE ( 'NONE', ( #4078 ), #2672, .F. ) ;
#6518 = CARTESIAN_POINT ( 'NONE',  ( 32.47595264191693332, 0.000000000000000000, 28.74999999999999289 ) ) ;
#6519 = CARTESIAN_POINT ( 'NONE',  ( 49.99999999999999289, 6.000000000000000000, 4.647459621556978782 ) ) ;
#6520 = ORIENTED_EDGE ( 'NONE', *, *, #8344, .T. ) ;
#6521 = AXIS2_PLACEMENT_3D ( 'NONE', #3714, #875, #8637 ) ;
#6522 = ORIENTED_EDGE ( 'NONE', *, *, #9381, .T. ) ;
#6523 = CARTESIAN_POINT ( 'NONE',  ( -25.25907427704661501, 147.4213562373095385, 50.00000000000000000 ) ) ;
#6524 = VERTEX_POINT ( 'NONE', #114 ) ;
#6525 = CARTESIAN_POINT ( 'NONE',  ( 4.330127018922047100, 0.000000000000000000, 50.00000000000000000 ) ) ;
#6526 = ORIENTED_EDGE ( 'NONE', *, *, #3815, .T. ) ;
#6527 = AXIS2_PLACEMENT_3D ( 'NONE', #1117, #8408, #597 ) ;
#6528 = ORIENTED_EDGE ( 'NONE', *, *, #2367, .T. ) ;
#6529 = AXIS2_PLACEMENT_3D ( 'NONE', #9512, #5448, #7054 ) ;
#6530 = CARTESIAN_POINT ( 'NONE',  ( -32.47595264191693332, 147.4213562373095385, 34.99999999999999289 ) ) ;
#6531 = DIRECTION ( 'NONE',  ( -0.4999999999999997224, 0.000000000000000000, 0.8660254037844388186 ) ) ;
#6532 = DIRECTION ( 'NONE',  ( -0.000000000000000000, -1.000000000000000000, -0.000000000000000000 ) ) ;
#6533 = EDGE_CURVE ( 'NONE', #715, #5221, #3297, .T. ) ;
#6534 = EDGE_LOOP ( 'NONE', ( #8190, #6167, #5732, #1152 ) ) ;
#6535 = EDGE_CURVE ( 'NONE', #6228, #5571, #3351, .T. ) ;
#6536 = FACE_OUTER_BOUND ( 'NONE', #3869, .T. ) ;
#6537 = DIRECTION ( 'NONE',  ( -0.000000000000000000, -1.000000000000000000, -0.000000000000000000 ) ) ;
#6538 = ORIENTED_EDGE ( 'NONE', *, *, #7301, .F. ) ;
#6539 = LINE ( 'NONE', #8941, #3428 ) ;
#6540 = CARTESIAN_POINT ( 'NONE',  ( 41.13620667976131529, 0.000000000000000000, 34.99999999999999289 ) ) ;
#6541 = EDGE_LOOP ( 'NONE', ( #7670, #3362, #6782, #4341 ) ) ;
#6542 = VECTOR ( 'NONE', #1764, 999.9999999999998863 ) ;
#6543 = EDGE_CURVE ( 'NONE', #7028, #4196, #9701, .T. ) ;
#6544 = ORIENTED_EDGE ( 'NONE', *, *, #848, .F. ) ;
#6545 = DIRECTION ( 'NONE',  ( -0.3420201433256701562, 1.073360150760649390E-14, -0.9396926207859078728 ) ) ;
#6546 = ORIENTED_EDGE ( 'NONE', *, *, #664, .T. ) ;
#6547 = CARTESIAN_POINT ( 'NONE',  ( 9.742785792574935044, 0.000000000000000000, -10.62499999999999822 ) ) ;
#6548 = DIRECTION ( 'NONE',  ( 0.5000000000000004441, 0.000000000000000000, -0.8660254037844383745 ) ) ;
#6549 = ORIENTED_EDGE ( 'NONE', *, *, #7521, .T. ) ;
#6550 = EDGE_CURVE ( 'NONE', #8562, #3410, #2564, .T. ) ;
#6551 = CARTESIAN_POINT ( 'NONE',  ( -5.898950814473804094, 6.000000000000005329, 26.03271747798169855 ) ) ;
#6552 = DIRECTION ( 'NONE',  ( 0.4698463103929487183, 0.8660254037844400399, 0.1710100716628430717 ) ) ;
#6553 = PLANE ( 'NONE',  #585 ) ;
#6554 = FACE_BOUND ( 'NONE', #7125, .T. ) ;
#6555 = CARTESIAN_POINT ( 'NONE',  ( 8.660254037844314468, 6.000000000000005329, 21.25000000000000000 ) ) ;
#6556 = DIRECTION ( 'NONE',  ( -0.000000000000000000, -1.000000000000000000, -0.000000000000000000 ) ) ;
#6557 = ORIENTED_EDGE ( 'NONE', *, *, #9442, .F. ) ;
#6558 = CARTESIAN_POINT ( 'NONE',  ( 32.47595264191693332, 147.4213562373095385, -28.74999999999999289 ) ) ;
#6559 = PLANE ( 'NONE',  #2756 ) ;
#6560 = VECTOR ( 'NONE', #87, 1000.000000000000000 ) ;
#6561 = LINE ( 'NONE', #3451, #1882 ) ;
#6562 = CARTESIAN_POINT ( 'NONE',  ( 25.25907427704662922, 0.000000000000000000, -50.00000000000000000 ) ) ;
#6563 = EDGE_CURVE ( 'NONE', #4675, #2182, #3587, .T. ) ;
#6564 = CARTESIAN_POINT ( 'NONE',  ( 78.55942538675439835, 20.99999999999937828, -79.67978713415917014 ) ) ;
#6565 = ADVANCED_FACE ( 'NONE', ( #481 ), #8498, .T. ) ;
#6566 = EDGE_LOOP ( 'NONE', ( #3179, #7985, #1274 ) ) ;
#6567 = PERSON_AND_ORGANIZATION_ROLE ( 'design_owner' ) ;
#6568 = VECTOR ( 'NONE', #8526, 1000.000000000000000 ) ;
#6569 = CARTESIAN_POINT ( 'NONE',  ( 4.330127018922120818, 0.000000000000000000, 13.74999999999999822 ) ) ;
#6570 = ORIENTED_EDGE ( 'NONE', *, *, #4878, .T. ) ;
#6571 = ADVANCED_FACE ( 'NONE', ( #6879 ), #1153, .F. ) ;
#6572 = LINE ( 'NONE', #4131, #10071 ) ;
#6573 = LINE ( 'NONE', #2818, #4337 ) ;
#6574 = ORIENTED_EDGE ( 'NONE', *, *, #7456, .T. ) ;
#6575 = VECTOR ( 'NONE', #3270, 1000.000000000000000 ) ;
#6576 = EDGE_CURVE ( 'NONE', #5167, #9423, #4345, .T. ) ;
#6577 = VECTOR ( 'NONE', #1502, 1000.000000000000000 ) ;
#6578 = ORIENTED_EDGE ( 'NONE', *, *, #5996, .T. ) ;
#6579 = PLANE ( 'NONE',  #4944 ) ;
#6580 = VERTEX_POINT ( 'NONE', #2042 ) ;
#6581 = CARTESIAN_POINT ( 'NONE',  ( 48.32614877529362474, 0.000000000000000000, -51.09702753535148645 ) ) ;
#6582 = EDGE_LOOP ( 'NONE', ( #219, #6774, #9834, #8515 ) ) ;
#6583 = VECTOR ( 'NONE', #5754, 1000.000000000000000 ) ;
#6584 = EDGE_CURVE ( 'NONE', #7861, #2627, #8341, .T. ) ;
#6585 = FACE_BOUND ( 'NONE', #2745, .T. ) ;
#6586 = LINE ( 'NONE', #4875, #6583 ) ;
#6587 = CARTESIAN_POINT ( 'NONE',  ( -14.07291281149736051, 147.4213562373095385, 39.37499999999995737 ) ) ;
#6588 = VECTOR ( 'NONE', #9533, 1000.000000000000227 ) ;
#6589 = ORIENTED_EDGE ( 'NONE', *, *, #67, .F. ) ;
#6590 = DIRECTION ( 'NONE',  ( 0.3420201433256876422, 0.000000000000000000, 0.9396926207859014335 ) ) ;
#6591 = LINE ( 'NONE', #5601, #5499 ) ;
#6592 = ORIENTED_EDGE ( 'NONE', *, *, #8430, .F. ) ;
#6593 = CARTESIAN_POINT ( 'NONE',  ( 77.96702912130204766, 14.99999999999994316, 81.30738249685771279 ) ) ;
#6594 = FACE_BOUND ( 'NONE', #7354, .T. ) ;
#6595 = ORIENTED_EDGE ( 'NONE', *, *, #8722, .F. ) ;
#6596 = ORIENTED_EDGE ( 'NONE', *, *, #8858, .T. ) ;
#6597 = PLANE ( 'NONE',  #4901 ) ;
#6598 = VERTEX_POINT ( 'NONE', #6929 ) ;
#6599 = CARTESIAN_POINT ( 'NONE',  ( -45.46633369868351338, 6.000000000000005329, -21.24999999999999289 ) ) ;
#6600 = DIRECTION ( 'NONE',  ( -0.000000000000000000, -1.000000000000000000, -0.000000000000000000 ) ) ;
#6601 = VERTEX_POINT ( 'NONE', #2145 ) ;
#6602 = DIRECTION ( 'NONE',  ( -0.8660254037844387076, 0.000000000000000000, 0.5000000000000001110 ) ) ;
#6603 = CARTESIAN_POINT ( 'NONE',  ( 9.742785792574935044, 147.4213562373095385, 10.62499999999999822 ) ) ;
#6604 = CARTESIAN_POINT ( 'NONE',  ( -41.13620667976131529, 0.000000000000000000, 7.500000000000000000 ) ) ;
#6605 = DIRECTION ( 'NONE',  ( -0.8789733129752218543, 0.4768709627114682825, 0.000000000000000000 ) ) ;
#6606 = DIRECTION ( 'NONE',  ( -0.1107007079486442697, -0.2499999999999861500, -0.9618967477123914200 ) ) ;
#6607 = LINE ( 'NONE', #7390, #8469 ) ;
#6608 = EDGE_CURVE ( 'NONE', #1734, #3833, #5273, .T. ) ;
#6609 = EDGE_LOOP ( 'NONE', ( #4215, #1016, #3003, #7089 ) ) ;
#6610 = DIRECTION ( 'NONE',  ( -0.9396926207859068736, 0.000000000000000000, -0.3420201433256732093 ) ) ;
#6611 = CARTESIAN_POINT ( 'NONE',  ( 4.330127018922047100, 6.000000000000005329, -34.99999999999999289 ) ) ;
#6612 = AXIS2_PLACEMENT_3D ( 'NONE', #8173, #7333, #2549 ) ;
#6613 = DIRECTION ( 'NONE',  ( 0.000000000000000000, 0.000000000000000000, 1.000000000000000000 ) ) ;
#6614 = CARTESIAN_POINT ( 'NONE',  ( 8.660254037844314468, 147.4213562373095385, 21.25000000000000000 ) ) ;
#6615 = EDGE_CURVE ( 'NONE', #847, #6014, #2829, .T. ) ;
#6616 = DIRECTION ( 'NONE',  ( -0.5000000000000024425, 0.000000000000000000, 0.8660254037844372643 ) ) ;
#6617 = AXIS2_PLACEMENT_3D ( 'NONE', #3956, #1507, #4689 ) ;
#6618 = VERTEX_POINT ( 'NONE', #426 ) ;
#6619 = CALENDAR_DATE ( 2026, 3, 4 ) ;
#6620 = CARTESIAN_POINT ( 'NONE',  ( -100.0730928421691743, 24.75833024919774772, -69.98939073521847831 ) ) ;
#6621 = EDGE_LOOP ( 'NONE', ( #2877, #4524 ) ) ;
#6622 = LINE ( 'NONE', #5688, #4907 ) ;
#6623 = VECTOR ( 'NONE', #6532, 1000.000000000000000 ) ;
#6624 = ORIENTED_EDGE ( 'NONE', *, *, #6354, .T. ) ;
#6625 = VECTOR ( 'NONE', #3086, 1000.000000000000000 ) ;
#6626 = ORIENTED_EDGE ( 'NONE', *, *, #6059, .F. ) ;
#6627 = CARTESIAN_POINT ( 'NONE',  ( 60.42191776730607700, 13.49999999999996447, 91.53084647020817499 ) ) ;
#6628 = ADVANCED_FACE ( 'NONE', ( #6828 ), #7511, .F. ) ;
#6629 = ORIENTED_EDGE ( 'NONE', *, *, #2697, .T. ) ;
#6630 = CIRCLE ( 'NONE', #5464, 1.249999999999995559 ) ;
#6631 = CARTESIAN_POINT ( 'NONE',  ( -46.54886545341427961, 6.000000000000005329, -31.87499999999998579 ) ) ;
#6632 = ORIENTED_EDGE ( 'NONE', *, *, #400, .F. ) ;
#6633 = AXIS2_PLACEMENT_3D ( 'NONE', #8718, #1794, #6478 ) ;
#6634 = AXIS2_PLACEMENT_3D ( 'NONE', #4022, #3919, #7920 ) ;
#6635 = EDGE_CURVE ( 'NONE', #2375, #7589, #10065, .T. ) ;
#6636 = VECTOR ( 'NONE', #7173, 1000.000000000000227 ) ;
#6637 = FACE_OUTER_BOUND ( 'NONE', #3193, .T. ) ;
#6638 = ORIENTED_EDGE ( 'NONE', *, *, #8237, .T. ) ;
#6639 = EDGE_CURVE ( 'NONE', #403, #9247, #2094, .T. ) ;
#6640 = DIRECTION ( 'NONE',  ( 0.4698463103929531592, 0.8660254037844399289, -0.1710100716628304984 ) ) ;
#6641 = CARTESIAN_POINT ( 'NONE',  ( -119.1956539752621893, 5.499999999998012257, -80.07702216308493348 ) ) ;
#6642 = ORIENTED_EDGE ( 'NONE', *, *, #8104, .T. ) ;
#6643 = DIRECTION ( 'NONE',  ( 0.5000000000000006661, 0.000000000000000000, 0.8660254037844382635 ) ) ;
#6644 = VECTOR ( 'NONE', #7205, 1000.000000000000000 ) ;
#6645 = DIRECTION ( 'NONE',  ( 0.4698463103929532148, 0.8660254037844399289, 0.1710100716628305262 ) ) ;
#6646 = ORIENTED_EDGE ( 'NONE', *, *, #1219, .T. ) ;
#6647 = DIRECTION ( 'NONE',  ( 1.000000000000000000, 0.000000000000000000, 0.000000000000000000 ) ) ;
#6648 = DIRECTION ( 'NONE',  ( 0.8660254037844347108, 0.000000000000000000, -0.5000000000000067724 ) ) ;
#6649 = EDGE_LOOP ( 'NONE', ( #10260, #7921, #2415, #3903 ) ) ;
#6650 = ORIENTED_EDGE ( 'NONE', *, *, #400, .T. ) ;
#6651 = CARTESIAN_POINT ( 'NONE',  ( 45.46633369868351338, 0.000000000000000000, 21.24999999999999289 ) ) ;
#6652 = ORIENTED_EDGE ( 'NONE', *, *, #7897, .T. ) ;
#6653 = EDGE_CURVE ( 'NONE', #3050, #1600, #9282, .T. ) ;
#6654 = AXIS2_PLACEMENT_3D ( 'NONE', #8762, #5636, #2408 ) ;
#6655 = CARTESIAN_POINT ( 'NONE',  ( -48.21495254706555045, 6.000000000000000000, -87.08787447931756276 ) ) ;
#6656 = CARTESIAN_POINT ( 'NONE',  ( 5.898950814473625570, 147.4213562373095385, 26.03271747798174118 ) ) ;
#6657 = ORIENTED_EDGE ( 'NONE', *, *, #9317, .T. ) ;
#6658 = DIRECTION ( 'NONE',  ( -0.9396926207859069846, 0.000000000000000000, 0.3420201433256724322 ) ) ;
#6659 = CARTESIAN_POINT ( 'NONE',  ( -46.54886545341405935, 0.000000000000000000, -10.62499999999999822 ) ) ;
#6660 = DIRECTION ( 'NONE',  ( -0.8137976813493772443, -0.4999999999999974465, -0.2961981327260184149 ) ) ;
#6661 = DIRECTION ( 'NONE',  ( 0.000000000000000000, 0.000000000000000000, -1.000000000000000000 ) ) ;
#6662 = CARTESIAN_POINT ( 'NONE',  ( 3.673940397442059967E-15, 147.4213562373095385, 30.00000000000000000 ) ) ;
#6663 = AXIS2_PLACEMENT_3D ( 'NONE', #9263, #8475, #4672 ) ;
#6664 = DIRECTION ( 'NONE',  ( 0.9396926207859068736, 0.000000000000000000, -0.3420201433256732093 ) ) ;
#6665 = ORIENTED_EDGE ( 'NONE', *, *, #2193, .F. ) ;
#6666 = DIRECTION ( 'NONE',  ( 0.000000000000000000, -0.000000000000000000, 1.000000000000000000 ) ) ;
#6667 = DIRECTION ( 'NONE',  ( 0.5000000000000003331, 0.000000000000000000, 0.8660254037844383745 ) ) ;
#6668 = FACE_BOUND ( 'NONE', #4185, .T. ) ;
#6669 = DIRECTION ( 'NONE',  ( 1.000000000000000000, 0.000000000000000000, 1.001543065824772975E-16 ) ) ;
#6670 = CARTESIAN_POINT ( 'NONE',  ( 49.99999999999997158, 0.000000000000000000, 25.89745962155742021 ) ) ;
#6671 = ORIENTED_EDGE ( 'NONE', *, *, #6695, .F. ) ;
#6672 = DIRECTION ( 'NONE',  ( 0.5000000000000001110, 0.000000000000000000, -0.8660254037844387076 ) ) ;
#6673 = ORIENTED_EDGE ( 'NONE', *, *, #7075, .F. ) ;
#6674 = DIRECTION ( 'NONE',  ( -0.4698463103929487183, 0.8660254037844400399, 0.1710100716628430717 ) ) ;
#6675 = ORIENTED_EDGE ( 'NONE', *, *, #2087, .F. ) ;
#6676 = EDGE_CURVE ( 'NONE', #8990, #5621, #6778, .T. ) ;
#6677 = CARTESIAN_POINT ( 'NONE',  ( -45.46633369868351338, 147.4213562373095385, -4.592625337882893652E-17 ) ) ;
#6678 = ORIENTED_EDGE ( 'NONE', *, *, #5181, .T. ) ;
#6679 = CARTESIAN_POINT ( 'NONE',  ( -60.42191776730651043, 13.49999999999923084, -91.53084647020840237 ) ) ;
#6680 = EDGE_LOOP ( 'NONE', ( #3304, #860, #1266, #6749 ) ) ;
#6681 = DIRECTION ( 'NONE',  ( -0.000000000000000000, -1.000000000000000000, -0.000000000000000000 ) ) ;
#6682 = EDGE_LOOP ( 'NONE', ( #4476, #624, #9975, #1563 ) ) ;
#6683 = CARTESIAN_POINT ( 'NONE',  ( -78.20696522024182684, 13.49999999999995026, 42.66683018934125471 ) ) ;
#6684 = DIRECTION ( 'NONE',  ( -0.5000000000000001110, 0.000000000000000000, 0.8660254037844387076 ) ) ;
#6685 = VECTOR ( 'NONE', #2190, 1000.000000000000000 ) ;
#6686 = EDGE_LOOP ( 'NONE', ( #9494, #9078, #5225, #8822 ) ) ;
#6687 = CARTESIAN_POINT ( 'NONE',  ( -100.0730928421691743, 24.75833024919774772, 69.98939073521847831 ) ) ;
#6688 = CARTESIAN_POINT ( 'NONE',  ( 87.70925405845105161, -9.486715189943387472, 55.36244354894027708 ) ) ;
#6689 = EDGE_LOOP ( 'NONE', ( #9177, #10099, #3942, #2793 ) ) ;
#6690 = DIRECTION ( 'NONE',  ( -0.4999999999999998890, 0.000000000000000000, 0.8660254037844385966 ) ) ;
#6691 = ADVANCED_FACE ( 'NONE', ( #1994 ), #5170, .T. ) ;
#6692 = CARTESIAN_POINT ( 'NONE',  ( -118.2462233470211572, 2.249999999998087308, 80.42258665126527717 ) ) ;
#6693 = EDGE_LOOP ( 'NONE', ( #2889, #8681, #1052, #7391 ) ) ;
#6694 = VECTOR ( 'NONE', #7606, 1000.000000000000000 ) ;
#6695 = EDGE_CURVE ( 'NONE', #3064, #6241, #3673, .T. ) ;
#6696 = EDGE_CURVE ( 'NONE', #4822, #7519, #9963, .T. ) ;
#6697 = AXIS2_PLACEMENT_3D ( 'NONE', #8153, #8882, #1066 ) ;
#6698 = ORIENTED_EDGE ( 'NONE', *, *, #2493, .T. ) ;
#6699 = DIRECTION ( 'NONE',  ( -0.4698463103929531592, 0.8660254037844399289, -0.1710100716628304984 ) ) ;
#6700 = EDGE_LOOP ( 'NONE', ( #2305, #1118, #503, #7983 ) ) ;
#6701 = EDGE_CURVE ( 'NONE', #3767, #4485, #9079, .T. ) ;
#6702 = DIRECTION ( 'NONE',  ( -0.5000000000000008882, 0.000000000000000000, 0.8660254037844380415 ) ) ;
#6703 = CARTESIAN_POINT ( 'NONE',  ( 48.18039637606665337, 4.500000000000014211, 87.18281677883985026 ) ) ;
#6704 = ORIENTED_EDGE ( 'NONE', *, *, #4041, .T. ) ;
#6705 = LINE ( 'NONE', #3751, #6785 ) ;
#6706 = ADVANCED_FACE ( 'NONE', ( #1360 ), #7716, .T. ) ;
#6707 = CIRCLE ( 'NONE', #8197, 3.600000000000002309 ) ;
#6708 = LINE ( 'NONE', #6090, #10028 ) ;
#6709 = LINE ( 'NONE', #9887, #4194 ) ;
#6710 = DIRECTION ( 'NONE',  ( -1.000000000000000000, -0.000000000000000000, -0.000000000000000000 ) ) ;
#6711 = CYLINDRICAL_SURFACE ( 'NONE', #2725, 2.249999999999988898 ) ;
#6712 = DIRECTION ( 'NONE',  ( 0.8789733129752218543, -0.4768709627114682825, 0.000000000000000000 ) ) ;
#6713 = CARTESIAN_POINT ( 'NONE',  ( -46.40590262964586543, 0.000000000000000000, 66.00000000000000000 ) ) ;
#6714 = EDGE_LOOP ( 'NONE', ( #9146, #952, #1104, #9706 ) ) ;
#6715 = FACE_OUTER_BOUND ( 'NONE', #599, .T. ) ;
#6716 = CARTESIAN_POINT ( 'NONE',  ( 23.87132298306551803, 0.000000000000000000, -16.15365574944389948 ) ) ;
#6717 = PLANE ( 'NONE',  #3722 ) ;
#6718 = CARTESIAN_POINT ( 'NONE',  ( 25.25907427704662922, 6.000000000000005329, -50.00000000000000000 ) ) ;
#6719 = ADVANCED_FACE ( 'NONE', ( #8291 ), #1258, .F. ) ;
#6720 = PLANE ( 'NONE',  #2825 ) ;
#6721 = ORIENTED_EDGE ( 'NONE', *, *, #532, .T. ) ;
#6722 = CARTESIAN_POINT ( 'NONE',  ( 4.330127018922120818, 147.4213562373095385, -13.74999999999999822 ) ) ;
#6723 = VERTEX_POINT ( 'NONE', #4800 ) ;
#6724 = DIRECTION ( 'NONE',  ( 0.9396926207859015445, -2.569016047228651574E-15, 0.3420201433256876977 ) ) ;
#6725 = AXIS2_PLACEMENT_3D ( 'NONE', #1074, #242, #5819 ) ;
#6726 = EDGE_CURVE ( 'NONE', #2625, #8990, #9535, .T. ) ;
#6727 = EDGE_CURVE ( 'NONE', #3004, #2249, #5402, .T. ) ;
#6728 = ORIENTED_EDGE ( 'NONE', *, *, #5461, .T. ) ;
#6729 = DIRECTION ( 'NONE',  ( -0.3420201433256879198, 0.000000000000000000, -0.9396926207859014335 ) ) ;
#6730 = ORIENTED_EDGE ( 'NONE', *, *, #3860, .F. ) ;
#6731 = VECTOR ( 'NONE', #1461, 1000.000000000000000 ) ;
#6732 = CARTESIAN_POINT ( 'NONE',  ( -32.47595264191693332, 6.000000000000005329, 13.74999999999999467 ) ) ;
#6733 = ORIENTED_EDGE ( 'NONE', *, *, #1238, .F. ) ;
#6734 = EDGE_CURVE ( 'NONE', #6241, #839, #9334, .T. ) ;
#6735 = VECTOR ( 'NONE', #630, 1000.000000000000114 ) ;
#6736 = FACE_OUTER_BOUND ( 'NONE', #4263, .T. ) ;
#6737 = ORIENTED_EDGE ( 'NONE', *, *, #5207, .T. ) ;
#6738 = AXIS2_PLACEMENT_3D ( 'NONE', #9273, #9224, #1246 ) ;
#6739 = FACE_OUTER_BOUND ( 'NONE', #3991, .T. ) ;
#6740 = DIRECTION ( 'NONE',  ( -0.4698463103929487183, 0.8660254037844400399, 0.1710100716628430717 ) ) ;
#6741 = ORIENTED_EDGE ( 'NONE', *, *, #3625, .F. ) ;
#6742 = CARTESIAN_POINT ( 'NONE',  ( -91.03044906903043909, -1.986715189943720539, 84.21886854533644851 ) ) ;
#6743 = DIRECTION ( 'NONE',  ( 0.8660254037844388186, -0.000000000000000000, 0.4999999999999997224 ) ) ;
#6744 = ORIENTED_EDGE ( 'NONE', *, *, #6854, .F. ) ;
#6745 = CARTESIAN_POINT ( 'NONE',  ( 9.742785792574935044, 0.000000000000000000, 10.62499999999999822 ) ) ;
#6746 = VECTOR ( 'NONE', #3636, 1000.000000000000000 ) ;
#6747 = FACE_BOUND ( 'NONE', #3068, .T. ) ;
#6748 = ORIENTED_EDGE ( 'NONE', *, *, #3037, .F. ) ;
#6749 = ORIENTED_EDGE ( 'NONE', *, *, #7369, .F. ) ;
#6750 = LINE ( 'NONE', #5921, #4743 ) ;
#6751 = ORIENTED_EDGE ( 'NONE', *, *, #654, .F. ) ;
#6752 = CARTESIAN_POINT ( 'NONE',  ( 66.36907817858912040, 2.249999999999781508, 68.68725818513740933 ) ) ;
#6753 = VECTOR ( 'NONE', #4129, 1000.000000000000000 ) ;
#6754 = CARTESIAN_POINT ( 'NONE',  ( 90.41393044048240313, 14.99999999999994316, -47.10980218023188115 ) ) ;
#6755 = VERTEX_POINT ( 'NONE', #9428 ) ;
#6756 = CARTESIAN_POINT ( 'NONE',  ( 74.51531949351219453, 7.283264534238682586, -51.71195653594100605 ) ) ;
#6757 = EDGE_CURVE ( 'NONE', #3259, #2588, #10263, .T. ) ;
#6758 = LINE ( 'NONE', #1545, #1877 ) ;
#6759 = FACE_OUTER_BOUND ( 'NONE', #9226, .T. ) ;
#6760 = LINE ( 'NONE', #1086, #6239 ) ;
#6761 = CARTESIAN_POINT ( 'NONE',  ( -25.98076211353308906, 6.000000000000005329, -15.00000000000011546 ) ) ;
#6762 = EDGE_CURVE ( 'NONE', #3062, #1060, #832, .T. ) ;
#6763 = DIRECTION ( 'NONE',  ( -0.3420201433256701562, 1.073360150760649390E-14, 0.9396926207859079838 ) ) ;
#6764 = ORIENTED_EDGE ( 'NONE', *, *, #5420, .T. ) ;
#6765 = DIRECTION ( 'NONE',  ( 0.8660254037844387076, -0.000000000000000000, 0.4999999999999999445 ) ) ;
#6766 = VECTOR ( 'NONE', #4834, 1000.000000000000227 ) ;
#6767 = CARTESIAN_POINT ( 'NONE',  ( -85.07578430672701586, 14.99999999999994316, 61.77623814447288453 ) ) ;
#6768 = CARTESIAN_POINT ( 'NONE',  ( 95.31102044180072141, -5.728164937518876343, -53.51072870777982615 ) ) ;
#6769 = VECTOR ( 'NONE', #5745, 999.9999999999998863 ) ;
#6770 = ADVANCED_FACE ( 'NONE', ( #4646 ), #3820, .F. ) ;
#6771 = PLANE ( 'NONE',  #7017 ) ;
#6772 = LINE ( 'NONE', #4540, #3551 ) ;
#6773 = DIRECTION ( 'NONE',  ( 0.000000000000000000, 1.000000000000000000, 0.000000000000000000 ) ) ;
#6774 = ORIENTED_EDGE ( 'NONE', *, *, #4917, .F. ) ;
#6775 = EDGE_CURVE ( 'NONE', #5757, #7557, #7866, .T. ) ;
#6776 = CARTESIAN_POINT ( 'NONE',  ( 71.75583453782208210, 8.999999999999966249, 67.98743272795280745 ) ) ;
#6777 = ORIENTED_EDGE ( 'NONE', *, *, #1525, .T. ) ;
#6778 = LINE ( 'NONE', #1311, #3241 ) ;
#6779 = EDGE_CURVE ( 'NONE', #77, #1834, #10213, .T. ) ;
#6780 = ORIENTED_EDGE ( 'NONE', *, *, #5823, .T. ) ;
#6781 = LINE ( 'NONE', #9858, #296 ) ;
#6782 = ORIENTED_EDGE ( 'NONE', *, *, #6103, .T. ) ;
#6783 = DIRECTION ( 'NONE',  ( -0.000000000000000000, -1.000000000000000000, -0.000000000000000000 ) ) ;
#6784 = ORIENTED_EDGE ( 'NONE', *, *, #844, .F. ) ;
#6785 = VECTOR ( 'NONE', #5927, 1000.000000000000000 ) ;
#6786 = CARTESIAN_POINT ( 'NONE',  ( -32.47595264191693332, 6.000000000000005329, -34.99999999999999289 ) ) ;
#6787 = ORIENTED_EDGE ( 'NONE', *, *, #9698, .T. ) ;
#6788 = AXIS2_PLACEMENT_3D ( 'NONE', #2730, #5955, #9242 ) ;
#6789 = CARTESIAN_POINT ( 'NONE',  ( 68.98070977266978332, 12.75855025242400131, -94.64599200143621260 ) ) ;
#6790 = CARTESIAN_POINT ( 'NONE',  ( -84.48338804127510571, 20.99999999999957012, -63.40383350717173983 ) ) ;
#6791 = AXIS2_PLACEMENT_3D ( 'NONE', #6558, #154, #1619 ) ;
#6792 = VERTEX_POINT ( 'NONE', #7970 ) ;
#6793 = LINE ( 'NONE', #1902, #7707 ) ;
#6794 = CARTESIAN_POINT ( 'NONE',  ( -14.07291281149758966, 0.000000000000000000, 45.62499999999995737 ) ) ;
#6795 = ORIENTED_EDGE ( 'NONE', *, *, #559, .T. ) ;
#6796 = FACE_OUTER_BOUND ( 'NONE', #25, .T. ) ;
#6797 = CARTESIAN_POINT ( 'NONE',  ( 0.000000000000000000, 6.000000000000000000, 0.000000000000000000 ) ) ;
#6798 = EDGE_LOOP ( 'NONE', ( #3837, #8412, #5338, #6632 ) ) ;
#6799 = VECTOR ( 'NONE', #9034, 1000.000000000000000 ) ;
#6800 = ORIENTED_EDGE ( 'NONE', *, *, #4613, .T. ) ;
#6801 = CARTESIAN_POINT ( 'NONE',  ( 45.46633369868351338, 6.000000000000005329, 42.49999999999998579 ) ) ;
#6802 = VERTEX_POINT ( 'NONE', #7025 ) ;
#6803 = CARTESIAN_POINT ( 'NONE',  ( -84.54495013174026496, -11.20345065570468535, 55.36244354894027708 ) ) ;
#6804 = CARTESIAN_POINT ( 'NONE',  ( 28.14582562299473878, 0.000000000000000000, 21.24999999999999289 ) ) ;
#6805 = EDGE_LOOP ( 'NONE', ( #2259, #4619, #3646, #3817 ) ) ;
#6806 = CIRCLE ( 'NONE', #9302, 3.599999999999993872 ) ;
#6807 = CARTESIAN_POINT ( 'NONE',  ( -25.25907427704661501, 6.000000000000005329, 50.00000000000000000 ) ) ;
#6808 = LINE ( 'NONE', #5202, #7355 ) ;
#6809 = ADVANCED_FACE ( 'NONE', ( #6161 ), #6205, .F. ) ;
#6810 = LINE ( 'NONE', #1237, #1186 ) ;
#6811 = PLANE ( 'NONE',  #3248 ) ;
#6812 = CARTESIAN_POINT ( 'NONE',  ( -50.00000000000000000, 0.000000000000000000, 50.00000000000000000 ) ) ;
#6813 = FACE_OUTER_BOUND ( 'NONE', #3785, .T. ) ;
#6814 = ORIENTED_EDGE ( 'NONE', *, *, #2292, .F. ) ;
#6815 = DIRECTION ( 'NONE',  ( 0.5000000000000001110, 0.000000000000000000, 0.8660254037844387076 ) ) ;
#6816 = CARTESIAN_POINT ( 'NONE',  ( 94.78815159566664761, 22.87916512459875662, 74.99322121832194910 ) ) ;
#6817 = DIRECTION ( 'NONE',  ( -0.9396926207859013225, 0.000000000000000000, -0.3420201433256878643 ) ) ;
#6818 = VERTEX_POINT ( 'NONE', #2342 ) ;
#6819 = EDGE_CURVE ( 'NONE', #1262, #2182, #730, .T. ) ;
#6820 = DIRECTION ( 'NONE',  ( -0.8789733129752212992, 0.4768709627114694483, 0.000000000000000000 ) ) ;
#6821 = VECTOR ( 'NONE', #3490, 1000.000000000000000 ) ;
#6822 = LINE ( 'NONE', #10008, #3197 ) ;
#6823 = CARTESIAN_POINT ( 'NONE',  ( -41.13620667976124423, 0.000000000000000000, -13.74999999999999822 ) ) ;
#6824 = VERTEX_POINT ( 'NONE', #5521 ) ;
#6825 = EDGE_CURVE ( 'NONE', #7813, #44, #4750, .T. ) ;
#6826 = CARTESIAN_POINT ( 'NONE',  ( -45.46633369868351338, 147.4213562373095385, -42.49999999999998579 ) ) ;
#6827 = ORIENTED_EDGE ( 'NONE', *, *, #590, .F. ) ;
#6828 = FACE_OUTER_BOUND ( 'NONE', #5286, .T. ) ;
#6829 = VECTOR ( 'NONE', #4979, 1000.000000000000000 ) ;
#6830 = ADVANCED_FACE ( 'NONE', ( #7815 ), #7918, .F. ) ;
#6831 = EDGE_CURVE ( 'NONE', #7253, #9332, #7067, .T. ) ;
#6832 = EDGE_LOOP ( 'NONE', ( #2018, #3186, #1661, #688 ) ) ;
#6833 = DIRECTION ( 'NONE',  ( 0.4999999999999990563, 0.000000000000000000, -0.8660254037844391517 ) ) ;
#6834 = VERTEX_POINT ( 'NONE', #7076 ) ;
#6835 = DIRECTION ( 'NONE',  ( 1.000000000000000000, 0.000000000000000000, -4.006172263299126906E-16 ) ) ;
#6836 = ORIENTED_EDGE ( 'NONE', *, *, #8527, .T. ) ;
#6837 = ORIENTED_EDGE ( 'NONE', *, *, #7052, .F. ) ;
#6838 = CARTESIAN_POINT ( 'NONE',  ( 48.34702753535132302, 0.000000000000000000, 45.57614877529382369 ) ) ;
#6839 = EDGE_LOOP ( 'NONE', ( #3224, #738, #9000, #9980 ) ) ;
#6840 = DIRECTION ( 'NONE',  ( -0.3420201433257021306, 8.905821230581046347E-15, -0.9396926207858962155 ) ) ;
#6841 = ORIENTED_EDGE ( 'NONE', *, *, #2559, .T. ) ;
#6842 = DIRECTION ( 'NONE',  ( 0.5337593939265715681, -0.4330127018922132476, -0.7263614178872279670 ) ) ;
#6843 = VECTOR ( 'NONE', #1443, 1000.000000000000114 ) ;
#6844 = CYLINDRICAL_SURFACE ( 'NONE', #7717, 3.599999999999993872 ) ;
#6845 = ORIENTED_EDGE ( 'NONE', *, *, #7547, .F. ) ;
#6846 = VECTOR ( 'NONE', #5784, 1000.000000000000000 ) ;
#6847 = FACE_OUTER_BOUND ( 'NONE', #5594, .T. ) ;
#6848 = LINE ( 'NONE', #5137, #1275 ) ;
#6849 = ORIENTED_EDGE ( 'NONE', *, *, #7859, .T. ) ;
#6850 = ORIENTED_EDGE ( 'NONE', *, *, #971, .F. ) ;
#6851 = DIRECTION ( 'NONE',  ( -0.000000000000000000, 1.000000000000000000, -0.000000000000000000 ) ) ;
#6852 = ORIENTED_EDGE ( 'NONE', *, *, #2111, .F. ) ;
#6853 = CARTESIAN_POINT ( 'NONE',  ( 25.98076211353308551, 147.4213562373095385, -15.00000000000013323 ) ) ;
#6854 = EDGE_CURVE ( 'NONE', #7629, #8993, #10316, .T. ) ;
#6855 = EDGE_CURVE ( 'NONE', #2048, #5128, #781, .T. ) ;
#6856 = CARTESIAN_POINT ( 'NONE',  ( 68.98035169643877396, 12.75833024919766068, 94.64586167234662639 ) ) ;
#6857 = EDGE_LOOP ( 'NONE', ( #233, #2064, #3562, #6007, #6777, #7223 ) ) ;
#6858 = DIRECTION ( 'NONE',  ( 0.4698463103929531592, 0.8660254037844399289, 0.1710100716628304984 ) ) ;
#6859 = CARTESIAN_POINT ( 'NONE',  ( 27.06329386826395123, 147.4213562373095385, 31.87499999999995737 ) ) ;
#6860 = VECTOR ( 'NONE', #5770, 1000.000000000000227 ) ;
#6861 = CARTESIAN_POINT ( 'NONE',  ( 65.96487049844922979, 2.249999999999727773, 63.21924975872500596 ) ) ;
#6862 = PLANE ( 'NONE',  #5573 ) ;
#6863 = AXIS2_PLACEMENT_3D ( 'NONE', #1133, #7277, #8218 ) ;
#6864 = DIRECTION ( 'NONE',  ( -1.000000000000000000, -0.000000000000000000, -0.000000000000000000 ) ) ;
#6865 = ORIENTED_EDGE ( 'NONE', *, *, #8135, .F. ) ;
#6866 = DIRECTION ( 'NONE',  ( 0.4999999999999990563, 0.000000000000000000, -0.8660254037844391517 ) ) ;
#6867 = EDGE_CURVE ( 'NONE', #715, #8777, #2983, .T. ) ;
#6868 = DIRECTION ( 'NONE',  ( 0.5337593939265845577, 0.4330127018922179105, 0.7263614178872156435 ) ) ;
#6869 = VECTOR ( 'NONE', #546, 1000.000000000000227 ) ;
#6871 = VECTOR ( 'NONE', #5912, 1000.000000000000000 ) ;
#6870 = DIRECTION ( 'NONE',  ( -0.8660254037844383745, 0.000000000000000000, 0.5000000000000004441 ) ) ;
#6872 = ORIENTED_EDGE ( 'NONE', *, *, #9162, .T. ) ;
#6873 = CARTESIAN_POINT ( 'NONE',  ( 91.03044906903043909, -1.986715189943720539, 84.21886854533644851 ) ) ;
#6874 = PLANE ( 'NONE',  #4539 ) ;
#6875 = PLANE ( 'NONE',  #4326 ) ;
#6876 = EDGE_LOOP ( 'NONE', ( #2220, #36, #6348, #648 ) ) ;
#6877 = LINE ( 'NONE', #8392, #7420 ) ;
#6878 = VECTOR ( 'NONE', #2758, 1000.000000000000000 ) ;
#6879 = FACE_OUTER_BOUND ( 'NONE', #4577, .T. ) ;
#6880 = EDGE_CURVE ( 'NONE', #2048, #9914, #1093, .T. ) ;
#6881 = EDGE_CURVE ( 'NONE', #3149, #3847, #5837, .T. ) ;
#6882 = ORIENTED_EDGE ( 'NONE', *, *, #6514, .T. ) ;
#6883 = DIRECTION ( 'NONE',  ( 0.000000000000000000, 0.000000000000000000, 1.000000000000000000 ) ) ;
#6884 = ORIENTED_EDGE ( 'NONE', *, *, #4157, .F. ) ;
#6885 = FACE_OUTER_BOUND ( 'NONE', #795, .T. ) ;
#6886 = EDGE_CURVE ( 'NONE', #5894, #7604, #5678, .T. ) ;
#6887 = VERTEX_POINT ( 'NONE', #2662 ) ;
#6888 = VERTEX_POINT ( 'NONE', #8803 ) ;
#6889 = DIRECTION ( 'NONE',  ( -0.000000000000000000, -1.000000000000000000, -0.000000000000000000 ) ) ;
#6890 = EDGE_LOOP ( 'NONE', ( #1873, #6837, #3294, #7382 ) ) ;
#6891 = ADVANCED_FACE ( 'NONE', ( #8019 ), #6506, .F. ) ;
#6892 = FACE_BOUND ( 'NONE', #1278, .T. ) ;
#6893 = VECTOR ( 'NONE', #6699, 1000.000000000000227 ) ;
#6894 = ORIENTED_EDGE ( 'NONE', *, *, #67, .T. ) ;
#6895 = DIRECTION ( 'NONE',  ( 0.3420201433256701562, 1.073360150760649390E-14, -0.9396926207859079838 ) ) ;
#6896 = CARTESIAN_POINT ( 'NONE',  ( -32.47595264191693332, 6.000000000000005329, 34.99999999999999289 ) ) ;
#6897 = ORIENTED_EDGE ( 'NONE', *, *, #1846, .F. ) ;
#6898 = ADVANCED_FACE ( 'NONE', ( #3234 ), #6403, .T. ) ;
#6899 = DIRECTION ( 'NONE',  ( 0.000000000000000000, -0.000000000000000000, -1.000000000000000000 ) ) ;
#6900 = ORIENTED_EDGE ( 'NONE', *, *, #6067, .F. ) ;
#6901 = AXIS2_PLACEMENT_3D ( 'NONE', #3029, #10212, #1565 ) ;
#6902 = ORIENTED_EDGE ( 'NONE', *, *, #7656, .T. ) ;
#6903 = ADVANCED_FACE ( 'NONE', ( #8963 ), #1671, .T. ) ;
#6904 = VECTOR ( 'NONE', #8395, 1000.000000000000000 ) ;
#6905 = ORIENTED_EDGE ( 'NONE', *, *, #9374, .T. ) ;
#6906 = DIRECTION ( 'NONE',  ( 0.000000000000000000, 0.000000000000000000, 1.000000000000000000 ) ) ;
#6907 = EDGE_CURVE ( 'NONE', #8937, #7954, #9588, .T. ) ;
#6908 = CARTESIAN_POINT ( 'NONE',  ( -32.47595264191693332, 0.000000000000000000, 49.99999999999998579 ) ) ;
#6909 = ORIENTED_EDGE ( 'NONE', *, *, #7385, .F. ) ;
#6910 = FACE_OUTER_BOUND ( 'NONE', #5558, .T. ) ;
#6911 = AXIS2_PLACEMENT_3D ( 'NONE', #8759, #1626, #1779 ) ;
#6912 = EDGE_LOOP ( 'NONE', ( #3426, #8337, #7098, #2277 ) ) ;
#6913 = LINE ( 'NONE', #2963, #9200 ) ;
#6914 = DIRECTION ( 'NONE',  ( 0.000000000000000000, 0.000000000000000000, 1.000000000000000000 ) ) ;
#6915 = VECTOR ( 'NONE', #10003, 1000.000000000000114 ) ;
#6916 = DIRECTION ( 'NONE',  ( -0.9960823821119998422, 0.08843013087225276569, 0.000000000000000000 ) ) ;
#6917 = CARTESIAN_POINT ( 'NONE',  ( -46.54886545341427961, 6.000000000000005329, 31.87499999999998579 ) ) ;
#6918 = ORIENTED_EDGE ( 'NONE', *, *, #607, .T. ) ;
#6919 = DIRECTION ( 'NONE',  ( -0.000000000000000000, -1.000000000000000000, -0.000000000000000000 ) ) ;
#6920 = DIRECTION ( 'NONE',  ( -0.3420201433256623291, -0.000000000000000000, -0.9396926207859106484 ) ) ;
#6921 = PLANE ( 'NONE',  #4655 ) ;
#6922 = ORIENTED_EDGE ( 'NONE', *, *, #4963, .T. ) ;
#6923 = CARTESIAN_POINT ( 'NONE',  ( -25.98076211353308906, 147.4213562373095385, -15.00000000000011546 ) ) ;
#6924 = LINE ( 'NONE', #2138, #6685 ) ;
#6925 = CARTESIAN_POINT ( 'NONE',  ( 66.00000000000132161, 6.000000000000000000, -38.22385819845064958 ) ) ;
#6926 = ORIENTED_EDGE ( 'NONE', *, *, #6316, .F. ) ;
#6927 = AXIS2_PLACEMENT_3D ( 'NONE', #3838, #7934, #5440 ) ;
#6928 = DIRECTION ( 'NONE',  ( -0.000000000000000000, -1.000000000000000000, -0.000000000000000000 ) ) ;
#6929 = CARTESIAN_POINT ( 'NONE',  ( 8.652233963711415399, 0.000000000000000000, -21.23610882412134515 ) ) ;
#6930 = ADVANCED_FACE ( 'NONE', ( #1826 ), #2448, .F. ) ;
#6931 = EDGE_LOOP ( 'NONE', ( #3287, #5038, #7471, #4210 ) ) ;
#6932 = CC_DESIGN_DATE_AND_TIME_ASSIGNMENT ( #5684, #8236, ( #1421 ) ) ;
#6933 = CARTESIAN_POINT ( 'NONE',  ( -30.40590262964586188, 6.000000000000000000, -66.00000000000000000 ) ) ;
#6934 = ORIENTED_EDGE ( 'NONE', *, *, #5958, .F. ) ;
#6935 = DIRECTION ( 'NONE',  ( -0.8789733129752197449, 0.4768709627114722238, 0.000000000000000000 ) ) ;
#6936 = EDGE_LOOP ( 'NONE', ( #5798, #2824, #3681, #1108, #5956, #8299 ) ) ;
#6937 = ORIENTED_EDGE ( 'NONE', *, *, #10214, .F. ) ;
#6938 = DIRECTION ( 'NONE',  ( 0.4698463103929487183, 0.8660254037844400399, 0.1710100716628430717 ) ) ;
#6939 = ORIENTED_EDGE ( 'NONE', *, *, #353, .T. ) ;
#6940 = AXIS2_PLACEMENT_3D ( 'NONE', #2393, #536, #6980 ) ;
#6941 = LINE ( 'NONE', #5626, #553 ) ;
#6942 = EDGE_CURVE ( 'NONE', #3099, #2592, #3449, .T. ) ;
#6943 = ORIENTED_EDGE ( 'NONE', *, *, #5778, .F. ) ;
#6944 = DIRECTION ( 'NONE',  ( -0.5000000000000013323, 0.000000000000000000, -0.8660254037844379305 ) ) ;
#6945 = CARTESIAN_POINT ( 'NONE',  ( -48.21495254706555045, 6.000000000000000000, -87.08787447931756276 ) ) ;
#6946 = ORIENTED_EDGE ( 'NONE', *, *, #6880, .F. ) ;
#6947 = DIRECTION ( 'NONE',  ( -0.000000000000000000, -1.000000000000000000, -0.000000000000000000 ) ) ;
#6948 = ORIENTED_EDGE ( 'NONE', *, *, #5726, .T. ) ;
#6949 = ORIENTED_EDGE ( 'NONE', *, *, #5160, .T. ) ;
#6950 = EDGE_CURVE ( 'NONE', #673, #6235, #4952, .T. ) ;
#6951 = EDGE_LOOP ( 'NONE', ( #4036, #5585, #7474, #7548, #9301 ) ) ;
#6952 = CARTESIAN_POINT ( 'NONE',  ( -9.742785792574935044, 6.000000000000005329, -10.62499999999999822 ) ) ;
#6953 = DIRECTION ( 'NONE',  ( -0.000000000000000000, -1.000000000000000000, -0.000000000000000000 ) ) ;
#6954 = CARTESIAN_POINT ( 'NONE',  ( 4.330127018922120818, 0.000000000000000000, 13.74999999999999822 ) ) ;
#6955 = ORIENTED_EDGE ( 'NONE', *, *, #8499, .T. ) ;
#6956 = DIRECTION ( 'NONE',  ( 0.5000000000000001110, 0.000000000000000000, 0.8660254037844387076 ) ) ;
#6957 = CIRCLE ( 'NONE', #1473, 2.249999999999988898 ) ;
#6958 = LINE ( 'NONE', #3945, #6843 ) ;
#6959 = EDGE_CURVE ( 'NONE', #9066, #8562, #204, .T. ) ;
#6960 = CARTESIAN_POINT ( 'NONE',  ( 8.660254037844241637, 147.4213562373095385, 42.49999999999999289 ) ) ;
#6961 = DIRECTION ( 'NONE',  ( -0.4999999999999997224, 0.000000000000000000, -0.8660254037844388186 ) ) ;
#6962 = ADVANCED_FACE ( 'NONE', ( #47 ), #7286, .T. ) ;
#6963 = ORIENTED_EDGE ( 'NONE', *, *, #5260, .T. ) ;
#6964 = DIRECTION ( 'NONE',  ( 0.5234908573499331697, 0.8520312918379419065, 0.000000000000000000 ) ) ;
#6965 = AXIS2_PLACEMENT_3D ( 'NONE', #2318, #1339, #558 ) ;
#6966 = CARTESIAN_POINT ( 'NONE',  ( 100.0730928421691743, 24.75833024919774772, -69.98939073521847831 ) ) ;
#6967 = DIRECTION ( 'NONE',  ( 0.8137976813493694728, 0.4999999999999978906, -0.2961981327260391761 ) ) ;
#6968 = ORIENTED_EDGE ( 'NONE', *, *, #5608, .T. ) ;
#6969 = VECTOR ( 'NONE', #1665, 1000.000000000000000 ) ;
#6970 = DIRECTION ( 'NONE',  ( -1.001543065824772975E-16, 0.000000000000000000, -1.000000000000000000 ) ) ;
#6971 = FACE_OUTER_BOUND ( 'NONE', #8693, .T. ) ;
#6972 = PLANE ( 'NONE',  #10138 ) ;
#6973 = VECTOR ( 'NONE', #1683, 1000.000000000000000 ) ;
#6974 = ORIENTED_EDGE ( 'NONE', *, *, #6535, .T. ) ;
#6975 = LINE ( 'NONE', #8643, #6402 ) ;
#6976 = CARTESIAN_POINT ( 'NONE',  ( -32.47595264191693332, 0.000000000000000000, 34.99999999999999289 ) ) ;
#6977 = VECTOR ( 'NONE', #7488, 1000.000000000000000 ) ;
#6978 = DIRECTION ( 'NONE',  ( -0.000000000000000000, -1.000000000000000000, -0.000000000000000000 ) ) ;
#6979 = EDGE_LOOP ( 'NONE', ( #5052, #2943, #5899, #4519 ) ) ;
#6980 = DIRECTION ( 'NONE',  ( -0.5000000000000000000, 0.000000000000000000, -0.8660254037844385966 ) ) ;
#6981 = ORIENTED_EDGE ( 'NONE', *, *, #8548, .F. ) ;
#6982 = LINE ( 'NONE', #736, #2143 ) ;
#6983 = VECTOR ( 'NONE', #3890, 1000.000000000000227 ) ;
#6984 = ADVANCED_FACE ( 'NONE', ( #3396 ), #6559, .T. ) ;
#6985 = DIRECTION ( 'NONE',  ( 0.8789733129752198559, 0.4768709627114720573, 0.000000000000000000 ) ) ;
#6986 = ORIENTED_EDGE ( 'NONE', *, *, #7043, .F. ) ;
#6987 = FACE_BOUND ( 'NONE', #5468, .T. ) ;
#6988 = VERTEX_POINT ( 'NONE', #9742 ) ;
#6989 = DIRECTION ( 'NONE',  ( -0.8660254037844387076, 0.000000000000000000, -0.5000000000000001110 ) ) ;
#6990 = FACE_BOUND ( 'NONE', #2747, .T. ) ;
#6991 = ORIENTED_EDGE ( 'NONE', *, *, #4045, .F. ) ;
#6992 = CARTESIAN_POINT ( 'NONE',  ( -50.00000000000000000, 147.4213562373095385, -16.60254037844304520 ) ) ;
#6993 = ORIENTED_EDGE ( 'NONE', *, *, #3932, .T. ) ;
#6994 = CIRCLE ( 'NONE', #6504, 1.249999999999995559 ) ;
#6995 = ORIENTED_EDGE ( 'NONE', *, *, #6550, .T. ) ;
#6996 = VERTEX_POINT ( 'NONE', #3343 ) ;
#6997 = CARTESIAN_POINT ( 'NONE',  ( -35.96815219932086904, 0.000000000000000000, -13.75000000000001599 ) ) ;
#6998 = PLANE ( 'NONE',  #8820 ) ;
#6999 = DIRECTION ( 'NONE',  ( 0.3420201433256682688, 1.201296007113938913E-14, -0.9396926207859085389 ) ) ;
#7000 = VECTOR ( 'NONE', #1597, 1000.000000000000227 ) ;
#7001 = EDGE_CURVE ( 'NONE', #4307, #9423, #5004, .T. ) ;
#7002 = VERTEX_POINT ( 'NONE', #6455 ) ;
#7003 = DIRECTION ( 'NONE',  ( 0.3420201433256701562, -1.073360150760649390E-14, 0.9396926207859078728 ) ) ;
#7004 = DIRECTION ( 'NONE',  ( -0.9355268173716067004, 0.09405667402808165489, 0.3405039148810590777 ) ) ;
#7005 = EDGE_CURVE ( 'NONE', #2317, #9383, #8071, .T. ) ;
#7006 = EDGE_CURVE ( 'NONE', #7965, #6723, #260, .T. ) ;
#7007 = DIRECTION ( 'NONE',  ( 0.4999999999999997224, 0.000000000000000000, 0.8660254037844388186 ) ) ;
#7008 = CARTESIAN_POINT ( 'NONE',  ( -63.39065261137343299, 13.49999999999931433, -83.37431452178670099 ) ) ;
#7009 = ADVANCED_FACE ( 'NONE', ( #9118 ), #3506, .F. ) ;
#7010 = ORIENTED_EDGE ( 'NONE', *, *, #4984, .T. ) ;
#7011 = CARTESIAN_POINT ( 'NONE',  ( -83.46282394258763304, -5.728384940746046539, 86.06226691517679228 ) ) ;
#7012 = EDGE_LOOP ( 'NONE', ( #5065, #9801, #1555, #4346 ) ) ;
#7013 = CARTESIAN_POINT ( 'NONE',  ( -5.898950814473804094, 147.4213562373095385, 26.03271747798169855 ) ) ;
#7014 = ADVANCED_FACE ( 'NONE', ( #2080 ), #2765, .T. ) ;
#7015 = DIRECTION ( 'NONE',  ( 0.000000000000000000, -0.000000000000000000, 1.000000000000000000 ) ) ;
#7016 = ORIENTED_EDGE ( 'NONE', *, *, #4607, .T. ) ;
#7017 = AXIS2_PLACEMENT_3D ( 'NONE', #2874, #3610, #8386 ) ;
#7018 = DIRECTION ( 'NONE',  ( -0.000000000000000000, -1.000000000000000000, -0.000000000000000000 ) ) ;
#7019 = FACE_OUTER_BOUND ( 'NONE', #3142, .T. ) ;
#7020 = FACE_OUTER_BOUND ( 'NONE', #371, .T. ) ;
#7021 = ORIENTED_EDGE ( 'NONE', *, *, #70, .T. ) ;
#7022 = VECTOR ( 'NONE', #1953, 1000.000000000000000 ) ;
#7023 = CARTESIAN_POINT ( 'NONE',  ( -112.6852725244671802, 1.499999999998032907, -82.44660722489308569 ) ) ;
#7024 = AXIS2_PLACEMENT_3D ( 'NONE', #5045, #6139, #1236 ) ;
#7025 = CARTESIAN_POINT ( 'NONE',  ( 60.42191776730651043, 13.49999999999923084, -91.53084647020840237 ) ) ;
#7026 = EDGE_CURVE ( 'NONE', #6425, #5174, #4487, .T. ) ;
#7027 = EDGE_LOOP ( 'NONE', ( #9403, #495, #429, #2667 ) ) ;
#7028 = VERTEX_POINT ( 'NONE', #8437 ) ;
#7029 = VERTEX_POINT ( 'NONE', #313 ) ;
#7030 = LINE ( 'NONE', #1519, #8076 ) ;
#7031 = VECTOR ( 'NONE', #6189, 1000.000000000000114 ) ;
#7032 = CARTESIAN_POINT ( 'NONE',  ( 46.40590262964586543, 6.000000000000000000, 85.06805748150695479 ) ) ;
#7033 = VERTEX_POINT ( 'NONE', #6767 ) ;
#7034 = EDGE_CURVE ( 'NONE', #7478, #9927, #2250, .T. ) ;
#7035 = FACE_OUTER_BOUND ( 'NONE', #1595, .T. ) ;
#7036 = CARTESIAN_POINT ( 'NONE',  ( 0.000000000000000000, 4.500000000000007994, 66.00000000000000000 ) ) ;
#7037 = ORIENTED_EDGE ( 'NONE', *, *, #8358, .F. ) ;
#7038 = ORIENTED_EDGE ( 'NONE', *, *, #3770, .T. ) ;
#7039 = FACE_OUTER_BOUND ( 'NONE', #2227, .T. ) ;
#7040 = DIRECTION ( 'NONE',  ( -0.5000000000000011102, 0.000000000000000000, 0.8660254037844379305 ) ) ;
#7041 = VERTEX_POINT ( 'NONE', #467 ) ;
#7042 = LINE ( 'NONE', #3150, #7118 ) ;
#7043 = EDGE_CURVE ( 'NONE', #3466, #7931, #3709, .T. ) ;
#7044 = ORIENTED_EDGE ( 'NONE', *, *, #1638, .T. ) ;
#7045 = VERTEX_POINT ( 'NONE', #4282 ) ;
#7046 = ORIENTED_EDGE ( 'NONE', *, *, #6635, .F. ) ;
#7047 = CARTESIAN_POINT ( 'NONE',  ( 116.4151785639850942, 1.124999999998077316, -81.08903244989882353 ) ) ;
#7048 = AXIS2_PLACEMENT_3D ( 'NONE', #9618, #8005, #968 ) ;
#7049 = EDGE_CURVE ( 'NONE', #2142, #721, #520, .T. ) ;
#7050 = LINE ( 'NONE', #2218, #1673 ) ;
#7051 = CARTESIAN_POINT ( 'NONE',  ( 63.39065261137343299, 13.49999999999931433, -83.37431452178670099 ) ) ;
#7052 = EDGE_CURVE ( 'NONE', #2071, #4962, #7601, .T. ) ;
#7053 = VERTEX_POINT ( 'NONE', #5161 ) ;
#7054 = DIRECTION ( 'NONE',  ( 0.3420201433256876422, 0.000000000000000000, -0.9396926207859014335 ) ) ;
#7055 = LINE ( 'NONE', #10148, #1524 ) ;
#7056 = CARTESIAN_POINT ( 'NONE',  ( -50.00000000000000000, 6.000000000000005329, -4.647459621556983222 ) ) ;
#7057 = CARTESIAN_POINT ( 'NONE',  ( 29.89192540169685586, 0.000000000000000000, -24.27433353179683806 ) ) ;
#7058 = EDGE_CURVE ( 'NONE', #7754, #6371, #6098, .T. ) ;
#7059 = AXIS2_PLACEMENT_3D ( 'NONE', #10014, #4446, #5897 ) ;
#7060 = VERTEX_POINT ( 'NONE', #5993 ) ;
#7061 = LINE ( 'NONE', #2228, #8889 ) ;
#7062 = ORIENTED_EDGE ( 'NONE', *, *, #3203, .T. ) ;
#7063 = LINE ( 'NONE', #6238, #261 ) ;
#7064 = AXIS2_PLACEMENT_3D ( 'NONE', #9411, #2179, #2967 ) ;
#7065 = PLANE ( 'NONE',  #1835 ) ;
#7066 = ORIENTED_EDGE ( 'NONE', *, *, #1484, .T. ) ;
#7067 = CIRCLE ( 'NONE', #1932, 51.96152422706631313 ) ;
#7068 = CARTESIAN_POINT ( 'NONE',  ( 58.69381895926685644, 1.499999999999727329, 65.89369228902688747 ) ) ;
#7069 = EDGE_CURVE ( 'NONE', #3672, #2265, #9175, .T. ) ;
#7070 = DIRECTION ( 'NONE',  ( -0.5000000000000002220, 0.000000000000000000, -0.8660254037844384856 ) ) ;
#7071 = CARTESIAN_POINT ( 'NONE',  ( 8.660254037844387298, 6.000000000000005329, -4.592625337882893652E-17 ) ) ;
#7072 = ORIENTED_EDGE ( 'NONE', *, *, #4681, .F. ) ;
#7073 = ORIENTED_EDGE ( 'NONE', *, *, #8548, .T. ) ;
#7074 = CARTESIAN_POINT ( 'NONE',  ( 41.13620667976131529, 147.4213562373095385, -28.74999999999999289 ) ) ;
#7075 = EDGE_CURVE ( 'NONE', #1001, #2592, #5313, .T. ) ;
#7076 = CARTESIAN_POINT ( 'NONE',  ( -32.03989878038110106, 0.000000000000000000, 6.744732556983350058 ) ) ;
#7077 = ADVANCED_FACE ( 'NONE', ( #3556, #7443, #9068, #3658 ), #2713, .T. ) ;
#7078 = AXIS2_PLACEMENT_3D ( 'NONE', #7259, #230, #9662 ) ;
#7079 = DIRECTION ( 'NONE',  ( 0.3420201433256876977, -0.000000000000000000, 0.9396926207859014335 ) ) ;
#7080 = VERTEX_POINT ( 'NONE', #6043 ) ;
#7081 = PLANE ( 'NONE',  #6634 ) ;
#7082 = ORIENTED_EDGE ( 'NONE', *, *, #5377, .T. ) ;
#7083 = DIRECTION ( 'NONE',  ( 0.4698463103929531592, 0.8660254037844399289, 0.1710100716628304984 ) ) ;
#7085 = ORIENTED_EDGE ( 'NONE', *, *, #714, .F. ) ;
#7084 = EDGE_CURVE ( 'NONE', #10121, #6887, #1929, .T. ) ;
#7086 = DIRECTION ( 'NONE',  ( -1.000000000000000000, -1.308353425290363404E-16, 0.000000000000000000 ) ) ;
#7087 = VECTOR ( 'NONE', #1277, 1000.000000000000000 ) ;
#7088 = CARTESIAN_POINT ( 'NONE',  ( -14.07291281149736051, 0.000000000000000000, -39.37499999999995737 ) ) ;
#7089 = ORIENTED_EDGE ( 'NONE', *, *, #5851, .F. ) ;
#7090 = VECTOR ( 'NONE', #4663, 1000.000000000000000 ) ;
#7091 = VERTEX_POINT ( 'NONE', #4335 ) ;
#7092 = LINE ( 'NONE', #9497, #2720 ) ;
#7093 = DIRECTION ( 'NONE',  ( 0.000000000000000000, -1.000000000000000000, 0.000000000000000000 ) ) ;
#7094 = ORIENTED_EDGE ( 'NONE', *, *, #1321, .T. ) ;
#7095 = DIRECTION ( 'NONE',  ( -0.3420201433256800372, -1.119241949895692456E-14, -0.9396926207859043201 ) ) ;
#7096 = ORIENTED_EDGE ( 'NONE', *, *, #9951, .T. ) ;
#7097 = APPLICATION_CONTEXT ( 'configuration controlled 3d designs of mechanical parts and assemblies' ) ;
#7098 = ORIENTED_EDGE ( 'NONE', *, *, #1539, .F. ) ;
#7099 = VECTOR ( 'NONE', #2601, 1000.000000000000000 ) ;
#7100 = EDGE_LOOP ( 'NONE', ( #7516, #8038, #5630, #4521 ) ) ;
#7101 = DIRECTION ( 'NONE',  ( -0.9396926207859089830, 7.131640956793591115E-15, 0.3420201433256669921 ) ) ;
#7102 = CYLINDRICAL_SURFACE ( 'NONE', #4662, 2.750000000000009326 ) ;
#7103 = LINE ( 'NONE', #10291, #4132 ) ;
#7104 = ORIENTED_EDGE ( 'NONE', *, *, #3468, .T. ) ;
#7105 = DIRECTION ( 'NONE',  ( 0.7030969734007282979, 0.2500000000000161537, 0.6656986149863370894 ) ) ;
#7106 = VECTOR ( 'NONE', #6498, 1000.000000000000000 ) ;
#7107 = DIRECTION ( 'NONE',  ( -0.4698463103929532148, -0.8660254037844399289, 0.1710100716628305262 ) ) ;
#7108 = DIRECTION ( 'NONE',  ( 0.000000000000000000, 0.000000000000000000, 1.000000000000000000 ) ) ;
#7109 = LINE ( 'NONE', #814, #7600 ) ;
#7110 = VERTEX_POINT ( 'NONE', #367 ) ;
#7111 = DIRECTION ( 'NONE',  ( -0.5000000000000000000, 0.000000000000000000, -0.8660254037844385966 ) ) ;
#7112 = ORIENTED_EDGE ( 'NONE', *, *, #2610, .T. ) ;
#7113 = AXIS2_PLACEMENT_3D ( 'NONE', #8829, #8989, #1849 ) ;
#7114 = CARTESIAN_POINT ( 'NONE',  ( -48.18039637606665337, 0.000000000000000000, 87.18281677883985026 ) ) ;
#7115 = CARTESIAN_POINT ( 'NONE',  ( -90.41393044048240313, 14.99999999999994316, 47.10980218023188115 ) ) ;
#7116 = ORIENTED_EDGE ( 'NONE', *, *, #1296, .T. ) ;
#7117 = ADVANCED_FACE ( 'NONE', ( #5938 ), #8383, .T. ) ;
#7118 = VECTOR ( 'NONE', #7095, 1000.000000000000000 ) ;
#7119 = EDGE_CURVE ( 'NONE', #3520, #6802, #7550, .T. ) ;
#7120 = FACE_OUTER_BOUND ( 'NONE', #2369, .T. ) ;
#7121 = CARTESIAN_POINT ( 'NONE',  ( -65.20420041006185841, 5.499999999999707789, -68.26327735083503967 ) ) ;
#7122 = VECTOR ( 'NONE', #5725, 1000.000000000000114 ) ;
#7123 = DIRECTION ( 'NONE',  ( 1.000000000000000000, 0.000000000000000000, -0.000000000000000000 ) ) ;
#7124 = ORIENTED_EDGE ( 'NONE', *, *, #9325, .T. ) ;
#7125 = EDGE_LOOP ( 'NONE', ( #3464, #9751 ) ) ;
#7126 = VECTOR ( 'NONE', #6556, 1000.000000000000000 ) ;
#7127 = DIRECTION ( 'NONE',  ( -1.000000000000000000, 0.000000000000000000, -2.006803045524116704E-16 ) ) ;
#7128 = VECTOR ( 'NONE', #2036, 1000.000000000000227 ) ;
#7129 = CARTESIAN_POINT ( 'NONE',  ( -32.47595264191693332, 147.4213562373095385, 49.99999999999998579 ) ) ;
#7130 = VECTOR ( 'NONE', #6224, 1000.000000000000000 ) ;
#7131 = VERTEX_POINT ( 'NONE', #770 ) ;
#7132 = EDGE_CURVE ( 'NONE', #9738, #8139, #8244, .T. ) ;
#7133 = CARTESIAN_POINT ( 'NONE',  ( -68.02323918836455618, 17.25833024919695191, 89.67924001744572138 ) ) ;
#7134 = EDGE_CURVE ( 'NONE', #6060, #5546, #9076, .T. ) ;
#7135 = VERTEX_POINT ( 'NONE', #3114 ) ;
#7136 = EDGE_CURVE ( 'NONE', #3024, #3577, #2420, .T. ) ;
#7137 = CARTESIAN_POINT ( 'NONE',  ( -45.46633369868351338, 0.000000000000000000, 21.24999999999999289 ) ) ;
#7138 = ORIENTED_EDGE ( 'NONE', *, *, #7163, .T. ) ;
#7139 = EDGE_CURVE ( 'NONE', #8948, #4922, #9369, .T. ) ;
#7140 = VECTOR ( 'NONE', #9971, 1000.000000000000227 ) ;
#7141 = CARTESIAN_POINT ( 'NONE',  ( 67.13948627443161854, 2.249999999999727773, 63.64677493788209262 ) ) ;
#7142 = CARTESIAN_POINT ( 'NONE',  ( 22.73316684934176379, 6.000000000000005329, -39.37499999999995737 ) ) ;
#7143 = ORIENTED_EDGE ( 'NONE', *, *, #5172, .F. ) ;
#7144 = EDGE_CURVE ( 'NONE', #10121, #7754, #2386, .T. ) ;
#7145 = VERTEX_POINT ( 'NONE', #4636 ) ;
#7146 = FACE_OUTER_BOUND ( 'NONE', #4633, .T. ) ;
#7147 = VECTOR ( 'NONE', #9522, 1000.000000000000114 ) ;
#7148 = DIRECTION ( 'NONE',  ( 0.7030969734007282979, -0.2500000000000161537, -0.6656986149863370894 ) ) ;
#7149 = VERTEX_POINT ( 'NONE', #572 ) ;
#7150 = CARTESIAN_POINT ( 'NONE',  ( 68.98070977266978332, 12.75855025242400131, 94.64599200143621260 ) ) ;
#7151 = ORIENTED_EDGE ( 'NONE', *, *, #4119, .F. ) ;
#7152 = ORIENTED_EDGE ( 'NONE', *, *, #3602, .T. ) ;
#7153 = ORIENTED_EDGE ( 'NONE', *, *, #1766, .F. ) ;
#7154 = DIRECTION ( 'NONE',  ( -0.000000000000000000, -1.000000000000000000, -0.000000000000000000 ) ) ;
#7155 = DIRECTION ( 'NONE',  ( -0.8660254037844382635, 0.000000000000000000, 0.5000000000000006661 ) ) ;
#7156 = DIRECTION ( 'NONE',  ( 0.5000000000000002220, 0.000000000000000000, -0.8660254037844384856 ) ) ;
#7157 = VERTEX_POINT ( 'NONE', #3901 ) ;
#7158 = DIRECTION ( 'NONE',  ( 0.000000000000000000, 1.000000000000000000, 0.000000000000000000 ) ) ;
#7159 = CARTESIAN_POINT ( 'NONE',  ( 45.46633369868350627, 0.000000000000000000, -3.469446951953614189E-15 ) ) ;
#7160 = CARTESIAN_POINT ( 'NONE',  ( -50.00000000000000000, 0.000000000000000000, 50.00000000000000000 ) ) ;
#7161 = CARTESIAN_POINT ( 'NONE',  ( -14.07291281149715978, 0.000000000000000000, -18.12499999999996092 ) ) ;
#7162 = ORIENTED_EDGE ( 'NONE', *, *, #5144, .T. ) ;
#7163 = EDGE_CURVE ( 'NONE', #4443, #3024, #9417, .T. ) ;
#7164 = DIRECTION ( 'NONE',  ( 1.000000000000000000, 0.000000000000000000, 0.000000000000000000 ) ) ;
#7165 = ORIENTED_EDGE ( 'NONE', *, *, #571, .F. ) ;
#7166 = EDGE_CURVE ( 'NONE', #8894, #9723, #7063, .T. ) ;
#7167 = FACE_OUTER_BOUND ( 'NONE', #1907, .T. ) ;
#7168 = CARTESIAN_POINT ( 'NONE',  ( 9.742785792574935044, 6.000000000000005329, 10.62499999999999822 ) ) ;
#7169 = EDGE_LOOP ( 'NONE', ( #6596, #5914, #6200, #6367 ) ) ;
#7170 = DIRECTION ( 'NONE',  ( 0.000000000000000000, -1.000000000000000000, 0.000000000000000000 ) ) ;
#7171 = LINE ( 'NONE', #1404, #7180 ) ;
#7172 = CARTESIAN_POINT ( 'NONE',  ( 14.07291281149715090, 147.4213562373095385, -3.124999999999960920 ) ) ;
#7173 = DIRECTION ( 'NONE',  ( 0.4698463103929531592, 0.8660254037844399289, 0.1710100716628304984 ) ) ;
#7174 = DIRECTION ( 'NONE',  ( 6.938893903907228378E-17, 0.000000000000000000, -1.000000000000000000 ) ) ;
#7175 = VECTOR ( 'NONE', #4072, 1000.000000000000000 ) ;
#7176 = EDGE_CURVE ( 'NONE', #9866, #7823, #2281, .T. ) ;
#7177 = ORIENTED_EDGE ( 'NONE', *, *, #2864, .T. ) ;
#7178 = DIRECTION ( 'NONE',  ( 0.000000000000000000, 0.000000000000000000, -1.000000000000000000 ) ) ;
#7179 = CARTESIAN_POINT ( 'NONE',  ( -50.00000000000000000, 6.000000000000000000, -50.00000000000000000 ) ) ;
#7180 = VECTOR ( 'NONE', #40, 1000.000000000000000 ) ;
#7181 = CARTESIAN_POINT ( 'NONE',  ( -30.40590262964586188, 0.000000000000000000, -66.00000000000000000 ) ) ;
#7182 = CARTESIAN_POINT ( 'NONE',  ( 78.40253430288579750, 15.21673546576100833, 50.82336213776300582 ) ) ;
#7183 = CARTESIAN_POINT ( 'NONE',  ( 50.00000000000000000, 6.000000000000000000, -16.60254037844302744 ) ) ;
#7184 = CIRCLE ( 'NONE', #8857, 3.600000000000002309 ) ;
#7185 = EDGE_LOOP ( 'NONE', ( #9279, #7842, #10114, #1641 ) ) ;
#7186 = CARTESIAN_POINT ( 'NONE',  ( 29.89192540169685586, 6.000000000000005329, -24.27433353179683806 ) ) ;
#7187 = VECTOR ( 'NONE', #4977, 1000.000000000000000 ) ;
#7188 = LINE ( 'NONE', #6569, #3265 ) ;
#7189 = ORIENTED_EDGE ( 'NONE', *, *, #2557, .T. ) ;
#7190 = DIRECTION ( 'NONE',  ( 0.5000000000000000000, 0.000000000000000000, 0.8660254037844385966 ) ) ;
#7191 = CARTESIAN_POINT ( 'NONE',  ( -66.91430112669026187, 5.499999999999643840, -63.56481424690534254 ) ) ;
#7192 = VERTEX_POINT ( 'NONE', #1556 ) ;
#7193 = EDGE_CURVE ( 'NONE', #4962, #7313, #8532, .T. ) ;
#7194 = AXIS2_PLACEMENT_3D ( 'NONE', #4461, #3740, #2791 ) ;
#7195 = VERTEX_POINT ( 'NONE', #9469 ) ;
#7196 = LINE ( 'NONE', #1235, #9133 ) ;
#7197 = EDGE_CURVE ( 'NONE', #2848, #7041, #8568, .T. ) ;
#7198 = CARTESIAN_POINT ( 'NONE',  ( -50.00000000000000000, 6.000000000000000000, 16.60254037844303809 ) ) ;
#7199 = ORIENTED_EDGE ( 'NONE', *, *, #10064, .T. ) ;
#7200 = DIRECTION ( 'NONE',  ( 0.8137976813493772443, -0.4999999999999974465, -0.2961981327260184149 ) ) ;
#7201 = ORIENTED_EDGE ( 'NONE', *, *, #7542, .T. ) ;
#7202 = ORIENTED_EDGE ( 'NONE', *, *, #3602, .F. ) ;
#7203 = ORIENTED_EDGE ( 'NONE', *, *, #1649, .F. ) ;
#7204 = AXIS2_PLACEMENT_3D ( 'NONE', #9012, #307, #9785 ) ;
#7205 = DIRECTION ( 'NONE',  ( -0.000000000000000000, -1.000000000000000000, -0.000000000000000000 ) ) ;
#7206 = VECTOR ( 'NONE', #5189, 1000.000000000000000 ) ;
#7207 = EDGE_CURVE ( 'NONE', #2044, #7145, #3759, .T. ) ;
#7208 = DIRECTION ( 'NONE',  ( -0.000000000000000000, -1.000000000000000000, -0.000000000000000000 ) ) ;
#7209 = PLANE ( 'NONE',  #2634 ) ;
#7210 = EDGE_LOOP ( 'NONE', ( #3082, #9551, #10057, #3931 ) ) ;
#7211 = CARTESIAN_POINT ( 'NONE',  ( 3.673940397442059967E-15, 6.000000000000005329, 30.00000000000000000 ) ) ;
#7212 = FACE_BOUND ( 'NONE', #3191, .T. ) ;
#7213 = CARTESIAN_POINT ( 'NONE',  ( -68.07917889521752386, 2.249999999999727773, -63.98879508120774773 ) ) ;
#7214 = LINE ( 'NONE', #9462, #4940 ) ;
#7215 = EDGE_CURVE ( 'NONE', #6580, #63, #5510, .T. ) ;
#7216 = ORIENTED_EDGE ( 'NONE', *, *, #9386, .T. ) ;
#7218 = CARTESIAN_POINT ( 'NONE',  ( 19.59551925823889107, 147.4213562373095385, -18.12499999999996092 ) ) ;
#7217 = VECTOR ( 'NONE', #9212, 1000.000000000000000 ) ;
#7219 = ORIENTED_EDGE ( 'NONE', *, *, #3260, .T. ) ;
#7220 = EDGE_CURVE ( 'NONE', #284, #3839, #10106, .T. ) ;
#7221 = CARTESIAN_POINT ( 'NONE',  ( -65.60302134699557541, 5.661903261019715750, -67.98743272795280745 ) ) ;
#7222 = DIRECTION ( 'NONE',  ( -0.000000000000000000, -1.000000000000000000, -0.000000000000000000 ) ) ;
#7223 = ORIENTED_EDGE ( 'NONE', *, *, #2300, .T. ) ;
#7224 = CARTESIAN_POINT ( 'NONE',  ( 48.21495254706555045, 6.000000000000000000, 87.08787447931756276 ) ) ;
#7225 = DIRECTION ( 'NONE',  ( 0.4698463103929531592, 0.8660254037844399289, -0.1710100716628304984 ) ) ;
#7226 = AXIS2_PLACEMENT_3D ( 'NONE', #581, #3771, #5118 ) ;
#7227 = CARTESIAN_POINT ( 'NONE',  ( 65.96487049844922979, 2.249999999999727773, -63.21924975872500596 ) ) ;
#7228 = CARTESIAN_POINT ( 'NONE',  ( -49.99999999999999289, 6.000000000000005329, 4.647459621556995657 ) ) ;
#7229 = FACE_OUTER_BOUND ( 'NONE', #6489, .T. ) ;
#7230 = VERTEX_POINT ( 'NONE', #7704 ) ;
#7231 = DIRECTION ( 'NONE',  ( 0.000000000000000000, 1.000000000000000000, 0.000000000000000000 ) ) ;
#7232 = AXIS2_PLACEMENT_3D ( 'NONE', #2241, #8497, #2194 ) ;
#7233 = DIRECTION ( 'NONE',  ( 1.000000000000000000, 0.000000000000000000, -0.000000000000000000 ) ) ;
#7234 = VECTOR ( 'NONE', #2501, 1000.000000000000000 ) ;
#7235 = FACE_BOUND ( 'NONE', #569, .T. ) ;
#7236 = DIRECTION ( 'NONE',  ( 0.000000000000000000, 0.000000000000000000, -1.000000000000000000 ) ) ;
#7237 = VECTOR ( 'NONE', #5240, 1000.000000000000114 ) ;
#7238 = CARTESIAN_POINT ( 'NONE',  ( -8.652233963711546849, 0.000000000000000000, -21.23610882412133094 ) ) ;
#7239 = VERTEX_POINT ( 'NONE', #671 ) ;
#7240 = PERSON_AND_ORGANIZATION ( #8656, #593 ) ;
#7241 = VECTOR ( 'NONE', #4213, 1000.000000000000000 ) ;
#7242 = CARTESIAN_POINT ( 'NONE',  ( 4.330127018922044435, 147.4213562373095385, 49.99999999999999289 ) ) ;
#7243 = ORIENTED_EDGE ( 'NONE', *, *, #2240, .T. ) ;
#7244 = DIRECTION ( 'NONE',  ( -0.8660254037844347108, 0.000000000000000000, 0.5000000000000067724 ) ) ;
#7245 = VECTOR ( 'NONE', #891, 1000.000000000000000 ) ;
#7246 = LINE ( 'NONE', #2355, #328 ) ;
#7247 = EDGE_LOOP ( 'NONE', ( #88, #1347, #8600, #3002 ) ) ;
#7248 = EDGE_CURVE ( 'NONE', #2613, #4321, #3951, .T. ) ;
#7249 = ORIENTED_EDGE ( 'NONE', *, *, #2047, .F. ) ;
#7250 = CARTESIAN_POINT ( 'NONE',  ( 82.83999675952468067, 17.25855025242422158, -48.97164729660255489 ) ) ;
#7251 = ORIENTED_EDGE ( 'NONE', *, *, #8659, .T. ) ;
#7252 = LINE ( 'NONE', #1112, #3132 ) ;
#7253 = VERTEX_POINT ( 'NONE', #10304 ) ;
#7254 = AXIS2_PLACEMENT_3D ( 'NONE', #6797, #2166, #6899 ) ;
#7255 = ORIENTED_EDGE ( 'NONE', *, *, #1321, .F. ) ;
#7256 = EDGE_CURVE ( 'NONE', #4891, #425, #3170, .T. ) ;
#7257 = DIRECTION ( 'NONE',  ( 0.5000000000000004441, 0.000000000000000000, 0.8660254037844383745 ) ) ;
#7258 = EDGE_CURVE ( 'NONE', #1627, #1850, #4588, .T. ) ;
#7259 = CARTESIAN_POINT ( 'NONE',  ( 46.54886545341427961, 147.4213562373095385, 31.87499999999998579 ) ) ;
#7260 = FACE_OUTER_BOUND ( 'NONE', #6453, .T. ) ;
#7261 = EDGE_LOOP ( 'NONE', ( #7201, #3592, #3035 ) ) ;
#7262 = CARTESIAN_POINT ( 'NONE',  ( 66.91430112669026187, 5.499999999999643840, 63.56481424690534254 ) ) ;
#7263 = LINE ( 'NONE', #3369, #1003 ) ;
#7264 = ORIENTED_EDGE ( 'NONE', *, *, #196, .F. ) ;
#7265 = CARTESIAN_POINT ( 'NONE',  ( 14.07291281149758966, 6.000000000000005329, -45.62499999999995737 ) ) ;
#7266 = PLANE ( 'NONE',  #8091 ) ;
#7267 = EDGE_CURVE ( 'NONE', #5918, #7053, #1450, .T. ) ;
#7268 = VERTEX_POINT ( 'NONE', #6193 ) ;
#7269 = PLANE ( 'NONE',  #243 ) ;
#7270 = ORIENTED_EDGE ( 'NONE', *, *, #4147, .F. ) ;
#7271 = EDGE_CURVE ( 'NONE', #173, #2317, #2230, .T. ) ;
#7272 = DIRECTION ( 'NONE',  ( 0.3420201433256694346, -1.249000902703301739E-14, 0.9396926207859082059 ) ) ;
#7273 = PLANE ( 'NONE',  #1164 ) ;
#7274 = ORIENTED_EDGE ( 'NONE', *, *, #6105, .T. ) ;
#7275 = VECTOR ( 'NONE', #7174, 1000.000000000000000 ) ;
#7276 = EDGE_CURVE ( 'NONE', #2309, #6524, #1659, .T. ) ;
#7277 = DIRECTION ( 'NONE',  ( -0.4698463103929532703, 0.8660254037844400399, -0.1710100716628305539 ) ) ;
#7278 = CARTESIAN_POINT ( 'NONE',  ( 14.07291281149715090, 0.000000000000000000, 3.124999999999960920 ) ) ;
#7279 = DIRECTION ( 'NONE',  ( 0.5000000000000067724, 0.000000000000000000, -0.8660254037844347108 ) ) ;
#7280 = EDGE_CURVE ( 'NONE', #3698, #10074, #4109, .T. ) ;
#7281 = CARTESIAN_POINT ( 'NONE',  ( -25.98076211353308906, 147.4213562373095385, -15.00000000000011546 ) ) ;
#7282 = DIRECTION ( 'NONE',  ( 0.000000000000000000, 0.000000000000000000, -1.000000000000000000 ) ) ;
#7283 = AXIS2_PLACEMENT_3D ( 'NONE', #7791, #3891, #2269 ) ;
#7284 = ORIENTED_EDGE ( 'NONE', *, *, #2885, .F. ) ;
#7285 = CARTESIAN_POINT ( 'NONE',  ( 84.48338804127510571, 20.99999999999957012, -63.40383350717173983 ) ) ;
#7286 = PLANE ( 'NONE',  #4082 ) ;
#7287 = CARTESIAN_POINT ( 'NONE',  ( 32.03989878038110817, 0.000000000000000000, 6.744732556983358940 ) ) ;
#7288 = FACE_OUTER_BOUND ( 'NONE', #8456, .T. ) ;
#7289 = CARTESIAN_POINT ( 'NONE',  ( -68.98035169643877396, 12.75833024919766068, 94.64586167234662639 ) ) ;
#7290 = VECTOR ( 'NONE', #9760, 1000.000000000000000 ) ;
#7291 = EDGE_LOOP ( 'NONE', ( #5638, #7868 ) ) ;
#7292 = DIRECTION ( 'NONE',  ( 0.5000000000000000000, 0.000000000000000000, 0.8660254037844385966 ) ) ;
#7293 = EDGE_LOOP ( 'NONE', ( #9344, #3536, #8961, #3732 ) ) ;
#7294 = DIRECTION ( 'NONE',  ( 0.5000000000000067724, 0.000000000000000000, 0.8660254037844347108 ) ) ;
#7295 = EDGE_CURVE ( 'NONE', #2744, #1734, #9248, .T. ) ;
#7297 = VECTOR ( 'NONE', #702, 1000.000000000000227 ) ;
#7296 = FACE_BOUND ( 'NONE', #3789, .T. ) ;
#7298 = ORIENTED_EDGE ( 'NONE', *, *, #3084, .F. ) ;
#7299 = AXIS2_PLACEMENT_3D ( 'NONE', #2772, #6773, #9746 ) ;
#7300 = ORIENTED_EDGE ( 'NONE', *, *, #234, .T. ) ;
#7301 = EDGE_CURVE ( 'NONE', #5466, #5317, #4838, .T. ) ;
#7302 = CARTESIAN_POINT ( 'NONE',  ( -14.07291281149758966, 0.000000000000000000, -45.62499999999995737 ) ) ;
#7303 = ORIENTED_EDGE ( 'NONE', *, *, #719, .F. ) ;
#7304 = CARTESIAN_POINT ( 'NONE',  ( 66.55495653808422674, 15.21673546576062286, 83.37431452178670099 ) ) ;
#7305 = VERTEX_POINT ( 'NONE', #7221 ) ;
#7306 = AXIS2_PLACEMENT_3D ( 'NONE', #10125, #691, #6985 ) ;
#7307 = EDGE_CURVE ( 'NONE', #2467, #6834, #191, .T. ) ;
#7308 = ORIENTED_EDGE ( 'NONE', *, *, #3337, .F. ) ;
#7309 = LINE ( 'NONE', #8877, #2155 ) ;
#7310 = CARTESIAN_POINT ( 'NONE',  ( 4.330127018922033777, 6.000000000000000000, 50.00000000000000000 ) ) ;
#7311 = VECTOR ( 'NONE', #1707, 1000.000000000000227 ) ;
#7312 = CARTESIAN_POINT ( 'NONE',  ( 41.13620667976131529, 147.4213562373095385, 28.74999999999999289 ) ) ;
#7313 = VERTEX_POINT ( 'NONE', #2648 ) ;
#7314 = CARTESIAN_POINT ( 'NONE',  ( 27.06329386826395123, 6.000000000000005329, 31.87499999999995737 ) ) ;
#7315 = CARTESIAN_POINT ( 'NONE',  ( 45.22221635007678486, 41.51624119651131650, -85.99860758460253862 ) ) ;
#7316 = VERTEX_POINT ( 'NONE', #2539 ) ;
#7317 = DIRECTION ( 'NONE',  ( -0.7030969734007184169, 0.2500000000000081601, -0.6656986149863506341 ) ) ;
#7318 = CARTESIAN_POINT ( 'NONE',  ( 79.87143568757761614, 17.25855025242404039, 57.12770181004840708 ) ) ;
#7319 = ORIENTED_EDGE ( 'NONE', *, *, #5890, .T. ) ;
#7320 = ORIENTED_EDGE ( 'NONE', *, *, #6206, .T. ) ;
#7321 = AXIS2_PLACEMENT_3D ( 'NONE', #1748, #8103, #182 ) ;
#7322 = CARTESIAN_POINT ( 'NONE',  ( 95.31102044180072141, -5.728164937518876343, 53.51072870777982615 ) ) ;
#7323 = EDGE_LOOP ( 'NONE', ( #5077, #9775, #3273, #2351 ) ) ;
#7324 = LINE ( 'NONE', #3276, #8579 ) ;
#7325 = EDGE_CURVE ( 'NONE', #1600, #9384, #8735, .T. ) ;
#7326 = DIRECTION ( 'NONE',  ( 1.000000000000000000, 0.000000000000000000, 0.000000000000000000 ) ) ;
#7327 = ORIENTED_EDGE ( 'NONE', *, *, #8891, .T. ) ;
#7328 = EDGE_CURVE ( 'NONE', #8152, #9920, #3380, .T. ) ;
#7329 = LINE ( 'NONE', #304, #9690 ) ;
#7330 = LINE ( 'NONE', #7278, #5675 ) ;
#7331 = DIRECTION ( 'NONE',  ( -0.8660254037844385966, 0.000000000000000000, 0.5000000000000001110 ) ) ;
#7332 = LINE ( 'NONE', #8899, #4722 ) ;
#7333 = DIRECTION ( 'NONE',  ( 0.8660254037844387076, -0.000000000000000000, 0.5000000000000001110 ) ) ;
#7334 = EDGE_CURVE ( 'NONE', #3251, #6598, #7324, .T. ) ;
#7335 = CARTESIAN_POINT ( 'NONE',  ( 66.05925076837610277, 5.499999999999678479, 65.91404579887013426 ) ) ;
#7336 = ORIENTED_EDGE ( 'NONE', *, *, #5496, .F. ) ;
#7337 = EDGE_CURVE ( 'NONE', #6598, #2848, #1425, .T. ) ;
#7338 = DIRECTION ( 'NONE',  ( -0.000000000000000000, -1.000000000000000000, -0.000000000000000000 ) ) ;
#7339 = DIRECTION ( 'NONE',  ( -1.000000000000000000, 0.000000000000000000, 0.000000000000000000 ) ) ;
#7340 = EDGE_CURVE ( 'NONE', #5033, #7931, #5767, .T. ) ;
#7341 = FACE_BOUND ( 'NONE', #9292, .T. ) ;
#7342 = VECTOR ( 'NONE', #3596, 1000.000000000000000 ) ;
#7343 = PLANE ( 'NONE',  #5518 ) ;
#7344 = AXIS2_PLACEMENT_3D ( 'NONE', #989, #2556, #1829 ) ;
#7345 = DIRECTION ( 'NONE',  ( 0.3420201433256701562, 1.073360150760649390E-14, -0.9396926207859078728 ) ) ;
#7346 = ORIENTED_EDGE ( 'NONE', *, *, #2567, .T. ) ;
#7347 = DATE_AND_TIME ( #3403, #7747 ) ;
#7348 = DIRECTION ( 'NONE',  ( -0.4999999999999996114, 0.000000000000000000, -0.8660254037844388186 ) ) ;
#7349 = EDGE_LOOP ( 'NONE', ( #677, #9669, #3884, #3434 ) ) ;
#7350 = PLANE ( 'NONE',  #2084 ) ;
#7351 = CARTESIAN_POINT ( 'NONE',  ( 45.46633369868351338, 147.4213562373095385, -21.24999999999999289 ) ) ;
#7352 = ORIENTED_EDGE ( 'NONE', *, *, #338, .F. ) ;
#7353 = VECTOR ( 'NONE', #1043, 1000.000000000000000 ) ;
#7354 = EDGE_LOOP ( 'NONE', ( #3705, #7352, #7676, #1212, #5193, #5497, #1221 ) ) ;
#7355 = VECTOR ( 'NONE', #3595, 1000.000000000000114 ) ;
#7356 = CARTESIAN_POINT ( 'NONE',  ( -11.26739772084300206, 147.4213562373095385, 34.51570532158540061 ) ) ;
#7357 = ORIENTED_EDGE ( 'NONE', *, *, #6726, .F. ) ;
#7358 = LINE ( 'NONE', #6631, #803 ) ;
#7359 = VERTEX_POINT ( 'NONE', #6492 ) ;
#7360 = VECTOR ( 'NONE', #6978, 1000.000000000000000 ) ;
#7361 = VECTOR ( 'NONE', #7522, 1000.000000000000114 ) ;
#7362 = VERTEX_POINT ( 'NONE', #4939 ) ;
#7363 = VECTOR ( 'NONE', #796, 1000.000000000000114 ) ;
#7364 = CARTESIAN_POINT ( 'NONE',  ( 48.32614877529362474, 0.000000000000000000, -48.34702753535147934 ) ) ;
#7365 = CARTESIAN_POINT ( 'NONE',  ( 14.06489273736415768, 0.000000000000000000, 18.11110882412113909 ) ) ;
#7366 = DIRECTION ( 'NONE',  ( -0.5000000000000003331, 0.000000000000000000, -0.8660254037844384856 ) ) ;
#7367 = ORIENTED_EDGE ( 'NONE', *, *, #2136, .T. ) ;
#7368 = DIRECTION ( 'NONE',  ( -0.8660254037844382635, 0.000000000000000000, 0.5000000000000006661 ) ) ;
#7369 = EDGE_CURVE ( 'NONE', #1319, #8709, #2488, .T. ) ;
#7370 = CARTESIAN_POINT ( 'NONE',  ( 100.0730928421691743, 24.75833024919774772, 69.98939073521847831 ) ) ;
#7371 = VERTEX_POINT ( 'NONE', #9675 ) ;
#7372 = LINE ( 'NONE', #3371, #924 ) ;
#7373 = CARTESIAN_POINT ( 'NONE',  ( 32.47595264191693332, 6.000000000000005329, 34.99999999999999289 ) ) ;
#7374 = ORIENTED_EDGE ( 'NONE', *, *, #9316, .T. ) ;
#7375 = VECTOR ( 'NONE', #10256, 1000.000000000000114 ) ;
#7376 = ORIENTED_EDGE ( 'NONE', *, *, #9818, .F. ) ;
#7377 = DIRECTION ( 'NONE',  ( 1.000000000000000000, 0.000000000000000000, 0.000000000000000000 ) ) ;
#7378 = ORIENTED_EDGE ( 'NONE', *, *, #4308, .F. ) ;
#7379 = LINE ( 'NONE', #1812, #4092 ) ;
#7380 = EDGE_CURVE ( 'NONE', #6060, #3232, #7379, .T. ) ;
#7381 = CARTESIAN_POINT ( 'NONE',  ( -4.330127018922339310, 147.4213562373095385, -49.99999999999999289 ) ) ;
#7382 = ORIENTED_EDGE ( 'NONE', *, *, #4575, .T. ) ;
#7383 = DIRECTION ( 'NONE',  ( -0.3420201433256684354, 1.190453985389084026E-14, -0.9396926207859085389 ) ) ;
#7384 = APPROVAL ( #6463, 'UNSPECIFIED' ) ;
#7385 = EDGE_CURVE ( 'NONE', #9003, #4502, #8840, .T. ) ;
#7386 = CARTESIAN_POINT ( 'NONE',  ( -63.16162830294773300, 10.16190326101922992, 67.09883832977484985 ) ) ;
#7387 = CARTESIAN_POINT ( 'NONE',  ( -32.47595264191693332, 6.000000000000005329, 34.99999999999999289 ) ) ;
#7388 = CARTESIAN_POINT ( 'NONE',  ( -41.13620667976131529, 6.000000000000005329, -7.500000000000000000 ) ) ;
#7389 = DIRECTION ( 'NONE',  ( -0.4698463103929487183, 0.8660254037844400399, 0.1710100716628430717 ) ) ;
#7390 = CARTESIAN_POINT ( 'NONE',  ( 45.46633369868351338, 0.000000000000000000, 42.49999999999998579 ) ) ;
#7391 = ORIENTED_EDGE ( 'NONE', *, *, #8998, .F. ) ;
#7392 = DIRECTION ( 'NONE',  ( 0.8789733129752198559, 0.4768709627114720573, 0.000000000000000000 ) ) ;
#7393 = DIRECTION ( 'NONE',  ( -6.713255375082617595E-16, 0.000000000000000000, -1.000000000000000000 ) ) ;
#7394 = AXIS2_PLACEMENT_3D ( 'NONE', #3806, #9323, #6964 ) ;
#7395 = CARTESIAN_POINT ( 'NONE',  ( 9.742785792575173076, 147.4213562373095385, -31.87499999999996447 ) ) ;
#7396 = LINE ( 'NONE', #3400, #1361 ) ;
#7397 = LINE ( 'NONE', #5785, #652 ) ;
#7398 = ORIENTED_EDGE ( 'NONE', *, *, #3815, .F. ) ;
#7399 = APPROVAL_DATE_TIME ( #4236, #5537 ) ;
#7400 = VECTOR ( 'NONE', #3441, 1000.000000000000227 ) ;
#7401 = EDGE_CURVE ( 'NONE', #5534, #5439, #1023, .T. ) ;
#7402 = EDGE_CURVE ( 'NONE', #7362, #1883, #8007, .T. ) ;
#7403 = AXIS2_PLACEMENT_3D ( 'NONE', #6313, #4760, #7 ) ;
#7404 = PLANE ( 'NONE',  #2603 ) ;
#7405 = VERTEX_POINT ( 'NONE', #3435 ) ;
#7406 = DIRECTION ( 'NONE',  ( -0.3420201433256682688, -1.201296007113938913E-14, 0.9396926207859085389 ) ) ;
#7407 = ORIENTED_EDGE ( 'NONE', *, *, #6509, .T. ) ;
#7408 = VECTOR ( 'NONE', #9981, 1000.000000000000000 ) ;
#7409 = VECTOR ( 'NONE', #7851, 1000.000000000000000 ) ;
#7410 = EDGE_LOOP ( 'NONE', ( #1028, #288, #2041, #1171 ) ) ;
#7411 = FACE_OUTER_BOUND ( 'NONE', #5665, .T. ) ;
#7412 = EDGE_LOOP ( 'NONE', ( #732, #2358, #8034, #7189 ) ) ;
#7413 = EDGE_CURVE ( 'NONE', #5423, #3347, #5607, .T. ) ;
#7414 = LINE ( 'NONE', #3467, #9625 ) ;
#7415 = EDGE_LOOP ( 'NONE', ( #3105, #4983, #2464 ) ) ;
#7416 = LINE ( 'NONE', #2003, #5989 ) ;
#7417 = ORIENTED_EDGE ( 'NONE', *, *, #2631, .T. ) ;
#7418 = DIRECTION ( 'NONE',  ( -0.5000000000000016653, 0.000000000000000000, -0.8660254037844375974 ) ) ;
#7419 = DIRECTION ( 'NONE',  ( -0.4999999999999997224, 0.000000000000000000, 0.8660254037844388186 ) ) ;
#7420 = VECTOR ( 'NONE', #9077, 1000.000000000000000 ) ;
#7421 = ORIENTED_EDGE ( 'NONE', *, *, #3352, .F. ) ;
#7422 = LINE ( 'NONE', #4929, #4873 ) ;
#7423 = FACE_OUTER_BOUND ( 'NONE', #772, .T. ) ;
#7424 = ORIENTED_EDGE ( 'NONE', *, *, #4176, .F. ) ;
#7425 = AXIS2_PLACEMENT_3D ( 'NONE', #1445, #8782, #5603 ) ;
#7426 = LINE ( 'NONE', #2013, #5916 ) ;
#7427 = CYLINDRICAL_SURFACE ( 'NONE', #1775, 6.999999999999941380 ) ;
#7428 = VERTEX_POINT ( 'NONE', #6599 ) ;
#7429 = VERTEX_POINT ( 'NONE', #820 ) ;
#7430 = CARTESIAN_POINT ( 'NONE',  ( -14.07291281149715090, 147.4213562373095385, -3.124999999999960920 ) ) ;
#7431 = VERTEX_POINT ( 'NONE', #8058 ) ;
#7432 = PLANE ( 'NONE',  #2147 ) ;
#7433 = LINE ( 'NONE', #9623, #6162 ) ;
#7434 = ORIENTED_EDGE ( 'NONE', *, *, #2693, .T. ) ;
#7435 = LINE ( 'NONE', #1711, #544 ) ;
#7436 = DIRECTION ( 'NONE',  ( -0.8789733129752218543, 0.4768709627114682825, 0.000000000000000000 ) ) ;
#7437 = CARTESIAN_POINT ( 'NONE',  ( 48.32614877529362474, 6.000000000000000000, -51.09702753535148645 ) ) ;
#7438 = CARTESIAN_POINT ( 'NONE',  ( 64.13382571541318100, 1.124999999999718225, 62.55280396009146671 ) ) ;
#7439 = CYLINDRICAL_SURFACE ( 'NONE', #9144, 61.96152422706639840 ) ;
#7440 = DIRECTION ( 'NONE',  ( -1.000000000000000000, 0.000000000000000000, 0.000000000000000000 ) ) ;
#7441 = ORIENTED_EDGE ( 'NONE', *, *, #3500, .F. ) ;
#7442 = LINE ( 'NONE', #8280, #7958 ) ;
#7443 = FACE_BOUND ( 'NONE', #7291, .T. ) ;
#7444 = VECTOR ( 'NONE', #3826, 1000.000000000000227 ) ;
#7445 = ADVANCED_FACE ( 'NONE', ( #7167 ), #2436, .F. ) ;
#7446 = CARTESIAN_POINT ( 'NONE',  ( -30.40590262964586188, 6.000000000000000000, 66.00000000000000000 ) ) ;
#7447 = CARTESIAN_POINT ( 'NONE',  ( -32.47595264191693332, 6.000000000000005329, 7.500000000000000888 ) ) ;
#7448 = DIRECTION ( 'NONE',  ( 0.5000000000000004441, 0.000000000000000000, 0.8660254037844383745 ) ) ;
#7449 = AXIS2_PLACEMENT_3D ( 'NONE', #3333, #4063, #5670 ) ;
#7450 = ORIENTED_EDGE ( 'NONE', *, *, #4984, .F. ) ;
#7451 = PERSON_AND_ORGANIZATION ( #8656, #593 ) ;
#7452 = PLANE ( 'NONE',  #5421 ) ;
#7453 = VERTEX_POINT ( 'NONE', #3590 ) ;
#7454 = CARTESIAN_POINT ( 'NONE',  ( 48.32614877529362474, 0.000000000000000000, -48.34702753535147934 ) ) ;
#7455 = VECTOR ( 'NONE', #7156, 1000.000000000000114 ) ;
#7456 = EDGE_CURVE ( 'NONE', #6427, #7157, #9988, .T. ) ;
#7457 = AXIS2_PLACEMENT_3D ( 'NONE', #8503, #3678, #2153 ) ;
#7458 = EDGE_CURVE ( 'NONE', #2247, #5361, #5822, .T. ) ;
#7459 = EDGE_CURVE ( 'NONE', #1689, #3116, #2855, .T. ) ;
#7460 = ORIENTED_EDGE ( 'NONE', *, *, #5280, .F. ) ;
#7461 = LINE ( 'NONE', #1109, #4293 ) ;
#7462 = ORIENTED_EDGE ( 'NONE', *, *, #7276, .T. ) ;
#7463 = DIRECTION ( 'NONE',  ( 1.000000000000000000, 0.000000000000000000, 0.000000000000000000 ) ) ;
#7464 = ADVANCED_FACE ( 'NONE', ( #9104 ), #5039, .T. ) ;
#7465 = ORIENTED_EDGE ( 'NONE', *, *, #9174, .F. ) ;
#7466 = VECTOR ( 'NONE', #1437, 1000.000000000000114 ) ;
#7467 = CIRCLE ( 'NONE', #2651, 61.96152422706639840 ) ;
#7468 = ADVANCED_FACE ( 'NONE', ( #5197, #9831, #507, #7536 ), #7432, .F. ) ;
#7469 = VECTOR ( 'NONE', #4495, 1000.000000000000000 ) ;
#7470 = FACE_OUTER_BOUND ( 'NONE', #1327, .T. ) ;
#7471 = ORIENTED_EDGE ( 'NONE', *, *, #9626, .T. ) ;
#7472 = DIRECTION ( 'NONE',  ( -0.8660254037844387076, 0.000000000000000000, 0.5000000000000001110 ) ) ;
#7473 = DIRECTION ( 'NONE',  ( 0.5000000000000004441, 0.000000000000000000, -0.8660254037844383745 ) ) ;
#7474 = ORIENTED_EDGE ( 'NONE', *, *, #4809, .F. ) ;
#7475 = CARTESIAN_POINT ( 'NONE',  ( 83.46282394258763304, -5.728384940746046539, 86.06226691517679228 ) ) ;
#7476 = AXIS2_PLACEMENT_3D ( 'NONE', #7677, #7623, #3733 ) ;
#7477 = DIRECTION ( 'NONE',  ( 0.000000000000000000, -1.000000000000000000, 0.000000000000000000 ) ) ;
#7478 = VERTEX_POINT ( 'NONE', #401 ) ;
#7479 = CARTESIAN_POINT ( 'NONE',  ( 46.54886545341427961, 147.4213562373095385, -31.87499999999998579 ) ) ;
#7480 = DIRECTION ( 'NONE',  ( -1.000000000000000000, 0.000000000000000000, 0.000000000000000000 ) ) ;
#7481 = ORIENTED_EDGE ( 'NONE', *, *, #2567, .F. ) ;
#7482 = VERTEX_POINT ( 'NONE', #9937 ) ;
#7483 = CARTESIAN_POINT ( 'NONE',  ( -85.07578430672701586, 14.99999999999994316, -61.77623814447289163 ) ) ;
#7484 = ORIENTED_EDGE ( 'NONE', *, *, #749, .T. ) ;
#7485 = VECTOR ( 'NONE', #10252, 1000.000000000000227 ) ;
#7486 = CARTESIAN_POINT ( 'NONE',  ( 49.99999999999999289, 0.000000000000000000, 50.00000000000000000 ) ) ;
#7487 = EDGE_CURVE ( 'NONE', #342, #4321, #5872, .T. ) ;
#7488 = DIRECTION ( 'NONE',  ( 0.3420201433256646606, 1.387778780781438576E-14, -0.9396926207859098712 ) ) ;
#7489 = ORIENTED_EDGE ( 'NONE', *, *, #2760, .T. ) ;
#7490 = CARTESIAN_POINT ( 'NONE',  ( 120.0772681300572486, 3.374999999998095301, -79.75614085263174502 ) ) ;
#7491 = CARTESIAN_POINT ( 'NONE',  ( 25.98076211353308551, 6.000000000000005329, -15.00000000000013323 ) ) ;
#7492 = DIRECTION ( 'NONE',  ( 0.000000000000000000, 0.000000000000000000, 1.000000000000000000 ) ) ;
#7493 = DIRECTION ( 'NONE',  ( 0.3420201433256876977, 0.000000000000000000, -0.9396926207859014335 ) ) ;
#7494 = DIRECTION ( 'NONE',  ( 0.4698463103929487183, 0.8660254037844400399, 0.1710100716628430717 ) ) ;
#7495 = DIRECTION ( 'NONE',  ( 0.5337593939265745657, 0.4330127018922076965, 0.7263614178872290772 ) ) ;
#7496 = AXIS2_PLACEMENT_3D ( 'NONE', #3796, #6953, #703 ) ;
#7497 = DIRECTION ( 'NONE',  ( -0.4698463103929532148, -0.8660254037844399289, 0.1710100716628305262 ) ) ;
#7498 = EDGE_CURVE ( 'NONE', #3537, #8683, #819, .T. ) ;
#7499 = EDGE_CURVE ( 'NONE', #8363, #4928, #1077, .T. ) ;
#7500 = ORIENTED_EDGE ( 'NONE', *, *, #7248, .T. ) ;
#7501 = DIRECTION ( 'NONE',  ( 0.4999999999999998890, 0.000000000000000000, -0.8660254037844385966 ) ) ;
#7502 = DIRECTION ( 'NONE',  ( -0.7660444431189713521, 0.000000000000000000, 0.6427876096865472455 ) ) ;
#7503 = CARTESIAN_POINT ( 'NONE',  ( 41.13620667976124423, 147.4213562373095385, 13.74999999999999822 ) ) ;
#7504 = CARTESIAN_POINT ( 'NONE',  ( -46.54886545341427961, 147.4213562373095385, 31.87499999999998579 ) ) ;
#7505 = LINE ( 'NONE', #1986, #9638 ) ;
#7506 = ADVANCED_FACE ( 'NONE', ( #1913 ), #3489, .T. ) ;
#7507 = CIRCLE ( 'NONE', #689, 51.96152422706639129 ) ;
#7508 = ORIENTED_EDGE ( 'NONE', *, *, #2168, .T. ) ;
#7509 = CARTESIAN_POINT ( 'NONE',  ( 14.07291281149715090, 0.000000000000000000, -3.124999999999960920 ) ) ;
#7510 = ORIENTED_EDGE ( 'NONE', *, *, #6202, .F. ) ;
#7511 = PLANE ( 'NONE',  #416 ) ;
#7512 = ORIENTED_EDGE ( 'NONE', *, *, #9897, .T. ) ;
#7513 = CARTESIAN_POINT ( 'NONE',  ( -10.17883965411063585, 147.4213562373095385, -31.11973255698393359 ) ) ;
#7514 = ORIENTED_EDGE ( 'NONE', *, *, #1067, .T. ) ;
#7515 = CARTESIAN_POINT ( 'NONE',  ( 4.330127018922120818, 0.000000000000000000, -13.74999999999999822 ) ) ;
#7516 = ORIENTED_EDGE ( 'NONE', *, *, #1766, .T. ) ;
#7517 = EDGE_CURVE ( 'NONE', #7428, #1500, #5093, .T. ) ;
#7518 = DIRECTION ( 'NONE',  ( 0.3420201433256701562, 1.073360150760649390E-14, 0.9396926207859079838 ) ) ;
#7519 = VERTEX_POINT ( 'NONE', #9214 ) ;
#7520 = DIRECTION ( 'NONE',  ( 0.3420201433257021306, 8.905821230581046347E-15, 0.9396926207858962155 ) ) ;
#7521 = EDGE_CURVE ( 'NONE', #9700, #3149, #8423, .T. ) ;
#7522 = DIRECTION ( 'NONE',  ( -0.3420201433256701562, 1.073360150760649232E-14, -0.9396926207859078728 ) ) ;
#7523 = ORIENTED_EDGE ( 'NONE', *, *, #2398, .F. ) ;
#7524 = CARTESIAN_POINT ( 'NONE',  ( 32.47595264191693332, 147.4213562373095385, 49.99999999999998579 ) ) ;
#7525 = DIRECTION ( 'NONE',  ( 0.8137976813493768002, 0.4999999999999983347, 0.2961981327260180819 ) ) ;
#7526 = ORIENTED_EDGE ( 'NONE', *, *, #3934, .T. ) ;
#7527 = DIRECTION ( 'NONE',  ( -0.000000000000000000, -1.000000000000000000, -0.000000000000000000 ) ) ;
#7528 = CARTESIAN_POINT ( 'NONE',  ( -78.20696522024194053, 13.49999999999980105, -42.66683018934131155 ) ) ;
#7529 = ORIENTED_EDGE ( 'NONE', *, *, #5094, .F. ) ;
#7530 = AXIS2_PLACEMENT_3D ( 'NONE', #3387, #9731, #5826 ) ;
#7531 = AXIS2_PLACEMENT_3D ( 'NONE', #2582, #7368, #6643 ) ;
#7532 = ORIENTED_EDGE ( 'NONE', *, *, #8455, .T. ) ;
#7533 = ADVANCED_FACE ( 'NONE', ( #1129 ), #455, .F. ) ;
#7534 = PLANE ( 'NONE',  #901 ) ;
#7535 = ORIENTED_EDGE ( 'NONE', *, *, #6146, .T. ) ;
#7536 = FACE_OUTER_BOUND ( 'NONE', #5030, .T. ) ;
#7537 = LINE ( 'NONE', #6856, #9648 ) ;
#7538 = ORIENTED_EDGE ( 'NONE', *, *, #8146, .F. ) ;
#7539 = CYLINDRICAL_SURFACE ( 'NONE', #474, 51.96152422706628471 ) ;
#7540 = DIRECTION ( 'NONE',  ( -0.8789733129752196339, -0.4768709627114723903, 0.000000000000000000 ) ) ;
#7541 = CARTESIAN_POINT ( 'NONE',  ( -66.05925076837610277, 5.499999999999678479, 65.91404579887013426 ) ) ;
#7542 = EDGE_CURVE ( 'NONE', #4922, #5844, #2801, .T. ) ;
#7543 = VECTOR ( 'NONE', #3016, 1000.000000000000000 ) ;
#7544 = DIRECTION ( 'NONE',  ( -0.8660254037844385966, 0.000000000000000000, -0.5000000000000001110 ) ) ;
#7545 = CARTESIAN_POINT ( 'NONE',  ( 64.25476978182084054, 2.249999999999781508, 67.91771286265469598 ) ) ;
#7546 = CARTESIAN_POINT ( 'NONE',  ( 120.3605317437894371, 2.249999999998087308, -79.65304132878252119 ) ) ;
#7547 = EDGE_CURVE ( 'NONE', #1090, #4135, #5143, .T. ) ;
#7548 = ORIENTED_EDGE ( 'NONE', *, *, #5436, .F. ) ;
#7549 = DIRECTION ( 'NONE',  ( -0.5000000000000000000, 0.000000000000000000, -0.8660254037844385966 ) ) ;
#7550 = LINE ( 'NONE', #414, #6915 ) ;
#7551 = CARTESIAN_POINT ( 'NONE',  ( 72.89294144958253696, -9.486715189943865312, -96.06992788138566652 ) ) ;
#7552 = FACE_OUTER_BOUND ( 'NONE', #7862, .T. ) ;
#7553 = CARTESIAN_POINT ( 'NONE',  ( 35.52517649845234615, 6.000000000000005329, -7.500000000000000000 ) ) ;
#7554 = DIRECTION ( 'NONE',  ( 0.5000000000000067724, 0.000000000000000000, -0.8660254037844347108 ) ) ;
#7555 = VERTEX_POINT ( 'NONE', #6752 ) ;
#7556 = LINE ( 'NONE', #5895, #5095 ) ;
#7557 = VERTEX_POINT ( 'NONE', #5976 ) ;
#7558 = CARTESIAN_POINT ( 'NONE',  ( 11.26739772084300917, 147.4213562373095385, 34.51570532158541482 ) ) ;
#7559 = VECTOR ( 'NONE', #5508, 1000.000000000000000 ) ;
#7560 = ORIENTED_EDGE ( 'NONE', *, *, #9235, .T. ) ;
#7561 = CARTESIAN_POINT ( 'NONE',  ( 32.47595264191693332, 6.000000000000005329, -28.74999999999999289 ) ) ;
#7562 = ORIENTED_EDGE ( 'NONE', *, *, #8916, .F. ) ;
#7563 = VECTOR ( 'NONE', #9481, 1000.000000000000000 ) ;
#7564 = DIRECTION ( 'NONE',  ( 0.5000000000000000000, 0.000000000000000000, -0.8660254037844385966 ) ) ;
#7565 = ORIENTED_EDGE ( 'NONE', *, *, #2563, .F. ) ;
#7566 = AXIS2_PLACEMENT_3D ( 'NONE', #10193, #6232, #6916 ) ;
#7567 = EDGE_CURVE ( 'NONE', #3138, #5239, #9161, .T. ) ;
#7568 = CARTESIAN_POINT ( 'NONE',  ( 28.14582562299473878, 147.4213562373095385, 42.49999999999998579 ) ) ;
#7569 = EDGE_LOOP ( 'NONE', ( #8668, #3485, #7249, #10034 ) ) ;
#7570 = VECTOR ( 'NONE', #1399, 1000.000000000000114 ) ;
#7571 = CARTESIAN_POINT ( 'NONE',  ( 96.95441172355114645, -1.986715189943526250, -67.94291491834901819 ) ) ;
#7572 = CARTESIAN_POINT ( 'NONE',  ( -11.26739772084300206, 6.000000000000005329, 34.51570532158540061 ) ) ;
#7573 = VERTEX_POINT ( 'NONE', #1232 ) ;
#7574 = DIRECTION ( 'NONE',  ( 0.9396926207859068736, 0.000000000000000000, 0.3420201433256732093 ) ) ;
#7575 = DIRECTION ( 'NONE',  ( -0.5000000000000001110, 0.000000000000000000, 0.8660254037844387076 ) ) ;
#7576 = VERTEX_POINT ( 'NONE', #4421 ) ;
#7577 = DIRECTION ( 'NONE',  ( -0.4698463103929487183, 0.8660254037844400399, -0.1710100716628430717 ) ) ;
#7578 = AXIS2_PLACEMENT_3D ( 'NONE', #10245, #5505, #763 ) ;
#7579 = FACE_BOUND ( 'NONE', #5071, .T. ) ;
#7580 = ORIENTED_EDGE ( 'NONE', *, *, #3885, .F. ) ;
#7581 = EDGE_CURVE ( 'NONE', #8108, #8713, #7838, .T. ) ;
#7582 = ORIENTED_EDGE ( 'NONE', *, *, #3217, .F. ) ;
#7583 = EDGE_CURVE ( 'NONE', #8990, #7573, #4647, .T. ) ;
#7584 = LINE ( 'NONE', #3641, #4574 ) ;
#7585 = ORIENTED_EDGE ( 'NONE', *, *, #1539, .T. ) ;
#7586 = CARTESIAN_POINT ( 'NONE',  ( 14.07291281149758966, 0.000000000000000000, 45.62499999999995737 ) ) ;
#7587 = VECTOR ( 'NONE', #7348, 1000.000000000000000 ) ;
#7588 = CARTESIAN_POINT ( 'NONE',  ( -22.73316684934198051, 6.000000000000005329, 45.62499999999995737 ) ) ;
#7589 = VERTEX_POINT ( 'NONE', #2172 ) ;
#7590 = LINE ( 'NONE', #1132, #6134 ) ;
#7591 = DIRECTION ( 'NONE',  ( 0.000000000000000000, 0.000000000000000000, -1.000000000000000000 ) ) ;
#7592 = CARTESIAN_POINT ( 'NONE',  ( 25.25907427704662567, 0.000000000000000000, 50.00000000000000000 ) ) ;
#7593 = EDGE_CURVE ( 'NONE', #3833, #8451, #5393, .T. ) ;
#7594 = DIRECTION ( 'NONE',  ( -6.938893903907227145E-17, 0.000000000000000000, 1.000000000000000000 ) ) ;
#7595 = DIRECTION ( 'NONE',  ( 0.9396926207859089830, 0.000000000000000000, 0.3420201433256669921 ) ) ;
#7596 = LINE ( 'NONE', #464, #10136 ) ;
#7597 = EDGE_CURVE ( 'NONE', #4508, #2363, #8669, .T. ) ;
#7598 = ORIENTED_EDGE ( 'NONE', *, *, #9335, .T. ) ;
#7599 = DIRECTION ( 'NONE',  ( -1.000000000000000000, 0.000000000000000000, 0.000000000000000000 ) ) ;
#7600 = VECTOR ( 'NONE', #8729, 1000.000000000000000 ) ;
#7601 = LINE ( 'NONE', #2921, #5580 ) ;
#7602 = EDGE_CURVE ( 'NONE', #5717, #5460, #1147, .T. ) ;
#7603 = FACE_OUTER_BOUND ( 'NONE', #7624, .T. ) ;
#7604 = VERTEX_POINT ( 'NONE', #6952 ) ;
#7605 = AXIS2_PLACEMENT_3D ( 'NONE', #6523, #1004, #3985 ) ;
#7606 = DIRECTION ( 'NONE',  ( -1.000000000000000000, -0.000000000000000000, -0.000000000000000000 ) ) ;
#7607 = LINE ( 'NONE', #6718, #8518 ) ;
#7608 = CARTESIAN_POINT ( 'NONE',  ( -71.13257910127276773, 11.62083487540109594, 82.97218668775971651 ) ) ;
#7609 = ORIENTED_EDGE ( 'NONE', *, *, #2246, .F. ) ;
#7610 = AXIS2_PLACEMENT_3D ( 'NONE', #6933, #6883, #2198 ) ;
#7611 = LINE ( 'NONE', #9232, #8752 ) ;
#7612 = ORIENTED_EDGE ( 'NONE', *, *, #4355, .F. ) ;
#7613 = DIRECTION ( 'NONE',  ( 0.8660254037844381525, -0.000000000000000000, 0.5000000000000008882 ) ) ;
#7614 = ORIENTED_EDGE ( 'NONE', *, *, #1296, .F. ) ;
#7615 = CARTESIAN_POINT ( 'NONE',  ( 25.98076211353308551, 0.000000000000000000, -15.00000000000013323 ) ) ;
#7616 = EDGE_LOOP ( 'NONE', ( #3910, #5687 ) ) ;
#7617 = LINE ( 'NONE', #538, #4479 ) ;
#7618 = ORIENTED_EDGE ( 'NONE', *, *, #4659, .T. ) ;
#7619 = EDGE_CURVE ( 'NONE', #7145, #1331, #4670, .T. ) ;
#7620 = CIRCLE ( 'NONE', #5793, 2.249999999999984013 ) ;
#7621 = EDGE_CURVE ( 'NONE', #4937, #1760, #5472, .T. ) ;
#7622 = ORIENTED_EDGE ( 'NONE', *, *, #690, .T. ) ;
#7623 = DIRECTION ( 'NONE',  ( -0.7030969734007282979, 0.2500000000000161537, -0.6656986149863370894 ) ) ;
#7624 = EDGE_LOOP ( 'NONE', ( #118, #5763, #2499, #960 ) ) ;
#7625 = AXIS2_PLACEMENT_3D ( 'NONE', #5177, #8348, #7564 ) ;
#7626 = ADVANCED_FACE ( 'NONE', ( #609 ), #10237, .F. ) ;
#7627 = CARTESIAN_POINT ( 'NONE',  ( 32.47595264191693332, 0.000000000000000000, 13.74999999999999467 ) ) ;
#7628 = VECTOR ( 'NONE', #1091, 1000.000000000000114 ) ;
#7629 = VERTEX_POINT ( 'NONE', #6997 ) ;
#7630 = PLANE ( 'NONE',  #7194 ) ;
#7631 = CARTESIAN_POINT ( 'NONE',  ( -45.46633369868351338, 6.000000000000005329, 42.49999999999998579 ) ) ;
#7632 = ORIENTED_EDGE ( 'NONE', *, *, #9536, .F. ) ;
#7633 = DIRECTION ( 'NONE',  ( -0.3420201433256682688, 1.201296007113939071E-14, 0.9396926207859086499 ) ) ;
#7634 = DIRECTION ( 'NONE',  ( -0.5337593939265845577, 0.4330127018922179105, -0.7263614178872156435 ) ) ;
#7635 = EDGE_CURVE ( 'NONE', #3774, #2773, #10186, .T. ) ;
#7636 = ORIENTED_EDGE ( 'NONE', *, *, #6880, .T. ) ;
#7637 = VECTOR ( 'NONE', #3601, 1000.000000000000114 ) ;
#7638 = VECTOR ( 'NONE', #7495, 1000.000000000000227 ) ;
#7639 = ORIENTED_EDGE ( 'NONE', *, *, #686, .F. ) ;
#7640 = DIRECTION ( 'NONE',  ( 0.5000000000000044409, 0.000000000000000000, 0.8660254037844360431 ) ) ;
#7641 = VERTEX_POINT ( 'NONE', #9261 ) ;
#7642 = CARTESIAN_POINT ( 'NONE',  ( -14.07291281149736051, 0.000000000000000000, 39.37499999999995737 ) ) ;
#7643 = DIRECTION ( 'NONE',  ( -0.4698463103929531592, 0.8660254037844399289, 0.1710100716628304984 ) ) ;
#7644 = VERTEX_POINT ( 'NONE', #6133 ) ;
#7645 = VECTOR ( 'NONE', #4301, 1000.000000000000000 ) ;
#7646 = DIRECTION ( 'NONE',  ( -0.3420201433256701562, 1.073360150760649232E-14, 0.9396926207859078728 ) ) ;
#7647 = CARTESIAN_POINT ( 'NONE',  ( 45.46633369868351338, 6.000000000000005329, -4.592625337882893652E-17 ) ) ;
#7648 = FACE_OUTER_BOUND ( 'NONE', #17, .T. ) ;
#7649 = DIRECTION ( 'NONE',  ( 0.4999999999999998890, 0.000000000000000000, -0.8660254037844385966 ) ) ;
#7650 = CARTESIAN_POINT ( 'NONE',  ( -4.330127018922264703, 6.000000000000005329, 13.74999999999999822 ) ) ;
#7651 = CIRCLE ( 'NONE', #8640, 6.999999999999941380 ) ;
#7652 = VERTEX_POINT ( 'NONE', #8618 ) ;
#7653 = CARTESIAN_POINT ( 'NONE',  ( -4.330127018922339310, 0.000000000000000000, 49.99999999999999289 ) ) ;
#7654 = ADVANCED_FACE ( 'NONE', ( #4572 ), #1488, .T. ) ;
#7655 = CARTESIAN_POINT ( 'NONE',  ( -50.00000000000000000, 147.4213562373095385, -37.85254037844263308 ) ) ;
#7656 = EDGE_CURVE ( 'NONE', #6755, #5293, #8798, .T. ) ;
#7657 = PLANE ( 'NONE',  #6320 ) ;
#7658 = ORIENTED_EDGE ( 'NONE', *, *, #9837, .F. ) ;
#7659 = DIRECTION ( 'NONE',  ( -1.000000000000000000, 0.000000000000000000, 1.001543065824772975E-16 ) ) ;
#7660 = EDGE_CURVE ( 'NONE', #5971, #3251, #10142, .T. ) ;
#7661 = AXIS2_PLACEMENT_3D ( 'NONE', #1503, #720, #35 ) ;
#7662 = CARTESIAN_POINT ( 'NONE',  ( -4.330127018922190096, 6.000000000000005329, 7.500000000000000888 ) ) ;
#7663 = DIRECTION ( 'NONE',  ( -0.8789733129752195229, 0.4768709627114725014, 0.000000000000000000 ) ) ;
#7664 = ORIENTED_EDGE ( 'NONE', *, *, #2238, .T. ) ;
#7665 = EDGE_CURVE ( 'NONE', #7672, #5236, #3990, .T. ) ;
#7666 = DIRECTION ( 'NONE',  ( -0.000000000000000000, 1.000000000000000000, -0.000000000000000000 ) ) ;
#7667 = CARTESIAN_POINT ( 'NONE',  ( 45.46633369868351338, 6.000000000000005329, 42.49999999999998579 ) ) ;
#7668 = CIRCLE ( 'NONE', #6006, 3.599999999999999201 ) ;
#7669 = EDGE_CURVE ( 'NONE', #2343, #1271, #3006, .T. ) ;
#7670 = ORIENTED_EDGE ( 'NONE', *, *, #2346, .F. ) ;
#7671 = LINE ( 'NONE', #1614, #9119 ) ;
#7672 = VERTEX_POINT ( 'NONE', #6275 ) ;
#7673 = ADVANCED_FACE ( 'NONE', ( #4723 ), #755, .F. ) ;
#7674 = CARTESIAN_POINT ( 'NONE',  ( -28.14582562299473878, 147.4213562373095385, -42.49999999999998579 ) ) ;
#7675 = ORIENTED_EDGE ( 'NONE', *, *, #10236, .T. ) ;
#7676 = ORIENTED_EDGE ( 'NONE', *, *, #3699, .F. ) ;
#7677 = CARTESIAN_POINT ( 'NONE',  ( -95.31102044180072141, -5.728164937518876343, 53.51072870777982615 ) ) ;
#7678 = ORIENTED_EDGE ( 'NONE', *, *, #5751, .T. ) ;
#7679 = FACE_BOUND ( 'NONE', #2052, .T. ) ;
#7680 = VERTEX_POINT ( 'NONE', #5347 ) ;
#7681 = CARTESIAN_POINT ( 'NONE',  ( 19.59551925823889462, 6.000000000000005329, -18.12499999999996092 ) ) ;
#7682 = CARTESIAN_POINT ( 'NONE',  ( 3.673940397442059967E-15, 6.000000000000005329, 30.00000000000000000 ) ) ;
#7683 = ORIENTED_EDGE ( 'NONE', *, *, #966, .T. ) ;
#7684 = AXIS2_PLACEMENT_3D ( 'NONE', #4648, #7919, #7818 ) ;
#7685 = FACE_BOUND ( 'NONE', #18, .T. ) ;
#7686 = ORIENTED_EDGE ( 'NONE', *, *, #1956, .F. ) ;
#7687 = VERTEX_POINT ( 'NONE', #8517 ) ;
#7688 = CARTESIAN_POINT ( 'NONE',  ( -45.46633369868351338, 147.4213562373095385, 42.49999999999998579 ) ) ;
#7689 = ORIENTED_EDGE ( 'NONE', *, *, #7499, .F. ) ;
#7690 = DIRECTION ( 'NONE',  ( 0.000000000000000000, 0.000000000000000000, -1.000000000000000000 ) ) ;
#7691 = VECTOR ( 'NONE', #1356, 999.9999999999998863 ) ;
#7692 = CARTESIAN_POINT ( 'NONE',  ( 83.46282394258763304, -5.728384940746046539, 86.06226691517679228 ) ) ;
#7693 = ORIENTED_EDGE ( 'NONE', *, *, #267, .F. ) ;
#7694 = FACE_OUTER_BOUND ( 'NONE', #4706, .T. ) ;
#7695 = CARTESIAN_POINT ( 'NONE',  ( -48.21495254706554334, 6.000000000000000000, -87.08787447931756276 ) ) ;
#7696 = AXIS2_PLACEMENT_3D ( 'NONE', #7395, #8492, #5214 ) ;
#7697 = DIRECTION ( 'NONE',  ( -0.3420201433256623846, 0.000000000000000000, -0.9396926207859106484 ) ) ;
#7698 = CARTESIAN_POINT ( 'NONE',  ( -48.18039637606665337, 4.500000000000002665, 87.18281677883985026 ) ) ;
#7699 = AXIS2_PLACEMENT_3D ( 'NONE', #6229, #761, #7942 ) ;
#7700 = PLANE ( 'NONE',  #1217 ) ;
#7701 = EDGE_LOOP ( 'NONE', ( #4931, #2037, #6127, #4518 ) ) ;
#7702 = ADVANCED_FACE ( 'NONE', ( #6181 ), #8474, .T. ) ;
#7703 = LINE ( 'NONE', #3854, #2077 ) ;
#7704 = CARTESIAN_POINT ( 'NONE',  ( 66.00000000000000000, 6.000000000000000000, 38.22385819845018062 ) ) ;
#7705 = VECTOR ( 'NONE', #4179, 1000.000000000000000 ) ;
#7707 = VECTOR ( 'NONE', #8410, 1000.000000000000341 ) ;
#7706 = DIRECTION ( 'NONE',  ( 0.8789733129752196339, 0.4768709627114723348, 0.000000000000000000 ) ) ;
#7708 = ORIENTED_EDGE ( 'NONE', *, *, #529, .T. ) ;
#7709 = EDGE_CURVE ( 'NONE', #9250, #6381, #6806, .T. ) ;
#7710 = DIRECTION ( 'NONE',  ( -0.8789733129752212992, -0.4768709627114694483, 0.000000000000000000 ) ) ;
#7711 = DIRECTION ( 'NONE',  ( 0.8789733129752195229, 0.4768709627114725014, 0.000000000000000000 ) ) ;
#7712 = DIRECTION ( 'NONE',  ( -0.5000000000000067724, 0.000000000000000000, -0.8660254037844347108 ) ) ;
#7713 = EDGE_LOOP ( 'NONE', ( #2994, #8133, #3101, #295 ) ) ;
#7714 = FACE_OUTER_BOUND ( 'NONE', #8974, .T. ) ;
#7715 = VECTOR ( 'NONE', #5401, 1000.000000000000000 ) ;
#7716 = PLANE ( 'NONE',  #7226 ) ;
#7717 = AXIS2_PLACEMENT_3D ( 'NONE', #6688, #10033, #6074 ) ;
#7718 = EDGE_CURVE ( 'NONE', #5460, #342, #4874, .T. ) ;
#7719 = ORIENTED_EDGE ( 'NONE', *, *, #7385, .T. ) ;
#7720 = CYLINDRICAL_SURFACE ( 'NONE', #4629, 2.249999999999988898 ) ;
#7721 = EDGE_CURVE ( 'NONE', #1925, #6988, #8043, .T. ) ;
#7722 = ORIENTED_EDGE ( 'NONE', *, *, #2364, .T. ) ;
#7723 = CARTESIAN_POINT ( 'NONE',  ( 25.25907427704662922, 147.4213562373095385, -50.00000000000000000 ) ) ;
#7724 = VERTEX_POINT ( 'NONE', #4146 ) ;
#7725 = VECTOR ( 'NONE', #6263, 1000.000000000000000 ) ;
#7726 = ORIENTED_EDGE ( 'NONE', *, *, #3189, .F. ) ;
#7727 = CARTESIAN_POINT ( 'NONE',  ( 46.54886545341405935, 6.000000000000005329, -10.62499999999999822 ) ) ;
#7728 = ORIENTED_EDGE ( 'NONE', *, *, #6819, .T. ) ;
#7729 = ADVANCED_FACE ( 'NONE', ( #9608 ), #5753, .T. ) ;
#7730 = LINE ( 'NONE', #2159, #6869 ) ;
#7731 = AXIS2_PLACEMENT_3D ( 'NONE', #1205, #7613, #6056 ) ;
#7732 = ORIENTED_EDGE ( 'NONE', *, *, #8073, .F. ) ;
#7733 = EDGE_CURVE ( 'NONE', #7453, #7819, #4094, .T. ) ;
#7734 = DIRECTION ( 'NONE',  ( -1.000000000000000000, 0.000000000000000000, 1.001543065824773222E-16 ) ) ;
#7735 = FACE_OUTER_BOUND ( 'NONE', #752, .T. ) ;
#7736 = EDGE_LOOP ( 'NONE', ( #3154, #6657, #4080, #4635 ) ) ;
#7737 = FACE_BOUND ( 'NONE', #4271, .T. ) ;
#7738 = ORIENTED_EDGE ( 'NONE', *, *, #2319, .T. ) ;
#7739 = AXIS2_PLACEMENT_3D ( 'NONE', #5617, #8795, #1713 ) ;
#7740 = VERTEX_POINT ( 'NONE', #5702 ) ;
#7741 = VECTOR ( 'NONE', #935, 1000.000000000000000 ) ;
#7742 = ORIENTED_EDGE ( 'NONE', *, *, #10112, .F. ) ;
#7743 = DIRECTION ( 'NONE',  ( -0.3420201433256701562, 1.073360150760649232E-14, 0.9396926207859078728 ) ) ;
#7744 = CARTESIAN_POINT ( 'NONE',  ( -8.660254037844532959, 6.000000000000005329, -42.49999999999999289 ) ) ;
#7745 = ORIENTED_EDGE ( 'NONE', *, *, #6695, .T. ) ;
#7746 = DIRECTION ( 'NONE',  ( -0.9396926207859089830, 0.000000000000000000, -0.3420201433256669921 ) ) ;
#7747 = LOCAL_TIME ( 15, 19, 45.00000000000000000, #4183 ) ;
#7748 = ORIENTED_EDGE ( 'NONE', *, *, #869, .F. ) ;
#7749 = CARTESIAN_POINT ( 'NONE',  ( -11.54700538379295516, 0.000000000000000000, 50.00000000000000000 ) ) ;
#7750 = DIRECTION ( 'NONE',  ( -0.8660254037844387076, 0.000000000000000000, -0.5000000000000001110 ) ) ;
#7751 = VECTOR ( 'NONE', #7757, 1000.000000000000000 ) ;
#7752 = CARTESIAN_POINT ( 'NONE',  ( 83.57150303714189477, 30.23589553796796636, -65.90921696516618056 ) ) ;
#7753 = CARTESIAN_POINT ( 'NONE',  ( 65.96487049844922979, 2.249999999999727773, 63.21924975872500596 ) ) ;
#7754 = VERTEX_POINT ( 'NONE', #7995 ) ;
#7755 = CARTESIAN_POINT ( 'NONE',  ( 1.387778780781445676E-14, 147.4213562373095385, 41.25149317610432576 ) ) ;
#7756 = VECTOR ( 'NONE', #178, 1000.000000000000000 ) ;
#7757 = DIRECTION ( 'NONE',  ( 0.5000000000000013323, 0.000000000000000000, -0.8660254037844379305 ) ) ;
#7758 = FACE_OUTER_BOUND ( 'NONE', #3314, .T. ) ;
#7759 = ORIENTED_EDGE ( 'NONE', *, *, #2238, .F. ) ;
#7760 = DIRECTION ( 'NONE',  ( 0.000000000000000000, 0.000000000000000000, -1.000000000000000000 ) ) ;
#7761 = CARTESIAN_POINT ( 'NONE',  ( -14.07291281149736051, 6.000000000000005329, 39.37499999999995737 ) ) ;
#7762 = DIRECTION ( 'NONE',  ( -0.4698463103929487183, 0.8660254037844399289, 0.1710100716628430717 ) ) ;
#7763 = ORIENTED_EDGE ( 'NONE', *, *, #5244, .F. ) ;
#7764 = AXIS2_PLACEMENT_3D ( 'NONE', #7947, #713, #764 ) ;
#7765 = CARTESIAN_POINT ( 'NONE',  ( -4.330127018922190096, 0.000000000000000000, 7.500000000000000888 ) ) ;
#7766 = DIRECTION ( 'NONE',  ( 0.000000000000000000, -1.000000000000000000, 0.000000000000000000 ) ) ;
#7767 = ORIENTED_EDGE ( 'NONE', *, *, #1162, .T. ) ;
#7768 = CARTESIAN_POINT ( 'NONE',  ( 79.02598022036026748, -7.769979724182478620, -87.91339593296397936 ) ) ;
#7769 = EDGE_LOOP ( 'NONE', ( #4203, #7096, #6420, #3686 ) ) ;
#7770 = CYLINDRICAL_SURFACE ( 'NONE', #3969, 3.600000000000008527 ) ;
#7771 = EDGE_CURVE ( 'NONE', #1587, #8451, #2471, .T. ) ;
#7772 = DIRECTION ( 'NONE',  ( -0.8789733129752195229, 0.4768709627114725014, 0.000000000000000000 ) ) ;
#7773 = ORIENTED_EDGE ( 'NONE', *, *, #3049, .F. ) ;
#7774 = VECTOR ( 'NONE', #4243, 1000.000000000000000 ) ;
#7775 = ADVANCED_FACE ( 'NONE', ( #8827 ), #4197, .F. ) ;
#7776 = EDGE_CURVE ( 'NONE', #4603, #4532, #2524, .T. ) ;
#7777 = FACE_BOUND ( 'NONE', #8393, .T. ) ;
#7778 = ORIENTED_EDGE ( 'NONE', *, *, #2956, .F. ) ;
#7779 = PLANE ( 'NONE',  #1885 ) ;
#7780 = EDGE_CURVE ( 'NONE', #9927, #15, #7309, .T. ) ;
#7781 = DIRECTION ( 'NONE',  ( -0.000000000000000000, -1.000000000000000000, -0.000000000000000000 ) ) ;
#7782 = ORIENTED_EDGE ( 'NONE', *, *, #9787, .T. ) ;
#7783 = LINE ( 'NONE', #6992, #5972 ) ;
#7784 = EDGE_LOOP ( 'NONE', ( #6390, #8705, #562, #9924 ) ) ;
#7785 = EDGE_CURVE ( 'NONE', #6723, #6018, #125, .T. ) ;
#7786 = ORIENTED_EDGE ( 'NONE', *, *, #9976, .F. ) ;
#7787 = ORIENTED_EDGE ( 'NONE', *, *, #10001, .T. ) ;
#7788 = DIRECTION ( 'NONE',  ( 0.3420201433256682688, 1.201296007113938913E-14, 0.9396926207859085389 ) ) ;
#7789 = VECTOR ( 'NONE', #1491, 1000.000000000000000 ) ;
#7790 = DIRECTION ( 'NONE',  ( 0.4698463103929531592, 0.8660254037844399289, 0.1710100716628304984 ) ) ;
#7791 = CARTESIAN_POINT ( 'NONE',  ( 48.18039637606665337, 6.000000000000000000, -87.18281677883985026 ) ) ;
#7792 = ORIENTED_EDGE ( 'NONE', *, *, #9917, .T. ) ;
#7793 = LINE ( 'NONE', #662, #6038 ) ;
#7794 = VECTOR ( 'NONE', #6783, 1000.000000000000000 ) ;
#7795 = CARTESIAN_POINT ( 'NONE',  ( -48.18039637606665337, 6.000000000000000000, -87.18281677883985026 ) ) ;
#7796 = LINE ( 'NONE', #7752, #2576 ) ;
#7797 = CARTESIAN_POINT ( 'NONE',  ( -8.660254037844387298, 6.000000000000005329, -8.590526202073901000E-16 ) ) ;
#7798 = ORIENTED_EDGE ( 'NONE', *, *, #7776, .T. ) ;
#7799 = DIRECTION ( 'NONE',  ( -0.8137976813493694728, 0.4999999999999978906, 0.2961981327260391761 ) ) ;
#7800 = ORIENTED_EDGE ( 'NONE', *, *, #5315, .T. ) ;
#7801 = EDGE_CURVE ( 'NONE', #5894, #2588, #3155, .T. ) ;
#7802 = VECTOR ( 'NONE', #9661, 1000.000000000000227 ) ;
#7803 = CARTESIAN_POINT ( 'NONE',  ( -50.00000000000000000, 6.000000000000000000, -50.00000000000000000 ) ) ;
#7804 = DIRECTION ( 'NONE',  ( 0.000000000000000000, 0.000000000000000000, -1.000000000000000000 ) ) ;
#7805 = EDGE_LOOP ( 'NONE', ( #4835, #5135, #2458, #5092 ) ) ;
#7806 = AXIS2_PLACEMENT_3D ( 'NONE', #5673, #8848, #1715 ) ;
#7807 = DIRECTION ( 'NONE',  ( 0.000000000000000000, 0.000000000000000000, -1.000000000000000000 ) ) ;
#7808 = DIRECTION ( 'NONE',  ( -0.8137976813493628114, 0.4999999999999978906, 0.2961981327260574393 ) ) ;
#7809 = ADVANCED_FACE ( 'NONE', ( #2371 ), #1741, .T. ) ;
#7810 = EDGE_CURVE ( 'NONE', #8654, #1883, #1591, .T. ) ;
#7811 = LINE ( 'NONE', #8495, #8470 ) ;
#7812 = VECTOR ( 'NONE', #2974, 1000.000000000000000 ) ;
#7813 = VERTEX_POINT ( 'NONE', #3993 ) ;
#7814 = CARTESIAN_POINT ( 'NONE',  ( 66.08581456485691774, 3.374999999999789502, -68.58415866128822813 ) ) ;
#7815 = FACE_OUTER_BOUND ( 'NONE', #5431, .T. ) ;
#7816 = VECTOR ( 'NONE', #8112, 1000.000000000000227 ) ;
#7817 = EDGE_CURVE ( 'NONE', #1337, #3062, #3363, .T. ) ;
#7818 = DIRECTION ( 'NONE',  ( -0.8789733129752196339, 0.4768709627114723348, 0.000000000000000000 ) ) ;
#7819 = VERTEX_POINT ( 'NONE', #3206 ) ;
#7820 = VERTEX_POINT ( 'NONE', #6376 ) ;
#7821 = CARTESIAN_POINT ( 'NONE',  ( -14.07291281149715090, 147.4213562373095385, -3.124999999999960920 ) ) ;
#7822 = LINE ( 'NONE', #6261, #10287 ) ;
#7823 = VERTEX_POINT ( 'NONE', #9557 ) ;
#7824 = EDGE_CURVE ( 'NONE', #4825, #9137, #2422, .T. ) ;
#7825 = CARTESIAN_POINT ( 'NONE',  ( -50.00000000000000000, 147.4213562373095385, 25.89745962155734205 ) ) ;
#7826 = ORIENTED_EDGE ( 'NONE', *, *, #4395, .F. ) ;
#7827 = ADVANCED_FACE ( 'NONE', ( #1644 ), #857, .F. ) ;
#7828 = ORIENTED_EDGE ( 'NONE', *, *, #3607, .F. ) ;
#7829 = LINE ( 'NONE', #8510, #9210 ) ;
#7830 = CARTESIAN_POINT ( 'NONE',  ( 25.25907427704662922, 0.000000000000000000, -50.00000000000000000 ) ) ;
#7831 = EDGE_LOOP ( 'NONE', ( #7562, #6721, #133, #6974 ) ) ;
#7832 = DIRECTION ( 'NONE',  ( -0.5000000000000001110, 0.000000000000000000, 0.8660254037844387076 ) ) ;
#7833 = VERTEX_POINT ( 'NONE', #3572 ) ;
#7834 = VECTOR ( 'NONE', #4480, 1000.000000000000114 ) ;
#7835 = VERTEX_POINT ( 'NONE', #5182 ) ;
#7836 = ORIENTED_EDGE ( 'NONE', *, *, #1801, .F. ) ;
#7837 = ADVANCED_FACE ( 'NONE', ( #6736 ), #1268, .F. ) ;
#7838 = LINE ( 'NONE', #1540, #10135 ) ;
#7839 = FACE_OUTER_BOUND ( 'NONE', #4570, .T. ) ;
#7840 = LINE ( 'NONE', #704, #4474 ) ;
#7841 = CIRCLE ( 'NONE', #2522, 3.599999999999993872 ) ;
#7842 = ORIENTED_EDGE ( 'NONE', *, *, #5060, .T. ) ;
#7843 = DIRECTION ( 'NONE',  ( -0.000000000000000000, -1.000000000000000000, -0.000000000000000000 ) ) ;
#7844 = FACE_OUTER_BOUND ( 'NONE', #9107, .T. ) ;
#7845 = DIRECTION ( 'NONE',  ( -0.5000000000000004441, 0.000000000000000000, -0.8660254037844383745 ) ) ;
#7846 = CARTESIAN_POINT ( 'NONE',  ( -22.73316684934176379, 6.000000000000005329, 39.37499999999995737 ) ) ;
#7847 = EDGE_CURVE ( 'NONE', #5766, #3900, #8198, .T. ) ;
#7848 = EDGE_LOOP ( 'NONE', ( #6066, #10179, #6174, #8421 ) ) ;
#7849 = DIRECTION ( 'NONE',  ( -0.3420201433256876977, -0.000000000000000000, -0.9396926207859014335 ) ) ;
#7850 = ORIENTED_EDGE ( 'NONE', *, *, #8731, .T. ) ;
#7851 = DIRECTION ( 'NONE',  ( -0.000000000000000000, -1.000000000000000000, -0.000000000000000000 ) ) ;
#7852 = CARTESIAN_POINT ( 'NONE',  ( -41.13620667976131529, 0.000000000000000000, 34.99999999999999289 ) ) ;
#7853 = ORIENTED_EDGE ( 'NONE', *, *, #5851, .T. ) ;
#7854 = CIRCLE ( 'NONE', #6201, 61.96152422706639840 ) ;
#7855 = EDGE_CURVE ( 'NONE', #7268, #5344, #4353, .T. ) ;
#7856 = VECTOR ( 'NONE', #8991, 999.9999999999998863 ) ;
#7857 = DIRECTION ( 'NONE',  ( 0.8789733129752220764, 0.4768709627114680605, 3.965082230804165324E-15 ) ) ;
#7858 = LINE ( 'NONE', #725, #2133 ) ;
#7859 = EDGE_CURVE ( 'NONE', #7861, #1452, #1061, .T. ) ;
#7860 = FACE_OUTER_BOUND ( 'NONE', #9505, .T. ) ;
#7861 = VERTEX_POINT ( 'NONE', #5854 ) ;
#7862 = EDGE_LOOP ( 'NONE', ( #4777, #8195, #8040, #8814 ) ) ;
#7863 = VECTOR ( 'NONE', #48, 1000.000000000000227 ) ;
#7864 = CARTESIAN_POINT ( 'NONE',  ( 73.43319330435939207, 12.75833024919765002, -82.41177990217744309 ) ) ;
#7865 = AXIS2_PLACEMENT_3D ( 'NONE', #7211, #4831, #3315 ) ;
#7866 = LINE ( 'NONE', #4695, #7563 ) ;
#7867 = ORIENTED_EDGE ( 'NONE', *, *, #6059, .T. ) ;
#7868 = ORIENTED_EDGE ( 'NONE', *, *, #3547, .T. ) ;
#7869 = LINE ( 'NONE', #733, #3878 ) ;
#7870 = ORIENTED_EDGE ( 'NONE', *, *, #1107, .T. ) ;
#7871 = CARTESIAN_POINT ( 'NONE',  ( -58.69381895926685644, 1.499999999999727329, 65.89369228902688747 ) ) ;
#7872 = VECTOR ( 'NONE', #3652, 1000.000000000000000 ) ;
#7873 = CYLINDRICAL_SURFACE ( 'NONE', #1309, 2.750000000000002665 ) ;
#7874 = ORIENTED_EDGE ( 'NONE', *, *, #9235, .F. ) ;
#7875 = CARTESIAN_POINT ( 'NONE',  ( -9.742785792575173076, 0.000000000000000000, -31.87499999999996447 ) ) ;
#7876 = FACE_OUTER_BOUND ( 'NONE', #240, .T. ) ;
#7877 = EDGE_LOOP ( 'NONE', ( #9716, #2992, #9611, #6026 ) ) ;
#7878 = VERTEX_POINT ( 'NONE', #9089 ) ;
#7879 = CARTESIAN_POINT ( 'NONE',  ( -28.14582562299473878, 147.4213562373095385, -42.49999999999998579 ) ) ;
#7880 = CARTESIAN_POINT ( 'NONE',  ( 48.32614877529362474, 0.000000000000000000, -45.59702753535147224 ) ) ;
#7881 = VERTEX_POINT ( 'NONE', #1215 ) ;
#7882 = FACE_OUTER_BOUND ( 'NONE', #7701, .T. ) ;
#7883 = ORIENTED_EDGE ( 'NONE', *, *, #3669, .T. ) ;
#7884 = EDGE_CURVE ( 'NONE', #5663, #9679, #3525, .T. ) ;
#7885 = ORIENTED_EDGE ( 'NONE', *, *, #1638, .F. ) ;
#7886 = ORIENTED_EDGE ( 'NONE', *, *, #6129, .T. ) ;
#7887 = CARTESIAN_POINT ( 'NONE',  ( 32.47595264191693332, 147.4213562373095385, -49.99999999999998579 ) ) ;
#7888 = CIRCLE ( 'NONE', #8719, 6.999999999999941380 ) ;
#7889 = FACE_OUTER_BOUND ( 'NONE', #7293, .T. ) ;
#7890 = DIRECTION ( 'NONE',  ( 0.8789733129752198559, 0.4768709627114720573, 0.000000000000000000 ) ) ;
#7891 = VERTEX_POINT ( 'NONE', #8986 ) ;
#7892 = DIRECTION ( 'NONE',  ( -0.3420201433256876977, -0.000000000000000000, 0.9396926207859014335 ) ) ;
#7893 = CARTESIAN_POINT ( 'NONE',  ( 48.34702753535132302, 0.000000000000000000, 48.32614877529382369 ) ) ;
#7894 = LINE ( 'NONE', #3015, #10232 ) ;
#7895 = VECTOR ( 'NONE', #8846, 1000.000000000000114 ) ;
#7896 = CARTESIAN_POINT ( 'NONE',  ( 24.25777877760970824, 0.000000000000000000, -27.01570532158559956 ) ) ;
#7897 = EDGE_CURVE ( 'NONE', #8363, #1283, #9865, .T. ) ;
#7898 = VECTOR ( 'NONE', #4394, 1000.000000000000000 ) ;
#7899 = ORIENTED_EDGE ( 'NONE', *, *, #8015, .F. ) ;
#7900 = PLANE ( 'NONE',  #7394 ) ;
#7901 = ORIENTED_EDGE ( 'NONE', *, *, #2367, .F. ) ;
#7902 = DIRECTION ( 'NONE',  ( 0.000000000000000000, 0.000000000000000000, -1.000000000000000000 ) ) ;
#7903 = VECTOR ( 'NONE', #9487, 1000.000000000000114 ) ;
#7904 = PLANE ( 'NONE',  #10152 ) ;
#7905 = VERTEX_POINT ( 'NONE', #5959 ) ;
#7906 = ADVANCED_FACE ( 'NONE', ( #6585, #8350, #9764, #6637 ), #2630, .F. ) ;
#7907 = EDGE_CURVE ( 'NONE', #4937, #2731, #5024, .T. ) ;
#7908 = VECTOR ( 'NONE', #4786, 1000.000000000000000 ) ;
#7909 = DIRECTION ( 'NONE',  ( -1.000000000000000000, -0.000000000000000000, -0.000000000000000000 ) ) ;
#7910 = PLANE ( 'NONE',  #5292 ) ;
#7911 = DIRECTION ( 'NONE',  ( 1.000000000000000000, 0.000000000000000000, 6.713255375082617595E-16 ) ) ;
#7912 = EDGE_CURVE ( 'NONE', #1420, #122, #7416, .T. ) ;
#7913 = ORIENTED_EDGE ( 'NONE', *, *, #5692, .F. ) ;
#7914 = VECTOR ( 'NONE', #8132, 1000.000000000000000 ) ;
#7915 = VERTEX_POINT ( 'NONE', #2733 ) ;
#7916 = EDGE_CURVE ( 'NONE', #6018, #9007, #9195, .T. ) ;
#7917 = DIRECTION ( 'NONE',  ( 0.000000000000000000, 0.000000000000000000, -1.000000000000000000 ) ) ;
#7918 = CYLINDRICAL_SURFACE ( 'NONE', #4264, 2.750000000000002665 ) ;
#7919 = DIRECTION ( 'NONE',  ( 0.4698463103929532703, 0.8660254037844400399, -0.1710100716628305539 ) ) ;
#7920 = DIRECTION ( 'NONE',  ( 0.000000000000000000, 0.000000000000000000, -1.000000000000000000 ) ) ;
#7921 = ORIENTED_EDGE ( 'NONE', *, *, #8422, .T. ) ;
#7922 = FACE_OUTER_BOUND ( 'NONE', #7349, .T. ) ;
#7923 = CARTESIAN_POINT ( 'NONE',  ( -48.32614877529397290, 0.000000000000000000, 48.34702753535113828 ) ) ;
#7924 = VERTEX_POINT ( 'NONE', #4401 ) ;
#7925 = CARTESIAN_POINT ( 'NONE',  ( 8.660254037844387298, 0.000000000000000000, -4.592625337882893652E-17 ) ) ;
#7926 = CARTESIAN_POINT ( 'NONE',  ( 27.06329386826395123, 147.4213562373095385, -31.87499999999995737 ) ) ;
#7927 = ORIENTED_EDGE ( 'NONE', *, *, #4740, .T. ) ;
#7928 = ORIENTED_EDGE ( 'NONE', *, *, #1731, .F. ) ;
#7929 = CARTESIAN_POINT ( 'NONE',  ( -10.17883965411063585, 6.000000000000005329, -31.11973255698393359 ) ) ;
#7930 = CARTESIAN_POINT ( 'NONE',  ( -48.34702753535164277, 6.000000000000000000, -48.32614877529346842 ) ) ;
#7931 = VERTEX_POINT ( 'NONE', #3472 ) ;
#7932 = ADVANCED_FACE ( 'NONE', ( #7470 ), #2051, .T. ) ;
#7933 = EDGE_CURVE ( 'NONE', #3153, #1234, #1490, .T. ) ;
#7934 = DIRECTION ( 'NONE',  ( 0.1107007079486503343, -0.2499999999999891476, 0.9618967477123898657 ) ) ;
#7935 = ORIENTED_EDGE ( 'NONE', *, *, #7325, .T. ) ;
#7936 = ORIENTED_EDGE ( 'NONE', *, *, #3944, .F. ) ;
#7937 = ORIENTED_EDGE ( 'NONE', *, *, #9749, .T. ) ;
#7938 = DIRECTION ( 'NONE',  ( 0.000000000000000000, 0.000000000000000000, -1.000000000000000000 ) ) ;
#7939 = DIRECTION ( 'NONE',  ( -0.000000000000000000, -1.000000000000000000, -0.000000000000000000 ) ) ;
#7940 = CARTESIAN_POINT ( 'NONE',  ( 45.46633369868351338, 6.000000000000005329, -42.49999999999998579 ) ) ;
#7941 = ORIENTED_EDGE ( 'NONE', *, *, #5879, .F. ) ;
#7942 = DIRECTION ( 'NONE',  ( -0.4999999999999997780, 0.000000000000000000, -0.8660254037844387076 ) ) ;
#7943 = EDGE_CURVE ( 'NONE', #2892, #8926, #5906, .T. ) ;
#7944 = AXIS2_PLACEMENT_3D ( 'NONE', #8690, #146, #2494 ) ;
#7945 = DIRECTION ( 'NONE',  ( 0.000000000000000000, 1.000000000000000000, 0.000000000000000000 ) ) ;
#7946 = CARTESIAN_POINT ( 'NONE',  ( -120.0772681300572486, 3.374999999998095301, 79.75614085263174502 ) ) ;
#7947 = CARTESIAN_POINT ( 'NONE',  ( -14.07291281149758966, 147.4213562373095385, -45.62499999999995737 ) ) ;
#7948 = ORIENTED_EDGE ( 'NONE', *, *, #2379, .T. ) ;
#7949 = CARTESIAN_POINT ( 'NONE',  ( 46.54886545341427961, 6.000000000000005329, 31.87499999999998579 ) ) ;
#7950 = EDGE_LOOP ( 'NONE', ( #7298, #10200, #9352, #3518 ) ) ;
#7951 = AXIS2_PLACEMENT_3D ( 'NONE', #6587, #3422, #909 ) ;
#7952 = CARTESIAN_POINT ( 'NONE',  ( 63.00726380300934437, 41.51624119651383182, 37.13459130373446726 ) ) ;
#7953 = DIRECTION ( 'NONE',  ( -0.3420201433256876422, 0.000000000000000000, 0.9396926207859014335 ) ) ;
#7954 = VERTEX_POINT ( 'NONE', #1950 ) ;
#7955 = VECTOR ( 'NONE', #6835, 1000.000000000000000 ) ;
#7956 = DIRECTION ( 'NONE',  ( -0.4999999999999997780, 0.000000000000000000, -0.8660254037844387076 ) ) ;
#7957 = CARTESIAN_POINT ( 'NONE',  ( 46.54886545341427961, 6.000000000000005329, 31.87499999999998579 ) ) ;
#7958 = VECTOR ( 'NONE', #8225, 1000.000000000000000 ) ;
#7959 = DIRECTION ( 'NONE',  ( -0.4698463103929487183, 0.8660254037844400399, -0.1710100716628430717 ) ) ;
#7960 = DIRECTION ( 'NONE',  ( -0.3420201433256682688, -1.201296007113938913E-14, -0.9396926207859085389 ) ) ;
#7961 = CARTESIAN_POINT ( 'NONE',  ( 25.49447007271216137, 147.4213562373095385, -7.907717477981577758 ) ) ;
#7962 = ORIENTED_EDGE ( 'NONE', *, *, #9325, .F. ) ;
#7963 = ADVANCED_FACE ( 'NONE', ( #5127 ), #8301, .F. ) ;
#7964 = VECTOR ( 'NONE', #8215, 1000.000000000000000 ) ;
#7965 = VERTEX_POINT ( 'NONE', #5335 ) ;
#7966 = VECTOR ( 'NONE', #1242, 1000.000000000000114 ) ;
#7967 = ADVANCED_FACE ( 'NONE', ( #6265 ), #4656, .F. ) ;
#7968 = CARTESIAN_POINT ( 'NONE',  ( -64.25476978182084054, 2.249999999999781508, -67.91771286265469598 ) ) ;
#7969 = VECTOR ( 'NONE', #5731, 1000.000000000000227 ) ;
#7970 = CARTESIAN_POINT ( 'NONE',  ( 11.54700538379294450, 6.000000000000005329, 50.00000000000000000 ) ) ;
#7971 = EDGE_CURVE ( 'NONE', #4564, #3301, #2894, .T. ) ;
#7972 = CARTESIAN_POINT ( 'NONE',  ( 8.652233963711417175, 6.000000000000005329, -21.23610882412135936 ) ) ;
#7973 = VECTOR ( 'NONE', #9145, 1000.000000000000000 ) ;
#7974 = PLANE ( 'NONE',  #533 ) ;
#7975 = LINE ( 'NONE', #8701, #9209 ) ;
#7976 = ORIENTED_EDGE ( 'NONE', *, *, #9832, .F. ) ;
#7977 = DIRECTION ( 'NONE',  ( 1.000000000000000000, 0.000000000000000000, -4.006172263299126906E-16 ) ) ;
#7978 = VERTEX_POINT ( 'NONE', #1324 ) ;
#7979 = AXIS2_PLACEMENT_3D ( 'NONE', #6099, #8489, #1352 ) ;
#7980 = FACE_OUTER_BOUND ( 'NONE', #6534, .T. ) ;
#7981 = EDGE_CURVE ( 'NONE', #6130, #4822, #9310, .T. ) ;
#7982 = DIRECTION ( 'NONE',  ( 0.3420201433256694346, -1.249000902703301739E-14, -0.9396926207859082059 ) ) ;
#7983 = ORIENTED_EDGE ( 'NONE', *, *, #6206, .F. ) ;
#7984 = EDGE_CURVE ( 'NONE', #1080, #10061, #6065, .T. ) ;
#7985 = ORIENTED_EDGE ( 'NONE', *, *, #10302, .T. ) ;
#7986 = LINE ( 'NONE', #850, #6286 ) ;
#7987 = AXIS2_PLACEMENT_3D ( 'NONE', #3171, #6967, #3902 ) ;
#7988 = CARTESIAN_POINT ( 'NONE',  ( 48.18039637606665337, 6.000000000000000000, 87.18281677883985026 ) ) ;
#7989 = ORIENTED_EDGE ( 'NONE', *, *, #3724, .F. ) ;
#7990 = EDGE_CURVE ( 'NONE', #5995, #10233, #6117, .T. ) ;
#7991 = CARTESIAN_POINT ( 'NONE',  ( 14.07291281149715090, 0.000000000000000000, 3.124999999999960920 ) ) ;
#7992 = ORIENTED_EDGE ( 'NONE', *, *, #6439, .T. ) ;
#7993 = ORIENTED_EDGE ( 'NONE', *, *, #2966, .T. ) ;
#7994 = VERTEX_POINT ( 'NONE', #542 ) ;
#7995 = CARTESIAN_POINT ( 'NONE',  ( -9.742785792575173076, 6.000000000000005329, -31.87499999999996447 ) ) ;
#7996 = CARTESIAN_POINT ( 'NONE',  ( -32.47595264191693332, 147.4213562373095385, 28.74999999999999289 ) ) ;
#7997 = DIRECTION ( 'NONE',  ( -0.8660254037844387076, 0.000000000000000000, -0.5000000000000001110 ) ) ;
#7998 = ORIENTED_EDGE ( 'NONE', *, *, #6608, .T. ) ;
#7999 = DIRECTION ( 'NONE',  ( -0.9396926207859015445, 2.569016047228651574E-15, 0.3420201433256876977 ) ) ;
#8000 = AXIS2_PLACEMENT_3D ( 'NONE', #9059, #3650, #2915 ) ;
#8001 = LINE ( 'NONE', #7370, #6829 ) ;
#8002 = LINE ( 'NONE', #7265, #6575 ) ;
#8003 = CARTESIAN_POINT ( 'NONE',  ( -66.91430112669027608, 5.499999999999652722, 63.56481424690532833 ) ) ;
#8004 = EDGE_LOOP ( 'NONE', ( #10053, #268, #6675, #2924 ) ) ;
#8005 = DIRECTION ( 'NONE',  ( 0.8660254037844387076, -0.000000000000000000, 0.5000000000000001110 ) ) ;
#8006 = ORIENTED_EDGE ( 'NONE', *, *, #5, .T. ) ;
#8007 = LINE ( 'NONE', #4006, #5416 ) ;
#8008 = CARTESIAN_POINT ( 'NONE',  ( -82.83999675952468067, 17.25855025242422158, 48.97164729660255489 ) ) ;
#8009 = ORIENTED_EDGE ( 'NONE', *, *, #1636, .T. ) ;
#8010 = CARTESIAN_POINT ( 'NONE',  ( -83.46282394258763304, -5.728384940746046539, 86.06226691517679228 ) ) ;
#8011 = DIRECTION ( 'NONE',  ( 0.4999999999999999445, 0.000000000000000000, 0.8660254037844387076 ) ) ;
#8012 = CARTESIAN_POINT ( 'NONE',  ( 65.83204565542119724, 8.999999999999969802, 84.26290891996461596 ) ) ;
#8013 = PLANE ( 'NONE',  #9049 ) ;
#8014 = PLANE ( 'NONE',  #6940 ) ;
#8015 = EDGE_CURVE ( 'NONE', #6818, #6235, #4509, .T. ) ;
#8016 = ORIENTED_EDGE ( 'NONE', *, *, #3388, .T. ) ;
#8017 = CARTESIAN_POINT ( 'NONE',  ( -41.13620667976131529, 6.000000000000005329, -34.99999999999999289 ) ) ;
#8018 = EDGE_CURVE ( 'NONE', #1365, #3123, #5480, .T. ) ;
#8019 = FACE_OUTER_BOUND ( 'NONE', #4164, .T. ) ;
#8020 = AXIS2_PLACEMENT_3D ( 'NONE', #5215, #5944, #2977 ) ;
#8021 = FACE_BOUND ( 'NONE', #10078, .T. ) ;
#8022 = ORIENTED_EDGE ( 'NONE', *, *, #3031, .T. ) ;
#8023 = DIRECTION ( 'NONE',  ( -0.4698463103929532148, 0.8660254037844399289, -0.1710100716628305262 ) ) ;
#8024 = VECTOR ( 'NONE', #4538, 1000.000000000000000 ) ;
#8025 = ORIENTED_EDGE ( 'NONE', *, *, #3117, .T. ) ;
#8026 = LINE ( 'NONE', #735, #5750 ) ;
#8027 = ADVANCED_FACE ( 'NONE', ( #8657 ), #3876, .F. ) ;
#8028 = AXIS2_PLACEMENT_3D ( 'NONE', #4257, #6483, #3478 ) ;
#8029 = ADVANCED_FACE ( 'NONE', ( #10222 ), #4456, .F. ) ;
#8030 = DIRECTION ( 'NONE',  ( -0.000000000000000000, -1.000000000000000000, -0.000000000000000000 ) ) ;
#8031 = ORIENTED_EDGE ( 'NONE', *, *, #3087, .T. ) ;
#8032 = DIRECTION ( 'NONE',  ( -0.000000000000000000, -1.000000000000000000, -0.000000000000000000 ) ) ;
#8033 = DIRECTION ( 'NONE',  ( -1.000000000000000000, 0.000000000000000000, 0.000000000000000000 ) ) ;
#8034 = ORIENTED_EDGE ( 'NONE', *, *, #5306, .T. ) ;
#8035 = EDGE_CURVE ( 'NONE', #3689, #2892, #639, .T. ) ;
#8036 = VERTEX_POINT ( 'NONE', #3830 ) ;
#8037 = LINE ( 'NONE', #7302, #9934 ) ;
#8038 = ORIENTED_EDGE ( 'NONE', *, *, #976, .T. ) ;
#8039 = PLANE ( 'NONE',  #8964 ) ;
#8040 = ORIENTED_EDGE ( 'NONE', *, *, #8858, .F. ) ;
#8041 = ADVANCED_FACE ( 'NONE', ( #8605 ), #8457, .T. ) ;
#8042 = EDGE_LOOP ( 'NONE', ( #7992, #3100 ) ) ;
#8043 = LINE ( 'NONE', #5651, #7802 ) ;
#8044 = AXIS2_PLACEMENT_3D ( 'NONE', #5134, #2740, #3479 ) ;
#8045 = ADVANCED_FACE ( 'NONE', ( #10077 ), #1471, .F. ) ;
#8046 = LINE ( 'NONE', #4827, #7756 ) ;
#8047 = FACE_OUTER_BOUND ( 'NONE', #8512, .T. ) ;
#8048 = EDGE_LOOP ( 'NONE', ( #3165, #124, #4649 ) ) ;
#8049 = CARTESIAN_POINT ( 'NONE',  ( 49.99999999999998579, 0.000000000000000000, -25.89745962155736692 ) ) ;
#8050 = LINE ( 'NONE', #4930, #4 ) ;
#8051 = ORIENTED_EDGE ( 'NONE', *, *, #9704, .F. ) ;
#8052 = PLANE ( 'NONE',  #5577 ) ;
#8053 = FACE_BOUND ( 'NONE', #5563, .T. ) ;
#8054 = VERTEX_POINT ( 'NONE', #2253 ) ;
#8056 = CARTESIAN_POINT ( 'NONE',  ( -41.13620667976130818, 6.000000000000000000, -50.00000000000000000 ) ) ;
#8055 = VECTOR ( 'NONE', #2853, 1000.000000000000000 ) ;
#8057 = ORIENTED_EDGE ( 'NONE', *, *, #1792, .T. ) ;
#8058 = CARTESIAN_POINT ( 'NONE',  ( 6.076226797624227238, 0.000000000000000000, 38.02433353179695530 ) ) ;
#8059 = FACE_BOUND ( 'NONE', #4638, .T. ) ;
#8060 = EDGE_LOOP ( 'NONE', ( #7948, #8715, #113, #9432 ) ) ;
#8061 = DIRECTION ( 'NONE',  ( 1.000000000000000000, 0.000000000000000000, 0.000000000000000000 ) ) ;
#8062 = DIRECTION ( 'NONE',  ( 0.8789733129752217433, -0.4768709627114686156, 0.000000000000000000 ) ) ;
#8063 = AXIS2_PLACEMENT_3D ( 'NONE', #1836, #7406, #996 ) ;
#8064 = DIRECTION ( 'NONE',  ( 0.5000000000000001110, 0.000000000000000000, 0.8660254037844385966 ) ) ;
#8065 = CARTESIAN_POINT ( 'NONE',  ( 32.03989878038111527, 147.4213562373095385, 6.744732556983363381 ) ) ;
#8066 = CARTESIAN_POINT ( 'NONE',  ( -48.34702753535164277, 6.000000000000000000, -48.32614877529346842 ) ) ;
#8067 = EDGE_CURVE ( 'NONE', #7687, #3515, #7651, .T. ) ;
#8068 = ORIENTED_EDGE ( 'NONE', *, *, #6068, .F. ) ;
#8069 = DIRECTION ( 'NONE',  ( -0.000000000000000000, -1.000000000000000000, -0.000000000000000000 ) ) ;
#8070 = VECTOR ( 'NONE', #1345, 1000.000000000000114 ) ;
#8071 = LINE ( 'NONE', #5781, #7741 ) ;
#8072 = VECTOR ( 'NONE', #2815, 1000.000000000000114 ) ;
#8073 = EDGE_CURVE ( 'NONE', #3672, #3936, #3157, .T. ) ;
#8074 = DIRECTION ( 'NONE',  ( -0.8660254037844385966, 0.000000000000000000, 0.5000000000000001110 ) ) ;
#8075 = CARTESIAN_POINT ( 'NONE',  ( 27.06329386826395123, 0.000000000000000000, -31.87499999999995737 ) ) ;
#8076 = VECTOR ( 'NONE', #1466, 1000.000000000000114 ) ;
#8077 = DIRECTION ( 'NONE',  ( -0.5000000000000001110, 0.000000000000000000, -0.8660254037844387076 ) ) ;
#8078 = ADVANCED_FACE ( 'NONE', ( #2203 ), #5381, .F. ) ;
#8079 = ORIENTED_EDGE ( 'NONE', *, *, #7660, .T. ) ;
#8080 = LINE ( 'NONE', #270, #7587 ) ;
#8081 = ORIENTED_EDGE ( 'NONE', *, *, #9129, .T. ) ;
#8082 = CARTESIAN_POINT ( 'NONE',  ( -41.13620667976124423, 147.4213562373095385, -13.74999999999999822 ) ) ;
#8083 = CIRCLE ( 'NONE', #3097, 3.599999999999993872 ) ;
#8084 = DIRECTION ( 'NONE',  ( 0.8137976813493688066, -0.4999999999999977796, -0.2961981327260408414 ) ) ;
#8085 = ORIENTED_EDGE ( 'NONE', *, *, #8067, .T. ) ;
#8086 = ORIENTED_EDGE ( 'NONE', *, *, #1934, .F. ) ;
#8087 = DIRECTION ( 'NONE',  ( 0.4698463103929486073, 0.8660254037844399289, 0.1710100716628430439 ) ) ;
#8088 = ORIENTED_EDGE ( 'NONE', *, *, #7897, .F. ) ;
#8089 = CARTESIAN_POINT ( 'NONE',  ( -48.18039637606665337, 6.000000000000000000, 87.18281677883985026 ) ) ;
#8090 = EDGE_LOOP ( 'NONE', ( #9554, #8057, #2, #1180 ) ) ;
#8091 = AXIS2_PLACEMENT_3D ( 'NONE', #1071, #6648, #8207 ) ;
#8092 = EDGE_CURVE ( 'NONE', #9066, #2957, #3039, .T. ) ;
#8093 = EDGE_CURVE ( 'NONE', #1224, #3717, #5740, .T. ) ;
#8094 = ADVANCED_FACE ( 'NONE', ( #7876 ), #9545, .F. ) ;
#8095 = ORIENTED_EDGE ( 'NONE', *, *, #8067, .F. ) ;
#8096 = DIRECTION ( 'NONE',  ( -0.8757795372522716448, 0.4330127018922189097, -0.2133312028986786846 ) ) ;
#8097 = VECTOR ( 'NONE', #7093, 1000.000000000000000 ) ;
#8098 = DIRECTION ( 'NONE',  ( 0.3420201433256879198, 0.000000000000000000, -0.9396926207859014335 ) ) ;
#8099 = EDGE_CURVE ( 'NONE', #8351, #3062, #4029, .T. ) ;
#8100 = CARTESIAN_POINT ( 'NONE',  ( -78.10322981758433514, 16.37948907741693105, -80.93317415930816594 ) ) ;
#8101 = EDGE_LOOP ( 'NONE', ( #5271, #670, #7614, #7901 ) ) ;
#8102 = DIRECTION ( 'NONE',  ( -0.000000000000000000, -1.000000000000000000, -0.000000000000000000 ) ) ;
#8103 = DIRECTION ( 'NONE',  ( -0.4698463103929486073, -0.8660254037844399289, 0.1710100716628430439 ) ) ;
#8104 = EDGE_CURVE ( 'NONE', #6057, #2835, #1629, .T. ) ;
#8105 = ORIENTED_EDGE ( 'NONE', *, *, #9122, .F. ) ;
#8106 = LINE ( 'NONE', #6385, #9081 ) ;
#8107 = DIRECTION ( 'NONE',  ( 0.3420201433256701562, 1.073360150760649390E-14, -0.9396926207859079838 ) ) ;
#8108 = VERTEX_POINT ( 'NONE', #9598 ) ;
#8109 = CARTESIAN_POINT ( 'NONE',  ( 58.69381895926685644, 1.499999999999727329, 65.89369228902688747 ) ) ;
#8110 = ORIENTED_EDGE ( 'NONE', *, *, #2929, .T. ) ;
#8111 = CARTESIAN_POINT ( 'NONE',  ( -48.32614877529397290, 0.000000000000000000, 51.09702753535113828 ) ) ;
#8112 = DIRECTION ( 'NONE',  ( -0.5000000000000000000, 0.000000000000000000, -0.8660254037844385966 ) ) ;
#8113 = ORIENTED_EDGE ( 'NONE', *, *, #272, .F. ) ;
#8114 = CARTESIAN_POINT ( 'NONE',  ( -70.99180026031160651, 17.25833024919705139, -81.52318550399951391 ) ) ;
#8115 = DIRECTION ( 'NONE',  ( -1.000000000000000000, -0.000000000000000000, -0.000000000000000000 ) ) ;
#8116 = CARTESIAN_POINT ( 'NONE',  ( 14.07291281149715978, 0.000000000000000000, -18.12499999999996092 ) ) ;
#8117 = CARTESIAN_POINT ( 'NONE',  ( 65.96487049844922979, 2.249999999999727773, 63.21924975872500596 ) ) ;
#8118 = DIRECTION ( 'NONE',  ( -0.000000000000000000, -1.000000000000000000, -0.000000000000000000 ) ) ;
#8119 = VECTOR ( 'NONE', #10097, 1000.000000000000114 ) ;
#8120 = CARTESIAN_POINT ( 'NONE',  ( -82.83999675952468067, 17.25855025242422158, -48.97164729660255489 ) ) ;
#8121 = VERTEX_POINT ( 'NONE', #945 ) ;
#8122 = CARTESIAN_POINT ( 'NONE',  ( 22.73316684934176379, 0.000000000000000000, 39.37499999999995737 ) ) ;
#8123 = CARTESIAN_POINT ( 'NONE',  ( -49.99999999999999289, 0.000000000000000000, 4.647459621556995657 ) ) ;
#8124 = CIRCLE ( 'NONE', #8459, 6.999999999999941380 ) ;
#8125 = AXIS2_PLACEMENT_3D ( 'NONE', #2552, #4017, #4068 ) ;
#8126 = PLANE ( 'NONE',  #7696 ) ;
#8127 = DIRECTION ( 'NONE',  ( 0.8660254037844387076, 0.000000000000000000, -0.5000000000000001110 ) ) ;
#8128 = DIRECTION ( 'NONE',  ( 0.5000000000000001110, 0.000000000000000000, 0.8660254037844384856 ) ) ;
#8129 = AXIS2_PLACEMENT_3D ( 'NONE', #4853, #5628, #3131 ) ;
#8130 = ORIENTED_EDGE ( 'NONE', *, *, #10020, .F. ) ;
#8131 = PERSON_AND_ORGANIZATION_ROLE ( 'creator' ) ;
#8132 = DIRECTION ( 'NONE',  ( -0.000000000000000000, -1.000000000000000000, -0.000000000000000000 ) ) ;
#8133 = ORIENTED_EDGE ( 'NONE', *, *, #1807, .T. ) ;
#8134 = CARTESIAN_POINT ( 'NONE',  ( -48.32614877529397290, 0.000000000000000000, 45.59702753535113828 ) ) ;
#8135 = EDGE_CURVE ( 'NONE', #4564, #5239, #3926, .T. ) ;
#8137 = AXIS2_PLACEMENT_3D ( 'NONE', #72, #4044, #6429 ) ;
#8136 = DIRECTION ( 'NONE',  ( -0.5000000000000001110, 0.000000000000000000, 0.8660254037844387076 ) ) ;
#8138 = VERTEX_POINT ( 'NONE', #6519 ) ;
#8139 = VERTEX_POINT ( 'NONE', #59 ) ;
#8140 = LINE ( 'NONE', #7988, #8933 ) ;
#8141 = ORIENTED_EDGE ( 'NONE', *, *, #6405, .T. ) ;
#8142 = ADVANCED_FACE ( 'NONE', ( #4134, #792, #7296, #3246 ), #9493, .T. ) ;
#8143 = DIRECTION ( 'NONE',  ( 0.8660254037844377084, 0.000000000000000000, -0.5000000000000017764 ) ) ;
#8144 = EDGE_LOOP ( 'NONE', ( #7424, #5081, #4912, #9415 ) ) ;
#8145 = VECTOR ( 'NONE', #8708, 1000.000000000000114 ) ;
#8146 = EDGE_CURVE ( 'NONE', #2199, #3632, #6419, .T. ) ;
#8147 = EDGE_LOOP ( 'NONE', ( #1480, #129, #7618, #8081 ) ) ;
#8148 = DIRECTION ( 'NONE',  ( -0.000000000000000000, -1.000000000000000000, -0.000000000000000000 ) ) ;
#8149 = EDGE_CURVE ( 'NONE', #6802, #8152, #7246, .T. ) ;
#8150 = PLANE ( 'NONE',  #1768 ) ;
#8151 = PLANE ( 'NONE',  #7113 ) ;
#8152 = VERTEX_POINT ( 'NONE', #8867 ) ;
#8153 = CARTESIAN_POINT ( 'NONE',  ( -69.31444149377422548, 13.49999999999950973, 67.09883832977484985 ) ) ;
#8154 = CARTESIAN_POINT ( 'NONE',  ( 32.47595264191693332, 0.000000000000000000, -28.74999999999999289 ) ) ;
#8155 = EDGE_LOOP ( 'NONE', ( #9548, #2679, #4627, #1216 ) ) ;
#8156 = CARTESIAN_POINT ( 'NONE',  ( -96.95441172355114645, -1.986715189943526250, 67.94291491834901819 ) ) ;
#8157 = DIRECTION ( 'NONE',  ( 0.5000000000000000000, 0.000000000000000000, 0.8660254037844385966 ) ) ;
#8158 = VERTEX_POINT ( 'NONE', #10276 ) ;
#8159 = EDGE_CURVE ( 'NONE', #299, #10123, #169, .T. ) ;
#8160 = ORIENTED_EDGE ( 'NONE', *, *, #3330, .F. ) ;
#8161 = VECTOR ( 'NONE', #6383, 1000.000000000000114 ) ;
#8162 = DIRECTION ( 'NONE',  ( -0.4698463103929487183, 0.8660254037844400399, -0.1710100716628430717 ) ) ;
#8163 = VERTEX_POINT ( 'NONE', #116 ) ;
#8164 = DIRECTION ( 'NONE',  ( 1.000000000000000000, 0.000000000000000000, 0.000000000000000000 ) ) ;
#8165 = DIRECTION ( 'NONE',  ( -0.8789733129752216323, -0.4768709627114687821, 0.000000000000000000 ) ) ;
#8166 = ORIENTED_EDGE ( 'NONE', *, *, #8908, .F. ) ;
#8167 = EDGE_CURVE ( 'NONE', #4085, #9700, #894, .T. ) ;
#8168 = CARTESIAN_POINT ( 'NONE',  ( 69.31444149377422548, 13.49999999999950973, 67.09883832977484985 ) ) ;
#8169 = DIRECTION ( 'NONE',  ( -0.4999999999999993339, 0.000000000000000000, -0.8660254037844390407 ) ) ;
#8170 = EDGE_CURVE ( 'NONE', #6887, #8199, #8, .T. ) ;
#8171 = CARTESIAN_POINT ( 'NONE',  ( 84.48338804127510571, 20.99999999999957012, 63.40383350717173983 ) ) ;
#8172 = FACE_OUTER_BOUND ( 'NONE', #5158, .T. ) ;
#8173 = CARTESIAN_POINT ( 'NONE',  ( 45.46633369868351338, 147.4213562373095385, 21.24999999999999289 ) ) ;
#8174 = CARTESIAN_POINT ( 'NONE',  ( 41.13620667976124423, 0.000000000000000000, -13.74999999999999822 ) ) ;
#8175 = ORIENTED_EDGE ( 'NONE', *, *, #765, .F. ) ;
#8176 = LINE ( 'NONE', #1141, #482 ) ;
#8177 = CARTESIAN_POINT ( 'NONE',  ( 120.0772681300572486, 3.374999999998095301, 79.75614085263174502 ) ) ;
#8178 = EDGE_CURVE ( 'NONE', #4196, #5695, #6314, .T. ) ;
#8179 = FACE_OUTER_BOUND ( 'NONE', #6832, .T. ) ;
#8180 = DIRECTION ( 'NONE',  ( 0.1107007079486442697, -0.2499999999999861500, 0.9618967477123914200 ) ) ;
#8181 = VECTOR ( 'NONE', #3452, 999.9999999999998863 ) ;
#8182 = CARTESIAN_POINT ( 'NONE',  ( 41.13620667976130818, 6.000000000000005329, -50.00000000000000000 ) ) ;
#8183 = EDGE_LOOP ( 'NONE', ( #7151, #1969, #1802, #9556 ) ) ;
#8184 = CALENDAR_DATE ( 2026, 3, 4 ) ;
#8185 = DIRECTION ( 'NONE',  ( -0.8660254037844387076, 0.000000000000000000, 0.5000000000000001110 ) ) ;
#8186 = VERTEX_POINT ( 'NONE', #1575 ) ;
#8187 = PLANE ( 'NONE',  #2578 ) ;
#8188 = VERTEX_POINT ( 'NONE', #4079 ) ;
#8189 = VECTOR ( 'NONE', #5669, 1000.000000000000000 ) ;
#8190 = ORIENTED_EDGE ( 'NONE', *, *, #4587, .T. ) ;
#8191 = AXIS2_PLACEMENT_3D ( 'NONE', #8168, #1030, #4217 ) ;
#8192 = DIRECTION ( 'NONE',  ( -0.5000000000000000000, 0.000000000000000000, 0.8660254037844385966 ) ) ;
#8193 = ORIENTED_EDGE ( 'NONE', *, *, #8563, .F. ) ;
#8194 = CARTESIAN_POINT ( 'NONE',  ( -67.79591528148533541, 3.374999999999735323, -63.88569555735850969 ) ) ;
#8195 = ORIENTED_EDGE ( 'NONE', *, *, #4857, .T. ) ;
#8196 = AXIS2_PLACEMENT_3D ( 'NONE', #1270, #6740, #4305 ) ;
#8197 = AXIS2_PLACEMENT_3D ( 'NONE', #4615, #6268, #600 ) ;
#8198 = LINE ( 'NONE', #7568, #7645 ) ;
#8199 = VERTEX_POINT ( 'NONE', #4761 ) ;
#8200 = CARTESIAN_POINT ( 'NONE',  ( 32.47595264191693332, 6.000000000000005329, 28.74999999999999289 ) ) ;
#8201 = CYLINDRICAL_SURFACE ( 'NONE', #10283, 2.249999999999988898 ) ;
#8202 = EDGE_LOOP ( 'NONE', ( #4884, #5074, #6638, #2694 ) ) ;
#8203 = CARTESIAN_POINT ( 'NONE',  ( 78.55942538675439835, 20.99999999999937828, 79.67978713415917014 ) ) ;
#8204 = PLANE ( 'NONE',  #9489 ) ;
#8205 = ORIENTED_EDGE ( 'NONE', *, *, #3468, .F. ) ;
#8206 = CARTESIAN_POINT ( 'NONE',  ( -30.40590262964586188, 6.000000000000000000, -66.00000000000000000 ) ) ;
#8207 = DIRECTION ( 'NONE',  ( -0.5000000000000067724, 0.000000000000000000, -0.8660254037844347108 ) ) ;
#8208 = EDGE_CURVE ( 'NONE', #8686, #4128, #5689, .T. ) ;
#8209 = ORIENTED_EDGE ( 'NONE', *, *, #9577, .F. ) ;
#8210 = CIRCLE ( 'NONE', #6375, 2.249999999999984013 ) ;
#8211 = EDGE_CURVE ( 'NONE', #8686, #3997, #3978, .T. ) ;
#8212 = VERTEX_POINT ( 'NONE', #6360 ) ;
#8213 = CARTESIAN_POINT ( 'NONE',  ( -14.07291281149715090, 0.000000000000000000, -3.124999999999960920 ) ) ;
#8214 = EDGE_LOOP ( 'NONE', ( #6063, #3794, #8224, #6081 ) ) ;
#8215 = DIRECTION ( 'NONE',  ( -1.000000000000000000, 0.000000000000000000, 0.000000000000000000 ) ) ;
#8216 = DIRECTION ( 'NONE',  ( -0.4999999999999999445, 0.000000000000000000, 0.8660254037844385966 ) ) ;
#8217 = VERTEX_POINT ( 'NONE', #5584 ) ;
#8218 = DIRECTION ( 'NONE',  ( -0.8789733129752195229, -0.4768709627114725014, 0.000000000000000000 ) ) ;
#8219 = CARTESIAN_POINT ( 'NONE',  ( 22.73316684934198051, 0.000000000000000000, 45.62499999999995737 ) ) ;
#8220 = CARTESIAN_POINT ( 'NONE',  ( -50.00000000000000000, 6.000000000000000000, 50.00000000000000000 ) ) ;
#8221 = CARTESIAN_POINT ( 'NONE',  ( -50.00000000000000000, 6.000000000000000000, 37.85254037844264019 ) ) ;
#8222 = CARTESIAN_POINT ( 'NONE',  ( 71.75583453782208210, 8.999999999999966249, -67.98743272795280745 ) ) ;
#8223 = DIRECTION ( 'NONE',  ( -0.8789733129752196339, 0.4768709627114723348, 0.000000000000000000 ) ) ;
#8224 = ORIENTED_EDGE ( 'NONE', *, *, #680, .F. ) ;
#8225 = DIRECTION ( 'NONE',  ( -0.000000000000000000, -1.000000000000000000, -0.000000000000000000 ) ) ;
#8226 = EDGE_CURVE ( 'NONE', #2990, #7813, #846, .T. ) ;
#8227 = CARTESIAN_POINT ( 'NONE',  ( 41.13620667976124423, 0.000000000000000000, 13.74999999999999822 ) ) ;
#8228 = EDGE_CURVE ( 'NONE', #8444, #5850, #5265, .T. ) ;
#8229 = EDGE_CURVE ( 'NONE', #77, #7823, #5316, .T. ) ;
#8230 = VECTOR ( 'NONE', #8486, 1000.000000000000000 ) ;
#8231 = LINE ( 'NONE', #9901, #6362 ) ;
#8232 = EDGE_CURVE ( 'NONE', #5167, #5466, #521, .T. ) ;
#8233 = LINE ( 'NONE', #7447, #9509 ) ;
#8234 = DIRECTION ( 'NONE',  ( 0.7660444431189713521, -0.000000000000000000, 0.6427876096865472455 ) ) ;
#8235 = ORIENTED_EDGE ( 'NONE', *, *, #8015, .T. ) ;
#8236 = DATE_TIME_ROLE ( 'classification_date' ) ;
#8237 = EDGE_CURVE ( 'NONE', #2174, #653, #999, .T. ) ;
#8238 = VECTOR ( 'NONE', #4748, 1000.000000000000000 ) ;
#8239 = APPLICATION_CONTEXT ( 'configuration controlled 3d designs of mechanical parts and assemblies' ) ;
#8240 = AXIS2_PLACEMENT_3D ( 'NONE', #7688, #4028, #10221 ) ;
#8241 = DIRECTION ( 'NONE',  ( 0.000000000000000000, 0.000000000000000000, 1.000000000000000000 ) ) ;
#8242 = ORIENTED_EDGE ( 'NONE', *, *, #6310, .T. ) ;
#8243 = DIRECTION ( 'NONE',  ( 0.000000000000000000, 0.000000000000000000, 1.000000000000000000 ) ) ;
#8244 = CIRCLE ( 'NONE', #8907, 2.750000000000009326 ) ;
#8245 = EDGE_LOOP ( 'NONE', ( #2115, #1308, #7327, #8818 ) ) ;
#8246 = DIRECTION ( 'NONE',  ( 0.000000000000000000, 1.000000000000000000, 0.000000000000000000 ) ) ;
#8247 = EDGE_LOOP ( 'NONE', ( #10215, #948, #7124, #809 ) ) ;
#8248 = LINE ( 'NONE', #4920, #8293 ) ;
#8249 = ORIENTED_EDGE ( 'NONE', *, *, #7855, .F. ) ;
#8250 = CIRCLE ( 'NONE', #4927, 61.96152422706628471 ) ;
#8251 = DIRECTION ( 'NONE',  ( -1.000000000000000000, 0.000000000000000000, 0.000000000000000000 ) ) ;
#8252 = ORIENTED_EDGE ( 'NONE', *, *, #5359, .T. ) ;
#8253 = CARTESIAN_POINT ( 'NONE',  ( 84.48338804127510571, 20.99999999999957012, -63.40383350717173983 ) ) ;
#8254 = CARTESIAN_POINT ( 'NONE',  ( -48.32614877529397290, 0.000000000000000000, 45.59702753535113828 ) ) ;
#8255 = ADVANCED_FACE ( 'NONE', ( #2134 ), #9274, .T. ) ;
#8256 = ORIENTED_EDGE ( 'NONE', *, *, #6310, .F. ) ;
#8257 = EDGE_CURVE ( 'NONE', #7110, #8834, #3508, .T. ) ;
#8258 = LINE ( 'NONE', #9977, #4052 ) ;
#8259 = CARTESIAN_POINT ( 'NONE',  ( -25.98076211353308906, 6.000000000000005329, -15.00000000000011546 ) ) ;
#8260 = ORIENTED_EDGE ( 'NONE', *, *, #6734, .F. ) ;
#8261 = AXIS2_PLACEMENT_3D ( 'NONE', #4156, #3535, #8886 ) ;
#8262 = DIRECTION ( 'NONE',  ( -6.938893903907227145E-17, 0.000000000000000000, 1.000000000000000000 ) ) ;
#8263 = CARTESIAN_POINT ( 'NONE',  ( -14.07291281149715090, 6.000000000000005329, -3.124999999999960920 ) ) ;
#8264 = EDGE_LOOP ( 'NONE', ( #8401, #321, #8367, #7538 ) ) ;
#8265 = EDGE_LOOP ( 'NONE', ( #8887, #1381, #6115, #9843 ) ) ;
#8266 = LINE ( 'NONE', #453, #3235 ) ;
#8267 = VERTEX_POINT ( 'NONE', #4961 ) ;
#8268 = DIRECTION ( 'NONE',  ( -0.000000000000000000, -1.000000000000000000, -0.000000000000000000 ) ) ;
#8269 = CARTESIAN_POINT ( 'NONE',  ( 48.18039637606665337, 0.000000000000000000, 87.18281677883985026 ) ) ;
#8270 = EDGE_LOOP ( 'NONE', ( #3172, #7565, #7689, #4314 ) ) ;
#8271 = ADVANCED_FACE ( 'NONE', ( #8332 ), #9225, .T. ) ;
#8272 = DIRECTION ( 'NONE',  ( -0.3795327795289923367, 0.9148074042510829784, -0.1381386346768817552 ) ) ;
#8273 = DIRECTION ( 'NONE',  ( -0.3420201433256701562, 1.073360150760649390E-14, 0.9396926207859079838 ) ) ;
#8274 = DIRECTION ( 'NONE',  ( 0.3420201433256646606, 1.387778780781438576E-14, 0.9396926207859098712 ) ) ;
#8275 = LINE ( 'NONE', #1135, #8566 ) ;
#8276 = CARTESIAN_POINT ( 'NONE',  ( -4.330127018922337534, 147.4213562373095385, -34.99999999999999289 ) ) ;
#8277 = DIRECTION ( 'NONE',  ( -1.000000000000000000, 0.000000000000000000, -0.000000000000000000 ) ) ;
#8278 = LINE ( 'NONE', #310, #9459 ) ;
#8279 = EDGE_LOOP ( 'NONE', ( #4059, #4138 ) ) ;
#8280 = CARTESIAN_POINT ( 'NONE',  ( -8.660254037844532959, 147.4213562373095385, -42.49999999999999289 ) ) ;
#8281 = CARTESIAN_POINT ( 'NONE',  ( 25.98076211353308551, 6.000000000000005329, -15.00000000000013323 ) ) ;
#8282 = VECTOR ( 'NONE', #4397, 1000.000000000000114 ) ;
#8283 = DIRECTION ( 'NONE',  ( -0.000000000000000000, -1.000000000000000000, -0.000000000000000000 ) ) ;
#8284 = FACE_OUTER_BOUND ( 'NONE', #6839, .T. ) ;
#8285 = DIRECTION ( 'NONE',  ( 0.6427876096865472455, 0.000000000000000000, -0.7660444431189713521 ) ) ;
#8286 = EDGE_CURVE ( 'NONE', #5278, #10061, #659, .T. ) ;
#8287 = VERTEX_POINT ( 'NONE', #3761 ) ;
#8288 = DIRECTION ( 'NONE',  ( -0.5000000000000003331, 0.000000000000000000, 0.8660254037844384856 ) ) ;
#8289 = ORIENTED_EDGE ( 'NONE', *, *, #4425, .F. ) ;
#8290 = ADVANCED_FACE ( 'NONE', ( #9953 ), #6921, .T. ) ;
#8291 = FACE_OUTER_BOUND ( 'NONE', #5551, .T. ) ;
#8292 = CIRCLE ( 'NONE', #1138, 2.249999999999984013 ) ;
#8293 = VECTOR ( 'NONE', #4869, 1000.000000000000227 ) ;
#8294 = ORIENTED_EDGE ( 'NONE', *, *, #7981, .F. ) ;
#8295 = DIRECTION ( 'NONE',  ( -0.000000000000000000, -1.000000000000000000, -0.000000000000000000 ) ) ;
#8296 = ADVANCED_FACE ( 'NONE', ( #10107 ), #221, .T. ) ;
#8297 = ORIENTED_EDGE ( 'NONE', *, *, #7733, .T. ) ;
#8298 = DIRECTION ( 'NONE',  ( 0.8789733129752217433, -0.4768709627114686156, 0.000000000000000000 ) ) ;
#8299 = ORIENTED_EDGE ( 'NONE', *, *, #3245, .T. ) ;
#8300 = CIRCLE ( 'NONE', #5150, 61.96152422706627760 ) ;
#8301 = CYLINDRICAL_SURFACE ( 'NONE', #2664, 1.249999999999995559 ) ;
#8302 = ORIENTED_EDGE ( 'NONE', *, *, #276, .T. ) ;
#8303 = EDGE_CURVE ( 'NONE', #5918, #1423, #4437, .T. ) ;
#8304 = DIRECTION ( 'NONE',  ( -0.000000000000000000, -1.000000000000000000, -0.000000000000000000 ) ) ;
#8305 = PLANE ( 'NONE',  #213 ) ;
#8306 = ORIENTED_EDGE ( 'NONE', *, *, #4349, .F. ) ;
#8307 = EDGE_CURVE ( 'NONE', #3407, #3483, #6573, .T. ) ;
#8308 = FACE_OUTER_BOUND ( 'NONE', #9408, .T. ) ;
#8309 = VECTOR ( 'NONE', #10056, 1000.000000000000000 ) ;
#8310 = CARTESIAN_POINT ( 'NONE',  ( 65.20420041006185841, 5.499999999999707789, 68.26327735083503967 ) ) ;
#8311 = ORIENTED_EDGE ( 'NONE', *, *, #2319, .F. ) ;
#8312 = CARTESIAN_POINT ( 'NONE',  ( 8.660254037844314468, 0.000000000000000000, 21.25000000000000000 ) ) ;
#8313 = CARTESIAN_POINT ( 'NONE',  ( 32.47595264191693332, 147.4213562373095385, 28.74999999999999289 ) ) ;
#8314 = ORIENTED_EDGE ( 'NONE', *, *, #5372, .T. ) ;
#8315 = VERTEX_POINT ( 'NONE', #1983 ) ;
#8316 = CARTESIAN_POINT ( 'NONE',  ( 48.18039637606665337, 6.000000000000000000, 87.18281677883985026 ) ) ;
#8317 = VERTEX_POINT ( 'NONE', #4383 ) ;
#8318 = VECTOR ( 'NONE', #6600, 1000.000000000000000 ) ;
#8319 = CARTESIAN_POINT ( 'NONE',  ( -45.46633369868351338, 147.4213562373095385, -4.592625337882893652E-17 ) ) ;
#8320 = CARTESIAN_POINT ( 'NONE',  ( -46.40590262964586543, 4.500000000000002665, 66.00000000000000000 ) ) ;
#8321 = ORIENTED_EDGE ( 'NONE', *, *, #1636, .F. ) ;
#8322 = DIRECTION ( 'NONE',  ( -0.5000000000000003331, 0.000000000000000000, 0.8660254037844384856 ) ) ;
#8323 = CARTESIAN_POINT ( 'NONE',  ( 92.34245936985364267, -5.728164937519056643, -61.66678322122567835 ) ) ;
#8324 = DIRECTION ( 'NONE',  ( -0.4999999999999998890, 0.000000000000000000, -0.8660254037844387076 ) ) ;
#8325 = CARTESIAN_POINT ( 'NONE',  ( 46.54886545341405935, 147.4213562373095385, -10.62499999999999822 ) ) ;
#8326 = CARTESIAN_POINT ( 'NONE',  ( 77.96702912130204766, 14.99999999999994316, -81.30738249685771279 ) ) ;
#8327 = DIRECTION ( 'NONE',  ( 0.4698463103929487183, 0.8660254037844400399, -0.1710100716628430717 ) ) ;
#8328 = CARTESIAN_POINT ( 'NONE',  ( -4.330127018922339310, 0.000000000000000000, 50.00000000000000000 ) ) ;
#8329 = EDGE_LOOP ( 'NONE', ( #8419, #4396, #6948, #6733 ) ) ;
#8330 = LINE ( 'NONE', #312, #8965 ) ;
#8331 = CARTESIAN_POINT ( 'NONE',  ( 0.000000000000000000, 4.500000000000007994, 92.41944086838630312 ) ) ;
#8332 = FACE_OUTER_BOUND ( 'NONE', #10181, .T. ) ;
#8333 = CARTESIAN_POINT ( 'NONE',  ( 9.742785792575173076, 0.000000000000000000, -31.87499999999996447 ) ) ;
#8334 = DIRECTION ( 'NONE',  ( -0.4698463103929532148, 0.8660254037844399289, -0.1710100716628305262 ) ) ;
#8335 = DIRECTION ( 'NONE',  ( -0.8137976813493688066, -0.4999999999999977796, -0.2961981327260408414 ) ) ;
#8336 = AXIS2_PLACEMENT_3D ( 'NONE', #10049, #6091, #7697 ) ;
#8337 = ORIENTED_EDGE ( 'NONE', *, *, #10, .T. ) ;
#8338 = EDGE_CURVE ( 'NONE', #2892, #8948, #9898, .T. ) ;
#8339 = CARTESIAN_POINT ( 'NONE',  ( -4.330127018922264703, 147.4213562373095385, 13.74999999999999822 ) ) ;
#8340 = ORIENTED_EDGE ( 'NONE', *, *, #10259, .F. ) ;
#8341 = LINE ( 'NONE', #9233, #252 ) ;
#8342 = AXIS2_PLACEMENT_3D ( 'NONE', #4779, #7945, #6914 ) ;
#8343 = ORIENTED_EDGE ( 'NONE', *, *, #2429, .T. ) ;
#8344 = EDGE_CURVE ( 'NONE', #1283, #10249, #8384, .T. ) ;
#8345 = CARTESIAN_POINT ( 'NONE',  ( -79.02598022036026748, -7.769979724182478620, -87.91339593296397936 ) ) ;
#8346 = ADVANCED_FACE ( 'NONE', ( #7603 ), #469, .F. ) ;
#8347 = ORIENTED_EDGE ( 'NONE', *, *, #4140, .T. ) ;
#8348 = DIRECTION ( 'NONE',  ( 0.8660254037844387076, -0.000000000000000000, 0.5000000000000001110 ) ) ;
#8349 = VERTEX_POINT ( 'NONE', #10004 ) ;
#8350 = FACE_BOUND ( 'NONE', #6307, .T. ) ;
#8351 = VERTEX_POINT ( 'NONE', #2872 ) ;
#8352 = AXIS2_PLACEMENT_3D ( 'NONE', #3281, #9009, #9680 ) ;
#8353 = ADVANCED_FACE ( 'NONE', ( #4489 ), #7657, .T. ) ;
#8354 = DIRECTION ( 'NONE',  ( 0.8660254037844387076, -0.000000000000000000, 0.4999999999999998335 ) ) ;
#8355 = PLANE ( 'NONE',  #6527 ) ;
#8356 = EDGE_LOOP ( 'NONE', ( #8141, #92, #5746, #1446, #5796, #9652, #9244, #1999 ) ) ;
#8357 = CARTESIAN_POINT ( 'NONE',  ( -14.07291281149715090, 0.000000000000000000, -3.124999999999960920 ) ) ;
#8358 = EDGE_CURVE ( 'NONE', #1060, #2129, #4590, .T. ) ;
#8359 = LINE ( 'NONE', #4462, #1891 ) ;
#8360 = EDGE_LOOP ( 'NONE', ( #329, #222, #2581, #4032 ) ) ;
#8361 = LINE ( 'NONE', #1070, #7237 ) ;
#8362 = FACE_OUTER_BOUND ( 'NONE', #8264, .T. ) ;
#8363 = VERTEX_POINT ( 'NONE', #5459 ) ;
#8364 = VECTOR ( 'NONE', #6840, 1000.000000000000000 ) ;
#8365 = ADVANCED_FACE ( 'NONE', ( #3858 ), #6240, .T. ) ;
#8366 = VECTOR ( 'NONE', #3800, 1000.000000000000000 ) ;
#8367 = ORIENTED_EDGE ( 'NONE', *, *, #8881, .F. ) ;
#8368 = CARTESIAN_POINT ( 'NONE',  ( -4.330127018922264703, 0.000000000000000000, -13.74999999999999822 ) ) ;
#8369 = VERTEX_POINT ( 'NONE', #4637 ) ;
#8370 = ADVANCED_FACE ( 'NONE', ( #9418 ), #7065, .T. ) ;
#8371 = DIRECTION ( 'NONE',  ( 0.3420201433256956358, -2.078592192663504398E-14, -0.9396926207858986579 ) ) ;
#8372 = DIRECTION ( 'NONE',  ( 0.8137976813493628114, -0.4999999999999978906, 0.2961981327260574393 ) ) ;
#8373 = EDGE_LOOP ( 'NONE', ( #1058, #10313, #4976, #5896 ) ) ;
#8374 = LINE ( 'NONE', #6807, #8959 ) ;
#8375 = DIRECTION ( 'NONE',  ( -0.3420201433256876422, -0.000000000000000000, -0.9396926207859014335 ) ) ;
#8376 = CARTESIAN_POINT ( 'NONE',  ( 41.13620667976130818, 0.000000000000000000, -50.00000000000000000 ) ) ;
#8377 = VECTOR ( 'NONE', #8432, 1000.000000000000000 ) ;
#8378 = CARTESIAN_POINT ( 'NONE',  ( -60.22634868466263214, 11.78326453423800935, -83.37431452178670099 ) ) ;
#8379 = CARTESIAN_POINT ( 'NONE',  ( -49.99999999999999289, 6.000000000000005329, 4.647459621556995657 ) ) ;
#8380 = DIRECTION ( 'NONE',  ( -0.3420201433256646606, 1.387778780781438576E-14, 0.9396926207859098712 ) ) ;
#8381 = ORIENTED_EDGE ( 'NONE', *, *, #1369, .F. ) ;
#8382 = DIRECTION ( 'NONE',  ( 1.000000000000000000, 0.000000000000000000, -0.000000000000000000 ) ) ;
#8383 = PLANE ( 'NONE',  #1418 ) ;
#8384 = LINE ( 'NONE', #2767, #5832 ) ;
#8385 = ORIENTED_EDGE ( 'NONE', *, *, #7267, .T. ) ;
#8386 = DIRECTION ( 'NONE',  ( -0.5000000000000013323, 0.000000000000000000, 0.8660254037844379305 ) ) ;
#8387 = LINE ( 'NONE', #5999, #2202 ) ;
#8388 = ADVANCED_FACE ( 'NONE', ( #2231 ), #2387, .F. ) ;
#8389 = ADVANCED_FACE ( 'NONE', ( #7758 ), #2282, .F. ) ;
#8390 = LINE ( 'NONE', #1252, #5983 ) ;
#8391 = ORIENTED_EDGE ( 'NONE', *, *, #8178, .T. ) ;
#8392 = CARTESIAN_POINT ( 'NONE',  ( 22.73316684934198051, 147.4213562373095385, -45.62499999999995737 ) ) ;
#8393 = EDGE_LOOP ( 'NONE', ( #8760, #10164, #2421, #2121 ) ) ;
#8394 = ADVANCED_FACE ( 'NONE', ( #8588 ), #7904, .T. ) ;
#8395 = DIRECTION ( 'NONE',  ( 0.8757795372522716448, 0.4330127018922189097, 0.2133312028986786846 ) ) ;
#8396 = CIRCLE ( 'NONE', #6389, 2.249999999999988898 ) ;
#8397 = EDGE_CURVE ( 'NONE', #2588, #5560, #6150, .T. ) ;
#8398 = ORIENTED_EDGE ( 'NONE', *, *, #1528, .F. ) ;
#8399 = VECTOR ( 'NONE', #7007, 1000.000000000000000 ) ;
#8400 = CARTESIAN_POINT ( 'NONE',  ( -30.40590262964586188, 6.000000000000000000, -66.00000000000000000 ) ) ;
#8401 = ORIENTED_EDGE ( 'NONE', *, *, #5482, .F. ) ;
#8402 = CARTESIAN_POINT ( 'NONE',  ( -60.40391967589525990, 1.499999999999661382, -61.19522918509719744 ) ) ;
#8403 = ORIENTED_EDGE ( 'NONE', *, *, #3669, .F. ) ;
#8404 = VECTOR ( 'NONE', #4946, 1000.000000000000000 ) ;
#8405 = DIRECTION ( 'NONE',  ( 0.4698463103929487183, -0.8660254037844399289, 0.1710100716628430717 ) ) ;
#8406 = EDGE_LOOP ( 'NONE', ( #4290, #9452, #4453, #10030 ) ) ;
#8407 = AXIS2_PLACEMENT_3D ( 'NONE', #6148, #10155, #7902 ) ;
#8408 = DIRECTION ( 'NONE',  ( -0.1107007079486442697, 0.2499999999999861500, 0.9618967477123914200 ) ) ;
#8409 = ORIENTED_EDGE ( 'NONE', *, *, #8167, .F. ) ;
#8410 = DIRECTION ( 'NONE',  ( -0.4698463103929674811, 0.8660254037844281605, 0.1710100716628500939 ) ) ;
#8411 = CARTESIAN_POINT ( 'NONE',  ( -50.00000000000000000, 6.000000000000000000, 50.00000000000000000 ) ) ;
#8412 = ORIENTED_EDGE ( 'NONE', *, *, #6316, .T. ) ;
#8413 = LINE ( 'NONE', #4362, #751 ) ;
#8414 = ADVANCED_FACE ( 'NONE', ( #5511 ), #3952, .T. ) ;
#8415 = AXIS2_PLACEMENT_3D ( 'NONE', #10036, #8602, #7977 ) ;
#8416 = FACE_OUTER_BOUND ( 'NONE', #3266, .T. ) ;
#8417 = VERTEX_POINT ( 'NONE', #6341 ) ;
#8418 = EDGE_CURVE ( 'NONE', #3683, #5850, #10156, .T. ) ;
#8419 = ORIENTED_EDGE ( 'NONE', *, *, #823, .F. ) ;
#8420 = CARTESIAN_POINT ( 'NONE',  ( -8.660254037844532959, 6.000000000000005329, 42.49999999999999289 ) ) ;
#8421 = ORIENTED_EDGE ( 'NONE', *, *, #3944, .T. ) ;
#8422 = EDGE_CURVE ( 'NONE', #6792, #5361, #3023, .T. ) ;
#8423 = LINE ( 'NONE', #1967, #4978 ) ;
#8424 = VECTOR ( 'NONE', #7939, 1000.000000000000000 ) ;
#8425 = CARTESIAN_POINT ( 'NONE',  ( 4.330127018922193649, 0.000000000000000000, 7.500000000000000000 ) ) ;
#8426 = EDGE_LOOP ( 'NONE', ( #6326, #552, #2008, #4445 ) ) ;
#8427 = LINE ( 'NONE', #4373, #9126 ) ;
#8428 = DIRECTION ( 'NONE',  ( 0.000000000000000000, 0.000000000000000000, -1.000000000000000000 ) ) ;
#8429 = FACE_OUTER_BOUND ( 'NONE', #7027, .T. ) ;
#8430 = EDGE_CURVE ( 'NONE', #7002, #1532, #10305, .T. ) ;
#8431 = LINE ( 'NONE', #1294, #5243 ) ;
#8432 = DIRECTION ( 'NONE',  ( -0.4999999999999997224, 0.000000000000000000, 0.8660254037844388186 ) ) ;
#8433 = ORIENTED_EDGE ( 'NONE', *, *, #838, .T. ) ;
#8434 = CARTESIAN_POINT ( 'NONE',  ( 22.73316684934176024, 147.4213562373095385, 24.37499999999996092 ) ) ;
#8435 = AXIS2_PLACEMENT_3D ( 'NONE', #6692, #8107, #5661 ) ;
#8436 = ADVANCED_FACE ( 'NONE', ( #623 ), #6194, .F. ) ;
#8437 = CARTESIAN_POINT ( 'NONE',  ( -48.21495254706555045, 0.000000000000000000, -87.08787447931756276 ) ) ;
#8438 = DIRECTION ( 'NONE',  ( -1.000000000000000000, 0.000000000000000000, 0.000000000000000000 ) ) ;
#8439 = VERTEX_POINT ( 'NONE', #821 ) ;
#8440 = VECTOR ( 'NONE', #949, 1000.000000000000000 ) ;
#8441 = CARTESIAN_POINT ( 'NONE',  ( 65.83204565542119724, 8.999999999999969802, 84.26290891996461596 ) ) ;
#8442 = CARTESIAN_POINT ( 'NONE',  ( 64.13382571541318100, 1.124999999999719114, -62.55280396009143828 ) ) ;
#8443 = FACE_BOUND ( 'NONE', #3916, .T. ) ;
#8444 = VERTEX_POINT ( 'NONE', #9371 ) ;
#8445 = VECTOR ( 'NONE', #8744, 999.9999999999998863 ) ;
#8446 = DIRECTION ( 'NONE',  ( -0.8660254037844384856, 0.000000000000000000, -0.5000000000000003331 ) ) ;
#8447 = CARTESIAN_POINT ( 'NONE',  ( 49.99999999999997158, 6.000000000000005329, 25.89745962155742021 ) ) ;
#8448 = AXIS2_PLACEMENT_3D ( 'NONE', #8591, #1455, #675 ) ;
#8449 = ORIENTED_EDGE ( 'NONE', *, *, #2188, .T. ) ;
#8450 = FACE_OUTER_BOUND ( 'NONE', #8406, .T. ) ;
#8451 = VERTEX_POINT ( 'NONE', #4007 ) ;
#8452 = DIRECTION ( 'NONE',  ( -0.3420201433256694346, -1.249000902703301739E-14, 0.9396926207859082059 ) ) ;
#8453 = ORIENTED_EDGE ( 'NONE', *, *, #5454, .F. ) ;
#8454 = AXIS2_PLACEMENT_3D ( 'NONE', #2413, #1633, #5587 ) ;
#8455 = EDGE_CURVE ( 'NONE', #5345, #8918, #6289, .T. ) ;
#8456 = EDGE_LOOP ( 'NONE', ( #5794, #6184, #6897, #9236 ) ) ;
#8457 = PLANE ( 'NONE',  #7476 ) ;
#8458 = ORIENTED_EDGE ( 'NONE', *, *, #9897, .F. ) ;
#8459 = AXIS2_PLACEMENT_3D ( 'NONE', #4399, #3730, #8298 ) ;
#8460 = DIRECTION ( 'NONE',  ( 0.5000000000000067724, 0.000000000000000000, 0.8660254037844347108 ) ) ;
#8461 = AXIS2_PLACEMENT_3D ( 'NONE', #2868, #7599, #9223 ) ;
#8462 = ORIENTED_EDGE ( 'NONE', *, *, #7069, .T. ) ;
#8463 = DIRECTION ( 'NONE',  ( 0.5000000000000000000, 0.000000000000000000, 0.8660254037844385966 ) ) ;
#8464 = CARTESIAN_POINT ( 'NONE',  ( 32.47595264191692621, 0.000000000000000000, -50.00000000000000000 ) ) ;
#8465 = EDGE_LOOP ( 'NONE', ( #1576, #6087 ) ) ;
#8466 = EDGE_CURVE ( 'NONE', #7305, #7687, #8815, .T. ) ;
#8467 = FACE_BOUND ( 'NONE', #1785, .T. ) ;
#8468 = ORIENTED_EDGE ( 'NONE', *, *, #8226, .T. ) ;
#8469 = VECTOR ( 'NONE', #5883, 1000.000000000000227 ) ;
#8470 = VECTOR ( 'NONE', #2822, 1000.000000000000000 ) ;
#8471 = EDGE_LOOP ( 'NONE', ( #9962, #5230, #9042, #4182, #5242, #1384, #2365, #7319 ) ) ;
#8472 = FACE_OUTER_BOUND ( 'NONE', #8615, .T. ) ;
#8473 = EDGE_LOOP ( 'NONE', ( #5495, #9570, #7021, #7870, #5213 ) ) ;
#8474 = PLANE ( 'NONE',  #8976 ) ;
#8475 = DIRECTION ( 'NONE',  ( -6.713255375082617595E-16, 0.000000000000000000, 1.000000000000000000 ) ) ;
#8476 = ORIENTED_EDGE ( 'NONE', *, *, #9381, .F. ) ;
#8477 = VECTOR ( 'NONE', #2698, 1000.000000000000000 ) ;
#8478 = DIRECTION ( 'NONE',  ( -0.000000000000000000, -1.000000000000000000, -0.000000000000000000 ) ) ;
#8479 = CARTESIAN_POINT ( 'NONE',  ( -48.18039637606665337, 6.000000000000000000, -87.18281677883985026 ) ) ;
#8480 = CARTESIAN_POINT ( 'NONE',  ( 41.13620667976124423, 0.000000000000000000, 13.74999999999999645 ) ) ;
#8481 = CARTESIAN_POINT ( 'NONE',  ( 66.05925076837610277, 5.499999999999678479, -65.91404579887013426 ) ) ;
#8482 = FACE_OUTER_BOUND ( 'NONE', #4555, .T. ) ;
#8483 = EDGE_CURVE ( 'NONE', #2229, #5717, #3437, .T. ) ;
#8484 = AXIS2_PLACEMENT_3D ( 'NONE', #7825, #492, #9246 ) ;
#8485 = VERTEX_POINT ( 'NONE', #4270 ) ;
#8486 = DIRECTION ( 'NONE',  ( -0.000000000000000000, -1.000000000000000000, -0.000000000000000000 ) ) ;
#8487 = CARTESIAN_POINT ( 'NONE',  ( 27.06329386826395123, 0.000000000000000000, 31.87499999999995737 ) ) ;
#8488 = ADVANCED_FACE ( 'NONE', ( #5824 ), #5768, .F. ) ;
#8489 = DIRECTION ( 'NONE',  ( 0.000000000000000000, 0.000000000000000000, 1.000000000000000000 ) ) ;
#8490 = EDGE_LOOP ( 'NONE', ( #1842, #9861, #485, #8875 ) ) ;
#8491 = EDGE_CURVE ( 'NONE', #7091, #4196, #2438, .T. ) ;
#8492 = DIRECTION ( 'NONE',  ( -0.8660254037844387076, 0.000000000000000000, -0.5000000000000000000 ) ) ;
#8493 = VECTOR ( 'NONE', #7326, 1000.000000000000000 ) ;
#8494 = DIRECTION ( 'NONE',  ( 0.5000000000000003331, 0.000000000000000000, 0.8660254037844384856 ) ) ;
#8495 = CARTESIAN_POINT ( 'NONE',  ( 8.660254037844387298, 147.4213562373095385, -4.592625337882893652E-17 ) ) ;
#8496 = ORIENTED_EDGE ( 'NONE', *, *, #7197, .T. ) ;
#8497 = DIRECTION ( 'NONE',  ( -0.8137976813493628114, -0.4999999999999978906, -0.2961981327260574393 ) ) ;
#8498 = PLANE ( 'NONE',  #7731 ) ;
#8499 = EDGE_CURVE ( 'NONE', #7905, #44, #7433, .T. ) ;
#8500 = EDGE_LOOP ( 'NONE', ( #4837, #1534, #7243, #3886 ) ) ;
#8501 = DIRECTION ( 'NONE',  ( -0.000000000000000000, -1.000000000000000000, -0.000000000000000000 ) ) ;
#8502 = EDGE_LOOP ( 'NONE', ( #4585, #6922, #9327, #6678 ) ) ;
#8503 = CARTESIAN_POINT ( 'NONE',  ( 4.564377845115513033, 0.000000000000000000, -12.54052506331302119 ) ) ;
#8504 = ORIENTED_EDGE ( 'NONE', *, *, #9790, .F. ) ;
#8505 = ORIENTED_EDGE ( 'NONE', *, *, #4387, .T. ) ;
#8506 = CARTESIAN_POINT ( 'NONE',  ( 3.673940397442059967E-15, 0.000000000000000000, 30.00000000000000000 ) ) ;
#8507 = ORIENTED_EDGE ( 'NONE', *, *, #3911, .F. ) ;
#8508 = FACE_BOUND ( 'NONE', #4295, .T. ) ;
#8509 = EDGE_LOOP ( 'NONE', ( #10253, #1782, #4200, #4189 ) ) ;
#8510 = CARTESIAN_POINT ( 'NONE',  ( 48.32614877529362474, 0.000000000000000000, -45.59702753535147224 ) ) ;
#8511 = CARTESIAN_POINT ( 'NONE',  ( -119.1956539752621893, 5.499999999998012257, 80.07702216308493348 ) ) ;
#8512 = EDGE_LOOP ( 'NONE', ( #4455, #3731, #7417, #984 ) ) ;
#8513 = FACE_BOUND ( 'NONE', #33, .T. ) ;
#8514 = ORIENTED_EDGE ( 'NONE', *, *, #5804, .F. ) ;
#8515 = ORIENTED_EDGE ( 'NONE', *, *, #7733, .F. ) ;
#8516 = ORIENTED_EDGE ( 'NONE', *, *, #4740, .F. ) ;
#8517 = CARTESIAN_POINT ( 'NONE',  ( -77.90864772864858878, 12.33809673898022474, -67.98743272795282166 ) ) ;
#8518 = VECTOR ( 'NONE', #2770, 1000.000000000000114 ) ;
#8519 = DIRECTION ( 'NONE',  ( -0.5000000000000019984, 0.000000000000000000, -0.8660254037844375974 ) ) ;
#8520 = ORIENTED_EDGE ( 'NONE', *, *, #5432, .T. ) ;
#8521 = CARTESIAN_POINT ( 'NONE',  ( -28.14582562299473878, 6.000000000000005329, 21.24999999999999289 ) ) ;
#8522 = ORIENTED_EDGE ( 'NONE', *, *, #1458, .T. ) ;
#8523 = FACE_OUTER_BOUND ( 'NONE', #2204, .T. ) ;
#8524 = CIRCLE ( 'NONE', #1876, 6.999999999999938716 ) ;
#8525 = LINE ( 'NONE', #6186, #3361 ) ;
#8526 = DIRECTION ( 'NONE',  ( -0.5000000000000013323, 0.000000000000000000, 0.8660254037844379305 ) ) ;
#8527 = EDGE_CURVE ( 'NONE', #4891, #173, #2489, .T. ) ;
#8528 = VECTOR ( 'NONE', #2427, 1000.000000000000000 ) ;
#8529 = PLANE ( 'NONE',  #10205 ) ;
#8530 = ORIENTED_EDGE ( 'NONE', *, *, #4015, .T. ) ;
#8531 = CARTESIAN_POINT ( 'NONE',  ( -46.54886545341427961, 147.4213562373095385, -31.87499999999998579 ) ) ;
#8532 = LINE ( 'NONE', #1350, #9578 ) ;
#8534 = AXIS2_PLACEMENT_3D ( 'NONE', #10226, #8711, #3929 ) ;
#8533 = DIRECTION ( 'NONE',  ( -0.5000000000000012212, 0.000000000000000000, 0.8660254037844379305 ) ) ;
#8535 = ORIENTED_EDGE ( 'NONE', *, *, #2368, .T. ) ;
#8536 = CARTESIAN_POINT ( 'NONE',  ( -50.00000000000000000, 0.000000000000000000, -25.89745962155733139 ) ) ;
#8537 = CARTESIAN_POINT ( 'NONE',  ( -65.96487049844922979, 2.249999999999727773, -63.21924975872500596 ) ) ;
#8538 = DIRECTION ( 'NONE',  ( -0.000000000000000000, -1.000000000000000000, -0.000000000000000000 ) ) ;
#8539 = VERTEX_POINT ( 'NONE', #91 ) ;
#8540 = EDGE_CURVE ( 'NONE', #1283, #653, #1660, .T. ) ;
#8541 = EDGE_CURVE ( 'NONE', #1778, #9188, #5609, .T. ) ;
#8542 = ADVANCED_FACE ( 'NONE', ( #3278 ), #9779, .F. ) ;
#8543 = FACE_OUTER_BOUND ( 'NONE', #2361, .T. ) ;
#8544 = CIRCLE ( 'NONE', #4060, 2.249999999999984013 ) ;
#8545 = CARTESIAN_POINT ( 'NONE',  ( -66.91430112669024766, 5.499999999999709566, 63.56481424690532833 ) ) ;
#8546 = AXIS2_PLACEMENT_3D ( 'NONE', #9095, #6645, #2686 ) ;
#8547 = EDGE_CURVE ( 'NONE', #1890, #2435, #8789, .T. ) ;
#8548 = EDGE_CURVE ( 'NONE', #1056, #7482, #6493, .T. ) ;
#8549 = ORIENTED_EDGE ( 'NONE', *, *, #4673, .T. ) ;
#8550 = DIRECTION ( 'NONE',  ( 0.9355268173716063673, 0.09405667402808165489, 0.3405039148810601879 ) ) ;
#8551 = ORIENTED_EDGE ( 'NONE', *, *, #2948, .T. ) ;
#8552 = LINE ( 'NONE', #8174, #1313 ) ;
#8553 = ORIENTED_EDGE ( 'NONE', *, *, #5613, .F. ) ;
#8554 = VECTOR ( 'NONE', #3167, 1000.000000000000114 ) ;
#8555 = DIRECTION ( 'NONE',  ( -0.000000000000000000, -1.000000000000000000, -0.000000000000000000 ) ) ;
#8556 = VERTEX_POINT ( 'NONE', #4839 ) ;
#8557 = FACE_BOUND ( 'NONE', #1703, .T. ) ;
#8558 = AXIS2_PLACEMENT_3D ( 'NONE', #893, #6674, #220 ) ;
#8559 = ORIENTED_EDGE ( 'NONE', *, *, #10162, .T. ) ;
#8560 = DIRECTION ( 'NONE',  ( 0.8660254037844387076, -0.000000000000000000, 0.5000000000000001110 ) ) ;
#8561 = DIRECTION ( 'NONE',  ( 0.8660254037844387076, -0.000000000000000000, 0.5000000000000001110 ) ) ;
#8562 = VERTEX_POINT ( 'NONE', #8008 ) ;
#8563 = EDGE_CURVE ( 'NONE', #10198, #7724, #871, .T. ) ;
#8564 = CARTESIAN_POINT ( 'NONE',  ( -4.330127018922193649, 0.000000000000000000, -7.500000000000000000 ) ) ;
#8565 = EDGE_LOOP ( 'NONE', ( #8809, #5810, #3887, #6570 ) ) ;
#8566 = VECTOR ( 'NONE', #1393, 1000.000000000000114 ) ;
#8567 = EDGE_LOOP ( 'NONE', ( #1264, #9807, #9759, #2090 ) ) ;
#8568 = CIRCLE ( 'NONE', #5257, 51.96152422706639129 ) ;
#8569 = ORIENTED_EDGE ( 'NONE', *, *, #8726, .F. ) ;
#8570 = CARTESIAN_POINT ( 'NONE',  ( -65.96487049844922979, 2.249999999999727773, 63.21924975872500596 ) ) ;
#8571 = EDGE_CURVE ( 'NONE', #2446, #1423, #4058, .T. ) ;
#8572 = LINE ( 'NONE', #1438, #10160 ) ;
#8573 = ADVANCED_FACE ( 'NONE', ( #2595, #4890, #193, #8059 ), #7273, .F. ) ;
#8574 = DIRECTION ( 'NONE',  ( 0.000000000000000000, 0.000000000000000000, -1.000000000000000000 ) ) ;
#8575 = VECTOR ( 'NONE', #2480, 1000.000000000000227 ) ;
#8576 = ORIENTED_EDGE ( 'NONE', *, *, #7621, .F. ) ;
#8577 = FACE_OUTER_BOUND ( 'NONE', #550, .T. ) ;
#8578 = CARTESIAN_POINT ( 'NONE',  ( 45.46633369868351338, 6.000000000000005329, -21.24999999999999289 ) ) ;
#8579 = VECTOR ( 'NONE', #89, 1000.000000000000114 ) ;
#8580 = CARTESIAN_POINT ( 'NONE',  ( -21.86105912627042258, 6.000000000000005329, 24.37499999999996092 ) ) ;
#8581 = DIRECTION ( 'NONE',  ( -0.8660254037844387076, 0.000000000000000000, -0.5000000000000001110 ) ) ;
#8582 = ORIENTED_EDGE ( 'NONE', *, *, #4492, .T. ) ;
#8583 = DIRECTION ( 'NONE',  ( -0.4698463103929532703, 0.8660254037844400399, -0.1710100716628305539 ) ) ;
#8584 = ORIENTED_EDGE ( 'NONE', *, *, #9136, .F. ) ;
#8585 = AXIS2_PLACEMENT_3D ( 'NONE', #1063, #4356, #438 ) ;
#8586 = EDGE_CURVE ( 'NONE', #15, #7978, #142, .T. ) ;
#8587 = CARTESIAN_POINT ( 'NONE',  ( 49.99999999999997868, 147.4213562373095385, -4.647459621557000098 ) ) ;
#8588 = FACE_OUTER_BOUND ( 'NONE', #7210, .T. ) ;
#8589 = ORIENTED_EDGE ( 'NONE', *, *, #3965, .F. ) ;
#8590 = CARTESIAN_POINT ( 'NONE',  ( -85.28138980357267940, 12.75855025242442764, 49.86024169478056933 ) ) ;
#8591 = CARTESIAN_POINT ( 'NONE',  ( -77.67962342022298117, 8.999999999999962697, 51.71195653594100605 ) ) ;
#8592 = FACE_BOUND ( 'NONE', #5117, .T. ) ;
#8593 = ORIENTED_EDGE ( 'NONE', *, *, #8093, .T. ) ;
#8594 = VECTOR ( 'NONE', #7634, 1000.000000000000227 ) ;
#8595 = DIRECTION ( 'NONE',  ( -0.000000000000000000, -0.000000000000000000, 1.000000000000000000 ) ) ;
#8596 = CARTESIAN_POINT ( 'NONE',  ( 81.78546517605026622, -9.486715189943588200, 71.63791974095212822 ) ) ;
#8597 = VECTOR ( 'NONE', #4137, 1000.000000000000000 ) ;
#8598 = ADVANCED_FACE ( 'NONE', ( #3383 ), #9678, .F. ) ;
#8599 = LINE ( 'NONE', #3823, #6041 ) ;
#8600 = ORIENTED_EDGE ( 'NONE', *, *, #6297, .T. ) ;
#8601 = ORIENTED_EDGE ( 'NONE', *, *, #5467, .F. ) ;
#8602 = DIRECTION ( 'NONE',  ( 4.006172263299126906E-16, -0.000000000000000000, 1.000000000000000000 ) ) ;
#8603 = DIRECTION ( 'NONE',  ( 0.000000000000000000, 0.000000000000000000, 1.000000000000000000 ) ) ;
#8604 = EDGE_CURVE ( 'NONE', #8444, #8138, #9728, .T. ) ;
#8605 = FACE_OUTER_BOUND ( 'NONE', #5647, .T. ) ;
#8606 = ORIENTED_EDGE ( 'NONE', *, *, #5100, .T. ) ;
#8607 = EDGE_CURVE ( 'NONE', #9247, #3533, #1183, .T. ) ;
#8608 = ORIENTED_EDGE ( 'NONE', *, *, #6535, .F. ) ;
#8609 = DIRECTION ( 'NONE',  ( -0.5000000000000001110, 0.000000000000000000, 0.8660254037844387076 ) ) ;
#8610 = PLANE ( 'NONE',  #5771 ) ;
#8611 = VERTEX_POINT ( 'NONE', #508 ) ;
#8612 = AXIS2_PLACEMENT_3D ( 'NONE', #9549, #6365, #8765 ) ;
#8613 = DIRECTION ( 'NONE',  ( 0.8660254037844385966, 0.000000000000000000, -0.5000000000000003331 ) ) ;
#8614 = ORIENTED_EDGE ( 'NONE', *, *, #5696, .F. ) ;
#8615 = EDGE_LOOP ( 'NONE', ( #4788, #10203, #8289, #6355 ) ) ;
#8616 = EDGE_CURVE ( 'NONE', #10249, #2790, #5873, .T. ) ;
#8617 = EDGE_LOOP ( 'NONE', ( #4714, #6624, #10285, #1897, #5453, #683 ) ) ;
#8618 = CARTESIAN_POINT ( 'NONE',  ( -80.84392734693378202, 10.71673546576124991, 51.71195653594101316 ) ) ;
#8619 = VECTOR ( 'NONE', #519, 1000.000000000000000 ) ;
#8620 = EDGE_CURVE ( 'NONE', #3515, #847, #1340, .T. ) ;
#8621 = FACE_OUTER_BOUND ( 'NONE', #4558, .T. ) ;
#8622 = CARTESIAN_POINT ( 'NONE',  ( -9.742785792574935044, 147.4213562373095385, 10.62499999999999822 ) ) ;
#8623 = VERTEX_POINT ( 'NONE', #9163 ) ;
#8624 = DIRECTION ( 'NONE',  ( -0.8789733129752196339, -0.4768709627114723903, 0.000000000000000000 ) ) ;
#8625 = AXIS2_PLACEMENT_3D ( 'NONE', #227, #5646, #1736 ) ;
#8626 = LINE ( 'NONE', #3894, #1024 ) ;
#8627 = DIRECTION ( 'NONE',  ( -0.3420201433256646606, 1.387778780781438576E-14, -0.9396926207859098712 ) ) ;
#8628 = DIRECTION ( 'NONE',  ( -0.5000000000000001110, 0.000000000000000000, -0.8660254037844387076 ) ) ;
#8629 = VERTEX_POINT ( 'NONE', #2020 ) ;
#8630 = LINE ( 'NONE', #3112, #7559 ) ;
#8631 = ORIENTED_EDGE ( 'NONE', *, *, #8908, .T. ) ;
#8632 = VECTOR ( 'NONE', #20, 1000.000000000000000 ) ;
#8633 = CARTESIAN_POINT ( 'NONE',  ( 116.4151785639850942, 1.124999999998077316, 81.08903244989882353 ) ) ;
#8634 = DIRECTION ( 'NONE',  ( -0.9396926207859015445, 0.000000000000000000, -0.3420201433256876977 ) ) ;
#8635 = ORIENTED_EDGE ( 'NONE', *, *, #6942, .F. ) ;
#8636 = AXIS2_PLACEMENT_3D ( 'NONE', #9848, #8234, #8285 ) ;
#8637 = DIRECTION ( 'NONE',  ( -0.8789733129752195229, -0.4768709627114725014, 0.000000000000000000 ) ) ;
#8638 = PLANE ( 'NONE',  #6617 ) ;
#8639 = CARTESIAN_POINT ( 'NONE',  ( 25.98076211353308551, 6.000000000000005329, -15.00000000000013323 ) ) ;
#8640 = AXIS2_PLACEMENT_3D ( 'NONE', #2157, #6938, #10173 ) ;
#8641 = ORIENTED_EDGE ( 'NONE', *, *, #405, .T. ) ;
#8642 = EDGE_LOOP ( 'NONE', ( #2113, #8940, #449, #8952 ) ) ;
#8643 = CARTESIAN_POINT ( 'NONE',  ( -41.13620667976124423, 6.000000000000005329, 13.74999999999999822 ) ) ;
#8644 = DIRECTION ( 'NONE',  ( -0.5000000000000045519, 0.000000000000000000, -0.8660254037844360431 ) ) ;
#8645 = VECTOR ( 'NONE', #4992, 1000.000000000000114 ) ;
#8646 = LINE ( 'NONE', #731, #7360 ) ;
#8647 = VERTEX_POINT ( 'NONE', #5199 ) ;
#8649 = ADVANCED_FACE ( 'NONE', ( #4523 ), #3591, .F. ) ;
#8648 = CARTESIAN_POINT ( 'NONE',  ( 63.39065261137343299, 13.49999999999931433, 83.37431452178670099 ) ) ;
#8650 = ORIENTED_EDGE ( 'NONE', *, *, #3524, .T. ) ;
#8651 = DIRECTION ( 'NONE',  ( -0.3420201433256701562, 1.073360150760649390E-14, -0.9396926207859079838 ) ) ;
#8652 = LINE ( 'NONE', #4556, #641 ) ;
#8653 = VECTOR ( 'NONE', #1068, 1000.000000000000000 ) ;
#8654 = VERTEX_POINT ( 'NONE', #301 ) ;
#8655 = DIRECTION ( 'NONE',  ( -1.000000000000000000, 0.000000000000000000, 0.000000000000000000 ) ) ;
#8656 = PERSON ( 'UNSPECIFIED', 'UNSPECIFIED', 'UNSPECIFIED', ('UNSPECIFIED'), ('UNSPECIFIED'), ('UNSPECIFIED') ) ;
#8657 = FACE_OUTER_BOUND ( 'NONE', #8090, .T. ) ;
#8658 = VERTEX_POINT ( 'NONE', #7588 ) ;
#8659 = EDGE_CURVE ( 'NONE', #1131, #4692, #2749, .T. ) ;
#8660 = ORIENTED_EDGE ( 'NONE', *, *, #7220, .T. ) ;
#8661 = PLANE ( 'NONE',  #1550 ) ;
#8662 = CARTESIAN_POINT ( 'NONE',  ( 41.13620667976131529, 0.000000000000000000, 34.99999999999999289 ) ) ;
#8663 = ORIENTED_EDGE ( 'NONE', *, *, #2937, .T. ) ;
#8664 = DIRECTION ( 'NONE',  ( 0.3420201433256876422, -0.000000000000000000, -0.9396926207859014335 ) ) ;
#8665 = EDGE_LOOP ( 'NONE', ( #9391, #3526, #5126, #9260 ) ) ;
#8666 = ORIENTED_EDGE ( 'NONE', *, *, #3511, .F. ) ;
#8667 = EDGE_CURVE ( 'NONE', #4962, #7053, #5145, .T. ) ;
#8668 = ORIENTED_EDGE ( 'NONE', *, *, #6639, .F. ) ;
#8669 = LINE ( 'NONE', #10094, #7297 ) ;
#8670 = CARTESIAN_POINT ( 'NONE',  ( 48.32614877529362474, 0.000000000000000000, -48.34702753535147934 ) ) ;
#8671 = EDGE_CURVE ( 'NONE', #5571, #3810, #5096, .T. ) ;
#8672 = DIRECTION ( 'NONE',  ( -1.000000000000000000, 0.000000000000000000, -1.001543065824772852E-16 ) ) ;
#8673 = VECTOR ( 'NONE', #10192, 1000.000000000000000 ) ;
#8674 = VECTOR ( 'NONE', #6460, 1000.000000000000000 ) ;
#8675 = ORIENTED_EDGE ( 'NONE', *, *, #7026, .T. ) ;
#8676 = CARTESIAN_POINT ( 'NONE',  ( 74.51531949351219453, 7.283264534238682586, 51.71195653594100605 ) ) ;
#8677 = DIRECTION ( 'NONE',  ( 0.3420201433256800372, -1.119241949895692456E-14, 0.9396926207859043201 ) ) ;
#8678 = EDGE_CURVE ( 'NONE', #9986, #608, #3645, .T. ) ;
#8679 = LINE ( 'NONE', #6335, #8070 ) ;
#8680 = CARTESIAN_POINT ( 'NONE',  ( -64.25476978182084054, 2.249999999999781508, 67.91771286265469598 ) ) ;
#8681 = ORIENTED_EDGE ( 'NONE', *, *, #3972, .T. ) ;
#8682 = LINE ( 'NONE', #4533, #4405 ) ;
#8683 = VERTEX_POINT ( 'NONE', #9989 ) ;
#8684 = CARTESIAN_POINT ( 'NONE',  ( -23.87132298306550382, 147.4213562373095385, -16.15365574944390303 ) ) ;
#8685 = DIRECTION ( 'NONE',  ( -0.000000000000000000, -1.000000000000000000, -0.000000000000000000 ) ) ;
#8686 = VERTEX_POINT ( 'NONE', #3542 ) ;
#8687 = VECTOR ( 'NONE', #5319, 1000.000000000000227 ) ;
#8688 = VECTOR ( 'NONE', #5398, 1000.000000000000000 ) ;
#8689 = DIRECTION ( 'NONE',  ( 0.3420201433256876422, -0.000000000000000000, -0.9396926207859014335 ) ) ;
#8690 = CARTESIAN_POINT ( 'NONE',  ( 9.742785792574935044, 147.4213562373095385, 10.62499999999999822 ) ) ;
#8691 = CARTESIAN_POINT ( 'NONE',  ( -32.47595264191693332, 147.4213562373095385, 34.99999999999999289 ) ) ;
#8692 = ORIENTED_EDGE ( 'NONE', *, *, #642, .T. ) ;
#8693 = EDGE_LOOP ( 'NONE', ( #1005, #3986, #6256, #4611 ) ) ;
#8694 = AXIS2_PLACEMENT_3D ( 'NONE', #987, #1879, #5891 ) ;
#8695 = CARTESIAN_POINT ( 'NONE',  ( 83.57150303714189477, 30.23589553796796636, 65.90921696516618056 ) ) ;
#8696 = VECTOR ( 'NONE', #9347, 1000.000000000000114 ) ;
#8697 = DIRECTION ( 'NONE',  ( -0.8789733129752196339, 0.4768709627114723348, 0.000000000000000000 ) ) ;
#8698 = EDGE_CURVE ( 'NONE', #3833, #3640, #4002, .T. ) ;
#8699 = EDGE_CURVE ( 'NONE', #9090, #10233, #9833, .T. ) ;
#8700 = VERTEX_POINT ( 'NONE', #2070 ) ;
#8701 = CARTESIAN_POINT ( 'NONE',  ( 32.47595264191693332, 0.000000000000000000, 49.99999999999998579 ) ) ;
#8702 = VERTEX_POINT ( 'NONE', #8320 ) ;
#8703 = VECTOR ( 'NONE', #3391, 1000.000000000000000 ) ;
#8704 = CARTESIAN_POINT ( 'NONE',  ( 69.31444149377422548, 13.49999999999950973, -67.09883832977484985 ) ) ;
#8705 = ORIENTED_EDGE ( 'NONE', *, *, #1521, .T. ) ;
#8706 = CARTESIAN_POINT ( 'NONE',  ( 72.07392644946422422, 11.78326453423841258, -50.82336213776300582 ) ) ;
#8707 = EDGE_CURVE ( 'NONE', #7135, #2906, #5925, .T. ) ;
#8708 = DIRECTION ( 'NONE',  ( -0.8137976813493688066, 0.4999999999999977796, -0.2961981327260409524 ) ) ;
#8709 = VERTEX_POINT ( 'NONE', #5298 ) ;
#8710 = EDGE_LOOP ( 'NONE', ( #5764, #1738, #6595, #5336 ) ) ;
#8711 = DIRECTION ( 'NONE',  ( 0.4698463103929532703, 0.8660254037844400399, -0.1710100716628305539 ) ) ;
#8712 = LINE ( 'NONE', #4918, #6769 ) ;
#8713 = VERTEX_POINT ( 'NONE', #9938 ) ;
#8714 = CARTESIAN_POINT ( 'NONE',  ( -50.00000000000000000, 0.000000000000000000, -50.00000000000000000 ) ) ;
#8715 = ORIENTED_EDGE ( 'NONE', *, *, #4709, .F. ) ;
#8716 = EDGE_LOOP ( 'NONE', ( #2605, #1202, #6986, #1722 ) ) ;
#8717 = ORIENTED_EDGE ( 'NONE', *, *, #2307, .T. ) ;
#8718 = CARTESIAN_POINT ( 'NONE',  ( -50.00000000000000000, 6.000000000000000000, 50.00000000000000000 ) ) ;
#8719 = AXIS2_PLACEMENT_3D ( 'NONE', #5605, #8162, #1755 ) ;
#8720 = FACE_OUTER_BOUND ( 'NONE', #3318, .T. ) ;
#8721 = DIRECTION ( 'NONE',  ( 0.4698463103929532148, -0.8660254037844399289, -0.1710100716628305262 ) ) ;
#8722 = EDGE_CURVE ( 'NONE', #9384, #7131, #4475, .T. ) ;
#8723 = VERTEX_POINT ( 'NONE', #2700 ) ;
#8724 = CARTESIAN_POINT ( 'NONE',  ( 48.18039637606665337, 0.000000000000000000, 87.18281677883985026 ) ) ;
#8725 = CARTESIAN_POINT ( 'NONE',  ( -27.06329386826395123, 0.000000000000000000, 31.87499999999995737 ) ) ;
#8726 = EDGE_CURVE ( 'NONE', #3734, #4698, #9883, .T. ) ;
#8727 = LINE ( 'NONE', #238, #2252 ) ;
#8728 = VECTOR ( 'NONE', #461, 1000.000000000000000 ) ;
#8729 = DIRECTION ( 'NONE',  ( -0.000000000000000000, -1.000000000000000000, -0.000000000000000000 ) ) ;
#8730 = VECTOR ( 'NONE', #1628, 999.9999999999998863 ) ;
#8731 = EDGE_CURVE ( 'NONE', #3301, #7429, #9106, .T. ) ;
#8732 = ORIENTED_EDGE ( 'NONE', *, *, #598, .T. ) ;
#8733 = CARTESIAN_POINT ( 'NONE',  ( 41.13620667976131529, 147.4213562373095385, 34.99999999999999289 ) ) ;
#8734 = ORIENTED_EDGE ( 'NONE', *, *, #7006, .F. ) ;
#8735 = LINE ( 'NONE', #5715, #5919 ) ;
#8736 = VECTOR ( 'NONE', #4932, 1000.000000000000000 ) ;
#8737 = DIRECTION ( 'NONE',  ( -1.000000000000000000, 0.000000000000000000, 0.000000000000000000 ) ) ;
#8738 = EDGE_LOOP ( 'NONE', ( #4909, #4763, #9894, #4916 ) ) ;
#8739 = EDGE_CURVE ( 'NONE', #5042, #715, #7537, .T. ) ;
#8740 = VECTOR ( 'NONE', #9949, 1000.000000000000000 ) ;
#8741 = CARTESIAN_POINT ( 'NONE',  ( 65.42938555780321508, 2.249999999999781508, -68.34523804181178264 ) ) ;
#8742 = CARTESIAN_POINT ( 'NONE',  ( -8.660254037844532959, 0.000000000000000000, -42.49999999999999289 ) ) ;
#8743 = CARTESIAN_POINT ( 'NONE',  ( -68.99634958213199809, 10.71673546576126412, 84.26290891996463017 ) ) ;
#8744 = DIRECTION ( 'NONE',  ( -0.5000000000000001110, 0.000000000000000000, 0.8660254037844387076 ) ) ;
#8745 = ORIENTED_EDGE ( 'NONE', *, *, #6287, .T. ) ;
#8746 = VECTOR ( 'NONE', #165, 1000.000000000000227 ) ;
#8747 = ADVANCED_FACE ( 'NONE', ( #2911 ), #6086, .F. ) ;
#8748 = ORIENTED_EDGE ( 'NONE', *, *, #3657, .T. ) ;
#8749 = DIRECTION ( 'NONE',  ( -0.5000000000000000000, 0.000000000000000000, 0.8660254037844385966 ) ) ;
#8750 = CARTESIAN_POINT ( 'NONE',  ( 14.07291281149736051, 147.4213562373095385, -39.37499999999995737 ) ) ;
#8751 = ADVANCED_FACE ( 'NONE', ( #6276 ), #3845, .T. ) ;
#8752 = VECTOR ( 'NONE', #3671, 1000.000000000000000 ) ;
#8753 = EDGE_CURVE ( 'NONE', #44, #8351, #6330, .T. ) ;
#8754 = DIRECTION ( 'NONE',  ( -1.000000000000000000, 0.000000000000000000, 0.000000000000000000 ) ) ;
#8755 = LINE ( 'NONE', #3237, #24 ) ;
#8756 = VECTOR ( 'NONE', #8628, 999.9999999999998863 ) ;
#8757 = LINE ( 'NONE', #1676, #9303 ) ;
#8758 = VERTEX_POINT ( 'NONE', #10095 ) ;
#8759 = CARTESIAN_POINT ( 'NONE',  ( 0.000000000000000000, 0.000000000000000000, 0.000000000000000000 ) ) ;
#8760 = ORIENTED_EDGE ( 'NONE', *, *, #7458, .T. ) ;
#8761 = LINE ( 'NONE', #3089, #1735 ) ;
#8762 = CARTESIAN_POINT ( 'NONE',  ( -22.34942529805128331, 0.000000000000000000, -61.40454134417992549 ) ) ;
#8763 = ORIENTED_EDGE ( 'NONE', *, *, #2111, .T. ) ;
#8764 = ORIENTED_EDGE ( 'NONE', *, *, #5432, .F. ) ;
#8765 = DIRECTION ( 'NONE',  ( 0.000000000000000000, 0.000000000000000000, -1.000000000000000000 ) ) ;
#8766 = CARTESIAN_POINT ( 'NONE',  ( -78.10322981758433514, 16.37948907741693105, 80.93317415930816594 ) ) ;
#8767 = ORIENTED_EDGE ( 'NONE', *, *, #9230, .F. ) ;
#8768 = DIRECTION ( 'NONE',  ( -0.000000000000000000, -1.000000000000000000, -0.000000000000000000 ) ) ;
#8769 = ORIENTED_EDGE ( 'NONE', *, *, #2140, .T. ) ;
#8770 = ORIENTED_EDGE ( 'NONE', *, *, #3084, .T. ) ;
#8771 = AXIS2_PLACEMENT_3D ( 'NONE', #8981, #5018, #8192 ) ;
#8772 = ORIENTED_EDGE ( 'NONE', *, *, #8092, .T. ) ;
#8773 = DIRECTION ( 'NONE',  ( -1.000000000000000000, 0.000000000000000000, 0.000000000000000000 ) ) ;
#8774 = CARTESIAN_POINT ( 'NONE',  ( -5.898950814473796100, 147.4213562373095385, 26.03271747798169145 ) ) ;
#8775 = CARTESIAN_POINT ( 'NONE',  ( 46.54886545341427961, 6.000000000000005329, -31.87499999999998579 ) ) ;
#8776 = ADVANCED_FACE ( 'NONE', ( #7889 ), #7102, .F. ) ;
#8777 = VERTEX_POINT ( 'NONE', #3055 ) ;
#8778 = LINE ( 'NONE', #4728, #8528 ) ;
#8779 = VECTOR ( 'NONE', #3812, 1000.000000000000114 ) ;
#8780 = CYLINDRICAL_SURFACE ( 'NONE', #2336, 6.999999999999941380 ) ;
#8781 = CARTESIAN_POINT ( 'NONE',  ( 14.07291281149715090, 0.000000000000000000, -3.124999999999960920 ) ) ;
#8782 = DIRECTION ( 'NONE',  ( -0.7030969734007282979, -0.2500000000000161537, 0.6656986149863370894 ) ) ;
#8783 = EDGE_CURVE ( 'NONE', #8158, #1793, #9987, .T. ) ;
#8784 = ORIENTED_EDGE ( 'NONE', *, *, #998, .T. ) ;
#8785 = DIRECTION ( 'NONE',  ( -0.9396926207859069846, 0.000000000000000000, -0.3420201433256724322 ) ) ;
#8786 = ORIENTED_EDGE ( 'NONE', *, *, #8891, .F. ) ;
#8787 = VECTOR ( 'NONE', #3104, 999.9999999999998863 ) ;
#8788 = CARTESIAN_POINT ( 'NONE',  ( -112.6852725244671802, 1.499999999998032907, 82.44660722489308569 ) ) ;
#8789 = LINE ( 'NONE', #6444, #5653 ) ;
#8790 = VERTEX_POINT ( 'NONE', #7744 ) ;
#8791 = VECTOR ( 'NONE', #10218, 1000.000000000000000 ) ;
#8792 = CARTESIAN_POINT ( 'NONE',  ( 118.2462233470211572, 2.249999999998087308, -80.42258665126527717 ) ) ;
#8793 = ADVANCED_FACE ( 'NONE', ( #2959 ), #1541, .T. ) ;
#8794 = CARTESIAN_POINT ( 'NONE',  ( -32.47595264191693332, 6.000000000000005329, 7.500000000000000888 ) ) ;
#8795 = DIRECTION ( 'NONE',  ( 0.8660254037844384856, 0.000000000000000000, -0.5000000000000003331 ) ) ;
#8796 = CARTESIAN_POINT ( 'NONE',  ( -22.73316684934176379, 147.4213562373095385, 39.37499999999995737 ) ) ;
#8797 = CARTESIAN_POINT ( 'NONE',  ( 22.73316684934176024, 0.000000000000000000, 24.37499999999996092 ) ) ;
#8798 = CIRCLE ( 'NONE', #3822, 1.249999999999995559 ) ;
#8799 = VERTEX_POINT ( 'NONE', #6135 ) ;
#8800 = CIRCLE ( 'NONE', #3980, 6.999999999999941380 ) ;
#8801 = CARTESIAN_POINT ( 'NONE',  ( 48.34702753535132302, 6.000000000000000000, 48.32614877529382369 ) ) ;
#8802 = VECTOR ( 'NONE', #6616, 1000.000000000000114 ) ;
#8803 = CARTESIAN_POINT ( 'NONE',  ( -8.652233963711523757, 6.000000000000005329, -21.23610882412133094 ) ) ;
#8804 = ADVANCED_FACE ( 'NONE', ( #8621 ), #6998, .T. ) ;
#8805 = CARTESIAN_POINT ( 'NONE',  ( -72.69737236693866578, -11.20345065570508680, -87.91339593296397936 ) ) ;
#8806 = VECTOR ( 'NONE', #8033, 1000.000000000000000 ) ;
#8807 = FACE_OUTER_BOUND ( 'NONE', #645, .T. ) ;
#8808 = LINE ( 'NONE', #1, #484 ) ;
#8809 = ORIENTED_EDGE ( 'NONE', *, *, #1478, .F. ) ;
#8810 = CYLINDRICAL_SURFACE ( 'NONE', #1092, 1.249999999999995559 ) ;
#8811 = EDGE_CURVE ( 'NONE', #8702, #3580, #9455, .T. ) ;
#8812 = CARTESIAN_POINT ( 'NONE',  ( 22.71712670107556420, 6.000000000000005329, 3.124999999999962697 ) ) ;
#8814 = ORIENTED_EDGE ( 'NONE', *, *, #4143, .F. ) ;
#8813 = EDGE_CURVE ( 'NONE', #3900, #4532, #9405, .T. ) ;
#8815 = CIRCLE ( 'NONE', #2002, 6.999999999999941380 ) ;
#8816 = DIRECTION ( 'NONE',  ( 0.000000000000000000, 0.000000000000000000, -1.000000000000000000 ) ) ;
#8817 = CARTESIAN_POINT ( 'NONE',  ( -78.55942538675439835, 20.99999999999937828, 79.67978713415917014 ) ) ;
#8818 = ORIENTED_EDGE ( 'NONE', *, *, #3904, .T. ) ;
#8819 = ORIENTED_EDGE ( 'NONE', *, *, #4575, .F. ) ;
#8820 = AXIS2_PLACEMENT_3D ( 'NONE', #3156, #1386, #5445 ) ;
#8821 = LINE ( 'NONE', #6366, #941 ) ;
#8822 = ORIENTED_EDGE ( 'NONE', *, *, #3331, .T. ) ;
#8823 = DIRECTION ( 'NONE',  ( -0.000000000000000000, -1.000000000000000000, -0.000000000000000000 ) ) ;
#8824 = EDGE_LOOP ( 'NONE', ( #6671, #9305, #8864, #397, #9157, #2551 ) ) ;
#8825 = ORIENTED_EDGE ( 'NONE', *, *, #3783, .T. ) ;
#8826 = ORIENTED_EDGE ( 'NONE', *, *, #5679, .T. ) ;
#8827 = FACE_OUTER_BOUND ( 'NONE', #2521, .T. ) ;
#8828 = CARTESIAN_POINT ( 'NONE',  ( -67.79591528148533541, 3.374999999999735767, 63.88569555735850969 ) ) ;
#8829 = CARTESIAN_POINT ( 'NONE',  ( -14.07291281149758966, 147.4213562373095385, 45.62499999999995737 ) ) ;
#8830 = ORIENTED_EDGE ( 'NONE', *, *, #6125, .T. ) ;
#8831 = PLANE ( 'NONE',  #3042 ) ;
#8832 = VECTOR ( 'NONE', #95, 1000.000000000000000 ) ;
#8833 = LINE ( 'NONE', #3425, #3174 ) ;
#8834 = VERTEX_POINT ( 'NONE', #2267 ) ;
#8835 = CARTESIAN_POINT ( 'NONE',  ( 48.34702753535132302, 6.000000000000000000, 45.57614877529382369 ) ) ;
#8836 = LINE ( 'NONE', #7318, #1440 ) ;
#8837 = ORIENTED_EDGE ( 'NONE', *, *, #6132, .T. ) ;
#8838 = CARTESIAN_POINT ( 'NONE',  ( -24.25777877760970824, 6.000000000000005329, -27.01570532158559246 ) ) ;
#8839 = ORIENTED_EDGE ( 'NONE', *, *, #5726, .F. ) ;
#8840 = LINE ( 'NONE', #2593, #93 ) ;
#8841 = CARTESIAN_POINT ( 'NONE',  ( 82.83999675952468067, 17.25855025242422158, -48.97164729660255489 ) ) ;
#8842 = ORIENTED_EDGE ( 'NONE', *, *, #6676, .T. ) ;
#8843 = ADVANCED_FACE ( 'NONE', ( #8720 ), #1489, .T. ) ;
#8844 = CARTESIAN_POINT ( 'NONE',  ( -50.00000000000000000, 6.000000000000000000, 50.00000000000000000 ) ) ;
#8845 = CARTESIAN_POINT ( 'NONE',  ( 4.330127018922193649, 6.000000000000005329, 7.500000000000000000 ) ) ;
#8846 = DIRECTION ( 'NONE',  ( 0.3420201433256623291, 0.000000000000000000, -0.9396926207859106484 ) ) ;
#8847 = LINE ( 'NONE', #2338, #223 ) ;
#8848 = DIRECTION ( 'NONE',  ( 0.000000000000000000, 1.000000000000000000, 0.000000000000000000 ) ) ;
#8849 = ORIENTED_EDGE ( 'NONE', *, *, #690, .F. ) ;
#8850 = DIRECTION ( 'NONE',  ( -1.000000000000000000, 0.000000000000000000, 6.713255375082617595E-16 ) ) ;
#8851 = CARTESIAN_POINT ( 'NONE',  ( 35.96815219932086904, 147.4213562373095385, -13.74999999999999467 ) ) ;
#8852 = CIRCLE ( 'NONE', #873, 3.600000000000008082 ) ;
#8853 = DIRECTION ( 'NONE',  ( -0.000000000000000000, -1.000000000000000000, -0.000000000000000000 ) ) ;
#8854 = LINE ( 'NONE', #6614, #4534 ) ;
#8855 = ADVANCED_FACE ( 'NONE', ( #7839 ), #2173, .F. ) ;
#8856 = CARTESIAN_POINT ( 'NONE',  ( 32.47595264191693332, 0.000000000000000000, -28.74999999999999289 ) ) ;
#8857 = AXIS2_PLACEMENT_3D ( 'NONE', #1198, #4385, #6820 ) ;
#8858 = EDGE_CURVE ( 'NONE', #5042, #9096, #10290, .T. ) ;
#8859 = ORIENTED_EDGE ( 'NONE', *, *, #9948, .F. ) ;
#8860 = APPROVAL_ROLE ( '' ) ;
#8861 = EDGE_CURVE ( 'NONE', #2744, #3099, #7050, .T. ) ;
#8862 = VECTOR ( 'NONE', #181, 1000.000000000000227 ) ;
#8863 = DIRECTION ( 'NONE',  ( 6.938893903907228378E-17, 0.000000000000000000, -1.000000000000000000 ) ) ;
#8864 = ORIENTED_EDGE ( 'NONE', *, *, #1609, .F. ) ;
#8865 = EDGE_CURVE ( 'NONE', #5655, #1001, #5549, .T. ) ;
#8866 = PLANE ( 'NONE',  #4251 ) ;
#8867 = CARTESIAN_POINT ( 'NONE',  ( 48.21495254706555045, 6.000000000000000000, -87.08787447931756276 ) ) ;
#8868 = ORIENTED_EDGE ( 'NONE', *, *, #3210, .F. ) ;
#8869 = EDGE_CURVE ( 'NONE', #2835, #2343, #561, .T. ) ;
#8870 = VECTOR ( 'NONE', #1509, 1000.000000000000000 ) ;
#8871 = VERTEX_POINT ( 'NONE', #5395 ) ;
#8872 = DIRECTION ( 'NONE',  ( -0.4698463103929295115, 0.8660254037844515862, -0.1710100716628362993 ) ) ;
#8873 = ORIENTED_EDGE ( 'NONE', *, *, #5284, .F. ) ;
#8874 = DIRECTION ( 'NONE',  ( -0.3420201433256701562, -1.073360150760649390E-14, 0.9396926207859078728 ) ) ;
#8875 = ORIENTED_EDGE ( 'NONE', *, *, #7718, .T. ) ;
#8876 = ORIENTED_EDGE ( 'NONE', *, *, #9951, .F. ) ;
#8877 = CARTESIAN_POINT ( 'NONE',  ( -22.73316684934176024, 6.000000000000005329, 24.37499999999996092 ) ) ;
#8878 = CARTESIAN_POINT ( 'NONE',  ( 46.54886545341405935, 0.000000000000000000, -10.62499999999999822 ) ) ;
#8879 = DIRECTION ( 'NONE',  ( -0.000000000000000000, -1.000000000000000000, -0.000000000000000000 ) ) ;
#8880 = EDGE_LOOP ( 'NONE', ( #8734, #6191, #10046, #1535 ) ) ;
#8881 = EDGE_CURVE ( 'NONE', #3632, #4485, #8572, .T. ) ;
#8882 = DIRECTION ( 'NONE',  ( -0.4698463103929532148, -0.8660254037844399289, 0.1710100716628305262 ) ) ;
#8883 = PLANE ( 'NONE',  #7321 ) ;
#8884 = ORIENTED_EDGE ( 'NONE', *, *, #4206, .F. ) ;
#8885 = FACE_OUTER_BOUND ( 'NONE', #8214, .T. ) ;
#8886 = DIRECTION ( 'NONE',  ( -1.000000000000000000, 0.000000000000000000, -0.000000000000000000 ) ) ;
#8887 = ORIENTED_EDGE ( 'NONE', *, *, #483, .F. ) ;
#8889 = VECTOR ( 'NONE', #669, 1000.000000000000000 ) ;
#8888 = DIRECTION ( 'NONE',  ( -0.3420201433256701562, 1.073360150760649390E-14, 0.9396926207859078728 ) ) ;
#8890 = ORIENTED_EDGE ( 'NONE', *, *, #9120, .T. ) ;
#8891 = EDGE_CURVE ( 'NONE', #9679, #9503, #1795, .T. ) ;
#8892 = DIRECTION ( 'NONE',  ( -0.3420201433256876977, -0.000000000000000000, -0.9396926207859014335 ) ) ;
#8893 = DIRECTION ( 'NONE',  ( 0.8660254037844383745, -0.000000000000000000, 0.5000000000000004441 ) ) ;
#8894 = VERTEX_POINT ( 'NONE', #7310 ) ;
#8895 = LINE ( 'NONE', #4165, #1709 ) ;
#8896 = LINE ( 'NONE', #2654, #358 ) ;
#8897 = VECTOR ( 'NONE', #4019, 1000.000000000000000 ) ;
#8898 = DIRECTION ( 'NONE',  ( 0.000000000000000000, 0.000000000000000000, -1.000000000000000000 ) ) ;
#8899 = CARTESIAN_POINT ( 'NONE',  ( -4.330127018922339310, 147.4213562373095385, 49.99999999999999289 ) ) ;
#8900 = DIRECTION ( 'NONE',  ( 0.000000000000000000, 0.000000000000000000, 1.000000000000000000 ) ) ;
#8901 = LINE ( 'NONE', #8120, #5314 ) ;
#8902 = ADVANCED_FACE ( 'NONE', ( #2579 ), #1011, .F. ) ;
#8903 = ORIENTED_EDGE ( 'NONE', *, *, #3117, .F. ) ;
#8904 = CARTESIAN_POINT ( 'NONE',  ( 8.660254037844314468, 6.000000000000005329, 21.25000000000000355 ) ) ;
#8905 = VECTOR ( 'NONE', #514, 1000.000000000000000 ) ;
#8906 = CARTESIAN_POINT ( 'NONE',  ( -41.13620667976131529, 6.000000000000005329, 28.74999999999999289 ) ) ;
#8907 = AXIS2_PLACEMENT_3D ( 'NONE', #10201, #6288, #2972 ) ;
#8908 = EDGE_CURVE ( 'NONE', #5695, #2902, #4198, .T. ) ;
#8909 = CARTESIAN_POINT ( 'NONE',  ( -85.28138980357267940, 12.75855025242442053, -49.86024169478056933 ) ) ;
#8910 = FACE_OUTER_BOUND ( 'NONE', #4622, .T. ) ;
#8911 = ADVANCED_FACE ( 'NONE', ( #1695 ), #8150, .T. ) ;
#8912 = CIRCLE ( 'NONE', #5086, 3.600000000000000089 ) ;
#8913 = CARTESIAN_POINT ( 'NONE',  ( -45.46633369868351338, 0.000000000000000000, -42.49999999999998579 ) ) ;
#8914 = ORIENTED_EDGE ( 'NONE', *, *, #8093, .F. ) ;
#8915 = SECURITY_CLASSIFICATION_LEVEL ( 'unclassified' ) ;
#8916 = EDGE_CURVE ( 'NONE', #9877, #5571, #8046, .T. ) ;
#8917 = LINE ( 'NONE', #4957, #4269 ) ;
#8918 = VERTEX_POINT ( 'NONE', #6479 ) ;
#8919 = LINE ( 'NONE', #9853, #582 ) ;
#8920 = VECTOR ( 'NONE', #2879, 1000.000000000000000 ) ;
#8921 = DIRECTION ( 'NONE',  ( 0.1107007079486442697, 0.2499999999999861500, -0.9618967477123914200 ) ) ;
#8922 = ORIENTED_EDGE ( 'NONE', *, *, #4864, .T. ) ;
#8923 = ORIENTED_EDGE ( 'NONE', *, *, #6019, .F. ) ;
#8924 = EDGE_CURVE ( 'NONE', #5373, #7060, #9560, .T. ) ;
#8925 = PLANE ( 'NONE',  #7605 ) ;
#8926 = VERTEX_POINT ( 'NONE', #8878 ) ;
#8927 = CARTESIAN_POINT ( 'NONE',  ( 41.13620667976131529, 147.4213562373095385, -49.99999999999998579 ) ) ;
#8928 = VERTEX_POINT ( 'NONE', #7365 ) ;
#8929 = VECTOR ( 'NONE', #6947, 1000.000000000000000 ) ;
#8930 = ORIENTED_EDGE ( 'NONE', *, *, #4810, .T. ) ;
#8931 = ADVANCED_FACE ( 'NONE', ( #2423 ), #858, .T. ) ;
#8932 = CARTESIAN_POINT ( 'NONE',  ( 4.330127018922047100, 147.4213562373095385, -34.99999999999999289 ) ) ;
#8933 = VECTOR ( 'NONE', #1581, 1000.000000000000000 ) ;
#8934 = EDGE_CURVE ( 'NONE', #8349, #1060, #5807, .T. ) ;
#8935 = CARTESIAN_POINT ( 'NONE',  ( 49.99999999999998579, 147.4213562373095385, -25.89745962155736692 ) ) ;
#8936 = DIRECTION ( 'NONE',  ( -0.9396926207859089830, 0.000000000000000000, -0.3420201433256669921 ) ) ;
#8937 = VERTEX_POINT ( 'NONE', #9609 ) ;
#8938 = CARTESIAN_POINT ( 'NONE',  ( 27.06329386826395123, 6.000000000000005329, 31.87499999999995737 ) ) ;
#8939 = CARTESIAN_POINT ( 'NONE',  ( 14.07291281149758966, 147.4213562373095385, -45.62499999999995737 ) ) ;
#8940 = ORIENTED_EDGE ( 'NONE', *, *, #1739, .F. ) ;
#8941 = CARTESIAN_POINT ( 'NONE',  ( -48.34702753535164277, 0.000000000000000000, -51.07614877529346842 ) ) ;
#8942 = DIRECTION ( 'NONE',  ( -0.5000000000000001110, 0.000000000000000000, 0.8660254037844385966 ) ) ;
#8943 = EDGE_LOOP ( 'NONE', ( #7514, #6339, #9377, #6121 ) ) ;
#8944 = CIRCLE ( 'NONE', #4458, 6.999999999999940492 ) ;
#8945 = ADVANCED_FACE ( 'NONE', ( #1744 ), #4925, .T. ) ;
#8946 = EDGE_LOOP ( 'NONE', ( #5964, #9085 ) ) ;
#8947 = DIRECTION ( 'NONE',  ( 0.9396926207859069846, 0.000000000000000000, -0.3420201433256724322 ) ) ;
#8948 = VERTEX_POINT ( 'NONE', #5597 ) ;
#8949 = ADVANCED_FACE ( 'NONE', ( #4046 ), #2472, .T. ) ;
#8950 = CARTESIAN_POINT ( 'NONE',  ( -50.00000000000000000, 147.4213562373095385, 37.85254037844264019 ) ) ;
#8951 = CARTESIAN_POINT ( 'NONE',  ( 45.46633369868351338, 0.000000000000000000, -4.592625337882893652E-17 ) ) ;
#8952 = ORIENTED_EDGE ( 'NONE', *, *, #4678, .T. ) ;
#8953 = VECTOR ( 'NONE', #5616, 1000.000000000000000 ) ;
#8954 = FACE_OUTER_BOUND ( 'NONE', #2110, .T. ) ;
#8955 = CARTESIAN_POINT ( 'NONE',  ( -77.67962342022298117, 8.999999999999962697, -51.71195653594100605 ) ) ;
#8956 = FACE_OUTER_BOUND ( 'NONE', #843, .T. ) ;
#8957 = DIRECTION ( 'NONE',  ( -0.000000000000000000, -1.000000000000000000, -0.000000000000000000 ) ) ;
#8958 = CARTESIAN_POINT ( 'NONE',  ( 48.34702753535132302, 0.000000000000000000, 48.32614877529382369 ) ) ;
#8959 = VECTOR ( 'NONE', #357, 1000.000000000000000 ) ;
#8960 = CARTESIAN_POINT ( 'NONE',  ( -48.21495254706555045, 6.000000000000000000, 87.08787447931756276 ) ) ;
#8961 = ORIENTED_EDGE ( 'NONE', *, *, #7132, .T. ) ;
#8962 = PLANE ( 'NONE',  #6791 ) ;
#8963 = FACE_OUTER_BOUND ( 'NONE', #8665, .T. ) ;
#8964 = AXIS2_PLACEMENT_3D ( 'NONE', #8089, #951, #2573 ) ;
#8965 = VECTOR ( 'NONE', #4486, 1000.000000000000114 ) ;
#8966 = LINE ( 'NONE', #1827, #9197 ) ;
#8967 = CARTESIAN_POINT ( 'NONE',  ( -48.18039637606665337, 6.000000000000000000, 87.18281677883985026 ) ) ;
#8968 = FACE_OUTER_BOUND ( 'NONE', #6951, .T. ) ;
#8969 = VECTOR ( 'NONE', #3183, 1000.000000000000114 ) ;
#8970 = ORIENTED_EDGE ( 'NONE', *, *, #7176, .F. ) ;
#8971 = DATE_TIME_ROLE ( 'creation_date' ) ;
#8972 = CIRCLE ( 'NONE', #5640, 3.599999999999993872 ) ;
#8973 = CARTESIAN_POINT ( 'NONE',  ( 3.673940397442059967E-15, 147.4213562373095385, 30.00000000000000000 ) ) ;
#8974 = EDGE_LOOP ( 'NONE', ( #3366, #9313, #4005, #1335 ) ) ;
#8975 = CARTESIAN_POINT ( 'NONE',  ( -48.21495254706555045, 0.000000000000000000, -87.08787447931756276 ) ) ;
#8976 = AXIS2_PLACEMENT_3D ( 'NONE', #4522, #7690, #5548 ) ;
#8977 = EDGE_LOOP ( 'NONE', ( #5576, #10157, #9576, #2893 ) ) ;
#8978 = PRODUCT_DEFINITION ( 'UNKNOWN', '', #3918, #1213 ) ;
#8979 = VERTEX_POINT ( 'NONE', #4774 ) ;
#8980 = EDGE_CURVE ( 'NONE', #4361, #7362, #6586, .T. ) ;
#8981 = CARTESIAN_POINT ( 'NONE',  ( -45.46633369868351338, 147.4213562373095385, -21.24999999999999289 ) ) ;
#8982 = ORIENTED_EDGE ( 'NONE', *, *, #5685, .T. ) ;
#8983 = CARTESIAN_POINT ( 'NONE',  ( -25.98076211353308906, 0.000000000000000000, -15.00000000000011546 ) ) ;
#8984 = ORIENTED_EDGE ( 'NONE', *, *, #8229, .T. ) ;
#8985 = VECTOR ( 'NONE', #6889, 1000.000000000000000 ) ;
#8986 = CARTESIAN_POINT ( 'NONE',  ( -50.00000000000000000, 6.000000000000000000, -4.647459621556985887 ) ) ;
#8987 = DIRECTION ( 'NONE',  ( -0.000000000000000000, -1.000000000000000000, -0.000000000000000000 ) ) ;
#8988 = VECTOR ( 'NONE', #7643, 1000.000000000000227 ) ;
#8989 = DIRECTION ( 'NONE',  ( 0.8660254037844389297, 0.000000000000000000, -0.4999999999999996114 ) ) ;
#8990 = VERTEX_POINT ( 'NONE', #8828 ) ;
#8991 = DIRECTION ( 'NONE',  ( 0.5000000000000001110, 0.000000000000000000, 0.8660254037844387076 ) ) ;
#8992 = CARTESIAN_POINT ( 'NONE',  ( -41.13620667976131529, 6.000000000000005329, -28.74999999999999289 ) ) ;
#8993 = VERTEX_POINT ( 'NONE', #9765 ) ;
#8994 = CARTESIAN_POINT ( 'NONE',  ( 35.52517649845234615, 0.000000000000000000, -7.500000000000000000 ) ) ;
#8995 = ADVANCED_FACE ( 'NONE', ( #2632 ), #3364, .T. ) ;
#8996 = LINE ( 'NONE', #5762, #6264 ) ;
#8997 = EDGE_LOOP ( 'NONE', ( #7782, #2439, #1798 ) ) ;
#8998 = EDGE_CURVE ( 'NONE', #5865, #120, #9714, .T. ) ;
#8999 = ADVANCED_FACE ( 'NONE', ( #807 ), #3994, .F. ) ;
#9000 = ORIENTED_EDGE ( 'NONE', *, *, #10080, .F. ) ;
#9001 = VECTOR ( 'NONE', #1699, 1000.000000000000227 ) ;
#9002 = LINE ( 'NONE', #2746, #9234 ) ;
#9003 = VERTEX_POINT ( 'NONE', #8200 ) ;
#9004 = EDGE_CURVE ( 'NONE', #539, #3675, #2682, .T. ) ;
#9005 = DIRECTION ( 'NONE',  ( -0.3420201433256876422, 0.000000000000000000, 0.9396926207859014335 ) ) ;
#9006 = DIRECTION ( 'NONE',  ( -0.8789733129752217433, 0.4768709627114686156, 0.000000000000000000 ) ) ;
#9007 = VERTEX_POINT ( 'NONE', #5909 ) ;
#9008 = ADVANCED_FACE ( 'NONE', ( #5961 ), #9973, .T. ) ;
#9009 = DIRECTION ( 'NONE',  ( 0.4698463103929487183, 0.8660254037844400399, 0.1710100716628430717 ) ) ;
#9010 = CARTESIAN_POINT ( 'NONE',  ( 6.076226797624227238, 0.000000000000000000, 38.02433353179694819 ) ) ;
#9011 = FACE_OUTER_BOUND ( 'NONE', #7736, .T. ) ;
#9012 = CARTESIAN_POINT ( 'NONE',  ( -69.26353267865501095, 1.169872981077444640, -64.41986460521955848 ) ) ;
#9013 = DIRECTION ( 'NONE',  ( 0.5000000000000004441, 0.000000000000000000, -0.8660254037844383745 ) ) ;
#9014 = DIRECTION ( 'NONE',  ( 0.8789733129752215213, 0.4768709627114691152, 3.854941057726236322E-15 ) ) ;
#9015 = ORIENTED_EDGE ( 'NONE', *, *, #1333, .T. ) ;
#9016 = DIRECTION ( 'NONE',  ( -0.3420201433256876422, -0.000000000000000000, -0.9396926207859014335 ) ) ;
#9017 = DIRECTION ( 'NONE',  ( 0.000000000000000000, -0.000000000000000000, 1.000000000000000000 ) ) ;
#9018 = LINE ( 'NONE', #936, #5866 ) ;
#9019 = FACE_OUTER_BOUND ( 'NONE', #3693, .T. ) ;
#9020 = AXIS2_PLACEMENT_3D ( 'NONE', #1935, #2609, #7236 ) ;
#9021 = FACE_OUTER_BOUND ( 'NONE', #7100, .T. ) ;
#9022 = ORIENTED_EDGE ( 'NONE', *, *, #780, .F. ) ;
#9023 = FACE_OUTER_BOUND ( 'NONE', #5502, .T. ) ;
#9024 = EDGE_LOOP ( 'NONE', ( #9530, #1966, #2176, #4795 ) ) ;
#9025 = DIRECTION ( 'NONE',  ( -0.4698463103929531592, 0.8660254037844399289, 0.1710100716628304984 ) ) ;
#9026 = CIRCLE ( 'NONE', #31, 2.750000000000002665 ) ;
#9027 = EDGE_CURVE ( 'NONE', #6442, #1319, #5263, .T. ) ;
#9028 = EDGE_CURVE ( 'NONE', #8267, #5918, #4304, .T. ) ;
#9029 = AXIS2_PLACEMENT_3D ( 'NONE', #4113, #7383, #4943 ) ;
#9030 = ORIENTED_EDGE ( 'NONE', *, *, #10182, .T. ) ;
#9031 = VECTOR ( 'NONE', #2861, 999.9999999999998863 ) ;
#9032 = CARTESIAN_POINT ( 'NONE',  ( 14.07291281149736051, 6.000000000000005329, 39.37499999999995737 ) ) ;
#9033 = ORIENTED_EDGE ( 'NONE', *, *, #8226, .F. ) ;
#9034 = DIRECTION ( 'NONE',  ( -0.000000000000000000, -1.000000000000000000, -0.000000000000000000 ) ) ;
#9035 = ORIENTED_EDGE ( 'NONE', *, *, #6146, .F. ) ;
#9036 = EDGE_CURVE ( 'NONE', #2722, #557, #3474, .T. ) ;
#9037 = VECTOR ( 'NONE', #3984, 1000.000000000000114 ) ;
#9038 = DIRECTION ( 'NONE',  ( 0.000000000000000000, 0.000000000000000000, 1.000000000000000000 ) ) ;
#9039 = VERTEX_POINT ( 'NONE', #8253 ) ;
#9040 = CARTESIAN_POINT ( 'NONE',  ( -25.98076211353308906, 0.000000000000000000, -15.00000000000011546 ) ) ;
#9041 = DIRECTION ( 'NONE',  ( -0.6427876096865472455, 0.000000000000000000, -0.7660444431189713521 ) ) ;
#9042 = ORIENTED_EDGE ( 'NONE', *, *, #6886, .T. ) ;
#9043 = DIRECTION ( 'NONE',  ( -0.000000000000000000, -0.000000000000000000, 1.000000000000000000 ) ) ;
#9044 = PLANE ( 'NONE',  #4563 ) ;
#9045 = EDGE_LOOP ( 'NONE', ( #9299, #7367, #7177, #6650 ) ) ;
#9046 = FACE_BOUND ( 'NONE', #933, .T. ) ;
#9047 = CARTESIAN_POINT ( 'NONE',  ( -41.13620667976131529, 6.000000000000005329, 7.500000000000000000 ) ) ;
#9048 = ORIENTED_EDGE ( 'NONE', *, *, #7369, .T. ) ;
#9049 = AXIS2_PLACEMENT_3D ( 'NONE', #2392, #5568, #878 ) ;
#9050 = ORIENTED_EDGE ( 'NONE', *, *, #956, .F. ) ;
#9051 = DIRECTION ( 'NONE',  ( -1.000000000000000000, 0.000000000000000000, 0.000000000000000000 ) ) ;
#9052 = VERTEX_POINT ( 'NONE', #1218 ) ;
#9053 = CARTESIAN_POINT ( 'NONE',  ( 4.330127018922044435, 147.4213562373095385, -49.99999999999999289 ) ) ;
#9054 = DIRECTION ( 'NONE',  ( 0.8137976813493688066, 0.4999999999999977796, -0.2961981327260409524 ) ) ;
#9055 = ORIENTED_EDGE ( 'NONE', *, *, #132, .F. ) ;
#9056 = CARTESIAN_POINT ( 'NONE',  ( -11.26739772084300206, 147.4213562373095385, 34.51570532158540061 ) ) ;
#9057 = EDGE_CURVE ( 'NONE', #9255, #8444, #9867, .T. ) ;
#9058 = DIRECTION ( 'NONE',  ( 0.9396926207859068736, 0.000000000000000000, 0.3420201433256732093 ) ) ;
#9059 = CARTESIAN_POINT ( 'NONE',  ( -118.2462233470211572, 2.249999999998087308, -80.42258665126527717 ) ) ;
#9060 = LINE ( 'NONE', #4430, #8728 ) ;
#9061 = DIRECTION ( 'NONE',  ( -0.6427876096865473565, -0.000000000000000000, -0.7660444431189713521 ) ) ;
#9062 = DIRECTION ( 'NONE',  ( 0.5000000000000000000, 0.000000000000000000, 0.8660254037844385966 ) ) ;
#9063 = ADVANCED_FACE ( 'NONE', ( #4403 ), #1116, .T. ) ;
#9064 = VECTOR ( 'NONE', #6866, 1000.000000000000114 ) ;
#9065 = DIRECTION ( 'NONE',  ( 0.5000000000000067724, 0.000000000000000000, -0.8660254037844347108 ) ) ;
#9066 = VERTEX_POINT ( 'NONE', #6683 ) ;
#9067 = LINE ( 'NONE', #10002, #7628 ) ;
#9068 = FACE_BOUND ( 'NONE', #4191, .T. ) ;
#9069 = ADVANCED_FACE ( 'NONE', ( #2788 ), #3527, .F. ) ;
#9070 = PLANE ( 'NONE',  #4216 ) ;
#9071 = LINE ( 'NONE', #886, #7175 ) ;
#9072 = DIRECTION ( 'NONE',  ( -1.000000000000000000, 0.000000000000000000, -6.938893903907227145E-17 ) ) ;
#9073 = ORIENTED_EDGE ( 'NONE', *, *, #1930, .T. ) ;
#9074 = VECTOR ( 'NONE', #9734, 1000.000000000000000 ) ;
#9075 = EDGE_CURVE ( 'NONE', #1253, #7431, #1432, .T. ) ;
#9076 = CIRCLE ( 'NONE', #8407, 61.96152422706639840 ) ;
#9077 = DIRECTION ( 'NONE',  ( -0.000000000000000000, -1.000000000000000000, -0.000000000000000000 ) ) ;
#9078 = ORIENTED_EDGE ( 'NONE', *, *, #1606, .F. ) ;
#9079 = LINE ( 'NONE', #531, #5902 ) ;
#9080 = ADVANCED_FACE ( 'NONE', ( #9091 ), #339, .F. ) ;
#9081 = VECTOR ( 'NONE', #863, 1000.000000000000114 ) ;
#9082 = AXIS2_PLACEMENT_3D ( 'NONE', #1757, #6443, #141 ) ;
#9083 = ORIENTED_EDGE ( 'NONE', *, *, #5284, .T. ) ;
#9084 = CARTESIAN_POINT ( 'NONE',  ( 8.660254037844241637, 0.000000000000000000, -42.49999999999999289 ) ) ;
#9085 = ORIENTED_EDGE ( 'NONE', *, *, #10151, .T. ) ;
#9086 = PLANE ( 'NONE',  #9794 ) ;
#9087 = VERTEX_POINT ( 'NONE', #6016 ) ;
#9088 = AXIS2_PLACEMENT_3D ( 'NONE', #6776, #479, #9907 ) ;
#9089 = CARTESIAN_POINT ( 'NONE',  ( 32.47595264191693332, 0.000000000000000000, -34.99999999999999289 ) ) ;
#9090 = VERTEX_POINT ( 'NONE', #385 ) ;
#9091 = FACE_OUTER_BOUND ( 'NONE', #2417, .T. ) ;
#9092 = CARTESIAN_POINT ( 'NONE',  ( 3.673940397442059967E-15, 6.000000000000005329, -21.96152422706639129 ) ) ;
#9093 = ORIENTED_EDGE ( 'NONE', *, *, #419, .F. ) ;
#9094 = CARTESIAN_POINT ( 'NONE',  ( 73.43319330435939207, 12.75833024919765002, 82.41177990217744309 ) ) ;
#9095 = CARTESIAN_POINT ( 'NONE',  ( -69.31444149377422548, 13.49999999999950973, -67.09883832977484985 ) ) ;
#9096 = VERTEX_POINT ( 'NONE', #3574 ) ;
#9097 = CIRCLE ( 'NONE', #1943, 1.249999999999995559 ) ;
#9098 = LINE ( 'NONE', #8206, #7408 ) ;
#9099 = FACE_BOUND ( 'NONE', #6936, .T. ) ;
#9100 = ORIENTED_EDGE ( 'NONE', *, *, #1679, .F. ) ;
#9101 = ORIENTED_EDGE ( 'NONE', *, *, #7176, .T. ) ;
#9102 = CARTESIAN_POINT ( 'NONE',  ( -25.49447007271229637, 0.000000000000000000, -7.907717477981892173 ) ) ;
#9103 = ORIENTED_EDGE ( 'NONE', *, *, #2379, .F. ) ;
#9104 = FACE_OUTER_BOUND ( 'NONE', #3459, .T. ) ;
#9105 = ADVANCED_FACE ( 'NONE', ( #6739 ), #9147, .F. ) ;
#9106 = LINE ( 'NONE', #1968, #833 ) ;
#9107 = EDGE_LOOP ( 'NONE', ( #7481, #3543, #8732, #8520 ) ) ;
#9108 = DIRECTION ( 'NONE',  ( 0.5000000000000004441, 0.000000000000000000, 0.8660254037844383745 ) ) ;
#9109 = FACE_OUTER_BOUND ( 'NONE', #5385, .T. ) ;
#9110 = EDGE_CURVE ( 'NONE', #9240, #1365, #1848, .T. ) ;
#9111 = PLANE ( 'NONE',  #5188 ) ;
#9112 = CARTESIAN_POINT ( 'NONE',  ( 49.99999999999997158, 6.000000000000005329, 37.85254037844266151 ) ) ;
#9113 = CARTESIAN_POINT ( 'NONE',  ( -28.14582562299473878, 6.000000000000005329, -42.49999999999998579 ) ) ;
#9114 = DIRECTION ( 'NONE',  ( 0.000000000000000000, -1.000000000000000000, 0.000000000000000000 ) ) ;
#9115 = DIRECTION ( 'NONE',  ( -0.3420201433256701562, 1.073360150760649232E-14, 0.9396926207859078728 ) ) ;
#9116 = ORIENTED_EDGE ( 'NONE', *, *, #4365, .T. ) ;
#9117 = DIRECTION ( 'NONE',  ( 0.8660254037844377084, -0.000000000000000000, 0.5000000000000017764 ) ) ;
#9118 = FACE_OUTER_BOUND ( 'NONE', #8060, .T. ) ;
#9119 = VECTOR ( 'NONE', #6399, 1000.000000000000114 ) ;
#9120 = EDGE_CURVE ( 'NONE', #6060, #9466, #8080, .T. ) ;
#9121 = DIRECTION ( 'NONE',  ( 1.000000000000000000, 0.000000000000000000, 0.000000000000000000 ) ) ;
#9122 = EDGE_CURVE ( 'NONE', #7965, #9007, #9699, .T. ) ;
#9123 = PRODUCT ( 'Lid', 'Lid', '', ( #1101 ) ) ;
#9124 = LINE ( 'NONE', #10058, #8024 ) ;
#9125 = CARTESIAN_POINT ( 'NONE',  ( -68.99634958213199809, 10.71673546576126412, -84.26290891996463017 ) ) ;
#9126 = VECTOR ( 'NONE', #8478, 1000.000000000000000 ) ;
#9127 = FACE_OUTER_BOUND ( 'NONE', #1363, .T. ) ;
#9128 = ORIENTED_EDGE ( 'NONE', *, *, #419, .T. ) ;
#9129 = EDGE_CURVE ( 'NONE', #5379, #10104, #7188, .T. ) ;
#9130 = CARTESIAN_POINT ( 'NONE',  ( 4.330127018922190096, 147.4213562373095385, -7.500000000000000000 ) ) ;
#9131 = ORIENTED_EDGE ( 'NONE', *, *, #7635, .F. ) ;
#9132 = DIRECTION ( 'NONE',  ( 0.4698463103929531592, 0.8660254037844399289, -0.1710100716628304984 ) ) ;
#9133 = VECTOR ( 'NONE', #9885, 999.9999999999998863 ) ;
#9134 = EDGE_CURVE ( 'NONE', #2790, #6207, #5686, .T. ) ;
#9135 = VECTOR ( 'NONE', #5389, 1000.000000000000000 ) ;
#9136 = EDGE_CURVE ( 'NONE', #9719, #9247, #2561, .T. ) ;
#9137 = VERTEX_POINT ( 'NONE', #5737 ) ;
#9138 = CARTESIAN_POINT ( 'NONE',  ( -45.46633369868351338, 0.000000000000000000, -21.24999999999999289 ) ) ;
#9139 = ORIENTED_EDGE ( 'NONE', *, *, #8571, .F. ) ;
#9140 = EDGE_CURVE ( 'NONE', #5695, #4085, #3242, .T. ) ;
#9141 = FACE_OUTER_BOUND ( 'NONE', #6315, .T. ) ;
#9142 = ORIENTED_EDGE ( 'NONE', *, *, #1777, .F. ) ;
#9143 = AXIS2_PLACEMENT_3D ( 'NONE', #8788, #870, #4057 ) ;
#9144 = AXIS2_PLACEMENT_3D ( 'NONE', #6662, #255, #9840 ) ;
#9145 = DIRECTION ( 'NONE',  ( 1.000000000000000000, 0.000000000000000000, 0.000000000000000000 ) ) ;
#9146 = ORIENTED_EDGE ( 'NONE', *, *, #8604, .F. ) ;
#9147 = PLANE ( 'NONE',  #3933 ) ;
#9148 = CARTESIAN_POINT ( 'NONE',  ( -8.660254037844532959, 147.4213562373095385, 42.49999999999999289 ) ) ;
#9149 = ORIENTED_EDGE ( 'NONE', *, *, #1201, .T. ) ;
#9150 = CARTESIAN_POINT ( 'NONE',  ( 65.96487049844922979, 2.249999999999727773, 63.21924975872500596 ) ) ;
#9151 = AXIS2_PLACEMENT_3D ( 'NONE', #2032, #415, #4187 ) ;
#9152 = LINE ( 'NONE', #2011, #7206 ) ;
#9153 = ORIENTED_EDGE ( 'NONE', *, *, #5996, .F. ) ;
#9154 = DIRECTION ( 'NONE',  ( -0.6875305731827958677, 0.000000000000000000, -0.7261554316666206654 ) ) ;
#9155 = CARTESIAN_POINT ( 'NONE',  ( 8.660254037844387298, 0.000000000000000000, -4.592625337882893652E-17 ) ) ;
#9156 = ORIENTED_EDGE ( 'NONE', *, *, #3538, .F. ) ;
#9157 = ORIENTED_EDGE ( 'NONE', *, *, #2778, .F. ) ;
#9158 = CARTESIAN_POINT ( 'NONE',  ( -48.21495254706555045, 6.000000000000000000, -87.08787447931756276 ) ) ;
#9159 = EDGE_LOOP ( 'NONE', ( #6078, #6918, #1658, #5545 ) ) ;
#9160 = AXIS2_PLACEMENT_3D ( 'NONE', #402, #2858, #6031 ) ;
#9161 = LINE ( 'NONE', #4473, #1483 ) ;
#9162 = EDGE_CURVE ( 'NONE', #7557, #6996, #218, .T. ) ;
#9163 = CARTESIAN_POINT ( 'NONE',  ( 66.08581456485691774, 3.374999999999789502, 68.58415866128822813 ) ) ;
#9164 = EDGE_LOOP ( 'NONE', ( #5403, #7678, #4993, #3692 ) ) ;
#9165 = LINE ( 'NONE', #2702, #4641 ) ;
#9166 = PLANE ( 'NONE',  #5035 ) ;
#9167 = FACE_OUTER_BOUND ( 'NONE', #171, .T. ) ;
#9168 = CARTESIAN_POINT ( 'NONE',  ( 46.54886545341405935, 0.000000000000000000, -10.62499999999999822 ) ) ;
#9169 = EDGE_CURVE ( 'NONE', #6427, #10198, #842, .T. ) ;
#9170 = DIRECTION ( 'NONE',  ( -0.5000000000000002220, 0.000000000000000000, 0.8660254037844384856 ) ) ;
#9171 = CARTESIAN_POINT ( 'NONE',  ( 4.330127018922193649, 147.4213562373095385, 7.500000000000000000 ) ) ;
#9172 = ORIENTED_EDGE ( 'NONE', *, *, #3066, .F. ) ;
#9173 = DIRECTION ( 'NONE',  ( 0.4698463103929531592, 0.8660254037844399289, -0.1710100716628304984 ) ) ;
#9174 = EDGE_CURVE ( 'NONE', #1838, #7629, #8250, .T. ) ;
#9175 = LINE ( 'NONE', #6716, #753 ) ;
#9176 = DIRECTION ( 'NONE',  ( 0.4999999999999984457, 0.000000000000000000, 0.8660254037844394848 ) ) ;
#9177 = ORIENTED_EDGE ( 'NONE', *, *, #8924, .F. ) ;
#9178 = DIRECTION ( 'NONE',  ( -0.5000000000000067724, 0.000000000000000000, 0.8660254037844347108 ) ) ;
#9179 = LINE ( 'NONE', #9956, #866 ) ;
#9180 = CARTESIAN_POINT ( 'NONE',  ( 66.00000000000132161, 6.000000000000000000, -38.22385819845064958 ) ) ;
#9181 = ORIENTED_EDGE ( 'NONE', *, *, #4091, .T. ) ;
#9182 = DIRECTION ( 'NONE',  ( -0.3420201433256876422, -0.000000000000000000, 0.9396926207859014335 ) ) ;
#9183 = ORIENTED_EDGE ( 'NONE', *, *, #1238, .T. ) ;
#9184 = DIRECTION ( 'NONE',  ( 0.8757795372522678701, -0.4330127018922227955, -0.2133312028986864284 ) ) ;
#9185 = CIRCLE ( 'NONE', #8342, 51.96152422706620655 ) ;
#9186 = EDGE_CURVE ( 'NONE', #9604, #9912, #9803, .T. ) ;
#9187 = ADVANCED_FACE ( 'NONE', ( #9023 ), #3406, .T. ) ;
#9188 = VERTEX_POINT ( 'NONE', #8812 ) ;
#9189 = DIRECTION ( 'NONE',  ( -0.8660254037844387076, 0.000000000000000000, -0.5000000000000001110 ) ) ;
#9190 = ORIENTED_EDGE ( 'NONE', *, *, #206, .F. ) ;
#9191 = DIRECTION ( 'NONE',  ( -0.5000000000000002220, 0.000000000000000000, -0.8660254037844384856 ) ) ;
#9192 = ADVANCED_FACE ( 'NONE', ( #9750 ), #5064, .F. ) ;
#9193 = ORIENTED_EDGE ( 'NONE', *, *, #7144, .T. ) ;
#9194 = EDGE_CURVE ( 'NONE', #6381, #9250, #8083, .T. ) ;
#9195 = LINE ( 'NONE', #1114, #7140 ) ;
#9196 = ORIENTED_EDGE ( 'NONE', *, *, #7166, .T. ) ;
#9197 = VECTOR ( 'NONE', #9796, 1000.000000000000227 ) ;
#9198 = EDGE_CURVE ( 'NONE', #6601, #3810, #8917, .T. ) ;
#9199 = DIRECTION ( 'NONE',  ( 0.4999999999999998335, 0.000000000000000000, -0.8660254037844387076 ) ) ;
#9200 = VECTOR ( 'NONE', #6034, 999.9999999999998863 ) ;
#9201 = FACE_OUTER_BOUND ( 'NONE', #6582, .T. ) ;
#9202 = ORIENTED_EDGE ( 'NONE', *, *, #10137, .T. ) ;
#9203 = FACE_OUTER_BOUND ( 'NONE', #1895, .T. ) ;
#9204 = DIRECTION ( 'NONE',  ( 0.8660254037844377084, 0.000000000000000000, -0.5000000000000016653 ) ) ;
#9205 = VERTEX_POINT ( 'NONE', #4908 ) ;
#9206 = DIRECTION ( 'NONE',  ( 0.9396926207859086499, 0.000000000000000000, 0.3420201433256682688 ) ) ;
#9207 = FACE_BOUND ( 'NONE', #7012, .T. ) ;
#9208 = VERTEX_POINT ( 'NONE', #4076 ) ;
#9209 = VECTOR ( 'NONE', #3238, 1000.000000000000227 ) ;
#9210 = VECTOR ( 'NONE', #3045, 1000.000000000000000 ) ;
#9211 = ORIENTED_EDGE ( 'NONE', *, *, #6297, .F. ) ;
#9212 = DIRECTION ( 'NONE',  ( -0.000000000000000000, -1.000000000000000000, -0.000000000000000000 ) ) ;
#9213 = ORIENTED_EDGE ( 'NONE', *, *, #7337, .T. ) ;
#9214 = CARTESIAN_POINT ( 'NONE',  ( -48.34702753535164277, 6.000000000000000000, -45.57614877529346842 ) ) ;
#9215 = DIRECTION ( 'NONE',  ( -0.6427876096865472455, -8.409933708675992019E-17, -0.7660444431189713521 ) ) ;
#9216 = VERTEX_POINT ( 'NONE', #993 ) ;
#9217 = CARTESIAN_POINT ( 'NONE',  ( 85.28138980357267940, 12.75855025242442053, 49.86024169478056933 ) ) ;
#9218 = CARTESIAN_POINT ( 'NONE',  ( -60.40391967589527411, 1.499999999999673372, -61.19522918509718323 ) ) ;
#9219 = DIRECTION ( 'NONE',  ( -0.5000000000000001110, 0.000000000000000000, 0.8660254037844387076 ) ) ;
#9220 = CARTESIAN_POINT ( 'NONE',  ( -32.47595264191693332, 6.000000000000005329, -34.99999999999999289 ) ) ;
#9221 = DIRECTION ( 'NONE',  ( -0.8596377672150551374, -0.4038903479007583952, -0.3128825595173355678 ) ) ;
#9222 = ORIENTED_EDGE ( 'NONE', *, *, #5834, .F. ) ;
#9223 = DIRECTION ( 'NONE',  ( 0.000000000000000000, 0.000000000000000000, 1.000000000000000000 ) ) ;
#9224 = DIRECTION ( 'NONE',  ( 0.8660254037844387076, 0.000000000000000000, -0.4999999999999998890 ) ) ;
#9225 = PLANE ( 'NONE',  #5157 ) ;
#9226 = EDGE_LOOP ( 'NONE', ( #3831, #5610, #1915, #3322 ) ) ;
#9227 = DIRECTION ( 'NONE',  ( 1.000000000000000000, 0.000000000000000000, 0.000000000000000000 ) ) ;
#9228 = DIRECTION ( 'NONE',  ( 0.8757795372522708677, 0.4330127018922171889, 0.2133312028986853459 ) ) ;
#9229 = LINE ( 'NONE', #9528, #2653 ) ;
#9230 = EDGE_CURVE ( 'NONE', #8894, #3184, #4184, .T. ) ;
#9231 = ORIENTED_EDGE ( 'NONE', *, *, #4229, .F. ) ;
#9232 = CARTESIAN_POINT ( 'NONE',  ( 45.46633369868351338, 147.4213562373095385, -42.49999999999998579 ) ) ;
#9233 = CARTESIAN_POINT ( 'NONE',  ( 41.13620667976131529, 147.4213562373095385, 7.500000000000000000 ) ) ;
#9234 = VECTOR ( 'NONE', #1858, 1000.000000000000000 ) ;
#9235 = EDGE_CURVE ( 'NONE', #1643, #3927, #112, .T. ) ;
#9236 = ORIENTED_EDGE ( 'NONE', *, *, #6153, .F. ) ;
#9237 = VECTOR ( 'NONE', #3283, 1000.000000000000114 ) ;
#9238 = ADVANCED_FACE ( 'NONE', ( #4238 ), #7404, .T. ) ;
#9239 = DIRECTION ( 'NONE',  ( 0.9396926207859069846, 0.000000000000000000, -0.3420201433256724322 ) ) ;
#9240 = VERTEX_POINT ( 'NONE', #5219 ) ;
#9241 = VECTOR ( 'NONE', #2619, 1000.000000000000000 ) ;
#9242 = DIRECTION ( 'NONE',  ( -1.000000000000000000, 0.000000000000000000, -0.000000000000000000 ) ) ;
#9243 = EDGE_LOOP ( 'NONE', ( #365, #4244, #4905, #9780 ) ) ;
#9244 = ORIENTED_EDGE ( 'NONE', *, *, #4256, .F. ) ;
#9245 =( GEOMETRIC_REPRESENTATION_CONTEXT ( 3 ) GLOBAL_UNCERTAINTY_ASSIGNED_CONTEXT ( ( #3626 ) ) GLOBAL_UNIT_ASSIGNED_CONTEXT ( ( #3971, #1570, #5477 ) ) REPRESENTATION_CONTEXT ( 'NONE', 'WORKASPACE' ) );
#9246 = DIRECTION ( 'NONE',  ( -0.5000000000000004441, 0.000000000000000000, -0.8660254037844383745 ) ) ;
#9247 = VERTEX_POINT ( 'NONE', #1203 ) ;
#9248 = CIRCLE ( 'NONE', #6092, 61.96152422706627760 ) ;
#9249 = CARTESIAN_POINT ( 'NONE',  ( -22.73316684934176379, 0.000000000000000000, -39.37499999999995737 ) ) ;
#9250 = VERTEX_POINT ( 'NONE', #2827 ) ;
#9251 = CARTESIAN_POINT ( 'NONE',  ( 41.13620667976131529, 0.000000000000000000, -28.74999999999999289 ) ) ;
#9252 = LINE ( 'NONE', #9926, #8653 ) ;
#9253 = ORIENTED_EDGE ( 'NONE', *, *, #1615, .F. ) ;
#9254 = FACE_BOUND ( 'NONE', #6364, .T. ) ;
#9255 = VERTEX_POINT ( 'NONE', #2040 ) ;
#9256 = ADVANCED_FACE ( 'NONE', ( #4498 ), #2144, .F. ) ;
#9257 = ORIENTED_EDGE ( 'NONE', *, *, #3037, .T. ) ;
#9258 = ADVANCED_FACE ( 'NONE', ( #5116 ), #7452, .T. ) ;
#9259 = CARTESIAN_POINT ( 'NONE',  ( 41.13620667976131529, 0.000000000000000000, -28.74999999999999289 ) ) ;
#9260 = ORIENTED_EDGE ( 'NONE', *, *, #7058, .F. ) ;
#9261 = CARTESIAN_POINT ( 'NONE',  ( -4.330127018922190096, 6.000000000000005329, 7.500000000000000888 ) ) ;
#9262 = VECTOR ( 'NONE', #1256, 1000.000000000000114 ) ;
#9263 = CARTESIAN_POINT ( 'NONE',  ( -35.96815219932086904, 147.4213562373095385, -13.74999999999999467 ) ) ;
#9264 = ORIENTED_EDGE ( 'NONE', *, *, #3272, .T. ) ;
#9265 = DIRECTION ( 'NONE',  ( -0.000000000000000000, -1.000000000000000000, -0.000000000000000000 ) ) ;
#9266 = DIRECTION ( 'NONE',  ( -0.8660254037844387076, 0.000000000000000000, 0.5000000000000001110 ) ) ;
#9267 = CARTESIAN_POINT ( 'NONE',  ( 4.330127018922193649, 6.000000000000005329, 7.500000000000000000 ) ) ;
#9268 = DIRECTION ( 'NONE',  ( 0.9396926207859068736, 0.000000000000000000, -0.3420201433256732093 ) ) ;
#9269 = CARTESIAN_POINT ( 'NONE',  ( -41.13620667976131529, 147.4213562373095385, 7.500000000000000000 ) ) ;
#9270 = ADVANCED_FACE ( 'NONE', ( #325 ), #1151, .F. ) ;
#9271 = ORIENTED_EDGE ( 'NONE', *, *, #7001, .T. ) ;
#9272 = CARTESIAN_POINT ( 'NONE',  ( 75.86167629364946663, -9.486715189943781823, 87.91339593296397936 ) ) ;
#9273 = CARTESIAN_POINT ( 'NONE',  ( -8.652233963711546849, 147.4213562373095385, -21.23610882412133094 ) ) ;
#9274 = PLANE ( 'NONE',  #7979 ) ;
#9275 = ORIENTED_EDGE ( 'NONE', *, *, #4206, .T. ) ;
#9276 = CARTESIAN_POINT ( 'NONE',  ( 71.13257910127276773, 11.62083487540109594, 82.97218668775971651 ) ) ;
#9277 = FACE_OUTER_BOUND ( 'NONE', #2356, .T. ) ;
#9278 = CARTESIAN_POINT ( 'NONE',  ( -22.73316684934198051, 6.000000000000005329, 45.62499999999995737 ) ) ;
#9279 = ORIENTED_EDGE ( 'NONE', *, *, #7776, .F. ) ;
#9280 = AXIS2_PLACEMENT_3D ( 'NONE', #7513, #330, #5070 ) ;
#9281 = CARTESIAN_POINT ( 'NONE',  ( -41.13620667976131529, 6.000000000000005329, 34.99999999999999289 ) ) ;
#9282 = LINE ( 'NONE', #5325, #6904 ) ;
#9283 = VECTOR ( 'NONE', #5046, 1000.000000000000000 ) ;
#9284 = ORIENTED_EDGE ( 'NONE', *, *, #7193, .T. ) ;
#9285 = CARTESIAN_POINT ( 'NONE',  ( -45.46633369868351338, 6.000000000000005329, -4.592625337882893652E-17 ) ) ;
#9286 = ORIENTED_EDGE ( 'NONE', *, *, #2165, .F. ) ;
#9287 = DIRECTION ( 'NONE',  ( 0.8660254037844379305, -0.000000000000000000, 0.5000000000000013323 ) ) ;
#9288 = VERTEX_POINT ( 'NONE', #10063 ) ;
#9289 = AXIS2_PLACEMENT_3D ( 'NONE', #7312, #3365, #2580 ) ;
#9290 = VERTEX_POINT ( 'NONE', #3514 ) ;
#9291 = DIRECTION ( 'NONE',  ( -0.8789733129752196339, 0.4768709627114723348, 0.000000000000000000 ) ) ;
#9292 = EDGE_LOOP ( 'NONE', ( #579, #1160, #9401, #1630, #1904, #1716 ) ) ;
#9293 = VECTOR ( 'NONE', #8452, 1000.000000000000000 ) ;
#9294 = EDGE_CURVE ( 'NONE', #1174, #8349, #3615, .T. ) ;
#9295 = FACE_BOUND ( 'NONE', #2103, .T. ) ;
#9296 = ORIENTED_EDGE ( 'NONE', *, *, #6514, .F. ) ;
#9297 = DIRECTION ( 'NONE',  ( -1.001543065824773222E-16, 0.000000000000000000, -1.000000000000000000 ) ) ;
#9298 = CARTESIAN_POINT ( 'NONE',  ( -11.54700538379295338, 147.4213562373095385, 50.00000000000000000 ) ) ;
#9299 = ORIENTED_EDGE ( 'NONE', *, *, #9999, .F. ) ;
#9300 = FACE_BOUND ( 'NONE', #3457, .T. ) ;
#9301 = ORIENTED_EDGE ( 'NONE', *, *, #610, .F. ) ;
#9302 = AXIS2_PLACEMENT_3D ( 'NONE', #1694, #10289, #4826 ) ;
#9303 = VECTOR ( 'NONE', #4904, 1000.000000000000000 ) ;
#9304 = VECTOR ( 'NONE', #1406, 1000.000000000000114 ) ;
#9305 = ORIENTED_EDGE ( 'NONE', *, *, #1157, .F. ) ;
#9306 = ORIENTED_EDGE ( 'NONE', *, *, #8753, .F. ) ;
#9307 = DIRECTION ( 'NONE',  ( -0.9396926207859068736, 0.000000000000000000, 0.3420201433256732093 ) ) ;
#9308 = DIRECTION ( 'NONE',  ( -0.5000000000000000000, 0.000000000000000000, 0.8660254037844385966 ) ) ;
#9309 = ORIENTED_EDGE ( 'NONE', *, *, #3077, .F. ) ;
#9310 = CIRCLE ( 'NONE', #9812, 2.750000000000002665 ) ;
#9311 = CARTESIAN_POINT ( 'NONE',  ( 25.98076211353308551, 147.4213562373095385, -15.00000000000013323 ) ) ;
#9312 = EDGE_CURVE ( 'NONE', #4508, #3882, #1936, .T. ) ;
#9313 = ORIENTED_EDGE ( 'NONE', *, *, #9004, .F. ) ;
#9314 = DIRECTION ( 'NONE',  ( 0.000000000000000000, 0.000000000000000000, -1.000000000000000000 ) ) ;
#9315 = DIRECTION ( 'NONE',  ( 0.000000000000000000, -1.000000000000000000, 0.000000000000000000 ) ) ;
#9316 = EDGE_CURVE ( 'NONE', #2254, #1617, #9961, .T. ) ;
#9317 = EDGE_CURVE ( 'NONE', #6601, #9877, #7556, .T. ) ;
#9318 = FACE_OUTER_BOUND ( 'NONE', #2800, .T. ) ;
#9319 = DIRECTION ( 'NONE',  ( -0.3420201433256682688, 1.201296007113938913E-14, 0.9396926207859085389 ) ) ;
#9320 = ADVANCED_FACE ( 'NONE', ( #5272 ), #2775, .T. ) ;
#9321 = VECTOR ( 'NONE', #4724, 1000.000000000000227 ) ;
#9322 = ORIENTED_EDGE ( 'NONE', *, *, #2870, .F. ) ;
#9323 = DIRECTION ( 'NONE',  ( 0.8137976813493694728, -0.4999999999999978906, 0.2961981327260391761 ) ) ;
#9324 = DIRECTION ( 'NONE',  ( 0.000000000000000000, 1.000000000000000000, 0.000000000000000000 ) ) ;
#9325 = EDGE_CURVE ( 'NONE', #2435, #3469, #3719, .T. ) ;
#9326 = DIRECTION ( 'NONE',  ( 0.5000000000000000000, 0.000000000000000000, -0.8660254037844385966 ) ) ;
#9327 = ORIENTED_EDGE ( 'NONE', *, *, #7810, .T. ) ;
#9328 = DIRECTION ( 'NONE',  ( 1.000000000000000000, 0.000000000000000000, 0.000000000000000000 ) ) ;
#9329 = AXIS2_PLACEMENT_3D ( 'NONE', #771, #2186, #5408 ) ;
#9330 = CARTESIAN_POINT ( 'NONE',  ( 69.31444149377422548, 13.49999999999950973, 67.09883832977484985 ) ) ;
#9331 = LINE ( 'NONE', #5366, #324 ) ;
#9332 = VERTEX_POINT ( 'NONE', #372 ) ;
#9333 = CARTESIAN_POINT ( 'NONE',  ( 78.55942538675439835, 20.99999999999937828, 79.67978713415917014 ) ) ;
#9334 = LINE ( 'NONE', #1513, #6731 ) ;
#9335 = EDGE_CURVE ( 'NONE', #241, #1962, #10011, .T. ) ;
#9336 = VECTOR ( 'NONE', #2705, 1000.000000000000000 ) ;
#9337 = ORIENTED_EDGE ( 'NONE', *, *, #9134, .F. ) ;
#9338 = FACE_OUTER_BOUND ( 'NONE', #1317, .T. ) ;
#9339 = VERTEX_POINT ( 'NONE', #7509 ) ;
#9340 = PLANE ( 'NONE',  #3659 ) ;
#9341 = ORIENTED_EDGE ( 'NONE', *, *, #10, .F. ) ;
#9342 = ADVANCED_FACE ( 'NONE', ( #3563 ), #2721, .T. ) ;
#9343 = CARTESIAN_POINT ( 'NONE',  ( -25.98076211353308906, 147.4213562373095385, -15.00000000000011546 ) ) ;
#9344 = ORIENTED_EDGE ( 'NONE', *, *, #7933, .F. ) ;
#9345 = CARTESIAN_POINT ( 'NONE',  ( 63.08015400583845178, 2.249999999999781508, -67.49018768349759512 ) ) ;
#9346 = ORIENTED_EDGE ( 'NONE', *, *, #3127, .T. ) ;
#9347 = DIRECTION ( 'NONE',  ( 0.3795327795289923367, -0.9148074042510829784, -0.1381386346768817552 ) ) ;
#9348 = CARTESIAN_POINT ( 'NONE',  ( -4.330127018922193649, 147.4213562373095385, -7.500000000000000000 ) ) ;
#9349 = EDGE_LOOP ( 'NONE', ( #2970, #3324, #9149, #6325 ) ) ;
#9350 = DIRECTION ( 'NONE',  ( 0.5000000000000016653, 0.000000000000000000, -0.8660254037844375974 ) ) ;
#9351 = EDGE_CURVE ( 'NONE', #3767, #3847, #6108, .T. ) ;
#9352 = ORIENTED_EDGE ( 'NONE', *, *, #7340, .F. ) ;
#9353 = ORIENTED_EDGE ( 'NONE', *, *, #1157, .T. ) ;
#9354 = ORIENTED_EDGE ( 'NONE', *, *, #6726, .T. ) ;
#9355 = CARTESIAN_POINT ( 'NONE',  ( 11.26739772084300562, 0.000000000000000000, 34.51570532158541482 ) ) ;
#9356 = CIRCLE ( 'NONE', #8020, 1.249999999999995559 ) ;
#9357 = DIRECTION ( 'NONE',  ( 0.8660254037844388186, 0.000000000000000000, -0.4999999999999996114 ) ) ;
#9358 = LINE ( 'NONE', #4775, #5457 ) ;
#9359 = ORIENTED_EDGE ( 'NONE', *, *, #6497, .T. ) ;
#9360 = CARTESIAN_POINT ( 'NONE',  ( -28.14582562299473878, 6.000000000000005329, 21.24999999999999289 ) ) ;
#9361 = CIRCLE ( 'NONE', #3202, 3.600000000000000089 ) ;
#9362 = CARTESIAN_POINT ( 'NONE',  ( -28.14582562299473878, 147.4213562373095385, 21.24999999999999289 ) ) ;
#9363 = CARTESIAN_POINT ( 'NONE',  ( -48.21495254706554334, 0.000000000000000000, 87.08787447931756276 ) ) ;
#9364 = VECTOR ( 'NONE', #7892, 1000.000000000000000 ) ;
#9365 = LINE ( 'NONE', #6917, #7872 ) ;
#9366 = ORIENTED_EDGE ( 'NONE', *, *, #2483, .T. ) ;
#9367 = CARTESIAN_POINT ( 'NONE',  ( -14.07291281149715978, 6.000000000000005329, -18.12499999999996092 ) ) ;
#9368 = ORIENTED_EDGE ( 'NONE', *, *, #9536, .T. ) ;
#9369 = LINE ( 'NONE', #8587, #7409 ) ;
#9370 = EDGE_CURVE ( 'NONE', #1297, #4825, #6877, .T. ) ;
#9371 = CARTESIAN_POINT ( 'NONE',  ( 46.54886545341405935, 6.000000000000005329, 10.62499999999999822 ) ) ;
#9372 = EDGE_LOOP ( 'NONE', ( #6946, #6023, #1857 ) ) ;
#9373 = DIRECTION ( 'NONE',  ( -0.3420201433256701562, 1.073360150760649390E-14, 0.9396926207859079838 ) ) ;
#9374 = EDGE_CURVE ( 'NONE', #1125, #6524, #6053, .T. ) ;
#9375 = LINE ( 'NONE', #2234, #794 ) ;
#9376 = LINE ( 'NONE', #5270, #7469 ) ;
#9377 = ORIENTED_EDGE ( 'NONE', *, *, #1102, .F. ) ;
#9378 = DIRECTION ( 'NONE',  ( 2.006803045524116704E-16, 0.000000000000000000, -1.000000000000000000 ) ) ;
#9379 = CARTESIAN_POINT ( 'NONE',  ( 25.98076211353308551, 6.000000000000005329, -15.00000000000013323 ) ) ;
#9380 = VECTOR ( 'NONE', #1273, 1000.000000000000000 ) ;
#9381 = EDGE_CURVE ( 'NONE', #9687, #4964, #7611, .T. ) ;
#9382 = ORIENTED_EDGE ( 'NONE', *, *, #2615, .T. ) ;
#9383 = VERTEX_POINT ( 'NONE', #2093 ) ;
#9384 = VERTEX_POINT ( 'NONE', #7864 ) ;
#9385 = CARTESIAN_POINT ( 'NONE',  ( 117.0716075710387827, 2.249999999998087308, -80.85011183042237803 ) ) ;
#9386 = EDGE_CURVE ( 'NONE', #1423, #1248, #3963, .T. ) ;
#9387 = FACE_OUTER_BOUND ( 'NONE', #592, .T. ) ;
#9388 = VECTOR ( 'NONE', #8655, 1000.000000000000000 ) ;
#9389 = ADVANCED_FACE ( 'NONE', ( #6203 ), #6300, .F. ) ;
#9390 = CARTESIAN_POINT ( 'NONE',  ( -66.00000000000132161, 6.000000000000000000, 38.22385819845064958 ) ) ;
#9391 = ORIENTED_EDGE ( 'NONE', *, *, #7144, .F. ) ;
#9392 = FACE_BOUND ( 'NONE', #8617, .T. ) ;
#9393 = VECTOR ( 'NONE', #1888, 1000.000000000000227 ) ;
#9394 = EDGE_LOOP ( 'NONE', ( #3354, #1184, #6981, #7378 ) ) ;
#9395 = DIRECTION ( 'NONE',  ( 0.8660254037844379305, 0.000000000000000000, -0.5000000000000013323 ) ) ;
#9396 = CARTESIAN_POINT ( 'NONE',  ( 75.63265198522377375, -12.82481192892386623, -71.63791974095212822 ) ) ;
#9397 = ORIENTED_EDGE ( 'NONE', *, *, #7916, .T. ) ;
#9398 = CARTESIAN_POINT ( 'NONE',  ( 14.07291281149715090, 147.4213562373095385, -3.124999999999960920 ) ) ;
#9399 = ORIENTED_EDGE ( 'NONE', *, *, #1514, .T. ) ;
#9400 = CIRCLE ( 'NONE', #1577, 51.96152422706630603 ) ;
#9401 = ORIENTED_EDGE ( 'NONE', *, *, #8698, .F. ) ;
#9402 = VECTOR ( 'NONE', #6350, 1000.000000000000000 ) ;
#9403 = ORIENTED_EDGE ( 'NONE', *, *, #2774, .F. ) ;
#9404 = CARTESIAN_POINT ( 'NONE',  ( 77.67962342022298117, 8.999999999999962697, -51.71195653594100605 ) ) ;
#9405 = LINE ( 'NONE', #611, #2503 ) ;
#9406 = LINE ( 'NONE', #1542, #3813 ) ;
#9407 = AXIS2_PLACEMENT_3D ( 'NONE', #7821, #2403, #4856 ) ;
#9408 = EDGE_LOOP ( 'NONE', ( #5507, #86, #4654, #2135 ) ) ;
#9409 = LINE ( 'NONE', #1493, #9697 ) ;
#9410 = LINE ( 'NONE', #9362, #2029 ) ;
#9411 = CARTESIAN_POINT ( 'NONE',  ( -75.86167629364946663, -9.486715189943781823, -87.91339593296397936 ) ) ;
#9412 = DIRECTION ( 'NONE',  ( 0.5000000000000001110, 0.000000000000000000, 0.8660254037844387076 ) ) ;
#9413 = ORIENTED_EDGE ( 'NONE', *, *, #6727, .T. ) ;
#9414 = LINE ( 'NONE', #1398, #737 ) ;
#9415 = ORIENTED_EDGE ( 'NONE', *, *, #1514, .F. ) ;
#9416 = AXIS2_PLACEMENT_3D ( 'NONE', #1310, #4342, #4390 ) ;
#9417 = LINE ( 'NONE', #7013, #4429 ) ;
#9418 = FACE_OUTER_BOUND ( 'NONE', #8360, .T. ) ;
#9419 = EDGE_LOOP ( 'NONE', ( #1647, #5884, #4130, #2674 ) ) ;
#9420 = CARTESIAN_POINT ( 'NONE',  ( -22.73316684934176379, 0.000000000000000000, 39.37499999999995737 ) ) ;
#9421 = DIRECTION ( 'NONE',  ( -0.000000000000000000, -1.000000000000000000, -0.000000000000000000 ) ) ;
#9422 = DIRECTION ( 'NONE',  ( 0.000000000000000000, 0.000000000000000000, -1.000000000000000000 ) ) ;
#9423 = VERTEX_POINT ( 'NONE', #7814 ) ;
#9424 = VECTOR ( 'NONE', #2128, 1000.000000000000000 ) ;
#9425 = ORIENTED_EDGE ( 'NONE', *, *, #4546, .T. ) ;
#9426 = CARTESIAN_POINT ( 'NONE',  ( -32.47595264191693332, 0.000000000000000000, -34.99999999999999289 ) ) ;
#9427 = EDGE_CURVE ( 'NONE', #7687, #3004, #729, .T. ) ;
#9428 = CARTESIAN_POINT ( 'NONE',  ( -63.08015400583845178, 2.249999999999781508, 67.49018768349759512 ) ) ;
#9429 = VECTOR ( 'NONE', #2360, 1000.000000000000000 ) ;
#9430 = ADVANCED_FACE ( 'NONE', ( #7714 ), #9480, .T. ) ;
#9431 = EDGE_LOOP ( 'NONE', ( #760, #7748, #8770 ) ) ;
#9432 = ORIENTED_EDGE ( 'NONE', *, *, #206, .T. ) ;
#9433 = ADVANCED_FACE ( 'NONE', ( #580 ), #3769, .F. ) ;
#9434 = ORIENTED_EDGE ( 'NONE', *, *, #2289, .F. ) ;
#9435 = PLANE ( 'NONE',  #9407 ) ;
#9436 = CARTESIAN_POINT ( 'NONE',  ( -41.13620667976131529, 147.4213562373095385, -7.500000000000000000 ) ) ;
#9437 = ORIENTED_EDGE ( 'NONE', *, *, #7193, .F. ) ;
#9438 = EDGE_CURVE ( 'NONE', #3744, #9602, #10314, .T. ) ;
#9439 = LINE ( 'NONE', #5481, #10224 ) ;
#9440 = CARTESIAN_POINT ( 'NONE',  ( -81.78546517605026622, -9.486715189943588200, -71.63791974095212822 ) ) ;
#9441 = ORIENTED_EDGE ( 'NONE', *, *, #3262, .T. ) ;
#9442 = EDGE_CURVE ( 'NONE', #8212, #4958, #3867, .T. ) ;
#9443 = VERTEX_POINT ( 'NONE', #2982 ) ;
#9444 = CARTESIAN_POINT ( 'NONE',  ( -65.83204565542119724, 8.999999999999969802, -84.26290891996461596 ) ) ;
#9445 = FACE_OUTER_BOUND ( 'NONE', #5591, .T. ) ;
#9446 = ORIENTED_EDGE ( 'NONE', *, *, #9955, .T. ) ;
#9447 = AXIS2_PLACEMENT_3D ( 'NONE', #7051, #8721, #7890 ) ;
#9448 = CARTESIAN_POINT ( 'NONE',  ( -5.898950814473804094, 0.000000000000000000, 26.03271747798169855 ) ) ;
#9449 = ORIENTED_EDGE ( 'NONE', *, *, #7721, .T. ) ;
#9450 = EDGE_LOOP ( 'NONE', ( #5435, #3255, #9939, #5442 ) ) ;
#9451 = VECTOR ( 'NONE', #7463, 1000.000000000000000 ) ;
#9452 = ORIENTED_EDGE ( 'NONE', *, *, #9862, .T. ) ;
#9453 = CARTESIAN_POINT ( 'NONE',  ( 4.330127018922120818, 147.4213562373095385, -13.74999999999999822 ) ) ;
#9454 = CIRCLE ( 'NONE', #2146, 2.749999999999995559 ) ;
#9455 = LINE ( 'NONE', #3007, #5662 ) ;
#9456 = DIRECTION ( 'NONE',  ( -0.000000000000000000, -1.000000000000000000, -0.000000000000000000 ) ) ;
#9457 = ORIENTED_EDGE ( 'NONE', *, *, #6854, .T. ) ;
#9458 = CARTESIAN_POINT ( 'NONE',  ( 95.31102044180072141, -5.728164937518876343, -53.51072870777982615 ) ) ;
#9459 = VECTOR ( 'NONE', #7440, 1000.000000000000000 ) ;
#9460 = LINE ( 'NONE', #2273, #8673 ) ;
#9461 = CARTESIAN_POINT ( 'NONE',  ( -9.742785792575173076, 0.000000000000000000, -31.87499999999996447 ) ) ;
#9462 = CARTESIAN_POINT ( 'NONE',  ( -45.46633369868351338, 6.000000000000005329, 42.49999999999998579 ) ) ;
#9463 = EDGE_LOOP ( 'NONE', ( #3423, #4014, #257, #4106 ) ) ;
#9464 = EDGE_CURVE ( 'NONE', #4242, #7891, #3125, .T. ) ;
#9465 = LINE ( 'NONE', #6192, #410 ) ;
#9466 = VERTEX_POINT ( 'NONE', #5520 ) ;
#9467 = EDGE_CURVE ( 'NONE', #721, #9602, #1460, .T. ) ;
#9468 = AXIS2_PLACEMENT_3D ( 'NONE', #2217, #3939, #3889 ) ;
#9469 = CARTESIAN_POINT ( 'NONE',  ( 25.25907427704662922, 6.000000000000000000, 50.00000000000000000 ) ) ;
#9470 = DIRECTION ( 'NONE',  ( 0.4698463103929487183, 0.8660254037844400399, 0.1710100716628430717 ) ) ;
#9471 = EDGE_LOOP ( 'NONE', ( #7580, #2780, #9048, #6939 ) ) ;
#9472 = EDGE_CURVE ( 'NONE', #10129, #8709, #1414, .T. ) ;
#9473 = LINE ( 'NONE', #8010, #376 ) ;
#9474 = FACE_OUTER_BOUND ( 'NONE', #7769, .T. ) ;
#9475 = CARTESIAN_POINT ( 'NONE',  ( -77.96702912130204766, 14.99999999999994316, -81.30738249685771279 ) ) ;
#9476 = AXIS2_PLACEMENT_3D ( 'NONE', #4813, #1526, #2460 ) ;
#9477 = ORIENTED_EDGE ( 'NONE', *, *, #267, .T. ) ;
#9478 = EDGE_CURVE ( 'NONE', #8937, #2433, #6160, .T. ) ;
#9479 = EDGE_LOOP ( 'NONE', ( #1207, #6462, #5627, #3983 ) ) ;
#9480 = PLANE ( 'NONE',  #2942 ) ;
#9481 = DIRECTION ( 'NONE',  ( -1.000000000000000000, 0.000000000000000000, 0.000000000000000000 ) ) ;
#9482 = AXIS2_PLACEMENT_3D ( 'NONE', #1862, #6392, #4214 ) ;
#9483 = DIRECTION ( 'NONE',  ( -0.4999999999999998335, 0.000000000000000000, 0.8660254037844387076 ) ) ;
#9484 = ORIENTED_EDGE ( 'NONE', *, *, #2432, .F. ) ;
#9485 = CARTESIAN_POINT ( 'NONE',  ( 79.87143568757761614, 17.25855025242404039, 57.12770181004840708 ) ) ;
#9486 = ORIENTED_EDGE ( 'NONE', *, *, #5532, .T. ) ;
#9487 = DIRECTION ( 'NONE',  ( 0.9355268173716063673, 0.09405667402808165489, -0.3405039148810601879 ) ) ;
#9488 = DIRECTION ( 'NONE',  ( 0.4698463103929532703, 0.8660254037844400399, -0.1710100716628305539 ) ) ;
#9489 = AXIS2_PLACEMENT_3D ( 'NONE', #8939, #912, #2583 ) ;
#9490 = VERTEX_POINT ( 'NONE', #9333 ) ;
#9491 = PLANE ( 'NONE',  #2737 ) ;
#9492 = EDGE_CURVE ( 'NONE', #3469, #5379, #3075, .T. ) ;
#9493 = PLANE ( 'NONE',  #9476 ) ;
#9494 = ORIENTED_EDGE ( 'NONE', *, *, #1008, .T. ) ;
#9495 = ADVANCED_FACE ( 'NONE', ( #8543 ), #5324, .F. ) ;
#9496 = ORIENTED_EDGE ( 'NONE', *, *, #680, .T. ) ;
#9497 = CARTESIAN_POINT ( 'NONE',  ( 28.14582562299473878, 6.000000000000005329, 42.49999999999998579 ) ) ;
#9498 = EDGE_CURVE ( 'NONE', #9664, #3123, #5369, .T. ) ;
#9499 = DIRECTION ( 'NONE',  ( 0.8596377672150551374, -0.4038903479007583952, 0.3128825595173355678 ) ) ;
#9500 = ORIENTED_EDGE ( 'NONE', *, *, #2774, .T. ) ;
#9501 = LINE ( 'NONE', #6368, #9135 ) ;
#9502 = ORIENTED_EDGE ( 'NONE', *, *, #5991, .F. ) ;
#9503 = VERTEX_POINT ( 'NONE', #9426 ) ;
#9504 = EDGE_CURVE ( 'NONE', #1469, #7135, #4599, .T. ) ;
#9505 = EDGE_LOOP ( 'NONE', ( #7632, #5183, #4235, #5911 ) ) ;
#9506 = DIRECTION ( 'NONE',  ( -0.8660254037844383745, 0.000000000000000000, 0.5000000000000004441 ) ) ;
#9507 = CARTESIAN_POINT ( 'NONE',  ( -25.49447007271233190, 147.4213562373095385, -7.907717477981869081 ) ) ;
#9508 = LINE ( 'NONE', #2374, #9620 ) ;
#9509 = VECTOR ( 'NONE', #6669, 1000.000000000000000 ) ;
#9510 = ORIENTED_EDGE ( 'NONE', *, *, #5100, .F. ) ;
#9511 = EDGE_CURVE ( 'NONE', #3347, #7230, #5470, .T. ) ;
#9512 = CARTESIAN_POINT ( 'NONE',  ( -66.00000000000000000, 6.000000000000000000, -38.22385819845018062 ) ) ;
#9513 = DIRECTION ( 'NONE',  ( -0.5000000000000000000, 0.000000000000000000, 0.8660254037844385966 ) ) ;
#9514 = DIRECTION ( 'NONE',  ( -0.4698463103929531592, 0.8660254037844399289, 0.1710100716628304984 ) ) ;
#9515 = CARTESIAN_POINT ( 'NONE',  ( 14.07291281149715800, 6.000000000000005329, -18.12499999999996092 ) ) ;
#9516 = EDGE_CURVE ( 'NONE', #6374, #8799, #6975, .T. ) ;
#9517 = VERTEX_POINT ( 'NONE', #6499 ) ;
#9518 = VECTOR ( 'NONE', #3715, 1000.000000000000000 ) ;
#9519 = FACE_OUTER_BOUND ( 'NONE', #4868, .T. ) ;
#9520 = ORIENTED_EDGE ( 'NONE', *, *, #8699, .F. ) ;
#9521 = CARTESIAN_POINT ( 'NONE',  ( 14.07291281149736051, 147.4213562373095385, -39.37499999999995737 ) ) ;
#9522 = DIRECTION ( 'NONE',  ( -0.8137976813493688066, 0.4999999999999977796, 0.2961981327260409524 ) ) ;
#9523 = ORIENTED_EDGE ( 'NONE', *, *, #3597, .T. ) ;
#9524 = CIRCLE ( 'NONE', #5034, 2.249999999999988898 ) ;
#9525 = AXIS2_PLACEMENT_3D ( 'NONE', #4995, #6602, #3332 ) ;
#9526 = DIRECTION ( 'NONE',  ( 0.4698463103929531592, 0.8660254037844399289, -0.1710100716628304984 ) ) ;
#9527 = DIRECTION ( 'NONE',  ( 0.000000000000000000, 0.000000000000000000, -1.000000000000000000 ) ) ;
#9528 = CARTESIAN_POINT ( 'NONE',  ( -48.21495254706555045, 6.000000000000000000, -87.08787447931756276 ) ) ;
#9529 = CYLINDRICAL_SURFACE ( 'NONE', #785, 1.249999999999995559 ) ;
#9530 = ORIENTED_EDGE ( 'NONE', *, *, #6301, .F. ) ;
#9531 = ORIENTED_EDGE ( 'NONE', *, *, #8073, .T. ) ;
#9532 = AXIS2_PLACEMENT_3D ( 'NONE', #1933, #2716, #6613 ) ;
#9533 = DIRECTION ( 'NONE',  ( 0.4698463103929531592, 0.8660254037844399289, 0.1710100716628304984 ) ) ;
#9534 = VECTOR ( 'NONE', #9043, 1000.000000000000000 ) ;
#9535 = LINE ( 'NONE', #8545, #1742 ) ;
#9536 = EDGE_CURVE ( 'NONE', #8349, #1337, #2495, .T. ) ;
#9537 = CARTESIAN_POINT ( 'NONE',  ( -32.47595264191694042, 0.000000000000000000, 50.00000000000000000 ) ) ;
#9538 = PLANE ( 'NONE',  #8129 ) ;
#9539 = ORIENTED_EDGE ( 'NONE', *, *, #4232, .F. ) ;
#9540 = CIRCLE ( 'NONE', #53, 1.249999999999995559 ) ;
#9541 = VECTOR ( 'NONE', #3788, 1000.000000000000000 ) ;
#9542 = ORIENTED_EDGE ( 'NONE', *, *, #6064, .F. ) ;
#9543 = CARTESIAN_POINT ( 'NONE',  ( -50.00000000000000000, 0.000000000000000000, 50.00000000000000000 ) ) ;
#9544 = EDGE_CURVE ( 'NONE', #9052, #7268, #4168, .T. ) ;
#9545 = PLANE ( 'NONE',  #6654 ) ;
#9546 = ORIENTED_EDGE ( 'NONE', *, *, #9427, .T. ) ;
#9547 = EDGE_CURVE ( 'NONE', #4532, #1228, #9630, .T. ) ;
#9548 = ORIENTED_EDGE ( 'NONE', *, *, #598, .F. ) ;
#9549 = CARTESIAN_POINT ( 'NONE',  ( -25.98076211353308906, 6.000000000000005329, -15.00000000000011546 ) ) ;
#9550 = LINE ( 'NONE', #8766, #8440 ) ;
#9551 = ORIENTED_EDGE ( 'NONE', *, *, #6153, .T. ) ;
#9552 = AXIS2_PLACEMENT_3D ( 'NONE', #5974, #2067, #3433 ) ;
#9553 = DIRECTION ( 'NONE',  ( 0.3420201433256876422, -0.000000000000000000, -0.9396926207859014335 ) ) ;
#9554 = ORIENTED_EDGE ( 'NONE', *, *, #1095, .F. ) ;
#9555 = ORIENTED_EDGE ( 'NONE', *, *, #3863, .F. ) ;
#9556 = ORIENTED_EDGE ( 'NONE', *, *, #9955, .F. ) ;
#9557 = CARTESIAN_POINT ( 'NONE',  ( -48.18039637606665337, 0.000000000000000000, 87.18281677883985026 ) ) ;
#9558 = EDGE_CURVE ( 'NONE', #3122, #8485, #4914, .T. ) ;
#9559 = AXIS2_PLACEMENT_3D ( 'NONE', #9272, #8583, #6284 ) ;
#9560 = LINE ( 'NONE', #3263, #265 ) ;
#9561 = CARTESIAN_POINT ( 'NONE',  ( -77.96702912130204766, 14.99999999999994316, 81.30738249685771279 ) ) ;
#9562 = ORIENTED_EDGE ( 'NONE', *, *, #395, .F. ) ;
#9563 = DIRECTION ( 'NONE',  ( -0.4698463103929532703, 0.8660254037844400399, 0.1710100716628305539 ) ) ;
#9564 = DIRECTION ( 'NONE',  ( -0.4698463103929487183, 0.8660254037844400399, 0.1710100716628430717 ) ) ;
#9565 = LINE ( 'NONE', #2430, #5415 ) ;
#9566 = VECTOR ( 'NONE', #5417, 1000.000000000000227 ) ;
#9567 = CARTESIAN_POINT ( 'NONE',  ( 21.86105912627045456, 6.000000000000005329, 24.37499999999996447 ) ) ;
#9568 = EDGE_CURVE ( 'NONE', #4964, #750, #9784, .T. ) ;
#9569 = AXIS2_PLACEMENT_3D ( 'NONE', #8082, #7244, #7294 ) ;
#9570 = ORIENTED_EDGE ( 'NONE', *, *, #3607, .T. ) ;
#9571 = CARTESIAN_POINT ( 'NONE',  ( 63.08015400583845178, 2.249999999999781508, 67.49018768349759512 ) ) ;
#9572 = VERTEX_POINT ( 'NONE', #6604 ) ;
#9573 = DIRECTION ( 'NONE',  ( -0.5000000000000004441, 0.000000000000000000, -0.8660254037844383745 ) ) ;
#9574 = AXIS2_PLACEMENT_3D ( 'NONE', #7479, #346, #6690 ) ;
#9575 = DIRECTION ( 'NONE',  ( 0.000000000000000000, 0.000000000000000000, -1.000000000000000000 ) ) ;
#9576 = ORIENTED_EDGE ( 'NONE', *, *, #9544, .F. ) ;
#9577 = EDGE_CURVE ( 'NONE', #9240, #9664, #5905, .T. ) ;
#9578 = VECTOR ( 'NONE', #6920, 1000.000000000000114 ) ;
#9579 = DIRECTION ( 'NONE',  ( -0.4698463103929531592, 0.8660254037844399289, 0.1710100716628304984 ) ) ;
#9580 = CARTESIAN_POINT ( 'NONE',  ( -8.660254037844532959, 6.000000000000005329, -42.49999999999999289 ) ) ;
#9581 = LINE ( 'NONE', #5671, #7895 ) ;
#9582 = EDGE_CURVE ( 'NONE', #6298, #3774, #9581, .T. ) ;
#9583 = CARTESIAN_POINT ( 'NONE',  ( 14.07291281149758966, 0.000000000000000000, 45.62499999999995737 ) ) ;
#9584 = PLANE ( 'NONE',  #7610 ) ;
#9585 = VECTOR ( 'NONE', #5843, 1000.000000000000000 ) ;
#9586 = VERTEX_POINT ( 'NONE', #1763 ) ;
#9587 = DIRECTION ( 'NONE',  ( -0.000000000000000000, -1.000000000000000000, -0.000000000000000000 ) ) ;
#9588 = LINE ( 'NONE', #8906, #918 ) ;
#9589 = FACE_BOUND ( 'NONE', #8202, .T. ) ;
#9590 = EDGE_LOOP ( 'NONE', ( #10017, #292, #8553, #5456 ) ) ;
#9591 = AXIS2_PLACEMENT_3D ( 'NONE', #2587, #3320, #916 ) ;
#9592 = PLANE ( 'NONE',  #5535 ) ;
#9593 = VERTEX_POINT ( 'NONE', #4997 ) ;
#9594 = PLANE ( 'NONE',  #8415 ) ;
#9595 = DIRECTION ( 'NONE',  ( 0.000000000000000000, 0.000000000000000000, -1.000000000000000000 ) ) ;
#9596 = ORIENTED_EDGE ( 'NONE', *, *, #3584, .F. ) ;
#9597 = CARTESIAN_POINT ( 'NONE',  ( 30.40590262964586188, 6.000000000000000000, -66.00000000000000000 ) ) ;
#9598 = CARTESIAN_POINT ( 'NONE',  ( -25.25907427704661501, 0.000000000000000000, 50.00000000000000000 ) ) ;
#9599 = ORIENTED_EDGE ( 'NONE', *, *, #1837, .F. ) ;
#9600 = ORIENTED_EDGE ( 'NONE', *, *, #2819, .F. ) ;
#9601 = CARTESIAN_POINT ( 'NONE',  ( 60.22634868466263214, 11.78326453423800935, 83.37431452178670099 ) ) ;
#9602 = VERTEX_POINT ( 'NONE', #8171 ) ;
#9603 = DIRECTION ( 'NONE',  ( 0.000000000000000000, 0.000000000000000000, 1.000000000000000000 ) ) ;
#9604 = VERTEX_POINT ( 'NONE', #4011 ) ;
#9605 = ORIENTED_EDGE ( 'NONE', *, *, #6576, .F. ) ;
#9606 = VECTOR ( 'NONE', #5227, 1000.000000000000000 ) ;
#9607 = ORIENTED_EDGE ( 'NONE', *, *, #3331, .F. ) ;
#9608 = FACE_OUTER_BOUND ( 'NONE', #2859, .T. ) ;
#9609 = CARTESIAN_POINT ( 'NONE',  ( -32.47595264191693332, 6.000000000000005329, 28.74999999999999289 ) ) ;
#9610 = CARTESIAN_POINT ( 'NONE',  ( -8.660254037844387298, 6.000000000000005329, -8.590526202073901000E-16 ) ) ;
#9611 = ORIENTED_EDGE ( 'NONE', *, *, #9698, .F. ) ;
#9612 = PLANE ( 'NONE',  #7531 ) ;
#9613 = DIRECTION ( 'NONE',  ( -0.000000000000000000, -1.000000000000000000, -0.000000000000000000 ) ) ;
#9614 = ORIENTED_EDGE ( 'NONE', *, *, #2047, .T. ) ;
#9615 = DIRECTION ( 'NONE',  ( -0.8137976813493688066, 0.4999999999999977796, 0.2961981327260409524 ) ) ;
#9616 = LINE ( 'NONE', #4781, #2944 ) ;
#9617 = ORIENTED_EDGE ( 'NONE', *, *, #780, .T. ) ;
#9618 = CARTESIAN_POINT ( 'NONE',  ( 45.46633369868351338, 147.4213562373095385, 42.49999999999998579 ) ) ;
#9619 = ORIENTED_EDGE ( 'NONE', *, *, #2535, .F. ) ;
#9620 = VECTOR ( 'NONE', #808, 1000.000000000000000 ) ;
#9621 = CARTESIAN_POINT ( 'NONE',  ( -46.54886545341427961, 0.000000000000000000, -31.87499999999998579 ) ) ;
#9622 = EDGE_CURVE ( 'NONE', #1532, #9066, #1032, .T. ) ;
#9623 = CARTESIAN_POINT ( 'NONE',  ( -50.00000000000000000, 0.000000000000000000, 50.00000000000000000 ) ) ;
#9624 = ORIENTED_EDGE ( 'NONE', *, *, #7498, .F. ) ;
#9625 = VECTOR ( 'NONE', #8823, 1000.000000000000000 ) ;
#9626 = EDGE_CURVE ( 'NONE', #4188, #8993, #9683, .T. ) ;
#9627 = ADVANCED_FACE ( 'NONE', ( #8956 ), #4894, .F. ) ;
#9628 = CYLINDRICAL_SURFACE ( 'NONE', #2715, 1.249999999999995559 ) ;
#9629 = LINE ( 'NONE', #9010, #5787 ) ;
#9630 = LINE ( 'NONE', #253, #9074 ) ;
#9631 = CARTESIAN_POINT ( 'NONE',  ( -14.07291281149758966, 6.000000000000005329, 45.62499999999995737 ) ) ;
#9632 = CARTESIAN_POINT ( 'NONE',  ( -72.07392644946422422, 11.78326453423841258, -50.82336213776300582 ) ) ;
#9633 = ADVANCED_FACE ( 'NONE', ( #148 ), #96, .T. ) ;
#9634 = AXIS2_PLACEMENT_3D ( 'NONE', #5498, #656, #3844 ) ;
#9635 = ORIENTED_EDGE ( 'NONE', *, *, #2493, .F. ) ;
#9636 = EDGE_CURVE ( 'NONE', #10074, #3936, #2547, .T. ) ;
#9637 = CYLINDRICAL_SURFACE ( 'NONE', #2646, 51.96152422706631313 ) ;
#9638 = VECTOR ( 'NONE', #8128, 1000.000000000000227 ) ;
#9639 = DIRECTION ( 'NONE',  ( -0.5337593939265745657, 0.4330127018922076965, 0.7263614178872290772 ) ) ;
#9640 = FACE_OUTER_BOUND ( 'NONE', #3446, .T. ) ;
#9641 = AXIS2_PLACEMENT_3D ( 'NONE', #2923, #1197, #7706 ) ;
#9642 = CARTESIAN_POINT ( 'NONE',  ( -28.14582562299473878, 6.000000000000005329, -42.49999999999998579 ) ) ;
#9643 = CARTESIAN_POINT ( 'NONE',  ( 49.99999999999999289, 0.000000000000000000, 4.647459621556985887 ) ) ;
#9644 = EDGE_LOOP ( 'NONE', ( #3776, #10024 ) ) ;
#9645 = APPROVAL_STATUS ( 'not_yet_approved' ) ;
#9646 = DIRECTION ( 'NONE',  ( 0.000000000000000000, 0.000000000000000000, 1.000000000000000000 ) ) ;
#9647 = ORIENTED_EDGE ( 'NONE', *, *, #9186, .F. ) ;
#9648 = VECTOR ( 'NONE', #10045, 1000.000000000000114 ) ;
#9649 = DIRECTION ( 'NONE',  ( -1.000000000000000000, 0.000000000000000000, -0.000000000000000000 ) ) ;
#9650 = EDGE_CURVE ( 'NONE', #4307, #284, #3418, .T. ) ;
#9651 = DIRECTION ( 'NONE',  ( 0.8757795372522708677, -0.4330127018922171889, -0.2133312028986853459 ) ) ;
#9652 = ORIENTED_EDGE ( 'NONE', *, *, #8547, .F. ) ;
#9653 = ORIENTED_EDGE ( 'NONE', *, *, #8998, .T. ) ;
#9654 = LINE ( 'NONE', #2518, #8597 ) ;
#9655 = ORIENTED_EDGE ( 'NONE', *, *, #2286, .F. ) ;
#9656 = EDGE_CURVE ( 'NONE', #7316, #8267, #3390, .T. ) ;
#9657 = ADVANCED_FACE ( 'NONE', ( #9011 ), #6553, .F. ) ;
#9658 = CARTESIAN_POINT ( 'NONE',  ( 2.081668171172168513E-14, 6.000000000000005329, 41.25149317610433997 ) ) ;
#9659 = VERTEX_POINT ( 'NONE', #5773 ) ;
#9660 = ORIENTED_EDGE ( 'NONE', *, *, #9691, .T. ) ;
#9661 = DIRECTION ( 'NONE',  ( 0.5000000000000000000, 0.000000000000000000, 0.8660254037844385966 ) ) ;
#9662 = DIRECTION ( 'NONE',  ( -0.4999999999999983902, 0.000000000000000000, -0.8660254037844394848 ) ) ;
#9663 = LINE ( 'NONE', #4975, #6623 ) ;
#9664 = VERTEX_POINT ( 'NONE', #4843 ) ;
#9665 = CARTESIAN_POINT ( 'NONE',  ( -45.46633369868351338, 6.000000000000005329, -21.24999999999999289 ) ) ;
#9666 = EDGE_CURVE ( 'NONE', #6818, #3585, #877, .T. ) ;
#9667 = VECTOR ( 'NONE', #8011, 1000.000000000000000 ) ;
#9668 = DIRECTION ( 'NONE',  ( 0.8789733129752220764, 0.4768709627114678939, 1.927470528863119344E-15 ) ) ;
#9669 = ORIENTED_EDGE ( 'NONE', *, *, #3584, .T. ) ;
#9670 = LINE ( 'NONE', #7946, #4261 ) ;
#9671 = CARTESIAN_POINT ( 'NONE',  ( 60.40391967589527411, 1.499999999999673372, 61.19522918509718323 ) ) ;
#9672 = ORIENTED_EDGE ( 'NONE', *, *, #1931, .T. ) ;
#9673 = DIRECTION ( 'NONE',  ( 0.5000000000000000000, 0.000000000000000000, 0.8660254037844385966 ) ) ;
#9674 = ORIENTED_EDGE ( 'NONE', *, *, #5040, .F. ) ;
#9675 = CARTESIAN_POINT ( 'NONE',  ( -63.08015400583845178, 2.249999999999781508, -67.49018768349759512 ) ) ;
#9676 = CIRCLE ( 'NONE', #4177, 61.96152422706639840 ) ;
#9677 = EDGE_CURVE ( 'NONE', #3628, #3384, #9730, .T. ) ;
#9678 = PLANE ( 'NONE',  #3164 ) ;
#9679 = VERTEX_POINT ( 'NONE', #9220 ) ;
#9680 = DIRECTION ( 'NONE',  ( -0.8789733129752217433, 0.4768709627114686156, 0.000000000000000000 ) ) ;
#9681 = EDGE_CURVE ( 'NONE', #3997, #4891, #8431, .T. ) ;
#9682 = LINE ( 'NONE', #5827, #2628 ) ;
#9683 = LINE ( 'NONE', #41, #9905 ) ;
#9684 = CARTESIAN_POINT ( 'NONE',  ( -77.67962342022298117, 8.999999999999962697, -51.71195653594100605 ) ) ;
#9685 = DIRECTION ( 'NONE',  ( -0.3420201433256623291, 0.000000000000000000, 0.9396926207859106484 ) ) ;
#9686 = CARTESIAN_POINT ( 'NONE',  ( -35.96815219932086904, 147.4213562373095385, -13.75000000000001599 ) ) ;
#9687 = VERTEX_POINT ( 'NONE', #3497 ) ;
#9688 = DIRECTION ( 'NONE',  ( -0.5000000000000041078, 0.000000000000000000, 0.8660254037844362651 ) ) ;
#9689 = DIRECTION ( 'NONE',  ( -0.8660254037844387076, 0.000000000000000000, 0.5000000000000000000 ) ) ;
#9690 = VECTOR ( 'NONE', #2545, 1000.000000000000000 ) ;
#9691 = EDGE_CURVE ( 'NONE', #5868, #6057, #2706, .T. ) ;
#9692 = LINE ( 'NONE', #2555, #4375 ) ;
#9693 = CARTESIAN_POINT ( 'NONE',  ( 32.47595264191693332, 6.000000000000005329, 13.74999999999999467 ) ) ;
#9694 = LINE ( 'NONE', #7238, #5211 ) ;
#9695 = VECTOR ( 'NONE', #8460, 1000.000000000000114 ) ;
#9696 = EDGE_LOOP ( 'NONE', ( #7398, #1668, #1113, #1573 ) ) ;
#9697 = VECTOR ( 'NONE', #4676, 1000.000000000000000 ) ;
#9698 = EDGE_CURVE ( 'NONE', #81, #6618, #6760, .T. ) ;
#9699 = LINE ( 'NONE', #2669, #9753 ) ;
#9700 = VERTEX_POINT ( 'NONE', #4481 ) ;
#9701 = LINE ( 'NONE', #8975, #1910 ) ;
#9702 = CARTESIAN_POINT ( 'NONE',  ( -95.31102044180072141, -5.728164937518876343, -53.51072870777982615 ) ) ;
#9703 = ORIENTED_EDGE ( 'NONE', *, *, #7597, .T. ) ;
#9704 = EDGE_CURVE ( 'NONE', #9188, #9593, #4275, .T. ) ;
#9705 = AXIS2_PLACEMENT_3D ( 'NONE', #7545, #1295, #409 ) ;
#9706 = ORIENTED_EDGE ( 'NONE', *, *, #1008, .F. ) ;
#9707 = FACE_OUTER_BOUND ( 'NONE', #8490, .T. ) ;
#9708 = ORIENTED_EDGE ( 'NONE', *, *, #4587, .F. ) ;
#9709 = ADVANCED_FACE ( 'NONE', ( #5102 ), #6037, .F. ) ;
#9710 = FACE_OUTER_BOUND ( 'NONE', #2838, .T. ) ;
#9711 = ORIENTED_EDGE ( 'NONE', *, *, #1988, .F. ) ;
#9712 = ORIENTED_EDGE ( 'NONE', *, *, #1447, .F. ) ;
#9713 = CARTESIAN_POINT ( 'NONE',  ( 32.47595264191693332, 147.4213562373095385, 34.99999999999999289 ) ) ;
#9714 = LINE ( 'NONE', #8935, #8424 ) ;
#9715 = CARTESIAN_POINT ( 'NONE',  ( -10.17883965411064118, 6.000000000000005329, -31.11973255698393004 ) ) ;
#9716 = ORIENTED_EDGE ( 'NONE', *, *, #4119, .T. ) ;
#9717 = CARTESIAN_POINT ( 'NONE',  ( -4.564377845115513033, 0.000000000000000000, -12.54052506331302119 ) ) ;
#9718 = LINE ( 'NONE', #1015, #9001 ) ;
#9719 = VERTEX_POINT ( 'NONE', #9112 ) ;
#9720 = CYLINDRICAL_SURFACE ( 'NONE', #3090, 3.600000000000008971 ) ;
#9721 = LINE ( 'NONE', #1804, #5429 ) ;
#9722 = ORIENTED_EDGE ( 'NONE', *, *, #3670, .T. ) ;
#9723 = VERTEX_POINT ( 'NONE', #3703 ) ;
#9725 = CARTESIAN_POINT ( 'NONE',  ( -4.330127018922264703, 147.4213562373095385, -13.74999999999999822 ) ) ;
#9724 = VECTOR ( 'NONE', #3219, 1000.000000000000227 ) ;
#9726 = ORIENTED_EDGE ( 'NONE', *, *, #2244, .T. ) ;
#9727 = DIRECTION ( 'NONE',  ( -0.000000000000000000, -1.000000000000000000, -0.000000000000000000 ) ) ;
#9728 = LINE ( 'NONE', #1813, #8645 ) ;
#9729 = ORIENTED_EDGE ( 'NONE', *, *, #6105, .F. ) ;
#9730 = CIRCLE ( 'NONE', #83, 1.249999999999995559 ) ;
#9731 = DIRECTION ( 'NONE',  ( 0.9396926207859015445, 2.569016047228651574E-15, -0.3420201433256876977 ) ) ;
#9732 = CARTESIAN_POINT ( 'NONE',  ( -68.02323918836455618, 17.25833024919695191, -89.67924001744572138 ) ) ;
#9733 = VECTOR ( 'NONE', #168, 1000.000000000000227 ) ;
#9734 = DIRECTION ( 'NONE',  ( 1.000000000000000000, 0.000000000000000000, 0.000000000000000000 ) ) ;
#9735 = DIRECTION ( 'NONE',  ( -0.3420201433256701562, 1.073360150760649390E-14, -0.9396926207859079838 ) ) ;
#9736 = PLANE ( 'NONE',  #6612 ) ;
#9737 = CARTESIAN_POINT ( 'NONE',  ( 49.99999999999999289, 0.000000000000000000, 37.85254037844265440 ) ) ;
#9738 = VERTEX_POINT ( 'NONE', #7437 ) ;
#9739 = CARTESIAN_POINT ( 'NONE',  ( -80.64835826429002452, 8.999999999999996447, -43.55542458751941126 ) ) ;
#9740 = LOCAL_TIME ( 15, 19, 45.00000000000000000, #3513 ) ;
#9741 = ADVANCED_FACE ( 'NONE', ( #408 ), #6862, .T. ) ;
#9742 = CARTESIAN_POINT ( 'NONE',  ( -28.14582562299473878, 0.000000000000000000, -42.49999999999998579 ) ) ;
#9743 = VECTOR ( 'NONE', #3808, 1000.000000000000114 ) ;
#9744 = CARTESIAN_POINT ( 'NONE',  ( 22.73316684934176379, 6.000000000000005329, -39.37499999999995737 ) ) ;
#9745 = LINE ( 'NONE', #4903, #6846 ) ;
#9746 = DIRECTION ( 'NONE',  ( 0.000000000000000000, 0.000000000000000000, 1.000000000000000000 ) ) ;
#9747 = ORIENTED_EDGE ( 'NONE', *, *, #4254, .F. ) ;
#9748 = APPROVAL_ROLE ( '' ) ;
#9749 = EDGE_CURVE ( 'NONE', #4698, #2773, #9943, .T. ) ;
#9750 = FACE_OUTER_BOUND ( 'NONE', #8738, .T. ) ;
#9751 = ORIENTED_EDGE ( 'NONE', *, *, #440, .F. ) ;
#9752 = CARTESIAN_POINT ( 'NONE',  ( 23.87132298306551803, 147.4213562373095385, -16.15365574944389948 ) ) ;
#9753 = VECTOR ( 'NONE', #5011, 1000.000000000000000 ) ;
#9754 = ORIENTED_EDGE ( 'NONE', *, *, #5742, .T. ) ;
#9755 = EDGE_CURVE ( 'NONE', #9290, #7033, #3548, .T. ) ;
#9756 = EDGE_CURVE ( 'NONE', #8926, #5844, #5930, .T. ) ;
#9757 = ORIENTED_EDGE ( 'NONE', *, *, #560, .T. ) ;
#9758 = CARTESIAN_POINT ( 'NONE',  ( -95.31102044180072141, -5.728164937518876343, -53.51072870777982615 ) ) ;
#9759 = ORIENTED_EDGE ( 'NONE', *, *, #8170, .F. ) ;
#9760 = DIRECTION ( 'NONE',  ( -0.000000000000000000, -1.000000000000000000, -0.000000000000000000 ) ) ;
#9761 = EDGE_CURVE ( 'NONE', #2722, #9830, #4589, .T. ) ;
#9762 = ORIENTED_EDGE ( 'NONE', *, *, #2088, .F. ) ;
#9763 = ADVANCED_FACE ( 'NONE', ( #9995 ), #6811, .T. ) ;
#9764 = FACE_BOUND ( 'NONE', #10220, .T. ) ;
#9765 = CARTESIAN_POINT ( 'NONE',  ( -41.13620667976124423, 0.000000000000000000, -13.74999999999999822 ) ) ;
#9766 = CARTESIAN_POINT ( 'NONE',  ( -50.00000000000000000, 6.000000000000000000, -25.89745962155733139 ) ) ;
#9767 = ORIENTED_EDGE ( 'NONE', *, *, #5748, .F. ) ;
#9768 = LINE ( 'NONE', #1272, #1050 ) ;
#9769 = FACE_OUTER_BOUND ( 'NONE', #4956, .T. ) ;
#9770 = ORIENTED_EDGE ( 'NONE', *, *, #1397, .T. ) ;
#9771 = LINE ( 'NONE', #1225, #5254 ) ;
#9772 = DIRECTION ( 'NONE',  ( 0.4999999999999999445, 0.000000000000000000, -0.8660254037844385966 ) ) ;
#9773 = ORIENTED_EDGE ( 'NONE', *, *, #4550, .F. ) ;
#9774 = CIRCLE ( 'NONE', #4789, 2.749999999999995559 ) ;
#9775 = ORIENTED_EDGE ( 'NONE', *, *, #10091, .T. ) ;
#9776 = FACE_BOUND ( 'NONE', #9644, .T. ) ;
#9777 = VERTEX_POINT ( 'NONE', #8378 ) ;
#9778 = DIRECTION ( 'NONE',  ( 0.5000000000000099920, 0.000000000000000000, 0.8660254037844329345 ) ) ;
#9779 = CYLINDRICAL_SURFACE ( 'NONE', #9482, 3.599999999999993872 ) ;
#9780 = ORIENTED_EDGE ( 'NONE', *, *, #2009, .T. ) ;
#9781 = VECTOR ( 'NONE', #7225, 1000.000000000000227 ) ;
#9782 = PLANE ( 'NONE',  #7024 ) ;
#9783 = CARTESIAN_POINT ( 'NONE',  ( -32.47595264191693332, 0.000000000000000000, -28.74999999999999289 ) ) ;
#9784 = LINE ( 'NONE', #979, #7400 ) ;
#9785 = DIRECTION ( 'NONE',  ( -0.9396926207859086499, 0.000000000000000000, -0.3420201433256682688 ) ) ;
#9786 = FACE_OUTER_BOUND ( 'NONE', #1431, .T. ) ;
#9787 = EDGE_CURVE ( 'NONE', #120, #7405, #1189, .T. ) ;
#9788 = VECTOR ( 'NONE', #510, 1000.000000000000000 ) ;
#9789 = CARTESIAN_POINT ( 'NONE',  ( 14.07291281149715090, 6.000000000000005329, 3.124999999999960920 ) ) ;
#9790 = EDGE_CURVE ( 'NONE', #6792, #7195, #9060, .T. ) ;
#9791 = ORIENTED_EDGE ( 'NONE', *, *, #6384, .T. ) ;
#9792 = CARTESIAN_POINT ( 'NONE',  ( -14.07291281149715090, 6.000000000000005329, -3.124999999999960920 ) ) ;
#9793 = DIRECTION ( 'NONE',  ( -0.8660254037844385966, 0.000000000000000000, -0.5000000000000003331 ) ) ;
#9794 = AXIS2_PLACEMENT_3D ( 'NONE', #6011, #4505, #9191 ) ;
#9795 = VECTOR ( 'NONE', #1980, 1000.000000000000114 ) ;
#9796 = DIRECTION ( 'NONE',  ( 0.8137976813493688066, -0.4999999999999977796, -0.2961981327260408414 ) ) ;
#9797 = DIRECTION ( 'NONE',  ( 0.000000000000000000, -0.9678453296402135253, -0.2515460552138042982 ) ) ;
#9798 = CARTESIAN_POINT ( 'NONE',  ( -50.00000000000000000, 0.000000000000000000, 4.647459621556978782 ) ) ;
#9799 = EDGE_CURVE ( 'NONE', #4173, #425, #3651, .T. ) ;
#9800 = VECTOR ( 'NONE', #411, 1000.000000000000000 ) ;
#9801 = ORIENTED_EDGE ( 'NONE', *, *, #1521, .F. ) ;
#9802 = VECTOR ( 'NONE', #4595, 1000.000000000000227 ) ;
#9803 = LINE ( 'NONE', #6414, #6753 ) ;
#9804 = ORIENTED_EDGE ( 'NONE', *, *, #6064, .T. ) ;
#9805 = CARTESIAN_POINT ( 'NONE',  ( -25.98076211353308906, 0.000000000000000000, -15.00000000000011546 ) ) ;
#9806 = ORIENTED_EDGE ( 'NONE', *, *, #9876, .T. ) ;
#9807 = ORIENTED_EDGE ( 'NONE', *, *, #1362, .T. ) ;
#9808 = CARTESIAN_POINT ( 'NONE',  ( 4.330127018922190096, 6.000000000000005329, -7.500000000000000000 ) ) ;
#9809 = ORIENTED_EDGE ( 'NONE', *, *, #10182, .F. ) ;
#9810 = DIRECTION ( 'NONE',  ( -0.5000000000000002220, 0.000000000000000000, -0.8660254037844384856 ) ) ;
#9811 = ORIENTED_EDGE ( 'NONE', *, *, #8667, .F. ) ;
#9812 = AXIS2_PLACEMENT_3D ( 'NONE', #2104, #5430, #6168 ) ;
#9813 = ADVANCED_FACE ( 'NONE', ( #10051 ), #2916, .T. ) ;
#9814 = EDGE_CURVE ( 'NONE', #790, #8317, #8275, .T. ) ;
#9815 = CARTESIAN_POINT ( 'NONE',  ( 41.13620667976131529, 147.4213562373095385, -28.74999999999999289 ) ) ;
#9816 = ORIENTED_EDGE ( 'NONE', *, *, #10085, .T. ) ;
#9817 = DIRECTION ( 'NONE',  ( 0.5000000000000000000, 0.000000000000000000, 0.8660254037844385966 ) ) ;
#9818 = EDGE_CURVE ( 'NONE', #3928, #6290, #9400, .T. ) ;
#9819 = VECTOR ( 'NONE', #1285, 1000.000000000000114 ) ;
#9820 = DIRECTION ( 'NONE',  ( -0.8596377672150551374, 0.4038903479007583952, 0.3128825595173355678 ) ) ;
#9821 = ORIENTED_EDGE ( 'NONE', *, *, #1525, .F. ) ;
#9822 = DIRECTION ( 'NONE',  ( 0.8660254037844385966, -0.000000000000000000, 0.5000000000000001110 ) ) ;
#9823 = DIRECTION ( 'NONE',  ( -1.000000000000000000, 0.000000000000000000, -0.000000000000000000 ) ) ;
#9824 = EDGE_LOOP ( 'NONE', ( #175, #352, #9827, #9457 ) ) ;
#9825 = DIRECTION ( 'NONE',  ( -1.000000000000000000, 0.000000000000000000, -6.938893903907227145E-17 ) ) ;
#9826 = DIRECTION ( 'NONE',  ( 0.3420201433256701562, 1.073360150760649232E-14, 0.9396926207859078728 ) ) ;
#9827 = ORIENTED_EDGE ( 'NONE', *, *, #3405, .T. ) ;
#9828 = ORIENTED_EDGE ( 'NONE', *, *, #7456, .F. ) ;
#9829 = DIRECTION ( 'NONE',  ( 0.000000000000000000, 0.000000000000000000, 1.000000000000000000 ) ) ;
#9830 = VERTEX_POINT ( 'NONE', #3162 ) ;
#9831 = FACE_BOUND ( 'NONE', #6177, .T. ) ;
#9832 = EDGE_CURVE ( 'NONE', #9039, #7316, #7796, .T. ) ;
#9833 = LINE ( 'NONE', #6703, #2498 ) ;
#9834 = ORIENTED_EDGE ( 'NONE', *, *, #4387, .F. ) ;
#9835 = CARTESIAN_POINT ( 'NONE',  ( 6.076226797624230791, 6.000000000000005329, 38.02433353179695530 ) ) ;
#9836 = CARTESIAN_POINT ( 'NONE',  ( 32.47595264191693332, 6.000000000000005329, -34.99999999999999289 ) ) ;
#9837 = EDGE_CURVE ( 'NONE', #8629, #829, #618, .T. ) ;
#9838 = DIRECTION ( 'NONE',  ( 0.8789733129752217433, -0.4768709627114686156, 0.000000000000000000 ) ) ;
#9839 = LINE ( 'NONE', #4947, #723 ) ;
#9840 = DIRECTION ( 'NONE',  ( 0.000000000000000000, 0.000000000000000000, -1.000000000000000000 ) ) ;
#9841 = LINE ( 'NONE', #5777, #2148 ) ;
#9842 = EDGE_CURVE ( 'NONE', #3257, #5167, #10296, .T. ) ;
#9843 = ORIENTED_EDGE ( 'NONE', *, *, #3070, .T. ) ;
#9844 = PLANE ( 'NONE',  #3137 ) ;
#9845 = CARTESIAN_POINT ( 'NONE',  ( -48.21495254706555045, 6.000000000000000000, 87.08787447931756276 ) ) ;
#9846 = FACE_BOUND ( 'NONE', #2711, .T. ) ;
#9847 = CARTESIAN_POINT ( 'NONE',  ( 45.46633369868351338, 0.000000000000000000, -21.24999999999999289 ) ) ;
#9848 = CARTESIAN_POINT ( 'NONE',  ( 48.18039637606665337, 6.000000000000000000, -87.18281677883985026 ) ) ;
#9849 = VERTEX_POINT ( 'NONE', #2326 ) ;
#9850 = CALENDAR_DATE ( 2026, 3, 4 ) ;
#9851 = CARTESIAN_POINT ( 'NONE',  ( -79.02598022036026748, -7.769979724182478620, 87.91339593296397936 ) ) ;
#9852 = VERTEX_POINT ( 'NONE', #1548 ) ;
#9853 = CARTESIAN_POINT ( 'NONE',  ( -8.660254037844460129, 147.4213562373095385, 21.24999999999999645 ) ) ;
#9854 = VECTOR ( 'NONE', #4792, 1000.000000000000000 ) ;
#9855 = AXIS2_PLACEMENT_3D ( 'NONE', #8441, #10109, #7710 ) ;
#9856 = ORIENTED_EDGE ( 'NONE', *, *, #463, .T. ) ;
#9857 = VECTOR ( 'NONE', #3848, 1000.000000000000000 ) ;
#9858 = CARTESIAN_POINT ( 'NONE',  ( -41.13620667976131529, 147.4213562373095385, -28.74999999999999289 ) ) ;
#9859 = EDGE_LOOP ( 'NONE', ( #8166, #5138, #3310, #2738 ) ) ;
#9860 = DIRECTION ( 'NONE',  ( -0.5000000000000001110, 0.000000000000000000, 0.8660254037844385966 ) ) ;
#9861 = ORIENTED_EDGE ( 'NONE', *, *, #3814, .T. ) ;
#9862 = EDGE_CURVE ( 'NONE', #7573, #8417, #8679, .T. ) ;
#9863 = VECTOR ( 'NONE', #911, 1000.000000000000000 ) ;
#9864 = CC_DESIGN_PERSON_AND_ORGANIZATION_ASSIGNMENT ( #322, #4906, ( #3918 ) ) ;
#9865 = LINE ( 'NONE', #1847, #4332 ) ;
#9866 = VERTEX_POINT ( 'NONE', #9363 ) ;
#9867 = LINE ( 'NONE', #2055, #5269 ) ;
#9868 = CARTESIAN_POINT ( 'NONE',  ( 48.18039637606665337, 6.000000000000000000, 87.18281677883985026 ) ) ;
#9869 = ORIENTED_EDGE ( 'NONE', *, *, #2527, .F. ) ;
#9870 = LINE ( 'NONE', #2739, #6871 ) ;
#9871 = CARTESIAN_POINT ( 'NONE',  ( 119.1956539752621893, 5.499999999998012257, 80.07702216308493348 ) ) ;
#9872 = ORIENTED_EDGE ( 'NONE', *, *, #9749, .F. ) ;
#9873 = DIRECTION ( 'NONE',  ( -0.8789733129752218543, -0.4768709627114682825, 0.000000000000000000 ) ) ;
#9874 = DIRECTION ( 'NONE',  ( 0.4999999999999996669, 0.000000000000000000, 0.8660254037844388186 ) ) ;
#9875 = VERTEX_POINT ( 'NONE', #2127 ) ;
#9876 = EDGE_CURVE ( 'NONE', #6371, #6887, #3060, .T. ) ;
#9877 = VERTEX_POINT ( 'NONE', #4631 ) ;
#9878 = VECTOR ( 'NONE', #3881, 1000.000000000000000 ) ;
#9879 = EDGE_CURVE ( 'NONE', #7573, #3675, #3754, .T. ) ;
#9880 = DIRECTION ( 'NONE',  ( -0.000000000000000000, -1.000000000000000000, -0.000000000000000000 ) ) ;
#9881 = EDGE_LOOP ( 'NONE', ( #4193, #4368, #6589, #4537 ) ) ;
#9882 = CARTESIAN_POINT ( 'NONE',  ( -65.96487049844922979, 2.249999999999727773, 63.21924975872500596 ) ) ;
#9883 = LINE ( 'NONE', #8269, #4507 ) ;
#9884 = ORIENTED_EDGE ( 'NONE', *, *, #1447, .T. ) ;
#9885 = DIRECTION ( 'NONE',  ( 0.5000000000000001110, 0.000000000000000000, -0.8660254037844387076 ) ) ;
#9886 = CARTESIAN_POINT ( 'NONE',  ( 77.90864772864858878, 12.33809673898022474, 67.98743272795282166 ) ) ;
#9887 = CARTESIAN_POINT ( 'NONE',  ( -4.330127018922339310, 0.000000000000000000, -49.99999999999999289 ) ) ;
#9888 = ADVANCED_FACE ( 'NONE', ( #6281 ), #567, .F. ) ;
#9889 = DIRECTION ( 'NONE',  ( -1.000000000000000000, 0.000000000000000000, -0.000000000000000000 ) ) ;
#9890 = CARTESIAN_POINT ( 'NONE',  ( -14.07291281149758966, 6.000000000000005329, 45.62499999999995737 ) ) ;
#9891 = LINE ( 'NONE', #5932, #7638 ) ;
#9892 = AXIS2_PLACEMENT_3D ( 'NONE', #5935, #9117, #767 ) ;
#9893 = LINE ( 'NONE', #201, #9800 ) ;
#9894 = ORIENTED_EDGE ( 'NONE', *, *, #5, .F. ) ;
#9895 = CARTESIAN_POINT ( 'NONE',  ( -27.06329386826395123, 147.4213562373095385, -31.87499999999995737 ) ) ;
#9896 = DIRECTION ( 'NONE',  ( -0.000000000000000000, -1.000000000000000000, -0.000000000000000000 ) ) ;
#9897 = EDGE_CURVE ( 'NONE', #6267, #3847, #7894, .T. ) ;
#9898 = LINE ( 'NONE', #5941, #506 ) ;
#9899 = VECTOR ( 'NONE', #2933, 1000.000000000000000 ) ;
#9900 = ADVANCED_FACE ( 'NONE', ( #6187 ), #10102, .F. ) ;
#9901 = CARTESIAN_POINT ( 'NONE',  ( 14.07291281149736051, 0.000000000000000000, -39.37499999999995737 ) ) ;
#9902 = FACE_OUTER_BOUND ( 'NONE', #3209, .T. ) ;
#9903 = FACE_OUTER_BOUND ( 'NONE', #1510, .T. ) ;
#9904 = ORIENTED_EDGE ( 'NONE', *, *, #5734, .F. ) ;
#9905 = VECTOR ( 'NONE', #1819, 1000.000000000000000 ) ;
#9906 = VECTOR ( 'NONE', #9778, 1000.000000000000114 ) ;
#9907 = DIRECTION ( 'NONE',  ( -0.8789733129752217433, -0.4768709627114686156, 0.000000000000000000 ) ) ;
#9908 = VERTEX_POINT ( 'NONE', #5400 ) ;
#9909 = DIRECTION ( 'NONE',  ( 0.3420201433256876422, 0.000000000000000000, -0.9396926207859014335 ) ) ;
#9910 = VECTOR ( 'NONE', #4024, 1000.000000000000114 ) ;
#9911 = VECTOR ( 'NONE', #9573, 1000.000000000000114 ) ;
#9912 = VERTEX_POINT ( 'NONE', #2274 ) ;
#9913 = LINE ( 'NONE', #8345, #3801 ) ;
#9914 = VERTEX_POINT ( 'NONE', #5451 ) ;
#9915 = FACE_OUTER_BOUND ( 'NONE', #6714, .T. ) ;
#9916 = ORIENTED_EDGE ( 'NONE', *, *, #8483, .T. ) ;
#9917 = EDGE_CURVE ( 'NONE', #9723, #2271, #1495, .T. ) ;
#9918 = VECTOR ( 'NONE', #74, 1000.000000000000341 ) ;
#9919 = CARTESIAN_POINT ( 'NONE',  ( -32.47595264191693332, 0.000000000000000000, 13.74999999999999467 ) ) ;
#9920 = VERTEX_POINT ( 'NONE', #3850 ) ;
#9921 = DIRECTION ( 'NONE',  ( 0.000000000000000000, 0.000000000000000000, 1.000000000000000000 ) ) ;
#9922 = EDGE_CURVE ( 'NONE', #8439, #4128, #3108, .T. ) ;
#9923 = CARTESIAN_POINT ( 'NONE',  ( -46.54886545341405935, 147.4213562373095385, -10.62499999999999822 ) ) ;
#9924 = ORIENTED_EDGE ( 'NONE', *, *, #7402, .T. ) ;
#9925 = DIRECTION ( 'NONE',  ( -0.1107007079486503343, 0.2499999999999891476, 0.9618967477123898657 ) ) ;
#9926 = CARTESIAN_POINT ( 'NONE',  ( -41.13620667976131529, 147.4213562373095385, -49.99999999999998579 ) ) ;
#9927 = VERTEX_POINT ( 'NONE', #8580 ) ;
#9928 = VECTOR ( 'NONE', #6386, 1000.000000000000114 ) ;
#9929 = DIRECTION ( 'NONE',  ( 0.5000000000000001110, 0.000000000000000000, 0.8660254037844387076 ) ) ;
#9930 = CARTESIAN_POINT ( 'NONE',  ( -92.34245936985364267, -5.728164937519056643, 61.66678322122567835 ) ) ;
#9931 = ADVANCED_FACE ( 'NONE', ( #9318 ), #6142, .F. ) ;
#9932 = ORIENTED_EDGE ( 'NONE', *, *, #6052, .F. ) ;
#9933 = VERTEX_POINT ( 'NONE', #711 ) ;
#9934 = VECTOR ( 'NONE', #5694, 1000.000000000000227 ) ;
#9935 = CARTESIAN_POINT ( 'NONE',  ( 75.63265198522377375, -12.82481192892386623, 71.63791974095212822 ) ) ;
#9936 = ORIENTED_EDGE ( 'NONE', *, *, #8586, .F. ) ;
#9937 = CARTESIAN_POINT ( 'NONE',  ( 41.13620667976131529, 0.000000000000000000, -7.500000000000000000 ) ) ;
#9938 = CARTESIAN_POINT ( 'NONE',  ( -22.73316684934198051, 0.000000000000000000, 45.62499999999995737 ) ) ;
#9939 = ORIENTED_EDGE ( 'NONE', *, *, #6825, .T. ) ;
#9940 = DIRECTION ( 'NONE',  ( -0.000000000000000000, -1.000000000000000000, -0.000000000000000000 ) ) ;
#9941 = CARTESIAN_POINT ( 'NONE',  ( -50.00000000000000000, 6.000000000000000000, 50.00000000000000000 ) ) ;
#9942 = CARTESIAN_POINT ( 'NONE',  ( -4.330127018922264703, 6.000000000000005329, -13.74999999999999822 ) ) ;
#9943 = LINE ( 'NONE', #4328, #2753 ) ;
#9944 = CARTESIAN_POINT ( 'NONE',  ( -32.47595264191693332, 0.000000000000000000, 28.74999999999999289 ) ) ;
#9945 = DIRECTION ( 'NONE',  ( 0.000000000000000000, 0.000000000000000000, 1.000000000000000000 ) ) ;
#9946 = ORIENTED_EDGE ( 'NONE', *, *, #4090, .T. ) ;
#9947 = LINE ( 'NONE', #5159, #4484 ) ;
#9948 = EDGE_CURVE ( 'NONE', #2388, #7891, #3895, .T. ) ;
#9949 = DIRECTION ( 'NONE',  ( -0.000000000000000000, -1.000000000000000000, -0.000000000000000000 ) ) ;
#9950 = EDGE_CURVE ( 'NONE', #1319, #6442, #259, .T. ) ;
#9951 = EDGE_CURVE ( 'NONE', #5345, #8928, #8727, .T. ) ;
#9952 = LOCAL_TIME ( 15, 19, 45.00000000000000000, #1049 ) ;
#9953 = FACE_OUTER_BOUND ( 'NONE', #3080, .T. ) ;
#9954 = DIRECTION ( 'NONE',  ( 0.4999999999999997780, 0.000000000000000000, -0.8660254037844387076 ) ) ;
#9955 = EDGE_CURVE ( 'NONE', #7045, #7029, #8002, .T. ) ;
#9956 = CARTESIAN_POINT ( 'NONE',  ( 41.13620667976131529, 147.4213562373095385, 49.99999999999998579 ) ) ;
#9957 = AXIS2_PLACEMENT_3D ( 'NONE', #9311, #9456, #8574 ) ;
#9958 = DIRECTION ( 'NONE',  ( -0.4698463103929532148, -0.8660254037844399289, 0.1710100716628305262 ) ) ;
#9959 = ORIENTED_EDGE ( 'NONE', *, *, #7401, .T. ) ;
#9960 = EDGE_CURVE ( 'NONE', #9339, #3698, #914, .T. ) ;
#9961 = LINE ( 'NONE', #9851, #3612 ) ;
#9962 = ORIENTED_EDGE ( 'NONE', *, *, #5645, .T. ) ;
#9963 = LINE ( 'NONE', #6005, #6234 ) ;
#9964 = VECTOR ( 'NONE', #8749, 1000.000000000000227 ) ;
#9965 = VECTOR ( 'NONE', #9350, 1000.000000000000114 ) ;
#9966 = ORIENTED_EDGE ( 'NONE', *, *, #6639, .T. ) ;
#9967 = DIRECTION ( 'NONE',  ( 0.4698463103929532703, 0.8660254037844400399, 0.1710100716628305539 ) ) ;
#9968 = ORIENTED_EDGE ( 'NONE', *, *, #8726, .T. ) ;
#9969 = CARTESIAN_POINT ( 'NONE',  ( -24.25777877760970824, 0.000000000000000000, -27.01570532158559601 ) ) ;
#9970 = ORIENTED_EDGE ( 'NONE', *, *, #7581, .T. ) ;
#9971 = DIRECTION ( 'NONE',  ( 0.5000000000000000000, 0.000000000000000000, -0.8660254037844385966 ) ) ;
#9972 = ORIENTED_EDGE ( 'NONE', *, *, #6507, .T. ) ;
#9973 = PLANE ( 'NONE',  #8585 ) ;
#9974 = DIRECTION ( 'NONE',  ( -0.8660254037844390407, 0.000000000000000000, 0.4999999999999993894 ) ) ;
#9975 = ORIENTED_EDGE ( 'NONE', *, *, #3178, .F. ) ;
#9976 = EDGE_CURVE ( 'NONE', #9866, #7453, #2380, .T. ) ;
#9977 = CARTESIAN_POINT ( 'NONE',  ( -45.22221635007678486, 41.51624119651131650, -85.99860758460253862 ) ) ;
#9978 = VECTOR ( 'NONE', #6211, 1000.000000000000000 ) ;
#9979 = LINE ( 'NONE', #5083, #1840 ) ;
#9980 = ORIENTED_EDGE ( 'NONE', *, *, #3144, .F. ) ;
#9981 = DIRECTION ( 'NONE',  ( -1.000000000000000000, -0.000000000000000000, -0.000000000000000000 ) ) ;
#9982 = CARTESIAN_POINT ( 'NONE',  ( -22.73316684934198051, 147.4213562373095385, 45.62499999999995737 ) ) ;
#9983 = VERTEX_POINT ( 'NONE', #4780 ) ;
#9984 = ORIENTED_EDGE ( 'NONE', *, *, #3203, .F. ) ;
#9985 = LINE ( 'NONE', #8213, #8055 ) ;
#9986 = VERTEX_POINT ( 'NONE', #5660 ) ;
#9987 = CIRCLE ( 'NONE', #5489, 3.599999999999993872 ) ;
#9988 = LINE ( 'NONE', #9053, #8477 ) ;
#9989 = CARTESIAN_POINT ( 'NONE',  ( -64.79025472246685524, 2.249999999999727773, 62.79172457956791220 ) ) ;
#9990 = ORIENTED_EDGE ( 'NONE', *, *, #6067, .T. ) ;
#9991 = ADVANCED_FACE ( 'NONE', ( #4882 ), #9720, .F. ) ;
#9992 = LINE ( 'NONE', #458, #1462 ) ;
#9993 = LINE ( 'NONE', #8479, #9031 ) ;
#9994 = DIRECTION ( 'NONE',  ( 0.5337593939265845577, -0.4330127018922179105, -0.7263614178872156435 ) ) ;
#9995 = FACE_OUTER_BOUND ( 'NONE', #6693, .T. ) ;
#9996 = DIRECTION ( 'NONE',  ( 0.4252409199694589526, -0.9050801953327274330, 0.000000000000000000 ) ) ;
#9997 = VECTOR ( 'NONE', #4832, 1000.000000000000000 ) ;
#9998 = LINE ( 'NONE', #5206, #7966 ) ;
#9999 = EDGE_CURVE ( 'NONE', #2211, #1131, #3319, .T. ) ;
#10000 = ORIENTED_EDGE ( 'NONE', *, *, #10020, .T. ) ;
#10001 = EDGE_CURVE ( 'NONE', #6130, #110, #6539, .T. ) ;
#10002 = CARTESIAN_POINT ( 'NONE',  ( 90.41393044048240313, 14.99999999999994316, 47.10980218023188115 ) ) ;
#10003 = DIRECTION ( 'NONE',  ( -0.8757795372522689803, -0.4330127018922239057, -0.2133312028986796838 ) ) ;
#10004 = CARTESIAN_POINT ( 'NONE',  ( -41.13620667976131529, 6.000000000000005329, 34.99999999999999289 ) ) ;
#10005 = VERTEX_POINT ( 'NONE', #6486 ) ;
#10006 = ADVANCED_FACE ( 'NONE', ( #1750 ), #8052, .T. ) ;
#10007 = DIRECTION ( 'NONE',  ( 0.000000000000000000, 0.9678453296402127481, -0.2515460552138075179 ) ) ;
#10008 = CARTESIAN_POINT ( 'NONE',  ( 71.13257910127276773, 11.62083487540109594, -82.97218668775971651 ) ) ;
#10009 = LINE ( 'NONE', #7608, #9304 ) ;
#10010 = ORIENTED_EDGE ( 'NONE', *, *, #9577, .T. ) ;
#10011 = LINE ( 'NONE', #6826, #8920 ) ;
#10012 = ORIENTED_EDGE ( 'NONE', *, *, #5068, .F. ) ;
#10013 = EDGE_CURVE ( 'NONE', #3138, #5484, #9670, .T. ) ;
#10014 = CARTESIAN_POINT ( 'NONE',  ( 118.2462233470211572, 2.249999999998087308, -80.42258665126527717 ) ) ;
#10015 = AXIS2_PLACEMENT_3D ( 'NONE', #4428, #460, #1547 ) ;
#10016 = AXIS2_PLACEMENT_3D ( 'NONE', #2245, #5681, #7711 ) ;
#10017 = ORIENTED_EDGE ( 'NONE', *, *, #6497, .F. ) ;
#10018 = EDGE_CURVE ( 'NONE', #5859, #6524, #2532, .T. ) ;
#10019 = CARTESIAN_POINT ( 'NONE',  ( -58.69381895926685644, 1.499999999999727329, -65.89369228902688747 ) ) ;
#10020 = EDGE_CURVE ( 'NONE', #10235, #1486, #8106, .T. ) ;
#10021 = EDGE_LOOP ( 'NONE', ( #5279, #7199, #4250, #2762 ) ) ;
#10022 = LINE ( 'NONE', #6732, #7955 ) ;
#10023 = ORIENTED_EDGE ( 'NONE', *, *, #6959, .F. ) ;
#10024 = ORIENTED_EDGE ( 'NONE', *, *, #5644, .F. ) ;
#10025 = CARTESIAN_POINT ( 'NONE',  ( -60.40391967589552280, 1.499999999999647171, -61.19522918509731824 ) ) ;
#10026 = ORIENTED_EDGE ( 'NONE', *, *, #5178, .T. ) ;
#10027 = VECTOR ( 'NONE', #7018, 1000.000000000000000 ) ;
#10028 = VECTOR ( 'NONE', #5928, 999.9999999999998863 ) ;
#10029 = CARTESIAN_POINT ( 'NONE',  ( 41.13620667976131529, 6.000000000000005329, -34.99999999999999289 ) ) ;
#10030 = ORIENTED_EDGE ( 'NONE', *, *, #6676, .F. ) ;
#10031 = EDGE_CURVE ( 'NONE', #7002, #9866, #9565, .T. ) ;
#10032 = DIRECTION ( 'NONE',  ( -0.000000000000000000, -1.000000000000000000, -0.000000000000000000 ) ) ;
#10033 = DIRECTION ( 'NONE',  ( -0.4698463103929532703, 0.8660254037844400399, -0.1710100716628305539 ) ) ;
#10034 = ORIENTED_EDGE ( 'NONE', *, *, #8607, .F. ) ;
#10036 = CARTESIAN_POINT ( 'NONE',  ( -32.47595264191693332, 147.4213562373095385, 13.74999999999999467 ) ) ;
#10035 = ADVANCED_BREP_SHAPE_REPRESENTATION ( 'Lid', ( #1126, #6911 ), #9245 ) ;
#10037 = DIRECTION ( 'NONE',  ( -0.000000000000000000, -1.000000000000000000, -0.000000000000000000 ) ) ;
#10038 = ORIENTED_EDGE ( 'NONE', *, *, #7780, .T. ) ;
#10039 = AXIS2_PLACEMENT_3D ( 'NONE', #9923, #9974, #2736 ) ;
#10040 = VECTOR ( 'NONE', #6842, 1000.000000000000000 ) ;
#10041 = ORIENTED_EDGE ( 'NONE', *, *, #1458, .F. ) ;
#10042 = CARTESIAN_POINT ( 'NONE',  ( -45.46633369868351338, 6.000000000000005329, 21.24999999999999289 ) ) ;
#10043 = VERTEX_POINT ( 'NONE', #7213 ) ;
#10044 = DIRECTION ( 'NONE',  ( -0.9396926207859068736, 0.000000000000000000, 0.3420201433256732093 ) ) ;
#10045 = DIRECTION ( 'NONE',  ( -0.3420201433256863099, 8.011931508174043910E-16, 0.9396926207859018776 ) ) ;
#10046 = ORIENTED_EDGE ( 'NONE', *, *, #7916, .F. ) ;
#10047 = CARTESIAN_POINT ( 'NONE',  ( 49.99999999999998579, 6.000000000000005329, -25.89745962155736692 ) ) ;
#10048 = CARTESIAN_POINT ( 'NONE',  ( 66.00000000000000000, 6.000000000000000000, 38.22385819845018062 ) ) ;
#10049 = CARTESIAN_POINT ( 'NONE',  ( -48.18039637606665337, 6.000000000000000000, 87.18281677883985026 ) ) ;
#10050 = VECTOR ( 'NONE', #9170, 1000.000000000000114 ) ;
#10051 = FACE_OUTER_BOUND ( 'NONE', #2383, .T. ) ;
#10052 = CARTESIAN_POINT ( 'NONE',  ( 11.54700538379294450, 147.4213562373095385, -50.00000000000000000 ) ) ;
#10053 = ORIENTED_EDGE ( 'NONE', *, *, #3017, .F. ) ;
#10054 = CARTESIAN_POINT ( 'NONE',  ( 4.330127018922120818, 6.000000000000005329, -13.74999999999999822 ) ) ;
#10055 = DIRECTION ( 'NONE',  ( 0.6427876096865472455, 0.000000000000000000, 0.7660444431189713521 ) ) ;
#10056 = DIRECTION ( 'NONE',  ( -0.000000000000000000, -1.000000000000000000, -0.000000000000000000 ) ) ;
#10057 = ORIENTED_EDGE ( 'NONE', *, *, #5620, .F. ) ;
#10058 = CARTESIAN_POINT ( 'NONE',  ( 4.330127018922193649, 147.4213562373095385, 7.500000000000000000 ) ) ;
#10059 = CARTESIAN_POINT ( 'NONE',  ( 10.17883965411065006, 147.4213562373095385, -31.11973255698393359 ) ) ;
#10060 = CARTESIAN_POINT ( 'NONE',  ( 32.47595264191693332, 147.4213562373095385, -34.99999999999999289 ) ) ;
#10061 = VERTEX_POINT ( 'NONE', #8835 ) ;
#10062 = CC_DESIGN_PERSON_AND_ORGANIZATION_ASSIGNMENT ( #5789, #3455, ( #1421 ) ) ;
#10063 = CARTESIAN_POINT ( 'NONE',  ( -9.742785792574935044, 6.000000000000005329, 10.62499999999999822 ) ) ;
#10064 = EDGE_CURVE ( 'NONE', #3917, #6598, #5709, .T. ) ;
#10065 = LINE ( 'NONE', #5950, #2411 ) ;
#10066 = AXIS2_PLACEMENT_3D ( 'NONE', #8733, #5713, #1601 ) ;
#10067 = VERTEX_POINT ( 'NONE', #6437 ) ;
#10068 = VECTOR ( 'NONE', #10165, 1000.000000000000227 ) ;
#10069 = CARTESIAN_POINT ( 'NONE',  ( 14.07291281149715090, 6.000000000000005329, -3.124999999999960920 ) ) ;
#10070 = ORIENTED_EDGE ( 'NONE', *, *, #8604, .T. ) ;
#10071 = VECTOR ( 'NONE', #4959, 1000.000000000000000 ) ;
#10072 = PLANE ( 'NONE',  #7457 ) ;
#10073 = EDGE_LOOP ( 'NONE', ( #8692, #3487, #2470, #10241 ) ) ;
#10074 = VERTEX_POINT ( 'NONE', #1803 ) ;
#10075 = EDGE_CURVE ( 'NONE', #4664, #4745, #4981, .T. ) ;
#10076 = VECTOR ( 'NONE', #3214, 1000.000000000000000 ) ;
#10077 = FACE_OUTER_BOUND ( 'NONE', #9349, .T. ) ;
#10078 = EDGE_LOOP ( 'NONE', ( #5633, #5196 ) ) ;
#10079 = ADVANCED_FACE ( 'NONE', ( #8885 ), #4155, .T. ) ;
#10080 = EDGE_CURVE ( 'NONE', #628, #2247, #3427, .T. ) ;
#10081 = VECTOR ( 'NONE', #2031, 1000.000000000000227 ) ;
#10082 = FACE_BOUND ( 'NONE', #798, .T. ) ;
#10083 = ORIENTED_EDGE ( 'NONE', *, *, #4365, .F. ) ;
#10084 = FACE_OUTER_BOUND ( 'NONE', #271, .T. ) ;
#10085 = EDGE_CURVE ( 'NONE', #1810, #6262, #7372, .T. ) ;
#10086 = CARTESIAN_POINT ( 'NONE',  ( 32.03989878038110817, 6.000000000000005329, 6.744732556983358940 ) ) ;
#10087 = VERTEX_POINT ( 'NONE', #6593 ) ;
#10088 = VECTOR ( 'NONE', #942, 1000.000000000000000 ) ;
#10089 = LINE ( 'NONE', #9982, #2779 ) ;
#10090 = ORIENTED_EDGE ( 'NONE', *, *, #10031, .T. ) ;
#10091 = EDGE_CURVE ( 'NONE', #602, #2394, #3534, .T. ) ;
#10092 = ORIENTED_EDGE ( 'NONE', *, *, #8208, .T. ) ;
#10093 = ORIENTED_EDGE ( 'NONE', *, *, #4041, .F. ) ;
#10094 = CARTESIAN_POINT ( 'NONE',  ( 87.93827836687674449, -6.148618450963310167, 71.63791974095212822 ) ) ;
#10095 = CARTESIAN_POINT ( 'NONE',  ( 32.47595264191693332, 0.000000000000000000, 7.500000000000000888 ) ) ;
#10096 = ORIENTED_EDGE ( 'NONE', *, *, #9198, .T. ) ;
#10097 = DIRECTION ( 'NONE',  ( 0.5000000000000006661, 0.000000000000000000, 0.8660254037844382635 ) ) ;
#10098 = AXIS2_PLACEMENT_3D ( 'NONE', #10196, #8581, #6438 ) ;
#10099 = ORIENTED_EDGE ( 'NONE', *, *, #3049, .T. ) ;
#10100 = LINE ( 'NONE', #2806, #4548 ) ;
#10101 = CARTESIAN_POINT ( 'NONE',  ( 3.673940397442059967E-15, 6.000000000000005329, 30.00000000000000000 ) ) ;
#10102 = CYLINDRICAL_SURFACE ( 'NONE', #7064, 3.600000000000008527 ) ;
#10103 = LINE ( 'NONE', #10052, #7715 ) ;
#10104 = VERTEX_POINT ( 'NONE', #8312 ) ;
#10105 = CYLINDRICAL_SURFACE ( 'NONE', #2918, 6.999999999999941380 ) ;
#10106 = LINE ( 'NONE', #8633, #4592 ) ;
#10107 = FACE_OUTER_BOUND ( 'NONE', #9419, .T. ) ;
#10108 = ORIENTED_EDGE ( 'NONE', *, *, #5676, .F. ) ;
#10109 = DIRECTION ( 'NONE',  ( -0.4698463103929487183, 0.8660254037844400399, -0.1710100716628430717 ) ) ;
#10110 = DIRECTION ( 'NONE',  ( 0.000000000000000000, -0.000000000000000000, 1.000000000000000000 ) ) ;
#10111 = ADVANCED_FACE ( 'NONE', ( #9046, #6796 ), #1175, .F. ) ;
#10112 = EDGE_CURVE ( 'NONE', #6888, #7041, #8413, .T. ) ;
#10113 = FACE_OUTER_BOUND ( 'NONE', #5960, .T. ) ;
#10114 = ORIENTED_EDGE ( 'NONE', *, *, #7847, .T. ) ;
#10115 = AXIS2_PLACEMENT_3D ( 'NONE', #5619, #4066, #6346 ) ;
#10116 = DIRECTION ( 'NONE',  ( 0.08838436251985754000, -0.9955668446019961815, -0.03216927713181028103 ) ) ;
#10117 = DIRECTION ( 'NONE',  ( -0.000000000000000000, -1.000000000000000000, -0.000000000000000000 ) ) ;
#10118 = EDGE_CURVE ( 'NONE', #5971, #698, #391, .T. ) ;
#10119 = EDGE_LOOP ( 'NONE', ( #3793, #4815, #6827, #7460 ) ) ;
#10120 = DIRECTION ( 'NONE',  ( -0.000000000000000000, -1.000000000000000000, -0.000000000000000000 ) ) ;
#10121 = VERTEX_POINT ( 'NONE', #3581 ) ;
#10122 = CARTESIAN_POINT ( 'NONE',  ( 0.000000000000000000, 4.500000000000007994, 92.41944086838630312 ) ) ;
#10123 = VERTEX_POINT ( 'NONE', #447 ) ;
#10124 = VERTEX_POINT ( 'NONE', #2062 ) ;
#10125 = CARTESIAN_POINT ( 'NONE',  ( 63.39065261137343299, 13.49999999999931433, 83.37431452178670099 ) ) ;
#10126 = VERTEX_POINT ( 'NONE', #8994 ) ;
#10127 = VECTOR ( 'NONE', #2550, 1000.000000000000000 ) ;
#10128 = CARTESIAN_POINT ( 'NONE',  ( 48.34702753535132302, 0.000000000000000000, 51.07614877529381658 ) ) ;
#10129 = VERTEX_POINT ( 'NONE', #2849 ) ;
#10130 = LINE ( 'NONE', #5540, #46 ) ;
#10131 = LINE ( 'NONE', #10086, #7090 ) ;
#10132 = ORIENTED_EDGE ( 'NONE', *, *, #2948, .F. ) ;
#10133 = DIRECTION ( 'NONE',  ( 1.000000000000000000, 0.000000000000000000, -0.000000000000000000 ) ) ;
#10134 = EDGE_LOOP ( 'NONE', ( #5114, #2939, #6159, #3855, #2083, #1640, #9264, #802 ) ) ;
#10135 = VECTOR ( 'NONE', #5296, 1000.000000000000114 ) ;
#10136 = VECTOR ( 'NONE', #4432, 999.9999999999998863 ) ;
#10137 = EDGE_CURVE ( 'NONE', #5346, #10121, #5814, .T. ) ;
#10138 = AXIS2_PLACEMENT_3D ( 'NONE', #627, #10163, #6199 ) ;
#10139 = ORIENTED_EDGE ( 'NONE', *, *, #1111, .F. ) ;
#10140 = EDGE_LOOP ( 'NONE', ( #4120, #6522, #865, #334 ) ) ;
#10141 = EDGE_CURVE ( 'NONE', #2435, #1396, #8361, .T. ) ;
#10142 = LINE ( 'NONE', #9453, #7130 ) ;
#10143 = DIRECTION ( 'NONE',  ( 0.4999999999999997224, 0.000000000000000000, -0.8660254037844388186 ) ) ;
#10144 = VECTOR ( 'NONE', #8084, 1000.000000000000227 ) ;
#10145 = CARTESIAN_POINT ( 'NONE',  ( 22.73316684934153287, 6.000000000000005329, -3.124999999999960920 ) ) ;
#10146 = VERTEX_POINT ( 'NONE', #6745 ) ;
#10147 = LINE ( 'NONE', #2221, #9857 ) ;
#10148 = CARTESIAN_POINT ( 'NONE',  ( -117.0716075710387827, 2.249999999998087308, -80.85011183042237803 ) ) ;
#10149 = DIRECTION ( 'NONE',  ( -0.000000000000000000, -1.000000000000000000, -0.000000000000000000 ) ) ;
#10150 = CARTESIAN_POINT ( 'NONE',  ( 119.1956539752621893, 5.499999999998012257, -80.07702216308493348 ) ) ;
#10151 = EDGE_CURVE ( 'NONE', #5825, #4664, #8912, .T. ) ;
#10152 = AXIS2_PLACEMENT_3D ( 'NONE', #10202, #1607, #9326 ) ;
#10153 = ORIENTED_EDGE ( 'NONE', *, *, #7487, .F. ) ;
#10154 = CARTESIAN_POINT ( 'NONE',  ( -82.31282873162555802, 12.75855025242434948, -58.01629620822639311 ) ) ;
#10155 = DIRECTION ( 'NONE',  ( 0.000000000000000000, -1.000000000000000000, 0.000000000000000000 ) ) ;
#10156 = LINE ( 'NONE', #3067, #5998 ) ;
#10157 = ORIENTED_EDGE ( 'NONE', *, *, #5748, .T. ) ;
#10158 = EDGE_CURVE ( 'NONE', #6311, #1527, #9098, .T. ) ;
#10159 = FACE_OUTER_BOUND ( 'NONE', #1692, .T. ) ;
#10160 = VECTOR ( 'NONE', #7790, 1000.000000000000227 ) ;
#10161 = DIRECTION ( 'NONE',  ( -0.5234908573499362783, -0.8520312918379400191, 0.000000000000000000 ) ) ;
#10162 = EDGE_CURVE ( 'NONE', #1090, #2804, #4260, .T. ) ;
#10163 = DIRECTION ( 'NONE',  ( 0.000000000000000000, 0.000000000000000000, -1.000000000000000000 ) ) ;
#10164 = ORIENTED_EDGE ( 'NONE', *, *, #10211, .T. ) ;
#10165 = DIRECTION ( 'NONE',  ( -0.8137976813493688066, -0.4999999999999977796, -0.2961981327260408414 ) ) ;
#10166 = DIRECTION ( 'NONE',  ( 0.000000000000000000, 0.000000000000000000, -1.000000000000000000 ) ) ;
#10167 = AXIS2_PLACEMENT_3D ( 'NONE', #5256, #2125, #2074 ) ;
#10168 = DIRECTION ( 'NONE',  ( 0.9396926207859068736, 0.000000000000000000, -0.3420201433256732093 ) ) ;
#10169 = EDGE_LOOP ( 'NONE', ( #5036, #3745, #5952, #7251 ) ) ;
#10170 = DIRECTION ( 'NONE',  ( 0.3420201433256701562, 1.073360150760649390E-14, 0.9396926207859079838 ) ) ;
#10171 = ORIENTED_EDGE ( 'NONE', *, *, #6775, .F. ) ;
#10172 = FACE_BOUND ( 'NONE', #1616, .T. ) ;
#10173 = DIRECTION ( 'NONE',  ( -0.8789733129752217433, 0.4768709627114686156, 0.000000000000000000 ) ) ;
#10174 = ORIENTED_EDGE ( 'NONE', *, *, #1686, .T. ) ;
#10175 = FACE_BOUND ( 'NONE', #6352, .T. ) ;
#10176 = ORIENTED_EDGE ( 'NONE', *, *, #7220, .F. ) ;
#10177 = PLANE ( 'NONE',  #2214 ) ;
#10178 = CARTESIAN_POINT ( 'NONE',  ( -25.25907427704661501, 147.4213562373095385, 50.00000000000000000 ) ) ;
#10179 = ORIENTED_EDGE ( 'NONE', *, *, #1649, .T. ) ;
#10180 = CARTESIAN_POINT ( 'NONE',  ( -66.00000000000132161, 6.000000000000000000, 38.22385819845064958 ) ) ;
#10181 = EDGE_LOOP ( 'NONE', ( #3738, #3073, #1708, #3824 ) ) ;
#10182 = EDGE_CURVE ( 'NONE', #7833, #5621, #9771, .T. ) ;
#10183 = ORIENTED_EDGE ( 'NONE', *, *, #749, .F. ) ;
#10184 = AXIS2_PLACEMENT_3D ( 'NONE', #3811, #6970, #7659 ) ;
#10185 = ORIENTED_EDGE ( 'NONE', *, *, #5418, .F. ) ;
#10186 = LINE ( 'NONE', #2958, #983 ) ;
#10187 = DIRECTION ( 'NONE',  ( 0.000000000000000000, 0.000000000000000000, 1.000000000000000000 ) ) ;
#10188 = CARTESIAN_POINT ( 'NONE',  ( -11.26739772084300029, 0.000000000000000000, 34.51570532158540061 ) ) ;
#10189 = EDGE_LOOP ( 'NONE', ( #1019, #2785, #7094, #9970 ) ) ;
#10190 = DIRECTION ( 'NONE',  ( 0.9396926207859068736, 0.000000000000000000, -0.3420201433256732093 ) ) ;
#10191 = VECTOR ( 'NONE', #2056, 1000.000000000000000 ) ;
#10192 = DIRECTION ( 'NONE',  ( -0.000000000000000000, -0.000000000000000000, 1.000000000000000000 ) ) ;
#10193 = CARTESIAN_POINT ( 'NONE',  ( 112.6852725244671802, 1.499999999998032907, -82.44660722489308569 ) ) ;
#10194 = ADVANCED_FACE ( 'NONE', ( #5969 ), #1854, .F. ) ;
#10195 = AXIS2_PLACEMENT_3D ( 'NONE', #3943, #9563, #8624 ) ;
#10196 = CARTESIAN_POINT ( 'NONE',  ( 28.14582562299473878, 147.4213562373095385, 42.49999999999998579 ) ) ;
#10197 = EDGE_CURVE ( 'NONE', #7195, #1831, #7426, .T. ) ;
#10198 = VERTEX_POINT ( 'NONE', #1905 ) ;
#10199 = DIRECTION ( 'NONE',  ( -0.5234908573499331697, -0.8520312918379419065, 0.000000000000000000 ) ) ;
#10200 = ORIENTED_EDGE ( 'NONE', *, *, #7043, .T. ) ;
#10201 = CARTESIAN_POINT ( 'NONE',  ( 48.32614877529362474, 6.000000000000000000, -48.34702753535147934 ) ) ;
#10202 = CARTESIAN_POINT ( 'NONE',  ( 32.47595264191693332, 147.4213562373095385, -49.99999999999998579 ) ) ;
#10203 = ORIENTED_EDGE ( 'NONE', *, *, #9478, .T. ) ;
#10204 = ADVANCED_FACE ( 'NONE', ( #1276 ), #4465, .T. ) ;
#10205 = AXIS2_PLACEMENT_3D ( 'NONE', #3600, #2968, #6961 ) ;
#10206 = CARTESIAN_POINT ( 'NONE',  ( -9.742785792574935044, 6.000000000000005329, 10.62499999999999822 ) ) ;
#10207 = PLANE ( 'NONE',  #1631 ) ;
#10208 = CARTESIAN_POINT ( 'NONE',  ( 41.13620667976131529, 147.4213562373095385, 28.74999999999999289 ) ) ;
#10209 = ADVANCED_FACE ( 'NONE', ( #1122 ), #4312, .F. ) ;
#10210 = EDGE_LOOP ( 'NONE', ( #2001, #7867, #7989, #7742 ) ) ;
#10211 = EDGE_CURVE ( 'NONE', #5361, #1831, #2742, .T. ) ;
#10212 = DIRECTION ( 'NONE',  ( 0.000000000000000000, 1.000000000000000000, 0.000000000000000000 ) ) ;
#10213 = LINE ( 'NONE', #3030, #743 ) ;
#10214 = EDGE_CURVE ( 'NONE', #4675, #3762, #4410, .T. ) ;
#10215 = ORIENTED_EDGE ( 'NONE', *, *, #4659, .F. ) ;
#10216 = ORIENTED_EDGE ( 'NONE', *, *, #6881, .F. ) ;
#10217 = ORIENTED_EDGE ( 'NONE', *, *, #9028, .T. ) ;
#10218 = DIRECTION ( 'NONE',  ( -0.000000000000000000, -1.000000000000000000, -0.000000000000000000 ) ) ;
#10219 = VECTOR ( 'NONE', #6388, 1000.000000000000000 ) ;
#10220 = EDGE_LOOP ( 'NONE', ( #3797, #1389 ) ) ;
#10221 = DIRECTION ( 'NONE',  ( -0.5000000000000000000, 0.000000000000000000, -0.8660254037844385966 ) ) ;
#10222 = FACE_OUTER_BOUND ( 'NONE', #1856, .T. ) ;
#10223 = ORIENTED_EDGE ( 'NONE', *, *, #3462, .F. ) ;
#10224 = VECTOR ( 'NONE', #4707, 1000.000000000000000 ) ;
#10225 = ORIENTED_EDGE ( 'NONE', *, *, #7401, .F. ) ;
#10226 = CARTESIAN_POINT ( 'NONE',  ( -87.70925405845105161, -9.486715189943387472, 55.36244354894027708 ) ) ;
#10227 = CARTESIAN_POINT ( 'NONE',  ( 62.42372499878475622, 1.124999999999771738, 67.25126706402114962 ) ) ;
#10228 = EDGE_LOOP ( 'NONE', ( #4898, #1372, #5643, #7622 ) ) ;
#10229 = ADVANCED_FACE ( 'NONE', ( #6076 ), #2903, .T. ) ;
#10230 = FACE_OUTER_BOUND ( 'NONE', #4279, .T. ) ;
#10231 = ORIENTED_EDGE ( 'NONE', *, *, #6950, .F. ) ;
#10232 = VECTOR ( 'NONE', #3803, 1000.000000000000114 ) ;
#10233 = VERTEX_POINT ( 'NONE', #787 ) ;
#10234 = VECTOR ( 'NONE', #5727, 1000.000000000000114 ) ;
#10235 = VERTEX_POINT ( 'NONE', #7186 ) ;
#10236 = EDGE_CURVE ( 'NONE', #8417, #539, #3083, .T. ) ;
#10237 = CYLINDRICAL_SURFACE ( 'NONE', #9634, 2.749999999999995559 ) ;
#10238 = CARTESIAN_POINT ( 'NONE',  ( -27.06329386826395123, 147.4213562373095385, -31.87499999999995737 ) ) ;
#10239 = CARTESIAN_POINT ( 'NONE',  ( 45.46633369868351338, 6.000000000000005329, -4.592625337882893652E-17 ) ) ;
#10240 = VECTOR ( 'NONE', #4808, 1000.000000000000000 ) ;
#10241 = ORIENTED_EDGE ( 'NONE', *, *, #4018, .T. ) ;
#10242 = LINE ( 'NONE', #3998, #8366 ) ;
#10243 = EDGE_CURVE ( 'NONE', #5542, #7905, #8026, .T. ) ;
#10244 = PLANE ( 'NONE',  #6021 ) ;
#10245 = CARTESIAN_POINT ( 'NONE',  ( -48.32614877529397290, 0.000000000000000000, 48.34702753535113828 ) ) ;
#10246 = DIRECTION ( 'NONE',  ( -0.4999999999999990563, 0.000000000000000000, 0.8660254037844391517 ) ) ;
#10247 = ORIENTED_EDGE ( 'NONE', *, *, #6418, .T. ) ;
#10248 = CARTESIAN_POINT ( 'NONE',  ( -25.49447007271233190, 6.000000000000005329, -7.907717477981869081 ) ) ;
#10249 = VERTEX_POINT ( 'NONE', #840 ) ;
#10250 = VECTOR ( 'NONE', #8987, 1000.000000000000000 ) ;
#10251 = DIRECTION ( 'NONE',  ( 0.5000000000000004441, 0.000000000000000000, -0.8660254037844383745 ) ) ;
#10252 = DIRECTION ( 'NONE',  ( -0.5000000000000000000, 0.000000000000000000, 0.8660254037844385966 ) ) ;
#10253 = ORIENTED_EDGE ( 'NONE', *, *, #8208, .F. ) ;
#10254 = CARTESIAN_POINT ( 'NONE',  ( 67.79591528148533541, 3.374999999999735767, -63.88569555735850969 ) ) ;
#10255 = DIRECTION ( 'NONE',  ( 1.000000000000000000, 0.000000000000000000, 0.000000000000000000 ) ) ;
#10256 = DIRECTION ( 'NONE',  ( 0.5000000000000004441, 0.000000000000000000, 0.8660254037844383745 ) ) ;
#10257 = ORIENTED_EDGE ( 'NONE', *, *, #9169, .F. ) ;
#10258 = CIRCLE ( 'NONE', #6426, 3.600000000000008082 ) ;
#10259 = EDGE_CURVE ( 'NONE', #2873, #6113, #2456, .T. ) ;
#10260 = ORIENTED_EDGE ( 'NONE', *, *, #2969, .F. ) ;
#10261 = ADVANCED_FACE ( 'NONE', ( #6847 ), #9594, .T. ) ;
#10262 = CARTESIAN_POINT ( 'NONE',  ( 3.673940397442059967E-15, 147.4213562373095385, 30.00000000000000000 ) ) ;
#10263 = LINE ( 'NONE', #1410, #3420 ) ;
#10264 = AXIS2_PLACEMENT_3D ( 'NONE', #7682, #549, #3741 ) ;
#10265 = ADVANCED_FACE ( 'NONE', ( #4756 ), #5631, .T. ) ;
#10266 = CARTESIAN_POINT ( 'NONE',  ( -23.87132298306550382, 0.000000000000000000, -16.15365574944390303 ) ) ;
#10267 = ORIENTED_EDGE ( 'NONE', *, *, #2193, .T. ) ;
#10268 = CARTESIAN_POINT ( 'NONE',  ( -60.40391967589528122, 1.499999999999675149, 61.19522918509714771 ) ) ;
#10269 = VECTOR ( 'NONE', #5104, 999.9999999999998863 ) ;
#10270 = ORIENTED_EDGE ( 'NONE', *, *, #2703, .F. ) ;
#10271 = ADVANCED_FACE ( 'NONE', ( #7922 ), #8810, .F. ) ;
#10272 = LINE ( 'NONE', #9686, #10127 ) ;
#10273 = ORIENTED_EDGE ( 'NONE', *, *, #4123, .F. ) ;
#10274 = DIRECTION ( 'NONE',  ( 0.000000000000000000, 0.000000000000000000, -1.000000000000000000 ) ) ;
#10275 = EDGE_CURVE ( 'NONE', #4922, #8926, #7030, .T. ) ;
#10276 = CARTESIAN_POINT ( 'NONE',  ( -78.40253430288579750, 15.21673546576100833, -50.82336213776300582 ) ) ;
#10277 = ORIENTED_EDGE ( 'NONE', *, *, #3014, .T. ) ;
#10278 = CIRCLE ( 'NONE', #4797, 1.249999999999995559 ) ;
#10279 = ORIENTED_EDGE ( 'NONE', *, *, #7119, .T. ) ;
#10280 = FACE_OUTER_BOUND ( 'NONE', #6609, .T. ) ;
#10281 = CARTESIAN_POINT ( 'NONE',  ( -25.98076211353308906, 147.4213562373095385, -15.00000000000011546 ) ) ;
#10282 = ORIENTED_EDGE ( 'NONE', *, *, #10214, .T. ) ;
#10283 = AXIS2_PLACEMENT_3D ( 'NONE', #5809, #1064, #2473 ) ;
#10284 = DIRECTION ( 'NONE',  ( -0.000000000000000000, -1.000000000000000000, -0.000000000000000000 ) ) ;
#10285 = ORIENTED_EDGE ( 'NONE', *, *, #3553, .T. ) ;
#10286 = ORIENTED_EDGE ( 'NONE', *, *, #9755, .T. ) ;
#10287 = VECTOR ( 'NONE', #1520, 1000.000000000000000 ) ;
#10288 = ORIENTED_EDGE ( 'NONE', *, *, #6329, .F. ) ;
#10289 = DIRECTION ( 'NONE',  ( 0.4698463103929532148, -0.8660254037844399289, -0.1710100716628305262 ) ) ;
#10290 = LINE ( 'NONE', #7692, #6983 ) ;
#10291 = CARTESIAN_POINT ( 'NONE',  ( 32.47595264191693332, 147.4213562373095385, 7.500000000000000888 ) ) ;
#10292 = ORIENTED_EDGE ( 'NONE', *, *, #6250, .T. ) ;
#10293 = CARTESIAN_POINT ( 'NONE',  ( 72.07392644946422422, 11.78326453423841258, 50.82336213776300582 ) ) ;
#10294 = AXIS2_PLACEMENT_3D ( 'NONE', #3393, #6763, #1139 ) ;
#10295 = CARTESIAN_POINT ( 'NONE',  ( -65.20420041006185841, 5.499999999999707789, -68.26327735083503967 ) ) ;
#10296 = LINE ( 'NONE', #8481, #2922 ) ;
#10297 = LINE ( 'NONE', #6233, #3277 ) ;
#10298 = VECTOR ( 'NONE', #4642, 1000.000000000000000 ) ;
#10299 = ORIENTED_EDGE ( 'NONE', *, *, #8159, .F. ) ;
#10300 = CARTESIAN_POINT ( 'NONE',  ( -22.73316684934153287, 0.000000000000000000, -3.124999999999960920 ) ) ;
#10301 = EDGE_LOOP ( 'NONE', ( #2960, #9275, #5142, #5397, #2192, #4846, #399 ) ) ;
#10302 = EDGE_CURVE ( 'NONE', #2117, #1627, #4652, .T. ) ;
#10303 = AXIS2_PLACEMENT_3D ( 'NONE', #5076, #229, #3419 ) ;
#10304 = CARTESIAN_POINT ( 'NONE',  ( -25.49447007271234611, 6.000000000000005329, -7.907717477981892173 ) ) ;
#10305 = LINE ( 'NONE', #7115, #7147 ) ;
#10306 = ORIENTED_EDGE ( 'NONE', *, *, #3388, .F. ) ;
#10307 = DIRECTION ( 'NONE',  ( -0.4698463103929487183, 0.8660254037844400399, 0.1710100716628430717 ) ) ;
#10308 = CARTESIAN_POINT ( 'NONE',  ( 14.07291281149715978, 147.4213562373095385, -18.12499999999996092 ) ) ;
#10309 = CARTESIAN_POINT ( 'NONE',  ( -50.00000000000000000, 6.000000000000000000, -50.00000000000000000 ) ) ;
#10310 = VECTOR ( 'NONE', #8136, 999.9999999999998863 ) ;
#10311 = ORIENTED_EDGE ( 'NONE', *, *, #947, .T. ) ;
#10312 = ADVANCED_FACE ( 'NONE', ( #6260 ), #9435, .T. ) ;
#10313 = ORIENTED_EDGE ( 'NONE', *, *, #7817, .T. ) ;
#10314 = LINE ( 'NONE', #1359, #6104 ) ;
#10315 = PRODUCT_RELATED_PRODUCT_CATEGORY ( 'detail', '', ( #9123 ) ) ;
#10316 = LINE ( 'NONE', #2242, #3768 ) ;
#10317 = EDGE_LOOP ( 'NONE', ( #1476, #7165, #6963, #3616 ) ) ;
ENDSEC;
END-ISO-10303-21;
