ISO-10303-21;
HEADER;
FILE_DESCRIPTION (( 'STEP AP203' ),
    '1' );
FILE_NAME ('Mid Arm Connector V.3.STEP',
    '2026-04-01T05:02:09',
    ( '' ),
    ( '' ),
    'SwSTEP 2.0',
    'SolidWorks 2025',
    '' );
FILE_SCHEMA (( 'CONFIG_CONTROL_DESIGN' ));
ENDSEC;

DATA;
#1 = CARTESIAN_POINT ( 'NONE',  ( 20.90467461984244224, -0.3372687115186616125, 9.799433636466808650 ) ) ;
#2 = ORIENTED_EDGE ( 'NONE', *, *, #1209, .F. ) ;
#3 = ADVANCED_FACE ( 'NONE', ( #446 ), #1135, .F. ) ;
#4 = LINE ( 'NONE', #1151, #1887 ) ;
#5 = VERTEX_POINT ( 'NONE', #120 ) ;
#6 = CARTESIAN_POINT ( 'NONE',  ( 17.51543232994957577, 6.000000000000005329, 23.95614857562486222 ) ) ;
#7 = ORIENTED_EDGE ( 'NONE', *, *, #768, .T. ) ;
#8 = PLANE ( 'NONE',  #208 ) ;
#9 = CARTESIAN_POINT ( 'NONE',  ( 7.794228634059950700, -4.499999999999996447, 15.00000000000000000 ) ) ;
#10 = DIRECTION ( 'NONE',  ( 0.2515460552138203965, -0.9678453296402094175, 0.000000000000000000 ) ) ;
#11 = DIRECTION ( 'NONE',  ( -0.9618967477123847587, -0.2500000000000016098, -0.1107007079486665851 ) ) ;
#12 = VECTOR ( 'NONE', #900, 1000.000000000000114 ) ;
#13 = FACE_OUTER_BOUND ( 'NONE', #1542, .T. ) ;
#14 = ORIENTED_EDGE ( 'NONE', *, *, #152, .T. ) ;
#15 = EDGE_CURVE ( 'NONE', #1696, #925, #1284, .T. ) ;
#16 = DIRECTION ( 'NONE',  ( -0.1710100716628328577, 0.8660254037844363761, -0.4698463103929590434 ) ) ;
#17 = ORIENTED_EDGE ( 'NONE', *, *, #605, .F. ) ;
#18 = DIRECTION ( 'NONE',  ( 0.9396926207859104263, -4.336808689942017736E-17, -0.3420201433256631618 ) ) ;
#19 = ORIENTED_EDGE ( 'NONE', *, *, #1851, .T. ) ;
#20 = AXIS2_PLACEMENT_3D ( 'NONE', #1267, #431, #1090 ) ;
#21 = CARTESIAN_POINT ( 'NONE',  ( 16.20289431636430777, 13.55015103884577954, -15.88898099191862379 ) ) ;
#22 = LINE ( 'NONE', #184, #1444 ) ;
#23 = CARTESIAN_POINT ( 'NONE',  ( -20.61738505154745482, -1.449155601558537398, 8.549145791946676454 ) ) ;
#24 = DIRECTION ( 'NONE',  ( 0.6656986149863667324, -0.2500000000000019429, -0.7030969734007053162 ) ) ;
#25 = PRODUCT_RELATED_PRODUCT_CATEGORY ( 'detail', '', ( #1204 ) ) ;
#26 = DIRECTION ( 'NONE',  ( 0.000000000000000000, 0.000000000000000000, 1.000000000000000000 ) ) ;
#27 = ORIENTED_EDGE ( 'NONE', *, *, #427, .F. ) ;
#28 = LINE ( 'NONE', #343, #936 ) ;
#29 = ORIENTED_EDGE ( 'NONE', *, *, #1120, .T. ) ;
#30 = PLANE ( 'NONE',  #2032 ) ;
#31 = VERTEX_POINT ( 'NONE', #2125 ) ;
#32 = DIRECTION ( 'NONE',  ( 0.2961981327260180819, 0.5000000000000041078, 0.8137976813493733586 ) ) ;
#33 = PLANE ( 'NONE',  #406 ) ;
#34 = DIRECTION ( 'NONE',  ( 0.7261554316666070097, 7.549336830269005808E-15, 0.6875305731828103006 ) ) ;
#35 = DIRECTION ( 'NONE',  ( -0.2961981327260186925, -0.5000000000000042188, -0.8137976813493731365 ) ) ;
#36 = EDGE_LOOP ( 'NONE', ( #1678, #395, #1378, #1043, #449, #1973 ) ) ;
#37 = CARTESIAN_POINT ( 'NONE',  ( -23.26666049839541728, -1.700961894323310686, 9.999999999999998224 ) ) ;
#38 = VERTEX_POINT ( 'NONE', #1123 ) ;
#39 = PERSON_AND_ORGANIZATION_ROLE ( 'design_supplier' ) ;
#40 = CARTESIAN_POINT ( 'NONE',  ( -24.12499648273561803, 23.92857321350624389, 9.999999999999998224 ) ) ;
#41 = ORIENTED_EDGE ( 'NONE', *, *, #2083, .T. ) ;
#42 = EDGE_CURVE ( 'NONE', #135, #933, #1816, .T. ) ;
#43 = AXIS2_PLACEMENT_3D ( 'NONE', #1658, #2171, #2031 ) ;
#44 = LINE ( 'NONE', #713, #792 ) ;
#45 = CARTESIAN_POINT ( 'NONE',  ( -20.71970758113933186, -1.189125895315627179, 11.34580890632673800 ) ) ;
#46 = CARTESIAN_POINT ( 'NONE',  ( -22.51523807704076319, 13.58529661354818963, -1.503148687208226919 ) ) ;
#47 = CARTESIAN_POINT ( 'NONE',  ( 24.50842359597175957, 24.25706025102434538, 3.865185450765498132 ) ) ;
#48 = ORIENTED_EDGE ( 'NONE', *, *, #2142, .T. ) ;
#49 = CARTESIAN_POINT ( 'NONE',  ( 24.88574267879250712, 22.80529225656396264, 3.865185450765498132 ) ) ;
#50 = ADVANCED_FACE ( 'NONE', ( #2116 ), #982, .F. ) ;
#51 = FACE_OUTER_BOUND ( 'NONE', #848, .T. ) ;
#52 = VERTEX_POINT ( 'NONE', #795 ) ;
#53 = ADVANCED_FACE ( 'NONE', ( #1300 ), #787, .F. ) ;
#54 = FACE_OUTER_BOUND ( 'NONE', #869, .T. ) ;
#55 = DIRECTION ( 'NONE',  ( 0.9396926207859105373, -2.503857664561930897E-16, -0.3420201433256628287 ) ) ;
#56 = CARTESIAN_POINT ( 'NONE',  ( -24.72853458199776000, 14.32050807568857032, -7.170957110530880030 ) ) ;
#57 = LINE ( 'NONE', #571, #12 ) ;
#58 = ORIENTED_EDGE ( 'NONE', *, *, #1059, .T. ) ;
#59 = DIRECTION ( 'NONE',  ( 0.1710100716628315531, -0.8660254037844363761, 0.4698463103929595430 ) ) ;
#60 = PERSON_AND_ORGANIZATION ( #1701, #826 ) ;
#61 = ORIENTED_EDGE ( 'NONE', *, *, #528, .F. ) ;
#62 = LINE ( 'NONE', #1057, #1110 ) ;
#63 = AXIS2_PLACEMENT_3D ( 'NONE', #238, #1540, #2046 ) ;
#64 = DIRECTION ( 'NONE',  ( 0.9396926207859113145, -3.058713542153218828E-15, -0.3420201433256605528 ) ) ;
#65 = CARTESIAN_POINT ( 'NONE',  ( 18.34635182148094401, -5.999999999999997335, -10.36394591082195227 ) ) ;
#66 = CIRCLE ( 'NONE', #1456, 1.500000000000001110 ) ;
#67 = CARTESIAN_POINT ( 'NONE',  ( 14.20555543249408714, 5.999999999999984013, -1.483979398218799872 ) ) ;
#68 = VECTOR ( 'NONE', #1574, 1000.000000000000000 ) ;
#69 = ORIENTED_EDGE ( 'NONE', *, *, #927, .T. ) ;
#70 = PLANE ( 'NONE',  #1040 ) ;
#71 = CARTESIAN_POINT ( 'NONE',  ( -8.311875323215540234, -3.603409634012689100, -0.9393052007687117122 ) ) ;
#72 = VERTEX_POINT ( 'NONE', #151 ) ;
#73 = DIRECTION ( 'NONE',  ( 0.8660254037844384856, -0.5000000000000004441, -0.000000000000000000 ) ) ;
#74 = EDGE_CURVE ( 'NONE', #451, #956, #1586, .T. ) ;
#75 = LINE ( 'NONE', #2074, #2126 ) ;
#76 = FACE_OUTER_BOUND ( 'NONE', #1968, .T. ) ;
#77 = EDGE_CURVE ( 'NONE', #230, #1550, #1483, .T. ) ;
#78 = ORIENTED_EDGE ( 'NONE', *, *, #1167, .T. ) ;
#79 = CARTESIAN_POINT ( 'NONE',  ( 13.85640646055100866, -6.000000000000000000, 15.00000000000000000 ) ) ;
#80 = EDGE_LOOP ( 'NONE', ( #1085, #513, #1349, #188 ) ) ;
#81 = LINE ( 'NONE', #751, #279 ) ;
#82 = EDGE_CURVE ( 'NONE', #638, #1104, #810, .T. ) ;
#83 = CARTESIAN_POINT ( 'NONE',  ( 16.91812311679031922, 13.06105497507698310, -14.63111567036563265 ) ) ;
#84 = CARTESIAN_POINT ( 'NONE',  ( 17.88813171548449432, 20.32050807568861117, -11.62289530518731873 ) ) ;
#85 = EDGE_CURVE ( 'NONE', #2127, #1599, #712, .T. ) ;
#86 = CARTESIAN_POINT ( 'NONE',  ( 19.66703317911198567, -2.730781590717328733, 10.91621122799422317 ) ) ;
#87 = ORIENTED_EDGE ( 'NONE', *, *, #1281, .T. ) ;
#88 = APPROVAL_DATE_TIME ( #1591, #771 ) ;
#89 = VERTEX_POINT ( 'NONE', #1347 ) ;
#90 = PRODUCT_DEFINITION ( 'UNKNOWN', '', #733, #1892 ) ;
#91 = LINE ( 'NONE', #926, #1115 ) ;
#92 = CARTESIAN_POINT ( 'NONE',  ( -11.07346824603024515, 1.179809618125004622, 12.25448971700034839 ) ) ;
#93 = AXIS2_PLACEMENT_3D ( 'NONE', #1326, #189, #1022 ) ;
#94 = DIRECTION ( 'NONE',  ( 0.000000000000000000, 0.4768709627114791627, 0.8789733129752159702 ) ) ;
#95 = AXIS2_PLACEMENT_3D ( 'NONE', #325, #149, #1492 ) ;
#96 = CC_DESIGN_APPROVAL ( #771, ( #1846 ) ) ;
#97 = DIRECTION ( 'NONE',  ( 0.9396926207859104263, -4.336808689942017736E-17, -0.3420201433256631618 ) ) ;
#98 = VERTEX_POINT ( 'NONE', #853 ) ;
#99 = SHAPE_DEFINITION_REPRESENTATION ( #1710, #1596 ) ;
#100 = ORIENTED_EDGE ( 'NONE', *, *, #1793, .T. ) ;
#101 = LINE ( 'NONE', #111, #1229 ) ;
#102 = DIRECTION ( 'NONE',  ( -0.8660254037844310471, -0.5000000000000132117, -0.000000000000000000 ) ) ;
#103 = ADVANCED_FACE ( 'NONE', ( #1838 ), #353, .T. ) ;
#104 = DIRECTION ( 'NONE',  ( -0.1930750503483301406, 0.3344157968772271672, 0.9224359596914892823 ) ) ;
#105 = EDGE_CURVE ( 'NONE', #1223, #1942, #1469, .T. ) ;
#106 =( BOUNDED_CURVE ( )  B_SPLINE_CURVE ( 3, ( #613, #1100, #1109, #951 ),
 .UNSPECIFIED., .F., .T. ) 
 B_SPLINE_CURVE_WITH_KNOTS ( ( 4, 4 ),
 ( 0.3053495546387425263, 3.446942208228534366 ),
 .UNSPECIFIED. ) 
 CURVE ( )  GEOMETRIC_REPRESENTATION_ITEM ( )  RATIONAL_B_SPLINE_CURVE ( ( 1.000000000000000000, 0.3333333333333338144, 0.3333333333333338144, 1.000000000000000000 ) ) 
 REPRESENTATION_ITEM ( '' )  );
#107 = CARTESIAN_POINT ( 'NONE',  ( 13.72050807568876785, 2.071797594602757948E-15, 15.00000000000000000 ) ) ;
#108 = CARTESIAN_POINT ( 'NONE',  ( -22.38776588084341057, 13.42708658562324153, -0.7417454751844791971 ) ) ;
#109 = DIRECTION ( 'NONE',  ( 0.000000000000000000, 0.000000000000000000, 1.000000000000000000 ) ) ;
#110 = EDGE_LOOP ( 'NONE', ( #1056, #812, #1562, #1011, #1141 ) ) ;
#111 = CARTESIAN_POINT ( 'NONE',  ( -17.31748054058350661, 6.000000000000011546, 11.33809060579895522 ) ) ;
#112 = MANIFOLD_SOLID_BREP ( 'Cut-Extrude16', #1871 ) ;
#113 = ADVANCED_FACE ( 'NONE', ( #2019, #1828 ), #338, .F. ) ;
#114 = ORIENTED_EDGE ( 'NONE', *, *, #959, .F. ) ;
#115 = VECTOR ( 'NONE', #2096, 1000.000000000000114 ) ;
#116 = CARTESIAN_POINT ( 'NONE',  ( -22.05694312406384228, 11.20996015727670425, -0.3075097438852780196 ) ) ;
#117 = ADVANCED_FACE ( 'NONE', ( #828 ), #1670, .F. ) ;
#118 = CARTESIAN_POINT ( 'NONE',  ( -21.52847750280170658, 11.26337929297514151, -2.595231484113578624 ) ) ;
#119 = DIRECTION ( 'NONE',  ( -0.4932921833250089594, -0.8544071244954964950, -0.1632522204497778573 ) ) ;
#120 = CARTESIAN_POINT ( 'NONE',  ( -19.40467461984263409, -2.935344922872030526, 9.999999999999998224 ) ) ;
#121 = VECTOR ( 'NONE', #1157, 999.9999999999998863 ) ;
#122 = ORIENTED_EDGE ( 'NONE', *, *, #1615, .T. ) ;
#123 = LINE ( 'NONE', #2101, #1500 ) ;
#124 = ORIENTED_EDGE ( 'NONE', *, *, #1240, .T. ) ;
#125 = EDGE_CURVE ( 'NONE', #1581, #1663, #667, .T. ) ;
#126 = LINE ( 'NONE', #793, #1810 ) ;
#127 = CARTESIAN_POINT ( 'NONE',  ( 16.78037657936502924, 11.22619057621208150, -14.47162282764643493 ) ) ;
#128 = ORIENTED_EDGE ( 'NONE', *, *, #437, .F. ) ;
#129 = CARTESIAN_POINT ( 'NONE',  ( 20.33470141252644225, -1.970809041900958514, 8.510067894005386435 ) ) ;
#130 = EDGE_CURVE ( 'NONE', #822, #744, #1682, .T. ) ;
#131 = ORIENTED_EDGE ( 'NONE', *, *, #218, .T. ) ;
#132 = EDGE_CURVE ( 'NONE', #265, #1175, #1853, .T. ) ;
#133 = DIRECTION ( 'NONE',  ( 1.000000000000000000, 1.752700365193356903E-15, 0.000000000000000000 ) ) ;
#134 = AXIS2_PLACEMENT_3D ( 'NONE', #1464, #1477, #133 ) ;
#135 = VERTEX_POINT ( 'NONE', #877 ) ;
#136 = ORIENTED_EDGE ( 'NONE', *, *, #1625, .F. ) ;
#137 = AXIS2_PLACEMENT_3D ( 'NONE', #882, #216, #2057 ) ;
#138 = CARTESIAN_POINT ( 'NONE',  ( 7.794228634059950700, -4.499999999999998224, 15.00000000000000000 ) ) ;
#139 = CARTESIAN_POINT ( 'NONE',  ( -22.21120412020351154, 12.89557417568785525, -0.1823207865584494658 ) ) ;
#140 = ORIENTED_EDGE ( 'NONE', *, *, #437, .T. ) ;
#141 = EDGE_CURVE ( 'NONE', #1685, #2120, #991, .T. ) ;
#142 = DIRECTION ( 'NONE',  ( 0.8660254037844384856, -0.5000000000000004441, -0.000000000000000000 ) ) ;
#143 = VECTOR ( 'NONE', #34, 1000.000000000000000 ) ;
#144 = FACE_OUTER_BOUND ( 'NONE', #80, .T. ) ;
#145 = ORIENTED_EDGE ( 'NONE', *, *, #1605, .F. ) ;
#146 = DIRECTION ( 'NONE',  ( 0.9396926207859105373, -8.456776945386935571E-16, -0.3420201433256626067 ) ) ;
#147 = EDGE_CURVE ( 'NONE', #1628, #1095, #1759, .T. ) ;
#148 = ORIENTED_EDGE ( 'NONE', *, *, #384, .T. ) ;
#149 = DIRECTION ( 'NONE',  ( 0.8660254037844397068, 0.4999999999999982236, -0.000000000000000000 ) ) ;
#150 = CARTESIAN_POINT ( 'NONE',  ( 10.95771312774301265, 0.9793158720153694041, -4.688177792274145439 ) ) ;
#151 = CARTESIAN_POINT ( 'NONE',  ( -9.357354617797517093, 5.490381056766343804, -18.39960951782074972 ) ) ;
#152 = EDGE_CURVE ( 'NONE', #883, #799, #197, .T. ) ;
#153 = CARTESIAN_POINT ( 'NONE',  ( -20.90026463722458416, 0.3812387180511060958, 0.000000000000000000 ) ) ;
#154 = LINE ( 'NONE', #308, #1358 ) ;
#155 = DIRECTION ( 'NONE',  ( -0.000000000000000000, -0.000000000000000000, -1.000000000000000000 ) ) ;
#156 = CC_DESIGN_PERSON_AND_ORGANIZATION_ASSIGNMENT ( #1921, #1225, ( #90 ) ) ;
#157 = EDGE_LOOP ( 'NONE', ( #986, #1602, #41, #1296 ) ) ;
#158 = CARTESIAN_POINT ( 'NONE',  ( -18.77737999290786419, 6.000000000000009770, 6.650690319970163245 ) ) ;
#159 = ORIENTED_EDGE ( 'NONE', *, *, #651, .T. ) ;
#160 = PLANE ( 'NONE',  #1778 ) ;
#161 = CARTESIAN_POINT ( 'NONE',  ( -20.22454614615957880, -2.129803260115489927, 11.45113842485847400 ) ) ;
#162 = CARTESIAN_POINT ( 'NONE',  ( -20.81400660690931304, -0.8721694854077702841, 8.870139693175818962 ) ) ;
#163 = CARTESIAN_POINT ( 'NONE',  ( -33.60310807056321636, -1.437822173509140322, -5.318165863753542055 ) ) ;
#164 = CARTESIAN_POINT ( 'NONE',  ( 20.81416832621236424, -0.8715070546383476557, 8.870731197006865187 ) ) ;
#165 = LOCAL_TIME ( 23, 2, 9.000000000000000000, #1910 ) ;
#166 = FACE_OUTER_BOUND ( 'NONE', #508, .T. ) ;
#167 = VERTEX_POINT ( 'NONE', #851 ) ;
#168 = CARTESIAN_POINT ( 'NONE',  ( 14.36227673778589420, 6.000000000000003553, -5.213054847252873714 ) ) ;
#169 = VERTEX_POINT ( 'NONE', #1017 ) ;
#170 =( BOUNDED_CURVE ( )  B_SPLINE_CURVE ( 3, ( #459, #646, #1640, #1325 ),
 .UNSPECIFIED., .F., .T. ) 
 B_SPLINE_CURVE_WITH_KNOTS ( ( 4, 4 ),
 ( 5.977835752540833880, 7.084345130897519383 ),
 .UNSPECIFIED. ) 
 CURVE ( )  GEOMETRIC_REPRESENTATION_ITEM ( )  RATIONAL_B_SPLINE_CURVE ( ( 1.000000000000000000, 0.9005458834682931180, 0.9005458834682931180, 1.000000000000000000 ) ) 
 REPRESENTATION_ITEM ( '' )  );
#171 = AXIS2_PLACEMENT_3D ( 'NONE', #1189, #2153, #687 ) ;
#172 = CARTESIAN_POINT ( 'NONE',  ( 14.90296876990365682, 12.33747250733009615, -16.41251953068784886 ) ) ;
#173 = CARTESIAN_POINT ( 'NONE',  ( -19.66462976610465319, -2.735975229497812133, 10.92395960841731828 ) ) ;
#174 = VECTOR ( 'NONE', #307, 1000.000000000000000 ) ;
#175 = CARTESIAN_POINT ( 'NONE',  ( -19.57205763128699871, -2.810222206291030922, 9.239442284288566398 ) ) ;
#176 = CARTESIAN_POINT ( 'NONE',  ( -24.61248518820428188, 11.49038105676639887, -1.787936249065934069 ) ) ;
#177 = ADVANCED_FACE ( 'NONE', ( #1522 ), #866, .T. ) ;
#178 = CARTESIAN_POINT ( 'NONE',  ( 20.79481191921343708, -0.9466372013293171683, 8.809213082914558512 ) ) ;
#179 = ORIENTED_EDGE ( 'NONE', *, *, #1543, .F. ) ;
#180 = CARTESIAN_POINT ( 'NONE',  ( 4.803798859943855248, -21.67957630523617496, 4.198724054664062066 ) ) ;
#181 = ORIENTED_EDGE ( 'NONE', *, *, #317, .F. ) ;
#182 = ORIENTED_EDGE ( 'NONE', *, *, #42, .T. ) ;
#183 = DIRECTION ( 'NONE',  ( -0.6656986149863666213, 0.2500000000000019984, 0.7030969734007054273 ) ) ;
#184 = CARTESIAN_POINT ( 'NONE',  ( -16.80392141008364604, -0.8947543513407475446, 12.53222284407134168 ) ) ;
#185 = DIRECTION ( 'NONE',  ( 0.9396926207859104263, -4.336808689942017736E-17, -0.3420201433256631618 ) ) ;
#186 = CARTESIAN_POINT ( 'NONE',  ( 14.44605778258001827, 6.000000000000003553, -13.27484086764656546 ) ) ;
#187 = DIRECTION ( 'NONE',  ( 0.2515460552138201189, -0.9678453296402094175, 0.000000000000000000 ) ) ;
#188 = ORIENTED_EDGE ( 'NONE', *, *, #384, .F. ) ;
#189 = DIRECTION ( 'NONE',  ( 0.2961981327260194696, 0.5000000000000042188, 0.8137976813493728034 ) ) ;
#190 = ORIENTED_EDGE ( 'NONE', *, *, #473, .T. ) ;
#191 = APPROVAL_ROLE ( '' ) ;
#192 = CARTESIAN_POINT ( 'NONE',  ( 17.32050807568876749, 2.071797594602757948E-15, 0.000000000000000000 ) ) ;
#193 = VERTEX_POINT ( 'NONE', #46 ) ;
#194 = VECTOR ( 'NONE', #887, 1000.000000000000000 ) ;
#195 = DIRECTION ( 'NONE',  ( 0.2515460552138207295, -0.9678453296402093065, 0.000000000000000000 ) ) ;
#196 = CARTESIAN_POINT ( 'NONE',  ( -9.357354617797518870, 5.490381056766352685, -18.39960951782076393 ) ) ;
#197 = LINE ( 'NONE', #1346, #979 ) ;
#198 = CARTESIAN_POINT ( 'NONE',  ( 17.32050807568876749, 2.071797594602757948E-15, 15.00000000000000000 ) ) ;
#199 = ORIENTED_EDGE ( 'NONE', *, *, #843, .F. ) ;
#200 = FACE_OUTER_BOUND ( 'NONE', #1271, .T. ) ;
#201 = EDGE_CURVE ( 'NONE', #1942, #1223, #1195, .T. ) ;
#202 = EDGE_CURVE ( 'NONE', #2070, #1234, #827, .T. ) ;
#203 = ORIENTED_EDGE ( 'NONE', *, *, #545, .T. ) ;
#204 = PERSON_AND_ORGANIZATION ( #1701, #826 ) ;
#205 = VECTOR ( 'NONE', #1668, 1000.000000000000114 ) ;
#206 = CARTESIAN_POINT ( 'NONE',  ( 1.237966655608570887, -60.20874128731085051, 43.91470761213034280 ) ) ;
#207 = ORIENTED_EDGE ( 'NONE', *, *, #1240, .F. ) ;
#208 = AXIS2_PLACEMENT_3D ( 'NONE', #1037, #183, #1707 ) ;
#209 = LOCAL_TIME ( 23, 2, 9.000000000000000000, #608 ) ;
#210 = DIRECTION ( 'NONE',  ( -0.000000000000000000, -0.000000000000000000, -1.000000000000000000 ) ) ;
#211 = CARTESIAN_POINT ( 'NONE',  ( -20.78460969082652454, -5.999999999999987566, 15.00000000000000000 ) ) ;
#212 = FACE_BOUND ( 'NONE', #1119, .T. ) ;
#213 = CARTESIAN_POINT ( 'NONE',  ( -17.32050807568878170, -1.209484614510983555E-13, 0.000000000000000000 ) ) ;
#214 = ORIENTED_EDGE ( 'NONE', *, *, #201, .T. ) ;
#215 = CARTESIAN_POINT ( 'NONE',  ( -26.20653651103914328, 17.32050807568858630, -1.103378491530582206 ) ) ;
#216 = DIRECTION ( 'NONE',  ( 0.1710100716628328577, -0.8660254037844362651, 0.4698463103929590434 ) ) ;
#217 = ORIENTED_EDGE ( 'NONE', *, *, #1239, .F. ) ;
#218 = EDGE_CURVE ( 'NONE', #1008, #5, #288, .T. ) ;
#219 = CARTESIAN_POINT ( 'NONE',  ( -35.19131035929813578, -0.2237205583713884893, -9.685463266998457499 ) ) ;
#220 = LINE ( 'NONE', #772, #194 ) ;
#221 = CARTESIAN_POINT ( 'NONE',  ( -10.39097858965463850, 1.724836600143576426, -21.23946804070525474 ) ) ;
#222 = UNCERTAINTY_MEASURE_WITH_UNIT (LENGTH_MEASURE( 1.000000000000000082E-05 ), #549, 'distance_accuracy_value', 'NONE');
#223 = CARTESIAN_POINT ( 'NONE',  ( 5.175995486233629705, -15.00000000000020073, -11.09995814075380061 ) ) ;
#224 = ORIENTED_EDGE ( 'NONE', *, *, #15, .T. ) ;
#225 = VECTOR ( 'NONE', #1755, 1000.000000000000114 ) ;
#226 = DIRECTION ( 'NONE',  ( -3.505400730386713018E-15, -1.000000000000000000, 0.000000000000000000 ) ) ;
#227 = PERSON_AND_ORGANIZATION ( #1701, #826 ) ;
#228 = ORIENTED_EDGE ( 'NONE', *, *, #852, .T. ) ;
#229 = CARTESIAN_POINT ( 'NONE',  ( -20.78460969082652454, -5.999999999999987566, 15.00000000000000000 ) ) ;
#230 = VERTEX_POINT ( 'NONE', #516 ) ;
#231 = ADVANCED_FACE ( 'NONE', ( #691 ), #1182, .F. ) ;
#232 = DIRECTION ( 'NONE',  ( 0.000000000000000000, 0.000000000000000000, 1.000000000000000000 ) ) ;
#233 = LINE ( 'NONE', #919, #1964 ) ;
#234 = FACE_OUTER_BOUND ( 'NONE', #769, .T. ) ;
#235 = EDGE_CURVE ( 'NONE', #1104, #638, #2039, .T. ) ;
#236 = ORIENTED_EDGE ( 'NONE', *, *, #633, .T. ) ;
#237 = CARTESIAN_POINT ( 'NONE',  ( -12.99038105676659960, -7.499999999999970690, 15.00000000000000000 ) ) ;
#238 = CARTESIAN_POINT ( 'NONE',  ( -20.78460969082651388, 6.000000000000023981, 15.00000000000000000 ) ) ;
#239 = VERTEX_POINT ( 'NONE', #1709 ) ;
#240 = LINE ( 'NONE', #697, #1010 ) ;
#241 = AXIS2_PLACEMENT_3D ( 'NONE', #1904, #2061, #195 ) ;
#242 = DIRECTION ( 'NONE',  ( -0.000000000000000000, -0.000000000000000000, -1.000000000000000000 ) ) ;
#243 = ORIENTED_EDGE ( 'NONE', *, *, #1996, .T. ) ;
#244 = FACE_OUTER_BOUND ( 'NONE', #782, .T. ) ;
#245 = VECTOR ( 'NONE', #320, 999.9999999999998863 ) ;
#246 = DIRECTION ( 'NONE',  ( -0.000000000000000000, -0.000000000000000000, -1.000000000000000000 ) ) ;
#247 = ADVANCED_FACE ( 'NONE', ( #212, #1546 ), #1323, .F. ) ;
#248 = VERTEX_POINT ( 'NONE', #56 ) ;
#249 = CARTESIAN_POINT ( 'NONE',  ( -3.794412866145048024, -64.87778965680105614, 37.14030745952494073 ) ) ;
#250 = EDGE_LOOP ( 'NONE', ( #1883, #1513, #1768, #17, #660 ) ) ;
#251 = DIRECTION ( 'NONE',  ( 0.7261554316666037900, -2.545465780538391548E-15, 0.6875305731828137423 ) ) ;
#252 = CIRCLE ( 'NONE', #1230, 2.249999999999999112 ) ;
#253 = DIRECTION ( 'NONE',  ( 1.000000000000000000, 0.000000000000000000, 0.000000000000000000 ) ) ;
#254 = VECTOR ( 'NONE', #1333, 1000.000000000000227 ) ;
#255 = DIRECTION ( 'NONE',  ( 0.2515460552138201189, -0.9678453296402094175, 0.000000000000000000 ) ) ;
#256 = DIRECTION ( 'NONE',  ( -1.000000000000000000, 0.000000000000000000, 0.000000000000000000 ) ) ;
#257 = ORIENTED_EDGE ( 'NONE', *, *, #1897, .F. ) ;
#258 = VECTOR ( 'NONE', #878, 1000.000000000000114 ) ;
#259 = ORIENTED_EDGE ( 'NONE', *, *, #1251, .T. ) ;
#260 = DIRECTION ( 'NONE',  ( -0.000000000000000000, -0.000000000000000000, -1.000000000000000000 ) ) ;
#261 = DIRECTION ( 'NONE',  ( 0.4999999999999990008, 0.8660254037844391517, 0.000000000000000000 ) ) ;
#262 = CARTESIAN_POINT ( 'NONE',  ( -10.43373110757034716, -0.2237205583714116930, -21.35692961830350001 ) ) ;
#263 = CYLINDRICAL_SURFACE ( 'NONE', #1888, 2.250000000000001776 ) ;
#264 = VERTEX_POINT ( 'NONE', #262 ) ;
#265 = VERTEX_POINT ( 'NONE', #1218 ) ;
#266 = CARTESIAN_POINT ( 'NONE',  ( -3.794412866145048469, -63.20874128731087893, 40.21671405493819407 ) ) ;
#267 = ADVANCED_FACE ( 'NONE', ( #1588 ), #1754, .F. ) ;
#268 = CARTESIAN_POINT ( 'NONE',  ( 39.03284375877623091, 6.000000000000039968, 22.02272320175660525 ) ) ;
#269 = VECTOR ( 'NONE', #574, 1000.000000000000114 ) ;
#270 = LINE ( 'NONE', #1772, #1401 ) ;
#271 = FACE_OUTER_BOUND ( 'NONE', #1531, .T. ) ;
#272 = DIRECTION ( 'NONE',  ( 0.000000000000000000, -0.4768709627114786076, -0.8789733129752163032 ) ) ;
#273 = CARTESIAN_POINT ( 'NONE',  ( -17.32050807568878170, -1.209484614510983555E-13, 15.00000000000000000 ) ) ;
#274 = EDGE_CURVE ( 'NONE', #1033, #1779, #233, .T. ) ;
#275 = CIRCLE ( 'NONE', #566, 1.250000000000005107 ) ;
#276 = VERTEX_POINT ( 'NONE', #1905 ) ;
#277 = DIRECTION ( 'NONE',  ( 0.000000000000000000, 0.4768709627114791627, 0.8789733129752159702 ) ) ;
#278 = EDGE_LOOP ( 'NONE', ( #366, #1738, #1976, #1664 ) ) ;
#279 = VECTOR ( 'NONE', #1769, 999.9999999999998863 ) ;
#280 = DIRECTION ( 'NONE',  ( -0.8660254037844310471, -0.5000000000000132117, -0.000000000000000000 ) ) ;
#281 = VECTOR ( 'NONE', #119, 1000.000000000000000 ) ;
#282 = EDGE_CURVE ( 'NONE', #499, #486, #929, .T. ) ;
#283 = CARTESIAN_POINT ( 'NONE',  ( 19.87762531589684656, -2.535358448285701005, 11.19094076623628276 ) ) ;
#284 = CARTESIAN_POINT ( 'NONE',  ( 0.2748033893468552202, 9.820508075688527683, -24.56587275535989434 ) ) ;
#285 = ORIENTED_EDGE ( 'NONE', *, *, #2059, .T. ) ;
#286 = EDGE_LOOP ( 'NONE', ( #1386, #1127, #525, #1516 ) ) ;
#287 = LINE ( 'NONE', #1417, #2071 ) ;
#288 = B_SPLINE_CURVE_WITH_KNOTS ( 'NONE', 3,
 ( #1158, #666, #1332, #2004, #491, #2042, #1681, #162, #544, #504, #1494, #1837, #23, #1509, #1003, #327, #1207, #1170, #374, #1881, #1995, #1669, #175, #1852, #2018, #1356 ),
 .UNSPECIFIED., .F., .F.,
 ( 4, 2, 2, 2, 2, 2, 2, 2, 2, 2, 2, 2, 4 ),
 ( 0.004744155909255635961, 0.005040429008368306832, 0.005336702107480978570, 0.005929248305706315975, 0.006225521404818985978, 0.006521794503931655981, 0.006818067603044325985, 0.007114340702156995988, 0.007706886900382329056, 0.008003159999494999927, 0.008299433098607670797, 0.008891979296833010804, 0.009484525495058352546 ),
 .UNSPECIFIED. ) ;
#289 = ORIENTED_EDGE ( 'NONE', *, *, #455, .T. ) ;
#290 = VECTOR ( 'NONE', #1711, 1000.000000000000114 ) ;
#291 = EDGE_CURVE ( 'NONE', #368, #1696, #1370, .T. ) ;
#292 = LINE ( 'NONE', #138, #1455 ) ;
#293 = CARTESIAN_POINT ( 'NONE',  ( 17.02390751448878703, 12.15521640234188361, -14.28916841390894454 ) ) ;
#294 = ORIENTED_EDGE ( 'NONE', *, *, #760, .T. ) ;
#295 = VECTOR ( 'NONE', #482, 1000.000000000000000 ) ;
#296 = DIRECTION ( 'NONE',  ( -0.7261554316666057884, 0.000000000000000000, -0.6875305731828114109 ) ) ;
#297 = ORIENTED_EDGE ( 'NONE', *, *, #105, .F. ) ;
#298 = DIRECTION ( 'NONE',  ( 0.8660254037844383745, -0.5000000000000004441, -0.000000000000000000 ) ) ;
#299 = ORIENTED_EDGE ( 'NONE', *, *, #1729, .T. ) ;
#300 = VERTEX_POINT ( 'NONE', #65 ) ;
#301 = ADVANCED_FACE ( 'NONE', ( #1092, #1419 ), #1719, .F. ) ;
#302 = CARTESIAN_POINT ( 'NONE',  ( -21.63997927881612071, 11.85793384305755183, -2.927517424769094490 ) ) ;
#303 =( BOUNDED_CURVE ( )  B_SPLINE_CURVE ( 3, ( #2090, #1780, #1612, #1096 ),
 .UNSPECIFIED., .F., .T. ) 
 B_SPLINE_CURVE_WITH_KNOTS ( ( 4, 4 ),
 ( 2.379961786874408514, 3.123508564933173304 ),
 .UNSPECIFIED. ) 
 CURVE ( )  GEOMETRIC_REPRESENTATION_ITEM ( )  RATIONAL_B_SPLINE_CURVE ( ( 1.000000000000000000, 0.9544563967069867871, 0.9544563967069867871, 1.000000000000000000 ) ) 
 REPRESENTATION_ITEM ( '' )  );
#304 = CARTESIAN_POINT ( 'NONE',  ( 14.91621815430665343, 11.20029847846307902, -15.87956906157066150 ) ) ;
#305 = ORIENTED_EDGE ( 'NONE', *, *, #306, .T. ) ;
#306 = EDGE_CURVE ( 'NONE', #612, #1811, #452, .T. ) ;
#307 = DIRECTION ( 'NONE',  ( -0.000000000000000000, -0.000000000000000000, -1.000000000000000000 ) ) ;
#308 = CARTESIAN_POINT ( 'NONE',  ( -35.23526729324025553, -2.172277716886396259, -9.802486473013404478 ) ) ;
#309 = VERTEX_POINT ( 'NONE', #221 ) ;
#310 = DIRECTION ( 'NONE',  ( 0.000000000000000000, 0.000000000000000000, 1.000000000000000000 ) ) ;
#311 = ORIENTED_EDGE ( 'NONE', *, *, #1131, .T. ) ;
#312 = ADVANCED_FACE ( 'NONE', ( #244 ), #2085, .F. ) ;
#313 = CARTESIAN_POINT ( 'NONE',  ( -22.51623441577284623, 13.53528188498789220, -1.896676323239701478 ) ) ;
#314 = CARTESIAN_POINT ( 'NONE',  ( 15.97277417432646907, 10.65550152067230982, -15.07412101945694438 ) ) ;
#315 = ORIENTED_EDGE ( 'NONE', *, *, #1818, .F. ) ;
#316 = APPLICATION_CONTEXT ( 'configuration controlled 3d designs of mechanical parts and assemblies' ) ;
#317 = EDGE_CURVE ( 'NONE', #1599, #31, #1916, .T. ) ;
#318 = AXIS2_PLACEMENT_3D ( 'NONE', #1534, #185, #531 ) ;
#319 = DIRECTION ( 'NONE',  ( 1.000000000000000000, 0.000000000000000000, -0.000000000000000000 ) ) ;
#320 = DIRECTION ( 'NONE',  ( 0.4069074766909929752, 0.7047844236084664926, -0.5811241017647182927 ) ) ;
#321 = VERTEX_POINT ( 'NONE', #747 ) ;
#322 = FACE_BOUND ( 'NONE', #832, .T. ) ;
#323 = ORIENTED_EDGE ( 'NONE', *, *, #1537, .F. ) ;
#324 = EDGE_CURVE ( 'NONE', #264, #389, #1293, .T. ) ;
#325 = CARTESIAN_POINT ( 'NONE',  ( -20.78460969082652454, -5.999999999999987566, 15.00000000000000000 ) ) ;
#326 = CARTESIAN_POINT ( 'NONE',  ( -11.43074154687964672, 1.990381056766322487, -24.09619328726637733 ) ) ;
#327 = CARTESIAN_POINT ( 'NONE',  ( -20.33942865637951769, -1.971099863151112741, 8.499971568492567187 ) ) ;
#328 = DIRECTION ( 'NONE',  ( -0.7261554316666058995, 0.000000000000000000, -0.6875305731828114109 ) ) ;
#329 = CARTESIAN_POINT ( 'NONE',  ( -13.72050807568878028, -1.205075886034053241E-13, 15.00000000000000000 ) ) ;
#330 = CARTESIAN_POINT ( 'NONE',  ( -7.989274044494863780, -1.437822173509115231, -14.64083903467708403 ) ) ;
#331 = ORIENTED_EDGE ( 'NONE', *, *, #1537, .T. ) ;
#332 = CARTESIAN_POINT ( 'NONE',  ( -22.51666049839541017, -2.999999999999964473, 9.999999999999998224 ) ) ;
#333 = ORIENTED_EDGE ( 'NONE', *, *, #2109, .F. ) ;
#334 = EDGE_CURVE ( 'NONE', #321, #750, #2073, .T. ) ;
#335 = CARTESIAN_POINT ( 'NONE',  ( -22.29512256980813234, 13.10956881273467545, -2.636069976741032495 ) ) ;
#336 = CARTESIAN_POINT ( 'NONE',  ( -7.989274044494863780, -1.437822173509140544, -14.64083903467708581 ) ) ;
#337 = CARTESIAN_POINT ( 'NONE',  ( -7.478379382672192932, -5.047066950936187624, 13.19568208479837601 ) ) ;
#338 = PLANE ( 'NONE',  #1371 ) ;
#339 = DIRECTION ( 'NONE',  ( 0.6656986149863673985, -0.2500000000000014433, -0.7030969734007049832 ) ) ;
#340 = EDGE_CURVE ( 'NONE', #239, #883, #1928, .T. ) ;
#341 = ORIENTED_EDGE ( 'NONE', *, *, #453, .T. ) ;
#342 = LOCAL_TIME ( 23, 2, 9.000000000000000000, #730 ) ;
#343 = CARTESIAN_POINT ( 'NONE',  ( -13.85640646055101932, 5.999999999999999112, 15.00000000000000000 ) ) ;
#344 = ORIENTED_EDGE ( 'NONE', *, *, #125, .F. ) ;
#345 = DIRECTION ( 'NONE',  ( 0.2961981327260180819, 0.5000000000000041078, 0.8137976813493733586 ) ) ;
#346 = ORIENTED_EDGE ( 'NONE', *, *, #1620, .F. ) ;
#347 = AXIS2_PLACEMENT_3D ( 'NONE', #332, #1328, #475 ) ;
#348 = VECTOR ( 'NONE', #1900, 1000.000000000000000 ) ;
#349 = CARTESIAN_POINT ( 'NONE',  ( 16.38295154722559843, 13.56266928298545693, -15.65214822686024654 ) ) ;
#350 = FACE_OUTER_BOUND ( 'NONE', #523, .T. ) ;
#351 = CARTESIAN_POINT ( 'NONE',  ( -35.61883553845522243, -0.2237205583713886559, -10.86007904298085158 ) ) ;
#352 = AXIS2_PLACEMENT_3D ( 'NONE', #1254, #910, #888 ) ;
#353 = PLANE ( 'NONE',  #1089 ) ;
#354 = DIRECTION ( 'NONE',  ( 0.2140760823084247588, 0.7798900054375238478, 0.5881692021877170662 ) ) ;
#355 = ORIENTED_EDGE ( 'NONE', *, *, #1506, .T. ) ;
#356 = LINE ( 'NONE', #647, #1287 ) ;
#357 = EDGE_LOOP ( 'NONE', ( #1442, #932, #948, #791, #593, #670 ) ) ;
#358 = CARTESIAN_POINT ( 'NONE',  ( -7.794228634059950700, -4.499999999999995559, 15.00000000000000000 ) ) ;
#359 = EDGE_LOOP ( 'NONE', ( #551, #890, #460, #333 ) ) ;
#360 = AXIS2_PLACEMENT_3D ( 'NONE', #1969, #142, #817 ) ;
#361 = LINE ( 'NONE', #849, #939 ) ;
#362 = CARTESIAN_POINT ( 'NONE',  ( -20.87829746751043203, -0.5527049851751734133, 10.75424539804529900 ) ) ;
#363 = DIRECTION ( 'NONE',  ( 0.000000000000000000, 0.000000000000000000, 1.000000000000000000 ) ) ;
#364 = ADVANCED_FACE ( 'NONE', ( #2063, #1565, #569 ), #1232, .T. ) ;
#365 = CARTESIAN_POINT ( 'NONE',  ( 20.90467461984246000, -0.3372687115186695506, 9.999999999999998224 ) ) ;
#366 = ORIENTED_EDGE ( 'NONE', *, *, #1785, .F. ) ;
#367 = CARTESIAN_POINT ( 'NONE',  ( -7.794228634059950700, -4.499999999999995559, 15.00000000000000000 ) ) ;
#368 = VERTEX_POINT ( 'NONE', #1731 ) ;
#369 = CALENDAR_DATE ( 2026, 31, 3 ) ;
#370 = CARTESIAN_POINT ( 'NONE',  ( -23.59713113108960059, 1.128569968087565600, 7.124593314818924661 ) ) ;
#371 = ORIENTED_EDGE ( 'NONE', *, *, #1629, .T. ) ;
#372 = CARTESIAN_POINT ( 'NONE',  ( 16.72849305047027357, 13.41826563727352273, -15.06764710387914619 ) ) ;
#373 = CARTESIAN_POINT ( 'NONE',  ( -20.38817542960303797, -1.886599943739741603, 11.49994679372111150 ) ) ;
#374 = CARTESIAN_POINT ( 'NONE',  ( -19.99177128884513621, -2.414800619949613925, 8.700583300089425265 ) ) ;
#375 = ADVANCED_FACE ( 'NONE', ( #899 ), #581, .F. ) ;
#376 = CYLINDRICAL_SURFACE ( 'NONE', #957, 3.600000000000002309 ) ;
#377 = VERTEX_POINT ( 'NONE', #1268 ) ;
#378 = ADVANCED_FACE ( 'NONE', ( #1946 ), #1963, .F. ) ;
#379 = DIRECTION ( 'NONE',  ( 0.000000000000000000, 1.000000000000000000, 0.000000000000000000 ) ) ;
#380 = VECTOR ( 'NONE', #1384, 1000.000000000000000 ) ;
#381 = DIRECTION ( 'NONE',  ( 1.000000000000000000, 0.000000000000000000, 0.000000000000000000 ) ) ;
#382 = ORIENTED_EDGE ( 'NONE', *, *, #282, .F. ) ;
#383 =( GEOMETRIC_REPRESENTATION_CONTEXT ( 3 ) GLOBAL_UNCERTAINTY_ASSIGNED_CONTEXT ( ( #222 ) ) GLOBAL_UNIT_ASSIGNED_CONTEXT ( ( #549, #1561, #392 ) ) REPRESENTATION_CONTEXT ( 'NONE', 'WORKASPACE' ) );
#384 = EDGE_CURVE ( 'NONE', #1599, #576, #106, .T. ) ;
#385 = DIRECTION ( 'NONE',  ( -0.1710100716628328577, 0.8660254037844363761, -0.4698463103929590434 ) ) ;
#386 = LINE ( 'NONE', #1106, #2014 ) ;
#387 = CARTESIAN_POINT ( 'NONE',  ( 17.32050807568876749, 2.071797594602757948E-15, 15.00000000000000000 ) ) ;
#388 = LINE ( 'NONE', #1893, #1202 ) ;
#389 = VERTEX_POINT ( 'NONE', #454 ) ;
#390 = EDGE_CURVE ( 'NONE', #230, #842, #270, .T. ) ;
#391 = DIRECTION ( 'NONE',  ( 0.000000000000000000, 0.7604071531947609319, 0.6494466578328349504 ) ) ;
#392 =( NAMED_UNIT ( * ) SI_UNIT ( $, .STERADIAN. ) SOLID_ANGLE_UNIT ( ) );
#393 = ORIENTED_EDGE ( 'NONE', *, *, #778, .T. ) ;
#394 = DIRECTION ( 'NONE',  ( -0.2961981327260183594, -0.5000000000000041078, -0.8137976813493732475 ) ) ;
#395 = ORIENTED_EDGE ( 'NONE', *, *, #843, .T. ) ;
#396 = EDGE_CURVE ( 'NONE', #1606, #1094, #1142, .T. ) ;
#397 = CARTESIAN_POINT ( 'NONE',  ( -10.68566879421218729, 5.999999999999981348, -1.313146461724419067 ) ) ;
#398 = CARTESIAN_POINT ( 'NONE',  ( 0.000000000000000000, 0.000000000000000000, 15.00000000000000000 ) ) ;
#399 = CARTESIAN_POINT ( 'NONE',  ( -18.29189645439079825, 25.00884492539386628, 20.82892497341590854 ) ) ;
#400 = ORIENTED_EDGE ( 'NONE', *, *, #813, .F. ) ;
#401 = AXIS2_PLACEMENT_3D ( 'NONE', #213, #26, #1382 ) ;
#402 = DIRECTION ( 'NONE',  ( -0.4999999999999980016, 0.8660254037844397068, 0.000000000000000000 ) ) ;
#403 = CARTESIAN_POINT ( 'NONE',  ( -8.099110661395194199, -3.971928838340742729, -1.397943286238784832 ) ) ;
#404 = ORIENTED_EDGE ( 'NONE', *, *, #1877, .F. ) ;
#405 = DIRECTION ( 'NONE',  ( -0.1710100716628328577, 0.8660254037844363761, -0.4698463103929590434 ) ) ;
#406 = AXIS2_PLACEMENT_3D ( 'NONE', #326, #1038, #1206 ) ;
#407 = EDGE_CURVE ( 'NONE', #1725, #193, #1457, .T. ) ;
#408 = CARTESIAN_POINT ( 'NONE',  ( 20.78460969082651388, 6.000000000000011546, 15.00000000000000000 ) ) ;
#409 = CARTESIAN_POINT ( 'NONE',  ( -3.794412866145048469, -63.20874128731087893, 40.21671405493819407 ) ) ;
#410 = CARTESIAN_POINT ( 'NONE',  ( 20.79828609955055185, -0.9410244272318710745, 11.19737991849991943 ) ) ;
#411 = ORIENTED_EDGE ( 'NONE', *, *, #291, .T. ) ;
#412 = CARTESIAN_POINT ( 'NONE',  ( -24.24871130596427804, 1.197992323645507626E-14, 1.452969253830144636 ) ) ;
#413 = EDGE_LOOP ( 'NONE', ( #820, #1279 ) ) ;
#414 = CARTESIAN_POINT ( 'NONE',  ( -10.00620592841326761, -0.2237205583714116930, -20.18231384232110059 ) ) ;
#415 = DIRECTION ( 'NONE',  ( -0.1710100716628328577, 0.8660254037844363761, -0.4698463103929590434 ) ) ;
#416 = DIRECTION ( 'NONE',  ( -0.1710100716628328577, 0.8660254037844363761, -0.4698463103929590434 ) ) ;
#417 = CIRCLE ( 'NONE', #347, 1.499999999999998002 ) ;
#418 = CARTESIAN_POINT ( 'NONE',  ( -17.20266330689088718, 25.00884492539386628, 21.86022083319012665 ) ) ;
#419 = AXIS2_PLACEMENT_3D ( 'NONE', #1958, #450, #1932 ) ;
#420 = ORIENTED_EDGE ( 'NONE', *, *, #1467, .T. ) ;
#421 = VERTEX_POINT ( 'NONE', #284 ) ;
#422 = CARTESIAN_POINT ( 'NONE',  ( 24.24871130596427093, 2.602085213965062730E-15, 15.00000000000000000 ) ) ;
#423 = DIRECTION ( 'NONE',  ( -0.2133312028987082720, 0.4330127018922228510, 0.8757795372522625410 ) ) ;
#424 = VECTOR ( 'NONE', #1183, 1000.000000000000000 ) ;
#425 = DIRECTION ( 'NONE',  ( -0.9396926207859103153, 0.000000000000000000, 0.3420201433256632173 ) ) ;
#426 = CARTESIAN_POINT ( 'NONE',  ( 20.61699083924707310, -1.450069112526967796, 11.45113842485847755 ) ) ;
#427 = EDGE_CURVE ( 'NONE', #1663, #2120, #1815, .T. ) ;
#428 = VERTEX_POINT ( 'NONE', #794 ) ;
#429 = ORIENTED_EDGE ( 'NONE', *, *, #699, .T. ) ;
#430 = DIRECTION ( 'NONE',  ( -0.2133312028987092157, 0.4330127018922227955, 0.8757795372522623190 ) ) ;
#431 = DIRECTION ( 'NONE',  ( 0.8660254037844387076, -0.4999999999999999445, 0.000000000000000000 ) ) ;
#432 = EDGE_CURVE ( 'NONE', #31, #1536, #740, .T. ) ;
#433 = DIRECTION ( 'NONE',  ( 0.5000000000000005551, 0.8660254037844382635, 0.000000000000000000 ) ) ;
#434 = DIRECTION ( 'NONE',  ( -0.000000000000000000, -0.000000000000000000, -1.000000000000000000 ) ) ;
#435 = CARTESIAN_POINT ( 'NONE',  ( 17.01370797975923566, 11.95770684047716692, -14.27839587835455681 ) ) ;
#436 = EDGE_LOOP ( 'NONE', ( #19, #558, #207, #846 ) ) ;
#437 = EDGE_CURVE ( 'NONE', #1727, #1305, #1577, .T. ) ;
#438 = ORIENTED_EDGE ( 'NONE', *, *, #788, .T. ) ;
#439 = LINE ( 'NONE', #958, #2170 ) ;
#440 = DIRECTION ( 'NONE',  ( 0.000000000000000000, 0.4768709627114784411, 0.8789733129752163032 ) ) ;
#441 = CARTESIAN_POINT ( 'NONE',  ( -22.11271607366727920, 12.03970083792747303, 0.006277053154759320262 ) ) ;
#442 = AXIS2_PLACEMENT_3D ( 'NONE', #1752, #1578, #1914 ) ;
#443 = CC_DESIGN_SECURITY_CLASSIFICATION ( #1846, ( #733 ) ) ;
#444 = LINE ( 'NONE', #591, #1616 ) ;
#445 = CARTESIAN_POINT ( 'NONE',  ( -5.307742824483740129, -0.2237205583714120538, -21.89241455894941168 ) ) ;
#446 = FACE_OUTER_BOUND ( 'NONE', #1999, .T. ) ;
#447 = VECTOR ( 'NONE', #2000, 1000.000000000000114 ) ;
#448 = VECTOR ( 'NONE', #405, 1000.000000000000114 ) ;
#449 = ORIENTED_EDGE ( 'NONE', *, *, #1178, .F. ) ;
#450 = DIRECTION ( 'NONE',  ( 0.6656986149863686197, -0.2500000000000007216, -0.7030969734007038729 ) ) ;
#451 = VERTEX_POINT ( 'NONE', #1618 ) ;
#452 = CIRCLE ( 'NONE', #1786, 3.599999999999999201 ) ;
#453 = EDGE_CURVE ( 'NONE', #1590, #2127, #779, .T. ) ;
#454 = CARTESIAN_POINT ( 'NONE',  ( -9.578680749256184512, -0.2237205583714115265, -19.00769806633870829 ) ) ;
#455 = EDGE_CURVE ( 'NONE', #1152, #683, #252, .T. ) ;
#456 = CARTESIAN_POINT ( 'NONE',  ( -21.71306550473949315, 12.04383653312345892, -2.969177994174311497 ) ) ;
#457 = DIRECTION ( 'NONE',  ( -0.8603656062440191432, 0.5096773720623286597, 0.000000000000000000 ) ) ;
#458 = ORIENTED_EDGE ( 'NONE', *, *, #473, .F. ) ;
#459 = CARTESIAN_POINT ( 'NONE',  ( -17.79032549820653486, 6.000000000000005329, -1.313146461724437497 ) ) ;
#460 = ORIENTED_EDGE ( 'NONE', *, *, #282, .T. ) ;
#461 = DIRECTION ( 'NONE',  ( -0.8660254037844388186, -0.4999999999999997224, 0.000000000000000000 ) ) ;
#462 = ORIENTED_EDGE ( 'NONE', *, *, #390, .F. ) ;
#463 = EDGE_CURVE ( 'NONE', #2157, #368, #1134, .T. ) ;
#464 = ORIENTED_EDGE ( 'NONE', *, *, #1059, .F. ) ;
#465 = EDGE_CURVE ( 'NONE', #645, #1644, #786, .T. ) ;
#466 = CARTESIAN_POINT ( 'NONE',  ( -21.76059991139924676, 10.68176062462738862, -1.503148687208191170 ) ) ;
#467 = CARTESIAN_POINT ( 'NONE',  ( 10.95771312774302153, 0.9793158720153822827, -9.279223339713265517 ) ) ;
#468 = ORIENTED_EDGE ( 'NONE', *, *, #274, .T. ) ;
#469 = VECTOR ( 'NONE', #762, 1000.000000000000227 ) ;
#470 = CARTESIAN_POINT ( 'NONE',  ( 19.41364260224520422, -2.929035178713774279, 9.801085027754513845 ) ) ;
#471 = ORIENTED_EDGE ( 'NONE', *, *, #1309, .T. ) ;
#472 = DIRECTION ( 'NONE',  ( -0.000000000000000000, -0.000000000000000000, 1.000000000000000000 ) ) ;
#473 = EDGE_CURVE ( 'NONE', #1327, #1606, #1102, .T. ) ;
#474 = ORIENTED_EDGE ( 'NONE', *, *, #1433, .F. ) ;
#475 = DIRECTION ( 'NONE',  ( -0.4999999999999988343, 0.8660254037844393737, 0.000000000000000000 ) ) ;
#476 = VERTEX_POINT ( 'NONE', #1122 ) ;
#477 = CC_DESIGN_DATE_AND_TIME_ASSIGNMENT ( #1280, #2098, ( #1846 ) ) ;
#478 = CC_DESIGN_PERSON_AND_ORGANIZATION_ASSIGNMENT ( #2069, #1407, ( #1204 ) ) ;
#479 = LINE ( 'NONE', #1145, #2160 ) ;
#480 = VECTOR ( 'NONE', #1224, 1000.000000000000114 ) ;
#481 = VECTOR ( 'NONE', #1646, 1000.000000000000000 ) ;
#482 = DIRECTION ( 'NONE',  ( -0.9396926207859105373, 8.673617379884049277E-16, 0.3420201433256628287 ) ) ;
#483 = EDGE_LOOP ( 'NONE', ( #1619, #1312 ) ) ;
#484 = CARTESIAN_POINT ( 'NONE',  ( 19.66384819375338466, -2.736713994324925903, 9.077010203062439331 ) ) ;
#485 = LINE ( 'NONE', #984, #2129 ) ;
#486 = VERTEX_POINT ( 'NONE', #1795 ) ;
#487 = DIRECTION ( 'NONE',  ( -0.000000000000000000, -0.000000000000000000, -1.000000000000000000 ) ) ;
#488 = ORIENTED_EDGE ( 'NONE', *, *, #1108, .F. ) ;
#489 = CARTESIAN_POINT ( 'NONE',  ( -22.16761759589448744, 12.89555677897376462, -2.798651834633565372 ) ) ;
#490 = FACE_BOUND ( 'NONE', #662, .T. ) ;
#491 = CARTESIAN_POINT ( 'NONE',  ( -20.89590843516240071, -0.4221302347479293227, 9.512946772764232506 ) ) ;
#492 = DIRECTION ( 'NONE',  ( -0.7261554316666057884, 0.000000000000000000, -0.6875305731828114109 ) ) ;
#493 = CARTESIAN_POINT ( 'NONE',  ( 19.87793432527675819, -2.535040290651755068, 8.808747950587228814 ) ) ;
#494 = EDGE_CURVE ( 'NONE', #1335, #965, #1627, .T. ) ;
#495 = EDGE_CURVE ( 'NONE', #617, #1957, #1097, .T. ) ;
#496 = LINE ( 'NONE', #534, #1959 ) ;
#497 = EDGE_LOOP ( 'NONE', ( #1634, #2058, #573, #1518, #914 ) ) ;
#498 = FACE_OUTER_BOUND ( 'NONE', #1166, .T. ) ;
#499 = VERTEX_POINT ( 'NONE', #1781 ) ;
#500 = AXIS2_PLACEMENT_3D ( 'NONE', #1589, #246, #256 ) ;
#501 = EDGE_CURVE ( 'NONE', #1550, #499, #2110, .T. ) ;
#502 = CARTESIAN_POINT ( 'NONE',  ( -17.13116681757666981, 6.000000000000005329, 6.650690319970155251 ) ) ;
#503 = LINE ( 'NONE', #336, #205 ) ;
#504 = CARTESIAN_POINT ( 'NONE',  ( -20.74739604644663871, -1.106027636718345697, 8.700581645424456667 ) ) ;
#505 = CARTESIAN_POINT ( 'NONE',  ( 14.14590184732058198, 6.000000000000004441, -13.23194716522557002 ) ) ;
#506 = CARTESIAN_POINT ( 'NONE',  ( 20.16702146367124371, -2.205849433442708563, 8.577893188374106970 ) ) ;
#507 = AXIS2_PLACEMENT_3D ( 'NONE', #724, #1426, #611 ) ;
#508 = EDGE_LOOP ( 'NONE', ( #904, #519, #1164, #1031, #285, #217 ) ) ;
#509 = ADVANCED_FACE ( 'NONE', ( #1604 ), #1890, .F. ) ;
#510 = LINE ( 'NONE', #1662, #1185 ) ;
#511 = ORIENTED_EDGE ( 'NONE', *, *, #1306, .F. ) ;
#512 = LINE ( 'NONE', #358, #1848 ) ;
#513 = ORIENTED_EDGE ( 'NONE', *, *, #1527, .T. ) ;
#514 = CARTESIAN_POINT ( 'NONE',  ( 15.85410297311377903, 13.39365717441689796, -16.20787626764602862 ) ) ;
#515 = DIRECTION ( 'NONE',  ( 0.5000000000000000000, 0.8660254037844385966, 0.000000000000000000 ) ) ;
#516 = CARTESIAN_POINT ( 'NONE',  ( 22.02618699409076441, 3.849525029221973149, -10.38203741171338024 ) ) ;
#517 = DIRECTION ( 'NONE',  ( 0.000000000000000000, -0.1431348745132353106, -0.9897031917186487338 ) ) ;
#518 = CARTESIAN_POINT ( 'NONE',  ( 8.660254037844563157, -14.99999999999990585, 15.00000000000000000 ) ) ;
#519 = ORIENTED_EDGE ( 'NONE', *, *, #130, .T. ) ;
#520 = B_SPLINE_CURVE_WITH_KNOTS ( 'NONE', 3,
 ( #1484, #2149, #470, #1136, #993, #1829, #484, #1806, #493, #1124, #1660, #506, #1797, #129, #1149, #797, #657, #1997, #1161, #178, #164, #1672, #829, #1498, #1, #1839 ),
 .UNSPECIFIED., .F., .F.,
 ( 4, 2, 2, 2, 2, 2, 2, 2, 2, 2, 2, 2, 4 ),
 ( 0.004744155909255661115, 0.005040429008368334587, 0.005336702107481007193, 0.005929248305706348934, 0.006225521404819022407, 0.006521794503931695013, 0.006818067603044368485, 0.007114340702157041091, 0.007706886900382381098, 0.008003159999495051968, 0.008299433098607722839, 0.008891979296833066315, 0.009484525495058408057 ),
 .UNSPECIFIED. ) ;
#521 = PLANE ( 'NONE',  #2028 ) ;
#522 = EDGE_CURVE ( 'NONE', #1008, #950, #386, .T. ) ;
#523 = EDGE_LOOP ( 'NONE', ( #1103, #136, #2008, #315 ) ) ;
#524 = CARTESIAN_POINT ( 'NONE',  ( -4.922970163242368358, -2.172277716886397592, -20.83526036056526465 ) ) ;
#525 = ORIENTED_EDGE ( 'NONE', *, *, #753, .T. ) ;
#526 = VECTOR ( 'NONE', #1988, 1000.000000000000000 ) ;
#527 = AXIS2_PLACEMENT_3D ( 'NONE', #422, #461, #610 ) ;
#528 = EDGE_CURVE ( 'NONE', #5, #862, #1050, .T. ) ;
#529 = DIRECTION ( 'NONE',  ( -0.000000000000000000, -0.000000000000000000, -1.000000000000000000 ) ) ;
#530 = CARTESIAN_POINT ( 'NONE',  ( -20.74741532603010796, -1.105982702858150368, 11.29940823431347141 ) ) ;
#531 = DIRECTION ( 'NONE',  ( -0.3420201433256643275, 0.000000000000000000, -0.9396926207859100932 ) ) ;
#532 = CARTESIAN_POINT ( 'NONE',  ( -21.76059991139924676, 10.68176062462738862, -1.503148687208191170 ) ) ;
#533 = EDGE_LOOP ( 'NONE', ( #1753, #609 ) ) ;
#534 = CARTESIAN_POINT ( 'NONE',  ( 14.33375412277227312, 14.32050807568855966, -21.38846748137980569 ) ) ;
#535 = ORIENTED_EDGE ( 'NONE', *, *, #2117, .T. ) ;
#536 = VECTOR ( 'NONE', #1693, 1000.000000000000000 ) ;
#537 = DIRECTION ( 'NONE',  ( 0.4932921833250091814, 0.8544071244954956068, 0.1632522204497816321 ) ) ;
#538 = ORIENTED_EDGE ( 'NONE', *, *, #694, .F. ) ;
#539 = EDGE_CURVE ( 'NONE', #476, #1779, #1130, .T. ) ;
#540 = AXIS2_PLACEMENT_3D ( 'NONE', #1630, #983, #972 ) ;
#541 = CARTESIAN_POINT ( 'NONE',  ( -0.09940804354156840272, -70.70874128731094288, 25.04776750743738845 ) ) ;
#542 = CARTESIAN_POINT ( 'NONE',  ( -20.16631194848941533, -2.206747972826448301, 11.42168981845775555 ) ) ;
#543 = AXIS2_PLACEMENT_3D ( 'NONE', #1147, #955, #1986 ) ;
#544 = CARTESIAN_POINT ( 'NONE',  ( -20.79463049180434098, -0.9472759551223974839, 8.808747950587235920 ) ) ;
#545 = EDGE_CURVE ( 'NONE', #1359, #728, #220, .T. ) ;
#546 = CARTESIAN_POINT ( 'NONE',  ( 20.89932834202830847, -0.3905093269660044331, 10.39201209792933689 ) ) ;
#547 = ORIENTED_EDGE ( 'NONE', *, *, #1155, .T. ) ;
#548 = CARTESIAN_POINT ( 'NONE',  ( -14.20555543249407648, -6.000000000000012434, 1.483979398218836954 ) ) ;
#549 =( LENGTH_UNIT ( ) NAMED_UNIT ( * ) SI_UNIT ( .MILLI., .METRE. ) );
#550 = CARTESIAN_POINT ( 'NONE',  ( -3.420201433256631507, 17.32050807568858986, -9.396926207859104707 ) ) ;
#551 = ORIENTED_EDGE ( 'NONE', *, *, #465, .F. ) ;
#552 = EDGE_CURVE ( 'NONE', #1539, #38, #1519, .T. ) ;
#553 = EDGE_CURVE ( 'NONE', #248, #1792, #1770, .T. ) ;
#554 = LINE ( 'NONE', #1717, #2095 ) ;
#555 = CARTESIAN_POINT ( 'NONE',  ( 7.823372671977272930, 14.32050807568856499, -19.01888241957164638 ) ) ;
#556 = DIRECTION ( 'NONE',  ( -0.9396926207859107594, 1.285554004518526461E-15, 0.3420201433256624401 ) ) ;
#557 = DIRECTION ( 'NONE',  ( -0.9618967477123848697, -0.2500000000000016653, -0.1107007079486665851 ) ) ;
#558 = ORIENTED_EDGE ( 'NONE', *, *, #1842, .T. ) ;
#559 = LINE ( 'NONE', #1551, #480 ) ;
#560 = APPROVAL_DATE_TIME ( #1363, #680 ) ;
#561 = ORIENTED_EDGE ( 'NONE', *, *, #132, .F. ) ;
#562 = VECTOR ( 'NONE', #16, 1000.000000000000114 ) ;
#563 = DIRECTION ( 'NONE',  ( 0.7261554316666062325, -0.000000000000000000, 0.6875305731828110778 ) ) ;
#564 = ORIENTED_EDGE ( 'NONE', *, *, #1148, .F. ) ;
#565 = AXIS2_PLACEMENT_3D ( 'NONE', #1046, #903, #881 ) ;
#566 = AXIS2_PLACEMENT_3D ( 'NONE', #414, #861, #1398 ) ;
#567 = LINE ( 'NONE', #1520, #1601 ) ;
#568 = CARTESIAN_POINT ( 'NONE',  ( 7.823372671977272930, 14.32050807568856499, -19.01888241957164638 ) ) ;
#569 = FACE_BOUND ( 'NONE', #483, .T. ) ;
#570 = AXIS2_PLACEMENT_3D ( 'NONE', #266, #1951, #277 ) ;
#571 = CARTESIAN_POINT ( 'NONE',  ( 6.229815212073978259, -6.000000000000000000, -5.953887242601134666 ) ) ;
#572 = AXIS2_PLACEMENT_3D ( 'NONE', #409, #1071, #94 ) ;
#573 = ORIENTED_EDGE ( 'NONE', *, *, #1270, .T. ) ;
#574 = DIRECTION ( 'NONE',  ( -0.1710100716628328577, 0.8660254037844363761, -0.4698463103929590434 ) ) ;
#575 = PERSON_AND_ORGANIZATION ( #1701, #826 ) ;
#576 = VERTEX_POINT ( 'NONE', #714 ) ;
#577 = CARTESIAN_POINT ( 'NONE',  ( -13.72050807568878028, -1.205075886034053241E-13, 0.000000000000000000 ) ) ;
#578 = EDGE_CURVE ( 'NONE', #135, #89, #1434, .T. ) ;
#579 = CARTESIAN_POINT ( 'NONE',  ( 17.02318667979546163, 12.55126287679804875, -14.34510959687887244 ) ) ;
#580 = ORIENTED_EDGE ( 'NONE', *, *, #1862, .F. ) ;
#581 = CYLINDRICAL_SURFACE ( 'NONE', #572, 3.499999999999993339 ) ;
#582 = CARTESIAN_POINT ( 'NONE',  ( -10.39097858965464027, 1.724836600143572873, -21.23946804070525829 ) ) ;
#583 = ORIENTED_EDGE ( 'NONE', *, *, #813, .T. ) ;
#584 = VECTOR ( 'NONE', #2053, 1000.000000000000114 ) ;
#585 = CARTESIAN_POINT ( 'NONE',  ( -20.78460969082651388, 6.000000000000023981, 15.00000000000000000 ) ) ;
#586 = ORIENTED_EDGE ( 'NONE', *, *, #2103, .T. ) ;
#587 = FACE_BOUND ( 'NONE', #650, .T. ) ;
#588 = AXIS2_PLACEMENT_3D ( 'NONE', #1274, #1952, #440 ) ;
#589 = CARTESIAN_POINT ( 'NONE',  ( 16.80217772281629607, 13.32380134839963759, -14.90686912426350297 ) ) ;
#590 = CARTESIAN_POINT ( 'NONE',  ( 7.132549760321033716, -5.522548878816067486, -4.083695979576571489 ) ) ;
#591 = CARTESIAN_POINT ( 'NONE',  ( -24.24871130596427093, 2.654222231933786525E-14, 15.00000000000000000 ) ) ;
#592 = ORIENTED_EDGE ( 'NONE', *, *, #1938, .F. ) ;
#593 = ORIENTED_EDGE ( 'NONE', *, *, #1433, .T. ) ;
#594 = CARTESIAN_POINT ( 'NONE',  ( 20.92050807568876536, 2.512670442295805113E-15, 0.000000000000000000 ) ) ;
#595 = VECTOR ( 'NONE', #64, 1000.000000000000000 ) ;
#596 = ADVANCED_FACE ( 'NONE', ( #1380 ), #928, .F. ) ;
#597 = CARTESIAN_POINT ( 'NONE',  ( 24.50842359597175957, 24.25706025102434538, 3.865185450765498132 ) ) ;
#598 = CARTESIAN_POINT ( 'NONE',  ( 19.99177081768079489, -2.414797383779489603, 11.29940823431348029 ) ) ;
#599 = ORIENTED_EDGE ( 'NONE', *, *, #1167, .F. ) ;
#600 = ORIENTED_EDGE ( 'NONE', *, *, #1306, .T. ) ;
#601 = PLANE ( 'NONE',  #419 ) ;
#602 = LINE ( 'NONE', #268, #121 ) ;
#603 = AXIS2_PLACEMENT_3D ( 'NONE', #1827, #839, #10 ) ;
#604 = CARTESIAN_POINT ( 'NONE',  ( -22.09721409580373930, 11.74815446401822427, -0.04712974505021551991 ) ) ;
#605 = EDGE_CURVE ( 'NONE', #1685, #421, #1595, .T. ) ;
#606 = CARTESIAN_POINT ( 'NONE',  ( 23.26666049839543859, -1.700961894323327117, 9.999999999999998224 ) ) ;
#607 = ORIENTED_EDGE ( 'NONE', *, *, #2117, .F. ) ;
#608 = COORDINATED_UNIVERSAL_TIME_OFFSET ( 7, 0, .BEHIND. ) ;
#609 = ORIENTED_EDGE ( 'NONE', *, *, #1108, .T. ) ;
#610 = DIRECTION ( 'NONE',  ( 0.4999999999999997224, -0.8660254037844388186, 0.000000000000000000 ) ) ;
#611 = DIRECTION ( 'NONE',  ( 0.000000000000000000, -0.4768709627114784411, -0.8789733129752163032 ) ) ;
#612 = VERTEX_POINT ( 'NONE', #1260 ) ;
#613 = CARTESIAN_POINT ( 'NONE',  ( 14.75216520318807589, 6.000000000000005329, -13.27484086764655835 ) ) ;
#614 = CC_DESIGN_PERSON_AND_ORGANIZATION_ASSIGNMENT ( #709, #1376, ( #1846 ) ) ;
#615 = CARTESIAN_POINT ( 'NONE',  ( 19.40467461984246711, -2.935344922871993223, 10.19759835174225771 ) ) ;
#616 = CARTESIAN_POINT ( 'NONE',  ( 14.78795847660929752, 11.97310225449861321, -16.29104806100956182 ) ) ;
#617 = VERTEX_POINT ( 'NONE', #555 ) ;
#618 = ORIENTED_EDGE ( 'NONE', *, *, #396, .T. ) ;
#619 = FACE_OUTER_BOUND ( 'NONE', #1139, .T. ) ;
#620 = ORIENTED_EDGE ( 'NONE', *, *, #1756, .F. ) ;
#621 = EDGE_CURVE ( 'NONE', #1234, #1949, #1944, .T. ) ;
#622 = CARTESIAN_POINT ( 'NONE',  ( -20.92050807568877957, 0.1273780602912113757, 0.1633408408495171660 ) ) ;
#623 = VECTOR ( 'NONE', #1192, 1000.000000000000227 ) ;
#624 = CARTESIAN_POINT ( 'NONE',  ( 24.24871130596427093, 2.602085213965062730E-15, 15.00000000000000000 ) ) ;
#625 = CARTESIAN_POINT ( 'NONE',  ( 16.21191490891026277, 10.71364624438466251, -14.90809324048563589 ) ) ;
#626 = DIRECTION ( 'NONE',  ( -1.000000000000000000, 3.255014963930509624E-15, 0.000000000000000000 ) ) ;
#627 = VECTOR ( 'NONE', #472, 1000.000000000000000 ) ;
#628 = CIRCLE ( 'NONE', #1571, 3.599999999999999201 ) ;
#629 = ORIENTED_EDGE ( 'NONE', *, *, #685, .F. ) ;
#630 = CARTESIAN_POINT ( 'NONE',  ( -7.794228634059950700, -4.499999999999995559, 15.00000000000000000 ) ) ;
#631 = ORIENTED_EDGE ( 'NONE', *, *, #2092, .T. ) ;
#632 = VECTOR ( 'NONE', #1609, 1000.000000000000000 ) ;
#633 = EDGE_CURVE ( 'NONE', #1644, #2157, #602, .T. ) ;
#634 = FACE_BOUND ( 'NONE', #1980, .T. ) ;
#635 = CARTESIAN_POINT ( 'NONE',  ( 13.85640646055101932, 5.999999999999999112, -5.466106916696314322 ) ) ;
#636 = DIRECTION ( 'NONE',  ( -0.2515460552138206740, 0.9678453296402093065, 0.000000000000000000 ) ) ;
#637 = CARTESIAN_POINT ( 'NONE',  ( -17.98578319173393325, -4.846077929362475167, 2.150896226179327630 ) ) ;
#638 = VERTEX_POINT ( 'NONE', #1521 ) ;
#639 = LINE ( 'NONE', #2138, #627 ) ;
#640 = ORIENTED_EDGE ( 'NONE', *, *, #1961, .T. ) ;
#641 = CARTESIAN_POINT ( 'NONE',  ( 15.43015698897879417, 6.000000000000005329, -5.083465892189244606 ) ) ;
#642 = EDGE_LOOP ( 'NONE', ( #731, #1451, #945, #629 ) ) ;
#643 = DIRECTION ( 'NONE',  ( -0.3420201433256628842, 0.000000000000000000, -0.9396926207859105373 ) ) ;
#644 = CARTESIAN_POINT ( 'NONE',  ( 16.98214020790889833, 11.75836277147349485, -14.30100167122309429 ) ) ;
#645 = VERTEX_POINT ( 'NONE', #1826 ) ;
#646 = CARTESIAN_POINT ( 'NONE',  ( -19.17215659931541083, 6.000000000000012434, -1.313146461724445491 ) ) ;
#647 = CARTESIAN_POINT ( 'NONE',  ( 29.56333752120143288, -9.205202628028253287, 1.396071290845863455 ) ) ;
#648 = ORIENTED_EDGE ( 'NONE', *, *, #1897, .T. ) ;
#649 = CARTESIAN_POINT ( 'NONE',  ( 0.000000000000000000, 0.000000000000000000, 15.00000000000000000 ) ) ;
#650 = EDGE_LOOP ( 'NONE', ( #773, #1505 ) ) ;
#651 = EDGE_CURVE ( 'NONE', #98, #856, #22, .T. ) ;
#652 = CARTESIAN_POINT ( 'NONE',  ( -22.52188864891139986, 13.58356810893304711, -1.601989055026532105 ) ) ;
#653 = AXIS2_PLACEMENT_3D ( 'NONE', #2161, #858, #1009 ) ;
#654 = CIRCLE ( 'NONE', #763, 3.599999999999999201 ) ;
#655 = CARTESIAN_POINT ( 'NONE',  ( -22.27133997292495238, 13.12971500095889965, -0.3582747656646187440 ) ) ;
#656 = CARTESIAN_POINT ( 'NONE',  ( 35.26787583862498110, -63.20874128731087893, 25.99920368408926308 ) ) ;
#657 = CARTESIAN_POINT ( 'NONE',  ( 20.62169284651118772, -1.447670281590957231, 8.540241871383502215 ) ) ;
#658 = PLANE ( 'NONE',  #93 ) ;
#659 = CIRCLE ( 'NONE', #2166, 3.599999999999999201 ) ;
#660 = ORIENTED_EDGE ( 'NONE', *, *, #1511, .T. ) ;
#661 = CARTESIAN_POINT ( 'NONE',  ( -5.307742824483740129, -0.2237205583714120538, -21.89241455894941168 ) ) ;
#662 = EDGE_LOOP ( 'NONE', ( #801, #259 ) ) ;
#663 = EDGE_CURVE ( 'NONE', #5, #1008, #844, .T. ) ;
#664 = CARTESIAN_POINT ( 'NONE',  ( -21.56995009838277610, 11.59332114519278356, -2.813199432816084311 ) ) ;
#665 = CARTESIAN_POINT ( 'NONE',  ( 24.13110451315101201, 25.70882824548472456, 3.865185450765498132 ) ) ;
#666 = CARTESIAN_POINT ( 'NONE',  ( -20.90467461984247777, -0.3372687115186295825, 9.901279676013981401 ) ) ;
#667 = LINE ( 'NONE', #2172, #424 ) ;
#668 = ADVANCED_FACE ( 'NONE', ( #490, #2017 ), #33, .F. ) ;
#669 = CARTESIAN_POINT ( 'NONE',  ( 17.70499424196322735, 11.49038105676639177, -17.19023915081892184 ) ) ;
#670 = ORIENTED_EDGE ( 'NONE', *, *, #2152, .T. ) ;
#671 = DIRECTION ( 'NONE',  ( -0.8660254037844441477, 0.4999999999999904521, 0.000000000000000000 ) ) ;
#672 = EDGE_LOOP ( 'NONE', ( #1654, #720, #896, #14, #1873 ) ) ;
#673 = DIRECTION ( 'NONE',  ( 0.8660254037844352659, 0.5000000000000058842, -0.000000000000000000 ) ) ;
#674 = EDGE_LOOP ( 'NONE', ( #1960, #1063 ) ) ;
#675 = VECTOR ( 'NONE', #1937, 1000.000000000000000 ) ;
#676 = CARTESIAN_POINT ( 'NONE',  ( 15.78055696909813577, 13.34767407757052560, -16.25931494215531714 ) ) ;
#677 = FACE_OUTER_BOUND ( 'NONE', #960, .T. ) ;
#678 = CARTESIAN_POINT ( 'NONE',  ( 10.91062751081876492, -14.99999999999988098, -5.670356335247178414 ) ) ;
#679 = CARTESIAN_POINT ( 'NONE',  ( 27.27949245878858520, -60.20874128731085762, 34.43636736489774108 ) ) ;
#680 = APPROVAL ( #1385, 'UNSPECIFIED' ) ;
#681 = PLANE ( 'NONE',  #540 ) ;
#682 = VECTOR ( 'NONE', #1708, 1000.000000000000000 ) ;
#683 = VERTEX_POINT ( 'NONE', #1692 ) ;
#684 = CARTESIAN_POINT ( 'NONE',  ( -7.794228634059950700, -4.499999999999995559, -1.744551591300283366 ) ) ;
#685 = EDGE_CURVE ( 'NONE', #965, #72, #1836, .T. ) ;
#686 = ORIENTED_EDGE ( 'NONE', *, *, #1629, .F. ) ;
#687 = DIRECTION ( 'NONE',  ( -0.3420201433256647161, 0.000000000000000000, -0.9396926207859098712 ) ) ;
#688 = EDGE_LOOP ( 'NONE', ( #1807, #1424, #693, #1801, #228 ) ) ;
#689 = CARTESIAN_POINT ( 'NONE',  ( -10.77575125089601649, -0.2237205583714118318, -22.29662223908940177 ) ) ;
#690 = CARTESIAN_POINT ( 'NONE',  ( -19.57165832348216483, -2.810522057707623755, 10.75930703369563446 ) ) ;
#691 = FACE_OUTER_BOUND ( 'NONE', #1554, .T. ) ;
#692 = CARTESIAN_POINT ( 'NONE',  ( -20.78460969082651388, 6.000000000000023981, 15.00000000000000000 ) ) ;
#693 = ORIENTED_EDGE ( 'NONE', *, *, #2059, .F. ) ;
#694 = EDGE_CURVE ( 'NONE', #728, #98, #865, .T. ) ;
#695 = CARTESIAN_POINT ( 'NONE',  ( -21.17415698928554235, 20.32050807568861828, 2.594615065661600717 ) ) ;
#696 = EDGE_LOOP ( 'NONE', ( #1757, #1397, #583, #1256, #1716 ) ) ;
#697 = CARTESIAN_POINT ( 'NONE',  ( 19.58644633591304185, -63.92472019352295121, 13.71457737114690900 ) ) ;
#698 = EDGE_LOOP ( 'NONE', ( #859, #976 ) ) ;
#699 = EDGE_CURVE ( 'NONE', #749, #1359, #1493, .T. ) ;
#700 = AXIS2_PLACEMENT_3D ( 'NONE', #1283, #770, #1118 ) ;
#701 = CARTESIAN_POINT ( 'NONE',  ( 15.42196388642485694, 13.05522306307395830, -16.43073061608659557 ) ) ;
#702 = CARTESIAN_POINT ( 'NONE',  ( -20.85869685714852650, -0.6667595548236653347, 10.91621122799421784 ) ) ;
#703 = DIRECTION ( 'NONE',  ( -0.7263614178871997673, -0.4330127018922237392, -0.5337593939266015441 ) ) ;
#704 = CYLINDRICAL_SURFACE ( 'NONE', #1241, 1.500000000000001998 ) ;
#705 = EDGE_CURVE ( 'NONE', #193, #1942, #876, .T. ) ;
#706 = EDGE_LOOP ( 'NONE', ( #1317, #411, #224, #474, #1351 ) ) ;
#707 = LINE ( 'NONE', #180, #245 ) ;
#708 = ORIENTED_EDGE ( 'NONE', *, *, #2065, .T. ) ;
#709 = PERSON_AND_ORGANIZATION ( #1701, #826 ) ;
#710 = FACE_BOUND ( 'NONE', #674, .T. ) ;
#711 = EDGE_LOOP ( 'NONE', ( #181, #148, #2141, #1955 ) ) ;
#712 =( BOUNDED_CURVE ( )  B_SPLINE_CURVE ( 3, ( #1004, #505, #186, #1495 ),
 .UNSPECIFIED., .F., .T. ) 
 B_SPLINE_CURVE_WITH_KNOTS ( ( 4, 4 ),
 ( 0.05467624743267504583, 0.3053495546387425819 ),
 .UNSPECIFIED. ) 
 CURVE ( )  GEOMETRIC_REPRESENTATION_ITEM ( )  RATIONAL_B_SPLINE_CURVE ( ( 1.000000000000000000, 0.9947704258708253144, 0.9947704258708253144, 1.000000000000000000 ) ) 
 REPRESENTATION_ITEM ( '' )  );
#713 = CARTESIAN_POINT ( 'NONE',  ( 8.660254037844563157, -14.99999999999990585, 15.00000000000000000 ) ) ;
#714 = CARTESIAN_POINT ( 'NONE',  ( 15.43015698897879417, 6.000000000000005329, -5.083465892189244606 ) ) ;
#715 = CARTESIAN_POINT ( 'NONE',  ( -17.32050807568878170, -1.209484614510983555E-13, 15.00000000000000000 ) ) ;
#716 = CYLINDRICAL_SURFACE ( 'NONE', #2006, 1.500000000000069944 ) ;
#717 = ORIENTED_EDGE ( 'NONE', *, *, #1461, .F. ) ;
#718 = DIRECTION ( 'NONE',  ( 0.000000000000000000, -0.000000000000000000, 1.000000000000000000 ) ) ;
#719 = EDGE_CURVE ( 'NONE', #1431, #965, #503, .T. ) ;
#720 = ORIENTED_EDGE ( 'NONE', *, *, #1454, .T. ) ;
#721 = CARTESIAN_POINT ( 'NONE',  ( 30.23549631687136952, -66.20874128731091446, 22.30121012689710014 ) ) ;
#722 = VERTEX_POINT ( 'NONE', #838 ) ;
#723 = CARTESIAN_POINT ( 'NONE',  ( -10.30479431694005044, -63.20874128731087893, 42.58629911674632496 ) ) ;
#724 = CARTESIAN_POINT ( 'NONE',  ( -3.420201433256631507, 17.32050807568858986, -9.396926207859104707 ) ) ;
#725 = DIRECTION ( 'NONE',  ( 0.3420201433256623846, 0.000000000000000000, 0.9396926207859106484 ) ) ;
#726 = CARTESIAN_POINT ( 'NONE',  ( 33.78987390958358361, -60.20874128731086472, 32.06678230308958177 ) ) ;
#727 = ADVANCED_FACE ( 'NONE', ( #677 ), #1508, .F. ) ;
#728 = VERTEX_POINT ( 'NONE', #1180 ) ;
#729 = CARTESIAN_POINT ( 'NONE',  ( -24.24871130596427093, 2.654222231933786525E-14, 15.00000000000000000 ) ) ;
#730 = COORDINATED_UNIVERSAL_TIME_OFFSET ( 7, 0, .BEHIND. ) ;
#731 = ORIENTED_EDGE ( 'NONE', *, *, #494, .F. ) ;
#732 = LINE ( 'NONE', #1912, #448 ) ;
#733 = PRODUCT_DEFINITION_FORMATION_WITH_SPECIFIED_SOURCE ( 'ANY', '', #1204, .NOT_KNOWN. ) ;
#734 = CIRCLE ( 'NONE', #1007, 3.599999999999998757 ) ;
#735 = ADVANCED_FACE ( 'NONE', ( #350 ), #1582, .T. ) ;
#736 = VECTOR ( 'NONE', #537, 1000.000000000000114 ) ;
#737 = CYLINDRICAL_SURFACE ( 'NONE', #442, 3.600000000000002309 ) ;
#738 = DIRECTION ( 'NONE',  ( 0.000000000000000000, 0.000000000000000000, 1.000000000000000000 ) ) ;
#739 = CARTESIAN_POINT ( 'NONE',  ( 19.40467461984246711, -2.935344922871994111, 9.999999999999998224 ) ) ;
#740 = CIRCLE ( 'NONE', #1191, 3.599999999999998757 ) ;
#741 = VERTEX_POINT ( 'NONE', #585 ) ;
#742 = LINE ( 'NONE', #1560, #1422 ) ;
#743 = CARTESIAN_POINT ( 'NONE',  ( 13.85640646055101577, 5.999999999999998224, -1.814556823296061605 ) ) ;
#744 = VERTEX_POINT ( 'NONE', #412 ) ;
#745 = FACE_OUTER_BOUND ( 'NONE', #1569, .T. ) ;
#746 = CARTESIAN_POINT ( 'NONE',  ( 17.03411499970900067, 12.35287992200631457, -14.29994934660549966 ) ) ;
#747 = CARTESIAN_POINT ( 'NONE',  ( -4.880217645326641041, -0.2237205583714157731, -20.71779878296701938 ) ) ;
#748 = CARTESIAN_POINT ( 'NONE',  ( 20.86199297376670359, -0.6620813187131966426, 10.92395960841732006 ) ) ;
#749 = VERTEX_POINT ( 'NONE', #729 ) ;
#750 = VERTEX_POINT ( 'NONE', #1055 ) ;
#751 = CARTESIAN_POINT ( 'NONE',  ( -11.09995814075459819, -15.00000000000010303, -5.175995486233215814 ) ) ;
#752 = ADVANCED_FACE ( 'NONE', ( #880 ), #70, .F. ) ;
#753 = EDGE_CURVE ( 'NONE', #1725, #1223, #1723, .T. ) ;
#754 = CARTESIAN_POINT ( 'NONE',  ( 27.27949245878858520, -60.20874128731085762, 34.43636736489774108 ) ) ;
#755 = DIRECTION ( 'NONE',  ( 0.9396926207859107594, -8.456776945386937543E-16, -0.3420201433256627177 ) ) ;
#756 = CARTESIAN_POINT ( 'NONE',  ( 19.57805932955965744, -2.804783502044678301, 10.75424539804530610 ) ) ;
#757 = VERTEX_POINT ( 'NONE', #548 ) ;
#758 = ORIENTED_EDGE ( 'NONE', *, *, #235, .T. ) ;
#759 = DIRECTION ( 'NONE',  ( -0.000000000000000000, -0.000000000000000000, 1.000000000000000000 ) ) ;
#760 = EDGE_CURVE ( 'NONE', #265, #135, #1884, .T. ) ;
#761 = VECTOR ( 'NONE', #915, 1000.000000000000114 ) ;
#762 = DIRECTION ( 'NONE',  ( 0.1930750503483316394, -0.3344157968772293876, -0.9224359596914881720 ) ) ;
#763 = AXIS2_PLACEMENT_3D ( 'NONE', #1926, #232, #253 ) ;
#764 = ADVANCED_FACE ( 'NONE', ( #1247 ), #1074, .F. ) ;
#765 = CARTESIAN_POINT ( 'NONE',  ( -21.76059991139924676, 10.68176062462738862, -1.503148687208191170 ) ) ;
#766 = DIRECTION ( 'NONE',  ( -0.3420201433256643275, 0.000000000000000000, -0.9396926207859100932 ) ) ;
#767 = ORIENTED_EDGE ( 'NONE', *, *, #334, .T. ) ;
#768 = EDGE_CURVE ( 'NONE', #1067, #1335, #742, .T. ) ;
#769 = EDGE_LOOP ( 'NONE', ( #1421, #305, #2038, #1341 ) ) ;
#770 = DIRECTION ( 'NONE',  ( 1.752700365193356509E-15, -1.000000000000000000, 0.000000000000000000 ) ) ;
#771 = APPROVAL ( #2118, 'UNSPECIFIED' ) ;
#772 = CARTESIAN_POINT ( 'NONE',  ( -13.85640646055100866, -6.000000000000010658, 15.00000000000000000 ) ) ;
#773 = ORIENTED_EDGE ( 'NONE', *, *, #147, .T. ) ;
#774 = CARTESIAN_POINT ( 'NONE',  ( -21.78848186345217997, 10.67451401730719773, -1.407054457366529121 ) ) ;
#775 = LINE ( 'NONE', #1438, #225 ) ;
#776 = CARTESIAN_POINT ( 'NONE',  ( 14.76597698635028877, 11.78842382356215168, -16.21086443352441719 ) ) ;
#777 = DIRECTION ( 'NONE',  ( -1.000000000000000000, 0.000000000000000000, 0.000000000000000000 ) ) ;
#778 = EDGE_CURVE ( 'NONE', #1327, #1246, #1318, .T. ) ;
#779 =( BOUNDED_CURVE ( )  B_SPLINE_CURVE ( 3, ( #635, #150, #467, #815 ),
 .UNSPECIFIED., .F., .T. ) 
 B_SPLINE_CURVE_WITH_KNOTS ( ( 4, 4 ),
 ( 2.303840671095800374, 4.759059591455796934 ),
 .UNSPECIFIED. ) 
 CURVE ( )  GEOMETRIC_REPRESENTATION_ITEM ( )  RATIONAL_B_SPLINE_CURVE ( ( 1.000000000000000000, 0.5576598846393545639, 0.5576598846393545639, 1.000000000000000000 ) ) 
 REPRESENTATION_ITEM ( '' )  );
#780 = ORIENTED_EDGE ( 'NONE', *, *, #85, .T. ) ;
#781 = PLANE ( 'NONE',  #1360 ) ;
#782 = EDGE_LOOP ( 'NONE', ( #404, #1939, #214, #1911 ) ) ;
#783 =( BOUNDED_CURVE ( )  B_SPLINE_CURVE ( 3, ( #502, #1168, #397, #1027 ),
 .UNSPECIFIED., .F., .T. ) 
 B_SPLINE_CURVE_WITH_KNOTS ( ( 4, 4 ),
 ( 2.836243098951042096, 5.977835752540833880 ),
 .UNSPECIFIED. ) 
 CURVE ( )  GEOMETRIC_REPRESENTATION_ITEM ( )  RATIONAL_B_SPLINE_CURVE ( ( 1.000000000000000000, 0.3333333333333338144, 0.3333333333333338144, 1.000000000000000000 ) ) 
 REPRESENTATION_ITEM ( '' )  );
#784 = CARTESIAN_POINT ( 'NONE',  ( -24.24871130596427093, 2.654222231933786525E-14, 15.00000000000000000 ) ) ;
#785 = CARTESIAN_POINT ( 'NONE',  ( -21.64917412059086388, 10.71072053926307532, -1.887174006952978766 ) ) ;
#786 = LINE ( 'NONE', #1985, #1732 ) ;
#787 = PLANE ( 'NONE',  #1203 ) ;
#788 = EDGE_CURVE ( 'NONE', #822, #248, #2055, .T. ) ;
#789 = EDGE_LOOP ( 'NONE', ( #462, #1440, #1922, #179, #564 ) ) ;
#790 = CARTESIAN_POINT ( 'NONE',  ( 20.78460969082651388, 6.000000000000011546, 15.00000000000000000 ) ) ;
#791 = ORIENTED_EDGE ( 'NONE', *, *, #1120, .F. ) ;
#792 = VECTOR ( 'NONE', #1389, 1000.000000000000000 ) ;
#793 = CARTESIAN_POINT ( 'NONE',  ( -3.290810940565327858, -1.437822173509141654, -16.35093975130540045 ) ) ;
#794 = CARTESIAN_POINT ( 'NONE',  ( -13.85640646055101932, 5.999999999999999112, 15.00000000000000000 ) ) ;
#795 = CARTESIAN_POINT ( 'NONE',  ( -8.660254037844300257, -15.00000000000018652, -6.063975160109620788 ) ) ;
#796 = AXIS2_PLACEMENT_3D ( 'NONE', #367, #1032, #1820 ) ;
#797 = CARTESIAN_POINT ( 'NONE',  ( 20.53699092091902045, -1.628911983310152189, 8.499971568492563634 ) ) ;
#798 = AXIS2_PLACEMENT_3D ( 'NONE', #40, #73, #1553 ) ;
#799 = VERTEX_POINT ( 'NONE', #215 ) ;
#800 = LINE ( 'NONE', #1304, #526 ) ;
#801 = ORIENTED_EDGE ( 'NONE', *, *, #324, .T. ) ;
#802 = DIRECTION ( 'NONE',  ( -0.5000000000000000000, 0.8660254037844385966, 0.000000000000000000 ) ) ;
#803 = EDGE_LOOP ( 'NONE', ( #128, #1308, #2106, #580 ) ) ;
#804 = CARTESIAN_POINT ( 'NONE',  ( -22.40540045587412621, 13.29926438659935251, -2.432391962128285456 ) ) ;
#805 = CARTESIAN_POINT ( 'NONE',  ( 15.15501743054735506, 10.85016405143117879, -15.62520949583885788 ) ) ;
#806 = ORIENTED_EDGE ( 'NONE', *, *, #1961, .F. ) ;
#807 = CARTESIAN_POINT ( 'NONE',  ( 33.78987390958358361, -60.20874128731086472, 32.06678230308958177 ) ) ;
#808 = CARTESIAN_POINT ( 'NONE',  ( -20.92050807568877957, -1.209484614510983555E-13, 0.2416023444213408755 ) ) ;
#809 = ORIENTED_EDGE ( 'NONE', *, *, #1758, .T. ) ;
#810 = CIRCLE ( 'NONE', #1940, 3.599999999999999201 ) ;
#811 = CARTESIAN_POINT ( 'NONE',  ( 12.35088800770707529, -8.607634452058244179, -6.579636268419271516 ) ) ;
#812 = ORIENTED_EDGE ( 'NONE', *, *, #685, .T. ) ;
#813 = EDGE_CURVE ( 'NONE', #1234, #239, #559, .T. ) ;
#814 = CARTESIAN_POINT ( 'NONE',  ( -21.88264728713883045, 12.40063476441310542, -2.977381049922766199 ) ) ;
#815 = CARTESIAN_POINT ( 'NONE',  ( 13.85640646055101932, 5.999999999999999112, -13.14683270777305957 ) ) ;
#816 = DIRECTION ( 'NONE',  ( 0.6656986149863673985, -0.2500000000000014433, -0.7030969734007049832 ) ) ;
#817 = DIRECTION ( 'NONE',  ( 0.5000000000000005551, 0.8660254037844383745, 0.000000000000000000 ) ) ;
#818 = CARTESIAN_POINT ( 'NONE',  ( 0.000000000000000000, 0.000000000000000000, 0.000000000000000000 ) ) ;
#819 = CARTESIAN_POINT ( 'NONE',  ( -21.98938676518548974, 6.000000000000027534, 11.68990219272202324 ) ) ;
#820 = ORIENTED_EDGE ( 'NONE', *, *, #407, .T. ) ;
#821 = CARTESIAN_POINT ( 'NONE',  ( -19.69615506024414131, 15.65145970619843219, -6.549370148751962439 ) ) ;
#822 = VERTEX_POINT ( 'NONE', #1745 ) ;
#823 = EDGE_CURVE ( 'NONE', #799, #248, #2078, .T. ) ;
#824 = CARTESIAN_POINT ( 'NONE',  ( -10.30479431694005044, -63.20874128731087893, 42.58629911674632496 ) ) ;
#825 = CARTESIAN_POINT ( 'NONE',  ( -20.84634457441207189, -0.7304892909316710314, 10.99087473454347830 ) ) ;
#826 = ORGANIZATION ( 'UNSPECIFIED', 'UNSPECIFIED', '' ) ;
#827 = LINE ( 'NONE', #337, #1863 ) ;
#828 = FACE_OUTER_BOUND ( 'NONE', #1613, .T. ) ;
#829 = CARTESIAN_POINT ( 'NONE',  ( 20.88000667441499658, -0.5447880098819443129, 9.239442284288566398 ) ) ;
#830 = CARTESIAN_POINT ( 'NONE',  ( 8.660254037844563157, -14.99999999999990585, 15.00000000000000000 ) ) ;
#831 = AXIS2_PLACEMENT_3D ( 'NONE', #1316, #345, #1677 ) ;
#832 = EDGE_LOOP ( 'NONE', ( #618, #916, #190 ) ) ;
#833 = CARTESIAN_POINT ( 'NONE',  ( -13.85640646055100866, -6.000000000000010658, 15.00000000000000000 ) ) ;
#834 = EDGE_LOOP ( 'NONE', ( #458, #393, #2077 ) ) ;
#835 = VECTOR ( 'NONE', #917, 1000.000000000000000 ) ;
#836 = AXIS2_PLACEMENT_3D ( 'NONE', #1261, #556, #725 ) ;
#837 = CARTESIAN_POINT ( 'NONE',  ( 14.99307982845868636, 12.51183721165939033, -16.45204079221667470 ) ) ;
#838 = CARTESIAN_POINT ( 'NONE',  ( -20.78460969082651388, 6.000000000000023981, 3.766364750562479546 ) ) ;
#839 = DIRECTION ( 'NONE',  ( -0.9618967477123847587, -0.2500000000000016098, -0.1107007079486665851 ) ) ;
#840 = EDGE_CURVE ( 'NONE', #1581, #728, #1909, .T. ) ;
#841 = CARTESIAN_POINT ( 'NONE',  ( 2.571086101620665865, 15.07050807568856676, -15.72479896846545877 ) ) ;
#842 = VERTEX_POINT ( 'NONE', #1735 ) ;
#843 = EDGE_CURVE ( 'NONE', #169, #1095, #902, .T. ) ;
#844 = B_SPLINE_CURVE_WITH_KNOTS ( 'NONE', 3,
 ( #1355, #990, #1680, #2041, #1169, #690, #173, #1368, #1657, #542, #161, #850, #373, #1016, #2030, #1028, #2169, #45, #530, #1193, #1865, #825, #702, #362, #1322, #1545, #1850, #1994 ),
 .UNSPECIFIED., .F., .F.,
 ( 4, 2, 2, 2, 2, 2, 2, 2, 2, 2, 2, 2, 2, 4 ),
 ( 0.000000000000000000, 0.0002965097443284822349, 0.0005930194886569644698, 0.001186038977313924169, 0.001779058465970884085, 0.002075568210299359815, 0.002372077954627835761, 0.002668587698956311708, 0.002965097443284787655, 0.003261607187613263601, 0.003558116931941739114, 0.003854626676270214193, 0.004151136420598690140, 0.004744155909255635961 ),
 .UNSPECIFIED. ) ;
#845 = LINE ( 'NONE', #819, #1989 ) ;
#846 = ORIENTED_EDGE ( 'NONE', *, *, #699, .F. ) ;
#847 = DIRECTION ( 'NONE',  ( -1.000000000000000000, 0.000000000000000000, 0.000000000000000000 ) ) ;
#848 = EDGE_LOOP ( 'NONE', ( #2112, #1915, #1843, #1687 ) ) ;
#849 = CARTESIAN_POINT ( 'NONE',  ( -23.78422007228903823, 0.8045224163958779595, 15.14744902163613105 ) ) ;
#850 = CARTESIAN_POINT ( 'NONE',  ( -20.33552836334472502, -1.969556220717077366, 11.49014831668461056 ) ) ;
#851 = CARTESIAN_POINT ( 'NONE',  ( 24.24871130596429225, -4.336808689942017736E-14, -6.908956590895279248 ) ) ;
#852 = EDGE_CURVE ( 'NONE', #428, #2070, #28, .T. ) ;
#853 = CARTESIAN_POINT ( 'NONE',  ( -13.85640646055101044, -6.000000000000010658, -1.549833725495738612 ) ) ;
#854 = CARTESIAN_POINT ( 'NONE',  ( 6.727507346848845771, -5.978348007442741974, -4.305125451459362651 ) ) ;
#855 = VECTOR ( 'NONE', #457, 1000.000000000000000 ) ;
#856 = VERTEX_POINT ( 'NONE', #1361 ) ;
#857 = EDGE_CURVE ( 'NONE', #576, #1536, #1998, .T. ) ;
#858 = DIRECTION ( 'NONE',  ( -0.9396926207859105373, 5.885668936349880086E-16, 0.3420201433256627732 ) ) ;
#859 = ORIENTED_EDGE ( 'NONE', *, *, #1906, .T. ) ;
#860 = CARTESIAN_POINT ( 'NONE',  ( -8.430334575627751903, -3.398232190208135606, -0.3733539088432700770 ) ) ;
#861 = DIRECTION ( 'NONE',  ( 0.9396926207859105373, -5.885668936349880086E-16, -0.3420201433256627732 ) ) ;
#862 = VERTEX_POINT ( 'NONE', #1686 ) ;
#863 = EDGE_CURVE ( 'NONE', #1631, #2070, #845, .T. ) ;
#864 = LINE ( 'NONE', #219, #623 ) ;
#865 = LINE ( 'NONE', #1000, #682 ) ;
#866 = CYLINDRICAL_SURFACE ( 'NONE', #318, 2.250000000000001776 ) ;
#867 = AXIS2_PLACEMENT_3D ( 'NONE', #1212, #1570, #391 ) ;
#868 = FACE_OUTER_BOUND ( 'NONE', #359, .T. ) ;
#869 = EDGE_LOOP ( 'NONE', ( #1487, #1525, #1823, #1463, #1972 ) ) ;
#870 = CYLINDRICAL_SURFACE ( 'NONE', #1809, 1.499999999999996225 ) ;
#871 = ORIENTED_EDGE ( 'NONE', *, *, #1825, .T. ) ;
#872 = DATE_TIME_ROLE ( 'creation_date' ) ;
#873 = CARTESIAN_POINT ( 'NONE',  ( 14.84544121948894357, 12.15521640234189782, -16.35176013345736123 ) ) ;
#874 = ORIENTED_EDGE ( 'NONE', *, *, #42, .F. ) ;
#875 = CARTESIAN_POINT ( 'NONE',  ( 23.72511486607636755, -66.20874128731091446, 24.67079518870525945 ) ) ;
#876 = LINE ( 'NONE', #665, #1143 ) ;
#877 = CARTESIAN_POINT ( 'NONE',  ( 20.78460969082652454, -6.000000000000000000, 15.00000000000000000 ) ) ;
#878 = DIRECTION ( 'NONE',  ( -0.1710100716628328577, 0.8660254037844363761, -0.4698463103929590434 ) ) ;
#879 = EDGE_LOOP ( 'NONE', ( #346, #1201 ) ) ;
#880 = FACE_OUTER_BOUND ( 'NONE', #1013, .T. ) ;
#881 = DIRECTION ( 'NONE',  ( 1.000000000000000000, 0.000000000000000000, 0.000000000000000000 ) ) ;
#882 = CARTESIAN_POINT ( 'NONE',  ( -19.69615506024414131, 17.32050807568860051, -3.472963553338712650 ) ) ;
#883 = VERTEX_POINT ( 'NONE', #695 ) ;
#884 = ADVANCED_FACE ( 'NONE', ( #200 ), #870, .F. ) ;
#885 = CIRCLE ( 'NONE', #401, 3.599999999999999201 ) ;
#886 = DIRECTION ( 'NONE',  ( -0.07837935813198283752, -0.1357570305492309115, 0.9876369296838153344 ) ) ;
#887 = DIRECTION ( 'NONE',  ( 1.000000000000000000, -3.255014963930509624E-15, -0.000000000000000000 ) ) ;
#888 = DIRECTION ( 'NONE',  ( -0.3420201433256622181, 0.000000000000000000, -0.9396926207859107594 ) ) ;
#889 = FACE_OUTER_BOUND ( 'NONE', #286, .T. ) ;
#890 = ORIENTED_EDGE ( 'NONE', *, *, #1543, .T. ) ;
#891 = CARTESIAN_POINT ( 'NONE',  ( 13.85640646055100866, -6.000000000000000000, 15.00000000000000000 ) ) ;
#892 = APPROVAL_ROLE ( '' ) ;
#893 = ADVANCED_FACE ( 'NONE', ( #2045 ), #658, .F. ) ;
#894 = ORIENTED_EDGE ( 'NONE', *, *, #1706, .F. ) ;
#895 = DIRECTION ( 'NONE',  ( -0.5000000000000000000, -0.8660254037844385966, -0.000000000000000000 ) ) ;
#896 = ORIENTED_EDGE ( 'NONE', *, *, #2143, .T. ) ;
#897 = EDGE_CURVE ( 'NONE', #1990, #1431, #1600, .T. ) ;
#898 = CARTESIAN_POINT ( 'NONE',  ( -5.272414795186447733, -60.20874128731085051, 46.28429267393850921 ) ) ;
#899 = FACE_OUTER_BOUND ( 'NONE', #2163, .T. ) ;
#900 = DIRECTION ( 'NONE',  ( 0.9396926207859097602, 0.000000000000000000, -0.3420201433256649937 ) ) ;
#901 = ORIENTED_EDGE ( 'NONE', *, *, #545, .F. ) ;
#902 = LINE ( 'NONE', #249, #761 ) ;
#903 = DIRECTION ( 'NONE',  ( 0.000000000000000000, 0.000000000000000000, 1.000000000000000000 ) ) ;
#904 = ORIENTED_EDGE ( 'NONE', *, *, #2010, .F. ) ;
#905 = LINE ( 'NONE', #1035, #1854 ) ;
#906 = VECTOR ( 'NONE', #242, 1000.000000000000000 ) ;
#907 = AXIS2_PLACEMENT_3D ( 'NONE', #818, #1979, #319 ) ;
#908 = LINE ( 'NONE', #1080, #595 ) ;
#909 = ORIENTED_EDGE ( 'NONE', *, *, #621, .T. ) ;
#910 = DIRECTION ( 'NONE',  ( 0.9396926207859105373, -5.885668936349880086E-16, -0.3420201433256627732 ) ) ;
#911 = CARTESIAN_POINT ( 'NONE',  ( -19.05035297983931386, -9.003820736797147006, 5.092898940098146809 ) ) ;
#912 = AXIS2_PLACEMENT_3D ( 'NONE', #597, #1597, #255 ) ;
#913 = EDGE_CURVE ( 'NONE', #1226, #421, #4, .T. ) ;
#914 = ORIENTED_EDGE ( 'NONE', *, *, #1661, .F. ) ;
#915 = DIRECTION ( 'NONE',  ( -0.1710100716628328577, 0.8660254037844363761, -0.4698463103929590434 ) ) ;
#916 = ORIENTED_EDGE ( 'NONE', *, *, #1605, .T. ) ;
#917 = DIRECTION ( 'NONE',  ( -1.000000000000000000, -1.752700365193356509E-15, 0.000000000000000000 ) ) ;
#918 = FACE_OUTER_BOUND ( 'NONE', #711, .T. ) ;
#919 = CARTESIAN_POINT ( 'NONE',  ( -23.37499648273561803, 25.22761131918290189, 9.999999999999998224 ) ) ;
#920 = VECTOR ( 'NONE', #1695, 1000.000000000000114 ) ;
#921 = FACE_BOUND ( 'NONE', #1734, .T. ) ;
#922 = AXIS2_PLACEMENT_3D ( 'NONE', #1324, #1113, #636 ) ;
#923 = ADVANCED_FACE ( 'NONE', ( #166 ), #1514, .F. ) ;
#924 = ORIENTED_EDGE ( 'NONE', *, *, #1683, .F. ) ;
#925 = VERTEX_POINT ( 'NONE', #684 ) ;
#926 = CARTESIAN_POINT ( 'NONE',  ( 13.85640646055101932, 5.999999999999999112, -74.56220884755757083 ) ) ;
#927 = EDGE_CURVE ( 'NONE', #1957, #1550, #496, .T. ) ;
#928 = CYLINDRICAL_SURFACE ( 'NONE', #588, 8.999999999999992895 ) ;
#929 = LINE ( 'NONE', #84, #1014 ) ;
#930 = ADVANCED_FACE ( 'NONE', ( #1198 ), #1872, .F. ) ;
#931 = CARTESIAN_POINT ( 'NONE',  ( -35.62003995448162641, -0.2237205583714106383, -10.85964067139755329 ) ) ;
#932 = ORIENTED_EDGE ( 'NONE', *, *, #202, .F. ) ;
#933 = VERTEX_POINT ( 'NONE', #1350 ) ;
#934 = APPROVAL ( #1874, 'UNSPECIFIED' ) ;
#935 = DIRECTION ( 'NONE',  ( 0.2515460552138211736, -0.9678453296402091954, 0.000000000000000000 ) ) ;
#936 = VECTOR ( 'NONE', #155, 1000.000000000000000 ) ;
#937 = B_SPLINE_CURVE_WITH_KNOTS ( 'NONE', 3,
 ( #1156, #652, #1298, #313, #2168, #1121, #804, #335, #1321, #489, #1656, #999, #814, #456, #302, #664, #2155, #1974, #118, #1835, #785, #466 ),
 .UNSPECIFIED., .F., .F.,
 ( 4, 2, 2, 2, 2, 2, 2, 2, 2, 2, 4 ),
 ( 0.004750883182516487183, 0.005047541771604333385, 0.005344200360692179588, 0.005937517538867871994, 0.006234176127955719932, 0.006530834717043567869, 0.007124151895219258540, 0.007717469073394950946, 0.008014127662482797149, 0.008310786251570646821, 0.009497420607922038571 ),
 .UNSPECIFIED. ) ;
#938 = CARTESIAN_POINT ( 'NONE',  ( 20.78460969082652454, -6.000000000000000000, 15.00000000000000000 ) ) ;
#939 = VECTOR ( 'NONE', #886, 1000.000000000000000 ) ;
#940 = VERTEX_POINT ( 'NONE', #1698 ) ;
#941 = CARTESIAN_POINT ( 'NONE',  ( -20.92050807568877957, -1.209484614510983555E-13, 0.2416023444213408755 ) ) ;
#942 = AXIS2_PLACEMENT_3D ( 'NONE', #661, #18, #1165 ) ;
#943 = CARTESIAN_POINT ( 'NONE',  ( -5.692515485725110125, 1.724836600143576426, -22.94956875733355872 ) ) ;
#944 = CARTESIAN_POINT ( 'NONE',  ( 16.89733368918939860, 11.48206694920196114, -14.37189596159360150 ) ) ;
#945 = ORIENTED_EDGE ( 'NONE', *, *, #1099, .F. ) ;
#946 = AXIS2_PLACEMENT_3D ( 'NONE', #1791, #1295, #1943 ) ;
#947 = APPROVAL_ROLE ( '' ) ;
#948 = ORIENTED_EDGE ( 'NONE', *, *, #852, .F. ) ;
#949 = CARTESIAN_POINT ( 'NONE',  ( 12.85575219373088807, 19.03724354144992148, -12.15658493566869680 ) ) ;
#950 = VERTEX_POINT ( 'NONE', #37 ) ;
#951 = CARTESIAN_POINT ( 'NONE',  ( 15.43015698897879417, 6.000000000000005329, -5.083465892189244606 ) ) ;
#952 = EDGE_CURVE ( 'NONE', #1211, #1175, #707, .T. ) ;
#953 = CARTESIAN_POINT ( 'NONE',  ( 19.53842564112618518, -2.835928991337247407, 10.66710087485333425 ) ) ;
#954 = CARTESIAN_POINT ( 'NONE',  ( 14.87590737220682158, 11.27787397655297674, -15.93060182320752283 ) ) ;
#955 = DIRECTION ( 'NONE',  ( -0.000000000000000000, -0.000000000000000000, -1.000000000000000000 ) ) ;
#956 = VERTEX_POINT ( 'NONE', #1162 ) ;
#957 = AXIS2_PLACEMENT_3D ( 'NONE', #1733, #1062, #1030 ) ;
#958 = CARTESIAN_POINT ( 'NONE',  ( -12.07727216266807879, 15.07050807568857920, -10.39323257939710565 ) ) ;
#959 = EDGE_CURVE ( 'NONE', #1536, #31, #734, .T. ) ;
#960 = EDGE_LOOP ( 'NONE', ( #600, #1845, #967, #1186 ) ) ;
#961 = VECTOR ( 'NONE', #102, 1000.000000000000114 ) ;
#962 = FACE_BOUND ( 'NONE', #533, .T. ) ;
#963 = DIRECTION ( 'NONE',  ( 3.255014963930509624E-15, 1.000000000000000000, -0.000000000000000000 ) ) ;
#964 = CARTESIAN_POINT ( 'NONE',  ( -5.692515485725111013, 1.724836600143576204, -22.94956875733355872 ) ) ;
#965 = VERTEX_POINT ( 'NONE', #330 ) ;
#966 = CARTESIAN_POINT ( 'NONE',  ( 20.90467461984246000, -0.3372687115186695506, 9.999999999999998224 ) ) ;
#967 = ORIENTED_EDGE ( 'NONE', *, *, #1913, .F. ) ;
#968 = ORIENTED_EDGE ( 'NONE', *, *, #719, .F. ) ;
#969 = DIRECTION ( 'NONE',  ( -0.2515460552138206185, 0.9678453296402093065, 0.000000000000000000 ) ) ;
#970 = CARTESIAN_POINT ( 'NONE',  ( -7.863087061571967240, -31.61926629498011820, -9.002498705186773975 ) ) ;
#971 = CARTESIAN_POINT ( 'NONE',  ( 2.259841848651774843, -11.00586604837401516, -6.747518590820328122 ) ) ;
#972 = DIRECTION ( 'NONE',  ( -1.000000000000000000, -1.041604788457761281E-14, 0.000000000000000000 ) ) ;
#973 = ADVANCED_FACE ( 'NONE', ( #2022 ), #521, .F. ) ;
#974 = EDGE_CURVE ( 'NONE', #638, #1094, #510, .T. ) ;
#975 = DIRECTION ( 'NONE',  ( 0.8660254037844383745, -0.5000000000000004441, 0.000000000000000000 ) ) ;
#976 = ORIENTED_EDGE ( 'NONE', *, *, #1427, .T. ) ;
#977 = CARTESIAN_POINT ( 'NONE',  ( -36.04636071761230198, -0.2237205583713886559, -12.03469481896324389 ) ) ;
#978 = VERTEX_POINT ( 'NONE', #1841 ) ;
#979 = VECTOR ( 'NONE', #703, 1000.000000000000000 ) ;
#980 = CARTESIAN_POINT ( 'NONE',  ( 22.65662757892905432, 23.08081003162475042, 9.999999999999998224 ) ) ;
#981 = CARTESIAN_POINT ( 'NONE',  ( 14.79595453035242336, 11.52413890095087901, -16.07530721468604895 ) ) ;
#982 = PLANE ( 'NONE',  #922 ) ;
#983 = DIRECTION ( 'NONE',  ( -1.041604788457761281E-14, 1.000000000000000000, 0.000000000000000000 ) ) ;
#984 = CARTESIAN_POINT ( 'NONE',  ( 0.2748033893468552202, 9.820508075688527683, -24.56587275535989434 ) ) ;
#985 = CARTESIAN_POINT ( 'NONE',  ( 12.85575219373088807, 17.32050807568859341, -15.32088886237948167 ) ) ;
#986 = ORIENTED_EDGE ( 'NONE', *, *, #788, .F. ) ;
#987 = CARTESIAN_POINT ( 'NONE',  ( -17.13116681757666981, 6.000000000000005329, 6.650690319970155251 ) ) ;
#988 = ORIENTED_EDGE ( 'NONE', *, *, #2142, .F. ) ;
#989 = DIRECTION ( 'NONE',  ( -0.000000000000000000, -0.000000000000000000, -1.000000000000000000 ) ) ;
#990 = CARTESIAN_POINT ( 'NONE',  ( -19.40467461984262698, -2.935344922872027418, 10.10036328196894573 ) ) ;
#991 = LINE ( 'NONE', #678, #143 ) ;
#992 = CARTESIAN_POINT ( 'NONE',  ( -27.45209288774861633, -5.548419655680807416, 6.027872274689843657 ) ) ;
#993 = CARTESIAN_POINT ( 'NONE',  ( 19.47378376242284403, -2.885322422630134831, 9.512946772764232506 ) ) ;
#994 = DIRECTION ( 'NONE',  ( 0.5000000000000132117, -0.8660254037844310471, 0.000000000000000000 ) ) ;
#995 = CC_DESIGN_PERSON_AND_ORGANIZATION_ASSIGNMENT ( #204, #39, ( #733 ) ) ;
#996 = ORIENTED_EDGE ( 'NONE', *, *, #694, .T. ) ;
#997 = CARTESIAN_POINT ( 'NONE',  ( -0.09940804354156840272, -70.70874128731094288, 25.04776750743738845 ) ) ;
#998 = VERTEX_POINT ( 'NONE', #1187 ) ;
#999 = CARTESIAN_POINT ( 'NONE',  ( -21.98049609377646618, 12.57613159052694485, -2.944438010365399983 ) ) ;
#1000 = CARTESIAN_POINT ( 'NONE',  ( -13.85640646055100866, -6.000000000000010658, 15.00000000000000000 ) ) ;
#1001 = EDGE_CURVE ( 'NONE', #167, #230, #356, .T. ) ;
#1002 = VECTOR ( 'NONE', #415, 1000.000000000000114 ) ;
#1003 = CARTESIAN_POINT ( 'NONE',  ( -20.48774676960860219, -1.714169796576585414, 8.500014239027668950 ) ) ;
#1004 = CARTESIAN_POINT ( 'NONE',  ( 13.85640646055101932, 5.999999999999999112, -13.14683270777305957 ) ) ;
#1005 =( BOUNDED_CURVE ( )  B_SPLINE_CURVE ( 3, ( #1572, #403, #71, #860 ),
 .UNSPECIFIED., .F., .T. ) 
 B_SPLINE_CURVE_WITH_KNOTS ( ( 4, 4 ),
 ( 6.113414747911244618, 6.316320580148418351 ),
 .UNSPECIFIED. ) 
 CURVE ( )  GEOMETRIC_REPRESENTATION_ITEM ( )  RATIONAL_B_SPLINE_CURVE ( ( 1.000000000000000000, 0.9965720436929440540, 0.9965720436929440540, 1.000000000000000000 ) ) 
 REPRESENTATION_ITEM ( '' )  );
#1006 = LINE ( 'NONE', #964, #1585 ) ;
#1007 = AXIS2_PLACEMENT_3D ( 'NONE', #985, #1651, #1831 ) ;
#1008 = VERTEX_POINT ( 'NONE', #2150 ) ;
#1009 = DIRECTION ( 'NONE',  ( -0.3420201433256632173, 0.000000000000000000, -0.9396926207859104263 ) ) ;
#1010 = VECTOR ( 'NONE', #1250, 1000.000000000000114 ) ;
#1011 = ORIENTED_EDGE ( 'NONE', *, *, #1436, .T. ) ;
#1012 = DIRECTION ( 'NONE',  ( -0.1143311995462826386, -2.003883351977641179E-16, 0.9934426892429719658 ) ) ;
#1013 = EDGE_LOOP ( 'NONE', ( #1840, #1154, #874, #1767, #1499 ) ) ;
#1014 = VECTOR ( 'NONE', #1891, 1000.000000000000114 ) ;
#1015 = CARTESIAN_POINT ( 'NONE',  ( 16.44005052163782210, 13.55807500715472358, -15.56892816963761561 ) ) ;
#1016 = CARTESIAN_POINT ( 'NONE',  ( -20.48742224923951483, -1.714787730115164610, 11.50005277830414130 ) ) ;
#1017 = CARTESIAN_POINT ( 'NONE',  ( -17.79032549820653486, 6.000000000000005329, -1.313146461724437497 ) ) ;
#1018 = DIRECTION ( 'NONE',  ( -0.4999999999999990008, -0.8660254037844391517, 0.000000000000000000 ) ) ;
#1019 = EDGE_CURVE ( 'NONE', #1779, #476, #66, .T. ) ;
#1020 = LINE ( 'NONE', #1041, #290 ) ;
#1021 = ORIENTED_EDGE ( 'NONE', *, *, #2121, .F. ) ;
#1022 = DIRECTION ( 'NONE',  ( 0.000000000000000000, -0.8520312918379399081, 0.5234908573499363893 ) ) ;
#1023 = ORIENTED_EDGE ( 'NONE', *, *, #1655, .F. ) ;
#1024 = CALENDAR_DATE ( 2026, 31, 3 ) ;
#1025 = CARTESIAN_POINT ( 'NONE',  ( -4.658891513867969181, 5.490381056766349133, -20.10971023444907857 ) ) ;
#1026 = ORIENTED_EDGE ( 'NONE', *, *, #633, .F. ) ;
#1027 = CARTESIAN_POINT ( 'NONE',  ( -17.79032549820653486, 6.000000000000005329, -1.313146461724437497 ) ) ;
#1028 = CARTESIAN_POINT ( 'NONE',  ( -20.61701419967097237, -1.449991219279426424, 11.45109177013821800 ) ) ;
#1029 = DIRECTION ( 'NONE',  ( -0.3420201433256647161, 0.000000000000000000, -0.9396926207859098712 ) ) ;
#1030 = DIRECTION ( 'NONE',  ( 0.000000000000000000, 0.4768709627114781080, 0.8789733129752164142 ) ) ;
#1031 = ORIENTED_EDGE ( 'NONE', *, *, #1945, .F. ) ;
#1032 = DIRECTION ( 'NONE',  ( -0.8660254037844387076, -0.5000000000000001110, 0.000000000000000000 ) ) ;
#1033 = VERTEX_POINT ( 'NONE', #966 ) ;
#1034 = PERSON_AND_ORGANIZATION_ROLE ( 'creator' ) ;
#1035 = CARTESIAN_POINT ( 'NONE',  ( 7.794228634059950700, -4.499999999999996447, 15.00000000000000000 ) ) ;
#1036 = ORIENTED_EDGE ( 'NONE', *, *, #465, .T. ) ;
#1037 = CARTESIAN_POINT ( 'NONE',  ( 16.17654558344594662, -70.70874128731094288, 19.12380485291700793 ) ) ;
#1038 = DIRECTION ( 'NONE',  ( 0.9396926207859105373, -5.885668936349880086E-16, -0.3420201433256627732 ) ) ;
#1039 = DIRECTION ( 'NONE',  ( -1.000000000000000000, 0.000000000000000000, 0.000000000000000000 ) ) ;
#1040 = AXIS2_PLACEMENT_3D ( 'NONE', #79, #379, #718 ) ;
#1041 = CARTESIAN_POINT ( 'NONE',  ( -3.794412866145048469, -61.53969291782070883, 43.29312065035144030 ) ) ;
#1042 = VECTOR ( 'NONE', #989, 1000.000000000000000 ) ;
#1043 = ORIENTED_EDGE ( 'NONE', *, *, #1729, .F. ) ;
#1044 = CARTESIAN_POINT ( 'NONE',  ( -20.78460969082651388, 6.000000000000023981, 15.00000000000000000 ) ) ;
#1045 = ADVANCED_FACE ( 'NONE', ( #1138 ), #1808, .T. ) ;
#1046 = CARTESIAN_POINT ( 'NONE',  ( 0.000000000000000000, 0.000000000000000000, 0.000000000000000000 ) ) ;
#1047 = CARTESIAN_POINT ( 'NONE',  ( -15.26623243910820982, -2.956340915549525938, 0.000000000000000000 ) ) ;
#1048 = ORIENTED_EDGE ( 'NONE', *, *, #390, .T. ) ;
#1049 = PLANE ( 'NONE',  #1705 ) ;
#1050 = LINE ( 'NONE', #1763, #961 ) ;
#1051 = DIRECTION ( 'NONE',  ( -1.000000000000000000, 0.000000000000000000, 0.000000000000000000 ) ) ;
#1052 = ADVANCED_FACE ( 'NONE', ( #144 ), #1632, .F. ) ;
#1053 = CARTESIAN_POINT ( 'NONE',  ( -2.316410937103656309, -66.20874128731091446, 34.14913543593787182 ) ) ;
#1054 = ORIENTED_EDGE ( 'NONE', *, *, #1297, .F. ) ;
#1055 = CARTESIAN_POINT ( 'NONE',  ( -5.735268003640807244, -0.2237205583714159118, -23.06703033493180754 ) ) ;
#1056 = ORIENTED_EDGE ( 'NONE', *, *, #719, .T. ) ;
#1057 = CARTESIAN_POINT ( 'NONE',  ( 28.64184892813332439, -6.000000000000000000, -0.6160755262504015173 ) ) ;
#1058 = ORIENTED_EDGE ( 'NONE', *, *, #1474, .F. ) ;
#1059 = EDGE_CURVE ( 'NONE', #1990, #683, #800, .T. ) ;
#1060 = DIRECTION ( 'NONE',  ( -0.1710100716628328577, 0.8660254037844363761, -0.4698463103929590434 ) ) ;
#1061 = DIRECTION ( 'NONE',  ( 1.000000000000000000, 0.000000000000000000, -0.000000000000000000 ) ) ;
#1062 = DIRECTION ( 'NONE',  ( -0.1710100716628328577, 0.8660254037844364872, -0.4698463103929590989 ) ) ;
#1063 = ORIENTED_EDGE ( 'NONE', *, *, #432, .T. ) ;
#1064 = CARTESIAN_POINT ( 'NONE',  ( -17.32050807568878170, -1.209484614510983555E-13, 0.000000000000000000 ) ) ;
#1065 = APPROVAL_DATE_TIME ( #1700, #934 ) ;
#1066 = VECTOR ( 'NONE', #55, 1000.000000000000000 ) ;
#1067 = VERTEX_POINT ( 'NONE', #1485 ) ;
#1068 = DIRECTION ( 'NONE',  ( 0.7261554316666062325, 0.000000000000000000, 0.6875305731828110778 ) ) ;
#1069 = EDGE_CURVE ( 'NONE', #52, #1581, #639, .T. ) ;
#1070 = CARTESIAN_POINT ( 'NONE',  ( 16.98104795175734694, 12.81976394602576974, -14.46713729792341852 ) ) ;
#1071 = DIRECTION ( 'NONE',  ( -0.1710100716628328577, 0.8660254037844364872, -0.4698463103929590989 ) ) ;
#1072 = CARTESIAN_POINT ( 'NONE',  ( 20.33507183043646904, -1.970236668525033208, 11.49001477097682944 ) ) ;
#1073 = ORIENTED_EDGE ( 'NONE', *, *, #522, .F. ) ;
#1074 = PLANE ( 'NONE',  #1704 ) ;
#1075 = ORIENTED_EDGE ( 'NONE', *, *, #2081, .F. ) ;
#1076 = DIRECTION ( 'NONE',  ( -0.000000000000000000, -0.000000000000000000, -1.000000000000000000 ) ) ;
#1077 = AXIS2_PLACEMENT_3D ( 'NONE', #1675, #1526, #1486 ) ;
#1078 = EDGE_CURVE ( 'NONE', #421, #617, #485, .T. ) ;
#1079 = CIRCLE ( 'NONE', #137, 3.499999999999996447 ) ;
#1080 = CARTESIAN_POINT ( 'NONE',  ( -18.24121441918007136, -5.999999999999996447, 2.952839145021401546 ) ) ;
#1081 = ORIENTED_EDGE ( 'NONE', *, *, #2103, .F. ) ;
#1082 = CARTESIAN_POINT ( 'NONE',  ( -18.29189645439079825, 25.00884492539386628, 20.82892497341590854 ) ) ;
#1083 = CARTESIAN_POINT ( 'NONE',  ( 19.82115432995384552, -2.590734631513809560, 11.12814862362261437 ) ) ;
#1084 = EDGE_CURVE ( 'NONE', #1431, #1152, #154, .T. ) ;
#1085 = ORIENTED_EDGE ( 'NONE', *, *, #85, .F. ) ;
#1086 = CALENDAR_DATE ( 2026, 31, 3 ) ;
#1087 = ORIENTED_EDGE ( 'NONE', *, *, #974, .F. ) ;
#1088 = LINE ( 'NONE', #790, #835 ) ;
#1089 = AXIS2_PLACEMENT_3D ( 'NONE', #163, #1171, #517 ) ;
#1090 = DIRECTION ( 'NONE',  ( 0.4999999999999998890, 0.8660254037844385966, 0.000000000000000000 ) ) ;
#1091 = EDGE_CURVE ( 'NONE', #2048, #476, #1126, .T. ) ;
#1092 = FACE_BOUND ( 'NONE', #1294, .T. ) ;
#1093 = LINE ( 'NONE', #418, #2111 ) ;
#1094 = VERTEX_POINT ( 'NONE', #808 ) ;
#1095 = VERTEX_POINT ( 'NONE', #821 ) ;
#1096 = CARTESIAN_POINT ( 'NONE',  ( -20.78460969082651388, 6.000000000000023981, 3.766364750562479546 ) ) ;
#1097 = LINE ( 'NONE', #568, #2086 ) ;
#1098 = APPLICATION_CONTEXT ( 'configuration controlled 3d designs of mechanical parts and assemblies' ) ;
#1099 = EDGE_CURVE ( 'NONE', #72, #1067, #1689, .T. ) ;
#1100 = CARTESIAN_POINT ( 'NONE',  ( 22.05981209872511428, 6.000000000000017764, -13.27484086764656368 ) ) ;
#1101 = PLANE ( 'NONE',  #1338 ) ;
#1102 = LINE ( 'NONE', #1775, #855 ) ;
#1103 = ORIENTED_EDGE ( 'NONE', *, *, #1099, .T. ) ;
#1104 = VERTEX_POINT ( 'NONE', #1176 ) ;
#1105 = DIRECTION ( 'NONE',  ( -0.9396926207859105373, 5.885668936349880086E-16, 0.3420201433256627732 ) ) ;
#1106 = CARTESIAN_POINT ( 'NONE',  ( 21.90662757892903656, 24.37984813730139422, 9.999999999999998224 ) ) ;
#1107 = APPROVAL_PERSON_ORGANIZATION ( #60, #680, #191 ) ;
#1108 = EDGE_CURVE ( 'NONE', #950, #862, #417, .T. ) ;
#1109 = CARTESIAN_POINT ( 'NONE',  ( 22.73780388451583434, 6.000000000000019540, -5.083465892189261481 ) ) ;
#1110 = VECTOR ( 'NONE', #563, 999.9999999999998863 ) ;
#1111 = CARTESIAN_POINT ( 'NONE',  ( 20.53370394083938777, -1.626306051676840614, 11.49014831668461412 ) ) ;
#1112 = DIRECTION ( 'NONE',  ( 0.9396926207859104263, -4.336808689942017736E-17, -0.3420201433256631618 ) ) ;
#1113 = DIRECTION ( 'NONE',  ( 0.9618967477123846477, 0.2500000000000018319, 0.1107007079486674039 ) ) ;
#1114 = EDGE_CURVE ( 'NONE', #856, #1226, #1860, .T. ) ;
#1115 = VECTOR ( 'NONE', #759, 1000.000000000000000 ) ;
#1116 = AXIS2_PLACEMENT_3D ( 'NONE', #784, #1446, #433 ) ;
#1117 = ORIENTED_EDGE ( 'NONE', *, *, #495, .F. ) ;
#1118 = DIRECTION ( 'NONE',  ( 1.000000000000000000, 1.752700365193356509E-15, 0.000000000000000000 ) ) ;
#1119 = EDGE_LOOP ( 'NONE', ( #1315, #131 ) ) ;
#1120 = EDGE_CURVE ( 'NONE', #940, #428, #512, .T. ) ;
#1121 = CARTESIAN_POINT ( 'NONE',  ( -22.46063446229321769, 13.40189347783429596, -2.266550615541243818 ) ) ;
#1122 = CARTESIAN_POINT ( 'NONE',  ( 21.76666049839543504, -4.299038105676642019, 9.999999999999998224 ) ) ;
#1123 = CARTESIAN_POINT ( 'NONE',  ( -12.07727216266808945, 15.07050807568857742, -10.39323257939710565 ) ) ;
#1124 = CARTESIAN_POINT ( 'NONE',  ( 19.99180009175348971, -2.414758220240338815, 8.700581645424446009 ) ) ;
#1125 = ORIENTED_EDGE ( 'NONE', *, *, #840, .F. ) ;
#1126 = LINE ( 'NONE', #1799, #1635 ) ;
#1127 = ORIENTED_EDGE ( 'NONE', *, *, #407, .F. ) ;
#1128 = ORIENTED_EDGE ( 'NONE', *, *, #317, .T. ) ;
#1129 = ADVANCED_FACE ( 'NONE', ( #1340 ), #2012, .F. ) ;
#1130 = CIRCLE ( 'NONE', #1343, 1.500000000000001110 ) ;
#1131 = EDGE_CURVE ( 'NONE', #576, #1590, #1903, .T. ) ;
#1132 = ADVANCED_FACE ( 'NONE', ( #1981 ), #1488, .F. ) ;
#1133 = CYLINDRICAL_SURFACE ( 'NONE', #1423, 1.499999999999996225 ) ;
#1134 = LINE ( 'NONE', #970, #281 ) ;
#1135 = CYLINDRICAL_SURFACE ( 'NONE', #543, 3.599999999999999201 ) ;
#1136 = CARTESIAN_POINT ( 'NONE',  ( 19.44836404867564639, -2.903909120931560839, 9.606782552984677537 ) ) ;
#1137 = EDGE_LOOP ( 'NONE', ( #1228, #547, #988, #1023 ) ) ;
#1138 = FACE_OUTER_BOUND ( 'NONE', #834, .T. ) ;
#1139 = EDGE_LOOP ( 'NONE', ( #586, #2139, #1036, #236, #511, #1058 ) ) ;
#1140 = CARTESIAN_POINT ( 'NONE',  ( 17.32050807568876749, 2.071797594602757948E-15, 15.00000000000000000 ) ) ;
#1141 = ORIENTED_EDGE ( 'NONE', *, *, #897, .T. ) ;
#1142 =( BOUNDED_CURVE ( )  B_SPLINE_CURVE ( 3, ( #2113, #1784, #622, #941 ),
 .UNSPECIFIED., .F., .T. ) 
 B_SPLINE_CURVE_WITH_KNOTS ( ( 4, 4 ),
 ( 1.999507497104555664, 2.105606086054017556 ),
 .UNSPECIFIED. ) 
 CURVE ( )  GEOMETRIC_REPRESENTATION_ITEM ( )  RATIONAL_B_SPLINE_CURVE ( ( 1.000000000000000000, 0.9990621440945313125, 0.9990621440945313125, 1.000000000000000000 ) ) 
 REPRESENTATION_ITEM ( '' )  );
#1143 = VECTOR ( 'NONE', #2003, 1000.000000000000000 ) ;
#1144 = ADVANCED_FACE ( 'NONE', ( #1844 ), #1812, .F. ) ;
#1145 = CARTESIAN_POINT ( 'NONE',  ( -24.24871130596427093, 2.654222231933786525E-14, 15.00000000000000000 ) ) ;
#1146 = CARTESIAN_POINT ( 'NONE',  ( -22.46926442589924022, 13.55742750684694187, -1.107243722331856972 ) ) ;
#1147 = CARTESIAN_POINT ( 'NONE',  ( -17.32050807568878170, -1.209484614510983555E-13, 15.00000000000000000 ) ) ;
#1148 = EDGE_CURVE ( 'NONE', #842, #645, #1653, .T. ) ;
#1149 = CARTESIAN_POINT ( 'NONE',  ( 20.38864201288401645, -1.885824270495199073, 8.500014239027667173 ) ) ;
#1150 = DIRECTION ( 'NONE',  ( -0.3939955625959708496, 0.6824203323729058912, -0.6156865977254475375 ) ) ;
#1151 = CARTESIAN_POINT ( 'NONE',  ( -16.00115023764066180, 9.820508075688527683, -18.64191010083951383 ) ) ;
#1152 = VERTEX_POINT ( 'NONE', #524 ) ;
#1153 = LINE ( 'NONE', #1822, #1962 ) ;
#1154 = ORIENTED_EDGE ( 'NONE', *, *, #1257, .T. ) ;
#1155 = EDGE_CURVE ( 'NONE', #612, #1375, #1153, .T. ) ;
#1156 = CARTESIAN_POINT ( 'NONE',  ( -22.51523807704076319, 13.58529661354818963, -1.503148687208226919 ) ) ;
#1157 = DIRECTION ( 'NONE',  ( -0.7261554316666062325, -1.272732890269200507E-15, -0.6875305731828110778 ) ) ;
#1158 = CARTESIAN_POINT ( 'NONE',  ( -20.90467461984247421, -0.3372687115186297491, 9.999999999999998224 ) ) ;
#1159 = DIRECTION ( 'NONE',  ( -0.1710100716628328577, 0.8660254037844363761, -0.4698463103929590434 ) ) ;
#1160 = ADVANCED_FACE ( 'NONE', ( #498, #322 ), #1504, .F. ) ;
#1161 = CARTESIAN_POINT ( 'NONE',  ( 20.74741836421768326, -1.105981492813300715, 8.700583300089430594 ) ) ;
#1162 = CARTESIAN_POINT ( 'NONE',  ( 16.61576109446332694, 11.49038105676638821, -18.22153501059314706 ) ) ;
#1163 = VECTOR ( 'NONE', #1953, 1000.000000000000114 ) ;
#1164 = ORIENTED_EDGE ( 'NONE', *, *, #1851, .F. ) ;
#1165 = DIRECTION ( 'NONE',  ( -0.3420201433256632173, 0.000000000000000000, -0.9396926207859104263 ) ) ;
#1166 = EDGE_LOOP ( 'NONE', ( #686, #607, #2151, #1353, #438, #1895 ) ) ;
#1167 = EDGE_CURVE ( 'NONE', #683, #1876, #2066, .T. ) ;
#1168 = CARTESIAN_POINT ( 'NONE',  ( -10.02651011358232047, 5.999999999999980460, 6.650690319970176567 ) ) ;
#1169 = CARTESIAN_POINT ( 'NONE',  ( -19.47402203881037508, -2.885143935645355651, 10.48781119214103619 ) ) ;
#1170 = CARTESIAN_POINT ( 'NONE',  ( -20.05098892689117562, -2.347949500105457332, 8.653454493556841598 ) ) ;
#1171 = DIRECTION ( 'NONE',  ( 0.05202627990274965447, -0.9883628525780074892, 0.1429410292510333025 ) ) ;
#1172 = CARTESIAN_POINT ( 'NONE',  ( -20.78460969082651388, 6.000000000000023981, 8.055381163697228786 ) ) ;
#1173 = ORIENTED_EDGE ( 'NONE', *, *, #2015, .T. ) ;
#1174 = DIRECTION ( 'NONE',  ( -0.000000000000000000, -0.000000000000000000, -1.000000000000000000 ) ) ;
#1175 = VERTEX_POINT ( 'NONE', #1466 ) ;
#1176 = CARTESIAN_POINT ( 'NONE',  ( -13.72050807568878028, -1.205075886034053241E-13, 15.00000000000000000 ) ) ;
#1177 = ORIENTED_EDGE ( 'NONE', *, *, #77, .F. ) ;
#1178 = EDGE_CURVE ( 'NONE', #722, #998, #1967, .T. ) ;
#1179 = FACE_OUTER_BOUND ( 'NONE', #250, .T. ) ;
#1180 = CARTESIAN_POINT ( 'NONE',  ( -13.85640646055100866, -6.000000000000010658, 15.00000000000000000 ) ) ;
#1181 = VECTOR ( 'NONE', #1679, 1000.000000000000114 ) ;
#1182 = CYLINDRICAL_SURFACE ( 'NONE', #1645, 1.250000000000006217 ) ;
#1183 = DIRECTION ( 'NONE',  ( 1.000000000000000000, 1.041604788457761281E-14, 0.000000000000000000 ) ) ;
#1184 = DIRECTION ( 'NONE',  ( -0.7261554316666057884, 0.000000000000000000, -0.6875305731828114109 ) ) ;
#1185 = VECTOR ( 'NONE', #1174, 1000.000000000000000 ) ;
#1186 = ORIENTED_EDGE ( 'NONE', *, *, #1281, .F. ) ;
#1187 = CARTESIAN_POINT ( 'NONE',  ( -17.13116681757666981, 6.000000000000005329, 6.650690319970155251 ) ) ;
#1188 = ORIENTED_EDGE ( 'NONE', *, *, #427, .T. ) ;
#1189 = CARTESIAN_POINT ( 'NONE',  ( -35.61883553845522243, -0.2237205583713886559, -10.86007904298085158 ) ) ;
#1190 = ORIENTED_EDGE ( 'NONE', *, *, #218, .F. ) ;
#1191 = AXIS2_PLACEMENT_3D ( 'NONE', #2156, #2147, #272 ) ;
#1192 = DIRECTION ( 'NONE',  ( 0.9396926207859105373, -8.456776945386935571E-16, -0.3420201433256626067 ) ) ;
#1193 = CARTESIAN_POINT ( 'NONE',  ( -20.79475151970779478, -0.9468492663324168390, 11.19094076623627387 ) ) ;
#1194 = DIRECTION ( 'NONE',  ( 0.9396926207859105373, -8.456776945386935571E-16, -0.3420201433256626067 ) ) ;
#1195 = CIRCLE ( 'NONE', #603, 1.500000000000068168 ) ;
#1196 = DIRECTION ( 'NONE',  ( -1.000000000000000000, 3.505400730386713018E-15, -0.000000000000000000 ) ) ;
#1197 = ORIENTED_EDGE ( 'NONE', *, *, #1251, .F. ) ;
#1198 = FACE_OUTER_BOUND ( 'NONE', #357, .T. ) ;
#1199 = ORIENTED_EDGE ( 'NONE', *, *, #552, .F. ) ;
#1200 = LINE ( 'NONE', #1715, #348 ) ;
#1201 = ORIENTED_EDGE ( 'NONE', *, *, #74, .F. ) ;
#1202 = VECTOR ( 'NONE', #1907, 1000.000000000000000 ) ;
#1203 = AXIS2_PLACEMENT_3D ( 'NONE', #1449, #963, #626 ) ;
#1204 = PRODUCT ( 'Mid Arm Connector V.3', 'Mid Arm Connector V.3', '', ( #1396 ) ) ;
#1205 = CARTESIAN_POINT ( 'NONE',  ( 19.40467461984246711, -2.935344922871994111, 9.999999999999998224 ) ) ;
#1206 = DIRECTION ( 'NONE',  ( -0.3420201433256627732, 0.000000000000000000, -0.9396926207859105373 ) ) ;
#1207 = CARTESIAN_POINT ( 'NONE',  ( -20.22481970126166573, -2.135074733322994245, 8.540241871383505767 ) ) ;
#1208 = EDGE_CURVE ( 'NONE', #1811, #612, #659, .T. ) ;
#1209 = EDGE_CURVE ( 'NONE', #264, #750, #2024, .T. ) ;
#1210 = LINE ( 'NONE', #1053, #920 ) ;
#1211 = VERTEX_POINT ( 'NONE', #811 ) ;
#1212 = CARTESIAN_POINT ( 'NONE',  ( -36.00481261572299729, 1.724836600143577314, -11.91679486978170033 ) ) ;
#1213 = APPLICATION_PROTOCOL_DEFINITION ( 'international standard', 'config_control_design', 1994, #316 ) ;
#1214 = DIRECTION ( 'NONE',  ( 0.1710100716628328854, -0.8660254037844363761, 0.4698463103929590989 ) ) ;
#1215 = ORIENTED_EDGE ( 'NONE', *, *, #1825, .F. ) ;
#1216 = CARTESIAN_POINT ( 'NONE',  ( -13.85640646055101932, 5.999999999999999112, 8.729739445961875788 ) ) ;
#1217 = DIRECTION ( 'NONE',  ( 0.9396926207859099822, -7.511572993685796142E-16, -0.3420201433256642165 ) ) ;
#1218 = CARTESIAN_POINT ( 'NONE',  ( 13.85640646055100866, -6.000000000000000000, 15.00000000000000000 ) ) ;
#1219 = AXIS2_PLACEMENT_3D ( 'NONE', #9, #1345, #515 ) ;
#1220 = CARTESIAN_POINT ( 'NONE',  ( -18.34635182148095112, 6.000000000000010658, 10.36394591082195937 ) ) ;
#1221 = CIRCLE ( 'NONE', #1491, 9.000000000000001776 ) ;
#1222 = ADVANCED_FACE ( 'NONE', ( #1991, #1739 ), #1227, .F. ) ;
#1223 = VERTEX_POINT ( 'NONE', #1541 ) ;
#1224 = DIRECTION ( 'NONE',  ( -0.1710100716628328577, 0.8660254037844363761, -0.4698463103929590434 ) ) ;
#1225 = PERSON_AND_ORGANIZATION_ROLE ( 'creator' ) ;
#1226 = VERTEX_POINT ( 'NONE', #1726 ) ;
#1227 = PLANE ( 'NONE',  #1289 ) ;
#1228 = ORIENTED_EDGE ( 'NONE', *, *, #1208, .T. ) ;
#1229 = VECTOR ( 'NONE', #251, 1000.000000000000114 ) ;
#1230 = AXIS2_PLACEMENT_3D ( 'NONE', #445, #1112, #2124 ) ;
#1231 = CARTESIAN_POINT ( 'NONE',  ( 0.000000000000000000, 0.000000000000000000, 15.00000000000000000 ) ) ;
#1232 = PLANE ( 'NONE',  #1576 ) ;
#1233 = CARTESIAN_POINT ( 'NONE',  ( 17.02390751448878703, 12.15521640234188361, -14.28916841390894454 ) ) ;
#1234 = VERTEX_POINT ( 'NONE', #1875 ) ;
#1235 = DIRECTION ( 'NONE',  ( 0.2133312028987081332, -0.4330127018922227955, -0.8757795372522626520 ) ) ;
#1236 = FACE_OUTER_BOUND ( 'NONE', #1285, .T. ) ;
#1237 = EDGE_LOOP ( 'NONE', ( #1177, #1249, #2165, #1559, #871, #69 ) ) ;
#1238 = FACE_OUTER_BOUND ( 'NONE', #696, .T. ) ;
#1239 = EDGE_CURVE ( 'NONE', #1642, #1592, #1409, .T. ) ;
#1240 = EDGE_CURVE ( 'NONE', #1359, #276, #2072, .T. ) ;
#1241 = AXIS2_PLACEMENT_3D ( 'NONE', #399, #1348, #1184 ) ;
#1242 = LINE ( 'NONE', #408, #906 ) ;
#1243 = EDGE_LOOP ( 'NONE', ( #203, #1125, #1573, #2100, #294, #1930, #1886, #1712, #87, #243, #29, #809, #1908, #429 ) ) ;
#1244 = DIRECTION ( 'NONE',  ( 0.000000000000000000, 0.000000000000000000, 1.000000000000000000 ) ) ;
#1245 = FACE_OUTER_BOUND ( 'NONE', #1137, .T. ) ;
#1246 = VERTEX_POINT ( 'NONE', #577 ) ;
#1247 = FACE_OUTER_BOUND ( 'NONE', #688, .T. ) ;
#1248 = VECTOR ( 'NONE', #261, 1000.000000000000114 ) ;
#1249 = ORIENTED_EDGE ( 'NONE', *, *, #1001, .F. ) ;
#1250 = DIRECTION ( 'NONE',  ( -0.4719139070981631656, 0.8173788638923620287, -0.3304376751361406961 ) ) ;
#1251 = EDGE_CURVE ( 'NONE', #389, #264, #275, .T. ) ;
#1252 = ADVANCED_FACE ( 'NONE', ( #1238 ), #1364, .F. ) ;
#1253 = FACE_BOUND ( 'NONE', #1950, .T. ) ;
#1254 = CARTESIAN_POINT ( 'NONE',  ( -10.00620592841326761, -0.2237205583714116930, -20.18231384232110059 ) ) ;
#1255 = CARTESIAN_POINT ( 'NONE',  ( 20.16710590385439872, -2.205778428910723399, 11.42221107567455718 ) ) ;
#1256 = ORIENTED_EDGE ( 'NONE', *, *, #340, .T. ) ;
#1257 = EDGE_CURVE ( 'NONE', #300, #933, #62, .T. ) ;
#1258 = EDGE_LOOP ( 'NONE', ( #1075, #1445, #1813, #1834 ) ) ;
#1259 = FACE_OUTER_BOUND ( 'NONE', #672, .T. ) ;
#1260 = CARTESIAN_POINT ( 'NONE',  ( 20.92050807568876536, 2.512670442295805113E-15, 15.00000000000000000 ) ) ;
#1261 = CARTESIAN_POINT ( 'NONE',  ( -5.364197869647443717, -4.937822173509172075, -22.04752352075101385 ) ) ;
#1262 = CARTESIAN_POINT ( 'NONE',  ( -19.38112960189070932, 25.00884492539386628, 19.79762911364169042 ) ) ;
#1263 = EDGE_LOOP ( 'NONE', ( #1215, #894, #2034, #1173, #2107 ) ) ;
#1264 = ORIENTED_EDGE ( 'NONE', *, *, #663, .F. ) ;
#1265 = PLANE ( 'NONE',  #700 ) ;
#1266 = AXIS2_PLACEMENT_3D ( 'NONE', #715, #1765, #1051 ) ;
#1267 = CARTESIAN_POINT ( 'NONE',  ( 7.794228634059950700, -4.499999999999998224, -74.56220884755757083 ) ) ;
#1268 = CARTESIAN_POINT ( 'NONE',  ( 7.794228634059950700, -4.499999999999998224, 15.00000000000000000 ) ) ;
#1269 = CARTESIAN_POINT ( 'NONE',  ( 20.88006669945669813, -0.5442922734707316135, 10.75930703369563268 ) ) ;
#1270 = EDGE_CURVE ( 'NONE', #1696, #1539, #732, .T. ) ;
#1271 = EDGE_LOOP ( 'NONE', ( #1190, #1272, #717, #61 ) ) ;
#1272 = ORIENTED_EDGE ( 'NONE', *, *, #522, .T. ) ;
#1273 = FACE_BOUND ( 'NONE', #413, .T. ) ;
#1274 = CARTESIAN_POINT ( 'NONE',  ( 12.48154076084246356, -63.20874128731087893, 34.29275140041779935 ) ) ;
#1275 = EDGE_CURVE ( 'NONE', #52, #856, #240, .T. ) ;
#1276 = CARTESIAN_POINT ( 'NONE',  ( -22.10751604576729434, 11.94153266596853413, -0.005423013027314478769 ) ) ;
#1277 = LINE ( 'NONE', #582, #1163 ) ;
#1278 = CARTESIAN_POINT ( 'NONE',  ( 14.84544121948894357, 12.15521640234189782, -16.35176013345736123 ) ) ;
#1279 = ORIENTED_EDGE ( 'NONE', *, *, #1877, .T. ) ;
#1280 = DATE_AND_TIME ( #1086, #1869 ) ;
#1281 = EDGE_CURVE ( 'NONE', #2011, #377, #905, .T. ) ;
#1282 = ORIENTED_EDGE ( 'NONE', *, *, #1069, .F. ) ;
#1283 = CARTESIAN_POINT ( 'NONE',  ( 20.78460969082651388, 6.000000000000011546, 15.00000000000000000 ) ) ;
#1284 =( BOUNDED_CURVE ( )  B_SPLINE_CURVE ( 3, ( #1805, #971, #1648, #1639 ),
 .UNSPECIFIED., .F., .F. ) 
 B_SPLINE_CURVE_WITH_KNOTS ( ( 4, 4 ),
 ( 2.492258216440768948, 4.383747486596794474 ),
 .UNSPECIFIED. ) 
 CURVE ( )  GEOMETRIC_REPRESENTATION_ITEM ( )  RATIONAL_B_SPLINE_CURVE ( ( 1.000000000000000000, 0.7234261281564802193, 0.7234261281564802193, 1.000000000000000000 ) ) 
 REPRESENTATION_ITEM ( '' )  );
#1285 = EDGE_LOOP ( 'NONE', ( #2148, #1472, #640, #2001 ) ) ;
#1286 = APPROVAL_PERSON_ORGANIZATION ( #227, #934, #892 ) ;
#1287 = VECTOR ( 'NONE', #1150, 1000.000000000000000 ) ;
#1288 = CARTESIAN_POINT ( 'NONE',  ( -21.86917618778050709, 10.70315127118875331, -1.122733444625072741 ) ) ;
#1289 = AXIS2_PLACEMENT_3D ( 'NONE', #721, #2037, #1068 ) ;
#1290 = FACE_OUTER_BOUND ( 'NONE', #157, .T. ) ;
#1291 = CARTESIAN_POINT ( 'NONE',  ( 15.47897821652779804, 10.67048215526737742, -15.40866620823516797 ) ) ;
#1292 = CARTESIAN_POINT ( 'NONE',  ( 17.70499424196322735, 11.49038105676639177, -17.19023915081892184 ) ) ;
#1293 = CIRCLE ( 'NONE', #352, 1.250000000000005107 ) ;
#1294 = EDGE_LOOP ( 'NONE', ( #592, #2054 ) ) ;
#1295 = DIRECTION ( 'NONE',  ( 0.8660254037844397068, 0.4999999999999982236, -0.000000000000000000 ) ) ;
#1296 = ORIENTED_EDGE ( 'NONE', *, *, #823, .T. ) ;
#1297 = EDGE_CURVE ( 'NONE', #89, #1460, #1702, .T. ) ;
#1298 = CARTESIAN_POINT ( 'NONE',  ( -22.52378958461351743, 13.57300248563337242, -1.702597470782135858 ) ) ;
#1299 = CARTESIAN_POINT ( 'NONE',  ( -22.50192475525579638, 13.58875678789030950, -1.305286962276571927 ) ) ;
#1300 = FACE_OUTER_BOUND ( 'NONE', #1978, .T. ) ;
#1301 = CIRCLE ( 'NONE', #2144, 1.500000000000001998 ) ;
#1302 = CARTESIAN_POINT ( 'NONE',  ( -15.26623243910820982, -2.956340915549525938, 0.000000000000000000 ) ) ;
#1303 = EDGE_LOOP ( 'NONE', ( #1744, #1832 ) ) ;
#1304 = CARTESIAN_POINT ( 'NONE',  ( -36.38958527696436818, -0.2237205583714106383, -12.97394906816585269 ) ) ;
#1305 = VERTEX_POINT ( 'NONE', #873 ) ;
#1306 = EDGE_CURVE ( 'NONE', #2011, #2157, #1200, .T. ) ;
#1307 = CARTESIAN_POINT ( 'NONE',  ( 14.89525849731501772, 6.000000000000004441, -5.083465892189249935 ) ) ;
#1308 = ORIENTED_EDGE ( 'NONE', *, *, #1785, .T. ) ;
#1309 = EDGE_CURVE ( 'NONE', #1375, #1982, #628, .T. ) ;
#1310 = CARTESIAN_POINT ( 'NONE',  ( -24.98980427102503299, 12.94214905122677628, -1.787936249065934069 ) ) ;
#1311 = CARTESIAN_POINT ( 'NONE',  ( 16.13374076974742266, 10.68761598311167305, -14.96300018595996306 ) ) ;
#1312 = ORIENTED_EDGE ( 'NONE', *, *, #235, .F. ) ;
#1313 = DIRECTION ( 'NONE',  ( 0.5000000000000001110, 0.8660254037844385966, 0.000000000000000000 ) ) ;
#1314 = ADVANCED_FACE ( 'NONE', ( #51 ), #1377, .F. ) ;
#1315 = ORIENTED_EDGE ( 'NONE', *, *, #663, .T. ) ;
#1316 = CARTESIAN_POINT ( 'NONE',  ( -8.826792387898665382, -66.20874128731090025, 36.51872049774602402 ) ) ;
#1317 = ORIENTED_EDGE ( 'NONE', *, *, #1913, .T. ) ;
#1318 = CIRCLE ( 'NONE', #2159, 3.599999999999999201 ) ;
#1319 = VECTOR ( 'NONE', #385, 1000.000000000000114 ) ;
#1320 = CC_DESIGN_DATE_AND_TIME_ASSIGNMENT ( #1688, #872, ( #90 ) ) ;
#1321 = CARTESIAN_POINT ( 'NONE',  ( -22.25459141302317789, 13.04150379764633705, -2.695549486714307275 ) ) ;
#1322 = CARTESIAN_POINT ( 'NONE',  ( -20.88545340823436192, -0.5028084594998267765, 10.66710087485333425 ) ) ;
#1323 = CYLINDRICAL_SURFACE ( 'NONE', #1266, 3.599999999999999201 ) ;
#1324 = CARTESIAN_POINT ( 'NONE',  ( -2.316410937103656309, -66.20874128731091446, 34.14913543593787182 ) ) ;
#1325 = CARTESIAN_POINT ( 'NONE',  ( -20.78460969082651388, 6.000000000000023981, 0.8857272221941825396 ) ) ;
#1326 = CARTESIAN_POINT ( 'NONE',  ( 23.72511486607636755, -66.20874128731091446, 24.67079518870525945 ) ) ;
#1327 = VERTEX_POINT ( 'NONE', #1047 ) ;
#1328 = DIRECTION ( 'NONE',  ( 0.8660254037844397068, 0.4999999999999982236, -0.000000000000000000 ) ) ;
#1329 = EDGE_LOOP ( 'NONE', ( #464, #1790, #100, #599 ) ) ;
#1330 = PLANE ( 'NONE',  #95 ) ;
#1331 = DIRECTION ( 'NONE',  ( 0.1930750503483276148, -0.3344157968772173417, -0.9224359596914933901 ) ) ;
#1332 = CARTESIAN_POINT ( 'NONE',  ( -20.90369421231143932, -0.3481900841791991108, 9.801085027754520951 ) ) ;
#1333 = DIRECTION ( 'NONE',  ( -0.4069074766910016350, -0.7047844236084623848, 0.5811241017647170715 ) ) ;
#1334 = CARTESIAN_POINT ( 'NONE',  ( 14.75216520318807589, 6.000000000000005329, -13.27484086764655835 ) ) ;
#1335 = VERTEX_POINT ( 'NONE', #1387 ) ;
#1336 = ADVANCED_FACE ( 'NONE', ( #745, #710, #587 ), #30, .F. ) ;
#1337 = CARTESIAN_POINT ( 'NONE',  ( 22.65662757892905432, 23.08081003162475042, 9.999999999999998224 ) ) ;
#1338 = AXIS2_PLACEMENT_3D ( 'NONE', #2114, #2087, #1947 ) ;
#1339 = ORIENTED_EDGE ( 'NONE', *, *, #1001, .T. ) ;
#1340 = FACE_OUTER_BOUND ( 'NONE', #706, .T. ) ;
#1341 = ORIENTED_EDGE ( 'NONE', *, *, #1309, .F. ) ;
#1342 = EDGE_CURVE ( 'NONE', #1095, #1628, #1079, .T. ) ;
#1343 = AXIS2_PLACEMENT_3D ( 'NONE', #1718, #1934, #2050 ) ;
#1344 = DIRECTION ( 'NONE',  ( 0.000000000000000000, -0.8520312918379400191, 0.5234908573499360562 ) ) ;
#1345 = DIRECTION ( 'NONE',  ( 0.8660254037844387076, -0.5000000000000001110, 0.000000000000000000 ) ) ;
#1346 = CARTESIAN_POINT ( 'NONE',  ( -21.17415698928554235, 20.32050807568861828, 2.594615065661600717 ) ) ;
#1347 = CARTESIAN_POINT ( 'NONE',  ( 24.24871130596427093, 2.602085213965062730E-15, 15.00000000000000000 ) ) ;
#1348 = DIRECTION ( 'NONE',  ( 0.6656986149863672875, -0.2500000000000014433, -0.7030969734007049832 ) ) ;
#1349 = ORIENTED_EDGE ( 'NONE', *, *, #1131, .F. ) ;
#1350 = CARTESIAN_POINT ( 'NONE',  ( 20.78460969082652454, -6.000000000000000000, -8.055381163697228786 ) ) ;
#1351 = ORIENTED_EDGE ( 'NONE', *, *, #1996, .F. ) ;
#1352 = CARTESIAN_POINT ( 'NONE',  ( -20.78460969082651388, 6.000000000000023981, 3.766364750562479546 ) ) ;
#1353 = ORIENTED_EDGE ( 'NONE', *, *, #130, .F. ) ;
#1354 = CARTESIAN_POINT ( 'NONE',  ( 15.22251903686400709, 12.83567547710963019, -16.46746944428540615 ) ) ;
#1355 = CARTESIAN_POINT ( 'NONE',  ( -19.40467461984263409, -2.935344922872030526, 9.999999999999998224 ) ) ;
#1356 = CARTESIAN_POINT ( 'NONE',  ( -19.40467461984263409, -2.935344922872030526, 9.999999999999998224 ) ) ;
#1357 = CARTESIAN_POINT ( 'NONE',  ( -19.69615506024414131, 18.98955644517878127, -0.3965569579254621946 ) ) ;
#1358 = VECTOR ( 'NONE', #1641, 1000.000000000000000 ) ;
#1359 = VERTEX_POINT ( 'NONE', #229 ) ;
#1360 = AXIS2_PLACEMENT_3D ( 'NONE', #1452, #1749, #935 ) ;
#1361 = CARTESIAN_POINT ( 'NONE',  ( -12.36812454202775413, -8.577779898868334030, -8.660254037844429931 ) ) ;
#1362 = EDGE_LOOP ( 'NONE', ( #1480, #1633 ) ) ;
#1363 = DATE_AND_TIME ( #1724, #165 ) ;
#1364 = PLANE ( 'NONE',  #1782 ) ;
#1365 = ORIENTED_EDGE ( 'NONE', *, *, #2109, .T. ) ;
#1366 = ADVANCED_FACE ( 'NONE', ( #1563 ), #781, .F. ) ;
#1367 = CARTESIAN_POINT ( 'NONE',  ( 16.59322604179606842, 13.51004726682427659, -15.31893548603303579 ) ) ;
#1368 = CARTESIAN_POINT ( 'NONE',  ( -19.87434814718433884, -2.541331903771582912, 11.19737991849991765 ) ) ;
#1369 = DIRECTION ( 'NONE',  ( 0.4719139070981652750, -0.8173788638923612515, 0.3304376751361393638 ) ) ;
#1370 =( BOUNDED_CURVE ( )  B_SPLINE_CURVE ( 3, ( #1381, #2051, #590, #1403 ),
 .UNSPECIFIED., .F., .T. ) 
 B_SPLINE_CURVE_WITH_KNOTS ( ( 4, 4 ),
 ( 0.1643501014900703439, 0.3672559337272408020 ),
 .UNSPECIFIED. ) 
 CURVE ( )  GEOMETRIC_REPRESENTATION_ITEM ( )  RATIONAL_B_SPLINE_CURVE ( ( 1.000000000000000000, 0.9965720436929441650, 0.9965720436929441650, 1.000000000000000000 ) ) 
 REPRESENTATION_ITEM ( '' )  );
#1371 = AXIS2_PLACEMENT_3D ( 'NONE', #2005, #1659, #1018 ) ;
#1372 = CARTESIAN_POINT ( 'NONE',  ( 20.90467461984244579, -0.3372687115186616680, 10.10036328196895106 ) ) ;
#1373 = ORIENTED_EDGE ( 'NONE', *, *, #974, .T. ) ;
#1374 = DIRECTION ( 'NONE',  ( 0.9396926207859109814, -3.310023888295133319E-15, -0.3420201433256613299 ) ) ;
#1375 = VERTEX_POINT ( 'NONE', #594 ) ;
#1376 = PERSON_AND_ORGANIZATION_ROLE ( 'classification_officer' ) ;
#1377 = CYLINDRICAL_SURFACE ( 'NONE', #798, 1.499999999999999778 ) ;
#1378 = ORIENTED_EDGE ( 'NONE', *, *, #147, .F. ) ;
#1379 = CARTESIAN_POINT ( 'NONE',  ( 13.85640646055101932, 5.999999999999999112, 15.00000000000000000 ) ) ;
#1380 = FACE_OUTER_BOUND ( 'NONE', #497, .T. ) ;
#1381 = CARTESIAN_POINT ( 'NONE',  ( 7.794228634059950700, -4.499999999999998224, -3.820799825699411123 ) ) ;
#1382 = DIRECTION ( 'NONE',  ( -1.000000000000000000, 0.000000000000000000, 0.000000000000000000 ) ) ;
#1383 = EDGE_LOOP ( 'NONE', ( #1776, #289, #78, #1919, #7 ) ) ;
#1384 = DIRECTION ( 'NONE',  ( 1.000000000000000000, 0.000000000000000000, 0.000000000000000000 ) ) ;
#1385 = APPROVAL_STATUS ( 'not_yet_approved' ) ;
#1386 = ORIENTED_EDGE ( 'NONE', *, *, #705, .F. ) ;
#1387 = CARTESIAN_POINT ( 'NONE',  ( -3.290810940565327858, -1.437822173509141654, -16.35093975130540045 ) ) ;
#1388 = EDGE_LOOP ( 'NONE', ( #996, #159, #1414, #1529, #1690 ) ) ;
#1389 = DIRECTION ( 'NONE',  ( 0.4999999999999904521, 0.8660254037844441477, 0.000000000000000000 ) ) ;
#1390 = DIRECTION ( 'NONE',  ( -0.1710100716628328577, 0.8660254037844363761, -0.4698463103929590434 ) ) ;
#1391 = CARTESIAN_POINT ( 'NONE',  ( -14.66377553849052262, 20.32050807568861828, 0.2250300038534429337 ) ) ;
#1392 = DIRECTION ( 'NONE',  ( 0.000000000000000000, 0.8520312918379400191, -0.5234908573499362783 ) ) ;
#1393 = CC_DESIGN_APPROVAL ( #680, ( #90 ) ) ;
#1394 = ORIENTED_EDGE ( 'NONE', *, *, #553, .F. ) ;
#1395 = DIRECTION ( 'NONE',  ( 0.000000000000000000, 0.000000000000000000, 1.000000000000000000 ) ) ;
#1396 = MECHANICAL_CONTEXT ( 'NONE', #316, 'mechanical' ) ;
#1397 = ORIENTED_EDGE ( 'NONE', *, *, #202, .T. ) ;
#1398 = DIRECTION ( 'NONE',  ( -0.3420201433256622181, 0.000000000000000000, -0.9396926207859107594 ) ) ;
#1399 = ADVANCED_FACE ( 'NONE', ( #1432 ), #1443, .F. ) ;
#1400 = VECTOR ( 'NONE', #1076, 1000.000000000000000 ) ;
#1401 = VECTOR ( 'NONE', #104, 1000.000000000000114 ) ;
#1402 = CARTESIAN_POINT ( 'NONE',  ( 16.96243409452279138, 12.90564268268378179, -14.51738723842175105 ) ) ;
#1403 = CARTESIAN_POINT ( 'NONE',  ( 6.727507346848845771, -5.978348007442741974, -4.305125451459362651 ) ) ;
#1404 = DIRECTION ( 'NONE',  ( 0.6656986149863672875, -0.2500000000000014433, -0.7030969734007049832 ) ) ;
#1405 = ORIENTED_EDGE ( 'NONE', *, *, #1935, .F. ) ;
#1406 = DIRECTION ( 'NONE',  ( -0.9618967477123847587, -0.2500000000000016098, -0.1107007079486665713 ) ) ;
#1407 = PERSON_AND_ORGANIZATION_ROLE ( 'design_owner' ) ;
#1408 = ORIENTED_EDGE ( 'NONE', *, *, #1496, .F. ) ;
#1409 = LINE ( 'NONE', #370, #736 ) ;
#1410 = ADVANCED_FACE ( 'NONE', ( #1259 ), #601, .F. ) ;
#1411 = DIRECTION ( 'NONE',  ( -0.7263614178872016547, -0.4330127018922230731, -0.5337593939265994347 ) ) ;
#1412 = DIRECTION ( 'NONE',  ( -0.7261554316666057884, 0.000000000000000000, -0.6875305731828114109 ) ) ;
#1413 = CARTESIAN_POINT ( 'NONE',  ( 19.44154772000140952, -2.909947956783093925, 10.39709919525443205 ) ) ;
#1414 = ORIENTED_EDGE ( 'NONE', *, *, #1275, .F. ) ;
#1415 = VECTOR ( 'NONE', #1390, 1000.000000000000114 ) ;
#1416 = EDGE_LOOP ( 'NONE', ( #2130, #1405, #2119, #968 ) ) ;
#1417 = CARTESIAN_POINT ( 'NONE',  ( 10.49644482817591928, -11.81962425875586398, -7.193353608750469697 ) ) ;
#1418 = LINE ( 'NONE', #898, #2060 ) ;
#1419 = FACE_OUTER_BOUND ( 'NONE', #1383, .T. ) ;
#1420 = LINE ( 'NONE', #911, #115 ) ;
#1421 = ORIENTED_EDGE ( 'NONE', *, *, #1155, .F. ) ;
#1422 = VECTOR ( 'NONE', #59, 1000.000000000000114 ) ;
#1423 = AXIS2_PLACEMENT_3D ( 'NONE', #980, #1447, #1803 ) ;
#1424 = ORIENTED_EDGE ( 'NONE', *, *, #1454, .F. ) ;
#1425 = FACE_OUTER_BOUND ( 'NONE', #36, .T. ) ;
#1426 = DIRECTION ( 'NONE',  ( -0.1710100716628328577, 0.8660254037844362651, -0.4698463103929590434 ) ) ;
#1427 = EDGE_CURVE ( 'NONE', #978, #722, #303, .T. ) ;
#1428 = CARTESIAN_POINT ( 'NONE',  ( -22.00297770900050054, 10.93491654621784370, -0.5874672381008461119 ) ) ;
#1429 = CARTESIAN_POINT ( 'NONE',  ( 20.65450981630657168, -1.361164461620117505, 11.42168981845775555 ) ) ;
#1430 = EDGE_LOOP ( 'NONE', ( #1970, #331, #1722, #145, #1087 ) ) ;
#1431 = VERTEX_POINT ( 'NONE', #1762 ) ;
#1432 = FACE_OUTER_BOUND ( 'NONE', #2089, .T. ) ;
#1433 = EDGE_CURVE ( 'NONE', #940, #925, #2128, .T. ) ;
#1434 = LINE ( 'NONE', #938, #1248 ) ;
#1435 = CARTESIAN_POINT ( 'NONE',  ( -21.96512633728810115, 10.82678612415820218, -0.7561734370237533920 ) ) ;
#1436 = EDGE_CURVE ( 'NONE', #309, #1990, #1933, .T. ) ;
#1437 = VECTOR ( 'NONE', #97, 1000.000000000000000 ) ;
#1438 = CARTESIAN_POINT ( 'NONE',  ( 30.23549631687136952, -66.20874128731091446, 22.30121012689710014 ) ) ;
#1439 = CARTESIAN_POINT ( 'NONE',  ( 16.86229454933426553, 11.39229986617634083, -14.40211490722936638 ) ) ;
#1440 = ORIENTED_EDGE ( 'NONE', *, *, #77, .T. ) ;
#1441 = PERSON_AND_ORGANIZATION ( #1701, #826 ) ;
#1442 = ORIENTED_EDGE ( 'NONE', *, *, #621, .F. ) ;
#1443 = PLANE ( 'NONE',  #527 ) ;
#1444 = VECTOR ( 'NONE', #1331, 1000.000000000000114 ) ;
#1445 = ORIENTED_EDGE ( 'NONE', *, *, #324, .F. ) ;
#1446 = DIRECTION ( 'NONE',  ( 0.8660254037844383745, -0.5000000000000006661, 0.000000000000000000 ) ) ;
#1447 = DIRECTION ( 'NONE',  ( -0.8660254037844310471, -0.5000000000000133227, -0.000000000000000000 ) ) ;
#1448 = CARTESIAN_POINT ( 'NONE',  ( 16.73331160288226727, 11.14889339519284661, -14.51107798537648641 ) ) ;
#1449 = CARTESIAN_POINT ( 'NONE',  ( -13.85640646055100866, -6.000000000000010658, 15.00000000000000000 ) ) ;
#1450 = ADVANCED_FACE ( 'NONE', ( #619 ), #1265, .F. ) ;
#1451 = ORIENTED_EDGE ( 'NONE', *, *, #768, .F. ) ;
#1452 = CARTESIAN_POINT ( 'NONE',  ( 3.824470031431015826, -65.45874128731090025, 33.29644502887979485 ) ) ;
#1453 = ORIENTED_EDGE ( 'NONE', *, *, #1084, .F. ) ;
#1454 = EDGE_CURVE ( 'NONE', #1592, #1631, #101, .T. ) ;
#1455 = VECTOR ( 'NONE', #1470, 1000.000000000000000 ) ;
#1456 = AXIS2_PLACEMENT_3D ( 'NONE', #1819, #975, #1313 ) ;
#1457 = B_SPLINE_CURVE_WITH_KNOTS ( 'NONE', 3,
 ( #765, #774, #2122, #1288, #1614, #1435, #1428, #116, #1607, #2104, #604, #1276, #441, #1647, #1459, #1788, #139, #1948, #655, #2115, #108, #1146, #1299, #1471 ),
 .UNSPECIFIED., .F., .F.,
 ( 4, 2, 2, 2, 2, 2, 2, 2, 2, 2, 2, 4 ),
 ( 2.602085213965210642E-18, 0.0002969301989072799068, 0.0005938603978145572115, 0.001187720795629112905, 0.001781581193443668165, 0.002078511392350948506, 0.002375441591258229280, 0.002969301989072790828, 0.003266232187980071602, 0.003563162386887352377, 0.004157022784701919563, 0.004750883182516487183 ),
 .UNSPECIFIED. ) ;
#1458 = DIRECTION ( 'NONE',  ( -0.3380400044964911865, -0.1521146661037784398, -0.9287572792264662258 ) ) ;
#1459 = CARTESIAN_POINT ( 'NONE',  ( -22.15020944012794502, 12.53527168774515488, -0.02253496943381222764 ) ) ;
#1460 = VERTEX_POINT ( 'NONE', #1593 ) ;
#1461 = EDGE_CURVE ( 'NONE', #862, #950, #1783, .T. ) ;
#1462 = CARTESIAN_POINT ( 'NONE',  ( -8.660254037844302033, -15.00000000000018652, 15.00000000000000711 ) ) ;
#1463 = ORIENTED_EDGE ( 'NONE', *, *, #605, .T. ) ;
#1464 = CARTESIAN_POINT ( 'NONE',  ( 13.85640646055101932, 5.999999999999999112, -74.56220884755757083 ) ) ;
#1465 = ORIENTED_EDGE ( 'NONE', *, *, #2121, .T. ) ;
#1466 = CARTESIAN_POINT ( 'NONE',  ( 13.85640646055100866, -6.000000000000000000, -8.729739445961854472 ) ) ;
#1467 = EDGE_CURVE ( 'NONE', #2120, #1211, #287, .T. ) ;
#1468 = EDGE_LOOP ( 'NONE', ( #909, #2088, #1802, #400 ) ) ;
#1469 = CIRCLE ( 'NONE', #1824, 1.500000000000068168 ) ;
#1470 = DIRECTION ( 'NONE',  ( -0.000000000000000000, -0.000000000000000000, -1.000000000000000000 ) ) ;
#1471 = CARTESIAN_POINT ( 'NONE',  ( -22.51523807704076319, 13.58529661354818963, -1.503148687208226919 ) ) ;
#1472 = ORIENTED_EDGE ( 'NONE', *, *, #1178, .T. ) ;
#1473 = VECTOR ( 'NONE', #1987, 1000.000000000000114 ) ;
#1474 = EDGE_CURVE ( 'NONE', #1460, #2011, #1088, .T. ) ;
#1475 = AXIS2_PLACEMENT_3D ( 'NONE', #1292, #816, #492 ) ;
#1476 = CARTESIAN_POINT ( 'NONE',  ( -20.92050807568877957, -3.311655519144861337, 2.276294501355021094 ) ) ;
#1477 = DIRECTION ( 'NONE',  ( 1.752700365193356903E-15, -1.000000000000000000, 0.000000000000000000 ) ) ;
#1478 = ORIENTED_EDGE ( 'NONE', *, *, #1773, .T. ) ;
#1479 = CARTESIAN_POINT ( 'NONE',  ( 13.85640646055101932, 5.999999999999999112, -5.466106916696314322 ) ) ;
#1480 = ORIENTED_EDGE ( 'NONE', *, *, #453, .F. ) ;
#1481 = CARTESIAN_POINT ( 'NONE',  ( -8.430334575627751903, -3.398232190208135606, -0.3733539088432700770 ) ) ;
#1482 = CARTESIAN_POINT ( 'NONE',  ( 16.43858013825095910, 10.82329601623985305, -14.74465333085545993 ) ) ;
#1483 = LINE ( 'NONE', #656, #1764 ) ;
#1484 = CARTESIAN_POINT ( 'NONE',  ( 19.40467461984246711, -2.935344922871994111, 9.999999999999998224 ) ) ;
#1485 = CARTESIAN_POINT ( 'NONE',  ( -4.658891513867960299, 5.490381056766343804, -20.10971023444906081 ) ) ;
#1486 = DIRECTION ( 'NONE',  ( 0.5000000000000005551, 0.8660254037844382635, 0.000000000000000000 ) ) ;
#1487 = ORIENTED_EDGE ( 'NONE', *, *, #2015, .F. ) ;
#1488 = CYLINDRICAL_SURFACE ( 'NONE', #171, 1.250000000000006217 ) ;
#1489 = ORIENTED_EDGE ( 'NONE', *, *, #1019, .T. ) ;
#1490 = VECTOR ( 'NONE', #1235, 1000.000000000000227 ) ;
#1491 = AXIS2_PLACEMENT_3D ( 'NONE', #1231, #529, #1889 ) ;
#1492 = DIRECTION ( 'NONE',  ( -0.4999999999999981681, 0.8660254037844395958, 0.000000000000000000 ) ) ;
#1493 = LINE ( 'NONE', #211, #1917 ) ;
#1494 = CARTESIAN_POINT ( 'NONE',  ( -20.71912099144078567, -1.190731052701198944, 8.653427210929761415 ) ) ;
#1495 = CARTESIAN_POINT ( 'NONE',  ( 14.75216520318807589, 6.000000000000005329, -13.27484086764655835 ) ) ;
#1496 = EDGE_CURVE ( 'NONE', #38, #239, #439, .T. ) ;
#1497 = VECTOR ( 'NONE', #1012, 1000.000000000000000 ) ;
#1498 = CARTESIAN_POINT ( 'NONE',  ( 20.90124933802808371, -0.3809412844858105496, 9.604755289561666132 ) ) ;
#1499 = ORIENTED_EDGE ( 'NONE', *, *, #132, .T. ) ;
#1500 = VECTOR ( 'NONE', #1584, 1000.000000000000114 ) ;
#1501 = VECTOR ( 'NONE', #425, 1000.000000000000114 ) ;
#1502 = CARTESIAN_POINT ( 'NONE',  ( 28.75749438782998624, -61.49200582154956152, 31.53309267260820548 ) ) ;
#1503 = ORIENTED_EDGE ( 'NONE', *, *, #1773, .F. ) ;
#1504 = PLANE ( 'NONE',  #831 ) ;
#1505 = ORIENTED_EDGE ( 'NONE', *, *, #1342, .T. ) ;
#1506 = EDGE_CURVE ( 'NONE', #933, #167, #123, .T. ) ;
#1507 = CARTESIAN_POINT ( 'NONE',  ( 15.35226211207538682, 12.98409649299426327, -16.44852511216218005 ) ) ;
#1508 = PLANE ( 'NONE',  #1219 ) ;
#1509 = CARTESIAN_POINT ( 'NONE',  ( -20.53437544040201601, -1.624963480668660143, 8.510067894005391764 ) ) ;
#1510 = DIRECTION ( 'NONE',  ( 0.2515460552138203965, -0.9678453296402094175, 0.000000000000000000 ) ) ;
#1511 = EDGE_CURVE ( 'NONE', #1685, #52, #81, .T. ) ;
#1512 = LINE ( 'NONE', #329, #174 ) ;
#1513 = ORIENTED_EDGE ( 'NONE', *, *, #1114, .T. ) ;
#1514 = PLANE ( 'NONE',  #1077 ) ;
#1515 = VECTOR ( 'NONE', #1196, 1000.000000000000000 ) ;
#1516 = ORIENTED_EDGE ( 'NONE', *, *, #105, .T. ) ;
#1517 = DIRECTION ( 'NONE',  ( 1.000000000000000000, 0.000000000000000000, 0.000000000000000000 ) ) ;
#1518 = ORIENTED_EDGE ( 'NONE', *, *, #552, .T. ) ;
#1519 = CIRCLE ( 'NONE', #507, 8.999999999999992895 ) ;
#1520 = CARTESIAN_POINT ( 'NONE',  ( -20.78460969082651388, 6.000000000000023981, 15.00000000000000000 ) ) ;
#1521 = CARTESIAN_POINT ( 'NONE',  ( -20.92050807568877957, -1.209484614510983555E-13, 15.00000000000000000 ) ) ;
#1522 = FACE_OUTER_BOUND ( 'NONE', #1329, .T. ) ;
#1523 = CARTESIAN_POINT ( 'NONE',  ( 13.85640646055100866, -6.000000000000000000, 15.00000000000000000 ) ) ;
#1524 = FACE_OUTER_BOUND ( 'NONE', #2044, .T. ) ;
#1525 = ORIENTED_EDGE ( 'NONE', *, *, #1467, .F. ) ;
#1526 = DIRECTION ( 'NONE',  ( 0.8660254037844383745, -0.5000000000000006661, 0.000000000000000000 ) ) ;
#1527 = EDGE_CURVE ( 'NONE', #2127, #1590, #91, .T. ) ;
#1528 = ADVANCED_FACE ( 'NONE', ( #1273, #1425 ), #1622, .F. ) ;
#1529 = ORIENTED_EDGE ( 'NONE', *, *, #1069, .T. ) ;
#1530 = DIRECTION ( 'NONE',  ( 0.000000000000000000, 0.000000000000000000, 1.000000000000000000 ) ) ;
#1531 = EDGE_LOOP ( 'NONE', ( #1703, #58, #1821, #1453 ) ) ;
#1532 = CARTESIAN_POINT ( 'NONE',  ( 15.16169761831742768, 12.75778574410432142, -16.46900640783848857 ) ) ;
#1533 = DIRECTION ( 'NONE',  ( 0.4999999999999981681, -0.8660254037844395958, -0.000000000000000000 ) ) ;
#1534 = CARTESIAN_POINT ( 'NONE',  ( -35.62003995448162641, -0.2237205583714106383, -10.85964067139755329 ) ) ;
#1535 = CARTESIAN_POINT ( 'NONE',  ( -23.15902853521402349, 1.887385923071868588, 7.269580857656964490 ) ) ;
#1536 = VERTEX_POINT ( 'NONE', #949 ) ;
#1537 = EDGE_CURVE ( 'NONE', #1104, #1246, #1512, .T. ) ;
#1538 = DIRECTION ( 'NONE',  ( 0.9396926207859104263, 0.000000000000000000, -0.3420201433256629953 ) ) ;
#1539 = VERTEX_POINT ( 'NONE', #841 ) ;
#1540 = DIRECTION ( 'NONE',  ( -3.505400730386713018E-15, -1.000000000000000000, 0.000000000000000000 ) ) ;
#1541 = CARTESIAN_POINT ( 'NONE',  ( -24.23516610538353788, 10.03861306230601436, -1.787936249065933181 ) ) ;
#1542 = EDGE_LOOP ( 'NONE', ( #1927, #2097, #27, #344, #1282 ) ) ;
#1543 = EDGE_CURVE ( 'NONE', #645, #499, #2135, .T. ) ;
#1544 = FACE_OUTER_BOUND ( 'NONE', #789, .T. ) ;
#1545 = CARTESIAN_POINT ( 'NONE',  ( -20.90111675210991038, -0.3819002360170147825, 10.39709919525443560 ) ) ;
#1546 = FACE_OUTER_BOUND ( 'NONE', #1430, .T. ) ;
#1547 = AXIS2_PLACEMENT_3D ( 'NONE', #1866, #363, #1039 ) ;
#1548 = CARTESIAN_POINT ( 'NONE',  ( -18.21815313120275093, 14.32050807568856854, -9.540542172339030458 ) ) ;
#1549 = ADVANCED_FACE ( 'NONE', ( #13 ), #681, .F. ) ;
#1550 = VERTEX_POINT ( 'NONE', #1817 ) ;
#1551 = CARTESIAN_POINT ( 'NONE',  ( 1.237966655608570887, -60.20874128731085051, 43.91470761213034280 ) ) ;
#1552 = PLANE ( 'NONE',  #63 ) ;
#1553 = DIRECTION ( 'NONE',  ( 0.5000000000000005551, 0.8660254037844383745, 0.000000000000000000 ) ) ;
#1554 = EDGE_LOOP ( 'NONE', ( #1197, #1859, #767, #2 ) ) ;
#1555 = LINE ( 'NONE', #723, #1181 ) ;
#1556 = CARTESIAN_POINT ( 'NONE',  ( -24.72853458199776000, 14.32050807568857032, -7.170957110530880030 ) ) ;
#1557 = DIRECTION ( 'NONE',  ( 1.000000000000000000, 0.000000000000000000, 0.000000000000000000 ) ) ;
#1558 = CYLINDRICAL_SURFACE ( 'NONE', #1728, 3.599999999999997424 ) ;
#1559 = ORIENTED_EDGE ( 'NONE', *, *, #1257, .F. ) ;
#1560 = CARTESIAN_POINT ( 'NONE',  ( -3.290810940565316756, -1.437822173509141210, -16.35093975130540045 ) ) ;
#1561 =( NAMED_UNIT ( * ) PLANE_ANGLE_UNIT ( ) SI_UNIT ( $, .RADIAN. ) );
#1562 = ORIENTED_EDGE ( 'NONE', *, *, #1818, .T. ) ;
#1563 = FACE_OUTER_BOUND ( 'NONE', #1468, .T. ) ;
#1564 = CARTESIAN_POINT ( 'NONE',  ( 16.89228204891768215, 13.13183366619291093, -14.69503944854916000 ) ) ;
#1565 = FACE_BOUND ( 'NONE', #1303, .T. ) ;
#1566 = LINE ( 'NONE', #1548, #584 ) ;
#1567 = CC_DESIGN_APPROVAL ( #934, ( #733 ) ) ;
#1568 = EDGE_CURVE ( 'NONE', #169, #978, #170, .T. ) ;
#1569 = EDGE_LOOP ( 'NONE', ( #924, #1394, #1789, #1798, #1652, #1408, #1199, #1021, #382, #1861, #1771, #1117, #1931, #1992 ) ) ;
#1570 = DIRECTION ( 'NONE',  ( -0.2667380914379941514, 0.6259165914230577776, -0.7328568831343247325 ) ) ;
#1571 = AXIS2_PLACEMENT_3D ( 'NONE', #192, #1530, #381 ) ;
#1572 = CARTESIAN_POINT ( 'NONE',  ( -7.794228634059950700, -4.499999999999995559, -1.744551591300283366 ) ) ;
#1573 = ORIENTED_EDGE ( 'NONE', *, *, #125, .T. ) ;
#1574 = DIRECTION ( 'NONE',  ( -0.4999999999999997224, 0.8660254037844388186, 0.000000000000000000 ) ) ;
#1575 = VECTOR ( 'NONE', #146, 1000.000000000000227 ) ;
#1576 = AXIS2_PLACEMENT_3D ( 'NONE', #398, #1244, #1061 ) ;
#1577 = B_SPLINE_CURVE_WITH_KNOTS ( 'NONE', 3,
 ( #293, #435, #644, #944, #1439, #127, #1448, #1975, #1482, #625, #1311, #314, #1804, #1291, #805, #304, #954, #2133, #981, #776, #616, #1278 ),
 .UNSPECIFIED., .F., .F.,
 ( 4, 2, 2, 2, 2, 2, 2, 2, 2, 2, 4 ),
 ( 0.004743304277999607112, 0.005335755499733141338, 0.005631981110599907150, 0.005928206721466672963, 0.006520657943200199383, 0.006816883554066968665, 0.007113109164933737946, 0.008298011608400813338, 0.008594237219267580885, 0.008890462830134346697, 0.009482914051867888730 ),
 .UNSPECIFIED. ) ;
#1578 = DIRECTION ( 'NONE',  ( -0.1710100716628328577, 0.8660254037844364872, -0.4698463103929590989 ) ) ;
#1579 = DIRECTION ( 'NONE',  ( 0.8660254037844383745, -0.5000000000000004441, -0.000000000000000000 ) ) ;
#1580 = CARTESIAN_POINT ( 'NONE',  ( 20.75157946575578549, -1.105031360796716822, 11.30872364723749790 ) ) ;
#1581 = VERTEX_POINT ( 'NONE', #1462 ) ;
#1582 = PLANE ( 'NONE',  #867 ) ;
#1583 = EDGE_LOOP ( 'NONE', ( #420, #1611, #561, #1699, #1188 ) ) ;
#1584 = DIRECTION ( 'NONE',  ( 0.4932921833250081267, 0.8544071244954972721, 0.1632522204497766360 ) ) ;
#1585 = VECTOR ( 'NONE', #354, 1000.000000000000000 ) ;
#1586 = CIRCLE ( 'NONE', #1475, 1.500000000000001998 ) ;
#1587 = LINE ( 'NONE', #754, #1002 ) ;
#1588 = FACE_OUTER_BOUND ( 'NONE', #803, .T. ) ;
#1589 = CARTESIAN_POINT ( 'NONE',  ( 17.32050807568876749, 2.071797594602757948E-15, 15.00000000000000000 ) ) ;
#1590 = VERTEX_POINT ( 'NONE', #2158 ) ;
#1591 = DATE_AND_TIME ( #1760, #209 ) ;
#1592 = VERTEX_POINT ( 'NONE', #1172 ) ;
#1593 = CARTESIAN_POINT ( 'NONE',  ( 20.78460969082651388, 6.000000000000011546, 15.00000000000000000 ) ) ;
#1594 = ADVANCED_FACE ( 'NONE', ( #1977 ), #2007, .F. ) ;
#1595 = LINE ( 'NONE', #2102, #1415 ) ;
#1596 = ADVANCED_BREP_SHAPE_REPRESENTATION ( 'Mid Arm Connector V.3', ( #112, #565 ), #383 ) ;
#1597 = DIRECTION ( 'NONE',  ( -0.9618967477123848697, -0.2500000000000016653, -0.1107007079486665851 ) ) ;
#1598 = DIRECTION ( 'NONE',  ( 0.9396926207859104263, -4.336808689942017736E-17, -0.3420201433256631618 ) ) ;
#1599 = VERTEX_POINT ( 'NONE', #1334 ) ;
#1600 = CIRCLE ( 'NONE', #653, 2.249999999999999112 ) ;
#1601 = VECTOR ( 'NONE', #210, 1000.000000000000000 ) ;
#1602 = ORIENTED_EDGE ( 'NONE', *, *, #2010, .T. ) ;
#1603 = DIRECTION ( 'NONE',  ( -0.3420201433256632173, 6.216092455583561385E-15, -0.9396926207859104263 ) ) ;
#1604 = FACE_OUTER_BOUND ( 'NONE', #1362, .T. ) ;
#1605 = EDGE_CURVE ( 'NONE', #1094, #1327, #1751, .T. ) ;
#1606 = VERTEX_POINT ( 'NONE', #153 ) ;
#1607 = CARTESIAN_POINT ( 'NONE',  ( -22.07371495281347862, 11.37822619736742347, -0.1941710360887165532 ) ) ;
#1608 = CARTESIAN_POINT ( 'NONE',  ( -18.21815313120275093, 14.32050807568856854, -9.540542172339030458 ) ) ;
#1609 = DIRECTION ( 'NONE',  ( -0.000000000000000000, -0.000000000000000000, -1.000000000000000000 ) ) ;
#1610 = DIRECTION ( 'NONE',  ( -0.000000000000000000, -0.000000000000000000, -1.000000000000000000 ) ) ;
#1611 = ORIENTED_EDGE ( 'NONE', *, *, #952, .T. ) ;
#1612 = CARTESIAN_POINT ( 'NONE',  ( -21.02964165813990505, 5.575592183134678415, 3.025409401818222488 ) ) ;
#1613 = EDGE_LOOP ( 'NONE', ( #1026, #1365, #1465, #1621, #2079, #1673 ) ) ;
#1614 = CARTESIAN_POINT ( 'NONE',  ( -21.89500836371514580, 10.72671085991046169, -1.027777913178515190 ) ) ;
#1615 = EDGE_CURVE ( 'NONE', #2048, #1033, #520, .T. ) ;
#1616 = VECTOR ( 'NONE', #434, 1000.000000000000000 ) ;
#1617 = CARTESIAN_POINT ( 'NONE',  ( 20.48818523070280406, -1.713377886979929432, 11.49994679372111506 ) ) ;
#1618 = CARTESIAN_POINT ( 'NONE',  ( 18.79422738946313842, 11.49038105676638999, -16.15894329104470373 ) ) ;
#1619 = ORIENTED_EDGE ( 'NONE', *, *, #82, .F. ) ;
#1620 = EDGE_CURVE ( 'NONE', #956, #451, #1301, .T. ) ;
#1621 = ORIENTED_EDGE ( 'NONE', *, *, #1270, .F. ) ;
#1622 = CYLINDRICAL_SURFACE ( 'NONE', #570, 3.499999999999993339 ) ;
#1623 = VECTOR ( 'NONE', #1880, 999.9999999999998863 ) ;
#1624 = ORIENTED_EDGE ( 'NONE', *, *, #857, .F. ) ;
#1625 = EDGE_CURVE ( 'NONE', #1876, #1067, #1006, .T. ) ;
#1626 = FACE_OUTER_BOUND ( 'NONE', #436, .T. ) ;
#1627 = LINE ( 'NONE', #1638, #295 ) ;
#1628 = VERTEX_POINT ( 'NONE', #1357 ) ;
#1629 = EDGE_CURVE ( 'NONE', #757, #1792, #1210, .T. ) ;
#1630 = CARTESIAN_POINT ( 'NONE',  ( -8.660254037844250519, -15.00000000000008704, 15.00000000000000000 ) ) ;
#1631 = VERTEX_POINT ( 'NONE', #1220 ) ;
#1632 = PLANE ( 'NONE',  #134 ) ;
#1633 = ORIENTED_EDGE ( 'NONE', *, *, #1527, .F. ) ;
#1634 = ORIENTED_EDGE ( 'NONE', *, *, #2152, .F. ) ;
#1635 = VECTOR ( 'NONE', #298, 1000.000000000000114 ) ;
#1636 = VECTOR ( 'NONE', #260, 1000.000000000000000 ) ;
#1637 = LINE ( 'NONE', #1794, #481 ) ;
#1638 = CARTESIAN_POINT ( 'NONE',  ( -7.989274044494862004, -1.437822173509136769, -14.64083903467709113 ) ) ;
#1639 = CARTESIAN_POINT ( 'NONE',  ( -7.794228634059950700, -4.499999999999995559, -1.744551591300283366 ) ) ;
#1640 = CARTESIAN_POINT ( 'NONE',  ( -20.28047850627849158, 6.000000000000015099, -0.4992424640550717219 ) ) ;
#1641 = DIRECTION ( 'NONE',  ( 0.9396926207859104263, -4.336808689942017736E-17, -0.3420201433256631618 ) ) ;
#1642 = VERTEX_POINT ( 'NONE', #1535 ) ;
#1643 = DIRECTION ( 'NONE',  ( -0.000000000000000000, -0.000000000000000000, -1.000000000000000000 ) ) ;
#1644 = VERTEX_POINT ( 'NONE', #67 ) ;
#1645 = AXIS2_PLACEMENT_3D ( 'NONE', #351, #1194, #1029 ) ;
#1646 = DIRECTION ( 'NONE',  ( -0.000000000000000000, -0.000000000000000000, -1.000000000000000000 ) ) ;
#1647 = CARTESIAN_POINT ( 'NONE',  ( -22.13218260351054667, 12.33868012586868446, 0.01237049622743019613 ) ) ;
#1648 = CARTESIAN_POINT ( 'NONE',  ( -4.431343984846201955, -10.32468707243164374, -5.567681995440399767 ) ) ;
#1649 = CARTESIAN_POINT ( 'NONE',  ( -20.92050807568877957, -1.209484614510983555E-13, 0.2416023444213408755 ) ) ;
#1650 = DIRECTION ( 'NONE',  ( 0.7263614178872016547, 0.4330127018922227955, 0.5337593939265995457 ) ) ;
#1651 = DIRECTION ( 'NONE',  ( 0.1710100716628328577, -0.8660254037844362651, 0.4698463103929590434 ) ) ;
#1652 = ORIENTED_EDGE ( 'NONE', *, *, #340, .F. ) ;
#1653 = LINE ( 'NONE', #6, #1497 ) ;
#1654 = ORIENTED_EDGE ( 'NONE', *, *, #1239, .T. ) ;
#1655 = EDGE_CURVE ( 'NONE', #1811, #1982, #388, .T. ) ;
#1656 = CARTESIAN_POINT ( 'NONE',  ( -22.12098124497874352, 12.81733468641224860, -2.842183820744931477 ) ) ;
#1657 = CARTESIAN_POINT ( 'NONE',  ( -19.99302900115088377, -2.418879305597628981, 11.30872364723749790 ) ) ;
#1658 = CARTESIAN_POINT ( 'NONE',  ( -19.69615506024414131, 17.32050807568860051, -3.472963553338712650 ) ) ;
#1659 = DIRECTION ( 'NONE',  ( -0.8660254037844392627, 0.4999999999999990563, 0.000000000000000000 ) ) ;
#1660 = CARTESIAN_POINT ( 'NONE',  ( 20.05101787427902593, -2.347919596320437563, 8.653427210929748981 ) ) ;
#1661 = EDGE_CURVE ( 'NONE', #1949, #38, #2033, .T. ) ;
#1662 = CARTESIAN_POINT ( 'NONE',  ( -20.92050807568877957, -1.209484614510983555E-13, 15.00000000000000000 ) ) ;
#1663 = VERTEX_POINT ( 'NONE', #518 ) ;
#1664 = ORIENTED_EDGE ( 'NONE', *, *, #1620, .T. ) ;
#1665 = LOCAL_TIME ( 23, 2, 9.000000000000000000, #1898 ) ;
#1666 = ADVANCED_FACE ( 'NONE', ( #234 ), #1558, .F. ) ;
#1667 = CARTESIAN_POINT ( 'NONE',  ( 14.84544121948894357, 12.15521640234189782, -16.35176013345736123 ) ) ;
#1668 = DIRECTION ( 'NONE',  ( 0.3380400044964910755, 0.1521146661037784398, 0.9287572792264662258 ) ) ;
#1669 = CARTESIAN_POINT ( 'NONE',  ( -19.66371744126926302, -2.736807599841125427, 9.077282717420262159 ) ) ;
#1670 = PLANE ( 'NONE',  #2137 ) ;
#1671 = AXIS2_PLACEMENT_3D ( 'NONE', #833, #673, #2164 ) ;
#1672 = CARTESIAN_POINT ( 'NONE',  ( 20.86225766521167202, -0.6608750370575883215, 9.077282717420265712 ) ) ;
#1673 = ORIENTED_EDGE ( 'NONE', *, *, #463, .F. ) ;
#1674 = VECTOR ( 'NONE', #416, 1000.000000000000114 ) ;
#1675 = CARTESIAN_POINT ( 'NONE',  ( -24.24871130596427093, 2.654222231933786525E-14, 15.00000000000000000 ) ) ;
#1676 = ORIENTED_EDGE ( 'NONE', *, *, #1114, .F. ) ;
#1677 = DIRECTION ( 'NONE',  ( 0.000000000000000000, -0.8520312918379400191, 0.5234908573499360562 ) ) ;
#1678 = ORIENTED_EDGE ( 'NONE', *, *, #1568, .F. ) ;
#1679 = DIRECTION ( 'NONE',  ( -0.1710100716628328577, 0.8660254037844363761, -0.4698463103929590434 ) ) ;
#1680 = CARTESIAN_POINT ( 'NONE',  ( -19.41365967572293627, -2.929021750087429599, 10.19878823144536639 ) ) ;
#1681 = CARTESIAN_POINT ( 'NONE',  ( -20.86224197669889335, -0.6610350747886293288, 9.077010203062439331 ) ) ;
#1682 = LINE ( 'NONE', #992, #254 ) ;
#1683 = EDGE_CURVE ( 'NONE', #1792, #1226, #1566, .T. ) ;
#1684 = CARTESIAN_POINT ( 'NONE',  ( 3.824470031431005168, -65.45874128731090025, 33.29644502887979485 ) ) ;
#1685 = VERTEX_POINT ( 'NONE', #223 ) ;
#1686 = CARTESIAN_POINT ( 'NONE',  ( -21.76666049839542083, -4.299038105676625143, 9.999999999999998224 ) ) ;
#1687 = ORIENTED_EDGE ( 'NONE', *, *, #274, .F. ) ;
#1688 = DATE_AND_TIME ( #1024, #1665 ) ;
#1689 = LINE ( 'NONE', #1025, #1746 ) ;
#1690 = ORIENTED_EDGE ( 'NONE', *, *, #840, .T. ) ;
#1691 = LINE ( 'NONE', #875, #1319 ) ;
#1692 = CARTESIAN_POINT ( 'NONE',  ( -6.077288146966485449, -0.2237205583714120538, -24.00672295571771286 ) ) ;
#1693 = DIRECTION ( 'NONE',  ( -0.000000000000000000, -0.000000000000000000, -1.000000000000000000 ) ) ;
#1694 = ADVANCED_FACE ( 'NONE', ( #889 ), #716, .F. ) ;
#1695 = DIRECTION ( 'NONE',  ( -0.1710100716628328577, 0.8660254037844363761, -0.4698463103929590434 ) ) ;
#1696 = VERTEX_POINT ( 'NONE', #854 ) ;
#1697 = ADVANCED_FACE ( 'NONE', ( #1524 ), #376, .F. ) ;
#1698 = CARTESIAN_POINT ( 'NONE',  ( -7.794228634059950700, -4.499999999999995559, 15.00000000000000000 ) ) ;
#1699 = ORIENTED_EDGE ( 'NONE', *, *, #2091, .F. ) ;
#1700 = DATE_AND_TIME ( #369, #342 ) ;
#1701 = PERSON ( 'UNSPECIFIED', 'UNSPECIFIED', 'UNSPECIFIED', ('UNSPECIFIED'), ('UNSPECIFIED'), ('UNSPECIFIED') ) ;
#1702 = LINE ( 'NONE', #2047, #68 ) ;
#1703 = ORIENTED_EDGE ( 'NONE', *, *, #897, .F. ) ;
#1704 = AXIS2_PLACEMENT_3D ( 'NONE', #1044, #226, #1920 ) ;
#1705 = AXIS2_PLACEMENT_3D ( 'NONE', #541, #32, #1344 ) ;
#1706 = EDGE_CURVE ( 'NONE', #1175, #300, #57, .T. ) ;
#1707 = DIRECTION ( 'NONE',  ( 0.7261554316666060105, 0.000000000000000000, 0.6875305731828112998 ) ) ;
#1708 = DIRECTION ( 'NONE',  ( -0.000000000000000000, -0.000000000000000000, -1.000000000000000000 ) ) ;
#1709 = CARTESIAN_POINT ( 'NONE',  ( -14.66377553849052262, 20.32050807568861828, 0.2250300038534429337 ) ) ;
#1710 = PRODUCT_DEFINITION_SHAPE ( 'NONE', 'NONE',  #90 ) ;
#1711 = DIRECTION ( 'NONE',  ( -0.1710100716628328577, 0.8660254037844363761, -0.4698463103929590434 ) ) ;
#1712 = ORIENTED_EDGE ( 'NONE', *, *, #1474, .T. ) ;
#1713 = CARTESIAN_POINT ( 'NONE',  ( -8.826792387898665382, -66.20874128731090025, 36.51872049774602402 ) ) ;
#1714 = APPLICATION_PROTOCOL_DEFINITION ( 'international standard', 'config_control_design', 1994, #1098 ) ;
#1715 = CARTESIAN_POINT ( 'NONE',  ( 13.85640646055101932, 5.999999999999999112, 15.00000000000000000 ) ) ;
#1716 = ORIENTED_EDGE ( 'NONE', *, *, #2143, .F. ) ;
#1717 = CARTESIAN_POINT ( 'NONE',  ( -15.73616130619838138, -6.000000000000004441, 14.78366680968826508 ) ) ;
#1718 = CARTESIAN_POINT ( 'NONE',  ( 22.51666049839543149, -2.999999999999984457, 9.999999999999998224 ) ) ;
#1719 = PLANE ( 'NONE',  #836 ) ;
#1720 = ADVANCED_FACE ( 'NONE', ( #868 ), #2020, .F. ) ;
#1721 = DIRECTION ( 'NONE',  ( -1.000000000000000000, 0.000000000000000000, 0.000000000000000000 ) ) ;
#1722 = ORIENTED_EDGE ( 'NONE', *, *, #778, .F. ) ;
#1723 = LINE ( 'NONE', #49, #2093 ) ;
#1724 = CALENDAR_DATE ( 2026, 31, 3 ) ;
#1725 = VERTEX_POINT ( 'NONE', #532 ) ;
#1726 = CARTESIAN_POINT ( 'NONE',  ( -16.00115023764066180, 9.820508075688527683, -18.64191010083951383 ) ) ;
#1727 = VERTEX_POINT ( 'NONE', #1233 ) ;
#1728 = AXIS2_PLACEMENT_3D ( 'NONE', #198, #2064, #1721 ) ;
#1729 = EDGE_CURVE ( 'NONE', #998, #1628, #1020, .T. ) ;
#1730 = CARTESIAN_POINT ( 'NONE',  ( 17.02390751448878703, 12.15521640234188361, -14.28916841390894454 ) ) ;
#1731 = CARTESIAN_POINT ( 'NONE',  ( 7.794228634059950700, -4.499999999999998224, -3.820799825699411123 ) ) ;
#1732 = VECTOR ( 'NONE', #1966, 1000.000000000000114 ) ;
#1733 = CARTESIAN_POINT ( 'NONE',  ( 28.75749438782998624, -63.20874128731087893, 28.36878874589742239 ) ) ;
#1734 = EDGE_LOOP ( 'NONE', ( #1478, #122 ) ) ;
#1735 = CARTESIAN_POINT ( 'NONE',  ( 20.78460969082651388, 6.000000000000011546, -4.450273834796045769 ) ) ;
#1736 = SECURITY_CLASSIFICATION_LEVEL ( 'unclassified' ) ;
#1737 = ADVANCED_FACE ( 'NONE', ( #1868 ), #704, .F. ) ;
#1738 = ORIENTED_EDGE ( 'NONE', *, *, #2092, .F. ) ;
#1739 = FACE_OUTER_BOUND ( 'NONE', #1237, .T. ) ;
#1740 = CARTESIAN_POINT ( 'NONE',  ( 8.660254037844563157, -14.99999999999990408, -7.801030425501309651 ) ) ;
#1741 = DIRECTION ( 'NONE',  ( 0.6656986149863672875, -0.2500000000000014433, -0.7030969734007049832 ) ) ;
#1742 = CYLINDRICAL_SURFACE ( 'NONE', #500, 3.599999999999997424 ) ;
#1743 = CIRCLE ( 'NONE', #1956, 1.250000000000005329 ) ;
#1744 = ORIENTED_EDGE ( 'NONE', *, *, #1208, .F. ) ;
#1745 = CARTESIAN_POINT ( 'NONE',  ( -22.49912363885776401, 3.030374731724396753, -1.045700885568610738 ) ) ;
#1746 = VECTOR ( 'NONE', #1833, 1000.000000000000227 ) ;
#1747 = COORDINATED_UNIVERSAL_TIME_OFFSET ( 7, 0, .BEHIND. ) ;
#1748 = ORIENTED_EDGE ( 'NONE', *, *, #528, .T. ) ;
#1749 = DIRECTION ( 'NONE',  ( -0.9618967477123844256, -0.2500000000000022760, -0.1107007079486682505 ) ) ;
#1750 = AXIS2_PLACEMENT_3D ( 'NONE', #1971, #1105, #1603 ) ;
#1751 =( BOUNDED_CURVE ( )  B_SPLINE_CURVE ( 3, ( #1649, #1476, #637, #1302 ),
 .UNSPECIFIED., .F., .T. ) 
 B_SPLINE_CURVE_WITH_KNOTS ( ( 4, 4 ),
 ( 2.105606086054017556, 4.283677810075031012 ),
 .UNSPECIFIED. ) 
 CURVE ( )  GEOMETRIC_REPRESENTATION_ITEM ( )  RATIONAL_B_SPLINE_CURVE ( ( 1.000000000000000000, 0.6422266549861221918, 0.6422266549861221918, 1.000000000000000000 ) ) 
 REPRESENTATION_ITEM ( '' )  );
#1752 = CARTESIAN_POINT ( 'NONE',  ( 28.75749438782998624, -63.20874128731087893, 28.36878874589742239 ) ) ;
#1753 = ORIENTED_EDGE ( 'NONE', *, *, #1461, .T. ) ;
#1754 = CYLINDRICAL_SURFACE ( 'NONE', #1857, 1.500000000000001998 ) ;
#1755 = DIRECTION ( 'NONE',  ( -0.1710100716628328577, 0.8660254037844363761, -0.4698463103929590434 ) ) ;
#1756 = EDGE_CURVE ( 'NONE', #1246, #1606, #885, .T. ) ;
#1757 = ORIENTED_EDGE ( 'NONE', *, *, #863, .T. ) ;
#1758 = EDGE_CURVE ( 'NONE', #428, #741, #1855, .T. ) ;
#1759 = CIRCLE ( 'NONE', #43, 3.499999999999996447 ) ;
#1760 = CALENDAR_DATE ( 2026, 31, 3 ) ;
#1761 = ORIENTED_EDGE ( 'NONE', *, *, #578, .F. ) ;
#1762 = CARTESIAN_POINT ( 'NONE',  ( -9.621433267171902060, -2.172277716886397592, -19.12515964393695356 ) ) ;
#1763 = CARTESIAN_POINT ( 'NONE',  ( 23.40662757892907564, 21.78177192594810663, 9.999999999999998224 ) ) ;
#1764 = VECTOR ( 'NONE', #1159, 1000.000000000000114 ) ;
#1765 = DIRECTION ( 'NONE',  ( -0.000000000000000000, -0.000000000000000000, -1.000000000000000000 ) ) ;
#1766 = CARTESIAN_POINT ( 'NONE',  ( 19.71604860818977656, -2.688219332018829455, 10.99087473454348185 ) ) ;
#1767 = ORIENTED_EDGE ( 'NONE', *, *, #760, .F. ) ;
#1768 = ORIENTED_EDGE ( 'NONE', *, *, #913, .T. ) ;
#1769 = DIRECTION ( 'NONE',  ( -0.9396926207859086499, -9.787883334890257019E-15, 0.3420201433256682688 ) ) ;
#1770 = LINE ( 'NONE', #1556, #1066 ) ;
#1771 = ORIENTED_EDGE ( 'NONE', *, *, #927, .F. ) ;
#1772 = CARTESIAN_POINT ( 'NONE',  ( 20.37010858332978458, 6.717936977977901236, -2.469952057346593843 ) ) ;
#1773 = EDGE_CURVE ( 'NONE', #1033, #2048, #1941, .T. ) ;
#1774 = LINE ( 'NONE', #1262, #675 ) ;
#1775 = CARTESIAN_POINT ( 'NONE',  ( -5.262106574439108009, -8.882747716891563172, 0.000000000000000000 ) ) ;
#1776 = ORIENTED_EDGE ( 'NONE', *, *, #1935, .T. ) ;
#1777 = VECTOR ( 'NONE', #402, 1000.000000000000114 ) ;
#1778 = AXIS2_PLACEMENT_3D ( 'NONE', #824, #1965, #969 ) ;
#1779 = VERTEX_POINT ( 'NONE', #606 ) ;
#1780 = CARTESIAN_POINT ( 'NONE',  ( -21.02964165813990505, 5.575592183134677526, 2.019378625798520233 ) ) ;
#1781 = CARTESIAN_POINT ( 'NONE',  ( 17.88813171548449432, 20.32050807568861117, -11.62289530518731873 ) ) ;
#1782 = AXIS2_PLACEMENT_3D ( 'NONE', #206, #394, #2080 ) ;
#1783 = CIRCLE ( 'NONE', #946, 1.499999999999998002 ) ;
#1784 = CARTESIAN_POINT ( 'NONE',  ( -20.91375392845051095, 0.2545769271834371628, 0.08273112574505339656 ) ) ;
#1785 = EDGE_CURVE ( 'NONE', #1727, #451, #1093, .T. ) ;
#1786 = AXIS2_PLACEMENT_3D ( 'NONE', #387, #738, #1557 ) ;
#1787 = CARTESIAN_POINT ( 'NONE',  ( 20.22449036884024309, -2.129862437459725477, 11.45109177013822155 ) ) ;
#1788 = CARTESIAN_POINT ( 'NONE',  ( -22.19422236330678899, 12.80998733367447961, -0.1356060188179063486 ) ) ;
#1789 = ORIENTED_EDGE ( 'NONE', *, *, #823, .F. ) ;
#1790 = ORIENTED_EDGE ( 'NONE', *, *, #1436, .F. ) ;
#1791 = CARTESIAN_POINT ( 'NONE',  ( -22.51666049839541017, -2.999999999999964473, 9.999999999999998224 ) ) ;
#1792 = VERTEX_POINT ( 'NONE', #1608 ) ;
#1793 = EDGE_CURVE ( 'NONE', #309, #1876, #1929, .T. ) ;
#1794 = CARTESIAN_POINT ( 'NONE',  ( -20.78460969082651388, 6.000000000000023981, 15.00000000000000000 ) ) ;
#1795 = CARTESIAN_POINT ( 'NONE',  ( 11.37775026468949058, 20.32050807568861472, -9.253310243379164746 ) ) ;
#1796 = EDGE_LOOP ( 'NONE', ( #1676, #2036, #2021, #371, #2023 ) ) ;
#1797 = CARTESIAN_POINT ( 'NONE',  ( 20.22395212860434555, -2.130601413466249205, 8.549145791946671125 ) ) ;
#1798 = ORIENTED_EDGE ( 'NONE', *, *, #152, .F. ) ;
#1799 = CARTESIAN_POINT ( 'NONE',  ( -24.87499648273561803, 22.62953510782958944, 9.999999999999998224 ) ) ;
#1800 = VECTOR ( 'NONE', #423, 1000.000000000000114 ) ;
#1801 = ORIENTED_EDGE ( 'NONE', *, *, #1758, .F. ) ;
#1802 = ORIENTED_EDGE ( 'NONE', *, *, #1496, .T. ) ;
#1803 = DIRECTION ( 'NONE',  ( 0.5000000000000132117, -0.8660254037844310471, 0.000000000000000000 ) ) ;
#1804 = CARTESIAN_POINT ( 'NONE',  ( 15.88926104392252370, 10.64961862598769393, -15.13080836386554573 ) ) ;
#1805 = CARTESIAN_POINT ( 'NONE',  ( 6.727507346848845771, -5.978348007442741974, -4.305125451459362651 ) ) ;
#1806 = CARTESIAN_POINT ( 'NONE',  ( 19.82257827206781897, -2.589373733416628021, 8.870139693175813633 ) ) ;
#1807 = ORIENTED_EDGE ( 'NONE', *, *, #863, .F. ) ;
#1808 = PLANE ( 'NONE',  #907 ) ;
#1809 = AXIS2_PLACEMENT_3D ( 'NONE', #1337, #2035, #994 ) ;
#1810 = VECTOR ( 'NONE', #1458, 1000.000000000000114 ) ;
#1811 = VERTEX_POINT ( 'NONE', #107 ) ;
#1812 = PLANE ( 'NONE',  #1671 ) ;
#1813 = ORIENTED_EDGE ( 'NONE', *, *, #1209, .T. ) ;
#1814 = DIRECTION ( 'NONE',  ( -0.5000000000000005551, -0.8660254037844382635, -0.000000000000000000 ) ) ;
#1815 = LINE ( 'NONE', #1954, #632 ) ;
#1816 = LINE ( 'NONE', #2134, #2145 ) ;
#1817 = CARTESIAN_POINT ( 'NONE',  ( 19.36613364452588470, 17.32050807568858630, -17.69047392418764275 ) ) ;
#1818 = EDGE_CURVE ( 'NONE', #72, #309, #1277, .T. ) ;
#1819 = CARTESIAN_POINT ( 'NONE',  ( 22.51666049839543149, -2.999999999999984457, 9.999999999999998224 ) ) ;
#1820 = DIRECTION ( 'NONE',  ( 0.5000000000000000000, -0.8660254037844385966, 0.000000000000000000 ) ) ;
#1821 = ORIENTED_EDGE ( 'NONE', *, *, #455, .F. ) ;
#1822 = CARTESIAN_POINT ( 'NONE',  ( 20.92050807568876536, 2.512670442295805113E-15, 15.00000000000000000 ) ) ;
#1823 = ORIENTED_EDGE ( 'NONE', *, *, #141, .F. ) ;
#1824 = AXIS2_PLACEMENT_3D ( 'NONE', #176, #11, #1510 ) ;
#1825 = EDGE_CURVE ( 'NONE', #300, #1957, #775, .T. ) ;
#1826 = CARTESIAN_POINT ( 'NONE',  ( 20.71593688328907135, 6.000000000000028422, -3.853564460026994265 ) ) ;
#1827 = CARTESIAN_POINT ( 'NONE',  ( -24.61248518820428188, 11.49038105676639887, -1.787936249065934069 ) ) ;
#1828 = FACE_OUTER_BOUND ( 'NONE', #2025, .T. ) ;
#1829 = CARTESIAN_POINT ( 'NONE',  ( 19.57153422814910471, -2.810624116346593482, 9.240848126360674542 ) ) ;
#1830 = ADVANCED_FACE ( 'NONE', ( #921, #1245 ), #1742, .F. ) ;
#1831 = DIRECTION ( 'NONE',  ( 0.000000000000000000, -0.4768709627114786076, -0.8789733129752163032 ) ) ;
#1832 = ORIENTED_EDGE ( 'NONE', *, *, #306, .F. ) ;
#1833 = DIRECTION ( 'NONE',  ( 0.9396926207859104263, -6.938893903907230350E-16, -0.3420201433256630508 ) ) ;
#1834 = ORIENTED_EDGE ( 'NONE', *, *, #1938, .T. ) ;
#1835 = CARTESIAN_POINT ( 'NONE',  ( -21.54115611781896789, 10.89957685293394363, -2.252656414609107927 ) ) ;
#1836 = LINE ( 'NONE', #196, #1623 ) ;
#1837 = CARTESIAN_POINT ( 'NONE',  ( -20.65408641596499706, -1.362228189483897900, 8.577893188374117628 ) ) ;
#1838 = FACE_OUTER_BOUND ( 'NONE', #1416, .T. ) ;
#1839 = CARTESIAN_POINT ( 'NONE',  ( 20.90467461984246000, -0.3372687115186695506, 9.999999999999998224 ) ) ;
#1840 = ORIENTED_EDGE ( 'NONE', *, *, #1706, .T. ) ;
#1841 = CARTESIAN_POINT ( 'NONE',  ( -20.78460969082651388, 6.000000000000023981, 0.8857272221941825396 ) ) ;
#1842 = EDGE_CURVE ( 'NONE', #744, #276, #1420, .T. ) ;
#1843 = ORIENTED_EDGE ( 'NONE', *, *, #539, .T. ) ;
#1844 = FACE_OUTER_BOUND ( 'NONE', #1388, .T. ) ;
#1845 = ORIENTED_EDGE ( 'NONE', *, *, #463, .T. ) ;
#1846 = SECURITY_CLASSIFICATION ( '', '', #1736 ) ;
#1847 = ADVANCED_FACE ( 'NONE', ( #76 ), #1101, .T. ) ;
#1848 = VECTOR ( 'NONE', #802, 1000.000000000000227 ) ;
#1849 = CARTESIAN_POINT ( 'NONE',  ( 16.06681538514081353, 13.50627777076098113, -16.03451887393184450 ) ) ;
#1850 = CARTESIAN_POINT ( 'NONE',  ( -20.90467461984247777, -0.3372687115186294715, 10.19759835174226481 ) ) ;
#1851 = EDGE_CURVE ( 'NONE', #749, #744, #444, .T. ) ;
#1852 = CARTESIAN_POINT ( 'NONE',  ( -19.44078353657362612, -2.910542255322090988, 9.604755289561669684 ) ) ;
#1853 = LINE ( 'NONE', #1523, #536 ) ;
#1854 = VECTOR ( 'NONE', #895, 1000.000000000000227 ) ;
#1855 = LINE ( 'NONE', #692, #1515 ) ;
#1856 = ORIENTED_EDGE ( 'NONE', *, *, #539, .F. ) ;
#1857 = AXIS2_PLACEMENT_3D ( 'NONE', #1082, #1741, #1412 ) ;
#1858 = DIRECTION ( 'NONE',  ( 0.7263614178872017657, 0.4330127018922228510, 0.5337593939265993237 ) ) ;
#1859 = ORIENTED_EDGE ( 'NONE', *, *, #2081, .T. ) ;
#1860 = LINE ( 'NONE', #997, #447 ) ;
#1861 = ORIENTED_EDGE ( 'NONE', *, *, #501, .F. ) ;
#1862 = EDGE_CURVE ( 'NONE', #1305, #956, #1774, .T. ) ;
#1863 = VECTOR ( 'NONE', #1369, 1000.000000000000227 ) ;
#1864 = FACE_BOUND ( 'NONE', #642, .T. ) ;
#1865 = CARTESIAN_POINT ( 'NONE',  ( -20.81447320817645164, -0.8702558663149697615, 11.12814862362261437 ) ) ;
#1866 = CARTESIAN_POINT ( 'NONE',  ( -17.32050807568878170, -1.209484614510983555E-13, 15.00000000000000000 ) ) ;
#1867 = ADVANCED_FACE ( 'NONE', ( #271 ), #263, .T. ) ;
#1868 = FACE_OUTER_BOUND ( 'NONE', #278, .T. ) ;
#1869 = LOCAL_TIME ( 23, 2, 9.000000000000000000, #1747 ) ;
#1870 = EDGE_LOOP ( 'NONE', ( #2067, #1503, #468, #1489 ) ) ;
#1871 = CLOSED_SHELL ( 'NONE', ( #1867, #231, #267, #312, #1314, #884, #1830, #247, #1528, #1697, #668, #301, #2027, #2099, #375, #1720, #117, #1160, #596, #2052, #1366, #50, #1902, #1983, #893, #1222, #364, #973, #113, #930, #1925, #1549, #752, #1399, #1450, #727, #1129, #764, #923, #53, #1410, #1336, #1252, #3, #378, #2162, #1666, #1045, #1847, #1144, #1052, #509, #1878, #1594, #1694, #1737, #1132, #103, #177, #735 ) ) ;
#1872 = PLANE ( 'NONE',  #796 ) ;
#1873 = ORIENTED_EDGE ( 'NONE', *, *, #2083, .F. ) ;
#1874 = APPROVAL_STATUS ( 'not_yet_approved' ) ;
#1875 = CARTESIAN_POINT ( 'NONE',  ( -10.78574089325375596, 0.6814512243888677379, 10.87984262350443920 ) ) ;
#1876 = VERTEX_POINT ( 'NONE', #943 ) ;
#1877 = EDGE_CURVE ( 'NONE', #193, #1725, #937, .T. ) ;
#1878 = ADVANCED_FACE ( 'NONE', ( #1984 ), #1133, .F. ) ;
#1879 = DIRECTION ( 'NONE',  ( 0.1143311995462824304, -3.721497653672743454E-16, -0.9934426892429720768 ) ) ;
#1880 = DIRECTION ( 'NONE',  ( -0.1710100716628322748, 0.8660254037844363761, -0.4698463103929592100 ) ) ;
#1881 = CARTESIAN_POINT ( 'NONE',  ( -19.87747186196986249, -2.535516788293587176, 8.809213082914553183 ) ) ;
#1882 = CARTESIAN_POINT ( 'NONE',  ( 20.89587299909297613, -0.4224258316449605588, 10.48781119214104152 ) ) ;
#1883 = ORIENTED_EDGE ( 'NONE', *, *, #1275, .T. ) ;
#1884 = LINE ( 'NONE', #891, #380 ) ;
#1885 = DIRECTION ( 'NONE',  ( 0.000000000000000000, -0.4768709627114784966, -0.8789733129752163032 ) ) ;
#1886 = ORIENTED_EDGE ( 'NONE', *, *, #1297, .T. ) ;
#1887 = VECTOR ( 'NONE', #1538, 1000.000000000000114 ) ;
#1888 = AXIS2_PLACEMENT_3D ( 'NONE', #931, #1598, #766 ) ;
#1889 = DIRECTION ( 'NONE',  ( 1.000000000000000000, 0.000000000000000000, 0.000000000000000000 ) ) ;
#1890 = PLANE ( 'NONE',  #20 ) ;
#1891 = DIRECTION ( 'NONE',  ( -0.9396926207859103153, 5.007715329123864752E-16, 0.3420201433256634393 ) ) ;
#1892 = DESIGN_CONTEXT ( 'detailed design', #1098, 'design' ) ;
#1893 = CARTESIAN_POINT ( 'NONE',  ( 13.72050807568876962, 2.071797594602757948E-15, 15.00000000000000000 ) ) ;
#1894 = AXIS2_PLACEMENT_3D ( 'NONE', #649, #1643, #847 ) ;
#1895 = ORIENTED_EDGE ( 'NONE', *, *, #553, .T. ) ;
#1896 = CARTESIAN_POINT ( 'NONE',  ( -26.20653651103914328, 17.32050807568858630, -1.103378491530582206 ) ) ;
#1897 = EDGE_CURVE ( 'NONE', #89, #167, #2123, .T. ) ;
#1898 = COORDINATED_UNIVERSAL_TIME_OFFSET ( 7, 0, .BEHIND. ) ;
#1899 = ORIENTED_EDGE ( 'NONE', *, *, #1342, .F. ) ;
#1900 = DIRECTION ( 'NONE',  ( -0.000000000000000000, -0.000000000000000000, -1.000000000000000000 ) ) ;
#1901 = EDGE_LOOP ( 'NONE', ( #2056, #1856 ) ) ;
#1902 = ADVANCED_FACE ( 'NONE', ( #634, #1290 ), #160, .F. ) ;
#1903 =( BOUNDED_CURVE ( )  B_SPLINE_CURVE ( 3, ( #641, #1307, #168, #1479 ),
 .UNSPECIFIED., .F., .T. ) 
 B_SPLINE_CURVE_WITH_KNOTS ( ( 4, 4 ),
 ( 3.446942208228534366, 3.882642634252264635 ),
 .UNSPECIFIED. ) 
 CURVE ( )  GEOMETRIC_REPRESENTATION_ITEM ( )  RATIONAL_B_SPLINE_CURVE ( ( 1.000000000000000000, 0.9842428940521111835, 0.9842428940521111835, 1.000000000000000000 ) ) 
 REPRESENTATION_ITEM ( '' )  );
#1904 = CARTESIAN_POINT ( 'NONE',  ( 35.26787583862498110, -63.20874128731087893, 25.99920368408926308 ) ) ;
#1905 = CARTESIAN_POINT ( 'NONE',  ( -20.78460969082652454, -5.999999999999987566, 3.878559317874087586 ) ) ;
#1906 = EDGE_CURVE ( 'NONE', #722, #978, #1637, .T. ) ;
#1907 = DIRECTION ( 'NONE',  ( -0.000000000000000000, -0.000000000000000000, -1.000000000000000000 ) ) ;
#1908 = ORIENTED_EDGE ( 'NONE', *, *, #1945, .T. ) ;
#1909 = LINE ( 'NONE', #237, #1777 ) ;
#1910 = COORDINATED_UNIVERSAL_TIME_OFFSET ( 7, 0, .BEHIND. ) ;
#1911 = ORIENTED_EDGE ( 'NONE', *, *, #753, .F. ) ;
#1912 = CARTESIAN_POINT ( 'NONE',  ( 18.47282829571976137, -65.45874128731091446, 27.96487863981144528 ) ) ;
#1913 = EDGE_CURVE ( 'NONE', #377, #368, #292, .T. ) ;
#1914 = DIRECTION ( 'NONE',  ( 0.000000000000000000, 0.4768709627114781080, 0.8789733129752164142 ) ) ;
#1915 = ORIENTED_EDGE ( 'NONE', *, *, #1091, .T. ) ;
#1916 = LINE ( 'NONE', #2075, #1674 ) ;
#1917 = VECTOR ( 'NONE', #1533, 1000.000000000000114 ) ;
#1918 = CARTESIAN_POINT ( 'NONE',  ( 20.38901489884172946, -1.885234260842225895, 11.50005277830414840 ) ) ;
#1919 = ORIENTED_EDGE ( 'NONE', *, *, #1625, .T. ) ;
#1920 = DIRECTION ( 'NONE',  ( 1.000000000000000000, -3.505400730386713018E-15, 0.000000000000000000 ) ) ;
#1921 = PERSON_AND_ORGANIZATION ( #1701, #826 ) ;
#1922 = ORIENTED_EDGE ( 'NONE', *, *, #501, .T. ) ;
#1923 = CARTESIAN_POINT ( 'NONE',  ( -20.78460969082652454, -5.999999999999987566, 15.00000000000000000 ) ) ;
#1924 = B_SPLINE_CURVE_WITH_KNOTS ( 'NONE', 3,
 ( #1667, #172, #837, #1532, #1354, #1507, #701, #2016, #2040, #676, #514, #1849, #21, #349, #1015, #2029, #1367, #372, #589, #1564, #83, #1402, #1070, #579, #746, #1730 ),
 .UNSPECIFIED., .F., .F.,
 ( 4, 2, 2, 2, 2, 2, 2, 2, 2, 2, 2, 2, 4 ),
 ( 0.000000000000000000, 0.0005929130347499503469, 0.0008893695521249243277, 0.001185826069499898308, 0.001482282586874872181, 0.001778739104249846270, 0.002371652138999792280, 0.002668108656374766369, 0.002964565173749740025, 0.003557478208499692540, 0.003853934725874671400, 0.004150391243249649392, 0.004743304277999607112 ),
 .UNSPECIFIED. ) ;
#1925 = ADVANCED_FACE ( 'NONE', ( #962, #1626 ), #1330, .F. ) ;
#1926 = CARTESIAN_POINT ( 'NONE',  ( 17.32050807568876749, 2.071797594602757948E-15, 0.000000000000000000 ) ) ;
#1927 = ORIENTED_EDGE ( 'NONE', *, *, #1511, .F. ) ;
#1928 = LINE ( 'NONE', #1391, #1501 ) ;
#1929 = LINE ( 'NONE', #2076, #1437 ) ;
#1930 = ORIENTED_EDGE ( 'NONE', *, *, #578, .T. ) ;
#1931 = ORIENTED_EDGE ( 'NONE', *, *, #1078, .F. ) ;
#1932 = DIRECTION ( 'NONE',  ( -0.7261554316666042341, 0.000000000000000000, -0.6875305731828131872 ) ) ;
#1933 = CIRCLE ( 'NONE', #1750, 2.249999999999999112 ) ;
#1934 = DIRECTION ( 'NONE',  ( 0.8660254037844383745, -0.5000000000000004441, 0.000000000000000000 ) ) ;
#1935 = EDGE_CURVE ( 'NONE', #1335, #1152, #126, .T. ) ;
#1936 = DIRECTION ( 'NONE',  ( -0.3420201433256628842, 0.000000000000000000, -0.9396926207859105373 ) ) ;
#1937 = DIRECTION ( 'NONE',  ( 0.6656986149863672875, -0.2500000000000014433, -0.7030969734007049832 ) ) ;
#1938 = EDGE_CURVE ( 'NONE', #750, #321, #1743, .T. ) ;
#1939 = ORIENTED_EDGE ( 'NONE', *, *, #705, .T. ) ;
#1940 = AXIS2_PLACEMENT_3D ( 'NONE', #273, #109, #777 ) ;
#1941 = B_SPLINE_CURVE_WITH_KNOTS ( 'NONE', 3,
 ( #365, #1372, #2043, #546, #1882, #1269, #748, #410, #1580, #1429, #426, #1111, #1617, #1918, #1072, #1787, #1255, #2105, #598, #283, #1083, #1766, #86, #756, #953, #1413, #615, #739 ),
 .UNSPECIFIED., .F., .F.,
 ( 4, 2, 2, 2, 2, 2, 2, 2, 2, 2, 2, 2, 2, 4 ),
 ( 1.742330095302998896E-18, 0.0002965097443284773018, 0.0005930194886569528688, 0.001186038977313909207, 0.001779058465970865654, 0.002075568210299344636, 0.002372077954627823618, 0.002668587698956302601, 0.002965097443284782450, 0.003261607187613262300, 0.003558116931941742150, 0.003854626676270221999, 0.004151136420598701415, 0.004744155909255661115 ),
 .UNSPECIFIED. ) ;
#1942 = VERTEX_POINT ( 'NONE', #1310 ) ;
#1943 = DIRECTION ( 'NONE',  ( -0.4999999999999988343, 0.8660254037844393737, 0.000000000000000000 ) ) ;
#1944 = LINE ( 'NONE', #92, #469 ) ;
#1945 = EDGE_CURVE ( 'NONE', #741, #749, #479, .T. ) ;
#1946 = FACE_OUTER_BOUND ( 'NONE', #698, .T. ) ;
#1947 = DIRECTION ( 'NONE',  ( 1.000000000000000000, 0.000000000000000000, -0.000000000000000000 ) ) ;
#1948 = CARTESIAN_POINT ( 'NONE',  ( -22.24963589068917003, 13.05515635377245687, -0.2932308688773298533 ) ) ;
#1949 = VERTEX_POINT ( 'NONE', #1481 ) ;
#1950 = EDGE_LOOP ( 'NONE', ( #631, #140 ) ) ;
#1951 = DIRECTION ( 'NONE',  ( -0.1710100716628328577, 0.8660254037844364872, -0.4698463103929590989 ) ) ;
#1952 = DIRECTION ( 'NONE',  ( -0.1710100716628328577, 0.8660254037844364872, -0.4698463103929590989 ) ) ;
#1953 = DIRECTION ( 'NONE',  ( -0.2140760823084249809, -0.7798900054375238478, -0.5881692021877169552 ) ) ;
#1954 = CARTESIAN_POINT ( 'NONE',  ( 8.660254037844563157, -14.99999999999990585, 15.00000000000000000 ) ) ;
#1955 = ORIENTED_EDGE ( 'NONE', *, *, #432, .F. ) ;
#1956 = AXIS2_PLACEMENT_3D ( 'NONE', #2132, #2146, #643 ) ;
#1957 = VERTEX_POINT ( 'NONE', #1993 ) ;
#1958 = CARTESIAN_POINT ( 'NONE',  ( -5.272414795186447733, -60.20874128731085051, 46.28429267393850921 ) ) ;
#1959 = VECTOR ( 'NONE', #1858, 1000.000000000000000 ) ;
#1960 = ORIENTED_EDGE ( 'NONE', *, *, #959, .T. ) ;
#1961 = EDGE_CURVE ( 'NONE', #998, #169, #783, .T. ) ;
#1962 = VECTOR ( 'NONE', #487, 1000.000000000000000 ) ;
#1963 = PLANE ( 'NONE',  #1116 ) ;
#1964 = VECTOR ( 'NONE', #1579, 1000.000000000000114 ) ;
#1965 = DIRECTION ( 'NONE',  ( 0.9618967477123846477, 0.2500000000000017208, 0.1107007079486673345 ) ) ;
#1966 = DIRECTION ( 'NONE',  ( -0.9396926207859098712, -1.646999599620966745E-15, 0.3420201433256646051 ) ) ;
#1967 =( BOUNDED_CURVE ( )  B_SPLINE_CURVE ( 3, ( #1352, #2140, #158, #987 ),
 .UNSPECIFIED., .F., .T. ) 
 B_SPLINE_CURVE_WITH_KNOTS ( ( 4, 4 ),
 ( 1.544706601776697719, 2.836243098951042096 ),
 .UNSPECIFIED. ) 
 CURVE ( )  GEOMETRIC_REPRESENTATION_ITEM ( )  RATIONAL_B_SPLINE_CURVE ( ( 1.000000000000000000, 0.8657584408804679388, 0.8657584408804679388, 1.000000000000000000 ) ) 
 REPRESENTATION_ITEM ( '' )  );
#1968 = EDGE_LOOP ( 'NONE', ( #48, #471 ) ) ;
#1969 = CARTESIAN_POINT ( 'NONE',  ( -24.12499648273561803, 23.92857321350624389, 9.999999999999998224 ) ) ;
#1970 = ORIENTED_EDGE ( 'NONE', *, *, #82, .T. ) ;
#1971 = CARTESIAN_POINT ( 'NONE',  ( -10.00620592841327472, -0.2237205583714118318, -20.18231384232110415 ) ) ;
#1972 = ORIENTED_EDGE ( 'NONE', *, *, #1078, .T. ) ;
#1973 = ORIENTED_EDGE ( 'NONE', *, *, #1427, .F. ) ;
#1974 = CARTESIAN_POINT ( 'NONE',  ( -21.53204594370057023, 11.34096660509593235, -2.656669117147575587 ) ) ;
#1975 = CARTESIAN_POINT ( 'NONE',  ( 16.57116768442231347, 10.93536544056479620, -14.64266783113716386 ) ) ;
#1976 = ORIENTED_EDGE ( 'NONE', *, *, #1862, .T. ) ;
#1977 = FACE_OUTER_BOUND ( 'NONE', #1870, .T. ) ;
#1978 = EDGE_LOOP ( 'NONE', ( #535, #708, #538, #901, #124 ) ) ;
#1979 = DIRECTION ( 'NONE',  ( 0.000000000000000000, 0.000000000000000000, 1.000000000000000000 ) ) ;
#1980 = EDGE_LOOP ( 'NONE', ( #297, #2154 ) ) ;
#1981 = FACE_OUTER_BOUND ( 'NONE', #1258, .T. ) ;
#1982 = VERTEX_POINT ( 'NONE', #2002 ) ;
#1983 = ADVANCED_FACE ( 'NONE', ( #54 ), #8, .F. ) ;
#1984 = FACE_OUTER_BOUND ( 'NONE', #2013, .T. ) ;
#1985 = CARTESIAN_POINT ( 'NONE',  ( 20.71593688328891147, 6.000000000000019540, -3.853564460026923211 ) ) ;
#1986 = DIRECTION ( 'NONE',  ( -1.000000000000000000, 0.000000000000000000, 0.000000000000000000 ) ) ;
#1987 = DIRECTION ( 'NONE',  ( -0.1710100716628328577, 0.8660254037844363761, -0.4698463103929590434 ) ) ;
#1988 = DIRECTION ( 'NONE',  ( 0.9396926207859104263, -4.336808689942017736E-17, -0.3420201433256631618 ) ) ;
#1989 = VECTOR ( 'NONE', #1374, 1000.000000000000114 ) ;
#1990 = VERTEX_POINT ( 'NONE', #689 ) ;
#1991 = FACE_BOUND ( 'NONE', #879, .T. ) ;
#1992 = ORIENTED_EDGE ( 'NONE', *, *, #913, .F. ) ;
#1993 = CARTESIAN_POINT ( 'NONE',  ( 14.33375412277227312, 14.32050807568855966, -21.38846748137980569 ) ) ;
#1994 = CARTESIAN_POINT ( 'NONE',  ( -20.90467461984247421, -0.3372687115186297491, 9.999999999999998224 ) ) ;
#1995 = CARTESIAN_POINT ( 'NONE',  ( -19.82208544984490572, -2.589845001826136972, 8.870731197006861635 ) ) ;
#1996 = EDGE_CURVE ( 'NONE', #377, #940, #1221, .T. ) ;
#1997 = CARTESIAN_POINT ( 'NONE',  ( 20.71913241518423732, -1.190691031635362718, 8.653454493556841598 ) ) ;
#1998 = LINE ( 'NONE', #1502, #562 ) ;
#1999 = EDGE_LOOP ( 'NONE', ( #323, #758, #1373, #2136, #620 ) ) ;
#2000 = DIRECTION ( 'NONE',  ( -0.1710100716628328577, 0.8660254037844363761, -0.4698463103929590434 ) ) ;
#2001 = ORIENTED_EDGE ( 'NONE', *, *, #1568, .T. ) ;
#2002 = CARTESIAN_POINT ( 'NONE',  ( 13.72050807568876785, 2.071797594602757948E-15, 0.000000000000000000 ) ) ;
#2003 = DIRECTION ( 'NONE',  ( -0.9618967477123847587, -0.2500000000000016098, -0.1107007079486665713 ) ) ;
#2004 = CARTESIAN_POINT ( 'NONE',  ( -20.89929513119031412, -0.3908227677352169027, 9.606782552984681089 ) ) ;
#2005 = CARTESIAN_POINT ( 'NONE',  ( 20.78460969082652454, -6.000000000000000000, 15.00000000000000000 ) ) ;
#2006 = AXIS2_PLACEMENT_3D ( 'NONE', #47, #557, #187 ) ;
#2007 = CYLINDRICAL_SURFACE ( 'NONE', #360, 1.499999999999999778 ) ;
#2008 = ORIENTED_EDGE ( 'NONE', *, *, #1793, .F. ) ;
#2009 = DIRECTION ( 'NONE',  ( -0.4999999999999904521, -0.8660254037844441477, 0.000000000000000000 ) ) ;
#2010 = EDGE_CURVE ( 'NONE', #822, #1642, #361, .T. ) ;
#2011 = VERTEX_POINT ( 'NONE', #1379 ) ;
#2012 = CYLINDRICAL_SURFACE ( 'NONE', #1894, 9.000000000000001776 ) ;
#2013 = EDGE_LOOP ( 'NONE', ( #1073, #1264, #1748, #488 ) ) ;
#2014 = VECTOR ( 'NONE', #280, 1000.000000000000114 ) ;
#2015 = EDGE_CURVE ( 'NONE', #1211, #617, #1691, .T. ) ;
#2016 = CARTESIAN_POINT ( 'NONE',  ( 15.56299954370303951, 13.18417071302123311, -16.37881036655966938 ) ) ;
#2017 = FACE_OUTER_BOUND ( 'NONE', #110, .T. ) ;
#2018 = CARTESIAN_POINT ( 'NONE',  ( -19.40467461984263053, -2.935344922872027862, 9.799433636466808650 ) ) ;
#2019 = FACE_BOUND ( 'NONE', #1901, .T. ) ;
#2020 = PLANE ( 'NONE',  #2082 ) ;
#2021 = ORIENTED_EDGE ( 'NONE', *, *, #2065, .F. ) ;
#2022 = FACE_OUTER_BOUND ( 'NONE', #1583, .T. ) ;
#2023 = ORIENTED_EDGE ( 'NONE', *, *, #1683, .T. ) ;
#2024 = LINE ( 'NONE', #977, #1575 ) ;
#2025 = EDGE_LOOP ( 'NONE', ( #182, #355, #257, #1761 ) ) ;
#2026 = APPROVAL_PERSON_ORGANIZATION ( #1441, #771, #947 ) ;
#2027 = ADVANCED_FACE ( 'NONE', ( #1179, #1864 ), #1049, .F. ) ;
#2028 = AXIS2_PLACEMENT_3D ( 'NONE', #830, #671, #2009 ) ;
#2029 = CARTESIAN_POINT ( 'NONE',  ( 16.54488691607037865, 13.53168993808326981, -15.40268326421104916 ) ) ;
#2030 = CARTESIAN_POINT ( 'NONE',  ( -20.53406495947303156, -1.625570458676721897, 11.49001477097682233 ) ) ;
#2031 = DIRECTION ( 'NONE',  ( 0.000000000000000000, -0.4768709627114787186, -0.8789733129752163032 ) ) ;
#2032 = AXIS2_PLACEMENT_3D ( 'NONE', #550, #1214, #1885 ) ;
#2033 = LINE ( 'NONE', #1684, #258 ) ;
#2034 = ORIENTED_EDGE ( 'NONE', *, *, #952, .F. ) ;
#2035 = DIRECTION ( 'NONE',  ( -0.8660254037844310471, -0.5000000000000133227, -0.000000000000000000 ) ) ;
#2036 = ORIENTED_EDGE ( 'NONE', *, *, #651, .F. ) ;
#2037 = DIRECTION ( 'NONE',  ( -0.6656986149863663993, 0.2500000000000021094, 0.7030969734007055383 ) ) ;
#2038 = ORIENTED_EDGE ( 'NONE', *, *, #1655, .T. ) ;
#2039 = CIRCLE ( 'NONE', #1547, 3.599999999999999201 ) ;
#2040 = CARTESIAN_POINT ( 'NONE',  ( 15.63480849692502872, 13.24268615386032444, -16.34477124293968231 ) ) ;
#2041 = CARTESIAN_POINT ( 'NONE',  ( -19.44810920642605367, -2.904094602745613596, 10.39201209792933867 ) ) ;
#2042 = CARTESIAN_POINT ( 'NONE',  ( -20.88009303716432186, -0.5441337744404038945, 9.240848126360674542 ) ) ;
#2043 = CARTESIAN_POINT ( 'NONE',  ( 20.90369111951862990, -0.3482115845577332669, 10.19878823144536639 ) ) ;
#2044 = EDGE_LOOP ( 'NONE', ( #780, #1128, #114, #1624, #311, #341 ) ) ;
#2045 = FACE_OUTER_BOUND ( 'NONE', #1263, .T. ) ;
#2046 = DIRECTION ( 'NONE',  ( 1.000000000000000000, -3.505400730386713018E-15, 0.000000000000000000 ) ) ;
#2047 = CARTESIAN_POINT ( 'NONE',  ( 24.24871130596427093, 2.602085213965062730E-15, 15.00000000000000000 ) ) ;
#2048 = VERTEX_POINT ( 'NONE', #1205 ) ;
#2049 = PLANE ( 'NONE',  #241 ) ;
#2050 = DIRECTION ( 'NONE',  ( 0.5000000000000001110, 0.8660254037844385966, 0.000000000000000000 ) ) ;
#2051 = CARTESIAN_POINT ( 'NONE',  ( 7.489346606724699207, -5.028071161659257271, -3.921698785018451705 ) ) ;
#2052 = ADVANCED_FACE ( 'NONE', ( #1544 ), #2049, .F. ) ;
#2053 = DIRECTION ( 'NONE',  ( 0.2133312028987082165, -0.4330127018922228510, -0.8757795372522624300 ) ) ;
#2054 = ORIENTED_EDGE ( 'NONE', *, *, #334, .F. ) ;
#2055 = LINE ( 'NONE', #1713, #269 ) ;
#2056 = ORIENTED_EDGE ( 'NONE', *, *, #1019, .F. ) ;
#2057 = DIRECTION ( 'NONE',  ( 0.000000000000000000, -0.4768709627114787186, -0.8789733129752163032 ) ) ;
#2058 = ORIENTED_EDGE ( 'NONE', *, *, #15, .F. ) ;
#2059 = EDGE_CURVE ( 'NONE', #741, #1592, #567, .T. ) ;
#2060 = VECTOR ( 'NONE', #1060, 1000.000000000000114 ) ;
#2061 = DIRECTION ( 'NONE',  ( -0.9618967477123846477, -0.2500000000000018874, -0.1107007079486674178 ) ) ;
#2062 = CARTESIAN_POINT ( 'NONE',  ( 19.36613364452588470, 17.32050807568858630, -17.69047392418764275 ) ) ;
#2063 = FACE_OUTER_BOUND ( 'NONE', #1243, .T. ) ;
#2064 = DIRECTION ( 'NONE',  ( -0.000000000000000000, -0.000000000000000000, -1.000000000000000000 ) ) ;
#2065 = EDGE_CURVE ( 'NONE', #757, #98, #554, .T. ) ;
#2066 = CIRCLE ( 'NONE', #942, 2.249999999999999112 ) ;
#2067 = ORIENTED_EDGE ( 'NONE', *, *, #1091, .F. ) ;
#2068 = DIRECTION ( 'NONE',  ( -1.000000000000000000, 0.000000000000000000, 0.000000000000000000 ) ) ;
#2069 = PERSON_AND_ORGANIZATION ( #1701, #826 ) ;
#2070 = VERTEX_POINT ( 'NONE', #1216 ) ;
#2071 = VECTOR ( 'NONE', #2108, 1000.000000000000227 ) ;
#2072 = LINE ( 'NONE', #1923, #1400 ) ;
#2073 = CIRCLE ( 'NONE', #2131, 1.250000000000005329 ) ;
#2074 = CARTESIAN_POINT ( 'NONE',  ( 11.37775026468949058, 20.32050807568861472, -9.253310243379164746 ) ) ;
#2075 = CARTESIAN_POINT ( 'NONE',  ( 28.75749438782998624, -64.92547675307220345, 25.20448481918664640 ) ) ;
#2076 = CARTESIAN_POINT ( 'NONE',  ( -36.00481261572299729, 1.724836600143577758, -11.91679486978170033 ) ) ;
#2077 = ORIENTED_EDGE ( 'NONE', *, *, #1756, .T. ) ;
#2078 = LINE ( 'NONE', #1896, #1490 ) ;
#2079 = ORIENTED_EDGE ( 'NONE', *, *, #291, .F. ) ;
#2080 = DIRECTION ( 'NONE',  ( 0.000000000000000000, 0.8520312918379400191, -0.5234908573499360562 ) ) ;
#2081 = EDGE_CURVE ( 'NONE', #389, #321, #864, .T. ) ;
#2082 = AXIS2_PLACEMENT_3D ( 'NONE', #726, #35, #1392 ) ;
#2083 = EDGE_CURVE ( 'NONE', #1642, #799, #1555, .T. ) ;
#2084 = CARTESIAN_POINT ( 'NONE',  ( 13.85640646055101932, 5.999999999999999112, -13.14683270777305957 ) ) ;
#2085 = CYLINDRICAL_SURFACE ( 'NONE', #912, 1.500000000000069944 ) ;
#2086 = VECTOR ( 'NONE', #1217, 1000.000000000000000 ) ;
#2087 = DIRECTION ( 'NONE',  ( 0.000000000000000000, 0.000000000000000000, 1.000000000000000000 ) ) ;
#2088 = ORIENTED_EDGE ( 'NONE', *, *, #1661, .T. ) ;
#2089 = EDGE_LOOP ( 'NONE', ( #648, #1339, #1048, #1081, #1054 ) ) ;
#2090 = CARTESIAN_POINT ( 'NONE',  ( -20.78460969082651388, 6.000000000000023981, 0.8857272221941825396 ) ) ;
#2091 = EDGE_CURVE ( 'NONE', #1663, #265, #44, .T. ) ;
#2092 = EDGE_CURVE ( 'NONE', #1305, #1727, #1924, .T. ) ;
#2093 = VECTOR ( 'NONE', #1406, 1000.000000000000000 ) ;
#2094 = CARTESIAN_POINT ( 'NONE',  ( -5.307742824483727695, -0.2237205583714159118, -21.89241455894941168 ) ) ;
#2095 = VECTOR ( 'NONE', #1879, 999.9999999999998863 ) ;
#2096 = DIRECTION ( 'NONE',  ( 0.4719139070981633322, -0.8173788638923618066, 0.3304376751361408626 ) ) ;
#2097 = ORIENTED_EDGE ( 'NONE', *, *, #141, .T. ) ;
#2098 = DATE_TIME_ROLE ( 'classification_date' ) ;
#2099 = ADVANCED_FACE ( 'NONE', ( #918, #1253 ), #737, .F. ) ;
#2100 = ORIENTED_EDGE ( 'NONE', *, *, #2091, .T. ) ;
#2101 = CARTESIAN_POINT ( 'NONE',  ( 22.64128361171279735, -2.784146435936847741, -7.440925572301460456 ) ) ;
#2102 = CARTESIAN_POINT ( 'NONE',  ( 16.17654558344594662, -70.70874128731094288, 19.12380485291700793 ) ) ;
#2103 = EDGE_CURVE ( 'NONE', #1460, #842, #1242, .T. ) ;
#2104 = CARTESIAN_POINT ( 'NONE',  ( -22.09205907907189470, 11.65205200846726896, -0.07761201182068161453 ) ) ;
#2105 = CARTESIAN_POINT ( 'NONE',  ( 20.04992106205532565, -2.349230176593760433, 11.34580890632675221 ) ) ;
#2106 = ORIENTED_EDGE ( 'NONE', *, *, #74, .T. ) ;
#2107 = ORIENTED_EDGE ( 'NONE', *, *, #495, .T. ) ;
#2108 = DIRECTION ( 'NONE',  ( 0.4932921833250003552, 0.8544071244955032673, 0.1632522204497680873 ) ) ;
#2109 = EDGE_CURVE ( 'NONE', #1644, #486, #1587, .T. ) ;
#2110 = LINE ( 'NONE', #2062, #1800 ) ;
#2111 = VECTOR ( 'NONE', #1404, 1000.000000000000000 ) ;
#2112 = ORIENTED_EDGE ( 'NONE', *, *, #1615, .F. ) ;
#2113 = CARTESIAN_POINT ( 'NONE',  ( -20.90026463722458416, 0.3812387180511060958, 0.000000000000000000 ) ) ;
#2114 = CARTESIAN_POINT ( 'NONE',  ( 0.000000000000000000, 0.000000000000000000, 0.000000000000000000 ) ) ;
#2115 = CARTESIAN_POINT ( 'NONE',  ( -22.33861996747547352, 13.32675105298686802, -0.5714051529096750848 ) ) ;
#2116 = FACE_OUTER_BOUND ( 'NONE', #1796, .T. ) ;
#2117 = EDGE_CURVE ( 'NONE', #276, #757, #908, .T. ) ;
#2118 = APPROVAL_STATUS ( 'not_yet_approved' ) ;
#2119 = ORIENTED_EDGE ( 'NONE', *, *, #494, .T. ) ;
#2120 = VERTEX_POINT ( 'NONE', #1740 ) ;
#2121 = EDGE_CURVE ( 'NONE', #486, #1539, #75, .T. ) ;
#2122 = CARTESIAN_POINT ( 'NONE',  ( -21.81605072742976148, 10.67730911456798992, -1.311827656253680141 ) ) ;
#2123 = LINE ( 'NONE', #624, #1042 ) ;
#2124 = DIRECTION ( 'NONE',  ( -0.3420201433256632173, 0.000000000000000000, -0.9396926207859104263 ) ) ;
#2125 = CARTESIAN_POINT ( 'NONE',  ( 12.85575219373088807, 15.60377260992729020, -18.48519278909025942 ) ) ;
#2126 = VECTOR ( 'NONE', #1411, 1000.000000000000114 ) ;
#2127 = VERTEX_POINT ( 'NONE', #2084 ) ;
#2128 = LINE ( 'NONE', #630, #1636 ) ;
#2129 = VECTOR ( 'NONE', #1650, 1000.000000000000227 ) ;
#2130 = ORIENTED_EDGE ( 'NONE', *, *, #1084, .T. ) ;
#2131 = AXIS2_PLACEMENT_3D ( 'NONE', #2094, #755, #1936 ) ;
#2132 = CARTESIAN_POINT ( 'NONE',  ( -5.307742824483727695, -0.2237205583714159118, -21.89241455894941168 ) ) ;
#2133 = CARTESIAN_POINT ( 'NONE',  ( 14.81602880204959760, 11.43966065843664204, -16.02830882195505424 ) ) ;
#2134 = CARTESIAN_POINT ( 'NONE',  ( 20.78460969082652454, -6.000000000000000000, 15.00000000000000000 ) ) ;
#2135 = LINE ( 'NONE', #807, #1473 ) ;
#2136 = ORIENTED_EDGE ( 'NONE', *, *, #396, .F. ) ;
#2137 = AXIS2_PLACEMENT_3D ( 'NONE', #679, #24, #328 ) ;
#2138 = CARTESIAN_POINT ( 'NONE',  ( -8.660254037844302033, -15.00000000000018652, -24.56587275535989434 ) ) ;
#2139 = ORIENTED_EDGE ( 'NONE', *, *, #1148, .T. ) ;
#2140 = CARTESIAN_POINT ( 'NONE',  ( -20.18402442578775435, 6.000000000000014211, 5.540170559410333873 ) ) ;
#2141 = ORIENTED_EDGE ( 'NONE', *, *, #857, .T. ) ;
#2142 = EDGE_CURVE ( 'NONE', #1982, #1375, #654, .T. ) ;
#2143 = EDGE_CURVE ( 'NONE', #1631, #883, #1418, .T. ) ;
#2144 = AXIS2_PLACEMENT_3D ( 'NONE', #669, #339, #296 ) ;
#2145 = VECTOR ( 'NONE', #1610, 1000.000000000000000 ) ;
#2146 = DIRECTION ( 'NONE',  ( 0.9396926207859107594, -8.456776945386937543E-16, -0.3420201433256627177 ) ) ;
#2147 = DIRECTION ( 'NONE',  ( 0.1710100716628328577, -0.8660254037844362651, 0.4698463103929590434 ) ) ;
#2148 = ORIENTED_EDGE ( 'NONE', *, *, #1906, .F. ) ;
#2149 = CARTESIAN_POINT ( 'NONE',  ( 19.40467461984247066, -2.935344922871994111, 9.901279676013983178 ) ) ;
#2150 = CARTESIAN_POINT ( 'NONE',  ( -20.90467461984247421, -0.3372687115186297491, 9.999999999999998224 ) ) ;
#2151 = ORIENTED_EDGE ( 'NONE', *, *, #1842, .F. ) ;
#2152 = EDGE_CURVE ( 'NONE', #925, #1949, #1005, .T. ) ;
#2153 = DIRECTION ( 'NONE',  ( 0.9396926207859105373, -8.456776945386935571E-16, -0.3420201433256626067 ) ) ;
#2154 = ORIENTED_EDGE ( 'NONE', *, *, #201, .F. ) ;
#2155 = CARTESIAN_POINT ( 'NONE',  ( -21.55260955141591594, 11.50554914892265579, -2.765594904273593002 ) ) ;
#2156 = CARTESIAN_POINT ( 'NONE',  ( 12.85575219373088807, 17.32050807568859341, -15.32088886237948167 ) ) ;
#2157 = VERTEX_POINT ( 'NONE', #743 ) ;
#2158 = CARTESIAN_POINT ( 'NONE',  ( 13.85640646055101932, 5.999999999999999112, -5.466106916696314322 ) ) ;
#2159 = AXIS2_PLACEMENT_3D ( 'NONE', #1064, #1395, #2068 ) ;
#2160 = VECTOR ( 'NONE', #1814, 1000.000000000000114 ) ;
#2161 = CARTESIAN_POINT ( 'NONE',  ( -10.00620592841327472, -0.2237205583714118318, -20.18231384232110415 ) ) ;
#2162 = ADVANCED_FACE ( 'NONE', ( #1236 ), #1552, .F. ) ;
#2163 = EDGE_LOOP ( 'NONE', ( #199, #806, #299, #1899 ) ) ;
#2164 = DIRECTION ( 'NONE',  ( -0.5000000000000058842, 0.8660254037844352659, 0.000000000000000000 ) ) ;
#2165 = ORIENTED_EDGE ( 'NONE', *, *, #1506, .F. ) ;
#2166 = AXIS2_PLACEMENT_3D ( 'NONE', #1140, #310, #1517 ) ;
#2167 = CC_DESIGN_PERSON_AND_ORGANIZATION_ASSIGNMENT ( #575, #1034, ( #733 ) ) ;
#2168 = CARTESIAN_POINT ( 'NONE',  ( -22.50693516502762748, 13.50824620122637221, -1.991151929515315500 ) ) ;
#2169 = CARTESIAN_POINT ( 'NONE',  ( -20.65406714432809565, -1.362336819093609375, 11.42221107567455185 ) ) ;
#2170 = VECTOR ( 'NONE', #430, 1000.000000000000000 ) ;
#2171 = DIRECTION ( 'NONE',  ( 0.1710100716628328577, -0.8660254037844362651, 0.4698463103929590434 ) ) ;
#2172 = CARTESIAN_POINT ( 'NONE',  ( -8.660254037844250519, -15.00000000000008704, 15.00000000000000000 ) ) ;
ENDSEC;
END-ISO-10303-21;
