ISO-10303-21;
HEADER;
FILE_DESCRIPTION (( 'STEP AP203' ),
    '1' );
FILE_NAME ('Mid Arm Connector Right V.3.STEP',
    '2026-04-01T05:01:50',
    ( '' ),
    ( '' ),
    'SwSTEP 2.0',
    'SolidWorks 2025',
    '' );
FILE_SCHEMA (( 'CONFIG_CONTROL_DESIGN' ));
ENDSEC;

DATA;
#1 = DIRECTION ( 'NONE',  ( 0.2140760823084278952, -0.7798900054375170754, -0.5881692021877248377 ) ) ;
#2 = AXIS2_PLACEMENT_3D ( 'NONE', #269, #412, #1099 ) ;
#3 = DIRECTION ( 'NONE',  ( 0.3420201433256619961, 0.000000000000000000, -0.9396926207859107594 ) ) ;
#4 = ORIENTED_EDGE ( 'NONE', *, *, #1153, .F. ) ;
#5 = PLANE ( 'NONE',  #335 ) ;
#6 = CARTESIAN_POINT ( 'NONE',  ( 4.922970163242397668, -2.172277716885859356, -20.83526036056544584 ) ) ;
#7 =( BOUNDED_CURVE ( )  B_SPLINE_CURVE ( 3, ( #1227, #344, #1016, #1004 ),
 .UNSPECIFIED., .F., .T. ) 
 B_SPLINE_CURVE_WITH_KNOTS ( ( 4, 4 ),
 ( 3.446942208228538806, 3.882642634252262859 ),
 .UNSPECIFIED. ) 
 CURVE ( )  GEOMETRIC_REPRESENTATION_ITEM ( )  RATIONAL_B_SPLINE_CURVE ( ( 1.000000000000000000, 0.9842428940521117386, 0.9842428940521117386, 1.000000000000000000 ) ) 
 REPRESENTATION_ITEM ( '' )  );
#8 = PERSON_AND_ORGANIZATION_ROLE ( 'creator' ) ;
#9 = ORIENTED_EDGE ( 'NONE', *, *, #191, .F. ) ;
#10 = VECTOR ( 'NONE', #1758, 1000.000000000000227 ) ;
#11 = EDGE_CURVE ( 'NONE', #2015, #1147, #1956, .T. ) ;
#12 = CARTESIAN_POINT ( 'NONE',  ( -14.20555543249408359, 6.000000000000005329, -1.483979398218755463 ) ) ;
#13 = CARTESIAN_POINT ( 'NONE',  ( 21.86930952241111825, 10.70326243067202832, -1.122246654009686040 ) ) ;
#14 = CARTESIAN_POINT ( 'NONE',  ( 13.85640646055101932, -5.999999999999998224, 15.00000000000000000 ) ) ;
#15 = DIRECTION ( 'NONE',  ( -0.1930750503483369129, -0.3344157968772396017, -0.9224359596914832871 ) ) ;
#16 = ORIENTED_EDGE ( 'NONE', *, *, #1973, .F. ) ;
#17 = VECTOR ( 'NONE', #402, 1000.000000000000000 ) ;
#18 = VERTEX_POINT ( 'NONE', #1125 ) ;
#19 = DIRECTION ( 'NONE',  ( -0.000000000000000000, -0.000000000000000000, -1.000000000000000000 ) ) ;
#20 = DIRECTION ( 'NONE',  ( 0.3420201433256619961, 0.000000000000000000, -0.9396926207859108704 ) ) ;
#21 = ORIENTED_EDGE ( 'NONE', *, *, #643, .T. ) ;
#22 = LINE ( 'NONE', #339, #1446 ) ;
#23 = LINE ( 'NONE', #139, #1093 ) ;
#24 = EDGE_CURVE ( 'NONE', #885, #1828, #177, .T. ) ;
#25 = CARTESIAN_POINT ( 'NONE',  ( 24.23516610538357696, 10.03861306230648864, -1.787936249066053307 ) ) ;
#26 = DIRECTION ( 'NONE',  ( 0.7263614178872019878, -0.4330127018922151905, -0.5337593939266053189 ) ) ;
#27 = VERTEX_POINT ( 'NONE', #99 ) ;
#28 = VECTOR ( 'NONE', #366, 1000.000000000000114 ) ;
#29 = VERTEX_POINT ( 'NONE', #1426 ) ;
#30 = VECTOR ( 'NONE', #2086, 1000.000000000000227 ) ;
#31 = CARTESIAN_POINT ( 'NONE',  ( 22.50669499364802562, 13.50763357171353540, -1.993004784615083791 ) ) ;
#32 = VECTOR ( 'NONE', #1874, 1000.000000000000000 ) ;
#33 = CARTESIAN_POINT ( 'NONE',  ( 20.28047850627852711, 6.000000000000005329, -0.4992424640549414372 ) ) ;
#34 = ORIENTED_EDGE ( 'NONE', *, *, #2154, .F. ) ;
#35 = EDGE_CURVE ( 'NONE', #1694, #29, #1442, .T. ) ;
#36 = EDGE_CURVE ( 'NONE', #1380, #935, #2066, .T. ) ;
#37 = DIRECTION ( 'NONE',  ( -1.000000000000000000, 0.000000000000000000, 0.000000000000000000 ) ) ;
#38 = CARTESIAN_POINT ( 'NONE',  ( 20.78460969082652454, 5.999999999999998224, 15.00000000000000000 ) ) ;
#39 = CARTESIAN_POINT ( 'NONE',  ( 21.17415698928553880, 20.32050807568898065, 2.594615065661599385 ) ) ;
#40 = ORIENTED_EDGE ( 'NONE', *, *, #346, .T. ) ;
#41 = LINE ( 'NONE', #1862, #1300 ) ;
#42 = VECTOR ( 'NONE', #1388, 1000.000000000000114 ) ;
#43 = CARTESIAN_POINT ( 'NONE',  ( 19.17215659931542504, 6.000000000000005329, -1.313146461724372882 ) ) ;
#44 = ORIENTED_EDGE ( 'NONE', *, *, #1318, .T. ) ;
#45 = DIRECTION ( 'NONE',  ( -0.8660254037844391517, 0.4999999999999992784, 0.000000000000000000 ) ) ;
#46 = CARTESIAN_POINT ( 'NONE',  ( 13.85640646055101755, 6.000000000000000000, 15.00000000000000000 ) ) ;
#47 = CARTESIAN_POINT ( 'NONE',  ( -16.13837880461666430, 10.67802984445346048, -14.96112262937765358 ) ) ;
#48 = DIRECTION ( 'NONE',  ( 0.2515460552138156225, 0.9678453296402106387, 0.000000000000000000 ) ) ;
#49 = LINE ( 'NONE', #671, #1747 ) ;
#50 = ORIENTED_EDGE ( 'NONE', *, *, #1544, .T. ) ;
#51 = ORIENTED_EDGE ( 'NONE', *, *, #59, .T. ) ;
#52 = EDGE_CURVE ( 'NONE', #189, #1386, #947, .T. ) ;
#53 = DIRECTION ( 'NONE',  ( -1.000000000000000000, 0.000000000000000000, 0.000000000000000000 ) ) ;
#54 = ORIENTED_EDGE ( 'NONE', *, *, #263, .T. ) ;
#55 = ADVANCED_FACE ( 'NONE', ( #910 ), #436, .T. ) ;
#56 = CARTESIAN_POINT ( 'NONE',  ( -29.56333752120141867, -9.205202628028208878, 1.396071290845797508 ) ) ;
#57 = DIRECTION ( 'NONE',  ( 0.3420201433256619961, 0.000000000000000000, -0.9396926207859108704 ) ) ;
#58 = VECTOR ( 'NONE', #1373, 1000.000000000000000 ) ;
#59 = EDGE_CURVE ( 'NONE', #302, #555, #1236, .T. ) ;
#60 = CARTESIAN_POINT ( 'NONE',  ( 18.21815313120275448, 14.32050807568903217, -9.540542172339110394 ) ) ;
#61 = CARTESIAN_POINT ( 'NONE',  ( -14.90225754749056541, 12.33521924561752847, -16.41176835242968224 ) ) ;
#62 = DIRECTION ( 'NONE',  ( -0.4999999999999995004, 0.8660254037844389297, 0.000000000000000000 ) ) ;
#63 = ORIENTED_EDGE ( 'NONE', *, *, #117, .F. ) ;
#64 = ORIENTED_EDGE ( 'NONE', *, *, #2106, .T. ) ;
#65 = ORIENTED_EDGE ( 'NONE', *, *, #763, .F. ) ;
#66 = CARTESIAN_POINT ( 'NONE',  ( 12.36812454202771505, -8.577779898868445940, -8.660254037844383745 ) ) ;
#67 = ORIENTED_EDGE ( 'NONE', *, *, #1812, .T. ) ;
#68 = PLANE ( 'NONE',  #2138 ) ;
#69 = LINE ( 'NONE', #219, #1369 ) ;
#70 = VECTOR ( 'NONE', #1199, 1000.000000000000000 ) ;
#71 = LINE ( 'NONE', #1083, #1513 ) ;
#72 = LINE ( 'NONE', #797, #2110 ) ;
#73 = CARTESIAN_POINT ( 'NONE',  ( 12.99038105676658716, -7.499999999999988454, 15.00000000000000000 ) ) ;
#74 = CARTESIAN_POINT ( 'NONE',  ( 17.32050807568878170, -5.204170427930421283E-15, 0.000000000000000000 ) ) ;
#75 = ORIENTED_EDGE ( 'NONE', *, *, #144, .F. ) ;
#76 = CARTESIAN_POINT ( 'NONE',  ( 7.794228634059964023, -4.500000000000005329, -1.744551591300269600 ) ) ;
#77 = VERTEX_POINT ( 'NONE', #1452 ) ;
#78 = DIRECTION ( 'NONE',  ( 0.4999999999999977796, -0.8660254037844398178, 0.000000000000000000 ) ) ;
#79 = ADVANCED_FACE ( 'NONE', ( #1760 ), #2118, .F. ) ;
#80 = DIRECTION ( 'NONE',  ( 0.000000000000000000, 0.4768709627114690597, 0.8789733129752214102 ) ) ;
#81 = EDGE_CURVE ( 'NONE', #1616, #2024, #920, .T. ) ;
#82 = FACE_OUTER_BOUND ( 'NONE', #697, .T. ) ;
#83 = CARTESIAN_POINT ( 'NONE',  ( -19.82208544984474941, -2.589845001826153403, 11.12926880299312771 ) ) ;
#84 = EDGE_LOOP ( 'NONE', ( #1344, #689, #756, #1981 ) ) ;
#85 = FACE_OUTER_BOUND ( 'NONE', #418, .T. ) ;
#86 = ORIENTED_EDGE ( 'NONE', *, *, #1941, .F. ) ;
#87 = FACE_BOUND ( 'NONE', #381, .T. ) ;
#88 = DIRECTION ( 'NONE',  ( 0.8660254037844401509, -0.4999999999999973910, 0.000000000000000000 ) ) ;
#89 = CARTESIAN_POINT ( 'NONE',  ( 20.92050807568877957, -4.763297580237374119E-15, 0.2416023444212697657 ) ) ;
#90 = CARTESIAN_POINT ( 'NONE',  ( -20.61738505154737666, -1.449155601558591799, 11.45085420805332710 ) ) ;
#91 = EDGE_LOOP ( 'NONE', ( #1010, #86, #426, #1118 ) ) ;
#92 = CARTESIAN_POINT ( 'NONE',  ( -1.237966655608269129, -60.20874128731121289, 43.91470761212967489 ) ) ;
#93 = ORIENTED_EDGE ( 'NONE', *, *, #805, .T. ) ;
#94 = ADVANCED_FACE ( 'NONE', ( #932, #762 ), #1823, .T. ) ;
#95 = FACE_BOUND ( 'NONE', #1299, .T. ) ;
#96 = ADVANCED_FACE ( 'NONE', ( #955 ), #1156, .T. ) ;
#97 = EDGE_CURVE ( 'NONE', #2024, #1307, #1495, .T. ) ;
#98 = CARTESIAN_POINT ( 'NONE',  ( 5.307742824483770328, -0.2237205583708712364, -21.89241455894959643 ) ) ;
#99 = CARTESIAN_POINT ( 'NONE',  ( 19.69615506024413776, 18.98955644517917207, -0.3965569579254665245 ) ) ;
#100 = APPLICATION_CONTEXT ( 'configuration controlled 3d designs of mechanical parts and assemblies' ) ;
#101 = VERTEX_POINT ( 'NONE', #2137 ) ;
#102 = DIRECTION ( 'NONE',  ( -0.000000000000000000, -0.000000000000000000, -1.000000000000000000 ) ) ;
#103 = CARTESIAN_POINT ( 'NONE',  ( 6.077288146966508542, -0.2237205583708711254, -24.00672295571789050 ) ) ;
#104 = PLANE ( 'NONE',  #974 ) ;
#105 = CARTESIAN_POINT ( 'NONE',  ( 20.86225766521167557, -0.6608750370576308431, 9.077282717420260383 ) ) ;
#106 = DIRECTION ( 'NONE',  ( -0.4999999999999987232, 0.8660254037844392627, 0.000000000000000000 ) ) ;
#107 = LINE ( 'NONE', #782, #915 ) ;
#108 = AXIS2_PLACEMENT_3D ( 'NONE', #363, #173, #844 ) ;
#109 = ORIENTED_EDGE ( 'NONE', *, *, #601, .T. ) ;
#110 = CARTESIAN_POINT ( 'NONE',  ( -13.72050807568877318, 2.175596323669854259E-15, 15.00000000000000000 ) ) ;
#111 = VERTEX_POINT ( 'NONE', #1809 ) ;
#112 = ADVANCED_FACE ( 'NONE', ( #1167 ), #836, .T. ) ;
#113 = DIRECTION ( 'NONE',  ( 0.000000000000000000, 0.000000000000000000, 1.000000000000000000 ) ) ;
#114 = CIRCLE ( 'NONE', #1346, 2.250000000000001776 ) ;
#115 = CARTESIAN_POINT ( 'NONE',  ( 16.00115023764066891, 9.820508075689090788, -18.64191010083960620 ) ) ;
#116 = CIRCLE ( 'NONE', #502, 1.500000000000000000 ) ;
#117 = EDGE_CURVE ( 'NONE', #803, #843, #1430, .T. ) ;
#118 = CARTESIAN_POINT ( 'NONE',  ( 19.40467461984244935, -2.935344922872023865, 9.999999999999998224 ) ) ;
#119 = ORIENTED_EDGE ( 'NONE', *, *, #1654, .T. ) ;
#120 = DIRECTION ( 'NONE',  ( -0.8660254037844391517, -0.4999999999999995559, 0.000000000000000000 ) ) ;
#121 = DESIGN_CONTEXT ( 'detailed design', #100, 'design' ) ;
#122 = VERTEX_POINT ( 'NONE', #1767 ) ;
#123 = FACE_BOUND ( 'NONE', #199, .T. ) ;
#124 = CARTESIAN_POINT ( 'NONE',  ( -16.56324150205727719, 13.57502976002500716, -15.41484506249868680 ) ) ;
#125 = DIRECTION ( 'NONE',  ( -0.000000000000000000, -0.000000000000000000, -1.000000000000000000 ) ) ;
#126 = CIRCLE ( 'NONE', #515, 1.250000000000001332 ) ;
#127 = AXIS2_PLACEMENT_3D ( 'NONE', #1115, #1797, #1104 ) ;
#128 = LINE ( 'NONE', #1787, #253 ) ;
#129 = VECTOR ( 'NONE', #1943, 1000.000000000000000 ) ;
#130 = CARTESIAN_POINT ( 'NONE',  ( 20.22449036884023243, -2.129862437459762337, 11.45109177013822155 ) ) ;
#131 =( BOUNDED_CURVE ( )  B_SPLINE_CURVE ( 3, ( #1389, #206, #1737, #1047 ),
 .UNSPECIFIED., .F., .F. ) 
 B_SPLINE_CURVE_WITH_KNOTS ( ( 4, 4 ),
 ( 1.999507497104594522, 4.177579221125558462 ),
 .UNSPECIFIED. ) 
 CURVE ( )  GEOMETRIC_REPRESENTATION_ITEM ( )  RATIONAL_B_SPLINE_CURVE ( ( 1.000000000000000000, 0.6422266549861367357, 0.6422266549861367357, 1.000000000000000000 ) ) 
 REPRESENTATION_ITEM ( '' )  );
#132 = VECTOR ( 'NONE', #811, 1000.000000000000000 ) ;
#133 = AXIS2_PLACEMENT_3D ( 'NONE', #1562, #1922, #37 ) ;
#134 = ORIENTED_EDGE ( 'NONE', *, *, #799, .T. ) ;
#135 = CARTESIAN_POINT ( 'NONE',  ( -23.72511486607609754, -66.20874128731114183, 24.67079518870455956 ) ) ;
#136 = DIRECTION ( 'NONE',  ( -0.3380400044964913531, 0.1521146661037664216, 0.9287572792264682242 ) ) ;
#137 = ORIENTED_EDGE ( 'NONE', *, *, #1973, .T. ) ;
#138 = EDGE_CURVE ( 'NONE', #161, #1256, #234, .T. ) ;
#139 = CARTESIAN_POINT ( 'NONE',  ( -21.62163439055745684, -0.2237205583708819778, -33.02412850814577183 ) ) ;
#140 = LINE ( 'NONE', #2117, #530 ) ;
#141 = VECTOR ( 'NONE', #1700, 1000.000000000000227 ) ;
#142 = ADVANCED_FACE ( 'NONE', ( #423, #2067 ), #573, .F. ) ;
#143 = CARTESIAN_POINT ( 'NONE',  ( 22.40461483630148720, 13.29789726687750573, -2.433993221911619820 ) ) ;
#144 = EDGE_CURVE ( 'NONE', #2015, #1706, #1097, .T. ) ;
#145 = ORIENTED_EDGE ( 'NONE', *, *, #1128, .T. ) ;
#146 = CARTESIAN_POINT ( 'NONE',  ( 20.78460969082652454, 5.999999999999998224, 15.00000000000000000 ) ) ;
#147 = ORIENTED_EDGE ( 'NONE', *, *, #2157, .T. ) ;
#148 = ADVANCED_FACE ( 'NONE', ( #1258 ), #256, .F. ) ;
#149 = LINE ( 'NONE', #1969, #2100 ) ;
#150 = PERSON_AND_ORGANIZATION_ROLE ( 'classification_officer' ) ;
#151 = VERTEX_POINT ( 'NONE', #2056 ) ;
#152 = CARTESIAN_POINT ( 'NONE',  ( -20.78460969082652099, -6.000000000000000000, -8.055381163697232338 ) ) ;
#153 = CARTESIAN_POINT ( 'NONE',  ( 19.40467461984245290, -2.935344922872022533, 9.901279676013981401 ) ) ;
#154 = CARTESIAN_POINT ( 'NONE',  ( 20.53370394083938066, -1.626306051676881692, 11.49014831668461234 ) ) ;
#155 = ORIENTED_EDGE ( 'NONE', *, *, #536, .T. ) ;
#156 = FACE_OUTER_BOUND ( 'NONE', #243, .T. ) ;
#157 = AXIS2_PLACEMENT_3D ( 'NONE', #146, #632, #1019 ) ;
#158 = EDGE_LOOP ( 'NONE', ( #1476, #1161, #1497, #886 ) ) ;
#159 = DIRECTION ( 'NONE',  ( 0.8660254037844384856, 0.5000000000000004441, -0.000000000000000000 ) ) ;
#160 = DIRECTION ( 'NONE',  ( 0.2515460552138156225, 0.9678453296402106387, 0.000000000000000000 ) ) ;
#161 = VERTEX_POINT ( 'NONE', #1224 ) ;
#162 = B_SPLINE_CURVE_WITH_KNOTS ( 'NONE', 3,
 ( #284, #61, #951, #2079, #2068, #1114, #1631, #1776, #733, #390, #1059, #600, #1238, #124, #1739, #1468, #1416, #1944, #787, #1904, #2134, #634 ),
 .UNSPECIFIED., .F., .F.,
 ( 4, 2, 2, 2, 2, 2, 2, 2, 2, 2, 4 ),
 ( 0.004743304277999607979, 0.005335755499733135267, 0.005631981110599900212, 0.005928206721466666024, 0.006520657943200199383, 0.006816883554066969532, 0.007113109164933739681, 0.008298011608400816808, 0.008594237219267587824, 0.008890462830134358840, 0.009482914051867892199 ),
 .UNSPECIFIED. ) ;
#163 = LINE ( 'NONE', #691, #1753 ) ;
#164 = CARTESIAN_POINT ( 'NONE',  ( 22.21100169740610042, 12.89463743521374894, -0.1817524187566783855 ) ) ;
#165 = CARTESIAN_POINT ( 'NONE',  ( 19.05035297983934583, -9.003820736797090163, 5.092898940097987825 ) ) ;
#166 = FACE_OUTER_BOUND ( 'NONE', #437, .T. ) ;
#167 = ORIENTED_EDGE ( 'NONE', *, *, #718, .T. ) ;
#168 = PLANE ( 'NONE',  #1491 ) ;
#169 = EDGE_CURVE ( 'NONE', #1396, #161, #289, .T. ) ;
#170 = DIRECTION ( 'NONE',  ( -0.5000000000000003331, 0.8660254037844383745, 0.000000000000000000 ) ) ;
#171 = APPROVAL_DATE_TIME ( #1008, #1630 ) ;
#172 = VERTEX_POINT ( 'NONE', #1237 ) ;
#173 = DIRECTION ( 'NONE',  ( 0.1710100716628294992, 0.8660254037844415942, -0.4698463103929505502 ) ) ;
#174 = CARTESIAN_POINT ( 'NONE',  ( -7.132549760321047039, -5.522548878816079032, -4.083695979576601687 ) ) ;
#175 = CARTESIAN_POINT ( 'NONE',  ( 21.96494560652712380, 10.82624532113902838, -0.7569799539632677821 ) ) ;
#176 = DIRECTION ( 'NONE',  ( -0.8660254037844391517, -0.4999999999999995559, 0.000000000000000000 ) ) ;
#177 = CIRCLE ( 'NONE', #1414, 3.599999999999999201 ) ;
#178 = LINE ( 'NONE', #1870, #28 ) ;
#179 = VERTEX_POINT ( 'NONE', #929 ) ;
#180 = CARTESIAN_POINT ( 'NONE',  ( 20.78460969082652454, 5.999999999999998224, 15.00000000000000000 ) ) ;
#181 = LINE ( 'NONE', #842, #2009 ) ;
#182 = EDGE_CURVE ( 'NONE', #555, #302, #604, .T. ) ;
#183 = ORIENTED_EDGE ( 'NONE', *, *, #262, .F. ) ;
#184 = CARTESIAN_POINT ( 'NONE',  ( 26.20653651103915749, 17.32050807568901263, -1.103378491530595973 ) ) ;
#185 = CARTESIAN_POINT ( 'NONE',  ( -7.794228634059967575, -4.500000000000003553, -3.820799825699413788 ) ) ;
#186 = CARTESIAN_POINT ( 'NONE',  ( 13.72050807568878028, -5.204170427930421283E-15, 0.000000000000000000 ) ) ;
#187 = DIRECTION ( 'NONE',  ( 0.9618967477123856469, -0.2499999999999970857, -0.1107007079486696799 ) ) ;
#188 = VERTEX_POINT ( 'NONE', #266 ) ;
#189 = VERTEX_POINT ( 'NONE', #1574 ) ;
#190 = CARTESIAN_POINT ( 'NONE',  ( 2.316410937103927203, -66.20874128731114183, 34.14913543593711864 ) ) ;
#191 = EDGE_CURVE ( 'NONE', #922, #18, #71, .T. ) ;
#192 = EDGE_CURVE ( 'NONE', #1314, #2058, #1938, .T. ) ;
#193 = CARTESIAN_POINT ( 'NONE',  ( -19.40467461984245645, -2.935344922872030082, 9.999999999999998224 ) ) ;
#194 = ORIENTED_EDGE ( 'NONE', *, *, #169, .F. ) ;
#195 = DIRECTION ( 'NONE',  ( -0.000000000000000000, -0.000000000000000000, -1.000000000000000000 ) ) ;
#196 = CARTESIAN_POINT ( 'NONE',  ( 19.40467461984244935, -2.935344922872023865, 9.999999999999998224 ) ) ;
#197 = CARTESIAN_POINT ( 'NONE',  ( 8.311875323215549116, -3.603409634012714857, -0.9393052007687072713 ) ) ;
#198 = ORIENTED_EDGE ( 'NONE', *, *, #182, .F. ) ;
#199 = EDGE_LOOP ( 'NONE', ( #292, #2140, #167 ) ) ;
#200 = AXIS2_PLACEMENT_3D ( 'NONE', #285, #952, #1621 ) ;
#201 = LINE ( 'NONE', #863, #626 ) ;
#202 = CARTESIAN_POINT ( 'NONE',  ( 3.420201433256626178, 17.32050807568901618, -9.396926207859110036 ) ) ;
#203 = ORIENTED_EDGE ( 'NONE', *, *, #879, .F. ) ;
#204 =( BOUNDED_CURVE ( )  B_SPLINE_CURVE ( 3, ( #1534, #1412, #1245, #540 ),
 .UNSPECIFIED., .F., .F. ) 
 B_SPLINE_CURVE_WITH_KNOTS ( ( 4, 4 ),
 ( 2.836243098951047426, 5.977835752540840986 ),
 .UNSPECIFIED. ) 
 CURVE ( )  GEOMETRIC_REPRESENTATION_ITEM ( )  RATIONAL_B_SPLINE_CURVE ( ( 1.000000000000000000, 0.3333333333333332038, 0.3333333333333332038, 1.000000000000000000 ) ) 
 REPRESENTATION_ITEM ( '' )  );
#205 = CARTESIAN_POINT ( 'NONE',  ( -22.05036398574094392, -0.2237205583708990753, -31.84995110374665117 ) ) ;
#206 = CARTESIAN_POINT ( 'NONE',  ( 17.98578319173407536, -4.846077929362256675, 2.150896226179173532 ) ) ;
#207 = PLANE ( 'NONE',  #1248 ) ;
#208 = LINE ( 'NONE', #2046, #413 ) ;
#209 = ORIENTED_EDGE ( 'NONE', *, *, #2092, .T. ) ;
#210 = EDGE_CURVE ( 'NONE', #1188, #520, #488, .T. ) ;
#211 = ORIENTED_EDGE ( 'NONE', *, *, #1655, .F. ) ;
#212 = EDGE_CURVE ( 'NONE', #1131, #329, #1844, .T. ) ;
#213 = EDGE_CURVE ( 'NONE', #1188, #814, #22, .T. ) ;
#214 = EDGE_LOOP ( 'NONE', ( #65, #237, #137, #1357 ) ) ;
#215 = CARTESIAN_POINT ( 'NONE',  ( -39.03284375877581880, 5.999999999999991118, 22.02272320175624643 ) ) ;
#216 = VERTEX_POINT ( 'NONE', #690 ) ;
#217 = EDGE_CURVE ( 'NONE', #1427, #814, #498, .T. ) ;
#218 = FACE_OUTER_BOUND ( 'NONE', #1860, .T. ) ;
#219 = CARTESIAN_POINT ( 'NONE',  ( -24.24871130596427449, 6.847727811467460497E-15, 15.00000000000000000 ) ) ;
#220 = VECTOR ( 'NONE', #1681, 1000.000000000000114 ) ;
#221 = AXIS2_PLACEMENT_3D ( 'NONE', #401, #1280, #777 ) ;
#222 = CARTESIAN_POINT ( 'NONE',  ( -14.81628726103254046, 11.43882480991407569, -16.02782256469368249 ) ) ;
#223 = CARTESIAN_POINT ( 'NONE',  ( 20.78460969082652454, 5.999999999999998224, 15.00000000000000000 ) ) ;
#224 = DIRECTION ( 'NONE',  ( -0.7261554316666068987, 0.000000000000000000, 0.6875305731828103006 ) ) ;
#225 = VERTEX_POINT ( 'NONE', #678 ) ;
#226 = ORIENTED_EDGE ( 'NONE', *, *, #1541, .T. ) ;
#227 = CIRCLE ( 'NONE', #1453, 3.499999999999999112 ) ;
#228 = AXIS2_PLACEMENT_3D ( 'NONE', #1342, #378, #1893 ) ;
#229 = ORIENTED_EDGE ( 'NONE', *, *, #1198, .F. ) ;
#230 = CARTESIAN_POINT ( 'NONE',  ( -20.84634457441202215, -0.7304892909317355354, 9.009125265456512821 ) ) ;
#231 = DATE_AND_TIME ( #242, #628 ) ;
#232 = CARTESIAN_POINT ( 'NONE',  ( 9.621433267171955350, -2.172277716885854915, -19.12515964393713119 ) ) ;
#233 = DIRECTION ( 'NONE',  ( -0.9396926207859107594, -9.602933527728751304E-16, -0.3420201433256622181 ) ) ;
#234 = LINE ( 'NONE', #1074, #2109 ) ;
#235 = PLANE ( 'NONE',  #894 ) ;
#236 = CARTESIAN_POINT ( 'NONE',  ( -24.50842359597183773, 24.25706025102453367, 3.865185450765543429 ) ) ;
#237 = ORIENTED_EDGE ( 'NONE', *, *, #2044, .T. ) ;
#238 = AXIS2_PLACEMENT_3D ( 'NONE', #1593, #1085, #606 ) ;
#239 = VECTOR ( 'NONE', #2064, 1000.000000000000000 ) ;
#240 = ORIENTED_EDGE ( 'NONE', *, *, #599, .F. ) ;
#241 = CARTESIAN_POINT ( 'NONE',  ( -20.87829746751038940, -0.5527049851752405818, 9.245754601954692120 ) ) ;
#242 = CALENDAR_DATE ( 2026, 31, 3 ) ;
#243 = EDGE_LOOP ( 'NONE', ( #617, #1968, #1877, #1411 ) ) ;
#244 = EDGE_CURVE ( 'NONE', #1399, #1501, #1066, .T. ) ;
#245 = VECTOR ( 'NONE', #252, 1000.000000000000000 ) ;
#246 = CYLINDRICAL_SURFACE ( 'NONE', #868, 1.500000000000001110 ) ;
#247 = AXIS2_PLACEMENT_3D ( 'NONE', #1873, #2037, #534 ) ;
#248 = CARTESIAN_POINT ( 'NONE',  ( -16.62516283088913127, 11.00653312068528678, -14.59884248929787987 ) ) ;
#249 = DIRECTION ( 'NONE',  ( -0.8603656062440139252, -0.5096773720623375414, 0.000000000000000000 ) ) ;
#250 = CARTESIAN_POINT ( 'NONE',  ( -20.74739604644657831, -1.106027636718406981, 11.29941835457555044 ) ) ;
#251 = ORIENTED_EDGE ( 'NONE', *, *, #1205, .T. ) ;
#252 = DIRECTION ( 'NONE',  ( -0.4069074766910036889, 0.7047844236084670477, -0.5811241017647101881 ) ) ;
#253 = VECTOR ( 'NONE', #286, 1000.000000000000114 ) ;
#254 = ORIENTED_EDGE ( 'NONE', *, *, #59, .F. ) ;
#255 = DIRECTION ( 'NONE',  ( -0.9396926207859108704, -8.673617379884042375E-16, -0.3420201433256618295 ) ) ;
#256 = CYLINDRICAL_SURFACE ( 'NONE', #1242, 3.599999999999997868 ) ;
#257 = PLANE ( 'NONE',  #238 ) ;
#258 = DIRECTION ( 'NONE',  ( 0.9396926207859106484, 0.000000000000000000, 0.3420201433256622181 ) ) ;
#259 = ADVANCED_FACE ( 'NONE', ( #1034 ), #1351, .F. ) ;
#260 = ORIENTED_EDGE ( 'NONE', *, *, #1931, .F. ) ;
#261 = CARTESIAN_POINT ( 'NONE',  ( 0.09940804354184248903, -70.70874128731109920, 25.04776750743662461 ) ) ;
#262 = EDGE_CURVE ( 'NONE', #367, #1375, #353, .T. ) ;
#263 = EDGE_CURVE ( 'NONE', #1297, #1775, #1533, .T. ) ;
#264 = ORIENTED_EDGE ( 'NONE', *, *, #1603, .T. ) ;
#265 = DIRECTION ( 'NONE',  ( 0.9618967477123856469, -0.2499999999999970857, -0.1107007079486696799 ) ) ;
#266 = CARTESIAN_POINT ( 'NONE',  ( 20.90467461984247066, -0.3372687115187188445, 9.999999999999998224 ) ) ;
#267 = AXIS2_PLACEMENT_3D ( 'NONE', #325, #2132, #994 ) ;
#268 = CARTESIAN_POINT ( 'NONE',  ( -0.2748033893468439515, 9.820508075689092564, -24.56587275535997250 ) ) ;
#269 = CARTESIAN_POINT ( 'NONE',  ( -17.32050807568877460, 1.734723475976807094E-15, 15.00000000000000000 ) ) ;
#270 = ORIENTED_EDGE ( 'NONE', *, *, #2154, .T. ) ;
#271 = DIRECTION ( 'NONE',  ( 1.000000000000000000, 0.000000000000000000, 0.000000000000000000 ) ) ;
#272 = ORIENTED_EDGE ( 'NONE', *, *, #1471, .F. ) ;
#273 = CARTESIAN_POINT ( 'NONE',  ( -7.823372671977269377, 14.32050807568904993, -19.01888241957167125 ) ) ;
#274 = FACE_OUTER_BOUND ( 'NONE', #1409, .T. ) ;
#275 = CARTESIAN_POINT ( 'NONE',  ( -17.88813171548449787, 20.32050807568899486, -11.62289530518726188 ) ) ;
#276 = CARTESIAN_POINT ( 'NONE',  ( -19.87747186196971683, -2.535516788293605828, 11.19078691708543971 ) ) ;
#277 =( BOUNDED_CURVE ( )  B_SPLINE_CURVE ( 3, ( #1980, #2000, #1657, #1830 ),
 .UNSPECIFIED., .F., .F. ) 
 B_SPLINE_CURVE_WITH_KNOTS ( ( 4, 4 ),
 ( 1.544706601776672406, 2.836243098951047426 ),
 .UNSPECIFIED. ) 
 CURVE ( )  GEOMETRIC_REPRESENTATION_ITEM ( )  RATIONAL_B_SPLINE_CURVE ( ( 1.000000000000000000, 0.8657584408804617215, 0.8657584408804617215, 1.000000000000000000 ) ) 
 REPRESENTATION_ITEM ( '' )  );
#278 = ADVANCED_FACE ( 'NONE', ( #1220 ), #68, .F. ) ;
#279 = ORIENTED_EDGE ( 'NONE', *, *, #1837, .F. ) ;
#280 = CARTESIAN_POINT ( 'NONE',  ( -17.32050807568877460, 1.734723475976807094E-15, 15.00000000000000000 ) ) ;
#281 = EDGE_CURVE ( 'NONE', #1481, #1590, #1901, .T. ) ;
#282 = EDGE_LOOP ( 'NONE', ( #1126, #287, #1722, #652 ) ) ;
#283 = VECTOR ( 'NONE', #595, 1000.000000000000000 ) ;
#284 = CARTESIAN_POINT ( 'NONE',  ( -14.84544121948897910, 12.15521640234233125, -16.35176013345737189 ) ) ;
#285 = CARTESIAN_POINT ( 'NONE',  ( 18.29189645439075917, 25.00884492539407944, 20.82892497341600446 ) ) ;
#286 = DIRECTION ( 'NONE',  ( 0.1143311995462866770, -3.221013443237733966E-17, 0.9934426892429715217 ) ) ;
#287 = ORIENTED_EDGE ( 'NONE', *, *, #144, .T. ) ;
#288 = CARTESIAN_POINT ( 'NONE',  ( 21.76059991139927519, 10.68176062462780607, -1.503148687208281320 ) ) ;
#289 = CIRCLE ( 'NONE', #674, 9.000000000000015987 ) ;
#290 = ORIENTED_EDGE ( 'NONE', *, *, #138, .T. ) ;
#291 = DIRECTION ( 'NONE',  ( -0.000000000000000000, -0.000000000000000000, -1.000000000000000000 ) ) ;
#292 = ORIENTED_EDGE ( 'NONE', *, *, #1930, .T. ) ;
#293 = DIRECTION ( 'NONE',  ( 1.000000000000000000, 0.000000000000000000, -0.000000000000000000 ) ) ;
#294 = VECTOR ( 'NONE', #1988, 1000.000000000000000 ) ;
#295 = FACE_OUTER_BOUND ( 'NONE', #1254, .T. ) ;
#296 = CIRCLE ( 'NONE', #1913, 1.500000000000001332 ) ;
#297 = CARTESIAN_POINT ( 'NONE',  ( 20.62169284651119128, -1.447670281590999863, 8.540241871383503991 ) ) ;
#298 = DIRECTION ( 'NONE',  ( -1.000000000000000000, -2.503857664561933855E-16, 0.000000000000000000 ) ) ;
#299 = CARTESIAN_POINT ( 'NONE',  ( -13.85640646055101932, -5.999999999999998224, -8.729739445961874011 ) ) ;
#300 = EDGE_LOOP ( 'NONE', ( #1229, #725, #1406, #464, #408 ) ) ;
#301 = PLANE ( 'NONE',  #442 ) ;
#302 = VERTEX_POINT ( 'NONE', #1234 ) ;
#303 = ADVANCED_FACE ( 'NONE', ( #375 ), #2063, .T. ) ;
#304 = DIRECTION ( 'NONE',  ( -0.6656986149863676205, -0.2499999999999964750, -0.7030969734007064265 ) ) ;
#305 = CALENDAR_DATE ( 2026, 31, 3 ) ;
#306 = VECTOR ( 'NONE', #1751, 1000.000000000000114 ) ;
#307 = EDGE_CURVE ( 'NONE', #1895, #1540, #2053, .T. ) ;
#308 = VECTOR ( 'NONE', #1470, 1000.000000000000000 ) ;
#309 = DIRECTION ( 'NONE',  ( 0.1143311995462873432, 0.000000000000000000, 0.9934426892429714107 ) ) ;
#310 = AXIS2_PLACEMENT_3D ( 'NONE', #280, #102, #1255 ) ;
#311 = DIRECTION ( 'NONE',  ( 0.2133312028987100484, 0.4330127018922141358, 0.8757795372522664268 ) ) ;
#312 = ORIENTED_EDGE ( 'NONE', *, *, #1090, .F. ) ;
#313 = LINE ( 'NONE', #347, #823 ) ;
#314 = ORIENTED_EDGE ( 'NONE', *, *, #770, .F. ) ;
#315 = CARTESIAN_POINT ( 'NONE',  ( -17.02390751448879058, 12.15521640234234191, -14.28916841390892500 ) ) ;
#316 = SECURITY_CLASSIFICATION_LEVEL ( 'unclassified' ) ;
#317 = ORIENTED_EDGE ( 'NONE', *, *, #2041, .T. ) ;
#318 = DIRECTION ( 'NONE',  ( 0.4999999999999977796, 0.8660254037844398178, 0.000000000000000000 ) ) ;
#319 = LINE ( 'NONE', #275, #984 ) ;
#320 = CARTESIAN_POINT ( 'NONE',  ( -20.78460969082652454, 5.999999999999998224, 15.00000000000000000 ) ) ;
#321 = AXIS2_PLACEMENT_3D ( 'NONE', #905, #1561, #549 ) ;
#322 = CARTESIAN_POINT ( 'NONE',  ( 22.46035631366947882, 13.40137799402495133, -2.267345921062822622 ) ) ;
#323 = ADVANCED_FACE ( 'NONE', ( #218 ), #717, .T. ) ;
#324 = ORIENTED_EDGE ( 'NONE', *, *, #996, .T. ) ;
#325 = CARTESIAN_POINT ( 'NONE',  ( 3.794412866145308705, -63.20874128731116315, 40.21671405493749063 ) ) ;
#326 = ORIENTED_EDGE ( 'NONE', *, *, #1223, .T. ) ;
#327 = CARTESIAN_POINT ( 'NONE',  ( -30.23549631687111372, -66.20874128731114183, 22.30121012689641802 ) ) ;
#328 = DIRECTION ( 'NONE',  ( 0.000000000000000000, 0.000000000000000000, 1.000000000000000000 ) ) ;
#329 = VERTEX_POINT ( 'NONE', #232 ) ;
#330 = DIRECTION ( 'NONE',  ( 0.8660254037844401509, -0.4999999999999974465, -0.000000000000000000 ) ) ;
#331 = CARTESIAN_POINT ( 'NONE',  ( 22.04346715478019192, 11.14117905120295760, -0.3774492347730599162 ) ) ;
#332 = CARTESIAN_POINT ( 'NONE',  ( 20.90467461984247066, -0.3372687115187188445, 9.999999999999998224 ) ) ;
#333 = ORIENTED_EDGE ( 'NONE', *, *, #829, .F. ) ;
#334 = CARTESIAN_POINT ( 'NONE',  ( -13.85640646055101932, -5.999999999999998224, 15.00000000000000000 ) ) ;
#335 = AXIS2_PLACEMENT_3D ( 'NONE', #1315, #1477, #2012 ) ;
#336 = DIRECTION ( 'NONE',  ( 0.9396926207859106484, 9.602933527728749332E-16, 0.3420201433256622181 ) ) ;
#337 = APPLICATION_PROTOCOL_DEFINITION ( 'international standard', 'config_control_design', 1994, #1276 ) ;
#338 = ORIENTED_EDGE ( 'NONE', *, *, #698, .T. ) ;
#339 = CARTESIAN_POINT ( 'NONE',  ( 17.20266330689084455, 25.00884492539407944, 21.86022083319022613 ) ) ;
#340 = CARTESIAN_POINT ( 'NONE',  ( -8.245183477003356742, -15.71892330010276417, -0.7160825266228943997 ) ) ;
#341 = DIRECTION ( 'NONE',  ( -0.2515460552138171213, -0.9678453296402103057, 0.000000000000000000 ) ) ;
#342 = VECTOR ( 'NONE', #1221, 1000.000000000000000 ) ;
#343 = CARTESIAN_POINT ( 'NONE',  ( -24.24871130596427449, 6.847727811467460497E-15, 15.00000000000000000 ) ) ;
#344 = CARTESIAN_POINT ( 'NONE',  ( -14.89525849731502838, 6.000000000000006217, -5.083465892189168223 ) ) ;
#345 = ORIENTED_EDGE ( 'NONE', *, *, #81, .F. ) ;
#346 = EDGE_CURVE ( 'NONE', #865, #225, #808, .T. ) ;
#347 = CARTESIAN_POINT ( 'NONE',  ( 0.09940804354184248903, -70.70874128731109920, 25.04776750743662461 ) ) ;
#348 = AXIS2_PLACEMENT_3D ( 'NONE', #2129, #120, #649 ) ;
#349 = APPROVAL_PERSON_ORGANIZATION ( #1175, #1792, #469 ) ;
#350 = CARTESIAN_POINT ( 'NONE',  ( -12.85575219373088096, 17.32050807568902684, -15.32088886237945324 ) ) ;
#351 = COORDINATED_UNIVERSAL_TIME_OFFSET ( 7, 0, .BEHIND. ) ;
#352 = ORIENTED_EDGE ( 'NONE', *, *, #1772, .T. ) ;
#353 = LINE ( 'NONE', #184, #141 ) ;
#354 = DIRECTION ( 'NONE',  ( 0.4932921833250087928, -0.8544071244954953848, -0.1632522204497846852 ) ) ;
#355 = CARTESIAN_POINT ( 'NONE',  ( 22.15031387143531560, 12.53531803070250206, -0.02290060765351773636 ) ) ;
#356 = FACE_OUTER_BOUND ( 'NONE', #1949, .T. ) ;
#357 = LINE ( 'NONE', #709, #1360 ) ;
#358 = ORIENTED_EDGE ( 'NONE', *, *, #1813, .T. ) ;
#359 = ORIENTED_EDGE ( 'NONE', *, *, #217, .T. ) ;
#360 = CARTESIAN_POINT ( 'NONE',  ( 22.51523807704074898, 13.58529661354847740, -1.503148687208306855 ) ) ;
#361 = CARTESIAN_POINT ( 'NONE',  ( -20.61701419967089066, -1.449991219279481269, 8.548908229861780228 ) ) ;
#362 = ORIENTED_EDGE ( 'NONE', *, *, #138, .F. ) ;
#363 = CARTESIAN_POINT ( 'NONE',  ( -12.85575219373088096, 17.32050807568902684, -15.32088886237945324 ) ) ;
#364 = FACE_OUTER_BOUND ( 'NONE', #1958, .T. ) ;
#365 = LINE ( 'NONE', #883, #1075 ) ;
#366 = DIRECTION ( 'NONE',  ( -0.7261554316666075648, 1.961519019406689184E-16, 0.6875305731828096345 ) ) ;
#367 = VERTEX_POINT ( 'NONE', #730 ) ;
#368 = ORIENTED_EDGE ( 'NONE', *, *, #1273, .F. ) ;
#369 = DIRECTION ( 'NONE',  ( 0.9618967477123853138, -0.2499999999999978906, -0.1107007079486717060 ) ) ;
#370 = FACE_OUTER_BOUND ( 'NONE', #1975, .T. ) ;
#371 = CALENDAR_DATE ( 2026, 31, 3 ) ;
#372 = EDGE_LOOP ( 'NONE', ( #1795, #1069, #209, #2101, #1555 ) ) ;
#373 = EDGE_CURVE ( 'NONE', #1664, #1218, #635, .T. ) ;
#374 = CC_DESIGN_PERSON_AND_ORGANIZATION_ASSIGNMENT ( #1480, #2144, ( #1579 ) ) ;
#375 = FACE_OUTER_BOUND ( 'NONE', #1176, .T. ) ;
#376 = LINE ( 'NONE', #866, #30 ) ;
#377 = EDGE_CURVE ( 'NONE', #913, #27, #1890, .T. ) ;
#378 = DIRECTION ( 'NONE',  ( 0.8660254037844401509, -0.4999999999999974465, -0.000000000000000000 ) ) ;
#379 = PLANE ( 'NONE',  #1259 ) ;
#380 = VERTEX_POINT ( 'NONE', #460 ) ;
#381 = EDGE_LOOP ( 'NONE', ( #2072, #898 ) ) ;
#382 = AXIS2_PLACEMENT_3D ( 'NONE', #1330, #834, #857 ) ;
#383 = EDGE_CURVE ( 'NONE', #862, #151, #128, .T. ) ;
#384 = ORIENTED_EDGE ( 'NONE', *, *, #212, .T. ) ;
#385 = CARTESIAN_POINT ( 'NONE',  ( 17.79032549820648512, 6.000000000000005329, -1.313146461724361336 ) ) ;
#386 = EDGE_LOOP ( 'NONE', ( #1719, #567 ) ) ;
#387 = DIRECTION ( 'NONE',  ( 0.9396926207859107594, 9.602933527728751304E-16, 0.3420201433256622736 ) ) ;
#388 = DIRECTION ( 'NONE',  ( -0.4999999999999987232, -0.8660254037844392627, 0.000000000000000000 ) ) ;
#389 = CARTESIAN_POINT ( 'NONE',  ( -16.98229424841220592, 11.75877827160254618, -14.30086950787336342 ) ) ;
#390 = CARTESIAN_POINT ( 'NONE',  ( -15.99695923611707116, 13.46927938084698972, -16.09143495472054042 ) ) ;
#391 = CYLINDRICAL_SURFACE ( 'NONE', #1145, 1.500000000000000000 ) ;
#392 = ORIENTED_EDGE ( 'NONE', *, *, #182, .T. ) ;
#393 = EDGE_CURVE ( 'NONE', #1147, #559, #319, .T. ) ;
#394 = VERTEX_POINT ( 'NONE', #1134 ) ;
#395 = DIRECTION ( 'NONE',  ( 0.7261554316666063436, 0.000000000000000000, -0.6875305731828109668 ) ) ;
#396 = ORIENTED_EDGE ( 'NONE', *, *, #608, .F. ) ;
#397 = CARTESIAN_POINT ( 'NONE',  ( 17.32050807568878170, -5.204170427930421283E-15, 15.00000000000000000 ) ) ;
#398 = PLANE ( 'NONE',  #1327 ) ;
#399 = AXIS2_PLACEMENT_3D ( 'NONE', #320, #822, #298 ) ;
#400 = CARTESIAN_POINT ( 'NONE',  ( -15.48410591617293441, 10.71878927248507907, -15.40685804542470727 ) ) ;
#401 = CARTESIAN_POINT ( 'NONE',  ( 13.85640646055101755, 6.000000000000000000, 15.00000000000000000 ) ) ;
#402 = DIRECTION ( 'NONE',  ( -0.4719139070981660522, -0.8173788638923652483, 0.3304376751361286502 ) ) ;
#403 = ORIENTED_EDGE ( 'NONE', *, *, #577, .T. ) ;
#404 = CIRCLE ( 'NONE', #1832, 3.599999999999999201 ) ;
#405 = VECTOR ( 'NONE', #1, 1000.000000000000000 ) ;
#406 = ORIENTED_EDGE ( 'NONE', *, *, #927, .T. ) ;
#407 = CARTESIAN_POINT ( 'NONE',  ( -19.57165832348199785, -2.810522057707629973, 9.240692966304358436 ) ) ;
#408 = ORIENTED_EDGE ( 'NONE', *, *, #1205, .F. ) ;
#409 = LINE ( 'NONE', #46, #796 ) ;
#410 = CARTESIAN_POINT ( 'NONE',  ( -16.86286258219584866, 11.39362718841750244, -14.40162852425261519 ) ) ;
#411 = DIRECTION ( 'NONE',  ( -0.7263614178872025429, 0.4330127018922151350, 0.5337593939266046528 ) ) ;
#412 = DIRECTION ( 'NONE',  ( -0.000000000000000000, -0.000000000000000000, -1.000000000000000000 ) ) ;
#413 = VECTOR ( 'NONE', #26, 1000.000000000000114 ) ;
#414 = EDGE_CURVE ( 'NONE', #935, #1487, #1310, .T. ) ;
#415 = VECTOR ( 'NONE', #2105, 1000.000000000000000 ) ;
#416 = ORIENTED_EDGE ( 'NONE', *, *, #875, .T. ) ;
#417 = PLANE ( 'NONE',  #2128 ) ;
#418 = EDGE_LOOP ( 'NONE', ( #1597, #1407, #672, #1286, #1658, #556 ) ) ;
#419 = B_SPLINE_CURVE_WITH_KNOTS ( 'NONE', 3,
 ( #193, #537, #1531, #704, #727, #407, #2051, #557, #1866, #1219, #1200, #914, #2028, #2061, #1745, #361, #1032, #1374, #1054, #1385, #1570, #230, #714, #241, #1888, #864, #1232, #1696 ),
 .UNSPECIFIED., .F., .F.,
 ( 4, 2, 2, 2, 2, 2, 2, 2, 2, 2, 2, 2, 2, 4 ),
 ( 0.000000000000000000, 0.0002965097443284757297, 0.0005930194886569514594, 0.001186038977313904003, 0.001779058465970856547, 0.002075568210299336396, 0.002372077954627816680, 0.002668587698956296529, 0.002965097443284776379, 0.003261607187613256662, 0.003558116931941736512, 0.003854626676270215928, 0.004151136420598695344, 0.004744155909255654176 ),
 .UNSPECIFIED. ) ;
#420 = VECTOR ( 'NONE', #456, 1000.000000000000114 ) ;
#421 = CARTESIAN_POINT ( 'NONE',  ( 3.794412866145309149, -64.87778965680129772, 37.14030745952422308 ) ) ;
#422 = VECTOR ( 'NONE', #1352, 999.9999999999998863 ) ;
#423 = FACE_BOUND ( 'NONE', #2040, .T. ) ;
#424 = CARTESIAN_POINT ( 'NONE',  ( 4.658891513867987832, 5.490381056766869605, -20.10971023444919581 ) ) ;
#425 = CARTESIAN_POINT ( 'NONE',  ( 11.09995814075394982, -14.99999999999999289, -5.175995486233639475 ) ) ;
#426 = ORIENTED_EDGE ( 'NONE', *, *, #770, .T. ) ;
#427 = EDGE_CURVE ( 'NONE', #840, #188, #924, .T. ) ;
#428 = EDGE_CURVE ( 'NONE', #716, #2015, #988, .T. ) ;
#429 = ORIENTED_EDGE ( 'NONE', *, *, #1536, .F. ) ;
#430 = CARTESIAN_POINT ( 'NONE',  ( -6.727507346848849323, -5.978348007442756185, -4.305125451459391073 ) ) ;
#431 = CIRCLE ( 'NONE', #1650, 3.599999999999999201 ) ;
#432 = VERTEX_POINT ( 'NONE', #1612 ) ;
#433 = CARTESIAN_POINT ( 'NONE',  ( 8.660254037844399733, -14.99999999999998579, -6.063975160109827733 ) ) ;
#434 = CARTESIAN_POINT ( 'NONE',  ( 22.51666049839539596, -2.999999999999992450, 9.999999999999998224 ) ) ;
#435 = CARTESIAN_POINT ( 'NONE',  ( -20.78460969082666665, 6.000000000000001776, -4.450273834798389672 ) ) ;
#436 = PLANE ( 'NONE',  #1788 ) ;
#437 = EDGE_LOOP ( 'NONE', ( #861, #384, #1277, #147 ) ) ;
#438 = CARTESIAN_POINT ( 'NONE',  ( 17.79032549820648512, 6.000000000000005329, -1.313146461724361336 ) ) ;
#439 = LINE ( 'NONE', #450, #605 ) ;
#440 = LINE ( 'NONE', #1632, #2097 ) ;
#441 = EDGE_CURVE ( 'NONE', #865, #885, #140, .T. ) ;
#442 = AXIS2_PLACEMENT_3D ( 'NONE', #1640, #1663, #673 ) ;
#443 = DIRECTION ( 'NONE',  ( -1.000000000000000000, 0.000000000000000000, 0.000000000000000000 ) ) ;
#444 = CARTESIAN_POINT ( 'NONE',  ( -19.66371744126909604, -2.736807599841134309, 10.92271728257972896 ) ) ;
#445 = ADVANCED_FACE ( 'NONE', ( #2127 ), #615, .T. ) ;
#446 = ADVANCED_FACE ( 'NONE', ( #1303 ), #1955, .T. ) ;
#447 = ORIENTED_EDGE ( 'NONE', *, *, #377, .F. ) ;
#448 = LINE ( 'NONE', #1762, #420 ) ;
#449 = VERTEX_POINT ( 'NONE', #1660 ) ;
#450 = CARTESIAN_POINT ( 'NONE',  ( -20.78460969082652454, 5.999999999999998224, 15.00000000000000000 ) ) ;
#451 = LINE ( 'NONE', #459, #1087 ) ;
#452 = CARTESIAN_POINT ( 'NONE',  ( 5.272414795186711522, -60.20874128731119868, 46.28429267393782709 ) ) ;
#453 = CARTESIAN_POINT ( 'NONE',  ( -19.57205763128684239, -2.810222206291034031, 10.76055771571142827 ) ) ;
#454 = CARTESIAN_POINT ( 'NONE',  ( 20.04992106205532565, -2.349230176593795960, 11.34580890632674866 ) ) ;
#455 = ORIENTED_EDGE ( 'NONE', *, *, #1863, .F. ) ;
#456 = DIRECTION ( 'NONE',  ( 0.1930750503483338598, 0.3344157968772339395, 0.9224359596914861736 ) ) ;
#457 = ORIENTED_EDGE ( 'NONE', *, *, #1153, .T. ) ;
#458 = DIRECTION ( 'NONE',  ( -0.9396926207859110924, 7.511572993685786282E-16, -0.3420201433256613299 ) ) ;
#459 = CARTESIAN_POINT ( 'NONE',  ( 20.78460969082652454, 5.999999999999998224, 15.00000000000000000 ) ) ;
#460 = CARTESIAN_POINT ( 'NONE',  ( 14.66377553849055815, 20.32050807568897000, 0.2250300038534446823 ) ) ;
#461 = DIRECTION ( 'NONE',  ( -1.000000000000000000, 0.000000000000000000, 0.000000000000000000 ) ) ;
#462 = ADVANCED_FACE ( 'NONE', ( #627 ), #967, .T. ) ;
#463 = APPROVAL ( #2075, 'UNSPECIFIED' ) ;
#464 = ORIENTED_EDGE ( 'NONE', *, *, #694, .F. ) ;
#465 = CARTESIAN_POINT ( 'NONE',  ( 20.78460969082652454, 5.999999999999998224, 0.8857272221943924828 ) ) ;
#466 = EDGE_CURVE ( 'NONE', #216, #887, #431, .T. ) ;
#467 = ORIENTED_EDGE ( 'NONE', *, *, #2069, .F. ) ;
#468 = CARTESIAN_POINT ( 'NONE',  ( -13.85640646055104064, 5.999999999999998224, -74.56220884755728662 ) ) ;
#469 = APPROVAL_ROLE ( '' ) ;
#470 = DIRECTION ( 'NONE',  ( 0.9396926207859110924, -1.001543065824773345E-15, 0.3420201433256611634 ) ) ;
#471 = CARTESIAN_POINT ( 'NONE',  ( 20.88006669945671590, -0.5442922734707755783, 10.75930703369563624 ) ) ;
#472 = ORIENTED_EDGE ( 'NONE', *, *, #833, .F. ) ;
#473 = CYLINDRICAL_SURFACE ( 'NONE', #1567, 9.000000000000015987 ) ;
#474 = ORIENTED_EDGE ( 'NONE', *, *, #827, .T. ) ;
#475 = FACE_OUTER_BOUND ( 'NONE', #1326, .T. ) ;
#476 = APPROVAL_STATUS ( 'not_yet_approved' ) ;
#477 = ORIENTED_EDGE ( 'NONE', *, *, #536, .F. ) ;
#478 = AXIS2_PLACEMENT_3D ( 'NONE', #1992, #1511, #1857 ) ;
#479 = CARTESIAN_POINT ( 'NONE',  ( 19.69615506024413776, 17.32050807568901973, -3.472963553338737519 ) ) ;
#480 = DIRECTION ( 'NONE',  ( 0.7261554316666075648, 0.000000000000000000, -0.6875305731828096345 ) ) ;
#481 = ADVANCED_FACE ( 'NONE', ( #1778 ), #1721, .T. ) ;
#482 = CARTESIAN_POINT ( 'NONE',  ( 21.71161996323091614, 12.04066448169645831, -2.968946705503560768 ) ) ;
#483 = EDGE_CURVE ( 'NONE', #1144, #77, #1313, .T. ) ;
#484 = ADVANCED_FACE ( 'NONE', ( #1683, #1993 ), #1166, .F. ) ;
#485 = EDGE_LOOP ( 'NONE', ( #768, #897 ) ) ;
#486 = CARTESIAN_POINT ( 'NONE',  ( -14.75216520318810431, 6.000000000000005329, -13.27484086764643401 ) ) ;
#487 = VERTEX_POINT ( 'NONE', #1512 ) ;
#488 = B_SPLINE_CURVE_WITH_KNOTS ( 'NONE', 3,
 ( #1434, #1892, #389, #1903, #410, #1749, #2099, #248, #1270, #743, #2078, #47, #1058, #918, #1391, #400, #1725, #1584, #752, #2087, #1105, #222, #893, #732, #1669, #2030 ),
 .UNSPECIFIED., .F., .F.,
 ( 4, 2, 2, 2, 2, 2, 2, 2, 2, 2, 2, 2, 4 ),
 ( 0.000000000000000000, 0.0005929130347499560931, 0.0008893695521249350613, 0.001185826069499913921, 0.001482282586874892781, 0.001778739104249871640, 0.002371652138999821337, 0.002668108656374791089, 0.002964565173749764311, 0.003557478208499711188, 0.003853934725874686579, 0.004150391243249662403, 0.004743304277999607979 ),
 .UNSPECIFIED. ) ;
#489 = CARTESIAN_POINT ( 'NONE',  ( 21.76059991139927519, 10.68176062462780607, -1.503148687208281320 ) ) ;
#490 = VERTEX_POINT ( 'NONE', #1353 ) ;
#491 = CARTESIAN_POINT ( 'NONE',  ( -17.70499424196326643, 11.49038105676683941, -17.19023915081895737 ) ) ;
#492 = CARTESIAN_POINT ( 'NONE',  ( -7.794228634059967575, -4.500000000000003553, -3.820799825699413788 ) ) ;
#493 = CARTESIAN_POINT ( 'NONE',  ( 22.13193568661533916, 12.33519654812235800, 0.01246384016169098559 ) ) ;
#494 = DIRECTION ( 'NONE',  ( -0.000000000000000000, -0.000000000000000000, 1.000000000000000000 ) ) ;
#495 = CARTESIAN_POINT ( 'NONE',  ( 20.86199297376671069, -0.6620813187132419397, 10.92395960841732361 ) ) ;
#496 = EDGE_LOOP ( 'NONE', ( #2102, #891, #1628, #792, #993, #598, #194, #941, #581, #1138, #314, #1756, #2121, #270 ) ) ;
#497 = CARTESIAN_POINT ( 'NONE',  ( 21.02964165813986241, 5.575592183134735258, 2.019378625798604165 ) ) ;
#498 = CIRCLE ( 'NONE', #2002, 1.500000000000004441 ) ;
#499 = LINE ( 'NONE', #1174, #912 ) ;
#500 = VERTEX_POINT ( 'NONE', #1881 ) ;
#501 = VECTOR ( 'NONE', #1806, 1000.000000000000000 ) ;
#502 = AXIS2_PLACEMENT_3D ( 'NONE', #1214, #2033, #48 ) ;
#503 = LINE ( 'NONE', #820, #1367 ) ;
#504 = CARTESIAN_POINT ( 'NONE',  ( 22.09810771683973485, 11.74218743283874389, -0.03916050040629946022 ) ) ;
#505 = ADVANCED_FACE ( 'NONE', ( #166 ), #531, .F. ) ;
#506 = CARTESIAN_POINT ( 'NONE',  ( 9.357354617797547292, 5.490381056766871382, -18.39960951782088472 ) ) ;
#507 = CARTESIAN_POINT ( 'NONE',  ( -13.85640646055104064, 5.999999999999998224, -74.56220884755728662 ) ) ;
#508 = EDGE_CURVE ( 'NONE', #750, #367, #2057, .T. ) ;
#509 = ORIENTED_EDGE ( 'NONE', *, *, #1095, .T. ) ;
#510 = FACE_OUTER_BOUND ( 'NONE', #1761, .T. ) ;
#511 = CARTESIAN_POINT ( 'NONE',  ( 19.69615506024413776, 17.32050807568901973, -3.472963553338737519 ) ) ;
#512 = ORIENTED_EDGE ( 'NONE', *, *, #1064, .T. ) ;
#513 = DIRECTION ( 'NONE',  ( -0.6656986149863669544, -0.2499999999999969746, -0.7030969734007069816 ) ) ;
#514 = FACE_BOUND ( 'NONE', #946, .T. ) ;
#515 = AXIS2_PLACEMENT_3D ( 'NONE', #98, #1077, #937 ) ;
#516 = CARTESIAN_POINT ( 'NONE',  ( 22.10630885365133125, 11.94098397122400002, 0.004099717724852669325 ) ) ;
#517 = AXIS2_PLACEMENT_3D ( 'NONE', #1163, #328, #831 ) ;
#518 = CARTESIAN_POINT ( 'NONE',  ( -18.47282829571950913, -65.45874128731112762, 27.96487863981075250 ) ) ;
#519 = CARTESIAN_POINT ( 'NONE',  ( 11.97741110150127675, 2.745484570939712654, 16.57316990839844806 ) ) ;
#520 = VERTEX_POINT ( 'NONE', #696 ) ;
#521 = CIRCLE ( 'NONE', #310, 3.599999999999999201 ) ;
#522 = ORIENTED_EDGE ( 'NONE', *, *, #1043, .T. ) ;
#523 = LINE ( 'NONE', #180, #58 ) ;
#524 = AXIS2_PLACEMENT_3D ( 'NONE', #479, #1035, #1659 ) ;
#525 = CARTESIAN_POINT ( 'NONE',  ( -20.78460969082652099, -6.000000000000000000, 15.00000000000000000 ) ) ;
#526 = ORIENTED_EDGE ( 'NONE', *, *, #991, .T. ) ;
#527 = DIRECTION ( 'NONE',  ( -0.6656986149863668434, -0.2499999999999969469, -0.7030969734007069816 ) ) ;
#528 = CYLINDRICAL_SURFACE ( 'NONE', #1467, 1.249999999999998668 ) ;
#529 = DIRECTION ( 'NONE',  ( 0.5000000000000001110, 0.8660254037844385966, 0.000000000000000000 ) ) ;
#530 = VECTOR ( 'NONE', #637, 1000.000000000000000 ) ;
#531 = PLANE ( 'NONE',  #971 ) ;
#532 = ORIENTED_EDGE ( 'NONE', *, *, #1387, .F. ) ;
#533 = ORIENTED_EDGE ( 'NONE', *, *, #383, .F. ) ;
#534 = DIRECTION ( 'NONE',  ( -0.5000000000000001110, -0.8660254037844385966, 0.000000000000000000 ) ) ;
#535 = EDGE_CURVE ( 'NONE', #179, #122, #7, .T. ) ;
#536 = EDGE_CURVE ( 'NONE', #151, #1775, #1343, .T. ) ;
#537 = CARTESIAN_POINT ( 'NONE',  ( -19.40467461984245290, -2.935344922872018980, 9.899636718031048943 ) ) ;
#538 = SHAPE_DEFINITION_REPRESENTATION ( #1542, #1638 ) ;
#539 = EDGE_LOOP ( 'NONE', ( #588, #324, #1887 ) ) ;
#540 = CARTESIAN_POINT ( 'NONE',  ( 17.79032549820648512, 6.000000000000005329, -1.313146461724361336 ) ) ;
#541 = EDGE_CURVE ( 'NONE', #1144, #900, #357, .T. ) ;
#542 = CARTESIAN_POINT ( 'NONE',  ( 20.78460969082652454, 5.999999999999998224, 8.055381163697235891 ) ) ;
#543 = CARTESIAN_POINT ( 'NONE',  ( 7.794228634059964023, -4.500000000000005329, -1.744551591300269600 ) ) ;
#544 = EDGE_LOOP ( 'NONE', ( #93, #1024, #1045, #362, #1861, #119 ) ) ;
#545 = VERTEX_POINT ( 'NONE', #1028 ) ;
#546 = VERTEX_POINT ( 'NONE', #1673 ) ;
#547 = LINE ( 'NONE', #1410, #32 ) ;
#548 = AXIS2_PLACEMENT_3D ( 'NONE', #190, #369, #850 ) ;
#549 = DIRECTION ( 'NONE',  ( 0.3420201433256619961, 0.000000000000000000, -0.9396926207859108704 ) ) ;
#550 = DIRECTION ( 'NONE',  ( 0.1710100716628294992, 0.8660254037844415942, -0.4698463103929505502 ) ) ;
#551 = DIRECTION ( 'NONE',  ( -0.4999999999999994449, -0.8660254037844389297, 0.000000000000000000 ) ) ;
#552 = CARTESIAN_POINT ( 'NONE',  ( 7.863087061572047176, -31.61926629498028873, -9.002498705187024441 ) ) ;
#553 = FACE_OUTER_BOUND ( 'NONE', #621, .T. ) ;
#554 = ORIENTED_EDGE ( 'NONE', *, *, #441, .T. ) ;
#555 = VERTEX_POINT ( 'NONE', #1685 ) ;
#556 = ORIENTED_EDGE ( 'NONE', *, *, #1290, .T. ) ;
#557 = CARTESIAN_POINT ( 'NONE',  ( -19.87434814718418963, -2.541331903771599787, 8.802620081500078797 ) ) ;
#558 = DATE_AND_TIME ( #371, #839 ) ;
#559 = VERTEX_POINT ( 'NONE', #1692 ) ;
#560 = CARTESIAN_POINT ( 'NONE',  ( -13.85640646055101755, 6.000000000000000000, 15.00000000000000000 ) ) ;
#561 = DIRECTION ( 'NONE',  ( 0.9396926207859107594, 3.686287386450715076E-16, 0.3420201433256625512 ) ) ;
#562 = DIRECTION ( 'NONE',  ( 0.1710100716628294992, 0.8660254037844415942, -0.4698463103929505502 ) ) ;
#563 = DIRECTION ( 'NONE',  ( 0.1710100716628294992, 0.8660254037844415942, -0.4698463103929505502 ) ) ;
#564 = LINE ( 'NONE', #506, #405 ) ;
#565 = ORIENTED_EDGE ( 'NONE', *, *, #11, .T. ) ;
#566 = AXIS2_PLACEMENT_3D ( 'NONE', #781, #1594, #1577 ) ;
#567 = ORIENTED_EDGE ( 'NONE', *, *, #427, .T. ) ;
#568 = LINE ( 'NONE', #1298, #245 ) ;
#569 = COORDINATED_UNIVERSAL_TIME_OFFSET ( 7, 0, .BEHIND. ) ;
#570 = EDGE_LOOP ( 'NONE', ( #1849, #973, #183, #1802 ) ) ;
#571 = LINE ( 'NONE', #719, #1362 ) ;
#572 = AXIS2_PLACEMENT_3D ( 'NONE', #1623, #1142, #1799 ) ;
#573 = PLANE ( 'NONE',  #1619 ) ;
#574 =( BOUNDED_CURVE ( )  B_SPLINE_CURVE ( 3, ( #1037, #197, #870, #543 ),
 .UNSPECIFIED., .F., .F. ) 
 B_SPLINE_CURVE_WITH_KNOTS ( ( 4, 4 ),
 ( 6.250050034210758554, 6.452955866447926958 ),
 .UNSPECIFIED. ) 
 CURVE ( )  GEOMETRIC_REPRESENTATION_ITEM ( )  RATIONAL_B_SPLINE_CURVE ( ( 1.000000000000000000, 0.9965720436929441650, 0.9965720436929441650, 1.000000000000000000 ) ) 
 REPRESENTATION_ITEM ( '' )  );
#575 = LINE ( 'NONE', #2107, #2096 ) ;
#576 = ORIENTED_EDGE ( 'NONE', *, *, #1934, .T. ) ;
#577 = EDGE_CURVE ( 'NONE', #122, #711, #1648, .T. ) ;
#578 = VECTOR ( 'NONE', #1225, 1000.000000000000227 ) ;
#579 = ORIENTED_EDGE ( 'NONE', *, *, #1332, .F. ) ;
#580 = LINE ( 'NONE', #92, #2155 ) ;
#581 = ORIENTED_EDGE ( 'NONE', *, *, #1972, .F. ) ;
#582 = DIRECTION ( 'NONE',  ( 0.9396926207859107594, 1.378485619302998044E-15, 0.3420201433256619961 ) ) ;
#583 = EDGE_CURVE ( 'NONE', #559, #394, #208, .T. ) ;
#584 = CARTESIAN_POINT ( 'NONE',  ( -20.71593688328916016, 6.000000000000005329, -3.853564460026909444 ) ) ;
#585 = CARTESIAN_POINT ( 'NONE',  ( -22.69921529635671931, 5.490381056766838519, -30.06724677924625766 ) ) ;
#586 = CARTESIAN_POINT ( 'NONE',  ( -6.229815212074063524, -5.999999999999996447, -5.953887242601214602 ) ) ;
#587 = CIRCLE ( 'NONE', #1637, 1.250000000000001332 ) ;
#588 = ORIENTED_EDGE ( 'NONE', *, *, #718, .F. ) ;
#589 = DIRECTION ( 'NONE',  ( 0.7261554316666063436, 0.000000000000000000, -0.6875305731828109668 ) ) ;
#590 = ORIENTED_EDGE ( 'NONE', *, *, #1699, .F. ) ;
#591 = AXIS2_PLACEMENT_3D ( 'NONE', #202, #1361, #738 ) ;
#592 = LINE ( 'NONE', #1591, #1928 ) ;
#593 = CARTESIAN_POINT ( 'NONE',  ( 0.000000000000000000, 0.000000000000000000, 15.00000000000000000 ) ) ;
#594 = CARTESIAN_POINT ( 'NONE',  ( -14.75216520318810431, 6.000000000000005329, -13.27484086764643401 ) ) ;
#595 = DIRECTION ( 'NONE',  ( 0.1710100716628294992, 0.8660254037844415942, -0.4698463103929505502 ) ) ;
#596 = ORIENTED_EDGE ( 'NONE', *, *, #1935, .T. ) ;
#597 = LINE ( 'NONE', #962, #1395 ) ;
#598 = ORIENTED_EDGE ( 'NONE', *, *, #1885, .T. ) ;
#599 = EDGE_CURVE ( 'NONE', #686, #1910, #2020, .T. ) ;
#600 = CARTESIAN_POINT ( 'NONE',  ( -16.19891957672377458, 13.54138702754734069, -15.88613802017846055 ) ) ;
#601 = EDGE_CURVE ( 'NONE', #873, #922, #178, .T. ) ;
#602 = CYLINDRICAL_SURFACE ( 'NONE', #200, 1.500000000000004441 ) ;
#603 = EDGE_CURVE ( 'NONE', #1371, #633, #848, .T. ) ;
#604 = CIRCLE ( 'NONE', #779, 1.500000000000000666 ) ;
#605 = VECTOR ( 'NONE', #1459, 1000.000000000000000 ) ;
#606 = DIRECTION ( 'NONE',  ( 0.000000000000000000, 0.8520312918379460143, -0.5234908573499263973 ) ) ;
#607 = CARTESIAN_POINT ( 'NONE',  ( -20.79463049180428769, -0.9472759551224606556, 11.19125204941276586 ) ) ;
#608 = EDGE_CURVE ( 'NONE', #633, #1256, #574, .T. ) ;
#609 = EDGE_LOOP ( 'NONE', ( #2021, #64, #737, #565, #203 ) ) ;
#610 = LINE ( 'NONE', #785, #699 ) ;
#611 = ORIENTED_EDGE ( 'NONE', *, *, #583, .T. ) ;
#612 = FACE_BOUND ( 'NONE', #1884, .T. ) ;
#613 = CARTESIAN_POINT ( 'NONE',  ( -13.85640646055101932, -5.999999999999998224, 15.00000000000000000 ) ) ;
#614 = VECTOR ( 'NONE', #2122, 1000.000000000000000 ) ;
#615 = PLANE ( 'NONE',  #2038 ) ;
#616 = DIRECTION ( 'NONE',  ( 0.9396926207859107594, 3.686287386450715076E-16, 0.3420201433256625512 ) ) ;
#617 = ORIENTED_EDGE ( 'NONE', *, *, #2161, .F. ) ;
#618 = CARTESIAN_POINT ( 'NONE',  ( 21.53630587446422240, 11.04450451714465764, -2.388752905048599384 ) ) ;
#619 = ORIENTED_EDGE ( 'NONE', *, *, #1698, .T. ) ;
#620 = CARTESIAN_POINT ( 'NONE',  ( 24.98980427102502233, 12.94214905122711912, -1.787936249066053307 ) ) ;
#621 = EDGE_LOOP ( 'NONE', ( #326, #403 ) ) ;
#622 = AXIS2_PLACEMENT_3D ( 'NONE', #852, #1679, #160 ) ;
#623 = CARTESIAN_POINT ( 'NONE',  ( -19.58644633591306317, -63.92472019352280199, 13.71457737114597109 ) ) ;
#624 = LINE ( 'NONE', #798, #308 ) ;
#625 = CC_DESIGN_PERSON_AND_ORGANIZATION_ASSIGNMENT ( #676, #150, ( #659 ) ) ;
#626 = VECTOR ( 'NONE', #874, 1000.000000000000114 ) ;
#627 = FACE_OUTER_BOUND ( 'NONE', #372, .T. ) ;
#628 = LOCAL_TIME ( 23, 1, 50.00000000000000000, #351 ) ;
#629 = ADVANCED_FACE ( 'NONE', ( #1215, #684 ), #379, .F. ) ;
#630 = CARTESIAN_POINT ( 'NONE',  ( 20.89587299909297968, -0.4224258316450050232, 10.48781119214103796 ) ) ;
#631 = EDGE_LOOP ( 'NONE', ( #713, #1334, #619, #739 ) ) ;
#632 = DIRECTION ( 'NONE',  ( -2.503857664561933855E-16, -1.000000000000000000, 0.000000000000000000 ) ) ;
#633 = VERTEX_POINT ( 'NONE', #884 ) ;
#634 = CARTESIAN_POINT ( 'NONE',  ( -17.02390751448879058, 12.15521640234234191, -14.28916841390892500 ) ) ;
#635 = CIRCLE ( 'NONE', #321, 2.250000000000001776 ) ;
#636 = CARTESIAN_POINT ( 'NONE',  ( -20.78460969082652454, 5.999999999999998224, -74.56220884755728662 ) ) ;
#637 = DIRECTION ( 'NONE',  ( -0.000000000000000000, -0.000000000000000000, -1.000000000000000000 ) ) ;
#638 = CARTESIAN_POINT ( 'NONE',  ( 20.90369111951864056, -0.3482115845577808955, 10.19878823144536817 ) ) ;
#639 = ORIENTED_EDGE ( 'NONE', *, *, #899, .F. ) ;
#640 = DIRECTION ( 'NONE',  ( 0.9396926207859106484, 9.602933527728749332E-16, 0.3420201433256622181 ) ) ;
#641 = ORIENTED_EDGE ( 'NONE', *, *, #1318, .F. ) ;
#642 = DIRECTION ( 'NONE',  ( -0.3420201433256621626, 0.000000000000000000, 0.9396926207859107594 ) ) ;
#643 = EDGE_CURVE ( 'NONE', #520, #1427, #49, .T. ) ;
#644 = VERTEX_POINT ( 'NONE', #1393 ) ;
#645 = CARTESIAN_POINT ( 'NONE',  ( -22.65662757892974355, 23.08081003162400791, 9.999999999999998224 ) ) ;
#646 = DIRECTION ( 'NONE',  ( 1.000000000000000000, 0.000000000000000000, -0.000000000000000000 ) ) ;
#647 = ADVANCED_FACE ( 'NONE', ( #553 ), #1894, .F. ) ;
#648 = ADVANCED_FACE ( 'NONE', ( #1356 ), #391, .F. ) ;
#649 = DIRECTION ( 'NONE',  ( 0.5000000000000000000, -0.8660254037844385966, 0.000000000000000000 ) ) ;
#650 = ORIENTED_EDGE ( 'NONE', *, *, #577, .F. ) ;
#651 = DIRECTION ( 'NONE',  ( 0.8660254037844400399, -0.4999999999999973910, -0.000000000000000000 ) ) ;
#652 = ORIENTED_EDGE ( 'NONE', *, *, #393, .F. ) ;
#653 = CARTESIAN_POINT ( 'NONE',  ( -13.85640646055101932, -5.999999999999998224, 15.00000000000000000 ) ) ;
#654 =( NAMED_UNIT ( * ) SI_UNIT ( $, .STERADIAN. ) SOLID_ANGLE_UNIT ( ) );
#655 = ORIENTED_EDGE ( 'NONE', *, *, #668, .T. ) ;
#656 = CARTESIAN_POINT ( 'NONE',  ( 15.26623243910835903, -2.956340915549511283, 0.000000000000000000 ) ) ;
#657 = CARTESIAN_POINT ( 'NONE',  ( -17.32050807568877460, 1.734723475976807094E-15, 0.000000000000000000 ) ) ;
#658 = DIRECTION ( 'NONE',  ( 0.4999999999999995004, 0.8660254037844389297, 0.000000000000000000 ) ) ;
#659 = SECURITY_CLASSIFICATION ( '', '', #316 ) ;
#660 = ORIENTED_EDGE ( 'NONE', *, *, #1473, .T. ) ;
#661 = CARTESIAN_POINT ( 'NONE',  ( -13.85640646055104064, 5.999999999999991118, -1.814556823295978782 ) ) ;
#662 = CARTESIAN_POINT ( 'NONE',  ( -7.794228634059964911, -4.500000000000002665, 15.00000000000000000 ) ) ;
#663 = DATE_AND_TIME ( #1500, #1408 ) ;
#664 = EDGE_LOOP ( 'NONE', ( #579, #903, #1079, #590 ) ) ;
#665 = ADVANCED_FACE ( 'NONE', ( #82 ), #257, .T. ) ;
#666 = PLANE ( 'NONE',  #382 ) ;
#667 = CARTESIAN_POINT ( 'NONE',  ( 22.48832732179366900, 13.59229080375420473, -1.103202788025126502 ) ) ;
#668 = EDGE_CURVE ( 'NONE', #1895, #1396, #2080, .T. ) ;
#669 = CARTESIAN_POINT ( 'NONE',  ( -3.824470031430722727, -65.45874128731114183, 33.29644502887908430 ) ) ;
#670 = DIRECTION ( 'NONE',  ( 0.2133312028987089104, 0.4330127018922145798, 0.8757795372522664268 ) ) ;
#671 = CARTESIAN_POINT ( 'NONE',  ( 19.38112960189067380, 25.00884492539407944, 19.79762911364178635 ) ) ;
#672 = ORIENTED_EDGE ( 'NONE', *, *, #833, .T. ) ;
#673 = DIRECTION ( 'NONE',  ( 0.000000000000000000, 0.8520312918379453482, -0.5234908573499273965 ) ) ;
#674 = AXIS2_PLACEMENT_3D ( 'NONE', #593, #1415, #1403 ) ;
#675 = CARTESIAN_POINT ( 'NONE',  ( 24.24871130596427093, -8.673617379884035472E-16, 1.452969253830144192 ) ) ;
#676 = PERSON_AND_ORGANIZATION ( #755, #1781 ) ;
#677 = EDGE_LOOP ( 'NONE', ( #1039, #1960 ) ) ;
#678 = CARTESIAN_POINT ( 'NONE',  ( 20.92050807568877957, -4.763297580237374119E-15, 15.00000000000000000 ) ) ;
#679 = AXIS2_PLACEMENT_3D ( 'NONE', #327, #304, #1150 ) ;
#680 = VECTOR ( 'NONE', #670, 1000.000000000000114 ) ;
#681 = CARTESIAN_POINT ( 'NONE',  ( 5.307742824483770328, -0.2237205583708712364, -21.89241455894959643 ) ) ;
#682 = DIRECTION ( 'NONE',  ( -0.9618967477123850918, 0.2499999999999980849, 0.1107007079486720252 ) ) ;
#683 = PLANE ( 'NONE',  #856 ) ;
#684 = FACE_OUTER_BOUND ( 'NONE', #300, .T. ) ;
#685 = ORIENTED_EDGE ( 'NONE', *, *, #2044, .F. ) ;
#686 = VERTEX_POINT ( 'NONE', #931 ) ;
#687 = FACE_OUTER_BOUND ( 'NONE', #2093, .T. ) ;
#688 = CARTESIAN_POINT ( 'NONE',  ( 10.77575125089606090, -0.2237205583708663237, -22.29662223908957586 ) ) ;
#689 = ORIENTED_EDGE ( 'NONE', *, *, #1070, .T. ) ;
#690 = CARTESIAN_POINT ( 'NONE',  ( -13.72050807568877318, 2.175596323669854259E-15, 0.000000000000000000 ) ) ;
#691 = CARTESIAN_POINT ( 'NONE',  ( 10.30479431694033110, -63.20874128731117025, 42.58629911674563573 ) ) ;
#692 = VECTOR ( 'NONE', #1585, 1000.000000000000114 ) ;
#693 = VECTOR ( 'NONE', #731, 1000.000000000000000 ) ;
#694 = EDGE_CURVE ( 'NONE', #1662, #111, #1727, .T. ) ;
#695 = CARTESIAN_POINT ( 'NONE',  ( -14.75216520318810431, 6.000000000000005329, -13.27484086764643401 ) ) ;
#696 = CARTESIAN_POINT ( 'NONE',  ( -14.84544121948897910, 12.15521640234233125, -16.35176013345737189 ) ) ;
#697 = EDGE_LOOP ( 'NONE', ( #871, #1485, #1265, #1543, #2133 ) ) ;
#698 = EDGE_CURVE ( 'NONE', #111, #686, #896, .T. ) ;
#699 = VECTOR ( 'NONE', #1755, 1000.000000000000000 ) ;
#700 = ORIENTED_EDGE ( 'NONE', *, *, #244, .T. ) ;
#701 = CARTESIAN_POINT ( 'NONE',  ( -22.02618699409079284, 3.849525029221928296, -10.38203741171326122 ) ) ;
#702 = CIRCLE ( 'NONE', #348, 1.500000000000001332 ) ;
#703 = AXIS2_PLACEMENT_3D ( 'NONE', #1213, #1724, #881 ) ;
#704 = CARTESIAN_POINT ( 'NONE',  ( -19.44810920642588314, -2.904094602745615816, 9.607987902070661335 ) ) ;
#705 = ORIENTED_EDGE ( 'NONE', *, *, #377, .T. ) ;
#706 = CARTESIAN_POINT ( 'NONE',  ( 13.85640646055101932, -5.999999999999998224, 15.00000000000000000 ) ) ;
#707 = DIRECTION ( 'NONE',  ( -2.503857664561933855E-16, -1.000000000000000000, 0.000000000000000000 ) ) ;
#708 = VECTOR ( 'NONE', #1046, 1000.000000000000000 ) ;
#709 = CARTESIAN_POINT ( 'NONE',  ( -24.88574267879256396, 22.80529225656421843, 3.865185450765543429 ) ) ;
#710 = ORIENTED_EDGE ( 'NONE', *, *, #535, .T. ) ;
#711 = VERTEX_POINT ( 'NONE', #1418 ) ;
#712 = CARTESIAN_POINT ( 'NONE',  ( 2.316410937103927203, -66.20874128731114183, 34.14913543593711864 ) ) ;
#713 = ORIENTED_EDGE ( 'NONE', *, *, #1273, .T. ) ;
#714 = CARTESIAN_POINT ( 'NONE',  ( -20.85869685714847321, -0.6667595548237295056, 9.083788772005775058 ) ) ;
#715 = APPROVAL_DATE_TIME ( #558, #463 ) ;
#716 = VERTEX_POINT ( 'NONE', #435 ) ;
#717 = CYLINDRICAL_SURFACE ( 'NONE', #1275, 2.250000000000002665 ) ;
#718 = EDGE_CURVE ( 'NONE', #843, #1828, #575, .T. ) ;
#719 = CARTESIAN_POINT ( 'NONE',  ( 24.24871130596427449, 6.847727811467460497E-15, 15.00000000000000000 ) ) ;
#720 = CARTESIAN_POINT ( 'NONE',  ( -28.75749438782970913, -63.20874128731116315, 28.36878874589677579 ) ) ;
#721 = FACE_OUTER_BOUND ( 'NONE', #539, .T. ) ;
#722 = EDGE_CURVE ( 'NONE', #1906, #1307, #1599, .T. ) ;
#723 = DIRECTION ( 'NONE',  ( -0.6656986149863669544, -0.2499999999999969746, -0.7030969734007069816 ) ) ;
#724 = ORIENTED_EDGE ( 'NONE', *, *, #1108, .T. ) ;
#725 = ORIENTED_EDGE ( 'NONE', *, *, #2065, .F. ) ;
#726 = ORIENTED_EDGE ( 'NONE', *, *, #1541, .F. ) ;
#727 = CARTESIAN_POINT ( 'NONE',  ( -19.47402203881020100, -2.885143935645359203, 9.512188807858958484 ) ) ;
#728 = VECTOR ( 'NONE', #651, 1000.000000000000114 ) ;
#729 = ORIENTED_EDGE ( 'NONE', *, *, #764, .F. ) ;
#730 = CARTESIAN_POINT ( 'NONE',  ( 26.20653651103915749, 17.32050807568901263, -1.103378491530595973 ) ) ;
#731 = DIRECTION ( 'NONE',  ( -0.000000000000000000, -0.000000000000000000, -1.000000000000000000 ) ) ;
#732 = CARTESIAN_POINT ( 'NONE',  ( -14.76606599455188373, 11.78924962830437018, -16.21122316518808759 ) ) ;
#733 = CARTESIAN_POINT ( 'NONE',  ( -15.78169633294444729, 13.35534751875179715, -16.26691776310102000 ) ) ;
#734 = PLANE ( 'NONE',  #1735 ) ;
#735 = EDGE_LOOP ( 'NONE', ( #849, #2035, #1466, #2165, #705, #352 ) ) ;
#736 = ORIENTED_EDGE ( 'NONE', *, *, #1382, .F. ) ;
#737 = ORIENTED_EDGE ( 'NONE', *, *, #428, .T. ) ;
#738 = DIRECTION ( 'NONE',  ( 0.000000000000000000, 0.4768709627114695593, 0.8789733129752214102 ) ) ;
#739 = ORIENTED_EDGE ( 'NONE', *, *, #414, .F. ) ;
#740 = LOCAL_TIME ( 23, 1, 50.00000000000000000, #985 ) ;
#741 = ADVANCED_FACE ( 'NONE', ( #1260 ), #1939, .F. ) ;
#742 = LINE ( 'NONE', #1072, #239 ) ;
#743 = CARTESIAN_POINT ( 'NONE',  ( -16.43414676186816337, 10.83306227393885024, -14.74637033996313207 ) ) ;
#744 = FACE_OUTER_BOUND ( 'NONE', #631, .T. ) ;
#745 = DIRECTION ( 'NONE',  ( -0.4999999999999992784, -0.8660254037844391517, 0.000000000000000000 ) ) ;
#746 = CARTESIAN_POINT ( 'NONE',  ( -20.90369421231141089, -0.3481900841792753276, 10.19891497224548083 ) ) ;
#747 =( BOUNDED_CURVE ( )  B_SPLINE_CURVE ( 3, ( #465, #497, #1006, #1137 ),
 .UNSPECIFIED., .F., .F. ) 
 B_SPLINE_CURVE_WITH_KNOTS ( ( 4, 4 ),
 ( 2.379961786874452478, 3.123508564933144438 ),
 .UNSPECIFIED. ) 
 CURVE ( )  GEOMETRIC_REPRESENTATION_ITEM ( )  RATIONAL_B_SPLINE_CURVE ( ( 1.000000000000000000, 0.9544563967069956689, 0.9544563967069956689, 1.000000000000000000 ) ) 
 REPRESENTATION_ITEM ( '' )  );
#748 = ORIENTED_EDGE ( 'NONE', *, *, #1651, .F. ) ;
#749 = FACE_OUTER_BOUND ( 'NONE', #1883, .T. ) ;
#750 = VERTEX_POINT ( 'NONE', #919 ) ;
#751 = LINE ( 'NONE', #906, #1263 ) ;
#752 = CARTESIAN_POINT ( 'NONE',  ( -15.05991762320692118, 10.98935543219171151, -15.72639854623911937 ) ) ;
#753 = CARTESIAN_POINT ( 'NONE',  ( -20.78460969082652099, -6.000000000000000000, 15.00000000000000000 ) ) ;
#754 = CARTESIAN_POINT ( 'NONE',  ( -20.65408641596492245, -1.362228189483955187, 11.42210681162588592 ) ) ;
#755 = PERSON ( 'UNSPECIFIED', 'UNSPECIFIED', 'UNSPECIFIED', ('UNSPECIFIED'), ('UNSPECIFIED'), ('UNSPECIFIED') ) ;
#756 = ORIENTED_EDGE ( 'NONE', *, *, #213, .T. ) ;
#757 = CARTESIAN_POINT ( 'NONE',  ( 4.431343984846220607, -10.32468707243165262, -5.567681995440467269 ) ) ;
#758 = ORIENTED_EDGE ( 'NONE', *, *, #1655, .T. ) ;
#759 = LINE ( 'NONE', #1309, #415 ) ;
#760 = DIRECTION ( 'NONE',  ( -0.9396926207859095381, 2.352856570887090420E-16, -0.3420201433256655488 ) ) ;
#761 = CARTESIAN_POINT ( 'NONE',  ( -14.44605778258004136, 6.000000000000005329, -13.27484086764644111 ) ) ;
#762 = FACE_OUTER_BOUND ( 'NONE', #570, .T. ) ;
#763 = EDGE_CURVE ( 'NONE', #644, #1625, #126, .T. ) ;
#764 = EDGE_CURVE ( 'NONE', #814, #1427, #2085, .T. ) ;
#765 = AXIS2_PLACEMENT_3D ( 'NONE', #636, #943, #1945 ) ;
#766 = ORIENTED_EDGE ( 'NONE', *, *, #427, .F. ) ;
#767 = PLANE ( 'NONE',  #1179 ) ;
#768 = ORIENTED_EDGE ( 'NONE', *, *, #210, .F. ) ;
#769 = LOCAL_TIME ( 23, 1, 50.00000000000000000, #1151 ) ;
#770 = EDGE_CURVE ( 'NONE', #950, #1571, #1759, .T. ) ;
#771 = PLANE ( 'NONE',  #127 ) ;
#772 = FACE_OUTER_BOUND ( 'NONE', #1929, .T. ) ;
#773 = ORIENTED_EDGE ( 'NONE', *, *, #1253, .F. ) ;
#774 = EDGE_LOOP ( 'NONE', ( #729, #1317 ) ) ;
#775 = DIRECTION ( 'NONE',  ( 0.000000000000000000, 0.8520312918379456812, -0.5234908573499266193 ) ) ;
#776 = EDGE_CURVE ( 'NONE', #1731, #1481, #1565, .T. ) ;
#777 = DIRECTION ( 'NONE',  ( 0.4999999999999987232, 0.8660254037844392627, 0.000000000000000000 ) ) ;
#778 = CARTESIAN_POINT ( 'NONE',  ( -8.660254037844385522, -14.99999999999999467, 15.00000000000000000 ) ) ;
#779 = AXIS2_PLACEMENT_3D ( 'NONE', #434, #88, #1915 ) ;
#780 = CARTESIAN_POINT ( 'NONE',  ( 19.41364260224518290, -2.929035178713801812, 9.801085027754520951 ) ) ;
#781 = CARTESIAN_POINT ( 'NONE',  ( 22.51666049839539596, -2.999999999999992450, 9.999999999999998224 ) ) ;
#782 = CARTESIAN_POINT ( 'NONE',  ( 12.07727216266810544, 15.07050807568903572, -10.39323257939714651 ) ) ;
#783 = VECTOR ( 'NONE', #1488, 1000.000000000000000 ) ;
#784 = ORIENTED_EDGE ( 'NONE', *, *, #1291, .F. ) ;
#785 = CARTESIAN_POINT ( 'NONE',  ( -20.92050807568877246, 1.734723475976807094E-15, 15.00000000000000000 ) ) ;
#786 = ORIENTED_EDGE ( 'NONE', *, *, #875, .F. ) ;
#787 = CARTESIAN_POINT ( 'NONE',  ( -16.98079944651781048, 12.82106743150665196, -14.46782468415275780 ) ) ;
#788 = DIRECTION ( 'NONE',  ( 0.1930750503483347202, 0.3344157968772347722, 0.9224359596914855075 ) ) ;
#789 = CARTESIAN_POINT ( 'NONE',  ( 20.38864201288400224, -1.885824270495237931, 8.500014239027665397 ) ) ;
#790 = ORIENTED_EDGE ( 'NONE', *, *, #24, .F. ) ;
#791 = FACE_OUTER_BOUND ( 'NONE', #2169, .T. ) ;
#792 = ORIENTED_EDGE ( 'NONE', *, *, #1907, .T. ) ;
#793 = VECTOR ( 'NONE', #838, 1000.000000000000227 ) ;
#794 = CARTESIAN_POINT ( 'NONE',  ( -24.24871130596427093, 2.365875827077761471E-15, -6.908956590895265926 ) ) ;
#795 = ORIENTED_EDGE ( 'NONE', *, *, #1780, .T. ) ;
#796 = VECTOR ( 'NONE', #388, 1000.000000000000114 ) ;
#797 = CARTESIAN_POINT ( 'NONE',  ( 24.24871130596427449, 6.847727811467460497E-15, 15.00000000000000000 ) ) ;
#798 = CARTESIAN_POINT ( 'NONE',  ( -8.660254037844385522, -14.99999999999999467, 15.00000000000000000 ) ) ;
#799 = EDGE_CURVE ( 'NONE', #490, #1136, #1425, .T. ) ;
#800 = VECTOR ( 'NONE', #1190, 1000.000000000000000 ) ;
#801 = CARTESIAN_POINT ( 'NONE',  ( 20.33470141252643160, -1.970809041900994929, 8.510067894005384659 ) ) ;
#802 = CARTESIAN_POINT ( 'NONE',  ( 20.33507183043645838, -1.970236668525070955, 11.49001477097682766 ) ) ;
#803 = VERTEX_POINT ( 'NONE', #89 ) ;
#804 = DIRECTION ( 'NONE',  ( 0.1710100716628294992, 0.8660254037844415942, -0.4698463103929505502 ) ) ;
#805 = EDGE_CURVE ( 'NONE', #18, #1371, #2088, .T. ) ;
#806 = ADVANCED_FACE ( 'NONE', ( #772 ), #734, .F. ) ;
#807 = CARTESIAN_POINT ( 'NONE',  ( 5.307742824483766775, -0.2237205583708711254, -21.89241455894958932 ) ) ;
#808 = CIRCLE ( 'NONE', #1937, 3.599999999999999201 ) ;
#809 = APPROVAL_ROLE ( '' ) ;
#810 = ORIENTED_EDGE ( 'NONE', *, *, #1095, .F. ) ;
#811 = DIRECTION ( 'NONE',  ( 0.7261554316666063436, 0.000000000000000000, -0.6875305731828110778 ) ) ;
#812 = DIRECTION ( 'NONE',  ( 0.000000000000000000, 0.000000000000000000, 1.000000000000000000 ) ) ;
#813 = CARTESIAN_POINT ( 'NONE',  ( 10.39097858965469179, 1.724836600144121768, -21.23946804070543593 ) ) ;
#814 = VERTEX_POINT ( 'NONE', #1740 ) ;
#815 = CARTESIAN_POINT ( 'NONE',  ( 23.59713113108960414, 1.128569968087547393, 7.124593314818933543 ) ) ;
#816 = EDGE_LOOP ( 'NONE', ( #1716, #819, #317, #1733 ) ) ;
#817 = LINE ( 'NONE', #468, #1750 ) ;
#818 = PERSON_AND_ORGANIZATION ( #755, #1781 ) ;
#819 = ORIENTED_EDGE ( 'NONE', *, *, #483, .T. ) ;
#820 = CARTESIAN_POINT ( 'NONE',  ( -15.55411309886588000, -3.059485846091702044, -5.519547285846485352 ) ) ;
#821 = DIRECTION ( 'NONE',  ( 2.503857664561935334E-16, -1.000000000000000000, 0.000000000000000000 ) ) ;
#822 = DIRECTION ( 'NONE',  ( -2.503857664561933855E-16, 1.000000000000000000, 0.000000000000000000 ) ) ;
#823 = VECTOR ( 'NONE', #826, 1000.000000000000000 ) ;
#824 = CARTESIAN_POINT ( 'NONE',  ( 20.75157946575578904, -1.105031360796760120, 11.30872364723749790 ) ) ;
#825 = EDGE_LOOP ( 'NONE', ( #109, #1842, #1419, #312, #264 ) ) ;
#826 = DIRECTION ( 'NONE',  ( 0.1710100716628294992, 0.8660254037844415942, -0.4698463103929505502 ) ) ;
#827 = EDGE_CURVE ( 'NONE', #711, #1558, #1121, .T. ) ;
#828 = ORIENTED_EDGE ( 'NONE', *, *, #1907, .F. ) ;
#829 = EDGE_CURVE ( 'NONE', #686, #1664, #564, .T. ) ;
#830 = DIRECTION ( 'NONE',  ( -0.9396926207859107594, -9.912705577010324563E-16, -0.3420201433256621626 ) ) ;
#831 = DIRECTION ( 'NONE',  ( 1.000000000000000000, 0.000000000000000000, 0.000000000000000000 ) ) ;
#832 = ORIENTED_EDGE ( 'NONE', *, *, #996, .F. ) ;
#833 = EDGE_CURVE ( 'NONE', #2059, #394, #1859, .T. ) ;
#834 = DIRECTION ( 'NONE',  ( -0.2961981327260178598, 0.4999999999999948930, 0.8137976813493790207 ) ) ;
#835 = CARTESIAN_POINT ( 'NONE',  ( 22.27066731553989598, 13.12757200431677518, -0.3562052500838545077 ) ) ;
#836 = PLANE ( 'NONE',  #1729 ) ;
#837 = FACE_OUTER_BOUND ( 'NONE', #825, .T. ) ;
#838 = DIRECTION ( 'NONE',  ( -0.1710100716628284723, -0.8660254037844415942, 0.4698463103929507167 ) ) ;
#839 = LOCAL_TIME ( 23, 1, 50.00000000000000000, #569 ) ;
#840 = VERTEX_POINT ( 'NONE', #196 ) ;
#841 = CARTESIAN_POINT ( 'NONE',  ( -16.17654558344566951, -70.70874128731108499, 19.12380485291625831 ) ) ;
#842 = CARTESIAN_POINT ( 'NONE',  ( -28.75749438782970913, -61.49200582154987416, 31.53309267260757309 ) ) ;
#843 = VERTEX_POINT ( 'NONE', #2043 ) ;
#844 = DIRECTION ( 'NONE',  ( 0.000000000000000000, 0.4768709627114698923, 0.8789733129752210772 ) ) ;
#845 = CYLINDRICAL_SURFACE ( 'NONE', #478, 3.599999999999999201 ) ;
#846 = DIRECTION ( 'NONE',  ( 0.000000000000000000, 0.4768709627114690597, 0.8789733129752214102 ) ) ;
#847 = CARTESIAN_POINT ( 'NONE',  ( -15.43015698897879773, 6.000000000000005329, -5.083465892189162005 ) ) ;
#848 = LINE ( 'NONE', #519, #1184 ) ;
#849 = ORIENTED_EDGE ( 'NONE', *, *, #1934, .F. ) ;
#850 = DIRECTION ( 'NONE',  ( 0.2515460552138168993, 0.9678453296402104167, 0.000000000000000000 ) ) ;
#851 = LINE ( 'NONE', #662, #501 ) ;
#852 = CARTESIAN_POINT ( 'NONE',  ( -24.50842359597183773, 24.25706025102453367, 3.865185450765543429 ) ) ;
#853 = ORIENTED_EDGE ( 'NONE', *, *, #2106, .F. ) ;
#854 = ADVANCED_FACE ( 'NONE', ( #859 ), #1194, .F. ) ;
#855 = CC_DESIGN_DATE_AND_TIME_ASSIGNMENT ( #231, #1068, ( #659 ) ) ;
#856 = AXIS2_PLACEMENT_3D ( 'NONE', #38, #707, #1503 ) ;
#857 = DIRECTION ( 'NONE',  ( 0.000000000000000000, -0.8520312918379460143, 0.5234908573499263973 ) ) ;
#858 = ADVANCED_FACE ( 'NONE', ( #356 ), #207, .F. ) ;
#859 = FACE_OUTER_BOUND ( 'NONE', #1053, .T. ) ;
#860 = CARTESIAN_POINT ( 'NONE',  ( -10.95771312774301265, 0.9793158720153425367, -4.688177792274073497 ) ) ;
#861 = ORIENTED_EDGE ( 'NONE', *, *, #2065, .T. ) ;
#862 = VERTEX_POINT ( 'NONE', #1368 ) ;
#863 = CARTESIAN_POINT ( 'NONE',  ( -21.90662757892974710, 24.37984813730066946, 9.999999999999998224 ) ) ;
#864 = CARTESIAN_POINT ( 'NONE',  ( -20.90111675210988551, -0.3819002360170934418, 9.602900804745566177 ) ) ;
#865 = VERTEX_POINT ( 'NONE', #1015 ) ;
#866 = CARTESIAN_POINT ( 'NONE',  ( 16.00115023764066891, 9.820508075689090788, -18.64191010083960620 ) ) ;
#867 = VECTOR ( 'NONE', #2034, 1000.000000000000000 ) ;
#868 = AXIS2_PLACEMENT_3D ( 'NONE', #917, #1583, #78 ) ;
#869 = DIRECTION ( 'NONE',  ( 1.000000000000000000, 0.000000000000000000, -0.000000000000000000 ) ) ;
#870 = CARTESIAN_POINT ( 'NONE',  ( 8.099110661395206634, -3.971928838340756496, -1.397943286238772842 ) ) ;
#871 = ORIENTED_EDGE ( 'NONE', *, *, #35, .T. ) ;
#872 = CIRCLE ( 'NONE', #591, 9.000000000000007105 ) ;
#873 = VERTEX_POINT ( 'NONE', #542 ) ;
#874 = DIRECTION ( 'NONE',  ( 0.8660254037844400399, -0.4999999999999973910, -0.000000000000000000 ) ) ;
#875 = EDGE_CURVE ( 'NONE', #900, #1350, #116, .T. ) ;
#876 = CARTESIAN_POINT ( 'NONE',  ( 8.660254037844399733, -14.99999999999999467, 15.00000000000000711 ) ) ;
#877 = ORIENTED_EDGE ( 'NONE', *, *, #535, .F. ) ;
#878 = EDGE_CURVE ( 'NONE', #1571, #1746, #2019, .T. ) ;
#879 = EDGE_CURVE ( 'NONE', #545, #1147, #1180, .T. ) ;
#880 = DIRECTION ( 'NONE',  ( 0.3420201433256626622, 0.000000000000000000, -0.9396926207859105373 ) ) ;
#881 = DIRECTION ( 'NONE',  ( 0.3420201433256618850, 0.000000000000000000, -0.9396926207859108704 ) ) ;
#882 =( BOUNDED_CURVE ( )  B_SPLINE_CURVE ( 3, ( #385, #43, #33, #1080 ),
 .UNSPECIFIED., .F., .T. ) 
 B_SPLINE_CURVE_WITH_KNOTS ( ( 4, 4 ),
 ( 5.977835752540840986, 7.084345130897565568 ),
 .UNSPECIFIED. ) 
 CURVE ( )  GEOMETRIC_REPRESENTATION_ITEM ( )  RATIONAL_B_SPLINE_CURVE ( ( 1.000000000000000000, 0.9005458834682862346, 0.9005458834682862346, 1.000000000000000000 ) ) 
 REPRESENTATION_ITEM ( '' )  );
#883 = CARTESIAN_POINT ( 'NONE',  ( 23.78422007228907020, 0.8045224163958102359, 15.14744902163612750 ) ) ;
#884 = CARTESIAN_POINT ( 'NONE',  ( 8.430334575627778548, -3.398232190208092085, -0.3733539088433247000 ) ) ;
#885 = VERTEX_POINT ( 'NONE', #186 ) ;
#886 = ORIENTED_EDGE ( 'NONE', *, *, #899, .T. ) ;
#887 = VERTEX_POINT ( 'NONE', #1684 ) ;
#888 = VECTOR ( 'NONE', #258, 1000.000000000000114 ) ;
#889 = VECTOR ( 'NONE', #2123, 1000.000000000000114 ) ;
#890 = DIRECTION ( 'NONE',  ( 1.000000000000000000, -2.503857664561935334E-16, 0.000000000000000000 ) ) ;
#891 = ORIENTED_EDGE ( 'NONE', *, *, #1253, .T. ) ;
#892 = DIRECTION ( 'NONE',  ( 0.9396926207859107594, 9.602933527728751304E-16, 0.3420201433256622736 ) ) ;
#893 = CARTESIAN_POINT ( 'NONE',  ( -14.79571667866925111, 11.52543838553851252, -16.07600585297910101 ) ) ;
#894 = AXIS2_PLACEMENT_3D ( 'NONE', #1796, #113, #293 ) ;
#895 = DIRECTION ( 'NONE',  ( 0.9618967477123857579, -0.2499999999999971134, -0.1107007079486696938 ) ) ;
#896 = LINE ( 'NONE', #1098, #692 ) ;
#897 = ORIENTED_EDGE ( 'NONE', *, *, #1070, .F. ) ;
#898 = ORIENTED_EDGE ( 'NONE', *, *, #1111, .F. ) ;
#899 = EDGE_CURVE ( 'NONE', #1487, #1763, #296, .T. ) ;
#900 = VERTEX_POINT ( 'NONE', #25 ) ;
#901 = DIRECTION ( 'NONE',  ( -0.000000000000000000, -0.000000000000000000, -1.000000000000000000 ) ) ;
#902 = VECTOR ( 'NONE', #1653, 1000.000000000000227 ) ;
#903 = ORIENTED_EDGE ( 'NONE', *, *, #603, .F. ) ;
#904 = EDGE_CURVE ( 'NONE', #1775, #1170, #1003, .T. ) ;
#905 = CARTESIAN_POINT ( 'NONE',  ( 10.00620592841332268, -0.2237205583708663237, -20.18231384232128178 ) ) ;
#906 = CARTESIAN_POINT ( 'NONE',  ( -27.27949245878831874, -60.20874128731119868, 34.43636736489710870 ) ) ;
#907 = CARTESIAN_POINT ( 'NONE',  ( 20.92050807568877602, 0.1273780602912913673, 0.1633408408494698705 ) ) ;
#908 = DIRECTION ( 'NONE',  ( 0.000000000000000000, 0.000000000000000000, 1.000000000000000000 ) ) ;
#909 = DIRECTION ( 'NONE',  ( 0.9618967477123856469, -0.2499999999999970857, -0.1107007079486696799 ) ) ;
#910 = FACE_OUTER_BOUND ( 'NONE', #1464, .T. ) ;
#911 = CIRCLE ( 'NONE', #133, 3.599999999999999201 ) ;
#912 = VECTOR ( 'NONE', #336, 1000.000000000000114 ) ;
#913 = VERTEX_POINT ( 'NONE', #1204 ) ;
#914 = CARTESIAN_POINT ( 'NONE',  ( -20.33552836334461844, -1.969556220717118000, 8.509851683315380555 ) ) ;
#915 = VECTOR ( 'NONE', #311, 1000.000000000000000 ) ;
#916 = EDGE_LOOP ( 'NONE', ( #1942, #1587 ) ) ;
#917 = CARTESIAN_POINT ( 'NONE',  ( 24.12499648273590935, 23.92857321350616573, 9.999999999999998224 ) ) ;
#918 = CARTESIAN_POINT ( 'NONE',  ( -15.72572950091529620, 10.65788339097022153, -15.24155811204245659 ) ) ;
#919 = CARTESIAN_POINT ( 'NONE',  ( 21.17415698928553880, 20.32050807568898065, 2.594615065661599385 ) ) ;
#920 = LINE ( 'NONE', #425, #888 ) ;
#921 = VECTOR ( 'NONE', #1971, 1000.000000000000227 ) ;
#922 = VERTEX_POINT ( 'NONE', #1553 ) ;
#923 = CARTESIAN_POINT ( 'NONE',  ( 4.658891513867994050, 5.490381056766874046, -20.10971023444919936 ) ) ;
#924 = B_SPLINE_CURVE_WITH_KNOTS ( 'NONE', 3,
 ( #118, #153, #780, #2163, #978, #1483, #1451, #1292, #1141, #1798, #1963, #954, #1808, #801, #789, #1634, #297, #1622, #1155, #1647, #1822, #105, #1461, #1472, #2136, #1322 ),
 .UNSPECIFIED., .F., .F.,
 ( 4, 2, 2, 2, 2, 2, 2, 2, 2, 2, 2, 2, 4 ),
 ( 0.004744155909255654176, 0.005040429008368323312, 0.005336702107480992448, 0.005929248305706328118, 0.006225521404819000723, 0.006521794503931673329, 0.006818067603044345934, 0.007114340702157018539, 0.007706886900382360281, 0.008003159999495031152, 0.008299433098607700288, 0.008891979296833042029, 0.009484525495058383771 ),
 .UNSPECIFIED. ) ;
#925 = EDGE_LOOP ( 'NONE', ( #1338, #576, #724, #447 ) ) ;
#926 = CARTESIAN_POINT ( 'NONE',  ( -20.71593688328908911, 5.999999999999998224, -3.853564460026885019 ) ) ;
#927 = EDGE_CURVE ( 'NONE', #1558, #179, #1193, .T. ) ;
#928 = PRODUCT_DEFINITION ( 'UNKNOWN', '', #1579, #121 ) ;
#929 = CARTESIAN_POINT ( 'NONE',  ( -15.43015698897879773, 6.000000000000005329, -5.083465892189162005 ) ) ;
#930 = EDGE_CURVE ( 'NONE', #432, #500, #365, .T. ) ;
#931 = CARTESIAN_POINT ( 'NONE',  ( 9.357354617797547292, 5.490381056766871382, -18.39960951782088117 ) ) ;
#932 = FACE_BOUND ( 'NONE', #1814, .T. ) ;
#933 = ADVANCED_FACE ( 'NONE', ( #721 ), #1036, .T. ) ;
#934 = FACE_BOUND ( 'NONE', #386, .T. ) ;
#935 = VERTEX_POINT ( 'NONE', #1538 ) ;
#936 = LINE ( 'NONE', #613, #1437 ) ;
#937 = DIRECTION ( 'NONE',  ( 0.3420201433256618850, 0.000000000000000000, -0.9396926207859108704 ) ) ;
#938 = DIRECTION ( 'NONE',  ( -0.9396926207859112035, -2.192609680355134287E-16, -0.3420201433256608858 ) ) ;
#939 = ORIENTED_EDGE ( 'NONE', *, *, #1677, .F. ) ;
#940 = LINE ( 'NONE', #2112, #1113 ) ;
#941 = ORIENTED_EDGE ( 'NONE', *, *, #668, .F. ) ;
#942 = CARTESIAN_POINT ( 'NONE',  ( 24.61248518820429965, 11.49038105676680388, -1.787936249066053307 ) ) ;
#943 = DIRECTION ( 'NONE',  ( 0.000000000000000000, -1.000000000000000000, 0.000000000000000000 ) ) ;
#944 = CARTESIAN_POINT ( 'NONE',  ( -17.51543232994954380, 6.000000000000005329, 23.95614857562415168 ) ) ;
#945 = CARTESIAN_POINT ( 'NONE',  ( -19.40467461984244935, -2.935344922872018980, 10.20056636353319135 ) ) ;
#946 = EDGE_LOOP ( 'NONE', ( #368, #1504 ) ) ;
#947 = CIRCLE ( 'NONE', #2, 3.599999999999999201 ) ;
#948 = EDGE_LOOP ( 'NONE', ( #2113, #2082, #2050, #810 ) ) ;
#949 = CARTESIAN_POINT ( 'NONE',  ( 24.72853458199776711, 14.32050807568904816, -7.170957110530933321 ) ) ;
#950 = VERTEX_POINT ( 'NONE', #1514 ) ;
#951 = CARTESIAN_POINT ( 'NONE',  ( -14.99335935865442160, 12.51220558472162203, -16.45204116845912168 ) ) ;
#952 = DIRECTION ( 'NONE',  ( -0.6656986149863669544, -0.2499999999999969746, -0.7030969734007069816 ) ) ;
#953 = AXIS2_PLACEMENT_3D ( 'NONE', #1926, #616, #1086 ) ;
#954 = CARTESIAN_POINT ( 'NONE',  ( 20.16702146367122594, -2.205849433442745422, 8.577893188374114075 ) ) ;
#955 = FACE_OUTER_BOUND ( 'NONE', #1911, .T. ) ;
#956 = ORIENTED_EDGE ( 'NONE', *, *, #1417, .T. ) ;
#957 = CARTESIAN_POINT ( 'NONE',  ( 19.71604860818976945, -2.688219332018863206, 10.99087473454348007 ) ) ;
#958 = UNCERTAINTY_MEASURE_WITH_UNIT (LENGTH_MEASURE( 1.000000000000000082E-05 ), #2159, 'distance_accuracy_value', 'NONE');
#959 = AXIS2_PLACEMENT_3D ( 'NONE', #942, #895, #1308 ) ;
#960 = ORIENTED_EDGE ( 'NONE', *, *, #1805, .T. ) ;
#961 = AXIS2_PLACEMENT_3D ( 'NONE', #1249, #1271, #224 ) ;
#962 = CARTESIAN_POINT ( 'NONE',  ( -35.26787583862471820, -63.20874128731116315, 25.99920368408862359 ) ) ;
#963 = ORIENTED_EDGE ( 'NONE', *, *, #466, .T. ) ;
#964 = EDGE_CURVE ( 'NONE', #1540, #1711, #1392, .T. ) ;
#965 = FACE_OUTER_BOUND ( 'NONE', #544, .T. ) ;
#966 = DIRECTION ( 'NONE',  ( -1.000000000000000000, -2.503857664561935334E-16, 0.000000000000000000 ) ) ;
#967 = PLANE ( 'NONE',  #1376 ) ;
#968 = CARTESIAN_POINT ( 'NONE',  ( 20.61699083924708020, -1.450069112527009985, 11.45113842485847933 ) ) ;
#969 = ADVANCED_FACE ( 'NONE', ( #837 ), #683, .F. ) ;
#970 = ORIENTED_EDGE ( 'NONE', *, *, #1765, .F. ) ;
#971 = AXIS2_PLACEMENT_3D ( 'NONE', #1539, #1195, #1370 ) ;
#972 = FACE_OUTER_BOUND ( 'NONE', #1438, .T. ) ;
#973 = ORIENTED_EDGE ( 'NONE', *, *, #1354, .T. ) ;
#974 = AXIS2_PLACEMENT_3D ( 'NONE', #778, #1449, #2115 ) ;
#975 = LINE ( 'NONE', #1162, #1624 ) ;
#976 = DATE_TIME_ROLE ( 'creation_date' ) ;
#977 = VECTOR ( 'NONE', #2162, 1000.000000000000114 ) ;
#978 = CARTESIAN_POINT ( 'NONE',  ( 19.47378376242282982, -2.885322422630165473, 9.512946772764232506 ) ) ;
#979 = DIRECTION ( 'NONE',  ( -0.000000000000000000, -0.000000000000000000, -1.000000000000000000 ) ) ;
#980 = ORIENTED_EDGE ( 'NONE', *, *, #1042, .F. ) ;
#981 = LINE ( 'NONE', #135, #1287 ) ;
#982 = ORIENTED_EDGE ( 'NONE', *, *, #393, .T. ) ;
#983 = PLANE ( 'NONE',  #1535 ) ;
#984 = VECTOR ( 'NONE', #470, 1000.000000000000114 ) ;
#985 = COORDINATED_UNIVERSAL_TIME_OFFSET ( 7, 0, .BEHIND. ) ;
#986 = ORIENTED_EDGE ( 'NONE', *, *, #799, .F. ) ;
#987 = CARTESIAN_POINT ( 'NONE',  ( -20.78460969082652454, 5.999999999999998224, 15.00000000000000000 ) ) ;
#988 = LINE ( 'NONE', #944, #1202 ) ;
#989 = ADVANCED_FACE ( 'NONE', ( #1355, #1620, #612 ), #235, .T. ) ;
#990 = CARTESIAN_POINT ( 'NONE',  ( 21.84015515480655978, 12.31129648028673884, -2.975405522429170890 ) ) ;
#991 = EDGE_CURVE ( 'NONE', #1136, #1103, #1952, .T. ) ;
#992 = EDGE_CURVE ( 'NONE', #1746, #716, #439, .T. ) ;
#993 = ORIENTED_EDGE ( 'NONE', *, *, #1090, .T. ) ;
#994 = DIRECTION ( 'NONE',  ( 0.000000000000000000, 0.4768709627114705030, 0.8789733129752206331 ) ) ;
#995 = EDGE_LOOP ( 'NONE', ( #639, #1358 ) ) ;
#996 = EDGE_CURVE ( 'NONE', #843, #885, #404, .T. ) ;
#997 = DIRECTION ( 'NONE',  ( 0.1710100716628294992, 0.8660254037844415942, -0.4698463103929505502 ) ) ;
#998 = COORDINATED_UNIVERSAL_TIME_OFFSET ( 7, 0, .BEHIND. ) ;
#999 = ORIENTED_EDGE ( 'NONE', *, *, #1291, .T. ) ;
#1000 = DIRECTION ( 'NONE',  ( 0.9396926207859107594, 3.686287386450715076E-16, 0.3420201433256625512 ) ) ;
#1001 = DIRECTION ( 'NONE',  ( 0.1710100716628294992, 0.8660254037844415942, -0.4698463103929505502 ) ) ;
#1002 = CARTESIAN_POINT ( 'NONE',  ( 8.660254037844399733, -14.99999999999999467, -24.56587275535997250 ) ) ;
#1003 = LINE ( 'NONE', #165, #1520 ) ;
#1004 = CARTESIAN_POINT ( 'NONE',  ( -13.85640646055104064, 5.999999999999998224, -5.466106916696203299 ) ) ;
#1005 = ORIENTED_EDGE ( 'NONE', *, *, #1699, .T. ) ;
#1006 = CARTESIAN_POINT ( 'NONE',  ( 21.02964165813986241, 5.575592183134734370, 3.025409401818199839 ) ) ;
#1007 = CYLINDRICAL_SURFACE ( 'NONE', #1641, 3.499999999999998668 ) ;
#1008 = DATE_AND_TIME ( #1819, #740 ) ;
#1009 = VECTOR ( 'NONE', #1460, 1000.000000000000000 ) ;
#1010 = ORIENTED_EDGE ( 'NONE', *, *, #776, .F. ) ;
#1011 = DIRECTION ( 'NONE',  ( -0.7261554316666068987, 0.000000000000000000, 0.6875305731828103006 ) ) ;
#1012 = CARTESIAN_POINT ( 'NONE',  ( 20.78460969082652454, 5.999999999999998224, 3.766364750562412045 ) ) ;
#1013 = CARTESIAN_POINT ( 'NONE',  ( 22.51523807704074898, 13.58529661354847740, -1.503148687208306855 ) ) ;
#1014 = AXIS2_PLACEMENT_3D ( 'NONE', #681, #1165, #1868 ) ;
#1015 = CARTESIAN_POINT ( 'NONE',  ( 13.72050807568878028, -5.204170427930421283E-15, 15.00000000000000000 ) ) ;
#1016 = CARTESIAN_POINT ( 'NONE',  ( -14.36227673778591551, 6.000000000000006217, -5.213054847252788448 ) ) ;
#1017 = CC_DESIGN_SECURITY_CLASSIFICATION ( #659, ( #1579 ) ) ;
#1018 = ORIENTED_EDGE ( 'NONE', *, *, #1064, .F. ) ;
#1019 = DIRECTION ( 'NONE',  ( 1.000000000000000000, -2.503857664561933855E-16, 0.000000000000000000 ) ) ;
#1020 = CC_DESIGN_PERSON_AND_ORGANIZATION_ASSIGNMENT ( #1508, #8, ( #1579 ) ) ;
#1021 = EDGE_CURVE ( 'NONE', #2052, #1170, #72, .T. ) ;
#1022 = CARTESIAN_POINT ( 'NONE',  ( -17.88813171548449787, 20.32050807568899486, -11.62289530518726188 ) ) ;
#1023 =( NAMED_UNIT ( * ) PLANE_ANGLE_UNIT ( ) SI_UNIT ( $, .RADIAN. ) );
#1024 = ORIENTED_EDGE ( 'NONE', *, *, #603, .T. ) ;
#1025 = FACE_OUTER_BOUND ( 'NONE', #2104, .T. ) ;
#1026 = CARTESIAN_POINT ( 'NONE',  ( 22.19367398536355651, 12.80686210310629924, -0.1341493673324070657 ) ) ;
#1027 = DIRECTION ( 'NONE',  ( 2.503857664561935334E-16, 1.000000000000000000, -0.000000000000000000 ) ) ;
#1028 = CARTESIAN_POINT ( 'NONE',  ( -19.36613364452589181, 17.32050807568902684, -17.69047392418760722 ) ) ;
#1029 = ORIENTED_EDGE ( 'NONE', *, *, #1402, .T. ) ;
#1030 = VERTEX_POINT ( 'NONE', #103 ) ;
#1031 = CARTESIAN_POINT ( 'NONE',  ( 20.78460969082652454, 5.999999999999998224, 15.00000000000000000 ) ) ;
#1032 = CARTESIAN_POINT ( 'NONE',  ( -20.65406714432801749, -1.362336819093666884, 8.577788924325442821 ) ) ;
#1033 = VERTEX_POINT ( 'NONE', #1122 ) ;
#1034 = FACE_OUTER_BOUND ( 'NONE', #2156, .T. ) ;
#1035 = DIRECTION ( 'NONE',  ( 0.1710100716628294992, 0.8660254037844415942, -0.4698463103929505502 ) ) ;
#1036 = PLANE ( 'NONE',  #2116 ) ;
#1037 = CARTESIAN_POINT ( 'NONE',  ( 8.430334575627778548, -3.398232190208092085, -0.3733539088433247000 ) ) ;
#1038 = ADVANCED_FACE ( 'NONE', ( #965 ), #1132, .F. ) ;
#1039 = ORIENTED_EDGE ( 'NONE', *, *, #1588, .F. ) ;
#1040 = ORIENTED_EDGE ( 'NONE', *, *, #1312, .T. ) ;
#1041 = LINE ( 'NONE', #1687, #2120 ) ;
#1042 = EDGE_CURVE ( 'NONE', #1350, #900, #1734, .T. ) ;
#1043 = EDGE_CURVE ( 'NONE', #2024, #1305, #1785, .T. ) ;
#1044 = CYLINDRICAL_SURFACE ( 'NONE', #1366, 3.599999999999997424 ) ;
#1045 = ORIENTED_EDGE ( 'NONE', *, *, #608, .T. ) ;
#1046 = DIRECTION ( 'NONE',  ( -0.000000000000000000, -0.000000000000000000, -1.000000000000000000 ) ) ;
#1047 = CARTESIAN_POINT ( 'NONE',  ( 20.92050807568877957, -4.763297580237374119E-15, 0.2416023444212697657 ) ) ;
#1048 = VECTOR ( 'NONE', #255, 1000.000000000000114 ) ;
#1049 = DIRECTION ( 'NONE',  ( 0.07837935813198620982, -0.1357570305492369345, 0.9876369296838142242 ) ) ;
#1050 = CARTESIAN_POINT ( 'NONE',  ( 6.732278442950132558, 1.990381056766909573, -25.80629400389485184 ) ) ;
#1051 = ORIENTED_EDGE ( 'NONE', *, *, #1252, .F. ) ;
#1052 = ORIENTED_EDGE ( 'NONE', *, *, #1882, .F. ) ;
#1053 = EDGE_LOOP ( 'NONE', ( #1329, #939, #1240, #51 ) ) ;
#1054 = CARTESIAN_POINT ( 'NONE',  ( -20.74741532603004046, -1.105982702858207656, 8.700591765686519707 ) ) ;
#1055 = ORIENTED_EDGE ( 'NONE', *, *, #263, .F. ) ;
#1056 = CARTESIAN_POINT ( 'NONE',  ( 3.794412866145308705, -61.53969291782101436, 43.29312065035076529 ) ) ;
#1057 = DIRECTION ( 'NONE',  ( 0.1710100716628294992, 0.8660254037844415942, -0.4698463103929505502 ) ) ;
#1058 = CARTESIAN_POINT ( 'NONE',  ( -15.97206649799122147, 10.64551057903642750, -15.07472865174410259 ) ) ;
#1059 = CARTESIAN_POINT ( 'NONE',  ( -16.06590953027022550, 13.49877361395424025, -16.02678597679573969 ) ) ;
#1060 = DIRECTION ( 'NONE',  ( -0.8660254037844385966, -0.5000000000000001110, 0.000000000000000000 ) ) ;
#1061 = ORIENTED_EDGE ( 'NONE', *, *, #1312, .F. ) ;
#1062 = ADVANCED_FACE ( 'NONE', ( #744 ), #1288, .F. ) ;
#1063 = ORIENTED_EDGE ( 'NONE', *, *, #346, .F. ) ;
#1064 = EDGE_CURVE ( 'NONE', #922, #750, #1564, .T. ) ;
#1065 = ORIENTED_EDGE ( 'NONE', *, *, #1743, .T. ) ;
#1066 = CIRCLE ( 'NONE', #108, 3.599999999999999201 ) ;
#1067 = DIRECTION ( 'NONE',  ( 0.9396926207859098712, 1.502314598737163962E-15, 0.3420201433256645496 ) ) ;
#1068 = DATE_TIME_ROLE ( 'classification_date' ) ;
#1069 = ORIENTED_EDGE ( 'NONE', *, *, #2126, .F. ) ;
#1070 = EDGE_CURVE ( 'NONE', #520, #1188, #162, .T. ) ;
#1071 = DIRECTION ( 'NONE',  ( 0.000000000000000000, 0.000000000000000000, 1.000000000000000000 ) ) ;
#1072 = CARTESIAN_POINT ( 'NONE',  ( -20.78460969082652454, 5.999999999999998224, 15.00000000000000000 ) ) ;
#1073 = CIRCLE ( 'NONE', #1912, 3.599999999999999201 ) ;
#1074 = CARTESIAN_POINT ( 'NONE',  ( 7.794228634059964023, -4.500000000000005329, 15.00000000000000000 ) ) ;
#1075 = VECTOR ( 'NONE', #1049, 1000.000000000000114 ) ;
#1076 = CARTESIAN_POINT ( 'NONE',  ( 5.272414795186711522, -60.20874128731119868, 46.28429267393782709 ) ) ;
#1077 = DIRECTION ( 'NONE',  ( 0.9396926207859107594, 1.378485619302998044E-15, 0.3420201433256619961 ) ) ;
#1078 = VERTEX_POINT ( 'NONE', #1609 ) ;
#1079 = ORIENTED_EDGE ( 'NONE', *, *, #1387, .T. ) ;
#1080 = CARTESIAN_POINT ( 'NONE',  ( 20.78460969082652454, 5.999999999999998224, 0.8857272221943924828 ) ) ;
#1081 = ORIENTED_EDGE ( 'NONE', *, *, #97, .T. ) ;
#1082 = CARTESIAN_POINT ( 'NONE',  ( -20.78460969082652099, -6.000000000000000000, 15.00000000000000000 ) ) ;
#1083 = CARTESIAN_POINT ( 'NONE',  ( 21.98938676518550750, 5.999999999999998224, 11.68990219272204989 ) ) ;
#1084 = VECTOR ( 'NONE', #745, 999.9999999999998863 ) ;
#1085 = DIRECTION ( 'NONE',  ( 0.2961981327260181374, -0.4999999999999948930, -0.8137976813493790207 ) ) ;
#1086 = DIRECTION ( 'NONE',  ( 0.3420201433256639945, 0.000000000000000000, -0.9396926207859100932 ) ) ;
#1087 = VECTOR ( 'NONE', #1281, 1000.000000000000000 ) ;
#1088 = VECTOR ( 'NONE', #1067, 1000.000000000000000 ) ;
#1089 = ORIENTED_EDGE ( 'NONE', *, *, #192, .T. ) ;
#1090 = EDGE_CURVE ( 'NONE', #1614, #2152, #1726, .T. ) ;
#1091 = ADVANCED_FACE ( 'NONE', ( #475 ), #1979, .F. ) ;
#1092 = CARTESIAN_POINT ( 'NONE',  ( 10.78574089325381635, 0.6814512243889223608, 10.87984262350432907 ) ) ;
#1093 = VECTOR ( 'NONE', #1670, 1000.000000000000227 ) ;
#1094 = EDGE_LOOP ( 'NONE', ( #1900, #1689, #963, #736 ) ) ;
#1095 = EDGE_CURVE ( 'NONE', #179, #1399, #181, .T. ) ;
#1096 = CARTESIAN_POINT ( 'NONE',  ( 3.290810940565368714, -1.437822173508661594, -16.35093975130558874 ) ) ;
#1097 = LINE ( 'NONE', #584, #10 ) ;
#1098 = CARTESIAN_POINT ( 'NONE',  ( 9.357354617797547292, 5.490381056766877599, -18.39960951782088827 ) ) ;
#1099 = DIRECTION ( 'NONE',  ( -1.000000000000000000, 0.000000000000000000, 0.000000000000000000 ) ) ;
#1100 = AXIS2_PLACEMENT_3D ( 'NONE', #452, #1983, #480 ) ;
#1101 =( BOUNDED_CURVE ( )  B_SPLINE_CURVE ( 3, ( #492, #2171, #174, #1845 ),
 .UNSPECIFIED., .F., .F. ) 
 B_SPLINE_CURVE_WITH_KNOTS ( ( 4, 4 ),
 ( 0.1643501014900768942, 0.3672559337272485736 ),
 .UNSPECIFIED. ) 
 CURVE ( )  GEOMETRIC_REPRESENTATION_ITEM ( )  RATIONAL_B_SPLINE_CURVE ( ( 1.000000000000000000, 0.9965720436929440540, 0.9965720436929440540, 1.000000000000000000 ) ) 
 REPRESENTATION_ITEM ( '' )  );
#1102 = DIRECTION ( 'NONE',  ( 0.000000000000000000, 0.000000000000000000, 1.000000000000000000 ) ) ;
#1103 = VERTEX_POINT ( 'NONE', #1818 ) ;
#1104 = DIRECTION ( 'NONE',  ( 0.000000000000000000, 0.4768709627114695593, 0.8789733129752211882 ) ) ;
#1105 = CARTESIAN_POINT ( 'NONE',  ( -14.87605747369498133, 11.27760687417795182, -15.93042185380201836 ) ) ;
#1106 = DIRECTION ( 'NONE',  ( 0.5000000000000001110, -0.8660254037844385966, 0.000000000000000000 ) ) ;
#1107 = CARTESIAN_POINT ( 'NONE',  ( -20.81400660690925974, -0.8721694854078355652, 11.12986030682418104 ) ) ;
#1108 = EDGE_CURVE ( 'NONE', #1754, #27, #227, .T. ) ;
#1109 = EDGE_LOOP ( 'NONE', ( #522, #44, #1197, #1997, #1618 ) ) ;
#1110 = CARTESIAN_POINT ( 'NONE',  ( 17.32050807568878170, -5.204170427930421283E-15, 15.00000000000000000 ) ) ;
#1111 = EDGE_CURVE ( 'NONE', #1501, #1399, #1073, .T. ) ;
#1112 = ORIENTED_EDGE ( 'NONE', *, *, #81, .T. ) ;
#1113 = VECTOR ( 'NONE', #1950, 1000.000000000000000 ) ;
#1114 = CARTESIAN_POINT ( 'NONE',  ( -15.35314985214256644, 12.98503153027381529, -16.44832468624875688 ) ) ;
#1115 = CARTESIAN_POINT ( 'NONE',  ( 3.420201433256626178, 17.32050807568901618, -9.396926207859110036 ) ) ;
#1116 = CARTESIAN_POINT ( 'NONE',  ( 24.87499648273590580, 22.62953510782950417, 9.999999999999998224 ) ) ;
#1117 = CARTESIAN_POINT ( 'NONE',  ( -13.85640646055101755, 6.000000000000000000, 15.00000000000000000 ) ) ;
#1118 = ORIENTED_EDGE ( 'NONE', *, *, #1882, .T. ) ;
#1119 = CARTESIAN_POINT ( 'NONE',  ( -3.824470031430725836, -65.45874128731114183, 33.29644502887908430 ) ) ;
#1120 = ORIENTED_EDGE ( 'NONE', *, *, #1865, .F. ) ;
#1121 =( BOUNDED_CURVE ( )  B_SPLINE_CURVE ( 3, ( #1239, #1905, #761, #594 ),
 .UNSPECIFIED., .F., .F. ) 
 B_SPLINE_CURVE_WITH_KNOTS ( ( 4, 4 ),
 ( 0.05467624743267703036, 0.3053495546387461346 ),
 .UNSPECIFIED. ) 
 CURVE ( )  GEOMETRIC_REPRESENTATION_ITEM ( )  RATIONAL_B_SPLINE_CURVE ( ( 1.000000000000000000, 0.9947704258708253144, 0.9947704258708253144, 1.000000000000000000 ) ) 
 REPRESENTATION_ITEM ( '' )  );
#1122 = CARTESIAN_POINT ( 'NONE',  ( -8.660254037844385522, -14.99999999999999467, 15.00000000000000000 ) ) ;
#1123 = CARTESIAN_POINT ( 'NONE',  ( -20.37010858333005459, 6.717936977977442936, -2.469952057347821750 ) ) ;
#1124 = CARTESIAN_POINT ( 'NONE',  ( -13.85640646055101932, -5.999999999999998224, 15.00000000000000000 ) ) ;
#1125 = CARTESIAN_POINT ( 'NONE',  ( 13.85640646055101755, 6.000000000000000000, 8.729739445961858024 ) ) ;
#1126 = ORIENTED_EDGE ( 'NONE', *, *, #11, .F. ) ;
#1127 = CARTESIAN_POINT ( 'NONE',  ( 19.40467461984245645, -2.935344922872022977, 10.19759835174226659 ) ) ;
#1128 = EDGE_CURVE ( 'NONE', #1396, #1711, #851, .T. ) ;
#1129 = ORIENTED_EDGE ( 'NONE', *, *, #1633, .F. ) ;
#1130 = LINE ( 'NONE', #1119, #129 ) ;
#1131 = VERTEX_POINT ( 'NONE', #6 ) ;
#1132 = PLANE ( 'NONE',  #221 ) ;
#1133 = CARTESIAN_POINT ( 'NONE',  ( 3.290810940565366050, -1.437822173508662260, -16.35093975130558874 ) ) ;
#1134 = CARTESIAN_POINT ( 'NONE',  ( -2.571086101620679631, 15.07050807568904105, -15.72479896846548009 ) ) ;
#1135 = CARTESIAN_POINT ( 'NONE',  ( 20.16710590385439517, -2.205778428910760258, 11.42221107567455718 ) ) ;
#1136 = VERTEX_POINT ( 'NONE', #1521 ) ;
#1137 = CARTESIAN_POINT ( 'NONE',  ( 20.78460969082652454, 5.999999999999998224, 3.766364750562412045 ) ) ;
#1138 = ORIENTED_EDGE ( 'NONE', *, *, #878, .F. ) ;
#1139 = DIRECTION ( 'NONE',  ( 0.000000000000000000, 0.4768709627114705030, 0.8789733129752206331 ) ) ;
#1140 = CYLINDRICAL_SURFACE ( 'NONE', #622, 1.500000000000000000 ) ;
#1141 = CARTESIAN_POINT ( 'NONE',  ( 19.87793432527674398, -2.535040290651788819, 8.808747950587228814 ) ) ;
#1142 = DIRECTION ( 'NONE',  ( 0.9618967477123852028, -0.2499999999999979183, -0.1107007079486717477 ) ) ;
#1143 = CARTESIAN_POINT ( 'NONE',  ( 19.87762531589683235, -2.535358448285734312, 11.19094076623627743 ) ) ;
#1144 = VERTEX_POINT ( 'NONE', #489 ) ;
#1145 = AXIS2_PLACEMENT_3D ( 'NONE', #236, #909, #1405 ) ;
#1146 = CARTESIAN_POINT ( 'NONE',  ( 0.000000000000000000, 0.000000000000000000, 15.00000000000000000 ) ) ;
#1147 = VERTEX_POINT ( 'NONE', #1022 ) ;
#1148 = VECTOR ( 'NONE', #788, 1000.000000000000114 ) ;
#1149 = EDGE_CURVE ( 'NONE', #29, #1103, #1829, .T. ) ;
#1150 = DIRECTION ( 'NONE',  ( -0.7261554316666060105, 0.000000000000000000, 0.6875305731828112998 ) ) ;
#1151 = COORDINATED_UNIVERSAL_TIME_OFFSET ( 7, 0, .BEHIND. ) ;
#1152 = ORIENTED_EDGE ( 'NONE', *, *, #1972, .T. ) ;
#1153 = EDGE_CURVE ( 'NONE', #1103, #545, #975, .T. ) ;
#1154 = LINE ( 'NONE', #1821, #132 ) ;
#1155 = CARTESIAN_POINT ( 'NONE',  ( 20.74741836421768681, -1.105981492813343348, 8.700583300089430594 ) ) ;
#1156 = PLANE ( 'NONE',  #399 ) ;
#1157 = CARTESIAN_POINT ( 'NONE',  ( 19.66703317911198212, -2.730781590717361151, 10.91621122799422317 ) ) ;
#1158 = ADVANCED_FACE ( 'NONE', ( #1999, #1645 ), #1688, .T. ) ;
#1159 = EDGE_LOOP ( 'NONE', ( #2142, #1741, #986, #1196, #1744 ) ) ;
#1160 = DIRECTION ( 'NONE',  ( -0.000000000000000000, -0.000000000000000000, -1.000000000000000000 ) ) ;
#1161 = ORIENTED_EDGE ( 'NONE', *, *, #36, .T. ) ;
#1162 = CARTESIAN_POINT ( 'NONE',  ( -14.33375412277228556, 14.32050807568905526, -21.38846748137981280 ) ) ;
#1163 = CARTESIAN_POINT ( 'NONE',  ( 0.000000000000000000, 0.000000000000000000, 0.000000000000000000 ) ) ;
#1164 = EDGE_LOOP ( 'NONE', ( #1569, #2047, #650, #877, #509, #700 ) ) ;
#1165 = DIRECTION ( 'NONE',  ( 0.9396926207859107594, 1.378485619302998044E-15, 0.3420201433256619961 ) ) ;
#1166 = CYLINDRICAL_SURFACE ( 'NONE', #1920, 3.599999999999997868 ) ;
#1167 = FACE_OUTER_BOUND ( 'NONE', #664, .T. ) ;
#1168 = VECTOR ( 'NONE', #563, 1000.000000000000000 ) ;
#1169 = CARTESIAN_POINT ( 'NONE',  ( 21.52845965591652444, 11.26106610901795690, -2.593237327957811811 ) ) ;
#1170 = VERTEX_POINT ( 'NONE', #675 ) ;
#1171 = PLANE ( 'NONE',  #157 ) ;
#1172 = AXIS2_PLACEMENT_3D ( 'NONE', #653, #159, #170 ) ;
#1173 = VECTOR ( 'NONE', #1378, 1000.000000000000000 ) ;
#1174 = CARTESIAN_POINT ( 'NONE',  ( -21.28081866325820215, -0.2237205583708990753, -33.96425950051495590 ) ) ;
#1175 = PERSON_AND_ORGANIZATION ( #755, #1781 ) ;
#1176 = EDGE_LOOP ( 'NONE', ( #596, #1420, #2036, #1517 ) ) ;
#1177 = CARTESIAN_POINT ( 'NONE',  ( -28.64184892813333150, -6.000000000000001776, -0.6160755262503946339 ) ) ;
#1178 = CARTESIAN_POINT ( 'NONE',  ( 22.24947083383130675, 13.05456627562779559, -0.2927388789321525575 ) ) ;
#1179 = AXIS2_PLACEMENT_3D ( 'NONE', #2094, #1774, #589 ) ;
#1180 = LINE ( 'NONE', #1691, #680 ) ;
#1181 = DIRECTION ( 'NONE',  ( -0.8660254037844385966, -0.5000000000000003331, 0.000000000000000000 ) ) ;
#1182 = ORIENTED_EDGE ( 'NONE', *, *, #428, .F. ) ;
#1183 = CARTESIAN_POINT ( 'NONE',  ( -12.85575219373088096, 15.60377260992773785, -18.48519278909025232 ) ) ;
#1184 = VECTOR ( 'NONE', #15, 1000.000000000000227 ) ;
#1185 = DIRECTION ( 'NONE',  ( 0.1710100716628294992, 0.8660254037844415942, -0.4698463103929505502 ) ) ;
#1186 = DATE_AND_TIME ( #305, #769 ) ;
#1187 =( GEOMETRIC_REPRESENTATION_CONTEXT ( 3 ) GLOBAL_UNCERTAINTY_ASSIGNED_CONTEXT ( ( #958 ) ) GLOBAL_UNIT_ASSIGNED_CONTEXT ( ( #2159, #1023, #654 ) ) REPRESENTATION_CONTEXT ( 'NONE', 'WORKASPACE' ) );
#1188 = VERTEX_POINT ( 'NONE', #315 ) ;
#1189 = DIRECTION ( 'NONE',  ( -0.6656986149863669544, -0.2499999999999969746, -0.7030969734007069816 ) ) ;
#1190 = DIRECTION ( 'NONE',  ( 0.1710100716628294992, 0.8660254037844415942, -0.4698463103929505502 ) ) ;
#1191 = CARTESIAN_POINT ( 'NONE',  ( 21.76059991139927519, 10.68176062462780607, -1.503148687208281320 ) ) ;
#1192 = VECTOR ( 'NONE', #1617, 1000.000000000000000 ) ;
#1193 =( BOUNDED_CURVE ( )  B_SPLINE_CURVE ( 3, ( #695, #1880, #1869, #847 ),
 .UNSPECIFIED., .F., .T. ) 
 B_SPLINE_CURVE_WITH_KNOTS ( ( 4, 4 ),
 ( 0.3053495546387461346, 3.446942208228538806 ),
 .UNSPECIFIED. ) 
 CURVE ( )  GEOMETRIC_REPRESENTATION_ITEM ( )  RATIONAL_B_SPLINE_CURVE ( ( 1.000000000000000000, 0.3333333333333335369, 0.3333333333333335369, 1.000000000000000000 ) ) 
 REPRESENTATION_ITEM ( '' )  );
#1194 = CYLINDRICAL_SURFACE ( 'NONE', #228, 1.500000000000001110 ) ;
#1195 = DIRECTION ( 'NONE',  ( 0.05202627990274455438, 0.9883628525780092655, -0.1429410292510223668 ) ) ;
#1196 = ORIENTED_EDGE ( 'NONE', *, *, #1766, .F. ) ;
#1197 = ORIENTED_EDGE ( 'NONE', *, *, #1602, .F. ) ;
#1198 = EDGE_CURVE ( 'NONE', #329, #1910, #1841, .T. ) ;
#1199 = DIRECTION ( 'NONE',  ( 0.1710100716628294992, 0.8660254037844415942, -0.4698463103929505502 ) ) ;
#1200 = CARTESIAN_POINT ( 'NONE',  ( -20.22454614615945800, -2.129803260115525454, 8.548861575141518898 ) ) ;
#1201 = ORIENTED_EDGE ( 'NONE', *, *, #1863, .T. ) ;
#1202 = VECTOR ( 'NONE', #309, 1000.000000000000114 ) ;
#1203 = CARTESIAN_POINT ( 'NONE',  ( -22.04915956971453994, -0.2237205583708819778, -31.84951273216338308 ) ) ;
#1204 = CARTESIAN_POINT ( 'NONE',  ( 17.13116681757664850, 6.000000000000005329, 6.650690319970196995 ) ) ;
#1205 = EDGE_CURVE ( 'NONE', #1030, #1662, #114, .T. ) ;
#1206 = ADVANCED_FACE ( 'NONE', ( #1665, #1348 ), #983, .F. ) ;
#1207 = CARTESIAN_POINT ( 'NONE',  ( 7.989274044494918847, -1.437822173508657153, -14.64083903467728121 ) ) ;
#1208 = EDGE_LOOP ( 'NONE', ( #1063, #1605 ) ) ;
#1209 = ORIENTED_EDGE ( 'NONE', *, *, #307, .T. ) ;
#1210 = PLANE ( 'NONE',  #548 ) ;
#1211 = CARTESIAN_POINT ( 'NONE',  ( 14.66377553849055815, 20.32050807568897000, 0.2250300038534446823 ) ) ;
#1212 = ORIENTED_EDGE ( 'NONE', *, *, #1433, .T. ) ;
#1213 = CARTESIAN_POINT ( 'NONE',  ( 10.00620592841333156, -0.2237205583708694046, -20.18231384232128178 ) ) ;
#1214 = CARTESIAN_POINT ( 'NONE',  ( 24.61248518820429965, 11.49038105676680388, -1.787936249066053307 ) ) ;
#1215 = FACE_BOUND ( 'NONE', #916, .T. ) ;
#1216 = ORIENTED_EDGE ( 'NONE', *, *, #1676, .F. ) ;
#1217 = AXIS2_PLACEMENT_3D ( 'NONE', #1266, #1102, #271 ) ;
#1218 = VERTEX_POINT ( 'NONE', #688 ) ;
#1219 = CARTESIAN_POINT ( 'NONE',  ( -20.16631194848928743, -2.206747972826480275, 8.578310181542240898 ) ) ;
#1220 = FACE_OUTER_BOUND ( 'NONE', #1109, .T. ) ;
#1221 = DIRECTION ( 'NONE',  ( -0.9396926207859094271, -2.253471898105733912E-15, -0.3420201433256659929 ) ) ;
#1222 = EDGE_CURVE ( 'NONE', #1380, #1763, #149, .T. ) ;
#1223 = EDGE_CURVE ( 'NONE', #711, #122, #817, .T. ) ;
#1224 = CARTESIAN_POINT ( 'NONE',  ( 7.794228634059964023, -4.500000000000005329, 15.00000000000000000 ) ) ;
#1225 = DIRECTION ( 'NONE',  ( 0.4932921833250085708, -0.8544071244954953848, -0.1632522204497842411 ) ) ;
#1226 = EDGE_CURVE ( 'NONE', #1030, #1218, #499, .T. ) ;
#1227 = CARTESIAN_POINT ( 'NONE',  ( -15.43015698897879773, 6.000000000000005329, -5.083465892189162005 ) ) ;
#1228 = ORIENTED_EDGE ( 'NONE', *, *, #1909, .T. ) ;
#1229 = ORIENTED_EDGE ( 'NONE', *, *, #1935, .F. ) ;
#1230 = ADVANCED_FACE ( 'NONE', ( #1851 ), #1007, .F. ) ;
#1231 = ORIENTED_EDGE ( 'NONE', *, *, #1251, .T. ) ;
#1232 = CARTESIAN_POINT ( 'NONE',  ( -20.90467461984244579, -0.3372687115187097406, 9.802401648257738742 ) ) ;
#1233 = ORIENTED_EDGE ( 'NONE', *, *, #1865, .T. ) ;
#1234 = CARTESIAN_POINT ( 'NONE',  ( 23.26666049839538886, -1.700961894323331558, 9.999999999999998224 ) ) ;
#1235 = DIRECTION ( 'NONE',  ( 0.3420201433256618850, 0.000000000000000000, -0.9396926207859108704 ) ) ;
#1236 = CIRCLE ( 'NONE', #566, 1.500000000000000666 ) ;
#1237 = CARTESIAN_POINT ( 'NONE',  ( 12.07727216266810188, 15.07050807568903750, -10.39323257939714651 ) ) ;
#1238 = CARTESIAN_POINT ( 'NONE',  ( -16.26343746142311986, 13.55440349787601662, -15.80938829399041623 ) ) ;
#1239 = CARTESIAN_POINT ( 'NONE',  ( -13.85640646055104064, 5.999999999999998224, -13.14683270777293522 ) ) ;
#1240 = ORIENTED_EDGE ( 'NONE', *, *, #1633, .T. ) ;
#1241 = ORIENTED_EDGE ( 'NONE', *, *, #1603, .F. ) ;
#1242 = AXIS2_PLACEMENT_3D ( 'NONE', #720, #562, #80 ) ;
#1243 = DIRECTION ( 'NONE',  ( 0.4999999999999994449, -0.8660254037844389297, 0.000000000000000000 ) ) ;
#1244 = ORIENTED_EDGE ( 'NONE', *, *, #1384, .T. ) ;
#1245 = CARTESIAN_POINT ( 'NONE',  ( 10.68566879421213223, 6.000000000000007994, -1.313146461724376435 ) ) ;
#1246 = AXIS2_PLACEMENT_3D ( 'NONE', #1448, #1404, #1301 ) ;
#1247 = CARTESIAN_POINT ( 'NONE',  ( 20.91375392845050740, 0.2545769271834820713, 0.08273112574503117822 ) ) ;
#1248 = AXIS2_PLACEMENT_3D ( 'NONE', #14, #1027, #1714 ) ;
#1249 = CARTESIAN_POINT ( 'NONE',  ( -17.70499424196326643, 11.49038105676683941, -17.19023915081895737 ) ) ;
#1250 = CARTESIAN_POINT ( 'NONE',  ( -20.33942865637939690, -1.971099863151154263, 11.50002843150743637 ) ) ;
#1251 = EDGE_CURVE ( 'NONE', #1033, #487, #547, .T. ) ;
#1252 = EDGE_CURVE ( 'NONE', #172, #394, #872, .T. ) ;
#1253 = EDGE_CURVE ( 'NONE', #1906, #1297, #1398, .T. ) ;
#1254 = EDGE_LOOP ( 'NONE', ( #982, #611, #1051, #1005, #999, #2131, #1697, #1201, #1089, #1228, #134, #526, #457, #1528 ) ) ;
#1255 = DIRECTION ( 'NONE',  ( -1.000000000000000000, 0.000000000000000000, 0.000000000000000000 ) ) ;
#1256 = VERTEX_POINT ( 'NONE', #76 ) ;
#1257 = CARTESIAN_POINT ( 'NONE',  ( 24.24871130596427449, 6.847727811467460497E-15, 15.00000000000000000 ) ) ;
#1258 = FACE_OUTER_BOUND ( 'NONE', #1164, .T. ) ;
#1259 = AXIS2_PLACEMENT_3D ( 'NONE', #1050, #1715, #3 ) ;
#1260 = FACE_OUTER_BOUND ( 'NONE', #677, .T. ) ;
#1261 = CARTESIAN_POINT ( 'NONE',  ( -20.05098892689105128, -2.347949500105484422, 11.34654550644314952 ) ) ;
#1262 = B_SPLINE_CURVE_WITH_KNOTS ( 'NONE', 3,
 ( #332, #1323, #638, #1333, #630, #471, #495, #1474, #824, #1304, #968, #154, #1627, #1484, #802, #130, #1135, #454, #1791, #1143, #2139, #957, #1157, #1810, #1615, #1801, #1127, #2148 ),
 .UNSPECIFIED., .F., .F.,
 ( 4, 2, 2, 2, 2, 2, 2, 2, 2, 2, 2, 2, 2, 4 ),
 ( 1.742330095302998896E-18, 0.0002965097443284773018, 0.0005930194886569528688, 0.001186038977313909207, 0.001779058465970865654, 0.002075568210299345070, 0.002372077954627824052, 0.002668587698956303034, 0.002965097443284782017, 0.003261607187613260565, 0.003558116931941739114, 0.003854626676270217663, 0.004151136420598696211, 0.004744155909255654176 ),
 .UNSPECIFIED. ) ;
#1263 = VECTOR ( 'NONE', #1057, 1000.000000000000000 ) ;
#1264 = VECTOR ( 'NONE', #395, 1000.000000000000114 ) ;
#1265 = ORIENTED_EDGE ( 'NONE', *, *, #991, .F. ) ;
#1266 = CARTESIAN_POINT ( 'NONE',  ( 17.32050807568878170, -5.204170427930421283E-15, 15.00000000000000000 ) ) ;
#1267 = EDGE_LOOP ( 'NONE', ( #1867, #474, #406, #710 ) ) ;
#1268 = CARTESIAN_POINT ( 'NONE',  ( -13.72050807568877318, 2.175596323669854259E-15, 15.00000000000000000 ) ) ;
#1269 = EDGE_CURVE ( 'NONE', #1320, #546, #882, .T. ) ;
#1270 = CARTESIAN_POINT ( 'NONE',  ( -16.56565792618611965, 10.94339695199653129, -14.64587689198185494 ) ) ;
#1271 = DIRECTION ( 'NONE',  ( -0.6656986149863668434, -0.2499999999999969469, -0.7030969734007069816 ) ) ;
#1272 = CARTESIAN_POINT ( 'NONE',  ( -20.22481970126154494, -2.135074733323030660, 11.45975812861649068 ) ) ;
#1273 = EDGE_CURVE ( 'NONE', #935, #1380, #419, .T. ) ;
#1274 = ADVANCED_FACE ( 'NONE', ( #2073, #1898 ), #1580, .T. ) ;
#1275 = AXIS2_PLACEMENT_3D ( 'NONE', #1723, #892, #1572 ) ;
#1276 = APPLICATION_CONTEXT ( 'configuration controlled 3d designs of mechanical parts and assemblies' ) ;
#1277 = ORIENTED_EDGE ( 'NONE', *, *, #1198, .T. ) ;
#1278 = CARTESIAN_POINT ( 'NONE',  ( -16.61576109446336247, 11.49038105676683585, -18.22153501059318259 ) ) ;
#1279 = ORIENTED_EDGE ( 'NONE', *, *, #373, .T. ) ;
#1280 = DIRECTION ( 'NONE',  ( 0.8660254037844393737, -0.4999999999999987788, 0.000000000000000000 ) ) ;
#1281 = DIRECTION ( 'NONE',  ( -0.000000000000000000, -0.000000000000000000, -1.000000000000000000 ) ) ;
#1282 = CARTESIAN_POINT ( 'NONE',  ( 24.24871130596427449, 6.847727811467460497E-15, 15.00000000000000000 ) ) ;
#1283 = CARTESIAN_POINT ( 'NONE',  ( -20.89929513119028570, -0.3908227677352919538, 10.39321744701531358 ) ) ;
#1284 = EDGE_LOOP ( 'NONE', ( #758, #2160, #416, #1443 ) ) ;
#1285 = CARTESIAN_POINT ( 'NONE',  ( 7.794228634059964023, -4.500000000000005329, -1.744551591300269600 ) ) ;
#1286 = ORIENTED_EDGE ( 'NONE', *, *, #583, .F. ) ;
#1287 = VECTOR ( 'NONE', #804, 1000.000000000000000 ) ;
#1288 = CYLINDRICAL_SURFACE ( 'NONE', #1246, 1.500000000000001110 ) ;
#1289 = LINE ( 'NONE', #1786, #1009 ) ;
#1290 = EDGE_CURVE ( 'NONE', #1706, #1540, #2039, .T. ) ;
#1291 = EDGE_CURVE ( 'NONE', #380, #750, #1559, .T. ) ;
#1292 = CARTESIAN_POINT ( 'NONE',  ( 19.82257827206779410, -2.589373733416661327, 8.870139693175813633 ) ) ;
#1293 = CARTESIAN_POINT ( 'NONE',  ( -20.53437544040191653, -1.624963480668710103, 11.48993210599460646 ) ) ;
#1294 = ADVANCED_FACE ( 'NONE', ( #370 ), #1044, .F. ) ;
#1295 = CARTESIAN_POINT ( 'NONE',  ( 5.692515485725131441, 1.724836600144115772, -22.94956875733375412 ) ) ;
#1296 = AXIS2_PLACEMENT_3D ( 'NONE', #1598, #1302, #1953 ) ;
#1297 = VERTEX_POINT ( 'NONE', #1732 ) ;
#1298 = CARTESIAN_POINT ( 'NONE',  ( 27.45209288774859502, -5.548419655680794982, 6.027872274689739740 ) ) ;
#1299 = EDGE_LOOP ( 'NONE', ( #1383, #1951 ) ) ;
#1300 = VECTOR ( 'NONE', #1529, 1000.000000000000000 ) ;
#1301 = DIRECTION ( 'NONE',  ( 0.4999999999999977796, -0.8660254037844398178, 0.000000000000000000 ) ) ;
#1302 = DIRECTION ( 'NONE',  ( 0.1710100716628294992, 0.8660254037844415942, -0.4698463103929505502 ) ) ;
#1303 = FACE_OUTER_BOUND ( 'NONE', #1547, .T. ) ;
#1304 = CARTESIAN_POINT ( 'NONE',  ( 20.65450981630656813, -1.361164461620159916, 11.42168981845775200 ) ) ;
#1305 = VERTEX_POINT ( 'NONE', #66 ) ;
#1306 = FACE_OUTER_BOUND ( 'NONE', #735, .T. ) ;
#1307 = VERTEX_POINT ( 'NONE', #876 ) ;
#1308 = DIRECTION ( 'NONE',  ( 0.2515460552138156225, 0.9678453296402106387, 0.000000000000000000 ) ) ;
#1309 = CARTESIAN_POINT ( 'NONE',  ( 3.290810940565370490, -1.437822173508663148, -16.35093975130559585 ) ) ;
#1310 = LINE ( 'NONE', #1116, #921 ) ;
#1311 = CARTESIAN_POINT ( 'NONE',  ( 22.16780870454013908, 12.89774944373686161, -2.808177244255950722 ) ) ;
#1312 = EDGE_CURVE ( 'NONE', #1170, #432, #568, .T. ) ;
#1313 = B_SPLINE_CURVE_WITH_KNOTS ( 'NONE', 3,
 ( #1191, #2004, #1671, #13, #1846, #175, #1502, #331, #1858, #2172, #1340, #504, #516, #493, #355, #1026, #164, #1178, #835, #2018, #667, #1013 ),
 .UNSPECIFIED., .F., .F.,
 ( 4, 2, 2, 2, 2, 2, 2, 2, 2, 2, 4 ),
 ( 0.004750883182516239985, 0.005047541771604068840, 0.005344200360691896828, 0.005937517538867551070, 0.006234176127955380793, 0.006530834717043208781, 0.007124151895218871697, 0.007717469073394533745, 0.008014127662482365203, 0.008310786251570195793, 0.009497420607921519889 ),
 .UNSPECIFIED. ) ;
#1314 = VERTEX_POINT ( 'NONE', #1629 ) ;
#1315 = CARTESIAN_POINT ( 'NONE',  ( -1.237966655608269129, -60.20874128731121289, 43.91470761212967489 ) ) ;
#1316 = ADVANCED_FACE ( 'NONE', ( #749, #1918 ), #417, .T. ) ;
#1317 = ORIENTED_EDGE ( 'NONE', *, *, #217, .F. ) ;
#1318 = EDGE_CURVE ( 'NONE', #1305, #862, #448, .T. ) ;
#1319 = DIRECTION ( 'NONE',  ( -0.7263614178872015437, 0.4330127018922154125, 0.5337593939266056520 ) ) ;
#1320 = VERTEX_POINT ( 'NONE', #438 ) ;
#1321 = CARTESIAN_POINT ( 'NONE',  ( 19.69615506024413776, 15.65145970619889404, -6.549370148752015730 ) ) ;
#1322 = CARTESIAN_POINT ( 'NONE',  ( 20.90467461984247066, -0.3372687115187188445, 9.999999999999998224 ) ) ;
#1323 = CARTESIAN_POINT ( 'NONE',  ( 20.90467461984246356, -0.3372687115187112949, 10.10036328196895106 ) ) ;
#1324 = EDGE_LOOP ( 'NONE', ( #1896, #1029, #4, #1820, #358, #1831 ) ) ;
#1325 = DIRECTION ( 'NONE',  ( 0.5000000000000003331, -0.8660254037844383745, 0.000000000000000000 ) ) ;
#1326 = EDGE_LOOP ( 'NONE', ( #1793, #67, #2095, #429, #1826 ) ) ;
#1327 = AXIS2_PLACEMENT_3D ( 'NONE', #1257, #1401, #1701 ) ;
#1328 = DIRECTION ( 'NONE',  ( 0.1710100716628294992, 0.8660254037844415942, -0.4698463103929505502 ) ) ;
#1329 = ORIENTED_EDGE ( 'NONE', *, *, #1548, .F. ) ;
#1330 = CARTESIAN_POINT ( 'NONE',  ( -33.78987390958332071, -60.20874128731118446, 32.06678230308897071 ) ) ;
#1331 = CARTESIAN_POINT ( 'NONE',  ( -35.26787583862471820, -63.20874128731116315, 25.99920368408862359 ) ) ;
#1332 = EDGE_CURVE ( 'NONE', #633, #172, #1130, .T. ) ;
#1333 = CARTESIAN_POINT ( 'NONE',  ( 20.89932834202830847, -0.3905093269660518396, 10.39201209792933867 ) ) ;
#1334 = ORIENTED_EDGE ( 'NONE', *, *, #1222, .T. ) ;
#1335 = PRODUCT_RELATED_PRODUCT_CATEGORY ( 'detail', '', ( #1875 ) ) ;
#1336 = DIRECTION ( 'NONE',  ( 0.9396926207859107594, 1.378485619302998044E-15, 0.3420201433256619961 ) ) ;
#1337 = PERSON_AND_ORGANIZATION ( #755, #1781 ) ;
#1338 = ORIENTED_EDGE ( 'NONE', *, *, #1991, .T. ) ;
#1339 = CARTESIAN_POINT ( 'NONE',  ( 20.78460969082652454, -6.000000000000000000, 3.878559317874000101 ) ) ;
#1340 = CARTESIAN_POINT ( 'NONE',  ( 22.07980620124400772, 11.46922842450829982, -0.1554762979837042147 ) ) ;
#1341 = DIRECTION ( 'NONE',  ( -0.9618967477123848697, 0.2499999999999985845, 0.1107007079486730106 ) ) ;
#1342 = CARTESIAN_POINT ( 'NONE',  ( -22.65662757892974355, 23.08081003162400791, 9.999999999999998224 ) ) ;
#1343 = LINE ( 'NONE', #2008, #867 ) ;
#1344 = ORIENTED_EDGE ( 'NONE', *, *, #643, .F. ) ;
#1345 = CARTESIAN_POINT ( 'NONE',  ( -21.76666049839541017, -4.299038105676659782, 9.999999999999998224 ) ) ;
#1346 = AXIS2_PLACEMENT_3D ( 'NONE', #807, #1336, #20 ) ;
#1347 = VECTOR ( 'NONE', #1916, 1000.000000000000000 ) ;
#1348 = FACE_OUTER_BOUND ( 'NONE', #1568, .T. ) ;
#1349 = APPLICATION_PROTOCOL_DEFINITION ( 'international standard', 'config_control_design', 1994, #100 ) ;
#1350 = VERTEX_POINT ( 'NONE', #620 ) ;
#1351 = CYLINDRICAL_SURFACE ( 'NONE', #1475, 1.500000000000004441 ) ;
#1352 = DIRECTION ( 'NONE',  ( -0.7261554316666061215, -1.818189843241712756E-16, 0.6875305731828112998 ) ) ;
#1353 = CARTESIAN_POINT ( 'NONE',  ( -0.2748033893468439515, 9.820508075689092564, -24.56587275535997250 ) ) ;
#1354 = EDGE_CURVE ( 'NONE', #432, #1375, #1794, .T. ) ;
#1355 = FACE_OUTER_BOUND ( 'NONE', #496, .T. ) ;
#1356 = FACE_OUTER_BOUND ( 'NONE', #1284, .T. ) ;
#1357 = ORIENTED_EDGE ( 'NONE', *, *, #1780, .F. ) ;
#1358 = ORIENTED_EDGE ( 'NONE', *, *, #1698, .F. ) ;
#1359 = PLANE ( 'NONE',  #247 ) ;
#1360 = VECTOR ( 'NONE', #187, 1000.000000000000000 ) ;
#1361 = DIRECTION ( 'NONE',  ( 0.1710100716628294992, 0.8660254037844415942, -0.4698463103929505502 ) ) ;
#1362 = VECTOR ( 'NONE', #1891, 1000.000000000000114 ) ;
#1363 = ORIENTED_EDGE ( 'NONE', *, *, #930, .T. ) ;
#1364 = ADVANCED_FACE ( 'NONE', ( #934, #2103 ), #1783, .F. ) ;
#1365 = LINE ( 'NONE', #2032, #800 ) ;
#1366 = AXIS2_PLACEMENT_3D ( 'NONE', #1709, #901, #53 ) ;
#1367 = VECTOR ( 'NONE', #354, 1000.000000000000000 ) ;
#1368 = CARTESIAN_POINT ( 'NONE',  ( 13.85640646055101755, -5.999999999999998224, -1.549833725495749048 ) ) ;
#1369 = VECTOR ( 'NONE', #195, 1000.000000000000000 ) ;
#1370 = DIRECTION ( 'NONE',  ( 0.000000000000000000, 0.1431348745132243194, 0.9897031917186502881 ) ) ;
#1371 = VERTEX_POINT ( 'NONE', #1092 ) ;
#1372 = ORIENTED_EDGE ( 'NONE', *, *, #1994, .F. ) ;
#1373 = DIRECTION ( 'NONE',  ( -0.000000000000000000, -0.000000000000000000, -1.000000000000000000 ) ) ;
#1374 = CARTESIAN_POINT ( 'NONE',  ( -20.71970758113926436, -1.189125895315687353, 8.654191093673249568 ) ) ;
#1375 = VERTEX_POINT ( 'NONE', #949 ) ;
#1376 = AXIS2_PLACEMENT_3D ( 'NONE', #1124, #821, #1493 ) ;
#1377 = LINE ( 'NONE', #421, #2025 ) ;
#1378 = DIRECTION ( 'NONE',  ( 0.1710100716628294992, 0.8660254037844415942, -0.4698463103929505502 ) ) ;
#1379 = ORIENTED_EDGE ( 'NONE', *, *, #964, .F. ) ;
#1380 = VERTEX_POINT ( 'NONE', #1596 ) ;
#1381 = CARTESIAN_POINT ( 'NONE',  ( 22.52379468615263747, 13.57311239183764151, -1.701836067299645094 ) ) ;
#1382 = EDGE_CURVE ( 'NONE', #189, #887, #610, .T. ) ;
#1383 = ORIENTED_EDGE ( 'NONE', *, *, #1772, .F. ) ;
#1384 = EDGE_CURVE ( 'NONE', #1386, #189, #521, .T. ) ;
#1385 = CARTESIAN_POINT ( 'NONE',  ( -20.79475151970773084, -0.9468492663324763470, 8.809059233763715469 ) ) ;
#1386 = VERTEX_POINT ( 'NONE', #110 ) ;
#1387 = EDGE_CURVE ( 'NONE', #1371, #380, #580, .T. ) ;
#1388 = DIRECTION ( 'NONE',  ( 0.3939955625959724594, 0.6824203323729080006, -0.6156865977254442068 ) ) ;
#1389 = CARTESIAN_POINT ( 'NONE',  ( 15.26623243910835903, -2.956340915549511283, 0.000000000000000000 ) ) ;
#1390 = EDGE_CURVE ( 'NONE', #2060, #111, #1458, .T. ) ;
#1391 = CARTESIAN_POINT ( 'NONE',  ( -15.64286467063900155, 10.67215391341016861, -15.29756481044582372 ) ) ;
#1392 = LINE ( 'NONE', #552, #578 ) ;
#1393 = CARTESIAN_POINT ( 'NONE',  ( 4.880217645326694331, -0.2237205583708710976, -20.71779878296720767 ) ) ;
#1394 = ORIENTED_EDGE ( 'NONE', *, *, #210, .T. ) ;
#1395 = VECTOR ( 'NONE', #2083, 1000.000000000000000 ) ;
#1396 = VERTEX_POINT ( 'NONE', #1959 ) ;
#1397 = ORIENTED_EDGE ( 'NONE', *, *, #601, .F. ) ;
#1398 = LINE ( 'NONE', #1546, #1816 ) ;
#1399 = VERTEX_POINT ( 'NONE', #1439 ) ;
#1400 = DIRECTION ( 'NONE',  ( 1.000000000000000000, 0.000000000000000000, 0.000000000000000000 ) ) ;
#1401 = DIRECTION ( 'NONE',  ( -0.8660254037844385966, -0.5000000000000001110, 0.000000000000000000 ) ) ;
#1402 = EDGE_CURVE ( 'NONE', #1590, #545, #597, .T. ) ;
#1403 = DIRECTION ( 'NONE',  ( 1.000000000000000000, 0.000000000000000000, 0.000000000000000000 ) ) ;
#1404 = DIRECTION ( 'NONE',  ( -0.8660254037844402619, -0.4999999999999974465, -0.000000000000000000 ) ) ;
#1405 = DIRECTION ( 'NONE',  ( 0.2515460552138156225, 0.9678453296402106387, 0.000000000000000000 ) ) ;
#1406 = ORIENTED_EDGE ( 'NONE', *, *, #1390, .T. ) ;
#1407 = ORIENTED_EDGE ( 'NONE', *, *, #1837, .T. ) ;
#1408 = LOCAL_TIME ( 23, 1, 50.00000000000000000, #998 ) ;
#1409 = EDGE_LOOP ( 'NONE', ( #1231, #960, #1112, #1081, #34 ) ) ;
#1410 = CARTESIAN_POINT ( 'NONE',  ( -8.660254037844385522, -14.99999999999999467, 15.00000000000000000 ) ) ;
#1411 = ORIENTED_EDGE ( 'NONE', *, *, #1991, .F. ) ;
#1412 = CARTESIAN_POINT ( 'NONE',  ( 10.02651011358229560, 6.000000000000007994, 6.650690319970193443 ) ) ;
#1413 = CC_DESIGN_PERSON_AND_ORGANIZATION_ASSIGNMENT ( #818, #1807, ( #928 ) ) ;
#1414 = AXIS2_PLACEMENT_3D ( 'NONE', #74, #2089, #1600 ) ;
#1415 = DIRECTION ( 'NONE',  ( 0.000000000000000000, 0.000000000000000000, 1.000000000000000000 ) ) ;
#1416 = CARTESIAN_POINT ( 'NONE',  ( -16.91821974669984385, 13.06080795370313297, -14.63087922539558150 ) ) ;
#1417 = EDGE_CURVE ( 'NONE', #1256, #2059, #2151, .T. ) ;
#1418 = CARTESIAN_POINT ( 'NONE',  ( -13.85640646055104064, 5.999999999999998224, -13.14683270777293522 ) ) ;
#1419 = ORIENTED_EDGE ( 'NONE', *, *, #1654, .F. ) ;
#1420 = ORIENTED_EDGE ( 'NONE', *, *, #1226, .T. ) ;
#1421 = DIRECTION ( 'NONE',  ( 0.1710100716628294992, 0.8660254037844415942, -0.4698463103929505502 ) ) ;
#1422 = ORIENTED_EDGE ( 'NONE', *, *, #904, .T. ) ;
#1423 = CARTESIAN_POINT ( 'NONE',  ( 5.307742824483766775, -0.2237205583708711254, -21.89241455894958932 ) ) ;
#1424 = CARTESIAN_POINT ( 'NONE',  ( 20.92050807568877957, -4.763297580237374119E-15, 0.2416023444212697657 ) ) ;
#1425 = LINE ( 'NONE', #268, #1800 ) ;
#1426 = CARTESIAN_POINT ( 'NONE',  ( -18.34635182148095822, -5.999999999999998224, -10.36394591082194694 ) ) ;
#1427 = VERTEX_POINT ( 'NONE', #1278 ) ;
#1428 = CARTESIAN_POINT ( 'NONE',  ( -2.259841848651761964, -11.00586604837403648, -6.747518590820400064 ) ) ;
#1429 = ORIENTED_EDGE ( 'NONE', *, *, #307, .F. ) ;
#1430 =( BOUNDED_CURVE ( )  B_SPLINE_CURVE ( 3, ( #1424, #907, #1247, #1592 ),
 .UNSPECIFIED., .F., .T. ) 
 B_SPLINE_CURVE_WITH_KNOTS ( ( 4, 4 ),
 ( 4.177579221125558462, 4.283677810074991044 ),
 .UNSPECIFIED. ) 
 CURVE ( )  GEOMETRIC_REPRESENTATION_ITEM ( )  RATIONAL_B_SPLINE_CURVE ( ( 1.000000000000000000, 0.9990621440945317566, 0.9990621440945317566, 1.000000000000000000 ) ) 
 REPRESENTATION_ITEM ( '' )  );
#1431 = LINE ( 'NONE', #1268, #1921 ) ;
#1432 = ADVANCED_FACE ( 'NONE', ( #85 ), #767, .T. ) ;
#1433 = EDGE_CURVE ( 'NONE', #225, #865, #1771, .T. ) ;
#1434 = CARTESIAN_POINT ( 'NONE',  ( -17.02390751448879058, 12.15521640234234191, -14.28916841390892500 ) ) ;
#1435 = CARTESIAN_POINT ( 'NONE',  ( 12.87863372801686879, 4.306447948995393737, 9.414383283938166258 ) ) ;
#1436 = CARTESIAN_POINT ( 'NONE',  ( -20.89590843516237939, -0.4221302347480024864, 10.48705322723576572 ) ) ;
#1437 = VECTOR ( 'NONE', #966, 1000.000000000000000 ) ;
#1438 = EDGE_LOOP ( 'NONE', ( #9, #512, #784, #532, #2029 ) ) ;
#1439 = CARTESIAN_POINT ( 'NONE',  ( -12.85575219373088096, 19.03724354145032649, -12.15658493566866127 ) ) ;
#1440 = FACE_OUTER_BOUND ( 'NONE', #84, .T. ) ;
#1441 = CARTESIAN_POINT ( 'NONE',  ( -13.85640646055101755, 6.000000000000000000, 15.00000000000000000 ) ) ;
#1442 = LINE ( 'NONE', #586, #1506 ) ;
#1443 = ORIENTED_EDGE ( 'NONE', *, *, #2041, .F. ) ;
#1444 = DIRECTION ( 'NONE',  ( 0.2961981327260193031, -0.4999999999999949485, -0.8137976813493784656 ) ) ;
#1445 = ORIENTED_EDGE ( 'NONE', *, *, #213, .F. ) ;
#1446 = VECTOR ( 'NONE', #1189, 1000.000000000000000 ) ;
#1447 = EDGE_CURVE ( 'NONE', #1558, #1501, #940, .T. ) ;
#1448 = CARTESIAN_POINT ( 'NONE',  ( 24.12499648273590935, 23.92857321350616573, 9.999999999999998224 ) ) ;
#1449 = DIRECTION ( 'NONE',  ( 0.000000000000000000, 1.000000000000000000, 0.000000000000000000 ) ) ;
#1450 = ADVANCED_FACE ( 'NONE', ( #510, #123 ), #301, .T. ) ;
#1451 = CARTESIAN_POINT ( 'NONE',  ( 19.66384819375336690, -2.736713994324957877, 9.077010203062439331 ) ) ;
#1452 = CARTESIAN_POINT ( 'NONE',  ( 22.51523807704074898, 13.58529661354847740, -1.503148687208306855 ) ) ;
#1453 = AXIS2_PLACEMENT_3D ( 'NONE', #511, #1656, #2158 ) ;
#1454 = ADVANCED_FACE ( 'NONE', ( #156 ), #1171, .F. ) ;
#1455 = VECTOR ( 'NONE', #458, 1000.000000000000000 ) ;
#1456 = CARTESIAN_POINT ( 'NONE',  ( 21.70547520774249151, 10.69608770905449546, -1.693134163587234120 ) ) ;
#1457 = ORIENTED_EDGE ( 'NONE', *, *, #1226, .F. ) ;
#1458 = LINE ( 'NONE', #923, #614 ) ;
#1459 = DIRECTION ( 'NONE',  ( -0.000000000000000000, -0.000000000000000000, -1.000000000000000000 ) ) ;
#1460 = DIRECTION ( 'NONE',  ( -0.000000000000000000, -0.000000000000000000, -1.000000000000000000 ) ) ;
#1461 = CARTESIAN_POINT ( 'NONE',  ( 20.88000667441500013, -0.5447880098819942729, 9.239442284288568175 ) ) ;
#1462 = AXIS2_PLACEMENT_3D ( 'NONE', #1282, #1060, #1106 ) ;
#1463 = CYLINDRICAL_SURFACE ( 'NONE', #1927, 3.599999999999999201 ) ;
#1464 = EDGE_LOOP ( 'NONE', ( #145, #1379, #1429, #655 ) ) ;
#1465 = CARTESIAN_POINT ( 'NONE',  ( -24.24871130596427449, 6.847727811467460497E-15, 15.00000000000000000 ) ) ;
#1466 = ORIENTED_EDGE ( 'NONE', *, *, #1588, .T. ) ;
#1467 = AXIS2_PLACEMENT_3D ( 'NONE', #1203, #1000, #1982 ) ;
#1468 = CARTESIAN_POINT ( 'NONE',  ( -16.89168589844501156, 13.13320958875093325, -14.69646289681518603 ) ) ;
#1469 = CC_DESIGN_APPROVAL ( #1630, ( #1579 ) ) ;
#1470 = DIRECTION ( 'NONE',  ( 1.000000000000000000, 0.000000000000000000, 0.000000000000000000 ) ) ;
#1471 = EDGE_CURVE ( 'NONE', #1305, #2058, #313, .T. ) ;
#1472 = CARTESIAN_POINT ( 'NONE',  ( 20.90124933802809437, -0.3809412844858621749, 9.604755289561667908 ) ) ;
#1473 = EDGE_CURVE ( 'NONE', #1662, #1664, #1498, .T. ) ;
#1474 = CARTESIAN_POINT ( 'NONE',  ( 20.79828609955055896, -0.9410244272319149283, 11.19737991849992298 ) ) ;
#1475 = AXIS2_PLACEMENT_3D ( 'NONE', #2016, #513, #1855 ) ;
#1476 = ORIENTED_EDGE ( 'NONE', *, *, #1222, .F. ) ;
#1477 = DIRECTION ( 'NONE',  ( -0.2961981327260220231, 0.4999999999999951150, 0.8137976813493774664 ) ) ;
#1478 = ORIENTED_EDGE ( 'NONE', *, *, #1332, .T. ) ;
#1479 = CARTESIAN_POINT ( 'NONE',  ( 10.06266097357705647, -4.937822173508622292, -20.33742280412293013 ) ) ;
#1480 = PERSON_AND_ORGANIZATION ( #755, #1781 ) ;
#1481 = VERTEX_POINT ( 'NONE', #794 ) ;
#1482 = DIRECTION ( 'NONE',  ( 0.1710100716628294992, 0.8660254037844415942, -0.4698463103929505502 ) ) ;
#1483 = CARTESIAN_POINT ( 'NONE',  ( 19.57153422814908694, -2.810624116346624568, 9.240848126360676318 ) ) ;
#1484 = CARTESIAN_POINT ( 'NONE',  ( 20.38901489884172591, -1.885234260842263865, 11.50005277830414485 ) ) ;
#1485 = ORIENTED_EDGE ( 'NONE', *, *, #1149, .T. ) ;
#1486 = LINE ( 'NONE', #2153, #1668 ) ;
#1487 = VERTEX_POINT ( 'NONE', #1345 ) ;
#1488 = DIRECTION ( 'NONE',  ( -1.000000000000000000, 2.503857664561933362E-16, 0.000000000000000000 ) ) ;
#1489 = EDGE_CURVE ( 'NONE', #1990, #1136, #981, .T. ) ;
#1490 = ORIENTED_EDGE ( 'NONE', *, *, #1471, .T. ) ;
#1491 = AXIS2_PLACEMENT_3D ( 'NONE', #841, #1803, #1505 ) ;
#1492 = LINE ( 'NONE', #1177, #422 ) ;
#1493 = DIRECTION ( 'NONE',  ( 1.000000000000000000, 2.503857664561935334E-16, 0.000000000000000000 ) ) ;
#1494 = ADVANCED_FACE ( 'NONE', ( #972 ), #5, .T. ) ;
#1495 = LINE ( 'NONE', #1002, #1556 ) ;
#1496 = CARTESIAN_POINT ( 'NONE',  ( 22.02689110708252329, 12.65578086458285334, -2.910629796005233416 ) ) ;
#1497 = ORIENTED_EDGE ( 'NONE', *, *, #414, .T. ) ;
#1498 = LINE ( 'NONE', #2141, #1843 ) ;
#1499 = DIRECTION ( 'NONE',  ( -0.8660254037844401509, -0.4999999999999973355, -0.000000000000000000 ) ) ;
#1500 = CALENDAR_DATE ( 2026, 31, 3 ) ;
#1501 = VERTEX_POINT ( 'NONE', #1183 ) ;
#1502 = CARTESIAN_POINT ( 'NONE',  ( 22.00264734436549574, 10.93343110430124199, -0.5891208912872187842 ) ) ;
#1503 = DIRECTION ( 'NONE',  ( 1.000000000000000000, -2.503857664561933855E-16, 0.000000000000000000 ) ) ;
#1504 = ORIENTED_EDGE ( 'NONE', *, *, #36, .F. ) ;
#1505 = DIRECTION ( 'NONE',  ( -0.7261554316666070097, 0.000000000000000000, 0.6875305731828104117 ) ) ;
#1506 = VECTOR ( 'NONE', #938, 1000.000000000000227 ) ;
#1507 = DIRECTION ( 'NONE',  ( 0.000000000000000000, 0.4768709627114698923, 0.8789733129752210772 ) ) ;
#1508 = PERSON_AND_ORGANIZATION ( #755, #1781 ) ;
#1509 = ADVANCED_FACE ( 'NONE', ( #1976 ), #473, .F. ) ;
#1510 = EDGE_LOOP ( 'NONE', ( #748, #533, #641, #1490, #1652 ) ) ;
#1511 = DIRECTION ( 'NONE',  ( -0.000000000000000000, -0.000000000000000000, -1.000000000000000000 ) ) ;
#1512 = CARTESIAN_POINT ( 'NONE',  ( -8.660254037844385522, -14.99999999999999467, -7.801030425501514820 ) ) ;
#1513 = VECTOR ( 'NONE', #760, 1000.000000000000114 ) ;
#1514 = CARTESIAN_POINT ( 'NONE',  ( -20.78460969082652099, -6.000000000000000000, 15.00000000000000000 ) ) ;
#1515 = CARTESIAN_POINT ( 'NONE',  ( -13.85640646055104064, 5.999999999999998224, -13.14683270777293522 ) ) ;
#1516 = ORIENTED_EDGE ( 'NONE', *, *, #508, .F. ) ;
#1517 = ORIENTED_EDGE ( 'NONE', *, *, #212, .F. ) ;
#1518 = FACE_OUTER_BOUND ( 'NONE', #1510, .T. ) ;
#1519 = VECTOR ( 'NONE', #136, 1000.000000000000114 ) ;
#1520 = VECTOR ( 'NONE', #1672, 1000.000000000000227 ) ;
#1521 = CARTESIAN_POINT ( 'NONE',  ( -7.823372671977269377, 14.32050807568904993, -19.01888241957167125 ) ) ;
#1522 = ORIENTED_EDGE ( 'NONE', *, *, #1354, .F. ) ;
#1523 = CARTESIAN_POINT ( 'NONE',  ( -22.43513664698230770, -2.172277716885887777, -30.79279690536250413 ) ) ;
#1524 = LINE ( 'NONE', #2146, #342 ) ;
#1525 = CARTESIAN_POINT ( 'NONE',  ( -22.51666049839540307, -2.999999999999999112, 9.999999999999998224 ) ) ;
#1526 = CARTESIAN_POINT ( 'NONE',  ( -10.95771312774302331, 0.9793158720153598562, -9.279223339713174923 ) ) ;
#1527 = ORIENTED_EDGE ( 'NONE', *, *, #1417, .F. ) ;
#1528 = ORIENTED_EDGE ( 'NONE', *, *, #879, .T. ) ;
#1529 = DIRECTION ( 'NONE',  ( -0.000000000000000000, -0.000000000000000000, -1.000000000000000000 ) ) ;
#1530 = AXIS2_PLACEMENT_3D ( 'NONE', #507, #1181, #1848 ) ;
#1531 = CARTESIAN_POINT ( 'NONE',  ( -19.41365967572275508, -2.929021750087430487, 9.801211768554630055 ) ) ;
#1532 = EDGE_LOOP ( 'NONE', ( #290, #956, #279, #1872, #1707 ) ) ;
#1533 = LINE ( 'NONE', #1736, #708 ) ;
#1534 = CARTESIAN_POINT ( 'NONE',  ( 17.13116681757664850, 6.000000000000005329, 6.650690319970196995 ) ) ;
#1535 = AXIS2_PLACEMENT_3D ( 'NONE', #1479, #830, #642 ) ;
#1536 = EDGE_CURVE ( 'NONE', #1078, #1033, #1815, .T. ) ;
#1537 = CC_DESIGN_DATE_AND_TIME_ASSIGNMENT ( #1186, #976, ( #928 ) ) ;
#1538 = CARTESIAN_POINT ( 'NONE',  ( -19.40467461984245645, -2.935344922872030082, 9.999999999999998224 ) ) ;
#1539 = CARTESIAN_POINT ( 'NONE',  ( -24.06729586965934686, -1.437822173508690238, -26.30847629610265415 ) ) ;
#1540 = VERTEX_POINT ( 'NONE', #661 ) ;
#1541 = EDGE_CURVE ( 'NONE', #500, #873, #1967, .T. ) ;
#1542 = PRODUCT_DEFINITION_SHAPE ( 'NONE', 'NONE',  #928 ) ;
#1543 = ORIENTED_EDGE ( 'NONE', *, *, #1489, .F. ) ;
#1544 = EDGE_CURVE ( 'NONE', #225, #803, #1486, .T. ) ;
#1545 = CARTESIAN_POINT ( 'NONE',  ( 22.52197192547980364, 13.58354646509046937, -1.603226705985514977 ) ) ;
#1546 = CARTESIAN_POINT ( 'NONE',  ( 13.85640646055101932, -5.999999999999998224, 15.00000000000000000 ) ) ;
#1547 = EDGE_LOOP ( 'NONE', ( #726, #1065, #1516, #1018, #1397 ) ) ;
#1548 = EDGE_CURVE ( 'NONE', #840, #555, #2166, .T. ) ;
#1549 = CARTESIAN_POINT ( 'NONE',  ( 8.660254037844399733, -14.99999999999999467, 15.00000000000000000 ) ) ;
#1550 = VECTOR ( 'NONE', #1742, 1000.000000000000000 ) ;
#1551 = CARTESIAN_POINT ( 'NONE',  ( 7.989274044494920624, -1.437822173508657597, -14.64083903467727943 ) ) ;
#1552 = DIRECTION ( 'NONE',  ( -0.2133312028987086051, -0.4330127018922146909, -0.8757795372522664268 ) ) ;
#1553 = CARTESIAN_POINT ( 'NONE',  ( 18.34635182148095112, 6.000000000000015987, 10.36394591082194694 ) ) ;
#1554 = DIRECTION ( 'NONE',  ( 0.7263614178872032090, -0.4330127018922148574, -0.5337593939266040977 ) ) ;
#1555 = ORIENTED_EDGE ( 'NONE', *, *, #1813, .F. ) ;
#1556 = VECTOR ( 'NONE', #494, 1000.000000000000000 ) ;
#1557 = ORIENTED_EDGE ( 'NONE', *, *, #599, .T. ) ;
#1558 = VERTEX_POINT ( 'NONE', #486 ) ;
#1559 = LINE ( 'NONE', #1211, #1088 ) ;
#1560 = ORIENTED_EDGE ( 'NONE', *, *, #698, .F. ) ;
#1561 = DIRECTION ( 'NONE',  ( -0.9396926207859107594, -9.602933527728751304E-16, -0.3420201433256622181 ) ) ;
#1562 = CARTESIAN_POINT ( 'NONE',  ( -17.32050807568877460, 1.734723475976807094E-15, 0.000000000000000000 ) ) ;
#1563 = DIRECTION ( 'NONE',  ( -0.8660254037844390407, 0.4999999999999995004, 0.000000000000000000 ) ) ;
#1564 = LINE ( 'NONE', #1076, #1168 ) ;
#1565 = LINE ( 'NONE', #1769, #1347 ) ;
#1566 = ORIENTED_EDGE ( 'NONE', *, *, #1931, .T. ) ;
#1567 = AXIS2_PLACEMENT_3D ( 'NONE', #1146, #1850, #1986 ) ;
#1568 = EDGE_LOOP ( 'NONE', ( #1557, #229, #1372, #2001, #333 ) ) ;
#1569 = ORIENTED_EDGE ( 'NONE', *, *, #1447, .F. ) ;
#1570 = CARTESIAN_POINT ( 'NONE',  ( -20.81447320817639834, -0.8702558663150316010, 8.871851376377380305 ) ) ;
#1571 = VERTEX_POINT ( 'NONE', #1465 ) ;
#1572 = DIRECTION ( 'NONE',  ( 0.3420201433256626622, 0.000000000000000000, -0.9396926207859105373 ) ) ;
#1573 = CIRCLE ( 'NONE', #1811, 2.250000000000001776 ) ;
#1574 = CARTESIAN_POINT ( 'NONE',  ( -20.92050807568877246, 1.734723475976807094E-15, 15.00000000000000000 ) ) ;
#1575 = DIRECTION ( 'NONE',  ( -0.000000000000000000, -0.000000000000000000, -1.000000000000000000 ) ) ;
#1576 = DIRECTION ( 'NONE',  ( -0.2140760823084279230, 0.7798900054375170754, 0.5881692021877249488 ) ) ;
#1577 = DIRECTION ( 'NONE',  ( 0.4999999999999979461, 0.8660254037844399289, 0.000000000000000000 ) ) ;
#1578 = AXIS2_PLACEMENT_3D ( 'NONE', #645, #330, #318 ) ;
#1579 = PRODUCT_DEFINITION_FORMATION_WITH_SPECIFIED_SOURCE ( 'ANY', '', #1875, .NOT_KNOWN. ) ;
#1580 = PLANE ( 'NONE',  #2027 ) ;
#1581 = ORIENTED_EDGE ( 'NONE', *, *, #1390, .F. ) ;
#1582 = ADVANCED_FACE ( 'NONE', ( #1306, #1827 ), #1839, .F. ) ;
#1583 = DIRECTION ( 'NONE',  ( -0.8660254037844402619, -0.4999999999999974465, -0.000000000000000000 ) ) ;
#1584 = CARTESIAN_POINT ( 'NONE',  ( -15.18735699846543774, 10.87470381616167892, -15.62239516112161830 ) ) ;
#1585 = DIRECTION ( 'NONE',  ( 0.9396926207859106484, 6.938893903907228378E-16, 0.3420201433256622736 ) ) ;
#1586 = CARTESIAN_POINT ( 'NONE',  ( -20.90467461984245290, -0.3372687115187097961, 10.09872032398601327 ) ) ;
#1587 = ORIENTED_EDGE ( 'NONE', *, *, #763, .T. ) ;
#1588 = EDGE_CURVE ( 'NONE', #546, #1790, #747, .T. ) ;
#1589 = ADVANCED_FACE ( 'NONE', ( #1998 ), #168, .T. ) ;
#1590 = VERTEX_POINT ( 'NONE', #701 ) ;
#1591 = CARTESIAN_POINT ( 'NONE',  ( -24.13110451315111504, 25.70882824548485246, 3.865185450765543429 ) ) ;
#1592 = CARTESIAN_POINT ( 'NONE',  ( 20.90026463722459482, 0.3812387180511166984, 0.000000000000000000 ) ) ;
#1593 = CARTESIAN_POINT ( 'NONE',  ( -23.72511486607609754, -66.20874128731114183, 24.67079518870455956 ) ) ;
#1594 = DIRECTION ( 'NONE',  ( 0.8660254037844401509, -0.4999999999999973910, 0.000000000000000000 ) ) ;
#1595 = EDGE_LOOP ( 'NONE', ( #211, #1686 ) ) ;
#1596 = CARTESIAN_POINT ( 'NONE',  ( -20.90467461984244935, -0.3372687115187071316, 9.999999999999998224 ) ) ;
#1597 = ORIENTED_EDGE ( 'NONE', *, *, #964, .T. ) ;
#1598 = CARTESIAN_POINT ( 'NONE',  ( -12.48154076084220065, -63.20874128731116315, 34.29275140041711722 ) ) ;
#1599 = LINE ( 'NONE', #73, #1084 ) ;
#1600 = DIRECTION ( 'NONE',  ( 1.000000000000000000, 0.000000000000000000, 0.000000000000000000 ) ) ;
#1601 = CIRCLE ( 'NONE', #703, 1.250000000000001332 ) ;
#1602 = EDGE_CURVE ( 'NONE', #1906, #862, #1041, .T. ) ;
#1603 = EDGE_CURVE ( 'NONE', #1614, #873, #523, .T. ) ;
#1604 = APPROVAL_PERSON_ORGANIZATION ( #1337, #1630, #809 ) ;
#1605 = ORIENTED_EDGE ( 'NONE', *, *, #1433, .F. ) ;
#1606 = CARTESIAN_POINT ( 'NONE',  ( 8.826792387898938941, -66.20874128731114183, 36.51872049774529216 ) ) ;
#1607 = ADVANCED_FACE ( 'NONE', ( #1518 ), #1210, .T. ) ;
#1608 = ORIENTED_EDGE ( 'NONE', *, *, #1021, .F. ) ;
#1609 = CARTESIAN_POINT ( 'NONE',  ( -13.85640646055101932, -5.999999999999998224, 15.00000000000000000 ) ) ;
#1610 = ADVANCED_FACE ( 'NONE', ( #687 ), #1359, .T. ) ;
#1611 = DIRECTION ( 'NONE',  ( 0.9396926207859105373, 3.686287386450714090E-16, 0.3420201433256624957 ) ) ;
#1612 = CARTESIAN_POINT ( 'NONE',  ( 22.49912363885773914, 3.030374731724428283, -1.045700885568601191 ) ) ;
#1613 = DIRECTION ( 'NONE',  ( 0.8660254037844393737, 0.4999999999999987788, -0.000000000000000000 ) ) ;
#1614 = VERTEX_POINT ( 'NONE', #1031 ) ;
#1615 = CARTESIAN_POINT ( 'NONE',  ( 19.53842564112617808, -2.835928991337278493, 10.66710087485333602 ) ) ;
#1616 = VERTEX_POINT ( 'NONE', #1708 ) ;
#1617 = DIRECTION ( 'NONE',  ( 0.1710100716628294992, 0.8660254037844415942, -0.4698463103929505502 ) ) ;
#1618 = ORIENTED_EDGE ( 'NONE', *, *, #97, .F. ) ;
#1619 = AXIS2_PLACEMENT_3D ( 'NONE', #1738, #1563, #551 ) ;
#1620 = FACE_BOUND ( 'NONE', #1208, .T. ) ;
#1621 = DIRECTION ( 'NONE',  ( -0.7261554316666068987, 0.000000000000000000, 0.6875305731828103006 ) ) ;
#1622 = CARTESIAN_POINT ( 'NONE',  ( 20.71913241518423732, -1.190691031635406016, 8.653454493556843374 ) ) ;
#1623 = CARTESIAN_POINT ( 'NONE',  ( 10.30479431694033110, -63.20874128731117025, 42.58629911674563573 ) ) ;
#1624 = VECTOR ( 'NONE', #1319, 1000.000000000000114 ) ;
#1625 = VERTEX_POINT ( 'NONE', #2049 ) ;
#1626 = VECTOR ( 'NONE', #529, 1000.000000000000114 ) ;
#1627 = CARTESIAN_POINT ( 'NONE',  ( 20.48818523070279696, -1.713377886979969178, 11.49994679372111683 ) ) ;
#1628 = ORIENTED_EDGE ( 'NONE', *, *, #1676, .T. ) ;
#1629 = CARTESIAN_POINT ( 'NONE',  ( 18.21815313120275448, 14.32050807568903217, -9.540542172339110394 ) ) ;
#1630 = APPROVAL ( #1646, 'UNSPECIFIED' ) ;
#1631 = CARTESIAN_POINT ( 'NONE',  ( -15.42116304273493022, 13.05446170750258617, -16.43099459473791057 ) ) ;
#1632 = CARTESIAN_POINT ( 'NONE',  ( -22.47668474887161949, -0.2237205583708818113, -30.67489695618099077 ) ) ;
#1633 = EDGE_CURVE ( 'NONE', #188, #302, #201, .T. ) ;
#1634 = CARTESIAN_POINT ( 'NONE',  ( 20.53699092091901690, -1.628911983310192380, 8.499971568492567187 ) ) ;
#1635 = AXIS2_PLACEMENT_3D ( 'NONE', #1331, #682, #341 ) ;
#1636 = CARTESIAN_POINT ( 'NONE',  ( 21.63983488127579946, 11.85804485741765646, -2.927854426308415192 ) ) ;
#1637 = AXIS2_PLACEMENT_3D ( 'NONE', #2042, #561, #1235 ) ;
#1638 = ADVANCED_BREP_SHAPE_REPRESENTATION ( 'Mid Arm Connector Right V.3', ( #1977, #517 ), #1187 ) ;
#1639 = EDGE_LOOP ( 'NONE', ( #1527, #396, #1478, #1717, #472 ) ) ;
#1640 = CARTESIAN_POINT ( 'NONE',  ( 8.826792387898938941, -66.20874128731114183, 36.51872049774529216 ) ) ;
#1641 = AXIS2_PLACEMENT_3D ( 'NONE', #1678, #1185, #1139 ) ;
#1642 = ORIENTED_EDGE ( 'NONE', *, *, #694, .T. ) ;
#1643 = CIRCLE ( 'NONE', #1014, 1.250000000000001332 ) ;
#1644 = CIRCLE ( 'NONE', #1710, 2.250000000000001776 ) ;
#1645 = FACE_OUTER_BOUND ( 'NONE', #1324, .T. ) ;
#1646 = APPROVAL_STATUS ( 'not_yet_approved' ) ;
#1647 = CARTESIAN_POINT ( 'NONE',  ( 20.79481191921342997, -0.9466372013293600229, 8.809213082914554960 ) ) ;
#1648 =( BOUNDED_CURVE ( )  B_SPLINE_CURVE ( 3, ( #1705, #860, #1526, #1515 ),
 .UNSPECIFIED., .F., .F. ) 
 B_SPLINE_CURVE_WITH_KNOTS ( ( 4, 4 ),
 ( 2.303840671095791048, 4.759059591455788052 ),
 .UNSPECIFIED. ) 
 CURVE ( )  GEOMETRIC_REPRESENTATION_ITEM ( )  RATIONAL_B_SPLINE_CURVE ( ( 1.000000000000000000, 0.5576598846393544529, 0.5576598846393544529, 1.000000000000000000 ) ) 
 REPRESENTATION_ITEM ( '' )  );
#1649 = CARTESIAN_POINT ( 'NONE',  ( 21.65058932954256576, 10.75017052569424614, -1.881102073536518482 ) ) ;
#1650 = AXIS2_PLACEMENT_3D ( 'NONE', #657, #1946, #443 ) ;
#1651 = EDGE_CURVE ( 'NONE', #151, #1314, #2026, .T. ) ;
#1652 = ORIENTED_EDGE ( 'NONE', *, *, #192, .F. ) ;
#1653 = DIRECTION ( 'NONE',  ( -0.4932921833250086818, 0.8544071244954958289, 0.1632522204497818819 ) ) ;
#1654 = EDGE_CURVE ( 'NONE', #2152, #18, #41, .T. ) ;
#1655 = EDGE_CURVE ( 'NONE', #77, #1144, #2007, .T. ) ;
#1656 = DIRECTION ( 'NONE',  ( 0.1710100716628294992, 0.8660254037844415942, -0.4698463103929505502 ) ) ;
#1657 = CARTESIAN_POINT ( 'NONE',  ( 18.77737999290789261, 6.000000000000007105, 6.650690319970196995 ) ) ;
#1658 = ORIENTED_EDGE ( 'NONE', *, *, #1886, .F. ) ;
#1659 = DIRECTION ( 'NONE',  ( 0.000000000000000000, 0.4768709627114695038, 0.8789733129752212992 ) ) ;
#1660 = CARTESIAN_POINT ( 'NONE',  ( 9.578680749256255567, -0.2237205583708692380, -19.00769806633888948 ) ) ;
#1661 = CARTESIAN_POINT ( 'NONE',  ( 21.55245222893658408, 11.50460068673365477, -2.765031726880298191 ) ) ;
#1662 = VERTEX_POINT ( 'NONE', #1295 ) ;
#1663 = DIRECTION ( 'NONE',  ( 0.2961981327260235219, -0.4999999999999950040, -0.8137976813493770223 ) ) ;
#1664 = VERTEX_POINT ( 'NONE', #813 ) ;
#1665 = FACE_BOUND ( 'NONE', #1978, .T. ) ;
#1666 = FACE_OUTER_BOUND ( 'NONE', #816, .T. ) ;
#1667 = ORIENTED_EDGE ( 'NONE', *, *, #829, .T. ) ;
#1668 = VECTOR ( 'NONE', #1160, 1000.000000000000000 ) ;
#1669 = CARTESIAN_POINT ( 'NONE',  ( -14.78858060341968539, 11.97507324767446768, -16.29170513835296674 ) ) ;
#1670 = DIRECTION ( 'NONE',  ( 0.9396926207859105373, 3.686287386450714090E-16, 0.3420201433256624957 ) ) ;
#1671 = CARTESIAN_POINT ( 'NONE',  ( 21.81626140035076133, 10.67736559212156600, -1.311089911129100782 ) ) ;
#1672 = DIRECTION ( 'NONE',  ( 0.4719139070981665518, 0.8173788638923646932, -0.3304376751361294828 ) ) ;
#1673 = CARTESIAN_POINT ( 'NONE',  ( 20.78460969082652454, 5.999999999999998224, 0.8857272221943924828 ) ) ;
#1674 = ORIENTED_EDGE ( 'NONE', *, *, #52, .F. ) ;
#1675 = CARTESIAN_POINT ( 'NONE',  ( -23.40662757892974000, 21.78177192594734990, 9.999999999999998224 ) ) ;
#1676 = EDGE_CURVE ( 'NONE', #1297, #2052, #1957, .T. ) ;
#1677 = EDGE_CURVE ( 'NONE', #188, #840, #1262, .T. ) ;
#1678 = CARTESIAN_POINT ( 'NONE',  ( 3.794412866145308705, -63.20874128731116315, 40.21671405493749063 ) ) ;
#1679 = DIRECTION ( 'NONE',  ( 0.9618967477123856469, -0.2499999999999970857, -0.1107007079486696799 ) ) ;
#1680 = ORIENTED_EDGE ( 'NONE', *, *, #1651, .T. ) ;
#1681 = DIRECTION ( 'NONE',  ( 0.9396926207859106484, 9.602933527728749332E-16, 0.3420201433256622181 ) ) ;
#1682 = CYLINDRICAL_SURFACE ( 'NONE', #1578, 1.500000000000001110 ) ;
#1683 = FACE_BOUND ( 'NONE', #485, .T. ) ;
#1684 = CARTESIAN_POINT ( 'NONE',  ( -20.92050807568877246, 1.734723475976807094E-15, 0.000000000000000000 ) ) ;
#1685 = CARTESIAN_POINT ( 'NONE',  ( 21.76666049839540307, -4.299038105676659782, 9.999999999999998224 ) ) ;
#1686 = ORIENTED_EDGE ( 'NONE', *, *, #483, .F. ) ;
#1687 = CARTESIAN_POINT ( 'NONE',  ( 13.85640646055101932, -5.999999999999998224, 15.00000000000000000 ) ) ;
#1688 = PLANE ( 'NONE',  #679 ) ;
#1689 = ORIENTED_EDGE ( 'NONE', *, *, #2069, .T. ) ;
#1690 = FACE_OUTER_BOUND ( 'NONE', #1094, .T. ) ;
#1691 = CARTESIAN_POINT ( 'NONE',  ( -19.36613364452589181, 17.32050807568902684, -17.69047392418760722 ) ) ;
#1692 = CARTESIAN_POINT ( 'NONE',  ( -11.37775026468949235, 20.32050807568898776, -9.253310243379125666 ) ) ;
#1693 = EDGE_LOOP ( 'NONE', ( #260, #2076 ) ) ;
#1694 = VERTEX_POINT ( 'NONE', #299 ) ;
#1695 = CARTESIAN_POINT ( 'NONE',  ( 22.51627814739156008, 13.53541633257655441, -1.896179220585192837 ) ) ;
#1696 = CARTESIAN_POINT ( 'NONE',  ( -20.90467461984244935, -0.3372687115187071316, 9.999999999999998224 ) ) ;
#1697 = ORIENTED_EDGE ( 'NONE', *, *, #262, .T. ) ;
#1698 = EDGE_CURVE ( 'NONE', #1763, #1487, #702, .T. ) ;
#1699 = EDGE_CURVE ( 'NONE', #172, #380, #107, .T. ) ;
#1700 = DIRECTION ( 'NONE',  ( -0.2133312028987086606, -0.4330127018922145798, -0.8757795372522664268 ) ) ;
#1701 = DIRECTION ( 'NONE',  ( 0.5000000000000001110, -0.8660254037844385966, 0.000000000000000000 ) ) ;
#1702 = ADVANCED_FACE ( 'NONE', ( #791 ), #1463, .F. ) ;
#1703 = EDGE_CURVE ( 'NONE', #1694, #1990, #1833, .T. ) ;
#1704 = CARTESIAN_POINT ( 'NONE',  ( 0.000000000000000000, 0.000000000000000000, 0.000000000000000000 ) ) ;
#1705 = CARTESIAN_POINT ( 'NONE',  ( -13.85640646055104064, 5.999999999999998224, -5.466106916696203299 ) ) ;
#1706 = VERTEX_POINT ( 'NONE', #12 ) ;
#1707 = ORIENTED_EDGE ( 'NONE', *, *, #169, .T. ) ;
#1708 = CARTESIAN_POINT ( 'NONE',  ( -5.175995486233562204, -15.00000000000000000, -11.09995814075400133 ) ) ;
#1709 = CARTESIAN_POINT ( 'NONE',  ( 17.32050807568878170, -5.204170427930421283E-15, 15.00000000000000000 ) ) ;
#1710 = AXIS2_PLACEMENT_3D ( 'NONE', #1423, #582, #57 ) ;
#1711 = VERTEX_POINT ( 'NONE', #185 ) ;
#1712 = DIRECTION ( 'NONE',  ( -0.000000000000000000, -0.000000000000000000, -1.000000000000000000 ) ) ;
#1713 = LINE ( 'NONE', #1082, #693 ) ;
#1714 = DIRECTION ( 'NONE',  ( -1.000000000000000000, 2.503857664561935334E-16, 0.000000000000000000 ) ) ;
#1715 = DIRECTION ( 'NONE',  ( 0.9396926207859108704, 1.378485619302998241E-15, 0.3420201433256620516 ) ) ;
#1716 = ORIENTED_EDGE ( 'NONE', *, *, #541, .F. ) ;
#1717 = ORIENTED_EDGE ( 'NONE', *, *, #1252, .T. ) ;
#1718 = ADVANCED_FACE ( 'NONE', ( #1025 ), #1682, .F. ) ;
#1719 = ORIENTED_EDGE ( 'NONE', *, *, #1677, .T. ) ;
#1720 = DIRECTION ( 'NONE',  ( -0.8660254037844390407, -0.4999999999999995004, 0.000000000000000000 ) ) ;
#1721 = PLANE ( 'NONE',  #1635 ) ;
#1722 = ORIENTED_EDGE ( 'NONE', *, *, #1886, .T. ) ;
#1723 = CARTESIAN_POINT ( 'NONE',  ( -22.05036398574094392, -0.2237205583708990753, -31.84995110374665117 ) ) ;
#1724 = DIRECTION ( 'NONE',  ( 0.9396926207859107594, 3.686287386450715076E-16, 0.3420201433256625512 ) ) ;
#1725 = CARTESIAN_POINT ( 'NONE',  ( -15.40741754560253440, 10.75107836999707622, -15.46066394329863769 ) ) ;
#1726 = LINE ( 'NONE', #223, #783 ) ;
#1727 = LINE ( 'NONE', #424, #2022 ) ;
#1728 = ORIENTED_EDGE ( 'NONE', *, *, #992, .T. ) ;
#1729 = AXIS2_PLACEMENT_3D ( 'NONE', #669, #1341, #2005 ) ;
#1730 = ORIENTED_EDGE ( 'NONE', *, *, #1290, .F. ) ;
#1731 = VERTEX_POINT ( 'NONE', #152 ) ;
#1732 = CARTESIAN_POINT ( 'NONE',  ( 20.78460969082652099, -6.000000000000000000, 15.00000000000000000 ) ) ;
#1733 = ORIENTED_EDGE ( 'NONE', *, *, #1042, .T. ) ;
#1734 = CIRCLE ( 'NONE', #959, 1.500000000000000000 ) ;
#1735 = AXIS2_PLACEMENT_3D ( 'NONE', #585, #1925, #2070 ) ;
#1736 = CARTESIAN_POINT ( 'NONE',  ( 20.78460969082652099, -6.000000000000000000, 15.00000000000000000 ) ) ;
#1737 = CARTESIAN_POINT ( 'NONE',  ( 20.92050807568877957, -3.311655519144625970, 2.276294501354826583 ) ) ;
#1738 = CARTESIAN_POINT ( 'NONE',  ( 20.78460969082652099, -6.000000000000000000, 15.00000000000000000 ) ) ;
#1739 = CARTESIAN_POINT ( 'NONE',  ( -16.74297230510421741, 13.44951275908802479, -15.04596907930082139 ) ) ;
#1740 = CARTESIAN_POINT ( 'NONE',  ( -18.79422738946319171, 11.49038105676683763, -16.15894329104473925 ) ) ;
#1741 = ORIENTED_EDGE ( 'NONE', *, *, #1489, .T. ) ;
#1742 = DIRECTION ( 'NONE',  ( 0.1710100716628294992, 0.8660254037844415942, -0.4698463103929505502 ) ) ;
#1743 = EDGE_CURVE ( 'NONE', #500, #367, #163, .T. ) ;
#1744 = ORIENTED_EDGE ( 'NONE', *, *, #1805, .F. ) ;
#1745 = CARTESIAN_POINT ( 'NONE',  ( -20.53406495947293919, -1.625570458676772523, 8.509985229023168785 ) ) ;
#1746 = VERTEX_POINT ( 'NONE', #987 ) ;
#1747 = VECTOR ( 'NONE', #723, 1000.000000000000000 ) ;
#1748 = FACE_OUTER_BOUND ( 'NONE', #158, .T. ) ;
#1749 = CARTESIAN_POINT ( 'NONE',  ( -16.78097635264333576, 11.22723375807177781, -14.47111825722504186 ) ) ;
#1750 = VECTOR ( 'NONE', #2167, 1000.000000000000000 ) ;
#1751 = DIRECTION ( 'NONE',  ( 0.4999999999999987232, -0.8660254037844392627, 0.000000000000000000 ) ) ;
#1752 = CARTESIAN_POINT ( 'NONE',  ( -20.88009303716428633, -0.5441337744404737276, 10.75915187363932368 ) ) ;
#1753 = VECTOR ( 'NONE', #1482, 1000.000000000000000 ) ;
#1754 = VERTEX_POINT ( 'NONE', #1321 ) ;
#1755 = DIRECTION ( 'NONE',  ( -0.000000000000000000, -0.000000000000000000, -1.000000000000000000 ) ) ;
#1756 = ORIENTED_EDGE ( 'NONE', *, *, #2092, .F. ) ;
#1757 = LINE ( 'NONE', #1123, #1148 ) ;
#1758 = DIRECTION ( 'NONE',  ( 0.9396926207859112035, 0.000000000000000000, 0.3420201433256606083 ) ) ;
#1759 = LINE ( 'NONE', #753, #2010 ) ;
#1760 = FACE_OUTER_BOUND ( 'NONE', #214, .T. ) ;
#1761 = EDGE_LOOP ( 'NONE', ( #1522, #1061, #2048, #477, #1680, #455 ) ) ;
#1762 = CARTESIAN_POINT ( 'NONE',  ( 16.02911324825152661, -2.236761453752941886, 8.830496965729791370 ) ) ;
#1763 = VERTEX_POINT ( 'NONE', #2003 ) ;
#1764 = FACE_OUTER_BOUND ( 'NONE', #1639, .T. ) ;
#1765 = EDGE_CURVE ( 'NONE', #1625, #644, #1643, .T. ) ;
#1766 = EDGE_CURVE ( 'NONE', #1616, #490, #1365, .T. ) ;
#1767 = CARTESIAN_POINT ( 'NONE',  ( -13.85640646055104064, 5.999999999999998224, -5.466106916696203299 ) ) ;
#1768 = ADVANCED_FACE ( 'NONE', ( #364 ), #528, .F. ) ;
#1769 = CARTESIAN_POINT ( 'NONE',  ( -22.64128361171287551, -2.784146435936710073, -7.440925572301412494 ) ) ;
#1770 = CARTESIAN_POINT ( 'NONE',  ( -19.99177128884500476, -2.414800619949638349, 11.29941669991056585 ) ) ;
#1771 = CIRCLE ( 'NONE', #1217, 3.599999999999999201 ) ;
#1772 = EDGE_CURVE ( 'NONE', #27, #1754, #1854, .T. ) ;
#1773 = ORIENTED_EDGE ( 'NONE', *, *, #1602, .T. ) ;
#1774 = DIRECTION ( 'NONE',  ( 0.6656986149863671764, 0.2499999999999967804, 0.7030969734007066485 ) ) ;
#1775 = VERTEX_POINT ( 'NONE', #1339 ) ;
#1776 = CARTESIAN_POINT ( 'NONE',  ( -15.63385136539823961, 13.24900794763345502, -16.35278869302892701 ) ) ;
#1777 = CARTESIAN_POINT ( 'NONE',  ( 24.24871130596427449, 6.847727811467460497E-15, 15.00000000000000000 ) ) ;
#1778 = FACE_OUTER_BOUND ( 'NONE', #609, .T. ) ;
#1779 = CARTESIAN_POINT ( 'NONE',  ( -20.90467461984244935, -0.3372687115187071316, 9.999999999999998224 ) ) ;
#1780 = EDGE_CURVE ( 'NONE', #1625, #101, #23, .T. ) ;
#1781 = ORGANIZATION ( 'UNSPECIFIED', 'UNSPECIFIED', '' ) ;
#1782 = ORIENTED_EDGE ( 'NONE', *, *, #1909, .F. ) ;
#1783 = CYLINDRICAL_SURFACE ( 'NONE', #1924, 3.599999999999997424 ) ;
#1784 = ORIENTED_EDGE ( 'NONE', *, *, #52, .T. ) ;
#1785 = LINE ( 'NONE', #623, #889 ) ;
#1786 = CARTESIAN_POINT ( 'NONE',  ( -13.85640646055101932, -5.999999999999998224, 15.00000000000000000 ) ) ;
#1787 = CARTESIAN_POINT ( 'NONE',  ( 15.73616130619845777, -5.999999999999999112, 14.78366680968824909 ) ) ;
#1788 = AXIS2_PLACEMENT_3D ( 'NONE', #1117, #1613, #106 ) ;
#1789 = CARTESIAN_POINT ( 'NONE',  ( -19.44078353657344138, -2.910542255322089655, 10.39524471043833387 ) ) ;
#1790 = VERTEX_POINT ( 'NONE', #1012 ) ;
#1791 = CARTESIAN_POINT ( 'NONE',  ( 19.99177081768079134, -2.414797383779524687, 11.29940823431347852 ) ) ;
#1792 = APPROVAL ( #476, 'UNSPECIFIED' ) ;
#1793 = ORIENTED_EDGE ( 'NONE', *, *, #1703, .T. ) ;
#1794 = LINE ( 'NONE', #1606, #1192 ) ;
#1795 = ORIENTED_EDGE ( 'NONE', *, *, #35, .F. ) ;
#1796 = CARTESIAN_POINT ( 'NONE',  ( 0.000000000000000000, 0.000000000000000000, 15.00000000000000000 ) ) ;
#1797 = DIRECTION ( 'NONE',  ( 0.1710100716628295270, 0.8660254037844415942, -0.4698463103929504947 ) ) ;
#1798 = CARTESIAN_POINT ( 'NONE',  ( 19.99180009175347550, -2.414758220240374786, 8.700581645424446009 ) ) ;
#1799 = DIRECTION ( 'NONE',  ( 0.2515460552138169548, 0.9678453296402104167, 0.000000000000000000 ) ) ;
#1800 = VECTOR ( 'NONE', #411, 999.9999999999998863 ) ;
#1801 = CARTESIAN_POINT ( 'NONE',  ( 19.44154772000140241, -2.909947956783125900, 10.39709919525443560 ) ) ;
#1802 = ORIENTED_EDGE ( 'NONE', *, *, #1743, .F. ) ;
#1803 = DIRECTION ( 'NONE',  ( -0.6656986149863666213, -0.2499999999999971134, -0.7030969734007072036 ) ) ;
#1804 = ORIENTED_EDGE ( 'NONE', *, *, #878, .T. ) ;
#1805 = EDGE_CURVE ( 'NONE', #487, #1616, #1154, .T. ) ;
#1806 = DIRECTION ( 'NONE',  ( -0.000000000000000000, -0.000000000000000000, -1.000000000000000000 ) ) ;
#1807 = PERSON_AND_ORGANIZATION_ROLE ( 'creator' ) ;
#1808 = CARTESIAN_POINT ( 'NONE',  ( 20.22395212860433489, -2.130601413466284733, 8.549145791946669348 ) ) ;
#1809 = CARTESIAN_POINT ( 'NONE',  ( 4.658891513867994050, 5.490381056766874046, -20.10971023444919936 ) ) ;
#1810 = CARTESIAN_POINT ( 'NONE',  ( 19.57805932955963968, -2.804783502044707610, 10.75424539804530610 ) ) ;
#1811 = AXIS2_PLACEMENT_3D ( 'NONE', #1879, #233, #1914 ) ;
#1812 = EDGE_CURVE ( 'NONE', #1990, #487, #503, .T. ) ;
#1813 = EDGE_CURVE ( 'NONE', #29, #1731, #1492, .T. ) ;
#1814 = EDGE_LOOP ( 'NONE', ( #980, #786 ) ) ;
#1815 = LINE ( 'NONE', #334, #2055 ) ;
#1816 = VECTOR ( 'NONE', #890, 1000.000000000000000 ) ;
#1817 = ORIENTED_EDGE ( 'NONE', *, *, #992, .F. ) ;
#1818 = CARTESIAN_POINT ( 'NONE',  ( -14.33375412277228556, 14.32050807568905526, -21.38846748137981280 ) ) ;
#1819 = CALENDAR_DATE ( 2026, 31, 3 ) ;
#1820 = ORIENTED_EDGE ( 'NONE', *, *, #1149, .F. ) ;
#1821 = CARTESIAN_POINT ( 'NONE',  ( -20.04376105346072023, -14.99999999999999467, 2.976977645462786093 ) ) ;
#1822 = CARTESIAN_POINT ( 'NONE',  ( 20.81416832621236779, -0.8715070546383889560, 8.870731197006861635 ) ) ;
#1823 = PLANE ( 'NONE',  #572 ) ;
#1824 = CARTESIAN_POINT ( 'NONE',  ( 21.56922363039076629, 11.59024220079033185, -2.811722285685244405 ) ) ;
#1825 = AXIS2_PLACEMENT_3D ( 'NONE', #205, #387, #880 ) ;
#1826 = ORIENTED_EDGE ( 'NONE', *, *, #2126, .T. ) ;
#1827 = FACE_BOUND ( 'NONE', #1595, .T. ) ;
#1828 = VERTEX_POINT ( 'NONE', #656 ) ;
#1829 = LINE ( 'NONE', #2143, #294 ) ;
#1830 = CARTESIAN_POINT ( 'NONE',  ( 17.13116681757664850, 6.000000000000005329, 6.650690319970196995 ) ) ;
#1831 = ORIENTED_EDGE ( 'NONE', *, *, #776, .T. ) ;
#1832 = AXIS2_PLACEMENT_3D ( 'NONE', #2114, #908, #1961 ) ;
#1833 = LINE ( 'NONE', #340, #977 ) ;
#1834 = CARTESIAN_POINT ( 'NONE',  ( -28.75749438782970913, -63.20874128731116315, 28.36878874589677579 ) ) ;
#1835 = ADVANCED_FACE ( 'NONE', ( #2017 ), #666, .T. ) ;
#1836 = CARTESIAN_POINT ( 'NONE',  ( 21.56612438394298792, 10.92364588183782637, -2.227500270753490330 ) ) ;
#1837 = EDGE_CURVE ( 'NONE', #1711, #2059, #1101, .T. ) ;
#1838 = ORIENTED_EDGE ( 'NONE', *, *, #1382, .T. ) ;
#1839 = CYLINDRICAL_SURFACE ( 'NONE', #267, 3.499999999999998668 ) ;
#1840 = ADVANCED_FACE ( 'NONE', ( #514, #1690 ), #845, .F. ) ;
#1841 = LINE ( 'NONE', #2013, #1519 ) ;
#1842 = ORIENTED_EDGE ( 'NONE', *, *, #191, .T. ) ;
#1843 = VECTOR ( 'NONE', #640, 1000.000000000000114 ) ;
#1844 = LINE ( 'NONE', #1523, #220 ) ;
#1845 = CARTESIAN_POINT ( 'NONE',  ( -6.727507346848849323, -5.978348007442756185, -4.305125451459391073 ) ) ;
#1846 = CARTESIAN_POINT ( 'NONE',  ( 21.89452339022767902, 10.72616185523805754, -1.029602595018873412 ) ) ;
#1847 = DIRECTION ( 'NONE',  ( 0.000000000000000000, 0.000000000000000000, 1.000000000000000000 ) ) ;
#1848 = DIRECTION ( 'NONE',  ( 0.5000000000000002220, -0.8660254037844384856, 0.000000000000000000 ) ) ;
#1849 = ORIENTED_EDGE ( 'NONE', *, *, #930, .F. ) ;
#1850 = DIRECTION ( 'NONE',  ( -0.000000000000000000, -0.000000000000000000, -1.000000000000000000 ) ) ;
#1851 = FACE_OUTER_BOUND ( 'NONE', #925, .T. ) ;
#1852 = APPROVAL_DATE_TIME ( #663, #1792 ) ;
#1853 = ORIENTED_EDGE ( 'NONE', *, *, #1930, .F. ) ;
#1854 = CIRCLE ( 'NONE', #524, 3.499999999999999112 ) ;
#1855 = DIRECTION ( 'NONE',  ( -0.7261554316666068987, 0.000000000000000000, 0.6875305731828103006 ) ) ;
#1856 = CC_DESIGN_APPROVAL ( #463, ( #659 ) ) ;
#1857 = DIRECTION ( 'NONE',  ( -1.000000000000000000, 0.000000000000000000, 0.000000000000000000 ) ) ;
#1858 = CARTESIAN_POINT ( 'NONE',  ( 22.05439861273110225, 11.21693712142024246, -0.3145632182035369984 ) ) ;
#1859 = LINE ( 'NONE', #518, #1173 ) ;
#1860 = EDGE_LOOP ( 'NONE', ( #1457, #251, #660, #1279 ) ) ;
#1861 = ORIENTED_EDGE ( 'NONE', *, *, #1885, .F. ) ;
#1862 = CARTESIAN_POINT ( 'NONE',  ( 13.85640646055101755, 6.000000000000000000, 15.00000000000000000 ) ) ;
#1863 = EDGE_CURVE ( 'NONE', #1375, #1314, #1524, .T. ) ;
#1864 = VECTOR ( 'NONE', #1712, 1000.000000000000000 ) ;
#1865 = EDGE_CURVE ( 'NONE', #101, #449, #1601, .T. ) ;
#1866 = CARTESIAN_POINT ( 'NONE',  ( -19.99302900115074522, -2.418879305597652518, 8.691276352762500323 ) ) ;
#1867 = ORIENTED_EDGE ( 'NONE', *, *, #1223, .F. ) ;
#1868 = DIRECTION ( 'NONE',  ( 0.3420201433256618850, 0.000000000000000000, -0.9396926207859108704 ) ) ;
#1869 = CARTESIAN_POINT ( 'NONE',  ( -22.73780388451583789, 6.000000000000005329, -5.083465892189174440 ) ) ;
#1870 = CARTESIAN_POINT ( 'NONE',  ( 17.31748054058352437, 5.999999999999999112, 11.33809060579891970 ) ) ;
#1871 = EDGE_LOOP ( 'NONE', ( #54, #1422, #1608, #1216 ) ) ;
#1872 = ORIENTED_EDGE ( 'NONE', *, *, #1128, .F. ) ;
#1873 = CARTESIAN_POINT ( 'NONE',  ( -24.24871130596427449, 6.847727811467460497E-15, 15.00000000000000000 ) ) ;
#1874 = DIRECTION ( 'NONE',  ( -0.000000000000000000, -0.000000000000000000, -1.000000000000000000 ) ) ;
#1875 = PRODUCT ( 'Mid Arm Connector Right V.3', 'Mid Arm Connector Right V.3', '', ( #1989 ) ) ;
#1876 = APPROVAL_ROLE ( '' ) ;
#1877 = ORIENTED_EDGE ( 'NONE', *, *, #1269, .F. ) ;
#1878 = DIRECTION ( 'NONE',  ( -0.4999999999999992228, -0.8660254037844390407, 0.000000000000000000 ) ) ;
#1879 = CARTESIAN_POINT ( 'NONE',  ( 10.00620592841332268, -0.2237205583708663237, -20.18231384232128178 ) ) ;
#1880 = CARTESIAN_POINT ( 'NONE',  ( -22.05981209872514270, 6.000000000000005329, -13.27484086764644111 ) ) ;
#1881 = CARTESIAN_POINT ( 'NONE',  ( 23.15902853521402704, 1.887385923071843497, 7.269580857656992023 ) ) ;
#1882 = EDGE_CURVE ( 'NONE', #1571, #1481, #69, .T. ) ;
#1883 = EDGE_LOOP ( 'NONE', ( #345, #1966, #1782, #272, #2062 ) ) ;
#1884 = EDGE_LOOP ( 'NONE', ( #1784, #1244 ) ) ;
#1885 = EDGE_CURVE ( 'NONE', #2152, #161, #409, .T. ) ;
#1886 = EDGE_CURVE ( 'NONE', #1706, #559, #751, .T. ) ;
#1887 = ORIENTED_EDGE ( 'NONE', *, *, #24, .T. ) ;
#1888 = CARTESIAN_POINT ( 'NONE',  ( -20.88545340823432639, -0.5028084594999016055, 9.332899125146663977 ) ) ;
#1889 = ORIENTED_EDGE ( 'NONE', *, *, #1021, .T. ) ;
#1890 = LINE ( 'NONE', #1056, #1550 ) ;
#1891 = DIRECTION ( 'NONE',  ( -0.5000000000000001110, 0.8660254037844385966, 0.000000000000000000 ) ) ;
#1892 = CARTESIAN_POINT ( 'NONE',  ( -17.01358030276991684, 11.95523443101115113, -14.27826102858507795 ) ) ;
#1893 = DIRECTION ( 'NONE',  ( 0.4999999999999977796, 0.8660254037844398178, 0.000000000000000000 ) ) ;
#1894 = PLANE ( 'NONE',  #1530 ) ;
#1895 = VERTEX_POINT ( 'NONE', #2077 ) ;
#1896 = ORIENTED_EDGE ( 'NONE', *, *, #281, .T. ) ;
#1897 = ORIENTED_EDGE ( 'NONE', *, *, #383, .T. ) ;
#1898 = FACE_OUTER_BOUND ( 'NONE', #91, .T. ) ;
#1899 = PERSON_AND_ORGANIZATION ( #755, #1781 ) ;
#1900 = ORIENTED_EDGE ( 'NONE', *, *, #1384, .F. ) ;
#1901 = LINE ( 'NONE', #56, #42 ) ;
#1902 = CARTESIAN_POINT ( 'NONE',  ( -12.35088800770704864, -8.607634452058233521, -6.579636268419330136 ) ) ;
#1903 = CARTESIAN_POINT ( 'NONE',  ( -16.89714170970086116, 11.48148475462992835, -14.37205814726237918 ) ) ;
#1904 = CARTESIAN_POINT ( 'NONE',  ( -17.02313585853811517, 12.55214119383930793, -14.34532064358848125 ) ) ;
#1905 = CARTESIAN_POINT ( 'NONE',  ( -14.14590184732060685, 6.000000000000005329, -13.23194716522544567 ) ) ;
#1906 = VERTEX_POINT ( 'NONE', #706 ) ;
#1907 = EDGE_CURVE ( 'NONE', #2052, #1614, #571, .T. ) ;
#1908 = VECTOR ( 'NONE', #1552, 1000.000000000000227 ) ;
#1909 = EDGE_CURVE ( 'NONE', #2058, #490, #376, .T. ) ;
#1910 = VERTEX_POINT ( 'NONE', #1551 ) ;
#1911 = EDGE_LOOP ( 'NONE', ( #1209, #1730, #75, #1182, #1817, #1152 ) ) ;
#1912 = AXIS2_PLACEMENT_3D ( 'NONE', #350, #1328, #1507 ) ;
#1913 = AXIS2_PLACEMENT_3D ( 'NONE', #1525, #176, #2006 ) ;
#1914 = DIRECTION ( 'NONE',  ( 0.3420201433256619961, 0.000000000000000000, -0.9396926207859108704 ) ) ;
#1915 = DIRECTION ( 'NONE',  ( 0.4999999999999979461, 0.8660254037844399289, 0.000000000000000000 ) ) ;
#1916 = DIRECTION ( 'NONE',  ( -0.4932921833250079602, 0.8544071244954959399, 0.1632522204497837970 ) ) ;
#1917 = CARTESIAN_POINT ( 'NONE',  ( -20.71912099144072172, -1.190731052701258896, 11.34657278907024214 ) ) ;
#1918 = FACE_BOUND ( 'NONE', #1948, .T. ) ;
#1919 = ORIENTED_EDGE ( 'NONE', *, *, #1548, .T. ) ;
#1920 = AXIS2_PLACEMENT_3D ( 'NONE', #1834, #1001, #846 ) ;
#1921 = VECTOR ( 'NONE', #125, 1000.000000000000000 ) ;
#1922 = DIRECTION ( 'NONE',  ( -0.000000000000000000, -0.000000000000000000, -1.000000000000000000 ) ) ;
#1923 = DIRECTION ( 'NONE',  ( -0.000000000000000000, -0.000000000000000000, -1.000000000000000000 ) ) ;
#1924 = AXIS2_PLACEMENT_3D ( 'NONE', #1110, #291, #1932 ) ;
#1925 = DIRECTION ( 'NONE',  ( -0.2667380914379905432, -0.6259165914230662153, 0.7328568831343189593 ) ) ;
#1926 = CARTESIAN_POINT ( 'NONE',  ( -22.04915956971453994, -0.2237205583708819778, -31.84951273216338308 ) ) ;
#1927 = AXIS2_PLACEMENT_3D ( 'NONE', #1964, #979, #461 ) ;
#1928 = VECTOR ( 'NONE', #265, 1000.000000000000000 ) ;
#1929 = EDGE_LOOP ( 'NONE', ( #1642, #338, #1667, #1985 ) ) ;
#1930 = EDGE_CURVE ( 'NONE', #1828, #803, #131, .T. ) ;
#1931 = EDGE_CURVE ( 'NONE', #887, #216, #911, .T. ) ;
#1932 = DIRECTION ( 'NONE',  ( -1.000000000000000000, 0.000000000000000000, 0.000000000000000000 ) ) ;
#1933 = ORIENTED_EDGE ( 'NONE', *, *, #441, .F. ) ;
#1934 = EDGE_CURVE ( 'NONE', #1320, #1754, #1377, .T. ) ;
#1935 = EDGE_CURVE ( 'NONE', #1131, #1030, #1644, .T. ) ;
#1936 = CYLINDRICAL_SURFACE ( 'NONE', #1296, 9.000000000000008882 ) ;
#1937 = AXIS2_PLACEMENT_3D ( 'NONE', #397, #1071, #1400 ) ;
#1938 = LINE ( 'NONE', #60, #1908 ) ;
#1939 = PLANE ( 'NONE',  #1462 ) ;
#1940 = CARTESIAN_POINT ( 'NONE',  ( -19.40467461984245645, -2.935344922872030082, 9.999999999999998224 ) ) ;
#1941 = EDGE_CURVE ( 'NONE', #950, #1731, #1713, .T. ) ;
#1942 = ORIENTED_EDGE ( 'NONE', *, *, #1765, .T. ) ;
#1943 = DIRECTION ( 'NONE',  ( 0.1710100716628294992, 0.8660254037844415942, -0.4698463103929505502 ) ) ;
#1944 = CARTESIAN_POINT ( 'NONE',  ( -16.96264045339054505, 12.90482640011571114, -14.51684595410688061 ) ) ;
#1945 = DIRECTION ( 'NONE',  ( 0.000000000000000000, -0.000000000000000000, -1.000000000000000000 ) ) ;
#1946 = DIRECTION ( 'NONE',  ( -0.000000000000000000, -0.000000000000000000, -1.000000000000000000 ) ) ;
#1947 = CARTESIAN_POINT ( 'NONE',  ( -20.86224197669885783, -0.6610350747886983847, 10.92298979693755534 ) ) ;
#1948 = EDGE_LOOP ( 'NONE', ( #1581, #2145, #240, #1560 ) ) ;
#1949 = EDGE_LOOP ( 'NONE', ( #1897, #155, #1055, #773, #1773 ) ) ;
#1950 = DIRECTION ( 'NONE',  ( 0.1710100716628294992, 0.8660254037844415942, -0.4698463103929505502 ) ) ;
#1951 = ORIENTED_EDGE ( 'NONE', *, *, #1108, .F. ) ;
#1952 = LINE ( 'NONE', #273, #1455 ) ;
#1953 = DIRECTION ( 'NONE',  ( 0.000000000000000000, 0.4768709627114698923, 0.8789733129752209662 ) ) ;
#1954 = CC_DESIGN_PERSON_AND_ORGANIZATION_ASSIGNMENT ( #2168, #2014, ( #1875 ) ) ;
#1955 = PLANE ( 'NONE',  #1100 ) ;
#1956 = LINE ( 'NONE', #2081, #283 ) ;
#1957 = LINE ( 'NONE', #1984, #2130 ) ;
#1958 = EDGE_LOOP ( 'NONE', ( #685, #970, #795, #1233 ) ) ;
#1959 = CARTESIAN_POINT ( 'NONE',  ( -7.794228634059964911, -4.500000000000002665, 15.00000000000000000 ) ) ;
#1960 = ORIENTED_EDGE ( 'NONE', *, *, #2023, .F. ) ;
#1961 = DIRECTION ( 'NONE',  ( 1.000000000000000000, 0.000000000000000000, 0.000000000000000000 ) ) ;
#1962 = CARTESIAN_POINT ( 'NONE',  ( -6.727507346848849323, -5.978348007442756185, -4.305125451459391073 ) ) ;
#1963 = CARTESIAN_POINT ( 'NONE',  ( 20.05101787427902238, -2.347919596320473978, 8.653427210929750757 ) ) ;
#1964 = CARTESIAN_POINT ( 'NONE',  ( -17.32050807568877460, 1.734723475976807094E-15, 15.00000000000000000 ) ) ;
#1965 = ADVANCED_FACE ( 'NONE', ( #2054 ), #398, .F. ) ;
#1966 = ORIENTED_EDGE ( 'NONE', *, *, #1766, .T. ) ;
#1967 = LINE ( 'NONE', #815, #902 ) ;
#1968 = ORIENTED_EDGE ( 'NONE', *, *, #2023, .T. ) ;
#1969 = CARTESIAN_POINT ( 'NONE',  ( 23.37499648273591291, 25.22761131918282729, 9.999999999999998224 ) ) ;
#1970 = CARTESIAN_POINT ( 'NONE',  ( 13.85640646055101755, 6.000000000000000000, 15.00000000000000000 ) ) ;
#1971 = DIRECTION ( 'NONE',  ( -0.8660254037844401509, -0.4999999999999973355, -0.000000000000000000 ) ) ;
#1972 = EDGE_CURVE ( 'NONE', #1746, #1895, #742, .T. ) ;
#1973 = EDGE_CURVE ( 'NONE', #449, #101, #587, .T. ) ;
#1974 = CARTESIAN_POINT ( 'NONE',  ( 21.53200730268725138, 11.34034367107446606, -2.656191675877632719 ) ) ;
#1975 = EDGE_LOOP ( 'NONE', ( #2111, #1212, #554, #832, #63 ) ) ;
#1976 = FACE_OUTER_BOUND ( 'NONE', #1532, .T. ) ;
#1977 = MANIFOLD_SOLID_BREP ( 'Cut-Extrude10', #2074 ) ;
#1978 = EDGE_LOOP ( 'NONE', ( #1120, #16 ) ) ;
#1979 = PLANE ( 'NONE',  #1172 ) ;
#1980 = CARTESIAN_POINT ( 'NONE',  ( 20.78460969082652454, 5.999999999999998224, 3.766364750562412045 ) ) ;
#1981 = ORIENTED_EDGE ( 'NONE', *, *, #764, .T. ) ;
#1982 = DIRECTION ( 'NONE',  ( 0.3420201433256639945, 0.000000000000000000, -0.9396926207859100932 ) ) ;
#1983 = DIRECTION ( 'NONE',  ( 0.6656986149863658442, 0.2499999999999976130, 0.7030969734007077587 ) ) ;
#1984 = CARTESIAN_POINT ( 'NONE',  ( 20.78460969082652099, -6.000000000000000000, 15.00000000000000000 ) ) ;
#1985 = ORIENTED_EDGE ( 'NONE', *, *, #1473, .F. ) ;
#1986 = DIRECTION ( 'NONE',  ( -1.000000000000000000, 0.000000000000000000, 0.000000000000000000 ) ) ;
#1987 = APPROVAL_PERSON_ORGANIZATION ( #1899, #463, #1876 ) ;
#1988 = DIRECTION ( 'NONE',  ( 0.1710100716628294992, 0.8660254037844415942, -0.4698463103929505502 ) ) ;
#1989 = MECHANICAL_CONTEXT ( 'NONE', #1276, 'mechanical' ) ;
#1990 = VERTEX_POINT ( 'NONE', #1902 ) ;
#1991 = EDGE_CURVE ( 'NONE', #913, #1320, #204, .T. ) ;
#1992 = CARTESIAN_POINT ( 'NONE',  ( -17.32050807568877460, 1.734723475976807094E-15, 15.00000000000000000 ) ) ;
#1993 = FACE_OUTER_BOUND ( 'NONE', #948, .T. ) ;
#1994 = EDGE_CURVE ( 'NONE', #1218, #329, #1573, .T. ) ;
#1995 = CARTESIAN_POINT ( 'NONE',  ( 21.97856341603901242, 12.57089912331706749, -2.936143498715467537 ) ) ;
#1996 = ADVANCED_FACE ( 'NONE', ( #1748 ), #246, .F. ) ;
#1997 = ORIENTED_EDGE ( 'NONE', *, *, #722, .T. ) ;
#1998 = FACE_OUTER_BOUND ( 'NONE', #1159, .T. ) ;
#1999 = FACE_BOUND ( 'NONE', #774, .T. ) ;
#2000 = CARTESIAN_POINT ( 'NONE',  ( 20.18402442578780409, 6.000000000000004441, 5.540170559410321438 ) ) ;
#2001 = ORIENTED_EDGE ( 'NONE', *, *, #373, .F. ) ;
#2002 = AXIS2_PLACEMENT_3D ( 'NONE', #491, #527, #1011 ) ;
#2003 = CARTESIAN_POINT ( 'NONE',  ( -23.26666049839540307, -1.700961894323341994, 9.999999999999998224 ) ) ;
#2004 = CARTESIAN_POINT ( 'NONE',  ( 21.78813705122354705, 10.67460363509395371, -1.408242841361047937 ) ) ;
#2005 = DIRECTION ( 'NONE',  ( -0.2515460552138176209, -0.9678453296402100836, 0.000000000000000000 ) ) ;
#2006 = DIRECTION ( 'NONE',  ( 0.5000000000000000000, -0.8660254037844385966, 0.000000000000000000 ) ) ;
#2007 = B_SPLINE_CURVE_WITH_KNOTS ( 'NONE', 3,
 ( #360, #1545, #1381, #1695, #31, #322, #143, #2119, #1311, #1496, #1995, #2164, #990, #482, #1636, #1824, #1661, #1974, #1169, #618, #1836, #1649, #1456, #288 ),
 .UNSPECIFIED., .F., .F.,
 ( 4, 2, 2, 2, 2, 2, 2, 2, 2, 2, 2, 4 ),
 ( 1.084202172485504434E-18, 0.0002969301989072644569, 0.0005938603978145278297, 0.001187720795629056093, 0.001781581193443584465, 0.002078511392350850494, 0.002375441591258116089, 0.002969301989072643810, 0.003266232187979911140, 0.003563162386887177603, 0.004157022784701708794, 0.004750883182516239985 ),
 .UNSPECIFIED. ) ;
#2008 = CARTESIAN_POINT ( 'NONE',  ( 18.24121441918013176, -5.999999999999999112, 2.952839145021334044 ) ) ;
#2009 = VECTOR ( 'NONE', #997, 1000.000000000000000 ) ;
#2010 = VECTOR ( 'NONE', #62, 1000.000000000000114 ) ;
#2011 = EDGE_LOOP ( 'NONE', ( #1889, #1040, #1363, #226, #1241, #828 ) ) ;
#2012 = DIRECTION ( 'NONE',  ( 0.000000000000000000, -0.8520312918379454592, 0.5234908573499272855 ) ) ;
#2013 = CARTESIAN_POINT ( 'NONE',  ( 7.989274044494920624, -1.437822173508657597, -14.64083903467727943 ) ) ;
#2014 = PERSON_AND_ORGANIZATION_ROLE ( 'design_owner' ) ;
#2015 = VERTEX_POINT ( 'NONE', #926 ) ;
#2016 = CARTESIAN_POINT ( 'NONE',  ( 18.29189645439075917, 25.00884492539407944, 20.82892497341600446 ) ) ;
#2017 = FACE_OUTER_BOUND ( 'NONE', #282, .T. ) ;
#2018 = CARTESIAN_POINT ( 'NONE',  ( 22.38346394862912803, 13.45876303143736230, -0.7132207455783734495 ) ) ;
#2019 = LINE ( 'NONE', #343, #1626 ) ;
#2020 = LINE ( 'NONE', #1207, #793 ) ;
#2021 = ORIENTED_EDGE ( 'NONE', *, *, #1402, .F. ) ;
#2022 = VECTOR ( 'NONE', #1576, 1000.000000000000114 ) ;
#2023 = EDGE_CURVE ( 'NONE', #1790, #546, #451, .T. ) ;
#2024 = VERTEX_POINT ( 'NONE', #433 ) ;
#2025 = VECTOR ( 'NONE', #550, 1000.000000000000000 ) ;
#2026 = LINE ( 'NONE', #712, #70 ) ;
#2027 = AXIS2_PLACEMENT_3D ( 'NONE', #525, #1720, #1243 ) ;
#2028 = CARTESIAN_POINT ( 'NONE',  ( -20.38817542960292428, -1.886599943739784457, 8.500053206278881390 ) ) ;
#2029 = ORIENTED_EDGE ( 'NONE', *, *, #805, .F. ) ;
#2030 = CARTESIAN_POINT ( 'NONE',  ( -14.84544121948897910, 12.15521640234233125, -16.35176013345737189 ) ) ;
#2031 = CC_DESIGN_APPROVAL ( #1792, ( #928 ) ) ;
#2032 = CARTESIAN_POINT ( 'NONE',  ( -16.17654558344566951, -70.70874128731108499, 19.12380485291625831 ) ) ;
#2033 = DIRECTION ( 'NONE',  ( 0.9618967477123857579, -0.2499999999999971134, -0.1107007079486696938 ) ) ;
#2034 = DIRECTION ( 'NONE',  ( 0.9396926207859107594, -2.192609680355133548E-16, 0.3420201433256621071 ) ) ;
#2035 = ORIENTED_EDGE ( 'NONE', *, *, #1269, .T. ) ;
#2036 = ORIENTED_EDGE ( 'NONE', *, *, #1994, .T. ) ;
#2037 = DIRECTION ( 'NONE',  ( -0.8660254037844385966, 0.5000000000000001110, 0.000000000000000000 ) ) ;
#2038 = AXIS2_PLACEMENT_3D ( 'NONE', #2147, #812, #646 ) ;
#2039 = LINE ( 'NONE', #215, #1264 ) ;
#2040 = EDGE_LOOP ( 'NONE', ( #254, #198 ) ) ;
#2041 = EDGE_CURVE ( 'NONE', #77, #1350, #592, .T. ) ;
#2042 = CARTESIAN_POINT ( 'NONE',  ( 10.00620592841333156, -0.2237205583708694046, -20.18231384232128178 ) ) ;
#2043 = CARTESIAN_POINT ( 'NONE',  ( 20.90026463722459482, 0.3812387180511166984, 0.000000000000000000 ) ) ;
#2044 = EDGE_CURVE ( 'NONE', #644, #449, #440, .T. ) ;
#2045 = ADVANCED_FACE ( 'NONE', ( #95, #87, #295 ), #771, .T. ) ;
#2046 = CARTESIAN_POINT ( 'NONE',  ( -11.37775026468949235, 20.32050807568898776, -9.253310243379125666 ) ) ;
#2047 = ORIENTED_EDGE ( 'NONE', *, *, #827, .F. ) ;
#2048 = ORIENTED_EDGE ( 'NONE', *, *, #904, .F. ) ;
#2049 = CARTESIAN_POINT ( 'NONE',  ( 5.735268003640849876, -0.2237205583708712364, -23.06703033493198518 ) ) ;
#2050 = ORIENTED_EDGE ( 'NONE', *, *, #1111, .T. ) ;
#2051 = CARTESIAN_POINT ( 'NONE',  ( -19.66462976610448976, -2.735975229497821459, 9.076040391582674616 ) ) ;
#2052 = VERTEX_POINT ( 'NONE', #1777 ) ;
#2053 = LINE ( 'NONE', #560, #1864 ) ;
#2054 = FACE_OUTER_BOUND ( 'NONE', #2011, .T. ) ;
#2055 = VECTOR ( 'NONE', #1325, 1000.000000000000227 ) ;
#2056 = CARTESIAN_POINT ( 'NONE',  ( 14.20555543249408892, -6.000000000000000000, 1.483979398218745249 ) ) ;
#2057 = LINE ( 'NONE', #39, #2125 ) ;
#2058 = VERTEX_POINT ( 'NONE', #115 ) ;
#2059 = VERTEX_POINT ( 'NONE', #1962 ) ;
#2060 = VERTEX_POINT ( 'NONE', #1133 ) ;
#2061 = CARTESIAN_POINT ( 'NONE',  ( -20.48742224923941890, -1.714787730115212794, 8.499947221695853372 ) ) ;
#2062 = ORIENTED_EDGE ( 'NONE', *, *, #1043, .F. ) ;
#2063 = CYLINDRICAL_SURFACE ( 'NONE', #1825, 2.250000000000002665 ) ;
#2064 = DIRECTION ( 'NONE',  ( 1.000000000000000000, 2.503857664561933362E-16, 0.000000000000000000 ) ) ;
#2065 = EDGE_CURVE ( 'NONE', #2060, #1131, #759, .T. ) ;
#2066 = B_SPLINE_CURVE_WITH_KNOTS ( 'NONE', 3,
 ( #1779, #1586, #746, #1283, #1436, #1752, #1947, #1107, #607, #250, #1917, #754, #90, #1293, #2108, #1250, #1272, #1261, #1770, #276, #83, #444, #453, #1789, #945, #1940 ),
 .UNSPECIFIED., .F., .F.,
 ( 4, 2, 2, 2, 2, 2, 2, 2, 2, 2, 2, 2, 4 ),
 ( 0.004744155909255654176, 0.005040429008368330251, 0.005336702107481007193, 0.005929248305706354139, 0.006225521404819026744, 0.006521794503931700217, 0.006818067603044372822, 0.007114340702157046295, 0.007706886900382386302, 0.008003159999495055438, 0.008299433098607724574, 0.008891979296833061111, 0.009484525495058399383 ),
 .UNSPECIFIED. ) ;
#2067 = FACE_OUTER_BOUND ( 'NONE', #1871, .T. ) ;
#2068 = CARTESIAN_POINT ( 'NONE',  ( -15.22348071897823374, 12.83685496621587951, -16.46739882542755495 ) ) ;
#2069 = EDGE_CURVE ( 'NONE', #1386, #216, #1431, .T. ) ;
#2070 = DIRECTION ( 'NONE',  ( 0.000000000000000000, -0.7604071531947541596, -0.6494466578328429440 ) ) ;
#2071 = ORIENTED_EDGE ( 'NONE', *, *, #281, .F. ) ;
#2072 = ORIENTED_EDGE ( 'NONE', *, *, #244, .F. ) ;
#2073 = FACE_BOUND ( 'NONE', #995, .T. ) ;
#2074 = CLOSED_SHELL ( 'NONE', ( #303, #79, #259, #648, #1718, #1062, #1364, #1840, #484, #1230, #1316, #1432, #1835, #1582, #1450, #148, #481, #2149, #1607, #94, #112, #1589, #665, #1158, #989, #96, #1610, #1274, #462, #1091, #2091, #858, #142, #1965, #969, #1038, #1509, #55, #1702, #1294, #446, #1494, #2045, #1454, #741, #445, #933, #278, #647, #2090, #1996, #854, #2170, #2150, #629, #1206, #1768, #505, #323, #806 ) ) ;
#2075 = APPROVAL_STATUS ( 'not_yet_approved' ) ;
#2076 = ORIENTED_EDGE ( 'NONE', *, *, #466, .F. ) ;
#2077 = CARTESIAN_POINT ( 'NONE',  ( -13.85640646055101755, 6.000000000000000000, 15.00000000000000000 ) ) ;
#2078 = CARTESIAN_POINT ( 'NONE',  ( -16.36232800935043485, 10.78643051587438428, -14.79963330142924072 ) ) ;
#2079 = CARTESIAN_POINT ( 'NONE',  ( -15.16133018674759292, 12.75726943974046357, -16.46898328468349604 ) ) ;
#2080 = LINE ( 'NONE', #1441, #306 ) ;
#2081 = CARTESIAN_POINT ( 'NONE',  ( -33.78987390958332071, -60.20874128731118446, 32.06678230308897071 ) ) ;
#2082 = ORIENTED_EDGE ( 'NONE', *, *, #1447, .T. ) ;
#2083 = DIRECTION ( 'NONE',  ( 0.1710100716628294992, 0.8660254037844415942, -0.4698463103929505502 ) ) ;
#2084 = EDGE_LOOP ( 'NONE', ( #40, #50, #1853, #790, #1933 ) ) ;
#2085 = CIRCLE ( 'NONE', #961, 1.500000000000004441 ) ;
#2086 = DIRECTION ( 'NONE',  ( -0.9396926207859106484, 1.001543065824772852E-16, -0.3420201433256623291 ) ) ;
#2087 = CARTESIAN_POINT ( 'NONE',  ( -14.91527586054611021, 11.20180439351322299, -15.88062692052556102 ) ) ;
#2088 = LINE ( 'NONE', #1435, #17 ) ;
#2089 = DIRECTION ( 'NONE',  ( 0.000000000000000000, 0.000000000000000000, 1.000000000000000000 ) ) ;
#2090 = ADVANCED_FACE ( 'NONE', ( #2124 ), #2098, .F. ) ;
#2091 = ADVANCED_FACE ( 'NONE', ( #274 ), #104, .F. ) ;
#2092 = EDGE_CURVE ( 'NONE', #1078, #950, #936, .T. ) ;
#2093 = EDGE_LOOP ( 'NONE', ( #2071, #1052, #1804, #1728, #853 ) ) ;
#2094 = CARTESIAN_POINT ( 'NONE',  ( -27.27949245878831874, -60.20874128731119868, 34.43636736489710870 ) ) ;
#2095 = ORIENTED_EDGE ( 'NONE', *, *, #1251, .F. ) ;
#2096 = VECTOR ( 'NONE', #249, 1000.000000000000114 ) ;
#2097 = VECTOR ( 'NONE', #1611, 1000.000000000000227 ) ;
#2098 = PLANE ( 'NONE',  #765 ) ;
#2099 = CARTESIAN_POINT ( 'NONE',  ( -16.73272002694608318, 11.14805345009574111, -14.51156298825854485 ) ) ;
#2100 = VECTOR ( 'NONE', #1499, 1000.000000000000227 ) ;
#2101 = ORIENTED_EDGE ( 'NONE', *, *, #1941, .T. ) ;
#2102 = ORIENTED_EDGE ( 'NONE', *, *, #722, .F. ) ;
#2103 = FACE_OUTER_BOUND ( 'NONE', #2084, .T. ) ;
#2104 = EDGE_LOOP ( 'NONE', ( #766, #1919, #392, #1129 ) ) ;
#2105 = DIRECTION ( 'NONE',  ( 0.3380400044964910755, -0.1521146661037664216, -0.9287572792264683352 ) ) ;
#2106 = EDGE_CURVE ( 'NONE', #1590, #716, #1757, .T. ) ;
#2107 = CARTESIAN_POINT ( 'NONE',  ( 5.262106574439291862, -8.882747716891666201, 0.000000000000000000 ) ) ;
#2108 = CARTESIAN_POINT ( 'NONE',  ( -20.48774676960850982, -1.714169796576635152, 11.49998576097233105 ) ) ;
#2109 = VECTOR ( 'NONE', #1923, 1000.000000000000000 ) ;
#2110 = VECTOR ( 'NONE', #1575, 1000.000000000000000 ) ;
#2111 = ORIENTED_EDGE ( 'NONE', *, *, #1544, .F. ) ;
#2112 = CARTESIAN_POINT ( 'NONE',  ( -28.75749438782970913, -64.92547675307244504, 25.20448481918598205 ) ) ;
#2113 = ORIENTED_EDGE ( 'NONE', *, *, #927, .F. ) ;
#2114 = CARTESIAN_POINT ( 'NONE',  ( 17.32050807568878170, -5.204170427930421283E-15, 0.000000000000000000 ) ) ;
#2115 = DIRECTION ( 'NONE',  ( 0.000000000000000000, -0.000000000000000000, 1.000000000000000000 ) ) ;
#2116 = AXIS2_PLACEMENT_3D ( 'NONE', #1704, #1847, #869 ) ;
#2117 = CARTESIAN_POINT ( 'NONE',  ( 13.72050807568878206, -5.204170427930421283E-15, 15.00000000000000000 ) ) ;
#2118 = CYLINDRICAL_SURFACE ( 'NONE', #953, 1.249999999999998668 ) ;
#2119 = CARTESIAN_POINT ( 'NONE',  ( 22.25860891053588375, 13.04677527498443013, -2.703358155419459674 ) ) ;
#2120 = VECTOR ( 'NONE', #19, 1000.000000000000000 ) ;
#2121 = ORIENTED_EDGE ( 'NONE', *, *, #1536, .T. ) ;
#2122 = DIRECTION ( 'NONE',  ( 0.1710100716628281670, 0.8660254037844415942, -0.4698463103929510498 ) ) ;
#2123 = DIRECTION ( 'NONE',  ( 0.4719139070981663298, 0.8173788638923649152, -0.3304376751361293718 ) ) ;
#2124 = FACE_OUTER_BOUND ( 'NONE', #1267, .T. ) ;
#2125 = VECTOR ( 'NONE', #1554, 1000.000000000000000 ) ;
#2126 = EDGE_CURVE ( 'NONE', #1078, #1694, #1289, .T. ) ;
#2127 = FACE_OUTER_BOUND ( 'NONE', #1693, .T. ) ;
#2128 = AXIS2_PLACEMENT_3D ( 'NONE', #261, #1444, #775 ) ;
#2129 = CARTESIAN_POINT ( 'NONE',  ( -22.51666049839540307, -2.999999999999999112, 9.999999999999998224 ) ) ;
#2130 = VECTOR ( 'NONE', #658, 1000.000000000000114 ) ;
#2131 = ORIENTED_EDGE ( 'NONE', *, *, #508, .T. ) ;
#2132 = DIRECTION ( 'NONE',  ( 0.1710100716628294992, 0.8660254037844415942, -0.4698463103929505502 ) ) ;
#2133 = ORIENTED_EDGE ( 'NONE', *, *, #1703, .F. ) ;
#2134 = CARTESIAN_POINT ( 'NONE',  ( -17.03422668246343363, 12.35504261005897497, -14.30006730359811939 ) ) ;
#2135 = LINE ( 'NONE', #1096, #1048 ) ;
#2136 = CARTESIAN_POINT ( 'NONE',  ( 20.90467461984246000, -0.3372687115187112394, 9.799433636466810427 ) ) ;
#2137 = CARTESIAN_POINT ( 'NONE',  ( 10.43373110757040756, -0.2237205583708694046, -21.35692961830367054 ) ) ;
#2138 = AXIS2_PLACEMENT_3D ( 'NONE', #1549, #45, #1878 ) ;
#2139 = CARTESIAN_POINT ( 'NONE',  ( 19.82115432995384197, -2.590734631513843755, 11.12814862362261614 ) ) ;
#2140 = ORIENTED_EDGE ( 'NONE', *, *, #117, .T. ) ;
#2141 = CARTESIAN_POINT ( 'NONE',  ( -21.66559132449957303, 1.724836600144088905, -32.90710530213081597 ) ) ;
#2142 = ORIENTED_EDGE ( 'NONE', *, *, #1812, .F. ) ;
#2143 = CARTESIAN_POINT ( 'NONE',  ( -30.23549631687111372, -66.20874128731114183, 22.30121012689641802 ) ) ;
#2144 = PERSON_AND_ORGANIZATION_ROLE ( 'design_supplier' ) ;
#2145 = ORIENTED_EDGE ( 'NONE', *, *, #2157, .F. ) ;
#2146 = CARTESIAN_POINT ( 'NONE',  ( 24.72853458199776711, 14.32050807568904816, -7.170957110530933321 ) ) ;
#2147 = CARTESIAN_POINT ( 'NONE',  ( 0.000000000000000000, 0.000000000000000000, 0.000000000000000000 ) ) ;
#2148 = CARTESIAN_POINT ( 'NONE',  ( 19.40467461984244935, -2.935344922872023865, 9.999999999999998224 ) ) ;
#2149 = ADVANCED_FACE ( 'NONE', ( #1764 ), #1936, .F. ) ;
#2150 = ADVANCED_FACE ( 'NONE', ( #1440 ), #602, .F. ) ;
#2151 =( BOUNDED_CURVE ( )  B_SPLINE_CURVE ( 3, ( #1285, #757, #1428, #430 ),
 .UNSPECIFIED., .F., .F. ) 
 B_SPLINE_CURVE_WITH_KNOTS ( ( 4, 4 ),
 ( 1.899437820582795089, 3.790927090738820837 ),
 .UNSPECIFIED. ) 
 CURVE ( )  GEOMETRIC_REPRESENTATION_ITEM ( )  RATIONAL_B_SPLINE_CURVE ( ( 1.000000000000000000, 0.7234261281564802193, 0.7234261281564802193, 1.000000000000000000 ) ) 
 REPRESENTATION_ITEM ( '' )  );
#2152 = VERTEX_POINT ( 'NONE', #1970 ) ;
#2153 = CARTESIAN_POINT ( 'NONE',  ( 20.92050807568877957, -4.763297580237374119E-15, 15.00000000000000000 ) ) ;
#2154 = EDGE_CURVE ( 'NONE', #1033, #1307, #624, .T. ) ;
#2155 = VECTOR ( 'NONE', #1421, 1000.000000000000000 ) ;
#2156 = EDGE_LOOP ( 'NONE', ( #1394, #21, #359, #1445 ) ) ;
#2157 = EDGE_CURVE ( 'NONE', #1910, #2060, #2135, .T. ) ;
#2158 = DIRECTION ( 'NONE',  ( 0.000000000000000000, 0.4768709627114695038, 0.8789733129752212992 ) ) ;
#2159 =( LENGTH_UNIT ( ) NAMED_UNIT ( * ) SI_UNIT ( .MILLI., .METRE. ) );
#2160 = ORIENTED_EDGE ( 'NONE', *, *, #541, .T. ) ;
#2161 = EDGE_CURVE ( 'NONE', #1790, #913, #277, .T. ) ;
#2162 = DIRECTION ( 'NONE',  ( 0.4069074766910041330, -0.7047844236084671588, 0.5811241017647096330 ) ) ;
#2163 = CARTESIAN_POINT ( 'NONE',  ( 19.44836404867563928, -2.903909120931588372, 9.606782552984682866 ) ) ;
#2164 = CARTESIAN_POINT ( 'NONE',  ( 21.88543811019868102, 12.39904697290861613, -2.968318434158278230 ) ) ;
#2165 = ORIENTED_EDGE ( 'NONE', *, *, #2161, .T. ) ;
#2166 = LINE ( 'NONE', #1675, #728 ) ;
#2167 = DIRECTION ( 'NONE',  ( -0.000000000000000000, -0.000000000000000000, 1.000000000000000000 ) ) ;
#2168 = PERSON_AND_ORGANIZATION ( #755, #1781 ) ;
#2169 = EDGE_LOOP ( 'NONE', ( #467, #1674, #1838, #1566 ) ) ;
#2170 = ADVANCED_FACE ( 'NONE', ( #1666 ), #1140, .F. ) ;
#2171 = CARTESIAN_POINT ( 'NONE',  ( -7.489346606724716082, -5.028071161659264376, -3.921698785018475242 ) ) ;
#2172 = CARTESIAN_POINT ( 'NONE',  ( 22.07257839350263495, 11.38076392722192587, -0.2035436499116220765 ) ) ;
ENDSEC;
END-ISO-10303-21;
