ISO-10303-21;
HEADER;
FILE_DESCRIPTION (( 'STEP AP203' ),
    '1' );
FILE_NAME ('Motor Mount V.3.STEP',
    '2026-04-01T05:02:33',
    ( '' ),
    ( '' ),
    'SwSTEP 2.0',
    'SolidWorks 2025',
    '' );
FILE_SCHEMA (( 'CONFIG_CONTROL_DESIGN' ));
ENDSEC;

DATA;
#1 = ORIENTED_EDGE ( 'NONE', *, *, #933, .F. ) ;
#2 = CARTESIAN_POINT ( 'NONE',  ( -8.660254037844383745, 6.000000000000000000, -15.00000000000000000 ) ) ;
#3 = CC_DESIGN_PERSON_AND_ORGANIZATION_ASSIGNMENT ( #126, #1112, ( #120 ) ) ;
#4 = CIRCLE ( 'NONE', #725, 3.999999999999999112 ) ;
#5 = AXIS2_PLACEMENT_3D ( 'NONE', #118, #1633, #857 ) ;
#6 = AXIS2_PLACEMENT_3D ( 'NONE', #1487, #1505, #749 ) ;
#7 = CARTESIAN_POINT ( 'NONE',  ( 13.85640646055102287, 2.000000000000000000, 10.49999999999999645 ) ) ;
#8 = LINE ( 'NONE', #422, #1077 ) ;
#9 = VECTOR ( 'NONE', #944, 1000.000000000000000 ) ;
#10 = ORIENTED_EDGE ( 'NONE', *, *, #27, .T. ) ;
#11 = DIRECTION ( 'NONE',  ( -0.000000000000000000, -1.000000000000000000, -0.000000000000000000 ) ) ;
#12 = ORIENTED_EDGE ( 'NONE', *, *, #286, .F. ) ;
#13 = DIRECTION ( 'NONE',  ( -0.000000000000000000, -1.000000000000000000, -0.000000000000000000 ) ) ;
#14 = CARTESIAN_POINT ( 'NONE',  ( 13.85640646055102287, 6.000000000000000000, -6.499999999999998224 ) ) ;
#15 = FACE_OUTER_BOUND ( 'NONE', #102, .T. ) ;
#16 = ADVANCED_FACE ( 'NONE', ( #1452 ), #941, .T. ) ;
#17 = VERTEX_POINT ( 'NONE', #367 ) ;
#18 = CARTESIAN_POINT ( 'NONE',  ( -8.500000000000000000, 3.000000000000000000, 0.000000000000000000 ) ) ;
#19 = AXIS2_PLACEMENT_3D ( 'NONE', #145, #654, #278 ) ;
#20 = VERTEX_POINT ( 'NONE', #252 ) ;
#21 = CARTESIAN_POINT ( 'NONE',  ( 14.14042068947249398, 6.000000000000000000, -5.508072925435493872 ) ) ;
#22 = FACE_BOUND ( 'NONE', #1416, .T. ) ;
#23 = CARTESIAN_POINT ( 'NONE',  ( -13.85640646055101932, 2.000000000000000000, -14.49999999999999467 ) ) ;
#24 = ORIENTED_EDGE ( 'NONE', *, *, #1212, .T. ) ;
#25 = CARTESIAN_POINT ( 'NONE',  ( 8.500000000000000000, 3.000000000000000000, -3.500000000000003109 ) ) ;
#26 = EDGE_LOOP ( 'NONE', ( #1005, #957 ) ) ;
#27 = EDGE_CURVE ( 'NONE', #1337, #893, #856, .T. ) ;
#28 = CARTESIAN_POINT ( 'NONE',  ( -17.32050807568877460, 0.000000000000000000, -1.192984394119701348E-17 ) ) ;
#29 = EDGE_CURVE ( 'NONE', #532, #860, #1238, .T. ) ;
#30 = DIRECTION ( 'NONE',  ( -0.8660254037844387076, 0.000000000000000000, -0.4999999999999999445 ) ) ;
#31 = DIRECTION ( 'NONE',  ( -0.000000000000000000, -1.000000000000000000, -0.000000000000000000 ) ) ;
#32 = ORIENTED_EDGE ( 'NONE', *, *, #534, .T. ) ;
#33 = CC_DESIGN_SECURITY_CLASSIFICATION ( #120, ( #616 ) ) ;
#34 = DIRECTION ( 'NONE',  ( 0.000000000000000000, 1.000000000000000000, 0.000000000000000000 ) ) ;
#35 = CIRCLE ( 'NONE', #1224, 4.000000000000000000 ) ;
#36 = ORIENTED_EDGE ( 'NONE', *, *, #1485, .F. ) ;
#37 = CARTESIAN_POINT ( 'NONE',  ( -8.660254037844383745, 6.000000000000000000, -15.00000000000000000 ) ) ;
#38 = AXIS2_PLACEMENT_3D ( 'NONE', #1096, #574, #974 ) ;
#39 = ADVANCED_FACE ( 'NONE', ( #360 ), #1101, .F. ) ;
#40 = DIRECTION ( 'NONE',  ( 0.000000000000000000, 0.000000000000000000, 1.000000000000000000 ) ) ;
#41 = CARTESIAN_POINT ( 'NONE',  ( 13.85640646055102287, 2.000000000000000000, 10.49999999999999645 ) ) ;
#42 = ORIENTED_EDGE ( 'NONE', *, *, #281, .T. ) ;
#43 = DIRECTION ( 'NONE',  ( -0.8660254037844387076, 0.000000000000000000, -0.4999999999999999445 ) ) ;
#44 = VERTEX_POINT ( 'NONE', #489 ) ;
#45 = CARTESIAN_POINT ( 'NONE',  ( -9.675277914599561768, 0.000000000000000000, -13.24192707456450080 ) ) ;
#46 = CIRCLE ( 'NONE', #1610, 1.499999999999996225 ) ;
#47 = CARTESIAN_POINT ( 'NONE',  ( 8.500000000000000000, 6.000000000000000000, 1.499999999999997335 ) ) ;
#48 = EDGE_CURVE ( 'NONE', #926, #1500, #356, .T. ) ;
#49 = FACE_OUTER_BOUND ( 'NONE', #1045, .T. ) ;
#50 = ORIENTED_EDGE ( 'NONE', *, *, #913, .T. ) ;
#51 = CARTESIAN_POINT ( 'NONE',  ( -13.85640646055101932, 0.000000000000000000, 10.49999999999999289 ) ) ;
#52 = ORIENTED_EDGE ( 'NONE', *, *, #551, .F. ) ;
#53 = DIRECTION ( 'NONE',  ( 0.000000000000000000, 0.000000000000000000, 1.000000000000000000 ) ) ;
#54 = PRODUCT_RELATED_PRODUCT_CATEGORY ( 'detail', '', ( #1601 ) ) ;
#55 = CARTESIAN_POINT ( 'NONE',  ( -13.85640646055101932, 0.000000000000000000, -11.99999999999999112 ) ) ;
#56 = DIRECTION ( 'NONE',  ( 0.8660254037844384856, 0.000000000000000000, -0.5000000000000004441 ) ) ;
#57 = CIRCLE ( 'NONE', #1544, 4.000000000000000000 ) ;
#58 = VERTEX_POINT ( 'NONE', #604 ) ;
#59 = DIRECTION ( 'NONE',  ( -0.000000000000000000, -1.000000000000000000, -0.000000000000000000 ) ) ;
#60 = AXIS2_PLACEMENT_3D ( 'NONE', #898, #796, #1398 ) ;
#61 = EDGE_CURVE ( 'NONE', #1515, #853, #107, .T. ) ;
#62 = LOCAL_TIME ( 23, 2, 33.00000000000000000, #502 ) ;
#63 = ORIENTED_EDGE ( 'NONE', *, *, #315, .F. ) ;
#64 = CIRCLE ( 'NONE', #1015, 1.499999999999996225 ) ;
#65 = LINE ( 'NONE', #1098, #146 ) ;
#66 = ORIENTED_EDGE ( 'NONE', *, *, #746, .T. ) ;
#67 = CARTESIAN_POINT ( 'NONE',  ( -8.500000000000000000, 3.000000000000000000, 0.000000000000000000 ) ) ;
#68 = CARTESIAN_POINT ( 'NONE',  ( 13.85640646055102287, 6.000000000000000000, -11.99999999999999289 ) ) ;
#69 = VERTEX_POINT ( 'NONE', #742 ) ;
#70 = FACE_BOUND ( 'NONE', #1517, .T. ) ;
#71 = EDGE_CURVE ( 'NONE', #1029, #816, #406, .T. ) ;
#72 = ORIENTED_EDGE ( 'NONE', *, *, #669, .F. ) ;
#73 = CARTESIAN_POINT ( 'NONE',  ( 13.85640646055102287, 6.000000000000000000, 10.49999999999999645 ) ) ;
#74 = VERTEX_POINT ( 'NONE', #127 ) ;
#75 = AXIS2_PLACEMENT_3D ( 'NONE', #1537, #400, #1154 ) ;
#76 = DIRECTION ( 'NONE',  ( 0.000000000000000000, 0.000000000000000000, 1.000000000000000000 ) ) ;
#77 = PERSON_AND_ORGANIZATION_ROLE ( 'creator' ) ;
#78 = ORIENTED_EDGE ( 'NONE', *, *, #1485, .T. ) ;
#79 = DIRECTION ( 'NONE',  ( 0.000000000000000000, 1.000000000000000000, 0.000000000000000000 ) ) ;
#80 = ORIENTED_EDGE ( 'NONE', *, *, #1119, .F. ) ;
#81 = DIRECTION ( 'NONE',  ( 0.000000000000000000, 0.000000000000000000, 1.000000000000000000 ) ) ;
#82 = LINE ( 'NONE', #587, #754 ) ;
#83 = ADVANCED_FACE ( 'NONE', ( #1246 ), #865, .F. ) ;
#84 = VERTEX_POINT ( 'NONE', #1626 ) ;
#85 = CARTESIAN_POINT ( 'NONE',  ( 13.85640646055102287, 6.000000000000000000, 10.49999999999999645 ) ) ;
#86 = ORIENTED_EDGE ( 'NONE', *, *, #166, .T. ) ;
#87 = CARTESIAN_POINT ( 'NONE',  ( -14.14042068947250463, 6.000000000000000000, -5.508072925435487655 ) ) ;
#88 = VECTOR ( 'NONE', #1268, 1000.000000000000114 ) ;
#89 = CIRCLE ( 'NONE', #6, 4.999999999999995559 ) ;
#90 = AXIS2_PLACEMENT_3D ( 'NONE', #397, #1527, #1476 ) ;
#91 = ADVANCED_FACE ( 'NONE', ( #727 ), #1640, .F. ) ;
#92 = CARTESIAN_POINT ( 'NONE',  ( 13.85640646055102287, 6.000000000000000000, -10.49999999999999645 ) ) ;
#93 = DATE_AND_TIME ( #1243, #831 ) ;
#94 = LINE ( 'NONE', #478, #1063 ) ;
#95 = CARTESIAN_POINT ( 'NONE',  ( -8.500000000000000000, 6.000000000000000000, 0.000000000000000000 ) ) ;
#96 = EDGE_LOOP ( 'NONE', ( #1352, #1294, #182, #66 ) ) ;
#97 = CARTESIAN_POINT ( 'NONE',  ( 13.85640646055102287, 0.000000000000000000, 10.49999999999999645 ) ) ;
#98 = CIRCLE ( 'NONE', #740, 1.499999999999996225 ) ;
#99 = EDGE_CURVE ( 'NONE', #931, #1097, #89, .T. ) ;
#100 = CARTESIAN_POINT ( 'NONE',  ( 13.85640646055102287, 0.000000000000000000, -10.49999999999999645 ) ) ;
#101 = CYLINDRICAL_SURFACE ( 'NONE', #235, 1.499999999999996225 ) ;
#102 = EDGE_LOOP ( 'NONE', ( #876, #1570, #557, #1411 ) ) ;
#103 = LINE ( 'NONE', #110, #88 ) ;
#104 = EDGE_CURVE ( 'NONE', #1621, #362, #114, .T. ) ;
#105 = ORIENTED_EDGE ( 'NONE', *, *, #115, .F. ) ;
#106 = APPROVAL_DATE_TIME ( #609, #1229 ) ;
#107 = LINE ( 'NONE', #873, #614 ) ;
#108 = CARTESIAN_POINT ( 'NONE',  ( -8.500000000000000000, 3.000000000000000000, 0.000000000000000000 ) ) ;
#109 = ORIENTED_EDGE ( 'NONE', *, *, #1632, .F. ) ;
#110 = CARTESIAN_POINT ( 'NONE',  ( -8.660254037844383745, 0.000000000000000000, -15.00000000000000000 ) ) ;
#111 = ADVANCED_FACE ( 'NONE', ( #1008 ), #735, .F. ) ;
#112 = EDGE_LOOP ( 'NONE', ( #432, #1492 ) ) ;
#113 = AXIS2_PLACEMENT_3D ( 'NONE', #524, #1175, #1052 ) ;
#114 = CIRCLE ( 'NONE', #5, 4.000000000000000888 ) ;
#115 = EDGE_CURVE ( 'NONE', #787, #955, #1512, .T. ) ;
#116 = VECTOR ( 'NONE', #1552, 1000.000000000000114 ) ;
#117 = APPROVAL_ROLE ( '' ) ;
#118 = CARTESIAN_POINT ( 'NONE',  ( -13.85640646055101932, 6.000000000000000000, -10.49999999999999289 ) ) ;
#119 = FACE_OUTER_BOUND ( 'NONE', #919, .T. ) ;
#120 = SECURITY_CLASSIFICATION ( '', '', #1256 ) ;
#121 = ORIENTED_EDGE ( 'NONE', *, *, #1507, .T. ) ;
#122 = CARTESIAN_POINT ( 'NONE',  ( -13.85640646055101932, 6.000000000000000000, 10.49999999999999289 ) ) ;
#123 = ADVANCED_FACE ( 'NONE', ( #1128 ), #1225, .F. ) ;
#124 = ORIENTED_EDGE ( 'NONE', *, *, #874, .F. ) ;
#125 = DIRECTION ( 'NONE',  ( -0.000000000000000000, 1.000000000000000000, -0.000000000000000000 ) ) ;
#126 = PERSON_AND_ORGANIZATION ( #1439, #202 ) ;
#127 = CARTESIAN_POINT ( 'NONE',  ( 13.85640646055102287, 2.000000000000000000, -6.499999999999998224 ) ) ;
#128 = DIRECTION ( 'NONE',  ( -0.000000000000000000, 1.000000000000000000, -0.000000000000000000 ) ) ;
#129 = EDGE_LOOP ( 'NONE', ( #457, #10 ) ) ;
#130 = CARTESIAN_POINT ( 'NONE',  ( 9.675277914599559992, 6.000000000000000000, -13.24192707456449014 ) ) ;
#131 = ORIENTED_EDGE ( 'NONE', *, *, #1030, .F. ) ;
#132 = CARTESIAN_POINT ( 'NONE',  ( 8.500000000000000000, 3.000000000000000000, -3.500000000000003109 ) ) ;
#133 = PLANE ( 'NONE',  #60 ) ;
#134 = FACE_OUTER_BOUND ( 'NONE', #1149, .T. ) ;
#135 = EDGE_CURVE ( 'NONE', #354, #730, #1013, .T. ) ;
#136 = ORIENTED_EDGE ( 'NONE', *, *, #1504, .T. ) ;
#137 = PLANE ( 'NONE',  #959 ) ;
#138 = ORIENTED_EDGE ( 'NONE', *, *, #1100, .T. ) ;
#139 = CARTESIAN_POINT ( 'NONE',  ( -13.85640646055101932, 2.000000000000000000, -10.49999999999999289 ) ) ;
#140 = CIRCLE ( 'NONE', #561, 1.499999999999996225 ) ;
#141 = AXIS2_PLACEMENT_3D ( 'NONE', #243, #610, #621 ) ;
#142 = EDGE_CURVE ( 'NONE', #787, #1016, #94, .T. ) ;
#143 = CIRCLE ( 'NONE', #463, 1.499999999999996225 ) ;
#144 = DIRECTION ( 'NONE',  ( 0.000000000000000000, -0.000000000000000000, 1.000000000000000000 ) ) ;
#145 = CARTESIAN_POINT ( 'NONE',  ( -13.85640646055101932, 0.000000000000000000, 10.49999999999999289 ) ) ;
#146 = VECTOR ( 'NONE', #201, 1000.000000000000114 ) ;
#147 = ORIENTED_EDGE ( 'NONE', *, *, #1215, .T. ) ;
#148 = LINE ( 'NONE', #25, #1569 ) ;
#149 = ORIENTED_EDGE ( 'NONE', *, *, #556, .T. ) ;
#150 = DIRECTION ( 'NONE',  ( 0.5000000000000003331, 0.000000000000000000, 0.8660254037844383745 ) ) ;
#151 = CARTESIAN_POINT ( 'NONE',  ( 8.500000000000000000, 3.000000000000000000, -3.122849337825750617E-15 ) ) ;
#152 = FACE_OUTER_BOUND ( 'NONE', #1020, .T. ) ;
#153 = ORIENTED_EDGE ( 'NONE', *, *, #455, .F. ) ;
#154 = DIRECTION ( 'NONE',  ( 0.000000000000000000, 1.000000000000000000, 0.000000000000000000 ) ) ;
#155 = AXIS2_PLACEMENT_3D ( 'NONE', #361, #374, #238 ) ;
#156 = EDGE_LOOP ( 'NONE', ( #1402, #1614, #1182, #149 ) ) ;
#157 = DIRECTION ( 'NONE',  ( 0.000000000000000000, 1.000000000000000000, 0.000000000000000000 ) ) ;
#158 = EDGE_CURVE ( 'NONE', #1117, #543, #1437, .T. ) ;
#159 = FACE_OUTER_BOUND ( 'NONE', #1242, .T. ) ;
#160 = CARTESIAN_POINT ( 'NONE',  ( -13.85640646055101932, 6.000000000000000000, -10.49999999999999289 ) ) ;
#161 = ORIENTED_EDGE ( 'NONE', *, *, #1355, .T. ) ;
#162 = DIRECTION ( 'NONE',  ( 0.000000000000000000, 0.000000000000000000, 1.000000000000000000 ) ) ;
#163 = ORIENTED_EDGE ( 'NONE', *, *, #928, .T. ) ;
#164 = CARTESIAN_POINT ( 'NONE',  ( 13.85640646055102287, 0.000000000000000000, -15.49999999999999289 ) ) ;
#165 = EDGE_CURVE ( 'NONE', #468, #633, #1494, .T. ) ;
#166 = EDGE_CURVE ( 'NONE', #440, #364, #260, .T. ) ;
#167 = CARTESIAN_POINT ( 'NONE',  ( -8.500000000000000000, 6.000000000000000000, 0.000000000000000000 ) ) ;
#168 = AXIS2_PLACEMENT_3D ( 'NONE', #122, #1516, #376 ) ;
#169 = CARTESIAN_POINT ( 'NONE',  ( 8.500000000000000000, 6.000000000000000000, 1.499999999999997335 ) ) ;
#170 = VECTOR ( 'NONE', #323, 1000.000000000000000 ) ;
#171 = ORIENTED_EDGE ( 'NONE', *, *, #1070, .F. ) ;
#172 = CYLINDRICAL_SURFACE ( 'NONE', #221, 4.000000000000000888 ) ;
#173 = CIRCLE ( 'NONE', #1468, 1.499999999999996225 ) ;
#174 = ORIENTED_EDGE ( 'NONE', *, *, #678, .T. ) ;
#175 = CARTESIAN_POINT ( 'NONE',  ( -13.85640646055101932, 2.000000000000000000, 10.49999999999999289 ) ) ;
#176 = AXIS2_PLACEMENT_3D ( 'NONE', #95, #815, #956 ) ;
#177 = PLANE ( 'NONE',  #536 ) ;
#178 = LINE ( 'NONE', #169, #392 ) ;
#179 = EDGE_LOOP ( 'NONE', ( #1051, #191, #1125, #52 ) ) ;
#180 = CARTESIAN_POINT ( 'NONE',  ( 13.85640646055102287, 2.000000000000000000, 6.499999999999998224 ) ) ;
#181 = EDGE_CURVE ( 'NONE', #333, #272, #1138, .T. ) ;
#182 = ORIENTED_EDGE ( 'NONE', *, *, #1413, .T. ) ;
#183 = CARTESIAN_POINT ( 'NONE',  ( 9.675277914599561768, 6.000000000000000000, -13.24192707456448659 ) ) ;
#184 = AXIS2_PLACEMENT_3D ( 'NONE', #784, #773, #1562 ) ;
#185 = CARTESIAN_POINT ( 'NONE',  ( -13.85640646055101932, 2.000000000000000000, 10.49999999999999289 ) ) ;
#186 = LINE ( 'NONE', #68, #706 ) ;
#187 = EDGE_LOOP ( 'NONE', ( #508, #302 ) ) ;
#188 = CARTESIAN_POINT ( 'NONE',  ( 17.32050807568877460, 6.000000000000000000, 6.863985015692641023E-15 ) ) ;
#189 = EDGE_LOOP ( 'NONE', ( #153, #777, #86, #623 ) ) ;
#190 = PLANE ( 'NONE',  #1065 ) ;
#191 = ORIENTED_EDGE ( 'NONE', *, *, #627, .T. ) ;
#192 = CARTESIAN_POINT ( 'NONE',  ( -13.85640646055101932, 6.000000000000000000, -6.499999999999992895 ) ) ;
#193 = APPROVAL_ROLE ( '' ) ;
#194 = ADVANCED_FACE ( 'NONE', ( #415 ), #1421, .T. ) ;
#195 = CIRCLE ( 'NONE', #113, 3.999999999999998224 ) ;
#196 = ORIENTED_EDGE ( 'NONE', *, *, #968, .T. ) ;
#197 = DIRECTION ( 'NONE',  ( 0.000000000000000000, 1.000000000000000000, 0.000000000000000000 ) ) ;
#198 = AXIS2_PLACEMENT_3D ( 'NONE', #1161, #30, #1554 ) ;
#199 = VERTEX_POINT ( 'NONE', #1153 ) ;
#200 = CIRCLE ( 'NONE', #937, 3.999999999999999112 ) ;
#201 = DIRECTION ( 'NONE',  ( 0.4999999999999999445, 0.000000000000000000, -0.8660254037844385966 ) ) ;
#202 = ORGANIZATION ( 'UNSPECIFIED', 'UNSPECIFIED', '' ) ;
#203 = DIRECTION ( 'NONE',  ( -0.000000000000000000, -1.000000000000000000, -0.000000000000000000 ) ) ;
#204 = ORIENTED_EDGE ( 'NONE', *, *, #1558, .F. ) ;
#205 = CARTESIAN_POINT ( 'NONE',  ( 0.000000000000000000, 6.000000000000000000, 0.000000000000000000 ) ) ;
#206 = ADVANCED_FACE ( 'NONE', ( #22, #1529, #1265, #277, #390, #546, #383, #292 ), #133, .F. ) ;
#207 = VERTEX_POINT ( 'NONE', #14 ) ;
#208 = FACE_BOUND ( 'NONE', #1509, .T. ) ;
#209 = EDGE_LOOP ( 'NONE', ( #171, #641 ) ) ;
#210 = ADVANCED_FACE ( 'NONE', ( #921 ), #1298, .T. ) ;
#211 = CYLINDRICAL_SURFACE ( 'NONE', #617, 3.999999999999999112 ) ;
#212 = DATE_AND_TIME ( #581, #780 ) ;
#213 = EDGE_LOOP ( 'NONE', ( #1109, #241, #818, #578 ) ) ;
#214 = CARTESIAN_POINT ( 'NONE',  ( 13.85640646055102287, 2.000000000000000000, -14.49999999999999467 ) ) ;
#215 = ORIENTED_EDGE ( 'NONE', *, *, #396, .T. ) ;
#216 = CARTESIAN_POINT ( 'NONE',  ( 13.85640646055102287, 2.000000000000000000, -10.49999999999999645 ) ) ;
#217 = DIRECTION ( 'NONE',  ( -0.000000000000000000, 1.000000000000000000, -0.000000000000000000 ) ) ;
#218 = CALENDAR_DATE ( 2026, 31, 3 ) ;
#219 = CARTESIAN_POINT ( 'NONE',  ( -13.85640646055101932, 6.000000000000000000, 10.49999999999999289 ) ) ;
#220 = DIRECTION ( 'NONE',  ( 0.000000000000000000, 0.000000000000000000, -1.000000000000000000 ) ) ;
#221 = AXIS2_PLACEMENT_3D ( 'NONE', #1156, #1058, #658 ) ;
#222 = VERTEX_POINT ( 'NONE', #399 ) ;
#223 = DIRECTION ( 'NONE',  ( 0.000000000000000000, 0.000000000000000000, -1.000000000000000000 ) ) ;
#224 = VECTOR ( 'NONE', #646, 1000.000000000000000 ) ;
#225 = AXIS2_PLACEMENT_3D ( 'NONE', #437, #935, #1427 ) ;
#226 = AXIS2_PLACEMENT_3D ( 'NONE', #903, #125, #1347 ) ;
#227 = EDGE_CURVE ( 'NONE', #1484, #532, #563, .T. ) ;
#228 = FACE_OUTER_BOUND ( 'NONE', #179, .T. ) ;
#229 = PERSON_AND_ORGANIZATION_ROLE ( 'design_supplier' ) ;
#230 = CARTESIAN_POINT ( 'NONE',  ( -13.85640646055101932, 2.000000000000000000, 10.49999999999999289 ) ) ;
#231 = CARTESIAN_POINT ( 'NONE',  ( -13.85640646055101932, 2.000000000000000000, -6.499999999999992895 ) ) ;
#232 = ORIENTED_EDGE ( 'NONE', *, *, #315, .T. ) ;
#233 = CARTESIAN_POINT ( 'NONE',  ( 8.660254037844376640, 0.000000000000000000, -15.00000000000000000 ) ) ;
#234 = ORIENTED_EDGE ( 'NONE', *, *, #913, .F. ) ;
#235 = AXIS2_PLACEMENT_3D ( 'NONE', #1521, #1266, #244 ) ;
#236 = DIRECTION ( 'NONE',  ( 0.000000000000000000, 1.000000000000000000, 0.000000000000000000 ) ) ;
#237 = ADVANCED_FACE ( 'NONE', ( #1291 ), #1536, .F. ) ;
#238 = DIRECTION ( 'NONE',  ( 0.000000000000000000, 0.000000000000000000, -1.000000000000000000 ) ) ;
#239 = VERTEX_POINT ( 'NONE', #1049 ) ;
#240 = CARTESIAN_POINT ( 'NONE',  ( -8.660254037844383745, 6.000000000000000000, -15.00000000000000000 ) ) ;
#241 = ORIENTED_EDGE ( 'NONE', *, *, #1605, .T. ) ;
#242 = ADVANCED_FACE ( 'NONE', ( #889, #636 ), #1135, .T. ) ;
#243 = CARTESIAN_POINT ( 'NONE',  ( 13.85640646055102287, 2.000000000000000000, 10.49999999999999645 ) ) ;
#244 = DIRECTION ( 'NONE',  ( 0.000000000000000000, 0.000000000000000000, -1.000000000000000000 ) ) ;
#245 = ORIENTED_EDGE ( 'NONE', *, *, #1201, .T. ) ;
#246 = CYLINDRICAL_SURFACE ( 'NONE', #168, 1.499999999999996225 ) ;
#247 = VERTEX_POINT ( 'NONE', #538 ) ;
#248 = VECTOR ( 'NONE', #990, 1000.000000000000000 ) ;
#249 = VECTOR ( 'NONE', #811, 1000.000000000000114 ) ;
#250 = APPROVAL_PERSON_ORGANIZATION ( #350, #1229, #117 ) ;
#251 = AXIS2_PLACEMENT_3D ( 'NONE', #465, #1270, #1143 ) ;
#252 = CARTESIAN_POINT ( 'NONE',  ( 13.85640646055102287, 6.000000000000000000, -14.49999999999999467 ) ) ;
#253 = FACE_OUTER_BOUND ( 'NONE', #659, .T. ) ;
#254 = EDGE_LOOP ( 'NONE', ( #245, #287, #575, #234 ) ) ;
#255 = CARTESIAN_POINT ( 'NONE',  ( 13.85640646055102287, 2.000000000000000000, 6.499999999999998224 ) ) ;
#256 = VECTOR ( 'NONE', #834, 1000.000000000000114 ) ;
#257 = VERTEX_POINT ( 'NONE', #1144 ) ;
#258 = DIRECTION ( 'NONE',  ( 0.000000000000000000, 0.000000000000000000, -1.000000000000000000 ) ) ;
#259 = EDGE_CURVE ( 'NONE', #816, #633, #783, .T. ) ;
#260 = LINE ( 'NONE', #1390, #224 ) ;
#261 = CARTESIAN_POINT ( 'NONE',  ( 17.32050807568877460, 0.000000000000000000, 6.863985015692641023E-15 ) ) ;
#262 = AXIS2_PLACEMENT_3D ( 'NONE', #1258, #128, #1129 ) ;
#263 = ORIENTED_EDGE ( 'NONE', *, *, #1470, .T. ) ;
#264 = CARTESIAN_POINT ( 'NONE',  ( -8.500000000000000000, 6.000000000000000000, 0.000000000000000000 ) ) ;
#265 = ORIENTED_EDGE ( 'NONE', *, *, #1232, .T. ) ;
#266 = DIRECTION ( 'NONE',  ( -0.8660254037844384856, 0.000000000000000000, 0.5000000000000004441 ) ) ;
#267 = EDGE_CURVE ( 'NONE', #239, #762, #778, .T. ) ;
#268 = DIRECTION ( 'NONE',  ( -0.000000000000000000, -1.000000000000000000, -0.000000000000000000 ) ) ;
#269 = CARTESIAN_POINT ( 'NONE',  ( -13.85640646055101932, 6.000000000000000000, 14.49999999999999467 ) ) ;
#270 = ORIENTED_EDGE ( 'NONE', *, *, #1251, .T. ) ;
#271 = CARTESIAN_POINT ( 'NONE',  ( 13.85640646055102287, 0.000000000000000000, 11.99999999999999467 ) ) ;
#272 = VERTEX_POINT ( 'NONE', #284 ) ;
#273 = LINE ( 'NONE', #1222, #537 ) ;
#274 = AXIS2_PLACEMENT_3D ( 'NONE', #1417, #541, #650 ) ;
#275 = VECTOR ( 'NONE', #1056, 1000.000000000000000 ) ;
#276 = ADVANCED_FACE ( 'NONE', ( #159 ), #661, .F. ) ;
#277 = FACE_BOUND ( 'NONE', #868, .T. ) ;
#278 = DIRECTION ( 'NONE',  ( 0.000000000000000000, 0.000000000000000000, -1.000000000000000000 ) ) ;
#279 = ORIENTED_EDGE ( 'NONE', *, *, #830, .T. ) ;
#280 = DIRECTION ( 'NONE',  ( 0.4999999999999999445, 0.000000000000000000, -0.8660254037844385966 ) ) ;
#281 = EDGE_CURVE ( 'NONE', #290, #247, #82, .T. ) ;
#282 = EDGE_LOOP ( 'NONE', ( #1362, #305, #12, #822 ) ) ;
#283 = DIRECTION ( 'NONE',  ( 0.000000000000000000, 0.000000000000000000, 1.000000000000000000 ) ) ;
#284 = CARTESIAN_POINT ( 'NONE',  ( 8.500000000000000000, 3.000000000000000000, 1.499999999999997335 ) ) ;
#285 = CARTESIAN_POINT ( 'NONE',  ( 14.14042068947249398, 6.000000000000000000, -5.508072925435494760 ) ) ;
#286 = EDGE_CURVE ( 'NONE', #1262, #1342, #716, .T. ) ;
#287 = ORIENTED_EDGE ( 'NONE', *, *, #359, .T. ) ;
#288 = CARTESIAN_POINT ( 'NONE',  ( -13.85640646055101932, 0.000000000000000000, -15.49999999999999467 ) ) ;
#289 = AXIS2_PLACEMENT_3D ( 'NONE', #293, #1172, #1188 ) ;
#290 = VERTEX_POINT ( 'NONE', #1576 ) ;
#291 = CARTESIAN_POINT ( 'NONE',  ( -13.85640646055101932, 0.000000000000000000, -10.49999999999999289 ) ) ;
#292 = FACE_BOUND ( 'NONE', #835, .T. ) ;
#293 = CARTESIAN_POINT ( 'NONE',  ( 13.85640646055102287, 6.000000000000000000, 10.49999999999999645 ) ) ;
#294 = ORIENTED_EDGE ( 'NONE', *, *, #556, .F. ) ;
#295 = PLANE ( 'NONE',  #1244 ) ;
#296 = EDGE_LOOP ( 'NONE', ( #498, #449 ) ) ;
#297 = DIRECTION ( 'NONE',  ( -0.000000000000000000, -1.000000000000000000, -0.000000000000000000 ) ) ;
#298 = CARTESIAN_POINT ( 'NONE',  ( 8.660254037844376640, 6.000000000000000000, -15.00000000000000000 ) ) ;
#299 = VECTOR ( 'NONE', #11, 1000.000000000000000 ) ;
#300 = DIRECTION ( 'NONE',  ( 0.000000000000000000, 0.000000000000000000, 1.000000000000000000 ) ) ;
#301 = AXIS2_PLACEMENT_3D ( 'NONE', #1107, #1520, #1612 ) ;
#302 = ORIENTED_EDGE ( 'NONE', *, *, #435, .F. ) ;
#303 = CARTESIAN_POINT ( 'NONE',  ( 0.000000000000000000, 0.000000000000000000, 0.000000000000000000 ) ) ;
#304 = CIRCLE ( 'NONE', #594, 4.000000000000000888 ) ;
#305 = ORIENTED_EDGE ( 'NONE', *, *, #1130, .T. ) ;
#306 = CARTESIAN_POINT ( 'NONE',  ( 8.660254037844376640, 0.000000000000000000, -15.00000000000000000 ) ) ;
#307 = EDGE_CURVE ( 'NONE', #955, #84, #429, .T. ) ;
#308 = CARTESIAN_POINT ( 'NONE',  ( -13.85640646055101932, 6.000000000000000000, 10.49999999999999289 ) ) ;
#309 = DIRECTION ( 'NONE',  ( 0.000000000000000000, 0.000000000000000000, 1.000000000000000000 ) ) ;
#310 = ORIENTED_EDGE ( 'NONE', *, *, #1146, .F. ) ;
#311 = LINE ( 'NONE', #1078, #759 ) ;
#312 = ORIENTED_EDGE ( 'NONE', *, *, #460, .T. ) ;
#313 = CARTESIAN_POINT ( 'NONE',  ( -8.660254037844380193, 6.000000000000000000, 15.00000000000000000 ) ) ;
#314 = AXIS2_PLACEMENT_3D ( 'NONE', #1043, #1430, #647 ) ;
#315 = EDGE_CURVE ( 'NONE', #1097, #675, #884, .T. ) ;
#316 = FACE_OUTER_BOUND ( 'NONE', #129, .T. ) ;
#317 = LINE ( 'NONE', #555, #756 ) ;
#318 = VERTEX_POINT ( 'NONE', #47 ) ;
#319 = DIRECTION ( 'NONE',  ( -0.000000000000000000, -1.000000000000000000, -0.000000000000000000 ) ) ;
#320 = ORIENTED_EDGE ( 'NONE', *, *, #1032, .T. ) ;
#321 = LINE ( 'NONE', #1595, #645 ) ;
#322 = VERTEX_POINT ( 'NONE', #1441 ) ;
#323 = DIRECTION ( 'NONE',  ( -0.000000000000000000, -1.000000000000000000, -0.000000000000000000 ) ) ;
#324 = EDGE_CURVE ( 'NONE', #417, #585, #819, .T. ) ;
#325 = PERSON_AND_ORGANIZATION ( #1439, #202 ) ;
#326 = AXIS2_PLACEMENT_3D ( 'NONE', #531, #1433, #402 ) ;
#327 = EDGE_LOOP ( 'NONE', ( #80, #573, #493, #1524 ) ) ;
#328 = LINE ( 'NONE', #345, #256 ) ;
#329 = EDGE_CURVE ( 'NONE', #1500, #926, #1113, .T. ) ;
#330 = ORIENTED_EDGE ( 'NONE', *, *, #1159, .T. ) ;
#331 = VECTOR ( 'NONE', #13, 1000.000000000000000 ) ;
#332 = DIRECTION ( 'NONE',  ( -0.000000000000000000, -1.000000000000000000, -0.000000000000000000 ) ) ;
#333 = VERTEX_POINT ( 'NONE', #438 ) ;
#334 = UNCERTAINTY_MEASURE_WITH_UNIT (LENGTH_MEASURE( 1.000000000000000082E-05 ), #1348, 'distance_accuracy_value', 'NONE');
#335 = DIRECTION ( 'NONE',  ( -0.000000000000000000, -1.000000000000000000, -0.000000000000000000 ) ) ;
#336 = DIRECTION ( 'NONE',  ( 0.000000000000000000, 0.000000000000000000, 1.000000000000000000 ) ) ;
#337 = ORIENTED_EDGE ( 'NONE', *, *, #435, .T. ) ;
#338 = CYLINDRICAL_SURFACE ( 'NONE', #1394, 3.500000000000000000 ) ;
#339 = ADVANCED_FACE ( 'NONE', ( #316, #1320 ), #177, .T. ) ;
#340 = ORIENTED_EDGE ( 'NONE', *, *, #329, .F. ) ;
#341 = CARTESIAN_POINT ( 'NONE',  ( -8.500000000000000000, 3.000000000000000000, 0.000000000000000000 ) ) ;
#342 = FACE_OUTER_BOUND ( 'NONE', #425, .T. ) ;
#343 = APPLICATION_PROTOCOL_DEFINITION ( 'international standard', 'config_control_design', 1994, #351 ) ;
#344 = ORIENTED_EDGE ( 'NONE', *, *, #1623, .F. ) ;
#345 = CARTESIAN_POINT ( 'NONE',  ( 17.32050807568877460, 6.000000000000000000, 6.863985015692641023E-15 ) ) ;
#346 = ORIENTED_EDGE ( 'NONE', *, *, #48, .F. ) ;
#347 = DIRECTION ( 'NONE',  ( 0.000000000000000000, 0.000000000000000000, -1.000000000000000000 ) ) ;
#348 = EDGE_CURVE ( 'NONE', #1342, #199, #1205, .T. ) ;
#349 = LINE ( 'NONE', #971, #1440 ) ;
#350 = PERSON_AND_ORGANIZATION ( #1439, #202 ) ;
#351 = APPLICATION_CONTEXT ( 'configuration controlled 3d designs of mechanical parts and assemblies' ) ;
#352 = DIRECTION ( 'NONE',  ( -0.000000000000000000, -1.000000000000000000, -0.000000000000000000 ) ) ;
#353 = CARTESIAN_POINT ( 'NONE',  ( 0.000000000000000000, 0.000000000000000000, 0.000000000000000000 ) ) ;
#354 = VERTEX_POINT ( 'NONE', #454 ) ;
#355 = DIRECTION ( 'NONE',  ( 0.000000000000000000, 0.000000000000000000, 1.000000000000000000 ) ) ;
#356 = CIRCLE ( 'NONE', #729, 4.000000000000001776 ) ;
#357 = CIRCLE ( 'NONE', #670, 4.000000000000001776 ) ;
#358 = ORIENTED_EDGE ( 'NONE', *, *, #923, .F. ) ;
#359 = EDGE_CURVE ( 'NONE', #1218, #1460, #929, .T. ) ;
#360 = FACE_OUTER_BOUND ( 'NONE', #1202, .T. ) ;
#361 = CARTESIAN_POINT ( 'NONE',  ( 8.500000000000000000, 3.000000000000000000, -3.122849337825750617E-15 ) ) ;
#362 = VERTEX_POINT ( 'NONE', #192 ) ;
#363 = CARTESIAN_POINT ( 'NONE',  ( -13.85640646055101932, 2.000000000000000000, 14.49999999999999467 ) ) ;
#364 = VERTEX_POINT ( 'NONE', #55 ) ;
#365 = PERSON_AND_ORGANIZATION_ROLE ( 'creator' ) ;
#366 = AXIS2_PLACEMENT_3D ( 'NONE', #1019, #1050, #1137 ) ;
#367 = CARTESIAN_POINT ( 'NONE',  ( -9.675277914599558216, 0.000000000000000000, 13.24192707456450080 ) ) ;
#368 = LINE ( 'NONE', #1367, #872 ) ;
#369 = ORIENTED_EDGE ( 'NONE', *, *, #656, .T. ) ;
#370 = CYLINDRICAL_SURFACE ( 'NONE', #1596, 1.499999999999996225 ) ;
#371 = EDGE_LOOP ( 'NONE', ( #215, #1385 ) ) ;
#372 = ADVANCED_FACE ( 'NONE', ( #839 ), #1429, .F. ) ;
#373 = CARTESIAN_POINT ( 'NONE',  ( -8.660254037844383745, 6.000000000000000000, -15.00000000000000000 ) ) ;
#374 = DIRECTION ( 'NONE',  ( -0.000000000000000000, -1.000000000000000000, -0.000000000000000000 ) ) ;
#375 = ORIENTED_EDGE ( 'NONE', *, *, #864, .F. ) ;
#376 = DIRECTION ( 'NONE',  ( 0.000000000000000000, 0.000000000000000000, -1.000000000000000000 ) ) ;
#377 = EDGE_LOOP ( 'NONE', ( #72, #1, #569, #505, #739, #174, #1003, #1323, #1252, #833, #1418, #841, #442, #723, #1038, #548 ) ) ;
#378 = AXIS2_PLACEMENT_3D ( 'NONE', #85, #79, #842 ) ;
#379 = CYLINDRICAL_SURFACE ( 'NONE', #226, 3.999999999999999112 ) ;
#380 = AXIS2_PLACEMENT_3D ( 'NONE', #1190, #1068, #1578 ) ;
#381 = VECTOR ( 'NONE', #1297, 1000.000000000000000 ) ;
#382 = COORDINATED_UNIVERSAL_TIME_OFFSET ( 7, 0, .BEHIND. ) ;
#383 = FACE_BOUND ( 'NONE', #1060, .T. ) ;
#384 = CYLINDRICAL_SURFACE ( 'NONE', #655, 1.499999999999996225 ) ;
#385 = ADVANCED_FACE ( 'NONE', ( #1213 ), #211, .F. ) ;
#386 = ORIENTED_EDGE ( 'NONE', *, *, #968, .F. ) ;
#387 = CARTESIAN_POINT ( 'NONE',  ( 13.85640646055102287, 0.000000000000000000, -10.49999999999999645 ) ) ;
#388 = ORIENTED_EDGE ( 'NONE', *, *, #1221, .F. ) ;
#389 = DIRECTION ( 'NONE',  ( 0.000000000000000000, 0.000000000000000000, 1.000000000000000000 ) ) ;
#390 = FACE_BOUND ( 'NONE', #112, .T. ) ;
#391 = CARTESIAN_POINT ( 'NONE',  ( 8.500000000000000000, 6.000000000000000000, -1.500000000000003553 ) ) ;
#392 = VECTOR ( 'NONE', #1422, 1000.000000000000000 ) ;
#393 = EDGE_LOOP ( 'NONE', ( #1538, #401, #693, #949 ) ) ;
#394 = DIRECTION ( 'NONE',  ( -0.5000000000000002220, 0.000000000000000000, 0.8660254037844384856 ) ) ;
#395 = ORIENTED_EDGE ( 'NONE', *, *, #627, .F. ) ;
#396 = EDGE_CURVE ( 'NONE', #290, #1395, #938, .T. ) ;
#397 = CARTESIAN_POINT ( 'NONE',  ( 8.500000000000000000, 3.000000000000000000, -3.122849337825750617E-15 ) ) ;
#398 = EDGE_CURVE ( 'NONE', #58, #440, #1116, .T. ) ;
#399 = CARTESIAN_POINT ( 'NONE',  ( 13.85640646055102287, 2.000000000000000000, -9.000000000000000000 ) ) ;
#400 = DIRECTION ( 'NONE',  ( -0.000000000000000000, -1.000000000000000000, -0.000000000000000000 ) ) ;
#401 = ORIENTED_EDGE ( 'NONE', *, *, #923, .T. ) ;
#402 = DIRECTION ( 'NONE',  ( 0.000000000000000000, 0.000000000000000000, 1.000000000000000000 ) ) ;
#403 = ORIENTED_EDGE ( 'NONE', *, *, #951, .F. ) ;
#404 = FACE_OUTER_BOUND ( 'NONE', #1463, .T. ) ;
#405 = AXIS2_PLACEMENT_3D ( 'NONE', #1250, #745, #632 ) ;
#406 = CIRCLE ( 'NONE', #141, 3.999999999999998224 ) ;
#407 = AXIS2_PLACEMENT_3D ( 'NONE', #570, #705, #1228 ) ;
#408 = CARTESIAN_POINT ( 'NONE',  ( 13.85640646055102287, 2.000000000000000000, 14.49999999999999467 ) ) ;
#409 = DIRECTION ( 'NONE',  ( -0.000000000000000000, -1.000000000000000000, -0.000000000000000000 ) ) ;
#410 = ORIENTED_EDGE ( 'NONE', *, *, #1146, .T. ) ;
#411 = DIRECTION ( 'NONE',  ( 0.000000000000000000, -1.000000000000000000, 0.000000000000000000 ) ) ;
#412 = VERTEX_POINT ( 'NONE', #828 ) ;
#413 = CARTESIAN_POINT ( 'NONE',  ( -17.32050807568877460, 0.000000000000000000, -1.192984394119701348E-17 ) ) ;
#414 = EDGE_CURVE ( 'NONE', #1076, #322, #173, .T. ) ;
#415 = FACE_OUTER_BOUND ( 'NONE', #631, .T. ) ;
#416 = CARTESIAN_POINT ( 'NONE',  ( -8.660254037844380193, 6.000000000000000000, 15.00000000000000000 ) ) ;
#417 = VERTEX_POINT ( 'NONE', #298 ) ;
#418 = LINE ( 'NONE', #1571, #1136 ) ;
#419 = ORIENTED_EDGE ( 'NONE', *, *, #687, .F. ) ;
#420 = DIRECTION ( 'NONE',  ( -0.000000000000000000, -1.000000000000000000, -0.000000000000000000 ) ) ;
#421 = CARTESIAN_POINT ( 'NONE',  ( 13.85640646055102287, 6.000000000000000000, -10.49999999999999645 ) ) ;
#422 = CARTESIAN_POINT ( 'NONE',  ( -17.32050807568877460, 0.000000000000000000, -1.192984394119701348E-17 ) ) ;
#423 = ORIENTED_EDGE ( 'NONE', *, *, #527, .T. ) ;
#424 = DIRECTION ( 'NONE',  ( 0.000000000000000000, 0.000000000000000000, 1.000000000000000000 ) ) ;
#425 = EDGE_LOOP ( 'NONE', ( #824, #583, #312, #1326 ) ) ;
#426 = DIRECTION ( 'NONE',  ( -0.000000000000000000, -1.000000000000000000, -0.000000000000000000 ) ) ;
#427 = EDGE_CURVE ( 'NONE', #44, #84, #1170, .T. ) ;
#428 = AXIS2_PLACEMENT_3D ( 'NONE', #807, #907, #901 ) ;
#429 = LINE ( 'NONE', #696, #697 ) ;
#430 = AXIS2_PLACEMENT_3D ( 'NONE', #1405, #914, #1018 ) ;
#431 = AXIS2_PLACEMENT_3D ( 'NONE', #446, #1457, #709 ) ;
#432 = ORIENTED_EDGE ( 'NONE', *, *, #1321, .T. ) ;
#433 = FACE_BOUND ( 'NONE', #952, .T. ) ;
#434 = AXIS2_PLACEMENT_3D ( 'NONE', #862, #950, #355 ) ;
#435 = EDGE_CURVE ( 'NONE', #1218, #785, #35, .T. ) ;
#436 = ORIENTED_EDGE ( 'NONE', *, *, #61, .T. ) ;
#437 = CARTESIAN_POINT ( 'NONE',  ( -13.85640646055101932, 0.000000000000000000, -10.49999999999999289 ) ) ;
#438 = CARTESIAN_POINT ( 'NONE',  ( 8.500000000000000000, 3.000000000000000000, -1.500000000000003553 ) ) ;
#439 = DIRECTION ( 'NONE',  ( -0.5000000000000003331, 0.000000000000000000, -0.8660254037844383745 ) ) ;
#440 = VERTEX_POINT ( 'NONE', #634 ) ;
#441 = DIRECTION ( 'NONE',  ( 0.000000000000000000, 0.000000000000000000, -1.000000000000000000 ) ) ;
#442 = ORIENTED_EDGE ( 'NONE', *, *, #1513, .T. ) ;
#443 = FACE_OUTER_BOUND ( 'NONE', #213, .T. ) ;
#444 = CIRCLE ( 'NONE', #19, 5.000000000000004441 ) ;
#445 = EDGE_CURVE ( 'NONE', #585, #1588, #349, .T. ) ;
#446 = CARTESIAN_POINT ( 'NONE',  ( -13.85640646055101932, 6.000000000000000000, 10.49999999999999289 ) ) ;
#447 = PLANE ( 'NONE',  #619 ) ;
#448 = EDGE_CURVE ( 'NONE', #272, #333, #1624, .T. ) ;
#449 = ORIENTED_EDGE ( 'NONE', *, *, #158, .T. ) ;
#450 = PLANE ( 'NONE',  #1328 ) ;
#451 = VERTEX_POINT ( 'NONE', #1397 ) ;
#452 = CYLINDRICAL_SURFACE ( 'NONE', #434, 3.999999999999998224 ) ;
#453 = APPLICATION_CONTEXT ( 'configuration controlled 3d designs of mechanical parts and assemblies' ) ;
#454 = CARTESIAN_POINT ( 'NONE',  ( 9.675277914599559992, 0.000000000000000000, -13.24192707456449014 ) ) ;
#455 = EDGE_CURVE ( 'NONE', #58, #518, #1006, .T. ) ;
#456 = VECTOR ( 'NONE', #394, 1000.000000000000114 ) ;
#457 = ORIENTED_EDGE ( 'NONE', *, *, #648, .T. ) ;
#458 = DIRECTION ( 'NONE',  ( 0.000000000000000000, 0.000000000000000000, 1.000000000000000000 ) ) ;
#459 = AXIS2_PLACEMENT_3D ( 'NONE', #167, #772, #40 ) ;
#460 = EDGE_CURVE ( 'NONE', #500, #1139, #64, .T. ) ;
#461 = APPROVAL_PERSON_ORGANIZATION ( #1075, #986, #193 ) ;
#462 = ORIENTED_EDGE ( 'NONE', *, *, #534, .F. ) ;
#463 = AXIS2_PLACEMENT_3D ( 'NONE', #519, #1023, #1312 ) ;
#464 = DIRECTION ( 'NONE',  ( 0.000000000000000000, 0.000000000000000000, -1.000000000000000000 ) ) ;
#465 = CARTESIAN_POINT ( 'NONE',  ( 8.500000000000000000, 6.000000000000000000, -3.122849337825750617E-15 ) ) ;
#466 = DATE_TIME_ROLE ( 'creation_date' ) ;
#467 = VECTOR ( 'NONE', #689, 1000.000000000000114 ) ;
#468 = VERTEX_POINT ( 'NONE', #1535 ) ;
#469 = DIRECTION ( 'NONE',  ( 0.000000000000000000, 1.000000000000000000, 0.000000000000000000 ) ) ;
#470 = ORIENTED_EDGE ( 'NONE', *, *, #115, .T. ) ;
#471 = DIRECTION ( 'NONE',  ( 0.000000000000000000, 0.000000000000000000, -1.000000000000000000 ) ) ;
#472 = VERTEX_POINT ( 'NONE', #1518 ) ;
#473 = CARTESIAN_POINT ( 'NONE',  ( -13.85640646055101932, 6.000000000000000000, 10.49999999999999289 ) ) ;
#474 = CARTESIAN_POINT ( 'NONE',  ( 8.500000000000000000, 3.000000000000000000, -3.122849337825750617E-15 ) ) ;
#475 = CYLINDRICAL_SURFACE ( 'NONE', #1533, 5.000000000000000888 ) ;
#476 = ORIENTED_EDGE ( 'NONE', *, *, #307, .F. ) ;
#477 = CARTESIAN_POINT ( 'NONE',  ( 13.85640646055102287, 2.000000000000000000, 14.49999999999999467 ) ) ;
#478 = CARTESIAN_POINT ( 'NONE',  ( -14.14042068947250463, 6.000000000000000000, -5.508072925435488543 ) ) ;
#479 = DIRECTION ( 'NONE',  ( 0.000000000000000000, 1.000000000000000000, 0.000000000000000000 ) ) ;
#480 = CIRCLE ( 'NONE', #1406, 5.000000000000000888 ) ;
#481 = ORIENTED_EDGE ( 'NONE', *, *, #551, .T. ) ;
#482 = LINE ( 'NONE', #624, #1220 ) ;
#483 = AXIS2_PLACEMENT_3D ( 'NONE', #421, #1449, #1314 ) ;
#484 = EDGE_CURVE ( 'NONE', #1445, #451, #304, .T. ) ;
#485 = AXIS2_PLACEMENT_3D ( 'NONE', #92, #779, #1134 ) ;
#486 = EDGE_LOOP ( 'NONE', ( #924, #1302, #1079, #161 ) ) ;
#487 = APPROVAL_STATUS ( 'not_yet_approved' ) ;
#488 = CC_DESIGN_APPROVAL ( #1229, ( #616 ) ) ;
#489 = CARTESIAN_POINT ( 'NONE',  ( -9.675277914599558216, 6.000000000000000000, 13.24192707456450080 ) ) ;
#490 = DIRECTION ( 'NONE',  ( -0.000000000000000000, -1.000000000000000000, -0.000000000000000000 ) ) ;
#491 = ORIENTED_EDGE ( 'NONE', *, *, #1081, .F. ) ;
#492 = CYLINDRICAL_SURFACE ( 'NONE', #1434, 1.499999999999999556 ) ;
#493 = ORIENTED_EDGE ( 'NONE', *, *, #104, .T. ) ;
#494 = AXIS2_PLACEMENT_3D ( 'NONE', #353, #1374, #611 ) ;
#495 = DIRECTION ( 'NONE',  ( 0.000000000000000000, 0.000000000000000000, 1.000000000000000000 ) ) ;
#496 = CARTESIAN_POINT ( 'NONE',  ( -13.85640646055101932, 6.000000000000000000, -10.49999999999999289 ) ) ;
#497 = ADVANCED_FACE ( 'NONE', ( #854 ), #379, .F. ) ;
#498 = ORIENTED_EDGE ( 'NONE', *, *, #1221, .T. ) ;
#499 = CARTESIAN_POINT ( 'NONE',  ( 14.14042068947250463, 0.000000000000000000, 5.508072925435494760 ) ) ;
#500 = VERTEX_POINT ( 'NONE', #1609 ) ;
#501 = CARTESIAN_POINT ( 'NONE',  ( -13.85640646055101932, 2.000000000000000000, 14.49999999999999467 ) ) ;
#502 = COORDINATED_UNIVERSAL_TIME_OFFSET ( 7, 0, .BEHIND. ) ;
#503 = CARTESIAN_POINT ( 'NONE',  ( 17.32050807568877460, 6.000000000000000000, 6.863985015692641023E-15 ) ) ;
#504 = FACE_BOUND ( 'NONE', #1104, .T. ) ;
#505 = ORIENTED_EDGE ( 'NONE', *, *, #1428, .F. ) ;
#506 = CARTESIAN_POINT ( 'NONE',  ( 13.85640646055102287, 2.000000000000000000, -10.49999999999999645 ) ) ;
#507 = CIRCLE ( 'NONE', #1431, 1.500000000000000444 ) ;
#508 = ORIENTED_EDGE ( 'NONE', *, *, #1201, .F. ) ;
#509 = AXIS2_PLACEMENT_3D ( 'NONE', #1581, #722, #825 ) ;
#510 = CYLINDRICAL_SURFACE ( 'NONE', #251, 1.500000000000000444 ) ;
#511 = AXIS2_PLACEMENT_3D ( 'NONE', #760, #352, #1001 ) ;
#512 = AXIS2_PLACEMENT_3D ( 'NONE', #67, #1187, #1083 ) ;
#513 = DIRECTION ( 'NONE',  ( -0.000000000000000000, -1.000000000000000000, -0.000000000000000000 ) ) ;
#514 = PLANE ( 'NONE',  #366 ) ;
#515 = ADVANCED_FACE ( 'NONE', ( #342 ), #886, .F. ) ;
#516 = ORIENTED_EDGE ( 'NONE', *, *, #982, .T. ) ;
#517 = LINE ( 'NONE', #869, #456 ) ;
#518 = VERTEX_POINT ( 'NONE', #1486 ) ;
#519 = CARTESIAN_POINT ( 'NONE',  ( 13.85640646055102287, 2.000000000000000000, 10.49999999999999645 ) ) ;
#520 = DIRECTION ( 'NONE',  ( -2.003086131649545704E-16, 0.000000000000000000, -1.000000000000000000 ) ) ;
#521 = CYLINDRICAL_SURFACE ( 'NONE', #577, 1.499999999999996225 ) ;
#522 = VECTOR ( 'NONE', #905, 1000.000000000000000 ) ;
#523 = ORIENTED_EDGE ( 'NONE', *, *, #1264, .F. ) ;
#524 = CARTESIAN_POINT ( 'NONE',  ( 13.85640646055102287, 2.000000000000000000, 10.49999999999999645 ) ) ;
#525 = ORIENTED_EDGE ( 'NONE', *, *, #484, .T. ) ;
#526 = DIRECTION ( 'NONE',  ( -0.000000000000000000, -1.000000000000000000, -0.000000000000000000 ) ) ;
#527 = EDGE_CURVE ( 'NONE', #585, #239, #596, .T. ) ;
#528 = DIRECTION ( 'NONE',  ( -0.000000000000000000, 1.000000000000000000, -0.000000000000000000 ) ) ;
#529 = CARTESIAN_POINT ( 'NONE',  ( 8.660254037844392627, 6.000000000000000000, 14.99999999999999645 ) ) ;
#530 = ORIENTED_EDGE ( 'NONE', *, *, #1289, .F. ) ;
#531 = CARTESIAN_POINT ( 'NONE',  ( 13.85640646055102287, 0.000000000000000000, 10.49999999999999645 ) ) ;
#532 = VERTEX_POINT ( 'NONE', #1356 ) ;
#533 = DIRECTION ( 'NONE',  ( 0.5000000000000003331, 0.000000000000000000, 0.8660254037844383745 ) ) ;
#534 = EDGE_CURVE ( 'NONE', #893, #1500, #1403, .T. ) ;
#535 = VECTOR ( 'NONE', #702, 1000.000000000000000 ) ;
#536 = AXIS2_PLACEMENT_3D ( 'NONE', #185, #1561, #1180 ) ;
#537 = VECTOR ( 'NONE', #1599, 1000.000000000000000 ) ;
#538 = CARTESIAN_POINT ( 'NONE',  ( -8.500000000000000000, 0.000000000000000000, -3.500000000000000000 ) ) ;
#539 = CYLINDRICAL_SURFACE ( 'NONE', #289, 1.499999999999996225 ) ;
#540 = ORIENTED_EDGE ( 'NONE', *, *, #1181, .F. ) ;
#541 = DIRECTION ( 'NONE',  ( -0.000000000000000000, -1.000000000000000000, -0.000000000000000000 ) ) ;
#542 =( GEOMETRIC_REPRESENTATION_CONTEXT ( 3 ) GLOBAL_UNCERTAINTY_ASSIGNED_CONTEXT ( ( #334 ) ) GLOBAL_UNIT_ASSIGNED_CONTEXT ( ( #1348, #1477, #1332 ) ) REPRESENTATION_CONTEXT ( 'NONE', 'WORKASPACE' ) );
#543 = VERTEX_POINT ( 'NONE', #132 ) ;
#544 = FACE_OUTER_BOUND ( 'NONE', #486, .T. ) ;
#545 = AXIS2_PLACEMENT_3D ( 'NONE', #728, #197, #458 ) ;
#546 = FACE_BOUND ( 'NONE', #209, .T. ) ;
#547 = FACE_OUTER_BOUND ( 'NONE', #1133, .T. ) ;
#548 = ORIENTED_EDGE ( 'NONE', *, *, #1169, .F. ) ;
#549 = VECTOR ( 'NONE', #743, 1000.000000000000000 ) ;
#550 = DIRECTION ( 'NONE',  ( -0.4999999999999998890, 0.000000000000000000, 0.8660254037844385966 ) ) ;
#551 = EDGE_CURVE ( 'NONE', #417, #909, #847, .T. ) ;
#552 = ORIENTED_EDGE ( 'NONE', *, *, #1583, .T. ) ;
#553 = LINE ( 'NONE', #1061, #1064 ) ;
#554 = DIRECTION ( 'NONE',  ( 0.000000000000000000, 0.000000000000000000, 1.000000000000000000 ) ) ;
#555 = CARTESIAN_POINT ( 'NONE',  ( -17.32050807568877460, 6.000000000000000000, -1.192984394119701348E-17 ) ) ;
#556 = EDGE_CURVE ( 'NONE', #207, #20, #1248, .T. ) ;
#557 = ORIENTED_EDGE ( 'NONE', *, *, #165, .T. ) ;
#558 = CARTESIAN_POINT ( 'NONE',  ( -14.14042068947250463, 0.000000000000000000, 5.508072925435483214 ) ) ;
#559 = ORIENTED_EDGE ( 'NONE', *, *, #830, .F. ) ;
#560 = CYLINDRICAL_SURFACE ( 'NONE', #700, 1.499999999999999556 ) ;
#561 = AXIS2_PLACEMENT_3D ( 'NONE', #387, #1643, #1124 ) ;
#562 = DIRECTION ( 'NONE',  ( 0.000000000000000000, 1.000000000000000000, 0.000000000000000000 ) ) ;
#563 = CIRCLE ( 'NONE', #459, 1.499999999999999556 ) ;
#564 = AXIS2_PLACEMENT_3D ( 'NONE', #734, #724, #771 ) ;
#565 = EDGE_LOOP ( 'NONE', ( #826, #337, #50, #491 ) ) ;
#566 = FACE_BOUND ( 'NONE', #798, .T. ) ;
#567 = CIRCLE ( 'NONE', #1141, 3.500000000000000000 ) ;
#568 = EDGE_CURVE ( 'NONE', #744, #239, #273, .T. ) ;
#569 = ORIENTED_EDGE ( 'NONE', *, *, #726, .F. ) ;
#570 = CARTESIAN_POINT ( 'NONE',  ( -13.85640646055101932, 6.000000000000000000, -10.49999999999999289 ) ) ;
#571 = ADVANCED_FACE ( 'NONE', ( #228 ), #643, .F. ) ;
#572 = CARTESIAN_POINT ( 'NONE',  ( -13.85640646055101932, 2.000000000000000000, -10.49999999999999289 ) ) ;
#573 = ORIENTED_EDGE ( 'NONE', *, *, #1585, .T. ) ;
#574 = DIRECTION ( 'NONE',  ( -0.000000000000000000, -1.000000000000000000, -0.000000000000000000 ) ) ;
#575 = ORIENTED_EDGE ( 'NONE', *, *, #1321, .F. ) ;
#576 = FACE_OUTER_BOUND ( 'NONE', #1120, .T. ) ;
#577 = AXIS2_PLACEMENT_3D ( 'NONE', #899, #409, #1399 ) ;
#578 = ORIENTED_EDGE ( 'NONE', *, *, #1451, .F. ) ;
#579 = EDGE_CURVE ( 'NONE', #247, #69, #731, .T. ) ;
#580 = CARTESIAN_POINT ( 'NONE',  ( 0.000000000000000000, 6.000000000000000000, 0.000000000000000000 ) ) ;
#581 = CALENDAR_DATE ( 2026, 31, 3 ) ;
#582 = PRODUCT_DEFINITION_SHAPE ( 'NONE', 'NONE',  #1350 ) ;
#583 = ORIENTED_EDGE ( 'NONE', *, *, #1558, .T. ) ;
#584 = FACE_BOUND ( 'NONE', #187, .T. ) ;
#585 = VERTEX_POINT ( 'NONE', #2 ) ;
#586 = DIRECTION ( 'NONE',  ( -0.000000000000000000, -1.000000000000000000, -0.000000000000000000 ) ) ;
#587 = CARTESIAN_POINT ( 'NONE',  ( -8.500000000000000000, 3.000000000000000000, -3.500000000000000000 ) ) ;
#588 = COORDINATED_UNIVERSAL_TIME_OFFSET ( 7, 0, .BEHIND. ) ;
#589 = CIRCLE ( 'NONE', #668, 1.499999999999996225 ) ;
#590 = ORIENTED_EDGE ( 'NONE', *, *, #1284, .T. ) ;
#591 = DIRECTION ( 'NONE',  ( 0.000000000000000000, -1.000000000000000000, 0.000000000000000000 ) ) ;
#592 = AXIS2_PLACEMENT_3D ( 'NONE', #1042, #268, #789 ) ;
#593 = ORIENTED_EDGE ( 'NONE', *, *, #427, .T. ) ;
#594 = AXIS2_PLACEMENT_3D ( 'NONE', #139, #977, #389 ) ;
#595 = FACE_OUTER_BOUND ( 'NONE', #1027, .T. ) ;
#596 = LINE ( 'NONE', #1389, #1598 ) ;
#597 = DIRECTION ( 'NONE',  ( -0.000000000000000000, -1.000000000000000000, -0.000000000000000000 ) ) ;
#598 = ADVANCED_FACE ( 'NONE', ( #1254 ), #510, .F. ) ;
#599 = DIRECTION ( 'NONE',  ( 0.000000000000000000, 0.000000000000000000, -1.000000000000000000 ) ) ;
#600 = EDGE_CURVE ( 'NONE', #1111, #1174, #143, .T. ) ;
#601 = ORIENTED_EDGE ( 'NONE', *, *, #690, .T. ) ;
#602 = CYLINDRICAL_SURFACE ( 'NONE', #751, 1.499999999999996225 ) ;
#603 = EDGE_CURVE ( 'NONE', #1475, #412, #788, .T. ) ;
#604 = CARTESIAN_POINT ( 'NONE',  ( -13.85640646055101932, 2.000000000000000000, -8.999999999999996447 ) ) ;
#605 = DIRECTION ( 'NONE',  ( 0.000000000000000000, 1.000000000000000000, 0.000000000000000000 ) ) ;
#606 = VERTEX_POINT ( 'NONE', #1319 ) ;
#607 = CARTESIAN_POINT ( 'NONE',  ( -13.85640646055101932, 6.000000000000000000, 8.999999999999998224 ) ) ;
#608 = ORIENTED_EDGE ( 'NONE', *, *, #755, .F. ) ;
#609 = DATE_AND_TIME ( #218, #62 ) ;
#610 = DIRECTION ( 'NONE',  ( 0.000000000000000000, 1.000000000000000000, 0.000000000000000000 ) ) ;
#611 = DIRECTION ( 'NONE',  ( 0.000000000000000000, 0.000000000000000000, 1.000000000000000000 ) ) ;
#612 = ORIENTED_EDGE ( 'NONE', *, *, #1513, .F. ) ;
#613 = LINE ( 'NONE', #1012, #827 ) ;
#614 = VECTOR ( 'NONE', #1498, 1000.000000000000000 ) ;
#615 = EDGE_CURVE ( 'NONE', #1117, #1210, #553, .T. ) ;
#616 = PRODUCT_DEFINITION_FORMATION_WITH_SPECIFIED_SOURCE ( 'ANY', '', #1601, .NOT_KNOWN. ) ;
#617 = AXIS2_PLACEMENT_3D ( 'NONE', #953, #1591, #554 ) ;
#618 = ORIENTED_EDGE ( 'NONE', *, *, #267, .F. ) ;
#619 = AXIS2_PLACEMENT_3D ( 'NONE', #717, #56, #439 ) ;
#620 = CIRCLE ( 'NONE', #1173, 1.499999999999996225 ) ;
#621 = DIRECTION ( 'NONE',  ( 0.000000000000000000, 0.000000000000000000, 1.000000000000000000 ) ) ;
#622 = CARTESIAN_POINT ( 'NONE',  ( 8.660254037844392627, 6.000000000000000000, 14.99999999999999645 ) ) ;
#623 = ORIENTED_EDGE ( 'NONE', *, *, #703, .F. ) ;
#624 = CARTESIAN_POINT ( 'NONE',  ( -8.500000000000000000, 3.000000000000000000, 3.500000000000000000 ) ) ;
#625 = ORIENTED_EDGE ( 'NONE', *, *, #758, .T. ) ;
#626 = DIRECTION ( 'NONE',  ( -0.000000000000000000, -1.000000000000000000, 0.000000000000000000 ) ) ;
#627 = EDGE_CURVE ( 'NONE', #931, #354, #1566, .T. ) ;
#628 = COORDINATED_UNIVERSAL_TIME_OFFSET ( 7, 0, .BEHIND. ) ;
#629 = DIRECTION ( 'NONE',  ( -0.5000000000000002220, 0.000000000000000000, 0.8660254037844384856 ) ) ;
#630 = CYLINDRICAL_SURFACE ( 'NONE', #155, 3.500000000000000000 ) ;
#631 = EDGE_LOOP ( 'NONE', ( #1456, #1216, #1035, #395 ) ) ;
#632 = DIRECTION ( 'NONE',  ( 0.000000000000000000, 0.000000000000000000, -1.000000000000000000 ) ) ;
#633 = VERTEX_POINT ( 'NONE', #1150 ) ;
#634 = CARTESIAN_POINT ( 'NONE',  ( -13.85640646055101932, 2.000000000000000000, -11.99999999999999112 ) ) ;
#635 = ADVANCED_FACE ( 'NONE', ( #544 ), #560, .F. ) ;
#636 = FACE_OUTER_BOUND ( 'NONE', #26, .T. ) ;
#637 = DIRECTION ( 'NONE',  ( 0.4999999999999999445, 0.000000000000000000, -0.8660254037844385966 ) ) ;
#638 = ORIENTED_EDGE ( 'NONE', *, *, #99, .F. ) ;
#639 = DIRECTION ( 'NONE',  ( -0.000000000000000000, -1.000000000000000000, -0.000000000000000000 ) ) ;
#640 = VECTOR ( 'NONE', #280, 1000.000000000000114 ) ;
#641 = ORIENTED_EDGE ( 'NONE', *, *, #460, .F. ) ;
#642 = CLOSED_SHELL ( 'NONE', ( #497, #1459, #1542, #1059, #795, #1404, #846, #962, #194, #598, #993, #1325, #1572, #867, #515, #1014, #1590, #918, #1423, #635, #83, #210, #16, #1255, #810, #1631, #372, #237, #276, #1184, #123, #571, #39, #707, #897, #1387, #1204, #206, #1293, #1462, #111, #852, #91, #1523, #748, #242, #339, #1620, #782, #385 ) ) ;
#643 = PLANE ( 'NONE',  #965 ) ;
#644 = CIRCLE ( 'NONE', #1330, 4.999999999999995559 ) ;
#645 = VECTOR ( 'NONE', #976, 1000.000000000000000 ) ;
#646 = DIRECTION ( 'NONE',  ( -0.000000000000000000, -1.000000000000000000, -0.000000000000000000 ) ) ;
#647 = DIRECTION ( 'NONE',  ( 0.000000000000000000, -0.000000000000000000, -1.000000000000000000 ) ) ;
#648 = EDGE_CURVE ( 'NONE', #893, #1337, #357, .T. ) ;
#649 = ORIENTED_EDGE ( 'NONE', *, *, #1504, .F. ) ;
#650 = DIRECTION ( 'NONE',  ( 0.000000000000000000, 0.000000000000000000, 1.000000000000000000 ) ) ;
#651 = ORIENTED_EDGE ( 'NONE', *, *, #1305, .F. ) ;
#652 = CARTESIAN_POINT ( 'NONE',  ( 13.85640646055102287, 0.000000000000000000, 9.000000000000000000 ) ) ;
#653 = DIRECTION ( 'NONE',  ( 0.000000000000000000, 0.000000000000000000, -1.000000000000000000 ) ) ;
#654 = DIRECTION ( 'NONE',  ( -0.000000000000000000, -1.000000000000000000, 0.000000000000000000 ) ) ;
#655 = AXIS2_PLACEMENT_3D ( 'NONE', #496, #490, #858 ) ;
#656 = EDGE_CURVE ( 'NONE', #412, #989, #801, .T. ) ;
#657 = ORIENTED_EDGE ( 'NONE', *, *, #1100, .F. ) ;
#658 = DIRECTION ( 'NONE',  ( 0.000000000000000000, 0.000000000000000000, 1.000000000000000000 ) ) ;
#659 = EDGE_LOOP ( 'NONE', ( #1573, #138, #1053, #462 ) ) ;
#660 = CARTESIAN_POINT ( 'NONE',  ( -8.660254037844380193, 0.000000000000000000, 15.00000000000000000 ) ) ;
#661 = PLANE ( 'NONE',  #198 ) ;
#662 = CARTESIAN_POINT ( 'NONE',  ( -13.85640646055101932, 6.000000000000000000, 11.99999999999998934 ) ) ;
#663 = EDGE_LOOP ( 'NONE', ( #1594, #78, #530, #1473 ) ) ;
#664 = DIRECTION ( 'NONE',  ( -0.000000000000000000, -1.000000000000000000, 0.000000000000000000 ) ) ;
#665 = ORIENTED_EDGE ( 'NONE', *, *, #1189, .T. ) ;
#666 = EDGE_CURVE ( 'NONE', #606, #74, #200, .T. ) ;
#667 = LINE ( 'NONE', #1168, #781 ) ;
#668 = AXIS2_PLACEMENT_3D ( 'NONE', #51, #664, #932 ) ;
#669 = EDGE_CURVE ( 'NONE', #744, #1047, #1522, .T. ) ;
#670 = AXIS2_PLACEMENT_3D ( 'NONE', #175, #920, #685 ) ;
#671 = DIRECTION ( 'NONE',  ( -1.000000000000000000, 0.000000000000000000, 2.003086131649545704E-16 ) ) ;
#672 = CARTESIAN_POINT ( 'NONE',  ( 9.675277914599568874, 6.000000000000000000, 13.24192707456450080 ) ) ;
#673 = EDGE_LOOP ( 'NONE', ( #1311, #540, #1565, #1259 ) ) ;
#674 = LINE ( 'NONE', #180, #1493 ) ;
#675 = VERTEX_POINT ( 'NONE', #21 ) ;
#676 = CARTESIAN_POINT ( 'NONE',  ( -8.500000000000000000, 6.000000000000000000, 0.000000000000000000 ) ) ;
#677 = CIRCLE ( 'NONE', #545, 3.999999999999999112 ) ;
#678 = EDGE_CURVE ( 'NONE', #730, #199, #644, .T. ) ;
#679 = DIRECTION ( 'NONE',  ( -1.000000000000000000, 0.000000000000000000, 0.000000000000000000 ) ) ;
#680 = APPLICATION_PROTOCOL_DEFINITION ( 'international standard', 'config_control_design', 1994, #453 ) ;
#681 = ORIENTED_EDGE ( 'NONE', *, *, #324, .T. ) ;
#682 = AXIS2_PLACEMENT_3D ( 'NONE', #108, #1009, #1247 ) ;
#683 = CARTESIAN_POINT ( 'NONE',  ( -13.85640646055101932, 2.000000000000000000, 8.999999999999996447 ) ) ;
#684 = VERTEX_POINT ( 'NONE', #1178 ) ;
#685 = DIRECTION ( 'NONE',  ( 0.000000000000000000, 0.000000000000000000, 1.000000000000000000 ) ) ;
#686 = CARTESIAN_POINT ( 'NONE',  ( 17.32050807568877460, 0.000000000000000000, 6.863985015692641023E-15 ) ) ;
#687 = EDGE_CURVE ( 'NONE', #633, #468, #1094, .T. ) ;
#688 = ORIENTED_EDGE ( 'NONE', *, *, #1336, .T. ) ;
#689 = DIRECTION ( 'NONE',  ( -0.5000000000000003331, 0.000000000000000000, -0.8660254037844383745 ) ) ;
#690 = EDGE_CURVE ( 'NONE', #44, #1475, #1446, .T. ) ;
#691 = EDGE_LOOP ( 'NONE', ( #340, #346 ) ) ;
#692 = DIRECTION ( 'NONE',  ( 0.000000000000000000, 1.000000000000000000, 0.000000000000000000 ) ) ;
#693 = ORIENTED_EDGE ( 'NONE', *, *, #1491, .T. ) ;
#694 = CC_DESIGN_PERSON_AND_ORGANIZATION_ASSIGNMENT ( #1358, #229, ( #616 ) ) ;
#695 = VECTOR ( 'NONE', #319, 1000.000000000000000 ) ;
#696 = CARTESIAN_POINT ( 'NONE',  ( -17.32050807568877460, 6.000000000000000000, -1.192984394119701348E-17 ) ) ;
#697 = VECTOR ( 'NONE', #1469, 1000.000000000000114 ) ;
#698 = DIRECTION ( 'NONE',  ( 0.000000000000000000, 0.000000000000000000, 1.000000000000000000 ) ) ;
#699 = AXIS2_PLACEMENT_3D ( 'NONE', #946, #336, #820 ) ;
#700 = AXIS2_PLACEMENT_3D ( 'NONE', #676, #426, #1303 ) ;
#701 = ORIENTED_EDGE ( 'NONE', *, *, #615, .F. ) ;
#702 = DIRECTION ( 'NONE',  ( 0.000000000000000000, 1.000000000000000000, 0.000000000000000000 ) ) ;
#703 = EDGE_CURVE ( 'NONE', #518, #364, #1574, .T. ) ;
#704 = VERTEX_POINT ( 'NONE', #652 ) ;
#705 = DIRECTION ( 'NONE',  ( 0.000000000000000000, 1.000000000000000000, 0.000000000000000000 ) ) ;
#706 = VECTOR ( 'NONE', #1067, 1000.000000000000000 ) ;
#707 = ADVANCED_FACE ( 'NONE', ( #404 ), #911, .F. ) ;
#708 = MANIFOLD_SOLID_BREP ( 'Cut-Extrude4', #642 ) ;
#709 = DIRECTION ( 'NONE',  ( 0.000000000000000000, 0.000000000000000000, -1.000000000000000000 ) ) ;
#710 = EDGE_LOOP ( 'NONE', ( #845, #1279, #1287, #973 ) ) ;
#711 = CARTESIAN_POINT ( 'NONE',  ( 4.898587196589412829E-16, 6.000000000000000000, 4.000000000000000000 ) ) ;
#712 = EDGE_CURVE ( 'NONE', #721, #1157, #1288, .T. ) ;
#713 = EDGE_LOOP ( 'NONE', ( #1011, #121, #1602, #608 ) ) ;
#714 = FACE_OUTER_BOUND ( 'NONE', #371, .T. ) ;
#715 = AXIS2_PLACEMENT_3D ( 'NONE', #1579, #875, #1233 ) ;
#716 = LINE ( 'NONE', #960, #275 ) ;
#717 = CARTESIAN_POINT ( 'NONE',  ( -17.32050807568877460, 6.000000000000000000, -1.192984394119701348E-17 ) ) ;
#718 = ORIENTED_EDGE ( 'NONE', *, *, #281, .F. ) ;
#719 = CC_DESIGN_DATE_AND_TIME_ASSIGNMENT ( #212, #466, ( #1350 ) ) ;
#720 = FACE_OUTER_BOUND ( 'NONE', #737, .T. ) ;
#721 = VERTEX_POINT ( 'NONE', #413 ) ;
#722 = DIRECTION ( 'NONE',  ( 0.000000000000000000, -1.000000000000000000, 0.000000000000000000 ) ) ;
#723 = ORIENTED_EDGE ( 'NONE', *, *, #712, .F. ) ;
#724 = DIRECTION ( 'NONE',  ( 0.000000000000000000, -1.000000000000000000, 0.000000000000000000 ) ) ;
#725 = AXIS2_PLACEMENT_3D ( 'NONE', #1474, #844, #1219 ) ;
#726 = EDGE_CURVE ( 'NONE', #909, #1588, #1419, .T. ) ;
#727 = FACE_OUTER_BOUND ( 'NONE', #96, .T. ) ;
#728 = CARTESIAN_POINT ( 'NONE',  ( 13.85640646055102287, 2.000000000000000000, -10.49999999999999645 ) ) ;
#729 = AXIS2_PLACEMENT_3D ( 'NONE', #219, #848, #495 ) ;
#730 = VERTEX_POINT ( 'NONE', #164 ) ;
#731 = CIRCLE ( 'NONE', #564, 3.500000000000000000 ) ;
#732 = DIRECTION ( 'NONE',  ( 0.000000000000000000, -1.000000000000000000, 0.000000000000000000 ) ) ;
#733 = EDGE_CURVE ( 'NONE', #1475, #1586, #667, .T. ) ;
#734 = CARTESIAN_POINT ( 'NONE',  ( -8.500000000000000000, 0.000000000000000000, 0.000000000000000000 ) ) ;
#735 = CYLINDRICAL_SURFACE ( 'NONE', #511, 3.500000000000000000 ) ;
#736 = CARTESIAN_POINT ( 'NONE',  ( -13.85640646055101932, 2.000000000000000000, -10.49999999999999289 ) ) ;
#737 = EDGE_LOOP ( 'NONE', ( #1227, #263, #470, #1426, #747, #601, #996, #1073, #147, #688, #891, #63, #638, #1192, #681, #423 ) ) ;
#738 = LINE ( 'NONE', #1021, #802 ) ;
#739 = ORIENTED_EDGE ( 'NONE', *, *, #135, .T. ) ;
#740 = AXIS2_PLACEMENT_3D ( 'NONE', #1115, #479, #1506 ) ;
#741 = EDGE_CURVE ( 'NONE', #1097, #730, #1560, .T. ) ;
#742 = CARTESIAN_POINT ( 'NONE',  ( -8.500000000000000000, 0.000000000000000000, 3.500000000000000000 ) ) ;
#743 = DIRECTION ( 'NONE',  ( -0.000000000000000000, 1.000000000000000000, -0.000000000000000000 ) ) ;
#744 = VERTEX_POINT ( 'NONE', #45 ) ;
#745 = DIRECTION ( 'NONE',  ( -0.000000000000000000, -1.000000000000000000, -0.000000000000000000 ) ) ;
#746 = EDGE_CURVE ( 'NONE', #362, #1621, #832, .T. ) ;
#747 = ORIENTED_EDGE ( 'NONE', *, *, #427, .F. ) ;
#748 = ADVANCED_FACE ( 'NONE', ( #1345 ), #452, .F. ) ;
#749 = DIRECTION ( 'NONE',  ( 0.000000000000000000, 0.000000000000000000, -1.000000000000000000 ) ) ;
#750 = CARTESIAN_POINT ( 'NONE',  ( -13.85640646055101932, 2.000000000000000000, 6.499999999999992895 ) ) ;
#751 = AXIS2_PLACEMENT_3D ( 'NONE', #73, #1490, #464 ) ;
#752 = ORIENTED_EDGE ( 'NONE', *, *, #1623, .T. ) ;
#753 = DIRECTION ( 'NONE',  ( -0.000000000000000000, -1.000000000000000000, -0.000000000000000000 ) ) ;
#754 = VECTOR ( 'NONE', #335, 1000.000000000000000 ) ;
#755 = EDGE_CURVE ( 'NONE', #1556, #333, #321, .T. ) ;
#756 = VECTOR ( 'NONE', #1084, 1000.000000000000000 ) ;
#757 = ORIENTED_EDGE ( 'NONE', *, *, #726, .T. ) ;
#758 = EDGE_CURVE ( 'NONE', #989, #853, #65, .T. ) ;
#759 = VECTOR ( 'NONE', #1480, 1000.000000000000000 ) ;
#760 = CARTESIAN_POINT ( 'NONE',  ( -8.500000000000000000, 3.000000000000000000, 0.000000000000000000 ) ) ;
#761 = CYLINDRICAL_SURFACE ( 'NONE', #262, 4.000000000000001776 ) ;
#762 = VERTEX_POINT ( 'NONE', #1338 ) ;
#763 = DIRECTION ( 'NONE',  ( 0.000000000000000000, 0.000000000000000000, -1.000000000000000000 ) ) ;
#764 = ORIENTED_EDGE ( 'NONE', *, *, #669, .T. ) ;
#765 = CARTESIAN_POINT ( 'NONE',  ( -13.85640646055101932, 6.000000000000000000, -8.999999999999998224 ) ) ;
#766 = DIRECTION ( 'NONE',  ( 0.000000000000000000, 0.000000000000000000, -1.000000000000000000 ) ) ;
#767 = DIRECTION ( 'NONE',  ( 0.000000000000000000, 0.000000000000000000, -1.000000000000000000 ) ) ;
#768 = ORIENTED_EDGE ( 'NONE', *, *, #648, .F. ) ;
#769 = DIRECTION ( 'NONE',  ( -0.000000000000000000, -1.000000000000000000, -0.000000000000000000 ) ) ;
#770 = ORIENTED_EDGE ( 'NONE', *, *, #666, .T. ) ;
#771 = DIRECTION ( 'NONE',  ( 0.000000000000000000, 0.000000000000000000, -1.000000000000000000 ) ) ;
#772 = DIRECTION ( 'NONE',  ( 0.000000000000000000, 1.000000000000000000, 0.000000000000000000 ) ) ;
#773 = DIRECTION ( 'NONE',  ( 0.000000000000000000, 1.000000000000000000, 0.000000000000000000 ) ) ;
#774 = EDGE_LOOP ( 'NONE', ( #649, #1628, #882, #590 ) ) ;
#775 = DIRECTION ( 'NONE',  ( 0.000000000000000000, 0.000000000000000000, -1.000000000000000000 ) ) ;
#776 = AXIS2_PLACEMENT_3D ( 'NONE', #18, #411, #775 ) ;
#777 = ORIENTED_EDGE ( 'NONE', *, *, #398, .T. ) ;
#778 = CIRCLE ( 'NONE', #984, 5.000000000000000888 ) ;
#779 = DIRECTION ( 'NONE',  ( 0.000000000000000000, 1.000000000000000000, 0.000000000000000000 ) ) ;
#780 = LOCAL_TIME ( 23, 2, 33.00000000000000000, #1341 ) ;
#781 = VECTOR ( 'NONE', #1048, 1000.000000000000000 ) ;
#782 = ADVANCED_FACE ( 'NONE', ( #576, #1464 ), #190, .T. ) ;
#783 = LINE ( 'NONE', #408, #1380 ) ;
#784 = CARTESIAN_POINT ( 'NONE',  ( 13.85640646055102287, 0.000000000000000000, 10.49999999999999645 ) ) ;
#785 = VERTEX_POINT ( 'NONE', #1455 ) ;
#786 = CARTESIAN_POINT ( 'NONE',  ( -8.500000000000000000, 6.000000000000000000, 1.499999999999999556 ) ) ;
#787 = VERTEX_POINT ( 'NONE', #87 ) ;
#788 = LINE ( 'NONE', #313, #1384 ) ;
#789 = DIRECTION ( 'NONE',  ( 0.000000000000000000, 0.000000000000000000, -1.000000000000000000 ) ) ;
#790 = DIRECTION ( 'NONE',  ( -0.000000000000000000, 1.000000000000000000, -0.000000000000000000 ) ) ;
#791 = ORIENTED_EDGE ( 'NONE', *, *, #227, .F. ) ;
#792 = FACE_OUTER_BOUND ( 'NONE', #327, .T. ) ;
#793 = ORIENTED_EDGE ( 'NONE', *, *, #746, .F. ) ;
#794 = DIRECTION ( 'NONE',  ( 0.000000000000000000, 1.000000000000000000, 0.000000000000000000 ) ) ;
#795 = ADVANCED_FACE ( 'NONE', ( #1607 ), #1105, .F. ) ;
#796 = DIRECTION ( 'NONE',  ( 0.000000000000000000, 1.000000000000000000, 0.000000000000000000 ) ) ;
#797 = LINE ( 'NONE', #662, #1313 ) ;
#798 = EDGE_LOOP ( 'NONE', ( #885, #791 ) ) ;
#799 = CARTESIAN_POINT ( 'NONE',  ( 13.85640646055102287, 2.000000000000000000, 11.99999999999999467 ) ) ;
#800 = ORIENTED_EDGE ( 'NONE', *, *, #1237, .T. ) ;
#801 = LINE ( 'NONE', #660, #9 ) ;
#802 = VECTOR ( 'NONE', #1525, 1000.000000000000000 ) ;
#803 = AXIS2_PLACEMENT_3D ( 'NONE', #994, #879, #1360 ) ;
#804 = DIRECTION ( 'NONE',  ( 0.000000000000000000, 1.000000000000000000, 0.000000000000000000 ) ) ;
#805 = CARTESIAN_POINT ( 'NONE',  ( -8.500000000000000000, 6.000000000000000000, 1.499999999999999556 ) ) ;
#806 = ORIENTED_EDGE ( 'NONE', *, *, #579, .F. ) ;
#807 = CARTESIAN_POINT ( 'NONE',  ( -13.85640646055101932, 2.000000000000000000, -10.49999999999999289 ) ) ;
#808 = ORIENTED_EDGE ( 'NONE', *, *, #527, .F. ) ;
#809 = CARTESIAN_POINT ( 'NONE',  ( 13.85640646055102287, 6.000000000000000000, -15.49999999999999289 ) ) ;
#810 = ADVANCED_FACE ( 'NONE', ( #1072 ), #1211, .F. ) ;
#811 = DIRECTION ( 'NONE',  ( -0.5000000000000003331, 0.000000000000000000, -0.8660254037844383745 ) ) ;
#812 = CARTESIAN_POINT ( 'NONE',  ( 13.85640646055102287, 6.000000000000000000, 11.99999999999999289 ) ) ;
#813 = EDGE_LOOP ( 'NONE', ( #358, #593, #916, #612 ) ) ;
#814 = VECTOR ( 'NONE', #1634, 1000.000000000000114 ) ;
#815 = DIRECTION ( 'NONE',  ( 0.000000000000000000, 1.000000000000000000, 0.000000000000000000 ) ) ;
#816 = VERTEX_POINT ( 'NONE', #477 ) ;
#817 = DIRECTION ( 'NONE',  ( -0.000000000000000000, -1.000000000000000000, 0.000000000000000000 ) ) ;
#818 = ORIENTED_EDGE ( 'NONE', *, *, #1483, .F. ) ;
#819 = LINE ( 'NONE', #939, #1329 ) ;
#820 = DIRECTION ( 'NONE',  ( 1.000000000000000000, 0.000000000000000000, 0.000000000000000000 ) ) ;
#821 = EDGE_CURVE ( 'NONE', #1155, #704, #1278, .T. ) ;
#822 = ORIENTED_EDGE ( 'NONE', *, *, #1336, .F. ) ;
#823 = LINE ( 'NONE', #1324, #535 ) ;
#824 = ORIENTED_EDGE ( 'NONE', *, *, #1583, .F. ) ;
#825 = DIRECTION ( 'NONE',  ( 0.000000000000000000, -0.000000000000000000, -1.000000000000000000 ) ) ;
#826 = ORIENTED_EDGE ( 'NONE', *, *, #359, .F. ) ;
#827 = VECTOR ( 'NONE', #769, 1000.000000000000000 ) ;
#828 = CARTESIAN_POINT ( 'NONE',  ( -8.660254037844380193, 0.000000000000000000, 15.00000000000000000 ) ) ;
#829 = DIRECTION ( 'NONE',  ( -0.000000000000000000, 1.000000000000000000, -0.000000000000000000 ) ) ;
#830 = EDGE_CURVE ( 'NONE', #69, #247, #567, .T. ) ;
#831 = LOCAL_TIME ( 23, 2, 33.00000000000000000, #382 ) ;
#832 = CIRCLE ( 'NONE', #407, 4.000000000000000888 ) ;
#833 = ORIENTED_EDGE ( 'NONE', *, *, #758, .F. ) ;
#834 = DIRECTION ( 'NONE',  ( -0.5000000000000003331, 0.000000000000000000, -0.8660254037844383745 ) ) ;
#835 = EDGE_LOOP ( 'NONE', ( #850, #1436 ) ) ;
#836 = CARTESIAN_POINT ( 'NONE',  ( 0.000000000000000000, 6.000000000000000000, 0.000000000000000000 ) ) ;
#837 = CIRCLE ( 'NONE', #1044, 3.500000000000000000 ) ;
#838 = ORIENTED_EDGE ( 'NONE', *, *, #1447, .F. ) ;
#839 = FACE_OUTER_BOUND ( 'NONE', #393, .T. ) ;
#840 = APPROVAL_DATE_TIME ( #1458, #986 ) ;
#841 = ORIENTED_EDGE ( 'NONE', *, *, #1491, .F. ) ;
#842 = DIRECTION ( 'NONE',  ( 0.000000000000000000, 0.000000000000000000, 1.000000000000000000 ) ) ;
#843 = ORIENTED_EDGE ( 'NONE', *, *, #821, .F. ) ;
#844 = DIRECTION ( 'NONE',  ( 0.000000000000000000, 1.000000000000000000, 0.000000000000000000 ) ) ;
#845 = ORIENTED_EDGE ( 'NONE', *, *, #1507, .F. ) ;
#846 = ADVANCED_FACE ( 'NONE', ( #595 ), #981, .T. ) ;
#847 = LINE ( 'NONE', #1126, #1550 ) ;
#848 = DIRECTION ( 'NONE',  ( 0.000000000000000000, 1.000000000000000000, 0.000000000000000000 ) ) ;
#849 = CARTESIAN_POINT ( 'NONE',  ( 8.500000000000000000, 3.000000000000000000, -3.122849337825750617E-15 ) ) ;
#850 = ORIENTED_EDGE ( 'NONE', *, *, #1483, .T. ) ;
#851 = CARTESIAN_POINT ( 'NONE',  ( -8.500000000000000000, 3.000000000000000000, -1.499999999999999556 ) ) ;
#852 = ADVANCED_FACE ( 'NONE', ( #208, #714 ), #1589, .T. ) ;
#853 = VERTEX_POINT ( 'NONE', #1089 ) ;
#854 = FACE_OUTER_BOUND ( 'NONE', #1207, .T. ) ;
#855 = CIRCLE ( 'NONE', #776, 1.499999999999999556 ) ;
#856 = CIRCLE ( 'NONE', #1546, 4.000000000000001776 ) ;
#857 = DIRECTION ( 'NONE',  ( 0.000000000000000000, 0.000000000000000000, 1.000000000000000000 ) ) ;
#858 = DIRECTION ( 'NONE',  ( 0.000000000000000000, 0.000000000000000000, -1.000000000000000000 ) ) ;
#859 = VECTOR ( 'NONE', #533, 1000.000000000000114 ) ;
#860 = VERTEX_POINT ( 'NONE', #851 ) ;
#861 = AXIS2_PLACEMENT_3D ( 'NONE', #836, #1353, #223 ) ;
#862 = CARTESIAN_POINT ( 'NONE',  ( 13.85640646055102287, 2.000000000000000000, 10.49999999999999645 ) ) ;
#863 = ORIENTED_EDGE ( 'NONE', *, *, #1119, .T. ) ;
#864 = EDGE_CURVE ( 'NONE', #1210, #257, #1379, .T. ) ;
#865 = CYLINDRICAL_SURFACE ( 'NONE', #1223, 1.500000000000000444 ) ;
#866 = CARTESIAN_POINT ( 'NONE',  ( -8.500000000000000000, 3.000000000000000000, 3.500000000000000000 ) ) ;
#867 = ADVANCED_FACE ( 'NONE', ( #443 ), #602, .F. ) ;
#868 = EDGE_LOOP ( 'NONE', ( #980, #1095 ) ) ;
#869 = CARTESIAN_POINT ( 'NONE',  ( -8.660254037844383745, 0.000000000000000000, -15.00000000000000000 ) ) ;
#870 = CC_DESIGN_PERSON_AND_ORGANIZATION_ASSIGNMENT ( #1315, #1322, ( #1601 ) ) ;
#871 = ORIENTED_EDGE ( 'NONE', *, *, #895, .T. ) ;
#872 = VECTOR ( 'NONE', #1499, 1000.000000000000114 ) ;
#873 = CARTESIAN_POINT ( 'NONE',  ( 9.675277914599568874, 6.000000000000000000, 13.24192707456450080 ) ) ;
#874 = EDGE_CURVE ( 'NONE', #20, #207, #4, .T. ) ;
#875 = DIRECTION ( 'NONE',  ( 0.000000000000000000, 1.000000000000000000, 0.000000000000000000 ) ) ;
#876 = ORIENTED_EDGE ( 'NONE', *, *, #71, .F. ) ;
#877 = CARTESIAN_POINT ( 'NONE',  ( -13.85640646055101932, 6.000000000000000000, 6.499999999999992895 ) ) ;
#878 = EDGE_LOOP ( 'NONE', ( #657, #768, #32, #1592 ) ) ;
#879 = DIRECTION ( 'NONE',  ( -0.000000000000000000, 1.000000000000000000, -0.000000000000000000 ) ) ;
#880 = CARTESIAN_POINT ( 'NONE',  ( 13.85640646055102287, 6.000000000000000000, 9.000000000000001776 ) ) ;
#881 = CIRCLE ( 'NONE', #1165, 1.499999999999996225 ) ;
#882 = ORIENTED_EDGE ( 'NONE', *, *, #1632, .T. ) ;
#883 = CARTESIAN_POINT ( 'NONE',  ( -14.14042068947250463, 0.000000000000000000, -5.508072925435487655 ) ) ;
#884 = CIRCLE ( 'NONE', #483, 4.999999999999995559 ) ;
#885 = ORIENTED_EDGE ( 'NONE', *, *, #1271, .F. ) ;
#886 = CYLINDRICAL_SURFACE ( 'NONE', #1357, 1.499999999999996225 ) ;
#887 = CC_DESIGN_DATE_AND_TIME_ASSIGNMENT ( #1127, #1625, ( #120 ) ) ;
#888 = CIRCLE ( 'NONE', #176, 1.499999999999999556 ) ;
#889 = FACE_BOUND ( 'NONE', #943, .T. ) ;
#890 = CARTESIAN_POINT ( 'NONE',  ( 17.32050807568877460, 0.000000000000000000, 6.863985015692641023E-15 ) ) ;
#891 = ORIENTED_EDGE ( 'NONE', *, *, #1289, .T. ) ;
#892 = DIRECTION ( 'NONE',  ( 0.000000000000000000, 0.000000000000000000, 1.000000000000000000 ) ) ;
#893 = VERTEX_POINT ( 'NONE', #363 ) ;
#894 = DIRECTION ( 'NONE',  ( -0.000000000000000000, -1.000000000000000000, -0.000000000000000000 ) ) ;
#895 = EDGE_CURVE ( 'NONE', #1123, #684, #140, .T. ) ;
#896 = AXIS2_PLACEMENT_3D ( 'NONE', #160, #1555, #300 ) ;
#897 = ADVANCED_FACE ( 'NONE', ( #1386 ), #137, .F. ) ;
#898 = CARTESIAN_POINT ( 'NONE',  ( -13.85640646055101932, 0.000000000000000000, -10.49999999999999289 ) ) ;
#899 = CARTESIAN_POINT ( 'NONE',  ( 13.85640646055102287, 6.000000000000000000, -10.49999999999999645 ) ) ;
#900 = ORIENTED_EDGE ( 'NONE', *, *, #158, .F. ) ;
#901 = DIRECTION ( 'NONE',  ( 0.000000000000000000, 0.000000000000000000, 1.000000000000000000 ) ) ;
#902 = EDGE_LOOP ( 'NONE', ( #1551, #516 ) ) ;
#903 = CARTESIAN_POINT ( 'NONE',  ( 13.85640646055102287, 2.000000000000000000, -10.49999999999999645 ) ) ;
#904 = CARTESIAN_POINT ( 'NONE',  ( -8.660254037844380193, 6.000000000000000000, 15.00000000000000000 ) ) ;
#905 = DIRECTION ( 'NONE',  ( 0.000000000000000000, 1.000000000000000000, 0.000000000000000000 ) ) ;
#906 = ORIENTED_EDGE ( 'NONE', *, *, #142, .F. ) ;
#907 = DIRECTION ( 'NONE',  ( 0.000000000000000000, 1.000000000000000000, 0.000000000000000000 ) ) ;
#908 = AXIS2_PLACEMENT_3D ( 'NONE', #205, #469, #948 ) ;
#909 = VERTEX_POINT ( 'NONE', #233 ) ;
#910 = AXIS2_PLACEMENT_3D ( 'NONE', #151, #1025, #653 ) ;
#911 = PLANE ( 'NONE',  #1277 ) ;
#912 = VECTOR ( 'NONE', #217, 1000.000000000000000 ) ;
#913 = EDGE_CURVE ( 'NONE', #785, #1606, #738, .T. ) ;
#914 = DIRECTION ( 'NONE',  ( 0.000000000000000000, 1.000000000000000000, 0.000000000000000000 ) ) ;
#915 = LINE ( 'NONE', #23, #999 ) ;
#916 = ORIENTED_EDGE ( 'NONE', *, *, #1212, .F. ) ;
#917 = CARTESIAN_POINT ( 'NONE',  ( 13.85640646055102287, 0.000000000000000000, -9.000000000000000000 ) ) ;
#918 = ADVANCED_FACE ( 'NONE', ( #1532 ), #370, .F. ) ;
#919 = EDGE_LOOP ( 'NONE', ( #523, #618, #1088, #764 ) ) ;
#920 = DIRECTION ( 'NONE',  ( 0.000000000000000000, 1.000000000000000000, 0.000000000000000000 ) ) ;
#921 = FACE_OUTER_BOUND ( 'NONE', #813, .T. ) ;
#922 = FACE_BOUND ( 'NONE', #1147, .T. ) ;
#923 = EDGE_CURVE ( 'NONE', #44, #17, #613, .T. ) ;
#924 = ORIENTED_EDGE ( 'NONE', *, *, #1189, .F. ) ;
#925 = CARTESIAN_POINT ( 'NONE',  ( 13.85640646055102287, 2.000000000000000000, 9.000000000000000000 ) ) ;
#926 = VERTEX_POINT ( 'NONE', #877 ) ;
#927 = DIRECTION ( 'NONE',  ( 0.000000000000000000, 0.000000000000000000, -1.000000000000000000 ) ) ;
#928 = EDGE_CURVE ( 'NONE', #1076, #1139, #997, .T. ) ;
#929 = LINE ( 'NONE', #1331, #170 ) ;
#930 = DIRECTION ( 'NONE',  ( 0.000000000000000000, 0.000000000000000000, 1.000000000000000000 ) ) ;
#931 = VERTEX_POINT ( 'NONE', #130 ) ;
#932 = DIRECTION ( 'NONE',  ( 0.000000000000000000, 0.000000000000000000, -1.000000000000000000 ) ) ;
#933 = EDGE_CURVE ( 'NONE', #1588, #744, #103, .T. ) ;
#934 = ORIENTED_EDGE ( 'NONE', *, *, #678, .F. ) ;
#935 = DIRECTION ( 'NONE',  ( 0.000000000000000000, 1.000000000000000000, 0.000000000000000000 ) ) ;
#936 = AXIS2_PLACEMENT_3D ( 'NONE', #503, #1616, #1231 ) ;
#937 = AXIS2_PLACEMENT_3D ( 'NONE', #1186, #157, #53 ) ;
#938 = CIRCLE ( 'NONE', #512, 3.500000000000000000 ) ;
#939 = CARTESIAN_POINT ( 'NONE',  ( 8.660254037844376640, 6.000000000000000000, -15.00000000000000000 ) ) ;
#940 = CARTESIAN_POINT ( 'NONE',  ( 13.85640646055102287, 2.000000000000000000, 10.49999999999999645 ) ) ;
#941 = CYLINDRICAL_SURFACE ( 'NONE', #380, 4.999999999999996447 ) ;
#942 = DIRECTION ( 'NONE',  ( 0.000000000000000000, 0.000000000000000000, -1.000000000000000000 ) ) ;
#943 = EDGE_LOOP ( 'NONE', ( #1637, #1240 ) ) ;
#944 = DIRECTION ( 'NONE',  ( 1.000000000000000000, 0.000000000000000000, -2.003086131649545704E-16 ) ) ;
#945 = DIRECTION ( 'NONE',  ( -0.5000000000000003331, 0.000000000000000000, -0.8660254037844383745 ) ) ;
#946 = CARTESIAN_POINT ( 'NONE',  ( 0.000000000000000000, 0.000000000000000000, 0.000000000000000000 ) ) ;
#947 = VERTEX_POINT ( 'NONE', #499 ) ;
#948 = DIRECTION ( 'NONE',  ( 0.000000000000000000, 0.000000000000000000, 1.000000000000000000 ) ) ;
#949 = ORIENTED_EDGE ( 'NONE', *, *, #603, .F. ) ;
#950 = DIRECTION ( 'NONE',  ( -0.000000000000000000, 1.000000000000000000, -0.000000000000000000 ) ) ;
#951 = EDGE_CURVE ( 'NONE', #1395, #69, #482, .T. ) ;
#952 = EDGE_LOOP ( 'NONE', ( #793, #1267 ) ) ;
#953 = CARTESIAN_POINT ( 'NONE',  ( 13.85640646055102287, 2.000000000000000000, -10.49999999999999645 ) ) ;
#954 = MECHANICAL_CONTEXT ( 'NONE', #453, 'mechanical' ) ;
#955 = VERTEX_POINT ( 'NONE', #1110 ) ;
#956 = DIRECTION ( 'NONE',  ( 0.000000000000000000, 0.000000000000000000, 1.000000000000000000 ) ) ;
#957 = ORIENTED_EDGE ( 'NONE', *, *, #71, .T. ) ;
#958 = CARTESIAN_POINT ( 'NONE',  ( -13.85640646055101932, 6.000000000000000000, -10.49999999999999289 ) ) ;
#959 = AXIS2_PLACEMENT_3D ( 'NONE', #240, #1393, #1370 ) ;
#960 = CARTESIAN_POINT ( 'NONE',  ( 17.32050807568877460, 6.000000000000000000, 6.863985015692641023E-15 ) ) ;
#961 = AXIS2_PLACEMENT_3D ( 'NONE', #7, #1272, #144 ) ;
#962 = ADVANCED_FACE ( 'NONE', ( #1501 ), #1363, .F. ) ;
#963 = FACE_OUTER_BOUND ( 'NONE', #878, .T. ) ;
#964 = APPROVAL_PERSON_ORGANIZATION ( #992, #1055, #1519 ) ;
#965 = AXIS2_PLACEMENT_3D ( 'NONE', #1280, #266, #150 ) ;
#966 = ORIENTED_EDGE ( 'NONE', *, *, #29, .F. ) ;
#967 = DIRECTION ( 'NONE',  ( 0.000000000000000000, -1.000000000000000000, 0.000000000000000000 ) ) ;
#968 = EDGE_CURVE ( 'NONE', #1586, #989, #1118, .T. ) ;
#969 = EDGE_LOOP ( 'NONE', ( #1316, #1375, #279, #718 ) ) ;
#970 = CARTESIAN_POINT ( 'NONE',  ( -8.500000000000000000, 0.000000000000000000, 0.000000000000000000 ) ) ;
#971 = CARTESIAN_POINT ( 'NONE',  ( -8.660254037844383745, 6.000000000000000000, -15.00000000000000000 ) ) ;
#972 = EDGE_CURVE ( 'NONE', #1016, #721, #517, .T. ) ;
#973 = ORIENTED_EDGE ( 'NONE', *, *, #181, .T. ) ;
#974 = DIRECTION ( 'NONE',  ( 0.000000000000000000, 0.000000000000000000, -1.000000000000000000 ) ) ;
#975 = EDGE_LOOP ( 'NONE', ( #1185, #232, #36, #934 ) ) ;
#976 = DIRECTION ( 'NONE',  ( -0.000000000000000000, -1.000000000000000000, -0.000000000000000000 ) ) ;
#977 = DIRECTION ( 'NONE',  ( 0.000000000000000000, 1.000000000000000000, 0.000000000000000000 ) ) ;
#978 = DIRECTION ( 'NONE',  ( 0.000000000000000000, -1.000000000000000000, 0.000000000000000000 ) ) ;
#979 = LINE ( 'NONE', #622, #1420 ) ;
#980 = ORIENTED_EDGE ( 'NONE', *, *, #1447, .T. ) ;
#981 = CYLINDRICAL_SURFACE ( 'NONE', #1010, 5.000000000000000888 ) ;
#982 = EDGE_CURVE ( 'NONE', #222, #472, #881, .T. ) ;
#983 = CIRCLE ( 'NONE', #274, 1.499999999999996225 ) ;
#984 = AXIS2_PLACEMENT_3D ( 'NONE', #1033, #1543, #1414 ) ;
#985 = CARTESIAN_POINT ( 'NONE',  ( -8.500000000000000000, 6.000000000000000000, -1.499999999999999556 ) ) ;
#986 = APPROVAL ( #1214, 'UNSPECIFIED' ) ;
#987 = FACE_OUTER_BOUND ( 'NONE', #189, .T. ) ;
#988 = VECTOR ( 'NONE', #297, 1000.000000000000000 ) ;
#989 = VERTEX_POINT ( 'NONE', #1260 ) ;
#990 = DIRECTION ( 'NONE',  ( -0.000000000000000000, -1.000000000000000000, -0.000000000000000000 ) ) ;
#991 = ORIENTED_EDGE ( 'NONE', *, *, #1237, .F. ) ;
#992 = PERSON_AND_ORGANIZATION ( #1439, #202 ) ;
#993 = ADVANCED_FACE ( 'NONE', ( #1629 ), #492, .F. ) ;
#994 = CARTESIAN_POINT ( 'NONE',  ( -13.85640646055101932, 2.000000000000000000, -10.49999999999999289 ) ) ;
#995 = DIRECTION ( 'NONE',  ( -0.000000000000000000, -1.000000000000000000, -0.000000000000000000 ) ) ;
#996 = ORIENTED_EDGE ( 'NONE', *, *, #733, .T. ) ;
#997 = LINE ( 'NONE', #607, #299 ) ;
#998 = ORIENTED_EDGE ( 'NONE', *, *, #1435, .T. ) ;
#999 = VECTOR ( 'NONE', #790, 1000.000000000000000 ) ;
#1000 = EDGE_CURVE ( 'NONE', #1395, #290, #1301, .T. ) ;
#1001 = DIRECTION ( 'NONE',  ( 0.000000000000000000, 0.000000000000000000, -1.000000000000000000 ) ) ;
#1002 = CARTESIAN_POINT ( 'NONE',  ( -13.85640646055101932, 2.000000000000000000, -6.499999999999992895 ) ) ;
#1003 = ORIENTED_EDGE ( 'NONE', *, *, #348, .F. ) ;
#1004 = CARTESIAN_POINT ( 'NONE',  ( -8.500000000000000000, 3.000000000000000000, 0.000000000000000000 ) ) ;
#1005 = ORIENTED_EDGE ( 'NONE', *, *, #1181, .T. ) ;
#1006 = LINE ( 'NONE', #765, #331 ) ;
#1007 = CALENDAR_DATE ( 2026, 31, 3 ) ;
#1008 = FACE_OUTER_BOUND ( 'NONE', #1563, .T. ) ;
#1009 = DIRECTION ( 'NONE',  ( 0.000000000000000000, -1.000000000000000000, 0.000000000000000000 ) ) ;
#1010 = AXIS2_PLACEMENT_3D ( 'NONE', #958, #586, #1193 ) ;
#1011 = ORIENTED_EDGE ( 'NONE', *, *, #1305, .T. ) ;
#1012 = CARTESIAN_POINT ( 'NONE',  ( -9.675277914599558216, 6.000000000000000000, 13.24192707456450080 ) ) ;
#1013 = CIRCLE ( 'NONE', #1039, 4.999999999999995559 ) ;
#1014 = ADVANCED_FACE ( 'NONE', ( #1140 ), #246, .F. ) ;
#1015 = AXIS2_PLACEMENT_3D ( 'NONE', #1099, #626, #258 ) ;
#1016 = VERTEX_POINT ( 'NONE', #883 ) ;
#1017 = DIRECTION ( 'NONE',  ( -0.5000000000000002220, 0.000000000000000000, 0.8660254037844384856 ) ) ;
#1018 = DIRECTION ( 'NONE',  ( 0.000000000000000000, 0.000000000000000000, 1.000000000000000000 ) ) ;
#1019 = CARTESIAN_POINT ( 'NONE',  ( -13.85640646055101932, 2.000000000000000000, -10.49999999999999289 ) ) ;
#1020 = EDGE_LOOP ( 'NONE', ( #1547, #136, #871, #109 ) ) ;
#1021 = CARTESIAN_POINT ( 'NONE',  ( 0.000000000000000000, 6.000000000000000000, -4.000000000000000000 ) ) ;
#1022 = ORIENTED_EDGE ( 'NONE', *, *, #615, .T. ) ;
#1023 = DIRECTION ( 'NONE',  ( 0.000000000000000000, 1.000000000000000000, 0.000000000000000000 ) ) ;
#1024 = AXIS2_PLACEMENT_3D ( 'NONE', #41, #1283, #930 ) ;
#1025 = DIRECTION ( 'NONE',  ( 0.000000000000000000, -1.000000000000000000, 0.000000000000000000 ) ) ;
#1026 = LINE ( 'NONE', #285, #522 ) ;
#1027 = EDGE_LOOP ( 'NONE', ( #1534, #1642, #1166, #906 ) ) ;
#1028 = CARTESIAN_POINT ( 'NONE',  ( 8.660254037844392627, 6.000000000000000000, 14.99999999999999645 ) ) ;
#1029 = VERTEX_POINT ( 'NONE', #255 ) ;
#1030 = EDGE_CURVE ( 'NONE', #318, #1556, #507, .T. ) ;
#1031 = CARTESIAN_POINT ( 'NONE',  ( 13.85640646055102287, 6.000000000000000000, 10.49999999999999645 ) ) ;
#1032 = EDGE_CURVE ( 'NONE', #853, #947, #1194, .T. ) ;
#1033 = CARTESIAN_POINT ( 'NONE',  ( -13.85640646055101932, 6.000000000000000000, -10.49999999999999289 ) ) ;
#1034 = DIRECTION ( 'NONE',  ( -0.000000000000000000, -1.000000000000000000, -0.000000000000000000 ) ) ;
#1035 = ORIENTED_EDGE ( 'NONE', *, *, #135, .F. ) ;
#1036 = DIRECTION ( 'NONE',  ( 0.000000000000000000, 1.000000000000000000, 0.000000000000000000 ) ) ;
#1037 = AXIS2_PLACEMENT_3D ( 'NONE', #1327, #1482, #347 ) ;
#1038 = ORIENTED_EDGE ( 'NONE', *, *, #972, .F. ) ;
#1039 = AXIS2_PLACEMENT_3D ( 'NONE', #100, #1381, #1257 ) ;
#1040 = CARTESIAN_POINT ( 'NONE',  ( -17.32050807568877460, 6.000000000000000000, -1.192984394119701348E-17 ) ) ;
#1041 = AXIS2_PLACEMENT_3D ( 'NONE', #572, #562, #1074 ) ;
#1042 = CARTESIAN_POINT ( 'NONE',  ( -13.85640646055101932, 6.000000000000000000, 10.49999999999999289 ) ) ;
#1043 = CARTESIAN_POINT ( 'NONE',  ( 8.500000000000000000, 3.000000000000000000, -3.122849337825750617E-15 ) ) ;
#1044 = AXIS2_PLACEMENT_3D ( 'NONE', #849, #591, #942 ) ;
#1045 = EDGE_LOOP ( 'NONE', ( #1511, #24, #476, #752 ) ) ;
#1046 = DIRECTION ( 'NONE',  ( 0.000000000000000000, 1.000000000000000000, 0.000000000000000000 ) ) ;
#1047 = VERTEX_POINT ( 'NONE', #288 ) ;
#1048 = DIRECTION ( 'NONE',  ( 1.000000000000000000, 0.000000000000000000, -2.003086131649545704E-16 ) ) ;
#1049 = CARTESIAN_POINT ( 'NONE',  ( -9.675277914599561768, 6.000000000000000000, -13.24192707456450080 ) ) ;
#1050 = DIRECTION ( 'NONE',  ( 0.000000000000000000, 1.000000000000000000, 0.000000000000000000 ) ) ;
#1051 = ORIENTED_EDGE ( 'NONE', *, *, #1281, .F. ) ;
#1052 = DIRECTION ( 'NONE',  ( 0.000000000000000000, 0.000000000000000000, 1.000000000000000000 ) ) ;
#1053 = ORIENTED_EDGE ( 'NONE', *, *, #48, .T. ) ;
#1054 = CARTESIAN_POINT ( 'NONE',  ( 13.85640646055102287, 0.000000000000000000, -10.49999999999999645 ) ) ;
#1055 = APPROVAL ( #1106, 'UNSPECIFIED' ) ;
#1056 = DIRECTION ( 'NONE',  ( -0.000000000000000000, -1.000000000000000000, -0.000000000000000000 ) ) ;
#1057 = ORIENTED_EDGE ( 'NONE', *, *, #445, .F. ) ;
#1058 = DIRECTION ( 'NONE',  ( -0.000000000000000000, 1.000000000000000000, -0.000000000000000000 ) ) ;
#1059 = ADVANCED_FACE ( 'NONE', ( #792 ), #172, .F. ) ;
#1060 = EDGE_LOOP ( 'NONE', ( #1344, #1346 ) ) ;
#1061 = CARTESIAN_POINT ( 'NONE',  ( 8.500000000000000000, 3.000000000000000000, 3.499999999999996891 ) ) ;
#1062 = AXIS2_PLACEMENT_3D ( 'NONE', #1004, #1132, #1376 ) ;
#1063 = VECTOR ( 'NONE', #597, 1000.000000000000000 ) ;
#1064 = VECTOR ( 'NONE', #526, 1000.000000000000000 ) ;
#1065 = AXIS2_PLACEMENT_3D ( 'NONE', #216, #692, #1080 ) ;
#1066 = DIRECTION ( 'NONE',  ( 0.000000000000000000, 0.000000000000000000, 1.000000000000000000 ) ) ;
#1067 = DIRECTION ( 'NONE',  ( -0.000000000000000000, -1.000000000000000000, -0.000000000000000000 ) ) ;
#1068 = DIRECTION ( 'NONE',  ( -0.000000000000000000, -1.000000000000000000, -0.000000000000000000 ) ) ;
#1069 = CARTESIAN_POINT ( 'NONE',  ( 17.32050807568877460, 6.000000000000000000, 6.863985015692641023E-15 ) ) ;
#1070 = EDGE_CURVE ( 'NONE', #1139, #500, #589, .T. ) ;
#1071 = ORIENTED_EDGE ( 'NONE', *, *, #324, .F. ) ;
#1072 = FACE_OUTER_BOUND ( 'NONE', #565, .T. ) ;
#1073 = ORIENTED_EDGE ( 'NONE', *, *, #1396, .T. ) ;
#1074 = DIRECTION ( 'NONE',  ( 0.000000000000000000, 0.000000000000000000, 1.000000000000000000 ) ) ;
#1075 = PERSON_AND_ORGANIZATION ( #1439, #202 ) ;
#1076 = VERTEX_POINT ( 'NONE', #683 ) ;
#1077 = VECTOR ( 'NONE', #1307, 1000.000000000000114 ) ;
#1078 = CARTESIAN_POINT ( 'NONE',  ( -13.85640646055101932, 6.000000000000000000, -15.49999999999999467 ) ) ;
#1079 = ORIENTED_EDGE ( 'NONE', *, *, #29, .T. ) ;
#1080 = DIRECTION ( 'NONE',  ( 0.000000000000000000, -0.000000000000000000, 1.000000000000000000 ) ) ;
#1081 = EDGE_CURVE ( 'NONE', #1460, #1606, #57, .T. ) ;
#1082 = EDGE_LOOP ( 'NONE', ( #105, #1481, #1540, #344 ) ) ;
#1083 = DIRECTION ( 'NONE',  ( 0.000000000000000000, 0.000000000000000000, -1.000000000000000000 ) ) ;
#1084 = DIRECTION ( 'NONE',  ( -0.000000000000000000, -1.000000000000000000, -0.000000000000000000 ) ) ;
#1085 = EDGE_CURVE ( 'NONE', #947, #1400, #418, .T. ) ;
#1086 = EDGE_LOOP ( 'NONE', ( #1454, #665, #330, #966 ) ) ;
#1087 = DIRECTION ( 'NONE',  ( -0.000000000000000000, -1.000000000000000000, 0.000000000000000000 ) ) ;
#1088 = ORIENTED_EDGE ( 'NONE', *, *, #568, .F. ) ;
#1089 = CARTESIAN_POINT ( 'NONE',  ( 9.675277914599568874, 0.000000000000000000, 13.24192707456450080 ) ) ;
#1090 = VECTOR ( 'NONE', #1549, 1000.000000000000000 ) ;
#1091 = DIRECTION ( 'NONE',  ( -0.000000000000000000, -1.000000000000000000, -0.000000000000000000 ) ) ;
#1092 = AXIS2_PLACEMENT_3D ( 'NONE', #1197, #1340, #945 ) ;
#1093 = LINE ( 'NONE', #812, #1368 ) ;
#1094 = CIRCLE ( 'NONE', #1410, 3.999999999999998224 ) ;
#1095 = ORIENTED_EDGE ( 'NONE', *, *, #703, .T. ) ;
#1096 = CARTESIAN_POINT ( 'NONE',  ( 13.85640646055102287, 6.000000000000000000, -10.49999999999999645 ) ) ;
#1097 = VERTEX_POINT ( 'NONE', #1148 ) ;
#1098 = CARTESIAN_POINT ( 'NONE',  ( 8.660254037844392627, 0.000000000000000000, 14.99999999999999645 ) ) ;
#1099 = CARTESIAN_POINT ( 'NONE',  ( -13.85640646055101932, 0.000000000000000000, 10.49999999999999289 ) ) ;
#1100 = EDGE_CURVE ( 'NONE', #1337, #926, #1276, .T. ) ;
#1101 = PLANE ( 'NONE',  #301 ) ;
#1102 = FACE_OUTER_BOUND ( 'NONE', #975, .T. ) ;
#1103 = VECTOR ( 'NONE', #31, 1000.000000000000000 ) ;
#1104 = EDGE_LOOP ( 'NONE', ( #1608, #1177 ) ) ;
#1105 = CYLINDRICAL_SURFACE ( 'NONE', #1359, 3.500000000000000000 ) ;
#1106 = APPROVAL_STATUS ( 'not_yet_approved' ) ;
#1107 = CARTESIAN_POINT ( 'NONE',  ( 8.660254037844376640, 6.000000000000000000, -15.00000000000000000 ) ) ;
#1108 = CARTESIAN_POINT ( 'NONE',  ( 13.85640646055102287, 2.000000000000000000, -6.499999999999998224 ) ) ;
#1109 = ORIENTED_EDGE ( 'NONE', *, *, #1611, .T. ) ;
#1110 = CARTESIAN_POINT ( 'NONE',  ( -17.32050807568877460, 6.000000000000000000, -1.192984394119701348E-17 ) ) ;
#1111 = VERTEX_POINT ( 'NONE', #799 ) ;
#1112 = PERSON_AND_ORGANIZATION_ROLE ( 'classification_officer' ) ;
#1113 = CIRCLE ( 'NONE', #1245, 4.000000000000001776 ) ;
#1114 = DIRECTION ( 'NONE',  ( 0.000000000000000000, 0.000000000000000000, -1.000000000000000000 ) ) ;
#1115 = CARTESIAN_POINT ( 'NONE',  ( -13.85640646055101932, 0.000000000000000000, -10.49999999999999289 ) ) ;
#1116 = CIRCLE ( 'NONE', #1041, 1.499999999999996225 ) ;
#1117 = VERTEX_POINT ( 'NONE', #1183 ) ;
#1118 = LINE ( 'NONE', #1241, #248 ) ;
#1119 = EDGE_CURVE ( 'NONE', #451, #1445, #1273, .T. ) ;
#1120 = EDGE_LOOP ( 'NONE', ( #265, #770 ) ) ;
#1121 = CARTESIAN_POINT ( 'NONE',  ( 8.500000000000000000, 6.000000000000000000, -3.122849337825750617E-15 ) ) ;
#1122 = LINE ( 'NONE', #1108, #1261 ) ;
#1123 = VERTEX_POINT ( 'NONE', #917 ) ;
#1124 = DIRECTION ( 'NONE',  ( 0.000000000000000000, 0.000000000000000000, -1.000000000000000000 ) ) ;
#1125 = ORIENTED_EDGE ( 'NONE', *, *, #1428, .T. ) ;
#1126 = CARTESIAN_POINT ( 'NONE',  ( 8.660254037844376640, 6.000000000000000000, -15.00000000000000000 ) ) ;
#1127 = DATE_AND_TIME ( #1007, #1548 ) ;
#1128 = FACE_OUTER_BOUND ( 'NONE', #663, .T. ) ;
#1129 = DIRECTION ( 'NONE',  ( 0.000000000000000000, 0.000000000000000000, 1.000000000000000000 ) ) ;
#1130 = EDGE_CURVE ( 'NONE', #947, #1342, #1401, .T. ) ;
#1131 = ORIENTED_EDGE ( 'NONE', *, *, #165, .F. ) ;
#1132 = DIRECTION ( 'NONE',  ( 0.000000000000000000, -1.000000000000000000, 0.000000000000000000 ) ) ;
#1133 = EDGE_LOOP ( 'NONE', ( #525, #863 ) ) ;
#1134 = DIRECTION ( 'NONE',  ( 0.000000000000000000, 0.000000000000000000, 1.000000000000000000 ) ) ;
#1135 = PLANE ( 'NONE',  #961 ) ;
#1136 = VECTOR ( 'NONE', #1036, 1000.000000000000000 ) ;
#1137 = DIRECTION ( 'NONE',  ( 0.000000000000000000, -0.000000000000000000, 1.000000000000000000 ) ) ;
#1138 = CIRCLE ( 'NONE', #910, 1.500000000000000444 ) ;
#1139 = VERTEX_POINT ( 'NONE', #1300 ) ;
#1140 = FACE_OUTER_BOUND ( 'NONE', #1364, .T. ) ;
#1141 = AXIS2_PLACEMENT_3D ( 'NONE', #970, #732, #1615 ) ;
#1142 = EDGE_LOOP ( 'NONE', ( #369, #386, #1392, #1296 ) ) ;
#1143 = DIRECTION ( 'NONE',  ( 0.000000000000000000, 0.000000000000000000, -1.000000000000000000 ) ) ;
#1144 = CARTESIAN_POINT ( 'NONE',  ( 8.500000000000000000, 0.000000000000000000, -3.500000000000003109 ) ) ;
#1145 = CARTESIAN_POINT ( 'NONE',  ( 13.85640646055102287, 6.000000000000000000, -9.000000000000001776 ) ) ;
#1146 = EDGE_CURVE ( 'NONE', #543, #257, #148, .T. ) ;
#1147 = EDGE_LOOP ( 'NONE', ( #1354, #1443 ) ) ;
#1148 = CARTESIAN_POINT ( 'NONE',  ( 13.85640646055102287, 6.000000000000000000, -15.49999999999999289 ) ) ;
#1149 = EDGE_LOOP ( 'NONE', ( #998, #1388, #838, #1199 ) ) ;
#1150 = CARTESIAN_POINT ( 'NONE',  ( 13.85640646055102287, 6.000000000000000000, 14.49999999999999467 ) ) ;
#1151 = EDGE_CURVE ( 'NONE', #1029, #468, #674, .T. ) ;
#1152 = CIRCLE ( 'NONE', #184, 1.499999999999996225 ) ;
#1153 = CARTESIAN_POINT ( 'NONE',  ( 14.14042068947249398, 0.000000000000000000, -5.508072925435493872 ) ) ;
#1154 = DIRECTION ( 'NONE',  ( 0.000000000000000000, 0.000000000000000000, 1.000000000000000000 ) ) ;
#1155 = VERTEX_POINT ( 'NONE', #271 ) ;
#1156 = CARTESIAN_POINT ( 'NONE',  ( -13.85640646055101932, 2.000000000000000000, -10.49999999999999289 ) ) ;
#1157 = VERTEX_POINT ( 'NONE', #558 ) ;
#1158 = DIRECTION ( 'NONE',  ( 0.000000000000000000, 1.000000000000000000, 0.000000000000000000 ) ) ;
#1159 = EDGE_CURVE ( 'NONE', #1249, #860, #855, .T. ) ;
#1160 = EDGE_CURVE ( 'NONE', #472, #222, #983, .T. ) ;
#1161 = CARTESIAN_POINT ( 'NONE',  ( 8.660254037844392627, 6.000000000000000000, 14.99999999999999645 ) ) ;
#1162 = CARTESIAN_POINT ( 'NONE',  ( -8.660254037844383745, 0.000000000000000000, -15.00000000000000000 ) ) ;
#1163 = ORIENTED_EDGE ( 'NONE', *, *, #1451, .T. ) ;
#1164 = DIRECTION ( 'NONE',  ( -0.000000000000000000, 1.000000000000000000, -0.000000000000000000 ) ) ;
#1165 = AXIS2_PLACEMENT_3D ( 'NONE', #506, #1636, #892 ) ;
#1166 = ORIENTED_EDGE ( 'NONE', *, *, #1169, .T. ) ;
#1167 = AXIS2_PLACEMENT_3D ( 'NONE', #1171, #513, #766 ) ;
#1168 = CARTESIAN_POINT ( 'NONE',  ( -8.660254037844380193, 6.000000000000000000, 15.00000000000000000 ) ) ;
#1169 = EDGE_CURVE ( 'NONE', #1047, #1016, #480, .T. ) ;
#1170 = CIRCLE ( 'NONE', #431, 5.000000000000004441 ) ;
#1171 = CARTESIAN_POINT ( 'NONE',  ( 13.85640646055102287, 6.000000000000000000, -10.49999999999999645 ) ) ;
#1172 = DIRECTION ( 'NONE',  ( -0.000000000000000000, -1.000000000000000000, -0.000000000000000000 ) ) ;
#1173 = AXIS2_PLACEMENT_3D ( 'NONE', #1334, #1087, #599 ) ;
#1174 = VERTEX_POINT ( 'NONE', #925 ) ;
#1175 = DIRECTION ( 'NONE',  ( 0.000000000000000000, 1.000000000000000000, 0.000000000000000000 ) ) ;
#1176 = CC_DESIGN_PERSON_AND_ORGANIZATION_ASSIGNMENT ( #1639, #365, ( #616 ) ) ;
#1177 = ORIENTED_EDGE ( 'NONE', *, *, #448, .F. ) ;
#1178 = CARTESIAN_POINT ( 'NONE',  ( 13.85640646055102287, 0.000000000000000000, -11.99999999999999289 ) ) ;
#1179 = CIRCLE ( 'NONE', #715, 1.500000000000000444 ) ;
#1180 = DIRECTION ( 'NONE',  ( 0.000000000000000000, -0.000000000000000000, 1.000000000000000000 ) ) ;
#1181 = EDGE_CURVE ( 'NONE', #816, #1029, #195, .T. ) ;
#1182 = ORIENTED_EDGE ( 'NONE', *, *, #1377, .T. ) ;
#1183 = CARTESIAN_POINT ( 'NONE',  ( 8.500000000000000000, 3.000000000000000000, 3.499999999999996891 ) ) ;
#1184 = ADVANCED_FACE ( 'NONE', ( #1425 ), #295, .F. ) ;
#1185 = ORIENTED_EDGE ( 'NONE', *, *, #741, .F. ) ;
#1186 = CARTESIAN_POINT ( 'NONE',  ( 13.85640646055102287, 2.000000000000000000, -10.49999999999999645 ) ) ;
#1187 = DIRECTION ( 'NONE',  ( 0.000000000000000000, -1.000000000000000000, 0.000000000000000000 ) ) ;
#1188 = DIRECTION ( 'NONE',  ( 0.000000000000000000, 0.000000000000000000, -1.000000000000000000 ) ) ;
#1189 = EDGE_CURVE ( 'NONE', #1484, #1249, #1539, .T. ) ;
#1190 = CARTESIAN_POINT ( 'NONE',  ( 13.85640646055102287, 6.000000000000000000, 10.49999999999999645 ) ) ;
#1191 = FACE_OUTER_BOUND ( 'NONE', #1285, .T. ) ;
#1192 = ORIENTED_EDGE ( 'NONE', *, *, #1281, .T. ) ;
#1193 = DIRECTION ( 'NONE',  ( 0.000000000000000000, 0.000000000000000000, -1.000000000000000000 ) ) ;
#1194 = CIRCLE ( 'NONE', #326, 4.999999999999995559 ) ;
#1195 = AXIS2_PLACEMENT_3D ( 'NONE', #474, #978, #1282 ) ;
#1196 = AXIS2_PLACEMENT_3D ( 'NONE', #940, #1450, #698 ) ;
#1197 = CARTESIAN_POINT ( 'NONE',  ( -17.32050807568877460, 6.000000000000000000, -1.192984394119701348E-17 ) ) ;
#1198 = CARTESIAN_POINT ( 'NONE',  ( -13.85640646055101932, 6.000000000000000000, -14.49999999999999467 ) ) ;
#1199 = ORIENTED_EDGE ( 'NONE', *, *, #166, .F. ) ;
#1200 = DIRECTION ( 'NONE',  ( -0.000000000000000000, 1.000000000000000000, -0.000000000000000000 ) ) ;
#1201 = EDGE_CURVE ( 'NONE', #785, #1218, #1622, .T. ) ;
#1202 = EDGE_LOOP ( 'NONE', ( #757, #1057, #1071, #481 ) ) ;
#1203 = DIRECTION ( 'NONE',  ( 0.000000000000000000, 1.000000000000000000, 0.000000000000000000 ) ) ;
#1204 = ADVANCED_FACE ( 'NONE', ( #1461, #1587, #1453, #433, #720, #70, #584, #566 ), #450, .T. ) ;
#1205 = LINE ( 'NONE', #686, #249 ) ;
#1206 = CALENDAR_DATE ( 2026, 31, 3 ) ;
#1207 = EDGE_LOOP ( 'NONE', ( #1318, #270, #1269, #1333 ) ) ;
#1208 = CIRCLE ( 'NONE', #896, 5.000000000000000888 ) ;
#1209 = DIRECTION ( 'NONE',  ( 0.000000000000000000, -0.000000000000000000, 1.000000000000000000 ) ) ;
#1210 = VERTEX_POINT ( 'NONE', #1593 ) ;
#1211 = CYLINDRICAL_SURFACE ( 'NONE', #861, 4.000000000000000000 ) ;
#1212 = EDGE_CURVE ( 'NONE', #1157, #84, #823, .T. ) ;
#1213 = FACE_OUTER_BOUND ( 'NONE', #156, .T. ) ;
#1214 = APPROVAL_STATUS ( 'not_yet_approved' ) ;
#1215 = EDGE_CURVE ( 'NONE', #1515, #1400, #1465, .T. ) ;
#1216 = ORIENTED_EDGE ( 'NONE', *, *, #741, .T. ) ;
#1217 = DIRECTION ( 'NONE',  ( 0.000000000000000000, 1.000000000000000000, 0.000000000000000000 ) ) ;
#1218 = VERTEX_POINT ( 'NONE', #711 ) ;
#1219 = DIRECTION ( 'NONE',  ( 0.000000000000000000, 0.000000000000000000, 1.000000000000000000 ) ) ;
#1220 = VECTOR ( 'NONE', #753, 1000.000000000000000 ) ;
#1221 = EDGE_CURVE ( 'NONE', #543, #1117, #837, .T. ) ;
#1222 = CARTESIAN_POINT ( 'NONE',  ( -9.675277914599561768, 6.000000000000000000, -13.24192707456450080 ) ) ;
#1223 = AXIS2_PLACEMENT_3D ( 'NONE', #1121, #1349, #1114 ) ;
#1224 = AXIS2_PLACEMENT_3D ( 'NONE', #580, #804, #1306 ) ;
#1225 = PLANE ( 'NONE',  #936 ) ;
#1226 = LINE ( 'NONE', #214, #1335 ) ;
#1227 = ORIENTED_EDGE ( 'NONE', *, *, #267, .T. ) ;
#1228 = DIRECTION ( 'NONE',  ( 0.000000000000000000, 0.000000000000000000, 1.000000000000000000 ) ) ;
#1229 = APPROVAL ( #487, 'UNSPECIFIED' ) ;
#1230 = ORIENTED_EDGE ( 'NONE', *, *, #1159, .F. ) ;
#1231 = DIRECTION ( 'NONE',  ( 0.5000000000000003331, 0.000000000000000000, 0.8660254037844383745 ) ) ;
#1232 = EDGE_CURVE ( 'NONE', #74, #606, #677, .T. ) ;
#1233 = DIRECTION ( 'NONE',  ( 0.000000000000000000, 0.000000000000000000, 1.000000000000000000 ) ) ;
#1234 = ORIENTED_EDGE ( 'NONE', *, *, #568, .T. ) ;
#1235 = DIRECTION ( 'NONE',  ( -0.000000000000000000, -1.000000000000000000, -0.000000000000000000 ) ) ;
#1236 = ORIENTED_EDGE ( 'NONE', *, *, #1070, .T. ) ;
#1237 = EDGE_CURVE ( 'NONE', #257, #1210, #1308, .T. ) ;
#1238 = LINE ( 'NONE', #985, #1274 ) ;
#1239 = CARTESIAN_POINT ( 'NONE',  ( 14.14042068947250463, 6.000000000000000000, 5.508072925435494760 ) ) ;
#1240 = ORIENTED_EDGE ( 'NONE', *, *, #600, .F. ) ;
#1241 = CARTESIAN_POINT ( 'NONE',  ( 8.660254037844392627, 6.000000000000000000, 14.99999999999999645 ) ) ;
#1242 = EDGE_LOOP ( 'NONE', ( #1479, #1408, #196, #625 ) ) ;
#1243 = CALENDAR_DATE ( 2026, 31, 3 ) ;
#1244 = AXIS2_PLACEMENT_3D ( 'NONE', #1028, #43, #550 ) ;
#1245 = AXIS2_PLACEMENT_3D ( 'NONE', #308, #1567, #1066 ) ;
#1246 = FACE_OUTER_BOUND ( 'NONE', #710, .T. ) ;
#1247 = DIRECTION ( 'NONE',  ( 0.000000000000000000, 0.000000000000000000, -1.000000000000000000 ) ) ;
#1248 = CIRCLE ( 'NONE', #485, 3.999999999999999112 ) ;
#1249 = VERTEX_POINT ( 'NONE', #1444 ) ;
#1250 = CARTESIAN_POINT ( 'NONE',  ( 0.000000000000000000, 6.000000000000000000, 0.000000000000000000 ) ) ;
#1251 = EDGE_CURVE ( 'NONE', #606, #20, #1226, .T. ) ;
#1252 = ORIENTED_EDGE ( 'NONE', *, *, #1032, .F. ) ;
#1253 = AXIS2_PLACEMENT_3D ( 'NONE', #1442, #829, #309 ) ;
#1254 = FACE_OUTER_BOUND ( 'NONE', #713, .T. ) ;
#1255 = ADVANCED_FACE ( 'NONE', ( #1102 ), #1343, .T. ) ;
#1256 = SECURITY_CLASSIFICATION_LEVEL ( 'unclassified' ) ;
#1257 = DIRECTION ( 'NONE',  ( 0.000000000000000000, 0.000000000000000000, -1.000000000000000000 ) ) ;
#1258 = CARTESIAN_POINT ( 'NONE',  ( -13.85640646055101932, 2.000000000000000000, 10.49999999999999289 ) ) ;
#1259 = ORIENTED_EDGE ( 'NONE', *, *, #687, .T. ) ;
#1260 = CARTESIAN_POINT ( 'NONE',  ( 8.660254037844392627, 0.000000000000000000, 14.99999999999999645 ) ) ;
#1261 = VECTOR ( 'NONE', #1613, 1000.000000000000000 ) ;
#1262 = VERTEX_POINT ( 'NONE', #1069 ) ;
#1263 = DIRECTION ( 'NONE',  ( 0.000000000000000000, 0.000000000000000000, -1.000000000000000000 ) ) ;
#1264 = EDGE_CURVE ( 'NONE', #762, #1047, #311, .T. ) ;
#1265 = FACE_OUTER_BOUND ( 'NONE', #377, .T. ) ;
#1266 = DIRECTION ( 'NONE',  ( -0.000000000000000000, -1.000000000000000000, -0.000000000000000000 ) ) ;
#1267 = ORIENTED_EDGE ( 'NONE', *, *, #104, .F. ) ;
#1268 = DIRECTION ( 'NONE',  ( -0.5000000000000002220, 0.000000000000000000, 0.8660254037844384856 ) ) ;
#1269 = ORIENTED_EDGE ( 'NONE', *, *, #874, .T. ) ;
#1270 = DIRECTION ( 'NONE',  ( -0.000000000000000000, -1.000000000000000000, -0.000000000000000000 ) ) ;
#1271 = EDGE_CURVE ( 'NONE', #532, #1484, #888, .T. ) ;
#1272 = DIRECTION ( 'NONE',  ( 0.000000000000000000, 1.000000000000000000, 0.000000000000000000 ) ) ;
#1273 = CIRCLE ( 'NONE', #428, 4.000000000000000888 ) ;
#1274 = VECTOR ( 'NONE', #1366, 1000.000000000000000 ) ;
#1275 = EDGE_LOOP ( 'NONE', ( #991, #375 ) ) ;
#1276 = LINE ( 'NONE', #1564, #1090 ) ;
#1277 = AXIS2_PLACEMENT_3D ( 'NONE', #37, #1412, #1438 ) ;
#1278 = CIRCLE ( 'NONE', #1497, 1.499999999999996225 ) ;
#1279 = ORIENTED_EDGE ( 'NONE', *, *, #1030, .T. ) ;
#1280 = CARTESIAN_POINT ( 'NONE',  ( 17.32050807568877460, 6.000000000000000000, 6.863985015692641023E-15 ) ) ;
#1281 = EDGE_CURVE ( 'NONE', #931, #417, #328, .T. ) ;
#1282 = DIRECTION ( 'NONE',  ( 0.000000000000000000, 0.000000000000000000, -1.000000000000000000 ) ) ;
#1283 = DIRECTION ( 'NONE',  ( -0.000000000000000000, 1.000000000000000000, -0.000000000000000000 ) ) ;
#1284 = EDGE_CURVE ( 'NONE', #684, #1123, #620, .T. ) ;
#1285 = EDGE_LOOP ( 'NONE', ( #701, #388, #410, #800 ) ) ;
#1286 = CARTESIAN_POINT ( 'NONE',  ( 8.500000000000000000, 6.000000000000000000, -3.122849337825750617E-15 ) ) ;
#1287 = ORIENTED_EDGE ( 'NONE', *, *, #755, .T. ) ;
#1288 = LINE ( 'NONE', #28, #859 ) ;
#1289 = EDGE_CURVE ( 'NONE', #1262, #675, #1317, .T. ) ;
#1290 = CIRCLE ( 'NONE', #75, 1.499999999999996225 ) ;
#1291 = FACE_OUTER_BOUND ( 'NONE', #1142, .T. ) ;
#1292 = PLANE ( 'NONE',  #314 ) ;
#1293 = ADVANCED_FACE ( 'NONE', ( #1191 ), #338, .F. ) ;
#1294 = ORIENTED_EDGE ( 'NONE', *, *, #484, .F. ) ;
#1295 = CARTESIAN_POINT ( 'NONE',  ( 8.660254037844392627, 0.000000000000000000, 14.99999999999999645 ) ) ;
#1296 = ORIENTED_EDGE ( 'NONE', *, *, #603, .T. ) ;
#1297 = DIRECTION ( 'NONE',  ( -1.000000000000000000, 0.000000000000000000, 0.000000000000000000 ) ) ;
#1298 = CYLINDRICAL_SURFACE ( 'NONE', #592, 5.000000000000004441 ) ;
#1299 = ORIENTED_EDGE ( 'NONE', *, *, #445, .T. ) ;
#1300 = CARTESIAN_POINT ( 'NONE',  ( -13.85640646055101932, 0.000000000000000000, 8.999999999999998224 ) ) ;
#1301 = CIRCLE ( 'NONE', #1062, 3.500000000000000000 ) ;
#1302 = ORIENTED_EDGE ( 'NONE', *, *, #227, .T. ) ;
#1303 = DIRECTION ( 'NONE',  ( 0.000000000000000000, 0.000000000000000000, -1.000000000000000000 ) ) ;
#1304 = AXIS2_PLACEMENT_3D ( 'NONE', #291, #794, #283 ) ;
#1305 = EDGE_CURVE ( 'NONE', #1556, #318, #1179, .T. ) ;
#1306 = DIRECTION ( 'NONE',  ( 0.000000000000000000, 0.000000000000000000, 1.000000000000000000 ) ) ;
#1307 = DIRECTION ( 'NONE',  ( 0.5000000000000003331, 0.000000000000000000, 0.8660254037844383745 ) ) ;
#1308 = CIRCLE ( 'NONE', #1604, 3.500000000000000000 ) ;
#1309 = ORIENTED_EDGE ( 'NONE', *, *, #579, .T. ) ;
#1310 = DIRECTION ( 'NONE',  ( -0.000000000000000000, -1.000000000000000000, -0.000000000000000000 ) ) ;
#1311 = ORIENTED_EDGE ( 'NONE', *, *, #1151, .F. ) ;
#1312 = DIRECTION ( 'NONE',  ( 0.000000000000000000, 0.000000000000000000, 1.000000000000000000 ) ) ;
#1313 = VECTOR ( 'NONE', #1034, 1000.000000000000000 ) ;
#1314 = DIRECTION ( 'NONE',  ( 0.000000000000000000, 0.000000000000000000, -1.000000000000000000 ) ) ;
#1315 = PERSON_AND_ORGANIZATION ( #1439, #202 ) ;
#1316 = ORIENTED_EDGE ( 'NONE', *, *, #1000, .F. ) ;
#1317 = LINE ( 'NONE', #188, #467 ) ;
#1318 = ORIENTED_EDGE ( 'NONE', *, *, #666, .F. ) ;
#1319 = CARTESIAN_POINT ( 'NONE',  ( 13.85640646055102287, 2.000000000000000000, -14.49999999999999467 ) ) ;
#1320 = FACE_BOUND ( 'NONE', #1378, .T. ) ;
#1321 = EDGE_CURVE ( 'NONE', #1606, #1460, #1448, .T. ) ;
#1322 = PERSON_AND_ORGANIZATION_ROLE ( 'design_owner' ) ;
#1323 = ORIENTED_EDGE ( 'NONE', *, *, #1130, .F. ) ;
#1324 = CARTESIAN_POINT ( 'NONE',  ( -14.14042068947250463, 6.000000000000000000, 5.508072925435484102 ) ) ;
#1325 = ADVANCED_FACE ( 'NONE', ( #134 ), #384, .F. ) ;
#1326 = ORIENTED_EDGE ( 'NONE', *, *, #928, .F. ) ;
#1327 = CARTESIAN_POINT ( 'NONE',  ( 8.500000000000000000, 0.000000000000000000, -3.122849337825750617E-15 ) ) ;
#1328 = AXIS2_PLACEMENT_3D ( 'NONE', #1603, #1217, #1209 ) ;
#1329 = VECTOR ( 'NONE', #679, 1000.000000000000000 ) ;
#1330 = AXIS2_PLACEMENT_3D ( 'NONE', #1054, #817, #927 ) ;
#1331 = CARTESIAN_POINT ( 'NONE',  ( 4.898587196589412829E-16, 6.000000000000000000, 4.000000000000000000 ) ) ;
#1332 =( NAMED_UNIT ( * ) SI_UNIT ( $, .STERADIAN. ) SOLID_ANGLE_UNIT ( ) );
#1333 = ORIENTED_EDGE ( 'NONE', *, *, #1377, .F. ) ;
#1334 = CARTESIAN_POINT ( 'NONE',  ( 13.85640646055102287, 0.000000000000000000, -10.49999999999999645 ) ) ;
#1335 = VECTOR ( 'NONE', #1200, 1000.000000000000000 ) ;
#1336 = EDGE_CURVE ( 'NONE', #1400, #1262, #979, .T. ) ;
#1337 = VERTEX_POINT ( 'NONE', #750 ) ;
#1338 = CARTESIAN_POINT ( 'NONE',  ( -13.85640646055101932, 6.000000000000000000, -15.49999999999999467 ) ) ;
#1339 = DESIGN_CONTEXT ( 'detailed design', #351, 'design' ) ;
#1340 = DIRECTION ( 'NONE',  ( 0.8660254037844384856, 0.000000000000000000, -0.5000000000000004441 ) ) ;
#1341 = COORDINATED_UNIVERSAL_TIME_OFFSET ( 7, 0, .BEHIND. ) ;
#1342 = VERTEX_POINT ( 'NONE', #890 ) ;
#1343 = CYLINDRICAL_SURFACE ( 'NONE', #38, 4.999999999999995559 ) ;
#1344 = ORIENTED_EDGE ( 'NONE', *, *, #1284, .F. ) ;
#1345 = FACE_OUTER_BOUND ( 'NONE', #673, .T. ) ;
#1346 = ORIENTED_EDGE ( 'NONE', *, *, #895, .F. ) ;
#1347 = DIRECTION ( 'NONE',  ( 0.000000000000000000, 0.000000000000000000, 1.000000000000000000 ) ) ;
#1348 =( LENGTH_UNIT ( ) NAMED_UNIT ( * ) SI_UNIT ( .MILLI., .METRE. ) );
#1349 = DIRECTION ( 'NONE',  ( -0.000000000000000000, -1.000000000000000000, -0.000000000000000000 ) ) ;
#1350 = PRODUCT_DEFINITION ( 'UNKNOWN', '', #616, #1339 ) ;
#1351 = CARTESIAN_POINT ( 'NONE',  ( 8.500000000000000000, 3.000000000000000000, -3.122849337825750617E-15 ) ) ;
#1352 = ORIENTED_EDGE ( 'NONE', *, *, #1585, .F. ) ;
#1353 = DIRECTION ( 'NONE',  ( -0.000000000000000000, -1.000000000000000000, -0.000000000000000000 ) ) ;
#1354 = ORIENTED_EDGE ( 'NONE', *, *, #1435, .F. ) ;
#1355 = EDGE_CURVE ( 'NONE', #860, #1249, #1508, .T. ) ;
#1356 = CARTESIAN_POINT ( 'NONE',  ( -8.500000000000000000, 6.000000000000000000, -1.499999999999999556 ) ) ;
#1357 = AXIS2_PLACEMENT_3D ( 'NONE', #473, #894, #1263 ) ;
#1358 = PERSON_AND_ORGANIZATION ( #1439, #202 ) ;
#1359 = AXIS2_PLACEMENT_3D ( 'NONE', #341, #332, #471 ) ;
#1360 = DIRECTION ( 'NONE',  ( 0.000000000000000000, 0.000000000000000000, 1.000000000000000000 ) ) ;
#1361 = LINE ( 'NONE', #231, #549 ) ;
#1362 = ORIENTED_EDGE ( 'NONE', *, *, #1085, .F. ) ;
#1363 = CYLINDRICAL_SURFACE ( 'NONE', #405, 4.000000000000000000 ) ;
#1364 = EDGE_LOOP ( 'NONE', ( #204, #1630, #163, #1236 ) ) ;
#1365 = SHAPE_DEFINITION_REPRESENTATION ( #582, #1503 ) ;
#1366 = DIRECTION ( 'NONE',  ( -0.000000000000000000, -1.000000000000000000, -0.000000000000000000 ) ) ;
#1367 = CARTESIAN_POINT ( 'NONE',  ( 8.660254037844392627, 6.000000000000000000, 14.99999999999999645 ) ) ;
#1368 = VECTOR ( 'NONE', #1577, 1000.000000000000000 ) ;
#1369 = ORIENTED_EDGE ( 'NONE', *, *, #864, .T. ) ;
#1370 = DIRECTION ( 'NONE',  ( 0.5000000000000002220, 0.000000000000000000, -0.8660254037844384856 ) ) ;
#1371 = ORIENTED_EDGE ( 'NONE', *, *, #933, .T. ) ;
#1372 = APPROVAL_DATE_TIME ( #93, #1055 ) ;
#1373 = DIRECTION ( 'NONE',  ( 0.000000000000000000, 0.000000000000000000, 1.000000000000000000 ) ) ;
#1374 = DIRECTION ( 'NONE',  ( 0.000000000000000000, 1.000000000000000000, 0.000000000000000000 ) ) ;
#1375 = ORIENTED_EDGE ( 'NONE', *, *, #951, .T. ) ;
#1376 = DIRECTION ( 'NONE',  ( 0.000000000000000000, 0.000000000000000000, -1.000000000000000000 ) ) ;
#1377 = EDGE_CURVE ( 'NONE', #74, #207, #1122, .T. ) ;
#1378 = EDGE_LOOP ( 'NONE', ( #1489, #552 ) ) ;
#1379 = CIRCLE ( 'NONE', #1037, 3.500000000000000000 ) ;
#1380 = VECTOR ( 'NONE', #528, 1000.000000000000000 ) ;
#1381 = DIRECTION ( 'NONE',  ( -0.000000000000000000, -1.000000000000000000, 0.000000000000000000 ) ) ;
#1382 = DIRECTION ( 'NONE',  ( -0.000000000000000000, -1.000000000000000000, -0.000000000000000000 ) ) ;
#1383 = CC_DESIGN_APPROVAL ( #986, ( #1350 ) ) ;
#1384 = VECTOR ( 'NONE', #1575, 1000.000000000000000 ) ;
#1385 = ORIENTED_EDGE ( 'NONE', *, *, #1000, .T. ) ;
#1386 = FACE_OUTER_BOUND ( 'NONE', #1082, .T. ) ;
#1387 = ADVANCED_FACE ( 'NONE', ( #119 ), #475, .T. ) ;
#1388 = ORIENTED_EDGE ( 'NONE', *, *, #455, .T. ) ;
#1389 = CARTESIAN_POINT ( 'NONE',  ( -8.660254037844383745, 6.000000000000000000, -15.00000000000000000 ) ) ;
#1390 = CARTESIAN_POINT ( 'NONE',  ( -13.85640646055101932, 6.000000000000000000, -11.99999999999998934 ) ) ;
#1391 = LINE ( 'NONE', #261, #814 ) ;
#1392 = ORIENTED_EDGE ( 'NONE', *, *, #733, .F. ) ;
#1393 = DIRECTION ( 'NONE',  ( 0.8660254037844385966, -0.000000000000000000, 0.5000000000000003331 ) ) ;
#1394 = AXIS2_PLACEMENT_3D ( 'NONE', #1351, #59, #220 ) ;
#1395 = VERTEX_POINT ( 'NONE', #866 ) ;
#1396 = EDGE_CURVE ( 'NONE', #1586, #1515, #368, .T. ) ;
#1397 = CARTESIAN_POINT ( 'NONE',  ( -13.85640646055101932, 2.000000000000000000, -14.49999999999999467 ) ) ;
#1398 = DIRECTION ( 'NONE',  ( 0.000000000000000000, -0.000000000000000000, 1.000000000000000000 ) ) ;
#1399 = DIRECTION ( 'NONE',  ( 0.000000000000000000, 0.000000000000000000, -1.000000000000000000 ) ) ;
#1400 = VERTEX_POINT ( 'NONE', #1239 ) ;
#1401 = LINE ( 'NONE', #1295, #640 ) ;
#1402 = ORIENTED_EDGE ( 'NONE', *, *, #1251, .F. ) ;
#1403 = LINE ( 'NONE', #501, #912 ) ;
#1404 = ADVANCED_FACE ( 'NONE', ( #1488 ), #630, .F. ) ;
#1405 = CARTESIAN_POINT ( 'NONE',  ( 13.85640646055102287, 6.000000000000000000, 10.49999999999999645 ) ) ;
#1406 = AXIS2_PLACEMENT_3D ( 'NONE', #1409, #1046, #1557 ) ;
#1407 = LINE ( 'NONE', #1145, #1103 ) ;
#1408 = ORIENTED_EDGE ( 'NONE', *, *, #1396, .F. ) ;
#1409 = CARTESIAN_POINT ( 'NONE',  ( -13.85640646055101932, 0.000000000000000000, -10.49999999999999289 ) ) ;
#1410 = AXIS2_PLACEMENT_3D ( 'NONE', #1031, #1158, #1541 ) ;
#1411 = ORIENTED_EDGE ( 'NONE', *, *, #259, .F. ) ;
#1412 = DIRECTION ( 'NONE',  ( 0.8660254037844385966, -0.000000000000000000, 0.5000000000000003331 ) ) ;
#1413 = EDGE_CURVE ( 'NONE', #1445, #362, #1361, .T. ) ;
#1414 = DIRECTION ( 'NONE',  ( 0.000000000000000000, 0.000000000000000000, 1.000000000000000000 ) ) ;
#1415 = FACE_OUTER_BOUND ( 'NONE', #1582, .T. ) ;
#1416 = EDGE_LOOP ( 'NONE', ( #806, #559 ) ) ;
#1417 = CARTESIAN_POINT ( 'NONE',  ( 13.85640646055102287, 2.000000000000000000, -10.49999999999999645 ) ) ;
#1418 = ORIENTED_EDGE ( 'NONE', *, *, #656, .F. ) ;
#1419 = LINE ( 'NONE', #306, #381 ) ;
#1420 = VECTOR ( 'NONE', #637, 1000.000000000000114 ) ;
#1421 = CYLINDRICAL_SURFACE ( 'NONE', #1167, 4.999999999999995559 ) ;
#1422 = DIRECTION ( 'NONE',  ( -0.000000000000000000, -1.000000000000000000, -0.000000000000000000 ) ) ;
#1423 = ADVANCED_FACE ( 'NONE', ( #987 ), #101, .F. ) ;
#1424 = ORIENTED_EDGE ( 'NONE', *, *, #1355, .F. ) ;
#1425 = FACE_OUTER_BOUND ( 'NONE', #282, .T. ) ;
#1426 = ORIENTED_EDGE ( 'NONE', *, *, #307, .T. ) ;
#1427 = DIRECTION ( 'NONE',  ( 0.000000000000000000, 0.000000000000000000, 1.000000000000000000 ) ) ;
#1428 = EDGE_CURVE ( 'NONE', #354, #909, #1391, .T. ) ;
#1429 = PLANE ( 'NONE',  #1092 ) ;
#1430 = DIRECTION ( 'NONE',  ( 0.000000000000000000, -1.000000000000000000, 0.000000000000000000 ) ) ;
#1431 = AXIS2_PLACEMENT_3D ( 'NONE', #1286, #154, #162 ) ;
#1432 = EDGE_LOOP ( 'NONE', ( #900, #1022, #1369, #310 ) ) ;
#1433 = DIRECTION ( 'NONE',  ( 0.000000000000000000, 1.000000000000000000, 0.000000000000000000 ) ) ;
#1434 = AXIS2_PLACEMENT_3D ( 'NONE', #264, #639, #763 ) ;
#1435 = EDGE_CURVE ( 'NONE', #440, #58, #46, .T. ) ;
#1436 = ORIENTED_EDGE ( 'NONE', *, *, #821, .T. ) ;
#1437 = CIRCLE ( 'NONE', #1195, 3.500000000000000000 ) ;
#1438 = DIRECTION ( 'NONE',  ( 0.5000000000000002220, 0.000000000000000000, -0.8660254037844384856 ) ) ;
#1439 = PERSON ( 'UNSPECIFIED', 'UNSPECIFIED', 'UNSPECIFIED', ('UNSPECIFIED'), ('UNSPECIFIED'), ('UNSPECIFIED') ) ;
#1440 = VECTOR ( 'NONE', #1091, 1000.000000000000000 ) ;
#1441 = CARTESIAN_POINT ( 'NONE',  ( -13.85640646055101932, 2.000000000000000000, 11.99999999999999112 ) ) ;
#1442 = CARTESIAN_POINT ( 'NONE',  ( -13.85640646055101932, 2.000000000000000000, 10.49999999999999289 ) ) ;
#1443 = ORIENTED_EDGE ( 'NONE', *, *, #398, .F. ) ;
#1444 = CARTESIAN_POINT ( 'NONE',  ( -8.500000000000000000, 3.000000000000000000, 1.499999999999999556 ) ) ;
#1445 = VERTEX_POINT ( 'NONE', #1002 ) ;
#1446 = LINE ( 'NONE', #1040, #116 ) ;
#1447 = EDGE_CURVE ( 'NONE', #364, #518, #98, .T. ) ;
#1448 = CIRCLE ( 'NONE', #494, 4.000000000000000000 ) ;
#1449 = DIRECTION ( 'NONE',  ( -0.000000000000000000, -1.000000000000000000, 0.000000000000000000 ) ) ;
#1450 = DIRECTION ( 'NONE',  ( 0.000000000000000000, 1.000000000000000000, 0.000000000000000000 ) ) ;
#1451 = EDGE_CURVE ( 'NONE', #1174, #704, #1514, .T. ) ;
#1452 = FACE_OUTER_BOUND ( 'NONE', #1580, .T. ) ;
#1453 = FACE_BOUND ( 'NONE', #1526, .T. ) ;
#1454 = ORIENTED_EDGE ( 'NONE', *, *, #1271, .T. ) ;
#1455 = CARTESIAN_POINT ( 'NONE',  ( 0.000000000000000000, 6.000000000000000000, -4.000000000000000000 ) ) ;
#1456 = ORIENTED_EDGE ( 'NONE', *, *, #99, .T. ) ;
#1457 = DIRECTION ( 'NONE',  ( -0.000000000000000000, -1.000000000000000000, 0.000000000000000000 ) ) ;
#1458 = DATE_AND_TIME ( #1206, #1495 ) ;
#1459 = ADVANCED_FACE ( 'NONE', ( #253 ), #761, .F. ) ;
#1460 = VERTEX_POINT ( 'NONE', #1641 ) ;
#1461 = FACE_BOUND ( 'NONE', #1471, .T. ) ;
#1462 = ADVANCED_FACE ( 'NONE', ( #504, #1545 ), #1292, .T. ) ;
#1463 = EDGE_LOOP ( 'NONE', ( #1371, #1234, #808, #1299 ) ) ;
#1464 = FACE_BOUND ( 'NONE', #902, .T. ) ;
#1465 = CIRCLE ( 'NONE', #378, 4.999999999999995559 ) ;
#1466 = VECTOR ( 'NONE', #629, 1000.000000000000114 ) ;
#1467 = CC_DESIGN_APPROVAL ( #1055, ( #120 ) ) ;
#1468 = AXIS2_PLACEMENT_3D ( 'NONE', #1584, #203, #76 ) ;
#1469 = DIRECTION ( 'NONE',  ( 0.5000000000000003331, 0.000000000000000000, 0.8660254037844383745 ) ) ;
#1470 = EDGE_CURVE ( 'NONE', #762, #787, #1208, .T. ) ;
#1471 = EDGE_LOOP ( 'NONE', ( #294, #124 ) ) ;
#1472 = CARTESIAN_POINT ( 'NONE',  ( 8.500000000000000000, 0.000000000000000000, -3.122849337825750617E-15 ) ) ;
#1473 = ORIENTED_EDGE ( 'NONE', *, *, #286, .T. ) ;
#1474 = CARTESIAN_POINT ( 'NONE',  ( 13.85640646055102287, 6.000000000000000000, -10.49999999999999645 ) ) ;
#1475 = VERTEX_POINT ( 'NONE', #416 ) ;
#1476 = DIRECTION ( 'NONE',  ( 0.000000000000000000, 0.000000000000000000, -1.000000000000000000 ) ) ;
#1477 =( NAMED_UNIT ( * ) PLANE_ANGLE_UNIT ( ) SI_UNIT ( $, .RADIAN. ) );
#1478 = VECTOR ( 'NONE', #1382, 1000.000000000000000 ) ;
#1479 = ORIENTED_EDGE ( 'NONE', *, *, #61, .F. ) ;
#1480 = DIRECTION ( 'NONE',  ( -0.000000000000000000, -1.000000000000000000, -0.000000000000000000 ) ) ;
#1481 = ORIENTED_EDGE ( 'NONE', *, *, #142, .T. ) ;
#1482 = DIRECTION ( 'NONE',  ( 0.000000000000000000, -1.000000000000000000, 0.000000000000000000 ) ) ;
#1483 = EDGE_CURVE ( 'NONE', #704, #1155, #1152, .T. ) ;
#1484 = VERTEX_POINT ( 'NONE', #805 ) ;
#1485 = EDGE_CURVE ( 'NONE', #199, #675, #1026, .T. ) ;
#1486 = CARTESIAN_POINT ( 'NONE',  ( -13.85640646055101932, 0.000000000000000000, -8.999999999999996447 ) ) ;
#1487 = CARTESIAN_POINT ( 'NONE',  ( 13.85640646055102287, 6.000000000000000000, -10.49999999999999645 ) ) ;
#1488 = FACE_OUTER_BOUND ( 'NONE', #1432, .T. ) ;
#1489 = ORIENTED_EDGE ( 'NONE', *, *, #414, .T. ) ;
#1490 = DIRECTION ( 'NONE',  ( -0.000000000000000000, -1.000000000000000000, -0.000000000000000000 ) ) ;
#1491 = EDGE_CURVE ( 'NONE', #17, #412, #8, .T. ) ;
#1492 = ORIENTED_EDGE ( 'NONE', *, *, #1081, .T. ) ;
#1493 = VECTOR ( 'NONE', #1164, 1000.000000000000000 ) ;
#1494 = CIRCLE ( 'NONE', #430, 3.999999999999998224 ) ;
#1495 = LOCAL_TIME ( 23, 2, 33.00000000000000000, #588 ) ;
#1496 = VECTOR ( 'NONE', #420, 1000.000000000000000 ) ;
#1497 = AXIS2_PLACEMENT_3D ( 'NONE', #97, #1203, #81 ) ;
#1498 = DIRECTION ( 'NONE',  ( -0.000000000000000000, -1.000000000000000000, -0.000000000000000000 ) ) ;
#1499 = DIRECTION ( 'NONE',  ( 0.4999999999999999445, 0.000000000000000000, -0.8660254037844385966 ) ) ;
#1500 = VERTEX_POINT ( 'NONE', #269 ) ;
#1501 = FACE_OUTER_BOUND ( 'NONE', #254, .T. ) ;
#1502 = ORIENTED_EDGE ( 'NONE', *, *, #600, .T. ) ;
#1503 = ADVANCED_BREP_SHAPE_REPRESENTATION ( 'Motor Mount V.3', ( #708, #699 ), #542 ) ;
#1504 = EDGE_CURVE ( 'NONE', #222, #1123, #1407, .T. ) ;
#1505 = DIRECTION ( 'NONE',  ( -0.000000000000000000, -1.000000000000000000, 0.000000000000000000 ) ) ;
#1506 = DIRECTION ( 'NONE',  ( 0.000000000000000000, 0.000000000000000000, 1.000000000000000000 ) ) ;
#1507 = EDGE_CURVE ( 'NONE', #318, #272, #178, .T. ) ;
#1508 = CIRCLE ( 'NONE', #682, 1.499999999999999556 ) ;
#1509 = EDGE_LOOP ( 'NONE', ( #1424, #1230 ) ) ;
#1510 = CARTESIAN_POINT ( 'NONE',  ( 13.85640646055102287, 6.000000000000000000, -10.49999999999999645 ) ) ;
#1511 = ORIENTED_EDGE ( 'NONE', *, *, #712, .T. ) ;
#1512 = LINE ( 'NONE', #373, #1466 ) ;
#1513 = EDGE_CURVE ( 'NONE', #17, #1157, #444, .T. ) ;
#1514 = LINE ( 'NONE', #880, #1478 ) ;
#1515 = VERTEX_POINT ( 'NONE', #672 ) ;
#1516 = DIRECTION ( 'NONE',  ( -0.000000000000000000, -1.000000000000000000, -0.000000000000000000 ) ) ;
#1517 = EDGE_LOOP ( 'NONE', ( #651, #131 ) ) ;
#1518 = CARTESIAN_POINT ( 'NONE',  ( 13.85640646055102287, 2.000000000000000000, -11.99999999999999467 ) ) ;
#1519 = APPROVAL_ROLE ( '' ) ;
#1520 = DIRECTION ( 'NONE',  ( 0.000000000000000000, -0.000000000000000000, 1.000000000000000000 ) ) ;
#1521 = CARTESIAN_POINT ( 'NONE',  ( -13.85640646055101932, 6.000000000000000000, -10.49999999999999289 ) ) ;
#1522 = CIRCLE ( 'NONE', #225, 5.000000000000000888 ) ;
#1523 = ADVANCED_FACE ( 'NONE', ( #922, #547 ), #514, .T. ) ;
#1524 = ORIENTED_EDGE ( 'NONE', *, *, #1413, .F. ) ;
#1525 = DIRECTION ( 'NONE',  ( -0.000000000000000000, -1.000000000000000000, -0.000000000000000000 ) ) ;
#1526 = EDGE_LOOP ( 'NONE', ( #419, #1131 ) ) ;
#1527 = DIRECTION ( 'NONE',  ( 0.000000000000000000, -1.000000000000000000, 0.000000000000000000 ) ) ;
#1528 = CC_DESIGN_PERSON_AND_ORGANIZATION_ASSIGNMENT ( #325, #77, ( #1350 ) ) ;
#1529 = FACE_BOUND ( 'NONE', #1275, .T. ) ;
#1530 = CYLINDRICAL_SURFACE ( 'NONE', #1024, 3.999999999999998224 ) ;
#1531 = ORIENTED_EDGE ( 'NONE', *, *, #1215, .F. ) ;
#1532 = FACE_OUTER_BOUND ( 'NONE', #774, .T. ) ;
#1533 = AXIS2_PLACEMENT_3D ( 'NONE', #1627, #995, #767 ) ;
#1534 = ORIENTED_EDGE ( 'NONE', *, *, #1470, .F. ) ;
#1535 = CARTESIAN_POINT ( 'NONE',  ( 13.85640646055102287, 6.000000000000000000, 6.499999999999998224 ) ) ;
#1536 = PLANE ( 'NONE',  #1597 ) ;
#1537 = CARTESIAN_POINT ( 'NONE',  ( -13.85640646055101932, 2.000000000000000000, 10.49999999999999289 ) ) ;
#1538 = ORIENTED_EDGE ( 'NONE', *, *, #690, .F. ) ;
#1539 = LINE ( 'NONE', #786, #695 ) ;
#1540 = ORIENTED_EDGE ( 'NONE', *, *, #972, .T. ) ;
#1541 = DIRECTION ( 'NONE',  ( 0.000000000000000000, 0.000000000000000000, 1.000000000000000000 ) ) ;
#1542 = ADVANCED_FACE ( 'NONE', ( #15 ), #1530, .F. ) ;
#1543 = DIRECTION ( 'NONE',  ( 0.000000000000000000, 1.000000000000000000, 0.000000000000000000 ) ) ;
#1544 = AXIS2_PLACEMENT_3D ( 'NONE', #303, #34, #424 ) ;
#1545 = FACE_OUTER_BOUND ( 'NONE', #296, .T. ) ;
#1546 = AXIS2_PLACEMENT_3D ( 'NONE', #230, #236, #1373 ) ;
#1547 = ORIENTED_EDGE ( 'NONE', *, *, #982, .F. ) ;
#1548 = LOCAL_TIME ( 23, 2, 33.00000000000000000, #628 ) ;
#1549 = DIRECTION ( 'NONE',  ( -0.000000000000000000, 1.000000000000000000, -0.000000000000000000 ) ) ;
#1550 = VECTOR ( 'NONE', #1638, 1000.000000000000000 ) ;
#1551 = ORIENTED_EDGE ( 'NONE', *, *, #1160, .T. ) ;
#1552 = DIRECTION ( 'NONE',  ( 0.5000000000000003331, 0.000000000000000000, 0.8660254037844383745 ) ) ;
#1553 = CIRCLE ( 'NONE', #1196, 1.499999999999996225 ) ;
#1554 = DIRECTION ( 'NONE',  ( -0.4999999999999998890, 0.000000000000000000, 0.8660254037844385966 ) ) ;
#1555 = DIRECTION ( 'NONE',  ( 0.000000000000000000, 1.000000000000000000, 0.000000000000000000 ) ) ;
#1556 = VERTEX_POINT ( 'NONE', #391 ) ;
#1557 = DIRECTION ( 'NONE',  ( 0.000000000000000000, 0.000000000000000000, 1.000000000000000000 ) ) ;
#1558 = EDGE_CURVE ( 'NONE', #322, #500, #797, .T. ) ;
#1559 = ORIENTED_EDGE ( 'NONE', *, *, #1605, .F. ) ;
#1560 = LINE ( 'NONE', #809, #988 ) ;
#1561 = DIRECTION ( 'NONE',  ( 0.000000000000000000, 1.000000000000000000, 0.000000000000000000 ) ) ;
#1562 = DIRECTION ( 'NONE',  ( 0.000000000000000000, 0.000000000000000000, 1.000000000000000000 ) ) ;
#1563 = EDGE_LOOP ( 'NONE', ( #403, #1635, #42, #1309 ) ) ;
#1564 = CARTESIAN_POINT ( 'NONE',  ( -13.85640646055101932, 2.000000000000000000, 6.499999999999992895 ) ) ;
#1565 = ORIENTED_EDGE ( 'NONE', *, *, #259, .T. ) ;
#1566 = LINE ( 'NONE', #183, #1496 ) ;
#1567 = DIRECTION ( 'NONE',  ( 0.000000000000000000, 1.000000000000000000, 0.000000000000000000 ) ) ;
#1568 = CYLINDRICAL_SURFACE ( 'NONE', #1253, 4.000000000000001776 ) ;
#1569 = VECTOR ( 'NONE', #1310, 1000.000000000000000 ) ;
#1570 = ORIENTED_EDGE ( 'NONE', *, *, #1151, .T. ) ;
#1571 = CARTESIAN_POINT ( 'NONE',  ( 14.14042068947250463, 6.000000000000000000, 5.508072925435495648 ) ) ;
#1572 = ADVANCED_FACE ( 'NONE', ( #152 ), #521, .F. ) ;
#1573 = ORIENTED_EDGE ( 'NONE', *, *, #27, .F. ) ;
#1574 = CIRCLE ( 'NONE', #1304, 1.499999999999996225 ) ;
#1575 = DIRECTION ( 'NONE',  ( -0.000000000000000000, -1.000000000000000000, -0.000000000000000000 ) ) ;
#1576 = CARTESIAN_POINT ( 'NONE',  ( -8.500000000000000000, 3.000000000000000000, -3.500000000000000000 ) ) ;
#1577 = DIRECTION ( 'NONE',  ( -0.000000000000000000, -1.000000000000000000, -0.000000000000000000 ) ) ;
#1578 = DIRECTION ( 'NONE',  ( 0.000000000000000000, 0.000000000000000000, -1.000000000000000000 ) ) ;
#1579 = CARTESIAN_POINT ( 'NONE',  ( 8.500000000000000000, 6.000000000000000000, -3.122849337825750617E-15 ) ) ;
#1580 = EDGE_LOOP ( 'NONE', ( #320, #1618, #1531, #436 ) ) ;
#1581 = CARTESIAN_POINT ( 'NONE',  ( -8.500000000000000000, 3.000000000000000000, 0.000000000000000000 ) ) ;
#1582 = EDGE_LOOP ( 'NONE', ( #1559, #1502, #1163, #843 ) ) ;
#1583 = EDGE_CURVE ( 'NONE', #322, #1076, #1290, .T. ) ;
#1584 = CARTESIAN_POINT ( 'NONE',  ( -13.85640646055101932, 2.000000000000000000, 10.49999999999999289 ) ) ;
#1585 = EDGE_CURVE ( 'NONE', #451, #1621, #915, .T. ) ;
#1586 = VERTEX_POINT ( 'NONE', #529 ) ;
#1587 = FACE_BOUND ( 'NONE', #691, .T. ) ;
#1588 = VERTEX_POINT ( 'NONE', #1162 ) ;
#1589 = PLANE ( 'NONE',  #509 ) ;
#1590 = ADVANCED_FACE ( 'NONE', ( #1415 ), #539, .F. ) ;
#1591 = DIRECTION ( 'NONE',  ( -0.000000000000000000, 1.000000000000000000, -0.000000000000000000 ) ) ;
#1592 = ORIENTED_EDGE ( 'NONE', *, *, #329, .T. ) ;
#1593 = CARTESIAN_POINT ( 'NONE',  ( 8.500000000000000000, 0.000000000000000000, 3.499999999999996891 ) ) ;
#1594 = ORIENTED_EDGE ( 'NONE', *, *, #348, .T. ) ;
#1595 = CARTESIAN_POINT ( 'NONE',  ( 8.500000000000000000, 6.000000000000000000, -1.500000000000003553 ) ) ;
#1596 = AXIS2_PLACEMENT_3D ( 'NONE', #1510, #1235, #1619 ) ;
#1597 = AXIS2_PLACEMENT_3D ( 'NONE', #904, #520, #671 ) ;
#1598 = VECTOR ( 'NONE', #1017, 1000.000000000000114 ) ;
#1599 = DIRECTION ( 'NONE',  ( 0.000000000000000000, 1.000000000000000000, 0.000000000000000000 ) ) ;
#1600 = CARTESIAN_POINT ( 'NONE',  ( 0.000000000000000000, 0.000000000000000000, -4.000000000000000000 ) ) ;
#1601 = PRODUCT ( 'Motor Mount V.3', 'Motor Mount V.3', '', ( #954 ) ) ;
#1602 = ORIENTED_EDGE ( 'NONE', *, *, #448, .T. ) ;
#1603 = CARTESIAN_POINT ( 'NONE',  ( -13.85640646055101932, 6.000000000000000000, -10.49999999999999289 ) ) ;
#1604 = AXIS2_PLACEMENT_3D ( 'NONE', #1472, #967, #441 ) ;
#1605 = EDGE_CURVE ( 'NONE', #1111, #1155, #1093, .T. ) ;
#1606 = VERTEX_POINT ( 'NONE', #1600 ) ;
#1607 = FACE_OUTER_BOUND ( 'NONE', #969, .T. ) ;
#1608 = ORIENTED_EDGE ( 'NONE', *, *, #181, .F. ) ;
#1609 = CARTESIAN_POINT ( 'NONE',  ( -13.85640646055101932, 0.000000000000000000, 11.99999999999999112 ) ) ;
#1610 = AXIS2_PLACEMENT_3D ( 'NONE', #736, #605, #1617 ) ;
#1611 = EDGE_CURVE ( 'NONE', #1174, #1111, #1553, .T. ) ;
#1612 = DIRECTION ( 'NONE',  ( 1.000000000000000000, 0.000000000000000000, -0.000000000000000000 ) ) ;
#1613 = DIRECTION ( 'NONE',  ( -0.000000000000000000, 1.000000000000000000, -0.000000000000000000 ) ) ;
#1614 = ORIENTED_EDGE ( 'NONE', *, *, #1232, .F. ) ;
#1615 = DIRECTION ( 'NONE',  ( 0.000000000000000000, 0.000000000000000000, -1.000000000000000000 ) ) ;
#1616 = DIRECTION ( 'NONE',  ( -0.8660254037844384856, 0.000000000000000000, 0.5000000000000004441 ) ) ;
#1617 = DIRECTION ( 'NONE',  ( 0.000000000000000000, 0.000000000000000000, 1.000000000000000000 ) ) ;
#1618 = ORIENTED_EDGE ( 'NONE', *, *, #1085, .T. ) ;
#1619 = DIRECTION ( 'NONE',  ( 0.000000000000000000, 0.000000000000000000, -1.000000000000000000 ) ) ;
#1620 = ADVANCED_FACE ( 'NONE', ( #963 ), #1568, .F. ) ;
#1621 = VERTEX_POINT ( 'NONE', #1198 ) ;
#1622 = CIRCLE ( 'NONE', #908, 4.000000000000000000 ) ;
#1623 = EDGE_CURVE ( 'NONE', #955, #721, #317, .T. ) ;
#1624 = CIRCLE ( 'NONE', #90, 1.500000000000000444 ) ;
#1625 = DATE_TIME_ROLE ( 'classification_date' ) ;
#1626 = CARTESIAN_POINT ( 'NONE',  ( -14.14042068947250463, 6.000000000000000000, 5.508072925435483214 ) ) ;
#1627 = CARTESIAN_POINT ( 'NONE',  ( -13.85640646055101932, 6.000000000000000000, -10.49999999999999289 ) ) ;
#1628 = ORIENTED_EDGE ( 'NONE', *, *, #1160, .F. ) ;
#1629 = FACE_OUTER_BOUND ( 'NONE', #1086, .T. ) ;
#1630 = ORIENTED_EDGE ( 'NONE', *, *, #414, .F. ) ;
#1631 = ADVANCED_FACE ( 'NONE', ( #49 ), #447, .F. ) ;
#1632 = EDGE_CURVE ( 'NONE', #472, #684, #186, .T. ) ;
#1633 = DIRECTION ( 'NONE',  ( 0.000000000000000000, 1.000000000000000000, 0.000000000000000000 ) ) ;
#1634 = DIRECTION ( 'NONE',  ( -0.5000000000000003331, 0.000000000000000000, -0.8660254037844383745 ) ) ;
#1635 = ORIENTED_EDGE ( 'NONE', *, *, #396, .F. ) ;
#1636 = DIRECTION ( 'NONE',  ( -0.000000000000000000, -1.000000000000000000, -0.000000000000000000 ) ) ;
#1637 = ORIENTED_EDGE ( 'NONE', *, *, #1611, .F. ) ;
#1638 = DIRECTION ( 'NONE',  ( -0.000000000000000000, -1.000000000000000000, -0.000000000000000000 ) ) ;
#1639 = PERSON_AND_ORGANIZATION ( #1439, #202 ) ;
#1640 = CYLINDRICAL_SURFACE ( 'NONE', #803, 4.000000000000000888 ) ;
#1641 = CARTESIAN_POINT ( 'NONE',  ( 4.898587196589412829E-16, 0.000000000000000000, 4.000000000000000000 ) ) ;
#1642 = ORIENTED_EDGE ( 'NONE', *, *, #1264, .T. ) ;
#1643 = DIRECTION ( 'NONE',  ( -0.000000000000000000, -1.000000000000000000, 0.000000000000000000 ) ) ;
ENDSEC;
END-ISO-10303-21;
