ISO-10303-21;
HEADER;
FILE_DESCRIPTION (( 'STEP AP203' ),
    '1' );
FILE_NAME ('Upper Leg Connector V.3.STEP',
    '2026-04-01T04:31:47',
    ( '' ),
    ( '' ),
    'SwSTEP 2.0',
    'SolidWorks 2025',
    '' );
FILE_SCHEMA (( 'CONFIG_CONTROL_DESIGN' ));
ENDSEC;

DATA;
#1 = ADVANCED_FACE ( 'NONE', ( #107 ), #515, .F. ) ;
#2 = AXIS2_PLACEMENT_3D ( 'NONE', #334, #859, #582 ) ;
#3 = AXIS2_PLACEMENT_3D ( 'NONE', #827, #691, #697 ) ;
#4 = AXIS2_PLACEMENT_3D ( 'NONE', #1521, #976, #584 ) ;
#5 = CARTESIAN_POINT ( 'NONE',  ( 19.41364260224517935, 4.801085027754519174, 2.929035178713798704 ) ) ;
#6 = CARTESIAN_POINT ( 'NONE',  ( 0.000000000000000000, 10.00000000000000000, 0.000000000000000000 ) ) ;
#7 = AXIS2_PLACEMENT_3D ( 'NONE', #244, #672, #940 ) ;
#8 = ORIENTED_EDGE ( 'NONE', *, *, #1740, .F. ) ;
#9 = FACE_OUTER_BOUND ( 'NONE', #339, .T. ) ;
#10 = APPROVAL_ROLE ( '' ) ;
#11 = ORIENTED_EDGE ( 'NONE', *, *, #470, .T. ) ;
#12 = DIRECTION ( 'NONE',  ( 0.8660254037844379305, -0.000000000000000000, 0.5000000000000013323 ) ) ;
#13 = ADVANCED_FACE ( 'NONE', ( #763 ), #1303, .F. ) ;
#14 = DIRECTION ( 'NONE',  ( 1.000000000000000000, 0.000000000000000000, 0.000000000000000000 ) ) ;
#15 = EDGE_CURVE ( 'NONE', #1333, #1658, #1239, .T. ) ;
#16 = VERTEX_POINT ( 'NONE', #164 ) ;
#17 = DIRECTION ( 'NONE',  ( 0.000000000000000000, -0.000000000000000000, -1.000000000000000000 ) ) ;
#18 = DATE_AND_TIME ( #146, #1381 ) ;
#19 = VERTEX_POINT ( 'NONE', #841 ) ;
#20 = CARTESIAN_POINT ( 'NONE',  ( 20.56928635258228866, 5.000000000000000000, -21.87568301270193061 ) ) ;
#21 = EDGE_CURVE ( 'NONE', #1240, #295, #1179, .T. ) ;
#22 = DIRECTION ( 'NONE',  ( -0.000000000000000000, -1.000000000000000000, -0.000000000000000000 ) ) ;
#23 = DIRECTION ( 'NONE',  ( -0.000000000000000000, -1.000000000000000000, -0.000000000000000000 ) ) ;
#24 = VERTEX_POINT ( 'NONE', #1510 ) ;
#25 = CARTESIAN_POINT ( 'NONE',  ( 13.85640646055101399, 8.000000000000000000, -10.49999999999999822 ) ) ;
#26 = EDGE_CURVE ( 'NONE', #73, #1019, #431, .T. ) ;
#27 = VERTEX_POINT ( 'NONE', #399 ) ;
#28 = CARTESIAN_POINT ( 'NONE',  ( -20.90467461984244935, 5.098720323986015934, 0.3372687115187140705 ) ) ;
#29 = DIRECTION ( 'NONE',  ( -0.000000000000000000, -1.000000000000000000, 0.000000000000000000 ) ) ;
#30 = CIRCLE ( 'NONE', #534, 9.000000000000000000 ) ;
#31 = LINE ( 'NONE', #698, #1701 ) ;
#32 = EDGE_CURVE ( 'NONE', #917, #1198, #1127, .T. ) ;
#33 = EDGE_LOOP ( 'NONE', ( #1010, #839, #83, #103, #603, #174 ) ) ;
#34 = FACE_OUTER_BOUND ( 'NONE', #664, .T. ) ;
#35 = VECTOR ( 'NONE', #268, 1000.000000000000000 ) ;
#36 = PERSON_AND_ORGANIZATION_ROLE ( 'creator' ) ;
#37 = ORIENTED_EDGE ( 'NONE', *, *, #616, .T. ) ;
#38 = CARTESIAN_POINT ( 'NONE',  ( 13.85640646055101399, 8.000000000000000000, 10.49999999999999822 ) ) ;
#39 = PRODUCT_RELATED_PRODUCT_CATEGORY ( 'detail', '', ( #134 ) ) ;
#40 = CARTESIAN_POINT ( 'NONE',  ( 20.81416832621236424, 3.870731197006866964, 0.8715070546383892891 ) ) ;
#41 = CARTESIAN_POINT ( 'NONE',  ( -13.85640646055101399, 8.000000000000000000, 11.99999999999999822 ) ) ;
#42 = ORIENTED_EDGE ( 'NONE', *, *, #1485, .F. ) ;
#43 = CARTESIAN_POINT ( 'NONE',  ( -17.32050807568877460, 8.000000000000000000, -3.154177549934253528E-15 ) ) ;
#44 = ORIENTED_EDGE ( 'NONE', *, *, #413, .T. ) ;
#45 = CARTESIAN_POINT ( 'NONE',  ( -20.88009303716427922, 5.759151873639321018, 0.5441337744404823873 ) ) ;
#46 = LINE ( 'NONE', #1119, #1668 ) ;
#47 = FACE_OUTER_BOUND ( 'NONE', #105, .T. ) ;
#48 = ORIENTED_EDGE ( 'NONE', *, *, #1113, .F. ) ;
#49 = CYLINDRICAL_SURFACE ( 'NONE', #1410, 1.499999999999997780 ) ;
#50 = ORIENTED_EDGE ( 'NONE', *, *, #495, .T. ) ;
#51 = CARTESIAN_POINT ( 'NONE',  ( -20.71912099144071462, 6.346572789070246579, 1.190731052701264892 ) ) ;
#52 = CARTESIAN_POINT ( 'NONE',  ( 8.660254037844383745, 8.000000000000000000, -15.00000000000000000 ) ) ;
#53 = EDGE_CURVE ( 'NONE', #801, #905, #405, .T. ) ;
#54 = CARTESIAN_POINT ( 'NONE',  ( 22.51666049839539241, 5.000000000000000000, 3.000000000000002665 ) ) ;
#55 = CARTESIAN_POINT ( 'NONE',  ( 13.85640646055101399, 0.000000000000000000, -10.49999999999999822 ) ) ;
#56 = ORIENTED_EDGE ( 'NONE', *, *, #328, .T. ) ;
#57 = DIRECTION ( 'NONE',  ( -0.8660254037844380415, -0.000000000000000000, 0.5000000000000009992 ) ) ;
#58 = ORIENTED_EDGE ( 'NONE', *, *, #102, .F. ) ;
#59 = VECTOR ( 'NONE', #1709, 1000.000000000000000 ) ;
#60 = CARTESIAN_POINT ( 'NONE',  ( 21.76666049839538530, 5.000000000000000000, 4.299038105676656230 ) ) ;
#61 = VECTOR ( 'NONE', #870, 1000.000000000000000 ) ;
#62 = CARTESIAN_POINT ( 'NONE',  ( 19.87762531589682524, 6.190940766236282755, 2.535358448285734756 ) ) ;
#63 = ADVANCED_FACE ( 'NONE', ( #939, #1475 ), #157, .F. ) ;
#64 = DIRECTION ( 'NONE',  ( -0.5000000000000006661, 0.000000000000000000, 0.8660254037844382635 ) ) ;
#65 = CARTESIAN_POINT ( 'NONE',  ( -13.85640646055101399, 0.000000000000000000, -15.50000000000000000 ) ) ;
#66 = ORIENTED_EDGE ( 'NONE', *, *, #1308, .T. ) ;
#67 = FACE_OUTER_BOUND ( 'NONE', #152, .T. ) ;
#68 = ORIENTED_EDGE ( 'NONE', *, *, #992, .F. ) ;
#69 = FACE_OUTER_BOUND ( 'NONE', #928, .T. ) ;
#70 = FACE_OUTER_BOUND ( 'NONE', #128, .T. ) ;
#71 = CARTESIAN_POINT ( 'NONE',  ( 8.660254037844383745, 0.000000000000000000, -15.00000000000000000 ) ) ;
#72 = DIRECTION ( 'NONE',  ( 0.000000000000000000, 1.000000000000000000, 0.000000000000000000 ) ) ;
#73 = VERTEX_POINT ( 'NONE', #273 ) ;
#74 = CARTESIAN_POINT ( 'NONE',  ( -13.85640646055101399, 0.000000000000000000, 9.000000000000000000 ) ) ;
#75 = VERTEX_POINT ( 'NONE', #1230 ) ;
#76 = EDGE_CURVE ( 'NONE', #767, #1233, #671, .T. ) ;
#77 = DIRECTION ( 'NONE',  ( -0.000000000000000000, -1.000000000000000000, -0.000000000000000000 ) ) ;
#78 = LINE ( 'NONE', #771, #1436 ) ;
#79 = DIRECTION ( 'NONE',  ( -0.000000000000000000, -1.000000000000000000, -0.000000000000000000 ) ) ;
#80 = CARTESIAN_POINT ( 'NONE',  ( -8.660254037844381969, 8.000000000000000000, 14.99999999999999467 ) ) ;
#81 = ORIENTED_EDGE ( 'NONE', *, *, #1092, .T. ) ;
#82 = DIRECTION ( 'NONE',  ( 0.4999999999999962808, 0.000000000000000000, -0.8660254037844407060 ) ) ;
#83 = ORIENTED_EDGE ( 'NONE', *, *, #817, .T. ) ;
#84 = FACE_OUTER_BOUND ( 'NONE', #738, .T. ) ;
#85 = AXIS2_PLACEMENT_3D ( 'NONE', #1337, #1194, #96 ) ;
#86 = AXIS2_PLACEMENT_3D ( 'NONE', #1219, #1438, #1711 ) ;
#87 = PLANE ( 'NONE',  #1220 ) ;
#88 = AXIS2_PLACEMENT_3D ( 'NONE', #383, #658, #1578 ) ;
#89 = AXIS2_PLACEMENT_3D ( 'NONE', #1717, #510, #1200 ) ;
#90 = DIRECTION ( 'NONE',  ( 0.4999999999999985567, 0.000000000000000000, 0.8660254037844394848 ) ) ;
#91 = LINE ( 'NONE', #1178, #1703 ) ;
#92 = EDGE_LOOP ( 'NONE', ( #753, #959, #854, #1441 ) ) ;
#93 = LINE ( 'NONE', #632, #61 ) ;
#94 = ORIENTED_EDGE ( 'NONE', *, *, #98, .T. ) ;
#95 = DIRECTION ( 'NONE',  ( -1.000000000000000000, 0.000000000000000000, -0.000000000000000000 ) ) ;
#96 = DIRECTION ( 'NONE',  ( 1.000000000000000000, 0.000000000000000000, 0.000000000000000000 ) ) ;
#97 = DIRECTION ( 'NONE',  ( -0.000000000000000000, -1.000000000000000000, -0.000000000000000000 ) ) ;
#98 = EDGE_CURVE ( 'NONE', #390, #505, #1437, .T. ) ;
#99 = PLANE ( 'NONE',  #589 ) ;
#100 = ORIENTED_EDGE ( 'NONE', *, *, #280, .F. ) ;
#101 = CYLINDRICAL_SURFACE ( 'NONE', #1103, 3.599999999999999645 ) ;
#102 = EDGE_CURVE ( 'NONE', #1696, #468, #30, .T. ) ;
#103 = ORIENTED_EDGE ( 'NONE', *, *, #187, .F. ) ;
#104 = DIRECTION ( 'NONE',  ( -0.000000000000000000, -1.000000000000000000, -0.000000000000000000 ) ) ;
#105 = EDGE_LOOP ( 'NONE', ( #286, #1629, #497, #299 ) ) ;
#106 = EDGE_CURVE ( 'NONE', #1198, #688, #1635, .T. ) ;
#107 = FACE_OUTER_BOUND ( 'NONE', #1056, .T. ) ;
#108 = ORIENTED_EDGE ( 'NONE', *, *, #26, .T. ) ;
#109 = CARTESIAN_POINT ( 'NONE',  ( -20.53406495947293564, 3.509985229023173670, 1.625570458676778296 ) ) ;
#110 = CARTESIAN_POINT ( 'NONE',  ( 16.03585593232135409, 0.000000000000000000, -6.000000000000000000 ) ) ;
#111 = ORIENTED_EDGE ( 'NONE', *, *, #121, .T. ) ;
#112 = AXIS2_PLACEMENT_3D ( 'NONE', #1124, #586, #163 ) ;
#113 = EDGE_CURVE ( 'NONE', #786, #390, #1545, .T. ) ;
#114 = CARTESIAN_POINT ( 'NONE',  ( 20.86199297376671069, 5.923959608417319167, 0.6620813187132417177 ) ) ;
#115 = VECTOR ( 'NONE', #440, 1000.000000000000000 ) ;
#116 = ORIENTED_EDGE ( 'NONE', *, *, #963, .T. ) ;
#117 = LINE ( 'NONE', #1045, #1587 ) ;
#118 = VERTEX_POINT ( 'NONE', #1530 ) ;
#119 = CARTESIAN_POINT ( 'NONE',  ( -20.85869685714847321, 4.083788772005777723, 0.6667595548237404968 ) ) ;
#120 = CARTESIAN_POINT ( 'NONE',  ( -20.78460969082653165, 10.00000000000000000, 6.000000000000000000 ) ) ;
#121 = EDGE_CURVE ( 'NONE', #1681, #572, #1523, .T. ) ;
#122 = ORIENTED_EDGE ( 'NONE', *, *, #811, .F. ) ;
#123 = DIRECTION ( 'NONE',  ( 0.000000000000000000, 1.000000000000000000, -0.000000000000000000 ) ) ;
#124 = ORIENTED_EDGE ( 'NONE', *, *, #722, .T. ) ;
#125 = FACE_OUTER_BOUND ( 'NONE', #745, .T. ) ;
#126 = DIRECTION ( 'NONE',  ( 0.000000000000000000, 0.000000000000000000, 1.000000000000000000 ) ) ;
#127 = EDGE_CURVE ( 'NONE', #642, #1589, #1684, .T. ) ;
#128 = EDGE_LOOP ( 'NONE', ( #451, #460, #362, #1079 ) ) ;
#129 = CARTESIAN_POINT ( 'NONE',  ( -16.03585593232135409, 0.000000000000000000, 6.000000000000000000 ) ) ;
#130 = CARTESIAN_POINT ( 'NONE',  ( 20.22395212860432423, 3.549145791946670236, 2.130601413466284288 ) ) ;
#131 = CARTESIAN_POINT ( 'NONE',  ( -9.675277914599559992, 0.000000000000000000, -13.24192707456450790 ) ) ;
#132 = ORIENTED_EDGE ( 'NONE', *, *, #550, .T. ) ;
#133 = CARTESIAN_POINT ( 'NONE',  ( -20.74741532603003691, 3.700591765686521040, 1.105982702858215649 ) ) ;
#134 = PRODUCT ( 'Upper Leg Connector V.3', 'Upper Leg Connector V.3', '', ( #805 ) ) ;
#135 = APPROVAL_STATUS ( 'not_yet_approved' ) ;
#136 = ORIENTED_EDGE ( 'NONE', *, *, #741, .T. ) ;
#137 = LINE ( 'NONE', #678, #1727 ) ;
#138 = CIRCLE ( 'NONE', #367, 1.499999999999997780 ) ;
#139 = VECTOR ( 'NONE', #97, 1000.000000000000000 ) ;
#140 = AXIS2_PLACEMENT_3D ( 'NONE', #385, #379, #1336 ) ;
#141 = DIRECTION ( 'NONE',  ( -0.4999999999999962808, 0.000000000000000000, 0.8660254037844407060 ) ) ;
#142 = DIRECTION ( 'NONE',  ( -0.8660254037844382635, 0.000000000000000000, 0.5000000000000006661 ) ) ;
#143 = CIRCLE ( 'NONE', #1018, 11.12500000000000000 ) ;
#144 = ORIENTED_EDGE ( 'NONE', *, *, #1357, .T. ) ;
#145 = CARTESIAN_POINT ( 'NONE',  ( -24.24871130596429225, 10.00000000000000000, -6.179412470143226683E-15 ) ) ;
#146 = CALENDAR_DATE ( 2026, 31, 3 ) ;
#147 = VERTEX_POINT ( 'NONE', #1257 ) ;
#148 = CARTESIAN_POINT ( 'NONE',  ( -8.660254037844383745, 8.000000000000000000, -15.00000000000000000 ) ) ;
#149 = EDGE_CURVE ( 'NONE', #1417, #695, #590, .T. ) ;
#150 = CARTESIAN_POINT ( 'NONE',  ( 20.78460969082652099, 8.000000000000000000, -6.000000000000000000 ) ) ;
#151 = CARTESIAN_POINT ( 'NONE',  ( 13.85640646055101399, 8.000000000000000000, 9.000000000000000000 ) ) ;
#152 = EDGE_LOOP ( 'NONE', ( #1477, #781, #1277, #1295 ) ) ;
#153 = LINE ( 'NONE', #1389, #623 ) ;
#154 = ORIENTED_EDGE ( 'NONE', *, *, #1276, .T. ) ;
#155 = CARTESIAN_POINT ( 'NONE',  ( -20.89590843516237939, 5.487053227235766606, 0.4221302347480121453 ) ) ;
#156 = EDGE_CURVE ( 'NONE', #695, #1019, #466, .T. ) ;
#157 = CYLINDRICAL_SURFACE ( 'NONE', #3, 3.599999999999997868 ) ;
#158 = PLANE ( 'NONE',  #1073 ) ;
#159 = CC_DESIGN_PERSON_AND_ORGANIZATION_ASSIGNMENT ( #713, #443, ( #934 ) ) ;
#160 = VERTEX_POINT ( 'NONE', #1274 ) ;
#161 = CARTESIAN_POINT ( 'NONE',  ( -19.40467461984245645, 4.999999999999999112, 2.935344922872028306 ) ) ;
#162 = VERTEX_POINT ( 'NONE', #1559 ) ;
#163 = DIRECTION ( 'NONE',  ( 0.000000000000000000, -0.000000000000000000, 1.000000000000000000 ) ) ;
#164 = CARTESIAN_POINT ( 'NONE',  ( -20.90467461984244935, 5.000000000000000000, 0.3372687115187147366 ) ) ;
#165 = AXIS2_PLACEMENT_3D ( 'NONE', #255, #1591, #911 ) ;
#166 = AXIS2_PLACEMENT_3D ( 'NONE', #296, #1672, #430 ) ;
#167 = LINE ( 'NONE', #177, #1644 ) ;
#168 = VECTOR ( 'NONE', #1364, 1000.000000000000000 ) ;
#169 = VERTEX_POINT ( 'NONE', #1392 ) ;
#170 = DIRECTION ( 'NONE',  ( -0.4999999999999953926, 0.000000000000000000, 0.8660254037844413721 ) ) ;
#171 = AXIS2_PLACEMENT_3D ( 'NONE', #1707, #1163, #469 ) ;
#172 = PERSON_AND_ORGANIZATION_ROLE ( 'design_supplier' ) ;
#173 = AXIS2_PLACEMENT_3D ( 'NONE', #1463, #389, #1600 ) ;
#174 = ORIENTED_EDGE ( 'NONE', *, *, #332, .T. ) ;
#175 = FACE_BOUND ( 'NONE', #245, .T. ) ;
#176 = CARTESIAN_POINT ( 'NONE',  ( 13.85640646055101399, 8.000000000000000000, 10.49999999999999822 ) ) ;
#177 = CARTESIAN_POINT ( 'NONE',  ( 16.03585593232135409, 8.000000000000000000, -6.000000000000000000 ) ) ;
#178 = ORIENTED_EDGE ( 'NONE', *, *, #616, .F. ) ;
#179 = CYLINDRICAL_SURFACE ( 'NONE', #592, 11.12500000000000000 ) ;
#180 = ORIENTED_EDGE ( 'NONE', *, *, #820, .F. ) ;
#181 = CARTESIAN_POINT ( 'NONE',  ( -19.82208544984475296, 6.129268802993133924, 2.589845001826156956 ) ) ;
#182 = ADVANCED_FACE ( 'NONE', ( #1692 ), #1132, .F. ) ;
#183 = LINE ( 'NONE', #204, #508 ) ;
#184 = CARTESIAN_POINT ( 'NONE',  ( 13.85640646055101399, 8.000000000000000000, -10.49999999999999822 ) ) ;
#185 = ORIENTED_EDGE ( 'NONE', *, *, #547, .T. ) ;
#186 = CARTESIAN_POINT ( 'NONE',  ( -13.85640646055101399, 0.000000000000000000, 10.49999999999999822 ) ) ;
#187 = EDGE_CURVE ( 'NONE', #1349, #1325, #46, .T. ) ;
#188 = ORIENTED_EDGE ( 'NONE', *, *, #514, .T. ) ;
#189 = FACE_OUTER_BOUND ( 'NONE', #419, .T. ) ;
#190 = ADVANCED_FACE ( 'NONE', ( #1662 ), #475, .F. ) ;
#191 = CARTESIAN_POINT ( 'NONE',  ( -8.660254037844405062, 10.00000000000000000, 14.99999999999999112 ) ) ;
#192 = DIRECTION ( 'NONE',  ( 0.000000000000000000, 0.000000000000000000, 1.000000000000000000 ) ) ;
#194 = EDGE_CURVE ( 'NONE', #569, #160, #989, .T. ) ;
#193 = DIRECTION ( 'NONE',  ( 0.000000000000000000, 0.000000000000000000, 1.000000000000000000 ) ) ;
#195 = ORIENTED_EDGE ( 'NONE', *, *, #1265, .F. ) ;
#196 = CARTESIAN_POINT ( 'NONE',  ( 13.85640646055101399, 8.000000000000000000, -10.49999999999999822 ) ) ;
#197 = VECTOR ( 'NONE', #840, 1000.000000000000000 ) ;
#198 = ORIENTED_EDGE ( 'NONE', *, *, #102, .T. ) ;
#199 = AXIS2_PLACEMENT_3D ( 'NONE', #341, #1147, #769 ) ;
#200 = DIRECTION ( 'NONE',  ( 0.000000000000000000, 0.000000000000000000, 1.000000000000000000 ) ) ;
#201 = AXIS2_PLACEMENT_3D ( 'NONE', #452, #861, #480 ) ;
#202 = EDGE_CURVE ( 'NONE', #1571, #776, #1676, .T. ) ;
#203 = DIRECTION ( 'NONE',  ( 1.000000000000000000, 0.000000000000000000, 1.201851678989726436E-15 ) ) ;
#204 = CARTESIAN_POINT ( 'NONE',  ( 8.660254037844381969, 10.00000000000000000, 15.00000000000001243 ) ) ;
#205 = CARTESIAN_POINT ( 'NONE',  ( 17.32050807568878170, 8.000000000000000000, 3.599999999999997868 ) ) ;
#206 = EDGE_CURVE ( 'NONE', #726, #73, #1015, .T. ) ;
#207 = ORIENTED_EDGE ( 'NONE', *, *, #237, .F. ) ;
#208 = DIRECTION ( 'NONE',  ( -0.000000000000000000, -1.000000000000000000, 0.000000000000000000 ) ) ;
#209 = ORIENTED_EDGE ( 'NONE', *, *, #106, .T. ) ;
#210 = DIRECTION ( 'NONE',  ( -1.000000000000000000, 0.000000000000000000, 3.755786496842894127E-16 ) ) ;
#211 = DIRECTION ( 'NONE',  ( 0.000000000000000000, 0.000000000000000000, -1.000000000000000000 ) ) ;
#212 = DIRECTION ( 'NONE',  ( -1.000000000000000000, 0.000000000000000000, 0.000000000000000000 ) ) ;
#213 = DIRECTION ( 'NONE',  ( -0.000000000000000000, -1.000000000000000000, 0.000000000000000000 ) ) ;
#214 = ORIENTED_EDGE ( 'NONE', *, *, #817, .F. ) ;
#215 = CARTESIAN_POINT ( 'NONE',  ( -16.03585593232135409, 0.000000000000000000, -6.000000000000000000 ) ) ;
#216 = EDGE_CURVE ( 'NONE', #1459, #579, #1420, .T. ) ;
#217 = ORIENTED_EDGE ( 'NONE', *, *, #113, .F. ) ;
#218 = FACE_BOUND ( 'NONE', #479, .T. ) ;
#219 = CARTESIAN_POINT ( 'NONE',  ( 13.85640646055101399, 8.000000000000000000, 10.49999999999999822 ) ) ;
#220 = LINE ( 'NONE', #233, #478 ) ;
#221 = CARTESIAN_POINT ( 'NONE',  ( 20.65450981630658234, 6.421689818457756438, 1.361164461620161692 ) ) ;
#222 = DIRECTION ( 'NONE',  ( 0.5000000000000013323, 0.000000000000000000, 0.8660254037844380415 ) ) ;
#223 = CARTESIAN_POINT ( 'NONE',  ( 9.675277914599559992, 0.000000000000000000, -13.24192707456450790 ) ) ;
#224 = ORIENTED_EDGE ( 'NONE', *, *, #1146, .T. ) ;
#225 = CARTESIAN_POINT ( 'NONE',  ( -9.675277914599558216, 8.000000000000000000, 13.24192707456450790 ) ) ;
#226 = AXIS2_PLACEMENT_3D ( 'NONE', #219, #600, #211 ) ;
#227 = AXIS2_PLACEMENT_3D ( 'NONE', #751, #1400, #64 ) ;
#228 = CARTESIAN_POINT ( 'NONE',  ( -17.32050807568877460, 0.000000000000000000, -3.154177549934253528E-15 ) ) ;
#229 = EDGE_CURVE ( 'NONE', #1266, #1191, #183, .T. ) ;
#230 = CIRCLE ( 'NONE', #596, 1.499999999999997780 ) ;
#231 = AXIS2_PLACEMENT_3D ( 'NONE', #184, #1017, #1413 ) ;
#232 = ADVANCED_FACE ( 'NONE', ( #588 ), #1539, .T. ) ;
#233 = CARTESIAN_POINT ( 'NONE',  ( 21.31928635258228866, 5.000000000000000000, -20.57664490702527260 ) ) ;
#234 = VERTEX_POINT ( 'NONE', #601 ) ;
#235 = CARTESIAN_POINT ( 'NONE',  ( -17.32050807568877460, 10.00000000000000000, 3.599999999999996536 ) ) ;
#236 = EDGE_LOOP ( 'NONE', ( #1595, #1541, #1433, #551 ) ) ;
#237 = EDGE_CURVE ( 'NONE', #1288, #1065, #1141, .T. ) ;
#238 = CARTESIAN_POINT ( 'NONE',  ( -20.71970758113926081, 3.654191093673250901, 1.189125895315692683 ) ) ;
#239 =( NAMED_UNIT ( * ) PLANE_ANGLE_UNIT ( ) SI_UNIT ( $, .RADIAN. ) );
#240 = ORIENTED_EDGE ( 'NONE', *, *, #1647, .F. ) ;
#241 = EDGE_CURVE ( 'NONE', #1564, #1640, #617, .T. ) ;
#242 = CARTESIAN_POINT ( 'NONE',  ( -13.85640646055101399, 8.000000000000000000, -10.49999999999999822 ) ) ;
#243 = ORIENTED_EDGE ( 'NONE', *, *, #783, .F. ) ;
#244 = CARTESIAN_POINT ( 'NONE',  ( 13.85640646055101399, 8.000000000000000000, -10.49999999999999822 ) ) ;
#245 = EDGE_LOOP ( 'NONE', ( #144, #198 ) ) ;
#246 = FACE_BOUND ( 'NONE', #747, .T. ) ;
#247 = ADVANCED_FACE ( 'NONE', ( #980 ), #304, .T. ) ;
#248 = ORIENTED_EDGE ( 'NONE', *, *, #947, .T. ) ;
#249 = CARTESIAN_POINT ( 'NONE',  ( 20.89932834202831202, 5.392012097929341330, 0.3905093269660492861 ) ) ;
#250 = VERTEX_POINT ( 'NONE', #1718 ) ;
#251 = CARTESIAN_POINT ( 'NONE',  ( 16.03585593232135409, 0.000000000000000000, 6.000000000000000000 ) ) ;
#252 = ORIENTED_EDGE ( 'NONE', *, *, #156, .T. ) ;
#253 = CARTESIAN_POINT ( 'NONE',  ( -20.38817542960292428, 3.500053206278885387, 1.886599943739788676 ) ) ;
#254 = AXIS2_PLACEMENT_3D ( 'NONE', #423, #283, #141 ) ;
#255 = CARTESIAN_POINT ( 'NONE',  ( -13.85640646055101399, 8.000000000000000000, -10.49999999999999822 ) ) ;
#256 = VECTOR ( 'NONE', #1552, 1000.000000000000000 ) ;
#257 = CIRCLE ( 'NONE', #1326, 1.499999999999997780 ) ;
#258 = VECTOR ( 'NONE', #1012, 1000.000000000000000 ) ;
#259 = ORIENTED_EDGE ( 'NONE', *, *, #1628, .T. ) ;
#260 = CARTESIAN_POINT ( 'NONE',  ( -17.32050807568877460, 10.00000000000000000, -3.600000000000002309 ) ) ;
#261 = EDGE_CURVE ( 'NONE', #1065, #726, #546, .T. ) ;
#262 = EDGE_LOOP ( 'NONE', ( #883, #1735 ) ) ;
#263 = CARTESIAN_POINT ( 'NONE',  ( -20.65406714432801749, 3.577788924325443265, 1.362336819093671325 ) ) ;
#264 = CARTESIAN_POINT ( 'NONE',  ( -13.85640646055101399, 0.000000000000000000, -10.49999999999999822 ) ) ;
#265 = ORIENTED_EDGE ( 'NONE', *, *, #113, .T. ) ;
#266 = DIRECTION ( 'NONE',  ( 0.000000000000000000, 0.000000000000000000, -1.000000000000000000 ) ) ;
#267 = CARTESIAN_POINT ( 'NONE',  ( 20.16702146367121884, 3.577893188374111411, 2.205849433442743646 ) ) ;
#268 = DIRECTION ( 'NONE',  ( -0.000000000000000000, -1.000000000000000000, -0.000000000000000000 ) ) ;
#269 = ORIENTED_EDGE ( 'NONE', *, *, #1000, .T. ) ;
#270 = CARTESIAN_POINT ( 'NONE',  ( -19.41365967572275153, 4.801211768554630943, 2.929021750087430487 ) ) ;
#271 = ORIENTED_EDGE ( 'NONE', *, *, #495, .F. ) ;
#272 = DIRECTION ( 'NONE',  ( -0.000000000000000000, -1.000000000000000000, -0.000000000000000000 ) ) ;
#273 = CARTESIAN_POINT ( 'NONE',  ( -20.78460969082652099, 0.000000000000000000, -6.000000000000000000 ) ) ;
#274 = CYLINDRICAL_SURFACE ( 'NONE', #1302, 1.499999999999997780 ) ;
#275 = VERTEX_POINT ( 'NONE', #1299 ) ;
#276 = DIRECTION ( 'NONE',  ( 0.000000000000000000, -0.000000000000000000, -1.000000000000000000 ) ) ;
#277 = APPROVAL_ROLE ( '' ) ;
#278 = VERTEX_POINT ( 'NONE', #894 ) ;
#279 = LINE ( 'NONE', #1584, #139 ) ;
#280 = EDGE_CURVE ( 'NONE', #1173, #234, #501, .T. ) ;
#281 = VECTOR ( 'NONE', #315, 1000.000000000000000 ) ;
#282 = VECTOR ( 'NONE', #350, 1000.000000000000000 ) ;
#283 = DIRECTION ( 'NONE',  ( -0.8660254037844408170, 0.000000000000000000, -0.4999999999999963363 ) ) ;
#284 = DIRECTION ( 'NONE',  ( 1.000000000000000000, 0.000000000000000000, -0.000000000000000000 ) ) ;
#285 = CIRCLE ( 'NONE', #1610, 5.000000000000000888 ) ;
#286 = ORIENTED_EDGE ( 'NONE', *, *, #857, .F. ) ;
#287 = CARTESIAN_POINT ( 'NONE',  ( 0.000000000000000000, 8.000000000000000000, 0.000000000000000000 ) ) ;
#288 = ORIENTED_EDGE ( 'NONE', *, *, #319, .T. ) ;
#289 = CARTESIAN_POINT ( 'NONE',  ( -20.81400660690926330, 6.129860306824184590, 0.8721694854078390069 ) ) ;
#290 = CC_DESIGN_PERSON_AND_ORGANIZATION_ASSIGNMENT ( #812, #561, ( #307 ) ) ;
#291 = CARTESIAN_POINT ( 'NONE',  ( 19.87793432527674042, 3.808747950587230147, 2.535040290651786599 ) ) ;
#292 = CARTESIAN_POINT ( 'NONE',  ( -16.03585593232135409, 0.000000000000000000, 6.000000000000000000 ) ) ;
#293 = ORIENTED_EDGE ( 'NONE', *, *, #1042, .F. ) ;
#294 = CARTESIAN_POINT ( 'NONE',  ( 20.78460969082653520, 10.00000000000000000, -6.000000000000003553 ) ) ;
#295 = VERTEX_POINT ( 'NONE', #759 ) ;
#296 = CARTESIAN_POINT ( 'NONE',  ( 22.51666049839539241, 5.000000000000000000, 3.000000000000002665 ) ) ;
#297 = DIRECTION ( 'NONE',  ( -0.000000000000000000, -1.000000000000000000, -0.000000000000000000 ) ) ;
#298 = DIRECTION ( 'NONE',  ( 0.000000000000000000, -0.000000000000000000, 1.000000000000000000 ) ) ;
#299 = ORIENTED_EDGE ( 'NONE', *, *, #1000, .F. ) ;
#300 = CARTESIAN_POINT ( 'NONE',  ( 17.32050807568878170, 8.000000000000000000, 0.000000000000000000 ) ) ;
#301 = EDGE_CURVE ( 'NONE', #278, #1228, #137, .T. ) ;
#302 = ORIENTED_EDGE ( 'NONE', *, *, #1201, .F. ) ;
#303 = CARTESIAN_POINT ( 'NONE',  ( -20.90369421231140379, 5.198914972245480826, 0.3481900841792843204 ) ) ;
#304 = CYLINDRICAL_SURFACE ( 'NONE', #1212, 5.000000000000000000 ) ;
#305 = AXIS2_PLACEMENT_3D ( 'NONE', #1133, #72, #193 ) ;
#306 = FACE_BOUND ( 'NONE', #403, .T. ) ;
#307 = PRODUCT_DEFINITION_FORMATION_WITH_SPECIFIED_SOURCE ( 'ANY', '', #134, .NOT_KNOWN. ) ;
#308 = AXIS2_PLACEMENT_3D ( 'NONE', #1022, #1406, #358 ) ;
#309 = EDGE_CURVE ( 'NONE', #1515, #1349, #1309, .T. ) ;
#310 = VERTEX_POINT ( 'NONE', #629 ) ;
#311 = FACE_OUTER_BOUND ( 'NONE', #1694, .T. ) ;
#312 = VECTOR ( 'NONE', #1446, 1000.000000000000000 ) ;
#313 = EDGE_LOOP ( 'NONE', ( #676, #214, #969, #624 ) ) ;
#314 = CARTESIAN_POINT ( 'NONE',  ( -20.05098892689104417, 6.346545506443152185, 2.347949500105487530 ) ) ;
#315 = DIRECTION ( 'NONE',  ( 0.5000000000000006661, 0.000000000000000000, -0.8660254037844382635 ) ) ;
#316 = CARTESIAN_POINT ( 'NONE',  ( 17.32050807568878170, 10.00000000000000000, 3.599999999999997868 ) ) ;
#317 = ORIENTED_EDGE ( 'NONE', *, *, #187, .T. ) ;
#318 = DIRECTION ( 'NONE',  ( -0.000000000000000000, -1.000000000000000000, -0.000000000000000000 ) ) ;
#319 = EDGE_CURVE ( 'NONE', #645, #250, #279, .T. ) ;
#320 = ORIENTED_EDGE ( 'NONE', *, *, #1485, .T. ) ;
#321 = FACE_OUTER_BOUND ( 'NONE', #1255, .T. ) ;
#322 = LINE ( 'NONE', #191, #1558 ) ;
#323 = EDGE_CURVE ( 'NONE', #786, #1450, #1323, .T. ) ;
#324 = CARTESIAN_POINT ( 'NONE',  ( 20.78460969082653520, 8.000000000000000000, -6.000000000000003553 ) ) ;
#325 = FACE_OUTER_BOUND ( 'NONE', #1047, .T. ) ;
#326 = ORIENTED_EDGE ( 'NONE', *, *, #787, .F. ) ;
#327 = DIRECTION ( 'NONE',  ( -0.8660254037844382635, 0.000000000000000000, 0.5000000000000006661 ) ) ;
#328 = EDGE_CURVE ( 'NONE', #993, #1312, #620, .T. ) ;
#329 = ORIENTED_EDGE ( 'NONE', *, *, #1118, .F. ) ;
#330 = DIRECTION ( 'NONE',  ( -0.000000000000000000, -1.000000000000000000, -0.000000000000000000 ) ) ;
#331 = DIRECTION ( 'NONE',  ( -0.000000000000000000, -1.000000000000000000, -0.000000000000000000 ) ) ;
#332 = EDGE_CURVE ( 'NONE', #1515, #1589, #493, .T. ) ;
#333 = DIRECTION ( 'NONE',  ( 0.8660254037844383745, 0.000000000000000000, 0.5000000000000004441 ) ) ;
#334 = CARTESIAN_POINT ( 'NONE',  ( 13.85640646055101399, 8.000000000000000000, 10.49999999999999822 ) ) ;
#335 = VECTOR ( 'NONE', #723, 1000.000000000000000 ) ;
#336 = ORIENTED_EDGE ( 'NONE', *, *, #1136, .T. ) ;
#337 = LINE ( 'NONE', #490, #625 ) ;
#338 = AXIS2_PLACEMENT_3D ( 'NONE', #38, #970, #864 ) ;
#339 = EDGE_LOOP ( 'NONE', ( #1316, #1235, #496, #1743 ) ) ;
#340 = VECTOR ( 'NONE', #476, 1000.000000000000000 ) ;
#341 = CARTESIAN_POINT ( 'NONE',  ( 13.85640646055101399, 8.000000000000000000, -10.49999999999999822 ) ) ;
#342 = CARTESIAN_POINT ( 'NONE',  ( 20.78460969082652099, 0.000000000000000000, 6.000000000000000000 ) ) ;
#343 = EDGE_CURVE ( 'NONE', #779, #1333, #220, .T. ) ;
#344 = CARTESIAN_POINT ( 'NONE',  ( -8.660254037844381969, 0.000000000000000000, 14.99999999999999467 ) ) ;
#345 = CARTESIAN_POINT ( 'NONE',  ( 0.000000000000000000, 8.000000000000000000, 0.000000000000000000 ) ) ;
#346 = EDGE_CURVE ( 'NONE', #1233, #1065, #1158, .T. ) ;
#347 = EDGE_LOOP ( 'NONE', ( #444, #37, #11, #1099 ) ) ;
#348 = CARTESIAN_POINT ( 'NONE',  ( 13.85640646055101399, 8.000000000000000000, -10.49999999999999822 ) ) ;
#349 = VERTEX_POINT ( 'NONE', #1075 ) ;
#350 = DIRECTION ( 'NONE',  ( -0.000000000000000000, -1.000000000000000000, -0.000000000000000000 ) ) ;
#351 = CARTESIAN_POINT ( 'NONE',  ( -8.660254037844383745, 0.000000000000000000, -15.00000000000000000 ) ) ;
#352 = B_SPLINE_CURVE_WITH_KNOTS ( 'NONE', 3,
 ( #563, #28, #303, #1502, #155, #45, #1536, #289, #573, #1246, #51, #1391, #846, #1236, #1654, #437, #1091, #314, #979, #1516, #181, #1372, #1383, #1256, #445, #1262 ),
 .UNSPECIFIED., .F., .F.,
 ( 4, 2, 2, 2, 2, 2, 2, 2, 2, 2, 2, 2, 4 ),
 ( 0.004744155909255661982, 0.005040429008368332853, 0.005336702107481003723, 0.005929248305706342863, 0.006225521404819013734, 0.006521794503931683737, 0.006818067603044354608, 0.007114340702157025478, 0.007706886900382365485, 0.008003159999495038091, 0.008299433098607712431, 0.008891979296833059376, 0.009484525495058404587 ),
 .UNSPECIFIED. ) ;
#353 = DIRECTION ( 'NONE',  ( 0.5000000000000013323, 0.000000000000000000, -0.8660254037844380415 ) ) ;
#354 = DIRECTION ( 'NONE',  ( 0.000000000000000000, 0.000000000000000000, 1.000000000000000000 ) ) ;
#355 = VERTEX_POINT ( 'NONE', #1356 ) ;
#356 = DIRECTION ( 'NONE',  ( -0.000000000000000000, -1.000000000000000000, 0.000000000000000000 ) ) ;
#357 = ORIENTED_EDGE ( 'NONE', *, *, #1095, .T. ) ;
#358 = DIRECTION ( 'NONE',  ( 0.000000000000000000, -0.000000000000000000, 1.000000000000000000 ) ) ;
#359 = DIRECTION ( 'NONE',  ( 0.000000000000000000, 0.000000000000000000, -1.000000000000000000 ) ) ;
#360 = FACE_OUTER_BOUND ( 'NONE', #951, .T. ) ;
#361 = DIRECTION ( 'NONE',  ( 0.000000000000000000, -1.000000000000000000, 0.000000000000000000 ) ) ;
#362 = ORIENTED_EDGE ( 'NONE', *, *, #725, .F. ) ;
#363 = CARTESIAN_POINT ( 'NONE',  ( 1.362419564051430298E-15, 8.000000000000000000, 11.12500000000000000 ) ) ;
#364 = ORIENTED_EDGE ( 'NONE', *, *, #309, .T. ) ;
#365 = ADVANCED_FACE ( 'NONE', ( #1567 ), #1024, .F. ) ;
#366 = DIRECTION ( 'NONE',  ( 0.000000000000000000, 0.000000000000000000, 1.000000000000000000 ) ) ;
#367 = AXIS2_PLACEMENT_3D ( 'NONE', #1745, #778, #126 ) ;
#368 = AXIS2_PLACEMENT_3D ( 'NONE', #1449, #272, #266 ) ;
#369 = CC_DESIGN_SECURITY_CLASSIFICATION ( #934, ( #307 ) ) ;
#370 = CARTESIAN_POINT ( 'NONE',  ( -20.56928635258229932, 5.000000000000000000, -21.87568301270190574 ) ) ;
#371 = VERTEX_POINT ( 'NONE', #412 ) ;
#372 = VECTOR ( 'NONE', #1112, 1000.000000000000000 ) ;
#373 = DIRECTION ( 'NONE',  ( -0.000000000000000000, -1.000000000000000000, -0.000000000000000000 ) ) ;
#374 = DIRECTION ( 'NONE',  ( 0.000000000000000000, 0.000000000000000000, -1.000000000000000000 ) ) ;
#375 = ORIENTED_EDGE ( 'NONE', *, *, #1399, .F. ) ;
#376 = CARTESIAN_POINT ( 'NONE',  ( 8.660254037844399733, 8.000000000000000000, 14.99999999999999289 ) ) ;
#377 = EDGE_CURVE ( 'NONE', #310, #1332, #915, .T. ) ;
#378 = ORIENTED_EDGE ( 'NONE', *, *, #1669, .F. ) ;
#379 = DIRECTION ( 'NONE',  ( 0.8660254037844368202, 0.000000000000000000, -0.5000000000000031086 ) ) ;
#380 = CARTESIAN_POINT ( 'NONE',  ( 23.26666049839538530, 5.000000000000000000, 1.700961894323341994 ) ) ;
#381 = DIRECTION ( 'NONE',  ( 0.000000000000000000, 0.000000000000000000, 1.000000000000000000 ) ) ;
#382 = ORIENTED_EDGE ( 'NONE', *, *, #427, .F. ) ;
#383 = CARTESIAN_POINT ( 'NONE',  ( -13.85640646055101399, 8.000000000000000000, 10.49999999999999822 ) ) ;
#384 = EDGE_LOOP ( 'NONE', ( #66, #832, #429, #1213 ) ) ;
#385 = CARTESIAN_POINT ( 'NONE',  ( -9.675277914599559992, 8.000000000000000000, 13.24192707456450790 ) ) ;
#386 = PERSON_AND_ORGANIZATION ( #556, #848 ) ;
#387 = EDGE_LOOP ( 'NONE', ( #531, #207, #240, #1183 ) ) ;
#388 = EDGE_CURVE ( 'NONE', #162, #27, #1408, .T. ) ;
#389 = DIRECTION ( 'NONE',  ( 0.000000000000000000, 1.000000000000000000, 0.000000000000000000 ) ) ;
#390 = VERTEX_POINT ( 'NONE', #1177 ) ;
#391 = CARTESIAN_POINT ( 'NONE',  ( 20.78460969082652099, 8.000000000000000000, 6.000000000000000000 ) ) ;
#392 = ORIENTED_EDGE ( 'NONE', *, *, #156, .F. ) ;
#393 = CARTESIAN_POINT ( 'NONE',  ( -13.85640646055101399, 8.000000000000000000, -11.99999999999999822 ) ) ;
#394 = VECTOR ( 'NONE', #602, 1000.000000000000000 ) ;
#395 = CIRCLE ( 'NONE', #1553, 5.000000000000000888 ) ;
#396 = VECTOR ( 'NONE', #1580, 1000.000000000000000 ) ;
#397 = AXIS2_PLACEMENT_3D ( 'NONE', #1204, #123, #1197 ) ;
#398 = AXIS2_PLACEMENT_3D ( 'NONE', #370, #635, #1604 ) ;
#399 = CARTESIAN_POINT ( 'NONE',  ( -13.85640646055101399, 0.000000000000000000, -11.99999999999999822 ) ) ;
#400 = CARTESIAN_POINT ( 'NONE',  ( -20.78460969082652099, 0.000000000000000000, 6.000000000000000000 ) ) ;
#401 = ORIENTED_EDGE ( 'NONE', *, *, #53, .F. ) ;
#402 = CARTESIAN_POINT ( 'NONE',  ( -19.47402203881019389, 4.512188807858960260, 2.885143935645357427 ) ) ;
#403 = EDGE_LOOP ( 'NONE', ( #1543, #68 ) ) ;
#404 = DIRECTION ( 'NONE',  ( 0.4999999999999985567, 0.000000000000000000, 0.8660254037844394848 ) ) ;
#405 = LINE ( 'NONE', #150, #1636 ) ;
#406 = DIRECTION ( 'NONE',  ( 0.000000000000000000, 0.000000000000000000, -1.000000000000000000 ) ) ;
#407 = VERTEX_POINT ( 'NONE', #1574 ) ;
#408 = DIRECTION ( 'NONE',  ( 0.000000000000000000, 1.000000000000000000, 0.000000000000000000 ) ) ;
#409 = ADVANCED_FACE ( 'NONE', ( #360 ), #1481, .F. ) ;
#410 = PERSON_AND_ORGANIZATION ( #556, #848 ) ;
#411 = EDGE_LOOP ( 'NONE', ( #1689, #1186, #1355, #693, #8, #699 ) ) ;
#412 = CARTESIAN_POINT ( 'NONE',  ( 16.03585593232135409, 8.000000000000000000, 6.000000000000000000 ) ) ;
#413 = EDGE_CURVE ( 'NONE', #169, #1026, #813, .T. ) ;
#414 = CARTESIAN_POINT ( 'NONE',  ( -13.85640646055101399, 8.000000000000000000, 10.49999999999999822 ) ) ;
#415 = PLANE ( 'NONE',  #825 ) ;
#416 = EDGE_CURVE ( 'NONE', #613, #275, #953, .T. ) ;
#417 = ORIENTED_EDGE ( 'NONE', *, *, #1402, .F. ) ;
#418 = CARTESIAN_POINT ( 'NONE',  ( 24.24871130596428159, 0.000000000000000000, 7.088080128179162077E-17 ) ) ;
#419 = EDGE_LOOP ( 'NONE', ( #482, #728, #1602, #1252, #1512, #559, #259, #1596, #364, #1390, #1713, #1687, #1620, #1116 ) ) ;
#420 = LINE ( 'NONE', #961, #168 ) ;
#421 = VECTOR ( 'NONE', #79, 1000.000000000000000 ) ;
#422 = VECTOR ( 'NONE', #712, 1000.000000000000000 ) ;
#423 = CARTESIAN_POINT ( 'NONE',  ( 8.660254037844399733, 8.000000000000000000, 14.99999999999999289 ) ) ;
#424 = CARTESIAN_POINT ( 'NONE',  ( 20.78460969082652099, 0.000000000000000000, -6.000000000000000000 ) ) ;
#425 = CIRCLE ( 'NONE', #1729, 5.000000000000000888 ) ;
#426 = ORIENTED_EDGE ( 'NONE', *, *, #1092, .F. ) ;
#427 = EDGE_CURVE ( 'NONE', #1062, #1571, #855, .T. ) ;
#428 = DIRECTION ( 'NONE',  ( 0.000000000000000000, 1.000000000000000000, 0.000000000000000000 ) ) ;
#429 = ORIENTED_EDGE ( 'NONE', *, *, #1357, .F. ) ;
#430 = DIRECTION ( 'NONE',  ( 0.5000000000000004441, 0.000000000000000000, -0.8660254037844383745 ) ) ;
#431 = LINE ( 'NONE', #539, #1519 ) ;
#432 = CARTESIAN_POINT ( 'NONE',  ( 1.102182119232617714E-15, 10.00000000000000000, 9.000000000000000000 ) ) ;
#433 = EDGE_CURVE ( 'NONE', #685, #27, #721, .T. ) ;
#434 = ORIENTED_EDGE ( 'NONE', *, *, #741, .F. ) ;
#435 = DIRECTION ( 'NONE',  ( 0.000000000000000000, 0.000000000000000000, 1.000000000000000000 ) ) ;
#436 = ORIENTED_EDGE ( 'NONE', *, *, #1675, .F. ) ;
#437 = CARTESIAN_POINT ( 'NONE',  ( -20.33942865637939690, 6.500028431507431037, 1.971099863151158704 ) ) ;
#438 = EDGE_CURVE ( 'NONE', #16, #779, #352, .T. ) ;
#439 = DIRECTION ( 'NONE',  ( 0.4999999999999994449, 0.000000000000000000, -0.8660254037844389297 ) ) ;
#440 = DIRECTION ( 'NONE',  ( -1.000000000000000000, 0.000000000000000000, 3.755786496842894127E-16 ) ) ;
#441 = ORIENTED_EDGE ( 'NONE', *, *, #1140, .F. ) ;
#442 = PLANE ( 'NONE',  #1072 ) ;
#443 = PERSON_AND_ORGANIZATION_ROLE ( 'classification_officer' ) ;
#444 = ORIENTED_EDGE ( 'NONE', *, *, #21, .F. ) ;
#445 = CARTESIAN_POINT ( 'NONE',  ( -19.40467461984243869, 5.200566363533191350, 2.935344922872020756 ) ) ;
#446 = DIRECTION ( 'NONE',  ( -0.000000000000000000, -1.000000000000000000, -0.000000000000000000 ) ) ;
#447 = AXIS2_PLACEMENT_3D ( 'NONE', #1473, #1307, #1207 ) ;
#448 = AXIS2_PLACEMENT_3D ( 'NONE', #414, #29, #1358 ) ;
#449 = LINE ( 'NONE', #717, #1529 ) ;
#450 = AXIS2_PLACEMENT_3D ( 'NONE', #1572, #330, #884 ) ;
#451 = ORIENTED_EDGE ( 'NONE', *, *, #127, .T. ) ;
#452 = CARTESIAN_POINT ( 'NONE',  ( 13.85640646055101399, 8.000000000000000000, 10.49999999999999822 ) ) ;
#453 = AXIS2_PLACEMENT_3D ( 'NONE', #196, #1688, #1294 ) ;
#454 = AXIS2_PLACEMENT_3D ( 'NONE', #464, #997, #473 ) ;
#455 = ORIENTED_EDGE ( 'NONE', *, *, #438, .F. ) ;
#456 = DIRECTION ( 'NONE',  ( 0.000000000000000000, 1.000000000000000000, 0.000000000000000000 ) ) ;
#457 = CYLINDRICAL_SURFACE ( 'NONE', #454, 1.499999999999999778 ) ;
#458 = DIRECTION ( 'NONE',  ( -0.000000000000000000, -1.000000000000000000, -0.000000000000000000 ) ) ;
#459 = DIRECTION ( 'NONE',  ( 0.000000000000000000, 1.000000000000000000, 0.000000000000000000 ) ) ;
#460 = ORIENTED_EDGE ( 'NONE', *, *, #332, .F. ) ;
#461 = FACE_BOUND ( 'NONE', #1196, .T. ) ;
#462 = ORIENTED_EDGE ( 'NONE', *, *, #433, .T. ) ;
#463 = LINE ( 'NONE', #599, #59 ) ;
#464 = CARTESIAN_POINT ( 'NONE',  ( 20.56928635258228866, 5.000000000000000000, -21.87568301270193061 ) ) ;
#465 = ADVANCED_FACE ( 'NONE', ( #321, #175 ), #696, .F. ) ;
#466 = LINE ( 'NONE', #1149, #987 ) ;
#467 = FACE_BOUND ( 'NONE', #852, .T. ) ;
#468 = VERTEX_POINT ( 'NONE', #1646 ) ;
#469 = DIRECTION ( 'NONE',  ( 0.000000000000000000, 0.000000000000000000, -1.000000000000000000 ) ) ;
#470 = EDGE_CURVE ( 'NONE', #572, #1681, #564, .T. ) ;
#471 = ORIENTED_EDGE ( 'NONE', *, *, #1409, .F. ) ;
#472 = DIRECTION ( 'NONE',  ( 0.8660254037844383745, -0.000000000000000000, 0.5000000000000004441 ) ) ;
#473 = DIRECTION ( 'NONE',  ( 0.5000000000000005551, 0.000000000000000000, 0.8660254037844383745 ) ) ;
#474 = CC_DESIGN_DATE_AND_TIME_ASSIGNMENT ( #1489, #675, ( #1599 ) ) ;
#475 = CYLINDRICAL_SURFACE ( 'NONE', #1639, 1.499999999999997780 ) ;
#476 = DIRECTION ( 'NONE',  ( -0.000000000000000000, -1.000000000000000000, -0.000000000000000000 ) ) ;
#477 = AXIS2_PLACEMENT_3D ( 'NONE', #683, #1492, #567 ) ;
#478 = VECTOR ( 'NONE', #1624, 1000.000000000000000 ) ;
#479 = EDGE_LOOP ( 'NONE', ( #1335, #378 ) ) ;
#480 = DIRECTION ( 'NONE',  ( 0.000000000000000000, 0.000000000000000000, 1.000000000000000000 ) ) ;
#481 = VECTOR ( 'NONE', #518, 1000.000000000000000 ) ;
#482 = ORIENTED_EDGE ( 'NONE', *, *, #1664, .T. ) ;
#483 = CIRCLE ( 'NONE', #88, 1.499999999999997780 ) ;
#484 = DIRECTION ( 'NONE',  ( 0.000000000000000000, 0.000000000000000000, -1.000000000000000000 ) ) ;
#485 = VECTOR ( 'NONE', #874, 1000.000000000000114 ) ;
#486 = CARTESIAN_POINT ( 'NONE',  ( 20.78460969082654231, 10.00000000000000000, 6.000000000000000000 ) ) ;
#487 = CARTESIAN_POINT ( 'NONE',  ( -8.660254037844383745, 8.000000000000000000, -15.00000000000000000 ) ) ;
#488 = FACE_BOUND ( 'NONE', #262, .T. ) ;
#489 = VERTEX_POINT ( 'NONE', #689 ) ;
#490 = CARTESIAN_POINT ( 'NONE',  ( -9.675277914599559992, 0.000000000000000000, 13.24192707456450790 ) ) ;
#491 = EDGE_LOOP ( 'NONE', ( #1268, #1722 ) ) ;
#492 = FACE_OUTER_BOUND ( 'NONE', #1162, .T. ) ;
#493 = LINE ( 'NONE', #148, #1607 ) ;
#494 = DIRECTION ( 'NONE',  ( 0.5000000000000006661, 0.000000000000000000, 0.8660254037844382635 ) ) ;
#495 = EDGE_CURVE ( 'NONE', #75, #1062, #395, .T. ) ;
#496 = ORIENTED_EDGE ( 'NONE', *, *, #1561, .T. ) ;
#497 = ORIENTED_EDGE ( 'NONE', *, *, #1131, .F. ) ;
#498 = CARTESIAN_POINT ( 'NONE',  ( -13.85640646055101399, 8.000000000000000000, -10.49999999999999822 ) ) ;
#499 = CYLINDRICAL_SURFACE ( 'NONE', #398, 1.499999999999999778 ) ;
#500 = EDGE_CURVE ( 'NONE', #1640, #801, #580, .T. ) ;
#501 = LINE ( 'NONE', #1615, #705 ) ;
#502 = ADVANCED_FACE ( 'NONE', ( #996 ), #833, .F. ) ;
#503 = ORIENTED_EDGE ( 'NONE', *, *, #1680, .T. ) ;
#504 = PLANE ( 'NONE',  #1217 ) ;
#505 = VERTEX_POINT ( 'NONE', #1397 ) ;
#506 = CARTESIAN_POINT ( 'NONE',  ( -19.40467461984245645, 4.999999999999999112, 2.935344922872028306 ) ) ;
#507 = CC_DESIGN_APPROVAL ( #1232, ( #307 ) ) ;
#508 = VECTOR ( 'NONE', #1263, 1000.000000000000227 ) ;
#509 = ADVANCED_FACE ( 'NONE', ( #1229 ), #1508, .F. ) ;
#510 = DIRECTION ( 'NONE',  ( -0.000000000000000000, -1.000000000000000000, -0.000000000000000000 ) ) ;
#511 = AXIS2_PLACEMENT_3D ( 'NONE', #1472, #104, #1080 ) ;
#512 = VECTOR ( 'NONE', #82, 1000.000000000000341 ) ;
#513 = CARTESIAN_POINT ( 'NONE',  ( 13.85640646055102287, 10.00000000000000000, -6.000000000000003553 ) ) ;
#514 = EDGE_CURVE ( 'NONE', #1417, #1328, #420, .T. ) ;
#515 = PLANE ( 'NONE',  #533 ) ;
#516 = LINE ( 'NONE', #376, #708 ) ;
#517 = ORIENTED_EDGE ( 'NONE', *, *, #690, .T. ) ;
#518 = DIRECTION ( 'NONE',  ( -0.000000000000000000, -1.000000000000000000, -0.000000000000000000 ) ) ;
#519 = APPLICATION_PROTOCOL_DEFINITION ( 'international standard', 'config_control_design', 1994, #1482 ) ;
#520 = ADVANCED_FACE ( 'NONE', ( #1100, #69 ), #626, .F. ) ;
#521 = ORIENTED_EDGE ( 'NONE', *, *, #202, .T. ) ;
#522 = CARTESIAN_POINT ( 'NONE',  ( 20.79828609955056251, 6.197379918499919427, 0.9410244272319152614 ) ) ;
#523 = EDGE_LOOP ( 'NONE', ( #1360, #941, #1665, #529 ) ) ;
#524 = CARTESIAN_POINT ( 'NONE',  ( 0.000000000000000000, 8.000000000000000000, 0.000000000000000000 ) ) ;
#525 = ORIENTED_EDGE ( 'NONE', *, *, #992, .T. ) ;
#526 = LINE ( 'NONE', #532, #481 ) ;
#527 = DIRECTION ( 'NONE',  ( -0.000000000000000000, -1.000000000000000000, 0.000000000000000000 ) ) ;
#528 = EDGE_LOOP ( 'NONE', ( #703, #1052 ) ) ;
#529 = ORIENTED_EDGE ( 'NONE', *, *, #15, .T. ) ;
#530 = DIRECTION ( 'NONE',  ( -0.000000000000000000, -1.000000000000000000, -0.000000000000000000 ) ) ;
#531 = ORIENTED_EDGE ( 'NONE', *, *, #261, .F. ) ;
#532 = CARTESIAN_POINT ( 'NONE',  ( -17.32050807568877460, 8.000000000000000000, -3.600000000000002309 ) ) ;
#533 = AXIS2_PLACEMENT_3D ( 'NONE', #1054, #896, #222 ) ;
#534 = AXIS2_PLACEMENT_3D ( 'NONE', #814, #1503, #557 ) ;
#535 = CARTESIAN_POINT ( 'NONE',  ( -20.78460969082652099, 0.000000000000000000, 6.000000000000000000 ) ) ;
#536 = AXIS2_PLACEMENT_3D ( 'NONE', #20, #555, #1634 ) ;
#537 = VECTOR ( 'NONE', #530, 1000.000000000000000 ) ;
#538 = AXIS2_PLACEMENT_3D ( 'NONE', #345, #459, #887 ) ;
#539 = CARTESIAN_POINT ( 'NONE',  ( -20.78460969082652099, 0.000000000000000000, -6.000000000000000000 ) ) ;
#540 = FACE_OUTER_BOUND ( 'NONE', #1562, .T. ) ;
#541 = ORIENTED_EDGE ( 'NONE', *, *, #241, .F. ) ;
#542 = ADVANCED_FACE ( 'NONE', ( #729 ), #1697, .F. ) ;
#543 = CARTESIAN_POINT ( 'NONE',  ( -19.99302900115074166, 3.691276352762504764, 2.418879305597654295 ) ) ;
#544 = APPROVAL_DATE_TIME ( #1514, #1232 ) ;
#545 = ORIENTED_EDGE ( 'NONE', *, *, #857, .T. ) ;
#546 = LINE ( 'NONE', #535, #1157 ) ;
#547 = EDGE_CURVE ( 'NONE', #577, #162, #1174, .T. ) ;
#548 = CARTESIAN_POINT ( 'NONE',  ( 19.40467461984244224, 5.000000000000000000, 2.935344922872022977 ) ) ;
#549 = CARTESIAN_POINT ( 'NONE',  ( -20.78460969082652099, 8.000000000000000000, 6.000000000000000000 ) ) ;
#550 = EDGE_CURVE ( 'NONE', #24, #75, #1306, .T. ) ;
#551 = ORIENTED_EDGE ( 'NONE', *, *, #681, .F. ) ;
#552 = DIRECTION ( 'NONE',  ( 0.000000000000000000, 0.000000000000000000, -1.000000000000000000 ) ) ;
#553 = DATE_TIME_ROLE ( 'classification_date' ) ;
#554 = ORIENTED_EDGE ( 'NONE', *, *, #783, .T. ) ;
#555 = DIRECTION ( 'NONE',  ( -0.8660254037844380415, -0.000000000000000000, 0.5000000000000009992 ) ) ;
#556 = PERSON ( 'UNSPECIFIED', 'UNSPECIFIED', 'UNSPECIFIED', ('UNSPECIFIED'), ('UNSPECIFIED'), ('UNSPECIFIED') ) ;
#557 = DIRECTION ( 'NONE',  ( 0.000000000000000000, 0.000000000000000000, 1.000000000000000000 ) ) ;
#558 = DIRECTION ( 'NONE',  ( 0.000000000000000000, 0.000000000000000000, 1.000000000000000000 ) ) ;
#559 = ORIENTED_EDGE ( 'NONE', *, *, #1035, .T. ) ;
#560 = CYLINDRICAL_SURFACE ( 'NONE', #1642, 3.599999999999997868 ) ;
#561 = PERSON_AND_ORGANIZATION_ROLE ( 'creator' ) ;
#562 = EDGE_LOOP ( 'NONE', ( #583, #436 ) ) ;
#563 = CARTESIAN_POINT ( 'NONE',  ( -20.90467461984244935, 5.000000000000000000, 0.3372687115187147366 ) ) ;
#564 = CIRCLE ( 'NONE', #166, 1.500000000000000000 ) ;
#565 = AXIS2_PLACEMENT_3D ( 'NONE', #643, #804, #1597 ) ;
#566 = VECTOR ( 'NONE', #1251, 1000.000000000000000 ) ;
#567 = DIRECTION ( 'NONE',  ( 0.5000000000000009992, 0.000000000000000000, 0.8660254037844380415 ) ) ;
#568 = VECTOR ( 'NONE', #1683, 1000.000000000000114 ) ;
#569 = VERTEX_POINT ( 'NONE', #1011 ) ;
#570 = FACE_BOUND ( 'NONE', #948, .T. ) ;
#571 = COORDINATED_UNIVERSAL_TIME_OFFSET ( 7, 0, .BEHIND. ) ;
#572 = VERTEX_POINT ( 'NONE', #60 ) ;
#573 = CARTESIAN_POINT ( 'NONE',  ( -20.79463049180428769, 6.191252049412768521, 0.9472759551224668728 ) ) ;
#574 = ADVANCED_FACE ( 'NONE', ( #492 ), #1166, .T. ) ;
#575 = CARTESIAN_POINT ( 'NONE',  ( 20.86225766521167913, 4.077282717420268376, 0.6608750370576319533 ) ) ;
#576 = CARTESIAN_POINT ( 'NONE',  ( 8.660254037844381969, 10.00000000000000000, 15.00000000000001243 ) ) ;
#577 = VERTEX_POINT ( 'NONE', #1565 ) ;
#578 = FACE_OUTER_BOUND ( 'NONE', #1532, .T. ) ;
#579 = VERTEX_POINT ( 'NONE', #614 ) ;
#580 = LINE ( 'NONE', #1117, #1068 ) ;
#581 = DIRECTION ( 'NONE',  ( -1.000000000000000000, 0.000000000000000000, 0.000000000000000000 ) ) ;
#582 = DIRECTION ( 'NONE',  ( 0.000000000000000000, 0.000000000000000000, 1.000000000000000000 ) ) ;
#583 = ORIENTED_EDGE ( 'NONE', *, *, #1095, .F. ) ;
#584 = DIRECTION ( 'NONE',  ( 0.000000000000000000, 0.000000000000000000, -1.000000000000000000 ) ) ;
#585 = ORIENTED_EDGE ( 'NONE', *, *, #1327, .F. ) ;
#586 = DIRECTION ( 'NONE',  ( -0.000000000000000000, 1.000000000000000000, 0.000000000000000000 ) ) ;
#587 = DIRECTION ( 'NONE',  ( 1.000000000000000000, 0.000000000000000000, -0.000000000000000000 ) ) ;
#588 = FACE_OUTER_BOUND ( 'NONE', #92, .T. ) ;
#589 = AXIS2_PLACEMENT_3D ( 'NONE', #638, #800, #494 ) ;
#590 = CIRCLE ( 'NONE', #1583, 5.000000000000000000 ) ;
#591 = DIRECTION ( 'NONE',  ( 1.000000000000000000, 0.000000000000000000, 0.000000000000000000 ) ) ;
#592 = AXIS2_PLACEMENT_3D ( 'NONE', #287, #1497, #818 ) ;
#593 = ADVANCED_FACE ( 'NONE', ( #84 ), #748, .T. ) ;
#594 = ORIENTED_EDGE ( 'NONE', *, *, #261, .T. ) ;
#595 = DIRECTION ( 'NONE',  ( -0.000000000000000000, -1.000000000000000000, -0.000000000000000000 ) ) ;
#596 = AXIS2_PLACEMENT_3D ( 'NONE', #55, #213, #1677 ) ;
#597 = EDGE_CURVE ( 'NONE', #718, #118, #1324, .T. ) ;
#598 = ORIENTED_EDGE ( 'NONE', *, *, #1538, .T. ) ;
#599 = CARTESIAN_POINT ( 'NONE',  ( -21.31928635258229932, 5.000000000000000000, -20.57664490702524773 ) ) ;
#600 = DIRECTION ( 'NONE',  ( -0.000000000000000000, -1.000000000000000000, -0.000000000000000000 ) ) ;
#601 = CARTESIAN_POINT ( 'NONE',  ( -17.32050807568877460, 0.000000000000000000, 3.599999999999996536 ) ) ;
#602 = DIRECTION ( 'NONE',  ( -0.000000000000000000, -1.000000000000000000, -0.000000000000000000 ) ) ;
#603 = ORIENTED_EDGE ( 'NONE', *, *, #309, .F. ) ;
#604 = DIRECTION ( 'NONE',  ( -0.000000000000000000, -1.000000000000000000, -0.000000000000000000 ) ) ;
#605 = CC_DESIGN_PERSON_AND_ORGANIZATION_ASSIGNMENT ( #386, #1622, ( #134 ) ) ;
#606 = ORIENTED_EDGE ( 'NONE', *, *, #963, .F. ) ;
#607 = DIRECTION ( 'NONE',  ( 0.000000000000000000, 1.000000000000000000, -0.000000000000000000 ) ) ;
#608 = CARTESIAN_POINT ( 'NONE',  ( 19.44154772000139531, 5.397099195254430271, 2.909947956783120571 ) ) ;
#609 = DIRECTION ( 'NONE',  ( -0.000000000000000000, -1.000000000000000000, -0.000000000000000000 ) ) ;
#610 = DIRECTION ( 'NONE',  ( 1.000000000000000000, 0.000000000000000000, 0.000000000000000000 ) ) ;
#611 = ORIENTED_EDGE ( 'NONE', *, *, #787, .T. ) ;
#612 = CARTESIAN_POINT ( 'NONE',  ( 13.85640646055101399, 8.000000000000000000, -10.49999999999999822 ) ) ;
#613 = VERTEX_POINT ( 'NONE', #910 ) ;
#614 = CARTESIAN_POINT ( 'NONE',  ( 13.85640646055102287, 8.000000000000000000, -6.000000000000003553 ) ) ;
#615 = DIRECTION ( 'NONE',  ( -0.000000000000000000, -1.000000000000000000, 0.000000000000000000 ) ) ;
#616 = EDGE_CURVE ( 'NONE', #1240, #572, #463, .T. ) ;
#617 = LINE ( 'NONE', #1656, #1494 ) ;
#618 = DIRECTION ( 'NONE',  ( 0.000000000000000000, 0.000000000000000000, -1.000000000000000000 ) ) ;
#619 = CIRCLE ( 'NONE', #627, 5.000000000000000000 ) ;
#620 = CIRCLE ( 'NONE', #86, 1.499999999999997780 ) ;
#621 = ORIENTED_EDGE ( 'NONE', *, *, #127, .F. ) ;
#622 = LINE ( 'NONE', #754, #879 ) ;
#623 = VECTOR ( 'NONE', #700, 1000.000000000000227 ) ;
#624 = ORIENTED_EDGE ( 'NONE', *, *, #149, .T. ) ;
#625 = VECTOR ( 'NONE', #881, 1000.000000000000114 ) ;
#626 = PLANE ( 'NONE',  #679 ) ;
#627 = AXIS2_PLACEMENT_3D ( 'NONE', #264, #1315, #1462 ) ;
#628 = CARTESIAN_POINT ( 'NONE',  ( 19.82115432995383131, 6.128148623622617919, 2.590734631513841979 ) ) ;
#629 = CARTESIAN_POINT ( 'NONE',  ( -13.85640646055101222, 8.000000000000000000, 6.000000000000000000 ) ) ;
#630 = CARTESIAN_POINT ( 'NONE',  ( 20.53370394083938422, 6.490148316684615892, 1.626306051676880582 ) ) ;
#631 = ORIENTED_EDGE ( 'NONE', *, *, #956, .F. ) ;
#632 = CARTESIAN_POINT ( 'NONE',  ( 24.24871130596428159, 0.000000000000000000, 7.088080128179162077E-17 ) ) ;
#633 = ORIENTED_EDGE ( 'NONE', *, *, #343, .F. ) ;
#634 = CARTESIAN_POINT ( 'NONE',  ( -13.85640646055101399, 8.000000000000000000, -9.000000000000001776 ) ) ;
#635 = DIRECTION ( 'NONE',  ( 0.8660254037844383745, -0.000000000000000000, 0.5000000000000004441 ) ) ;
#636 = EDGE_CURVE ( 'NONE', #1332, #651, #1289, .T. ) ;
#637 = CARTESIAN_POINT ( 'NONE',  ( -13.85640646055101222, 8.000000000000000000, 6.000000000000000000 ) ) ;
#638 = CARTESIAN_POINT ( 'NONE',  ( 24.24871130596428159, 8.000000000000000000, 7.088080128179162077E-17 ) ) ;
#639 = ADVANCED_FACE ( 'NONE', ( #1138, #189, #218, #873 ), #1716, .T. ) ;
#640 = ORIENTED_EDGE ( 'NONE', *, *, #547, .F. ) ;
#641 = LINE ( 'NONE', #1034, #537 ) ;
#642 = VERTEX_POINT ( 'NONE', #1418 ) ;
#643 = CARTESIAN_POINT ( 'NONE',  ( 17.32050807568878170, 0.000000000000000000, 0.000000000000000000 ) ) ;
#644 = CARTESIAN_POINT ( 'NONE',  ( -13.85640646055101399, 0.000000000000000000, 10.49999999999999822 ) ) ;
#645 = VERTEX_POINT ( 'NONE', #757 ) ;
#646 = EDGE_CURVE ( 'NONE', #295, #1681, #1296, .T. ) ;
#647 = FACE_OUTER_BOUND ( 'NONE', #908, .T. ) ;
#648 = EDGE_LOOP ( 'NONE', ( #1739, #880, #1083, #217 ) ) ;
#649 = EDGE_CURVE ( 'NONE', #669, #1417, #1245, .T. ) ;
#650 = VECTOR ( 'NONE', #404, 1000.000000000000114 ) ;
#651 = VERTEX_POINT ( 'NONE', #1280 ) ;
#652 = CARTESIAN_POINT ( 'NONE',  ( 13.85640646055101399, 8.000000000000000000, -10.49999999999999822 ) ) ;
#653 = VECTOR ( 'NONE', #581, 1000.000000000000000 ) ;
#654 = AXIS2_PLACEMENT_3D ( 'NONE', #890, #1278, #1009 ) ;
#655 = VECTOR ( 'NONE', #1484, 1000.000000000000000 ) ;
#656 = CARTESIAN_POINT ( 'NONE',  ( 20.88006669945670879, 5.759307033695634459, 0.5442922734707756893 ) ) ;
#657 = ORIENTED_EDGE ( 'NONE', *, *, #206, .T. ) ;
#658 = DIRECTION ( 'NONE',  ( -0.000000000000000000, -1.000000000000000000, 0.000000000000000000 ) ) ;
#659 = EDGE_CURVE ( 'NONE', #645, #1609, #1351, .T. ) ;
#660 = ORIENTED_EDGE ( 'NONE', *, *, #1509, .F. ) ;
#661 = CARTESIAN_POINT ( 'NONE',  ( -20.79475151970773084, 3.809059233763720353, 0.9468492663324850067 ) ) ;
#662 = APPROVAL ( #950, 'UNSPECIFIED' ) ;
#663 = FACE_OUTER_BOUND ( 'NONE', #1114, .T. ) ;
#664 = EDGE_LOOP ( 'NONE', ( #932, #116, #1202, #293, #1460, #382, #271, #1318, #845, #898, #842, #1452, #594, #657, #108, #1170, #869, #660, #621, #195 ) ) ;
#665 = ORIENTED_EDGE ( 'NONE', *, *, #416, .F. ) ;
#666 = LINE ( 'NONE', #1476, #35 ) ;
#667 = EDGE_LOOP ( 'NONE', ( #640, #1569, #462, #1719 ) ) ;
#668 = PLANE ( 'NONE',  #140 ) ;
#669 = VERTEX_POINT ( 'NONE', #1269 ) ;
#670 = DIRECTION ( 'NONE',  ( 0.000000000000000000, 0.000000000000000000, 1.000000000000000000 ) ) ;
#671 = LINE ( 'NONE', #807, #792 ) ;
#672 = DIRECTION ( 'NONE',  ( -0.000000000000000000, -1.000000000000000000, 0.000000000000000000 ) ) ;
#673 = ORIENTED_EDGE ( 'NONE', *, *, #1675, .T. ) ;
#674 = CARTESIAN_POINT ( 'NONE',  ( -20.88545340823432639, 4.332899125146667529, 0.5028084594999122636 ) ) ;
#675 = DATE_TIME_ROLE ( 'creation_date' ) ;
#676 = ORIENTED_EDGE ( 'NONE', *, *, #680, .F. ) ;
#677 = CIRCLE ( 'NONE', #2, 1.499999999999997780 ) ;
#678 = CARTESIAN_POINT ( 'NONE',  ( -13.85640646055101222, 10.00000000000000000, 6.000000000000000000 ) ) ;
#679 = AXIS2_PLACEMENT_3D ( 'NONE', #1690, #1029, #1154 ) ;
#680 = EDGE_CURVE ( 'NONE', #1325, #695, #1682, .T. ) ;
#681 = EDGE_CURVE ( 'NONE', #1137, #1151, #526, .T. ) ;
#682 = AXIS2_PLACEMENT_3D ( 'NONE', #1020, #327, #1135 ) ;
#683 = CARTESIAN_POINT ( 'NONE',  ( -22.51666049839538886, 5.000000000000000000, 3.000000000000006217 ) ) ;
#684 = DIRECTION ( 'NONE',  ( -0.000000000000000000, -1.000000000000000000, -0.000000000000000000 ) ) ;
#685 = VERTEX_POINT ( 'NONE', #393 ) ;
#686 = CARTESIAN_POINT ( 'NONE',  ( -16.03585593232135409, 8.000000000000000000, 6.000000000000000000 ) ) ;
#687 = APPROVAL_ROLE ( '' ) ;
#688 = VERTEX_POINT ( 'NONE', #1744 ) ;
#689 = CARTESIAN_POINT ( 'NONE',  ( 1.102182119232617714E-15, 10.00000000000000000, 9.000000000000000000 ) ) ;
#690 = EDGE_CURVE ( 'NONE', #613, #1726, #907, .T. ) ;
#691 = DIRECTION ( 'NONE',  ( -0.000000000000000000, -1.000000000000000000, -0.000000000000000000 ) ) ;
#692 = CARTESIAN_POINT ( 'NONE',  ( 13.85640646055101399, 8.000000000000000000, -10.49999999999999822 ) ) ;
#693 = ORIENTED_EDGE ( 'NONE', *, *, #1176, .F. ) ;
#694 = DIRECTION ( 'NONE',  ( 0.000000000000000000, 0.000000000000000000, -1.000000000000000000 ) ) ;
#695 = VERTEX_POINT ( 'NONE', #1063 ) ;
#696 = PLANE ( 'NONE',  #112 ) ;
#697 = DIRECTION ( 'NONE',  ( 0.000000000000000000, 0.000000000000000000, -1.000000000000000000 ) ) ;
#698 = CARTESIAN_POINT ( 'NONE',  ( 9.675277914599559992, 0.000000000000000000, -13.24192707456450790 ) ) ;
#699 = ORIENTED_EDGE ( 'NONE', *, *, #237, .T. ) ;
#700 = DIRECTION ( 'NONE',  ( 0.5000000000000002220, 0.000000000000000000, -0.8660254037844384856 ) ) ;
#701 = ADVANCED_FACE ( 'NONE', ( #125 ), #1184, .F. ) ;
#702 = PERSON_AND_ORGANIZATION ( #556, #848 ) ;
#703 = ORIENTED_EDGE ( 'NONE', *, *, #914, .F. ) ;
#704 = CARTESIAN_POINT ( 'NONE',  ( 13.85640646055101399, 0.000000000000000000, 10.49999999999999822 ) ) ;
#705 = VECTOR ( 'NONE', #1084, 1000.000000000000000 ) ;
#706 = LOCAL_TIME ( 22, 31, 47.00000000000000000, #1524 ) ;
#707 = AXIS2_PLACEMENT_3D ( 'NONE', #838, #853, #1350 ) ;
#708 = VECTOR ( 'NONE', #775, 1000.000000000000000 ) ;
#709 = CARTESIAN_POINT ( 'NONE',  ( 20.71913241518423732, 3.653454493556848259, 1.190691031635404018 ) ) ;
#710 = CARTESIAN_POINT ( 'NONE',  ( -20.78460969082653875, 10.00000000000000000, -6.000000000000012434 ) ) ;
#711 = ORIENTED_EDGE ( 'NONE', *, *, #1176, .T. ) ;
#712 = DIRECTION ( 'NONE',  ( 1.000000000000000000, 0.000000000000000000, 0.000000000000000000 ) ) ;
#713 = PERSON_AND_ORGANIZATION ( #556, #848 ) ;
#714 = ORIENTED_EDGE ( 'NONE', *, *, #1432, .T. ) ;
#715 = DIRECTION ( 'NONE',  ( 0.000000000000000000, 0.000000000000000000, 1.000000000000000000 ) ) ;
#716 = DIRECTION ( 'NONE',  ( -0.000000000000000000, -1.000000000000000000, -0.000000000000000000 ) ) ;
#717 = CARTESIAN_POINT ( 'NONE',  ( 13.85640646055102287, 8.000000000000000000, 6.000000000000000000 ) ) ;
#718 = VERTEX_POINT ( 'NONE', #1613 ) ;
#719 = DIRECTION ( 'NONE',  ( 0.000000000000000000, 0.000000000000000000, 1.000000000000000000 ) ) ;
#720 = ORIENTED_EDGE ( 'NONE', *, *, #1180, .F. ) ;
#721 = LINE ( 'NONE', #1527, #875 ) ;
#722 = EDGE_CURVE ( 'NONE', #779, #16, #856, .T. ) ;
#723 = DIRECTION ( 'NONE',  ( 0.5000000000000006661, 0.000000000000000000, -0.8660254037844382635 ) ) ;
#724 = CARTESIAN_POINT ( 'NONE',  ( 0.000000000000000000, 0.000000000000000000, 0.000000000000000000 ) ) ;
#725 = EDGE_CURVE ( 'NONE', #355, #1515, #785, .T. ) ;
#726 = VERTEX_POINT ( 'NONE', #1738 ) ;
#727 = LINE ( 'NONE', #1431, #1247 ) ;
#728 = ORIENTED_EDGE ( 'NONE', *, *, #229, .T. ) ;
#729 = FACE_OUTER_BOUND ( 'NONE', #1121, .T. ) ;
#730 = ADVANCED_FACE ( 'NONE', ( #9 ), #925, .T. ) ;
#731 = CARTESIAN_POINT ( 'NONE',  ( 20.16710590385439161, 6.422211075674558955, 2.205778428910759814 ) ) ;
#732 = CARTESIAN_POINT ( 'NONE',  ( 0.000000000000000000, 10.00000000000000000, 0.000000000000000000 ) ) ;
#733 = CARTESIAN_POINT ( 'NONE',  ( 13.85640646055101399, 8.000000000000000000, 11.99999999999999645 ) ) ;
#734 = AXIS2_PLACEMENT_3D ( 'NONE', #1630, #428, #435 ) ;
#735 = ORIENTED_EDGE ( 'NONE', *, *, #1035, .F. ) ;
#736 = LINE ( 'NONE', #1416, #512 ) ;
#737 = AXIS2_PLACEMENT_3D ( 'NONE', #782, #791, #929 ) ;
#738 = EDGE_LOOP ( 'NONE', ( #1145, #1605, #789, #317, #1293, #252 ) ) ;
#739 = CARTESIAN_POINT ( 'NONE',  ( -13.85640646055102110, 8.000000000000000000, -6.000000000000015099 ) ) ;
#740 = LINE ( 'NONE', #1126, #258 ) ;
#741 = EDGE_CURVE ( 'NONE', #505, #390, #1556, .T. ) ;
#742 = DESIGN_CONTEXT ( 'detailed design', #1576, 'design' ) ;
#743 = CARTESIAN_POINT ( 'NONE',  ( 17.32050807568878170, 8.000000000000000000, -3.599999999999997868 ) ) ;
#744 = CARTESIAN_POINT ( 'NONE',  ( -13.85640646055102110, 8.000000000000000000, -6.000000000000015099 ) ) ;
#745 = EDGE_LOOP ( 'NONE', ( #1746, #426, #1363, #1480, #1261, #774 ) ) ;
#746 = FACE_OUTER_BOUND ( 'NONE', #1430, .T. ) ;
#747 = EDGE_LOOP ( 'NONE', ( #809, #1285 ) ) ;
#748 = PLANE ( 'NONE',  #1671 ) ;
#749 = ADVANCED_FACE ( 'NONE', ( #1590 ), #668, .F. ) ;
#750 = CARTESIAN_POINT ( 'NONE',  ( 20.38901489884171880, 6.500052778304149292, 1.885234260842264753 ) ) ;
#751 = CARTESIAN_POINT ( 'NONE',  ( -24.24871130596428159, 8.000000000000000000, 7.088080128179046213E-17 ) ) ;
#752 = LINE ( 'NONE', #80, #1156 ) ;
#753 = ORIENTED_EDGE ( 'NONE', *, *, #206, .F. ) ;
#754 = CARTESIAN_POINT ( 'NONE',  ( 13.85640646055102287, 10.00000000000000000, 6.000000000000000000 ) ) ;
#755 = ORIENTED_EDGE ( 'NONE', *, *, #1402, .T. ) ;
#756 = ADVANCED_FACE ( 'NONE', ( #246, #920 ), #1454, .F. ) ;
#757 = CARTESIAN_POINT ( 'NONE',  ( 13.85640646055101399, 8.000000000000000000, -9.000000000000000000 ) ) ;
#758 = CARTESIAN_POINT ( 'NONE',  ( 19.40467461984244224, 5.000000000000000000, 2.935344922872022977 ) ) ;
#759 = CARTESIAN_POINT ( 'NONE',  ( 20.90467461984247066, 5.000000000000000000, 0.3372687115187185669 ) ) ;
#760 = CARTESIAN_POINT ( 'NONE',  ( 20.61699083924708020, 6.451138424858480214, 1.450069112527009096 ) ) ;
#761 = VECTOR ( 'NONE', #331, 1000.000000000000000 ) ;
#762 = VECTOR ( 'NONE', #458, 1000.000000000000000 ) ;
#763 = FACE_OUTER_BOUND ( 'NONE', #821, .T. ) ;
#764 = CARTESIAN_POINT ( 'NONE',  ( 20.78460969082653520, 10.00000000000000000, -6.000000000000003553 ) ) ;
#765 = CC_DESIGN_APPROVAL ( #1655, ( #1599 ) ) ;
#766 = AXIS2_PLACEMENT_3D ( 'NONE', #1733, #408, #1342 ) ;
#767 = VERTEX_POINT ( 'NONE', #686 ) ;
#768 = AXIS2_PLACEMENT_3D ( 'NONE', #1367, #1094, #284 ) ;
#769 = DIRECTION ( 'NONE',  ( 0.000000000000000000, 0.000000000000000000, 1.000000000000000000 ) ) ;
#770 = AXIS2_PLACEMENT_3D ( 'NONE', #1435, #1281, #1030 ) ;
#771 = CARTESIAN_POINT ( 'NONE',  ( -9.675277914599559992, 8.000000000000000000, -13.24192707456450790 ) ) ;
#772 = DIRECTION ( 'NONE',  ( -0.000000000000000000, -1.000000000000000000, -0.000000000000000000 ) ) ;
#773 = CARTESIAN_POINT ( 'NONE',  ( 16.03585593232135409, 8.000000000000000000, 6.000000000000000000 ) ) ;
#774 = ORIENTED_EDGE ( 'NONE', *, *, #1496, .T. ) ;
#775 = DIRECTION ( 'NONE',  ( -0.000000000000000000, -1.000000000000000000, -0.000000000000000000 ) ) ;
#776 = VERTEX_POINT ( 'NONE', #418 ) ;
#777 = CARTESIAN_POINT ( 'NONE',  ( -20.22454614615945090, 3.548861575141521119, 2.129803260115529007 ) ) ;
#778 = DIRECTION ( 'NONE',  ( 0.000000000000000000, 1.000000000000000000, -0.000000000000000000 ) ) ;
#779 = VERTEX_POINT ( 'NONE', #161 ) ;
#780 = ADVANCED_FACE ( 'NONE', ( #1253 ), #1376, .F. ) ;
#781 = ORIENTED_EDGE ( 'NONE', *, *, #1048, .F. ) ;
#782 = CARTESIAN_POINT ( 'NONE',  ( -13.85640646055101399, 0.000000000000000000, 10.49999999999999822 ) ) ;
#783 = EDGE_CURVE ( 'NONE', #1332, #767, #1466, .T. ) ;
#784 = ORIENTED_EDGE ( 'NONE', *, *, #921, .T. ) ;
#785 = LINE ( 'NONE', #1214, #1272 ) ;
#786 = VERTEX_POINT ( 'NONE', #968 ) ;
#787 = EDGE_CURVE ( 'NONE', #24, #349, #153, .T. ) ;
#788 = CARTESIAN_POINT ( 'NONE',  ( 20.89587299909298324, 5.487811192141039740, 0.4224258316450054118 ) ) ;
#789 = ORIENTED_EDGE ( 'NONE', *, *, #1270, .F. ) ;
#790 = ADVANCED_FACE ( 'NONE', ( #311 ), #179, .F. ) ;
#791 = DIRECTION ( 'NONE',  ( -0.000000000000000000, -1.000000000000000000, 0.000000000000000000 ) ) ;
#792 = VECTOR ( 'NONE', #22, 1000.000000000000000 ) ;
#793 = EDGE_LOOP ( 'NONE', ( #1096, #1003 ) ) ;
#794 = CARTESIAN_POINT ( 'NONE',  ( -19.40467461984244224, 4.899636718031050719, 2.935344922872021645 ) ) ;
#795 = AXIS2_PLACEMENT_3D ( 'NONE', #652, #958, #276 ) ;
#796 = CYLINDRICAL_SURFACE ( 'NONE', #165, 5.000000000000000888 ) ;
#797 = AXIS2_PLACEMENT_3D ( 'NONE', #186, #1570, #994 ) ;
#798 = ORIENTED_EDGE ( 'NONE', *, *, #1344, .T. ) ;
#799 = VECTOR ( 'NONE', #999, 1000.000000000000000 ) ;
#800 = DIRECTION ( 'NONE',  ( -0.8660254037844382635, 0.000000000000000000, 0.5000000000000006661 ) ) ;
#801 = VERTEX_POINT ( 'NONE', #294 ) ;
#802 = DIRECTION ( 'NONE',  ( -0.000000000000000000, -1.000000000000000000, -0.000000000000000000 ) ) ;
#803 = ORIENTED_EDGE ( 'NONE', *, *, #659, .F. ) ;
#804 = DIRECTION ( 'NONE',  ( 0.000000000000000000, 1.000000000000000000, 0.000000000000000000 ) ) ;
#805 = MECHANICAL_CONTEXT ( 'NONE', #1482, 'mechanical' ) ;
#806 = CARTESIAN_POINT ( 'NONE',  ( 9.675277914599559992, 8.000000000000000000, -13.24192707456450790 ) ) ;
#807 = CARTESIAN_POINT ( 'NONE',  ( -16.03585593232135409, 8.000000000000000000, 6.000000000000000000 ) ) ;
#808 = CARTESIAN_POINT ( 'NONE',  ( -8.660254037844381969, 8.000000000000000000, 14.99999999999999467 ) ) ;
#809 = ORIENTED_EDGE ( 'NONE', *, *, #32, .T. ) ;
#810 = CARTESIAN_POINT ( 'NONE',  ( -20.87829746751039295, 4.245754601954698337, 0.5527049851752516840 ) ) ;
#811 = EDGE_CURVE ( 'NONE', #27, #162, #824, .T. ) ;
#812 = PERSON_AND_ORGANIZATION ( #556, #848 ) ;
#813 = LINE ( 'NONE', #806, #904 ) ;
#814 = CARTESIAN_POINT ( 'NONE',  ( 0.000000000000000000, 8.000000000000000000, 0.000000000000000000 ) ) ;
#815 = FACE_OUTER_BOUND ( 'NONE', #913, .T. ) ;
#816 = ORIENTED_EDGE ( 'NONE', *, *, #597, .F. ) ;
#817 = EDGE_CURVE ( 'NONE', #669, #1325, #1107, .T. ) ;
#818 = DIRECTION ( 'NONE',  ( 0.000000000000000000, 0.000000000000000000, -1.000000000000000000 ) ) ;
#819 = COORDINATED_UNIVERSAL_TIME_OFFSET ( 7, 0, .BEHIND. ) ;
#820 = EDGE_CURVE ( 'NONE', #1137, #1173, #877, .T. ) ;
#821 = EDGE_LOOP ( 'NONE', ( #1181, #1447, #611, #1456, #1588, #995 ) ) ;
#822 = AXIS2_PLACEMENT_3D ( 'NONE', #487, #12, #353 ) ;
#823 = DIRECTION ( 'NONE',  ( -1.000000000000000000, 0.000000000000000000, 0.000000000000000000 ) ) ;
#824 = CIRCLE ( 'NONE', #707, 1.499999999999997780 ) ;
#825 = AXIS2_PLACEMENT_3D ( 'NONE', #1618, #298, #1504 ) ;
#826 = EDGE_CURVE ( 'NONE', #1450, #786, #1498, .T. ) ;
#827 = CARTESIAN_POINT ( 'NONE',  ( 17.32050807568878170, 8.000000000000000000, 0.000000000000000000 ) ) ;
#828 = CARTESIAN_POINT ( 'NONE',  ( -13.85640646055102110, 10.00000000000000000, -6.000000000000015099 ) ) ;
#829 = ORIENTED_EDGE ( 'NONE', *, *, #1592, .T. ) ;
#830 = LINE ( 'NONE', #1260, #422 ) ;
#831 = EDGE_CURVE ( 'NONE', #1191, #1564, #830, .T. ) ;
#832 = ORIENTED_EDGE ( 'NONE', *, *, #1201, .T. ) ;
#833 = CYLINDRICAL_SURFACE ( 'NONE', #338, 1.499999999999997780 ) ;
#834 = ADVANCED_FACE ( 'NONE', ( #578 ), #49, .F. ) ;
#835 = CARTESIAN_POINT ( 'NONE',  ( -13.85640646055101399, 8.000000000000000000, 11.99999999999999645 ) ) ;
#836 = FACE_OUTER_BOUND ( 'NONE', #387, .T. ) ;
#837 = ORIENTED_EDGE ( 'NONE', *, *, #1131, .T. ) ;
#838 = CARTESIAN_POINT ( 'NONE',  ( -13.85640646055101399, 0.000000000000000000, -10.49999999999999822 ) ) ;
#839 = ORIENTED_EDGE ( 'NONE', *, *, #1561, .F. ) ;
#840 = DIRECTION ( 'NONE',  ( 1.000000000000000000, 0.000000000000000000, 0.000000000000000000 ) ) ;
#841 = CARTESIAN_POINT ( 'NONE',  ( 13.85640646055101399, 0.000000000000000000, -11.99999999999999822 ) ) ;
#842 = ORIENTED_EDGE ( 'NONE', *, *, #956, .T. ) ;
#843 = FACE_BOUND ( 'NONE', #1650, .T. ) ;
#844 = CALENDAR_DATE ( 2026, 31, 3 ) ;
#845 = ORIENTED_EDGE ( 'NONE', *, *, #194, .F. ) ;
#846 = CARTESIAN_POINT ( 'NONE',  ( -20.61738505154737666, 6.450854208053330652, 1.449155601558599127 ) ) ;
#847 = VECTOR ( 'NONE', #716, 1000.000000000000000 ) ;
#848 = ORGANIZATION ( 'UNSPECIFIED', 'UNSPECIFIED', '' ) ;
#849 = DIRECTION ( 'NONE',  ( -0.000000000000000000, -1.000000000000000000, -0.000000000000000000 ) ) ;
#850 = CARTESIAN_POINT ( 'NONE',  ( -20.78460969082653165, 10.00000000000000000, 6.000000000000000000 ) ) ;
#851 = CIRCLE ( 'NONE', #1522, 3.599999999999999645 ) ;
#852 = EDGE_LOOP ( 'NONE', ( #1741, #1424 ) ) ;
#853 = DIRECTION ( 'NONE',  ( 0.000000000000000000, 1.000000000000000000, -0.000000000000000000 ) ) ;
#854 = ORIENTED_EDGE ( 'NONE', *, *, #1284, .F. ) ;
#855 = LINE ( 'NONE', #985, #197 ) ;
#856 = B_SPLINE_CURVE_WITH_KNOTS ( 'NONE', 3,
 ( #506, #794, #270, #1057, #402, #1193, #1621, #1199, #543, #1206, #777, #1723, #253, #942, #109, #1445, #263, #238, #133, #661, #1478, #1330, #119, #810, #674, #1050, #933, #1603 ),
 .UNSPECIFIED., .F., .F.,
 ( 4, 2, 2, 2, 2, 2, 2, 2, 2, 2, 2, 2, 2, 4 ),
 ( 2.637977740025101358E-18, 0.0002965097443284798497, 0.0005930194886569569888, 0.001186038977313910508, 0.001779058465970865437, 0.002075568210299345503, 0.002372077954627825787, 0.002668587698956306070, 0.002965097443284786354, 0.003261607187613266637, 0.003558116931941746486, 0.003854626676270225469, 0.004151136420598703150, 0.004744155909255661982 ),
 .UNSPECIFIED. ) ;
#857 = EDGE_CURVE ( 'NONE', #579, #169, #1115, .T. ) ;
#858 = DIRECTION ( 'NONE',  ( 0.000000000000000000, 0.000000000000000000, -1.000000000000000000 ) ) ;
#859 = DIRECTION ( 'NONE',  ( 0.000000000000000000, 1.000000000000000000, -0.000000000000000000 ) ) ;
#860 = VERTEX_POINT ( 'NONE', #145 ) ;
#861 = DIRECTION ( 'NONE',  ( 0.000000000000000000, 1.000000000000000000, 0.000000000000000000 ) ) ;
#862 = ADVANCED_FACE ( 'NONE', ( #1369 ), #560, .F. ) ;
#863 = ORIENTED_EDGE ( 'NONE', *, *, #722, .F. ) ;
#864 = DIRECTION ( 'NONE',  ( 0.000000000000000000, 0.000000000000000000, -1.000000000000000000 ) ) ;
#865 = ADVANCED_FACE ( 'NONE', ( #1506, #1226, #843, #34, #1361, #570, #1234, #1097 ), #442, .T. ) ;
#866 = CARTESIAN_POINT ( 'NONE',  ( 19.57805932955963613, 5.754245398045303439, 2.804783502044706278 ) ) ;
#867 = CARTESIAN_POINT ( 'NONE',  ( -13.85640646055101399, 8.000000000000000000, -10.49999999999999822 ) ) ;
#868 = LINE ( 'NONE', #733, #394 ) ;
#869 = ORIENTED_EDGE ( 'NONE', *, *, #1377, .F. ) ;
#870 = DIRECTION ( 'NONE',  ( -0.5000000000000006661, 0.000000000000000000, -0.8660254037844382635 ) ) ;
#871 = EDGE_CURVE ( 'NONE', #1026, #1706, #935, .T. ) ;
#872 = VERTEX_POINT ( 'NONE', #74 ) ;
#873 = FACE_BOUND ( 'NONE', #1534, .T. ) ;
#874 = DIRECTION ( 'NONE',  ( 0.5000000000000003331, 0.000000000000000000, 0.8660254037844384856 ) ) ;
#875 = VECTOR ( 'NONE', #1110, 1000.000000000000000 ) ;
#876 = DIRECTION ( 'NONE',  ( 0.000000000000000000, 1.000000000000000000, 0.000000000000000000 ) ) ;
#877 = CIRCLE ( 'NONE', #1046, 3.599999999999999645 ) ;
#878 = LINE ( 'NONE', #205, #1612 ) ;
#879 = VECTOR ( 'NONE', #604, 1000.000000000000000 ) ;
#880 = ORIENTED_EDGE ( 'NONE', *, *, #1399, .T. ) ;
#881 = DIRECTION ( 'NONE',  ( 0.5000000000000031086, 0.000000000000000000, 0.8660254037844368202 ) ) ;
#882 = CIRCLE ( 'NONE', #682, 1.499999999999998224 ) ;
#883 = ORIENTED_EDGE ( 'NONE', *, *, #1128, .F. ) ;
#884 = DIRECTION ( 'NONE',  ( 0.000000000000000000, 0.000000000000000000, -1.000000000000000000 ) ) ;
#885 = DIRECTION ( 'NONE',  ( 0.000000000000000000, -0.000000000000000000, 1.000000000000000000 ) ) ;
#886 = CARTESIAN_POINT ( 'NONE',  ( -24.24871130596428159, 0.000000000000000000, 7.088080128179046213E-17 ) ) ;
#887 = DIRECTION ( 'NONE',  ( 0.000000000000000000, 0.000000000000000000, 1.000000000000000000 ) ) ;
#888 = EDGE_CURVE ( 'NONE', #1191, #349, #622, .T. ) ;
#889 = ORIENTED_EDGE ( 'NONE', *, *, #1550, .F. ) ;
#890 = CARTESIAN_POINT ( 'NONE',  ( 13.85640646055101399, 0.000000000000000000, -10.49999999999999822 ) ) ;
#891 = ORIENTED_EDGE ( 'NONE', *, *, #1432, .F. ) ;
#892 = CARTESIAN_POINT ( 'NONE',  ( -20.56928635258229932, 5.000000000000000000, -21.87568301270190574 ) ) ;
#893 = CARTESIAN_POINT ( 'NONE',  ( 20.04992106205531144, 6.345808906326748655, 2.349230176593794184 ) ) ;
#894 = CARTESIAN_POINT ( 'NONE',  ( -13.85640646055101222, 10.00000000000000000, 6.000000000000000000 ) ) ;
#895 = DIRECTION ( 'NONE',  ( -0.000000000000000000, -1.000000000000000000, -0.000000000000000000 ) ) ;
#896 = DIRECTION ( 'NONE',  ( -0.8660254037844379305, 0.000000000000000000, 0.5000000000000013323 ) ) ;
#897 = DIRECTION ( 'NONE',  ( 0.000000000000000000, 0.000000000000000000, -1.000000000000000000 ) ) ;
#898 = ORIENTED_EDGE ( 'NONE', *, *, #947, .F. ) ;
#899 = CARTESIAN_POINT ( 'NONE',  ( -19.81928635258229932, 5.000000000000000000, -23.17472111837856374 ) ) ;
#900 = CARTESIAN_POINT ( 'NONE',  ( 19.66703317911197146, 5.916211227994224942, 2.730781590717358931 ) ) ;
#901 = DIRECTION ( 'NONE',  ( -0.5000000000000006661, 0.000000000000000000, -0.8660254037844382635 ) ) ;
#902 = LINE ( 'NONE', #773, #1298 ) ;
#903 = CIRCLE ( 'NONE', #1164, 1.499999999999997780 ) ;
#904 = VECTOR ( 'NONE', #1338, 1000.000000000000000 ) ;
#905 = VERTEX_POINT ( 'NONE', #1027 ) ;
#906 = DIRECTION ( 'NONE',  ( -0.000000000000000000, -1.000000000000000000, -0.000000000000000000 ) ) ;
#907 = CIRCLE ( 'NONE', #766, 11.12500000000000000 ) ;
#908 = EDGE_LOOP ( 'NONE', ( #1368, #185, #122, #1028 ) ) ;
#909 = AXIS2_PLACEMENT_3D ( 'NONE', #524, #1451, #1334 ) ;
#910 = CARTESIAN_POINT ( 'NONE',  ( 0.000000000000000000, 8.000000000000000000, -11.12500000000000000 ) ) ;
#911 = DIRECTION ( 'NONE',  ( 0.000000000000000000, 0.000000000000000000, -1.000000000000000000 ) ) ;
#912 = ADVANCED_FACE ( 'NONE', ( #67 ), #1423, .F. ) ;
#913 = EDGE_LOOP ( 'NONE', ( #269, #755, #1486, #1189 ) ) ;
#914 = EDGE_CURVE ( 'NONE', #1151, #234, #1016, .T. ) ;
#915 = LINE ( 'NONE', #637, #650 ) ;
#916 = CARTESIAN_POINT ( 'NONE',  ( 20.90369111951863701, 5.198788231445368169, 0.3482115845577782309 ) ) ;
#917 = VERTEX_POINT ( 'NONE', #1548 ) ;
#918 = LINE ( 'NONE', #391, #964 ) ;
#919 = ORIENTED_EDGE ( 'NONE', *, *, #1426, .F. ) ;
#920 = FACE_OUTER_BOUND ( 'NONE', #1279, .T. ) ;
#921 = EDGE_CURVE ( 'NONE', #16, #1658, #1152, .T. ) ;
#922 = EDGE_LOOP ( 'NONE', ( #891, #56, #798, #816 ) ) ;
#923 = LINE ( 'NONE', #1190, #1049 ) ;
#924 = ORIENTED_EDGE ( 'NONE', *, *, #681, .T. ) ;
#925 = CYLINDRICAL_SURFACE ( 'NONE', #511, 5.000000000000000888 ) ;
#926 = FACE_OUTER_BOUND ( 'NONE', #347, .T. ) ;
#927 = DIRECTION ( 'NONE',  ( -0.5000000000000012212, 0.000000000000000000, 0.8660254037844379305 ) ) ;
#928 = EDGE_LOOP ( 'NONE', ( #521, #329, #541, #81 ) ) ;
#929 = DIRECTION ( 'NONE',  ( 0.000000000000000000, 0.000000000000000000, 1.000000000000000000 ) ) ;
#930 = VECTOR ( 'NONE', #1491, 1000.000000000000000 ) ;
#931 = EDGE_CURVE ( 'NONE', #24, #371, #1161, .T. ) ;
#932 = ORIENTED_EDGE ( 'NONE', *, *, #871, .T. ) ;
#933 = CARTESIAN_POINT ( 'NONE',  ( -20.90467461984245645, 4.802401648257738742, 0.3372687115187141260 ) ) ;
#934 = SECURITY_CLASSIFICATION ( '', '', #1227 ) ;
#935 = CIRCLE ( 'NONE', #654, 5.000000000000000888 ) ;
#936 = AXIS2_PLACEMENT_3D ( 'NONE', #6, #1637, #966 ) ;
#937 = ORIENTED_EDGE ( 'NONE', *, *, #1172, .F. ) ;
#938 = AXIS2_PLACEMENT_3D ( 'NONE', #1393, #361, #1593 ) ;
#939 = FACE_OUTER_BOUND ( 'NONE', #1165, .T. ) ;
#940 = DIRECTION ( 'NONE',  ( 0.000000000000000000, 0.000000000000000000, -1.000000000000000000 ) ) ;
#941 = ORIENTED_EDGE ( 'NONE', *, *, #438, .T. ) ;
#942 = CARTESIAN_POINT ( 'NONE',  ( -20.48742224923941180, 3.499947221695853816, 1.714787730115218567 ) ) ;
#943 =( NAMED_UNIT ( * ) SI_UNIT ( $, .STERADIAN. ) SOLID_ANGLE_UNIT ( ) );
#944 = CARTESIAN_POINT ( 'NONE',  ( -13.85640646055101399, 0.000000000000000000, -10.49999999999999822 ) ) ;
#945 = CARTESIAN_POINT ( 'NONE',  ( 20.33470141252642804, 3.510067894005386879, 1.970809041900994929 ) ) ;
#946 = CARTESIAN_POINT ( 'NONE',  ( -13.85640646055101222, 10.00000000000000000, 6.000000000000000000 ) ) ;
#947 = EDGE_CURVE ( 'NONE', #651, #569, #337, .T. ) ;
#948 = EDGE_LOOP ( 'NONE', ( #503, #1380 ) ) ;
#949 = CARTESIAN_POINT ( 'NONE',  ( 13.85640646055102287, 8.000000000000000000, -6.000000000000003553 ) ) ;
#950 = APPROVAL_STATUS ( 'not_yet_approved' ) ;
#951 = EDGE_LOOP ( 'NONE', ( #517, #1069, #1203, #665 ) ) ;
#952 = EDGE_CURVE ( 'NONE', #160, #75, #736, .T. ) ;
#953 = LINE ( 'NONE', #1343, #930 ) ;
#954 = CARTESIAN_POINT ( 'NONE',  ( 19.99180009175347195, 3.700581645424446453, 2.414758220240371678 ) ) ;
#955 = FACE_OUTER_BOUND ( 'NONE', #411, .T. ) ;
#956 = EDGE_CURVE ( 'NONE', #651, #1233, #1469, .T. ) ;
#957 = ORIENTED_EDGE ( 'NONE', *, *, #636, .T. ) ;
#958 = DIRECTION ( 'NONE',  ( 0.000000000000000000, -1.000000000000000000, 0.000000000000000000 ) ) ;
#959 = ORIENTED_EDGE ( 'NONE', *, *, #1055, .F. ) ;
#960 = VECTOR ( 'NONE', #1412, 1000.000000000000000 ) ;
#961 = CARTESIAN_POINT ( 'NONE',  ( -13.85640646055101399, 8.000000000000000000, -15.50000000000000000 ) ) ;
#962 = AXIS2_PLACEMENT_3D ( 'NONE', #498, #1434, #200 ) ;
#963 = EDGE_CURVE ( 'NONE', #1706, #1678, #285, .T. ) ;
#964 = VECTOR ( 'NONE', #802, 1000.000000000000000 ) ;
#965 = CARTESIAN_POINT ( 'NONE',  ( 17.32050807568878170, 0.000000000000000000, 0.000000000000000000 ) ) ;
#966 = DIRECTION ( 'NONE',  ( 0.000000000000000000, 0.000000000000000000, 1.000000000000000000 ) ) ;
#967 = EDGE_LOOP ( 'NONE', ( #1033, #714, #1036, #1547 ) ) ;
#968 = CARTESIAN_POINT ( 'NONE',  ( 17.32050807568878170, 10.00000000000000000, -3.599999999999997868 ) ) ;
#969 = ORIENTED_EDGE ( 'NONE', *, *, #649, .T. ) ;
#970 = DIRECTION ( 'NONE',  ( -0.000000000000000000, -1.000000000000000000, -0.000000000000000000 ) ) ;
#971 = ADVANCED_FACE ( 'NONE', ( #461, #746 ), #1695, .F. ) ;
#972 = CC_DESIGN_PERSON_AND_ORGANIZATION_ASSIGNMENT ( #1499, #36, ( #1599 ) ) ;
#973 = CARTESIAN_POINT ( 'NONE',  ( 20.90467461984245290, 4.799433636466808650, 0.3372687115187099072 ) ) ;
#974 = DIRECTION ( 'NONE',  ( -0.5000000000000012212, 0.000000000000000000, -0.8660254037844379305 ) ) ;
#975 = ORIENTED_EDGE ( 'NONE', *, *, #53, .T. ) ;
#976 = DIRECTION ( 'NONE',  ( -0.000000000000000000, -1.000000000000000000, 0.000000000000000000 ) ) ;
#977 = PERSON_AND_ORGANIZATION ( #556, #848 ) ;
#978 = ORIENTED_EDGE ( 'NONE', *, *, #328, .F. ) ;
#979 = CARTESIAN_POINT ( 'NONE',  ( -19.99177128884500121, 6.299416699910566741, 2.414800619949640570 ) ) ;
#980 = FACE_OUTER_BOUND ( 'NONE', #1505, .T. ) ;
#981 = ORIENTED_EDGE ( 'NONE', *, *, #1598, .F. ) ;
#982 = CARTESIAN_POINT ( 'NONE',  ( 13.85640646055101399, 0.000000000000000000, -10.49999999999999822 ) ) ;
#983 = DATE_AND_TIME ( #844, #1608 ) ;
#984 = EDGE_LOOP ( 'NONE', ( #100, #320, #924, #1109 ) ) ;
#985 = CARTESIAN_POINT ( 'NONE',  ( 16.03585593232135409, 0.000000000000000000, 6.000000000000000000 ) ) ;
#986 = AXIS2_PLACEMENT_3D ( 'NONE', #1401, #895, #1546 ) ;
#987 = VECTOR ( 'NONE', #609, 1000.000000000000000 ) ;
#988 = VECTOR ( 'NONE', #906, 1000.000000000000000 ) ;
#989 = LINE ( 'NONE', #344, #960 ) ;
#990 = DIRECTION ( 'NONE',  ( 0.000000000000000000, 0.000000000000000000, -1.000000000000000000 ) ) ;
#991 = AXIS2_PLACEMENT_3D ( 'NONE', #724, #1160, #354 ) ;
#992 = EDGE_CURVE ( 'NONE', #1658, #1333, #882, .T. ) ;
#993 = VERTEX_POINT ( 'NONE', #1563 ) ;
#994 = DIRECTION ( 'NONE',  ( 0.000000000000000000, 0.000000000000000000, -1.000000000000000000 ) ) ;
#995 = ORIENTED_EDGE ( 'NONE', *, *, #1064, .T. ) ;
#996 = FACE_OUTER_BOUND ( 'NONE', #922, .T. ) ;
#997 = DIRECTION ( 'NONE',  ( -0.8660254037844380415, -0.000000000000000000, 0.5000000000000009992 ) ) ;
#998 = CARTESIAN_POINT ( 'NONE',  ( -13.85640646055101399, 8.000000000000000000, -10.49999999999999822 ) ) ;
#999 = DIRECTION ( 'NONE',  ( -0.000000000000000000, -1.000000000000000000, -0.000000000000000000 ) ) ;
#1000 = EDGE_CURVE ( 'NONE', #169, #147, #425, .T. ) ;
#1001 = ORIENTED_EDGE ( 'NONE', *, *, #323, .F. ) ;
#1002 = LINE ( 'NONE', #764, #1102 ) ;
#1003 = ORIENTED_EDGE ( 'NONE', *, *, #1180, .T. ) ;
#1004 = CARTESIAN_POINT ( 'NONE',  ( -20.78460969082652099, 8.000000000000000000, -6.000000000000000000 ) ) ;
#1005 = CARTESIAN_POINT ( 'NONE',  ( 24.24871130596429225, 10.00000000000000000, -1.867143853166486393E-15 ) ) ;
#1006 = DIRECTION ( 'NONE',  ( -0.000000000000000000, -1.000000000000000000, -0.000000000000000000 ) ) ;
#1007 = CARTESIAN_POINT ( 'NONE',  ( 0.000000000000000000, 10.00000000000000000, 0.000000000000000000 ) ) ;
#1008 = ORIENTED_EDGE ( 'NONE', *, *, #1118, .T. ) ;
#1009 = DIRECTION ( 'NONE',  ( 0.000000000000000000, 0.000000000000000000, -1.000000000000000000 ) ) ;
#1010 = ORIENTED_EDGE ( 'NONE', *, *, #1509, .T. ) ;
#1011 = CARTESIAN_POINT ( 'NONE',  ( -8.660254037844381969, 0.000000000000000000, 14.99999999999999467 ) ) ;
#1012 = DIRECTION ( 'NONE',  ( -0.000000000000000000, -1.000000000000000000, -0.000000000000000000 ) ) ;
#1013 = EDGE_CURVE ( 'NONE', #1670, #73, #727, .T. ) ;
#1014 = AXIS2_PLACEMENT_3D ( 'NONE', #965, #1077, #1616 ) ;
#1015 = LINE ( 'NONE', #886, #281 ) ;
#1016 = CIRCLE ( 'NONE', #171, 3.599999999999999645 ) ;
#1017 = DIRECTION ( 'NONE',  ( 0.000000000000000000, -1.000000000000000000, 0.000000000000000000 ) ) ;
#1018 = AXIS2_PLACEMENT_3D ( 'NONE', #1105, #1493, #558 ) ;
#1019 = VERTEX_POINT ( 'NONE', #215 ) ;
#1020 = CARTESIAN_POINT ( 'NONE',  ( -22.51666049839538886, 5.000000000000000000, 3.000000000000006217 ) ) ;
#1021 = ORIENTED_EDGE ( 'NONE', *, *, #1496, .F. ) ;
#1022 = CARTESIAN_POINT ( 'NONE',  ( 0.000000000000000000, 10.00000000000000000, 0.000000000000000000 ) ) ;
#1023 = CARTESIAN_POINT ( 'NONE',  ( 20.33507183043645838, 6.490014770976827663, 1.970236668525071400 ) ) ;
#1024 = PLANE ( 'NONE',  #822 ) ;
#1025 = FACE_OUTER_BOUND ( 'NONE', #313, .T. ) ;
#1026 = VERTEX_POINT ( 'NONE', #223 ) ;
#1027 = CARTESIAN_POINT ( 'NONE',  ( 20.78460969082652099, 0.000000000000000000, -6.000000000000000000 ) ) ;
#1028 = ORIENTED_EDGE ( 'NONE', *, *, #433, .F. ) ;
#1029 = DIRECTION ( 'NONE',  ( -0.8660254037844382635, 0.000000000000000000, -0.5000000000000006661 ) ) ;
#1030 = DIRECTION ( 'NONE',  ( 0.000000000000000000, 0.000000000000000000, 1.000000000000000000 ) ) ;
#1031 = DIRECTION ( 'NONE',  ( 0.000000000000000000, 0.000000000000000000, 1.000000000000000000 ) ) ;
#1032 = CARTESIAN_POINT ( 'NONE',  ( 20.90467461984245645, 5.100363281968951057, 0.3372687115187097961 ) ) ;
#1033 = ORIENTED_EDGE ( 'NONE', *, *, #1426, .T. ) ;
#1034 = CARTESIAN_POINT ( 'NONE',  ( -13.85640646055101399, 8.000000000000000000, 9.000000000000001776 ) ) ;
#1035 = EDGE_CURVE ( 'NONE', #801, #1474, #1002, .T. ) ;
#1036 = ORIENTED_EDGE ( 'NONE', *, *, #1680, .F. ) ;
#1037 = CARTESIAN_POINT ( 'NONE',  ( 13.85640646055101399, 0.000000000000000000, 10.49999999999999822 ) ) ;
#1038 = EDGE_CURVE ( 'NONE', #1474, #579, #1542, .T. ) ;
#1039 = UNCERTAINTY_MEASURE_WITH_UNIT (LENGTH_MEASURE( 1.000000000000000082E-05 ), #1455, 'distance_accuracy_value', 'NONE');
#1040 = DIRECTION ( 'NONE',  ( 0.000000000000000000, 1.000000000000000000, 0.000000000000000000 ) ) ;
#1041 = DIRECTION ( 'NONE',  ( 0.000000000000000000, 1.000000000000000000, -0.000000000000000000 ) ) ;
#1042 = EDGE_CURVE ( 'NONE', #776, #905, #93, .T. ) ;
#1043 = AXIS2_PLACEMENT_3D ( 'NONE', #732, #849, #1386 ) ;
#1044 = ORIENTED_EDGE ( 'NONE', *, *, #1038, .T. ) ;
#1045 = CARTESIAN_POINT ( 'NONE',  ( 24.24871130596428159, 8.000000000000000000, 7.088080128179162077E-17 ) ) ;
#1046 = AXIS2_PLACEMENT_3D ( 'NONE', #1513, #1122, #719 ) ;
#1047 = EDGE_LOOP ( 'NONE', ( #417, #837, #1660, #606 ) ) ;
#1048 = EDGE_CURVE ( 'NONE', #1609, #645, #257, .T. ) ;
#1049 = VECTOR ( 'NONE', #1736, 1000.000000000000000 ) ;
#1050 = CARTESIAN_POINT ( 'NONE',  ( -20.90111675210988196, 4.602900804745568841, 0.3819002360171044885 ) ) ;
#1051 = FACE_OUTER_BOUND ( 'NONE', #1305, .T. ) ;
#1052 = ORIENTED_EDGE ( 'NONE', *, *, #1625, .F. ) ;
#1053 = CARTESIAN_POINT ( 'NONE',  ( -8.660254037844502761, 10.00000000000000000, -14.99999999999993072 ) ) ;
#1054 = CARTESIAN_POINT ( 'NONE',  ( 9.675277914599559992, 8.000000000000000000, -13.24192707456450790 ) ) ;
#1055 = EDGE_CURVE ( 'NONE', #860, #726, #923, .T. ) ;
#1056 = EDGE_LOOP ( 'NONE', ( #1341, #889, #1218, #1044, #545, #44 ) ) ;
#1057 = CARTESIAN_POINT ( 'NONE',  ( -19.44810920642588314, 4.607987902070659558, 2.904094602745613596 ) ) ;
#1058 = CARTESIAN_POINT ( 'NONE',  ( 1.102182119232617714E-15, 8.000000000000000000, 9.000000000000000000 ) ) ;
#1059 = CARTESIAN_POINT ( 'NONE',  ( 20.75157946575578904, 6.308723647237498788, 1.105031360796762119 ) ) ;
#1060 = EDGE_LOOP ( 'NONE', ( #598, #1415 ) ) ;
#1061 = DIRECTION ( 'NONE',  ( -0.000000000000000000, -1.000000000000000000, -0.000000000000000000 ) ) ;
#1062 = VERTEX_POINT ( 'NONE', #251 ) ;
#1063 = CARTESIAN_POINT ( 'NONE',  ( -16.03585593232135409, 8.000000000000000000, -6.000000000000000000 ) ) ;
#1064 = EDGE_CURVE ( 'NONE', #1266, #160, #516, .T. ) ;
#1065 = VERTEX_POINT ( 'NONE', #400 ) ;
#1066 = DIRECTION ( 'NONE',  ( -0.000000000000000000, -1.000000000000000000, -0.000000000000000000 ) ) ;
#1067 = CIRCLE ( 'NONE', #305, 5.000000000000000000 ) ;
#1068 = VECTOR ( 'NONE', #1661, 1000.000000000000227 ) ;
#1069 = ORIENTED_EDGE ( 'NONE', *, *, #1172, .T. ) ;
#1070 = DIRECTION ( 'NONE',  ( 0.000000000000000000, 0.000000000000000000, -1.000000000000000000 ) ) ;
#1071 = APPROVAL_PERSON_ORGANIZATION ( #1631, #662, #277 ) ;
#1072 = AXIS2_PLACEMENT_3D ( 'NONE', #982, #1487, #17 ) ;
#1073 = AXIS2_PLACEMENT_3D ( 'NONE', #549, #142, #1210 ) ;
#1074 = EDGE_LOOP ( 'NONE', ( #248, #471, #1422, #711, #1501, #957 ) ) ;
#1075 = CARTESIAN_POINT ( 'NONE',  ( 13.85640646055102287, 8.000000000000000000, 6.000000000000000000 ) ) ;
#1076 = CIRCLE ( 'NONE', #538, 9.000000000000000000 ) ;
#1077 = DIRECTION ( 'NONE',  ( 0.000000000000000000, 1.000000000000000000, 0.000000000000000000 ) ) ;
#1078 = CARTESIAN_POINT ( 'NONE',  ( -13.85640646055101399, 8.000000000000000000, 10.49999999999999822 ) ) ;
#1079 = ORIENTED_EDGE ( 'NONE', *, *, #1550, .T. ) ;
#1080 = DIRECTION ( 'NONE',  ( 0.000000000000000000, 0.000000000000000000, -1.000000000000000000 ) ) ;
#1081 = ADVANCED_BREP_SHAPE_REPRESENTATION ( 'Upper Leg Connector V.3', ( #1594, #85 ), #1606 ) ;
#1082 = APPROVAL_STATUS ( 'not_yet_approved' ) ;
#1083 = ORIENTED_EDGE ( 'NONE', *, *, #98, .F. ) ;
#1084 = DIRECTION ( 'NONE',  ( -0.000000000000000000, -1.000000000000000000, -0.000000000000000000 ) ) ;
#1085 = CARTESIAN_POINT ( 'NONE',  ( 19.82257827206779410, 3.870139693175816298, 2.589373733416659107 ) ) ;
#1086 = FACE_OUTER_BOUND ( 'NONE', #1405, .T. ) ;
#1087 = EDGE_LOOP ( 'NONE', ( #180, #42 ) ) ;
#1088 = DIRECTION ( 'NONE',  ( -0.000000000000000000, -1.000000000000000000, -0.000000000000000000 ) ) ;
#1089 = ADVANCED_FACE ( 'NONE', ( #1731 ), #504, .F. ) ;
#1090 = EDGE_LOOP ( 'NONE', ( #94, #136 ) ) ;
#1091 = CARTESIAN_POINT ( 'NONE',  ( -20.22481970126154138, 6.459758128616491568, 2.135074733323035101 ) ) ;
#1092 = EDGE_CURVE ( 'NONE', #1564, #1571, #918, .T. ) ;
#1093 = CARTESIAN_POINT ( 'NONE',  ( 20.38864201288400224, 3.500014239027668950, 1.885824270495236377 ) ) ;
#1094 = DIRECTION ( 'NONE',  ( 0.000000000000000000, -0.000000000000000000, 1.000000000000000000 ) ) ;
#1095 = EDGE_CURVE ( 'NONE', #872, #688, #1192, .T. ) ;
#1096 = ORIENTED_EDGE ( 'NONE', *, *, #1345, .T. ) ;
#1097 = FACE_BOUND ( 'NONE', #1090, .T. ) ;
#1098 = AXIS2_PLACEMENT_3D ( 'NONE', #1704, #1040, #670 ) ;
#1099 = ORIENTED_EDGE ( 'NONE', *, *, #646, .F. ) ;
#1100 = FACE_BOUND ( 'NONE', #491, .T. ) ;
#1101 = ADVANCED_FACE ( 'NONE', ( #1468, #1311 ), #101, .F. ) ;
#1102 = VECTOR ( 'NONE', #1533, 1000.000000000000000 ) ;
#1103 = AXIS2_PLACEMENT_3D ( 'NONE', #1182, #1061, #1340 ) ;
#1104 = CARTESIAN_POINT ( 'NONE',  ( 20.74741836421768326, 3.700583300089434591, 1.105981492813341571 ) ) ;
#1105 = CARTESIAN_POINT ( 'NONE',  ( 0.000000000000000000, 0.000000000000000000, 0.000000000000000000 ) ) ;
#1106 = ORIENTED_EDGE ( 'NONE', *, *, #1225, .F. ) ;
#1107 = LINE ( 'NONE', #1651, #1382 ) ;
#1108 = COORDINATED_UNIVERSAL_TIME_OFFSET ( 7, 0, .BEHIND. ) ;
#1109 = ORIENTED_EDGE ( 'NONE', *, *, #914, .T. ) ;
#1110 = DIRECTION ( 'NONE',  ( -0.000000000000000000, -1.000000000000000000, -0.000000000000000000 ) ) ;
#1111 = CARTESIAN_POINT ( 'NONE',  ( 20.90124933802810148, 4.604755289561670573, 0.3809412844858605096 ) ) ;
#1112 = DIRECTION ( 'NONE',  ( -0.000000000000000000, -1.000000000000000000, -0.000000000000000000 ) ) ;
#1113 = EDGE_CURVE ( 'NONE', #1198, #917, #483, .T. ) ;
#1114 = EDGE_LOOP ( 'NONE', ( #1577, #1601, #336, #357 ) ) ;
#1115 = LINE ( 'NONE', #949, #1728 ) ;
#1116 = ORIENTED_EDGE ( 'NONE', *, *, #301, .T. ) ;
#1117 = CARTESIAN_POINT ( 'NONE',  ( 24.24871130596429225, 10.00000000000000000, -1.867143853166486393E-15 ) ) ;
#1118 = EDGE_CURVE ( 'NONE', #1640, #776, #117, .T. ) ;
#1119 = CARTESIAN_POINT ( 'NONE',  ( -13.85640646055102110, 10.00000000000000000, -6.000000000000015099 ) ) ;
#1120 = CARTESIAN_POINT ( 'NONE',  ( 13.85640646055101399, 8.000000000000000000, 9.000000000000001776 ) ) ;
#1121 = EDGE_LOOP ( 'NONE', ( #178, #1467, #1259, #111 ) ) ;
#1122 = DIRECTION ( 'NONE',  ( 0.000000000000000000, 1.000000000000000000, 0.000000000000000000 ) ) ;
#1123 = ORIENTED_EDGE ( 'NONE', *, *, #1042, .T. ) ;
#1124 = CARTESIAN_POINT ( 'NONE',  ( 0.000000000000000000, 8.000000000000000000, 0.000000000000000000 ) ) ;
#1125 = AXIS2_PLACEMENT_3D ( 'NONE', #1007, #1283, #618 ) ;
#1126 = CARTESIAN_POINT ( 'NONE',  ( 8.660254037844383745, 8.000000000000000000, -15.00000000000000000 ) ) ;
#1127 = CIRCLE ( 'NONE', #448, 1.499999999999997780 ) ;
#1128 = EDGE_CURVE ( 'NONE', #685, #577, #1273, .T. ) ;
#1129 = AXIS2_PLACEMENT_3D ( 'NONE', #43, #1088, #1641 ) ;
#1130 = CIRCLE ( 'NONE', #7, 5.000000000000000888 ) ;
#1131 = EDGE_CURVE ( 'NONE', #147, #1459, #1130, .T. ) ;
#1132 = CYLINDRICAL_SURFACE ( 'NONE', #1043, 9.000000000000000000 ) ;
#1133 = CARTESIAN_POINT ( 'NONE',  ( -13.85640646055101399, 0.000000000000000000, -10.49999999999999822 ) ) ;
#1134 = ORIENTED_EDGE ( 'NONE', *, *, #149, .F. ) ;
#1135 = DIRECTION ( 'NONE',  ( 0.5000000000000009992, 0.000000000000000000, 0.8660254037844380415 ) ) ;
#1136 = EDGE_CURVE ( 'NONE', #917, #872, #641, .T. ) ;
#1137 = VERTEX_POINT ( 'NONE', #260 ) ;
#1138 = FACE_BOUND ( 'NONE', #1087, .T. ) ;
#1139 = LINE ( 'NONE', #1398, #568 ) ;
#1140 = EDGE_CURVE ( 'NONE', #1609, #19, #666, .T. ) ;
#1141 = LINE ( 'NONE', #1291, #421 ) ;
#1142 = FACE_OUTER_BOUND ( 'NONE', #384, .T. ) ;
#1143 = EDGE_LOOP ( 'NONE', ( #863, #455 ) ) ;
#1144 = CARTESIAN_POINT ( 'NONE',  ( 13.85640646055101399, 0.000000000000000000, -10.49999999999999822 ) ) ;
#1145 = ORIENTED_EDGE ( 'NONE', *, *, #26, .F. ) ;
#1146 = EDGE_CURVE ( 'NONE', #1726, #613, #1411, .T. ) ;
#1147 = DIRECTION ( 'NONE',  ( -0.000000000000000000, -1.000000000000000000, 0.000000000000000000 ) ) ;
#1148 = CARTESIAN_POINT ( 'NONE',  ( 0.000000000000000000, 10.00000000000000000, -9.000000000000000000 ) ) ;
#1149 = CARTESIAN_POINT ( 'NONE',  ( -16.03585593232135409, 8.000000000000000000, -6.000000000000000000 ) ) ;
#1150 = LINE ( 'NONE', #1120, #340 ) ;
#1151 = VERTEX_POINT ( 'NONE', #1742 ) ;
#1152 = LINE ( 'NONE', #1267, #1440 ) ;
#1153 = VERTEX_POINT ( 'NONE', #131 ) ;
#1154 = DIRECTION ( 'NONE',  ( -0.5000000000000006661, 0.000000000000000000, 0.8660254037844382635 ) ) ;
#1155 = CARTESIAN_POINT ( 'NONE',  ( 19.71604860818975524, 5.990874734543481850, 2.688219332018860541 ) ) ;
#1156 = VECTOR ( 'NONE', #1540, 1000.000000000000000 ) ;
#1157 = VECTOR ( 'NONE', #901, 1000.000000000000000 ) ;
#1158 = LINE ( 'NONE', #129, #1698 ) ;
#1159 = AXIS2_PLACEMENT_3D ( 'NONE', #1037, #607, #366 ) ;
#1160 = DIRECTION ( 'NONE',  ( 0.000000000000000000, 1.000000000000000000, 0.000000000000000000 ) ) ;
#1161 = CIRCLE ( 'NONE', #201, 5.000000000000000888 ) ;
#1162 = EDGE_LOOP ( 'NONE', ( #631, #1551, #554, #1388 ) ) ;
#1163 = DIRECTION ( 'NONE',  ( -0.000000000000000000, -1.000000000000000000, 0.000000000000000000 ) ) ;
#1164 = AXIS2_PLACEMENT_3D ( 'NONE', #644, #527, #1185 ) ;
#1165 = EDGE_LOOP ( 'NONE', ( #375, #1525, #265, #434 ) ) ;
#1166 = CYLINDRICAL_SURFACE ( 'NONE', #450, 5.000000000000000000 ) ;
#1167 = CARTESIAN_POINT ( 'NONE',  ( 19.40467461984244579, 5.197598351742264811, 2.935344922872020756 ) ) ;
#1168 = CARTESIAN_POINT ( 'NONE',  ( -8.660254037844502761, 10.00000000000000000, -14.99999999999993072 ) ) ;
#1169 = B_SPLINE_CURVE_WITH_KNOTS ( 'NONE', 3,
 ( #1301, #1032, #916, #249, #788, #656, #114, #522, #1059, #221, #760, #630, #1566, #750, #1023, #1271, #731, #893, #1710, #62, #628, #1155, #900, #866, #1691, #608, #1167, #758 ),
 .UNSPECIFIED., .F., .F.,
 ( 4, 2, 2, 2, 2, 2, 2, 2, 2, 2, 2, 2, 2, 4 ),
 ( 8.940560153363745023E-19, 0.0002965097443284787112, 0.0005930194886569565551, 0.001186038977313915062, 0.001779058465970873243, 0.002075568210299351141, 0.002372077954627829256, 0.002668587698956306938, 0.002965097443284784619, 0.003261607187613262300, 0.003558116931941740415, 0.003854626676270218530, 0.004151136420598696211, 0.004744155909255654176 ),
 .UNSPECIFIED. ) ;
#1170 = ORIENTED_EDGE ( 'NONE', *, *, #1702, .F. ) ;
#1171 = CARTESIAN_POINT ( 'NONE',  ( 13.85640646055101399, 8.000000000000000000, -10.49999999999999822 ) ) ;
#1172 = EDGE_CURVE ( 'NONE', #1726, #407, #1714, .T. ) ;
#1173 = VERTEX_POINT ( 'NONE', #235 ) ;
#1174 = LINE ( 'NONE', #634, #1215 ) ;
#1175 = CARTESIAN_POINT ( 'NONE',  ( -20.78460969082653875, 10.00000000000000000, -6.000000000000012434 ) ) ;
#1176 = EDGE_CURVE ( 'NONE', #278, #310, #1223, .T. ) ;
#1177 = CARTESIAN_POINT ( 'NONE',  ( 17.32050807568878170, 0.000000000000000000, -3.599999999999997868 ) ) ;
#1178 = CARTESIAN_POINT ( 'NONE',  ( -8.660254037844383745, 0.000000000000000000, -15.00000000000000000 ) ) ;
#1179 = B_SPLINE_CURVE_WITH_KNOTS ( 'NONE', 3,
 ( #548, #1483, #5, #1346, #1373, #1339, #1209, #1085, #291, #954, #1237, #267, #130, #945, #1093, #1648, #1222, #709, #1104, #1250, #40, #575, #1366, #1111, #973, #1626 ),
 .UNSPECIFIED., .F., .F.,
 ( 4, 2, 2, 2, 2, 2, 2, 2, 2, 2, 2, 2, 4 ),
 ( 0.004744155909255654176, 0.005040429008368326781, 0.005336702107480999387, 0.005929248305706343730, 0.006225521404819016336, 0.006521794503931688074, 0.006818067603044359812, 0.007114340702157032417, 0.007706886900382372424, 0.008003159999495043295, 0.008299433098607714165, 0.008891979296833054172, 0.009484525495058394179 ),
 .UNSPECIFIED. ) ;
#1180 = EDGE_CURVE ( 'NONE', #407, #275, #143, .T. ) ;
#1181 = ORIENTED_EDGE ( 'NONE', *, *, #952, .T. ) ;
#1182 = CARTESIAN_POINT ( 'NONE',  ( -17.32050807568877460, 8.000000000000000000, -3.154177549934253528E-15 ) ) ;
#1183 = ORIENTED_EDGE ( 'NONE', *, *, #1055, .T. ) ;
#1184 = PLANE ( 'NONE',  #1439 ) ;
#1185 = DIRECTION ( 'NONE',  ( 0.000000000000000000, 0.000000000000000000, 1.000000000000000000 ) ) ;
#1186 = ORIENTED_EDGE ( 'NONE', *, *, #76, .F. ) ;
#1187 = ADVANCED_FACE ( 'NONE', ( #306, #836 ), #158, .T. ) ;
#1188 = VECTOR ( 'NONE', #212, 1000.000000000000000 ) ;
#1189 = ORIENTED_EDGE ( 'NONE', *, *, #413, .F. ) ;
#1190 = CARTESIAN_POINT ( 'NONE',  ( -24.24871130596428159, 8.000000000000000000, 7.088080128179046213E-17 ) ) ;
#1191 = VERTEX_POINT ( 'NONE', #1649 ) ;
#1192 = CIRCLE ( 'NONE', #737, 1.499999999999997780 ) ;
#1193 = CARTESIAN_POINT ( 'NONE',  ( -19.57165832348199075, 4.240692966304363765, 2.810522057707629084 ) ) ;
#1194 = DIRECTION ( 'NONE',  ( 0.000000000000000000, 0.000000000000000000, 1.000000000000000000 ) ) ;
#1195 = DIRECTION ( 'NONE',  ( -0.000000000000000000, -1.000000000000000000, -0.000000000000000000 ) ) ;
#1196 = EDGE_LOOP ( 'NONE', ( #919, #978 ) ) ;
#1197 = DIRECTION ( 'NONE',  ( 0.000000000000000000, 0.000000000000000000, 1.000000000000000000 ) ) ;
#1198 = VERTEX_POINT ( 'NONE', #41 ) ;
#1199 = CARTESIAN_POINT ( 'NONE',  ( -19.87434814718417897, 3.802620081500079685, 2.541331903771604672 ) ) ;
#1200 = DIRECTION ( 'NONE',  ( 0.000000000000000000, 0.000000000000000000, -1.000000000000000000 ) ) ;
#1201 = EDGE_CURVE ( 'NONE', #489, #1696, #1374, .T. ) ;
#1202 = ORIENTED_EDGE ( 'NONE', *, *, #1276, .F. ) ;
#1203 = ORIENTED_EDGE ( 'NONE', *, *, #1345, .F. ) ;
#1204 = CARTESIAN_POINT ( 'NONE',  ( -13.85640646055101399, 8.000000000000000000, -10.49999999999999822 ) ) ;
#1205 = ORIENTED_EDGE ( 'NONE', *, *, #1064, .F. ) ;
#1206 = CARTESIAN_POINT ( 'NONE',  ( -20.16631194848927677, 3.578310181542245783, 2.206747972826483828 ) ) ;
#1207 = DIRECTION ( 'NONE',  ( 0.000000000000000000, 0.000000000000000000, 1.000000000000000000 ) ) ;
#1208 = DIRECTION ( 'NONE',  ( 0.000000000000000000, 0.000000000000000000, -1.000000000000000000 ) ) ;
#1209 = CARTESIAN_POINT ( 'NONE',  ( 19.66384819375336335, 4.077010203062441107, 2.736713994324954768 ) ) ;
#1210 = DIRECTION ( 'NONE',  ( 0.5000000000000006661, 0.000000000000000000, 0.8660254037844382635 ) ) ;
#1211 = AXIS2_PLACEMENT_3D ( 'NONE', #1586, #1195, #374 ) ;
#1212 = AXIS2_PLACEMENT_3D ( 'NONE', #176, #772, #1208 ) ;
#1213 = ORIENTED_EDGE ( 'NONE', *, *, #1592, .F. ) ;
#1214 = CARTESIAN_POINT ( 'NONE',  ( 8.660254037844399733, 10.00000000000000000, -14.99999999999999822 ) ) ;
#1215 = VECTOR ( 'NONE', #77, 1000.000000000000000 ) ;
#1216 = APPROVAL_DATE_TIME ( #18, #662 ) ;
#1217 = AXIS2_PLACEMENT_3D ( 'NONE', #808, #1720, #1442 ) ;
#1218 = ORIENTED_EDGE ( 'NONE', *, *, #1628, .F. ) ;
#1219 = CARTESIAN_POINT ( 'NONE',  ( 13.85640646055101399, 8.000000000000000000, 10.49999999999999822 ) ) ;
#1220 = AXIS2_PLACEMENT_3D ( 'NONE', #52, #885, #587 ) ;
#1221 = ADVANCED_FACE ( 'NONE', ( #955 ), #415, .T. ) ;
#1222 = CARTESIAN_POINT ( 'NONE',  ( 20.62169284651118417, 3.540241871383509320, 1.447670281590996755 ) ) ;
#1223 = LINE ( 'NONE', #946, #655 ) ;
#1224 = ORIENTED_EDGE ( 'NONE', *, *, #1702, .T. ) ;
#1225 = EDGE_CURVE ( 'NONE', #1459, #1678, #167, .T. ) ;
#1226 = FACE_BOUND ( 'NONE', #562, .T. ) ;
#1227 = SECURITY_CLASSIFICATION_LEVEL ( 'unclassified' ) ;
#1228 = VERTEX_POINT ( 'NONE', #1238 ) ;
#1229 = FACE_OUTER_BOUND ( 'NONE', #523, .T. ) ;
#1230 = CARTESIAN_POINT ( 'NONE',  ( 9.675277914599559992, 0.000000000000000000, 13.24192707456450790 ) ) ;
#1231 = DIRECTION ( 'NONE',  ( -0.000000000000000000, -1.000000000000000000, -0.000000000000000000 ) ) ;
#1232 = APPROVAL ( #135, 'UNSPECIFIED' ) ;
#1233 = VERTEX_POINT ( 'NONE', #292 ) ;
#1234 = FACE_BOUND ( 'NONE', #528, .T. ) ;
#1235 = ORIENTED_EDGE ( 'NONE', *, *, #649, .F. ) ;
#1236 = CARTESIAN_POINT ( 'NONE',  ( -20.53437544040192009, 6.489932105994612677, 1.624963480668716986 ) ) ;
#1237 = CARTESIAN_POINT ( 'NONE',  ( 20.05101787427901172, 3.653427210929752977, 2.347919596320471314 ) ) ;
#1238 = CARTESIAN_POINT ( 'NONE',  ( -8.660254037844405062, 10.00000000000000000, 14.99999999999999112 ) ) ;
#1239 = CIRCLE ( 'NONE', #477, 1.499999999999998224 ) ;
#1240 = VERTEX_POINT ( 'NONE', #1627 ) ;
#1241 = DIRECTION ( 'NONE',  ( -0.000000000000000000, -1.000000000000000000, -0.000000000000000000 ) ) ;
#1242 = VECTOR ( 'NONE', #1747, 1000.000000000000000 ) ;
#1243 = DATE_AND_TIME ( #1362, #1554 ) ;
#1244 = ORIENTED_EDGE ( 'NONE', *, *, #416, .T. ) ;
#1245 = CIRCLE ( 'NONE', #962, 5.000000000000000000 ) ;
#1246 = CARTESIAN_POINT ( 'NONE',  ( -20.74739604644657476, 6.299418354575551326, 1.106027636718413198 ) ) ;
#1247 = VECTOR ( 'NONE', #318, 1000.000000000000000 ) ;
#1248 = ADVANCED_FACE ( 'NONE', ( #1086 ), #1387, .F. ) ;
#1249 = CIRCLE ( 'NONE', #1385, 1.499999999999997780 ) ;
#1250 = CARTESIAN_POINT ( 'NONE',  ( 20.79481191921343708, 3.809213082914560733, 0.9466372013293595788 ) ) ;
#1251 = DIRECTION ( 'NONE',  ( -0.4999999999999995559, 0.000000000000000000, 0.8660254037844389297 ) ) ;
#1252 = ORIENTED_EDGE ( 'NONE', *, *, #241, .T. ) ;
#1253 = FACE_OUTER_BOUND ( 'NONE', #984, .T. ) ;
#1254 = SHAPE_DEFINITION_REPRESENTATION ( #1619, #1081 ) ;
#1255 = EDGE_LOOP ( 'NONE', ( #1371, #1611 ) ) ;
#1256 = CARTESIAN_POINT ( 'NONE',  ( -19.44078353657343783, 5.395244710438329427, 2.910542255322090988 ) ) ;
#1257 = CARTESIAN_POINT ( 'NONE',  ( 13.85640646055101399, 8.000000000000000000, -15.50000000000000000 ) ) ;
#1258 = PLANE ( 'NONE',  #938 ) ;
#1259 = ORIENTED_EDGE ( 'NONE', *, *, #646, .T. ) ;
#1260 = CARTESIAN_POINT ( 'NONE',  ( 13.85640646055102287, 10.00000000000000000, 6.000000000000000000 ) ) ;
#1261 = ORIENTED_EDGE ( 'NONE', *, *, #1444, .T. ) ;
#1262 = CARTESIAN_POINT ( 'NONE',  ( -19.40467461984245645, 4.999999999999999112, 2.935344922872028306 ) ) ;
#1263 = DIRECTION ( 'NONE',  ( 0.5000000000000002220, 0.000000000000000000, -0.8660254037844384856 ) ) ;
#1265 = EDGE_CURVE ( 'NONE', #1026, #642, #31, .T. ) ;
#1264 = LINE ( 'NONE', #1531, #1329 ) ;
#1266 = VERTEX_POINT ( 'NONE', #576 ) ;
#1267 = CARTESIAN_POINT ( 'NONE',  ( 19.81928635258228866, 5.000000000000000000, -23.17472111837858861 ) ) ;
#1268 = ORIENTED_EDGE ( 'NONE', *, *, #121, .F. ) ;
#1269 = CARTESIAN_POINT ( 'NONE',  ( -9.675277914599559992, 8.000000000000000000, -13.24192707456450790 ) ) ;
#1270 = EDGE_CURVE ( 'NONE', #1349, #1670, #1657, .T. ) ;
#1271 = CARTESIAN_POINT ( 'NONE',  ( 20.22449036884023243, 6.451091770138224213, 2.129862437459761448 ) ) ;
#1272 = VECTOR ( 'NONE', #1313, 1000.000000000000000 ) ;
#1273 = CIRCLE ( 'NONE', #397, 1.499999999999997780 ) ;
#1274 = CARTESIAN_POINT ( 'NONE',  ( 8.660254037844399733, 0.000000000000000000, 14.99999999999999289 ) ) ;
#1275 = CYLINDRICAL_SURFACE ( 'NONE', #986, 5.000000000000000888 ) ;
#1276 = EDGE_CURVE ( 'NONE', #905, #1678, #1359, .T. ) ;
#1277 = ORIENTED_EDGE ( 'NONE', *, *, #1140, .T. ) ;
#1278 = DIRECTION ( 'NONE',  ( -0.000000000000000000, -1.000000000000000000, 0.000000000000000000 ) ) ;
#1279 = EDGE_LOOP ( 'NONE', ( #1403, #1495, #243 ) ) ;
#1280 = CARTESIAN_POINT ( 'NONE',  ( -9.675277914599558216, 0.000000000000000000, 13.24192707456450790 ) ) ;
#1281 = DIRECTION ( 'NONE',  ( -0.000000000000000000, -1.000000000000000000, 0.000000000000000000 ) ) ;
#1282 = DIRECTION ( 'NONE',  ( 0.5000000000000004441, 0.000000000000000000, -0.8660254037844383745 ) ) ;
#1283 = DIRECTION ( 'NONE',  ( -0.000000000000000000, -1.000000000000000000, -0.000000000000000000 ) ) ;
#1284 = EDGE_CURVE ( 'NONE', #1670, #860, #1511, .T. ) ;
#1285 = ORIENTED_EDGE ( 'NONE', *, *, #1113, .T. ) ;
#1286 = DIRECTION ( 'NONE',  ( 0.000000000000000000, 0.000000000000000000, -1.000000000000000000 ) ) ;
#1287 = CC_DESIGN_DATE_AND_TIME_ASSIGNMENT ( #983, #553, ( #934 ) ) ;
#1288 = VERTEX_POINT ( 'NONE', #850 ) ;
#1289 = LINE ( 'NONE', #225, #396 ) ;
#1290 = CYLINDRICAL_SURFACE ( 'NONE', #226, 1.499999999999997780 ) ;
#1291 = CARTESIAN_POINT ( 'NONE',  ( -20.78460969082652099, 8.000000000000000000, 6.000000000000000000 ) ) ;
#1292 = CARTESIAN_POINT ( 'NONE',  ( 13.85640646055101399, 8.000000000000000000, -15.50000000000000000 ) ) ;
#1293 = ORIENTED_EDGE ( 'NONE', *, *, #680, .T. ) ;
#1294 = DIRECTION ( 'NONE',  ( 0.000000000000000000, 0.000000000000000000, -1.000000000000000000 ) ) ;
#1295 = ORIENTED_EDGE ( 'NONE', *, *, #1598, .T. ) ;
#1296 = LINE ( 'NONE', #899, #256 ) ;
#1297 = CARTESIAN_POINT ( 'NONE',  ( -24.24871130596429225, 10.00000000000000000, -6.179412470143226683E-15 ) ) ;
#1298 = VECTOR ( 'NONE', #1458, 1000.000000000000000 ) ;
#1299 = CARTESIAN_POINT ( 'NONE',  ( 0.000000000000000000, 0.000000000000000000, -11.12500000000000000 ) ) ;
#1300 = AXIS2_PLACEMENT_3D ( 'NONE', #892, #472, #1544 ) ;
#1301 = CARTESIAN_POINT ( 'NONE',  ( 20.90467461984247066, 5.000000000000000000, 0.3372687115187185669 ) ) ;
#1302 = AXIS2_PLACEMENT_3D ( 'NONE', #1078, #23, #406 ) ;
#1303 = PLANE ( 'NONE',  #254 ) ;
#1304 = CARTESIAN_POINT ( 'NONE',  ( 13.85640646055102287, 10.00000000000000000, -6.000000000000003553 ) ) ;
#1305 = EDGE_LOOP ( 'NONE', ( #1134, #188, #1224, #392 ) ) ;
#1306 = LINE ( 'NONE', #1425, #282 ) ;
#1307 = DIRECTION ( 'NONE',  ( 0.000000000000000000, 1.000000000000000000, 0.000000000000000000 ) ) ;
#1308 = EDGE_CURVE ( 'NONE', #1653, #489, #1354, .T. ) ;
#1309 = LINE ( 'NONE', #1168, #1242 ) ;
#1310 = EDGE_LOOP ( 'NONE', ( #1123, #401, #1470, #1008 ) ) ;
#1311 = FACE_OUTER_BOUND ( 'NONE', #236, .T. ) ;
#1312 = VERTEX_POINT ( 'NONE', #151 ) ;
#1313 = DIRECTION ( 'NONE',  ( -1.000000000000000000, 0.000000000000000000, 3.906017956716584096E-15 ) ) ;
#1314 = ADVANCED_FACE ( 'NONE', ( #540 ), #274, .F. ) ;
#1315 = DIRECTION ( 'NONE',  ( 0.000000000000000000, 1.000000000000000000, 0.000000000000000000 ) ) ;
#1316 = ORIENTED_EDGE ( 'NONE', *, *, #514, .F. ) ;
#1317 = ADVANCED_FACE ( 'NONE', ( #815 ), #1347, .T. ) ;
#1318 = ORIENTED_EDGE ( 'NONE', *, *, #952, .F. ) ;
#1319 = DIRECTION ( 'NONE',  ( 0.000000000000000000, 0.000000000000000000, 1.000000000000000000 ) ) ;
#1320 = ORIENTED_EDGE ( 'NONE', *, *, #1409, .T. ) ;
#1321 = DIRECTION ( 'NONE',  ( -1.000000000000000000, 0.000000000000000000, -0.000000000000000000 ) ) ;
#1322 = CYLINDRICAL_SURFACE ( 'NONE', #1211, 1.499999999999997780 ) ;
#1323 = CIRCLE ( 'NONE', #1098, 3.599999999999997868 ) ;
#1324 = CIRCLE ( 'NONE', #1159, 1.499999999999997780 ) ;
#1325 = VERTEX_POINT ( 'NONE', #744 ) ;
#1326 = AXIS2_PLACEMENT_3D ( 'NONE', #1171, #1679, #1319 ) ;
#1327 = EDGE_CURVE ( 'NONE', #250, #19, #230, .T. ) ;
#1328 = VERTEX_POINT ( 'NONE', #65 ) ;
#1329 = VECTOR ( 'NONE', #591, 1000.000000000000000 ) ;
#1330 = CARTESIAN_POINT ( 'NONE',  ( -20.84634457441202571, 4.009125265456517262, 0.7304892909317448613 ) ) ;
#1331 = CARTESIAN_POINT ( 'NONE',  ( 1.362419564051430298E-15, 8.000000000000000000, 11.12500000000000000 ) ) ;
#1332 = VERTEX_POINT ( 'NONE', #1568 ) ;
#1333 = VERTEX_POINT ( 'NONE', #1693 ) ;
#1334 = DIRECTION ( 'NONE',  ( 0.000000000000000000, 0.000000000000000000, 1.000000000000000000 ) ) ;
#1335 = ORIENTED_EDGE ( 'NONE', *, *, #1308, .F. ) ;
#1336 = DIRECTION ( 'NONE',  ( -0.5000000000000031086, 0.000000000000000000, -0.8660254037844368202 ) ) ;
#1337 = CARTESIAN_POINT ( 'NONE',  ( 0.000000000000000000, 0.000000000000000000, 0.000000000000000000 ) ) ;
#1338 = DIRECTION ( 'NONE',  ( -0.000000000000000000, -1.000000000000000000, -0.000000000000000000 ) ) ;
#1339 = CARTESIAN_POINT ( 'NONE',  ( 19.57153422814907628, 4.240848126360677206, 2.810624116346619683 ) ) ;
#1340 = DIRECTION ( 'NONE',  ( 0.000000000000000000, 0.000000000000000000, -1.000000000000000000 ) ) ;
#1341 = ORIENTED_EDGE ( 'NONE', *, *, #1265, .T. ) ;
#1342 = DIRECTION ( 'NONE',  ( 0.000000000000000000, 0.000000000000000000, 1.000000000000000000 ) ) ;
#1343 = CARTESIAN_POINT ( 'NONE',  ( 0.000000000000000000, 8.000000000000000000, -11.12500000000000000 ) ) ;
#1344 = EDGE_CURVE ( 'NONE', #1312, #118, #1150, .T. ) ;
#1345 = EDGE_CURVE ( 'NONE', #275, #407, #1557, .T. ) ;
#1346 = CARTESIAN_POINT ( 'NONE',  ( 19.44836404867563218, 4.606782552984682866, 2.903909120931585708 ) ) ;
#1347 = CYLINDRICAL_SURFACE ( 'NONE', #1528, 5.000000000000000888 ) ;
#1348 = AXIS2_PLACEMENT_3D ( 'NONE', #54, #333, #1282 ) ;
#1349 = VERTEX_POINT ( 'NONE', #1560 ) ;
#1350 = DIRECTION ( 'NONE',  ( 0.000000000000000000, 0.000000000000000000, 1.000000000000000000 ) ) ;
#1351 = CIRCLE ( 'NONE', #199, 1.499999999999997780 ) ;
#1352 = ADVANCED_FACE ( 'NONE', ( #467, #47 ), #1663, .F. ) ;
#1353 = COORDINATED_UNIVERSAL_TIME_OFFSET ( 7, 0, .BEHIND. ) ;
#1354 = CIRCLE ( 'NONE', #936, 9.000000000000000000 ) ;
#1355 = ORIENTED_EDGE ( 'NONE', *, *, #1365, .T. ) ;
#1356 = CARTESIAN_POINT ( 'NONE',  ( 8.660254037844399733, 10.00000000000000000, -14.99999999999999822 ) ) ;
#1357 = EDGE_CURVE ( 'NONE', #468, #1696, #1076, .T. ) ;
#1358 = DIRECTION ( 'NONE',  ( 0.000000000000000000, 0.000000000000000000, 1.000000000000000000 ) ) ;
#1359 = LINE ( 'NONE', #424, #1384 ) ;
#1360 = ORIENTED_EDGE ( 'NONE', *, *, #921, .F. ) ;
#1361 = FACE_BOUND ( 'NONE', #1375, .T. ) ;
#1362 = CALENDAR_DATE ( 2026, 31, 3 ) ;
#1363 = ORIENTED_EDGE ( 'NONE', *, *, #831, .F. ) ;
#1364 = DIRECTION ( 'NONE',  ( -0.000000000000000000, -1.000000000000000000, -0.000000000000000000 ) ) ;
#1365 = EDGE_CURVE ( 'NONE', #767, #310, #1264, .T. ) ;
#1366 = CARTESIAN_POINT ( 'NONE',  ( 20.88000667441499658, 4.239442284288572615, 0.5447880098819926076 ) ) ;
#1367 = CARTESIAN_POINT ( 'NONE',  ( 20.78460969082652099, 8.000000000000000000, -6.000000000000000000 ) ) ;
#1368 = ORIENTED_EDGE ( 'NONE', *, *, #1128, .T. ) ;
#1369 = FACE_OUTER_BOUND ( 'NONE', #648, .T. ) ;
#1370 = CALENDAR_DATE ( 2026, 31, 3 ) ;
#1371 = ORIENTED_EDGE ( 'NONE', *, *, #690, .F. ) ;
#1372 = CARTESIAN_POINT ( 'NONE',  ( -19.66371744126908538, 5.922717282579729847, 2.736807599841136529 ) ) ;
#1373 = CARTESIAN_POINT ( 'NONE',  ( 19.47378376242281917, 4.512946772764232506, 2.885322422630161920 ) ) ;
#1374 = LINE ( 'NONE', #432, #372 ) ;
#1375 = EDGE_LOOP ( 'NONE', ( #981, #585 ) ) ;
#1376 = CYLINDRICAL_SURFACE ( 'NONE', #1129, 3.599999999999999645 ) ;
#1377 = EDGE_CURVE ( 'NONE', #1153, #1328, #1067, .T. ) ;
#1378 = CIRCLE ( 'NONE', #770, 1.499999999999997780 ) ;
#1379 = CALENDAR_DATE ( 2026, 31, 3 ) ;
#1380 = ORIENTED_EDGE ( 'NONE', *, *, #597, .T. ) ;
#1381 = LOCAL_TIME ( 22, 31, 47.00000000000000000, #819 ) ;
#1382 = VECTOR ( 'NONE', #170, 1000.000000000000000 ) ;
#1383 = CARTESIAN_POINT ( 'NONE',  ( -19.57205763128683174, 5.760557715711424720, 2.810222206291035363 ) ) ;
#1384 = VECTOR ( 'NONE', #1518, 1000.000000000000000 ) ;
#1385 = AXIS2_PLACEMENT_3D ( 'NONE', #242, #1041, #381 ) ;
#1386 = DIRECTION ( 'NONE',  ( 0.000000000000000000, 0.000000000000000000, -1.000000000000000000 ) ) ;
#1387 = PLANE ( 'NONE',  #768 ) ;
#1388 = ORIENTED_EDGE ( 'NONE', *, *, #76, .T. ) ;
#1389 = CARTESIAN_POINT ( 'NONE',  ( 8.660254037844381969, 8.000000000000000000, 15.00000000000001243 ) ) ;
#1390 = ORIENTED_EDGE ( 'NONE', *, *, #1270, .T. ) ;
#1391 = CARTESIAN_POINT ( 'NONE',  ( -20.65408641596492245, 6.422106811625889478, 1.362228189483961405 ) ) ;
#1392 = CARTESIAN_POINT ( 'NONE',  ( 9.675277914599559992, 8.000000000000000000, -13.24192707456450790 ) ) ;
#1393 = CARTESIAN_POINT ( 'NONE',  ( 13.85640646055101399, 8.000000000000000000, -10.49999999999999822 ) ) ;
#1394 = ORIENTED_EDGE ( 'NONE', *, *, #216, .T. ) ;
#1395 = DIRECTION ( 'NONE',  ( 0.000000000000000000, -0.000000000000000000, -1.000000000000000000 ) ) ;
#1396 = ORIENTED_EDGE ( 'NONE', *, *, #388, .T. ) ;
#1397 = CARTESIAN_POINT ( 'NONE',  ( 17.32050807568878170, 0.000000000000000000, 3.599999999999997868 ) ) ;
#1398 = CARTESIAN_POINT ( 'NONE',  ( 13.85640646055102287, 10.00000000000000000, -6.000000000000003553 ) ) ;
#1399 = EDGE_CURVE ( 'NONE', #1450, #505, #878, .T. ) ;
#1400 = DIRECTION ( 'NONE',  ( -0.8660254037844382635, 0.000000000000000000, -0.5000000000000006661 ) ) ;
#1401 = CARTESIAN_POINT ( 'NONE',  ( 13.85640646055101399, 8.000000000000000000, -10.49999999999999822 ) ) ;
#1402 = EDGE_CURVE ( 'NONE', #147, #1706, #1685, .T. ) ;
#1403 = ORIENTED_EDGE ( 'NONE', *, *, #377, .F. ) ;
#1404 = DIRECTION ( 'NONE',  ( 0.000000000000000000, -1.000000000000000000, 0.000000000000000000 ) ) ;
#1405 = EDGE_LOOP ( 'NONE', ( #154, #1106, #1394, #1737, #735, #975 ) ) ;
#1406 = DIRECTION ( 'NONE',  ( -0.000000000000000000, 1.000000000000000000, 0.000000000000000000 ) ) ;
#1407 = CARTESIAN_POINT ( 'NONE',  ( 0.000000000000000000, 10.00000000000000000, -9.000000000000000000 ) ) ;
#1408 = CIRCLE ( 'NONE', #1464, 1.499999999999997780 ) ;
#1409 = EDGE_CURVE ( 'NONE', #1228, #569, #752, .T. ) ;
#1410 = AXIS2_PLACEMENT_3D ( 'NONE', #25, #1666, #552 ) ;
#1411 = CIRCLE ( 'NONE', #909, 11.12500000000000000 ) ;
#1412 = DIRECTION ( 'NONE',  ( 1.000000000000000000, 0.000000000000000000, -1.001543065824772482E-16 ) ) ;
#1413 = DIRECTION ( 'NONE',  ( 0.000000000000000000, -0.000000000000000000, -1.000000000000000000 ) ) ;
#1414 = ADVANCED_FACE ( 'NONE', ( #325 ), #1275, .T. ) ;
#1415 = ORIENTED_EDGE ( 'NONE', *, *, #21, .T. ) ;
#1416 = CARTESIAN_POINT ( 'NONE',  ( 8.660254037844399733, 0.000000000000000000, 14.99999999999999289 ) ) ;
#1417 = VERTEX_POINT ( 'NONE', #1705 ) ;
#1418 = CARTESIAN_POINT ( 'NONE',  ( 8.660254037844383745, 0.000000000000000000, -15.00000000000000000 ) ) ;
#1419 = LINE ( 'NONE', #1148, #761 ) ;
#1420 = LINE ( 'NONE', #324, #1188 ) ;
#1421 = DIRECTION ( 'NONE',  ( -0.000000000000000000, -1.000000000000000000, -0.000000000000000000 ) ) ;
#1422 = ORIENTED_EDGE ( 'NONE', *, *, #301, .F. ) ;
#1423 = CYLINDRICAL_SURFACE ( 'NONE', #453, 1.499999999999997780 ) ;
#1424 = ORIENTED_EDGE ( 'NONE', *, *, #659, .T. ) ;
#1425 = CARTESIAN_POINT ( 'NONE',  ( 9.675277914599559992, 8.000000000000000000, 13.24192707456450790 ) ) ;
#1426 = EDGE_CURVE ( 'NONE', #1312, #993, #677, .T. ) ;
#1427 = CARTESIAN_POINT ( 'NONE',  ( 13.85640646055101399, 8.000000000000000000, -11.99999999999999822 ) ) ;
#1428 = DIRECTION ( 'NONE',  ( 0.000000000000000000, 1.000000000000000000, -0.000000000000000000 ) ) ;
#1429 = CYLINDRICAL_SURFACE ( 'NONE', #1125, 9.000000000000000000 ) ;
#1430 = EDGE_LOOP ( 'NONE', ( #1520, #326, #1623 ) ) ;
#1431 = CARTESIAN_POINT ( 'NONE',  ( -20.78460969082652099, 8.000000000000000000, -6.000000000000000000 ) ) ;
#1432 = EDGE_CURVE ( 'NONE', #993, #718, #868, .T. ) ;
#1433 = ORIENTED_EDGE ( 'NONE', *, *, #1625, .T. ) ;
#1434 = DIRECTION ( 'NONE',  ( 0.000000000000000000, 1.000000000000000000, 0.000000000000000000 ) ) ;
#1435 = CARTESIAN_POINT ( 'NONE',  ( 13.85640646055101399, 0.000000000000000000, -10.49999999999999822 ) ) ;
#1436 = VECTOR ( 'NONE', #1555, 1000.000000000000000 ) ;
#1437 = CIRCLE ( 'NONE', #1014, 3.599999999999997868 ) ;
#1438 = DIRECTION ( 'NONE',  ( 0.000000000000000000, 1.000000000000000000, -0.000000000000000000 ) ) ;
#1439 = AXIS2_PLACEMENT_3D ( 'NONE', #1461, #1070, #1321 ) ;
#1440 = VECTOR ( 'NONE', #57, 1000.000000000000000 ) ;
#1441 = ORIENTED_EDGE ( 'NONE', *, *, #1013, .T. ) ;
#1442 = DIRECTION ( 'NONE',  ( -1.000000000000000000, 0.000000000000000000, 1.001543065824772482E-16 ) ) ;
#1443 = ORIENTED_EDGE ( 'NONE', *, *, #1664, .F. ) ;
#1444 = EDGE_CURVE ( 'NONE', #349, #371, #449, .T. ) ;
#1445 = CARTESIAN_POINT ( 'NONE',  ( -20.61701419967088356, 3.548908229861778452, 1.449991219279486820 ) ) ;
#1446 = DIRECTION ( 'NONE',  ( 1.000000000000000000, 0.000000000000000000, 0.000000000000000000 ) ) ;
#1447 = ORIENTED_EDGE ( 'NONE', *, *, #550, .F. ) ;
#1448 = ADVANCED_FACE ( 'NONE', ( #1142 ), #1429, .F. ) ;
#1449 = CARTESIAN_POINT ( 'NONE',  ( 0.000000000000000000, 8.000000000000000000, 0.000000000000000000 ) ) ;
#1450 = VERTEX_POINT ( 'NONE', #316 ) ;
#1451 = DIRECTION ( 'NONE',  ( 0.000000000000000000, 1.000000000000000000, 0.000000000000000000 ) ) ;
#1452 = ORIENTED_EDGE ( 'NONE', *, *, #346, .T. ) ;
#1453 = ADVANCED_FACE ( 'NONE', ( #488, #1025 ), #1258, .F. ) ;
#1454 = PLANE ( 'NONE',  #795 ) ;
#1455 =( LENGTH_UNIT ( ) NAMED_UNIT ( * ) SI_UNIT ( .MILLI., .METRE. ) );
#1456 = ORIENTED_EDGE ( 'NONE', *, *, #888, .F. ) ;
#1457 = EDGE_CURVE ( 'NONE', #577, #685, #1249, .T. ) ;
#1458 = DIRECTION ( 'NONE',  ( -0.000000000000000000, -1.000000000000000000, -0.000000000000000000 ) ) ;
#1459 = VERTEX_POINT ( 'NONE', #1712 ) ;
#1460 = ORIENTED_EDGE ( 'NONE', *, *, #202, .F. ) ;
#1461 = CARTESIAN_POINT ( 'NONE',  ( 16.03585593232135409, 8.000000000000000000, 6.000000000000000000 ) ) ;
#1462 = DIRECTION ( 'NONE',  ( 0.000000000000000000, 0.000000000000000000, 1.000000000000000000 ) ) ;
#1463 = CARTESIAN_POINT ( 'NONE',  ( -17.32050807568877460, 10.00000000000000000, -3.154177549934253528E-15 ) ) ;
#1464 = AXIS2_PLACEMENT_3D ( 'NONE', #944, #1428, #1031 ) ;
#1465 = APPROVAL_PERSON_ORGANIZATION ( #977, #1655, #687 ) ;
#1466 = CIRCLE ( 'NONE', #4, 5.000000000000000000 ) ;
#1467 = ORIENTED_EDGE ( 'NONE', *, *, #1538, .F. ) ;
#1468 = FACE_BOUND ( 'NONE', #1143, .T. ) ;
#1469 = CIRCLE ( 'NONE', #797, 5.000000000000000000 ) ;
#1470 = ORIENTED_EDGE ( 'NONE', *, *, #500, .F. ) ;
#1471 = CIRCLE ( 'NONE', #447, 9.000000000000000000 ) ;
#1472 = CARTESIAN_POINT ( 'NONE',  ( -13.85640646055101399, 8.000000000000000000, -10.49999999999999822 ) ) ;
#1473 = CARTESIAN_POINT ( 'NONE',  ( 0.000000000000000000, 10.00000000000000000, 0.000000000000000000 ) ) ;
#1474 = VERTEX_POINT ( 'NONE', #513 ) ;
#1475 = FACE_BOUND ( 'NONE', #1060, .T. ) ;
#1476 = CARTESIAN_POINT ( 'NONE',  ( 13.85640646055101399, 8.000000000000000000, -11.99999999999999645 ) ) ;
#1477 = ORIENTED_EDGE ( 'NONE', *, *, #319, .F. ) ;
#1478 = CARTESIAN_POINT ( 'NONE',  ( -20.81447320817639124, 3.871851376377382525, 0.8702558663150410379 ) ) ;
#1479 = LINE ( 'NONE', #120, #312 ) ;
#1480 = ORIENTED_EDGE ( 'NONE', *, *, #888, .T. ) ;
#1481 = CYLINDRICAL_SURFACE ( 'NONE', #368, 11.12500000000000000 ) ;
#1482 = APPLICATION_CONTEXT ( 'configuration controlled 3d designs of mechanical parts and assemblies' ) ;
#1483 = CARTESIAN_POINT ( 'NONE',  ( 19.40467461984244224, 4.901279676013986730, 2.935344922872020756 ) ) ;
#1484 = DIRECTION ( 'NONE',  ( -0.000000000000000000, -1.000000000000000000, -0.000000000000000000 ) ) ;
#1485 = EDGE_CURVE ( 'NONE', #1173, #1137, #1667, .T. ) ;
#1486 = ORIENTED_EDGE ( 'NONE', *, *, #871, .F. ) ;
#1487 = DIRECTION ( 'NONE',  ( 0.000000000000000000, -1.000000000000000000, 0.000000000000000000 ) ) ;
#1488 = ADVANCED_FACE ( 'NONE', ( #1575 ), #99, .F. ) ;
#1489 = DATE_AND_TIME ( #1379, #706 ) ;
#1490 = EDGE_LOOP ( 'NONE', ( #302, #1708, #829, #58 ) ) ;
#1491 = DIRECTION ( 'NONE',  ( -0.000000000000000000, -1.000000000000000000, -0.000000000000000000 ) ) ;
#1492 = DIRECTION ( 'NONE',  ( -0.8660254037844382635, 0.000000000000000000, 0.5000000000000006661 ) ) ;
#1493 = DIRECTION ( 'NONE',  ( 0.000000000000000000, 1.000000000000000000, 0.000000000000000000 ) ) ;
#1494 = VECTOR ( 'NONE', #439, 1000.000000000000227 ) ;
#1495 = ORIENTED_EDGE ( 'NONE', *, *, #1365, .F. ) ;
#1496 = EDGE_CURVE ( 'NONE', #371, #1062, #902, .T. ) ;
#1497 = DIRECTION ( 'NONE',  ( -0.000000000000000000, -1.000000000000000000, -0.000000000000000000 ) ) ;
#1498 = CIRCLE ( 'NONE', #734, 3.599999999999997868 ) ;
#1499 = PERSON_AND_ORGANIZATION ( #556, #848 ) ;
#1500 = VECTOR ( 'NONE', #595, 1000.000000000000000 ) ;
#1501 = ORIENTED_EDGE ( 'NONE', *, *, #377, .T. ) ;
#1502 = CARTESIAN_POINT ( 'NONE',  ( -20.89929513119028215, 5.393217447015318022, 0.3908227677353010021 ) ) ;
#1503 = DIRECTION ( 'NONE',  ( 0.000000000000000000, 1.000000000000000000, 0.000000000000000000 ) ) ;
#1504 = DIRECTION ( 'NONE',  ( 1.000000000000000000, 0.000000000000000000, -0.000000000000000000 ) ) ;
#1505 = EDGE_LOOP ( 'NONE', ( #50, #1021, #1579, #132 ) ) ;
#1506 = FACE_BOUND ( 'NONE', #793, .T. ) ;
#1507 = ORIENTED_EDGE ( 'NONE', *, *, #1327, .T. ) ;
#1508 = CYLINDRICAL_SURFACE ( 'NONE', #536, 1.499999999999999778 ) ;
#1509 = EDGE_CURVE ( 'NONE', #1589, #1153, #91, .T. ) ;
#1510 = CARTESIAN_POINT ( 'NONE',  ( 9.675277914599559992, 8.000000000000000000, 13.24192707456450790 ) ) ;
#1511 = LINE ( 'NONE', #710, #566 ) ;
#1512 = ORIENTED_EDGE ( 'NONE', *, *, #500, .T. ) ;
#1513 = CARTESIAN_POINT ( 'NONE',  ( -17.32050807568877460, 10.00000000000000000, -3.154177549934253528E-15 ) ) ;
#1514 = DATE_AND_TIME ( #1370, #1585 ) ;
#1515 = VERTEX_POINT ( 'NONE', #1053 ) ;
#1516 = CARTESIAN_POINT ( 'NONE',  ( -19.87747186196972038, 6.190786917085441488, 2.535516788293607604 ) ) ;
#1517 = CARTESIAN_POINT ( 'NONE',  ( 20.78460969082652099, 0.000000000000000000, 6.000000000000000000 ) ) ;
#1518 = DIRECTION ( 'NONE',  ( -1.000000000000000000, 0.000000000000000000, 0.000000000000000000 ) ) ;
#1519 = VECTOR ( 'NONE', #14, 1000.000000000000000 ) ;
#1520 = ORIENTED_EDGE ( 'NONE', *, *, #1444, .F. ) ;
#1521 = CARTESIAN_POINT ( 'NONE',  ( -13.85640646055101399, 8.000000000000000000, 10.49999999999999822 ) ) ;
#1522 = AXIS2_PLACEMENT_3D ( 'NONE', #228, #615, #359 ) ;
#1523 = CIRCLE ( 'NONE', #1348, 1.500000000000000000 ) ;
#1524 = COORDINATED_UNIVERSAL_TIME_OFFSET ( 7, 0, .BEHIND. ) ;
#1525 = ORIENTED_EDGE ( 'NONE', *, *, #826, .T. ) ;
#1526 = VECTOR ( 'NONE', #210, 1000.000000000000000 ) ;
#1527 = CARTESIAN_POINT ( 'NONE',  ( -13.85640646055101399, 8.000000000000000000, -11.99999999999999645 ) ) ;
#1528 = AXIS2_PLACEMENT_3D ( 'NONE', #692, #1231, #990 ) ;
#1529 = VECTOR ( 'NONE', #610, 1000.000000000000000 ) ;
#1530 = CARTESIAN_POINT ( 'NONE',  ( 13.85640646055101399, 0.000000000000000000, 9.000000000000000000 ) ) ;
#1531 = CARTESIAN_POINT ( 'NONE',  ( -20.78460969082653165, 8.000000000000000000, 6.000000000000000000 ) ) ;
#1532 = EDGE_LOOP ( 'NONE', ( #803, #288, #1507, #441 ) ) ;
#1533 = DIRECTION ( 'NONE',  ( -1.000000000000000000, 0.000000000000000000, 0.000000000000000000 ) ) ;
#1534 = EDGE_LOOP ( 'NONE', ( #1001, #1715 ) ) ;
#1535 = ADVANCED_FACE ( 'NONE', ( #647 ), #1322, .F. ) ;
#1536 = CARTESIAN_POINT ( 'NONE',  ( -20.86224197669886138, 5.922989796937559781, 0.6610350747887014933 ) ) ;
#1537 = CARTESIAN_POINT ( 'NONE',  ( -23.26666049839538886, 5.000000000000000000, 1.700961894323348877 ) ) ;
#1538 = EDGE_CURVE ( 'NONE', #295, #1240, #1169, .T. ) ;
#1539 = PLANE ( 'NONE',  #227 ) ;
#1540 = DIRECTION ( 'NONE',  ( -0.000000000000000000, -1.000000000000000000, -0.000000000000000000 ) ) ;
#1541 = ORIENTED_EDGE ( 'NONE', *, *, #280, .T. ) ;
#1542 = LINE ( 'NONE', #1304, #1500 ) ;
#1543 = ORIENTED_EDGE ( 'NONE', *, *, #15, .F. ) ;
#1544 = DIRECTION ( 'NONE',  ( 0.5000000000000005551, 0.000000000000000000, -0.8660254037844383745 ) ) ;
#1545 = LINE ( 'NONE', #743, #847 ) ;
#1546 = DIRECTION ( 'NONE',  ( 0.000000000000000000, 0.000000000000000000, -1.000000000000000000 ) ) ;
#1547 = ORIENTED_EDGE ( 'NONE', *, *, #1344, .F. ) ;
#1548 = CARTESIAN_POINT ( 'NONE',  ( -13.85640646055101399, 8.000000000000000000, 9.000000000000000000 ) ) ;
#1549 = CLOSED_SHELL ( 'NONE', ( #1686, #1638, #1448, #862, #1101, #409, #1314, #1617, #834, #1535, #1724, #1317, #756, #1453, #1352, #971, #865, #1414, #1, #1633, #365, #730, #593, #232, #1187, #1221, #574, #749, #1089, #13, #247, #701, #520, #1488, #1248, #190, #912, #502, #1721, #790, #780, #63, #639, #465, #182, #509, #542 ) ) ;
#1550 = EDGE_CURVE ( 'NONE', #355, #642, #740, .T. ) ;
#1551 = ORIENTED_EDGE ( 'NONE', *, *, #636, .F. ) ;
#1552 = DIRECTION ( 'NONE',  ( 0.8660254037844383745, -0.000000000000000000, 0.5000000000000004441 ) ) ;
#1553 = AXIS2_PLACEMENT_3D ( 'NONE', #704, #456, #715 ) ;
#1554 = LOCAL_TIME ( 22, 31, 47.00000000000000000, #571 ) ;
#1555 = DIRECTION ( 'NONE',  ( -0.000000000000000000, -1.000000000000000000, -0.000000000000000000 ) ) ;
#1556 = CIRCLE ( 'NONE', #565, 3.599999999999997868 ) ;
#1557 = CIRCLE ( 'NONE', #991, 11.12500000000000000 ) ;
#1558 = VECTOR ( 'NONE', #203, 1000.000000000000000 ) ;
#1559 = CARTESIAN_POINT ( 'NONE',  ( -13.85640646055101399, 0.000000000000000000, -9.000000000000000000 ) ) ;
#1560 = CARTESIAN_POINT ( 'NONE',  ( -13.85640646055102110, 10.00000000000000000, -6.000000000000015099 ) ) ;
#1561 = EDGE_CURVE ( 'NONE', #669, #1153, #78, .T. ) ;
#1562 = EDGE_LOOP ( 'NONE', ( #48, #209, #673, #1614 ) ) ;
#1563 = CARTESIAN_POINT ( 'NONE',  ( 13.85640646055101399, 8.000000000000000000, 11.99999999999999822 ) ) ;
#1564 = VERTEX_POINT ( 'NONE', #486 ) ;
#1565 = CARTESIAN_POINT ( 'NONE',  ( -13.85640646055101399, 8.000000000000000000, -9.000000000000000000 ) ) ;
#1566 = CARTESIAN_POINT ( 'NONE',  ( 20.48818523070279696, 6.499946793721115945, 1.713377886979969622 ) ) ;
#1567 = FACE_OUTER_BOUND ( 'NONE', #33, .T. ) ;
#1568 = CARTESIAN_POINT ( 'NONE',  ( -9.675277914599558216, 8.000000000000000000, 13.24192707456450790 ) ) ;
#1569 = ORIENTED_EDGE ( 'NONE', *, *, #1457, .T. ) ;
#1570 = DIRECTION ( 'NONE',  ( -0.000000000000000000, -1.000000000000000000, 0.000000000000000000 ) ) ;
#1571 = VERTEX_POINT ( 'NONE', #342 ) ;
#1572 = CARTESIAN_POINT ( 'NONE',  ( -13.85640646055101399, 8.000000000000000000, 10.49999999999999822 ) ) ;
#1573 = FACE_OUTER_BOUND ( 'NONE', #967, .T. ) ;
#1574 = CARTESIAN_POINT ( 'NONE',  ( 1.362419564051430298E-15, 0.000000000000000000, 11.12500000000000000 ) ) ;
#1575 = FACE_OUTER_BOUND ( 'NONE', #1310, .T. ) ;
#1576 = APPLICATION_CONTEXT ( 'configuration controlled 3d designs of mechanical parts and assemblies' ) ;
#1577 = ORIENTED_EDGE ( 'NONE', *, *, #106, .F. ) ;
#1578 = DIRECTION ( 'NONE',  ( 0.000000000000000000, 0.000000000000000000, 1.000000000000000000 ) ) ;
#1579 = ORIENTED_EDGE ( 'NONE', *, *, #931, .F. ) ;
#1580 = DIRECTION ( 'NONE',  ( -0.000000000000000000, -1.000000000000000000, -0.000000000000000000 ) ) ;
#1581 = CARTESIAN_POINT ( 'NONE',  ( 13.85640646055101399, 0.000000000000000000, -15.50000000000000000 ) ) ;
#1582 = CC_DESIGN_APPROVAL ( #662, ( #934 ) ) ;
#1583 = AXIS2_PLACEMENT_3D ( 'NONE', #998, #876, #192 ) ;
#1584 = CARTESIAN_POINT ( 'NONE',  ( 13.85640646055101399, 8.000000000000000000, -9.000000000000001776 ) ) ;
#1585 = LOCAL_TIME ( 22, 31, 47.00000000000000000, #1108 ) ;
#1586 = CARTESIAN_POINT ( 'NONE',  ( -13.85640646055101399, 8.000000000000000000, -10.49999999999999822 ) ) ;
#1587 = VECTOR ( 'NONE', #1066, 1000.000000000000000 ) ;
#1588 = ORIENTED_EDGE ( 'NONE', *, *, #229, .F. ) ;
#1589 = VERTEX_POINT ( 'NONE', #351 ) ;
#1590 = FACE_OUTER_BOUND ( 'NONE', #1074, .T. ) ;
#1591 = DIRECTION ( 'NONE',  ( -0.000000000000000000, -1.000000000000000000, -0.000000000000000000 ) ) ;
#1592 = EDGE_CURVE ( 'NONE', #1653, #468, #1419, .T. ) ;
#1593 = DIRECTION ( 'NONE',  ( 0.000000000000000000, -0.000000000000000000, -1.000000000000000000 ) ) ;
#1594 = MANIFOLD_SOLID_BREP ( 'Cut-Extrude2', #1549 ) ;
#1595 = ORIENTED_EDGE ( 'NONE', *, *, #820, .T. ) ;
#1596 = ORIENTED_EDGE ( 'NONE', *, *, #725, .T. ) ;
#1597 = DIRECTION ( 'NONE',  ( 0.000000000000000000, 0.000000000000000000, 1.000000000000000000 ) ) ;
#1598 = EDGE_CURVE ( 'NONE', #19, #250, #1378, .T. ) ;
#1599 = PRODUCT_DEFINITION ( 'UNKNOWN', '', #307, #742 ) ;
#1600 = DIRECTION ( 'NONE',  ( 0.000000000000000000, 0.000000000000000000, 1.000000000000000000 ) ) ;
#1601 = ORIENTED_EDGE ( 'NONE', *, *, #32, .F. ) ;
#1602 = ORIENTED_EDGE ( 'NONE', *, *, #831, .T. ) ;
#1603 = CARTESIAN_POINT ( 'NONE',  ( -20.90467461984244935, 5.000000000000000000, 0.3372687115187147366 ) ) ;
#1604 = DIRECTION ( 'NONE',  ( 0.5000000000000005551, 0.000000000000000000, -0.8660254037844383745 ) ) ;
#1605 = ORIENTED_EDGE ( 'NONE', *, *, #1013, .F. ) ;
#1606 =( GEOMETRIC_REPRESENTATION_CONTEXT ( 3 ) GLOBAL_UNCERTAINTY_ASSIGNED_CONTEXT ( ( #1039 ) ) GLOBAL_UNIT_ASSIGNED_CONTEXT ( ( #1455, #239, #943 ) ) REPRESENTATION_CONTEXT ( 'NONE', 'WORKASPACE' ) );
#1607 = VECTOR ( 'NONE', #373, 1000.000000000000000 ) ;
#1608 = LOCAL_TIME ( 22, 31, 47.00000000000000000, #1353 ) ;
#1609 = VERTEX_POINT ( 'NONE', #1427 ) ;
#1610 = AXIS2_PLACEMENT_3D ( 'NONE', #1144, #208, #1286 ) ;
#1611 = ORIENTED_EDGE ( 'NONE', *, *, #1146, .F. ) ;
#1612 = VECTOR ( 'NONE', #1421, 1000.000000000000000 ) ;
#1613 = CARTESIAN_POINT ( 'NONE',  ( 13.85640646055101399, 0.000000000000000000, 11.99999999999999822 ) ) ;
#1614 = ORIENTED_EDGE ( 'NONE', *, *, #1136, .F. ) ;
#1615 = CARTESIAN_POINT ( 'NONE',  ( -17.32050807568877460, 8.000000000000000000, 3.599999999999996536 ) ) ;
#1616 = DIRECTION ( 'NONE',  ( 0.000000000000000000, 0.000000000000000000, 1.000000000000000000 ) ) ;
#1617 = ADVANCED_FACE ( 'NONE', ( #1573 ), #1290, .F. ) ;
#1618 = CARTESIAN_POINT ( 'NONE',  ( -16.03585593232135409, 8.000000000000000000, 6.000000000000000000 ) ) ;
#1619 = PRODUCT_DEFINITION_SHAPE ( 'NONE', 'NONE',  #1599 ) ;
#1620 = ORIENTED_EDGE ( 'NONE', *, *, #1740, .T. ) ;
#1621 = CARTESIAN_POINT ( 'NONE',  ( -19.66462976610448621, 4.076040391582677280, 2.735975229497823680 ) ) ;
#1622 = PERSON_AND_ORGANIZATION_ROLE ( 'design_owner' ) ;
#1623 = ORIENTED_EDGE ( 'NONE', *, *, #931, .T. ) ;
#1624 = DIRECTION ( 'NONE',  ( -0.8660254037844380415, -0.000000000000000000, 0.5000000000000009992 ) ) ;
#1625 = EDGE_CURVE ( 'NONE', #234, #1151, #851, .T. ) ;
#1626 = CARTESIAN_POINT ( 'NONE',  ( 20.90467461984247066, 5.000000000000000000, 0.3372687115187185669 ) ) ;
#1627 = CARTESIAN_POINT ( 'NONE',  ( 19.40467461984244224, 5.000000000000000000, 2.935344922872022977 ) ) ;
#1628 = EDGE_CURVE ( 'NONE', #1474, #355, #1139, .T. ) ;
#1629 = ORIENTED_EDGE ( 'NONE', *, *, #216, .F. ) ;
#1630 = CARTESIAN_POINT ( 'NONE',  ( 17.32050807568878170, 10.00000000000000000, 0.000000000000000000 ) ) ;
#1631 = PERSON_AND_ORGANIZATION ( #556, #848 ) ;
#1632 = ORIENTED_EDGE ( 'NONE', *, *, #194, .T. ) ;
#1633 = ADVANCED_FACE ( 'NONE', ( #70 ), #87, .F. ) ;
#1634 = DIRECTION ( 'NONE',  ( 0.5000000000000005551, 0.000000000000000000, 0.8660254037844383745 ) ) ;
#1635 = LINE ( 'NONE', #835, #762 ) ;
#1636 = VECTOR ( 'NONE', #297, 1000.000000000000000 ) ;
#1637 = DIRECTION ( 'NONE',  ( 0.000000000000000000, 1.000000000000000000, 0.000000000000000000 ) ) ;
#1638 = ADVANCED_FACE ( 'NONE', ( #1674 ), #457, .F. ) ;
#1639 = AXIS2_PLACEMENT_3D ( 'NONE', #867, #446, #858 ) ;
#1640 = VERTEX_POINT ( 'NONE', #1005 ) ;
#1641 = DIRECTION ( 'NONE',  ( 0.000000000000000000, 0.000000000000000000, -1.000000000000000000 ) ) ;
#1642 = AXIS2_PLACEMENT_3D ( 'NONE', #300, #1241, #694 ) ;
#1643 = APPROVAL_DATE_TIME ( #1243, #1655 ) ;
#1644 = VECTOR ( 'NONE', #684, 1000.000000000000000 ) ;
#1645 = EDGE_LOOP ( 'NONE', ( #124, #784, #525, #633 ) ) ;
#1646 = CARTESIAN_POINT ( 'NONE',  ( 0.000000000000000000, 8.000000000000000000, -9.000000000000000000 ) ) ;
#1647 = EDGE_CURVE ( 'NONE', #860, #1288, #1700, .T. ) ;
#1648 = CARTESIAN_POINT ( 'NONE',  ( 20.53699092091901335, 3.499971568492568519, 1.628911983310191491 ) ) ;
#1649 = CARTESIAN_POINT ( 'NONE',  ( 13.85640646055102287, 10.00000000000000000, 6.000000000000000000 ) ) ;
#1650 = EDGE_LOOP ( 'NONE', ( #1732, #1396 ) ) ;
#1651 = CARTESIAN_POINT ( 'NONE',  ( -8.660254037844502761, 8.000000000000000000, -14.99999999999993072 ) ) ;
#1652 = APPLICATION_PROTOCOL_DEFINITION ( 'international standard', 'config_control_design', 1994, #1576 ) ;
#1653 = VERTEX_POINT ( 'NONE', #1407 ) ;
#1654 = CARTESIAN_POINT ( 'NONE',  ( -20.48774676960850627, 6.499985760972331050, 1.714169796576640703 ) ) ;
#1655 = APPROVAL ( #1082, 'UNSPECIFIED' ) ;
#1656 = CARTESIAN_POINT ( 'NONE',  ( 20.78460969082654231, 10.00000000000000000, 6.000000000000000000 ) ) ;
#1657 = LINE ( 'NONE', #828, #115 ) ;
#1658 = VERTEX_POINT ( 'NONE', #1537 ) ;
#1659 = DIRECTION ( 'NONE',  ( -0.4999999999999995559, 0.000000000000000000, -0.8660254037844389297 ) ) ;
#1660 = ORIENTED_EDGE ( 'NONE', *, *, #1225, .T. ) ;
#1661 = DIRECTION ( 'NONE',  ( -0.5000000000000001110, 0.000000000000000000, -0.8660254037844384856 ) ) ;
#1662 = FACE_OUTER_BOUND ( 'NONE', #667, .T. ) ;
#1663 = PLANE ( 'NONE',  #231 ) ;
#1664 = EDGE_CURVE ( 'NONE', #1228, #1266, #322, .T. ) ;
#1665 = ORIENTED_EDGE ( 'NONE', *, *, #343, .T. ) ;
#1666 = DIRECTION ( 'NONE',  ( -0.000000000000000000, -1.000000000000000000, -0.000000000000000000 ) ) ;
#1667 = CIRCLE ( 'NONE', #173, 3.599999999999999645 ) ;
#1668 = VECTOR ( 'NONE', #1006, 1000.000000000000000 ) ;
#1669 = EDGE_CURVE ( 'NONE', #489, #1653, #1471, .T. ) ;
#1670 = VERTEX_POINT ( 'NONE', #1175 ) ;
#1671 = AXIS2_PLACEMENT_3D ( 'NONE', #1004, #484, #95 ) ;
#1672 = DIRECTION ( 'NONE',  ( 0.8660254037844383745, 0.000000000000000000, 0.5000000000000004441 ) ) ;
#1673 = AXIS2_PLACEMENT_3D ( 'NONE', #612, #1404, #1395 ) ;
#1674 = FACE_OUTER_BOUND ( 'NONE', #1645, .T. ) ;
#1675 = EDGE_CURVE ( 'NONE', #688, #872, #903, .T. ) ;
#1676 = LINE ( 'NONE', #1517, #335 ) ;
#1677 = DIRECTION ( 'NONE',  ( 0.000000000000000000, 0.000000000000000000, 1.000000000000000000 ) ) ;
#1678 = VERTEX_POINT ( 'NONE', #110 ) ;
#1679 = DIRECTION ( 'NONE',  ( -0.000000000000000000, -1.000000000000000000, 0.000000000000000000 ) ) ;
#1680 = EDGE_CURVE ( 'NONE', #118, #718, #138, .T. ) ;
#1681 = VERTEX_POINT ( 'NONE', #380 ) ;
#1682 = LINE ( 'NONE', #739, #1526 ) ;
#1683 = DIRECTION ( 'NONE',  ( -0.4999999999999995559, 0.000000000000000000, -0.8660254037844389297 ) ) ;
#1684 = LINE ( 'NONE', #71, #653 ) ;
#1685 = LINE ( 'NONE', #1292, #799 ) ;
#1686 = ADVANCED_FACE ( 'NONE', ( #926 ), #499, .F. ) ;
#1687 = ORIENTED_EDGE ( 'NONE', *, *, #1647, .T. ) ;
#1688 = DIRECTION ( 'NONE',  ( -0.000000000000000000, -1.000000000000000000, -0.000000000000000000 ) ) ;
#1689 = ORIENTED_EDGE ( 'NONE', *, *, #346, .F. ) ;
#1690 = CARTESIAN_POINT ( 'NONE',  ( 20.78460969082652099, 8.000000000000000000, 6.000000000000000000 ) ) ;
#1691 = CARTESIAN_POINT ( 'NONE',  ( 19.53842564112617453, 5.667100874853330694, 2.835928991337274496 ) ) ;
#1692 = FACE_OUTER_BOUND ( 'NONE', #1490, .T. ) ;
#1693 = CARTESIAN_POINT ( 'NONE',  ( -21.76666049839538886, 5.000000000000000000, 4.299038105676663335 ) ) ;
#1694 = EDGE_LOOP ( 'NONE', ( #937, #224, #1244, #720 ) ) ;
#1695 = PLANE ( 'NONE',  #1673 ) ;
#1696 = VERTEX_POINT ( 'NONE', #1058 ) ;
#1697 = CYLINDRICAL_SURFACE ( 'NONE', #1300, 1.499999999999999778 ) ;
#1698 = VECTOR ( 'NONE', #823, 1000.000000000000000 ) ;
#1699 = APPROVAL_PERSON_ORGANIZATION ( #702, #1232, #10 ) ;
#1700 = LINE ( 'NONE', #1297, #485 ) ;
#1701 = VECTOR ( 'NONE', #974, 1000.000000000000114 ) ;
#1702 = EDGE_CURVE ( 'NONE', #1328, #1019, #619, .T. ) ;
#1703 = VECTOR ( 'NONE', #927, 1000.000000000000114 ) ;
#1704 = CARTESIAN_POINT ( 'NONE',  ( 17.32050807568878170, 10.00000000000000000, 0.000000000000000000 ) ) ;
#1705 = CARTESIAN_POINT ( 'NONE',  ( -13.85640646055101399, 8.000000000000000000, -15.50000000000000000 ) ) ;
#1706 = VERTEX_POINT ( 'NONE', #1581 ) ;
#1707 = CARTESIAN_POINT ( 'NONE',  ( -17.32050807568877460, 0.000000000000000000, -3.154177549934253528E-15 ) ) ;
#1708 = ORIENTED_EDGE ( 'NONE', *, *, #1669, .T. ) ;
#1709 = DIRECTION ( 'NONE',  ( 0.8660254037844383745, -0.000000000000000000, 0.5000000000000004441 ) ) ;
#1710 = CARTESIAN_POINT ( 'NONE',  ( 19.99177081768078779, 6.299408234313480293, 2.414797383779525575 ) ) ;
#1711 = DIRECTION ( 'NONE',  ( 0.000000000000000000, 0.000000000000000000, 1.000000000000000000 ) ) ;
#1712 = CARTESIAN_POINT ( 'NONE',  ( 16.03585593232135409, 8.000000000000000000, -6.000000000000000000 ) ) ;
#1713 = ORIENTED_EDGE ( 'NONE', *, *, #1284, .T. ) ;
#1714 = LINE ( 'NONE', #363, #988 ) ;
#1715 = ORIENTED_EDGE ( 'NONE', *, *, #826, .F. ) ;
#1716 = PLANE ( 'NONE',  #308 ) ;
#1717 = CARTESIAN_POINT ( 'NONE',  ( -13.85640646055101399, 8.000000000000000000, 10.49999999999999822 ) ) ;
#1718 = CARTESIAN_POINT ( 'NONE',  ( 13.85640646055101399, 0.000000000000000000, -9.000000000000000000 ) ) ;
#1719 = ORIENTED_EDGE ( 'NONE', *, *, #388, .F. ) ;
#1720 = DIRECTION ( 'NONE',  ( -1.001543065824772482E-16, 0.000000000000000000, -1.000000000000000000 ) ) ;
#1721 = ADVANCED_FACE ( 'NONE', ( #663 ), #1725, .F. ) ;
#1722 = ORIENTED_EDGE ( 'NONE', *, *, #470, .F. ) ;
#1723 = CARTESIAN_POINT ( 'NONE',  ( -20.33552836334461844, 3.509851683315385440, 1.969556220717122885 ) ) ;
#1724 = ADVANCED_FACE ( 'NONE', ( #1051 ), #796, .T. ) ;
#1725 = CYLINDRICAL_SURFACE ( 'NONE', #89, 1.499999999999997780 ) ;
#1726 = VERTEX_POINT ( 'NONE', #1331 ) ;
#1727 = VECTOR ( 'NONE', #90, 1000.000000000000114 ) ;
#1728 = VECTOR ( 'NONE', #1659, 1000.000000000000114 ) ;
#1729 = AXIS2_PLACEMENT_3D ( 'NONE', #348, #356, #897 ) ;
#1730 = EDGE_LOOP ( 'NONE', ( #1632, #1205, #1443, #1320 ) ) ;
#1731 = FACE_OUTER_BOUND ( 'NONE', #1730, .T. ) ;
#1732 = ORIENTED_EDGE ( 'NONE', *, *, #811, .T. ) ;
#1733 = CARTESIAN_POINT ( 'NONE',  ( 0.000000000000000000, 8.000000000000000000, 0.000000000000000000 ) ) ;
#1734 = CC_DESIGN_PERSON_AND_ORGANIZATION_ASSIGNMENT ( #410, #172, ( #307 ) ) ;
#1735 = ORIENTED_EDGE ( 'NONE', *, *, #1457, .F. ) ;
#1736 = DIRECTION ( 'NONE',  ( -0.000000000000000000, -1.000000000000000000, -0.000000000000000000 ) ) ;
#1737 = ORIENTED_EDGE ( 'NONE', *, *, #1038, .F. ) ;
#1738 = CARTESIAN_POINT ( 'NONE',  ( -24.24871130596428159, 0.000000000000000000, 7.088080128179046213E-17 ) ) ;
#1739 = ORIENTED_EDGE ( 'NONE', *, *, #323, .T. ) ;
#1740 = EDGE_CURVE ( 'NONE', #1288, #278, #1479, .T. ) ;
#1741 = ORIENTED_EDGE ( 'NONE', *, *, #1048, .T. ) ;
#1742 = CARTESIAN_POINT ( 'NONE',  ( -17.32050807568877460, 0.000000000000000000, -3.600000000000002309 ) ) ;
#1743 = ORIENTED_EDGE ( 'NONE', *, *, #1377, .T. ) ;
#1744 = CARTESIAN_POINT ( 'NONE',  ( -13.85640646055101399, 0.000000000000000000, 11.99999999999999822 ) ) ;
#1745 = CARTESIAN_POINT ( 'NONE',  ( 13.85640646055101399, 0.000000000000000000, 10.49999999999999822 ) ) ;
#1746 = ORIENTED_EDGE ( 'NONE', *, *, #427, .T. ) ;
#1747 = DIRECTION ( 'NONE',  ( -0.4999999999999953926, 0.000000000000000000, 0.8660254037844413721 ) ) ;
ENDSEC;
END-ISO-10303-21;
