ISO-10303-21;
HEADER;
FILE_DESCRIPTION (( 'STEP AP203' ),
    '1' );
FILE_NAME ('UnivJointOuter.STEP',
    '2026-04-05T18:06:25',
    ( '' ),
    ( '' ),
    'SwSTEP 2.0',
    'SolidWorks 2025',
    '' );
FILE_SCHEMA (( 'CONFIG_CONTROL_DESIGN' ));
ENDSEC;

DATA;
#1 = CALENDAR_DATE ( 2026, 5, 4 ) ;
#2 = ADVANCED_FACE ( 'NONE', ( #451 ), #82, .T. ) ;
#3 = CARTESIAN_POINT ( 'NONE',  ( 0.4841451845077051619, 5.423103054638799492, 7.985853288116758542 ) ) ;
#4 = CARTESIAN_POINT ( 'NONE',  ( 0.000000000000000000, 8.000000000000000000, 4.999999999999999112 ) ) ;
#5 = CARTESIAN_POINT ( 'NONE',  ( -3.112474899497184033, 18.74999999999999289, 7.369701486491835318 ) ) ;
#6 = EDGE_CURVE ( 'NONE', #1385, #430, #1146, .T. ) ;
#7 = DIRECTION ( 'NONE',  ( -0.000000000000000000, -1.000000000000000000, -0.000000000000000000 ) ) ;
#8 = DIRECTION ( 'NONE',  ( 0.000000000000000000, 1.000000000000000000, 0.000000000000000000 ) ) ;
#9 = CARTESIAN_POINT ( 'NONE',  ( 0.3948970686750250536, 2.539723098976039761, -4.987704680031239235 ) ) ;
#10 = CARTESIAN_POINT ( 'NONE',  ( 1.451662567448873675, 3.609725083469891516, 4.784671478638785835 ) ) ;
#11 = CARTESIAN_POINT ( 'NONE',  ( 9.797174484482551210E-16, 2.499999999999999556, 8.000000000000000000 ) ) ;
#12 = CARTESIAN_POINT ( 'NONE',  ( -4.007836432944096750, 17.56833822192110617, 6.925089513039099032 ) ) ;
#13 = CARTESIAN_POINT ( 'NONE',  ( -2.596838089825819651, 10.23257133066181446, -7.568131299185838934 ) ) ;
#14 = ORIENTED_EDGE ( 'NONE', *, *, #320, .T. ) ;
#15 =( NAMED_UNIT ( * ) SI_UNIT ( $, .STERADIAN. ) SOLID_ANGLE_UNIT ( ) );
#16 = CARTESIAN_POINT ( 'NONE',  ( 4.336808689942025625E-16, 11.75000000000000000, -4.999999999999999112 ) ) ;
#17 = DIRECTION ( 'NONE',  ( 0.000000000000000000, -1.000000000000000000, 0.000000000000000000 ) ) ;
#18 = VECTOR ( 'NONE', #595, 1000.000000000000000 ) ;
#19 = CARTESIAN_POINT ( 'NONE',  ( 0.1965151546951049710, 5.490291877597203829, 7.998163383615542799 ) ) ;
#20 = CARTESIAN_POINT ( 'NONE',  ( -4.500000000000002665, 8.000000000000000000, 4.999999999999999112 ) ) ;
#21 = CARTESIAN_POINT ( 'NONE',  ( -4.500000000000000000, 15.50000000000000000, 6.614378277661476346 ) ) ;
#22 = CARTESIAN_POINT ( 'NONE',  ( -1.787961093150909120, 14.12620569109725110, 7.798094023858888946 ) ) ;
#23 = CARTESIAN_POINT ( 'NONE',  ( 4.500000000000000000, 15.50000000000000000, 6.614378277661476346 ) ) ;
#24 = ORIENTED_EDGE ( 'NONE', *, *, #1457, .T. ) ;
#25 = CARTESIAN_POINT ( 'NONE',  ( 1.339288601838972793E-22, 2.499999999999999556, -8.000000000000000000 ) ) ;
#26 = DIRECTION ( 'NONE',  ( -0.000000000000000000, -0.000000000000000000, 1.000000000000000000 ) ) ;
#27 = CARTESIAN_POINT ( 'NONE',  ( -2.250000000000000444, 15.49999999999999289, 7.677076266392043991 ) ) ;
#28 = EDGE_CURVE ( 'NONE', #1224, #1478, #784, .T. ) ;
#29 = DIRECTION ( 'NONE',  ( -0.000000000000000000, -0.000000000000000000, 1.000000000000000000 ) ) ;
#30 = CARTESIAN_POINT ( 'NONE',  ( 2.235245301937488716, 15.20361681602935988, -7.681443750034685714 ) ) ;
#31 = ORIENTED_EDGE ( 'NONE', *, *, #918, .T. ) ;
#32 = CARTESIAN_POINT ( 'NONE',  ( 1.422991795754441791, 3.515479586855382976, 7.872519303265324453 ) ) ;
#33 = CARTESIAN_POINT ( 'NONE',  ( 4.500000000000004441, 8.000000000000000000, 6.614378277661472794 ) ) ;
#34 = B_SPLINE_CURVE_WITH_KNOTS ( 'NONE', 3,
 ( #1174, #1042, #9, #825, #1282, #834, #624, #377, #591, #136, #731, #1413, #485, #601 ),
 .UNSPECIFIED., .F., .F.,
 ( 4, 2, 2, 2, 2, 2, 4 ),
 ( 0.004717002832140657249, 0.005306497955731017194, 0.005601245517526196732, 0.005895993079321377138, 0.006485488202911737082, 0.006780235764706917488, 0.007074983326502097027 ),
 .UNSPECIFIED. ) ;
#35 = CARTESIAN_POINT ( 'NONE',  ( -1.500000000000000222, 4.000000000000000000, -8.000000000000000000 ) ) ;
#36 = VECTOR ( 'NONE', #420, 1000.000000000000000 ) ;
#37 = VERTEX_POINT ( 'NONE', #4 ) ;
#38 = PERSON_AND_ORGANIZATION_ROLE ( 'design_owner' ) ;
#39 = VECTOR ( 'NONE', #162, 1000.000000000000000 ) ;
#40 = CARTESIAN_POINT ( 'NONE',  ( -1.500000000000000222, 3.901943603957579665, -7.858116822750855768 ) ) ;
#41 = CARTESIAN_POINT ( 'NONE',  ( 2.177176568776458598, 16.08676713597389352, 7.698104656019924441 ) ) ;
#42 = CARTESIAN_POINT ( 'NONE',  ( 1.346508572387917581E-20, 2.499999999999999556, -4.999999999999999112 ) ) ;
#43 = CARTESIAN_POINT ( 'NONE',  ( 2.249999999999998668, 15.49999999999999289, 4.999999999999999112 ) ) ;
#44 = CARTESIAN_POINT ( 'NONE',  ( -3.459487759397047668, 14.51188122819539572, 7.218997482360541618 ) ) ;
#45 = CARTESIAN_POINT ( 'NONE',  ( 3.216546217467012081, 14.22795832546518113, 7.328656129054097690 ) ) ;
#46 = CYLINDRICAL_SURFACE ( 'NONE', #86, 4.999999999999999112 ) ;
#47 = VERTEX_POINT ( 'NONE', #462 ) ;
#48 = CARTESIAN_POINT ( 'NONE',  ( 4.500000000000000000, 15.50000000000000000, -4.999999999999999112 ) ) ;
#49 = CARTESIAN_POINT ( 'NONE',  ( 0.5866047983223802165, 17.67718391378642195, 7.979777868968782606 ) ) ;
#50 = ORIENTED_EDGE ( 'NONE', *, *, #1470, .F. ) ;
#51 = DIRECTION ( 'NONE',  ( -1.000000000000000000, 0.000000000000000000, 0.000000000000000000 ) ) ;
#52 = AXIS2_PLACEMENT_3D ( 'NONE', #782, #323, #309 ) ;
#53 = CARTESIAN_POINT ( 'NONE',  ( -4.500000000000002665, 8.000000000000000000, -6.614378277661475458 ) ) ;
#54 = EDGE_CURVE ( 'NONE', #312, #497, #1389, .T. ) ;
#55 = CARTESIAN_POINT ( 'NONE',  ( -3.966714431774549965, 15.03605456756541514, -6.953211978970395002 ) ) ;
#56 = VERTEX_POINT ( 'NONE', #1185 ) ;
#57 = CARTESIAN_POINT ( 'NONE',  ( 4.500000000000000000, 15.50000000000000000, -6.614378277661476346 ) ) ;
#58 = CARTESIAN_POINT ( 'NONE',  ( -1.788120136045158182, 16.87356744998279012, 7.798056358873525440 ) ) ;
#59 = CARTESIAN_POINT ( 'NONE',  ( -1.788393086771985052, 14.12684834899563668, -7.797990324332176648 ) ) ;
#60 = APPROVAL ( #570, 'UNSPECIFIED' ) ;
#61 = ORIENTED_EDGE ( 'NONE', *, *, #901, .F. ) ;
#62 = CARTESIAN_POINT ( 'NONE',  ( -4.500000000000002665, 7.999999999999998224, 7.694392822221488792 ) ) ;
#63 = CARTESIAN_POINT ( 'NONE',  ( 4.500000000000000000, 15.50000000000000000, 6.614378277661476346 ) ) ;
#64 = CARTESIAN_POINT ( 'NONE',  ( 4.500000000000000000, 15.50000000000000000, 4.999999999999999112 ) ) ;
#65 = EDGE_LOOP ( 'NONE', ( #395, #192, #1031, #1191 ) ) ;
#66 = CARTESIAN_POINT ( 'NONE',  ( -4.558293695723145919E-17, 5.500000000000000888, -8.000000000000000000 ) ) ;
#67 = CARTESIAN_POINT ( 'NONE',  ( -3.112474899497184033, 18.74999999999999289, 7.369701486491835318 ) ) ;
#68 = ORIENTED_EDGE ( 'NONE', *, *, #143, .F. ) ;
#69 = AXIS2_PLACEMENT_3D ( 'NONE', #1432, #17, #477 ) ;
#70 = DIRECTION ( 'NONE',  ( 0.000000000000000000, 1.000000000000000000, 0.000000000000000000 ) ) ;
#71 = ORIENTED_EDGE ( 'NONE', *, *, #767, .F. ) ;
#72 = CARTESIAN_POINT ( 'NONE',  ( 3.463922591193349998, 8.983221087637918600, -7.216834271512289511 ) ) ;
#73 = ORIENTED_EDGE ( 'NONE', *, *, #198, .T. ) ;
#74 = CARTESIAN_POINT ( 'NONE',  ( -1.192202343958106203, 3.084489347201468945, 4.856108596419250745 ) ) ;
#75 = AXIS2_PLACEMENT_3D ( 'NONE', #1468, #1135, #105 ) ;
#76 = EDGE_CURVE ( 'NONE', #337, #376, #734, .T. ) ;
#77 = LINE ( 'NONE', #866, #552 ) ;
#78 = ORIENTED_EDGE ( 'NONE', *, *, #1406, .F. ) ;
#79 = CARTESIAN_POINT ( 'NONE',  ( -0.7528726765996686110, 2.698958359207080271, -7.964912846190443041 ) ) ;
#80 = EDGE_CURVE ( 'NONE', #430, #1329, #659, .T. ) ;
#81 = CARTESIAN_POINT ( 'NONE',  ( -1.451393451905290455, 3.608580538324346332, 4.784753788942761155 ) ) ;
#82 = CYLINDRICAL_SURFACE ( 'NONE', #889, 4.500000000000000888 ) ;
#83 = ORIENTED_EDGE ( 'NONE', *, *, #94, .F. ) ;
#84 = CIRCLE ( 'NONE', #922, 8.000000000000000000 ) ;
#85 = CARTESIAN_POINT ( 'NONE',  ( 2.249850986151842758, 11.94500670589763658, -7.677119939438004970 ) ) ;
#86 = AXIS2_PLACEMENT_3D ( 'NONE', #830, #141, #596 ) ;
#87 = ORIENTED_EDGE ( 'NONE', *, *, #333, .F. ) ;
#88 = DIRECTION ( 'NONE',  ( 0.000000000000000000, 0.000000000000000000, 1.000000000000000000 ) ) ;
#89 = VERTEX_POINT ( 'NONE', #1159 ) ;
#90 = CARTESIAN_POINT ( 'NONE',  ( -4.500000000000002665, 8.000000000000000000, 6.614378277661475458 ) ) ;
#91 = B_SPLINE_SURFACE_WITH_KNOTS ( 'NONE', 2, 1, ( 
 ( #290, #1206 ),
 ( #1333, #654 ),
 ( #62, #985 ) ),
 .UNSPECIFIED., .F., .F., .F.,
 ( 3, 3 ),
 ( 2, 2 ),
 ( 0.000000000000000000, 1.000000000000000000 ),
 ( 0.000000000000000000, 1.000000000000000000 ),
 .UNSPECIFIED. ) ;
#92 = CARTESIAN_POINT ( 'NONE',  ( -0.6661301830527465162, 5.347567219681420347, -7.972738435276571778 ) ) ;
#93 = CARTESIAN_POINT ( 'NONE',  ( -1.301055201395987737, 3.247151286583485952, 7.893685657011146439 ) ) ;
#94 = EDGE_CURVE ( 'NONE', #503, #1205, #380, .T. ) ;
#95 = CARTESIAN_POINT ( 'NONE',  ( -3.112474899497184033, 18.74999999999999289, -8.000000000000000000 ) ) ;
#96 = EDGE_CURVE ( 'NONE', #1462, #1252, #311, .T. ) ;
#97 = DIRECTION ( 'NONE',  ( 0.000000000000000000, 0.000000000000000000, 1.000000000000000000 ) ) ;
#98 = B_SPLINE_CURVE_WITH_KNOTS ( 'NONE', 3,
 ( #33, #1420, #382, #261, #726, #156, #347, #1287, #620, #868, #297, #154, #182, #514, #963, #45, #1419, #850, #291, #1200 ),
 .UNSPECIFIED., .F., .F.,
 ( 4, 2, 2, 2, 2, 2, 2, 2, 2, 4 ),
 ( 2.124593680485184732E-18, 0.001159906139640229763, 0.002319812279280457357, 0.003479718418920685168, 0.004639624558560912111, 0.005219577628381025583, 0.005799530698201139055, 0.006959436837841371203, 0.008119342977481604218, 0.009279249117121836365 ),
 .UNSPECIFIED. ) ;
#99 = CARTESIAN_POINT ( 'NONE',  ( -1.192527091637217262, 3.084901667533081593, 7.910808872959475657 ) ) ;
#100 = CARTESIAN_POINT ( 'NONE',  ( -1.460508733406316928, 4.393878722029281647, 7.865919828559667870 ) ) ;
#101 = ORIENTED_EDGE ( 'NONE', *, *, #1234, .F. ) ;
#102 = CARTESIAN_POINT ( 'NONE',  ( -4.336808689942023652E-16, 11.75000000000000000, -7.694392822221491457 ) ) ;
#103 = B_SPLINE_CURVE_WITH_KNOTS ( 'NONE', 3,
 ( #861, #1157, #357, #613, #127, #1425, #264, #956, #509, #741, #976, #476, #703, #255, #583, #935 ),
 .UNSPECIFIED., .F., .F.,
 ( 4, 2, 2, 2, 2, 2, 2, 4 ),
 ( 0.01060478484727948173, 0.01104651175399383282, 0.01148823866070818218, 0.01237169247413687917, 0.01281341938085123026, 0.01325514628756558136, 0.01369687319427993419, 0.01413860010099428528 ),
 .UNSPECIFIED. ) ;
#104 = AXIS2_PLACEMENT_3D ( 'NONE', #1299, #354, #814 ) ;
#105 = DIRECTION ( 'NONE',  ( 0.000000000000000000, 0.000000000000000000, -1.000000000000000000 ) ) ;
#106 = VERTEX_POINT ( 'NONE', #361 ) ;
#107 = VECTOR ( 'NONE', #1403, 1000.000000000000000 ) ;
#108 = VECTOR ( 'NONE', #1165, 1000.000000000000000 ) ;
#109 = VERTEX_POINT ( 'NONE', #370 ) ;
#110 = CARTESIAN_POINT ( 'NONE',  ( -0.9225428808325875085, 5.198847029713107304, 4.916194424183981226 ) ) ;
#111 = DIRECTION ( 'NONE',  ( 0.000000000000000000, -0.000000000000000000, 1.000000000000000000 ) ) ;
#112 = EDGE_CURVE ( 'NONE', #1050, #843, #479, .T. ) ;
#113 = CARTESIAN_POINT ( 'NONE',  ( 0.000000000000000000, 0.000000000000000000, 0.000000000000000000 ) ) ;
#114 = VERTEX_POINT ( 'NONE', #43 ) ;
#115 = EDGE_LOOP ( 'NONE', ( #605, #202, #511, #401 ) ) ;
#116 = PRODUCT_DEFINITION_SHAPE ( 'NONE', 'NONE',  #1056 ) ;
#117 = CARTESIAN_POINT ( 'NONE',  ( 2.021569274258267601, 14.50134961245213461, 7.740585075406277049 ) ) ;
#118 = COORDINATED_UNIVERSAL_TIME_OFFSET ( 7, 0, .BEHIND. ) ;
#119 = CARTESIAN_POINT ( 'NONE',  ( -4.500000000000000000, 15.50000000000000000, -4.999999999999999112 ) ) ;
#120 = CARTESIAN_POINT ( 'NONE',  ( -0.9908322432022902415, 2.869589178880862068, -4.901353996389901546 ) ) ;
#121 = CARTESIAN_POINT ( 'NONE',  ( -1.500000000000000222, 4.197025340290268858, -4.769696007084727185 ) ) ;
#122 = EDGE_CURVE ( 'NONE', #623, #719, #216, .T. ) ;
#123 = CARTESIAN_POINT ( 'NONE',  ( -2.596838089825819651, 10.23257133066181446, 7.568131299185838934 ) ) ;
#124 = CARTESIAN_POINT ( 'NONE',  ( 1.557538390238228062E-15, 13.24999999999998224, 8.000000000000001776 ) ) ;
#125 = CARTESIAN_POINT ( 'NONE',  ( 1.300944951403253169, 4.753068710729604796, 4.828115530344147643 ) ) ;
#126 = CARTESIAN_POINT ( 'NONE',  ( 1.301381410032812269, 3.247696433897743873, -7.893632268899053450 ) ) ;
#127 = CARTESIAN_POINT ( 'NONE',  ( 0.7279211707783841412, 17.63405397782889850, -7.967981441013066934 ) ) ;
#128 = B_SPLINE_CURVE_WITH_KNOTS ( 'NONE', 3,
 ( #1331, #871, #294, #758, #1439, #403, #285, #1202, #632, #1099, #1093, #57 ),
 .UNSPECIFIED., .F., .F.,
 ( 4, 2, 2, 2, 2, 4 ),
 ( 0.01067844839827764881, 0.01160361655017206998, 0.01252878470206649116, 0.01299136877801370694, 0.01345395285396092273, 0.01437912100585535431 ),
 .UNSPECIFIED. ) ;
#129 = CARTESIAN_POINT ( 'NONE',  ( 1.490148234823551521, 3.802270491688534815, 4.772825536983724248 ) ) ;
#130 = AXIS2_PLACEMENT_3D ( 'NONE', #936, #1480, #1246 ) ;
#131 = CARTESIAN_POINT ( 'NONE',  ( -3.112474899497184033, 18.74999999999999289, -8.000000000000000000 ) ) ;
#132 = CARTESIAN_POINT ( 'NONE',  ( -4.500000000000000000, 15.50000000000000000, -6.614378277661476346 ) ) ;
#133 = CARTESIAN_POINT ( 'NONE',  ( -4.558293695723145919E-17, 5.500000000000000888, -8.000000000000000000 ) ) ;
#134 = ORIENTED_EDGE ( 'NONE', *, *, #1386, .T. ) ;
#135 = CARTESIAN_POINT ( 'NONE',  ( 1.129493298830414272, 3.008128492577683666, -7.920171439639828392 ) ) ;
#136 = CARTESIAN_POINT ( 'NONE',  ( 1.423018747869676526, 3.515419525041156401, -4.793389493916459188 ) ) ;
#137 = CARTESIAN_POINT ( 'NONE',  ( -8.000000000000000000, 18.74999999999999289, -4.999999999999999112 ) ) ;
#138 = CARTESIAN_POINT ( 'NONE',  ( 1.346997490987271284, 3.332729390183614804, 4.815302934801338530 ) ) ;
#139 = CARTESIAN_POINT ( 'NONE',  ( 0.2942232103650797570, 13.26439436861093313, -7.995914990116706811 ) ) ;
#140 = CARTESIAN_POINT ( 'NONE',  ( -4.232820816359182281, 15.27735068029932108, 6.796149908480384028 ) ) ;
#141 = DIRECTION ( 'NONE',  ( -0.000000000000000000, -1.000000000000000000, -0.000000000000000000 ) ) ;
#142 = CARTESIAN_POINT ( 'NONE',  ( 0.7563734026561693691, 5.309976031696414189, -7.966215025758635271 ) ) ;
#143 = EDGE_CURVE ( 'NONE', #797, #1106, #150, .T. ) ;
#144 = VERTEX_POINT ( 'NONE', #502 ) ;
#145 = APPLICATION_PROTOCOL_DEFINITION ( 'international standard', 'config_control_design', 1994, #525 ) ;
#146 = LINE ( 'NONE', #855, #887 ) ;
#147 = CARTESIAN_POINT ( 'NONE',  ( -2.250000000000000444, 15.49999999999999289, -7.677076266392043102 ) ) ;
#148 = CIRCLE ( 'NONE', #1011, 8.000000000000000000 ) ;
#149 = CARTESIAN_POINT ( 'NONE',  ( 0.000000000000000000, 4.000000000000000000, -8.000000000000000000 ) ) ;
#150 = LINE ( 'NONE', #949, #597 ) ;
#151 = ADVANCED_FACE ( 'NONE', ( #1045 ), #1405, .T. ) ;
#152 = EDGE_LOOP ( 'NONE', ( #756, #763, #1072, #316, #1172, #1113 ) ) ;
#153 = CARTESIAN_POINT ( 'NONE',  ( -3.518798604332848967, 18.32095549260624878, 7.187168365217342370 ) ) ;
#154 = CARTESIAN_POINT ( 'NONE',  ( 2.339491288364158539, 12.52197145629377850, 7.650369855812542141 ) ) ;
#155 = CARTESIAN_POINT ( 'NONE',  ( 2.249999999999998668, 15.49999999999999289, 8.000999999999999446 ) ) ;
#156 = CARTESIAN_POINT ( 'NONE',  ( 2.784049846913168480, 9.896039055756444824, 7.503651885724317516 ) ) ;
#157 = CARTESIAN_POINT ( 'NONE',  ( -2.339491288364158983, 12.52197145629378561, -7.650369855812547470 ) ) ;
#158 = ORIENTED_EDGE ( 'NONE', *, *, #28, .T. ) ;
#159 = ORIENTED_EDGE ( 'NONE', *, *, #76, .F. ) ;
#160 = CARTESIAN_POINT ( 'NONE',  ( 4.500000000000003553, 8.000000000000000000, -4.999999999999999112 ) ) ;
#161 = CARTESIAN_POINT ( 'NONE',  ( 2.134356334533099364, 16.22704053842694449, 7.710247887621550333 ) ) ;
#162 = DIRECTION ( 'NONE',  ( -0.000000000000000000, -0.000000000000000000, -1.000000000000000000 ) ) ;
#163 = CYLINDRICAL_SURFACE ( 'NONE', #698, 4.999999999999999112 ) ;
#164 = CARTESIAN_POINT ( 'NONE',  ( 4.332691899815479530, 16.72517313714254072, 6.725385340598418971 ) ) ;
#165 = FACE_OUTER_BOUND ( 'NONE', #781, .T. ) ;
#166 = CARTESIAN_POINT ( 'NONE',  ( -3.459487759397047668, 14.51188122819539572, -7.218997482360541618 ) ) ;
#167 = AXIS2_PLACEMENT_3D ( 'NONE', #1241, #209, #111 ) ;
#168 = ORIENTED_EDGE ( 'NONE', *, *, #729, .T. ) ;
#169 = CARTESIAN_POINT ( 'NONE',  ( -4.500000000000000000, 15.50000000000000000, 6.614378277661476346 ) ) ;
#170 = CARTESIAN_POINT ( 'NONE',  ( 2.021749434821606961, 16.49829561256984789, 7.740538009346164650 ) ) ;
#171 = DIRECTION ( 'NONE',  ( 1.000000000000000000, -0.000000000000000000, -0.000000000000000000 ) ) ;
#172 = ADVANCED_FACE ( 'NONE', ( #390 ), #1087, .F. ) ;
#173 = ORIENTED_EDGE ( 'NONE', *, *, #224, .T. ) ;
#174 = CYLINDRICAL_SURFACE ( 'NONE', #1352, 4.500000000000000888 ) ;
#175 = LINE ( 'NONE', #1215, #783 ) ;
#176 = ORIENTED_EDGE ( 'NONE', *, *, #76, .T. ) ;
#177 = LINE ( 'NONE', #633, #690 ) ;
#178 = CARTESIAN_POINT ( 'NONE',  ( 2.235268282519159655, 15.79659600242093020, 7.681437939072909060 ) ) ;
#179 = ORIENTED_EDGE ( 'NONE', *, *, #1083, .T. ) ;
#180 = CIRCLE ( 'NONE', #972, 8.000000000000000000 ) ;
#181 = CARTESIAN_POINT ( 'NONE',  ( -5.778211232370530420E-16, 17.75000000000000355, -8.000000000000001776 ) ) ;
#182 = CARTESIAN_POINT ( 'NONE',  ( 2.392731301851347414, 12.71208743013414377, 7.634121562281161566 ) ) ;
#183 = ORIENTED_EDGE ( 'NONE', *, *, #753, .T. ) ;
#184 = CARTESIAN_POINT ( 'NONE',  ( 2.326514325312736720, 10.96701453505019153, -7.655554226873530155 ) ) ;
#185 = CARTESIAN_POINT ( 'NONE',  ( -1.030840800689993221E-15, 15.49999999999999289, 8.000999999999999446 ) ) ;
#186 = APPROVAL_DATE_TIME ( #794, #60 ) ;
#187 = B_SPLINE_CURVE_WITH_KNOTS ( 'NONE', 3,
 ( #1244, #1368, #100, #1132, #1250, #223, #558, #1035, #331, #1476, #904, #799 ),
 .UNSPECIFIED., .F., .F.,
 ( 4, 2, 2, 2, 2, 4 ),
 ( 0.004700085530318315850, 0.005287645502867096593, 0.005875205475415878204, 0.006168985461690269442, 0.006462765447964662416, 0.007050325420513445761 ),
 .UNSPECIFIED. ) ;
#188 = ADVANCED_FACE ( 'NONE', ( #1285 ), #512, .F. ) ;
#189 = ORIENTED_EDGE ( 'NONE', *, *, #429, .T. ) ;
#190 = ORGANIZATION ( 'UNSPECIFIED', 'UNSPECIFIED', '' ) ;
#191 = CARTESIAN_POINT ( 'NONE',  ( 2.268383097554479200, 12.13924765480583190, -7.671754463079889064 ) ) ;
#192 = ORIENTED_EDGE ( 'NONE', *, *, #700, .T. ) ;
#193 = CC_DESIGN_PERSON_AND_ORGANIZATION_ASSIGNMENT ( #1156, #1382, ( #1056 ) ) ;
#194 = CARTESIAN_POINT ( 'NONE',  ( -0.9231061947825283109, 2.801586790040573760, 4.916086840863216345 ) ) ;
#195 = CARTESIAN_POINT ( 'NONE',  ( -1.030840800689993221E-15, 15.49999999999999289, 8.000999999999999446 ) ) ;
#196 = ORIENTED_EDGE ( 'NONE', *, *, #638, .F. ) ;
#197 = DIRECTION ( 'NONE',  ( -1.000000000000000000, 0.000000000000000000, 0.000000000000000000 ) ) ;
#198 = EDGE_CURVE ( 'NONE', #1302, #1004, #267, .T. ) ;
#199 = ORIENTED_EDGE ( 'NONE', *, *, #1406, .T. ) ;
#200 = CYLINDRICAL_SURFACE ( 'NONE', #1395, 4.500000000000000888 ) ;
#201 = B_SPLINE_CURVE_WITH_KNOTS ( 'NONE', 3,
 ( #1183, #603, #1053, #49, #957, #510, #751, #969, #1194, #846, #170, #161, #41, #178, #500, #1095 ),
 .UNSPECIFIED., .F., .F.,
 ( 4, 2, 2, 2, 2, 2, 2, 4 ),
 ( 0.003536090429879586335, 0.003977863321229711986, 0.004419636212579836770, 0.005303181995280090676, 0.005744954886630217195, 0.006186727777980343713, 0.006628500669330470232, 0.007070273560680596751 ),
 .UNSPECIFIED. ) ;
#202 = ORIENTED_EDGE ( 'NONE', *, *, #1242, .T. ) ;
#203 = ORIENTED_EDGE ( 'NONE', *, *, #918, .F. ) ;
#204 = CARTESIAN_POINT ( 'NONE',  ( 2.339491288364158539, 12.52197145629377850, -7.650369855812542141 ) ) ;
#205 = VERTEX_POINT ( 'NONE', #1018 ) ;
#206 = DIRECTION ( 'NONE',  ( 1.000000000000000000, 0.000000000000000000, 0.000000000000000000 ) ) ;
#207 = APPROVAL_ROLE ( '' ) ;
#208 = ORIENTED_EDGE ( 'NONE', *, *, #1120, .F. ) ;
#209 = DIRECTION ( 'NONE',  ( 0.000000000000000000, 1.000000000000000000, 0.000000000000000000 ) ) ;
#210 = EDGE_LOOP ( 'NONE', ( #730, #1103, #1027, #302, #1484, #1021, #578, #1232, #1231, #1259 ) ) ;
#211 = LINE ( 'NONE', #907, #310 ) ;
#212 = EDGE_CURVE ( 'NONE', #1217, #561, #1295, .T. ) ;
#213 = CARTESIAN_POINT ( 'NONE',  ( 2.190485364882393426, 14.90800880501952719, 7.695152527867533898 ) ) ;
#214 = EDGE_CURVE ( 'NONE', #998, #761, #1422, .T. ) ;
#215 = CARTESIAN_POINT ( 'NONE',  ( -1.460461220771270385, 4.393989576870524161, -7.865928142934719425 ) ) ;
#216 = CIRCLE ( 'NONE', #631, 4.500000000000000888 ) ;
#217 = CARTESIAN_POINT ( 'NONE',  ( 1.487700715626592674, 13.80565987974070730, 7.861167520749941851 ) ) ;
#218 = COORDINATED_UNIVERSAL_TIME_OFFSET ( 7, 0, .BEHIND. ) ;
#219 = CARTESIAN_POINT ( 'NONE',  ( -4.336808689942023652E-16, 11.75000000000000000, -4.999999999999999112 ) ) ;
#220 = CARTESIAN_POINT ( 'NONE',  ( -1.500000000000000222, 4.000000000000000000, -7.858116822750855768 ) ) ;
#221 = ORIENTED_EDGE ( 'NONE', *, *, #680, .F. ) ;
#222 = CARTESIAN_POINT ( 'NONE',  ( -0.7589733833374004979, 5.308888793089412417, 4.945488157031723730 ) ) ;
#223 = CARTESIAN_POINT ( 'NONE',  ( -0.9919010595495769689, 5.129467383550962545, 7.938576488282674148 ) ) ;
#224 = EDGE_CURVE ( 'NONE', #106, #109, #858, .T. ) ;
#225 = DIRECTION ( 'NONE',  ( -0.000000000000000000, -0.000000000000000000, 1.000000000000000000 ) ) ;
#226 = PLANE ( 'NONE',  #52 ) ;
#227 = ORIENTED_EDGE ( 'NONE', *, *, #641, .T. ) ;
#228 = CARTESIAN_POINT ( 'NONE',  ( 2.249999999999998668, 15.49999999999999289, 8.000999999999999446 ) ) ;
#229 = CC_DESIGN_APPROVAL ( #792, ( #1056 ) ) ;
#230 = AXIS2_PLACEMENT_3D ( 'NONE', #149, #29, #341 ) ;
#231 = VECTOR ( 'NONE', #693, 1000.000000000000000 ) ;
#232 = CARTESIAN_POINT ( 'NONE',  ( -0.1483331123922086714, 17.74999999999998934, -7.999999999999998224 ) ) ;
#233 = EDGE_CURVE ( 'NONE', #1110, #1134, #950, .T. ) ;
#234 = CARTESIAN_POINT ( 'NONE',  ( -1.198546323148299342, 3.077072404813218309, -4.856291263881717057 ) ) ;
#235 = ORIENTED_EDGE ( 'NONE', *, *, #1460, .T. ) ;
#236 = CIRCLE ( 'NONE', #796, 4.999999999999999112 ) ;
#237 = CARTESIAN_POINT ( 'NONE',  ( -2.250300731813274613, 11.35286604096715912, -7.676988127776470883 ) ) ;
#238 = CARTESIAN_POINT ( 'NONE',  ( 1.500000000000000222, 4.000000000000000000, -7.858116822750855768 ) ) ;
#239 = CARTESIAN_POINT ( 'NONE',  ( 0.9913116044359384649, 5.129958310566922641, 7.938648628003128316 ) ) ;
#240 = CARTESIAN_POINT ( 'NONE',  ( -4.007836432944095861, 17.56833822192110617, -6.925089513039099032 ) ) ;
#241 = CARTESIAN_POINT ( 'NONE',  ( 1.129296557666271461, 3.007920128247451252, 7.920198548546983908 ) ) ;
#242 = CARTESIAN_POINT ( 'NONE',  ( 1.500000000000000222, 4.000000000000000000, 4.769696007084727185 ) ) ;
#243 = FACE_OUTER_BOUND ( 'NONE', #1005, .T. ) ;
#244 = DIRECTION ( 'NONE',  ( 0.000000000000000000, 1.000000000000000000, 0.000000000000000000 ) ) ;
#245 = CARTESIAN_POINT ( 'NONE',  ( -1.030840800689993221E-15, 15.49999999999999289, 8.000999999999999446 ) ) ;
#246 = CARTESIAN_POINT ( 'NONE',  ( -1.030840800689993221E-15, 15.49999999999999289, 8.000999999999999446 ) ) ;
#247 = B_SPLINE_CURVE_WITH_KNOTS ( 'NONE', 3,
 ( #1022, #1383, #1479, #569, #920, #817, #666, #1126, #1149, #576, #1036, #467, #721, #1293, #968, #845 ),
 .UNSPECIFIED., .F., .F.,
 ( 4, 2, 2, 2, 2, 2, 2, 4 ),
 ( 0.007074983326502097027, 0.007369702383911057135, 0.007664421441320017243, 0.008253859556137936593, 0.008548578613546894966, 0.008843297670955853340, 0.009138016728364811714, 0.009432735785773771822 ),
 .UNSPECIFIED. ) ;
#248 = VECTOR ( 'NONE', #1313, 1000.000000000000000 ) ;
#249 = DIRECTION ( 'NONE',  ( -0.000000000000000000, -1.000000000000000000, -0.000000000000000000 ) ) ;
#250 = ADVANCED_FACE ( 'NONE', ( #480 ), #163, .F. ) ;
#251 = VECTOR ( 'NONE', #1318, 1000.000000000000000 ) ;
#252 = DIRECTION ( 'NONE',  ( -0.000000000000000000, -0.000000000000000000, 1.000000000000000000 ) ) ;
#253 = ORIENTED_EDGE ( 'NONE', *, *, #1164, .F. ) ;
#254 = LINE ( 'NONE', #934, #343 ) ;
#255 = CARTESIAN_POINT ( 'NONE',  ( 2.235258542481694199, 15.79651498697351464, -7.681440423300113451 ) ) ;
#256 = CARTESIAN_POINT ( 'NONE',  ( -1.137203560214216314, 13.53610294357287636, -7.923531792668551788 ) ) ;
#257 = CARTESIAN_POINT ( 'NONE',  ( 1.129014646798921273, 3.007636512387236394, 4.871373774656807321 ) ) ;
#258 = CARTESIAN_POINT ( 'NONE',  ( -1.030840800689993221E-15, 15.49999999999999289, -4.999999999999999112 ) ) ;
#259 = CARTESIAN_POINT ( 'NONE',  ( 1.490223540715716943, 3.802965769275532981, 7.860000803975354167 ) ) ;
#260 = LINE ( 'NONE', #155, #539 ) ;
#261 = CARTESIAN_POINT ( 'NONE',  ( 3.463922591193349998, 8.983221087637918600, 7.216834271512289511 ) ) ;
#262 = CARTESIAN_POINT ( 'NONE',  ( -3.221652035313836926, 9.265611773437044008, -7.326437288040448692 ) ) ;
#263 = ORIENTED_EDGE ( 'NONE', *, *, #301, .F. ) ;
#264 = CARTESIAN_POINT ( 'NONE',  ( 1.384218178091687124, 17.29765361622471431, -7.882149086019071937 ) ) ;
#265 = CARTESIAN_POINT ( 'NONE',  ( -0.1475776948234453489, 13.24999999999999289, -8.000000000000000000 ) ) ;
#266 = AXIS2_PLACEMENT_3D ( 'NONE', #1465, #903, #795 ) ;
#267 = B_SPLINE_CURVE_WITH_KNOTS ( 'NONE', 3,
 ( #11, #713, #804, #1121, #557, #433, #1249, #1362, #99, #93, #671, #909, #679, #1262, #325, #1377 ),
 .UNSPECIFIED., .F., .F.,
 ( 4, 2, 2, 2, 2, 2, 2, 4 ),
 ( 0.002350618252855517405, 0.002644301662538366994, 0.002937985072221216583, 0.003525351891586915760, 0.003819035301269765349, 0.004112718710952615805, 0.004406402120635465394, 0.004700085530318315850 ),
 .UNSPECIFIED. ) ;
#268 = DIRECTION ( 'NONE',  ( 0.000000000000000000, 0.000000000000000000, 1.000000000000000000 ) ) ;
#269 = DIRECTION ( 'NONE',  ( -0.000000000000000000, -0.000000000000000000, -1.000000000000000000 ) ) ;
#270 = CARTESIAN_POINT ( 'NONE',  ( 0.3939959127061691269, 2.539539057297615532, 7.992341007108216822 ) ) ;
#271 = CARTESIAN_POINT ( 'NONE',  ( 3.519217711506147150, 18.32045503012364307, 7.186965576516990417 ) ) ;
#272 = LINE ( 'NONE', #924, #1324 ) ;
#273 = ORIENTED_EDGE ( 'NONE', *, *, #886, .F. ) ;
#274 = CARTESIAN_POINT ( 'NONE',  ( 0.9219682689288979383, 2.800737181246593543, -7.947921583196777107 ) ) ;
#275 = CARTESIAN_POINT ( 'NONE',  ( -1.423260085961963739, 3.516246662024232084, -7.872470795068075233 ) ) ;
#276 = ADVANCED_FACE ( 'NONE', ( #1154 ), #1081, .F. ) ;
#277 = CARTESIAN_POINT ( 'NONE',  ( -4.500000000000002665, 7.999999999999998224, -7.694392822221491457 ) ) ;
#278 = ORIENTED_EDGE ( 'NONE', *, *, #1219, .F. ) ;
#279 = DIRECTION ( 'NONE',  ( -0.000000000000000000, -0.000000000000000000, 1.000000000000000000 ) ) ;
#280 = FACE_OUTER_BOUND ( 'NONE', #768, .T. ) ;
#281 = ADVANCED_FACE ( 'NONE', ( #1039, #714 ), #822, .F. ) ;
#282 = CARTESIAN_POINT ( 'NONE',  ( 4.372464799913031719, 16.57488432038058335, 6.699477018658861915 ) ) ;
#283 = SECURITY_CLASSIFICATION ( '', '', #1371 ) ;
#284 = ORIENTED_EDGE ( 'NONE', *, *, #224, .F. ) ;
#285 = CARTESIAN_POINT ( 'NONE',  ( 4.239780629014761715, 17.01576005110754508, -6.784341331042680778 ) ) ;
#286 = CARTESIAN_POINT ( 'NONE',  ( -2.177583813177160099, 16.08505836303996261, 7.697988593221564813 ) ) ;
#287 = DIRECTION ( 'NONE',  ( 0.000000000000000000, 0.000000000000000000, -1.000000000000000000 ) ) ;
#288 = EDGE_CURVE ( 'NONE', #761, #843, #883, .T. ) ;
#289 = EDGE_LOOP ( 'NONE', ( #1341, #426, #773, #414 ) ) ;
#290 = CARTESIAN_POINT ( 'NONE',  ( -4.500000000000000000, 15.50000000000000000, 7.694392822221488792 ) ) ;
#291 = CARTESIAN_POINT ( 'NONE',  ( 4.232820816359180505, 15.27735068029931753, 6.796149908480382251 ) ) ;
#292 = ORIENTED_EDGE ( 'NONE', *, *, #383, .T. ) ;
#293 = CARTESIAN_POINT ( 'NONE',  ( 1.500000000000000222, 4.000000000000000000, 7.858116822750855768 ) ) ;
#294 = CARTESIAN_POINT ( 'NONE',  ( 3.519217711506147150, 18.32045503012364307, -7.186965576516990417 ) ) ;
#295 = CIRCLE ( 'NONE', #473, 4.999999999999999112 ) ;
#296 = LINE ( 'NONE', #760, #876 ) ;
#297 = CARTESIAN_POINT ( 'NONE',  ( 2.268383097554479200, 12.13924765480583190, 7.671754463079889064 ) ) ;
#298 = VERTEX_POINT ( 'NONE', #471 ) ;
#299 = CARTESIAN_POINT ( 'NONE',  ( -1.693594979750056240, 16.98847310888359985, 7.819388855208520006 ) ) ;
#300 = CARTESIAN_POINT ( 'NONE',  ( 4.500000000000002665, 7.999999999999998224, 7.694392822221488792 ) ) ;
#301 = EDGE_CURVE ( 'NONE', #966, #1302, #897, .T. ) ;
#302 = ORIENTED_EDGE ( 'NONE', *, *, #429, .F. ) ;
#303 = CARTESIAN_POINT ( 'NONE',  ( 2.780233741570865114, 13.59751846767259487, -7.505043009154204192 ) ) ;
#304 = ORIENTED_EDGE ( 'NONE', *, *, #1418, .T. ) ;
#305 = CARTESIAN_POINT ( 'NONE',  ( -0.1984907764855161072, 2.509943349655373801, 4.996991856607447602 ) ) ;
#306 = ORIENTED_EDGE ( 'NONE', *, *, #641, .F. ) ;
#307 = ORIENTED_EDGE ( 'NONE', *, *, #580, .F. ) ;
#308 = CARTESIAN_POINT ( 'NONE',  ( -0.1975250418794406437, 2.509820042607075141, -7.998142182491917218 ) ) ;
#309 = DIRECTION ( 'NONE',  ( 0.000000000000000000, -0.000000000000000000, 1.000000000000000000 ) ) ;
#310 = VECTOR ( 'NONE', #566, 1000.000000000000000 ) ;
#311 = B_SPLINE_CURVE_WITH_KNOTS ( 'NONE', 2,
 ( #1198, #848, #20 ),
 .UNSPECIFIED., .F., .F.,
 ( 3, 3 ),
 ( 0.000000000000000000, 1.000000000000000000 ),
 .UNSPECIFIED. ) ;
#312 = VERTEX_POINT ( 'NONE', #132 ) ;
#313 = ORIENTED_EDGE ( 'NONE', *, *, #1332, .T. ) ;
#314 = CARTESIAN_POINT ( 'NONE',  ( 0.5857922944783351404, 13.32262647243961062, 7.979829974833806183 ) ) ;
#315 = ADVANCED_FACE ( 'NONE', ( #754 ), #174, .T. ) ;
#316 = ORIENTED_EDGE ( 'NONE', *, *, #776, .T. ) ;
#317 = B_SPLINE_CURVE_WITH_KNOTS ( 'NONE', 3,
 ( #831, #1162, #1155, #701, #364, #581, #384, #708, #1421, #815, #142, #598, #588, #133 ),
 .UNSPECIFIED., .F., .F.,
 ( 4, 2, 2, 2, 2, 2, 4 ),
 ( 0.007050350999437198299, 0.007343931649130337747, 0.007637512298823477194, 0.007931092948516616642, 0.008224673598209756090, 0.008811834897596034985, 0.009398996196982313880 ),
 .UNSPECIFIED. ) ;
#318 = ORIENTED_EDGE ( 'NONE', *, *, #1451, .T. ) ;
#319 = CARTESIAN_POINT ( 'NONE',  ( -1.199143229185181125, 4.922057072810219758, -7.910843633537516517 ) ) ;
#320 = EDGE_CURVE ( 'NONE', #453, #352, #77, .T. ) ;
#321 = CARTESIAN_POINT ( 'NONE',  ( 2.249999999999998668, 15.49999999999999289, 7.677076266392044879 ) ) ;
#322 = ORIENTED_EDGE ( 'NONE', *, *, #198, .F. ) ;
#323 = DIRECTION ( 'NONE',  ( 0.000000000000000000, 1.000000000000000000, 0.000000000000000000 ) ) ;
#324 = PERSON_AND_ORGANIZATION_ROLE ( 'creator' ) ;
#325 = CARTESIAN_POINT ( 'NONE',  ( -1.500000000000000000, 3.902009694111296056, 7.858116822750856656 ) ) ;
#326 = CARTESIAN_POINT ( 'NONE',  ( -5.778211232370530420E-16, 17.75000000000000355, -8.000000000000001776 ) ) ;
#327 = DATE_TIME_ROLE ( 'classification_date' ) ;
#328 = FACE_OUTER_BOUND ( 'NONE', #1107, .T. ) ;
#329 = CARTESIAN_POINT ( 'NONE',  ( 0.000000000000000000, 8.000000000000000000, 0.000000000000000000 ) ) ;
#330 = VECTOR ( 'NONE', #1275, 1000.000000000000000 ) ;
#331 = CARTESIAN_POINT ( 'NONE',  ( -0.6662679559798793116, 5.347515102899961015, 7.972729260945000895 ) ) ;
#332 = ORIENTED_EDGE ( 'NONE', *, *, #80, .F. ) ;
#333 = EDGE_CURVE ( 'NONE', #337, #797, #1214, .T. ) ;
#334 = CARTESIAN_POINT ( 'NONE',  ( 9.797174393178825657E-16, 0.000000000000000000, 8.000000000000000000 ) ) ;
#335 = ORIENTED_EDGE ( 'NONE', *, *, #1347, .F. ) ;
#336 = ORIENTED_EDGE ( 'NONE', *, *, #465, .F. ) ;
#337 = VERTEX_POINT ( 'NONE', #884 ) ;
#338 = ADVANCED_FACE ( 'NONE', ( #1444 ), #410, .T. ) ;
#339 = CARTESIAN_POINT ( 'NONE',  ( -0.7267711991825758222, 17.63456800898111965, -7.968114431060596914 ) ) ;
#340 = CARTESIAN_POINT ( 'NONE',  ( 1.346508572387917581E-20, 2.499999999999999556, -4.999999999999999112 ) ) ;
#341 = DIRECTION ( 'NONE',  ( 1.000000000000000000, 0.000000000000000000, 0.000000000000000000 ) ) ;
#342 = ORIENTED_EDGE ( 'NONE', *, *, #700, .F. ) ;
#343 = VECTOR ( 'NONE', #740, 1000.000000000000000 ) ;
#344 = CIRCLE ( 'NONE', #1197, 4.500000000000000888 ) ;
#345 = B_SPLINE_CURVE_WITH_KNOTS ( 'NONE', 3,
 ( #989, #1339, #305, #764, #1114, #1222, #194, #1108, #74, #531, #994, #1450, #81, #1345, #771, #1229 ),
 .UNSPECIFIED., .F., .F.,
 ( 4, 2, 2, 2, 2, 2, 2, 4 ),
 ( 0.002359113574817252746, 0.002653839796624937308, 0.002948566018432621436, 0.003538018462047990559, 0.003832744683855675554, 0.004127470905663360549, 0.004422197127471045111, 0.004716923349278730540 ),
 .UNSPECIFIED. ) ;
#346 = CARTESIAN_POINT ( 'NONE',  ( -4.232971649327040176, 8.222523625560803850, 6.796047291374609500 ) ) ;
#347 = CARTESIAN_POINT ( 'NONE',  ( 2.596838089825820539, 10.23257133066182156, 7.568131299185840710 ) ) ;
#348 = CARTESIAN_POINT ( 'NONE',  ( -2.177338326396751178, 14.91391152405024911, 7.698058556600503977 ) ) ;
#349 = CARTESIAN_POINT ( 'NONE',  ( 9.797174393178825657E-16, 8.000000000000000000, 8.000000000000000000 ) ) ;
#350 =( NAMED_UNIT ( * ) PLANE_ANGLE_UNIT ( ) SI_UNIT ( $, .RADIAN. ) );
#351 = CARTESIAN_POINT ( 'NONE',  ( 3.112474899497184033, 18.74999999999999289, -4.999999999999999112 ) ) ;
#352 = VERTEX_POINT ( 'NONE', #181 ) ;
#353 = CARTESIAN_POINT ( 'NONE',  ( -1.030840800689993221E-15, 15.49999999999999289, 8.000999999999999446 ) ) ;
#354 = DIRECTION ( 'NONE',  ( 0.000000000000000000, -1.000000000000000000, 0.000000000000000000 ) ) ;
#355 = AXIS2_PLACEMENT_3D ( 'NONE', #1308, #269, #51 ) ;
#356 = CARTESIAN_POINT ( 'NONE',  ( -3.112474899497184033, 18.74999999999999289, 4.999999999999999112 ) ) ;
#357 = CARTESIAN_POINT ( 'NONE',  ( 0.2948221453920940038, 17.73547942601667415, -7.995880193344009790 ) ) ;
#358 = DIRECTION ( 'NONE',  ( 0.000000000000000000, 0.000000000000000000, 1.000000000000000000 ) ) ;
#359 = ADVANCED_FACE ( 'NONE', ( #280 ), #439, .T. ) ;
#360 = CARTESIAN_POINT ( 'NONE',  ( 4.500000000000004441, 8.000000000000000000, 6.614378277661472794 ) ) ;
#361 = CARTESIAN_POINT ( 'NONE',  ( 1.339288601838972793E-22, 2.499999999999999556, -8.000000000000000000 ) ) ;
#362 = CARTESIAN_POINT ( 'NONE',  ( 4.500000000000000000, 15.50000000000000000, 8.000999999999999446 ) ) ;
#363 = CARTESIAN_POINT ( 'NONE',  ( -2.235258542481695532, 15.20348501302647826, 7.681440423300117892 ) ) ;
#364 = CARTESIAN_POINT ( 'NONE',  ( 1.423105298976084843, 4.484137615517281183, -7.872498136892282616 ) ) ;
#365 = EDGE_LOOP ( 'NONE', ( #278, #335, #647, #832, #1346 ) ) ;
#366 = DIRECTION ( 'NONE',  ( 1.000000000000000000, 0.000000000000000000, 0.000000000000000000 ) ) ;
#367 = CARTESIAN_POINT ( 'NONE',  ( 0.000000000000000000, 4.000000000000000000, -8.000000000000000000 ) ) ;
#368 = CARTESIAN_POINT ( 'NONE',  ( 2.509366539508038553E-24, 13.24999999999999289, -8.000000000000000000 ) ) ;
#369 = CARTESIAN_POINT ( 'NONE',  ( 0.3953068432268284638, 2.539898729099224983, 4.987655901755513987 ) ) ;
#370 = CARTESIAN_POINT ( 'NONE',  ( 0.000000000000000000, 0.000000000000000000, -8.000000000000000000 ) ) ;
#371 = B_SPLINE_CURVE_WITH_KNOTS ( 'NONE', 2,
 ( #1269, #374, #841 ),
 .UNSPECIFIED., .F., .F.,
 ( 3, 3 ),
 ( 0.000000000000000000, 1.000000000000000000 ),
 .UNSPECIFIED. ) ;
#372 = DIRECTION ( 'NONE',  ( -1.000000000000000000, 0.000000000000000000, 0.000000000000000000 ) ) ;
#373 = AXIS2_PLACEMENT_3D ( 'NONE', #1082, #375, #1071 ) ;
#374 = CARTESIAN_POINT ( 'NONE',  ( 4.336808689942025625E-16, 11.75000000000000000, 4.999999999999999112 ) ) ;
#375 = DIRECTION ( 'NONE',  ( 0.000000000000000000, 1.000000000000000000, 0.000000000000000000 ) ) ;
#376 = VERTEX_POINT ( 'NONE', #53 ) ;
#377 = CARTESIAN_POINT ( 'NONE',  ( 1.198998231409851067, 3.077656587697116475, -4.856178120393460418 ) ) ;
#378 = CARTESIAN_POINT ( 'NONE',  ( -2.235268282519160543, 15.20340399757905736, -7.681437939072911725 ) ) ;
#379 = CARTESIAN_POINT ( 'NONE',  ( -1.309106113693573104, 3.241573779815074552, -4.826227144246129974 ) ) ;
#380 = LINE ( 'NONE', #1055, #1079 ) ;
#381 = CARTESIAN_POINT ( 'NONE',  ( -3.216546217467012081, 14.22795832546518113, 7.328656129054095913 ) ) ;
#382 = CARTESIAN_POINT ( 'NONE',  ( 3.969393828152889103, 8.461495662023747144, 6.951645075611651237 ) ) ;
#383 = EDGE_CURVE ( 'NONE', #1321, #759, #423, .T. ) ;
#384 = CARTESIAN_POINT ( 'NONE',  ( 1.301940393687015085, 4.751381305918095599, -7.893541186734281290 ) ) ;
#385 = ORIENTED_EDGE ( 'NONE', *, *, #425, .F. ) ;
#386 = CARTESIAN_POINT ( 'NONE',  ( -4.500000000000000000, 15.50000000000000000, 4.999999999999999112 ) ) ;
#387 = CARTESIAN_POINT ( 'NONE',  ( 1.500000000000000222, 4.000000000000000000, -8.000000000000000000 ) ) ;
#388 = CARTESIAN_POINT ( 'NONE',  ( -4.336808689942023652E-16, 11.75000000000000000, -4.999999999999999112 ) ) ;
#389 = EDGE_CURVE ( 'NONE', #1134, #503, #727, .T. ) ;
#390 = FACE_OUTER_BOUND ( 'NONE', #1002, .T. ) ;
#391 = CARTESIAN_POINT ( 'NONE',  ( -3.861663804124110477, 17.82965365946053282, 7.008914708551777117 ) ) ;
#392 = CARTESIAN_POINT ( 'NONE',  ( 4.186535936886929044, 17.15691091666210610, 6.817461211476401495 ) ) ;
#393 = CARTESIAN_POINT ( 'NONE',  ( -4.500000000000000000, 15.50000000000000000, -6.614378277661476346 ) ) ;
#394 = ADVANCED_FACE ( 'NONE', ( #415 ), #200, .T. ) ;
#395 = ORIENTED_EDGE ( 'NONE', *, *, #1438, .F. ) ;
#396 = CARTESIAN_POINT ( 'NONE',  ( -0.9151267916966840943, 2.807494413695929669, -7.947905187513173431 ) ) ;
#397 = CYLINDRICAL_SURFACE ( 'NONE', #961, 8.000000000000000000 ) ;
#398 = ORIENTED_EDGE ( 'NONE', *, *, #807, .T. ) ;
#399 = DIRECTION ( 'NONE',  ( -0.000000000000000000, -1.000000000000000000, -0.000000000000000000 ) ) ;
#400 = B_SPLINE_CURVE_WITH_KNOTS ( 'NONE', 2,
 ( #160, #16, #48 ),
 .UNSPECIFIED., .F., .F.,
 ( 3, 3 ),
 ( 0.000000000000000000, 1.000000000000000000 ),
 .UNSPECIFIED. ) ;
#401 = ORIENTED_EDGE ( 'NONE', *, *, #505, .F. ) ;
#402 = CARTESIAN_POINT ( 'NONE',  ( -0.4837084226682888399, 2.576742976331808599, -7.985880695188622980 ) ) ;
#403 = CARTESIAN_POINT ( 'NONE',  ( 4.186535936886929044, 17.15691091666210610, -6.817461211476401495 ) ) ;
#404 = EDGE_LOOP ( 'NONE', ( #793, #292, #860, #1440, #179, #227, #1348, #549, #199, #284, #24, #435, #50, #332, #71, #1376, #1336, #986, #61, #1122, #1228, #534 ) ) ;
#405 = DIRECTION ( 'NONE',  ( 1.000000000000000000, -0.000000000000000000, -0.000000000000000000 ) ) ;
#406 = VERTEX_POINT ( 'NONE', #1328 ) ;
#407 = CARTESIAN_POINT ( 'NONE',  ( 4.500000000000000000, 15.50000000000000000, -6.614378277661476346 ) ) ;
#408 = VERTEX_POINT ( 'NONE', #526 ) ;
#409 = ADVANCED_FACE ( 'NONE', ( #648 ), #91, .F. ) ;
#410 = PLANE ( 'NONE',  #1208 ) ;
#411 = CC_DESIGN_PERSON_AND_ORGANIZATION_ASSIGNMENT ( #432, #324, ( #1075 ) ) ;
#412 = ORIENTED_EDGE ( 'NONE', *, *, #1279, .T. ) ;
#413 = CARTESIAN_POINT ( 'NONE',  ( -0.7278689914524063553, 17.63405114970288068, 7.967981580537983000 ) ) ;
#414 = ORIENTED_EDGE ( 'NONE', *, *, #233, .T. ) ;
#415 = FACE_OUTER_BOUND ( 'NONE', #749, .T. ) ;
#416 = CARTESIAN_POINT ( 'NONE',  ( -3.112474899497184033, 18.74999999999999289, -8.000000000000000000 ) ) ;
#417 = CARTESIAN_POINT ( 'NONE',  ( -0.9160388549692659588, 5.191828589179955600, -4.916063232695889518 ) ) ;
#418 = ORIENTED_EDGE ( 'NONE', *, *, #580, .T. ) ;
#419 = CIRCLE ( 'NONE', #521, 2.249999999999999556 ) ;
#420 = DIRECTION ( 'NONE',  ( -0.000000000000000000, -0.000000000000000000, -1.000000000000000000 ) ) ;
#421 = AXIS2_PLACEMENT_3D ( 'NONE', #367, #26, #1304 ) ;
#422 = VECTOR ( 'NONE', #1297, 1000.000000000000000 ) ;
#423 = LINE ( 'NONE', #879, #821 ) ;
#424 = CARTESIAN_POINT ( 'NONE',  ( -0.6674020201621854165, 5.346935277535778575, -4.956099057743543312 ) ) ;
#425 = EDGE_CURVE ( 'NONE', #47, #966, #296, .T. ) ;
#426 = ORIENTED_EDGE ( 'NONE', *, *, #94, .T. ) ;
#427 = CARTESIAN_POINT ( 'NONE',  ( 4.500000000000002665, 8.000000000000000000, 4.999999999999999112 ) ) ;
#428 = ORIENTED_EDGE ( 'NONE', *, *, #1279, .F. ) ;
#429 = EDGE_CURVE ( 'NONE', #878, #1217, #345, .T. ) ;
#430 = VERTEX_POINT ( 'NONE', #572 ) ;
#431 = DIRECTION ( 'NONE',  ( 0.000000000000000000, 0.000000000000000000, 1.000000000000000000 ) ) ;
#432 = PERSON_AND_ORGANIZATION ( #544, #190 ) ;
#433 = CARTESIAN_POINT ( 'NONE',  ( -0.7565060016370676044, 2.689866954949444278, 7.966237030310069578 ) ) ;
#434 = CARTESIAN_POINT ( 'NONE',  ( 0.4855687364390032235, 5.422603124931067775, 4.977197771215218225 ) ) ;
#435 = ORIENTED_EDGE ( 'NONE', *, *, #1080, .T. ) ;
#436 = PERSON_AND_ORGANIZATION_ROLE ( 'classification_officer' ) ;
#437 = ORIENTED_EDGE ( 'NONE', *, *, #1418, .F. ) ;
#438 = CARTESIAN_POINT ( 'NONE',  ( -0.3891089350487483833, 5.451958469772705485, -7.991109418426310285 ) ) ;
#439 = B_SPLINE_SURFACE_WITH_KNOTS ( 'NONE', 2, 1, ( 
 ( #1199, #642 ),
 ( #628, #1088 ),
 ( #300, #519 ) ),
 .UNSPECIFIED., .F., .F., .F.,
 ( 3, 3 ),
 ( 2, 2 ),
 ( 0.000000000000000000, 1.000000000000000000 ),
 ( 0.000000000000000000, 1.000000000000000000 ),
 .UNSPECIFIED. ) ;
#440 = CARTESIAN_POINT ( 'NONE',  ( 1.951011999911949735, 14.36971136855580511, 7.758904246465847088 ) ) ;
#441 = FACE_OUTER_BOUND ( 'NONE', #152, .T. ) ;
#442 = FACE_OUTER_BOUND ( 'NONE', #645, .T. ) ;
#443 = CIRCLE ( 'NONE', #925, 8.000000000000000000 ) ;
#444 = B_SPLINE_CURVE_WITH_KNOTS ( 'NONE', 3,
 ( #321, #1467, #213, #117, #440, #1363, #1257, #217, #1020, #445, #673, #895, #314, #1010, #688, #780 ),
 .UNSPECIFIED., .F., .F.,
 ( 4, 2, 2, 2, 2, 2, 2, 4 ),
 ( 0.007070273560680596751, 0.007953901382330314310, 0.008395715293155175257, 0.008837529203980034470, 0.009279343114804897152, 0.009721157025629758100, 0.01016297093645461905, 0.01060478484727948173 ),
 .UNSPECIFIED. ) ;
#445 = CARTESIAN_POINT ( 'NONE',  ( 1.130181218526754572, 13.54896933170624251, 7.920719063536273197 ) ) ;
#446 = B_SPLINE_SURFACE_WITH_KNOTS ( 'NONE', 2, 1, ( 
 ( #119, #818 ),
 ( #219, #102 ),
 ( #835, #277 ) ),
 .UNSPECIFIED., .F., .F., .F.,
 ( 3, 3 ),
 ( 2, 2 ),
 ( 0.000000000000000000, 1.000000000000000000 ),
 ( 0.000000000000000000, 1.000000000000000000 ),
 .UNSPECIFIED. ) ;
#447 = DIRECTION ( 'NONE',  ( 0.000000000000000000, 0.000000000000000000, -1.000000000000000000 ) ) ;
#448 = CARTESIAN_POINT ( 'NONE',  ( -1.549106007676285928E-15, 5.500000000000034639, 5.000000000000008882 ) ) ;
#449 = DATE_AND_TIME ( #1482, #747 ) ;
#450 = DESIGN_CONTEXT ( 'detailed design', #1240, 'design' ) ;
#451 = FACE_OUTER_BOUND ( 'NONE', #65, .T. ) ;
#452 = EDGE_CURVE ( 'NONE', #497, #406, #1236, .T. ) ;
#453 = VERTEX_POINT ( 'NONE', #555 ) ;
#454 = CARTESIAN_POINT ( 'NONE',  ( -1.487700715626592451, 17.19434012025928027, -7.861167520749941851 ) ) ;
#455 = CALENDAR_DATE ( 2026, 5, 4 ) ;
#456 = CARTESIAN_POINT ( 'NONE',  ( -0.1970349274465808542, 5.490223606928030797, -7.998150582351057025 ) ) ;
#457 = ORIENTED_EDGE ( 'NONE', *, *, #537, .F. ) ;
#458 = B_SPLINE_CURVE_WITH_KNOTS ( 'NONE', 2,
 ( #1426, #388, #625 ),
 .UNSPECIFIED., .F., .F.,
 ( 3, 3 ),
 ( 0.000000000000000000, 1.000000000000000000 ),
 .UNSPECIFIED. ) ;
#459 = CARTESIAN_POINT ( 'NONE',  ( 1.451565529401998678, 4.390683328908506766, 4.784701147434940793 ) ) ;
#460 = DATE_AND_TIME ( #1, #885 ) ;
#461 = CARTESIAN_POINT ( 'NONE',  ( 1.198196507108316933, 4.923224270254989321, 7.910985278351529537 ) ) ;
#462 = CARTESIAN_POINT ( 'NONE',  ( 1.500000000000000222, 4.000000000000000000, 4.769696007084727185 ) ) ;
#463 = CARTESIAN_POINT ( 'NONE',  ( -2.780233741570864670, 13.59751846767259842, 7.505043009154205969 ) ) ;
#464 = CARTESIAN_POINT ( 'NONE',  ( 1.346980447031648875, 4.667261444561632722, 4.815306884523750774 ) ) ;
#465 = EDGE_CURVE ( 'NONE', #1449, #800, #1237, .T. ) ;
#466 = CARTESIAN_POINT ( 'NONE',  ( 0.1960461788962294116, 2.500000000000000000, -8.000000000000003553 ) ) ;
#467 = CARTESIAN_POINT ( 'NONE',  ( 0.4864837954748240101, 5.422299238496555596, -4.977110116344209523 ) ) ;
#468 = CARTESIAN_POINT ( 'NONE',  ( 1.499999999999999778, 4.198573439796435380, 7.858116822750852215 ) ) ;
#469 = CARTESIAN_POINT ( 'NONE',  ( -3.112474899497184033, 18.74999999999999289, -7.369701486491836206 ) ) ;
#470 = EDGE_CURVE ( 'NONE', #657, #599, #180, .T. ) ;
#471 = CARTESIAN_POINT ( 'NONE',  ( -2.250000000000000444, 15.49999999999999289, 4.999999999999999112 ) ) ;
#472 = CARTESIAN_POINT ( 'NONE',  ( -1.951531189378141962, 14.37055691127028823, 7.758775759902420965 ) ) ;
#473 = AXIS2_PLACEMENT_3D ( 'NONE', #898, #1357, #1127 ) ;
#474 = CARTESIAN_POINT ( 'NONE',  ( 1.192112942658115848, 4.915662045521474788, 4.856132625132779879 ) ) ;
#475 = ORIENTED_EDGE ( 'NONE', *, *, #1335, .F. ) ;
#476 = CARTESIAN_POINT ( 'NONE',  ( 2.133464101548258718, 16.22964147087422759, -7.710495873770173425 ) ) ;
#477 = DIRECTION ( 'NONE',  ( 0.000000000000000000, 0.000000000000000000, -1.000000000000000000 ) ) ;
#478 = CARTESIAN_POINT ( 'NONE',  ( 0.1970492997225323784, 2.499999999999908962, 5.000000000000026645 ) ) ;
#479 = LINE ( 'NONE', #131, #422 ) ;
#480 = FACE_OUTER_BOUND ( 'NONE', #210, .T. ) ;
#481 = DIRECTION ( 'NONE',  ( -0.000000000000000000, -0.000000000000000000, -1.000000000000000000 ) ) ;
#482 = CARTESIAN_POINT ( 'NONE',  ( -2.250000000000000444, 15.49999999999999289, -7.677076266392043102 ) ) ;
#483 = ORIENTED_EDGE ( 'NONE', *, *, #1332, .F. ) ;
#484 = DIRECTION ( 'NONE',  ( -0.000000000000000000, -0.000000000000000000, -1.000000000000000000 ) ) ;
#485 = CARTESIAN_POINT ( 'NONE',  ( 1.500000000000003775, 3.901130482701840041, -4.769696007084727185 ) ) ;
#486 = CARTESIAN_POINT ( 'NONE',  ( -1.695899527426975251, 14.01405193321684628, -7.818897913454355475 ) ) ;
#487 = CARTESIAN_POINT ( 'NONE',  ( -1.500000000000000666, 3.901544708048716448, -4.769696007084728961 ) ) ;
#488 = CARTESIAN_POINT ( 'NONE',  ( 0.1476573383481115664, 13.24999999999999645, -8.000000000000003553 ) ) ;
#489 = ADVANCED_FACE ( 'NONE', ( #684, #1030 ), #226, .F. ) ;
#490 = ORIENTED_EDGE ( 'NONE', *, *, #1475, .T. ) ;
#491 = CARTESIAN_POINT ( 'NONE',  ( -3.326294485311456661, 18.54522827880989766, 7.279398223179526006 ) ) ;
#492 = CIRCLE ( 'NONE', #373, 4.999999999999999112 ) ;
#493 = CARTESIAN_POINT ( 'NONE',  ( -2.250000000000000444, 15.49999999999999289, 7.677076266392043991 ) ) ;
#494 = CLOSED_SHELL ( 'NONE', ( #1274, #683, #188, #250, #1355, #973, #394, #315, #2, #1306, #1143, #276, #338, #1023, #489, #151, #1196, #661, #409, #359, #172, #281, #615, #813, #524, #1137, #993 ) ) ;
#495 = CARTESIAN_POINT ( 'NONE',  ( -2.780233741570864670, 13.59751846767259842, -7.505043009154205969 ) ) ;
#496 = PRODUCT_RELATED_PRODUCT_CATEGORY ( 'detail', '', ( #660 ) ) ;
#497 = VERTEX_POINT ( 'NONE', #676 ) ;
#498 = APPLICATION_PROTOCOL_DEFINITION ( 'international standard', 'config_control_design', 1994, #1240 ) ;
#499 = CARTESIAN_POINT ( 'NONE',  ( -1.490152890373306116, 3.802319866098638368, -7.860014451762220133 ) ) ;
#500 = CARTESIAN_POINT ( 'NONE',  ( 2.249999999999999112, 15.64726970131410866, 7.677076266392043102 ) ) ;
#501 = ORIENTED_EDGE ( 'NONE', *, *, #1033, .T. ) ;
#502 = CARTESIAN_POINT ( 'NONE',  ( 3.112474899497184033, 18.74999999999999289, -7.369701486491836206 ) ) ;
#503 = VERTEX_POINT ( 'NONE', #1247 ) ;
#504 = CARTESIAN_POINT ( 'NONE',  ( -8.000000000000000000, 19.99999999999999645, -4.999999999999999112 ) ) ;
#505 = EDGE_CURVE ( 'NONE', #719, #1255, #669, .T. ) ;
#506 = CARTESIAN_POINT ( 'NONE',  ( 1.557538390238228062E-15, 13.24999999999998224, 8.000000000000001776 ) ) ;
#507 = ORIENTED_EDGE ( 'NONE', *, *, #1080, .F. ) ;
#508 = VECTOR ( 'NONE', #405, 1000.000000000000000 ) ;
#509 = CARTESIAN_POINT ( 'NONE',  ( 1.787961093150904679, 16.87379430890274534, -7.798094023858888058 ) ) ;
#510 = CARTESIAN_POINT ( 'NONE',  ( 1.137203560214215425, 17.46389705642710766, 7.923531792668551788 ) ) ;
#511 = ORIENTED_EDGE ( 'NONE', *, *, #901, .T. ) ;
#512 = CYLINDRICAL_SURFACE ( 'NONE', #914, 2.249999999999999556 ) ;
#513 = DIRECTION ( 'NONE',  ( -0.000000000000000000, -0.000000000000000000, -1.000000000000000000 ) ) ;
#514 = CARTESIAN_POINT ( 'NONE',  ( 2.594083395544379833, 13.26151829918039837, 7.569057522515032055 ) ) ;
#515 = ORIENTED_EDGE ( 'NONE', *, *, #1049, .T. ) ;
#516 = DIRECTION ( 'NONE',  ( -0.000000000000000000, -0.000000000000000000, -1.000000000000000000 ) ) ;
#517 = CARTESIAN_POINT ( 'NONE',  ( -2.250000000000000444, 15.49999999999999289, 8.000999999999999446 ) ) ;
#518 = ORIENTED_EDGE ( 'NONE', *, *, #214, .F. ) ;
#519 = CARTESIAN_POINT ( 'NONE',  ( 4.500000000000002665, 7.999999999999998224, 4.999999999999999112 ) ) ;
#520 = B_SPLINE_CURVE_WITH_KNOTS ( 'NONE', 3,
 ( #1207, #1311, #271, #1188, #637, #392, #859, #164, #282, #1097, #748, #63 ),
 .UNSPECIFIED., .F., .F.,
 ( 4, 2, 2, 2, 2, 4 ),
 ( 0.01067844839827764881, 0.01160361655017206998, 0.01252878470206649116, 0.01299136877801370694, 0.01345395285396092273, 0.01437912100585535431 ),
 .UNSPECIFIED. ) ;
#521 = AXIS2_PLACEMENT_3D ( 'NONE', #844, #1391, #366 ) ;
#522 = ORIENTED_EDGE ( 'NONE', *, *, #652, .T. ) ;
#523 = CARTESIAN_POINT ( 'NONE',  ( -4.500000000000002665, 7.999999999999998224, 8.000999999999999446 ) ) ;
#524 = ADVANCED_FACE ( 'NONE', ( #442 ), #1131, .F. ) ;
#525 = APPLICATION_CONTEXT ( 'configuration controlled 3d designs of mechanical parts and assemblies' ) ;
#526 = CARTESIAN_POINT ( 'NONE',  ( 1.500000000000036193, 4.000000000000054179, -4.769696007084720080 ) ) ;
#527 = VERTEX_POINT ( 'NONE', #334 ) ;
#528 = CARTESIAN_POINT ( 'NONE',  ( 2.250300731813273725, 11.35286604096715735, -7.676988127776468218 ) ) ;
#529 = ORIENTED_EDGE ( 'NONE', *, *, #1470, .T. ) ;
#530 = VECTOR ( 'NONE', #1370, 1000.000000000000000 ) ;
#531 = CARTESIAN_POINT ( 'NONE',  ( -1.300685937486932398, 3.246526525781738393, 4.828183221583444151 ) ) ;
#532 = FACE_OUTER_BOUND ( 'NONE', #975, .T. ) ;
#533 = CARTESIAN_POINT ( 'NONE',  ( -4.500000000000000888, 15.81372514220804781, -6.614378277661476346 ) ) ;
#534 = ORIENTED_EDGE ( 'NONE', *, *, #1238, .F. ) ;
#535 = CARTESIAN_POINT ( 'NONE',  ( -0.09799035194840460816, 2.500000000000000444, -8.000000000000001776 ) ) ;
#536 = DIRECTION ( 'NONE',  ( 1.000000000000000000, 0.000000000000000000, 0.000000000000000000 ) ) ;
#537 = EDGE_CURVE ( 'NONE', #1205, #1321, #1251, .T. ) ;
#538 = CARTESIAN_POINT ( 'NONE',  ( -1.315680701054157179E-16, 5.500000000000000888, -4.999999999999999112 ) ) ;
#539 = VECTOR ( 'NONE', #609, 1000.000000000000000 ) ;
#540 = ORIENTED_EDGE ( 'NONE', *, *, #214, .T. ) ;
#541 = CIRCLE ( 'NONE', #1263, 4.500000000000000888 ) ;
#542 = CARTESIAN_POINT ( 'NONE',  ( -2.235245301937489604, 15.79638318397063834, 7.681443750034684825 ) ) ;
#543 = EDGE_CURVE ( 'NONE', #89, #56, #236, .T. ) ;
#544 = PERSON ( 'UNSPECIFIED', 'UNSPECIFIED', 'UNSPECIFIED', ('UNSPECIFIED'), ('UNSPECIFIED'), ('UNSPECIFIED') ) ;
#545 = ORIENTED_EDGE ( 'NONE', *, *, #1219, .T. ) ;
#546 = LINE ( 'NONE', #1481, #1334 ) ;
#547 = EDGE_CURVE ( 'NONE', #878, #56, #211, .T. ) ;
#548 = CARTESIAN_POINT ( 'NONE',  ( -1.500000000000000222, 4.000000000000000000, 4.769696007084727185 ) ) ;
#549 = ORIENTED_EDGE ( 'NONE', *, *, #1124, .T. ) ;
#550 = CARTESIAN_POINT ( 'NONE',  ( -2.250000000000000444, 15.49999999999999289, -7.677076266392043102 ) ) ;
#551 = CARTESIAN_POINT ( 'NONE',  ( -4.558293695723145919E-17, 5.500000000000000888, -8.000000000000000000 ) ) ;
#552 = VECTOR ( 'NONE', #399, 1000.000000000000000 ) ;
#553 = CARTESIAN_POINT ( 'NONE',  ( -3.463922591193351330, 8.983221087637916824, 7.216834271512287735 ) ) ;
#554 = DIRECTION ( 'NONE',  ( -0.000000000000000000, -0.000000000000000000, -1.000000000000000000 ) ) ;
#555 = CARTESIAN_POINT ( 'NONE',  ( 0.000000000000000000, 18.74999999999999289, -8.000000000000000000 ) ) ;
#556 = UNCERTAINTY_MEASURE_WITH_UNIT (LENGTH_MEASURE( 1.000000000000000082E-05 ), #1281, 'distance_accuracy_value', 'NONE');
#557 = CARTESIAN_POINT ( 'NONE',  ( -0.4837605387709009164, 2.576742039302195586, 7.985880300851444957 ) ) ;
#558 = CARTESIAN_POINT ( 'NONE',  ( -0.9148592248806298732, 5.192722738743796640, 7.947937413133784545 ) ) ;
#559 = CC_DESIGN_APPROVAL ( #60, ( #283 ) ) ;
#560 = EDGE_CURVE ( 'NONE', #1217, #1004, #546, .T. ) ;
#561 = VERTEX_POINT ( 'NONE', #448 ) ;
#562 = CARTESIAN_POINT ( 'NONE',  ( -0.1977474065086176069, 2.509814531489618528, -4.997030024066010157 ) ) ;
#563 = VECTOR ( 'NONE', #1296, 1000.000000000000000 ) ;
#564 = PERSON_AND_ORGANIZATION ( #544, #190 ) ;
#565 = AXIS2_PLACEMENT_3D ( 'NONE', #863, #358, #1086 ) ;
#566 = DIRECTION ( 'NONE',  ( -0.000000000000000000, -1.000000000000000000, -0.000000000000000000 ) ) ;
#567 = ORIENTED_EDGE ( 'NONE', *, *, #470, .T. ) ;
#568 = CARTESIAN_POINT ( 'NONE',  ( -2.021569274258268933, 16.49865038754784408, -7.740585075406277049 ) ) ;
#569 = CARTESIAN_POINT ( 'NONE',  ( 1.451797763490678239, 4.389861561329457373, -4.784630543020798932 ) ) ;
#570 = APPROVAL_STATUS ( 'not_yet_approved' ) ;
#571 = B_SPLINE_CURVE_WITH_KNOTS ( 'NONE', 3,
 ( #1307, #1054, #129, #10, #1404, #138, #1167, #1284, #257, #593, #1077, #369, #478, #1396 ),
 .UNSPECIFIED., .F., .F.,
 ( 4, 2, 2, 2, 2, 2, 4 ),
 ( 0.000000000000000000, 0.0002948891968521564848, 0.0005897783937043129697, 0.0008846675905564694003, 0.001179556787408625939, 0.001769335181112939234, 0.002359113574817252746 ),
 .UNSPECIFIED. ) ;
#572 = CARTESIAN_POINT ( 'NONE',  ( 2.249999999999998668, 15.49999999999999289, -7.677076266392044879 ) ) ;
#573 = ORIENTED_EDGE ( 'NONE', *, *, #840, .T. ) ;
#574 = CARTESIAN_POINT ( 'NONE',  ( -1.549106007676285928E-15, 5.500000000000034639, 5.000000000000008882 ) ) ;
#575 = DIRECTION ( 'NONE',  ( -1.000000000000000000, 0.000000000000000000, 0.000000000000000000 ) ) ;
#576 = CARTESIAN_POINT ( 'NONE',  ( 0.7532196522198351119, 5.300859548497328433, -4.943628338635645214 ) ) ;
#577 = CARTESIAN_POINT ( 'NONE',  ( 9.797157996441606618E-16, 5.500000000000000888, 8.000000000000000000 ) ) ;
#578 = ORIENTED_EDGE ( 'NONE', *, *, #807, .F. ) ;
#579 = DIRECTION ( 'NONE',  ( -1.000000000000000000, 0.000000000000000000, 0.000000000000000000 ) ) ;
#580 = EDGE_CURVE ( 'NONE', #56, #89, #896, .T. ) ;
#581 = CARTESIAN_POINT ( 'NONE',  ( 1.347953555531576253, 4.665311306729675422, -7.885713462932573137 ) ) ;
#582 = CARTESIAN_POINT ( 'NONE',  ( -1.030840800689993221E-15, 15.49999999999999289, -4.999999999999999112 ) ) ;
#583 = CARTESIAN_POINT ( 'NONE',  ( 2.249999999999999112, 15.64942495012392953, -7.677076266392043991 ) ) ;
#584 = CARTESIAN_POINT ( 'NONE',  ( 0.9145648573606247611, 5.192977116687943706, 7.947974565852685913 ) ) ;
#585 = DIRECTION ( 'NONE',  ( -0.000000000000000000, -0.000000000000000000, -1.000000000000000000 ) ) ;
#586 = CARTESIAN_POINT ( 'NONE',  ( 0.000000000000000000, 8.000000000000000000, 0.000000000000000000 ) ) ;
#587 = CARTESIAN_POINT ( 'NONE',  ( 4.500000000000002665, 7.999999999999998224, -4.999999999999999112 ) ) ;
#588 = CARTESIAN_POINT ( 'NONE',  ( 0.1985717340665822950, 5.500000000000000000, -7.999999999999996447 ) ) ;
#589 = ORIENTED_EDGE ( 'NONE', *, *, #923, .F. ) ;
#590 = CARTESIAN_POINT ( 'NONE',  ( -1.500000000000000222, 4.000000000000000000, -4.769696007084727185 ) ) ;
#591 = CARTESIAN_POINT ( 'NONE',  ( 1.308975318419642875, 3.241194366278247863, -4.826266093418110081 ) ) ;
#592 = CARTESIAN_POINT ( 'NONE',  ( -2.177176568776460819, 14.91323286402610648, -7.698104656019925329 ) ) ;
#593 = CARTESIAN_POINT ( 'NONE',  ( 0.9226096430156345285, 2.801405446554837919, 4.916158820361383519 ) ) ;
#594 = CARTESIAN_POINT ( 'NONE',  ( 2.249999999999998668, 15.49999999999999289, -7.677076266392044879 ) ) ;
#595 = DIRECTION ( 'NONE',  ( -0.000000000000000000, -0.000000000000000000, -1.000000000000000000 ) ) ;
#596 = DIRECTION ( 'NONE',  ( 0.000000000000000000, 0.000000000000000000, -1.000000000000000000 ) ) ;
#597 = VECTOR ( 'NONE', #171, 1000.000000000000000 ) ;
#598 = CARTESIAN_POINT ( 'NONE',  ( 0.3957456196921478875, 5.459973743722549955, -7.992250494407867834 ) ) ;
#599 = VERTEX_POINT ( 'NONE', #913 ) ;
#600 = MECHANICAL_CONTEXT ( 'NONE', #525, 'mechanical' ) ;
#601 = CARTESIAN_POINT ( 'NONE',  ( 1.500000000000036193, 4.000000000000054179, -4.769696007084720080 ) ) ;
#602 = EDGE_CURVE ( 'NONE', #376, #998, #148, .T. ) ;
#603 = CARTESIAN_POINT ( 'NONE',  ( 0.1475776948234452657, 17.74999999999999289, 8.000000000000000000 ) ) ;
#604 = CARTESIAN_POINT ( 'NONE',  ( 0.5851508021988317543, 13.32236403976649441, -7.979901150100586094 ) ) ;
#605 = ORIENTED_EDGE ( 'NONE', *, *, #753, .F. ) ;
#606 = EDGE_LOOP ( 'NONE', ( #567, #988, #68, #1483, #31, #196 ) ) ;
#607 = CARTESIAN_POINT ( 'NONE',  ( -2.784049846913167148, 9.896039055756448377, 7.503651885724313964 ) ) ;
#608 = EDGE_CURVE ( 'NONE', #797, #37, #295, .T. ) ;
#609 = DIRECTION ( 'NONE',  ( -0.000000000000000000, -0.000000000000000000, -1.000000000000000000 ) ) ;
#610 = CARTESIAN_POINT ( 'NONE',  ( -2.392731301851348302, 12.71208743013414200, -7.634121562281162454 ) ) ;
#611 = ORIENTED_EDGE ( 'NONE', *, *, #288, .F. ) ;
#612 = PERSON_AND_ORGANIZATION ( #544, #190 ) ;
#613 = CARTESIAN_POINT ( 'NONE',  ( 0.5843507084529191431, 17.67780224333799310, -7.979947018198497943 ) ) ;
#614 = FACE_OUTER_BOUND ( 'NONE', #404, .T. ) ;
#615 = ADVANCED_FACE ( 'NONE', ( #1361, #1472 ), #696, .F. ) ;
#616 = FACE_OUTER_BOUND ( 'NONE', #289, .T. ) ;
#617 = CARTESIAN_POINT ( 'NONE',  ( -4.342264556739451109, 16.72009311634772644, -6.719402662201098941 ) ) ;
#618 = CARTESIAN_POINT ( 'NONE',  ( -4.500000000000000000, 15.50000000000000000, 6.614378277661476346 ) ) ;
#619 = CIRCLE ( 'NONE', #1458, 2.249999999999999556 ) ;
#620 = CARTESIAN_POINT ( 'NONE',  ( 2.250300731813273725, 11.35286604096715735, 7.676988127776468218 ) ) ;
#621 = CARTESIAN_POINT ( 'NONE',  ( 4.500000000000000000, 15.50000000000000000, -7.694392822221491457 ) ) ;
#622 = CARTESIAN_POINT ( 'NONE',  ( 1.129223916772040148, 4.992122126069763688, 4.871324697524021197 ) ) ;
#623 = VERTEX_POINT ( 'NONE', #351 ) ;
#624 = CARTESIAN_POINT ( 'NONE',  ( 0.9913686801818306638, 2.870058996123997286, -4.901245128937398832 ) ) ;
#625 = CARTESIAN_POINT ( 'NONE',  ( -4.500000000000000000, 15.50000000000000000, -4.999999999999999112 ) ) ;
#626 = ORIENTED_EDGE ( 'NONE', *, *, #1386, .F. ) ;
#627 = CARTESIAN_POINT ( 'NONE',  ( 2.177583813177159655, 14.91494163696002317, -7.697988593221566589 ) ) ;
#628 = CARTESIAN_POINT ( 'NONE',  ( 4.336808689942025625E-16, 11.75000000000000000, 7.694392822221488792 ) ) ;
#629 = DIRECTION ( 'NONE',  ( -0.000000000000000000, -0.000000000000000000, -1.000000000000000000 ) ) ;
#630 = ORIENTED_EDGE ( 'NONE', *, *, #1164, .T. ) ;
#631 = AXIS2_PLACEMENT_3D ( 'NONE', #258, #828, #1177 ) ;
#632 = CARTESIAN_POINT ( 'NONE',  ( 4.372464799913031719, 16.57488432038058335, -6.699477018658861915 ) ) ;
#633 = CARTESIAN_POINT ( 'NONE',  ( -8.000000000000000000, 8.000000000000000000, 4.999999999999999112 ) ) ;
#634 = CARTESIAN_POINT ( 'NONE',  ( 0.000000000000000000, 0.000000000000000000, 0.000000000000000000 ) ) ;
#635 = VERTEX_POINT ( 'NONE', #927 ) ;
#636 = DIRECTION ( 'NONE',  ( 0.000000000000000000, -0.000000000000000000, 1.000000000000000000 ) ) ;
#637 = CARTESIAN_POINT ( 'NONE',  ( 4.007359729667784087, 17.56901322940093380, 6.925352704401482207 ) ) ;
#638 = EDGE_CURVE ( 'NONE', #657, #872, #847, .T. ) ;
#639 = ORIENTED_EDGE ( 'NONE', *, *, #1083, .F. ) ;
#640 = CARTESIAN_POINT ( 'NONE',  ( 3.459487759397047224, 14.51188122819539572, -7.218997482360540729 ) ) ;
#641 = EDGE_CURVE ( 'NONE', #1212, #966, #790, .T. ) ;
#642 = CARTESIAN_POINT ( 'NONE',  ( 4.500000000000000000, 15.50000000000000000, 4.999999999999999112 ) ) ;
#643 = LOCAL_TIME ( 12, 6, 25.00000000000000000, #218 ) ;
#644 = CIRCLE ( 'NONE', #565, 2.249999999999999556 ) ;
#645 = EDGE_LOOP ( 'NONE', ( #208, #336, #507, #1436, #168, #158 ) ) ;
#646 = CARTESIAN_POINT ( 'NONE',  ( -0.1476573383481117330, 17.75000000000000355, 8.000000000000003553 ) ) ;
#647 = ORIENTED_EDGE ( 'NONE', *, *, #882, .F. ) ;
#648 = FACE_OUTER_BOUND ( 'NONE', #1373, .T. ) ;
#649 = ORIENTED_EDGE ( 'NONE', *, *, #1490, .F. ) ;
#650 = ORIENTED_EDGE ( 'NONE', *, *, #1133, .T. ) ;
#651 = LINE ( 'NONE', #523, #1076 ) ;
#652 = EDGE_CURVE ( 'NONE', #47, #878, #571, .T. ) ;
#653 = EDGE_LOOP ( 'NONE', ( #1455, #418 ) ) ;
#654 = CARTESIAN_POINT ( 'NONE',  ( -4.336808689942023652E-16, 11.75000000000000000, 4.999999999999999112 ) ) ;
#655 = FACE_OUTER_BOUND ( 'NONE', #115, .T. ) ;
#656 = ORIENTED_EDGE ( 'NONE', *, *, #1314, .T. ) ;
#657 = VERTEX_POINT ( 'NONE', #360 ) ;
#658 = CARTESIAN_POINT ( 'NONE',  ( -4.500000000000000000, 15.50000000000000000, 8.000999999999999446 ) ) ;
#659 = B_SPLINE_CURVE_WITH_KNOTS ( 'NONE', 3,
 ( #594, #1168, #30, #627, #724, #745, #1276, #1078, #960, #1397, #1416, #706, #604, #139, #488, #1320 ),
 .UNSPECIFIED., .F., .F.,
 ( 4, 2, 2, 2, 2, 2, 2, 4 ),
 ( 0.000000000000000000, 0.0004420113037349478039, 0.0008840226074698956079, 0.001326033911204843466, 0.001768045214939791216, 0.002652067822409686932, 0.003094079126144635549, 0.003536090429879584600 ),
 .UNSPECIFIED. ) ;
#660 = PRODUCT ( 'UnivJointOuter', 'UnivJointOuter', '', ( #600 ) ) ;
#661 = ADVANCED_FACE ( 'NONE', ( #616 ), #827, .T. ) ;
#662 = DIRECTION ( 'NONE',  ( 0.000000000000000000, 1.000000000000000000, 0.000000000000000000 ) ) ;
#663 = PERSON_AND_ORGANIZATION ( #544, #190 ) ;
#664 = ORIENTED_EDGE ( 'NONE', *, *, #465, .T. ) ;
#665 = CARTESIAN_POINT ( 'NONE',  ( 0.3898992570910031485, 5.451788957014042758, 4.985714813830977477 ) ) ;
#666 = CARTESIAN_POINT ( 'NONE',  ( 1.198489056548872389, 4.922732557860700631, -4.856275012288615578 ) ) ;
#667 = B_SPLINE_CURVE_WITH_KNOTS ( 'NONE', 3,
 ( #1181, #40, #499, #1317, #275, #1431, #1193, #1085, #396, #79, #1448, #402, #1211, #308, #535, #877 ),
 .UNSPECIFIED., .F., .F.,
 ( 4, 2, 2, 2, 2, 2, 2, 4 ),
 ( 0.002350628718118140479, 0.002644312302471549768, 0.002937995886824958623, 0.003525363055531777201, 0.003819046639885186924, 0.004112730224238596646, 0.004406413808592007236, 0.004700097392945416959 ),
 .UNSPECIFIED. ) ;
#668 = ORIENTED_EDGE ( 'NONE', *, *, #638, .T. ) ;
#669 = LINE ( 'NONE', #1487, #1091 ) ;
#670 = VERTEX_POINT ( 'NONE', #42 ) ;
#671 = CARTESIAN_POINT ( 'NONE',  ( -1.348094469160879605, 3.334962654882901223, 7.885689408631255226 ) ) ;
#672 = B_SPLINE_CURVE_WITH_KNOTS ( 'NONE', 3,
 ( #25, #466, #1292, #955, #274, #135, #1271, #126, #967, #1424, #1041, #1303 ),
 .UNSPECIFIED., .F., .F.,
 ( 4, 2, 2, 2, 2, 4 ),
 ( 0.004700097392945416959, 0.005287660794568362944, 0.005875224196191308930, 0.006169005897002781055, 0.006462787597814253181, 0.007050350999437198299 ),
 .UNSPECIFIED. ) ;
#673 = CARTESIAN_POINT ( 'NONE',  ( 1.001156710412104189, 13.47953911145902062, 7.938307704015653776 ) ) ;
#674 = ORIENTED_EDGE ( 'NONE', *, *, #1366, .T. ) ;
#675 = LINE ( 'NONE', #1272, #1410 ) ;
#676 = CARTESIAN_POINT ( 'NONE',  ( -3.112474899497184033, 18.74999999999999289, -7.369701486491836206 ) ) ;
#677 = AXIS2_PLACEMENT_3D ( 'NONE', #970, #1428, #1434 ) ;
#678 = PERSON_AND_ORGANIZATION ( #544, #190 ) ;
#679 = CARTESIAN_POINT ( 'NONE',  ( -1.451685555001577699, 3.609793877932108597, 7.867209953783032006 ) ) ;
#680 = EDGE_CURVE ( 'NONE', #1252, #37, #837, .T. ) ;
#681 = CARTESIAN_POINT ( 'NONE',  ( -1.130181218526755016, 17.45103066829373972, -7.920719063536273197 ) ) ;
#682 = ORIENTED_EDGE ( 'NONE', *, *, #1033, .F. ) ;
#683 = ADVANCED_FACE ( 'NONE', ( #712 ), #723, .F. ) ;
#684 = FACE_OUTER_BOUND ( 'NONE', #894, .T. ) ;
#685 = EDGE_LOOP ( 'NONE', ( #735, #490 ) ) ;
#686 = ORIENTED_EDGE ( 'NONE', *, *, #1381, .T. ) ;
#687 = CARTESIAN_POINT ( 'NONE',  ( -0.4846588902544329835, 5.422994510678014635, 4.977306418846064950 ) ) ;
#688 = CARTESIAN_POINT ( 'NONE',  ( 0.1483331123922093930, 13.24999999999999289, 8.000000000000003553 ) ) ;
#689 = CARTESIAN_POINT ( 'NONE',  ( -0.3914525433334166138, 2.548613878508482422, -4.985597055971913605 ) ) ;
#690 = VECTOR ( 'NONE', #1094, 1000.000000000000000 ) ;
#691 = COORDINATED_UNIVERSAL_TIME_OFFSET ( 7, 0, .BEHIND. ) ;
#692 = CARTESIAN_POINT ( 'NONE',  ( -0.9921089020642076539, 5.129271162675273388, -7.938549476827641449 ) ) ;
#693 = DIRECTION ( 'NONE',  ( -0.000000000000000000, -0.000000000000000000, -1.000000000000000000 ) ) ;
#694 = FACE_OUTER_BOUND ( 'NONE', #739, .T. ) ;
#695 = EDGE_CURVE ( 'NONE', #1478, #670, #1008, .T. ) ;
#696 = PLANE ( 'NONE',  #1057 ) ;
#697 = CARTESIAN_POINT ( 'NONE',  ( -1.460104139239946308, 4.395260161205298388, -4.782695673253370749 ) ) ;
#698 = AXIS2_PLACEMENT_3D ( 'NONE', #586, #829, #1387 ) ;
#699 = CARTESIAN_POINT ( 'NONE',  ( -2.249850986151841870, 11.94500670589764013, 7.677119939438008522 ) ) ;
#700 = EDGE_CURVE ( 'NONE', #144, #623, #675, .T. ) ;
#701 = CARTESIAN_POINT ( 'NONE',  ( 1.452097189448254833, 4.388588951615118638, -7.867133608827054481 ) ) ;
#702 = APPROVAL_STATUS ( 'not_yet_approved' ) ;
#703 = CARTESIAN_POINT ( 'NONE',  ( 2.177338326396749402, 16.08608847594973668, -7.698058556600503977 ) ) ;
#704 = CARTESIAN_POINT ( 'NONE',  ( 0.000000000000000000, 18.74999999999999289, 0.000000000000000000 ) ) ;
#705 = CARTESIAN_POINT ( 'NONE',  ( 0.7514007752254842076, 5.301929396799487826, 7.965056525395834086 ) ) ;
#706 = CARTESIAN_POINT ( 'NONE',  ( 0.7278689914524060223, 13.36594885029710511, -7.967981580537983000 ) ) ;
#707 = CARTESIAN_POINT ( 'NONE',  ( 0.9220906187867570214, 2.800882975219169957, 7.947903619508487338 ) ) ;
#708 = CARTESIAN_POINT ( 'NONE',  ( 1.192994415323175961, 4.914541951254721930, -7.910739888303245593 ) ) ;
#709 = LINE ( 'NONE', #387, #108 ) ;
#710 = LINE ( 'NONE', #517, #251 ) ;
#711 = CC_DESIGN_APPROVAL ( #755, ( #1075 ) ) ;
#712 = FACE_OUTER_BOUND ( 'NONE', #1015, .T. ) ;
#713 = CARTESIAN_POINT ( 'NONE',  ( -0.09805846876001012014, 2.499999999999999556, 8.000000000000003553 ) ) ;
#714 = FACE_OUTER_BOUND ( 'NONE', #1427, .T. ) ;
#715 = CARTESIAN_POINT ( 'NONE',  ( -0.1483039019255664170, 13.24999999999999467, 8.000000000000003553 ) ) ;
#716 = CIRCLE ( 'NONE', #69, 8.000000000000000000 ) ;
#717 = B_SPLINE_CURVE_WITH_KNOTS ( 'NONE', 3,
 ( #124, #715, #931, #1312, #1047, #737, #1388, #1059, #22, #472, #941, #1399, #348, #363, #951, #493 ),
 .UNSPECIFIED., .F., .F.,
 ( 4, 2, 2, 2, 2, 2, 2, 4 ),
 ( 0.01060478484727948173, 0.01104651175399383282, 0.01148823866070818565, 0.01237169247413688611, 0.01281341938085123720, 0.01325514628756558656, 0.01369687319427993766, 0.01413860010099428702 ),
 .UNSPECIFIED. ) ;
#718 = CARTESIAN_POINT ( 'NONE',  ( 0.9229370366688914862, 5.198331796846576758, 4.916095104655196835 ) ) ;
#719 = VERTEX_POINT ( 'NONE', #809 ) ;
#720 = DIRECTION ( 'NONE',  ( -1.000000000000000000, 0.000000000000000000, 0.000000000000000000 ) ) ;
#721 = CARTESIAN_POINT ( 'NONE',  ( 0.3907135148549875092, 5.451558381575106971, -4.985647564639932305 ) ) ;
#722 = CARTESIAN_POINT ( 'NONE',  ( -2.021749434821608293, 14.50170438743013079, -7.740538009346166426 ) ) ;
#723 = CYLINDRICAL_SURFACE ( 'NONE', #230, 1.500000000000000222 ) ;
#724 = CARTESIAN_POINT ( 'NONE',  ( 2.133928268452273347, 14.77159468511353424, -7.710368924162788851 ) ) ;
#725 = CARTESIAN_POINT ( 'NONE',  ( -2.392731301851348302, 12.71208743013414200, 7.634121562281162454 ) ) ;
#726 = CARTESIAN_POINT ( 'NONE',  ( 3.221652035313837370, 9.265611773437042231, 7.326437288040451357 ) ) ;
#727 = CIRCLE ( 'NONE', #939, 4.500000000000000888 ) ;
#728 = CARTESIAN_POINT ( 'NONE',  ( 1.500000000000000666, 4.099701381242008225, 4.769696007084728961 ) ) ;
#729 = EDGE_CURVE ( 'NONE', #408, #1224, #247, .T. ) ;
#730 = ORIENTED_EDGE ( 'NONE', *, *, #608, .T. ) ;
#731 = CARTESIAN_POINT ( 'NONE',  ( 1.451512499884481278, 3.609203064391281579, -4.784717075689073340 ) ) ;
#732 = CARTESIAN_POINT ( 'NONE',  ( -0.2974956067018136863, 13.26488672594466145, -7.995777410076644998 ) ) ;
#733 = CARTESIAN_POINT ( 'NONE',  ( 1.459973146933984278, 4.395742582667304887, 7.866020350585143817 ) ) ;
#734 = LINE ( 'NONE', #857, #39 ) ;
#735 = ORIENTED_EDGE ( 'NONE', *, *, #886, .T. ) ;
#736 = CARTESIAN_POINT ( 'NONE',  ( 0.1962130128181750754, 2.500000000000000444, 8.000000000000001776 ) ) ;
#737 = CARTESIAN_POINT ( 'NONE',  ( -1.134648672523206336, 13.53498223047215099, 7.923822454518099079 ) ) ;
#738 = CARTESIAN_POINT ( 'NONE',  ( 4.500000000000003553, 8.000000000000000000, -4.999999999999999112 ) ) ;
#739 = EDGE_LOOP ( 'NONE', ( #253, #1201, #437, #342, #1323 ) ) ;
#740 = DIRECTION ( 'NONE',  ( -0.000000000000000000, -1.000000000000000000, -0.000000000000000000 ) ) ;
#741 = CARTESIAN_POINT ( 'NONE',  ( 1.951531189378138187, 16.62944308872970112, -7.758775759902424518 ) ) ;
#742 = CARTESIAN_POINT ( 'NONE',  ( -0.7272159487128820876, 13.36562354296637700, -7.968064631115638008 ) ) ;
#743 = VECTOR ( 'NONE', #1394, 1000.000000000000000 ) ;
#744 = ORIENTED_EDGE ( 'NONE', *, *, #1124, .F. ) ;
#745 = CARTESIAN_POINT ( 'NONE',  ( 2.020668530108073124, 14.49943873296761510, -7.740822791733823038 ) ) ;
#746 = CARTESIAN_POINT ( 'NONE',  ( 0.000000000000000000, 8.000000000000000000, 0.000000000000000000 ) ) ;
#747 = LOCAL_TIME ( 12, 6, 25.00000000000000000, #1007 ) ;
#748 = CARTESIAN_POINT ( 'NONE',  ( 4.499999999999999112, 15.81390382964069374, 6.614378277661476346 ) ) ;
#749 = EDGE_LOOP ( 'NONE', ( #318, #873, #1343, #1223 ) ) ;
#750 = CARTESIAN_POINT ( 'NONE',  ( 2.392731301851347414, 12.71208743013414377, -7.634121562281161566 ) ) ;
#751 = CARTESIAN_POINT ( 'NONE',  ( 1.384207177147968482, 17.29803724876501647, 7.882190662710685913 ) ) ;
#752 = VERTEX_POINT ( 'NONE', #238 ) ;
#753 = EDGE_CURVE ( 'NONE', #1106, #719, #400, .T. ) ;
#754 = FACE_OUTER_BOUND ( 'NONE', #1226, .T. ) ;
#755 = APPROVAL ( #1340, 'UNSPECIFIED' ) ;
#756 = ORIENTED_EDGE ( 'NONE', *, *, #840, .F. ) ;
#757 = FACE_OUTER_BOUND ( 'NONE', #788, .T. ) ;
#758 = CARTESIAN_POINT ( 'NONE',  ( 3.862230163217749812, 17.82874172983164485, -7.008605115524037643 ) ) ;
#759 = VERTEX_POINT ( 'NONE', #1392 ) ;
#760 = CARTESIAN_POINT ( 'NONE',  ( 1.500000000000000222, 4.000000000000000000, -8.000000000000000000 ) ) ;
#761 = VERTEX_POINT ( 'NONE', #169 ) ;
#762 = CARTESIAN_POINT ( 'NONE',  ( -1.030840800689993221E-15, 15.49999999999999289, -4.999999999999999112 ) ) ;
#763 = ORIENTED_EDGE ( 'NONE', *, *, #1120, .T. ) ;
#764 = CARTESIAN_POINT ( 'NONE',  ( -0.3912990953661797389, 2.548603283884216530, 4.985600387246914345 ) ) ;
#765 = CIRCLE ( 'NONE', #104, 8.000000000000000000 ) ;
#766 = ORIENTED_EDGE ( 'NONE', *, *, #608, .F. ) ;
#767 = EDGE_CURVE ( 'NONE', #352, #430, #103, .T. ) ;
#768 = EDGE_LOOP ( 'NONE', ( #1220, #1353, #101, #668 ) ) ;
#769 = CARTESIAN_POINT ( 'NONE',  ( 4.232820816359180505, 15.27735068029931753, -6.796149908480382251 ) ) ;
#770 = CC_DESIGN_DATE_AND_TIME_ASSIGNMENT ( #801, #327, ( #283 ) ) ;
#771 = CARTESIAN_POINT ( 'NONE',  ( -1.500000000000000444, 3.901765150889360267, 4.769696007084728073 ) ) ;
#772 = DIRECTION ( 'NONE',  ( 0.000000000000000000, -1.000000000000000000, 0.000000000000000000 ) ) ;
#773 = ORIENTED_EDGE ( 'NONE', *, *, #1238, .T. ) ;
#774 = ORIENTED_EDGE ( 'NONE', *, *, #729, .F. ) ;
#775 = CARTESIAN_POINT ( 'NONE',  ( -1.951473923175364833, 16.62951790058808754, 7.758788959899898252 ) ) ;
#776 = EDGE_CURVE ( 'NONE', #670, #408, #34, .T. ) ;
#777 = VERTEX_POINT ( 'NONE', #1052 ) ;
#778 = DIRECTION ( 'NONE',  ( -0.000000000000000000, -0.000000000000000000, 1.000000000000000000 ) ) ;
#779 = DIRECTION ( 'NONE',  ( -0.000000000000000000, -0.000000000000000000, -1.000000000000000000 ) ) ;
#780 = CARTESIAN_POINT ( 'NONE',  ( 1.557538390238228062E-15, 13.24999999999998224, 8.000000000000001776 ) ) ;
#781 = EDGE_LOOP ( 'NONE', ( #1239, #515, #890, #774, #869, #398, #307, #1464, #954, #682 ) ) ;
#782 = CARTESIAN_POINT ( 'NONE',  ( 0.000000000000000000, 0.000000000000000000, 0.000000000000000000 ) ) ;
#783 = VECTOR ( 'NONE', #629, 1000.000000000000000 ) ;
#784 = B_SPLINE_CURVE_WITH_KNOTS ( 'NONE', 3,
 ( #538, #921, #1026, #893, #1461, #424, #1488, #417, #1267, #1351, #1153, #697, #121, #1038 ),
 .UNSPECIFIED., .F., .F.,
 ( 4, 2, 2, 2, 2, 2, 4 ),
 ( 1.277524925459567565E-19, 0.0002948985580767093375, 0.0005897971161534185667, 0.0008846956742301277958, 0.001179594232306837133, 0.001769391348460255592, 0.002359188464613673833 ),
 .UNSPECIFIED. ) ;
#785 = CC_DESIGN_SECURITY_CLASSIFICATION ( #283, ( #1075 ) ) ;
#786 = PLANE ( 'NONE',  #1141 ) ;
#787 = DIRECTION ( 'NONE',  ( 0.000000000000000000, -1.000000000000000000, 0.000000000000000000 ) ) ;
#788 = EDGE_LOOP ( 'NONE', ( #1084, #545, #853, #1447, #1115 ) ) ;
#789 = CARTESIAN_POINT ( 'NONE',  ( -1.310803565619635735, 4.754962764921670804, -7.892247242677339791 ) ) ;
#790 = B_SPLINE_CURVE_WITH_KNOTS ( 'NONE', 3,
 ( #577, #819, #19, #1375, #3, #1176, #705, #584, #239, #461, #1158, #733, #468, #937 ),
 .UNSPECIFIED., .F., .F.,
 ( 4, 2, 2, 2, 2, 2, 4 ),
 ( 0.007050325420513445761, 0.007343905838058783359, 0.007637486255604121824, 0.007931066673149458554, 0.008224647090694797019, 0.008811807925785472215, 0.009398968760876147410 ),
 .UNSPECIFIED. ) ;
#791 = CARTESIAN_POINT ( 'NONE',  ( 0.09885295575938334023, 5.500000000000004441, 5.000000000000001776 ) ) ;
#792 = APPROVAL ( #702, 'UNSPECIFIED' ) ;
#793 = ORIENTED_EDGE ( 'NONE', *, *, #537, .T. ) ;
#794 = DATE_AND_TIME ( #455, #643 ) ;
#795 = DIRECTION ( 'NONE',  ( 0.000000000000000000, 0.000000000000000000, 1.000000000000000000 ) ) ;
#796 = AXIS2_PLACEMENT_3D ( 'NONE', #113, #662, #88 ) ;
#797 = VERTEX_POINT ( 'NONE', #1073 ) ;
#798 = CARTESIAN_POINT ( 'NONE',  ( -1.130118955001998104, 4.991166504403726556, 4.871123524751074463 ) ) ;
#799 = CARTESIAN_POINT ( 'NONE',  ( 9.797157996441606618E-16, 5.500000000000000888, 8.000000000000000000 ) ) ;
#800 = VERTEX_POINT ( 'NONE', #945 ) ;
#801 = DATE_AND_TIME ( #1445, #984 ) ;
#802 = CARTESIAN_POINT ( 'NONE',  ( 0.000000000000000000, 8.000000000000000000, 0.000000000000000000 ) ) ;
#803 = ORIENTED_EDGE ( 'NONE', *, *, #389, .F. ) ;
#804 = CARTESIAN_POINT ( 'NONE',  ( -0.1976824893192574428, 2.509847362994158448, 7.998137127573603067 ) ) ;
#805 = VECTOR ( 'NONE', #7, 1000.000000000000000 ) ;
#806 = CARTESIAN_POINT ( 'NONE',  ( -2.190485364882395203, 16.09199119498045860, -7.695152527867533010 ) ) ;
#807 = EDGE_CURVE ( 'NONE', #670, #89, #146, .T. ) ;
#808 = CIRCLE ( 'NONE', #1473, 8.000000000000000000 ) ;
#809 = CARTESIAN_POINT ( 'NONE',  ( 4.500000000000000000, 15.50000000000000000, -4.999999999999999112 ) ) ;
#810 = CARTESIAN_POINT ( 'NONE',  ( 4.500000000000000000, 15.50000000000000000, -6.614378277661476346 ) ) ;
#811 = CARTESIAN_POINT ( 'NONE',  ( -1.500000000000000222, 4.000000000000000000, -4.769696007084727185 ) ) ;
#812 = ORIENTED_EDGE ( 'NONE', *, *, #923, .T. ) ;
#813 = ADVANCED_FACE ( 'NONE', ( #243 ), #1064, .F. ) ;
#814 = DIRECTION ( 'NONE',  ( 0.000000000000000000, 0.000000000000000000, -1.000000000000000000 ) ) ;
#815 = CARTESIAN_POINT ( 'NONE',  ( 0.9232547060317353171, 5.198172682807388867, -7.947762867583969104 ) ) ;
#816 = EDGE_CURVE ( 'NONE', #752, #408, #709, .T. ) ;
#817 = CARTESIAN_POINT ( 'NONE',  ( 1.309951980145100281, 4.756511493768388554, -4.825985579465538855 ) ) ;
#818 = CARTESIAN_POINT ( 'NONE',  ( -4.500000000000000000, 15.50000000000000000, -7.694392822221491457 ) ) ;
#819 = CARTESIAN_POINT ( 'NONE',  ( 0.09901479017437912755, 5.500000000000001776, 7.999999999999998224 ) ) ;
#820 = DIRECTION ( 'NONE',  ( -1.000000000000000000, 0.000000000000000000, 0.000000000000000000 ) ) ;
#821 = VECTOR ( 'NONE', #1459, 1000.000000000000000 ) ;
#822 = PLANE ( 'NONE',  #1446 ) ;
#823 = LINE ( 'NONE', #1170, #1138 ) ;
#824 = CARTESIAN_POINT ( 'NONE',  ( -3.463922591193351330, 8.983221087637916824, -7.216834271512287735 ) ) ;
#825 = CARTESIAN_POINT ( 'NONE',  ( 0.6661535230381163686, 2.652473538526221475, -4.956261181703131236 ) ) ;
#826 = CARTESIAN_POINT ( 'NONE',  ( -1.384207177147970036, 13.70196275123496221, -7.882190662710689466 ) ) ;
#827 = CYLINDRICAL_SURFACE ( 'NONE', #1344, 4.500000000000000888 ) ;
#828 = DIRECTION ( 'NONE',  ( -0.000000000000000000, -0.000000000000000000, -1.000000000000000000 ) ) ;
#829 = DIRECTION ( 'NONE',  ( -0.000000000000000000, -1.000000000000000000, -0.000000000000000000 ) ) ;
#830 = CARTESIAN_POINT ( 'NONE',  ( 0.000000000000000000, 8.000000000000000000, 0.000000000000000000 ) ) ;
#831 = CARTESIAN_POINT ( 'NONE',  ( 1.500000000000000222, 4.000000000000000000, -7.858116822750855768 ) ) ;
#832 = ORIENTED_EDGE ( 'NONE', *, *, #1182, .T. ) ;
#833 = DIRECTION ( 'NONE',  ( -0.000000000000000000, -0.000000000000000000, -1.000000000000000000 ) ) ;
#834 = CARTESIAN_POINT ( 'NONE',  ( 0.9162210649103396110, 2.808328984525983341, -4.916026002969550390 ) ) ;
#835 = CARTESIAN_POINT ( 'NONE',  ( -4.500000000000002665, 7.999999999999998224, -4.999999999999999112 ) ) ;
#836 = AXIS2_PLACEMENT_3D ( 'NONE', #1063, #944, #1173 ) ;
#837 = LINE ( 'NONE', #1266, #563 ) ;
#838 = CARTESIAN_POINT ( 'NONE',  ( -3.326294485311457549, 18.54522827880989766, -7.279398223179526006 ) ) ;
#839 = CARTESIAN_POINT ( 'NONE',  ( -4.342264556739451109, 16.72009311634772644, 6.719402662201098941 ) ) ;
#840 = EDGE_CURVE ( 'NONE', #800, #106, #667, .T. ) ;
#841 = CARTESIAN_POINT ( 'NONE',  ( 4.500000000000002665, 8.000000000000000000, 4.999999999999999112 ) ) ;
#842 = LINE ( 'NONE', #852, #1192 ) ;
#843 = VERTEX_POINT ( 'NONE', #67 ) ;
#844 = CARTESIAN_POINT ( 'NONE',  ( -1.030840800689993221E-15, 15.49999999999999289, 4.999999999999999112 ) ) ;
#845 = CARTESIAN_POINT ( 'NONE',  ( -1.315680701054157179E-16, 5.500000000000000888, -4.999999999999999112 ) ) ;
#846 = CARTESIAN_POINT ( 'NONE',  ( 1.951124721743682677, 16.63004761389529662, 7.758873323582018422 ) ) ;
#847 = LINE ( 'NONE', #1044, #330 ) ;
#848 = CARTESIAN_POINT ( 'NONE',  ( -4.336808689942023652E-16, 11.75000000000000000, 4.999999999999999112 ) ) ;
#849 = CARTESIAN_POINT ( 'NONE',  ( 1.192539954414615133, 3.084876927497675947, 7.910808312833681022 ) ) ;
#850 = CARTESIAN_POINT ( 'NONE',  ( 3.966714431774549965, 15.03605456756541159, 6.953211978970395002 ) ) ;
#851 = CARTESIAN_POINT ( 'NONE',  ( 4.500000000000002665, 7.999999999999998224, -7.694392822221491457 ) ) ;
#852 = CARTESIAN_POINT ( 'NONE',  ( 0.000000000000000000, 8.000000000000000000, -4.999999999999999112 ) ) ;
#853 = ORIENTED_EDGE ( 'NONE', *, *, #1460, .F. ) ;
#854 = PERSON_AND_ORGANIZATION ( #544, #190 ) ;
#855 = CARTESIAN_POINT ( 'NONE',  ( 0.000000000000000000, 8.000000000000000000, -4.999999999999999112 ) ) ;
#856 = CARTESIAN_POINT ( 'NONE',  ( -4.500000000000000000, 15.50000000000000000, 8.000999999999999446 ) ) ;
#857 = CARTESIAN_POINT ( 'NONE',  ( -4.500000000000002665, 7.999999999999998224, 8.000999999999999446 ) ) ;
#858 = LINE ( 'NONE', #1169, #1466 ) ;
#859 = CARTESIAN_POINT ( 'NONE',  ( 4.239780629014761715, 17.01576005110754508, 6.784341331042680778 ) ) ;
#860 = ORIENTED_EDGE ( 'NONE', *, *, #1347, .T. ) ;
#861 = CARTESIAN_POINT ( 'NONE',  ( -5.778211232370530420E-16, 17.75000000000000355, -8.000000000000001776 ) ) ;
#862 = EDGE_CURVE ( 'NONE', #205, #312, #1463, .T. ) ;
#863 = CARTESIAN_POINT ( 'NONE',  ( -1.030840800689993221E-15, 15.49999999999999289, 4.999999999999999112 ) ) ;
#864 = ORIENTED_EDGE ( 'NONE', *, *, #1451, .F. ) ;
#865 = MANIFOLD_SOLID_BREP ( 'Cut-Extrude4', #494 ) ;
#866 = CARTESIAN_POINT ( 'NONE',  ( 0.000000000000000000, 8.000000000000000000, -8.000000000000000000 ) ) ;
#867 = CC_DESIGN_PERSON_AND_ORGANIZATION_ASSIGNMENT ( #612, #38, ( #660 ) ) ;
#868 = CARTESIAN_POINT ( 'NONE',  ( 2.249850986151842758, 11.94500670589763658, 7.677119939438004970 ) ) ;
#869 = ORIENTED_EDGE ( 'NONE', *, *, #776, .F. ) ;
#870 = CARTESIAN_POINT ( 'NONE',  ( 3.216546217467012081, 14.22795832546518113, -7.328656129054097690 ) ) ;
#871 = CARTESIAN_POINT ( 'NONE',  ( 3.326246013067445162, 18.54527469993076139, -7.279418694652227906 ) ) ;
#872 = VERTEX_POINT ( 'NONE', #427 ) ;
#873 = ORIENTED_EDGE ( 'NONE', *, *, #452, .F. ) ;
#874 = DIRECTION ( 'NONE',  ( -1.000000000000000000, 0.000000000000000000, 0.000000000000000000 ) ) ;
#875 = ORIENTED_EDGE ( 'NONE', *, *, #1314, .F. ) ;
#876 = VECTOR ( 'NONE', #1102, 1000.000000000000000 ) ;
#877 = CARTESIAN_POINT ( 'NONE',  ( 1.339288601838972793E-22, 2.499999999999999556, -8.000000000000000000 ) ) ;
#878 = VERTEX_POINT ( 'NONE', #1325 ) ;
#879 = CARTESIAN_POINT ( 'NONE',  ( 9.797174393178825657E-16, 8.000000000000000000, 8.000000000000000000 ) ) ;
#880 = EDGE_LOOP ( 'NONE', ( #812, #1454, #766, #87, #176, #1291 ) ) ;
#881 = CARTESIAN_POINT ( 'NONE',  ( 4.232971649327040176, 8.222523625560802074, -6.796047291374608612 ) ) ;
#882 = EDGE_CURVE ( 'NONE', #1315, #759, #1060, .T. ) ;
#883 = B_SPLINE_CURVE_WITH_KNOTS ( 'NONE', 3,
 ( #618, #971, #1407, #839, #1046, #12, #391, #153, #491, #5 ),
 .UNSPECIFIED., .F., .F.,
 ( 4, 2, 2, 2, 4 ),
 ( 0.000000000000000000, 0.0009256889552440959864, 0.001851377910488191973, 0.002777066865732287851, 0.003702755820976383946 ),
 .UNSPECIFIED. ) ;
#884 = CARTESIAN_POINT ( 'NONE',  ( -4.500000000000002665, 8.000000000000000000, -4.999999999999999112 ) ) ;
#885 = LOCAL_TIME ( 12, 6, 25.00000000000000000, #118 ) ;
#886 = EDGE_CURVE ( 'NONE', #635, #1385, #1000, .T. ) ;
#887 = VECTOR ( 'NONE', #1402, 1000.000000000000000 ) ;
#888 = ORIENTED_EDGE ( 'NONE', *, *, #96, .F. ) ;
#889 = AXIS2_PLACEMENT_3D ( 'NONE', #195, #779, #1260 ) ;
#890 = ORIENTED_EDGE ( 'NONE', *, *, #1089, .T. ) ;
#891 = CARTESIAN_POINT ( 'NONE',  ( -0.5851508021988314212, 17.67763596023349848, 7.979901150100584317 ) ) ;
#892 = CARTESIAN_POINT ( 'NONE',  ( -1.030840800689993221E-15, 15.49999999999999289, 8.000999999999999446 ) ) ;
#893 = CARTESIAN_POINT ( 'NONE',  ( -0.3903124590777984904, 5.451653608937624185, -4.985675471333902209 ) ) ;
#894 = EDGE_LOOP ( 'NONE', ( #649, #78 ) ) ;
#895 = CARTESIAN_POINT ( 'NONE',  ( 0.7267711991825742679, 13.36543199101886437, 7.968114431060598690 ) ) ;
#896 = CIRCLE ( 'NONE', #266, 4.999999999999999112 ) ;
#897 = B_SPLINE_CURVE_WITH_KNOTS ( 'NONE', 3,
 ( #1417, #1298, #259, #1178, #32, #962, #1277, #849, #241, #707, #1310, #270, #736, #1187 ),
 .UNSPECIFIED., .F., .F.,
 ( 4, 2, 2, 2, 2, 2, 4 ),
 ( 0.000000000000000000, 0.0002938272816069400009, 0.0005876545632138800018, 0.0008814818448208201112, 0.001175309126427760004, 0.001762963689641638488, 0.002350618252855517405 ),
 .UNSPECIFIED. ) ;
#898 = CARTESIAN_POINT ( 'NONE',  ( 0.000000000000000000, 8.000000000000000000, 0.000000000000000000 ) ) ;
#899 = CARTESIAN_POINT ( 'NONE',  ( -4.500000000000002665, 8.000000000000000000, 6.614378277661475458 ) ) ;
#900 = DIRECTION ( 'NONE',  ( 0.000000000000000000, -0.000000000000000000, -1.000000000000000000 ) ) ;
#901 = EDGE_CURVE ( 'NONE', #599, #1255, #933, .T. ) ;
#902 = EDGE_LOOP ( 'NONE', ( #1032, #1423, #980, #313, #475 ) ) ;
#903 = DIRECTION ( 'NONE',  ( 0.000000000000000000, 1.000000000000000000, 0.000000000000000000 ) ) ;
#904 = CARTESIAN_POINT ( 'NONE',  ( -0.1981641959746749393, 5.500000000000000888, 8.000000000000001776 ) ) ;
#905 = ORIENTED_EDGE ( 'NONE', *, *, #383, .F. ) ;
#906 = LINE ( 'NONE', #1486, #743 ) ;
#907 = CARTESIAN_POINT ( 'NONE',  ( 6.123233995736765296E-16, 8.000000000000000000, 4.999999999999999112 ) ) ;
#908 = EDGE_LOOP ( 'NONE', ( #905, #134, #611, #518, #1111, #650, #1139, #630, #14, #1118, #483, #529, #664, #573, #173, #1309, #744, #73, #1001, #639, #1098, #1025 ) ) ;
#909 = CARTESIAN_POINT ( 'NONE',  ( -1.423259899034531983, 3.516301097806944664, 7.872470222679887719 ) ) ;
#910 = B_SPLINE_SURFACE_WITH_KNOTS ( 'NONE', 2, 1, ( 
 ( #974, #621 ),
 ( #1278, #1189 ),
 ( #587, #851 ) ),
 .UNSPECIFIED., .F., .F., .F.,
 ( 3, 3 ),
 ( 2, 2 ),
 ( 0.000000000000000000, 1.000000000000000000 ),
 ( 0.000000000000000000, 1.000000000000000000 ),
 .UNSPECIFIED. ) ;
#911 = FACE_OUTER_BOUND ( 'NONE', #606, .T. ) ;
#912 = APPROVAL_ROLE ( '' ) ;
#913 = CARTESIAN_POINT ( 'NONE',  ( 4.500000000000004441, 8.000000000000000000, -6.614378277661472794 ) ) ;
#914 = AXIS2_PLACEMENT_3D ( 'NONE', #246, #585, #820 ) ;
#915 = APPROVAL_DATE_TIME ( #449, #755 ) ;
#916 = ORIENTED_EDGE ( 'NONE', *, *, #947, .F. ) ;
#917 = ORIENTED_EDGE ( 'NONE', *, *, #112, .T. ) ;
#918 = EDGE_CURVE ( 'NONE', #37, #872, #177, .T. ) ;
#919 = CARTESIAN_POINT ( 'NONE',  ( -1.372919769234775655, 17.28855292417576450, -7.882270699324017471 ) ) ;
#920 = CARTESIAN_POINT ( 'NONE',  ( 1.422622529225606058, 4.485506021550893507, -4.793503196015788781 ) ) ;
#921 = CARTESIAN_POINT ( 'NONE',  ( -0.09975667273677304991, 5.500000000000000000, -4.999999999999999112 ) ) ;
#922 = AXIS2_PLACEMENT_3D ( 'NONE', #704, #787, #447 ) ;
#923 = EDGE_CURVE ( 'NONE', #998, #1252, #651, .T. ) ;
#924 = CARTESIAN_POINT ( 'NONE',  ( 6.123233995736765296E-16, 8.000000000000000000, 4.999999999999999112 ) ) ;
#925 = AXIS2_PLACEMENT_3D ( 'NONE', #634, #244, #946 ) ;
#926 = APPROVAL_DATE_TIME ( #460, #792 ) ;
#927 = CARTESIAN_POINT ( 'NONE',  ( -2.250000000000000444, 15.49999999999999289, -4.999999999999999112 ) ) ;
#928 = CARTESIAN_POINT ( 'NONE',  ( -4.500000000000000000, 15.50000000000000000, -6.614378277661476346 ) ) ;
#929 = B_SPLINE_CURVE_WITH_KNOTS ( 'NONE', 3,
 ( #1294, #265, #732, #1204, #742, #256, #826, #486, #59, #1326, #722, #1066, #592, #378, #1175, #147 ),
 .UNSPECIFIED., .F., .F.,
 ( 4, 2, 2, 2, 2, 2, 2, 4 ),
 ( 0.003536090429879584600, 0.003977863321229711119, 0.004419636212579837638, 0.005303181995280091543, 0.005744954886630217195, 0.006186727777980342846, 0.006628500669330469365, 0.007070273560680595884 ),
 .UNSPECIFIED. ) ;
#930 = CARTESIAN_POINT ( 'NONE',  ( -3.221652035313836926, 9.265611773437044008, 7.326437288040448692 ) ) ;
#931 = CARTESIAN_POINT ( 'NONE',  ( -0.2948221453920937263, 13.26452057398332052, 7.995880193344009790 ) ) ;
#932 = DIRECTION ( 'NONE',  ( -0.000000000000000000, -1.000000000000000000, -0.000000000000000000 ) ) ;
#933 = B_SPLINE_CURVE_WITH_KNOTS ( 'NONE', 3,
 ( #987, #881, #1233, #72, #1342, #1443, #1100, #184, #528, #85, #191, #204, #750, #1003, #303, #870, #640, #1203, #769, #407 ),
 .UNSPECIFIED., .F., .F.,
 ( 4, 2, 2, 2, 2, 2, 2, 2, 2, 4 ),
 ( 2.124593680485184732E-18, 0.001159906139640229763, 0.002319812279280457357, 0.003479718418920685168, 0.004639624558560912111, 0.005219577628381025583, 0.005799530698201139055, 0.006959436837841371203, 0.008119342977481604218, 0.009279249117121836365 ),
 .UNSPECIFIED. ) ;
#934 = CARTESIAN_POINT ( 'NONE',  ( 0.000000000000000000, 8.000000000000000000, -8.000000000000000000 ) ) ;
#935 = CARTESIAN_POINT ( 'NONE',  ( 2.249999999999998668, 15.49999999999999289, -7.677076266392044879 ) ) ;
#936 = CARTESIAN_POINT ( 'NONE',  ( 0.000000000000000000, 4.000000000000000000, -8.000000000000000000 ) ) ;
#937 = CARTESIAN_POINT ( 'NONE',  ( 1.500000000000000222, 4.000000000000000000, 7.858116822750855768 ) ) ;
#938 = CARTESIAN_POINT ( 'NONE',  ( -4.247793030415991211, 17.01559567307483789, -6.780551010617609897 ) ) ;
#939 = AXIS2_PLACEMENT_3D ( 'NONE', #979, #1435, #536 ) ;
#940 = CARTESIAN_POINT ( 'NONE',  ( -2.594083395544380277, 13.26151829918040015, 7.569057522515032943 ) ) ;
#941 = CARTESIAN_POINT ( 'NONE',  ( -2.020584494284267674, 14.49935818092953532, 7.740843235299363911 ) ) ;
#942 = CARTESIAN_POINT ( 'NONE',  ( -4.500000000000002665, 8.000000000000000000, -6.614378277661475458 ) ) ;
#943 = ORIENTED_EDGE ( 'NONE', *, *, #947, .T. ) ;
#944 = DIRECTION ( 'NONE',  ( 0.000000000000000000, 0.000000000000000000, 1.000000000000000000 ) ) ;
#945 = CARTESIAN_POINT ( 'NONE',  ( -1.500000000000000222, 4.000000000000000000, -7.858116822750855768 ) ) ;
#946 = DIRECTION ( 'NONE',  ( 0.000000000000000000, 0.000000000000000000, 1.000000000000000000 ) ) ;
#947 = EDGE_CURVE ( 'NONE', #1050, #1462, #344, .T. ) ;
#948 = DIRECTION ( 'NONE',  ( -0.000000000000000000, -0.000000000000000000, -1.000000000000000000 ) ) ;
#949 = CARTESIAN_POINT ( 'NONE',  ( -8.000000000000000000, 8.000000000000000000, -4.999999999999999112 ) ) ;
#950 = LINE ( 'NONE', #362, #18 ) ;
#951 = CARTESIAN_POINT ( 'NONE',  ( -2.250000000000001776, 15.35057504987606336, 7.677076266392044879 ) ) ;
#952 = CC_DESIGN_DATE_AND_TIME_ASSIGNMENT ( #1452, #1248, ( #1056 ) ) ;
#953 = CARTESIAN_POINT ( 'NONE',  ( -2.326514325312737164, 10.96701453505018975, -7.655554226873531043 ) ) ;
#954 = ORIENTED_EDGE ( 'NONE', *, *, #652, .F. ) ;
#955 = CARTESIAN_POINT ( 'NONE',  ( 0.7551143027161656418, 2.689262893785401509, -7.966341257864788972 ) ) ;
#956 = CARTESIAN_POINT ( 'NONE',  ( 1.693748004906520999, 16.98828670557673348, -7.819354272609269074 ) ) ;
#957 = CARTESIAN_POINT ( 'NONE',  ( 0.7272159487128814215, 17.63437645703360701, 7.968064631115636232 ) ) ;
#958 = AXIS2_PLACEMENT_3D ( 'NONE', #762, #1218, #197 ) ;
#959 = CARTESIAN_POINT ( 'NONE',  ( -1.490057736356051210, 3.801521274080924329, -4.772854162990392446 ) ) ;
#960 = CARTESIAN_POINT ( 'NONE',  ( 1.693594979750055129, 14.01152689111639127, -7.819388855208521782 ) ) ;
#961 = AXIS2_PLACEMENT_3D ( 'NONE', #982, #1074, #287 ) ;
#962 = CARTESIAN_POINT ( 'NONE',  ( 1.347576180062711959, 3.333888807731119286, 7.885778608989554073 ) ) ;
#963 = CARTESIAN_POINT ( 'NONE',  ( 2.780233741570865114, 13.59751846767259487, 7.505043009154204192 ) ) ;
#964 = CARTESIAN_POINT ( 'NONE',  ( -1.500000000000000222, 4.000000000000000000, 4.769696007084727185 ) ) ;
#965 = CARTESIAN_POINT ( 'NONE',  ( -2.594083395544380277, 13.26151829918040015, -7.569057522515032943 ) ) ;
#966 = VERTEX_POINT ( 'NONE', #293 ) ;
#967 = CARTESIAN_POINT ( 'NONE',  ( 1.347525211770453257, 3.333753309877668158, -7.885787711467900252 ) ) ;
#968 = CARTESIAN_POINT ( 'NONE',  ( 0.09969595223177782350, 5.500000000000001776, -5.000000000000000888 ) ) ;
#969 = CARTESIAN_POINT ( 'NONE',  ( 1.695899527426973696, 16.98594806678314129, 7.818897913454359028 ) ) ;
#970 = CARTESIAN_POINT ( 'NONE',  ( 0.000000000000000000, 8.000000000000000000, 0.000000000000000000 ) ) ;
#971 = CARTESIAN_POINT ( 'NONE',  ( -4.500000000000000888, 15.81372514220804781, 6.614378277661476346 ) ) ;
#972 = AXIS2_PLACEMENT_3D ( 'NONE', #329, #1016, #97 ) ;
#973 = ADVANCED_FACE ( 'NONE', ( #757 ), #1104, .F. ) ;
#974 = CARTESIAN_POINT ( 'NONE',  ( 4.500000000000000000, 15.50000000000000000, -4.999999999999999112 ) ) ;
#975 = EDGE_LOOP ( 'NONE', ( #83, #428, #917, #626, #457 ) ) ;
#976 = CARTESIAN_POINT ( 'NONE',  ( 2.020584494284265897, 16.50064181907044514, -7.740843235299366576 ) ) ;
#977 = CARTESIAN_POINT ( 'NONE',  ( 9.797174393178825657E-16, 18.74999999999999289, 8.000000000000000000 ) ) ;
#978 = CARTESIAN_POINT ( 'NONE',  ( -3.518798604332849411, 18.32095549260624878, -7.187168365217342370 ) ) ;
#979 = CARTESIAN_POINT ( 'NONE',  ( -1.030840800689993221E-15, 15.49999999999999289, 4.999999999999999112 ) ) ;
#980 = ORIENTED_EDGE ( 'NONE', *, *, #80, .T. ) ;
#981 = CARTESIAN_POINT ( 'NONE',  ( -2.250000000000000444, 15.49999999999999289, 7.677076266392043991 ) ) ;
#982 = CARTESIAN_POINT ( 'NONE',  ( 0.000000000000000000, 8.000000000000000000, 0.000000000000000000 ) ) ;
#983 = CARTESIAN_POINT ( 'NONE',  ( -0.7536384468646915025, 2.699407374815491423, -4.943559864786673863 ) ) ;
#984 = LOCAL_TIME ( 12, 6, 25.00000000000000000, #691 ) ;
#985 = CARTESIAN_POINT ( 'NONE',  ( -4.500000000000002665, 7.999999999999998224, 4.999999999999999112 ) ) ;
#986 = ORIENTED_EDGE ( 'NONE', *, *, #1438, .T. ) ;
#987 = CARTESIAN_POINT ( 'NONE',  ( 4.500000000000004441, 8.000000000000000000, -6.614378277661472794 ) ) ;
#988 = ORIENTED_EDGE ( 'NONE', *, *, #1242, .F. ) ;
#989 = CARTESIAN_POINT ( 'NONE',  ( -3.901958592880166132E-13, 2.499999999996244338, 5.000000000001126210 ) ) ;
#990 = B_SPLINE_CURVE_WITH_KNOTS ( 'NONE', 3,
 ( #574, #791, #1359, #665, #434, #1380, #718, #622, #474, #125, #464, #1061, #459, #1040, #728, #242 ),
 .UNSPECIFIED., .F., .F.,
 ( 4, 2, 2, 2, 2, 2, 2, 4 ),
 ( 0.007074823304055789276, 0.007369539593492221985, 0.007664255882928654694, 0.008253688461801519244, 0.008548404751237952820, 0.008843121040674384661, 0.009137837330110816503, 0.009432553619547250079 ),
 .UNSPECIFIED. ) ;
#991 = ORIENTED_EDGE ( 'NONE', *, *, #288, .T. ) ;
#992 = CARTESIAN_POINT ( 'NONE',  ( -0.2942232103650793684, 17.73560563138905266, 7.995914990116705034 ) ) ;
#993 = ADVANCED_FACE ( 'NONE', ( #694 ), #786, .F. ) ;
#994 = CARTESIAN_POINT ( 'NONE',  ( -1.347761395943043006, 3.334333094992656399, 4.815087178314628069 ) ) ;
#995 = CARTESIAN_POINT ( 'NONE',  ( -4.467574338784899624, 16.12021626930085816, -6.636747181032405685 ) ) ;
#996 = ORIENTED_EDGE ( 'NONE', *, *, #560, .F. ) ;
#997 = CARTESIAN_POINT ( 'NONE',  ( -1.133791134764532638, 17.46542310350569238, 7.923926590319425145 ) ) ;
#998 = VERTEX_POINT ( 'NONE', #90 ) ;
#999 = CARTESIAN_POINT ( 'NONE',  ( -8.000000000000000000, 8.000000000000000000, -4.999999999999999112 ) ) ;
#1000 = CIRCLE ( 'NONE', #958, 2.249999999999999556 ) ;
#1001 = ORIENTED_EDGE ( 'NONE', *, *, #1009, .T. ) ;
#1002 = EDGE_LOOP ( 'NONE', ( #1125, #273, #1471, #1327, #1338 ) ) ;
#1003 = CARTESIAN_POINT ( 'NONE',  ( 2.594083395544379833, 13.26151829918039837, -7.569057522515032055 ) ) ;
#1004 = VERTEX_POINT ( 'NONE', #1491 ) ;
#1005 = EDGE_LOOP ( 'NONE', ( #996, #1092, #501, #1442, #306, #1180 ) ) ;
#1006 = DIRECTION ( 'NONE',  ( -0.000000000000000000, -0.000000000000000000, 1.000000000000000000 ) ) ;
#1007 = COORDINATED_UNIVERSAL_TIME_OFFSET ( 7, 0, .BEHIND. ) ;
#1008 = B_SPLINE_CURVE_WITH_KNOTS ( 'NONE', 3,
 ( #811, #487, #959, #1415, #1152, #379, #234, #120, #1037, #983, #1213, #1227, #689, #562, #1245, #340 ),
 .UNSPECIFIED., .F., .F.,
 ( 4, 2, 2, 2, 2, 2, 2, 4 ),
 ( 0.002359188464613673833, 0.002653915260554546868, 0.002948642056495419470, 0.003538095648377165541, 0.003832822444318038577, 0.004127549240258911178, 0.004422276036199784648, 0.004717002832140657249 ),
 .UNSPECIFIED. ) ;
#1009 = EDGE_CURVE ( 'NONE', #1004, #1212, #187, .T. ) ;
#1010 = CARTESIAN_POINT ( 'NONE',  ( 0.2975179370465564355, 13.26491808473905110, 7.995769013463420727 ) ) ;
#1011 = AXIS2_PLACEMENT_3D ( 'NONE', #802, #1258, #431 ) ;
#1012 = EDGE_CURVE ( 'NONE', #777, #1210, #444, .T. ) ;
#1013 = CARTESIAN_POINT ( 'NONE',  ( 0.000000000000000000, 4.000000000000000000, -8.000000000000000000 ) ) ;
#1014 = CARTESIAN_POINT ( 'NONE',  ( -1.787814549005483311, 16.87394299464596514, -7.798125548360360426 ) ) ;
#1015 = EDGE_LOOP ( 'NONE', ( #189, #1372, #322, #263, #385, #522 ) ) ;
#1016 = DIRECTION ( 'NONE',  ( 0.000000000000000000, 1.000000000000000000, 0.000000000000000000 ) ) ;
#1017 = PERSON_AND_ORGANIZATION_ROLE ( 'design_supplier' ) ;
#1018 = CARTESIAN_POINT ( 'NONE',  ( -4.500000000000000000, 15.50000000000000000, -4.999999999999999112 ) ) ;
#1019 = APPROVAL_PERSON_ORGANIZATION ( #854, #792, #1316 ) ;
#1020 = CARTESIAN_POINT ( 'NONE',  ( 1.372919769234774767, 13.71144707582422306, 7.882270699324017471 ) ) ;
#1021 = ORIENTED_EDGE ( 'NONE', *, *, #543, .F. ) ;
#1022 = CARTESIAN_POINT ( 'NONE',  ( 1.500000000000036193, 4.000000000000054179, -4.769696007084720080 ) ) ;
#1023 = ADVANCED_FACE ( 'NONE', ( #911 ), #1142, .T. ) ;
#1024 = CARTESIAN_POINT ( 'NONE',  ( -0.9151499472374791111, 5.192519623314021615, -7.947905992727117841 ) ) ;
#1025 = ORIENTED_EDGE ( 'NONE', *, *, #882, .T. ) ;
#1026 = CARTESIAN_POINT ( 'NONE',  ( -0.1977346934356742081, 5.490148652673581431, -4.997019582929788761 ) ) ;
#1027 = ORIENTED_EDGE ( 'NONE', *, *, #212, .F. ) ;
#1028 = EDGE_CURVE ( 'NONE', #1062, #352, #1186, .T. ) ;
#1029 = DIRECTION ( 'NONE',  ( -1.000000000000000000, 0.000000000000000000, 0.000000000000000000 ) ) ;
#1030 = FACE_BOUND ( 'NONE', #653, .T. ) ;
#1031 = ORIENTED_EDGE ( 'NONE', *, *, #122, .T. ) ;
#1032 = ORIENTED_EDGE ( 'NONE', *, *, #1475, .F. ) ;
#1033 = EDGE_CURVE ( 'NONE', #561, #47, #990, .T. ) ;
#1034 = CARTESIAN_POINT ( 'NONE',  ( -1.347580952831434864, 4.666039029671088301, 4.815138017267189596 ) ) ;
#1035 = CARTESIAN_POINT ( 'NONE',  ( -0.7523288070155900176, 5.301367088488177615, 7.964965655329309335 ) ) ;
#1036 = CARTESIAN_POINT ( 'NONE',  ( 0.6673837495374308482, 5.346922617651375553, -4.956096298936174094 ) ) ;
#1037 = CARTESIAN_POINT ( 'NONE',  ( -0.9157100461858486140, 2.807948324697596032, -4.916119420501963155 ) ) ;
#1038 = CARTESIAN_POINT ( 'NONE',  ( -1.500000000000000222, 4.000000000000000000, -4.769696007084727185 ) ) ;
#1039 = FACE_BOUND ( 'NONE', #685, .T. ) ;
#1040 = CARTESIAN_POINT ( 'NONE',  ( 1.490155042112589312, 4.197772344127188582, 4.772823640873372852 ) ) ;
#1041 = CARTESIAN_POINT ( 'NONE',  ( 1.500000000000000666, 3.801830562030312777, -7.858116822750860209 ) ) ;
#1042 = CARTESIAN_POINT ( 'NONE',  ( 0.1964920638535264941, 2.500000000000000000, -5.000000000000000000 ) ) ;
#1043 = COORDINATED_UNIVERSAL_TIME_OFFSET ( 7, 0, .BEHIND. ) ;
#1044 = CARTESIAN_POINT ( 'NONE',  ( 4.500000000000004441, 8.000000000000000000, 8.000999999999999446 ) ) ;
#1045 = FACE_OUTER_BOUND ( 'NONE', #908, .T. ) ;
#1046 = CARTESIAN_POINT ( 'NONE',  ( -4.247793030415991211, 17.01559567307483789, 6.780551010617609897 ) ) ;
#1047 = CARTESIAN_POINT ( 'NONE',  ( -0.7279211707783836971, 13.36594602217109440, 7.967981441013063382 ) ) ;
#1048 = LINE ( 'NONE', #349, #805 ) ;
#1049 = EDGE_CURVE ( 'NONE', #37, #797, #492, .T. ) ;
#1050 = VERTEX_POINT ( 'NONE', #356 ) ;
#1051 = CARTESIAN_POINT ( 'NONE',  ( 0.000000000000000000, 0.000000000000000000, 0.000000000000000000 ) ) ;
#1052 = CARTESIAN_POINT ( 'NONE',  ( 2.249999999999998668, 15.49999999999999289, 7.677076266392044879 ) ) ;
#1053 = CARTESIAN_POINT ( 'NONE',  ( 0.2974956067018145744, 17.73511327405532256, 7.995777410076643221 ) ) ;
#1054 = CARTESIAN_POINT ( 'NONE',  ( 1.500000000000000222, 3.900240124847772272, 4.769696007084726297 ) ) ;
#1055 = CARTESIAN_POINT ( 'NONE',  ( 3.112474899497184033, 18.74999999999999289, -8.000000000000000000 ) ) ;
#1056 = PRODUCT_DEFINITION ( 'UNKNOWN', '', #1075, #450 ) ;
#1057 = AXIS2_PLACEMENT_3D ( 'NONE', #1067, #268, #1384 ) ;
#1058 = CARTESIAN_POINT ( 'NONE',  ( -2.326514325312737164, 10.96701453505018975, 7.655554226873531043 ) ) ;
#1059 = CARTESIAN_POINT ( 'NONE',  ( -1.693748004906524995, 14.01171329442325053, 7.819354272609274403 ) ) ;
#1060 = B_SPLINE_CURVE_WITH_KNOTS ( 'NONE', 3,
 ( #981, #1117, #542, #286, #1456, #1225, #775, #58, #299, #1337, #997, #413, #891, #992, #646, #1349 ),
 .UNSPECIFIED., .F., .F.,
 ( 4, 2, 2, 2, 2, 2, 2, 4 ),
 ( 0.000000000000000000, 0.0004420113037349482918, 0.0008840226074698965836, 0.001326033911204844984, 0.001768045214939793167, 0.002652067822409689968, 0.003094079126144638151, 0.003536090429879586335 ),
 .UNSPECIFIED. ) ;
#1061 = CARTESIAN_POINT ( 'NONE',  ( 1.422316121459473504, 4.486426778375266267, 4.793595056683856548 ) ) ;
#1062 = VERTEX_POINT ( 'NONE', #482 ) ;
#1063 = CARTESIAN_POINT ( 'NONE',  ( 0.000000000000000000, 0.000000000000000000, 0.000000000000000000 ) ) ;
#1064 = CYLINDRICAL_SURFACE ( 'NONE', #421, 1.500000000000000222 ) ;
#1065 = ADVANCED_BREP_SHAPE_REPRESENTATION ( 'UnivJointOuter', ( #865, #836 ), #1195 ) ;
#1066 = CARTESIAN_POINT ( 'NONE',  ( -2.134356334533100696, 14.77295946157304130, -7.710247887621552998 ) ) ;
#1067 = CARTESIAN_POINT ( 'NONE',  ( -8.000000000000000000, 19.99999999999999645, 4.999999999999999112 ) ) ;
#1068 = CARTESIAN_POINT ( 'NONE',  ( -3.861663804124110477, 17.82965365946053282, -7.008914708551777117 ) ) ;
#1069 = DIRECTION ( 'NONE',  ( -0.000000000000000000, -0.000000000000000000, -1.000000000000000000 ) ) ;
#1070 = CARTESIAN_POINT ( 'NONE',  ( -1.315680701054157179E-16, 5.500000000000000888, -4.999999999999999112 ) ) ;
#1071 = DIRECTION ( 'NONE',  ( 0.000000000000000000, 0.000000000000000000, 1.000000000000000000 ) ) ;
#1072 = ORIENTED_EDGE ( 'NONE', *, *, #695, .T. ) ;
#1073 = CARTESIAN_POINT ( 'NONE',  ( 0.000000000000000000, 8.000000000000000000, -4.999999999999999112 ) ) ;
#1074 = DIRECTION ( 'NONE',  ( -0.000000000000000000, -1.000000000000000000, -0.000000000000000000 ) ) ;
#1075 = PRODUCT_DEFINITION_FORMATION_WITH_SPECIFIED_SOURCE ( 'ANY', '', #660, .NOT_KNOWN. ) ;
#1076 = VECTOR ( 'NONE', #516, 1000.000000000000000 ) ;
#1077 = CARTESIAN_POINT ( 'NONE',  ( 0.7560931300545949973, 2.689852527280892858, 4.945836842567980618 ) ) ;
#1078 = CARTESIAN_POINT ( 'NONE',  ( 1.788120136045159070, 14.12643255001721165, -7.798056358873528104 ) ) ;
#1079 = VECTOR ( 'NONE', #279, 1000.000000000000000 ) ;
#1080 = EDGE_CURVE ( 'NONE', #752, #1449, #317, .T. ) ;
#1081 = CYLINDRICAL_SURFACE ( 'NONE', #1151, 2.249999999999999556 ) ;
#1082 = CARTESIAN_POINT ( 'NONE',  ( 0.000000000000000000, 8.000000000000000000, 0.000000000000000000 ) ) ;
#1083 = EDGE_CURVE ( 'NONE', #1210, #1212, #1400, .T. ) ;
#1084 = ORIENTED_EDGE ( 'NONE', *, *, #1012, .F. ) ;
#1085 = CARTESIAN_POINT ( 'NONE',  ( -0.9906416126662445087, 2.869355416074359955, -7.938739357803495267 ) ) ;
#1086 = DIRECTION ( 'NONE',  ( 1.000000000000000000, 0.000000000000000000, 0.000000000000000000 ) ) ;
#1087 = CYLINDRICAL_SURFACE ( 'NONE', #355, 2.249999999999999556 ) ;
#1088 = CARTESIAN_POINT ( 'NONE',  ( 4.336808689942025625E-16, 11.75000000000000000, 4.999999999999999112 ) ) ;
#1089 = EDGE_CURVE ( 'NONE', #797, #1224, #842, .T. ) ;
#1090 = CARTESIAN_POINT ( 'NONE',  ( -4.500000000000002665, 8.000000000000000000, 4.999999999999999112 ) ) ;
#1091 = VECTOR ( 'NONE', #1243, 1000.000000000000000 ) ;
#1092 = ORIENTED_EDGE ( 'NONE', *, *, #212, .T. ) ;
#1093 = CARTESIAN_POINT ( 'NONE',  ( 4.499999999999999112, 15.81390382964069374, -6.614378277661476346 ) ) ;
#1094 = DIRECTION ( 'NONE',  ( 1.000000000000000000, -0.000000000000000000, -0.000000000000000000 ) ) ;
#1095 = CARTESIAN_POINT ( 'NONE',  ( 2.249999999999998668, 15.49999999999999289, 7.677076266392044879 ) ) ;
#1096 = DIRECTION ( 'NONE',  ( -1.000000000000000000, 0.000000000000000000, 0.000000000000000000 ) ) ;
#1097 = CARTESIAN_POINT ( 'NONE',  ( 4.467527418295520469, 16.12168937701388671, 6.636788513041872228 ) ) ;
#1098 = ORIENTED_EDGE ( 'NONE', *, *, #1161, .T. ) ;
#1099 = CARTESIAN_POINT ( 'NONE',  ( 4.467527418295520469, 16.12168937701388671, -6.636788513041872228 ) ) ;
#1100 = CARTESIAN_POINT ( 'NONE',  ( 2.596838089825820539, 10.23257133066182156, -7.568131299185840710 ) ) ;
#1101 = ORIENTED_EDGE ( 'NONE', *, *, #143, .T. ) ;
#1102 = DIRECTION ( 'NONE',  ( -0.000000000000000000, -0.000000000000000000, 1.000000000000000000 ) ) ;
#1103 = ORIENTED_EDGE ( 'NONE', *, *, #1105, .T. ) ;
#1104 = CYLINDRICAL_SURFACE ( 'NONE', #1264, 2.249999999999999556 ) ;
#1105 = EDGE_CURVE ( 'NONE', #37, #561, #272, .T. ) ;
#1106 = VERTEX_POINT ( 'NONE', #738 ) ;
#1107 = EDGE_LOOP ( 'NONE', ( #159, #674, #1235, #1136 ) ) ;
#1108 = CARTESIAN_POINT ( 'NONE',  ( -1.130583927665973265, 3.009363941870594861, 4.871015161230967117 ) ) ;
#1109 = CC_DESIGN_PERSON_AND_ORGANIZATION_ASSIGNMENT ( #1145, #436, ( #283 ) ) ;
#1110 = VERTEX_POINT ( 'NONE', #23 ) ;
#1111 = ORIENTED_EDGE ( 'NONE', *, *, #602, .F. ) ;
#1112 = DIRECTION ( 'NONE',  ( 1.000000000000000000, 0.000000000000000000, 0.000000000000000000 ) ) ;
#1113 = ORIENTED_EDGE ( 'NONE', *, *, #1457, .F. ) ;
#1114 = CARTESIAN_POINT ( 'NONE',  ( -0.4850824740996160234, 2.577170449024793086, 4.977259993575770203 ) ) ;
#1115 = ORIENTED_EDGE ( 'NONE', *, *, #1161, .F. ) ;
#1116 = ORIENTED_EDGE ( 'NONE', *, *, #96, .T. ) ;
#1117 = CARTESIAN_POINT ( 'NONE',  ( -2.250000000000000444, 15.64952115438491731, 7.677076266392043102 ) ) ;
#1118 = ORIENTED_EDGE ( 'NONE', *, *, #1028, .F. ) ;
#1119 = CARTESIAN_POINT ( 'NONE',  ( -0.7522237671994265185, 5.301446073403766057, -7.964977620760571142 ) ) ;
#1120 = EDGE_CURVE ( 'NONE', #800, #1478, #1289, .T. ) ;
#1121 = CARTESIAN_POINT ( 'NONE',  ( -0.3901751537707902062, 2.548312500040430972, 7.991059956440995649 ) ) ;
#1122 = ORIENTED_EDGE ( 'NONE', *, *, #470, .F. ) ;
#1123 = DIRECTION ( 'NONE',  ( 0.000000000000000000, -1.000000000000000000, 0.000000000000000000 ) ) ;
#1124 = EDGE_CURVE ( 'NONE', #1302, #527, #1048, .T. ) ;
#1125 = ORIENTED_EDGE ( 'NONE', *, *, #6, .F. ) ;
#1126 = CARTESIAN_POINT ( 'NONE',  ( 0.9923160362446843408, 5.129053467384306231, -4.901046279889953006 ) ) ;
#1127 = DIRECTION ( 'NONE',  ( 0.000000000000000000, 0.000000000000000000, 1.000000000000000000 ) ) ;
#1128 = CARTESIAN_POINT ( 'NONE',  ( -3.969393828152890880, 8.461495662023748920, 6.951645075611651237 ) ) ;
#1129 = CARTESIAN_POINT ( 'NONE',  ( -1.951011999911951511, 16.63028863144418423, -7.758904246465846199 ) ) ;
#1130 = AXIS2_PLACEMENT_3D ( 'NONE', #1013, #778, #206 ) ;
#1131 = CYLINDRICAL_SURFACE ( 'NONE', #1130, 1.500000000000000222 ) ;
#1132 = CARTESIAN_POINT ( 'NONE',  ( -1.310747623441991250, 4.755093951548223785, 7.892257039486573866 ) ) ;
#1133 = EDGE_CURVE ( 'NONE', #376, #312, #1253, .T. ) ;
#1134 = VERTEX_POINT ( 'NONE', #64 ) ;
#1135 = DIRECTION ( 'NONE',  ( 0.000000000000000000, -1.000000000000000000, 0.000000000000000000 ) ) ;
#1136 = ORIENTED_EDGE ( 'NONE', *, *, #1133, .F. ) ;
#1137 = ADVANCED_FACE ( 'NONE', ( #532 ), #1453, .F. ) ;
#1138 = VECTOR ( 'NONE', #481, 1000.000000000000000 ) ;
#1139 = ORIENTED_EDGE ( 'NONE', *, *, #54, .T. ) ;
#1140 = CARTESIAN_POINT ( 'NONE',  ( -0.3908448631565263898, 5.451501226924603927, 4.985631042662963530 ) ) ;
#1141 = AXIS2_PLACEMENT_3D ( 'NONE', #95, #1123, #900 ) ;
#1142 = PLANE ( 'NONE',  #167 ) ;
#1143 = ADVANCED_FACE ( 'NONE', ( #655 ), #910, .T. ) ;
#1144 = CARTESIAN_POINT ( 'NONE',  ( -1.500000000000000000, 4.196209622202705880, -7.858116822750855768 ) ) ;
#1145 = PERSON_AND_ORGANIZATION ( #544, #190 ) ;
#1146 = LINE ( 'NONE', #228, #231 ) ;
#1147 = CARTESIAN_POINT ( 'NONE',  ( -0.1985495170540756416, 5.490031411782004156, 4.996984559701784789 ) ) ;
#1148 = CARTESIAN_POINT ( 'NONE',  ( -1.030840800689993221E-15, 15.49999999999999289, 8.000999999999999446 ) ) ;
#1149 = CARTESIAN_POINT ( 'NONE',  ( 0.9158423457278311863, 5.191976596741137762, -4.916099449037143465 ) ) ;
#1150 = CARTESIAN_POINT ( 'NONE',  ( 9.797174484482551210E-16, 2.499999999999999556, 8.000000000000000000 ) ) ;
#1151 = AXIS2_PLACEMENT_3D ( 'NONE', #353, #1069, #372 ) ;
#1152 = CARTESIAN_POINT ( 'NONE',  ( -1.422844301693255931, 3.514967650323670867, -4.793440404274498690 ) ) ;
#1153 = CARTESIAN_POINT ( 'NONE',  ( -1.310234590159356616, 4.755923283945934443, -4.825905854772975623 ) ) ;
#1154 = FACE_OUTER_BOUND ( 'NONE', #365, .T. ) ;
#1155 = CARTESIAN_POINT ( 'NONE',  ( 1.490291493264944478, 4.196516884829269323, -7.859987832804955943 ) ) ;
#1156 = PERSON_AND_ORGANIZATION ( #544, #190 ) ;
#1157 = CARTESIAN_POINT ( 'NONE',  ( 0.1483039019255669444, 17.75000000000000000, -8.000000000000000000 ) ) ;
#1158 = CARTESIAN_POINT ( 'NONE',  ( 1.309986760251996563, 4.756352080362702850, 7.892384458042602802 ) ) ;
#1159 = CARTESIAN_POINT ( 'NONE',  ( 0.000000000000000000, 0.000000000000000000, -4.999999999999999112 ) ) ;
#1160 = CARTESIAN_POINT ( 'NONE',  ( -3.966714431774549965, 15.03605456756541514, 6.953211978970395002 ) ) ;
#1161 = EDGE_CURVE ( 'NONE', #1210, #1315, #717, .T. ) ;
#1162 = CARTESIAN_POINT ( 'NONE',  ( 1.500000000000000222, 4.099016909813931520, -7.858116822750853991 ) ) ;
#1163 = CARTESIAN_POINT ( 'NONE',  ( -1.030840800689993221E-15, 15.49999999999999289, -4.999999999999999112 ) ) ;
#1164 = EDGE_CURVE ( 'NONE', #497, #453, #765, .T. ) ;
#1165 = DIRECTION ( 'NONE',  ( -0.000000000000000000, -0.000000000000000000, 1.000000000000000000 ) ) ;
#1166 = LINE ( 'NONE', #137, #107 ) ;
#1167 = CARTESIAN_POINT ( 'NONE',  ( 1.300865531723850665, 3.246789152309546456, 4.828137311180320523 ) ) ;
#1168 = CARTESIAN_POINT ( 'NONE',  ( 2.249999999999998668, 15.35047884561507381, -7.677076266392043991 ) ) ;
#1169 = CARTESIAN_POINT ( 'NONE',  ( 0.000000000000000000, 8.000000000000000000, -8.000000000000000000 ) ) ;
#1170 = CARTESIAN_POINT ( 'NONE',  ( -2.250000000000000444, 15.49999999999999289, 8.000999999999999446 ) ) ;
#1171 = CARTESIAN_POINT ( 'NONE',  ( 9.797174393178825657E-16, 8.000000000000000000, 8.000000000000000000 ) ) ;
#1172 = ORIENTED_EDGE ( 'NONE', *, *, #816, .F. ) ;
#1173 = DIRECTION ( 'NONE',  ( 1.000000000000000000, 0.000000000000000000, 0.000000000000000000 ) ) ;
#1174 = CARTESIAN_POINT ( 'NONE',  ( 1.346508572387917581E-20, 2.499999999999999556, -4.999999999999999112 ) ) ;
#1175 = CARTESIAN_POINT ( 'NONE',  ( -2.250000000000000888, 15.35273029868587891, -7.677076266392044879 ) ) ;
#1176 = CARTESIAN_POINT ( 'NONE',  ( 0.6653271052585926215, 5.347946106790809395, 7.972803091887789684 ) ) ;
#1177 = DIRECTION ( 'NONE',  ( -1.000000000000000000, 0.000000000000000000, 0.000000000000000000 ) ) ;
#1178 = CARTESIAN_POINT ( 'NONE',  ( 1.451959739487584944, 3.610896409310303756, 7.867159065043977328 ) ) ;
#1179 = CARTESIAN_POINT ( 'NONE',  ( -2.784049846913167148, 9.896039055756448377, -7.503651885724313964 ) ) ;
#1180 = ORIENTED_EDGE ( 'NONE', *, *, #1009, .F. ) ;
#1181 = CARTESIAN_POINT ( 'NONE',  ( -1.500000000000000222, 4.000000000000000000, -7.858116822750855768 ) ) ;
#1182 = EDGE_CURVE ( 'NONE', #1315, #298, #823, .T. ) ;
#1183 = CARTESIAN_POINT ( 'NONE',  ( 9.797174368085138569E-16, 17.74999999999999289, 8.000000000000000000 ) ) ;
#1184 = DIRECTION ( 'NONE',  ( -1.000000000000000000, 0.000000000000000000, 0.000000000000000000 ) ) ;
#1185 = CARTESIAN_POINT ( 'NONE',  ( 6.123233995736765296E-16, 0.000000000000000000, 4.999999999999999112 ) ) ;
#1186 = B_SPLINE_CURVE_WITH_KNOTS ( 'NONE', 3,
 ( #550, #1469, #806, #568, #1129, #1014, #1485, #454, #919, #681, #1374, #339, #1354, #1265, #232, #326 ),
 .UNSPECIFIED., .F., .F.,
 ( 4, 2, 2, 2, 2, 2, 2, 4 ),
 ( 0.007070273560680595884, 0.007953901382330309106, 0.008395715293155171788, 0.008837529203980032735, 0.009279343114804895418, 0.009721157025629756365, 0.01016297093645461905, 0.01060478484727948173 ),
 .UNSPECIFIED. ) ;
#1187 = CARTESIAN_POINT ( 'NONE',  ( 9.797174484482551210E-16, 2.499999999999999556, 8.000000000000000000 ) ) ;
#1188 = CARTESIAN_POINT ( 'NONE',  ( 3.862230163217749812, 17.82874172983164485, 7.008605115524037643 ) ) ;
#1189 = CARTESIAN_POINT ( 'NONE',  ( 4.336808689942025625E-16, 11.75000000000000000, -7.694392822221491457 ) ) ;
#1190 = CARTESIAN_POINT ( 'NONE',  ( -3.216546217467012081, 14.22795832546518113, -7.328656129054095913 ) ) ;
#1191 = ORIENTED_EDGE ( 'NONE', *, *, #505, .T. ) ;
#1192 = VECTOR ( 'NONE', #1301, 1000.000000000000000 ) ;
#1193 = CARTESIAN_POINT ( 'NONE',  ( -1.199919665080805498, 3.078531217578259760, -7.910752579931276784 ) ) ;
#1194 = CARTESIAN_POINT ( 'NONE',  ( 1.788393086771984830, 16.87315165100435266, 7.797990324332175760 ) ) ;
#1195 =( GEOMETRIC_REPRESENTATION_CONTEXT ( 3 ) GLOBAL_UNCERTAINTY_ASSIGNED_CONTEXT ( ( #556 ) ) GLOBAL_UNIT_ASSIGNED_CONTEXT ( ( #1281, #350, #15 ) ) REPRESENTATION_CONTEXT ( 'NONE', 'WORKASPACE' ) );
#1196 = ADVANCED_FACE ( 'NONE', ( #165 ), #46, .F. ) ;
#1197 = AXIS2_PLACEMENT_3D ( 'NONE', #1437, #1330, #1112 ) ;
#1198 = CARTESIAN_POINT ( 'NONE',  ( -4.500000000000000000, 15.50000000000000000, 4.999999999999999112 ) ) ;
#1199 = CARTESIAN_POINT ( 'NONE',  ( 4.500000000000000000, 15.50000000000000000, 7.694392822221488792 ) ) ;
#1200 = CARTESIAN_POINT ( 'NONE',  ( 4.500000000000000000, 15.50000000000000000, 6.614378277661476346 ) ) ;
#1201 = ORIENTED_EDGE ( 'NONE', *, *, #452, .T. ) ;
#1202 = CARTESIAN_POINT ( 'NONE',  ( 4.332691899815479530, 16.72517313714254072, -6.725385340598418971 ) ) ;
#1203 = CARTESIAN_POINT ( 'NONE',  ( 3.966714431774549965, 15.03605456756541159, -6.953211978970395002 ) ) ;
#1204 = CARTESIAN_POINT ( 'NONE',  ( -0.5866047983223797724, 13.32281608621356916, -7.979777868968787935 ) ) ;
#1205 = VERTEX_POINT ( 'NONE', #1408 ) ;
#1206 = CARTESIAN_POINT ( 'NONE',  ( -4.500000000000000000, 15.50000000000000000, 4.999999999999999112 ) ) ;
#1207 = CARTESIAN_POINT ( 'NONE',  ( 3.112474899497184033, 18.74999999999999289, 7.369701486491837095 ) ) ;
#1208 = AXIS2_PLACEMENT_3D ( 'NONE', #746, #70, #636 ) ;
#1209 = CARTESIAN_POINT ( 'NONE',  ( -4.232820816359182281, 15.27735068029932108, -6.796149908480384028 ) ) ;
#1210 = VERTEX_POINT ( 'NONE', #506 ) ;
#1211 = CARTESIAN_POINT ( 'NONE',  ( -0.3902110244630921931, 2.548315528783021033, -7.991059370941592022 ) ) ;
#1212 = VERTEX_POINT ( 'NONE', #1378 ) ;
#1213 = CARTESIAN_POINT ( 'NONE',  ( -0.6657951715677518090, 2.652299292121603091, -4.956308817480405082 ) ) ;
#1214 = LINE ( 'NONE', #999, #508 ) ;
#1215 = CARTESIAN_POINT ( 'NONE',  ( 4.500000000000004441, 8.000000000000000000, 8.000999999999999446 ) ) ;
#1216 = EDGE_CURVE ( 'NONE', #1134, #872, #371, .T. ) ;
#1217 = VERTEX_POINT ( 'NONE', #964 ) ;
#1218 = DIRECTION ( 'NONE',  ( -0.000000000000000000, -0.000000000000000000, -1.000000000000000000 ) ) ;
#1219 = EDGE_CURVE ( 'NONE', #777, #114, #260, .T. ) ;
#1220 = ORIENTED_EDGE ( 'NONE', *, *, #1216, .F. ) ;
#1221 = APPROVAL_PERSON_ORGANIZATION ( #663, #755, #207 ) ;
#1222 = CARTESIAN_POINT ( 'NONE',  ( -0.7585631512533168586, 2.690963065155040912, 4.945530320084445819 ) ) ;
#1223 = ORIENTED_EDGE ( 'NONE', *, *, #862, .F. ) ;
#1224 = VERTEX_POINT ( 'NONE', #1070 ) ;
#1225 = CARTESIAN_POINT ( 'NONE',  ( -2.020668530108074012, 16.50056126703236714, 7.740822791733823038 ) ) ;
#1226 = EDGE_LOOP ( 'NONE', ( #991, #1319, #943, #875 ) ) ;
#1227 = CARTESIAN_POINT ( 'NONE',  ( -0.4850119431361291089, 2.577205628520347069, -4.977252627678470098 ) ) ;
#1228 = ORIENTED_EDGE ( 'NONE', *, *, #1234, .T. ) ;
#1229 = CARTESIAN_POINT ( 'NONE',  ( -1.500000000000000222, 4.000000000000000000, 4.769696007084727185 ) ) ;
#1230 = DIRECTION ( 'NONE',  ( 0.000000000000000000, -0.000000000000000000, -1.000000000000000000 ) ) ;
#1231 = ORIENTED_EDGE ( 'NONE', *, *, #28, .F. ) ;
#1232 = ORIENTED_EDGE ( 'NONE', *, *, #695, .F. ) ;
#1233 = CARTESIAN_POINT ( 'NONE',  ( 3.969393828152889103, 8.461495662023747144, -6.951645075611651237 ) ) ;
#1234 = EDGE_CURVE ( 'NONE', #657, #1110, #98, .T. ) ;
#1235 = ORIENTED_EDGE ( 'NONE', *, *, #862, .T. ) ;
#1236 = LINE ( 'NONE', #1254, #530 ) ;
#1237 = B_SPLINE_CURVE_WITH_KNOTS ( 'NONE', 3,
 ( #551, #1350, #456, #438, #1365, #92, #1119, #1024, #692, #319, #789, #215, #1144, #220 ),
 .UNSPECIFIED., .F., .F.,
 ( 4, 2, 2, 2, 2, 2, 4 ),
 ( 4.428328024636357319E-20, 0.0002938285897647677225, 0.0005876571795295353366, 0.0008814857692943029507, 0.001175314359059070456, 0.001762971538588605684, 0.002350628718118140479 ),
 .UNSPECIFIED. ) ;
#1238 = EDGE_CURVE ( 'NONE', #1205, #1110, #520, .T. ) ;
#1239 = ORIENTED_EDGE ( 'NONE', *, *, #1105, .F. ) ;
#1240 = APPLICATION_CONTEXT ( 'configuration controlled 3d designs of mechanical parts and assemblies' ) ;
#1241 = CARTESIAN_POINT ( 'NONE',  ( 0.000000000000000000, 8.000000000000000000, 0.000000000000000000 ) ) ;
#1242 = EDGE_CURVE ( 'NONE', #1106, #599, #175, .T. ) ;
#1243 = DIRECTION ( 'NONE',  ( -0.000000000000000000, -0.000000000000000000, -1.000000000000000000 ) ) ;
#1244 = CARTESIAN_POINT ( 'NONE',  ( -1.500000000000000222, 4.000000000000000000, 7.858116822750855768 ) ) ;
#1245 = CARTESIAN_POINT ( 'NONE',  ( -0.09823911019763090224, 2.499999999999999556, -4.999999999999999112 ) ) ;
#1246 = DIRECTION ( 'NONE',  ( 1.000000000000000000, 0.000000000000000000, 0.000000000000000000 ) ) ;
#1247 = CARTESIAN_POINT ( 'NONE',  ( 3.112474899497183589, 18.74999999999999289, 4.999999999999999112 ) ) ;
#1248 = DATE_TIME_ROLE ( 'creation_date' ) ;
#1249 = CARTESIAN_POINT ( 'NONE',  ( -0.9214933829548067612, 2.800098474523252445, 7.947996259088032645 ) ) ;
#1250 = CARTESIAN_POINT ( 'NONE',  ( -1.199287786839868364, 4.921935970716432074, 7.910825891987329328 ) ) ;
#1251 = CIRCLE ( 'NONE', #75, 8.000000000000000000 ) ;
#1252 = VERTEX_POINT ( 'NONE', #1090 ) ;
#1253 = B_SPLINE_CURVE_WITH_KNOTS ( 'NONE', 3,
 ( #942, #1270, #1390, #824, #262, #1179, #13, #953, #237, #1280, #1409, #157, #610, #965, #495, #1190, #166, #55, #1209, #393 ),
 .UNSPECIFIED., .F., .F.,
 ( 4, 2, 2, 2, 2, 2, 2, 2, 2, 4 ),
 ( 8.673617379884035472E-19, 0.001159906139640231714, 0.002319812279280463428, 0.003479718418920695576, 0.004639624558560927724, 0.005219577628381042930, 0.005799530698201158137, 0.006959436837841384213, 0.008119342977481611157, 0.009279249117121836365 ),
 .UNSPECIFIED. ) ;
#1254 = CARTESIAN_POINT ( 'NONE',  ( -3.112474899497184033, 18.74999999999999289, -8.000000000000000000 ) ) ;
#1255 = VERTEX_POINT ( 'NONE', #810 ) ;
#1256 = CARTESIAN_POINT ( 'NONE',  ( -1.300514470781714449, 4.753787467581357618, 4.828230654068898176 ) ) ;
#1257 = CARTESIAN_POINT ( 'NONE',  ( 1.695206445070151391, 14.01328652021017618, 7.819046189731984953 ) ) ;
#1258 = DIRECTION ( 'NONE',  ( 0.000000000000000000, 1.000000000000000000, 0.000000000000000000 ) ) ;
#1259 = ORIENTED_EDGE ( 'NONE', *, *, #1089, .F. ) ;
#1260 = DIRECTION ( 'NONE',  ( -1.000000000000000000, 0.000000000000000000, 0.000000000000000000 ) ) ;
#1261 = VECTOR ( 'NONE', #252, 1000.000000000000000 ) ;
#1262 = CARTESIAN_POINT ( 'NONE',  ( -1.490179485881004462, 3.802473120414141317, 7.860009447027556995 ) ) ;
#1263 = AXIS2_PLACEMENT_3D ( 'NONE', #582, #833, #575 ) ;
#1264 = AXIS2_PLACEMENT_3D ( 'NONE', #1148, #554, #1029 ) ;
#1265 = CARTESIAN_POINT ( 'NONE',  ( -0.2975179370465551587, 17.73508191526093114, -7.995769013463420727 ) ) ;
#1266 = CARTESIAN_POINT ( 'NONE',  ( -8.000000000000000000, 8.000000000000000000, 4.999999999999999112 ) ) ;
#1267 = CARTESIAN_POINT ( 'NONE',  ( -0.9925662435548983087, 5.128837001477312363, -4.900995796217767264 ) ) ;
#1268 = CARTESIAN_POINT ( 'NONE',  ( -1.549106007676285928E-15, 5.500000000000034639, 5.000000000000008882 ) ) ;
#1269 = CARTESIAN_POINT ( 'NONE',  ( 4.500000000000000000, 15.50000000000000000, 4.999999999999999112 ) ) ;
#1270 = CARTESIAN_POINT ( 'NONE',  ( -4.232971649327040176, 8.222523625560803850, -6.796047291374609500 ) ) ;
#1271 = CARTESIAN_POINT ( 'NONE',  ( 1.192744582217068361, 3.085169637833879985, -7.910776468373710735 ) ) ;
#1272 = CARTESIAN_POINT ( 'NONE',  ( 3.112474899497184033, 18.74999999999999289, -8.000000000000000000 ) ) ;
#1273 = CYLINDRICAL_SURFACE ( 'NONE', #130, 1.500000000000000222 ) ;
#1274 = ADVANCED_FACE ( 'NONE', ( #441 ), #1273, .F. ) ;
#1275 = DIRECTION ( 'NONE',  ( -0.000000000000000000, -0.000000000000000000, -1.000000000000000000 ) ) ;
#1276 = CARTESIAN_POINT ( 'NONE',  ( 1.951473923175364611, 14.37048209941190180, -7.758788959899898252 ) ) ;
#1277 = CARTESIAN_POINT ( 'NONE',  ( 1.301459182438190698, 3.247799377061795223, 7.893620443226353700 ) ) ;
#1278 = CARTESIAN_POINT ( 'NONE',  ( 4.336808689942025625E-16, 11.75000000000000000, -4.999999999999999112 ) ) ;
#1279 = EDGE_CURVE ( 'NONE', #1050, #503, #906, .T. ) ;
#1280 = CARTESIAN_POINT ( 'NONE',  ( -2.249850986151841870, 11.94500670589764013, -7.677119939438008522 ) ) ;
#1281 =( LENGTH_UNIT ( ) NAMED_UNIT ( * ) SI_UNIT ( .MILLI., .METRE. ) );
#1282 = CARTESIAN_POINT ( 'NONE',  ( 0.7539400576092953887, 2.699571132880231872, -4.943515661064530775 ) ) ;
#1283 = CARTESIAN_POINT ( 'NONE',  ( 2.249999999999998668, 15.49999999999999289, -4.999999999999999112 ) ) ;
#1284 = CARTESIAN_POINT ( 'NONE',  ( 1.191969363415528838, 3.084146982652495872, 4.856168249136092463 ) ) ;
#1285 = FACE_OUTER_BOUND ( 'NONE', #902, .T. ) ;
#1286 = CARTESIAN_POINT ( 'NONE',  ( -2.339491288364158983, 12.52197145629378561, 7.650369855812547470 ) ) ;
#1287 = CARTESIAN_POINT ( 'NONE',  ( 2.326514325312736720, 10.96701453505019153, 7.655554226873530155 ) ) ;
#1288 = AXIS2_PLACEMENT_3D ( 'NONE', #416, #772, #1230 ) ;
#1289 = LINE ( 'NONE', #35, #1261 ) ;
#1290 = APPROVAL_PERSON_ORGANIZATION ( #564, #60, #912 ) ;
#1291 = ORIENTED_EDGE ( 'NONE', *, *, #602, .T. ) ;
#1292 = CARTESIAN_POINT ( 'NONE',  ( 0.3938855971250085353, 2.539492037628067411, -7.992349140478206770 ) ) ;
#1293 = CARTESIAN_POINT ( 'NONE',  ( 0.1977746862706265263, 5.490155682900899947, -4.997021499149365553 ) ) ;
#1294 = CARTESIAN_POINT ( 'NONE',  ( 2.509366539508038553E-24, 13.24999999999999289, -8.000000000000000000 ) ) ;
#1295 = B_SPLINE_CURVE_WITH_KNOTS ( 'NONE', 3,
 ( #548, #1358, #1474, #1034, #1256, #1367, #798, #110, #222, #687, #1140, #1147, #1489, #1268 ),
 .UNSPECIFIED., .F., .F.,
 ( 4, 2, 2, 2, 2, 2, 4 ),
 ( 0.004716923349278730540, 0.005306398337972995441, 0.005601135832320127891, 0.005895873326667260342, 0.006485348315361524375, 0.006780085809708656826, 0.007074823304055789276 ),
 .UNSPECIFIED. ) ;
#1296 = DIRECTION ( 'NONE',  ( 1.000000000000000000, -0.000000000000000000, -0.000000000000000000 ) ) ;
#1297 = DIRECTION ( 'NONE',  ( -0.000000000000000000, -0.000000000000000000, 1.000000000000000000 ) ) ;
#1298 = CARTESIAN_POINT ( 'NONE',  ( 1.500000000000000666, 3.900629792506997706, 7.858116822750856656 ) ) ;
#1299 = CARTESIAN_POINT ( 'NONE',  ( 0.000000000000000000, 18.74999999999999289, 0.000000000000000000 ) ) ;
#1300 = EDGE_CURVE ( 'NONE', #453, #144, #84, .T. ) ;
#1301 = DIRECTION ( 'NONE',  ( -0.000000000000000000, -1.000000000000000000, -0.000000000000000000 ) ) ;
#1302 = VERTEX_POINT ( 'NONE', #1150 ) ;
#1303 = CARTESIAN_POINT ( 'NONE',  ( 1.500000000000000222, 4.000000000000000000, -7.858116822750855768 ) ) ;
#1304 = DIRECTION ( 'NONE',  ( 1.000000000000000000, 0.000000000000000000, 0.000000000000000000 ) ) ;
#1305 = LINE ( 'NONE', #856, #1360 ) ;
#1306 = ADVANCED_FACE ( 'NONE', ( #328 ), #446, .F. ) ;
#1307 = CARTESIAN_POINT ( 'NONE',  ( 1.500000000000000222, 4.000000000000000000, 4.769696007084727185 ) ) ;
#1308 = CARTESIAN_POINT ( 'NONE',  ( -1.030840800689993221E-15, 15.49999999999999289, 8.000999999999999446 ) ) ;
#1309 = ORIENTED_EDGE ( 'NONE', *, *, #1490, .T. ) ;
#1310 = CARTESIAN_POINT ( 'NONE',  ( 0.7549872024258734715, 2.689208914982458953, 7.966350599697823220 ) ) ;
#1311 = CARTESIAN_POINT ( 'NONE',  ( 3.326246013067445162, 18.54527469993076139, 7.279418694652227906 ) ) ;
#1312 = CARTESIAN_POINT ( 'NONE',  ( -0.5843507084529194762, 13.32219775666199446, 7.979947018198503272 ) ) ;
#1313 = DIRECTION ( 'NONE',  ( -0.000000000000000000, -1.000000000000000000, -0.000000000000000000 ) ) ;
#1314 = EDGE_CURVE ( 'NONE', #761, #1462, #1305, .T. ) ;
#1315 = VERTEX_POINT ( 'NONE', #27 ) ;
#1316 = APPROVAL_ROLE ( '' ) ;
#1317 = CARTESIAN_POINT ( 'NONE',  ( -1.451688522891782185, 3.609828877886312792, -7.867209368709032091 ) ) ;
#1318 = DIRECTION ( 'NONE',  ( -0.000000000000000000, -0.000000000000000000, -1.000000000000000000 ) ) ;
#1319 = ORIENTED_EDGE ( 'NONE', *, *, #112, .F. ) ;
#1320 = CARTESIAN_POINT ( 'NONE',  ( 2.509366539508038553E-24, 13.24999999999999289, -8.000000000000000000 ) ) ;
#1321 = VERTEX_POINT ( 'NONE', #977 ) ;
#1322 = CARTESIAN_POINT ( 'NONE',  ( -2.268383097554479644, 12.13924765480583545, 7.671754463079890840 ) ) ;
#1323 = ORIENTED_EDGE ( 'NONE', *, *, #1300, .F. ) ;
#1324 = VECTOR ( 'NONE', #932, 1000.000000000000000 ) ;
#1325 = CARTESIAN_POINT ( 'NONE',  ( -3.901958592880166132E-13, 2.499999999996244338, 5.000000000001126210 ) ) ;
#1326 = CARTESIAN_POINT ( 'NONE',  ( -1.951124721743682677, 14.36995238610469450, -7.758873323582019310 ) ) ;
#1327 = ORIENTED_EDGE ( 'NONE', *, *, #1028, .T. ) ;
#1328 = CARTESIAN_POINT ( 'NONE',  ( -3.112474899497184921, 18.74999999999999289, -4.999999999999999112 ) ) ;
#1329 = VERTEX_POINT ( 'NONE', #368 ) ;
#1330 = DIRECTION ( 'NONE',  ( 0.000000000000000000, 0.000000000000000000, 1.000000000000000000 ) ) ;
#1331 = CARTESIAN_POINT ( 'NONE',  ( 3.112474899497184033, 18.74999999999999289, -7.369701486491836206 ) ) ;
#1332 = EDGE_CURVE ( 'NONE', #1329, #1062, #929, .T. ) ;
#1333 = CARTESIAN_POINT ( 'NONE',  ( -4.336808689942023652E-16, 11.75000000000000000, 7.694392822221488792 ) ) ;
#1334 = VECTOR ( 'NONE', #1006, 1000.000000000000000 ) ;
#1335 = EDGE_CURVE ( 'NONE', #635, #1062, #710, .T. ) ;
#1336 = ORIENTED_EDGE ( 'NONE', *, *, #1300, .T. ) ;
#1337 = CARTESIAN_POINT ( 'NONE',  ( -1.383749346365733324, 17.29805515812204675, 7.882237109095841632 ) ) ;
#1338 = ORIENTED_EDGE ( 'NONE', *, *, #767, .T. ) ;
#1339 = CARTESIAN_POINT ( 'NONE',  ( -0.09847019870110146345, 2.500000000000045741, 4.999999999999988454 ) ) ;
#1340 = APPROVAL_STATUS ( 'not_yet_approved' ) ;
#1341 = ORIENTED_EDGE ( 'NONE', *, *, #389, .T. ) ;
#1342 = CARTESIAN_POINT ( 'NONE',  ( 3.221652035313837370, 9.265611773437042231, -7.326437288040451357 ) ) ;
#1343 = ORIENTED_EDGE ( 'NONE', *, *, #54, .F. ) ;
#1344 = AXIS2_PLACEMENT_3D ( 'NONE', #245, #948, #1184 ) ;
#1345 = CARTESIAN_POINT ( 'NONE',  ( -1.490182257499382601, 3.802240078261402534, 4.772815585424361018 ) ) ;
#1346 = ORIENTED_EDGE ( 'NONE', *, *, #1381, .F. ) ;
#1347 = EDGE_CURVE ( 'NONE', #759, #777, #201, .T. ) ;
#1348 = ORIENTED_EDGE ( 'NONE', *, *, #301, .T. ) ;
#1349 = CARTESIAN_POINT ( 'NONE',  ( 9.797174368085138569E-16, 17.74999999999999289, 8.000000000000000000 ) ) ;
#1350 = CARTESIAN_POINT ( 'NONE',  ( -0.09936971774010572300, 5.500000000000000888, -8.000000000000000000 ) ) ;
#1351 = CARTESIAN_POINT ( 'NONE',  ( -1.198774148998731137, 4.922379224987339263, -4.856205381699586709 ) ) ;
#1352 = AXIS2_PLACEMENT_3D ( 'NONE', #892, #513, #874 ) ;
#1353 = ORIENTED_EDGE ( 'NONE', *, *, #233, .F. ) ;
#1354 = CARTESIAN_POINT ( 'NONE',  ( -0.5857922944783341412, 17.67737352756037694, -7.979829974833807960 ) ) ;
#1355 = ADVANCED_FACE ( 'NONE', ( #614 ), #397, .T. ) ;
#1356 = ORIENTED_EDGE ( 'NONE', *, *, #333, .T. ) ;
#1357 = DIRECTION ( 'NONE',  ( 0.000000000000000000, 1.000000000000000000, 0.000000000000000000 ) ) ;
#1358 = CARTESIAN_POINT ( 'NONE',  ( -1.500000000000000666, 4.196477212694914805, 4.769696007084727185 ) ) ;
#1359 = CARTESIAN_POINT ( 'NONE',  ( 0.1965975007839717847, 5.490322793583163552, 4.997071448180350650 ) ) ;
#1360 = VECTOR ( 'NONE', #1414, 1000.000000000000000 ) ;
#1361 = FACE_BOUND ( 'NONE', #1430, .T. ) ;
#1362 = CARTESIAN_POINT ( 'NONE',  ( -1.130669183512234444, 3.009386236278986271, 7.920008576054855531 ) ) ;
#1363 = CARTESIAN_POINT ( 'NONE',  ( 1.787814549005481313, 14.12605700535402775, 7.798125548360357762 ) ) ;
#1364 = SHAPE_DEFINITION_REPRESENTATION ( #116, #1065 ) ;
#1365 = CARTESIAN_POINT ( 'NONE',  ( -0.4845293545340594310, 5.422989155590656196, -7.985832385087043406 ) ) ;
#1366 = EDGE_CURVE ( 'NONE', #337, #205, #458, .T. ) ;
#1367 = CARTESIAN_POINT ( 'NONE',  ( -1.191821851856685655, 4.916020801309805677, 4.856203229997702486 ) ) ;
#1368 = CARTESIAN_POINT ( 'NONE',  ( -1.500000000000000444, 4.196045059202320182, 7.858116822750858432 ) ) ;
#1369 = CC_DESIGN_PERSON_AND_ORGANIZATION_ASSIGNMENT ( #678, #1017, ( #1075 ) ) ;
#1370 = DIRECTION ( 'NONE',  ( -0.000000000000000000, -0.000000000000000000, 1.000000000000000000 ) ) ;
#1371 = SECURITY_CLASSIFICATION_LEVEL ( 'unclassified' ) ;
#1372 = ORIENTED_EDGE ( 'NONE', *, *, #560, .T. ) ;
#1373 = EDGE_LOOP ( 'NONE', ( #656, #1116, #589, #540 ) ) ;
#1374 = CARTESIAN_POINT ( 'NONE',  ( -1.001156710412106632, 17.52046088854095984, -7.938307704015655553 ) ) ;
#1375 = CARTESIAN_POINT ( 'NONE',  ( 0.3885918691330939034, 5.452096568999695414, 7.991134592551728311 ) ) ;
#1376 = ORIENTED_EDGE ( 'NONE', *, *, #320, .F. ) ;
#1377 = CARTESIAN_POINT ( 'NONE',  ( -1.500000000000000222, 4.000000000000000000, 7.858116822750855768 ) ) ;
#1378 = CARTESIAN_POINT ( 'NONE',  ( 9.797157996441606618E-16, 5.500000000000000888, 8.000000000000000000 ) ) ;
#1379 = LOCAL_TIME ( 12, 6, 25.00000000000000000, #1043 ) ;
#1380 = CARTESIAN_POINT ( 'NONE',  ( 0.7566476751833782766, 5.309882014198993083, 4.945764137322608889 ) ) ;
#1381 = EDGE_CURVE ( 'NONE', #114, #298, #644, .T. ) ;
#1382 = PERSON_AND_ORGANIZATION_ROLE ( 'creator' ) ;
#1383 = CARTESIAN_POINT ( 'NONE',  ( 1.499999999999997113, 4.098859955845439274, -4.769696007084728961 ) ) ;
#1384 = DIRECTION ( 'NONE',  ( 1.000000000000000000, 0.000000000000000000, -0.000000000000000000 ) ) ;
#1385 = VERTEX_POINT ( 'NONE', #1283 ) ;
#1386 = EDGE_CURVE ( 'NONE', #1321, #843, #716, .T. ) ;
#1387 = DIRECTION ( 'NONE',  ( 0.000000000000000000, 0.000000000000000000, -1.000000000000000000 ) ) ;
#1388 = CARTESIAN_POINT ( 'NONE',  ( -1.384218178091690454, 13.70234638377527148, 7.882149086019071937 ) ) ;
#1389 = B_SPLINE_CURVE_WITH_KNOTS ( 'NONE', 3,
 ( #928, #533, #995, #617, #938, #240, #1068, #978, #838, #469 ),
 .UNSPECIFIED., .F., .F.,
 ( 4, 2, 2, 2, 4 ),
 ( 0.000000000000000000, 0.0009256889552440960948, 0.001851377910488192190, 0.002777066865732288285, 0.003702755820976384379 ),
 .UNSPECIFIED. ) ;
#1390 = CARTESIAN_POINT ( 'NONE',  ( -3.969393828152890880, 8.461495662023748920, -6.951645075611651237 ) ) ;
#1391 = DIRECTION ( 'NONE',  ( 0.000000000000000000, 0.000000000000000000, 1.000000000000000000 ) ) ;
#1392 = CARTESIAN_POINT ( 'NONE',  ( 9.797174368085138569E-16, 17.74999999999999289, 8.000000000000000000 ) ) ;
#1393 = CALENDAR_DATE ( 2026, 5, 4 ) ;
#1394 = DIRECTION ( 'NONE',  ( 1.000000000000000000, 0.000000000000000000, -0.000000000000000000 ) ) ;
#1395 = AXIS2_PLACEMENT_3D ( 'NONE', #185, #1441, #1096 ) ;
#1396 = CARTESIAN_POINT ( 'NONE',  ( -3.901958592880166132E-13, 2.499999999996244338, 5.000000000001126210 ) ) ;
#1397 = CARTESIAN_POINT ( 'NONE',  ( 1.383749346365732213, 13.70194484187794970, -7.882237109095839855 ) ) ;
#1398 = CARTESIAN_POINT ( 'NONE',  ( -2.250300731813274613, 11.35286604096715912, 7.676988127776470883 ) ) ;
#1399 = CARTESIAN_POINT ( 'NONE',  ( -2.133464101548262271, 14.77035852912577063, 7.710495873770174313 ) ) ;
#1400 = LINE ( 'NONE', #1171, #248 ) ;
#1401 = ORIENTED_EDGE ( 'NONE', *, *, #1216, .T. ) ;
#1402 = DIRECTION ( 'NONE',  ( -0.000000000000000000, -1.000000000000000000, -0.000000000000000000 ) ) ;
#1403 = DIRECTION ( 'NONE',  ( -1.000000000000000000, 0.000000000000000000, 0.000000000000000000 ) ) ;
#1404 = CARTESIAN_POINT ( 'NONE',  ( 1.422525505519291134, 3.514126051739942191, 4.793533746702894227 ) ) ;
#1405 = CYLINDRICAL_SURFACE ( 'NONE', #677, 8.000000000000000000 ) ;
#1406 = EDGE_CURVE ( 'NONE', #527, #109, #443, .T. ) ;
#1407 = CARTESIAN_POINT ( 'NONE',  ( -4.467574338784899624, 16.12021626930085816, 6.636747181032405685 ) ) ;
#1408 = CARTESIAN_POINT ( 'NONE',  ( 3.112474899497184033, 18.74999999999999289, 7.369701486491837095 ) ) ;
#1409 = CARTESIAN_POINT ( 'NONE',  ( -2.268383097554479644, 12.13924765480583545, -7.671754463079890840 ) ) ;
#1410 = VECTOR ( 'NONE', #225, 1000.000000000000000 ) ;
#1411 = EDGE_LOOP ( 'NONE', ( #916, #412, #803, #1401, #203, #221, #888 ) ) ;
#1412 = DIRECTION ( 'NONE',  ( 0.000000000000000000, 0.000000000000000000, 1.000000000000000000 ) ) ;
#1413 = CARTESIAN_POINT ( 'NONE',  ( 1.490029982593500613, 3.801451685541088921, -4.772862525014094359 ) ) ;
#1414 = DIRECTION ( 'NONE',  ( -0.000000000000000000, -0.000000000000000000, -1.000000000000000000 ) ) ;
#1415 = CARTESIAN_POINT ( 'NONE',  ( -1.451403453416270750, 3.608727872538430415, -4.784750456843134714 ) ) ;
#1416 = CARTESIAN_POINT ( 'NONE',  ( 1.133791134764531749, 13.53457689649429341, -7.923926590319425145 ) ) ;
#1417 = CARTESIAN_POINT ( 'NONE',  ( 1.500000000000000222, 4.000000000000000000, 7.858116822750855768 ) ) ;
#1418 = EDGE_CURVE ( 'NONE', #623, #406, #1166, .T. ) ;
#1419 = CARTESIAN_POINT ( 'NONE',  ( 3.459487759397047224, 14.51188122819539572, 7.218997482360540729 ) ) ;
#1420 = CARTESIAN_POINT ( 'NONE',  ( 4.232971649327040176, 8.222523625560802074, 6.796047291374608612 ) ) ;
#1421 = CARTESIAN_POINT ( 'NONE',  ( 1.129981343113243497, 4.991285237318146883, -7.920099470783502404 ) ) ;
#1422 = B_SPLINE_CURVE_WITH_KNOTS ( 'NONE', 3,
 ( #899, #346, #1128, #553, #930, #607, #123, #1058, #1398, #699, #1322, #1286, #725, #940, #463, #381, #44, #1160, #140, #21 ),
 .UNSPECIFIED., .F., .F.,
 ( 4, 2, 2, 2, 2, 2, 2, 2, 2, 4 ),
 ( 8.673617379884035472E-19, 0.001159906139640231714, 0.002319812279280463428, 0.003479718418920695576, 0.004639624558560927724, 0.005219577628381042930, 0.005799530698201158137, 0.006959436837841384213, 0.008119342977481611157, 0.009279249117121836365 ),
 .UNSPECIFIED. ) ;
#1423 = ORIENTED_EDGE ( 'NONE', *, *, #6, .T. ) ;
#1424 = CARTESIAN_POINT ( 'NONE',  ( 1.460887380125734269, 3.606752677805575402, -7.865856353212278052 ) ) ;
#1425 = CARTESIAN_POINT ( 'NONE',  ( 1.134648672523206336, 17.46501776952783302, -7.923822454518100855 ) ) ;
#1426 = CARTESIAN_POINT ( 'NONE',  ( -4.500000000000002665, 8.000000000000000000, -4.999999999999999112 ) ) ;
#1427 = EDGE_LOOP ( 'NONE', ( #1433, #304, #864, #1477, #1356, #1101, #183 ) ) ;
#1428 = DIRECTION ( 'NONE',  ( -0.000000000000000000, -1.000000000000000000, -0.000000000000000000 ) ) ;
#1429 = DIRECTION ( 'NONE',  ( -0.000000000000000000, 0.000000000000000000, -1.000000000000000000 ) ) ;
#1430 = EDGE_LOOP ( 'NONE', ( #235, #686 ) ) ;
#1431 = CARTESIAN_POINT ( 'NONE',  ( -1.310142730770815334, 3.243513197610821130, -7.892362687495879214 ) ) ;
#1432 = CARTESIAN_POINT ( 'NONE',  ( 0.000000000000000000, 18.74999999999999289, 0.000000000000000000 ) ) ;
#1433 = ORIENTED_EDGE ( 'NONE', *, *, #122, .F. ) ;
#1434 = DIRECTION ( 'NONE',  ( 0.000000000000000000, 0.000000000000000000, -1.000000000000000000 ) ) ;
#1435 = DIRECTION ( 'NONE',  ( 0.000000000000000000, 0.000000000000000000, 1.000000000000000000 ) ) ;
#1436 = ORIENTED_EDGE ( 'NONE', *, *, #816, .T. ) ;
#1437 = CARTESIAN_POINT ( 'NONE',  ( -1.030840800689993221E-15, 15.49999999999999289, 4.999999999999999112 ) ) ;
#1438 = EDGE_CURVE ( 'NONE', #144, #1255, #128, .T. ) ;
#1439 = CARTESIAN_POINT ( 'NONE',  ( 4.007359729667784087, 17.56901322940093380, -6.925352704401482207 ) ) ;
#1440 = ORIENTED_EDGE ( 'NONE', *, *, #1012, .T. ) ;
#1441 = DIRECTION ( 'NONE',  ( -0.000000000000000000, -0.000000000000000000, -1.000000000000000000 ) ) ;
#1442 = ORIENTED_EDGE ( 'NONE', *, *, #425, .T. ) ;
#1443 = CARTESIAN_POINT ( 'NONE',  ( 2.784049846913168480, 9.896039055756444824, -7.503651885724317516 ) ) ;
#1444 = FACE_OUTER_BOUND ( 'NONE', #880, .T. ) ;
#1445 = CALENDAR_DATE ( 2026, 5, 4 ) ;
#1446 = AXIS2_PLACEMENT_3D ( 'NONE', #504, #1429, #579 ) ;
#1447 = ORIENTED_EDGE ( 'NONE', *, *, #1182, .F. ) ;
#1448 = CARTESIAN_POINT ( 'NONE',  ( -0.6650557586960812451, 2.651914234402624970, -7.972826672753629218 ) ) ;
#1449 = VERTEX_POINT ( 'NONE', #66 ) ;
#1450 = CARTESIAN_POINT ( 'NONE',  ( -1.422814193712222064, 3.515053632875308587, 4.793446055327556188 ) ) ;
#1451 = EDGE_CURVE ( 'NONE', #205, #406, #541, .T. ) ;
#1452 = DATE_AND_TIME ( #1393, #1379 ) ;
#1453 = PLANE ( 'NONE',  #1288 ) ;
#1454 = ORIENTED_EDGE ( 'NONE', *, *, #680, .T. ) ;
#1455 = ORIENTED_EDGE ( 'NONE', *, *, #543, .T. ) ;
#1456 = CARTESIAN_POINT ( 'NONE',  ( -2.133928268452273791, 16.22840531488645510, 7.710368924162788851 ) ) ;
#1457 = EDGE_CURVE ( 'NONE', #106, #752, #672, .T. ) ;
#1458 = AXIS2_PLACEMENT_3D ( 'NONE', #1163, #484, #720 ) ;
#1459 = DIRECTION ( 'NONE',  ( -0.000000000000000000, -1.000000000000000000, -0.000000000000000000 ) ) ;
#1460 = EDGE_CURVE ( 'NONE', #298, #114, #419, .T. ) ;
#1461 = CARTESIAN_POINT ( 'NONE',  ( -0.4859374845890658268, 5.422506541095049926, -4.977168681866654509 ) ) ;
#1462 = VERTEX_POINT ( 'NONE', #386 ) ;
#1463 = LINE ( 'NONE', #658, #36 ) ;
#1464 = ORIENTED_EDGE ( 'NONE', *, *, #547, .F. ) ;
#1465 = CARTESIAN_POINT ( 'NONE',  ( 0.000000000000000000, 0.000000000000000000, 0.000000000000000000 ) ) ;
#1466 = VECTOR ( 'NONE', #249, 1000.000000000000000 ) ;
#1467 = CARTESIAN_POINT ( 'NONE',  ( 2.249999999999998224, 15.20543324881366765, 7.677076266392043991 ) ) ;
#1468 = CARTESIAN_POINT ( 'NONE',  ( 0.000000000000000000, 18.74999999999999289, 0.000000000000000000 ) ) ;
#1469 = CARTESIAN_POINT ( 'NONE',  ( -2.250000000000001332, 15.79456675118632525, -7.677076266392046655 ) ) ;
#1470 = EDGE_CURVE ( 'NONE', #1329, #1449, #254, .T. ) ;
#1471 = ORIENTED_EDGE ( 'NONE', *, *, #1335, .T. ) ;
#1472 = FACE_OUTER_BOUND ( 'NONE', #1411, .T. ) ;
#1473 = AXIS2_PLACEMENT_3D ( 'NONE', #1051, #8, #1412 ) ;
#1474 = CARTESIAN_POINT ( 'NONE',  ( -1.460280403997500365, 4.394855411027917214, 4.782645224221056424 ) ) ;
#1475 = EDGE_CURVE ( 'NONE', #1385, #635, #619, .T. ) ;
#1476 = CARTESIAN_POINT ( 'NONE',  ( -0.3932545762153247804, 5.460886924139585652, 7.992412043198381610 ) ) ;
#1477 = ORIENTED_EDGE ( 'NONE', *, *, #1366, .F. ) ;
#1478 = VERTEX_POINT ( 'NONE', #590 ) ;
#1479 = CARTESIAN_POINT ( 'NONE',  ( 1.490321529527782074, 4.196597359353448908, -4.772771513272975774 ) ) ;
#1480 = DIRECTION ( 'NONE',  ( -0.000000000000000000, -0.000000000000000000, 1.000000000000000000 ) ) ;
#1481 = CARTESIAN_POINT ( 'NONE',  ( -1.500000000000000222, 4.000000000000000000, -8.000000000000000000 ) ) ;
#1482 = CALENDAR_DATE ( 2026, 5, 4 ) ;
#1483 = ORIENTED_EDGE ( 'NONE', *, *, #1049, .F. ) ;
#1484 = ORIENTED_EDGE ( 'NONE', *, *, #547, .T. ) ;
#1485 = CARTESIAN_POINT ( 'NONE',  ( -1.695206445070151613, 16.98671347978981316, -7.819046189731984953 ) ) ;
#1486 = CARTESIAN_POINT ( 'NONE',  ( -8.000000000000000000, 18.74999999999999289, 4.999999999999999112 ) ) ;
#1487 = CARTESIAN_POINT ( 'NONE',  ( 4.500000000000000000, 15.50000000000000000, 8.000999999999999446 ) ) ;
#1488 = CARTESIAN_POINT ( 'NONE',  ( -0.7533705512072395027, 5.300774916107235946, -4.943605739159574242 ) ) ;
#1489 = CARTESIAN_POINT ( 'NONE',  ( -0.09886006825427334777, 5.500000000000003553, 5.000000000000000000 ) ) ;
#1490 = EDGE_CURVE ( 'NONE', #109, #527, #808, .T. ) ;
#1491 = CARTESIAN_POINT ( 'NONE',  ( -1.500000000000000222, 4.000000000000000000, 7.858116822750855768 ) ) ;
ENDSEC;
END-ISO-10303-21;
