ISO-10303-21;
HEADER;
FILE_DESCRIPTION (( 'STEP AP214' ),
    '1' );
FILE_NAME ('RockerToBaseplateAdapter.STEP',
    '2026-02-05T02:02:42',
    ( '' ),
    ( '' ),
    'SwSTEP 2.0',
    'SolidWorks 2025',
    '' );
FILE_SCHEMA (( 'AUTOMOTIVE_DESIGN' ));
ENDSEC;

DATA;
#1 = VERTEX_POINT ( 'NONE', #646 ) ;
#2 = CARTESIAN_POINT ( 'NONE',  ( 31.37500000002546585, 14.99999999998635758, 2.749999999999998224 ) ) ;
#3 = ORIENTED_EDGE ( 'NONE', *, *, #1348, .T. ) ;
#4 = DIRECTION ( 'NONE',  ( 1.000000000000000000, 0.000000000000000000, 0.000000000000000000 ) ) ;
#5 = DIRECTION ( 'NONE',  ( 1.000000000000000000, 0.000000000000000000, 0.000000000000000000 ) ) ;
#6 = DIRECTION ( 'NONE',  ( 0.000000000000000000, 0.000000000000000000, 1.000000000000000000 ) ) ;
#7 = LINE ( 'NONE', #305, #236 ) ;
#8 = AXIS2_PLACEMENT_3D ( 'NONE', #1035, #798, #1297 ) ;
#9 = ORIENTED_EDGE ( 'NONE', *, *, #1555, .F. ) ;
#10 = CARTESIAN_POINT ( 'NONE',  ( 31.37500000002546585, -291568.5000000000000, -39.50000000000000000 ) ) ;
#11 = VERTEX_POINT ( 'NONE', #1384 ) ;
#12 = DIRECTION ( 'NONE',  ( 0.000000000000000000, 0.000000000000000000, -1.000000000000000000 ) ) ;
#13 = CARTESIAN_POINT ( 'NONE',  ( 37.50000000000000000, 15.00000000000000000, 2.749999999999995559 ) ) ;
#14 = ORIENTED_EDGE ( 'NONE', *, *, #992, .T. ) ;
#15 = ORIENTED_EDGE ( 'NONE', *, *, #1124, .F. ) ;
#16 = DIRECTION ( 'NONE',  ( 0.000000000000000000, 1.734723475976807094E-15, 1.000000000000000000 ) ) ;
#17 = DIRECTION ( 'NONE',  ( 0.000000000000000000, -1.000000000000000000, 0.000000000000000000 ) ) ;
#18 = EDGE_CURVE ( 'NONE', #760, #548, #1298, .T. ) ;
#19 = CARTESIAN_POINT ( 'NONE',  ( 42.50000000000000000, 14.99999999999999467, 9.999999999999998224 ) ) ;
#20 = AXIS2_PLACEMENT_3D ( 'NONE', #997, #1606, #357 ) ;
#21 = EDGE_LOOP ( 'NONE', ( #353, #835, #791, #995 ) ) ;
#22 = VERTEX_POINT ( 'NONE', #790 ) ;
#23 = FACE_OUTER_BOUND ( 'NONE', #1375, .T. ) ;
#24 = ADVANCED_FACE ( 'NONE', ( #385 ), #1044, .F. ) ;
#25 = ORIENTED_EDGE ( 'NONE', *, *, #985, .F. ) ;
#26 = ORIENTED_EDGE ( 'NONE', *, *, #93, .F. ) ;
#27 = AXIS2_PLACEMENT_3D ( 'NONE', #407, #276, #1404 ) ;
#28 = CARTESIAN_POINT ( 'NONE',  ( 2.500000000000000444, 9.999999999999998224, 15.00000000000000000 ) ) ;
#29 = DIRECTION ( 'NONE',  ( -0.000000000000000000, 0.000000000000000000, 1.000000000000000000 ) ) ;
#30 = ORIENTED_EDGE ( 'NONE', *, *, #390, .F. ) ;
#31 = EDGE_LOOP ( 'NONE', ( #1026, #372 ) ) ;
#32 = CARTESIAN_POINT ( 'NONE',  ( 53.62500000001091394, 27.99999999999999645, -32.25000000000000000 ) ) ;
#33 = ORIENTED_EDGE ( 'NONE', *, *, #255, .T. ) ;
#34 = ORIENTED_EDGE ( 'NONE', *, *, #926, .T. ) ;
#35 = AXIS2_PLACEMENT_3D ( 'NONE', #951, #1554, #428 ) ;
#36 = FACE_OUTER_BOUND ( 'NONE', #1098, .T. ) ;
#37 = CARTESIAN_POINT ( 'NONE',  ( 85.00000000000000000, 0.000000000000000000, 15.00000000000000000 ) ) ;
#38 = DIRECTION ( 'NONE',  ( 1.000000000000000000, 0.000000000000000000, 0.000000000000000000 ) ) ;
#39 = AXIS2_PLACEMENT_3D ( 'NONE', #1046, #921, #928 ) ;
#40 = ORIENTED_EDGE ( 'NONE', *, *, #700, .F. ) ;
#41 = VERTEX_POINT ( 'NONE', #282 ) ;
#42 = AXIS2_PLACEMENT_3D ( 'NONE', #1257, #1286, #259 ) ;
#43 = DIRECTION ( 'NONE',  ( -1.000000000000000000, 0.000000000000000000, 0.000000000000000000 ) ) ;
#44 = ORIENTED_EDGE ( 'NONE', *, *, #168, .F. ) ;
#45 = DIRECTION ( 'NONE',  ( 0.000000000000000000, -1.000000000000000000, 0.000000000000000000 ) ) ;
#46 = DIRECTION ( 'NONE',  ( 1.000000000000000000, 0.000000000000000000, 0.000000000000000000 ) ) ;
#47 = CARTESIAN_POINT ( 'NONE',  ( 37.50000000000000000, 15.00000000000000000, -32.25000000000000000 ) ) ;
#48 = EDGE_CURVE ( 'NONE', #654, #1458, #589, .T. ) ;
#49 = EDGE_CURVE ( 'NONE', #1113, #146, #1147, .T. ) ;
#50 = DIRECTION ( 'NONE',  ( 0.000000000000000000, 0.000000000000000000, -1.000000000000000000 ) ) ;
#51 = ORIENTED_EDGE ( 'NONE', *, *, #239, .T. ) ;
#52 = LINE ( 'NONE', #427, #1093 ) ;
#53 = PLANE ( 'NONE',  #1036 ) ;
#54 = ORIENTED_EDGE ( 'NONE', *, *, #1494, .F. ) ;
#55 = CYLINDRICAL_SURFACE ( 'NONE', #456, 11.12499999999999645 ) ;
#56 = CARTESIAN_POINT ( 'NONE',  ( 31.37500000002546585, 14.99999999998635758, 2.749999999999998224 ) ) ;
#57 = VECTOR ( 'NONE', #939, 1000.000000000000000 ) ;
#58 = CARTESIAN_POINT ( 'NONE',  ( 31.37500000002546585, 27.99999999999999645, -30.25000000000000000 ) ) ;
#59 = ORIENTED_EDGE ( 'NONE', *, *, #1616, .T. ) ;
#60 = DIRECTION ( 'NONE',  ( -1.000000000000000000, 0.000000000000000000, 0.000000000000000000 ) ) ;
#61 = CARTESIAN_POINT ( 'NONE',  ( 53.62500000001091394, 30.00000000000000000, 0.7500000000000006661 ) ) ;
#62 = VECTOR ( 'NONE', #332, 1000.000000000000000 ) ;
#63 = PLANE ( 'NONE',  #768 ) ;
#64 = ORIENTED_EDGE ( 'NONE', *, *, #1251, .T. ) ;
#65 = DIRECTION ( 'NONE',  ( -0.000000000000000000, -0.000000000000000000, 1.000000000000000000 ) ) ;
#66 = CARTESIAN_POINT ( 'NONE',  ( 42.50000000000000000, 14.99999999999999467, -39.50000000000000000 ) ) ;
#67 = AXIS2_PLACEMENT_3D ( 'NONE', #1433, #566, #813 ) ;
#68 = CARTESIAN_POINT ( 'NONE',  ( 53.62500000001091394, -291568.5000000000000, 2.749999999999998224 ) ) ;
#69 = DIRECTION ( 'NONE',  ( 1.000000000000000000, -7.709882115452469538E-17, 0.000000000000000000 ) ) ;
#70 = EDGE_LOOP ( 'NONE', ( #1301, #1463, #1484, #771 ) ) ;
#71 = CARTESIAN_POINT ( 'NONE',  ( 22.50000000000000711, 27.50000000000000000, 15.00000000000000000 ) ) ;
#72 = EDGE_CURVE ( 'NONE', #1115, #1190, #522, .T. ) ;
#73 = CARTESIAN_POINT ( 'NONE',  ( 47.49999999999999289, 15.00000000000000000, 15.00000000000000000 ) ) ;
#74 = DIRECTION ( 'NONE',  ( -1.541976423090494647E-16, -1.000000000000000000, 0.000000000000000000 ) ) ;
#75 = AXIS2_PLACEMENT_3D ( 'NONE', #762, #1137, #139 ) ;
#76 = VECTOR ( 'NONE', #728, 1000.000000000000000 ) ;
#77 = ORIENTED_EDGE ( 'NONE', *, *, #635, .T. ) ;
#78 = LINE ( 'NONE', #1080, #949 ) ;
#79 = DIRECTION ( 'NONE',  ( 1.000000000000000000, 0.000000000000000000, 0.000000000000000000 ) ) ;
#80 = PLANE ( 'NONE',  #280 ) ;
#81 = ORIENTED_EDGE ( 'NONE', *, *, #635, .F. ) ;
#82 = CARTESIAN_POINT ( 'NONE',  ( 72.50000000000001421, 9.999999999999998224, -37.50000000001261213 ) ) ;
#83 = ADVANCED_FACE ( 'NONE', ( #1166 ), #781, .T. ) ;
#84 = VERTEX_POINT ( 'NONE', #1156 ) ;
#85 = AXIS2_PLACEMENT_3D ( 'NONE', #68, #430, #952 ) ;
#86 = CARTESIAN_POINT ( 'NONE',  ( 53.62500000001091394, 29.99999999997271516, 2.749999999999998224 ) ) ;
#87 = DIRECTION ( 'NONE',  ( 1.000000000000000000, 0.000000000000000000, 0.000000000000000000 ) ) ;
#88 = VECTOR ( 'NONE', #901, 1000.000000000000000 ) ;
#89 = ADVANCED_FACE ( 'NONE', ( #1543 ), #918, .F. ) ;
#90 = ADVANCED_FACE ( 'NONE', ( #955, #175 ), #701, .F. ) ;
#91 = VERTEX_POINT ( 'NONE', #1186 ) ;
#92 = CARTESIAN_POINT ( 'NONE',  ( 1.541976423090494253E-15, 9.999999999999998224, -44.50000000000000000 ) ) ;
#93 = EDGE_CURVE ( 'NONE', #1190, #757, #218, .T. ) ;
#94 = ORIENTED_EDGE ( 'NONE', *, *, #1130, .F. ) ;
#95 = CARTESIAN_POINT ( 'NONE',  ( -0.000000000000000000, 30.00000000000000000, -44.50000000000000000 ) ) ;
#96 = DIRECTION ( 'NONE',  ( 1.000000000000000000, 0.000000000000000000, 0.000000000000000000 ) ) ;
#97 = AXIS2_PLACEMENT_3D ( 'NONE', #1127, #5, #16 ) ;
#98 = VERTEX_POINT ( 'NONE', #71 ) ;
#99 = VECTOR ( 'NONE', #1177, 1000.000000000000000 ) ;
#100 = CARTESIAN_POINT ( 'NONE',  ( 25.00000000000000355, 30.00000000000000000, 15.00000000000000000 ) ) ;
#101 = ORIENTED_EDGE ( 'NONE', *, *, #1278, .T. ) ;
#102 = LINE ( 'NONE', #86, #307 ) ;
#103 = DIRECTION ( 'NONE',  ( 0.000000000000000000, 0.000000000000000000, -1.000000000000000000 ) ) ;
#104 = FACE_BOUND ( 'NONE', #397, .T. ) ;
#105 = CARTESIAN_POINT ( 'NONE',  ( 12.49999999999999645, 9.999999999999994671, -10.90000000001254143 ) ) ;
#106 = CIRCLE ( 'NONE', #1290, 4.999999999999997335 ) ;
#107 = ORIENTED_EDGE ( 'NONE', *, *, #1453, .F. ) ;
#108 = DIRECTION ( 'NONE',  ( 1.000000000000000000, -0.000000000000000000, 0.000000000000000000 ) ) ;
#109 = ORIENTED_EDGE ( 'NONE', *, *, #229, .T. ) ;
#110 = COLOUR_RGB ( '',0.7921568627450980005, 0.8196078431372548767, 0.9333333333333333481 ) ;
#111 = ADVANCED_FACE ( 'NONE', ( #1179 ), #547, .T. ) ;
#112 = AXIS2_PLACEMENT_3D ( 'NONE', #304, #806, #1306 ) ;
#113 = CARTESIAN_POINT ( 'NONE',  ( 31.37500000002546585, 28.00000000002000888, -39.50000000000000000 ) ) ;
#114 = FACE_OUTER_BOUND ( 'NONE', #614, .T. ) ;
#115 = ADVANCED_FACE ( 'NONE', ( #795 ), #1561, .F. ) ;
#116 = AXIS2_PLACEMENT_3D ( 'NONE', #1295, #452, #1067 ) ;
#117 = VECTOR ( 'NONE', #1592, 1000.000000000000000 ) ;
#118 = ORIENTED_EDGE ( 'NONE', *, *, #496, .T. ) ;
#119 = CARTESIAN_POINT ( 'NONE',  ( 72.50000000000001421, 9.999999999999998224, -35.80000000001261640 ) ) ;
#120 = ORIENTED_EDGE ( 'NONE', *, *, #382, .T. ) ;
#121 = FACE_OUTER_BOUND ( 'NONE', #1212, .T. ) ;
#122 = DIRECTION ( 'NONE',  ( 0.000000000000000000, -1.000000000000000000, 0.000000000000000000 ) ) ;
#123 = ADVANCED_FACE ( 'NONE', ( #1172 ), #53, .F. ) ;
#124 = ORIENTED_EDGE ( 'NONE', *, *, #241, .T. ) ;
#125 = DIRECTION ( 'NONE',  ( 0.000000000000000000, 0.000000000000000000, 1.000000000000000000 ) ) ;
#126 = CARTESIAN_POINT ( 'NONE',  ( 7.499999999999992895, 30.00000000000000000, 5.799999999999958966 ) ) ;
#127 = CIRCLE ( 'NONE', #360, 4.999999999999997335 ) ;
#128 = AXIS2_PLACEMENT_3D ( 'NONE', #1466, #12, #1511 ) ;
#129 = DIRECTION ( 'NONE',  ( -0.000000000000000000, 0.000000000000000000, 1.000000000000000000 ) ) ;
#130 = CARTESIAN_POINT ( 'NONE',  ( 72.50000000000001421, 30.00000000000000000, -37.50000000001261213 ) ) ;
#131 = CARTESIAN_POINT ( 'NONE',  ( 53.62500000001091394, 14.99999999998635758, -32.25000000000000000 ) ) ;
#132 = CARTESIAN_POINT ( 'NONE',  ( 25.00000000000000355, 30.00000000000000000, 15.00000000000000000 ) ) ;
#133 = LINE ( 'NONE', #516, #256 ) ;
#134 = VERTEX_POINT ( 'NONE', #805 ) ;
#135 = CARTESIAN_POINT ( 'NONE',  ( 53.62500000001091394, 30.00000000000000000, 0.7500000000000006661 ) ) ;
#136 = DIRECTION ( 'NONE',  ( -0.000000000000000000, 0.000000000000000000, 1.000000000000000000 ) ) ;
#137 = VERTEX_POINT ( 'NONE', #819 ) ;
#138 = EDGE_CURVE ( 'NONE', #1611, #1, #978, .T. ) ;
#139 = DIRECTION ( 'NONE',  ( 1.000000000000000000, 0.000000000000000000, 0.000000000000000000 ) ) ;
#140 = ORIENTED_EDGE ( 'NONE', *, *, #550, .F. ) ;
#141 = ORIENTED_EDGE ( 'NONE', *, *, #210, .T. ) ;
#142 = CYLINDRICAL_SURFACE ( 'NONE', #1431, 1.600000000000005862 ) ;
#143 = DIRECTION ( 'NONE',  ( 0.000000000000000000, -0.000000000000000000, -1.000000000000000000 ) ) ;
#144 = LINE ( 'NONE', #905, #1525 ) ;
#145 = ADVANCED_FACE ( 'NONE', ( #558, #1318, #1577, #1061 ), #693, .F. ) ;
#146 = VERTEX_POINT ( 'NONE', #677 ) ;
#147 = AXIS2_PLACEMENT_3D ( 'NONE', #909, #165, #1394 ) ;
#148 = VERTEX_POINT ( 'NONE', #195 ) ;
#149 = DIRECTION ( 'NONE',  ( 1.000000000000000000, 0.000000000000000000, 0.000000000000000000 ) ) ;
#150 = EDGE_CURVE ( 'NONE', #1015, #134, #439, .T. ) ;
#151 = ORIENTED_EDGE ( 'NONE', *, *, #219, .T. ) ;
#152 = ORIENTED_EDGE ( 'NONE', *, *, #729, .T. ) ;
#153 = CARTESIAN_POINT ( 'NONE',  ( 72.50000000000001421, 0.000000000000000000, -12.50000000001255174 ) ) ;
#154 = LINE ( 'NONE', #660, #268 ) ;
#155 = EDGE_LOOP ( 'NONE', ( #1268, #984, #414, #1322 ) ) ;
#156 = ORIENTED_EDGE ( 'NONE', *, *, #359, .F. ) ;
#157 = AXIS2_PLACEMENT_3D ( 'NONE', #58, #554, #365 ) ;
#158 = CARTESIAN_POINT ( 'NONE',  ( 0.000000000000000000, 27.99999999999999645, 0.7500000000000006661 ) ) ;
#159 = ORIENTED_EDGE ( 'NONE', *, *, #171, .F. ) ;
#160 = VECTOR ( 'NONE', #1476, 1000.000000000000000 ) ;
#161 = LINE ( 'NONE', #659, #330 ) ;
#162 = DIRECTION ( 'NONE',  ( 0.000000000000000000, -1.000000000000000000, 0.000000000000000000 ) ) ;
#163 = VERTEX_POINT ( 'NONE', #1584 ) ;
#164 = DIRECTION ( 'NONE',  ( 1.000000000000000000, 0.000000000000000000, 0.000000000000000000 ) ) ;
#165 = DIRECTION ( 'NONE',  ( -1.000000000000000000, 0.000000000000000000, 0.000000000000000000 ) ) ;
#166 = EDGE_LOOP ( 'NONE', ( #292, #533, #887, #902 ) ) ;
#167 = VECTOR ( 'NONE', #1271, 1000.000000000000000 ) ;
#168 = EDGE_CURVE ( 'NONE', #757, #1588, #687, .T. ) ;
#169 = CARTESIAN_POINT ( 'NONE',  ( 42.49999999999999289, 15.00000000000000000, -44.50000000000000000 ) ) ;
#170 = CARTESIAN_POINT ( 'NONE',  ( 82.50000000000000000, 9.999999999999998224, -44.50000000000000000 ) ) ;
#171 = EDGE_CURVE ( 'NONE', #1346, #877, #1386, .T. ) ;
#172 = CIRCLE ( 'NONE', #667, 11.12499999999999645 ) ;
#173 = ORIENTED_EDGE ( 'NONE', *, *, #409, .T. ) ;
#174 = CIRCLE ( 'NONE', #1084, 2.499999999999998668 ) ;
#175 = FACE_BOUND ( 'NONE', #1007, .T. ) ;
#176 = ORIENTED_EDGE ( 'NONE', *, *, #961, .T. ) ;
#177 = LINE ( 'NONE', #1198, #1585 ) ;
#178 = DIRECTION ( 'NONE',  ( 0.000000000000000000, 0.000000000000000000, 1.000000000000000000 ) ) ;
#179 = DIRECTION ( 'NONE',  ( 0.000000000000000000, 0.000000000000000000, 1.000000000000000000 ) ) ;
#180 = CARTESIAN_POINT ( 'NONE',  ( 37.50000000000000000, 15.00000000000000000, -44.50000000000000000 ) ) ;
#181 = ORIENTED_EDGE ( 'NONE', *, *, #1180, .F. ) ;
#182 = FACE_OUTER_BOUND ( 'NONE', #240, .T. ) ;
#183 = LINE ( 'NONE', #1447, #62 ) ;
#184 = DIRECTION ( 'NONE',  ( 1.000000000000000000, 0.000000000000000000, 0.000000000000000000 ) ) ;
#185 = AXIS2_PLACEMENT_3D ( 'NONE', #1427, #670, #1415 ) ;
#186 = DIRECTION ( 'NONE',  ( -1.000000000000000000, 1.541976423090494647E-16, 0.000000000000000000 ) ) ;
#187 = ORIENTED_EDGE ( 'NONE', *, *, #1183, .T. ) ;
#188 = CARTESIAN_POINT ( 'NONE',  ( 62.50000000000000000, 0.000000000000000000, -44.50000000000000000 ) ) ;
#189 = LINE ( 'NONE', #1187, #869 ) ;
#190 = VECTOR ( 'NONE', #630, 1000.000000000000000 ) ;
#191 = CIRCLE ( 'NONE', #429, 2.500000000000002220 ) ;
#192 = DIRECTION ( 'NONE',  ( 0.000000000000000000, 0.000000000000000000, -1.000000000000000000 ) ) ;
#193 = EDGE_CURVE ( 'NONE', #743, #410, #183, .T. ) ;
#194 = EDGE_LOOP ( 'NONE', ( #26, #1258, #898, #44 ) ) ;
#195 = CARTESIAN_POINT ( 'NONE',  ( 7.499999999999992895, 9.999999999999998224, 5.799999999999958078 ) ) ;
#196 = DIRECTION ( 'NONE',  ( 0.000000000000000000, 0.000000000000000000, -1.000000000000000000 ) ) ;
#197 = FACE_OUTER_BOUND ( 'NONE', #1145, .T. ) ;
#198 = AXIS2_PLACEMENT_3D ( 'NONE', #1114, #350, #354 ) ;
#199 = VERTEX_POINT ( 'NONE', #1324 ) ;
#200 = CARTESIAN_POINT ( 'NONE',  ( 53.62500000001091394, 28.00000000002000888, -32.25000000000000000 ) ) ;
#201 = LINE ( 'NONE', #1545, #242 ) ;
#202 = LINE ( 'NONE', #582, #1469 ) ;
#203 = CIRCLE ( 'NONE', #1594, 1.600000000000005862 ) ;
#204 = CIRCLE ( 'NONE', #991, 1.600000000000004086 ) ;
#205 = VERTEX_POINT ( 'NONE', #200 ) ;
#206 = VERTEX_POINT ( 'NONE', #706 ) ;
#207 = CARTESIAN_POINT ( 'NONE',  ( 72.50000000000001421, 0.000000000000000000, -37.50000000001261213 ) ) ;
#208 = EDGE_CURVE ( 'NONE', #879, #1412, #925, .T. ) ;
#209 = DIRECTION ( 'NONE',  ( 0.000000000000000000, -0.000000000000000000, -1.000000000000000000 ) ) ;
#210 = EDGE_CURVE ( 'NONE', #518, #214, #78, .T. ) ;
#211 = EDGE_CURVE ( 'NONE', #349, #392, #458, .T. ) ;
#212 = ORIENTED_EDGE ( 'NONE', *, *, #1596, .F. ) ;
#213 = STYLED_ITEM ( 'NONE', ( #852 ), #1610 ) ;
#214 = VERTEX_POINT ( 'NONE', #250 ) ;
#215 = CIRCLE ( 'NONE', #1003, 1.700000000000000178 ) ;
#216 = CARTESIAN_POINT ( 'NONE',  ( 85.00000000000000000, 0.000000000000000000, -44.50000000000000000 ) ) ;
#217 = DIRECTION ( 'NONE',  ( 0.000000000000000000, -0.000000000000000000, -1.000000000000000000 ) ) ;
#218 = CIRCLE ( 'NONE', #67, 2.500000000000002220 ) ;
#219 = EDGE_CURVE ( 'NONE', #1458, #714, #753, .T. ) ;
#220 = VERTEX_POINT ( 'NONE', #105 ) ;
#221 = CARTESIAN_POINT ( 'NONE',  ( 22.50000000000001776, 7.806255641895638236E-15, 15.00000000000000000 ) ) ;
#222 = ORIENTED_EDGE ( 'NONE', *, *, #1444, .T. ) ;
#223 = VECTOR ( 'NONE', #1615, 1000.000000000000000 ) ;
#224 = VECTOR ( 'NONE', #738, 1000.000000000000000 ) ;
#225 = CYLINDRICAL_SURFACE ( 'NONE', #1070, 1.699999999999999289 ) ;
#226 = ORIENTED_EDGE ( 'NONE', *, *, #409, .F. ) ;
#227 = CIRCLE ( 'NONE', #1351, 4.999999999999997335 ) ;
#228 = DIRECTION ( 'NONE',  ( 0.000000000000000000, -1.000000000000000000, 0.000000000000000000 ) ) ;
#229 = EDGE_CURVE ( 'NONE', #514, #760, #1507, .T. ) ;
#230 = ORIENTED_EDGE ( 'NONE', *, *, #619, .F. ) ;
#231 = EDGE_CURVE ( 'NONE', #1023, #309, #7, .T. ) ;
#232 = DIRECTION ( 'NONE',  ( 0.000000000000000000, 0.000000000000000000, -1.000000000000000000 ) ) ;
#233 = CARTESIAN_POINT ( 'NONE',  ( 42.50000000000000000, 27.99999999999999645, 9.999999999999998224 ) ) ;
#234 = CARTESIAN_POINT ( 'NONE',  ( 53.62500000001091394, 29.99999999997271516, -32.25000000000000000 ) ) ;
#235 = DIRECTION ( 'NONE',  ( -1.000000000000000000, 0.000000000000000000, -0.000000000000000000 ) ) ;
#236 = VECTOR ( 'NONE', #650, 1000.000000000000000 ) ;
#237 = EDGE_LOOP ( 'NONE', ( #1085, #830, #907, #1078 ) ) ;
#238 = CARTESIAN_POINT ( 'NONE',  ( 53.62500000001091394, -291568.5000000000000, -39.50000000000000000 ) ) ;
#239 = EDGE_CURVE ( 'NONE', #1311, #1163, #1028, .T. ) ;
#240 = EDGE_LOOP ( 'NONE', ( #124, #257, #1202, #1362, #476, #1551, #338, #692, #538, #631, #1296, #1001, #540, #402 ) ) ;
#241 = EDGE_CURVE ( 'NONE', #421, #1566, #1151, .T. ) ;
#242 = VECTOR ( 'NONE', #1441, 1000.000000000000000 ) ;
#243 = CYLINDRICAL_SURFACE ( 'NONE', #1267, 2.000000000000000000 ) ;
#244 = CARTESIAN_POINT ( 'NONE',  ( 42.50000000000000000, 14.99999999999999467, -39.50000000000000000 ) ) ;
#245 = VERTEX_POINT ( 'NONE', #507 ) ;
#246 = CARTESIAN_POINT ( 'NONE',  ( 72.50000000000001421, 9.999999999999998224, -14.10000000001255671 ) ) ;
#247 = CARTESIAN_POINT ( 'NONE',  ( 0.000000000000000000, 0.000000000000000000, 15.00000000000000000 ) ) ;
#248 = ORIENTED_EDGE ( 'NONE', *, *, #886, .T. ) ;
#249 = DIRECTION ( 'NONE',  ( -1.000000000000000000, 0.000000000000000000, 0.000000000000000000 ) ) ;
#250 = CARTESIAN_POINT ( 'NONE',  ( 53.62500000000000000, 14.99999999998635936, 9.999999999999998224 ) ) ;
#251 = CARTESIAN_POINT ( 'NONE',  ( 53.62500000001091394, 30.00000000000000000, -41.50000000000000000 ) ) ;
#252 = DIRECTION ( 'NONE',  ( 1.000000000000000000, 0.000000000000000000, 0.000000000000000000 ) ) ;
#253 = ORIENTED_EDGE ( 'NONE', *, *, #1334, .T. ) ;
#254 = CARTESIAN_POINT ( 'NONE',  ( 31.37500000002546585, 29.99999999997271516, -32.25000000000000000 ) ) ;
#255 = EDGE_CURVE ( 'NONE', #782, #593, #1020, .T. ) ;
#256 = VECTOR ( 'NONE', #295, 1000.000000000000000 ) ;
#257 = ORIENTED_EDGE ( 'NONE', *, *, #917, .T. ) ;
#258 = AXIS2_PLACEMENT_3D ( 'NONE', #1500, #1356, #742 ) ;
#259 = DIRECTION ( 'NONE',  ( 0.000000000000000000, 0.000000000000000000, -1.000000000000000000 ) ) ;
#260 = EDGE_LOOP ( 'NONE', ( #1617, #1395, #381, #1338 ) ) ;
#261 = CYLINDRICAL_SURFACE ( 'NONE', #1100, 1.699999999999999289 ) ;
#262 = DIRECTION ( 'NONE',  ( 0.000000000000000000, 0.000000000000000000, 1.000000000000000000 ) ) ;
#263 = EDGE_CURVE ( 'NONE', #640, #1157, #1581, .T. ) ;
#264 = EDGE_CURVE ( 'NONE', #1139, #895, #767, .T. ) ;
#265 = CARTESIAN_POINT ( 'NONE',  ( 85.00000000000000000, 7.499999999999999112, -44.50000000000000000 ) ) ;
#266 = ORIENTED_EDGE ( 'NONE', *, *, #241, .F. ) ;
#267 = EDGE_CURVE ( 'NONE', #735, #1452, #106, .T. ) ;
#268 = VECTOR ( 'NONE', #1047, 1000.000000000000000 ) ;
#269 = DIRECTION ( 'NONE',  ( -0.000000000000000000, -0.000000000000000000, 1.000000000000000000 ) ) ;
#270 = ORIENTED_EDGE ( 'NONE', *, *, #229, .F. ) ;
#271 = DIRECTION ( 'NONE',  ( 0.000000000000000000, 0.000000000000000000, 1.000000000000000000 ) ) ;
#272 = FACE_OUTER_BOUND ( 'NONE', #260, .T. ) ;
#273 = CARTESIAN_POINT ( 'NONE',  ( 42.49999999999999289, 15.00000000000000000, -44.50000000000000000 ) ) ;
#274 = VERTEX_POINT ( 'NONE', #277 ) ;
#275 = CARTESIAN_POINT ( 'NONE',  ( 42.50000000000000000, 27.99999999999999645, -39.50000000000000000 ) ) ;
#276 = DIRECTION ( 'NONE',  ( 1.000000000000000000, 0.000000000000000000, 0.000000000000000000 ) ) ;
#277 = CARTESIAN_POINT ( 'NONE',  ( 62.50000000000000000, 27.50000000000000000, 15.00000000000000000 ) ) ;
#278 = ORIENTED_EDGE ( 'NONE', *, *, #583, .F. ) ;
#279 = AXIS2_PLACEMENT_3D ( 'NONE', #1191, #319, #1569 ) ;
#280 = AXIS2_PLACEMENT_3D ( 'NONE', #1579, #704, #1057 ) ;
#281 = EDGE_LOOP ( 'NONE', ( #1096, #64, #1244, #1409 ) ) ;
#282 = CARTESIAN_POINT ( 'NONE',  ( 77.50000000000001421, 9.999999999999998224, 5.799999999999950084 ) ) ;
#283 = EDGE_LOOP ( 'NONE', ( #297, #1065, #9, #94 ) ) ;
#284 = DIRECTION ( 'NONE',  ( 1.000000000000000000, 0.000000000000000000, 0.000000000000000000 ) ) ;
#285 = PLANE ( 'NONE',  #607 ) ;
#286 = ORIENTED_EDGE ( 'NONE', *, *, #455, .T. ) ;
#287 = ORIENTED_EDGE ( 'NONE', *, *, #1302, .T. ) ;
#288 = FACE_OUTER_BOUND ( 'NONE', #858, .T. ) ;
#289 = EDGE_CURVE ( 'NONE', #91, #1311, #1010, .T. ) ;
#290 = VECTOR ( 'NONE', #1537, 1000.000000000000000 ) ;
#291 = ORIENTED_EDGE ( 'NONE', *, *, #263, .T. ) ;
#292 = ORIENTED_EDGE ( 'NONE', *, *, #72, .F. ) ;
#293 = VECTOR ( 'NONE', #228, 1000.000000000000000 ) ;
#294 = EDGE_CURVE ( 'NONE', #220, #1346, #391, .T. ) ;
#295 = DIRECTION ( 'NONE',  ( 0.000000000000000000, -0.000000000000000000, -1.000000000000000000 ) ) ;
#296 = DIRECTION ( 'NONE',  ( -0.000000000000000000, 1.000000000000000000, 0.000000000000000000 ) ) ;
#297 = ORIENTED_EDGE ( 'NONE', *, *, #411, .F. ) ;
#298 = DIRECTION ( 'NONE',  ( -1.000000000000000000, 0.000000000000000000, 0.000000000000000000 ) ) ;
#299 = FACE_OUTER_BOUND ( 'NONE', #1576, .T. ) ;
#300 = CARTESIAN_POINT ( 'NONE',  ( 0.000000000000000000, 7.499999999999998224, 15.00000000000000000 ) ) ;
#301 = DIRECTION ( 'NONE',  ( 0.000000000000000000, 0.000000000000000000, 1.000000000000000000 ) ) ;
#302 = ORIENTED_EDGE ( 'NONE', *, *, #797, .F. ) ;
#303 = VECTOR ( 'NONE', #526, 1000.000000000000000 ) ;
#304 = CARTESIAN_POINT ( 'NONE',  ( 12.49999999999999645, 30.00000000000000000, -12.50000000001254463 ) ) ;
#305 = CARTESIAN_POINT ( 'NONE',  ( 31.37500000002546585, 29.99999999997271516, 2.749999999999998224 ) ) ;
#306 = FACE_OUTER_BOUND ( 'NONE', #741, .T. ) ;
#307 = VECTOR ( 'NONE', #590, 1000.000000000000000 ) ;
#308 = FACE_OUTER_BOUND ( 'NONE', #587, .T. ) ;
#309 = VERTEX_POINT ( 'NONE', #643 ) ;
#310 = AXIS2_PLACEMENT_3D ( 'NONE', #66, #580, #827 ) ;
#311 = CARTESIAN_POINT ( 'NONE',  ( 62.50000000000000000, 12.50000000000000000, -44.50000000000000000 ) ) ;
#312 = DIRECTION ( 'NONE',  ( -0.000000000000000000, -0.000000000000000000, 1.000000000000000000 ) ) ;
#313 = FACE_OUTER_BOUND ( 'NONE', #1232, .T. ) ;
#314 = CARTESIAN_POINT ( 'NONE',  ( 7.709882115452473236E-16, 10.00000000000000533, -44.50000000000000000 ) ) ;
#315 = VECTOR ( 'NONE', #990, 1000.000000000000000 ) ;
#316 = ORIENTED_EDGE ( 'NONE', *, *, #550, .T. ) ;
#317 = ADVANCED_FACE ( 'NONE', ( #1262 ), #285, .F. ) ;
#318 = CARTESIAN_POINT ( 'NONE',  ( 42.49999999999999289, 15.00000000000000000, -39.50000000000000000 ) ) ;
#319 = DIRECTION ( 'NONE',  ( -0.000000000000000000, 1.000000000000000000, -0.000000000000000000 ) ) ;
#320 = CARTESIAN_POINT ( 'NONE',  ( 53.62500000001091394, 27.99999999999999645, 11.99999999999999822 ) ) ;
#321 = AXIS2_PLACEMENT_3D ( 'NONE', #169, #1009, #252 ) ;
#322 = LINE ( 'NONE', #1442, #436 ) ;
#323 = EDGE_CURVE ( 'NONE', #91, #1277, #144, .T. ) ;
#324 = DIRECTION ( 'NONE',  ( -0.000000000000000000, 0.000000000000000000, 1.000000000000000000 ) ) ;
#325 = ORIENTED_EDGE ( 'NONE', *, *, #211, .T. ) ;
#326 = CARTESIAN_POINT ( 'NONE',  ( 42.50000000000000000, 27.99999999999999645, -30.25000000000000000 ) ) ;
#327 = CARTESIAN_POINT ( 'NONE',  ( 31.37500000002546585, 29.99999999997271516, -41.49999999999999289 ) ) ;
#328 = AXIS2_PLACEMENT_3D ( 'NONE', #1160, #417, #537 ) ;
#329 = CARTESIAN_POINT ( 'NONE',  ( 85.00000000000000000, 0.000000000000000000, 15.00000000000000000 ) ) ;
#330 = VECTOR ( 'NONE', #1159, 1000.000000000000000 ) ;
#331 = ORIENTED_EDGE ( 'NONE', *, *, #1109, .T. ) ;
#332 = DIRECTION ( 'NONE',  ( 1.000000000000000000, 0.000000000000000000, 0.000000000000000000 ) ) ;
#333 = DIRECTION ( 'NONE',  ( 1.000000000000000000, 0.000000000000000000, -0.000000000000000000 ) ) ;
#334 = DIRECTION ( 'NONE',  ( 0.000000000000000000, 0.000000000000000000, 1.000000000000000000 ) ) ;
#335 = UNCERTAINTY_MEASURE_WITH_UNIT (LENGTH_MEASURE( 1.000000000000000082E-05 ), #1612, 'distance_accuracy_value', 'NONE');
#336 = EDGE_LOOP ( 'NONE', ( #529, #152 ) ) ;
#337 = EDGE_CURVE ( 'NONE', #1115, #274, #1397, .T. ) ;
#338 = ORIENTED_EDGE ( 'NONE', *, *, #193, .F. ) ;
#339 = DIRECTION ( 'NONE',  ( 0.000000000000000000, 0.000000000000000000, -1.000000000000000000 ) ) ;
#340 = EDGE_CURVE ( 'NONE', #355, #214, #1204, .T. ) ;
#341 = CARTESIAN_POINT ( 'NONE',  ( 1.541976423090494253E-15, 9.999999999999998224, -44.50000000000000000 ) ) ;
#342 = CIRCLE ( 'NONE', #546, 1.699999999999993072 ) ;
#343 = VECTOR ( 'NONE', #1401, 1000.000000000000000 ) ;
#344 = ORIENTED_EDGE ( 'NONE', *, *, #536, .F. ) ;
#345 = CARTESIAN_POINT ( 'NONE',  ( 0.000000000000000000, 0.000000000000000000, -44.50000000000000000 ) ) ;
#346 = ORIENTED_EDGE ( 'NONE', *, *, #1309, .F. ) ;
#347 =( NAMED_UNIT ( * ) SI_UNIT ( $, .STERADIAN. ) SOLID_ANGLE_UNIT ( ) );
#348 = FACE_OUTER_BOUND ( 'NONE', #1472, .T. ) ;
#349 = VERTEX_POINT ( 'NONE', #1380 ) ;
#350 = DIRECTION ( 'NONE',  ( -0.000000000000000000, 1.000000000000000000, -0.000000000000000000 ) ) ;
#351 = VERTEX_POINT ( 'NONE', #265 ) ;
#352 = FACE_OUTER_BOUND ( 'NONE', #993, .T. ) ;
#353 = ORIENTED_EDGE ( 'NONE', *, *, #920, .T. ) ;
#354 = DIRECTION ( 'NONE',  ( 0.000000000000000000, 0.000000000000000000, -1.000000000000000000 ) ) ;
#355 = VERTEX_POINT ( 'NONE', #517 ) ;
#356 = CIRCLE ( 'NONE', #20, 4.999999999999997335 ) ;
#357 = DIRECTION ( 'NONE',  ( 1.000000000000000000, 0.000000000000000000, 0.000000000000000000 ) ) ;
#358 = LINE ( 'NONE', #388, #648 ) ;
#359 = EDGE_CURVE ( 'NONE', #205, #349, #154, .T. ) ;
#360 = AXIS2_PLACEMENT_3D ( 'NONE', #1242, #129, #626 ) ;
#361 = ORIENTED_EDGE ( 'NONE', *, *, #725, .F. ) ;
#362 = CIRCLE ( 'NONE', #653, 2.500000000000000000 ) ;
#363 = PLANE ( 'NONE',  #1408 ) ;
#364 = ORIENTED_EDGE ( 'NONE', *, *, #1309, .T. ) ;
#365 = DIRECTION ( 'NONE',  ( 0.000000000000000000, 0.000000000000000000, 1.000000000000000000 ) ) ;
#366 = CARTESIAN_POINT ( 'NONE',  ( 31.37500000002546585, -291568.5000000000000, 2.749999999999998224 ) ) ;
#367 = PLANE ( 'NONE',  #848 ) ;
#368 = VECTOR ( 'NONE', #1199, 1000.000000000000000 ) ;
#369 = EDGE_LOOP ( 'NONE', ( #422, #1135, #1382, #1544 ) ) ;
#370 = LINE ( 'NONE', #594, #1250 ) ;
#371 = DIRECTION ( 'NONE',  ( 1.000000000000000000, 0.000000000000000000, 0.000000000000000000 ) ) ;
#372 = ORIENTED_EDGE ( 'NONE', *, *, #1453, .T. ) ;
#373 = CIRCLE ( 'NONE', #1207, 1.699999999999993072 ) ;
#374 = CARTESIAN_POINT ( 'NONE',  ( 72.50000000000001421, 9.999999999999998224, -39.20000000001261498 ) ) ;
#375 = DIRECTION ( 'NONE',  ( 0.000000000000000000, 0.000000000000000000, 1.000000000000000000 ) ) ;
#376 = CARTESIAN_POINT ( 'NONE',  ( 72.50000000000001421, 0.000000000000000000, -37.50000000001261213 ) ) ;
#377 = EDGE_CURVE ( 'NONE', #514, #245, #818, .T. ) ;
#378 = ORIENTED_EDGE ( 'NONE', *, *, #871, .T. ) ;
#379 = CARTESIAN_POINT ( 'NONE',  ( 82.50000000000000000, 7.499999999999999112, 15.00000000000000000 ) ) ;
#380 = DIRECTION ( 'NONE',  ( -0.000000000000000000, 1.000000000000000000, -0.000000000000000000 ) ) ;
#381 = ORIENTED_EDGE ( 'NONE', *, *, #440, .F. ) ;
#382 = EDGE_CURVE ( 'NONE', #410, #206, #1547, .T. ) ;
#383 = ADVANCED_FACE ( 'NONE', ( #1414, #799, #1299, #1451 ), #1063, .T. ) ;
#384 = DIRECTION ( 'NONE',  ( -1.000000000000000000, 0.000000000000000000, 0.000000000000000000 ) ) ;
#385 = FACE_OUTER_BOUND ( 'NONE', #1034, .T. ) ;
#386 = ORIENTED_EDGE ( 'NONE', *, *, #1365, .F. ) ;
#387 = AXIS2_PLACEMENT_3D ( 'NONE', #975, #1477, #717 ) ;
#388 = CARTESIAN_POINT ( 'NONE',  ( 31.37500000002546585, -291568.5000000000000, -32.25000000000000000 ) ) ;
#389 = CARTESIAN_POINT ( 'NONE',  ( 37.50000000000000000, 15.00000000000000000, -44.50000000000000000 ) ) ;
#390 = EDGE_CURVE ( 'NONE', #1045, #445, #561, .T. ) ;
#391 = LINE ( 'NONE', #1169, #866 ) ;
#392 = VERTEX_POINT ( 'NONE', #1565 ) ;
#393 = AXIS2_PLACEMENT_3D ( 'NONE', #244, #855, #747 ) ;
#394 = CIRCLE ( 'NONE', #27, 2.000000000000001776 ) ;
#395 = ORIENTED_EDGE ( 'NONE', *, *, #920, .F. ) ;
#396 = CARTESIAN_POINT ( 'NONE',  ( 77.50000000000001421, 9.999999999999998224, 9.199999999999947775 ) ) ;
#397 = EDGE_LOOP ( 'NONE', ( #1088, #248 ) ) ;
#398 = EDGE_LOOP ( 'NONE', ( #1620, #1445, #226, #979 ) ) ;
#399 = DIRECTION ( 'NONE',  ( 0.000000000000000000, -0.000000000000000000, -1.000000000000000000 ) ) ;
#400 = LINE ( 'NONE', #1128, #942 ) ;
#401 = DIRECTION ( 'NONE',  ( 0.000000000000000000, -1.000000000000000000, 0.000000000000000000 ) ) ;
#402 = ORIENTED_EDGE ( 'NONE', *, *, #418, .T. ) ;
#403 = ORIENTED_EDGE ( 'NONE', *, *, #267, .F. ) ;
#404 = PRODUCT ( 'RockerToBaseplateAdapter', 'RockerToBaseplateAdapter', '', ( #1520 ) ) ;
#405 = DIRECTION ( 'NONE',  ( 0.000000000000000000, 0.000000000000000000, 1.000000000000000000 ) ) ;
#406 = ORIENTED_EDGE ( 'NONE', *, *, #1051, .T. ) ;
#407 = CARTESIAN_POINT ( 'NONE',  ( 53.62500000001091394, 27.99999999999999645, -30.25000000000000000 ) ) ;
#408 = DIRECTION ( 'NONE',  ( -0.000000000000000000, -0.000000000000000000, -1.000000000000000000 ) ) ;
#409 = EDGE_CURVE ( 'NONE', #757, #895, #461, .T. ) ;
#410 = VERTEX_POINT ( 'NONE', #1456 ) ;
#411 = EDGE_CURVE ( 'NONE', #309, #137, #1226, .T. ) ;
#412 = VERTEX_POINT ( 'NONE', #1571 ) ;
#413 = ORIENTED_EDGE ( 'NONE', *, *, #1597, .F. ) ;
#414 = ORIENTED_EDGE ( 'NONE', *, *, #1170, .T. ) ;
#415 = CIRCLE ( 'NONE', #198, 1.700000000000000178 ) ;
#416 = DIRECTION ( 'NONE',  ( 0.000000000000000000, 0.000000000000000000, -1.000000000000000000 ) ) ;
#417 = DIRECTION ( 'NONE',  ( -1.541976423090494647E-16, -1.000000000000000000, 0.000000000000000000 ) ) ;
#418 = EDGE_CURVE ( 'NONE', #1311, #421, #202, .T. ) ;
#419 = ORIENTED_EDGE ( 'NONE', *, *, #457, .T. ) ;
#420 = AXIS2_PLACEMENT_3D ( 'NONE', #1248, #17, #143 ) ;
#421 = VERTEX_POINT ( 'NONE', #329 ) ;
#422 = ORIENTED_EDGE ( 'NONE', *, *, #553, .F. ) ;
#423 = CYLINDRICAL_SURFACE ( 'NONE', #39, 1.699999999999999289 ) ;
#424 = CARTESIAN_POINT ( 'NONE',  ( 60.00000000000000000, 30.00000000000000000, -44.50000000000000000 ) ) ;
#425 = DIRECTION ( 'NONE',  ( 0.000000000000000000, -1.000000000000000000, 0.000000000000000000 ) ) ;
#426 = ORIENTED_EDGE ( 'NONE', *, *, #511, .F. ) ;
#427 = CARTESIAN_POINT ( 'NONE',  ( 53.62500000001091394, -291568.5000000000000, 9.999999999999998224 ) ) ;
#428 = DIRECTION ( 'NONE',  ( 0.000000000000000000, 0.000000000000000000, -1.000000000000000000 ) ) ;
#429 = AXIS2_PLACEMENT_3D ( 'NONE', #1335, #209, #87 ) ;
#430 = DIRECTION ( 'NONE',  ( -1.000000000000000000, 0.000000000000000000, -0.000000000000000000 ) ) ;
#431 = CARTESIAN_POINT ( 'NONE',  ( 22.50000000000001421, 12.49999999999999467, 15.00000000000000000 ) ) ;
#432 = CARTESIAN_POINT ( 'NONE',  ( 12.50000000000000355, 9.999999999999994671, -37.50000000001260503 ) ) ;
#433 = AXIS2_PLACEMENT_3D ( 'NONE', #320, #814, #1313 ) ;
#434 = CARTESIAN_POINT ( 'NONE',  ( 53.62500000001091394, -291568.5000000000000, 2.749999999999998224 ) ) ;
#435 = ORIENTED_EDGE ( 'NONE', *, *, #1253, .T. ) ;
#436 = VECTOR ( 'NONE', #815, 1000.000000000000000 ) ;
#437 = AXIS2_PLACEMENT_3D ( 'NONE', #498, #1239, #1603 ) ;
#438 = PLANE ( 'NONE',  #1049 ) ;
#439 = LINE ( 'NONE', #571, #697 ) ;
#440 = EDGE_CURVE ( 'NONE', #714, #621, #1079, .T. ) ;
#441 = DIRECTION ( 'NONE',  ( 0.000000000000000000, -1.000000000000000000, 0.000000000000000000 ) ) ;
#442 = CARTESIAN_POINT ( 'NONE',  ( 53.62500000001091394, 27.99999999999999645, -41.50000000000000000 ) ) ;
#443 = ADVANCED_FACE ( 'NONE', ( #937, #1426 ), #63, .F. ) ;
#444 = CARTESIAN_POINT ( 'NONE',  ( 62.50000000000000000, 12.50000000000000000, -44.50000000000000000 ) ) ;
#445 = VERTEX_POINT ( 'NONE', #1193 ) ;
#446 = DIRECTION ( 'NONE',  ( 0.000000000000000000, 0.000000000000000000, 1.000000000000000000 ) ) ;
#447 = VECTOR ( 'NONE', #45, 1000.000000000000000 ) ;
#448 = CARTESIAN_POINT ( 'NONE',  ( 31.37500000002546585, 30.00000000000000000, -30.25000000000000000 ) ) ;
#449 = AXIS2_PLACEMENT_3D ( 'NONE', #1270, #668, #911 ) ;
#450 = CARTESIAN_POINT ( 'NONE',  ( 31.37500000002546585, 29.99999999997271516, -30.25000000000000000 ) ) ;
#451 = VERTEX_POINT ( 'NONE', #1435 ) ;
#452 = DIRECTION ( 'NONE',  ( 0.000000000000000000, -1.000000000000000000, 0.000000000000000000 ) ) ;
#453 = FACE_BOUND ( 'NONE', #523, .T. ) ;
#454 = CARTESIAN_POINT ( 'NONE',  ( 53.62500000000000000, 14.99999999998635936, 2.749999999999998224 ) ) ;
#455 = EDGE_CURVE ( 'NONE', #608, #1536, #953, .T. ) ;
#456 = AXIS2_PLACEMENT_3D ( 'NONE', #551, #196, #936 ) ;
#457 = EDGE_CURVE ( 'NONE', #782, #355, #680, .T. ) ;
#458 = LINE ( 'NONE', #131, #972 ) ;
#459 = CARTESIAN_POINT ( 'NONE',  ( 65.00000000000000000, 12.50000000000000000, -44.50000000000000000 ) ) ;
#460 = DIRECTION ( 'NONE',  ( 0.000000000000000000, 0.000000000000000000, -1.000000000000000000 ) ) ;
#461 = LINE ( 'NONE', #314, #716 ) ;
#462 = ORIENTED_EDGE ( 'NONE', *, *, #49, .F. ) ;
#463 = CARTESIAN_POINT ( 'NONE',  ( 72.50000000000001421, 0.000000000000000000, -12.50000000001255174 ) ) ;
#464 = ORIENTED_EDGE ( 'NONE', *, *, #1162, .T. ) ;
#465 = DIRECTION ( 'NONE',  ( -1.000000000000000000, 0.000000000000000000, 0.000000000000000000 ) ) ;
#466 = DIRECTION ( 'NONE',  ( 1.000000000000000000, 0.000000000000000000, 0.000000000000000000 ) ) ;
#467 = CARTESIAN_POINT ( 'NONE',  ( 7.499999999999992895, 0.000000000000000000, 5.799999999999958966 ) ) ;
#468 = AXIS2_PLACEMENT_3D ( 'NONE', #1418, #789, #1559 ) ;
#469 = VERTEX_POINT ( 'NONE', #450 ) ;
#470 = CYLINDRICAL_SURFACE ( 'NONE', #857, 4.999999999999997335 ) ;
#471 = ORIENTED_EDGE ( 'NONE', *, *, #1133, .T. ) ;
#472 = DIRECTION ( 'NONE',  ( 0.000000000000000000, 0.000000000000000000, -1.000000000000000000 ) ) ;
#473 = DIRECTION ( 'NONE',  ( 0.000000000000000000, 0.000000000000000000, -1.000000000000000000 ) ) ;
#474 = ORIENTED_EDGE ( 'NONE', *, *, #992, .F. ) ;
#475 = DIRECTION ( 'NONE',  ( 1.000000000000000000, 0.000000000000000000, 0.000000000000000000 ) ) ;
#476 = ORIENTED_EDGE ( 'NONE', *, *, #1422, .F. ) ;
#477 = EDGE_CURVE ( 'NONE', #245, #548, #322, .T. ) ;
#478 = DIRECTION ( 'NONE',  ( 0.000000000000000000, -0.000000000000000000, -1.000000000000000000 ) ) ;
#479 = AXIS2_PLACEMENT_3D ( 'NONE', #273, #405, #4 ) ;
#480 = DIRECTION ( 'NONE',  ( 0.000000000000000000, -1.000000000000000000, 0.000000000000000000 ) ) ;
#481 = VECTOR ( 'NONE', #552, 1000.000000000000000 ) ;
#482 = EDGE_LOOP ( 'NONE', ( #764, #963 ) ) ;
#483 = CARTESIAN_POINT ( 'NONE',  ( 7.499999999999992895, 0.000000000000000000, 9.199999999999958433 ) ) ;
#484 = VERTEX_POINT ( 'NONE', #1314 ) ;
#485 = DIRECTION ( 'NONE',  ( 0.000000000000000000, -1.000000000000000000, 0.000000000000000000 ) ) ;
#486 = DIRECTION ( 'NONE',  ( -0.000000000000000000, -0.000000000000000000, -1.000000000000000000 ) ) ;
#487 = CARTESIAN_POINT ( 'NONE',  ( 37.50000000000000000, 15.00000000000000000, -44.50000000000000000 ) ) ;
#488 = AXIS2_PLACEMENT_3D ( 'NONE', #664, #1060, #811 ) ;
#489 = ORIENTED_EDGE ( 'NONE', *, *, #721, .T. ) ;
#490 = AXIS2_PLACEMENT_3D ( 'NONE', #1485, #624, #994 ) ;
#491 = DIRECTION ( 'NONE',  ( 0.000000000000000000, 0.000000000000000000, -1.000000000000000000 ) ) ;
#492 = ORIENTED_EDGE ( 'NONE', *, *, #983, .F. ) ;
#493 = CARTESIAN_POINT ( 'NONE',  ( 20.00000000000001421, 12.49999999999999467, 15.00000000000000000 ) ) ;
#494 = CARTESIAN_POINT ( 'NONE',  ( 7.499999999999992895, 0.000000000000000000, 7.499999999999958256 ) ) ;
#495 = VECTOR ( 'NONE', #334, 1000.000000000000000 ) ;
#496 = EDGE_CURVE ( 'NONE', #1277, #351, #696, .T. ) ;
#497 = EDGE_LOOP ( 'NONE', ( #230, #1470 ) ) ;
#498 = CARTESIAN_POINT ( 'NONE',  ( 12.49999999999999645, 0.000000000000000000, -12.50000000001254463 ) ) ;
#499 = ADVANCED_FACE ( 'NONE', ( #807 ), #1307, .F. ) ;
#500 = ORIENTED_EDGE ( 'NONE', *, *, #682, .T. ) ;
#501 = ADVANCED_FACE ( 'NONE', ( #197 ), #80, .T. ) ;
#502 = DIRECTION ( 'NONE',  ( -1.541976423090494647E-16, -1.000000000000000000, 0.000000000000000000 ) ) ;
#503 = AXIS2_PLACEMENT_3D ( 'NONE', #1564, #441, #1434 ) ;
#504 = ORIENTED_EDGE ( 'NONE', *, *, #1599, .T. ) ;
#505 = FACE_BOUND ( 'NONE', #1419, .T. ) ;
#506 = CARTESIAN_POINT ( 'NONE',  ( 72.50000000000001421, 30.00000000000000000, -14.10000000001255671 ) ) ;
#507 = CARTESIAN_POINT ( 'NONE',  ( 12.50000000000000355, 9.999999999999994671, -35.80000000001260929 ) ) ;
#508 = ORIENTED_EDGE ( 'NONE', *, *, #926, .F. ) ;
#509 = LINE ( 'NONE', #135, #1621 ) ;
#510 = ORIENTED_EDGE ( 'NONE', *, *, #1124, .T. ) ;
#511 = EDGE_CURVE ( 'NONE', #245, #514, #699, .T. ) ;
#512 = DIRECTION ( 'NONE',  ( -0.000000000000000000, -0.000000000000000000, 1.000000000000000000 ) ) ;
#513 = EDGE_LOOP ( 'NONE', ( #173, #555, #1105, #1490, #647, #316, #302, #851, #1293, #187, #59, #222, #749, #727 ) ) ;
#514 = VERTEX_POINT ( 'NONE', #575 ) ;
#515 = CARTESIAN_POINT ( 'NONE',  ( 42.50000000000000000, 14.99999999999999467, -32.25000000000000000 ) ) ;
#516 = CARTESIAN_POINT ( 'NONE',  ( 0.000000000000000000, 7.499999999999998224, -44.50000000000000000 ) ) ;
#517 = CARTESIAN_POINT ( 'NONE',  ( 31.37500000002546585, 14.99999999998635758, 9.999999999999998224 ) ) ;
#518 = VERTEX_POINT ( 'NONE', #454 ) ;
#519 = AXIS2_PLACEMENT_3D ( 'NONE', #318, #65, #676 ) ;
#520 = ORIENTED_EDGE ( 'NONE', *, *, #1251, .F. ) ;
#521 = DIRECTION ( 'NONE',  ( 0.000000000000000000, 0.000000000000000000, -1.000000000000000000 ) ) ;
#522 = LINE ( 'NONE', #1025, #88 ) ;
#523 = EDGE_LOOP ( 'NONE', ( #291, #1604 ) ) ;
#524 = ADVANCED_FACE ( 'NONE', ( #712 ), #1082, .F. ) ;
#525 = CARTESIAN_POINT ( 'NONE',  ( 47.49999999999999289, 15.00000000000000000, -32.25000000000000000 ) ) ;
#526 = DIRECTION ( 'NONE',  ( 0.000000000000000000, 0.000000000000000000, 1.000000000000000000 ) ) ;
#527 = EDGE_LOOP ( 'NONE', ( #1430, #803, #1385, #1238 ) ) ;
#528 = AXIS2_PLACEMENT_3D ( 'NONE', #442, #822, #833 ) ;
#529 = ORIENTED_EDGE ( 'NONE', *, *, #1224, .T. ) ;
#530 = LINE ( 'NONE', #794, #57 ) ;
#531 = ORIENTED_EDGE ( 'NONE', *, *, #841, .F. ) ;
#532 = PRODUCT_DEFINITION_FORMATION_WITH_SPECIFIED_SOURCE ( 'ANY', '', #404, .NOT_KNOWN. ) ;
#533 = ORIENTED_EDGE ( 'NONE', *, *, #337, .T. ) ;
#534 = AXIS2_PLACEMENT_3D ( 'NONE', #376, #874, #783 ) ;
#535 = PLANE ( 'NONE',  #8 ) ;
#536 = EDGE_CURVE ( 'NONE', #220, #810, #906, .T. ) ;
#537 = DIRECTION ( 'NONE',  ( -1.000000000000000000, 0.000000000000000000, 0.000000000000000000 ) ) ;
#538 = ORIENTED_EDGE ( 'NONE', *, *, #893, .T. ) ;
#539 = ORIENTED_EDGE ( 'NONE', *, *, #1599, .F. ) ;
#540 = ORIENTED_EDGE ( 'NONE', *, *, #239, .F. ) ;
#541 = FACE_OUTER_BOUND ( 'NONE', #369, .T. ) ;
#542 = CARTESIAN_POINT ( 'NONE',  ( 62.50000000000000000, 27.50000000000000000, -44.50000000000000000 ) ) ;
#543 = LINE ( 'NONE', #32, #549 ) ;
#544 = ORIENTED_EDGE ( 'NONE', *, *, #682, .F. ) ;
#545 = DIRECTION ( 'NONE',  ( 0.000000000000000000, -0.000000000000000000, -1.000000000000000000 ) ) ;
#546 = AXIS2_PLACEMENT_3D ( 'NONE', #82, #586, #1086 ) ;
#547 = CYLINDRICAL_SURFACE ( 'NONE', #904, 2.000000000000001776 ) ;
#548 = VERTEX_POINT ( 'NONE', #1614 ) ;
#549 = VECTOR ( 'NONE', #164, 1000.000000000000000 ) ;
#550 = EDGE_CURVE ( 'NONE', #199, #733, #825, .T. ) ;
#551 = CARTESIAN_POINT ( 'NONE',  ( 42.50000000000000000, 14.99999999999999467, -32.25000000000000000 ) ) ;
#552 = DIRECTION ( 'NONE',  ( 0.000000000000000000, 1.000000000000000000, -0.000000000000000000 ) ) ;
#553 = EDGE_CURVE ( 'NONE', #959, #1, #1236, .T. ) ;
#554 = DIRECTION ( 'NONE',  ( -1.000000000000000000, 0.000000000000000000, 0.000000000000000000 ) ) ;
#555 = ORIENTED_EDGE ( 'NONE', *, *, #1180, .T. ) ;
#556 = EDGE_CURVE ( 'NONE', #11, #879, #671, .T. ) ;
#557 = AXIS2_PLACEMENT_3D ( 'NONE', #1175, #1182, #1188 ) ;
#558 = FACE_BOUND ( 'NONE', #1403, .T. ) ;
#559 = EDGE_CURVE ( 'NONE', #1157, #640, #1587, .T. ) ;
#560 = FACE_OUTER_BOUND ( 'NONE', #870, .T. ) ;
#561 = LINE ( 'NONE', #689, #495 ) ;
#562 = ADVANCED_BREP_SHAPE_REPRESENTATION ( 'RockerToBaseplateAdapter', ( #1610, #1129 ), #1291 ) ;
#563 = CARTESIAN_POINT ( 'NONE',  ( 72.50000000000001421, 0.000000000000000000, -10.90000000001254499 ) ) ;
#564 = VERTEX_POINT ( 'NONE', #467 ) ;
#565 = DIRECTION ( 'NONE',  ( 0.000000000000000000, -1.000000000000000000, 0.000000000000000000 ) ) ;
#566 = DIRECTION ( 'NONE',  ( -0.000000000000000000, 0.000000000000000000, 1.000000000000000000 ) ) ;
#567 = DIRECTION ( 'NONE',  ( 0.000000000000000000, 1.000000000000000000, -0.000000000000000000 ) ) ;
#568 = DIRECTION ( 'NONE',  ( -1.000000000000000000, 0.000000000000000000, 0.000000000000000000 ) ) ;
#569 = CARTESIAN_POINT ( 'NONE',  ( 42.50000000000000000, 14.99999999999999467, 9.999999999999998224 ) ) ;
#570 = ORIENTED_EDGE ( 'NONE', *, *, #824, .F. ) ;
#571 = CARTESIAN_POINT ( 'NONE',  ( 47.49999999999999289, 15.00000000000000000, -44.50000000000000000 ) ) ;
#572 = AXIS2_PLACEMENT_3D ( 'NONE', #766, #1149, #1000 ) ;
#573 = DIRECTION ( 'NONE',  ( 1.000000000000000000, 0.000000000000000000, 0.000000000000000000 ) ) ;
#574 = VECTOR ( 'NONE', #673, 1000.000000000000000 ) ;
#575 = CARTESIAN_POINT ( 'NONE',  ( 12.50000000000000355, 9.999999999999994671, -39.20000000001260787 ) ) ;
#576 = EDGE_CURVE ( 'NONE', #743, #98, #174, .T. ) ;
#577 = ADVANCED_FACE ( 'NONE', ( #724 ), #243, .T. ) ;
#578 = VERTEX_POINT ( 'NONE', #1206 ) ;
#579 = FACE_OUTER_BOUND ( 'NONE', #1030, .T. ) ;
#580 = DIRECTION ( 'NONE',  ( 0.000000000000000000, 0.000000000000000000, -1.000000000000000000 ) ) ;
#581 = VECTOR ( 'NONE', #1077, 1000.000000000000000 ) ;
#582 = CARTESIAN_POINT ( 'NONE',  ( 0.000000000000000000, 0.000000000000000000, 15.00000000000000000 ) ) ;
#583 = EDGE_CURVE ( 'NONE', #666, #889, #1393, .T. ) ;
#584 = AXIS2_PLACEMENT_3D ( 'NONE', #1181, #1174, #1192 ) ;
#585 = EDGE_LOOP ( 'NONE', ( #107, #773, #464, #1059 ) ) ;
#586 = DIRECTION ( 'NONE',  ( 7.709882115452469538E-17, 1.000000000000000000, -0.000000000000000000 ) ) ;
#587 = EDGE_LOOP ( 'NONE', ( #780, #705, #730, #885 ) ) ;
#588 = AXIS2_PLACEMENT_3D ( 'NONE', #847, #486, #1347 ) ;
#589 = CIRCLE ( 'NONE', #147, 2.000000000000001776 ) ;
#590 = DIRECTION ( 'NONE',  ( -0.000000000000000000, -0.000000000000000000, 1.000000000000000000 ) ) ;
#591 = LINE ( 'NONE', #216, #915 ) ;
#592 = DIRECTION ( 'NONE',  ( 1.000000000000000000, 0.000000000000000000, 0.000000000000000000 ) ) ;
#593 = VERTEX_POINT ( 'NONE', #981 ) ;
#594 = CARTESIAN_POINT ( 'NONE',  ( 22.50000000000000711, 27.50000000000000000, -44.50000000000000000 ) ) ;
#595 = ORIENTED_EDGE ( 'NONE', *, *, #1390, .T. ) ;
#596 = LINE ( 'NONE', #1094, #718 ) ;
#597 = DIRECTION ( 'NONE',  ( 1.000000000000000000, 0.000000000000000000, -0.000000000000000000 ) ) ;
#598 = ADVANCED_FACE ( 'NONE', ( #348 ), #1482, .F. ) ;
#599 = CIRCLE ( 'NONE', #1150, 2.499999999999998668 ) ;
#600 = ORIENTED_EDGE ( 'NONE', *, *, #1200, .T. ) ;
#601 = LINE ( 'NONE', #254, #966 ) ;
#602 = ADVANCED_FACE ( 'NONE', ( #352 ), #225, .F. ) ;
#603 = ORIENTED_EDGE ( 'NONE', *, *, #553, .T. ) ;
#604 = DIRECTION ( 'NONE',  ( 7.709882115452469538E-17, 1.000000000000000000, -0.000000000000000000 ) ) ;
#605 = DIRECTION ( 'NONE',  ( 1.000000000000000000, 0.000000000000000000, 0.000000000000000000 ) ) ;
#606 = DIRECTION ( 'NONE',  ( 0.000000000000000000, 0.000000000000000000, -1.000000000000000000 ) ) ;
#607 = AXIS2_PLACEMENT_3D ( 'NONE', #1518, #1538, #883 ) ;
#608 = VERTEX_POINT ( 'NONE', #612 ) ;
#609 = FACE_BOUND ( 'NONE', #31, .T. ) ;
#610 = ORIENTED_EDGE ( 'NONE', *, *, #1302, .F. ) ;
#611 = CARTESIAN_POINT ( 'NONE',  ( 77.50000000000001421, 0.000000000000000000, 5.799999999999950084 ) ) ;
#612 = CARTESIAN_POINT ( 'NONE',  ( 22.50000000000000711, 27.50000000000000000, -44.50000000000000000 ) ) ;
#613 = CARTESIAN_POINT ( 'NONE',  ( 31.37500000002546585, 27.99999999999999645, 2.749999999999998224 ) ) ;
#614 = EDGE_LOOP ( 'NONE', ( #531, #793, #890, #1504 ) ) ;
#615 = CARTESIAN_POINT ( 'NONE',  ( 82.50000000000000000, 9.999999999999998224, -44.50000000000000000 ) ) ;
#616 = EDGE_LOOP ( 'NONE', ( #779, #403 ) ) ;
#617 = CARTESIAN_POINT ( 'NONE',  ( 53.62500000001091394, 28.00000000002000888, -39.50000000000000000 ) ) ;
#618 = DIRECTION ( 'NONE',  ( 0.000000000000000000, 0.000000000000000000, -1.000000000000000000 ) ) ;
#619 = EDGE_CURVE ( 'NONE', #578, #1524, #1432, .T. ) ;
#620 = CIRCLE ( 'NONE', #1247, 2.499999999999998668 ) ;
#621 = VERTEX_POINT ( 'NONE', #617 ) ;
#622 = AXIS2_PLACEMENT_3D ( 'NONE', #379, #1372, #1254 ) ;
#623 = EDGE_CURVE ( 'NONE', #1524, #578, #356, .T. ) ;
#624 = DIRECTION ( 'NONE',  ( 0.000000000000000000, 0.000000000000000000, 1.000000000000000000 ) ) ;
#625 = ORIENTED_EDGE ( 'NONE', *, *, #231, .T. ) ;
#626 = DIRECTION ( 'NONE',  ( 1.000000000000000000, 0.000000000000000000, 0.000000000000000000 ) ) ;
#627 = DIRECTION ( 'NONE',  ( 0.000000000000000000, -1.000000000000000000, 0.000000000000000000 ) ) ;
#628 = CARTESIAN_POINT ( 'NONE',  ( 37.50000000000000000, 15.00000000000000000, 15.00000000000000000 ) ) ;
#629 = CARTESIAN_POINT ( 'NONE',  ( 0.000000000000000000, 0.000000000000000000, 15.00000000000000000 ) ) ;
#630 = DIRECTION ( 'NONE',  ( 0.000000000000000000, 1.000000000000000000, -0.000000000000000000 ) ) ;
#631 = ORIENTED_EDGE ( 'NONE', *, *, #556, .T. ) ;
#632 = LINE ( 'NONE', #10, #160 ) ;
#633 = EDGE_LOOP ( 'NONE', ( #151, #81, #1499, #976 ) ) ;
#634 = CYLINDRICAL_SURFACE ( 'NONE', #128, 2.500000000000000000 ) ;
#635 = EDGE_CURVE ( 'NONE', #163, #714, #1116, .T. ) ;
#636 = FACE_BOUND ( 'NONE', #21, .T. ) ;
#637 = CARTESIAN_POINT ( 'NONE',  ( 42.49999999999999289, 15.00000000000000000, -32.25000000000000000 ) ) ;
#638 = CIRCLE ( 'NONE', #1498, 4.999999999999997335 ) ;
#639 = ORIENTED_EDGE ( 'NONE', *, *, #377, .T. ) ;
#640 = VERTEX_POINT ( 'NONE', #1228 ) ;
#641 = DIRECTION ( 'NONE',  ( -0.000000000000000000, 1.000000000000000000, -0.000000000000000000 ) ) ;
#642 = CARTESIAN_POINT ( 'NONE',  ( 20.00000000000001421, 9.999999999999994671, -44.50000000000000000 ) ) ;
#643 = CARTESIAN_POINT ( 'NONE',  ( 31.37500000002546585, 29.99999999997271516, 11.99999999999999645 ) ) ;
#644 = ORIENTED_EDGE ( 'NONE', *, *, #1398, .T. ) ;
#645 = ORIENTED_EDGE ( 'NONE', *, *, #893, .F. ) ;
#646 = CARTESIAN_POINT ( 'NONE',  ( 77.50000000000001421, 0.000000000000000000, 9.199999999999947775 ) ) ;
#647 = ORIENTED_EDGE ( 'NONE', *, *, #1562, .T. ) ;
#648 = VECTOR ( 'NONE', #1104, 1000.000000000000000 ) ;
#649 = DIRECTION ( 'NONE',  ( 0.000000000000000000, 0.000000000000000000, 1.000000000000000000 ) ) ;
#650 = DIRECTION ( 'NONE',  ( -0.000000000000000000, -0.000000000000000000, 1.000000000000000000 ) ) ;
#651 = EDGE_LOOP ( 'NONE', ( #34, #1568, #1480, #331, #40, #1381 ) ) ;
#652 = VECTOR ( 'NONE', #1108, 1000.000000000000000 ) ;
#653 = AXIS2_PLACEMENT_3D ( 'NONE', #1032, #324, #1567 ) ;
#654 = VERTEX_POINT ( 'NONE', #113 ) ;
#655 = LINE ( 'NONE', #1042, #1574 ) ;
#656 = ADVANCED_FACE ( 'NONE', ( #1110 ), #989, .T. ) ;
#657 = DIRECTION ( 'NONE',  ( 0.000000000000000000, 0.000000000000000000, 1.000000000000000000 ) ) ;
#658 = ORIENTED_EDGE ( 'NONE', *, *, #707, .F. ) ;
#659 = CARTESIAN_POINT ( 'NONE',  ( 62.50000000000000000, 0.000000000000000000, 15.00000000000000000 ) ) ;
#660 = CARTESIAN_POINT ( 'NONE',  ( 53.62500000001091394, -291568.5000000000000, -32.25000000000000000 ) ) ;
#661 = EDGE_LOOP ( 'NONE', ( #658, #1215, #33, #176, #625, #1349 ) ) ;
#662 = EDGE_LOOP ( 'NONE', ( #1265, #1530 ) ) ;
#663 = CARTESIAN_POINT ( 'NONE',  ( 20.00000000000001421, 12.49999999999999467, -44.50000000000000000 ) ) ;
#664 = CARTESIAN_POINT ( 'NONE',  ( 12.49999999999999645, 9.999999999999994671, -12.50000000001254463 ) ) ;
#665 = ORIENTED_EDGE ( 'NONE', *, *, #1041, .T. ) ;
#666 = VERTEX_POINT ( 'NONE', #374 ) ;
#667 = AXIS2_PLACEMENT_3D ( 'NONE', #1369, #649, #1379 ) ;
#668 = DIRECTION ( 'NONE',  ( -1.541976423090494647E-16, -1.000000000000000000, 0.000000000000000000 ) ) ;
#669 = CARTESIAN_POINT ( 'NONE',  ( 0.000000000000000000, 0.000000000000000000, -44.50000000000000000 ) ) ;
#670 = DIRECTION ( 'NONE',  ( -0.000000000000000000, -0.000000000000000000, 1.000000000000000000 ) ) ;
#671 = CIRCLE ( 'NONE', #1321, 2.499999999999998668 ) ;
#672 = VECTOR ( 'NONE', #1092, 1000.000000000000000 ) ;
#673 = DIRECTION ( 'NONE',  ( -0.000000000000000000, 0.000000000000000000, -1.000000000000000000 ) ) ;
#674 = ORIENTED_EDGE ( 'NONE', *, *, #801, .F. ) ;
#675 = EDGE_CURVE ( 'NONE', #1588, #1252, #191, .T. ) ;
#676 = DIRECTION ( 'NONE',  ( -1.000000000000000000, 0.000000000000000000, 0.000000000000000000 ) ) ;
#677 = CARTESIAN_POINT ( 'NONE',  ( 31.37500000002546585, 14.99999999998635758, -39.50000000000000000 ) ) ;
#678 = ORIENTED_EDGE ( 'NONE', *, *, #816, .T. ) ;
#679 = CARTESIAN_POINT ( 'NONE',  ( 42.50000000000000000, 14.99999999999999467, 2.749999999999998224 ) ) ;
#680 = LINE ( 'NONE', #56, #581 ) ;
#681 = ADVANCED_FACE ( 'NONE', ( #114 ), #261, .F. ) ;
#682 = EDGE_CURVE ( 'NONE', #1263, #1157, #1360, .T. ) ;
#683 = ADVANCED_FACE ( 'NONE', ( #1260 ), #142, .F. ) ;
#684 = CARTESIAN_POINT ( 'NONE',  ( 12.49999999999999645, 30.00000000000000000, -14.10000000001254605 ) ) ;
#685 = ORIENTED_EDGE ( 'NONE', *, *, #150, .T. ) ;
#686 = CIRCLE ( 'NONE', #1176, 1.699999999999999289 ) ;
#687 = LINE ( 'NONE', #1055, #826 ) ;
#688 = PLANE ( 'NONE',  #719 ) ;
#689 = CARTESIAN_POINT ( 'NONE',  ( 37.50000000000000000, 15.00000000000000000, -44.50000000000000000 ) ) ;
#690 = EDGE_CURVE ( 'NONE', #621, #654, #1141, .T. ) ;
#691 = DIRECTION ( 'NONE',  ( -0.000000000000000000, 0.000000000000000000, 1.000000000000000000 ) ) ;
#692 = ORIENTED_EDGE ( 'NONE', *, *, #576, .T. ) ;
#693 = PLANE ( 'NONE',  #1189 ) ;
#694 = APPLICATION_CONTEXT ( 'automotive_design' ) ;
#695 = CARTESIAN_POINT ( 'NONE',  ( 37.50000000000000000, 15.00000000000000000, 9.999999999999994671 ) ) ;
#696 = LINE ( 'NONE', #1557, #481 ) ;
#697 = VECTOR ( 'NONE', #935, 1000.000000000000000 ) ;
#698 = ORIENTED_EDGE ( 'NONE', *, *, #536, .T. ) ;
#699 = CIRCLE ( 'NONE', #1501, 1.700000000000000178 ) ;
#700 = EDGE_CURVE ( 'NONE', #1113, #22, #358, .T. ) ;
#701 = PLANE ( 'NONE',  #310 ) ;
#702 = DIRECTION ( 'NONE',  ( 0.000000000000000000, 0.000000000000000000, 1.000000000000000000 ) ) ;
#703 = EDGE_CURVE ( 'NONE', #412, #593, #1368, .T. ) ;
#704 = DIRECTION ( 'NONE',  ( -1.000000000000000000, -3.469446951953614682E-16, 0.000000000000000000 ) ) ;
#705 = ORIENTED_EDGE ( 'NONE', *, *, #208, .F. ) ;
#706 = CARTESIAN_POINT ( 'NONE',  ( 60.00000000000000000, 30.00000000000000000, -44.50000000000000000 ) ) ;
#707 = EDGE_CURVE ( 'NONE', #355, #137, #765, .T. ) ;
#708 = CIRCLE ( 'NONE', #488, 1.600000000000002531 ) ;
#709 = FACE_OUTER_BOUND ( 'NONE', #1283, .T. ) ;
#710 = AXIS2_PLACEMENT_3D ( 'NONE', #838, #899, #888 ) ;
#711 = ADVANCED_FACE ( 'NONE', ( #505, #104, #891, #1387, #1117, #1483, #1623 ), #367, .T. ) ;
#712 = FACE_OUTER_BOUND ( 'NONE', #1487, .T. ) ;
#713 = ORIENTED_EDGE ( 'NONE', *, *, #1370, .T. ) ;
#714 = VERTEX_POINT ( 'NONE', #251 ) ;
#715 = CARTESIAN_POINT ( 'NONE',  ( 77.50000000000001421, 9.999999999999998224, 7.499999999999949374 ) ) ;
#716 = VECTOR ( 'NONE', #69, 1000.000000000000000 ) ;
#717 = DIRECTION ( 'NONE',  ( 1.000000000000000000, 0.000000000000000000, 0.000000000000000000 ) ) ;
#718 = VECTOR ( 'NONE', #485, 1000.000000000000000 ) ;
#719 = AXIS2_PLACEMENT_3D ( 'NONE', #679, #702, #333 ) ;
#720 = ORIENTED_EDGE ( 'NONE', *, *, #1041, .F. ) ;
#721 = EDGE_CURVE ( 'NONE', #392, #146, #1508, .T. ) ;
#722 = ORIENTED_EDGE ( 'NONE', *, *, #477, .T. ) ;
#723 = LINE ( 'NONE', #95, #740 ) ;
#724 = FACE_OUTER_BOUND ( 'NONE', #283, .T. ) ;
#725 = EDGE_CURVE ( 'NONE', #733, #1392, #1237, .T. ) ;
#726 = AXIS2_PLACEMENT_3D ( 'NONE', #1353, #1103, #605 ) ;
#727 = ORIENTED_EDGE ( 'NONE', *, *, #93, .T. ) ;
#728 = DIRECTION ( 'NONE',  ( 3.469446951953614189E-16, -1.000000000000000000, 0.000000000000000000 ) ) ;
#729 = EDGE_CURVE ( 'NONE', #867, #564, #1048, .T. ) ;
#730 = ORIENTED_EDGE ( 'NONE', *, *, #556, .F. ) ;
#731 = DIRECTION ( 'NONE',  ( -1.541976423090494647E-16, -1.000000000000000000, 0.000000000000000000 ) ) ;
#732 = CIRCLE ( 'NONE', #756, 2.500000000000002220 ) ;
#733 = VERTEX_POINT ( 'NONE', #1496 ) ;
#734 = FACE_OUTER_BOUND ( 'NONE', #1560, .T. ) ;
#735 = VERTEX_POINT ( 'NONE', #628 ) ;
#736 = SURFACE_STYLE_USAGE ( .BOTH. , #1101 ) ;
#737 = CARTESIAN_POINT ( 'NONE',  ( 42.49999999999999289, 15.00000000000000000, -44.50000000000000000 ) ) ;
#738 = DIRECTION ( 'NONE',  ( 0.000000000000000000, 0.000000000000000000, -1.000000000000000000 ) ) ;
#739 = CARTESIAN_POINT ( 'NONE',  ( 65.00000000000000000, 10.00000000000000000, -44.50000000000000000 ) ) ;
#740 = VECTOR ( 'NONE', #79, 1000.000000000000000 ) ;
#741 = EDGE_LOOP ( 'NONE', ( #181, #1153, #1011, #492 ) ) ;
#742 = DIRECTION ( 'NONE',  ( 0.000000000000000000, 0.000000000000000000, -1.000000000000000000 ) ) ;
#743 = VERTEX_POINT ( 'NONE', #132 ) ;
#744 = EDGE_CURVE ( 'NONE', #1532, #412, #1512, .T. ) ;
#745 = CARTESIAN_POINT ( 'NONE',  ( 31.37500000002546585, 14.99999999998635758, -32.25000000000000000 ) ) ;
#746 = CARTESIAN_POINT ( 'NONE',  ( 42.50000000000000000, 27.99999999999999645, 11.99999999999999822 ) ) ;
#747 = DIRECTION ( 'NONE',  ( -1.000000000000000000, 0.000000000000000000, 0.000000000000000000 ) ) ;
#748 = ADVANCED_FACE ( 'NONE', ( #1607, #881 ), #1377, .T. ) ;
#749 = ORIENTED_EDGE ( 'NONE', *, *, #72, .T. ) ;
#750 = CARTESIAN_POINT ( 'NONE',  ( 0.000000000000000000, 0.000000000000000000, -44.50000000000000000 ) ) ;
#751 = ORIENTED_EDGE ( 'NONE', *, *, #1345, .T. ) ;
#752 = ORIENTED_EDGE ( 'NONE', *, *, #983, .T. ) ;
#753 = LINE ( 'NONE', #1245, #1161 ) ;
#754 = CARTESIAN_POINT ( 'NONE',  ( 1.541976423090494253E-15, 9.999999999999998224, 15.00000000000000000 ) ) ;
#755 = PRODUCT_RELATED_PRODUCT_CATEGORY ( 'part', '', ( #404 ) ) ;
#756 = AXIS2_PLACEMENT_3D ( 'NONE', #1553, #545, #1066 ) ;
#757 = VERTEX_POINT ( 'NONE', #739 ) ;
#758 = LINE ( 'NONE', #221, #76 ) ;
#759 = CARTESIAN_POINT ( 'NONE',  ( 7.499999999999992895, 0.000000000000000000, 7.499999999999958256 ) ) ;
#760 = VERTEX_POINT ( 'NONE', #1203 ) ;
#761 = VECTOR ( 'NONE', #876, 1000.000000000000000 ) ;
#762 = CARTESIAN_POINT ( 'NONE',  ( 42.50000000000000000, 14.99999999999999467, 2.749999999999998224 ) ) ;
#763 = EDGE_LOOP ( 'NONE', ( #600, #698 ) ) ;
#764 = ORIENTED_EDGE ( 'NONE', *, *, #808, .T. ) ;
#765 = LINE ( 'NONE', #1515, #315 ) ;
#766 = CARTESIAN_POINT ( 'NONE',  ( 42.49999999999999289, 15.00000000000000000, -44.50000000000000000 ) ) ;
#767 = LINE ( 'NONE', #170, #1443 ) ;
#768 = AXIS2_PLACEMENT_3D ( 'NONE', #569, #178, #1071 ) ;
#769 = ORIENTED_EDGE ( 'NONE', *, *, #801, .T. ) ;
#770 = APPLICATION_PROTOCOL_DEFINITION ( 'draft international standard', 'automotive_design', 1998, #1325 ) ;
#771 = ORIENTED_EDGE ( 'NONE', *, *, #208, .T. ) ;
#772 = FACE_OUTER_BOUND ( 'NONE', #1337, .T. ) ;
#773 = ORIENTED_EDGE ( 'NONE', *, *, #390, .T. ) ;
#774 = EDGE_LOOP ( 'NONE', ( #1012, #713, #751, #1593 ) ) ;
#775 = DIRECTION ( 'NONE',  ( -0.000000000000000000, 0.000000000000000000, 1.000000000000000000 ) ) ;
#776 = VECTOR ( 'NONE', #1276, 1000.000000000000000 ) ;
#777 = CARTESIAN_POINT ( 'NONE',  ( 12.50000000000000355, 30.00000000000000000, -39.20000000001260787 ) ) ;
#778 = ADVANCED_FACE ( 'NONE', ( #579 ), #1460, .F. ) ;
#779 = ORIENTED_EDGE ( 'NONE', *, *, #1133, .F. ) ;
#780 = ORIENTED_EDGE ( 'NONE', *, *, #1327, .F. ) ;
#781 = CYLINDRICAL_SURFACE ( 'NONE', #1008, 2.000000000000000000 ) ;
#782 = VERTEX_POINT ( 'NONE', #2 ) ;
#783 = DIRECTION ( 'NONE',  ( 0.000000000000000000, 0.000000000000000000, -1.000000000000000000 ) ) ;
#784 = DIRECTION ( 'NONE',  ( 1.000000000000000000, 0.000000000000000000, 0.000000000000000000 ) ) ;
#785 = ORIENTED_EDGE ( 'NONE', *, *, #559, .F. ) ;
#786 = AXIS2_PLACEMENT_3D ( 'NONE', #1038, #1539, #371 ) ;
#787 = AXIS2_PLACEMENT_3D ( 'NONE', #1619, #868, #1223 ) ;
#788 = ORIENTED_EDGE ( 'NONE', *, *, #337, .F. ) ;
#789 = DIRECTION ( 'NONE',  ( 0.000000000000000000, -1.000000000000000000, 0.000000000000000000 ) ) ;
#790 = CARTESIAN_POINT ( 'NONE',  ( 31.37500000002546585, 28.00000000002000888, -32.25000000000000000 ) ) ;
#791 = ORIENTED_EDGE ( 'NONE', *, *, #1102, .T. ) ;
#792 = LINE ( 'NONE', #389, #1330 ) ;
#793 = ORIENTED_EDGE ( 'NONE', *, *, #1136, .F. ) ;
#794 = CARTESIAN_POINT ( 'NONE',  ( 72.50000000000001421, 30.00000000000000000, -10.90000000001254499 ) ) ;
#795 = FACE_OUTER_BOUND ( 'NONE', #1502, .T. ) ;
#796 = ORIENTED_EDGE ( 'NONE', *, *, #721, .F. ) ;
#797 = EDGE_CURVE ( 'NONE', #1412, #733, #1471, .T. ) ;
#798 = DIRECTION ( 'NONE',  ( 1.000000000000000000, -0.000000000000000000, 0.000000000000000000 ) ) ;
#799 = FACE_BOUND ( 'NONE', #1583, .T. ) ;
#800 = CYLINDRICAL_SURFACE ( 'NONE', #1516, 2.500000000000002220 ) ;
#801 = EDGE_CURVE ( 'NONE', #621, #392, #1595, .T. ) ;
#802 = LINE ( 'NONE', #1300, #99 ) ;
#803 = ORIENTED_EDGE ( 'NONE', *, *, #1475, .T. ) ;
#804 = DIRECTION ( 'NONE',  ( 1.000000000000000000, 0.000000000000000000, 0.000000000000000000 ) ) ;
#805 = CARTESIAN_POINT ( 'NONE',  ( 47.49999999999999289, 15.00000000000000000, -39.50000000000000000 ) ) ;
#806 = DIRECTION ( 'NONE',  ( 0.000000000000000000, -1.000000000000000000, 0.000000000000000000 ) ) ;
#807 = FACE_OUTER_BOUND ( 'NONE', #1053, .T. ) ;
#808 = EDGE_CURVE ( 'NONE', #877, #1346, #931, .T. ) ;
#809 = DIRECTION ( 'NONE',  ( 0.000000000000000000, 0.000000000000000000, 1.000000000000000000 ) ) ;
#810 = VERTEX_POINT ( 'NONE', #1097 ) ;
#811 = DIRECTION ( 'NONE',  ( -1.000000000000000000, 0.000000000000000000, 0.000000000000000000 ) ) ;
#812 = VECTOR ( 'NONE', #878, 1000.000000000000000 ) ;
#813 = DIRECTION ( 'NONE',  ( 1.000000000000000000, 0.000000000000000000, 0.000000000000000000 ) ) ;
#814 = DIRECTION ( 'NONE',  ( 1.000000000000000000, 0.000000000000000000, 0.000000000000000000 ) ) ;
#815 = DIRECTION ( 'NONE',  ( 0.000000000000000000, -1.000000000000000000, 0.000000000000000000 ) ) ;
#816 = EDGE_CURVE ( 'NONE', #548, #760, #415, .T. ) ;
#817 = ORIENTED_EDGE ( 'NONE', *, *, #841, .T. ) ;
#818 = CIRCLE ( 'NONE', #328, 1.700000000000000178 ) ;
#819 = CARTESIAN_POINT ( 'NONE',  ( 31.37500000002546585, 28.00000000002000888, 9.999999999999998224 ) ) ;
#820 = CARTESIAN_POINT ( 'NONE',  ( 22.50000000000001421, 12.49999999999999467, -44.50000000000000000 ) ) ;
#821 =( GEOMETRIC_REPRESENTATION_CONTEXT ( 3 ) GLOBAL_UNCERTAINTY_ASSIGNED_CONTEXT ( ( #335 ) ) GLOBAL_UNIT_ASSIGNED_CONTEXT ( ( #1612, #1227, #347 ) ) REPRESENTATION_CONTEXT ( 'NONE', 'WORKASPACE' ) );
#822 = DIRECTION ( 'NONE',  ( 1.000000000000000000, 0.000000000000000000, 0.000000000000000000 ) ) ;
#823 = PRESENTATION_LAYER_ASSIGNMENT (  '', '', ( #213 ) ) ;
#824 = EDGE_CURVE ( 'NONE', #861, #743, #977, .T. ) ;
#825 = CIRCLE ( 'NONE', #1208, 2.500000000000000000 ) ;
#826 = VECTOR ( 'NONE', #1075, 1000.000000000000000 ) ;
#827 = DIRECTION ( 'NONE',  ( -1.000000000000000000, 0.000000000000000000, -0.000000000000000000 ) ) ;
#828 = DIRECTION ( 'NONE',  ( -0.000000000000000000, 0.000000000000000000, 1.000000000000000000 ) ) ;
#829 = DIRECTION ( 'NONE',  ( 1.000000000000000000, 0.000000000000000000, 0.000000000000000000 ) ) ;
#830 = ORIENTED_EDGE ( 'NONE', *, *, #418, .F. ) ;
#831 = ORIENTED_EDGE ( 'NONE', *, *, #263, .F. ) ;
#832 = VECTOR ( 'NONE', #425, 1000.000000000000000 ) ;
#833 = DIRECTION ( 'NONE',  ( 0.000000000000000000, 0.000000000000000000, -1.000000000000000000 ) ) ;
#834 = ADVANCED_FACE ( 'NONE', ( #1479 ), #470, .F. ) ;
#835 = ORIENTED_EDGE ( 'NONE', *, *, #1582, .T. ) ;
#836 = ORIENTED_EDGE ( 'NONE', *, *, #1019, .F. ) ;
#837 = ADVANCED_FACE ( 'NONE', ( #850 ), #970, .T. ) ;
#838 = CARTESIAN_POINT ( 'NONE',  ( 31.37500000002546585, 27.99999999999999645, 0.7500000000000006661 ) ) ;
#839 = CARTESIAN_POINT ( 'NONE',  ( 12.49999999999999645, 9.999999999999994671, -12.50000000001254463 ) ) ;
#840 = EDGE_CURVE ( 'NONE', #469, #1458, #601, .T. ) ;
#841 = EDGE_CURVE ( 'NONE', #1598, #867, #843, .T. ) ;
#842 = ORIENTED_EDGE ( 'NONE', *, *, #703, .T. ) ;
#843 = LINE ( 'NONE', #986, #293 ) ;
#844 = EDGE_LOOP ( 'NONE', ( #595, #908 ) ) ;
#845 = AXIS2_PLACEMENT_3D ( 'NONE', #1586, #854, #1341 ) ;
#846 =( NAMED_UNIT ( * ) SI_UNIT ( $, .STERADIAN. ) SOLID_ANGLE_UNIT ( ) );
#847 = CARTESIAN_POINT ( 'NONE',  ( 42.49999999999999289, 15.00000000000000000, 2.749999999999995559 ) ) ;
#848 = AXIS2_PLACEMENT_3D ( 'NONE', #1229, #1354, #399 ) ;
#849 = ORIENTED_EDGE ( 'NONE', *, *, #930, .T. ) ;
#850 = FACE_OUTER_BOUND ( 'NONE', #1438, .T. ) ;
#851 = ORIENTED_EDGE ( 'NONE', *, *, #1327, .T. ) ;
#852 = PRESENTATION_STYLE_ASSIGNMENT (( #736 ) ) ;
#853 = CYLINDRICAL_SURFACE ( 'NONE', #914, 4.999999999999997335 ) ;
#854 = DIRECTION ( 'NONE',  ( 0.000000000000000000, -1.000000000000000000, 0.000000000000000000 ) ) ;
#855 = DIRECTION ( 'NONE',  ( 0.000000000000000000, 0.000000000000000000, -1.000000000000000000 ) ) ;
#856 = CIRCLE ( 'NONE', #1073, 1.600000000000004086 ) ;
#857 = AXIS2_PLACEMENT_3D ( 'NONE', #1002, #125, #475 ) ;
#858 = EDGE_LOOP ( 'NONE', ( #344, #1272, #1287, #720 ) ) ;
#859 = CARTESIAN_POINT ( 'NONE',  ( 20.00000000000001421, 9.999999999999994671, 15.00000000000000000 ) ) ;
#860 = ADVANCED_FACE ( 'NONE', ( #734 ), #1491, .T. ) ;
#861 = VERTEX_POINT ( 'NONE', #1121 ) ;
#862 = ADVANCED_FACE ( 'NONE', ( #609, #1106 ), #363, .F. ) ;
#863 = DIRECTION ( 'NONE',  ( 1.000000000000000000, 0.000000000000000000, 0.000000000000000000 ) ) ;
#864 = DIRECTION ( 'NONE',  ( -1.000000000000000000, 0.000000000000000000, 0.000000000000000000 ) ) ;
#865 = DIRECTION ( 'NONE',  ( 0.000000000000000000, -1.000000000000000000, 0.000000000000000000 ) ) ;
#866 = VECTOR ( 'NONE', #162, 1000.000000000000000 ) ;
#867 = VERTEX_POINT ( 'NONE', #483 ) ;
#868 = DIRECTION ( 'NONE',  ( 0.000000000000000000, 0.000000000000000000, -1.000000000000000000 ) ) ;
#869 = VECTOR ( 'NONE', #567, 1000.000000000000000 ) ;
#870 = EDGE_LOOP ( 'NONE', ( #426, #722, #1217, #270 ) ) ;
#871 = EDGE_CURVE ( 'NONE', #98, #608, #370, .T. ) ;
#872 = DIRECTION ( 'NONE',  ( 1.000000000000000000, 0.000000000000000000, 0.000000000000000000 ) ) ;
#873 = CLOSED_SHELL ( 'NONE', ( #499, #89, #524, #1552, #602, #1083, #1323, #1417, #834, #1285, #24, #1158, #123, #145, #1423, #711, #778, #383, #598, #501, #862, #1201, #1549, #681, #115, #683, #974, #1527, #1275, #946, #837, #860, #1575, #1087, #1428, #443, #1468, #1146, #656, #748, #90, #1492, #967, #317, #1112, #111, #83, #577 ) ) ;
#874 = DIRECTION ( 'NONE',  ( -0.000000000000000000, 1.000000000000000000, -0.000000000000000000 ) ) ;
#875 = EDGE_LOOP ( 'NONE', ( #30, #386, #685, #1022 ) ) ;
#876 = DIRECTION ( 'NONE',  ( 0.000000000000000000, 0.000000000000000000, 1.000000000000000000 ) ) ;
#877 = VERTEX_POINT ( 'NONE', #1344 ) ;
#878 = DIRECTION ( 'NONE',  ( 0.000000000000000000, 0.000000000000000000, 1.000000000000000000 ) ) ;
#879 = VERTEX_POINT ( 'NONE', #859 ) ;
#880 = ORIENTED_EDGE ( 'NONE', *, *, #1582, .F. ) ;
#881 = FACE_BOUND ( 'NONE', #919, .T. ) ;
#882 = DIRECTION ( 'NONE',  ( 7.709882115452469538E-17, 1.000000000000000000, -0.000000000000000000 ) ) ;
#883 = DIRECTION ( 'NONE',  ( 0.000000000000000000, 0.000000000000000000, 1.000000000000000000 ) ) ;
#884 = VECTOR ( 'NONE', #375, 1000.000000000000000 ) ;
#885 = ORIENTED_EDGE ( 'NONE', *, *, #1278, .F. ) ;
#886 = EDGE_CURVE ( 'NONE', #1, #1611, #1462, .T. ) ;
#887 = ORIENTED_EDGE ( 'NONE', *, *, #1422, .T. ) ;
#888 = DIRECTION ( 'NONE',  ( 0.000000000000000000, -1.734723475976807094E-15, -1.000000000000000000 ) ) ;
#889 = VERTEX_POINT ( 'NONE', #119 ) ;
#890 = ORIENTED_EDGE ( 'NONE', *, *, #1249, .T. ) ;
#891 = FACE_BOUND ( 'NONE', #336, .T. ) ;
#892 = CARTESIAN_POINT ( 'NONE',  ( 20.00000000000001421, 12.49999999999999467, -44.50000000000000000 ) ) ;
#893 = EDGE_CURVE ( 'NONE', #98, #11, #758, .T. ) ;
#894 = DIRECTION ( 'NONE',  ( -0.000000000000000000, -0.000000000000000000, -1.000000000000000000 ) ) ;
#895 = VERTEX_POINT ( 'NONE', #615 ) ;
#896 = PRODUCT_DEFINITION_SHAPE ( 'NONE', 'NONE',  #947 ) ;
#897 = SHAPE_DEFINITION_REPRESENTATION ( #896, #562 ) ;
#898 = ORIENTED_EDGE ( 'NONE', *, *, #675, .F. ) ;
#899 = DIRECTION ( 'NONE',  ( -1.000000000000000000, -0.000000000000000000, -0.000000000000000000 ) ) ;
#900 = AXIS2_PLACEMENT_3D ( 'NONE', #980, #232, #1089 ) ;
#901 = DIRECTION ( 'NONE',  ( 0.000000000000000000, -1.000000000000000000, 0.000000000000000000 ) ) ;
#902 = ORIENTED_EDGE ( 'NONE', *, *, #1014, .T. ) ;
#903 = FACE_OUTER_BOUND ( 'NONE', #1510, .T. ) ;
#904 = AXIS2_PLACEMENT_3D ( 'NONE', #326, #1312, #301 ) ;
#905 = CARTESIAN_POINT ( 'NONE',  ( 0.000000000000000000, 0.000000000000000000, -44.50000000000000000 ) ) ;
#906 = CIRCLE ( 'NONE', #1534, 1.600000000000002531 ) ;
#907 = ORIENTED_EDGE ( 'NONE', *, *, #289, .F. ) ;
#908 = ORIENTED_EDGE ( 'NONE', *, *, #1580, .T. ) ;
#909 = CARTESIAN_POINT ( 'NONE',  ( 31.37500000002546585, 27.99999999999999645, -41.50000000000000000 ) ) ;
#910 = ORIENTED_EDGE ( 'NONE', *, *, #1616, .F. ) ;
#911 = DIRECTION ( 'NONE',  ( -1.000000000000000000, 0.000000000000000000, 0.000000000000000000 ) ) ;
#912 = CARTESIAN_POINT ( 'NONE',  ( 42.49999999999999289, 15.00000000000000000, 15.00000000000000000 ) ) ;
#913 = VERTEX_POINT ( 'NONE', #246 ) ;
#914 = AXIS2_PLACEMENT_3D ( 'NONE', #737, #1613, #804 ) ;
#915 = VECTOR ( 'NONE', #271, 1000.000000000000000 ) ;
#916 = DIRECTION ( 'NONE',  ( 1.000000000000000000, -7.709882115452469538E-17, 0.000000000000000000 ) ) ;
#917 = EDGE_CURVE ( 'NONE', #1566, #1139, #1331, .T. ) ;
#918 = CYLINDRICAL_SURFACE ( 'NONE', #1209, 1.700000000000000178 ) ;
#919 = EDGE_LOOP ( 'NONE', ( #504, #510 ) ) ;
#920 = EDGE_CURVE ( 'NONE', #1023, #1532, #509, .T. ) ;
#921 = DIRECTION ( 'NONE',  ( 0.000000000000000000, -1.000000000000000000, 0.000000000000000000 ) ) ;
#922 = DIRECTION ( 'NONE',  ( -0.000000000000000000, -0.000000000000000000, -1.000000000000000000 ) ) ;
#923 = LINE ( 'NONE', #1292, #1050 ) ;
#924 = ORIENTED_EDGE ( 'NONE', *, *, #690, .T. ) ;
#925 = LINE ( 'NONE', #1421, #1259 ) ;
#926 = EDGE_CURVE ( 'NONE', #146, #654, #632, .T. ) ;
#927 = AXIS2_PLACEMENT_3D ( 'NONE', #459, #339, #465 ) ;
#928 = DIRECTION ( 'NONE',  ( 0.000000000000000000, 0.000000000000000000, -1.000000000000000000 ) ) ;
#929 = DIRECTION ( 'NONE',  ( -1.000000000000000000, 0.000000000000000000, 0.000000000000000000 ) ) ;
#930 = EDGE_CURVE ( 'NONE', #913, #969, #204, .T. ) ;
#931 = CIRCLE ( 'NONE', #437, 1.600000000000002531 ) ;
#932 = DIRECTION ( 'NONE',  ( 1.000000000000000000, 0.000000000000000000, 0.000000000000000000 ) ) ;
#933 = DIRECTION ( 'NONE',  ( 0.000000000000000000, 0.000000000000000000, -1.000000000000000000 ) ) ;
#934 = ORIENTED_EDGE ( 'NONE', *, *, #1170, .F. ) ;
#935 = DIRECTION ( 'NONE',  ( 0.000000000000000000, 0.000000000000000000, 1.000000000000000000 ) ) ;
#936 = DIRECTION ( 'NONE',  ( -1.000000000000000000, 0.000000000000000000, 0.000000000000000000 ) ) ;
#937 = FACE_OUTER_BOUND ( 'NONE', #155, .T. ) ;
#938 = AXIS2_PLACEMENT_3D ( 'NONE', #515, #1017, #235 ) ;
#939 = DIRECTION ( 'NONE',  ( 0.000000000000000000, -1.000000000000000000, 0.000000000000000000 ) ) ;
#940 = ORIENTED_EDGE ( 'NONE', *, *, #382, .F. ) ;
#941 = DIRECTION ( 'NONE',  ( 0.000000000000000000, -0.000000000000000000, -1.000000000000000000 ) ) ;
#942 = VECTOR ( 'NONE', #6, 1000.000000000000000 ) ;
#943 = DIRECTION ( 'NONE',  ( -7.709882115452469538E-17, -1.000000000000000000, 0.000000000000000000 ) ) ;
#944 = DIRECTION ( 'NONE',  ( -1.000000000000000000, -0.000000000000000000, 0.000000000000000000 ) ) ;
#945 = CARTESIAN_POINT ( 'NONE',  ( 22.50000000000001776, 7.806255641895638236E-15, -44.50000000000000000 ) ) ;
#946 = ADVANCED_FACE ( 'NONE', ( #23 ), #634, .T. ) ;
#947 = PRODUCT_DEFINITION ( 'UNKNOWN', '', #532, #1457 ) ;
#948 = EDGE_LOOP ( 'NONE', ( #15, #500, #831, #1454 ) ) ;
#949 = VECTOR ( 'NONE', #312, 1000.000000000000000 ) ;
#950 = AXIS2_PLACEMENT_3D ( 'NONE', #366, #1622, #1495 ) ;
#951 = CARTESIAN_POINT ( 'NONE',  ( 12.49999999999999645, 0.000000000000000000, -12.50000000001254463 ) ) ;
#952 = DIRECTION ( 'NONE',  ( -0.000000000000000000, 0.000000000000000000, 1.000000000000000000 ) ) ;
#953 = LINE ( 'NONE', #945, #368 ) ;
#954 = ORIENTED_EDGE ( 'NONE', *, *, #1562, .F. ) ;
#955 = FACE_OUTER_BOUND ( 'NONE', #1064, .T. ) ;
#956 = FACE_OUTER_BOUND ( 'NONE', #194, .T. ) ;
#957 = CARTESIAN_POINT ( 'NONE',  ( 85.00000000000000000, 0.000000000000000000, -44.50000000000000000 ) ) ;
#958 = DIRECTION ( 'NONE',  ( 1.541976423090494647E-16, 1.000000000000000000, -0.000000000000000000 ) ) ;
#959 = VERTEX_POINT ( 'NONE', #396 ) ;
#960 = DIRECTION ( 'NONE',  ( -0.000000000000000000, 1.000000000000000000, -0.000000000000000000 ) ) ;
#961 = EDGE_CURVE ( 'NONE', #593, #1023, #1196, .T. ) ;
#962 = EDGE_CURVE ( 'NONE', #1277, #421, #591, .T. ) ;
#963 = ORIENTED_EDGE ( 'NONE', *, *, #171, .T. ) ;
#964 = AXIS2_PLACEMENT_3D ( 'NONE', #1125, #502, #384 ) ;
#965 = CYLINDRICAL_SURFACE ( 'NONE', #927, 2.500000000000002220 ) ;
#966 = VECTOR ( 'NONE', #1216, 1000.000000000000000 ) ;
#967 = ADVANCED_FACE ( 'NONE', ( #772 ), #1266, .F. ) ;
#968 = CARTESIAN_POINT ( 'NONE',  ( 2.500000000000000000, 7.499999999999998224, -44.50000000000000000 ) ) ;
#969 = VERTEX_POINT ( 'NONE', #1024 ) ;
#970 = CYLINDRICAL_SURFACE ( 'NONE', #490, 2.500000000000002220 ) ;
#971 = ORIENTED_EDGE ( 'NONE', *, *, #210, .F. ) ;
#972 = VECTOR ( 'NONE', #1367, 1000.000000000000000 ) ;
#973 = DIRECTION ( 'NONE',  ( -1.000000000000000000, 0.000000000000000000, 0.000000000000000000 ) ) ;
#974 = ADVANCED_FACE ( 'NONE', ( #1522 ), #1274, .F. ) ;
#975 = CARTESIAN_POINT ( 'NONE',  ( 42.49999999999999289, 15.00000000000000000, -44.50000000000000000 ) ) ;
#976 = ORIENTED_EDGE ( 'NONE', *, *, #840, .T. ) ;
#977 = LINE ( 'NONE', #100, #761 ) ;
#978 = CIRCLE ( 'NONE', #279, 1.699999999999999289 ) ;
#979 = ORIENTED_EDGE ( 'NONE', *, *, #168, .T. ) ;
#980 = CARTESIAN_POINT ( 'NONE',  ( 42.50000000000000000, 14.99999999999999467, -32.25000000000000000 ) ) ;
#981 = CARTESIAN_POINT ( 'NONE',  ( 31.37500000002546585, 28.00000000002000888, 2.749999999999998224 ) ) ;
#982 = DIRECTION ( 'NONE',  ( 0.000000000000000000, 0.000000000000000000, -1.000000000000000000 ) ) ;
#983 = EDGE_CURVE ( 'NONE', #351, #1566, #1052, .T. ) ;
#984 = ORIENTED_EDGE ( 'NONE', *, *, #1130, .T. ) ;
#985 = EDGE_CURVE ( 'NONE', #1392, #1163, #362, .T. ) ;
#986 = CARTESIAN_POINT ( 'NONE',  ( 7.499999999999992895, 30.00000000000000000, 9.199999999999958433 ) ) ;
#987 = EDGE_LOOP ( 'NONE', ( #278, #520 ) ) ;
#988 = DIRECTION ( 'NONE',  ( 0.000000000000000000, 0.000000000000000000, -1.000000000000000000 ) ) ;
#989 = PLANE ( 'NONE',  #950 ) ;
#990 = DIRECTION ( 'NONE',  ( -0.000000000000000000, 1.000000000000000000, 0.000000000000000000 ) ) ;
#991 = AXIS2_PLACEMENT_3D ( 'NONE', #1605, #1013, #466 ) ;
#992 = EDGE_CURVE ( 'NONE', #578, #1452, #655, .T. ) ;
#993 = EDGE_LOOP ( 'NONE', ( #1225, #817, #1072, #1364 ) ) ;
#994 = DIRECTION ( 'NONE',  ( 1.000000000000000000, 0.000000000000000000, 0.000000000000000000 ) ) ;
#995 = ORIENTED_EDGE ( 'NONE', *, *, #231, .F. ) ;
#996 = CYLINDRICAL_SURFACE ( 'NONE', #1406, 2.000000000000001776 ) ;
#997 = CARTESIAN_POINT ( 'NONE',  ( 42.49999999999999289, 15.00000000000000000, 9.999999999999994671 ) ) ;
#998 = DIRECTION ( 'NONE',  ( 0.000000000000000000, 0.000000000000000000, 1.000000000000000000 ) ) ;
#999 = VECTOR ( 'NONE', #296, 1000.000000000000000 ) ;
#1000 = DIRECTION ( 'NONE',  ( 1.000000000000000000, 0.000000000000000000, 0.000000000000000000 ) ) ;
#1001 = ORIENTED_EDGE ( 'NONE', *, *, #985, .T. ) ;
#1002 = CARTESIAN_POINT ( 'NONE',  ( 42.49999999999999289, 15.00000000000000000, -44.50000000000000000 ) ) ;
#1003 = AXIS2_PLACEMENT_3D ( 'NONE', #207, #1465, #472 ) ;
#1004 = ORIENTED_EDGE ( 'NONE', *, *, #1162, .F. ) ;
#1005 = CARTESIAN_POINT ( 'NONE',  ( 82.50000000000000000, 9.999999999999998224, 15.00000000000000000 ) ) ;
#1006 = AXIS2_PLACEMENT_3D ( 'NONE', #1320, #1328, #192 ) ;
#1007 = EDGE_LOOP ( 'NONE', ( #1542, #1004 ) ) ;
#1008 = AXIS2_PLACEMENT_3D ( 'NONE', #158, #43, #657 ) ;
#1009 = DIRECTION ( 'NONE',  ( 0.000000000000000000, 0.000000000000000000, 1.000000000000000000 ) ) ;
#1010 = LINE ( 'NONE', #669, #303 ) ;
#1011 = ORIENTED_EDGE ( 'NONE', *, *, #917, .F. ) ;
#1012 = ORIENTED_EDGE ( 'NONE', *, *, #1068, .F. ) ;
#1013 = DIRECTION ( 'NONE',  ( 7.709882115452469538E-17, 1.000000000000000000, -0.000000000000000000 ) ) ;
#1014 = EDGE_CURVE ( 'NONE', #1252, #1190, #1184, .T. ) ;
#1015 = VERTEX_POINT ( 'NONE', #1155 ) ;
#1016 = ORIENTED_EDGE ( 'NONE', *, *, #816, .F. ) ;
#1017 = DIRECTION ( 'NONE',  ( 0.000000000000000000, 0.000000000000000000, -1.000000000000000000 ) ) ;
#1018 = FACE_OUTER_BOUND ( 'NONE', #585, .T. ) ;
#1019 = EDGE_CURVE ( 'NONE', #412, #518, #1533, .T. ) ;
#1020 = LINE ( 'NONE', #1143, #999 ) ;
#1021 = CIRCLE ( 'NONE', #519, 4.999999999999997335 ) ;
#1022 = ORIENTED_EDGE ( 'NONE', *, *, #1264, .T. ) ;
#1023 = VERTEX_POINT ( 'NONE', #1429 ) ;
#1024 = CARTESIAN_POINT ( 'NONE',  ( 72.50000000000001421, 9.999999999999998224, -10.90000000001254499 ) ) ;
#1025 = CARTESIAN_POINT ( 'NONE',  ( 62.50000000000000000, 0.000000000000000000, -44.50000000000000000 ) ) ;
#1026 = ORIENTED_EDGE ( 'NONE', *, *, #1365, .T. ) ;
#1027 = LINE ( 'NONE', #754, #290 ) ;
#1028 = LINE ( 'NONE', #1528, #1358 ) ;
#1029 = AXIS2_PLACEMENT_3D ( 'NONE', #1289, #894, #1407 ) ;
#1030 = EDGE_LOOP ( 'NONE', ( #51, #1523, #954, #1256 ) ) ;
#1031 = ORIENTED_EDGE ( 'NONE', *, *, #377, .F. ) ;
#1032 = CARTESIAN_POINT ( 'NONE',  ( 2.500000000000000000, 7.499999999999998224, 15.00000000000000000 ) ) ;
#1033 = VERTEX_POINT ( 'NONE', #563 ) ;
#1034 = EDGE_LOOP ( 'NONE', ( #544, #539, #253, #785 ) ) ;
#1035 = CARTESIAN_POINT ( 'NONE',  ( 85.00000000000000000, 0.000000000000000000, -44.50000000000000000 ) ) ;
#1036 = AXIS2_PLACEMENT_3D ( 'NONE', #188, #60, #446 ) ;
#1037 = DIRECTION ( 'NONE',  ( 1.000000000000000000, 0.000000000000000000, 0.000000000000000000 ) ) ;
#1038 = CARTESIAN_POINT ( 'NONE',  ( 77.50000000000001421, 9.999999999999998224, 7.499999999999949374 ) ) ;
#1039 = EDGE_CURVE ( 'NONE', #1588, #1139, #923, .T. ) ;
#1040 = ORIENTED_EDGE ( 'NONE', *, *, #619, .T. ) ;
#1041 = EDGE_CURVE ( 'NONE', #810, #877, #1058, .T. ) ;
#1042 = CARTESIAN_POINT ( 'NONE',  ( 47.49999999999999289, 15.00000000000000000, -44.50000000000000000 ) ) ;
#1043 = ORIENTED_EDGE ( 'NONE', *, *, #961, .F. ) ;
#1044 = CYLINDRICAL_SURFACE ( 'NONE', #479, 4.999999999999997335 ) ;
#1045 = VERTEX_POINT ( 'NONE', #180 ) ;
#1046 = CARTESIAN_POINT ( 'NONE',  ( 77.50000000000001421, 30.00000000000000000, 7.499999999999949374 ) ) ;
#1047 = DIRECTION ( 'NONE',  ( 0.000000000000000000, -1.000000000000000000, 0.000000000000000000 ) ) ;
#1048 = CIRCLE ( 'NONE', #1243, 1.699999999999999289 ) ;
#1049 = AXIS2_PLACEMENT_3D ( 'NONE', #247, #136, #38 ) ;
#1050 = VECTOR ( 'NONE', #916, 1000.000000000000000 ) ;
#1051 = EDGE_CURVE ( 'NONE', #22, #205, #543, .T. ) ;
#1052 = LINE ( 'NONE', #1284, #1548 ) ;
#1053 = EDGE_LOOP ( 'NONE', ( #1509, #603, #1205, #1091 ) ) ;
#1054 = CARTESIAN_POINT ( 'NONE',  ( 25.00000000000000355, 27.50000000000000000, -44.50000000000000000 ) ) ;
#1055 = CARTESIAN_POINT ( 'NONE',  ( 65.00000000000000000, 10.00000000000000000, 15.00000000000000000 ) ) ;
#1056 = CARTESIAN_POINT ( 'NONE',  ( 42.49999999999999289, 15.00000000000000000, -44.50000000000000000 ) ) ;
#1057 = DIRECTION ( 'NONE',  ( 3.469446951953614682E-16, -1.000000000000000000, 0.000000000000000000 ) ) ;
#1058 = LINE ( 'NONE', #684, #343 ) ;
#1059 = ORIENTED_EDGE ( 'NONE', *, *, #150, .F. ) ;
#1060 = DIRECTION ( 'NONE',  ( -1.541976423090494647E-16, -1.000000000000000000, 0.000000000000000000 ) ) ;
#1061 = FACE_OUTER_BOUND ( 'NONE', #398, .T. ) ;
#1062 = CYLINDRICAL_SURFACE ( 'NONE', #503, 1.700000000000000178 ) ;
#1063 = PLANE ( 'NONE',  #1315 ) ;
#1064 = EDGE_LOOP ( 'NONE', ( #674, #924, #508, #796 ) ) ;
#1065 = ORIENTED_EDGE ( 'NONE', *, *, #1102, .F. ) ;
#1066 = DIRECTION ( 'NONE',  ( 1.000000000000000000, 0.000000000000000000, 0.000000000000000000 ) ) ;
#1067 = DIRECTION ( 'NONE',  ( 0.000000000000000000, 0.000000000000000000, -1.000000000000000000 ) ) ;
#1068 = EDGE_CURVE ( 'NONE', #969, #1033, #530, .T. ) ;
#1069 = CARTESIAN_POINT ( 'NONE',  ( 85.00000000000000000, 7.499999999999999112, 15.00000000000000000 ) ) ;
#1070 = AXIS2_PLACEMENT_3D ( 'NONE', #1488, #122, #103 ) ;
#1071 = DIRECTION ( 'NONE',  ( 1.000000000000000000, 0.000000000000000000, -0.000000000000000000 ) ) ;
#1072 = ORIENTED_EDGE ( 'NONE', *, *, #1224, .F. ) ;
#1073 = AXIS2_PLACEMENT_3D ( 'NONE', #1497, #882, #1279 ) ;
#1074 = AXIS2_PLACEMENT_3D ( 'NONE', #1550, #1541, #50 ) ;
#1075 = DIRECTION ( 'NONE',  ( 0.000000000000000000, 0.000000000000000000, 1.000000000000000000 ) ) ;
#1076 = PLANE ( 'NONE',  #85 ) ;
#1077 = DIRECTION ( 'NONE',  ( -0.000000000000000000, -0.000000000000000000, 1.000000000000000000 ) ) ;
#1078 = ORIENTED_EDGE ( 'NONE', *, *, #323, .T. ) ;
#1079 = CIRCLE ( 'NONE', #528, 2.000000000000001776 ) ;
#1080 = CARTESIAN_POINT ( 'NONE',  ( 53.62500000000000000, 14.99999999998635936, 2.749999999999998224 ) ) ;
#1081 =( LENGTH_UNIT ( ) NAMED_UNIT ( * ) SI_UNIT ( .MILLI., .METRE. ) );
#1082 = CYLINDRICAL_SURFACE ( 'NONE', #845, 1.600000000000005862 ) ;
#1083 = ADVANCED_FACE ( 'NONE', ( #288 ), #1410, .F. ) ;
#1084 = AXIS2_PLACEMENT_3D ( 'NONE', #1359, #1214, #96 ) ;
#1085 = ORIENTED_EDGE ( 'NONE', *, *, #962, .T. ) ;
#1086 = DIRECTION ( 'NONE',  ( 1.000000000000000000, 0.000000000000000000, 0.000000000000000000 ) ) ;
#1087 = ADVANCED_FACE ( 'NONE', ( #308 ), #1437, .F. ) ;
#1088 = ORIENTED_EDGE ( 'NONE', *, *, #138, .T. ) ;
#1089 = DIRECTION ( 'NONE',  ( -1.000000000000000000, 0.000000000000000000, 0.000000000000000000 ) ) ;
#1090 = DIRECTION ( 'NONE',  ( 1.000000000000000000, 0.000000000000000000, 0.000000000000000000 ) ) ;
#1091 = ORIENTED_EDGE ( 'NONE', *, *, #1618, .F. ) ;
#1092 = DIRECTION ( 'NONE',  ( -1.000000000000000000, 1.541976423090494647E-16, 0.000000000000000000 ) ) ;
#1093 = VECTOR ( 'NONE', #565, 1000.000000000000000 ) ;
#1094 = CARTESIAN_POINT ( 'NONE',  ( 77.50000000000001421, 30.00000000000000000, 5.799999999999950084 ) ) ;
#1095 = CARTESIAN_POINT ( 'NONE',  ( 72.50000000000001421, 9.999999999999998224, -37.50000000001261213 ) ) ;
#1096 = ORIENTED_EDGE ( 'NONE', *, *, #1475, .F. ) ;
#1097 = CARTESIAN_POINT ( 'NONE',  ( 12.49999999999999645, 9.999999999999994671, -14.10000000001254605 ) ) ;
#1098 = EDGE_LOOP ( 'NONE', ( #118, #752, #266, #1590 ) ) ;
#1099 = VECTOR ( 'NONE', #922, 1000.000000000000000 ) ;
#1100 = AXIS2_PLACEMENT_3D ( 'NONE', #1221, #865, #982 ) ;
#1101 = SURFACE_SIDE_STYLE ('',( #1339 ) ) ;
#1102 = EDGE_CURVE ( 'NONE', #451, #309, #802, .T. ) ;
#1103 = DIRECTION ( 'NONE',  ( -0.000000000000000000, -0.000000000000000000, -1.000000000000000000 ) ) ;
#1104 = DIRECTION ( 'NONE',  ( 0.000000000000000000, 1.000000000000000000, 0.000000000000000000 ) ) ;
#1105 = ORIENTED_EDGE ( 'NONE', *, *, #496, .F. ) ;
#1106 = FACE_OUTER_BOUND ( 'NONE', #513, .T. ) ;
#1107 = ORIENTED_EDGE ( 'NONE', *, *, #744, .F. ) ;
#1108 = DIRECTION ( 'NONE',  ( 1.000000000000000000, 0.000000000000000000, -0.000000000000000000 ) ) ;
#1109 = EDGE_CURVE ( 'NONE', #469, #22, #1378, .T. ) ;
#1110 = FACE_OUTER_BOUND ( 'NONE', #661, .T. ) ;
#1111 = DIRECTION ( 'NONE',  ( -1.000000000000000000, -0.000000000000000000, -0.000000000000000000 ) ) ;
#1112 = ADVANCED_FACE ( 'NONE', ( #272 ), #996, .T. ) ;
#1113 = VERTEX_POINT ( 'NONE', #745 ) ;
#1114 = CARTESIAN_POINT ( 'NONE',  ( 12.50000000000000355, 0.000000000000000000, -37.50000000001260503 ) ) ;
#1115 = VERTEX_POINT ( 'NONE', #1235 ) ;
#1116 = LINE ( 'NONE', #234, #224 ) ;
#1117 = FACE_BOUND ( 'NONE', #844, .T. ) ;
#1118 = CIRCLE ( 'NONE', #185, 4.999999999999997335 ) ;
#1119 = AXIS2_PLACEMENT_3D ( 'NONE', #1340, #149, #521 ) ;
#1120 = ORIENTED_EDGE ( 'NONE', *, *, #1019, .T. ) ;
#1121 = CARTESIAN_POINT ( 'NONE',  ( 25.00000000000000355, 30.00000000000000000, -44.50000000000000000 ) ) ;
#1122 = LINE ( 'NONE', #126, #1436 ) ;
#1123 = ORIENTED_EDGE ( 'NONE', *, *, #576, .F. ) ;
#1124 = EDGE_CURVE ( 'NONE', #1263, #1371, #227, .T. ) ;
#1125 = CARTESIAN_POINT ( 'NONE',  ( 7.499999999999992895, 9.999999999999998224, 7.499999999999958256 ) ) ;
#1126 = DIRECTION ( 'NONE',  ( 0.000000000000000000, 0.000000000000000000, -1.000000000000000000 ) ) ;
#1127 = CARTESIAN_POINT ( 'NONE',  ( 53.62500000001091394, 27.99999999999999645, 0.7500000000000006661 ) ) ;
#1128 = CARTESIAN_POINT ( 'NONE',  ( 47.49999999999999289, 15.00000000000000000, -44.50000000000000000 ) ) ;
#1129 = AXIS2_PLACEMENT_3D ( 'NONE', #1558, #179, #932 ) ;
#1130 = EDGE_CURVE ( 'NONE', #137, #484, #1374, .T. ) ;
#1131 = ORIENTED_EDGE ( 'NONE', *, *, #359, .T. ) ;
#1132 = DIRECTION ( 'NONE',  ( 1.000000000000000000, 0.000000000000000000, -0.000000000000000000 ) ) ;
#1133 = EDGE_CURVE ( 'NONE', #1452, #735, #127, .T. ) ;
#1134 = CIRCLE ( 'NONE', #584, 2.500000000000002220 ) ;
#1135 = ORIENTED_EDGE ( 'NONE', *, *, #1211, .T. ) ;
#1136 = EDGE_CURVE ( 'NONE', #148, #1598, #1459, .T. ) ;
#1137 = DIRECTION ( 'NONE',  ( -0.000000000000000000, -0.000000000000000000, 1.000000000000000000 ) ) ;
#1138 = AXIS2_PLACEMENT_3D ( 'NONE', #345, #108, #491 ) ;
#1139 = VERTEX_POINT ( 'NONE', #1005 ) ;
#1140 = EDGE_LOOP ( 'NONE', ( #364, #435 ) ) ;
#1141 = LINE ( 'NONE', #275, #1303 ) ;
#1142 = DIRECTION ( 'NONE',  ( 1.000000000000000000, 0.000000000000000000, 0.000000000000000000 ) ) ;
#1143 = CARTESIAN_POINT ( 'NONE',  ( 31.37500000002546585, -291568.5000000000000, 2.749999999999998224 ) ) ;
#1144 = ORIENTED_EDGE ( 'NONE', *, *, #18, .T. ) ;
#1145 = EDGE_LOOP ( 'NONE', ( #645, #378, #286, #101 ) ) ;
#1146 = ADVANCED_FACE ( 'NONE', ( #121 ), #1503, .F. ) ;
#1147 = LINE ( 'NONE', #1402, #776 ) ;
#1148 = ORIENTED_EDGE ( 'NONE', *, *, #1109, .F. ) ;
#1149 = DIRECTION ( 'NONE',  ( -0.000000000000000000, 0.000000000000000000, 1.000000000000000000 ) ) ;
#1150 = AXIS2_PLACEMENT_3D ( 'NONE', #892, #775, #1142 ) ;
#1151 = LINE ( 'NONE', #37, #190 ) ;
#1152 = CIRCLE ( 'NONE', #449, 1.699999999999999289 ) ;
#1153 = ORIENTED_EDGE ( 'NONE', *, *, #264, .F. ) ;
#1154 = ORIENTED_EDGE ( 'NONE', *, *, #744, .T. ) ;
#1155 = CARTESIAN_POINT ( 'NONE',  ( 47.49999999999999289, 15.00000000000000000, -44.50000000000000000 ) ) ;
#1156 = CARTESIAN_POINT ( 'NONE',  ( 72.50000000000001421, 0.000000000000000000, -39.20000000001261498 ) ) ;
#1157 = VERTEX_POINT ( 'NONE', #13 ) ;
#1158 = ADVANCED_FACE ( 'NONE', ( #1383 ), #853, .F. ) ;
#1159 = DIRECTION ( 'NONE',  ( 0.000000000000000000, -1.000000000000000000, 0.000000000000000000 ) ) ;
#1160 = CARTESIAN_POINT ( 'NONE',  ( 12.50000000000000355, 9.999999999999994671, -37.50000000001260503 ) ) ;
#1161 = VECTOR ( 'NONE', #872, 1000.000000000000000 ) ;
#1162 = EDGE_CURVE ( 'NONE', #445, #134, #1021, .T. ) ;
#1163 = VERTEX_POINT ( 'NONE', #300 ) ;
#1164 = ORIENTED_EDGE ( 'NONE', *, *, #267, .T. ) ;
#1165 = AXIS2_PLACEMENT_3D ( 'NONE', #1556, #828, #184 ) ;
#1166 = FACE_OUTER_BOUND ( 'NONE', #1602, .T. ) ;
#1167 = ORIENTED_EDGE ( 'NONE', *, *, #1183, .F. ) ;
#1168 = CYLINDRICAL_SURFACE ( 'NONE', #321, 4.999999999999997335 ) ;
#1169 = CARTESIAN_POINT ( 'NONE',  ( 12.49999999999999645, 30.00000000000000000, -10.90000000001254143 ) ) ;
#1170 = EDGE_CURVE ( 'NONE', #484, #214, #52, .T. ) ;
#1171 = ORIENTED_EDGE ( 'NONE', *, *, #1200, .F. ) ;
#1172 = FACE_OUTER_BOUND ( 'NONE', #166, .T. ) ;
#1173 = ORIENTED_EDGE ( 'NONE', *, *, #700, .T. ) ;
#1174 = DIRECTION ( 'NONE',  ( 0.000000000000000000, -0.000000000000000000, -1.000000000000000000 ) ) ;
#1175 = CARTESIAN_POINT ( 'NONE',  ( 31.37500000002546585, 27.99999999999999645, 11.99999999999999822 ) ) ;
#1176 = AXIS2_PLACEMENT_3D ( 'NONE', #759, #380, #1240 ) ;
#1177 = DIRECTION ( 'NONE',  ( -1.000000000000000000, -0.000000000000000000, -0.000000000000000000 ) ) ;
#1178 = ORIENTED_EDGE ( 'NONE', *, *, #1211, .F. ) ;
#1179 = FACE_OUTER_BOUND ( 'NONE', #1317, .T. ) ;
#1180 = EDGE_CURVE ( 'NONE', #895, #351, #732, .T. ) ;
#1181 = CARTESIAN_POINT ( 'NONE',  ( 60.00000000000000000, 27.50000000000000000, -44.50000000000000000 ) ) ;
#1182 = DIRECTION ( 'NONE',  ( -1.000000000000000000, -0.000000000000000000, -0.000000000000000000 ) ) ;
#1183 = EDGE_CURVE ( 'NONE', #608, #861, #620, .T. ) ;
#1184 = LINE ( 'NONE', #444, #574 ) ;
#1185 = ORIENTED_EDGE ( 'NONE', *, *, #1398, .F. ) ;
#1186 = CARTESIAN_POINT ( 'NONE',  ( 0.000000000000000000, 0.000000000000000000, -44.50000000000000000 ) ) ;
#1187 = CARTESIAN_POINT ( 'NONE',  ( 0.000000000000000000, 0.000000000000000000, -44.50000000000000000 ) ) ;
#1188 = DIRECTION ( 'NONE',  ( 0.000000000000000000, 1.734723475976807094E-15, -1.000000000000000000 ) ) ;
#1189 = AXIS2_PLACEMENT_3D ( 'NONE', #1305, #943, #1440 ) ;
#1190 = VERTEX_POINT ( 'NONE', #311 ) ;
#1191 = CARTESIAN_POINT ( 'NONE',  ( 77.50000000000001421, 0.000000000000000000, 7.499999999999949374 ) ) ;
#1192 = DIRECTION ( 'NONE',  ( 1.000000000000000000, 0.000000000000000000, 0.000000000000000000 ) ) ;
#1193 = CARTESIAN_POINT ( 'NONE',  ( 37.50000000000000000, 15.00000000000000000, -39.50000000000000000 ) ) ;
#1194 = ORIENTED_EDGE ( 'NONE', *, *, #1051, .F. ) ;
#1195 = AXIS2_PLACEMENT_3D ( 'NONE', #153, #1288, #416 ) ;
#1196 = CIRCLE ( 'NONE', #710, 2.000000000000000000 ) ;
#1197 = DIRECTION ( 'NONE',  ( -0.000000000000000000, -0.000000000000000000, -1.000000000000000000 ) ) ;
#1198 = CARTESIAN_POINT ( 'NONE',  ( 72.50000000000001421, 30.00000000000000000, -35.80000000001261640 ) ) ;
#1199 = DIRECTION ( 'NONE',  ( 3.469446951953614189E-16, -1.000000000000000000, 0.000000000000000000 ) ) ;
#1200 = EDGE_CURVE ( 'NONE', #810, #220, #708, .T. ) ;
#1201 = ADVANCED_FACE ( 'NONE', ( #1304, #182 ), #438, .T. ) ;
#1202 = ORIENTED_EDGE ( 'NONE', *, *, #1039, .F. ) ;
#1203 = CARTESIAN_POINT ( 'NONE',  ( 12.50000000000000355, 0.000000000000000000, -39.20000000001260787 ) ) ;
#1204 = CIRCLE ( 'NONE', #1416, 11.12499999999999645 ) ;
#1205 = ORIENTED_EDGE ( 'NONE', *, *, #138, .F. ) ;
#1206 = CARTESIAN_POINT ( 'NONE',  ( 47.49999999999999289, 15.00000000000000000, 9.999999999999994671 ) ) ;
#1207 = AXIS2_PLACEMENT_3D ( 'NONE', #715, #604, #1219 ) ;
#1208 = AXIS2_PLACEMENT_3D ( 'NONE', #968, #478, #592 ) ;
#1209 = AXIS2_PLACEMENT_3D ( 'NONE', #130, #627, #1126 ) ;
#1210 = ORIENTED_EDGE ( 'NONE', *, *, #703, .F. ) ;
#1211 = EDGE_CURVE ( 'NONE', #959, #41, #1218, .T. ) ;
#1212 = EDGE_LOOP ( 'NONE', ( #1222, #971, #1185, #419 ) ) ;
#1213 = CARTESIAN_POINT ( 'NONE',  ( 42.49999999999999289, 15.00000000000000000, -32.25000000000000000 ) ) ;
#1214 = DIRECTION ( 'NONE',  ( -0.000000000000000000, 0.000000000000000000, 1.000000000000000000 ) ) ;
#1215 = ORIENTED_EDGE ( 'NONE', *, *, #457, .F. ) ;
#1216 = DIRECTION ( 'NONE',  ( 0.000000000000000000, 0.000000000000000000, -1.000000000000000000 ) ) ;
#1217 = ORIENTED_EDGE ( 'NONE', *, *, #18, .F. ) ;
#1218 = CIRCLE ( 'NONE', #786, 1.699999999999993072 ) ;
#1219 = DIRECTION ( 'NONE',  ( 1.000000000000000000, 0.000000000000000000, 0.000000000000000000 ) ) ;
#1220 = CARTESIAN_POINT ( 'NONE',  ( 77.50000000000001421, 30.00000000000000000, 9.199999999999947775 ) ) ;
#1221 = CARTESIAN_POINT ( 'NONE',  ( 7.499999999999992895, 30.00000000000000000, 7.499999999999958256 ) ) ;
#1222 = ORIENTED_EDGE ( 'NONE', *, *, #340, .T. ) ;
#1223 = DIRECTION ( 'NONE',  ( -1.000000000000000000, 0.000000000000000000, 0.000000000000000000 ) ) ;
#1224 = EDGE_CURVE ( 'NONE', #564, #867, #686, .T. ) ;
#1225 = ORIENTED_EDGE ( 'NONE', *, *, #1336, .F. ) ;
#1226 = CIRCLE ( 'NONE', #557, 2.000000000000000000 ) ;
#1227 =( NAMED_UNIT ( * ) PLANE_ANGLE_UNIT ( ) SI_UNIT ( $, .RADIAN. ) );
#1228 = CARTESIAN_POINT ( 'NONE',  ( 47.49999999999999289, 15.00000000000000000, 2.749999999999995559 ) ) ;
#1229 = CARTESIAN_POINT ( 'NONE',  ( 0.000000000000000000, 0.000000000000000000, -44.50000000000000000 ) ) ;
#1230 = AXIS2_PLACEMENT_3D ( 'NONE', #1213, #269, #973 ) ;
#1231 = FACE_BOUND ( 'NONE', #633, .T. ) ;
#1232 = EDGE_LOOP ( 'NONE', ( #1513, #1171, #665, #159 ) ) ;
#1233 = DIRECTION ( 'NONE',  ( -0.000000000000000000, -0.000000000000000000, -1.000000000000000000 ) ) ;
#1234 = ORIENTED_EDGE ( 'NONE', *, *, #1310, .F. ) ;
#1235 = CARTESIAN_POINT ( 'NONE',  ( 62.50000000000000000, 27.50000000000000000, -44.50000000000000000 ) ) ;
#1236 = LINE ( 'NONE', #1220, #117 ) ;
#1237 = LINE ( 'NONE', #1246, #884 ) ;
#1238 = ORIENTED_EDGE ( 'NONE', *, *, #1446, .F. ) ;
#1239 = DIRECTION ( 'NONE',  ( -0.000000000000000000, 1.000000000000000000, -0.000000000000000000 ) ) ;
#1240 = DIRECTION ( 'NONE',  ( 0.000000000000000000, 0.000000000000000000, -1.000000000000000000 ) ) ;
#1241 = ORIENTED_EDGE ( 'NONE', *, *, #1345, .F. ) ;
#1242 = CARTESIAN_POINT ( 'NONE',  ( 42.49999999999999289, 15.00000000000000000, 15.00000000000000000 ) ) ;
#1243 = AXIS2_PLACEMENT_3D ( 'NONE', #494, #641, #606 ) ;
#1244 = ORIENTED_EDGE ( 'NONE', *, *, #1446, .T. ) ;
#1245 = CARTESIAN_POINT ( 'NONE',  ( -0.000000000000000000, 30.00000000000000000, -41.50000000000000000 ) ) ;
#1246 = CARTESIAN_POINT ( 'NONE',  ( 2.500000000000000444, 9.999999999999998224, 15.00000000000000000 ) ) ;
#1247 = AXIS2_PLACEMENT_3D ( 'NONE', #1054, #941, #1439 ) ;
#1248 = CARTESIAN_POINT ( 'NONE',  ( 0.000000000000000000, 30.00000000000000000, -44.50000000000000000 ) ) ;
#1249 = EDGE_CURVE ( 'NONE', #148, #564, #1122, .T. ) ;
#1250 = VECTOR ( 'NONE', #1233, 1000.000000000000000 ) ;
#1251 = EDGE_CURVE ( 'NONE', #889, #666, #342, .T. ) ;
#1252 = VERTEX_POINT ( 'NONE', #1589 ) ;
#1253 = EDGE_CURVE ( 'NONE', #1033, #1540, #203, .T. ) ;
#1254 = DIRECTION ( 'NONE',  ( 1.000000000000000000, 0.000000000000000000, 0.000000000000000000 ) ) ;
#1255 = DIRECTION ( 'NONE',  ( 0.000000000000000000, -1.000000000000000000, 0.000000000000000000 ) ) ;
#1256 = ORIENTED_EDGE ( 'NONE', *, *, #289, .T. ) ;
#1257 = CARTESIAN_POINT ( 'NONE',  ( 12.50000000000000355, 0.000000000000000000, -37.50000000001260503 ) ) ;
#1258 = ORIENTED_EDGE ( 'NONE', *, *, #1014, .F. ) ;
#1259 = VECTOR ( 'NONE', #1197, 1000.000000000000000 ) ;
#1260 = FACE_OUTER_BOUND ( 'NONE', #774, .T. ) ;
#1261 = CARTESIAN_POINT ( 'NONE',  ( 72.50000000000001421, 0.000000000000000000, -35.80000000001261640 ) ) ;
#1262 = FACE_OUTER_BOUND ( 'NONE', #651, .T. ) ;
#1263 = VERTEX_POINT ( 'NONE', #47 ) ;
#1264 = EDGE_CURVE ( 'NONE', #134, #445, #1118, .T. ) ;
#1265 = ORIENTED_EDGE ( 'NONE', *, *, #930, .F. ) ;
#1266 = PLANE ( 'NONE',  #1119 ) ;
#1267 = AXIS2_PLACEMENT_3D ( 'NONE', #746, #597, #473 ) ;
#1268 = ORIENTED_EDGE ( 'NONE', *, *, #707, .T. ) ;
#1269 = ORIENTED_EDGE ( 'NONE', *, *, #1597, .T. ) ;
#1270 = CARTESIAN_POINT ( 'NONE',  ( 7.499999999999992895, 9.999999999999998224, 7.499999999999958256 ) ) ;
#1271 = DIRECTION ( 'NONE',  ( 0.000000000000000000, 0.000000000000000000, 1.000000000000000000 ) ) ;
#1272 = ORIENTED_EDGE ( 'NONE', *, *, #294, .T. ) ;
#1273 = ORIENTED_EDGE ( 'NONE', *, *, #623, .T. ) ;
#1274 = CYLINDRICAL_SURFACE ( 'NONE', #1074, 1.700000000000000178 ) ;
#1275 = ADVANCED_FACE ( 'NONE', ( #306 ), #800, .T. ) ;
#1276 = DIRECTION ( 'NONE',  ( 0.000000000000000000, 0.000000000000000000, -1.000000000000000000 ) ) ;
#1277 = VERTEX_POINT ( 'NONE', #957 ) ;
#1278 = EDGE_CURVE ( 'NONE', #1536, #11, #1405, .T. ) ;
#1279 = DIRECTION ( 'NONE',  ( 1.000000000000000000, 0.000000000000000000, 0.000000000000000000 ) ) ;
#1280 = CIRCLE ( 'NONE', #1195, 1.600000000000005862 ) ;
#1281 = DIRECTION ( 'NONE',  ( 0.000000000000000000, 0.000000000000000000, 1.000000000000000000 ) ) ;
#1282 = ORIENTED_EDGE ( 'NONE', *, *, #1068, .T. ) ;
#1283 = EDGE_LOOP ( 'NONE', ( #934, #1521, #880, #1154, #1120, #141 ) ) ;
#1284 = CARTESIAN_POINT ( 'NONE',  ( 85.00000000000000000, 7.499999999999999112, 15.00000000000000000 ) ) ;
#1285 = ADVANCED_FACE ( 'NONE', ( #636, #299, #1231 ), #1464, .F. ) ;
#1286 = DIRECTION ( 'NONE',  ( -0.000000000000000000, 1.000000000000000000, -0.000000000000000000 ) ) ;
#1287 = ORIENTED_EDGE ( 'NONE', *, *, #808, .F. ) ;
#1288 = DIRECTION ( 'NONE',  ( -0.000000000000000000, 1.000000000000000000, -0.000000000000000000 ) ) ;
#1289 = CARTESIAN_POINT ( 'NONE',  ( 42.49999999999999289, 15.00000000000000000, 2.749999999999995559 ) ) ;
#1290 = AXIS2_PLACEMENT_3D ( 'NONE', #912, #29, #1037 ) ;
#1291 =( GEOMETRIC_REPRESENTATION_CONTEXT ( 3 ) GLOBAL_UNCERTAINTY_ASSIGNED_CONTEXT ( ( #1329 ) ) GLOBAL_UNIT_ASSIGNED_CONTEXT ( ( #1081, #1473, #846 ) ) REPRESENTATION_CONTEXT ( 'NONE', 'WORKASPACE' ) );
#1292 = CARTESIAN_POINT ( 'NONE',  ( 7.709882115452473236E-16, 10.00000000000000533, 15.00000000000000000 ) ) ;
#1293 = ORIENTED_EDGE ( 'NONE', *, *, #455, .F. ) ;
#1294 = CIRCLE ( 'NONE', #433, 2.000000000000000000 ) ;
#1295 = CARTESIAN_POINT ( 'NONE',  ( 12.50000000000000355, 30.00000000000000000, -37.50000000001260503 ) ) ;
#1296 = ORIENTED_EDGE ( 'NONE', *, *, #1308, .T. ) ;
#1297 = DIRECTION ( 'NONE',  ( 0.000000000000000000, 0.000000000000000000, -1.000000000000000000 ) ) ;
#1298 = CIRCLE ( 'NONE', #42, 1.700000000000000178 ) ;
#1299 = FACE_BOUND ( 'NONE', #763, .T. ) ;
#1300 = CARTESIAN_POINT ( 'NONE',  ( -0.000000000000000000, 30.00000000000000000, 11.99999999999999645 ) ) ;
#1301 = ORIENTED_EDGE ( 'NONE', *, *, #797, .T. ) ;
#1302 = EDGE_CURVE ( 'NONE', #205, #163, #394, .T. ) ;
#1303 = VECTOR ( 'NONE', #1111, 1000.000000000000000 ) ;
#1304 = FACE_BOUND ( 'NONE', #616, .T. ) ;
#1305 = CARTESIAN_POINT ( 'NONE',  ( 7.709882115452473236E-16, 10.00000000000000533, -44.50000000000000000 ) ) ;
#1306 = DIRECTION ( 'NONE',  ( 0.000000000000000000, 0.000000000000000000, -1.000000000000000000 ) ) ;
#1307 = CYLINDRICAL_SURFACE ( 'NONE', #1006, 1.699999999999999289 ) ;
#1308 = EDGE_CURVE ( 'NONE', #879, #1392, #1027, .T. ) ;
#1309 = EDGE_CURVE ( 'NONE', #1540, #1033, #1280, .T. ) ;
#1310 = EDGE_CURVE ( 'NONE', #1163, #199, #133, .T. ) ;
#1311 = VERTEX_POINT ( 'NONE', #629 ) ;
#1312 = DIRECTION ( 'NONE',  ( -1.000000000000000000, 0.000000000000000000, 0.000000000000000000 ) ) ;
#1313 = DIRECTION ( 'NONE',  ( 0.000000000000000000, 0.000000000000000000, 1.000000000000000000 ) ) ;
#1314 = CARTESIAN_POINT ( 'NONE',  ( 53.62500000001091394, 28.00000000002000888, 9.999999999999998224 ) ) ;
#1315 = AXIS2_PLACEMENT_3D ( 'NONE', #341, #958, #186 ) ;
#1316 = VECTOR ( 'NONE', #998, 1000.000000000000000 ) ;
#1317 = EDGE_LOOP ( 'NONE', ( #1148, #1519, #610, #1194 ) ) ;
#1318 = FACE_BOUND ( 'NONE', #987, .T. ) ;
#1319 = CARTESIAN_POINT ( 'NONE',  ( 72.50000000000001421, 0.000000000000000000, -14.10000000001255671 ) ) ;
#1320 = CARTESIAN_POINT ( 'NONE',  ( 77.50000000000001421, 30.00000000000000000, 7.499999999999949374 ) ) ;
#1321 = AXIS2_PLACEMENT_3D ( 'NONE', #493, #217, #1090 ) ;
#1322 = ORIENTED_EDGE ( 'NONE', *, *, #340, .F. ) ;
#1323 = ADVANCED_FACE ( 'NONE', ( #903 ), #1168, .F. ) ;
#1324 = CARTESIAN_POINT ( 'NONE',  ( 0.000000000000000000, 7.499999999999998224, -44.50000000000000000 ) ) ;
#1325 = APPLICATION_CONTEXT ( 'automotive_design' ) ;
#1326 = FACE_OUTER_BOUND ( 'NONE', #1357, .T. ) ;
#1327 = EDGE_CURVE ( 'NONE', #1412, #1536, #599, .T. ) ;
#1328 = DIRECTION ( 'NONE',  ( 0.000000000000000000, -1.000000000000000000, 0.000000000000000000 ) ) ;
#1329 = UNCERTAINTY_MEASURE_WITH_UNIT (LENGTH_MEASURE( 1.000000000000000082E-05 ), #1081, 'distance_accuracy_value', 'NONE');
#1330 = VECTOR ( 'NONE', #262, 1000.000000000000000 ) ;
#1331 = CIRCLE ( 'NONE', #622, 2.500000000000002220 ) ;
#1332 = ORIENTED_EDGE ( 'NONE', *, *, #871, .F. ) ;
#1333 = CARTESIAN_POINT ( 'NONE',  ( 65.00000000000000000, 10.00000000000000000, 15.00000000000000000 ) ) ;
#1334 = EDGE_CURVE ( 'NONE', #1371, #640, #400, .T. ) ;
#1335 = CARTESIAN_POINT ( 'NONE',  ( 65.00000000000000000, 12.50000000000000000, 15.00000000000000000 ) ) ;
#1336 = EDGE_CURVE ( 'NONE', #1598, #148, #1152, .T. ) ;
#1337 = EDGE_LOOP ( 'NONE', ( #77, #1411, #769, #1391, #156, #287 ) ) ;
#1338 = ORIENTED_EDGE ( 'NONE', *, *, #219, .F. ) ;
#1339 = SURFACE_STYLE_FILL_AREA ( #1481 ) ;
#1340 = CARTESIAN_POINT ( 'NONE',  ( 53.62500000001091394, -291568.5000000000000, -32.25000000000000000 ) ) ;
#1341 = DIRECTION ( 'NONE',  ( 0.000000000000000000, 0.000000000000000000, -1.000000000000000000 ) ) ;
#1342 = CIRCLE ( 'NONE', #900, 11.12499999999999645 ) ;
#1343 = EDGE_LOOP ( 'NONE', ( #639, #1514 ) ) ;
#1344 = CARTESIAN_POINT ( 'NONE',  ( 12.49999999999999645, 0.000000000000000000, -14.10000000001254605 ) ) ;
#1345 = EDGE_CURVE ( 'NONE', #913, #1540, #1517, .T. ) ;
#1346 = VERTEX_POINT ( 'NONE', #1506 ) ;
#1347 = DIRECTION ( 'NONE',  ( 1.000000000000000000, 0.000000000000000000, 0.000000000000000000 ) ) ;
#1348 = EDGE_CURVE ( 'NONE', #1524, #735, #792, .T. ) ;
#1349 = ORIENTED_EDGE ( 'NONE', *, *, #411, .T. ) ;
#1350 = DIRECTION ( 'NONE',  ( 0.000000000000000000, -1.000000000000000000, 0.000000000000000000 ) ) ;
#1351 = AXIS2_PLACEMENT_3D ( 'NONE', #637, #512, #249 ) ;
#1352 = ORIENTED_EDGE ( 'NONE', *, *, #255, .F. ) ;
#1353 = CARTESIAN_POINT ( 'NONE',  ( 42.49999999999999289, 15.00000000000000000, 9.999999999999994671 ) ) ;
#1354 = DIRECTION ( 'NONE',  ( 0.000000000000000000, -1.000000000000000000, 0.000000000000000000 ) ) ;
#1355 = ORIENTED_EDGE ( 'NONE', *, *, #193, .T. ) ;
#1356 = DIRECTION ( 'NONE',  ( -0.000000000000000000, 1.000000000000000000, -0.000000000000000000 ) ) ;
#1357 = EDGE_LOOP ( 'NONE', ( #836, #842, #1352, #644 ) ) ;
#1358 = VECTOR ( 'NONE', #1389, 1000.000000000000000 ) ;
#1359 = CARTESIAN_POINT ( 'NONE',  ( 25.00000000000000355, 27.50000000000000000, 15.00000000000000000 ) ) ;
#1360 = LINE ( 'NONE', #487, #1316 ) ;
#1361 = VECTOR ( 'NONE', #944, 1000.000000000000000 ) ;
#1362 = ORIENTED_EDGE ( 'NONE', *, *, #675, .T. ) ;
#1363 = DIRECTION ( 'NONE',  ( 1.000000000000000000, 0.000000000000000000, 0.000000000000000000 ) ) ;
#1364 = ORIENTED_EDGE ( 'NONE', *, *, #1249, .F. ) ;
#1365 = EDGE_CURVE ( 'NONE', #1015, #1045, #1573, .T. ) ;
#1366 = CARTESIAN_POINT ( 'NONE',  ( 0.000000000000000000, 27.99999999999999645, -41.50000000000000000 ) ) ;
#1367 = DIRECTION ( 'NONE',  ( 0.000000000000000000, 0.000000000000000000, -1.000000000000000000 ) ) ;
#1368 = LINE ( 'NONE', #613, #223 ) ;
#1369 = CARTESIAN_POINT ( 'NONE',  ( 42.50000000000000000, 14.99999999999999467, 2.749999999999998224 ) ) ;
#1370 = EDGE_CURVE ( 'NONE', #969, #913, #856, .T. ) ;
#1371 = VERTEX_POINT ( 'NONE', #525 ) ;
#1372 = DIRECTION ( 'NONE',  ( -0.000000000000000000, 0.000000000000000000, 1.000000000000000000 ) ) ;
#1373 = ORIENTED_EDGE ( 'NONE', *, *, #1336, .T. ) ;
#1374 = LINE ( 'NONE', #233, #652 ) ;
#1375 = EDGE_LOOP ( 'NONE', ( #140, #1234, #25, #361 ) ) ;
#1376 = EDGE_LOOP ( 'NONE', ( #489, #462, #413, #325 ) ) ;
#1377 = PLANE ( 'NONE',  #938 ) ;
#1378 = CIRCLE ( 'NONE', #157, 2.000000000000001776 ) ;
#1379 = DIRECTION ( 'NONE',  ( 1.000000000000000000, 0.000000000000000000, 0.000000000000000000 ) ) ;
#1380 = CARTESIAN_POINT ( 'NONE',  ( 53.62500000001091394, 14.99999999998635758, -32.25000000000000000 ) ) ;
#1381 = ORIENTED_EDGE ( 'NONE', *, *, #49, .T. ) ;
#1382 = ORIENTED_EDGE ( 'NONE', *, *, #1618, .T. ) ;
#1383 = FACE_OUTER_BOUND ( 'NONE', #875, .T. ) ;
#1384 = CARTESIAN_POINT ( 'NONE',  ( 22.50000000000001421, 12.49999999999999467, 15.00000000000000000 ) ) ;
#1385 = ORIENTED_EDGE ( 'NONE', *, *, #1390, .F. ) ;
#1386 = CIRCLE ( 'NONE', #35, 1.600000000000002531 ) ;
#1387 = FACE_BOUND ( 'NONE', #482, .T. ) ;
#1388 = CYLINDRICAL_SURFACE ( 'NONE', #1448, 4.999999999999997335 ) ;
#1389 = DIRECTION ( 'NONE',  ( 0.000000000000000000, 1.000000000000000000, -0.000000000000000000 ) ) ;
#1390 = EDGE_CURVE ( 'NONE', #84, #1399, #1486, .T. ) ;
#1391 = ORIENTED_EDGE ( 'NONE', *, *, #211, .F. ) ;
#1392 = VERTEX_POINT ( 'NONE', #28 ) ;
#1393 = CIRCLE ( 'NONE', #1563, 1.699999999999993072 ) ;
#1394 = DIRECTION ( 'NONE',  ( 0.000000000000000000, 0.000000000000000000, 1.000000000000000000 ) ) ;
#1395 = ORIENTED_EDGE ( 'NONE', *, *, #690, .F. ) ;
#1396 = DIRECTION ( 'NONE',  ( 0.000000000000000000, 0.000000000000000000, 1.000000000000000000 ) ) ;
#1397 = LINE ( 'NONE', #542, #167 ) ;
#1398 = EDGE_CURVE ( 'NONE', #782, #518, #172, .T. ) ;
#1399 = VERTEX_POINT ( 'NONE', #1261 ) ;
#1400 = ORIENTED_EDGE ( 'NONE', *, *, #1348, .F. ) ;
#1401 = DIRECTION ( 'NONE',  ( 0.000000000000000000, -1.000000000000000000, 0.000000000000000000 ) ) ;
#1402 = CARTESIAN_POINT ( 'NONE',  ( 31.37500000002546585, 14.99999999998635758, -32.25000000000000000 ) ) ;
#1403 = EDGE_LOOP ( 'NONE', ( #212, #1178 ) ) ;
#1404 = DIRECTION ( 'NONE',  ( 0.000000000000000000, 0.000000000000000000, -1.000000000000000000 ) ) ;
#1405 = LINE ( 'NONE', #431, #812 ) ;
#1406 = AXIS2_PLACEMENT_3D ( 'NONE', #1366, #863, #988 ) ;
#1407 = DIRECTION ( 'NONE',  ( 1.000000000000000000, 0.000000000000000000, 0.000000000000000000 ) ) ;
#1408 = AXIS2_PLACEMENT_3D ( 'NONE', #750, #1609, #1363 ) ;
#1409 = ORIENTED_EDGE ( 'NONE', *, *, #1580, .F. ) ;
#1410 = CYLINDRICAL_SURFACE ( 'NONE', #468, 1.600000000000002531 ) ;
#1411 = ORIENTED_EDGE ( 'NONE', *, *, #440, .T. ) ;
#1412 = VERTEX_POINT ( 'NONE', #642 ) ;
#1413 = CYLINDRICAL_SURFACE ( 'NONE', #112, 1.600000000000002531 ) ;
#1414 = FACE_BOUND ( 'NONE', #1343, .T. ) ;
#1415 = DIRECTION ( 'NONE',  ( -1.000000000000000000, 0.000000000000000000, 0.000000000000000000 ) ) ;
#1416 = AXIS2_PLACEMENT_3D ( 'NONE', #19, #1281, #46 ) ;
#1417 = ADVANCED_FACE ( 'NONE', ( #1018 ), #1388, .F. ) ;
#1418 = CARTESIAN_POINT ( 'NONE',  ( 12.49999999999999645, 30.00000000000000000, -12.50000000001254463 ) ) ;
#1419 = EDGE_LOOP ( 'NONE', ( #1144, #678 ) ) ;
#1420 = CIRCLE ( 'NONE', #1165, 2.500000000000002220 ) ;
#1421 = CARTESIAN_POINT ( 'NONE',  ( 20.00000000000001421, 9.999999999999994671, -44.50000000000000000 ) ) ;
#1422 = EDGE_CURVE ( 'NONE', #274, #1252, #161, .T. ) ;
#1423 = ADVANCED_FACE ( 'NONE', ( #36 ), #535, .T. ) ;
#1424 = VECTOR ( 'NONE', #1350, 1000.000000000000000 ) ;
#1425 = DIRECTION ( 'NONE',  ( -0.000000000000000000, 0.000000000000000000, 1.000000000000000000 ) ) ;
#1426 = FACE_BOUND ( 'NONE', #497, .T. ) ;
#1427 = CARTESIAN_POINT ( 'NONE',  ( 42.49999999999999289, 15.00000000000000000, -39.50000000000000000 ) ) ;
#1428 = ADVANCED_FACE ( 'NONE', ( #1326, #453 ), #688, .T. ) ;
#1429 = CARTESIAN_POINT ( 'NONE',  ( 31.37500000002546585, 29.99999999997271516, 0.7500000000000015543 ) ) ;
#1430 = ORIENTED_EDGE ( 'NONE', *, *, #583, .T. ) ;
#1431 = AXIS2_PLACEMENT_3D ( 'NONE', #1489, #480, #618 ) ;
#1432 = CIRCLE ( 'NONE', #726, 4.999999999999997335 ) ;
#1433 = CARTESIAN_POINT ( 'NONE',  ( 65.00000000000000000, 12.50000000000000000, -44.50000000000000000 ) ) ;
#1434 = DIRECTION ( 'NONE',  ( 0.000000000000000000, 0.000000000000000000, -1.000000000000000000 ) ) ;
#1435 = CARTESIAN_POINT ( 'NONE',  ( 53.62500000001091394, 30.00000000000000000, 11.99999999999999822 ) ) ;
#1436 = VECTOR ( 'NONE', #1255, 1000.000000000000000 ) ;
#1437 = CYLINDRICAL_SURFACE ( 'NONE', #1546, 2.499999999999998668 ) ;
#1438 = EDGE_LOOP ( 'NONE', ( #1608, #940, #54, #788 ) ) ;
#1439 = DIRECTION ( 'NONE',  ( 1.000000000000000000, 0.000000000000000000, 0.000000000000000000 ) ) ;
#1440 = DIRECTION ( 'NONE',  ( 1.000000000000000000, -7.709882115452469538E-17, 0.000000000000000000 ) ) ;
#1441 = DIRECTION ( 'NONE',  ( 0.000000000000000000, -1.000000000000000000, 0.000000000000000000 ) ) ;
#1442 = CARTESIAN_POINT ( 'NONE',  ( 12.50000000000000355, 30.00000000000000000, -35.80000000001260929 ) ) ;
#1443 = VECTOR ( 'NONE', #408, 1000.000000000000000 ) ;
#1444 = EDGE_CURVE ( 'NONE', #206, #1115, #1134, .T. ) ;
#1445 = ORIENTED_EDGE ( 'NONE', *, *, #264, .T. ) ;
#1446 = EDGE_CURVE ( 'NONE', #666, #84, #201, .T. ) ;
#1447 = CARTESIAN_POINT ( 'NONE',  ( 0.000000000000000000, 30.00000000000000000, 15.00000000000000000 ) ) ;
#1448 = AXIS2_PLACEMENT_3D ( 'NONE', #1526, #1396, #284 ) ;
#1449 = FACE_OUTER_BOUND ( 'NONE', #1376, .T. ) ;
#1450 = CARTESIAN_POINT ( 'NONE',  ( 82.50000000000000000, 7.499999999999999112, -44.50000000000000000 ) ) ;
#1451 = FACE_OUTER_BOUND ( 'NONE', #70, .T. ) ;
#1452 = VERTEX_POINT ( 'NONE', #73 ) ;
#1453 = EDGE_CURVE ( 'NONE', #1045, #1015, #638, .T. ) ;
#1454 = ORIENTED_EDGE ( 'NONE', *, *, #1334, .F. ) ;
#1455 = CARTESIAN_POINT ( 'NONE',  ( 7.499999999999992895, 9.999999999999998224, 9.199999999999958433 ) ) ;
#1456 = CARTESIAN_POINT ( 'NONE',  ( 60.00000000000000000, 30.00000000000000000, 15.00000000000000000 ) ) ;
#1457 = PRODUCT_DEFINITION_CONTEXT ( 'detailed design', #694, 'design' ) ;
#1458 = VERTEX_POINT ( 'NONE', #327 ) ;
#1459 = CIRCLE ( 'NONE', #964, 1.699999999999999289 ) ;
#1460 = PLANE ( 'NONE',  #1138 ) ;
#1461 = DIRECTION ( 'NONE',  ( 0.000000000000000000, 0.000000000000000000, -1.000000000000000000 ) ) ;
#1462 = CIRCLE ( 'NONE', #258, 1.699999999999999289 ) ;
#1463 = ORIENTED_EDGE ( 'NONE', *, *, #725, .T. ) ;
#1464 = PLANE ( 'NONE',  #420 ) ;
#1465 = DIRECTION ( 'NONE',  ( -0.000000000000000000, 1.000000000000000000, -0.000000000000000000 ) ) ;
#1466 = CARTESIAN_POINT ( 'NONE',  ( 2.500000000000000000, 7.499999999999998224, -44.50000000000000000 ) ) ;
#1467 = DIRECTION ( 'NONE',  ( 7.709882115452469538E-17, 1.000000000000000000, -0.000000000000000000 ) ) ;
#1468 = ADVANCED_FACE ( 'NONE', ( #709 ), #1076, .T. ) ;
#1469 = VECTOR ( 'NONE', #829, 1000.000000000000000 ) ;
#1470 = ORIENTED_EDGE ( 'NONE', *, *, #623, .F. ) ;
#1471 = LINE ( 'NONE', #92, #672 ) ;
#1472 = EDGE_LOOP ( 'NONE', ( #1400, #1273, #14, #471 ) ) ;
#1473 =( NAMED_UNIT ( * ) PLANE_ANGLE_UNIT ( ) SI_UNIT ( $, .RADIAN. ) );
#1474 = MECHANICAL_DESIGN_GEOMETRIC_PRESENTATION_REPRESENTATION (  '', ( #213 ), #821 ) ;
#1475 = EDGE_CURVE ( 'NONE', #889, #1399, #177, .T. ) ;
#1476 = DIRECTION ( 'NONE',  ( 0.000000000000000000, 1.000000000000000000, 0.000000000000000000 ) ) ;
#1477 = DIRECTION ( 'NONE',  ( 0.000000000000000000, 0.000000000000000000, 1.000000000000000000 ) ) ;
#1478 = ORIENTED_EDGE ( 'NONE', *, *, #477, .F. ) ;
#1479 = FACE_OUTER_BOUND ( 'NONE', #948, .T. ) ;
#1480 = ORIENTED_EDGE ( 'NONE', *, *, #840, .F. ) ;
#1481 = FILL_AREA_STYLE ('',( #1591 ) ) ;
#1482 = CYLINDRICAL_SURFACE ( 'NONE', #387, 4.999999999999997335 ) ;
#1483 = FACE_BOUND ( 'NONE', #1140, .T. ) ;
#1484 = ORIENTED_EDGE ( 'NONE', *, *, #1308, .F. ) ;
#1485 = CARTESIAN_POINT ( 'NONE',  ( 60.00000000000000000, 27.50000000000000000, -44.50000000000000000 ) ) ;
#1486 = CIRCLE ( 'NONE', #534, 1.700000000000000178 ) ;
#1487 = EDGE_LOOP ( 'NONE', ( #849, #1282, #346, #1241 ) ) ;
#1488 = CARTESIAN_POINT ( 'NONE',  ( 7.499999999999992895, 30.00000000000000000, 7.499999999999958256 ) ) ;
#1489 = CARTESIAN_POINT ( 'NONE',  ( 72.50000000000001421, 30.00000000000000000, -12.50000000001255174 ) ) ;
#1490 = ORIENTED_EDGE ( 'NONE', *, *, #323, .F. ) ;
#1491 = CYLINDRICAL_SURFACE ( 'NONE', #787, 2.499999999999998668 ) ;
#1492 = ADVANCED_FACE ( 'NONE', ( #1449 ), #55, .F. ) ;
#1493 = ORIENTED_EDGE ( 'NONE', *, *, #1136, .T. ) ;
#1494 = EDGE_CURVE ( 'NONE', #274, #410, #1420, .T. ) ;
#1495 = DIRECTION ( 'NONE',  ( 0.000000000000000000, 0.000000000000000000, -1.000000000000000000 ) ) ;
#1496 = CARTESIAN_POINT ( 'NONE',  ( 2.500000000000000444, 9.999999999999998224, -44.50000000000000000 ) ) ;
#1497 = CARTESIAN_POINT ( 'NONE',  ( 72.50000000000001421, 9.999999999999998224, -12.50000000001255174 ) ) ;
#1498 = AXIS2_PLACEMENT_3D ( 'NONE', #1056, #1425, #573 ) ;
#1499 = ORIENTED_EDGE ( 'NONE', *, *, #1572, .T. ) ;
#1500 = CARTESIAN_POINT ( 'NONE',  ( 77.50000000000001421, 0.000000000000000000, 7.499999999999949374 ) ) ;
#1501 = AXIS2_PLACEMENT_3D ( 'NONE', #432, #74, #929 ) ;
#1502 = EDGE_LOOP ( 'NONE', ( #1478, #1031, #109, #1016 ) ) ;
#1503 = CYLINDRICAL_SURFACE ( 'NONE', #75, 11.12499999999999645 ) ;
#1504 = ORIENTED_EDGE ( 'NONE', *, *, #729, .F. ) ;
#1505 = ORIENTED_EDGE ( 'NONE', *, *, #824, .T. ) ;
#1506 = CARTESIAN_POINT ( 'NONE',  ( 12.49999999999999645, 0.000000000000000000, -10.90000000001254143 ) ) ;
#1507 = LINE ( 'NONE', #777, #1601 ) ;
#1508 = CIRCLE ( 'NONE', #393, 11.12499999999999645 ) ;
#1509 = ORIENTED_EDGE ( 'NONE', *, *, #1596, .T. ) ;
#1510 = EDGE_LOOP ( 'NONE', ( #1040, #3, #1164, #474 ) ) ;
#1511 = DIRECTION ( 'NONE',  ( -1.000000000000000000, 0.000000000000000000, 0.000000000000000000 ) ) ;
#1512 = CIRCLE ( 'NONE', #97, 2.000000000000000000 ) ;
#1513 = ORIENTED_EDGE ( 'NONE', *, *, #294, .F. ) ;
#1514 = ORIENTED_EDGE ( 'NONE', *, *, #511, .T. ) ;
#1515 = CARTESIAN_POINT ( 'NONE',  ( 31.37500000002546585, -291568.5000000000000, 9.999999999999998224 ) ) ;
#1516 = AXIS2_PLACEMENT_3D ( 'NONE', #1450, #460, #568 ) ;
#1517 = LINE ( 'NONE', #506, #447 ) ;
#1518 = CARTESIAN_POINT ( 'NONE',  ( 31.37500000002546585, -291568.5000000000000, -32.25000000000000000 ) ) ;
#1519 = ORIENTED_EDGE ( 'NONE', *, *, #1572, .F. ) ;
#1520 = PRODUCT_CONTEXT ( 'NONE', #1325, 'mechanical' ) ;
#1521 = ORIENTED_EDGE ( 'NONE', *, *, #1555, .T. ) ;
#1522 = FACE_OUTER_BOUND ( 'NONE', #281, .T. ) ;
#1523 = ORIENTED_EDGE ( 'NONE', *, *, #1310, .T. ) ;
#1524 = VERTEX_POINT ( 'NONE', #695 ) ;
#1525 = VECTOR ( 'NONE', #784, 1000.000000000000000 ) ;
#1526 = CARTESIAN_POINT ( 'NONE',  ( 42.49999999999999289, 15.00000000000000000, -44.50000000000000000 ) ) ;
#1527 = ADVANCED_FACE ( 'NONE', ( #541 ), #423, .F. ) ;
#1528 = CARTESIAN_POINT ( 'NONE',  ( 0.000000000000000000, 0.000000000000000000, 15.00000000000000000 ) ) ;
#1529 = CIRCLE ( 'NONE', #1230, 4.999999999999997335 ) ;
#1530 = ORIENTED_EDGE ( 'NONE', *, *, #1370, .F. ) ;
#1531 = APPLICATION_PROTOCOL_DEFINITION ( 'draft international standard', 'automotive_design', 1998, #694 ) ;
#1532 = VERTEX_POINT ( 'NONE', #61 ) ;
#1533 = LINE ( 'NONE', #434, #832 ) ;
#1534 = AXIS2_PLACEMENT_3D ( 'NONE', #839, #731, #864 ) ;
#1535 = EDGE_LOOP ( 'NONE', ( #1173, #406, #1131, #1269 ) ) ;
#1536 = VERTEX_POINT ( 'NONE', #820 ) ;
#1537 = DIRECTION ( 'NONE',  ( -1.000000000000000000, 1.541976423090494647E-16, 0.000000000000000000 ) ) ;
#1538 = DIRECTION ( 'NONE',  ( -1.000000000000000000, 0.000000000000000000, 0.000000000000000000 ) ) ;
#1539 = DIRECTION ( 'NONE',  ( 7.709882115452469538E-17, 1.000000000000000000, -0.000000000000000000 ) ) ;
#1540 = VERTEX_POINT ( 'NONE', #1319 ) ;
#1541 = DIRECTION ( 'NONE',  ( 0.000000000000000000, -1.000000000000000000, 0.000000000000000000 ) ) ;
#1542 = ORIENTED_EDGE ( 'NONE', *, *, #1264, .F. ) ;
#1543 = FACE_OUTER_BOUND ( 'NONE', #527, .T. ) ;
#1544 = ORIENTED_EDGE ( 'NONE', *, *, #886, .F. ) ;
#1545 = CARTESIAN_POINT ( 'NONE',  ( 72.50000000000001421, 30.00000000000000000, -39.20000000001261498 ) ) ;
#1546 = AXIS2_PLACEMENT_3D ( 'NONE', #663, #933, #298 ) ;
#1547 = LINE ( 'NONE', #424, #1099 ) ;
#1548 = VECTOR ( 'NONE', #691, 1000.000000000000000 ) ;
#1549 = ADVANCED_FACE ( 'NONE', ( #313 ), #1413, .F. ) ;
#1550 = CARTESIAN_POINT ( 'NONE',  ( 72.50000000000001421, 30.00000000000000000, -37.50000000001261213 ) ) ;
#1551 = ORIENTED_EDGE ( 'NONE', *, *, #1494, .T. ) ;
#1552 = ADVANCED_FACE ( 'NONE', ( #560 ), #1062, .F. ) ;
#1553 = CARTESIAN_POINT ( 'NONE',  ( 82.50000000000000000, 7.499999999999999112, -44.50000000000000000 ) ) ;
#1554 = DIRECTION ( 'NONE',  ( -0.000000000000000000, 1.000000000000000000, -0.000000000000000000 ) ) ;
#1555 = EDGE_CURVE ( 'NONE', #484, #451, #1294, .T. ) ;
#1556 = CARTESIAN_POINT ( 'NONE',  ( 60.00000000000000000, 27.50000000000000000, 15.00000000000000000 ) ) ;
#1557 = CARTESIAN_POINT ( 'NONE',  ( 85.00000000000000000, 0.000000000000000000, -44.50000000000000000 ) ) ;
#1558 = CARTESIAN_POINT ( 'NONE',  ( 0.000000000000000000, 0.000000000000000000, 0.000000000000000000 ) ) ;
#1559 = DIRECTION ( 'NONE',  ( 0.000000000000000000, 0.000000000000000000, -1.000000000000000000 ) ) ;
#1560 = EDGE_LOOP ( 'NONE', ( #1167, #1332, #1123, #570 ) ) ;
#1561 = CYLINDRICAL_SURFACE ( 'NONE', #116, 1.700000000000000178 ) ;
#1562 = EDGE_CURVE ( 'NONE', #91, #199, #189, .T. ) ;
#1563 = AXIS2_PLACEMENT_3D ( 'NONE', #1095, #1467, #1600 ) ;
#1564 = CARTESIAN_POINT ( 'NONE',  ( 12.50000000000000355, 30.00000000000000000, -37.50000000001260503 ) ) ;
#1565 = CARTESIAN_POINT ( 'NONE',  ( 53.62500000001091394, 14.99999999998635758, -39.50000000000000000 ) ) ;
#1566 = VERTEX_POINT ( 'NONE', #1069 ) ;
#1567 = DIRECTION ( 'NONE',  ( 1.000000000000000000, 0.000000000000000000, 0.000000000000000000 ) ) ;
#1568 = ORIENTED_EDGE ( 'NONE', *, *, #48, .T. ) ;
#1569 = DIRECTION ( 'NONE',  ( 0.000000000000000000, 0.000000000000000000, -1.000000000000000000 ) ) ;
#1570 = LINE ( 'NONE', #448, #1361 ) ;
#1571 = CARTESIAN_POINT ( 'NONE',  ( 53.62500000001091394, 28.00000000002000888, 2.749999999999998224 ) ) ;
#1572 = EDGE_CURVE ( 'NONE', #163, #469, #1570, .T. ) ;
#1573 = CIRCLE ( 'NONE', #572, 4.999999999999997335 ) ;
#1574 = VECTOR ( 'NONE', #809, 1000.000000000000000 ) ;
#1575 = ADVANCED_FACE ( 'NONE', ( #956 ), #965, .F. ) ;
#1576 = EDGE_LOOP ( 'NONE', ( #1355, #120, #910, #1505 ) ) ;
#1577 = FACE_BOUND ( 'NONE', #662, .T. ) ;
#1578 = DIRECTION ( 'NONE',  ( 0.000000000000000000, -1.000000000000000000, 0.000000000000000000 ) ) ;
#1579 = CARTESIAN_POINT ( 'NONE',  ( 22.50000000000001776, 7.806255641895638236E-15, -44.50000000000000000 ) ) ;
#1580 = EDGE_CURVE ( 'NONE', #1399, #84, #215, .T. ) ;
#1581 = CIRCLE ( 'NONE', #1029, 4.999999999999997335 ) ;
#1582 = EDGE_CURVE ( 'NONE', #1532, #451, #102, .T. ) ;
#1583 = EDGE_LOOP ( 'NONE', ( #1493, #1373 ) ) ;
#1584 = CARTESIAN_POINT ( 'NONE',  ( 53.62500000001091394, 30.00000000000000000, -30.25000000000000000 ) ) ;
#1585 = VECTOR ( 'NONE', #1578, 1000.000000000000000 ) ;
#1586 = CARTESIAN_POINT ( 'NONE',  ( 72.50000000000001421, 30.00000000000000000, -12.50000000001255174 ) ) ;
#1587 = CIRCLE ( 'NONE', #588, 4.999999999999997335 ) ;
#1588 = VERTEX_POINT ( 'NONE', #1333 ) ;
#1589 = CARTESIAN_POINT ( 'NONE',  ( 62.50000000000000000, 12.50000000000000000, 15.00000000000000000 ) ) ;
#1590 = ORIENTED_EDGE ( 'NONE', *, *, #962, .F. ) ;
#1591 = FILL_AREA_STYLE_COLOUR ( '', #110 ) ;
#1592 = DIRECTION ( 'NONE',  ( 0.000000000000000000, -1.000000000000000000, 0.000000000000000000 ) ) ;
#1593 = ORIENTED_EDGE ( 'NONE', *, *, #1253, .F. ) ;
#1594 = AXIS2_PLACEMENT_3D ( 'NONE', #463, #960, #1461 ) ;
#1595 = LINE ( 'NONE', #238, #1424 ) ;
#1596 = EDGE_CURVE ( 'NONE', #41, #959, #373, .T. ) ;
#1597 = EDGE_CURVE ( 'NONE', #349, #1113, #1342, .T. ) ;
#1598 = VERTEX_POINT ( 'NONE', #1455 ) ;
#1599 = EDGE_CURVE ( 'NONE', #1371, #1263, #1529, .T. ) ;
#1600 = DIRECTION ( 'NONE',  ( 1.000000000000000000, 0.000000000000000000, 0.000000000000000000 ) ) ;
#1601 = VECTOR ( 'NONE', #401, 1000.000000000000000 ) ;
#1602 = EDGE_LOOP ( 'NONE', ( #1043, #1210, #1107, #395 ) ) ;
#1603 = DIRECTION ( 'NONE',  ( 0.000000000000000000, 0.000000000000000000, -1.000000000000000000 ) ) ;
#1604 = ORIENTED_EDGE ( 'NONE', *, *, #559, .T. ) ;
#1605 = CARTESIAN_POINT ( 'NONE',  ( 72.50000000000001421, 9.999999999999998224, -12.50000000001255174 ) ) ;
#1606 = DIRECTION ( 'NONE',  ( -0.000000000000000000, -0.000000000000000000, -1.000000000000000000 ) ) ;
#1607 = FACE_OUTER_BOUND ( 'NONE', #1535, .T. ) ;
#1608 = ORIENTED_EDGE ( 'NONE', *, *, #1444, .F. ) ;
#1609 = DIRECTION ( 'NONE',  ( -0.000000000000000000, 0.000000000000000000, 1.000000000000000000 ) ) ;
#1610 = MANIFOLD_SOLID_BREP ( 'Fillet2', #873 ) ;
#1611 = VERTEX_POINT ( 'NONE', #611 ) ;
#1612 =( LENGTH_UNIT ( ) NAMED_UNIT ( * ) SI_UNIT ( .MILLI., .METRE. ) );
#1613 = DIRECTION ( 'NONE',  ( 0.000000000000000000, 0.000000000000000000, 1.000000000000000000 ) ) ;
#1614 = CARTESIAN_POINT ( 'NONE',  ( 12.50000000000000355, 0.000000000000000000, -35.80000000001260929 ) ) ;
#1615 = DIRECTION ( 'NONE',  ( -1.000000000000000000, 0.000000000000000000, -0.000000000000000000 ) ) ;
#1616 = EDGE_CURVE ( 'NONE', #861, #206, #723, .T. ) ;
#1617 = ORIENTED_EDGE ( 'NONE', *, *, #48, .F. ) ;
#1618 = EDGE_CURVE ( 'NONE', #41, #1611, #596, .T. ) ;
#1619 = CARTESIAN_POINT ( 'NONE',  ( 25.00000000000000355, 27.50000000000000000, -44.50000000000000000 ) ) ;
#1620 = ORIENTED_EDGE ( 'NONE', *, *, #1039, .T. ) ;
#1621 = VECTOR ( 'NONE', #1132, 1000.000000000000000 ) ;
#1622 = DIRECTION ( 'NONE',  ( 1.000000000000000000, 0.000000000000000000, 0.000000000000000000 ) ) ;
#1623 = FACE_OUTER_BOUND ( 'NONE', #237, .T. ) ;
ENDSEC;
END-ISO-10303-21;
