ISO-10303-21;
HEADER;
FILE_DESCRIPTION (( 'STEP AP203' ),
    '1' );
FILE_NAME ('Lid V.3.STEP',
    '2026-02-07T05:20:06',
    ( '' ),
    ( '' ),
    'SwSTEP 2.0',
    'SolidWorks 2025',
    '' );
FILE_SCHEMA (( 'CONFIG_CONTROL_DESIGN' ));
ENDSEC;

DATA;
#1 = VECTOR ( 'NONE', #6063, 1000.000000000000227 ) ;
#2 = EDGE_CURVE ( 'NONE', #5628, #3790, #6645, .T. ) ;
#3 = ORIENTED_EDGE ( 'NONE', *, *, #4792, .T. ) ;
#4 = VECTOR ( 'NONE', #9058, 1000.000000000000114 ) ;
#5 = VECTOR ( 'NONE', #5239, 999.9999999999998863 ) ;
#6 = CARTESIAN_POINT ( 'NONE',  ( 72.34578304174857522, -11.39419904078968493, 87.91339593296397936 ) ) ;
#7 = VECTOR ( 'NONE', #8209, 1000.000000000000114 ) ;
#8 = VERTEX_POINT ( 'NONE', #498 ) ;
#9 = DIRECTION ( 'NONE',  ( -0.8660254037844387076, 0.000000000000000000, 0.5000000000000001110 ) ) ;
#10 = CARTESIAN_POINT ( 'NONE',  ( 24.25777877760970824, 6.000000000000005329, -27.01570532158559956 ) ) ;
#11 = CARTESIAN_POINT ( 'NONE',  ( 2.053814751473915567, 6.000000000000005329, 28.74999999999999645 ) ) ;
#12 = LINE ( 'NONE', #8211, #3702 ) ;
#13 = ORIENTED_EDGE ( 'NONE', *, *, #2917, .F. ) ;
#14 = ORIENTED_EDGE ( 'NONE', *, *, #1327, .T. ) ;
#15 = ADVANCED_FACE ( 'NONE', ( #3637 ), #9538, .T. ) ;
#16 = VERTEX_POINT ( 'NONE', #6444 ) ;
#17 = AXIS2_PLACEMENT_3D ( 'NONE', #1402, #2912, #4282 ) ;
#18 = EDGE_LOOP ( 'NONE', ( #6751, #1564 ) ) ;
#19 = DIRECTION ( 'NONE',  ( -0.4698463103929487183, 0.8660254037844400399, 0.1710100716628430717 ) ) ;
#20 = ADVANCED_FACE ( 'NONE', ( #4368 ), #6595, .F. ) ;
#21 = CARTESIAN_POINT ( 'NONE',  ( 4.330127018922193649, 6.000000000000005329, 7.500000000000000000 ) ) ;
#22 = LINE ( 'NONE', #2770, #6576 ) ;
#23 = EDGE_CURVE ( 'NONE', #1033, #8092, #647, .T. ) ;
#24 = DIRECTION ( 'NONE',  ( 0.000000000000000000, 1.000000000000000000, 0.000000000000000000 ) ) ;
#25 = DIRECTION ( 'NONE',  ( 0.000000000000000000, 0.000000000000000000, 1.000000000000000000 ) ) ;
#26 = ORIENTED_EDGE ( 'NONE', *, *, #4176, .F. ) ;
#27 = DIRECTION ( 'NONE',  ( 0.000000000000000000, 0.000000000000000000, -1.000000000000000000 ) ) ;
#28 = PLANE ( 'NONE',  #4220 ) ;
#29 = ADVANCED_FACE ( 'NONE', ( #4169 ), #2021, .F. ) ;
#30 = VECTOR ( 'NONE', #5061, 1000.000000000000000 ) ;
#31 = DIRECTION ( 'NONE',  ( -0.8660254037844387076, 0.000000000000000000, -0.5000000000000000000 ) ) ;
#32 = PLANE ( 'NONE',  #193 ) ;
#33 = FACE_OUTER_BOUND ( 'NONE', #2232, .T. ) ;
#34 = CARTESIAN_POINT ( 'NONE',  ( 63.39065261137343299, 13.49999999999930722, -83.37431452178670099 ) ) ;
#35 = DIRECTION ( 'NONE',  ( -0.5337593939265840026, -0.4330127018922175774, 0.7263614178872163096 ) ) ;
#36 = EDGE_CURVE ( 'NONE', #16, #5591, #3786, .T. ) ;
#37 = ORIENTED_EDGE ( 'NONE', *, *, #3357, .T. ) ;
#38 = ORIENTED_EDGE ( 'NONE', *, *, #1163, .F. ) ;
#39 = CARTESIAN_POINT ( 'NONE',  ( -46.54886545341427961, 0.000000000000000000, -31.87499999999998579 ) ) ;
#40 = FACE_BOUND ( 'NONE', #5269, .T. ) ;
#41 = VERTEX_POINT ( 'NONE', #2748 ) ;
#42 = CARTESIAN_POINT ( 'NONE',  ( -50.00000000000000000, 0.000000000000000000, 47.14745962155770798 ) ) ;
#43 = VERTEX_POINT ( 'NONE', #8899 ) ;
#44 = ORIENTED_EDGE ( 'NONE', *, *, #9425, .T. ) ;
#45 = CARTESIAN_POINT ( 'NONE',  ( 48.18039637606665337, 0.000000000000000000, 87.18281677883985026 ) ) ;
#46 = VERTEX_POINT ( 'NONE', #1387 ) ;
#47 = VERTEX_POINT ( 'NONE', #9642 ) ;
#48 = ORIENTED_EDGE ( 'NONE', *, *, #9626, .T. ) ;
#49 = CARTESIAN_POINT ( 'NONE',  ( -46.40590262964586543, 4.500000000000002665, 66.00000000000000000 ) ) ;
#50 = AXIS2_PLACEMENT_3D ( 'NONE', #6938, #8324, #2462 ) ;
#51 = DIRECTION ( 'NONE',  ( -0.000000000000000000, -1.000000000000000000, -0.000000000000000000 ) ) ;
#52 = LINE ( 'NONE', #3686, #8010 ) ;
#53 = CARTESIAN_POINT ( 'NONE',  ( 4.330127018922047100, 6.000000000000005329, -34.99999999999999289 ) ) ;
#54 = EDGE_CURVE ( 'NONE', #2827, #5242, #2697, .T. ) ;
#55 = LINE ( 'NONE', #2949, #5906 ) ;
#56 = EDGE_CURVE ( 'NONE', #6808, #500, #542, .T. ) ;
#57 = ORIENTED_EDGE ( 'NONE', *, *, #7842, .T. ) ;
#58 = ORIENTED_EDGE ( 'NONE', *, *, #6406, .F. ) ;
#59 = ORIENTED_EDGE ( 'NONE', *, *, #6244, .F. ) ;
#60 = DIRECTION ( 'NONE',  ( 0.000000000000000000, 0.000000000000000000, -1.000000000000000000 ) ) ;
#61 = FACE_OUTER_BOUND ( 'NONE', #4340, .T. ) ;
#62 = DIRECTION ( 'NONE',  ( -0.000000000000000000, -1.000000000000000000, -0.000000000000000000 ) ) ;
#63 = VERTEX_POINT ( 'NONE', #6540 ) ;
#65 = CIRCLE ( 'NONE', #8220, 2.500000000000002220 ) ;
#64 = PLANE ( 'NONE',  #3506 ) ;
#66 = CYLINDRICAL_SURFACE ( 'NONE', #8613, 61.96152422706627760 ) ;
#67 = ORIENTED_EDGE ( 'NONE', *, *, #8649, .T. ) ;
#68 = PLANE ( 'NONE',  #4628 ) ;
#69 = LINE ( 'NONE', #163, #7212 ) ;
#70 = EDGE_CURVE ( 'NONE', #1508, #345, #1182, .T. ) ;
#71 = VECTOR ( 'NONE', #2734, 1000.000000000000000 ) ;
#72 = EDGE_CURVE ( 'NONE', #5723, #5752, #8801, .T. ) ;
#73 = DIRECTION ( 'NONE',  ( 0.000000000000000000, 0.000000000000000000, 1.000000000000000000 ) ) ;
#74 = DIRECTION ( 'NONE',  ( 0.4999999999999998890, 0.000000000000000000, 0.8660254037844387076 ) ) ;
#75 = LINE ( 'NONE', #2316, #7676 ) ;
#76 = CARTESIAN_POINT ( 'NONE',  ( -95.31102044180072141, -5.728164937518889666, -53.51072870777982615 ) ) ;
#77 = ADVANCED_FACE ( 'NONE', ( #8068 ), #1335, .T. ) ;
#78 = VECTOR ( 'NONE', #3370, 1000.000000000000227 ) ;
#79 = ORIENTED_EDGE ( 'NONE', *, *, #9459, .F. ) ;
#80 = LINE ( 'NONE', #3071, #5152 ) ;
#81 = FACE_OUTER_BOUND ( 'NONE', #6743, .T. ) ;
#82 = EDGE_CURVE ( 'NONE', #2291, #4084, #8696, .T. ) ;
#83 = CARTESIAN_POINT ( 'NONE',  ( -59.87475935947254158, 11.59251614915340944, -83.37431452178670099 ) ) ;
#84 = ORIENTED_EDGE ( 'NONE', *, *, #3049, .T. ) ;
#85 = DIRECTION ( 'NONE',  ( -0.4698463103929487183, 0.8660254037844400399, -0.1710100716628430717 ) ) ;
#86 = ORIENTED_EDGE ( 'NONE', *, *, #6492, .T. ) ;
#87 = CARTESIAN_POINT ( 'NONE',  ( 48.18039637606665337, 6.000000000000000000, 87.18281677883985026 ) ) ;
#88 = EDGE_LOOP ( 'NONE', ( #765, #8202, #860, #4584 ) ) ;
#89 = AXIS2_PLACEMENT_3D ( 'NONE', #6978, #4125, #8546 ) ;
#90 = ORIENTED_EDGE ( 'NONE', *, *, #671, .T. ) ;
#91 = VECTOR ( 'NONE', #1297, 1000.000000000000000 ) ;
#92 = CARTESIAN_POINT ( 'NONE',  ( -4.330127018922337534, 147.4213562373095385, -34.99999999999999289 ) ) ;
#93 = ORIENTED_EDGE ( 'NONE', *, *, #7564, .T. ) ;
#94 = CARTESIAN_POINT ( 'NONE',  ( -48.18039637606665337, 6.000000000000000000, -87.18281677883985026 ) ) ;
#95 = CARTESIAN_POINT ( 'NONE',  ( -32.47595264191693332, 0.000000000000000000, 13.74999999999999467 ) ) ;
#96 = APPROVAL_PERSON_ORGANIZATION ( #2735, #9616, #2685 ) ;
#97 = LINE ( 'NONE', #8349, #1646 ) ;
#98 = VECTOR ( 'NONE', #5335, 1000.000000000000000 ) ;
#99 = CARTESIAN_POINT ( 'NONE',  ( 3.673940397442059967E-15, 147.4213562373095385, 30.00000000000000000 ) ) ;
#100 = ORIENTED_EDGE ( 'NONE', *, *, #7519, .F. ) ;
#101 = ORIENTED_EDGE ( 'NONE', *, *, #6529, .T. ) ;
#102 = ORIENTED_EDGE ( 'NONE', *, *, #5620, .F. ) ;
#103 = DIRECTION ( 'NONE',  ( 0.8660254037844379305, -0.000000000000000000, 0.5000000000000013323 ) ) ;
#104 = PLANE ( 'NONE',  #5502 ) ;
#105 = EDGE_CURVE ( 'NONE', #7323, #7923, #2948, .T. ) ;
#106 = DIRECTION ( 'NONE',  ( 0.5337593939265867782, 0.4330127018922123594, 0.7263614178872173088 ) ) ;
#107 = LINE ( 'NONE', #3190, #2289 ) ;
#108 = VERTEX_POINT ( 'NONE', #5995 ) ;
#109 = CARTESIAN_POINT ( 'NONE',  ( -50.00000000000000000, 6.000000000000000000, -50.00000000000000000 ) ) ;
#110 = CARTESIAN_POINT ( 'NONE',  ( 73.43319330435937786, 12.75833024919764824, -82.41177990217745730 ) ) ;
#111 = VERTEX_POINT ( 'NONE', #3735 ) ;
#112 = CIRCLE ( 'NONE', #5593, 61.96152422706628471 ) ;
#113 = DIRECTION ( 'NONE',  ( -1.000000000000000000, 0.000000000000000000, -0.000000000000000000 ) ) ;
#114 = VECTOR ( 'NONE', #4244, 1000.000000000000000 ) ;
#115 = DIRECTION ( 'NONE',  ( 0.000000000000000000, -1.000000000000000000, 0.000000000000000000 ) ) ;
#116 = EDGE_CURVE ( 'NONE', #4155, #607, #9693, .T. ) ;
#117 = DIRECTION ( 'NONE',  ( -0.4698463103929532703, 0.8660254037844400399, -0.1710100716628305539 ) ) ;
#118 = VECTOR ( 'NONE', #5453, 1000.000000000000000 ) ;
#119 = DIRECTION ( 'NONE',  ( -1.000000000000000000, -1.308353425290363404E-16, 0.000000000000000000 ) ) ;
#120 = VECTOR ( 'NONE', #7736, 1000.000000000000000 ) ;
#121 = CARTESIAN_POINT ( 'NONE',  ( -14.07291281149736051, 147.4213562373095385, -39.37499999999995737 ) ) ;
#122 = CARTESIAN_POINT ( 'NONE',  ( 81.19551667212387258, 10.90748385084582672, -51.71195653594100605 ) ) ;
#123 = EDGE_CURVE ( 'NONE', #9099, #915, #825, .T. ) ;
#124 = VECTOR ( 'NONE', #5657, 1000.000000000000000 ) ;
#125 = ORIENTED_EDGE ( 'NONE', *, *, #9425, .F. ) ;
#126 = VERTEX_POINT ( 'NONE', #5353 ) ;
#127 = CARTESIAN_POINT ( 'NONE',  ( 54.69999999999838280, 6.000000000000000000, 52.19999999999951257 ) ) ;
#128 = FACE_BOUND ( 'NONE', #8905, .T. ) ;
#129 = CARTESIAN_POINT ( 'NONE',  ( 25.49447007271216137, 0.000000000000000000, -7.907717477981577758 ) ) ;
#130 = EDGE_CURVE ( 'NONE', #6682, #3227, #5211, .T. ) ;
#131 = EDGE_LOOP ( 'NONE', ( #2639, #6389 ) ) ;
#132 = DIRECTION ( 'NONE',  ( -0.000000000000000000, -0.000000000000000000, 1.000000000000000000 ) ) ;
#133 = ORIENTED_EDGE ( 'NONE', *, *, #9689, .F. ) ;
#134 = DIRECTION ( 'NONE',  ( 0.000000000000000000, -0.9678453296402134143, -0.2515460552138050754 ) ) ;
#135 = EDGE_LOOP ( 'NONE', ( #6586, #7261, #7568, #9316, #8394, #3885, #6959, #4207, #2026, #1006 ) ) ;
#136 = VERTEX_POINT ( 'NONE', #8301 ) ;
#137 = CARTESIAN_POINT ( 'NONE',  ( -32.47595264191693332, 147.4213562373095385, -28.74999999999999289 ) ) ;
#138 = VERTEX_POINT ( 'NONE', #8994 ) ;
#139 = DIRECTION ( 'NONE',  ( 0.1107007079486528323, 0.2499999999999904243, -0.9618967477123893106 ) ) ;
#140 = ORIENTED_EDGE ( 'NONE', *, *, #4352, .T. ) ;
#141 = VECTOR ( 'NONE', #2711, 1000.000000000000114 ) ;
#142 = CARTESIAN_POINT ( 'NONE',  ( -21.86105912627042258, 6.000000000000005329, 24.37499999999996092 ) ) ;
#143 = DIRECTION ( 'NONE',  ( -0.000000000000000000, -1.000000000000000000, -0.000000000000000000 ) ) ;
#144 = CARTESIAN_POINT ( 'NONE',  ( -54.69999999999999574, 0.000000000000000000, -57.20000000000000284 ) ) ;
#145 = ORIENTED_EDGE ( 'NONE', *, *, #3656, .F. ) ;
#146 = ORIENTED_EDGE ( 'NONE', *, *, #303, .T. ) ;
#147 = EDGE_CURVE ( 'NONE', #724, #46, #1573, .T. ) ;
#148 = ORIENTED_EDGE ( 'NONE', *, *, #5650, .F. ) ;
#149 = CARTESIAN_POINT ( 'NONE',  ( 49.99999999999998579, 147.4213562373095385, 47.14745962155775061 ) ) ;
#150 = DIRECTION ( 'NONE',  ( 1.000000000000000000, 0.000000000000000000, -0.000000000000000000 ) ) ;
#151 = VECTOR ( 'NONE', #1973, 1000.000000000000000 ) ;
#152 = DIRECTION ( 'NONE',  ( -0.000000000000000000, -1.000000000000000000, -0.000000000000000000 ) ) ;
#153 = DIRECTION ( 'NONE',  ( 1.000000000000000000, -0.000000000000000000, 0.000000000000000000 ) ) ;
#154 = ORIENTED_EDGE ( 'NONE', *, *, #3090, .F. ) ;
#155 = FACE_OUTER_BOUND ( 'NONE', #2789, .T. ) ;
#156 = FACE_OUTER_BOUND ( 'NONE', #4160, .T. ) ;
#157 = ORIENTED_EDGE ( 'NONE', *, *, #470, .F. ) ;
#158 = AXIS2_PLACEMENT_3D ( 'NONE', #7199, #8474, #9306 ) ;
#159 = CARTESIAN_POINT ( 'NONE',  ( -96.95441172355114645, -1.986715189943540016, -67.94291491834900398 ) ) ;
#160 = VECTOR ( 'NONE', #3897, 1000.000000000000114 ) ;
#161 = EDGE_CURVE ( 'NONE', #5167, #2694, #6086, .T. ) ;
#162 = EDGE_CURVE ( 'NONE', #126, #1134, #97, .T. ) ;
#163 = CARTESIAN_POINT ( 'NONE',  ( -48.21495254706555045, 6.000000000000000000, -87.08787447931756276 ) ) ;
#164 = CARTESIAN_POINT ( 'NONE',  ( -9.742785792575173076, 6.000000000000005329, -31.87499999999996447 ) ) ;
#165 = CARTESIAN_POINT ( 'NONE',  ( -4.330127018922193649, 6.000000000000005329, -7.500000000000000000 ) ) ;
#166 = DIRECTION ( 'NONE',  ( -1.000000000000000000, 0.000000000000000000, -0.000000000000000000 ) ) ;
#167 = CARTESIAN_POINT ( 'NONE',  ( 4.330127018922120818, 6.000000000000005329, -13.74999999999999822 ) ) ;
#168 = EDGE_CURVE ( 'NONE', #2723, #8757, #1622, .T. ) ;
#169 = EDGE_CURVE ( 'NONE', #3225, #7847, #1438, .T. ) ;
#170 = AXIS2_PLACEMENT_3D ( 'NONE', #2375, #5380, #7778 ) ;
#171 = ORIENTED_EDGE ( 'NONE', *, *, #216, .T. ) ;
#172 = ORIENTED_EDGE ( 'NONE', *, *, #1463, .T. ) ;
#173 = FACE_OUTER_BOUND ( 'NONE', #1728, .T. ) ;
#174 = FACE_BOUND ( 'NONE', #6175, .T. ) ;
#175 = ORIENTED_EDGE ( 'NONE', *, *, #7026, .F. ) ;
#176 = CARTESIAN_POINT ( 'NONE',  ( -50.00000000000000000, 6.000000000000000000, 50.00000000000000000 ) ) ;
#177 = VERTEX_POINT ( 'NONE', #8255 ) ;
#178 = LINE ( 'NONE', #3170, #5607 ) ;
#179 = ORIENTED_EDGE ( 'NONE', *, *, #2549, .T. ) ;
#180 = VECTOR ( 'NONE', #8307, 1000.000000000000114 ) ;
#181 = EDGE_CURVE ( 'NONE', #3205, #977, #3089, .T. ) ;
#182 = PLANE ( 'NONE',  #4652 ) ;
#183 = ORIENTED_EDGE ( 'NONE', *, *, #4663, .T. ) ;
#185 = EDGE_CURVE ( 'NONE', #5262, #8381, #7127, .T. ) ;
#184 = DIRECTION ( 'NONE',  ( -0.5000000000000013323, 0.000000000000000000, 0.8660254037844379305 ) ) ;
#186 = ORIENTED_EDGE ( 'NONE', *, *, #5825, .T. ) ;
#187 = LINE ( 'NONE', #2579, #6667 ) ;
#188 = ORIENTED_EDGE ( 'NONE', *, *, #9164, .T. ) ;
#189 = ORIENTED_EDGE ( 'NONE', *, *, #3976, .T. ) ;
#190 = VERTEX_POINT ( 'NONE', #4515 ) ;
#191 = CARTESIAN_POINT ( 'NONE',  ( 2.081668171172168513E-14, 6.000000000000005329, 41.25149317610433997 ) ) ;
#192 = DIRECTION ( 'NONE',  ( 0.3420201433256810364, -1.119241949895695770E-14, -0.9396926207859039870 ) ) ;
#193 = AXIS2_PLACEMENT_3D ( 'NONE', #8418, #8276, #2416 ) ;
#194 = PLANE ( 'NONE',  #2160 ) ;
#195 = CARTESIAN_POINT ( 'NONE',  ( -14.07291281149736051, 0.000000000000000000, -39.37499999999995737 ) ) ;
#196 = EDGE_LOOP ( 'NONE', ( #1813, #1310, #1370, #4153 ) ) ;
#197 = DIRECTION ( 'NONE',  ( -1.000000000000000000, 0.000000000000000000, -0.000000000000000000 ) ) ;
#198 = DIRECTION ( 'NONE',  ( -0.000000000000000000, -1.000000000000000000, -0.000000000000000000 ) ) ;
#199 = EDGE_LOOP ( 'NONE', ( #1521, #9572, #6876, #8516 ) ) ;
#200 = DIRECTION ( 'NONE',  ( -0.7030969734007281868, 0.2500000000000162093, -0.6656986149863370894 ) ) ;
#201 = VECTOR ( 'NONE', #4818, 999.9999999999998863 ) ;
#202 = ORIENTED_EDGE ( 'NONE', *, *, #9121, .F. ) ;
#203 = EDGE_CURVE ( 'NONE', #8354, #6865, #7611, .T. ) ;
#204 = LINE ( 'NONE', #3842, #8942 ) ;
#205 = DIRECTION ( 'NONE',  ( 0.6875305731827834332, 0.000000000000000000, 0.7261554316666323228 ) ) ;
#206 = CARTESIAN_POINT ( 'NONE',  ( 22.73316684934198051, 147.4213562373095385, 45.62499999999995737 ) ) ;
#207 = DIRECTION ( 'NONE',  ( -1.000000000000000000, 0.000000000000000000, -0.000000000000000000 ) ) ;
#208 = EDGE_CURVE ( 'NONE', #9054, #8573, #8119, .T. ) ;
#209 = VERTEX_POINT ( 'NONE', #3824 ) ;
#210 = CARTESIAN_POINT ( 'NONE',  ( -32.47595264191693332, 6.000000000000005329, -28.74999999999999289 ) ) ;
#211 = VECTOR ( 'NONE', #836, 1000.000000000000000 ) ;
#212 = ORIENTED_EDGE ( 'NONE', *, *, #7781, .F. ) ;
#213 = ORIENTED_EDGE ( 'NONE', *, *, #3265, .T. ) ;
#214 = DIRECTION ( 'NONE',  ( 0.8137976813493634776, -0.4999999999999976685, 0.2961981327260559960 ) ) ;
#215 = APPLICATION_CONTEXT ( 'configuration controlled 3d designs of mechanical parts and assemblies' ) ;
#216 = EDGE_CURVE ( 'NONE', #2263, #3025, #7424, .T. ) ;
#217 = CARTESIAN_POINT ( 'NONE',  ( 28.14582562299473878, 6.000000000000005329, -42.49999999999998579 ) ) ;
#218 = AXIS2_PLACEMENT_3D ( 'NONE', #2993, #3733, #8991 ) ;
#219 = ADVANCED_FACE ( 'NONE', ( #3687 ), #8948, .T. ) ;
#220 = EDGE_LOOP ( 'NONE', ( #5551, #1111, #9684, #9022 ) ) ;
#221 = CARTESIAN_POINT ( 'NONE',  ( 49.99999999999999289, 6.000000000000000000, 50.00000000000000000 ) ) ;
#222 = ORIENTED_EDGE ( 'NONE', *, *, #4757, .F. ) ;
#223 = LINE ( 'NONE', #7836, #6560 ) ;
#224 = AXIS2_PLACEMENT_3D ( 'NONE', #8061, #5645, #389 ) ;
#225 = EDGE_LOOP ( 'NONE', ( #4365, #7247, #4504, #3962, #2390, #9503 ) ) ;
#226 = ORIENTED_EDGE ( 'NONE', *, *, #6846, .F. ) ;
#227 = CIRCLE ( 'NONE', #6673, 61.96152422706628471 ) ;
#228 = ADVANCED_FACE ( 'NONE', ( #8210 ), #785, .T. ) ;
#229 = CARTESIAN_POINT ( 'NONE',  ( -48.18039637606665337, 0.000000000000000000, -87.18281677883985026 ) ) ;
#230 = ORIENTED_EDGE ( 'NONE', *, *, #5095, .F. ) ;
#231 = CARTESIAN_POINT ( 'NONE',  ( -41.13620667976131529, 6.000000000000005329, 49.99999999999998579 ) ) ;
#232 = ORIENTED_EDGE ( 'NONE', *, *, #985, .F. ) ;
#233 = CARTESIAN_POINT ( 'NONE',  ( -41.13620667976124423, 0.000000000000000000, 13.74999999999999822 ) ) ;
#234 = VECTOR ( 'NONE', #596, 1000.000000000000000 ) ;
#235 = EDGE_LOOP ( 'NONE', ( #125, #9415, #7483, #8065, #3910, #3523 ) ) ;
#236 = EDGE_LOOP ( 'NONE', ( #7699, #854 ) ) ;
#237 = ADVANCED_FACE ( 'NONE', ( #3138 ), #5165, .T. ) ;
#238 = EDGE_LOOP ( 'NONE', ( #4067, #6909, #3863, #8874 ) ) ;
#239 = FACE_BOUND ( 'NONE', #131, .T. ) ;
#240 = CARTESIAN_POINT ( 'NONE',  ( 6.076226797624230791, 6.000000000000005329, 38.02433353179695530 ) ) ;
#241 = CARTESIAN_POINT ( 'NONE',  ( 49.99999999999998579, 147.4213562373095385, -37.85254037844261177 ) ) ;
#242 = DIRECTION ( 'NONE',  ( 0.000000000000000000, 0.000000000000000000, -1.000000000000000000 ) ) ;
#243 = EDGE_LOOP ( 'NONE', ( #6813, #9449, #5098, #5990 ) ) ;
#244 = EDGE_CURVE ( 'NONE', #4858, #6264, #7659, .T. ) ;
#245 = CARTESIAN_POINT ( 'NONE',  ( 49.99999999999997868, 6.000000000000005329, -4.647459621557000098 ) ) ;
#246 = CARTESIAN_POINT ( 'NONE',  ( 22.73316684934153287, 0.000000000000000000, -3.124999999999960920 ) ) ;
#247 = VERTEX_POINT ( 'NONE', #1673 ) ;
#248 = CARTESIAN_POINT ( 'NONE',  ( -41.13620667976131529, 147.4213562373095385, -34.99999999999999289 ) ) ;
#249 = ORIENTED_EDGE ( 'NONE', *, *, #9113, .F. ) ;
#250 =( GEOMETRIC_REPRESENTATION_CONTEXT ( 3 ) GLOBAL_UNCERTAINTY_ASSIGNED_CONTEXT ( ( #9182 ) ) GLOBAL_UNIT_ASSIGNED_CONTEXT ( ( #1121, #6230, #3920 ) ) REPRESENTATION_CONTEXT ( 'NONE', 'WORKASPACE' ) );
#251 = CARTESIAN_POINT ( 'NONE',  ( 59.87475935947254158, 11.59251614915340944, -83.37431452178670099 ) ) ;
#252 = DIRECTION ( 'NONE',  ( -0.7030969734007281868, -0.2500000000000162093, 0.6656986149863370894 ) ) ;
#253 = DIRECTION ( 'NONE',  ( 0.4698463103929531592, 0.8660254037844399289, 0.1710100716628304984 ) ) ;
#254 = FACE_BOUND ( 'NONE', #3777, .T. ) ;
#255 = EDGE_LOOP ( 'NONE', ( #8401, #2254, #5340, #6597 ) ) ;
#256 = LINE ( 'NONE', #9350, #4852 ) ;
#257 = VECTOR ( 'NONE', #2096, 1000.000000000000000 ) ;
#258 = EDGE_LOOP ( 'NONE', ( #133, #7555, #5728, #8248 ) ) ;
#259 = CARTESIAN_POINT ( 'NONE',  ( 21.86105912627045456, 6.000000000000005329, 24.37499999999996447 ) ) ;
#260 = AXIS2_PLACEMENT_3D ( 'NONE', #2304, #7435, #4568 ) ;
#261 = VECTOR ( 'NONE', #1796, 1000.000000000000000 ) ;
#262 = FACE_BOUND ( 'NONE', #2486, .T. ) ;
#263 = EDGE_CURVE ( 'NONE', #1798, #3790, #5848, .T. ) ;
#264 = CARTESIAN_POINT ( 'NONE',  ( 28.14582562299473878, 6.000000000000005329, 42.49999999999998579 ) ) ;
#265 = ORIENTED_EDGE ( 'NONE', *, *, #3855, .F. ) ;
#266 = DIRECTION ( 'NONE',  ( -0.5000000000000011102, 0.000000000000000000, 0.8660254037844379305 ) ) ;
#267 = VERTEX_POINT ( 'NONE', #5954 ) ;
#268 = ADVANCED_FACE ( 'NONE', ( #2173 ), #5171, .F. ) ;
#269 = LINE ( 'NONE', #2347, #2813 ) ;
#270 = LINE ( 'NONE', #959, #2780 ) ;
#271 = VECTOR ( 'NONE', #4816, 1000.000000000000000 ) ;
#272 = EDGE_LOOP ( 'NONE', ( #8011, #598, #1815, #1766 ) ) ;
#273 = ORIENTED_EDGE ( 'NONE', *, *, #2635, .F. ) ;
#274 = EDGE_CURVE ( 'NONE', #1276, #2475, #3547, .T. ) ;
#275 = DIRECTION ( 'NONE',  ( 0.000000000000000000, 0.000000000000000000, 1.000000000000000000 ) ) ;
#276 = DIRECTION ( 'NONE',  ( 1.000000000000000000, 0.000000000000000000, -4.006172263299126906E-16 ) ) ;
#277 = ORIENTED_EDGE ( 'NONE', *, *, #3849, .T. ) ;
#278 = CARTESIAN_POINT ( 'NONE',  ( -80.49426287064059693, -5.728384940746157561, -94.21832142862297133 ) ) ;
#279 = EDGE_LOOP ( 'NONE', ( #1125, #7858, #7503, #2092 ) ) ;
#280 = CARTESIAN_POINT ( 'NONE',  ( 3.673940397442059967E-15, 147.4213562373095385, 30.00000000000000000 ) ) ;
#281 = VECTOR ( 'NONE', #7712, 1000.000000000000114 ) ;
#282 = DATE_AND_TIME ( #7012, #9681 ) ;
#283 = EDGE_CURVE ( 'NONE', #1134, #3083, #8216, .T. ) ;
#284 = ORIENTED_EDGE ( 'NONE', *, *, #8879, .T. ) ;
#285 = VERTEX_POINT ( 'NONE', #697 ) ;
#286 = EDGE_LOOP ( 'NONE', ( #5104, #7893, #7163, #6115, #7590, #1324 ) ) ;
#287 = DIRECTION ( 'NONE',  ( 0.8660254037844383745, -0.000000000000000000, 0.5000000000000004441 ) ) ;
#288 = CARTESIAN_POINT ( 'NONE',  ( -14.07291281149715090, 0.000000000000000000, -3.124999999999960920 ) ) ;
#289 = LINE ( 'NONE', #3286, #9211 ) ;
#290 = CARTESIAN_POINT ( 'NONE',  ( 41.13620667976131529, 147.4213562373095385, -34.99999999999999289 ) ) ;
#291 = VERTEX_POINT ( 'NONE', #4376 ) ;
#292 = LINE ( 'NONE', #6390, #3346 ) ;
#293 = CARTESIAN_POINT ( 'NONE',  ( 45.46633369868351338, 0.000000000000000000, 42.49999999999998579 ) ) ;
#294 = EDGE_CURVE ( 'NONE', #7112, #5368, #9595, .T. ) ;
#295 = ORIENTED_EDGE ( 'NONE', *, *, #708, .T. ) ;
#296 = EDGE_CURVE ( 'NONE', #7530, #3114, #8074, .T. ) ;
#297 = DIRECTION ( 'NONE',  ( 1.000000000000000000, 0.000000000000000000, 0.000000000000000000 ) ) ;
#298 = ORIENTED_EDGE ( 'NONE', *, *, #5252, .T. ) ;
#299 = ORIENTED_EDGE ( 'NONE', *, *, #3345, .F. ) ;
#300 = AXIS2_PLACEMENT_3D ( 'NONE', #9501, #8033, #606 ) ;
#301 = DIRECTION ( 'NONE',  ( 0.000000000000000000, 0.000000000000000000, -1.000000000000000000 ) ) ;
#302 = EDGE_CURVE ( 'NONE', #9620, #4385, #5855, .T. ) ;
#303 = EDGE_CURVE ( 'NONE', #41, #3431, #8175, .T. ) ;
#304 = CARTESIAN_POINT ( 'NONE',  ( 95.31102044180072141, -5.728164937518889666, 53.51072870777982615 ) ) ;
#305 = VECTOR ( 'NONE', #464, 1000.000000000000000 ) ;
#306 = LINE ( 'NONE', #3299, #1619 ) ;
#307 = CARTESIAN_POINT ( 'NONE',  ( 41.13620667976131529, 6.000000000000005329, 34.99999999999999289 ) ) ;
#308 = ORIENTED_EDGE ( 'NONE', *, *, #1448, .F. ) ;
#309 = VECTOR ( 'NONE', #6539, 1000.000000000000000 ) ;
#310 = PLANE ( 'NONE',  #792 ) ;
#311 = ADVANCED_FACE ( 'NONE', ( #4325 ), #6548, .F. ) ;
#312 = CARTESIAN_POINT ( 'NONE',  ( 41.13620667976124423, 147.4213562373095385, 13.74999999999999822 ) ) ;
#313 = AXIS2_PLACEMENT_3D ( 'NONE', #863, #2389, #5396 ) ;
#314 = CARTESIAN_POINT ( 'NONE',  ( 66.00000000000132161, 0.000000000000000000, -38.22385819845064958 ) ) ;
#315 = AXIS2_PLACEMENT_3D ( 'NONE', #2619, #8621, #1897 ) ;
#316 = CARTESIAN_POINT ( 'NONE',  ( 50.00000000000000000, 0.000000000000000000, -25.89745962155733139 ) ) ;
#317 = CARTESIAN_POINT ( 'NONE',  ( 54.69999999999838280, 0.000000000000000000, 57.19999999999805596 ) ) ;
#318 = EDGE_LOOP ( 'NONE', ( #6911, #3821 ) ) ;
#319 = CARTESIAN_POINT ( 'NONE',  ( 50.00000000000000000, 0.000000000000000000, -4.647459621556972564 ) ) ;
#320 = ORIENTED_EDGE ( 'NONE', *, *, #8893, .T. ) ;
#321 = DIRECTION ( 'NONE',  ( -0.8137976813493688066, 0.4999999999999977796, 0.2961981327260409524 ) ) ;
#322 = CARTESIAN_POINT ( 'NONE',  ( -46.54886545341427961, 0.000000000000000000, 31.87499999999998579 ) ) ;
#323 = EDGE_LOOP ( 'NONE', ( #8480, #7956, #8637, #5928 ) ) ;
#324 = ORIENTED_EDGE ( 'NONE', *, *, #7985, .F. ) ;
#325 = LINE ( 'NONE', #5629, #6035 ) ;
#326 = ADVANCED_FACE ( 'NONE', ( #2754 ), #5217, .T. ) ;
#327 = DIRECTION ( 'NONE',  ( -0.5000000000000006661, 0.000000000000000000, -0.8660254037844382635 ) ) ;
#328 = DIRECTION ( 'NONE',  ( 0.000000000000000000, 1.000000000000000000, 0.000000000000000000 ) ) ;
#329 = ORIENTED_EDGE ( 'NONE', *, *, #2037, .T. ) ;
#330 = FACE_OUTER_BOUND ( 'NONE', #4372, .T. ) ;
#331 = CARTESIAN_POINT ( 'NONE',  ( 46.54886545341427961, 6.000000000000005329, 31.87499999999998579 ) ) ;
#332 = ORIENTED_EDGE ( 'NONE', *, *, #7614, .T. ) ;
#333 = DIRECTION ( 'NONE',  ( -0.000000000000000000, -1.000000000000000000, -0.000000000000000000 ) ) ;
#334 = ORIENTED_EDGE ( 'NONE', *, *, #4389, .T. ) ;
#335 = ORIENTED_EDGE ( 'NONE', *, *, #8440, .F. ) ;
#336 = DIRECTION ( 'NONE',  ( 0.4698463103929531592, 0.8660254037844399289, -0.1710100716628304984 ) ) ;
#337 = FACE_OUTER_BOUND ( 'NONE', #4884, .T. ) ;
#338 = CARTESIAN_POINT ( 'NONE',  ( -54.69999999999999574, 0.000000000000000000, -52.19999999999999574 ) ) ;
#339 = FACE_OUTER_BOUND ( 'NONE', #1005, .T. ) ;
#340 = EDGE_CURVE ( 'NONE', #5344, #8400, #5124, .T. ) ;
#341 = VERTEX_POINT ( 'NONE', #5805 ) ;
#342 = CARTESIAN_POINT ( 'NONE',  ( -69.31444149377422548, 13.49999999999950262, -67.09883832977483564 ) ) ;
#343 = ADVANCED_FACE ( 'NONE', ( #1394 ), #3643, .F. ) ;
#344 = CARTESIAN_POINT ( 'NONE',  ( -62.86331081135422494, 8.999999999999962697, -92.41944086838630312 ) ) ;
#345 = VERTEX_POINT ( 'NONE', #7430 ) ;
#346 = DIRECTION ( 'NONE',  ( 0.3420201433256876977, -0.000000000000000000, 0.9396926207859014335 ) ) ;
#347 = ORIENTED_EDGE ( 'NONE', *, *, #1912, .T. ) ;
#348 = CARTESIAN_POINT ( 'NONE',  ( 4.330127018922047100, 147.4213562373095385, -34.99999999999999289 ) ) ;
#349 = VECTOR ( 'NONE', #9110, 1000.000000000000227 ) ;
#350 = VECTOR ( 'NONE', #3496, 999.9999999999998863 ) ;
#351 = CARTESIAN_POINT ( 'NONE',  ( -45.46633369868351338, 6.000000000000005329, 21.24999999999999289 ) ) ;
#352 = CARTESIAN_POINT ( 'NONE',  ( -50.00000000000000000, 6.000000000000000000, -50.00000000000000000 ) ) ;
#353 = CARTESIAN_POINT ( 'NONE',  ( -14.07291281149715090, 147.4213562373095385, -3.124999999999960920 ) ) ;
#354 = VERTEX_POINT ( 'NONE', #9649 ) ;
#355 = VECTOR ( 'NONE', #3751, 1000.000000000000227 ) ;
#356 = FACE_OUTER_BOUND ( 'NONE', #6181, .T. ) ;
#357 = CARTESIAN_POINT ( 'NONE',  ( 69.34793890732208865, 10.90748385084585870, -84.26290891996461596 ) ) ;
#358 = ORIENTED_EDGE ( 'NONE', *, *, #2595, .T. ) ;
#359 = EDGE_CURVE ( 'NONE', #1184, #6185, #1612, .T. ) ;
#360 = CARTESIAN_POINT ( 'NONE',  ( -4.330127018922264703, 147.4213562373095385, 13.74999999999999822 ) ) ;
#361 = CARTESIAN_POINT ( 'NONE',  ( 3.673940397442059967E-15, 6.000000000000005329, 30.00000000000000000 ) ) ;
#362 = DIRECTION ( 'NONE',  ( -1.000000000000000000, 0.000000000000000000, -0.000000000000000000 ) ) ;
#363 = ORIENTED_EDGE ( 'NONE', *, *, #3174, .F. ) ;
#364 = CARTESIAN_POINT ( 'NONE',  ( 9.742785792575173076, 6.000000000000005329, -31.87499999999996447 ) ) ;
#365 = EDGE_LOOP ( 'NONE', ( #6963, #6884, #2145, #1264, #6695, #5413, #4006, #5298, #9330, #4809 ) ) ;
#366 = EDGE_CURVE ( 'NONE', #8927, #4827, #9701, .T. ) ;
#367 = CARTESIAN_POINT ( 'NONE',  ( -65.60302134699557541, 5.661903261019712197, 67.98743272795279324 ) ) ;
#368 = CARTESIAN_POINT ( 'NONE',  ( 54.69999999999838280, 0.000000000000000000, 54.69999999999878781 ) ) ;
#369 = AXIS2_PLACEMENT_3D ( 'NONE', #4665, #8364, #2308 ) ;
#370 = ORIENTED_EDGE ( 'NONE', *, *, #858, .T. ) ;
#371 = ORIENTED_EDGE ( 'NONE', *, *, #6711, .T. ) ;
#372 = DIRECTION ( 'NONE',  ( -0.4698463103929531592, 0.8660254037844399289, 0.1710100716628304984 ) ) ;
#373 = EDGE_CURVE ( 'NONE', #4636, #8592, #2028, .T. ) ;
#374 = AXIS2_PLACEMENT_3D ( 'NONE', #3321, #2007, #7162 ) ;
#375 = CARTESIAN_POINT ( 'NONE',  ( -22.73316684934176379, 6.000000000000005329, 39.37499999999995737 ) ) ;
#376 = LINE ( 'NONE', #4049, #580 ) ;
#377 = EDGE_LOOP ( 'NONE', ( #2891, #2196, #8535, #5301 ) ) ;
#378 = CARTESIAN_POINT ( 'NONE',  ( 32.47595264191693332, 147.4213562373095385, 7.500000000000000888 ) ) ;
#379 = FACE_OUTER_BOUND ( 'NONE', #6142, .T. ) ;
#380 = AXIS2_PLACEMENT_3D ( 'NONE', #1967, #4311, #5843 ) ;
#381 = VERTEX_POINT ( 'NONE', #8807 ) ;
#382 = CARTESIAN_POINT ( 'NONE',  ( 4.330127018922120818, 6.000000000000005329, 13.74999999999999822 ) ) ;
#383 = CALENDAR_DATE ( 2026, 6, 2 ) ;
#384 = AXIS2_PLACEMENT_3D ( 'NONE', #2564, #4879, #7043 ) ;
#385 = EDGE_LOOP ( 'NONE', ( #9186, #8987, #3918, #3217 ) ) ;
#386 = ORIENTED_EDGE ( 'NONE', *, *, #2336, .T. ) ;
#387 = ORIENTED_EDGE ( 'NONE', *, *, #4086, .T. ) ;
#388 = DIRECTION ( 'NONE',  ( 0.000000000000000000, 1.000000000000000000, 0.000000000000000000 ) ) ;
#389 = DIRECTION ( 'NONE',  ( 0.8789733129752216323, -0.4768709627114691707, 0.000000000000000000 ) ) ;
#390 = DIRECTION ( 'NONE',  ( -0.000000000000000000, -1.000000000000000000, -0.000000000000000000 ) ) ;
#391 = DIRECTION ( 'NONE',  ( 0.000000000000000000, 1.000000000000000000, 0.000000000000000000 ) ) ;
#392 = EDGE_LOOP ( 'NONE', ( #5734, #8804, #2992, #816 ) ) ;
#393 = CARTESIAN_POINT ( 'NONE',  ( -21.86105912627042258, 0.000000000000000000, 24.37499999999996092 ) ) ;
#394 = PLANE ( 'NONE',  #5181 ) ;
#395 = EDGE_LOOP ( 'NONE', ( #2070, #1484, #4172, #9429 ) ) ;
#396 = DIRECTION ( 'NONE',  ( -0.000000000000000000, -1.000000000000000000, -0.000000000000000000 ) ) ;
#397 = ORIENTED_EDGE ( 'NONE', *, *, #6187, .T. ) ;
#398 = ORIENTED_EDGE ( 'NONE', *, *, #3598, .T. ) ;
#399 = CARTESIAN_POINT ( 'NONE',  ( 49.99999999999998579, 0.000000000000000000, -25.89745962155736692 ) ) ;
#400 = EDGE_CURVE ( 'NONE', #3144, #1707, #2863, .T. ) ;
#401 = VECTOR ( 'NONE', #6393, 1000.000000000000000 ) ;
#402 = CARTESIAN_POINT ( 'NONE',  ( 32.47595264191693332, 147.4213562373095385, -34.99999999999999289 ) ) ;
#403 = DIRECTION ( 'NONE',  ( 0.000000000000000000, 1.000000000000000000, 0.000000000000000000 ) ) ;
#404 = FACE_BOUND ( 'NONE', #2205, .T. ) ;
#405 = ORIENTED_EDGE ( 'NONE', *, *, #3586, .F. ) ;
#406 = DIRECTION ( 'NONE',  ( 0.7030969734007281868, 0.2500000000000162093, 0.6656986149863370894 ) ) ;
#407 = AXIS2_PLACEMENT_3D ( 'NONE', #8730, #4250, #3519 ) ;
#408 = EDGE_CURVE ( 'NONE', #734, #8088, #7569, .T. ) ;
#409 = DIRECTION ( 'NONE',  ( 0.4999999999999997224, 0.000000000000000000, 0.8660254037844388186 ) ) ;
#410 = ORIENTED_EDGE ( 'NONE', *, *, #8095, .F. ) ;
#411 = PLANE ( 'NONE',  #950 ) ;
#412 = DIRECTION ( 'NONE',  ( -0.000000000000000000, -0.000000000000000000, 1.000000000000000000 ) ) ;
#413 = DIRECTION ( 'NONE',  ( 0.000000000000000000, 0.000000000000000000, -1.000000000000000000 ) ) ;
#414 = ORIENTED_EDGE ( 'NONE', *, *, #6363, .T. ) ;
#415 = PLANE ( 'NONE',  #8863 ) ;
#416 = CARTESIAN_POINT ( 'NONE',  ( -46.54886545341405935, 147.4213562373095385, -10.62499999999999822 ) ) ;
#417 = DIRECTION ( 'NONE',  ( -1.000000000000000000, -0.000000000000000000, -0.000000000000000000 ) ) ;
#418 = EDGE_CURVE ( 'NONE', #5167, #5138, #4895, .T. ) ;
#419 = AXIS2_PLACEMENT_3D ( 'NONE', #3926, #3968, #6287 ) ;
#420 = ORIENTED_EDGE ( 'NONE', *, *, #5159, .T. ) ;
#421 = CIRCLE ( 'NONE', #6395, 61.96152422706629181 ) ;
#422 = ORIENTED_EDGE ( 'NONE', *, *, #2210, .T. ) ;
#423 = VECTOR ( 'NONE', #8432, 1000.000000000000114 ) ;
#424 = CARTESIAN_POINT ( 'NONE',  ( -11.54700538379295516, 0.000000000000000000, -50.00000000000000000 ) ) ;
#425 = ADVANCED_FACE ( 'NONE', ( #5311 ), #7523, .T. ) ;
#426 = LINE ( 'NONE', #4102, #6756 ) ;
#427 = EDGE_CURVE ( 'NONE', #381, #9575, #746, .T. ) ;
#428 = DIRECTION ( 'NONE',  ( 0.3420201433256623846, 0.000000000000000000, 0.9396926207859106484 ) ) ;
#429 = ORIENTED_EDGE ( 'NONE', *, *, #4199, .T. ) ;
#430 = DIRECTION ( 'NONE',  ( 0.8660254037844387076, 0.000000000000000000, -0.4999999999999998890 ) ) ;
#431 = AXIS2_PLACEMENT_3D ( 'NONE', #5265, #5175, #8360 ) ;
#432 = PLANE ( 'NONE',  #6499 ) ;
#433 = ORIENTED_EDGE ( 'NONE', *, *, #4989, .T. ) ;
#434 = ORIENTED_EDGE ( 'NONE', *, *, #9591, .T. ) ;
#435 = VECTOR ( 'NONE', #1552, 999.9999999999998863 ) ;
#436 = ORIENTED_EDGE ( 'NONE', *, *, #9414, .F. ) ;
#437 = CARTESIAN_POINT ( 'NONE',  ( 49.99999999999999289, 6.000000000000000000, 25.89745962155738823 ) ) ;
#438 = FACE_OUTER_BOUND ( 'NONE', #2527, .T. ) ;
#439 = DIRECTION ( 'NONE',  ( -0.4999999999999997780, 0.000000000000000000, -0.8660254037844387076 ) ) ;
#440 = CIRCLE ( 'NONE', #8292, 6.999999999999942268 ) ;
#441 = DIRECTION ( 'NONE',  ( 0.000000000000000000, 0.000000000000000000, 1.000000000000000000 ) ) ;
#442 = ORIENTED_EDGE ( 'NONE', *, *, #4872, .F. ) ;
#443 = DIRECTION ( 'NONE',  ( 0.4698463103929487183, 0.8660254037844400399, 0.1710100716628430717 ) ) ;
#444 = DIRECTION ( 'NONE',  ( -0.000000000000000000, 1.000000000000000000, -0.000000000000000000 ) ) ;
#445 = CARTESIAN_POINT ( 'NONE',  ( 32.47595264191693332, 147.4213562373095385, -28.74999999999999289 ) ) ;
#446 = LINE ( 'NONE', #9291, #7306 ) ;
#447 = EDGE_CURVE ( 'NONE', #5600, #8476, #6190, .T. ) ;
#448 = VERTEX_POINT ( 'NONE', #1629 ) ;
#449 = ORIENTED_EDGE ( 'NONE', *, *, #9294, .F. ) ;
#450 = ORIENTED_EDGE ( 'NONE', *, *, #5489, .F. ) ;
#451 = LINE ( 'NONE', #5608, #5610 ) ;
#452 = DIRECTION ( 'NONE',  ( -0.000000000000000000, -1.000000000000000000, -0.000000000000000000 ) ) ;
#453 = CARTESIAN_POINT ( 'NONE',  ( 22.71712670107556420, 6.000000000000005329, 3.124999999999962697 ) ) ;
#454 = LINE ( 'NONE', #9402, #6627 ) ;
#455 = LINE ( 'NONE', #307, #8781 ) ;
#456 = VERTEX_POINT ( 'NONE', #1581 ) ;
#457 = DIRECTION ( 'NONE',  ( 0.6875305731827834332, 0.000000000000000000, -0.7261554316666323228 ) ) ;
#458 = ADVANCED_FACE ( 'NONE', ( #3741 ), #2300, .F. ) ;
#459 = EDGE_CURVE ( 'NONE', #8914, #4446, #4566, .T. ) ;
#460 = AXIS2_PLACEMENT_3D ( 'NONE', #5325, #4675, #3015 ) ;
#461 = CARTESIAN_POINT ( 'NONE',  ( 28.14582562299473878, 6.000000000000005329, -42.49999999999998579 ) ) ;
#462 = VECTOR ( 'NONE', #2267, 1000.000000000000000 ) ;
#463 = LINE ( 'NONE', #6258, #1440 ) ;
#464 = DIRECTION ( 'NONE',  ( -1.000000000000000000, 0.000000000000000000, 0.000000000000000000 ) ) ;
#465 = VECTOR ( 'NONE', #321, 1000.000000000000114 ) ;
#466 = CARTESIAN_POINT ( 'NONE',  ( 22.73316684934153287, 0.000000000000000000, -3.124999999999960920 ) ) ;
#467 = ORIENTED_EDGE ( 'NONE', *, *, #2728, .T. ) ;
#468 = LINE ( 'NONE', #4092, #1963 ) ;
#469 = EDGE_CURVE ( 'NONE', #5064, #3442, #877, .T. ) ;
#470 = EDGE_CURVE ( 'NONE', #2244, #9542, #7666, .T. ) ;
#471 = DIRECTION ( 'NONE',  ( -0.4698463103929532703, -0.8660254037844400399, 0.1710100716628305539 ) ) ;
#472 = LINE ( 'NONE', #4987, #114 ) ;
#473 = ADVANCED_FACE ( 'NONE', ( #9141 ), #831, .T. ) ;
#474 = CIRCLE ( 'NONE', #8623, 3.999999999999994227 ) ;
#475 = ORIENTED_EDGE ( 'NONE', *, *, #447, .F. ) ;
#476 = VECTOR ( 'NONE', #4343, 1000.000000000000000 ) ;
#477 = ORIENTED_EDGE ( 'NONE', *, *, #1405, .F. ) ;
#478 = CARTESIAN_POINT ( 'NONE',  ( -46.40590262964586543, 4.500000000000002665, 92.41944086838630312 ) ) ;
#479 = LINE ( 'NONE', #3471, #3770 ) ;
#480 = CARTESIAN_POINT ( 'NONE',  ( 25.98076211353308551, 0.000000000000000000, -15.00000000000013323 ) ) ;
#481 = VERTEX_POINT ( 'NONE', #928 ) ;
#482 = FACE_OUTER_BOUND ( 'NONE', #7655, .T. ) ;
#483 = ORIENTED_EDGE ( 'NONE', *, *, #4861, .F. ) ;
#484 = CARTESIAN_POINT ( 'NONE',  ( -4.330127018922264703, 0.000000000000000000, 13.74999999999999822 ) ) ;
#485 = VERTEX_POINT ( 'NONE', #191 ) ;
#486 = EDGE_CURVE ( 'NONE', #2253, #1614, #4658, .T. ) ;
#487 = EDGE_LOOP ( 'NONE', ( #1391, #4272, #9375, #230, #2489, #817 ) ) ;
#488 = AXIS2_PLACEMENT_3D ( 'NONE', #8563, #5617, #5566 ) ;
#489 = ORIENTED_EDGE ( 'NONE', *, *, #891, .T. ) ;
#490 = VECTOR ( 'NONE', #5797, 1000.000000000000114 ) ;
#491 = CARTESIAN_POINT ( 'NONE',  ( -25.98076211353308906, 147.4213562373095385, -15.00000000000011546 ) ) ;
#492 = EDGE_CURVE ( 'NONE', #7042, #808, #3636, .T. ) ;
#493 = DIRECTION ( 'NONE',  ( 0.4698463103929532703, 0.8660254037844400399, 0.1710100716628305539 ) ) ;
#494 = CARTESIAN_POINT ( 'NONE',  ( -30.40590262964586188, 4.500000000000003553, 66.00000000000000000 ) ) ;
#495 = ORIENTED_EDGE ( 'NONE', *, *, #6288, .F. ) ;
#496 = DIRECTION ( 'NONE',  ( 0.8757795372522714228, 0.4330127018922184656, 0.2133312028986802389 ) ) ;
#497 = CARTESIAN_POINT ( 'NONE',  ( 83.46282394258763304, -5.728384940746060749, -86.06226691517680649 ) ) ;
#498 = CARTESIAN_POINT ( 'NONE',  ( 32.47595264191692621, 0.000000000000000000, 50.00000000000000000 ) ) ;
#499 = FACE_BOUND ( 'NONE', #5018, .T. ) ;
#500 = VERTEX_POINT ( 'NONE', #8999 ) ;
#501 = ORIENTED_EDGE ( 'NONE', *, *, #6879, .F. ) ;
#502 = CARTESIAN_POINT ( 'NONE',  ( -8.660254037844460129, 147.4213562373095385, 21.24999999999999645 ) ) ;
#503 = DIRECTION ( 'NONE',  ( -0.8789733129752200780, 0.4768709627114717797, 0.000000000000000000 ) ) ;
#504 = PLANE ( 'NONE',  #5145 ) ;
#505 = LINE ( 'NONE', #605, #4441 ) ;
#506 = CARTESIAN_POINT ( 'NONE',  ( 69.31444149377422548, 13.49999999999950262, 67.09883832977483564 ) ) ;
#507 = ORIENTED_EDGE ( 'NONE', *, *, #4785, .T. ) ;
#508 = CARTESIAN_POINT ( 'NONE',  ( 11.54700538379293384, 0.000000000000000000, 50.00000000000000000 ) ) ;
#509 = EDGE_CURVE ( 'NONE', #6324, #9326, #8355, .T. ) ;
#510 = CARTESIAN_POINT ( 'NONE',  ( 77.90864772864858878, 12.33809673898022119, 67.98743272795279324 ) ) ;
#511 = ORIENTED_EDGE ( 'NONE', *, *, #8410, .T. ) ;
#512 = EDGE_CURVE ( 'NONE', #2636, #6088, #3145, .T. ) ;
#513 = DIRECTION ( 'NONE',  ( 2.006803045524116704E-16, 0.000000000000000000, -1.000000000000000000 ) ) ;
#514 = VECTOR ( 'NONE', #184, 1000.000000000000000 ) ;
#515 = DIRECTION ( 'NONE',  ( -0.4698463103929486073, -0.8660254037844399289, 0.1710100716628430439 ) ) ;
#516 = EDGE_LOOP ( 'NONE', ( #6940, #7600, #2397, #9218, #5787, #1809, #2281, #908 ) ) ;
#517 = PLANE ( 'NONE',  #551 ) ;
#518 = DIRECTION ( 'NONE',  ( 0.09485932030786409230, 0.9607689228305258400, 0.2606238405706607364 ) ) ;
#519 = DIRECTION ( 'NONE',  ( -0.3420201433257009094, 8.160139230994900572E-15, -0.9396926207858966595 ) ) ;
#520 = ORIENTED_EDGE ( 'NONE', *, *, #7133, .T. ) ;
#521 = ORIENTED_EDGE ( 'NONE', *, *, #899, .T. ) ;
#522 = DIRECTION ( 'NONE',  ( 0.4698463103929531592, 0.8660254037844399289, -0.1710100716628304984 ) ) ;
#523 = EDGE_CURVE ( 'NONE', #5976, #6321, #2444, .T. ) ;
#524 = PLANE ( 'NONE',  #2659 ) ;
#525 = CARTESIAN_POINT ( 'NONE',  ( 78.20696522024194053, 13.49999999999979394, 42.66683018934131155 ) ) ;
#526 = VECTOR ( 'NONE', #9337, 1000.000000000000000 ) ;
#527 = VERTEX_POINT ( 'NONE', #4472 ) ;
#528 = FACE_OUTER_BOUND ( 'NONE', #1401, .T. ) ;
#529 = ORIENTED_EDGE ( 'NONE', *, *, #7609, .T. ) ;
#530 = PLANE ( 'NONE',  #6024 ) ;
#531 = ORIENTED_EDGE ( 'NONE', *, *, #4969, .F. ) ;
#532 = ORIENTED_EDGE ( 'NONE', *, *, #5492, .T. ) ;
#533 = AXIS2_PLACEMENT_3D ( 'NONE', #5351, #6688, #6138 ) ;
#534 = ORIENTED_EDGE ( 'NONE', *, *, #5048, .F. ) ;
#535 = LINE ( 'NONE', #6436, #5253 ) ;
#536 = LINE ( 'NONE', #6590, #8584 ) ;
#537 = CARTESIAN_POINT ( 'NONE',  ( 50.00000000000000000, 0.000000000000000000, -16.60254037844303809 ) ) ;
#538 = ORIENTED_EDGE ( 'NONE', *, *, #3345, .T. ) ;
#540 = CARTESIAN_POINT ( 'NONE',  ( 46.54886545341405935, 0.000000000000000000, -10.62499999999999822 ) ) ;
#539 = VECTOR ( 'NONE', #8197, 1000.000000000000114 ) ;
#541 = CARTESIAN_POINT ( 'NONE',  ( -46.40590262964586543, 0.000000000000000000, 85.06805748150695479 ) ) ;
#542 = LINE ( 'NONE', #3540, #4712 ) ;
#543 = DIRECTION ( 'NONE',  ( 1.000000000000000000, 0.000000000000000000, 0.000000000000000000 ) ) ;
#544 = ADVANCED_FACE ( 'NONE', ( #8261 ), #3791, .F. ) ;
#545 = VECTOR ( 'NONE', #3146, 1000.000000000000114 ) ;
#546 = ORIENTED_EDGE ( 'NONE', *, *, #6096, .T. ) ;
#547 = ORIENTED_EDGE ( 'NONE', *, *, #1657, .F. ) ;
#548 = VERTEX_POINT ( 'NONE', #7016 ) ;
#549 = EDGE_LOOP ( 'NONE', ( #9030, #8981, #6075, #8618 ) ) ;
#550 = DIRECTION ( 'NONE',  ( -0.000000000000000000, -1.000000000000000000, -0.000000000000000000 ) ) ;
#551 = AXIS2_PLACEMENT_3D ( 'NONE', #7351, #2093, #618 ) ;
#552 = DIRECTION ( 'NONE',  ( 0.4698463103929531592, 0.8660254037844399289, 0.1710100716628304984 ) ) ;
#553 = ADVANCED_FACE ( 'NONE', ( #1917 ), #4009, .T. ) ;
#554 = DIRECTION ( 'NONE',  ( 0.5000000000000067724, 0.000000000000000000, 0.8660254037844347108 ) ) ;
#555 = LINE ( 'NONE', #2858, #7099 ) ;
#556 = CYLINDRICAL_SURFACE ( 'NONE', #6260, 6.999999999999942268 ) ;
#557 = ORIENTED_EDGE ( 'NONE', *, *, #7345, .T. ) ;
#558 = LINE ( 'NONE', #9552, #641 ) ;
#559 = VECTOR ( 'NONE', #7126, 999.9999999999998863 ) ;
#560 = LINE ( 'NONE', #2087, #4324 ) ;
#561 = FACE_OUTER_BOUND ( 'NONE', #392, .T. ) ;
#562 = AXIS2_PLACEMENT_3D ( 'NONE', #9106, #3801, #3154 ) ;
#563 = FACE_OUTER_BOUND ( 'NONE', #5950, .T. ) ;
#564 = DIRECTION ( 'NONE',  ( 0.5000000000000001110, 0.000000000000000000, 0.8660254037844385966 ) ) ;
#565 = DIRECTION ( 'NONE',  ( 1.000000000000000000, 0.000000000000000000, 0.000000000000000000 ) ) ;
#566 = EDGE_LOOP ( 'NONE', ( #2297, #6588, #3900, #6952, #8214, #8792 ) ) ;
#567 = DIRECTION ( 'NONE',  ( 0.3420201433256876422, -0.000000000000000000, -0.9396926207859014335 ) ) ;
#568 = VECTOR ( 'NONE', #2100, 1000.000000000000000 ) ;
#569 = FACE_OUTER_BOUND ( 'NONE', #1434, .T. ) ;
#570 = CARTESIAN_POINT ( 'NONE',  ( -85.07578430672701586, 14.99999999999994138, -61.77623814447289874 ) ) ;
#571 = EDGE_CURVE ( 'NONE', #5439, #16, #3330, .T. ) ;
#572 = EDGE_LOOP ( 'NONE', ( #3730, #3591, #8791, #5623 ) ) ;
#573 = ORIENTED_EDGE ( 'NONE', *, *, #715, .T. ) ;
#574 = FACE_OUTER_BOUND ( 'NONE', #5896, .T. ) ;
#575 = EDGE_CURVE ( 'NONE', #5378, #8729, #2583, .T. ) ;
#576 = CARTESIAN_POINT ( 'NONE',  ( -48.18039637606665337, 0.000000000000000000, 87.18281677883985026 ) ) ;
#577 = EDGE_CURVE ( 'NONE', #6469, #6264, #9385, .T. ) ;
#578 = ORIENTED_EDGE ( 'NONE', *, *, #656, .T. ) ;
#579 = CARTESIAN_POINT ( 'NONE',  ( 45.46633369868351338, 6.000000000000005329, 21.24999999999999289 ) ) ;
#580 = VECTOR ( 'NONE', #276, 1000.000000000000000 ) ;
#581 = VERTEX_POINT ( 'NONE', #1023 ) ;
#582 = LINE ( 'NONE', #8682, #8856 ) ;
#583 = EDGE_CURVE ( 'NONE', #927, #2263, #9281, .T. ) ;
#584 = AXIS2_PLACEMENT_3D ( 'NONE', #6017, #3663, #4488 ) ;
#585 = ORIENTED_EDGE ( 'NONE', *, *, #1902, .T. ) ;
#586 = ORIENTED_EDGE ( 'NONE', *, *, #7269, .F. ) ;
#587 = DIRECTION ( 'NONE',  ( 1.000000000000000000, 0.000000000000000000, 0.000000000000000000 ) ) ;
#588 = VECTOR ( 'NONE', #4803, 1000.000000000000000 ) ;
#589 = CIRCLE ( 'NONE', #3247, 4.000000000000009770 ) ;
#590 = CARTESIAN_POINT ( 'NONE',  ( 8.660254037844241637, 6.000000000000005329, 42.49999999999999289 ) ) ;
#591 = ORIENTED_EDGE ( 'NONE', *, *, #3492, .F. ) ;
#592 = CARTESIAN_POINT ( 'NONE',  ( -8.660254037844460129, 0.000000000000000000, 21.24999999999999645 ) ) ;
#593 = LINE ( 'NONE', #2020, #4224 ) ;
#594 = EDGE_LOOP ( 'NONE', ( #2025, #6025, #4832, #3789 ) ) ;
#595 = EDGE_CURVE ( 'NONE', #8, #456, #3233, .T. ) ;
#596 = DIRECTION ( 'NONE',  ( -0.000000000000000000, -1.000000000000000000, -0.000000000000000000 ) ) ;
#597 = ORIENTED_EDGE ( 'NONE', *, *, #2120, .F. ) ;
#598 = ORIENTED_EDGE ( 'NONE', *, *, #6817, .T. ) ;
#599 = ORIENTED_EDGE ( 'NONE', *, *, #8046, .F. ) ;
#600 = DIRECTION ( 'NONE',  ( 0.4698463103929532703, 0.8660254037844400399, -0.1710100716628305539 ) ) ;
#601 = CARTESIAN_POINT ( 'NONE',  ( 75.63265198522377375, -12.82481192892387334, -71.63791974095211401 ) ) ;
#602 = ADVANCED_FACE ( 'NONE', ( #6235 ), #4900, .F. ) ;
#603 = CARTESIAN_POINT ( 'NONE',  ( -46.40590262964586543, 0.000000000000000000, 66.00000000000000000 ) ) ;
#604 = EDGE_CURVE ( 'NONE', #6338, #8700, #9332, .T. ) ;
#605 = CARTESIAN_POINT ( 'NONE',  ( 35.72484103454691251, 147.4213562373095385, -20.62574658805230143 ) ) ;
#606 = DIRECTION ( 'NONE',  ( 0.000000000000000000, -0.000000000000000000, -1.000000000000000000 ) ) ;
#607 = VERTEX_POINT ( 'NONE', #8593 ) ;
#608 = CARTESIAN_POINT ( 'NONE',  ( 4.330127018922047100, 0.000000000000000000, -50.00000000000000000 ) ) ;
#609 = EDGE_CURVE ( 'NONE', #764, #2983, #6284, .T. ) ;
#610 = EDGE_CURVE ( 'NONE', #6113, #1442, #1866, .T. ) ;
#611 = DIRECTION ( 'NONE',  ( -0.8660254037844329345, 0.000000000000000000, 0.5000000000000099920 ) ) ;
#612 = ADVANCED_FACE ( 'NONE', ( #2537 ), #7168, .T. ) ;
#613 = DIRECTION ( 'NONE',  ( -0.8660254037844387076, 0.000000000000000000, 0.5000000000000000000 ) ) ;
#614 = DIRECTION ( 'NONE',  ( 0.000000000000000000, 0.000000000000000000, -1.000000000000000000 ) ) ;
#615 = VECTOR ( 'NONE', #7245, 999.9999999999998863 ) ;
#616 = LINE ( 'NONE', #3610, #8837 ) ;
#617 = EDGE_LOOP ( 'NONE', ( #2310, #693, #7579, #4546, #2085 ) ) ;
#618 = DIRECTION ( 'NONE',  ( -0.5000000000000000000, 0.000000000000000000, 0.8660254037844385966 ) ) ;
#619 = VECTOR ( 'NONE', #3349, 1000.000000000000000 ) ;
#620 = CARTESIAN_POINT ( 'NONE',  ( 22.71712670107555709, 0.000000000000000000, 3.124999999999962697 ) ) ;
#621 = DIRECTION ( 'NONE',  ( 0.8660254037844388186, 0.000000000000000000, -0.4999999999999998335 ) ) ;
#622 = ADVANCED_FACE ( 'NONE', ( #239, #4113, #1817, #6382 ), #1767, .F. ) ;
#623 = ORIENTED_EDGE ( 'NONE', *, *, #5437, .T. ) ;
#624 = ORIENTED_EDGE ( 'NONE', *, *, #2312, .T. ) ;
#625 = CARTESIAN_POINT ( 'NONE',  ( -41.13620667976131529, 147.4213562373095385, 49.99999999999998579 ) ) ;
#626 = AXIS2_PLACEMENT_3D ( 'NONE', #1922, #979, #5602 ) ;
#627 = DIRECTION ( 'NONE',  ( -0.4698463103929531592, 0.8660254037844399289, -0.1710100716628304984 ) ) ;
#628 = CARTESIAN_POINT ( 'NONE',  ( 87.70925405845105161, -9.486715189943401683, 55.36244354894026998 ) ) ;
#629 = ORIENTED_EDGE ( 'NONE', *, *, #1601, .T. ) ;
#630 = DIRECTION ( 'NONE',  ( 0.000000000000000000, 0.000000000000000000, 1.000000000000000000 ) ) ;
#631 = ORIENTED_EDGE ( 'NONE', *, *, #8353, .F. ) ;
#632 = AXIS2_PLACEMENT_3D ( 'NONE', #4033, #8616, #7039 ) ;
#633 = ORIENTED_EDGE ( 'NONE', *, *, #9716, .F. ) ;
#634 = CARTESIAN_POINT ( 'NONE',  ( -22.71712670107568499, 6.000000000000005329, 3.124999999999959588 ) ) ;
#635 = VECTOR ( 'NONE', #7448, 1000.000000000000000 ) ;
#636 = EDGE_CURVE ( 'NONE', #3439, #5751, #3594, .T. ) ;
#637 = ORIENTED_EDGE ( 'NONE', *, *, #9548, .F. ) ;
#638 = VERTEX_POINT ( 'NONE', #8640 ) ;
#639 = ORIENTED_EDGE ( 'NONE', *, *, #4716, .T. ) ;
#640 = AXIS2_PLACEMENT_3D ( 'NONE', #7898, #3999, #5631 ) ;
#641 = VECTOR ( 'NONE', #8814, 1000.000000000000114 ) ;
#642 = EDGE_LOOP ( 'NONE', ( #901, #1865, #7167, #4749 ) ) ;
#643 = DIRECTION ( 'NONE',  ( 0.4999999999999997224, 0.000000000000000000, 0.8660254037844388186 ) ) ;
#644 = VERTEX_POINT ( 'NONE', #4161 ) ;
#645 = DIRECTION ( 'NONE',  ( 1.000000000000000000, 0.000000000000000000, 0.000000000000000000 ) ) ;
#646 = PLANE ( 'NONE',  #5638 ) ;
#647 = LINE ( 'NONE', #9589, #7551 ) ;
#648 = LINE ( 'NONE', #5012, #1351 ) ;
#649 = ORIENTED_EDGE ( 'NONE', *, *, #9388, .T. ) ;
#650 = VERTEX_POINT ( 'NONE', #437 ) ;
#651 = ORIENTED_EDGE ( 'NONE', *, *, #9650, .T. ) ;
#652 = ORIENTED_EDGE ( 'NONE', *, *, #7478, .F. ) ;
#653 = DIRECTION ( 'NONE',  ( 1.000000000000000000, 0.000000000000000000, -0.000000000000000000 ) ) ;
#654 = EDGE_CURVE ( 'NONE', #4223, #3722, #3117, .T. ) ;
#655 = CARTESIAN_POINT ( 'NONE',  ( -25.98076211353308906, 6.000000000000005329, -15.00000000000011546 ) ) ;
#656 = EDGE_CURVE ( 'NONE', #6871, #914, #8446, .T. ) ;
#657 = CARTESIAN_POINT ( 'NONE',  ( -41.13620667976131529, 0.000000000000000000, 34.99999999999999289 ) ) ;
#658 = CARTESIAN_POINT ( 'NONE',  ( 9.742785792574935044, 6.000000000000005329, -10.62499999999999822 ) ) ;
#659 = FACE_BOUND ( 'NONE', #1937, .T. ) ;
#660 = ORIENTED_EDGE ( 'NONE', *, *, #8289, .T. ) ;
#661 = LINE ( 'NONE', #3602, #5486 ) ;
#662 = CARTESIAN_POINT ( 'NONE',  ( -41.13620667976131529, 147.4213562373095385, 34.99999999999999289 ) ) ;
#663 = CARTESIAN_POINT ( 'NONE',  ( -14.07291281149715090, 147.4213562373095385, 3.124999999999960920 ) ) ;
#664 = DIRECTION ( 'NONE',  ( -0.3420201433256870871, 3.053113317719179500E-16, 0.9396926207859016555 ) ) ;
#665 = DIRECTION ( 'NONE',  ( 0.4698463103929531592, 0.8660254037844399289, 0.1710100716628304984 ) ) ;
#666 = ORIENTED_EDGE ( 'NONE', *, *, #7870, .T. ) ;
#667 = DIRECTION ( 'NONE',  ( 0.4698463103929531592, 0.8660254037844399289, 0.1710100716628304984 ) ) ;
#668 = CARTESIAN_POINT ( 'NONE',  ( 14.07291281149736051, 0.000000000000000000, -39.37499999999995737 ) ) ;
#669 = LINE ( 'NONE', #6666, #3088 ) ;
#670 = ORIENTED_EDGE ( 'NONE', *, *, #4672, .T. ) ;
#671 = EDGE_CURVE ( 'NONE', #4978, #3973, #7364, .T. ) ;
#672 = ORIENTED_EDGE ( 'NONE', *, *, #2572, .F. ) ;
#673 = DIRECTION ( 'NONE',  ( -0.000000000000000000, -1.000000000000000000, -0.000000000000000000 ) ) ;
#674 = AXIS2_PLACEMENT_3D ( 'NONE', #206, #3062, #5423 ) ;
#675 = EDGE_CURVE ( 'NONE', #7615, #1965, #7958, .T. ) ;
#676 = AXIS2_PLACEMENT_3D ( 'NONE', #8907, #8854, #8758 ) ;
#677 = DIRECTION ( 'NONE',  ( -0.5000000000000067724, 0.000000000000000000, -0.8660254037844347108 ) ) ;
#678 = CARTESIAN_POINT ( 'NONE',  ( 41.13620667976131529, 6.000000000000005329, 28.74999999999999289 ) ) ;
#679 = EDGE_LOOP ( 'NONE', ( #5066, #839, #4190, #7735 ) ) ;
#680 = LINE ( 'NONE', #3719, #7602 ) ;
#681 = VERTEX_POINT ( 'NONE', #1966 ) ;
#682 = ORIENTED_EDGE ( 'NONE', *, *, #6956, .F. ) ;
#683 = PLANE ( 'NONE',  #3572 ) ;
#684 = EDGE_LOOP ( 'NONE', ( #2345, #9173, #7674, #4742 ) ) ;
#685 = ORIENTED_EDGE ( 'NONE', *, *, #427, .F. ) ;
#686 = PLANE ( 'NONE',  #6799 ) ;
#687 = ORIENTED_EDGE ( 'NONE', *, *, #891, .F. ) ;
#688 = DIRECTION ( 'NONE',  ( -0.000000000000000000, -1.000000000000000000, -0.000000000000000000 ) ) ;
#689 = DIRECTION ( 'NONE',  ( 0.5000000000000001110, 0.000000000000000000, 0.8660254037844387076 ) ) ;
#690 = CARTESIAN_POINT ( 'NONE',  ( -45.46633369868351338, 147.4213562373095385, 21.24999999999999289 ) ) ;
#691 = CARTESIAN_POINT ( 'NONE',  ( 32.47595264191693332, 147.4213562373095385, 13.74999999999999467 ) ) ;
#692 = VECTOR ( 'NONE', #6442, 1000.000000000000114 ) ;
#693 = ORIENTED_EDGE ( 'NONE', *, *, #1814, .T. ) ;
#694 = ORIENTED_EDGE ( 'NONE', *, *, #5677, .T. ) ;
#695 = ORIENTED_EDGE ( 'NONE', *, *, #8600, .F. ) ;
#696 = ORIENTED_EDGE ( 'NONE', *, *, #3785, .T. ) ;
#697 = CARTESIAN_POINT ( 'NONE',  ( 32.47595264191693332, 6.000000000000005329, 49.99999999999998579 ) ) ;
#698 = CARTESIAN_POINT ( 'NONE',  ( -75.86167629364946663, -9.486715189943788928, -87.91339593296397936 ) ) ;
#699 = VECTOR ( 'NONE', #688, 1000.000000000000000 ) ;
#700 = CARTESIAN_POINT ( 'NONE',  ( -9.742785792574935044, 147.4213562373095385, 10.62499999999999822 ) ) ;
#701 = ADVANCED_FACE ( 'NONE', ( #4950 ), #4235, .T. ) ;
#702 = CARTESIAN_POINT ( 'NONE',  ( 25.25907427704662567, 6.000000000000005329, 50.00000000000000000 ) ) ;
#703 = CARTESIAN_POINT ( 'NONE',  ( -50.00000000000000000, 6.000000000000000000, -4.647459621556985887 ) ) ;
#704 = ORIENTED_EDGE ( 'NONE', *, *, #8761, .F. ) ;
#705 = VECTOR ( 'NONE', #3924, 1000.000000000000000 ) ;
#706 = PLANE ( 'NONE',  #17 ) ;
#707 = VECTOR ( 'NONE', #3624, 1000.000000000000000 ) ;
#708 = EDGE_CURVE ( 'NONE', #9099, #7603, #1077, .T. ) ;
#709 = DIRECTION ( 'NONE',  ( 0.4999999999999998890, 0.000000000000000000, -0.8660254037844385966 ) ) ;
#710 = CARTESIAN_POINT ( 'NONE',  ( 6.076226797624227238, 0.000000000000000000, 38.02433353179694819 ) ) ;
#711 = DIRECTION ( 'NONE',  ( 0.000000000000000000, 0.000000000000000000, 1.000000000000000000 ) ) ;
#712 = CARTESIAN_POINT ( 'NONE',  ( -72.62888298754663197, 14.99999999999994316, -95.97381846109878722 ) ) ;
#713 = CARTESIAN_POINT ( 'NONE',  ( 14.07291281149715800, 6.000000000000005329, -18.12499999999996092 ) ) ;
#714 = CARTESIAN_POINT ( 'NONE',  ( 32.47595264191693332, 147.4213562373095385, -49.99999999999998579 ) ) ;
#715 = EDGE_CURVE ( 'NONE', #2802, #4323, #1148, .T. ) ;
#716 = ORIENTED_EDGE ( 'NONE', *, *, #147, .F. ) ;
#717 = VERTEX_POINT ( 'NONE', #9457 ) ;
#718 = CARTESIAN_POINT ( 'NONE',  ( -8.660254037844532959, 147.4213562373095385, -42.49999999999999289 ) ) ;
#719 = DIRECTION ( 'NONE',  ( -0.4999999999999997224, 0.000000000000000000, 0.8660254037844388186 ) ) ;
#720 = CARTESIAN_POINT ( 'NONE',  ( 4.330127018922190096, 6.000000000000005329, -7.500000000000000000 ) ) ;
#721 = EDGE_LOOP ( 'NONE', ( #9486, #2027, #5770, #9520 ) ) ;
#722 = DIRECTION ( 'NONE',  ( -0.5000000000000001110, 0.000000000000000000, 0.8660254037844385966 ) ) ;
#723 = CC_DESIGN_DATE_AND_TIME_ASSIGNMENT ( #7313, #8838, ( #1197 ) ) ;
#724 = VERTEX_POINT ( 'NONE', #1940 ) ;
#725 = ORIENTED_EDGE ( 'NONE', *, *, #3676, .F. ) ;
#726 = ADVANCED_FACE ( 'NONE', ( #4031 ), #7141, .F. ) ;
#727 = DIRECTION ( 'NONE',  ( -0.8660254037844387076, 0.000000000000000000, -0.5000000000000001110 ) ) ;
#728 = VECTOR ( 'NONE', #8488, 1000.000000000000000 ) ;
#729 = ADVANCED_FACE ( 'NONE', ( #8716 ), #9302, .F. ) ;
#730 = ORIENTED_EDGE ( 'NONE', *, *, #1802, .T. ) ;
#731 = EDGE_CURVE ( 'NONE', #5331, #3973, #9354, .T. ) ;
#732 = ORIENTED_EDGE ( 'NONE', *, *, #9502, .T. ) ;
#733 = FACE_OUTER_BOUND ( 'NONE', #7350, .T. ) ;
#734 = VERTEX_POINT ( 'NONE', #461 ) ;
#735 = CYLINDRICAL_SURFACE ( 'NONE', #218, 4.000000000000016875 ) ;
#736 = CARTESIAN_POINT ( 'NONE',  ( 32.47595264191693332, 0.000000000000000000, 28.74999999999999289 ) ) ;
#737 = VECTOR ( 'NONE', #2775, 1000.000000000000000 ) ;
#738 = DIRECTION ( 'NONE',  ( 1.000000000000000000, 0.000000000000000000, 0.000000000000000000 ) ) ;
#739 = FACE_OUTER_BOUND ( 'NONE', #7833, .T. ) ;
#740 = EDGE_CURVE ( 'NONE', #7257, #8019, #3457, .T. ) ;
#741 = ORIENTED_EDGE ( 'NONE', *, *, #5765, .T. ) ;
#742 = ORIENTED_EDGE ( 'NONE', *, *, #1325, .T. ) ;
#743 = ORIENTED_EDGE ( 'NONE', *, *, #943, .F. ) ;
#744 = AXIS2_PLACEMENT_3D ( 'NONE', #6484, #3632, #2644 ) ;
#745 = ORIENTED_EDGE ( 'NONE', *, *, #4119, .T. ) ;
#746 = LINE ( 'NONE', #8402, #1123 ) ;
#747 = VECTOR ( 'NONE', #5774, 1000.000000000000114 ) ;
#748 = CARTESIAN_POINT ( 'NONE',  ( 5.898950814473625570, 0.000000000000000000, 26.03271747798174118 ) ) ;
#749 = LINE ( 'NONE', #6510, #4670 ) ;
#750 = DIRECTION ( 'NONE',  ( 1.000000000000000000, 0.000000000000000000, 0.000000000000000000 ) ) ;
#751 = ADVANCED_FACE ( 'NONE', ( #3407 ), #4823, .T. ) ;
#752 = DIRECTION ( 'NONE',  ( 0.5000000000000011102, 0.000000000000000000, -0.8660254037844379305 ) ) ;
#753 = ORIENTED_EDGE ( 'NONE', *, *, #6854, .F. ) ;
#754 = AXIS2_PLACEMENT_3D ( 'NONE', #3110, #31, #6061 ) ;
#755 = DIRECTION ( 'NONE',  ( 0.7030969734007188610, -0.2500000000000085487, -0.6656986149863500790 ) ) ;
#756 = PLANE ( 'NONE',  #2585 ) ;
#757 = LINE ( 'NONE', #2367, #3729 ) ;
#758 = ADVANCED_FACE ( 'NONE', ( #8562 ), #6408, .F. ) ;
#759 = LINE ( 'NONE', #7585, #5686 ) ;
#760 = FACE_OUTER_BOUND ( 'NONE', #3390, .T. ) ;
#761 = VECTOR ( 'NONE', #7887, 1000.000000000000227 ) ;
#762 = CARTESIAN_POINT ( 'NONE',  ( -8.660254037844532959, 147.4213562373095385, -42.49999999999999289 ) ) ;
#763 = CARTESIAN_POINT ( 'NONE',  ( -50.00000000000000000, 0.000000000000000000, -50.00000000000000000 ) ) ;
#764 = VERTEX_POINT ( 'NONE', #510 ) ;
#765 = ORIENTED_EDGE ( 'NONE', *, *, #960, .F. ) ;
#766 = FACE_OUTER_BOUND ( 'NONE', #5500, .T. ) ;
#767 = FACE_BOUND ( 'NONE', #2104, .T. ) ;
#768 = EDGE_CURVE ( 'NONE', #8681, #6947, #4925, .T. ) ;
#769 = EDGE_CURVE ( 'NONE', #5656, #2169, #5665, .T. ) ;
#770 = EDGE_LOOP ( 'NONE', ( #8882, #3969, #3995, #2578 ) ) ;
#771 = CARTESIAN_POINT ( 'NONE',  ( -54.69999999999999574, 0.000000000000000000, -57.20000000000000284 ) ) ;
#772 = ORIENTED_EDGE ( 'NONE', *, *, #5730, .F. ) ;
#773 = ORIENTED_EDGE ( 'NONE', *, *, #7854, .F. ) ;
#774 = FACE_OUTER_BOUND ( 'NONE', #2834, .T. ) ;
#775 = ORIENTED_EDGE ( 'NONE', *, *, #4199, .F. ) ;
#776 = ORIENTED_EDGE ( 'NONE', *, *, #302, .F. ) ;
#777 = VECTOR ( 'NONE', #7924, 1000.000000000000114 ) ;
#778 = AXIS2_PLACEMENT_3D ( 'NONE', #905, #6070, #9117 ) ;
#779 = ORIENTED_EDGE ( 'NONE', *, *, #6471, .F. ) ;
#780 = DIRECTION ( 'NONE',  ( -0.000000000000000000, -1.000000000000000000, -0.000000000000000000 ) ) ;
#781 = VECTOR ( 'NONE', #1133, 1000.000000000000227 ) ;
#782 = ORIENTED_EDGE ( 'NONE', *, *, #2806, .F. ) ;
#783 = CARTESIAN_POINT ( 'NONE',  ( 11.54700538379294450, 147.4213562373095385, -50.00000000000000000 ) ) ;
#784 = CARTESIAN_POINT ( 'NONE',  ( 54.69999999999859597, 0.000000000000000000, -52.19999999999933493 ) ) ;
#785 = PLANE ( 'NONE',  #5595 ) ;
#786 = CARTESIAN_POINT ( 'NONE',  ( -41.13620667976131529, 0.000000000000000000, -28.74999999999999289 ) ) ;
#787 = ADVANCED_FACE ( 'NONE', ( #7825 ), #7933, .F. ) ;
#788 = CIRCLE ( 'NONE', #6273, 6.999999999999941380 ) ;
#789 = EDGE_LOOP ( 'NONE', ( #7176, #6774, #5781, #4885 ) ) ;
#790 = ORIENTED_EDGE ( 'NONE', *, *, #6256, .F. ) ;
#791 = EDGE_CURVE ( 'NONE', #2222, #8668, #1888, .T. ) ;
#792 = AXIS2_PLACEMENT_3D ( 'NONE', #8660, #7881, #1887 ) ;
#793 = ORIENTED_EDGE ( 'NONE', *, *, #3426, .T. ) ;
#794 = CARTESIAN_POINT ( 'NONE',  ( 60.42191776730651753, 13.49999999999921663, 91.53084647020840237 ) ) ;
#795 = LINE ( 'NONE', #3743, #6708 ) ;
#796 = LINE ( 'NONE', #7250, #2793 ) ;
#797 = CARTESIAN_POINT ( 'NONE',  ( -50.00000000000000000, 0.000000000000000000, 50.00000000000000000 ) ) ;
#798 = DIRECTION ( 'NONE',  ( -0.8660254037844387076, 0.000000000000000000, 0.5000000000000001110 ) ) ;
#799 = VERTEX_POINT ( 'NONE', #7776 ) ;
#800 = CARTESIAN_POINT ( 'NONE',  ( -22.73316684934153287, 147.4213562373095385, -3.124999999999960920 ) ) ;
#801 = CARTESIAN_POINT ( 'NONE',  ( 22.73316684934153287, 6.000000000000005329, -3.124999999999960920 ) ) ;
#802 = DIRECTION ( 'NONE',  ( -0.8789733129752196339, -0.4768709627114723348, 0.000000000000000000 ) ) ;
#803 = CARTESIAN_POINT ( 'NONE',  ( -14.06489273736422163, 0.000000000000000000, 18.11110882412125278 ) ) ;
#804 = LINE ( 'NONE', #4532, #2645 ) ;
#805 = DIRECTION ( 'NONE',  ( -0.8789733129752200780, -0.4768709627114717797, 0.000000000000000000 ) ) ;
#806 = ADVANCED_FACE ( 'NONE', ( #1045 ), #7037, .T. ) ;
#807 = ORIENTED_EDGE ( 'NONE', *, *, #2080, .F. ) ;
#808 = VERTEX_POINT ( 'NONE', #357 ) ;
#809 = CARTESIAN_POINT ( 'NONE',  ( 74.16373016832211817, 7.092516149154085348, 51.71195653594099895 ) ) ;
#810 = FACE_BOUND ( 'NONE', #1719, .T. ) ;
#811 = DIRECTION ( 'NONE',  ( 0.000000000000000000, 0.000000000000000000, -1.000000000000000000 ) ) ;
#812 = EDGE_LOOP ( 'NONE', ( #1417, #6676, #8025, #5613 ) ) ;
#813 = CARTESIAN_POINT ( 'NONE',  ( -72.89294144958255117, -9.486715189943879523, 96.06992788138566652 ) ) ;
#814 = ORIENTED_EDGE ( 'NONE', *, *, #842, .F. ) ;
#815 = DIRECTION ( 'NONE',  ( 0.3420201433256623291, 0.000000000000000000, -0.9396926207859106484 ) ) ;
#816 = ORIENTED_EDGE ( 'NONE', *, *, #5930, .F. ) ;
#817 = ORIENTED_EDGE ( 'NONE', *, *, #1188, .F. ) ;
#818 = EDGE_CURVE ( 'NONE', #4701, #8835, #4873, .T. ) ;
#819 = ORIENTED_EDGE ( 'NONE', *, *, #3792, .T. ) ;
#820 = LINE ( 'NONE', #2894, #6941 ) ;
#821 = VECTOR ( 'NONE', #780, 1000.000000000000000 ) ;
#822 = EDGE_LOOP ( 'NONE', ( #7221, #6600, #8997, #8171 ) ) ;
#823 = CARTESIAN_POINT ( 'NONE',  ( 11.54700538379294450, 147.4213562373095385, 50.00000000000000000 ) ) ;
#824 = CARTESIAN_POINT ( 'NONE',  ( -28.14582562299473523, 0.000000000000000000, 21.24999999999999289 ) ) ;
#825 = LINE ( 'NONE', #7471, #5505 ) ;
#826 = DIRECTION ( 'NONE',  ( -0.8789733129752200780, 0.4768709627114717797, 0.000000000000000000 ) ) ;
#827 = ADVANCED_FACE ( 'NONE', ( #8816 ), #2914, .F. ) ;
#828 = ORIENTED_EDGE ( 'NONE', *, *, #7633, .T. ) ;
#829 = ORIENTED_EDGE ( 'NONE', *, *, #8358, .T. ) ;
#830 = EDGE_LOOP ( 'NONE', ( #4418, #4126 ) ) ;
#831 = PLANE ( 'NONE',  #5361 ) ;
#832 = LINE ( 'NONE', #2915, #2415 ) ;
#833 = CARTESIAN_POINT ( 'NONE',  ( 14.07291281149758966, 0.000000000000000000, 45.62499999999995737 ) ) ;
#834 = CARTESIAN_POINT ( 'NONE',  ( -14.06489273736422163, 147.4213562373095385, 18.11110882412125278 ) ) ;
#836 = DIRECTION ( 'NONE',  ( -0.000000000000000000, -1.000000000000000000, -0.000000000000000000 ) ) ;
#835 = VECTOR ( 'NONE', #7864, 1000.000000000000000 ) ;
#837 = CARTESIAN_POINT ( 'NONE',  ( 25.25907427704662922, 6.000000000000005329, -50.00000000000000000 ) ) ;
#838 = ADVANCED_FACE ( 'NONE', ( #2814 ), #5915, .F. ) ;
#839 = ORIENTED_EDGE ( 'NONE', *, *, #5793, .T. ) ;
#840 = CARTESIAN_POINT ( 'NONE',  ( -70.99180026031160651, 17.25833024919703718, 81.52318550399952812 ) ) ;
#841 = FACE_OUTER_BOUND ( 'NONE', #7289, .T. ) ;
#842 = EDGE_CURVE ( 'NONE', #7009, #7467, #560, .T. ) ;
#843 = VECTOR ( 'NONE', #4893, 1000.000000000000000 ) ;
#844 = VECTOR ( 'NONE', #5258, 999.9999999999998863 ) ;
#845 = DIRECTION ( 'NONE',  ( -0.000000000000000000, -1.000000000000000000, -0.000000000000000000 ) ) ;
#846 = DIRECTION ( 'NONE',  ( 0.4698463103929487183, 0.8660254037844400399, 0.1710100716628430717 ) ) ;
#847 = DIRECTION ( 'NONE',  ( 0.4698463103929532703, -0.8660254037844400399, -0.1710100716628305539 ) ) ;
#848 = LINE ( 'NONE', #6016, #7537 ) ;
#849 = VECTOR ( 'NONE', #4191, 1000.000000000000000 ) ;
#850 = ORIENTED_EDGE ( 'NONE', *, *, #8520, .T. ) ;
#851 = ORIENTED_EDGE ( 'NONE', *, *, #4370, .T. ) ;
#852 = FACE_OUTER_BOUND ( 'NONE', #2152, .T. ) ;
#853 = CARTESIAN_POINT ( 'NONE',  ( -22.73316684934198051, 6.000000000000005329, 45.62499999999995737 ) ) ;
#854 = ORIENTED_EDGE ( 'NONE', *, *, #3183, .T. ) ;
#855 = FACE_OUTER_BOUND ( 'NONE', #2534, .T. ) ;
#856 = ORIENTED_EDGE ( 'NONE', *, *, #5598, .T. ) ;
#857 = DIRECTION ( 'NONE',  ( 0.5000000000000001110, 0.000000000000000000, -0.8660254037844387076 ) ) ;
#858 = EDGE_CURVE ( 'NONE', #7505, #7474, #7344, .T. ) ;
#859 = ORIENTED_EDGE ( 'NONE', *, *, #1456, .F. ) ;
#860 = ORIENTED_EDGE ( 'NONE', *, *, #6559, .T. ) ;
#861 = AXIS2_PLACEMENT_3D ( 'NONE', #2364, #8367, #1641 ) ;
#862 = VERTEX_POINT ( 'NONE', #4390 ) ;
#863 = CARTESIAN_POINT ( 'NONE',  ( 25.98076211353308551, 0.000000000000000000, -15.00000000000013323 ) ) ;
#864 = ORIENTED_EDGE ( 'NONE', *, *, #2201, .F. ) ;
#865 = VECTOR ( 'NONE', #2182, 1000.000000000000000 ) ;
#866 = LINE ( 'NONE', #2290, #821 ) ;
#867 = CARTESIAN_POINT ( 'NONE',  ( 46.54886545341405935, 147.4213562373095385, -10.62499999999999822 ) ) ;
#868 = EDGE_CURVE ( 'NONE', #4890, #5713, #4283, .T. ) ;
#869 = EDGE_CURVE ( 'NONE', #5199, #4912, #6056, .T. ) ;
#870 = CARTESIAN_POINT ( 'NONE',  ( -28.14582562299473878, 6.000000000000005329, 42.49999999999998579 ) ) ;
#871 = CARTESIAN_POINT ( 'NONE',  ( 49.99999999999997158, 147.4213562373095385, 4.647459621557030296 ) ) ;
#872 = AXIS2_PLACEMENT_3D ( 'NONE', #2977, #1466, #5929 ) ;
#873 = DIRECTION ( 'NONE',  ( -0.4698463103929531592, 0.8660254037844399289, 0.1710100716628304984 ) ) ;
#874 = ORIENTED_EDGE ( 'NONE', *, *, #2056, .F. ) ;
#875 = EDGE_LOOP ( 'NONE', ( #637, #8679, #5160, #3208 ) ) ;
#876 = ORIENTED_EDGE ( 'NONE', *, *, #7643, .T. ) ;
#877 = LINE ( 'NONE', #3096, #9126 ) ;
#878 = CARTESIAN_POINT ( 'NONE',  ( 72.34578304174857522, -11.39419904078968493, -87.91339593296397936 ) ) ;
#879 = DIRECTION ( 'NONE',  ( -0.5000000000000001110, 0.000000000000000000, 0.8660254037844387076 ) ) ;
#880 = EDGE_CURVE ( 'NONE', #6217, #3650, #8555, .T. ) ;
#881 = CARTESIAN_POINT ( 'NONE',  ( 32.47595264191693332, 147.4213562373095385, 49.99999999999998579 ) ) ;
#882 = EDGE_CURVE ( 'NONE', #2902, #2065, #9710, .T. ) ;
#883 = EDGE_LOOP ( 'NONE', ( #4616, #6396, #6289, #2590, #2954, #5862 ) ) ;
#884 = CARTESIAN_POINT ( 'NONE',  ( -50.00000000000000000, 0.000000000000000000, -37.85254037844264019 ) ) ;
#885 = DIRECTION ( 'NONE',  ( 0.4999999999999993339, 0.000000000000000000, 0.8660254037844389297 ) ) ;
#886 = VERTEX_POINT ( 'NONE', #6706 ) ;
#887 = VECTOR ( 'NONE', #8797, 1000.000000000000114 ) ;
#888 = LINE ( 'NONE', #3890, #3216 ) ;
#889 = VECTOR ( 'NONE', #4177, 1000.000000000000000 ) ;
#890 = DIRECTION ( 'NONE',  ( -0.5000000000000000000, 0.000000000000000000, 0.8660254037844385966 ) ) ;
#891 = EDGE_CURVE ( 'NONE', #7729, #5937, #2965, .T. ) ;
#892 = FACE_OUTER_BOUND ( 'NONE', #9432, .T. ) ;
#893 = VECTOR ( 'NONE', #6148, 1000.000000000000000 ) ;
#894 = EDGE_CURVE ( 'NONE', #4769, #3031, #8864, .T. ) ;
#895 = CARTESIAN_POINT ( 'NONE',  ( 68.02323918836455618, 17.25833024919694125, 89.67924001744570717 ) ) ;
#896 = CARTESIAN_POINT ( 'NONE',  ( 79.37756954555035804, -7.579231339097894704, -87.91339593296397936 ) ) ;
#897 = CARTESIAN_POINT ( 'NONE',  ( -66.00000000000000000, 6.000000000000000000, 38.22385819845018062 ) ) ;
#898 = EDGE_CURVE ( 'NONE', #5154, #4686, #7394, .T. ) ;
#899 = EDGE_CURVE ( 'NONE', #8557, #1531, #5575, .T. ) ;
#900 = AXIS2_PLACEMENT_3D ( 'NONE', #4024, #9293, #4127 ) ;
#901 = ORIENTED_EDGE ( 'NONE', *, *, #5123, .F. ) ;
#902 = ORIENTED_EDGE ( 'NONE', *, *, #1737, .F. ) ;
#903 = EDGE_CURVE ( 'NONE', #2844, #6680, #7292, .T. ) ;
#904 = DIRECTION ( 'NONE',  ( -0.8660254037844387076, 0.000000000000000000, -0.5000000000000001110 ) ) ;
#905 = CARTESIAN_POINT ( 'NONE',  ( -75.86167629364946663, -9.486715189943788928, -87.91339593296397936 ) ) ;
#906 = AXIS2_PLACEMENT_3D ( 'NONE', #1894, #7041, #362 ) ;
#907 = LINE ( 'NONE', #8332, #5579 ) ;
#908 = ORIENTED_EDGE ( 'NONE', *, *, #3785, .F. ) ;
#909 = EDGE_CURVE ( 'NONE', #3989, #2821, #3655, .T. ) ;
#910 = DIRECTION ( 'NONE',  ( -0.000000000000000000, -1.000000000000000000, -0.000000000000000000 ) ) ;
#911 = EDGE_LOOP ( 'NONE', ( #387, #9579, #9342, #7219 ) ) ;
#912 = DIRECTION ( 'NONE',  ( 0.4698463103929531592, 0.8660254037844399289, 0.1710100716628304984 ) ) ;
#913 = ORIENTED_EDGE ( 'NONE', *, *, #7193, .T. ) ;
#914 = VERTEX_POINT ( 'NONE', #2224 ) ;
#915 = VERTEX_POINT ( 'NONE', #5816 ) ;
#916 = CARTESIAN_POINT ( 'NONE',  ( 14.07291281149715978, 6.000000000000005329, -18.12499999999996092 ) ) ;
#917 = ORIENTED_EDGE ( 'NONE', *, *, #5677, .F. ) ;
#918 = CARTESIAN_POINT ( 'NONE',  ( -46.54886545341427961, 147.4213562373095385, -31.87499999999998579 ) ) ;
#919 = EDGE_LOOP ( 'NONE', ( #1899, #2839, #7277, #5365, #2981, #1529, #4781, #6381 ) ) ;
#920 = AXIS2_PLACEMENT_3D ( 'NONE', #5564, #1839, #6303 ) ;
#921 = DIRECTION ( 'NONE',  ( -0.8757795372522705346, -0.4330127018922164672, 0.2133312028986880937 ) ) ;
#922 = ADVANCED_FACE ( 'NONE', ( #8084 ), #756, .T. ) ;
#923 = VECTOR ( 'NONE', #2362, 1000.000000000000000 ) ;
#924 = CYLINDRICAL_SURFACE ( 'NONE', #9190, 61.96152422706639840 ) ;
#925 = ORIENTED_EDGE ( 'NONE', *, *, #5825, .F. ) ;
#926 = EDGE_LOOP ( 'NONE', ( #5350, #2006 ) ) ;
#927 = VERTEX_POINT ( 'NONE', #5226 ) ;
#928 = CARTESIAN_POINT ( 'NONE',  ( -50.00000000000000000, 6.000000000000005329, -16.60254037844304520 ) ) ;
#929 = DIRECTION ( 'NONE',  ( 0.8660254037844388186, 0.000000000000000000, -0.4999999999999997224 ) ) ;
#930 = EDGE_CURVE ( 'NONE', #4933, #9290, #5032, .T. ) ;
#931 = VECTOR ( 'NONE', #3087, 1000.000000000000000 ) ;
#932 = CARTESIAN_POINT ( 'NONE',  ( -25.92513773453970316, 6.000000000000005329, -12.59634425055616802 ) ) ;
#933 = DIRECTION ( 'NONE',  ( 0.5000000000000004441, 0.000000000000000000, -0.8660254037844383745 ) ) ;
#934 = ORIENTED_EDGE ( 'NONE', *, *, #4209, .F. ) ;
#935 = CYLINDRICAL_SURFACE ( 'NONE', #3193, 61.96152422706629181 ) ;
#936 = CARTESIAN_POINT ( 'NONE',  ( 49.99999999999999289, 6.000000000000000000, 50.00000000000000000 ) ) ;
#937 = VERTEX_POINT ( 'NONE', #3749 ) ;
#938 = VECTOR ( 'NONE', #4876, 1000.000000000000114 ) ;
#939 = CARTESIAN_POINT ( 'NONE',  ( 14.07291281149736051, 0.000000000000000000, 39.37499999999995737 ) ) ;
#940 = CIRCLE ( 'NONE', #6438, 2.500000000000002220 ) ;
#941 = ADVANCED_FACE ( 'NONE', ( #2765 ), #2038, .T. ) ;
#942 = FACE_OUTER_BOUND ( 'NONE', #8060, .T. ) ;
#943 = EDGE_CURVE ( 'NONE', #6030, #2199, #6010, .T. ) ;
#944 = LINE ( 'NONE', #9295, #4509 ) ;
#945 = CARTESIAN_POINT ( 'NONE',  ( -22.73316684934198051, 6.000000000000005329, -45.62499999999995737 ) ) ;
#946 = CARTESIAN_POINT ( 'NONE',  ( 75.23823037617501086, 13.49999999999969624, -50.82336213776299871 ) ) ;
#947 = ORIENTED_EDGE ( 'NONE', *, *, #6563, .T. ) ;
#948 = CARTESIAN_POINT ( 'NONE',  ( 75.86167629364946663, -9.486715189943788928, 87.91339593296397936 ) ) ;
#949 = EDGE_CURVE ( 'NONE', #3546, #1171, #3852, .T. ) ;
#950 = AXIS2_PLACEMENT_3D ( 'NONE', #4770, #7038, #3408 ) ;
#951 = ORIENTED_EDGE ( 'NONE', *, *, #5590, .F. ) ;
#952 = ORIENTED_EDGE ( 'NONE', *, *, #2058, .F. ) ;
#953 = PLANE ( 'NONE',  #8919 ) ;
#954 = CARTESIAN_POINT ( 'NONE',  ( 32.47595264191693332, 0.000000000000000000, -34.99999999999999289 ) ) ;
#955 = CARTESIAN_POINT ( 'NONE',  ( 32.47595264191693332, 0.000000000000000000, -49.99999999999998579 ) ) ;
#956 = ORIENTED_EDGE ( 'NONE', *, *, #4822, .F. ) ;
#957 = DIRECTION ( 'NONE',  ( -0.8789733129752216323, -0.4768709627114687821, 0.000000000000000000 ) ) ;
#958 = ORIENTED_EDGE ( 'NONE', *, *, #2176, .T. ) ;
#959 = CARTESIAN_POINT ( 'NONE',  ( -28.14582562299473878, 147.4213562373095385, 42.49999999999998579 ) ) ;
#960 = EDGE_CURVE ( 'NONE', #9122, #2829, #204, .T. ) ;
#961 = ORIENTED_EDGE ( 'NONE', *, *, #4242, .F. ) ;
#962 = EDGE_CURVE ( 'NONE', #9124, #5146, #8413, .T. ) ;
#963 = DIRECTION ( 'NONE',  ( 0.5000000000000000000, 0.000000000000000000, 0.8660254037844385966 ) ) ;
#964 = PRODUCT ( 'Lid V.3', 'Lid V.3', '', ( #1071 ) ) ;
#965 = ORIENTED_EDGE ( 'NONE', *, *, #9255, .T. ) ;
#966 = FACE_OUTER_BOUND ( 'NONE', #7788, .T. ) ;
#967 = VERTEX_POINT ( 'NONE', #7627 ) ;
#968 = CARTESIAN_POINT ( 'NONE',  ( 22.73316684934153287, 147.4213562373095385, -3.124999999999960920 ) ) ;
#969 = EDGE_LOOP ( 'NONE', ( #2717, #730 ) ) ;
#970 = VERTEX_POINT ( 'NONE', #9202 ) ;
#971 = ORIENTED_EDGE ( 'NONE', *, *, #5641, .F. ) ;
#972 = CARTESIAN_POINT ( 'NONE',  ( -84.19336080655018861, -11.39419904078928703, 55.36244354894026998 ) ) ;
#973 = LINE ( 'NONE', #9333, #545 ) ;
#974 = AXIS2_PLACEMENT_3D ( 'NONE', #5820, #8820, #7349 ) ;
#975 = CARTESIAN_POINT ( 'NONE',  ( 4.330127018922190096, 0.000000000000000000, -7.500000000000000000 ) ) ;
#976 = CARTESIAN_POINT ( 'NONE',  ( -50.00000000000000000, 6.000000000000000000, -50.00000000000000000 ) ) ;
#977 = VERTEX_POINT ( 'NONE', #801 ) ;
#978 = PLANE ( 'NONE',  #4597 ) ;
#979 = DIRECTION ( 'NONE',  ( -0.4698463103929532703, 0.8660254037844400399, 0.1710100716628305539 ) ) ;
#980 = EDGE_LOOP ( 'NONE', ( #3337, #7282, #4001, #8159, #4506, #8861 ) ) ;
#981 = FACE_OUTER_BOUND ( 'NONE', #6944, .T. ) ;
#982 = ORIENTED_EDGE ( 'NONE', *, *, #7215, .F. ) ;
#983 = DIRECTION ( 'NONE',  ( -0.5000000000000016653, 0.000000000000000000, 0.8660254037844377084 ) ) ;
#984 = EDGE_CURVE ( 'NONE', #9068, #724, #3977, .T. ) ;
#985 = EDGE_CURVE ( 'NONE', #4552, #2124, #9153, .T. ) ;
#986 = VECTOR ( 'NONE', #3797, 1000.000000000000000 ) ;
#987 = DIRECTION ( 'NONE',  ( -1.000000000000000000, 0.000000000000000000, 6.713255375082617595E-16 ) ) ;
#988 = CARTESIAN_POINT ( 'NONE',  ( -63.39065261137343299, 13.49999999999930722, -83.37431452178670099 ) ) ;
#989 = FACE_BOUND ( 'NONE', #9427, .T. ) ;
#990 = EDGE_LOOP ( 'NONE', ( #4077, #1741, #9080 ) ) ;
#991 = LINE ( 'NONE', #1098, #5333 ) ;
#992 = ADVANCED_FACE ( 'NONE', ( #1643 ), #7720, .F. ) ;
#993 = CIRCLE ( 'NONE', #6812, 61.96152422706628471 ) ;
#994 = VERTEX_POINT ( 'NONE', #4671 ) ;
#995 = LINE ( 'NONE', #4538, #435 ) ;
#996 = FACE_BOUND ( 'NONE', #1465, .T. ) ;
#997 = CARTESIAN_POINT ( 'NONE',  ( -75.23823037617501086, 13.49999999999969624, -50.82336213776299871 ) ) ;
#998 = AXIS2_PLACEMENT_3D ( 'NONE', #813, #3813, #7646 ) ;
#999 = ORIENTED_EDGE ( 'NONE', *, *, #9373, .T. ) ;
#1000 = DIRECTION ( 'NONE',  ( 0.5000000000000008882, 0.000000000000000000, -0.8660254037844381525 ) ) ;
#1001 = ADVANCED_FACE ( 'NONE', ( #942 ), #2412, .F. ) ;
#1002 = ORIENTED_EDGE ( 'NONE', *, *, #4663, .F. ) ;
#1003 = DIRECTION ( 'NONE',  ( 0.000000000000000000, 1.000000000000000000, 0.000000000000000000 ) ) ;
#1004 = AXIS2_PLACEMENT_3D ( 'NONE', #3384, #9386, #2741 ) ;
#1005 = EDGE_LOOP ( 'NONE', ( #9685, #9032, #8281, #157 ) ) ;
#1006 = ORIENTED_EDGE ( 'NONE', *, *, #9305, .F. ) ;
#1007 = VECTOR ( 'NONE', #7952, 1000.000000000000000 ) ;
#1008 = CC_DESIGN_DATE_AND_TIME_ASSIGNMENT ( #282, #6281, ( #8891 ) ) ;
#1009 = DIRECTION ( 'NONE',  ( 0.000000000000000000, 0.000000000000000000, 1.000000000000000000 ) ) ;
#1010 = EDGE_CURVE ( 'NONE', #9311, #2902, #3892, .T. ) ;
#1011 = LINE ( 'NONE', #4000, #7800 ) ;
#1012 = ORIENTED_EDGE ( 'NONE', *, *, #5895, .T. ) ;
#1013 = DIRECTION ( 'NONE',  ( 0.5234908573499358342, -0.8520312918379402412, 0.000000000000000000 ) ) ;
#1014 = ORIENTED_EDGE ( 'NONE', *, *, #6949, .T. ) ;
#1015 = CARTESIAN_POINT ( 'NONE',  ( -46.54886545341427961, 6.000000000000005329, 31.87499999999998579 ) ) ;
#1016 = PERSON_AND_ORGANIZATION ( #9286, #9041 ) ;
#1017 = ADVANCED_FACE ( 'NONE', ( #841 ), #28, .T. ) ;
#1018 = VECTOR ( 'NONE', #1527, 1000.000000000000227 ) ;
#1019 = VERTEX_POINT ( 'NONE', #8460 ) ;
#1020 = EDGE_CURVE ( 'NONE', #9370, #9122, #69, .T. ) ;
#1021 = ORIENTED_EDGE ( 'NONE', *, *, #6471, .T. ) ;
#1022 = EDGE_LOOP ( 'NONE', ( #1223, #2903, #9069, #5348 ) ) ;
#1023 = CARTESIAN_POINT ( 'NONE',  ( -4.330127018922193649, 0.000000000000000000, -7.500000000000000000 ) ) ;
#1024 = LINE ( 'NONE', #4659, #7294 ) ;
#1025 = AXIS2_PLACEMENT_3D ( 'NONE', #4186, #4087, #7086 ) ;
#1026 = CARTESIAN_POINT ( 'NONE',  ( -48.18039637606665337, 6.000000000000000000, 87.18281677883985026 ) ) ;
#1027 = PLANE ( 'NONE',  #2174 ) ;
#1028 = AXIS2_PLACEMENT_3D ( 'NONE', #4492, #3620, #8780 ) ;
#1029 = ORIENTED_EDGE ( 'NONE', *, *, #869, .F. ) ;
#1030 = DIRECTION ( 'NONE',  ( 0.5000000000000011102, 0.000000000000000000, -0.8660254037844379305 ) ) ;
#1031 = EDGE_CURVE ( 'NONE', #914, #1218, #5420, .T. ) ;
#1032 = CARTESIAN_POINT ( 'NONE',  ( -32.47595264191693332, 6.000000000000005329, -34.99999999999999289 ) ) ;
#1033 = VERTEX_POINT ( 'NONE', #3935 ) ;
#1034 = DIRECTION ( 'NONE',  ( -0.5000000000000004441, 0.000000000000000000, -0.8660254037844383745 ) ) ;
#1035 = VERTEX_POINT ( 'NONE', #6935 ) ;
#1036 = LINE ( 'NONE', #4815, #124 ) ;
#1037 = CARTESIAN_POINT ( 'NONE',  ( -50.00000000000000000, 0.000000000000000000, -50.00000000000000000 ) ) ;
#1038 = AXIS2_PLACEMENT_3D ( 'NONE', #7950, #1162, #9426 ) ;
#1039 = FACE_OUTER_BOUND ( 'NONE', #6433, .T. ) ;
#1040 = FACE_BOUND ( 'NONE', #3474, .T. ) ;
#1041 = ORIENTED_EDGE ( 'NONE', *, *, #654, .F. ) ;
#1042 = DIRECTION ( 'NONE',  ( 0.8660254037844385966, 0.000000000000000000, -0.5000000000000003331 ) ) ;
#1043 = CIRCLE ( 'NONE', #2939, 2.500000000000002220 ) ;
#1044 = PRODUCT_DEFINITION_SHAPE ( 'NONE', 'NONE',  #8891 ) ;
#1045 = FACE_OUTER_BOUND ( 'NONE', #4510, .T. ) ;
#1046 = EDGE_LOOP ( 'NONE', ( #3542, #5002, #5794, #7945 ) ) ;
#1047 = CARTESIAN_POINT ( 'NONE',  ( 19.59551925823889107, 147.4213562373095385, -18.12499999999996092 ) ) ;
#1048 = VECTOR ( 'NONE', #9452, 1000.000000000000114 ) ;
#1049 = VECTOR ( 'NONE', #1710, 1000.000000000000000 ) ;
#1050 = DIRECTION ( 'NONE',  ( 0.8789733129752215213, 0.4768709627114688376, -1.734723475976809658E-15 ) ) ;
#1051 = CARTESIAN_POINT ( 'NONE',  ( -32.47595264191693332, 147.4213562373095385, 13.74999999999999467 ) ) ;
#1052 = VERTEX_POINT ( 'NONE', #2457 ) ;
#1053 = CARTESIAN_POINT ( 'NONE',  ( -48.18039637606665337, 6.000000000000000000, -87.18281677883985026 ) ) ;
#1054 = ORIENTED_EDGE ( 'NONE', *, *, #5392, .F. ) ;
#1055 = CARTESIAN_POINT ( 'NONE',  ( 60.42191776730608410, 13.49999999999996980, 91.53084647020817499 ) ) ;
#1056 = DIRECTION ( 'NONE',  ( 0.9396926207859013225, 0.000000000000000000, -0.3420201433256878643 ) ) ;
#1057 = VECTOR ( 'NONE', #5323, 1000.000000000000114 ) ;
#1058 = EDGE_LOOP ( 'NONE', ( #3092, #913, #8246, #2709, #1550, #546, #8169, #5983 ) ) ;
#1059 = ORIENTED_EDGE ( 'NONE', *, *, #3109, .F. ) ;
#1060 = CARTESIAN_POINT ( 'NONE',  ( -22.73316684934176379, 147.4213562373095385, -39.37499999999995737 ) ) ;
#1061 = EDGE_CURVE ( 'NONE', #2286, #8081, #3198, .T. ) ;
#1062 = EDGE_CURVE ( 'NONE', #1442, #2263, #3011, .T. ) ;
#1063 = CARTESIAN_POINT ( 'NONE',  ( 8.660254037844241637, 0.000000000000000000, 42.49999999999999289 ) ) ;
#1064 = CARTESIAN_POINT ( 'NONE',  ( -46.40590262964586543, 4.500000000000002665, 92.41944086838630312 ) ) ;
#1065 = EDGE_LOOP ( 'NONE', ( #2363, #6869, #2854, #4225 ) ) ;
#1066 = CARTESIAN_POINT ( 'NONE',  ( 49.99999999999999289, 147.4213562373095385, -47.14745962155772929 ) ) ;
#1067 = DIRECTION ( 'NONE',  ( 1.000000000000000000, 0.000000000000000000, -0.000000000000000000 ) ) ;
#1068 = EDGE_LOOP ( 'NONE', ( #6892, #2783, #7028, #4091 ) ) ;
#1069 = DIRECTION ( 'NONE',  ( 0.000000000000000000, 0.000000000000000000, -1.000000000000000000 ) ) ;
#1070 = VECTOR ( 'NONE', #3884, 1000.000000000000000 ) ;
#1071 = MECHANICAL_CONTEXT ( 'NONE', #215, 'mechanical' ) ;
#1072 = ORIENTED_EDGE ( 'NONE', *, *, #1981, .F. ) ;
#1073 = ORIENTED_EDGE ( 'NONE', *, *, #5264, .T. ) ;
#1074 = ORIENTED_EDGE ( 'NONE', *, *, #6345, .T. ) ;
#1075 = DIRECTION ( 'NONE',  ( -0.8660254037844387076, 0.000000000000000000, -0.4999999999999998890 ) ) ;
#1076 = PLANE ( 'NONE',  #1338 ) ;
#1077 = CIRCLE ( 'NONE', #920, 2.500000000000002220 ) ;
#1078 = LINE ( 'NONE', #7067, #118 ) ;
#1079 = AXIS2_PLACEMENT_3D ( 'NONE', #5861, #8127, #1399 ) ;
#1080 = DIRECTION ( 'NONE',  ( 0.000000000000000000, 1.000000000000000000, 0.000000000000000000 ) ) ;
#1081 = ORIENTED_EDGE ( 'NONE', *, *, #1501, .T. ) ;
#1082 = ADVANCED_FACE ( 'NONE', ( #5322 ), #1543, .F. ) ;
#1083 = CARTESIAN_POINT ( 'NONE',  ( 25.25907427704662922, 147.4213562373095385, -50.00000000000000000 ) ) ;
#1084 = DIRECTION ( 'NONE',  ( 0.5337593939265867782, 0.4330127018922123594, -0.7263614178872173088 ) ) ;
#1085 = ORIENTED_EDGE ( 'NONE', *, *, #6242, .F. ) ;
#1086 = CARTESIAN_POINT ( 'NONE',  ( 23.87132298306551803, 6.000000000000005329, -16.15365574944389948 ) ) ;
#1087 = EDGE_CURVE ( 'NONE', #1685, #6532, #7582, .T. ) ;
#1088 = VERTEX_POINT ( 'NONE', #2597 ) ;
#1089 = VECTOR ( 'NONE', #1084, 1000.000000000000114 ) ;
#1090 = CARTESIAN_POINT ( 'NONE',  ( -9.742785792574935044, 6.000000000000005329, 10.62499999999999822 ) ) ;
#1091 = EDGE_CURVE ( 'NONE', #3973, #4978, #5479, .T. ) ;
#1092 = DIRECTION ( 'NONE',  ( 0.000000000000000000, 0.000000000000000000, -1.000000000000000000 ) ) ;
#1093 = LINE ( 'NONE', #8554, #9634 ) ;
#1094 = FACE_BOUND ( 'NONE', #8499, .T. ) ;
#1095 = ORIENTED_EDGE ( 'NONE', *, *, #9320, .F. ) ;
#1096 = AXIS2_PLACEMENT_3D ( 'NONE', #7192, #406, #457 ) ;
#1097 = APPLICATION_CONTEXT ( 'configuration controlled 3d designs of mechanical parts and assemblies' ) ;
#1098 = CARTESIAN_POINT ( 'NONE',  ( 49.99999999999999289, 0.000000000000000000, -47.14745962155772929 ) ) ;
#1099 = EDGE_CURVE ( 'NONE', #4571, #9122, #1778, .T. ) ;
#1100 = CARTESIAN_POINT ( 'NONE',  ( 96.95441172355114645, -1.986715189943540016, -67.94291491834900398 ) ) ;
#1101 = VECTOR ( 'NONE', #6674, 1000.000000000000114 ) ;
#1102 = CYLINDRICAL_SURFACE ( 'NONE', #4709, 3.999999999999988454 ) ;
#1103 = VECTOR ( 'NONE', #3700, 1000.000000000000000 ) ;
#1104 = CARTESIAN_POINT ( 'NONE',  ( -66.00000000000000000, 0.000000000000000000, 38.22385819845018062 ) ) ;
#1105 = CARTESIAN_POINT ( 'NONE',  ( -50.00000000000000000, 0.000000000000000000, 50.00000000000000000 ) ) ;
#1106 = ORIENTED_EDGE ( 'NONE', *, *, #5826, .F. ) ;
#1107 = DIRECTION ( 'NONE',  ( -0.4698463103929531592, 0.8660254037844399289, 0.1710100716628304984 ) ) ;
#1108 = ORIENTED_EDGE ( 'NONE', *, *, #4140, .F. ) ;
#1109 = FACE_OUTER_BOUND ( 'NONE', #4310, .T. ) ;
#1110 = LINE ( 'NONE', #9314, #1049 ) ;
#1111 = ORIENTED_EDGE ( 'NONE', *, *, #5641, .T. ) ;
#1112 = VERTEX_POINT ( 'NONE', #4756 ) ;
#1113 = DIRECTION ( 'NONE',  ( -0.000000000000000000, -1.000000000000000000, -0.000000000000000000 ) ) ;
#1114 = CARTESIAN_POINT ( 'NONE',  ( -25.49447007271234611, 6.000000000000005329, -7.907717477981892173 ) ) ;
#1115 = CARTESIAN_POINT ( 'NONE',  ( 72.62888298754663197, 14.99999999999994316, 95.97381846109878722 ) ) ;
#1116 = ORIENTED_EDGE ( 'NONE', *, *, #1020, .T. ) ;
#1117 = FACE_OUTER_BOUND ( 'NONE', #1951, .T. ) ;
#1118 = DIRECTION ( 'NONE',  ( 0.000000000000000000, 1.000000000000000000, 0.000000000000000000 ) ) ;
#1119 = ORIENTED_EDGE ( 'NONE', *, *, #7970, .T. ) ;
#1120 = LINE ( 'NONE', #233, #4294 ) ;
#1121 =( LENGTH_UNIT ( ) NAMED_UNIT ( * ) SI_UNIT ( .MILLI., .METRE. ) );
#1122 = EDGE_CURVE ( 'NONE', #808, #7042, #1720, .T. ) ;
#1123 = VECTOR ( 'NONE', #5359, 1000.000000000000114 ) ;
#1124 = CIRCLE ( 'NONE', #6651, 51.96152422706639129 ) ;
#1125 = ORIENTED_EDGE ( 'NONE', *, *, #7374, .F. ) ;
#1126 = ORIENTED_EDGE ( 'NONE', *, *, #9633, .F. ) ;
#1127 = DIRECTION ( 'NONE',  ( -6.938893903907227145E-17, 0.000000000000000000, 1.000000000000000000 ) ) ;
#1128 = CARTESIAN_POINT ( 'NONE',  ( -22.73316684934176379, 6.000000000000005329, -39.37499999999995737 ) ) ;
#1129 = CARTESIAN_POINT ( 'NONE',  ( -9.742785792575173076, 147.4213562373095385, -31.87499999999996447 ) ) ;
#1130 = LINE ( 'NONE', #8747, #1689 ) ;
#1131 = ORIENTED_EDGE ( 'NONE', *, *, #6683, .T. ) ;
#1132 = PLANE ( 'NONE',  #6806 ) ;
#1133 = DIRECTION ( 'NONE',  ( -0.5000000000000000000, 0.000000000000000000, 0.8660254037844385966 ) ) ;
#1134 = VERTEX_POINT ( 'NONE', #1090 ) ;
#1135 = EDGE_CURVE ( 'NONE', #7474, #1475, #2973, .T. ) ;
#1136 = LINE ( 'NONE', #5654, #6520 ) ;
#1137 = ORIENTED_EDGE ( 'NONE', *, *, #3530, .T. ) ;
#1138 = DIRECTION ( 'NONE',  ( 0.000000000000000000, 1.000000000000000000, 0.000000000000000000 ) ) ;
#1139 = VECTOR ( 'NONE', #8583, 999.9999999999998863 ) ;
#1140 = EDGE_CURVE ( 'NONE', #2169, #6327, #3448, .T. ) ;
#1141 = CARTESIAN_POINT ( 'NONE',  ( 49.99999999999997158, 6.000000000000005329, 25.89745962155742021 ) ) ;
#1142 = CARTESIAN_POINT ( 'NONE',  ( 46.40590262964586543, 0.000000000000000000, 92.41944086838630312 ) ) ;
#1143 = DIRECTION ( 'NONE',  ( -0.000000000000000000, -1.000000000000000000, -0.000000000000000000 ) ) ;
#1144 = ORIENTED_EDGE ( 'NONE', *, *, #1961, .F. ) ;
#1145 = AXIS2_PLACEMENT_3D ( 'NONE', #1142, #1739, #4919 ) ;
#1146 = CARTESIAN_POINT ( 'NONE',  ( -41.13620667976131529, 6.000000000000005329, -7.500000000000000000 ) ) ;
#1147 = EDGE_CURVE ( 'NONE', #8757, #3122, #1239, .T. ) ;
#1148 = LINE ( 'NONE', #8614, #615 ) ;
#1149 = FACE_OUTER_BOUND ( 'NONE', #6543, .T. ) ;
#1150 = CARTESIAN_POINT ( 'NONE',  ( 14.07291281149758966, 147.4213562373095385, -45.62499999999995737 ) ) ;
#1151 = CARTESIAN_POINT ( 'NONE',  ( 22.73316684934176379, 6.000000000000005329, -39.37499999999995737 ) ) ;
#1152 = ORIENTED_EDGE ( 'NONE', *, *, #8825, .T. ) ;
#1153 = CARTESIAN_POINT ( 'NONE',  ( 41.13620667976130818, 0.000000000000000000, 50.00000000000000000 ) ) ;
#1154 = LINE ( 'NONE', #4778, #5020 ) ;
#1155 = LINE ( 'NONE', #4936, #737 ) ;
#1156 = VECTOR ( 'NONE', #1773, 1000.000000000000000 ) ;
#1157 = ORIENTED_EDGE ( 'NONE', *, *, #7318, .F. ) ;
#1158 = VERTEX_POINT ( 'NONE', #7185 ) ;
#1159 = DIRECTION ( 'NONE',  ( 0.5000000000000042188, 0.000000000000000000, -0.8660254037844361541 ) ) ;
#1160 = VECTOR ( 'NONE', #6084, 1000.000000000000000 ) ;
#1161 = DIRECTION ( 'NONE',  ( -0.8660254037844387076, 0.000000000000000000, 0.5000000000000001110 ) ) ;
#1162 = DIRECTION ( 'NONE',  ( 0.4698463103929532703, 0.8660254037844400399, -0.1710100716628305539 ) ) ;
#1163 = EDGE_CURVE ( 'NONE', #4258, #6051, #6980, .T. ) ;
#1164 = ORIENTED_EDGE ( 'NONE', *, *, #8075, .T. ) ;
#1165 = CARTESIAN_POINT ( 'NONE',  ( -46.54886545341405935, 0.000000000000000000, -10.62499999999999822 ) ) ;
#1166 = VECTOR ( 'NONE', #3284, 1000.000000000000114 ) ;
#1167 = EDGE_LOOP ( 'NONE', ( #6830, #8110, #2078, #3424 ) ) ;
#1168 = FACE_OUTER_BOUND ( 'NONE', #9700, .T. ) ;
#1169 = AXIS2_PLACEMENT_3D ( 'NONE', #6413, #4774, #6309 ) ;
#1170 = ORIENTED_EDGE ( 'NONE', *, *, #7803, .T. ) ;
#1171 = VERTEX_POINT ( 'NONE', #8704 ) ;
#1172 = ORIENTED_EDGE ( 'NONE', *, *, #8585, .T. ) ;
#1173 = DIRECTION ( 'NONE',  ( -0.5000000000000000000, 0.000000000000000000, -0.8660254037844385966 ) ) ;
#1174 = CARTESIAN_POINT ( 'NONE',  ( 35.52517649845234615, 147.4213562373095385, -7.500000000000000000 ) ) ;
#1175 = EDGE_CURVE ( 'NONE', #527, #8700, #1036, .T. ) ;
#1176 = EDGE_CURVE ( 'NONE', #5889, #4908, #4668, .T. ) ;
#1177 = CARTESIAN_POINT ( 'NONE',  ( 4.330127018922047100, 0.000000000000000000, -34.99999999999999289 ) ) ;
#1178 = DIRECTION ( 'NONE',  ( 0.4698463103929487183, 0.8660254037844400399, -0.1710100716628430717 ) ) ;
#1179 = ORIENTED_EDGE ( 'NONE', *, *, #486, .T. ) ;
#1180 = DIRECTION ( 'NONE',  ( 0.4698463103929532703, 0.8660254037844400399, 0.1710100716628305539 ) ) ;
#1181 = CARTESIAN_POINT ( 'NONE',  ( -50.00000000000000000, 0.000000000000000000, -47.14745962155770798 ) ) ;
#1182 = LINE ( 'NONE', #7179, #490 ) ;
#1183 = LINE ( 'NONE', #7074, #559 ) ;
#1184 = VERTEX_POINT ( 'NONE', #251 ) ;
#1185 = ORIENTED_EDGE ( 'NONE', *, *, #8217, .T. ) ;
#1186 = DIRECTION ( 'NONE',  ( -0.4698463103929487183, 0.8660254037844400399, 0.1710100716628430717 ) ) ;
#1187 = VECTOR ( 'NONE', #2251, 1000.000000000000000 ) ;
#1188 = EDGE_CURVE ( 'NONE', #5448, #6469, #6401, .T. ) ;
#1189 = LINE ( 'NONE', #8855, #9366 ) ;
#1190 = ADVANCED_FACE ( 'NONE', ( #1979 ), #7030, .T. ) ;
#1191 = EDGE_CURVE ( 'NONE', #9620, #4638, #451, .T. ) ;
#1192 = DIRECTION ( 'NONE',  ( -0.8789733129752216323, -0.4768709627114687821, 0.000000000000000000 ) ) ;
#1193 = CARTESIAN_POINT ( 'NONE',  ( -74.16373016832211817, 7.092516149154085348, -51.71195653594099895 ) ) ;
#1194 = FACE_BOUND ( 'NONE', #1551, .T. ) ;
#1195 = ORIENTED_EDGE ( 'NONE', *, *, #5738, .T. ) ;
#1196 = PLANE ( 'NONE',  #1096 ) ;
#1197 = SECURITY_CLASSIFICATION ( '', '', #5687 ) ;
#1198 = AXIS2_PLACEMENT_3D ( 'NONE', #4405, #3666, #2055 ) ;
#1199 = ADVANCED_FACE ( 'NONE', ( #3248 ), #4913, .T. ) ;
#1200 = DIRECTION ( 'NONE',  ( 0.000000000000000000, -0.000000000000000000, 1.000000000000000000 ) ) ;
#1201 = DIRECTION ( 'NONE',  ( -0.000000000000000000, -1.000000000000000000, -0.000000000000000000 ) ) ;
#1202 = CARTESIAN_POINT ( 'NONE',  ( -50.00000000000000000, 6.000000000000000000, 50.00000000000000000 ) ) ;
#1203 = DIRECTION ( 'NONE',  ( -0.4999999999999997224, 0.000000000000000000, -0.8660254037844388186 ) ) ;
#1204 = ORIENTED_EDGE ( 'NONE', *, *, #8940, .F. ) ;
#1205 = CARTESIAN_POINT ( 'NONE',  ( 83.57150303714189477, 30.23589553796798057, 65.90921696516619477 ) ) ;
#1206 = EDGE_CURVE ( 'NONE', #4253, #2821, #5508, .T. ) ;
#1207 = DIRECTION ( 'NONE',  ( -0.000000000000000000, -1.000000000000000000, -0.000000000000000000 ) ) ;
#1208 = CARTESIAN_POINT ( 'NONE',  ( 49.99999999999998579, 6.000000000000005329, -25.89745962155736692 ) ) ;
#1209 = VECTOR ( 'NONE', #3485, 1000.000000000000000 ) ;
#1210 = VERTEX_POINT ( 'NONE', #5554 ) ;
#1211 = EDGE_CURVE ( 'NONE', #886, #3740, #1831, .T. ) ;
#1212 = CIRCLE ( 'NONE', #3877, 61.96152422706629181 ) ;
#1213 = ORIENTED_EDGE ( 'NONE', *, *, #636, .T. ) ;
#1214 = AXIS2_PLACEMENT_3D ( 'NONE', #9546, #5658, #503 ) ;
#1215 = LINE ( 'NONE', #6317, #2279 ) ;
#1216 = CARTESIAN_POINT ( 'NONE',  ( -66.00000000000132161, 0.000000000000000000, 38.22385819845064958 ) ) ;
#1217 = LINE ( 'NONE', #4788, #8422 ) ;
#1218 = VERTEX_POINT ( 'NONE', #7817 ) ;
#1219 = LINE ( 'NONE', #5683, #1644 ) ;
#1220 = VECTOR ( 'NONE', #2598, 1000.000000000000000 ) ;
#1221 = EDGE_LOOP ( 'NONE', ( #8305, #5245, #6882, #1627, #5390, #2241, #8478 ) ) ;
#1222 = LINE ( 'NONE', #484, #7594 ) ;
#1223 = ORIENTED_EDGE ( 'NONE', *, *, #2535, .F. ) ;
#1224 = ORIENTED_EDGE ( 'NONE', *, *, #1787, .F. ) ;
#1225 = VERTEX_POINT ( 'NONE', #4078 ) ;
#1226 = DIRECTION ( 'NONE',  ( 0.8789733129752194118, 0.4768709627114730010, 0.000000000000000000 ) ) ;
#1227 = DIRECTION ( 'NONE',  ( -1.000000000000000000, 0.000000000000000000, 0.000000000000000000 ) ) ;
#1228 = DIRECTION ( 'NONE',  ( 0.5000000000000001110, 0.000000000000000000, 0.8660254037844387076 ) ) ;
#1229 = EDGE_CURVE ( 'NONE', #9365, #7506, #3396, .T. ) ;
#1230 = VECTOR ( 'NONE', #6566, 1000.000000000000114 ) ;
#1231 = PLANE ( 'NONE',  #4179 ) ;
#1232 = DIRECTION ( 'NONE',  ( -0.8789733129752217433, 0.4768709627114685046, 0.000000000000000000 ) ) ;
#1233 = CARTESIAN_POINT ( 'NONE',  ( 32.47595264191693332, 6.000000000000005329, -34.99999999999999289 ) ) ;
#1234 = DIRECTION ( 'NONE',  ( -0.000000000000000000, -1.000000000000000000, -0.000000000000000000 ) ) ;
#1235 = FACE_OUTER_BOUND ( 'NONE', #5783, .T. ) ;
#1236 = EDGE_LOOP ( 'NONE', ( #67, #6316, #4166, #1956 ) ) ;
#1237 = ORIENTED_EDGE ( 'NONE', *, *, #9633, .T. ) ;
#1238 = ADVANCED_FACE ( 'NONE', ( #2656 ), #2422, .F. ) ;
#1239 = LINE ( 'NONE', #348, #9246 ) ;
#1240 = DIRECTION ( 'NONE',  ( -0.5000000000000003331, 0.000000000000000000, -0.8660254037844383745 ) ) ;
#1241 = DIRECTION ( 'NONE',  ( -0.000000000000000000, -1.000000000000000000, -0.000000000000000000 ) ) ;
#1242 = DIRECTION ( 'NONE',  ( -0.000000000000000000, -1.000000000000000000, -0.000000000000000000 ) ) ;
#1243 = LINE ( 'NONE', #4384, #5791 ) ;
#1244 = VERTEX_POINT ( 'NONE', #127 ) ;
#1245 = CARTESIAN_POINT ( 'NONE',  ( -25.25907427704662211, 0.000000000000000000, -50.00000000000000000 ) ) ;
#1246 = VECTOR ( 'NONE', #4869, 1000.000000000000000 ) ;
#1247 = ADVANCED_FACE ( 'NONE', ( #1747 ), #3853, .T. ) ;
#1248 = DIRECTION ( 'NONE',  ( -0.4698463103929531592, 0.8660254037844399289, -0.1710100716628304984 ) ) ;
#1249 = VERTEX_POINT ( 'NONE', #8424 ) ;
#1250 = VECTOR ( 'NONE', #5272, 1000.000000000000000 ) ;
#1251 = FACE_OUTER_BOUND ( 'NONE', #8609, .T. ) ;
#1252 = VECTOR ( 'NONE', #4139, 1000.000000000000000 ) ;
#1253 = CARTESIAN_POINT ( 'NONE',  ( -41.13620667976131529, 147.4213562373095385, 7.500000000000000000 ) ) ;
#1254 = VECTOR ( 'NONE', #1730, 1000.000000000000227 ) ;
#1255 = CARTESIAN_POINT ( 'NONE',  ( 3.673940397442059967E-15, 0.000000000000000000, 30.00000000000000000 ) ) ;
#1256 = ORIENTED_EDGE ( 'NONE', *, *, #3982, .F. ) ;
#1257 = LINE ( 'NONE', #4241, #8539 ) ;
#1258 = ADVANCED_FACE ( 'NONE', ( #173 ), #2277, .T. ) ;
#1259 = LINE ( 'NONE', #4882, #6754 ) ;
#1260 = CARTESIAN_POINT ( 'NONE',  ( -8.660254037844532959, 6.000000000000005329, -42.49999999999999289 ) ) ;
#1261 = VECTOR ( 'NONE', #7653, 1000.000000000000000 ) ;
#1262 = EDGE_LOOP ( 'NONE', ( #3712, #6727, #7420, #1578 ) ) ;
#1263 = AXIS2_PLACEMENT_3D ( 'NONE', #9603, #3556, #2964 ) ;
#1264 = ORIENTED_EDGE ( 'NONE', *, *, #9176, .T. ) ;
#1265 = CARTESIAN_POINT ( 'NONE',  ( -50.00000000000000000, 0.000000000000000000, 4.647459621556978782 ) ) ;
#1266 = DIRECTION ( 'NONE',  ( 0.8789733129752196339, 0.4768709627114723348, 0.000000000000000000 ) ) ;
#1267 = CARTESIAN_POINT ( 'NONE',  ( 14.06489273736415768, 0.000000000000000000, 18.11110882412113909 ) ) ;
#1268 = VERTEX_POINT ( 'NONE', #809 ) ;
#1269 = CARTESIAN_POINT ( 'NONE',  ( 48.18039637606665337, 6.000000000000000000, -87.18281677883985026 ) ) ;
#1270 = EDGE_CURVE ( 'NONE', #3468, #4084, #6068, .T. ) ;
#1271 = ORIENTED_EDGE ( 'NONE', *, *, #4865, .F. ) ;
#1272 = DIRECTION ( 'NONE',  ( -0.000000000000000000, -1.000000000000000000, -0.000000000000000000 ) ) ;
#1273 = ORIENTED_EDGE ( 'NONE', *, *, #1972, .T. ) ;
#1274 = EDGE_CURVE ( 'NONE', #6808, #2723, #9162, .T. ) ;
#1275 = EDGE_LOOP ( 'NONE', ( #1330, #4424, #4548, #2052 ) ) ;
#1276 = VERTEX_POINT ( 'NONE', #7689 ) ;
#1277 = VECTOR ( 'NONE', #6139, 1000.000000000000000 ) ;
#1278 = DIRECTION ( 'NONE',  ( 0.000000000000000000, 0.000000000000000000, -1.000000000000000000 ) ) ;
#1279 = CARTESIAN_POINT ( 'NONE',  ( -2.053814751474071443, 6.000000000000005329, 28.74999999999999645 ) ) ;
#1280 = FACE_OUTER_BOUND ( 'NONE', #9447, .T. ) ;
#1281 = ORIENTED_EDGE ( 'NONE', *, *, #2687, .T. ) ;
#1282 = DIRECTION ( 'NONE',  ( -0.000000000000000000, -1.000000000000000000, -0.000000000000000000 ) ) ;
#1283 = DIRECTION ( 'NONE',  ( 0.000000000000000000, -1.000000000000000000, 0.000000000000000000 ) ) ;
#1284 = EDGE_LOOP ( 'NONE', ( #2730, #1994, #6533, #5936 ) ) ;
#1285 = CARTESIAN_POINT ( 'NONE',  ( -4.330127018922339310, 147.4213562373095385, -49.99999999999999289 ) ) ;
#1286 = VERTEX_POINT ( 'NONE', #6906 ) ;
#1287 = ORIENTED_EDGE ( 'NONE', *, *, #7244, .F. ) ;
#1288 = ORIENTED_EDGE ( 'NONE', *, *, #7154, .T. ) ;
#1289 = CARTESIAN_POINT ( 'NONE',  ( 3.673940397442059967E-15, 6.000000000000005329, 30.00000000000000000 ) ) ;
#1290 = CARTESIAN_POINT ( 'NONE',  ( 49.99999999999997158, 147.4213562373095385, 25.89745962155742021 ) ) ;
#1291 = DIRECTION ( 'NONE',  ( 0.000000000000000000, 1.000000000000000000, 0.000000000000000000 ) ) ;
#1292 = CARTESIAN_POINT ( 'NONE',  ( -11.26739772084300206, 0.000000000000000000, 34.51570532158540061 ) ) ;
#1293 = CARTESIAN_POINT ( 'NONE',  ( -50.00000000000000000, 6.000000000000000000, -50.00000000000000000 ) ) ;
#1294 = EDGE_LOOP ( 'NONE', ( #7702, #3915, #4470, #695 ) ) ;
#1295 = LINE ( 'NONE', #5075, #6758 ) ;
#1296 = ADVANCED_FACE ( 'NONE', ( #7591 ), #953, .F. ) ;
#1297 = DIRECTION ( 'NONE',  ( -0.000000000000000000, -1.000000000000000000, -0.000000000000000000 ) ) ;
#1298 = ADVANCED_FACE ( 'NONE', ( #3210 ), #6859, .T. ) ;
#1299 = LINE ( 'NONE', #5916, #5719 ) ;
#1300 = LINE ( 'NONE', #4287, #7531 ) ;
#1301 = CIRCLE ( 'NONE', #3497, 4.000000000000009770 ) ;
#1302 = DIRECTION ( 'NONE',  ( -0.8789733129752217433, 0.4768709627114685046, 0.000000000000000000 ) ) ;
#1303 = ADVANCED_FACE ( 'NONE', ( #9210 ), #9070, .F. ) ;
#1304 = PLANE ( 'NONE',  #8055 ) ;
#1305 = ORIENTED_EDGE ( 'NONE', *, *, #185, .F. ) ;
#1306 = LINE ( 'NONE', #9561, #6038 ) ;
#1307 = LINE ( 'NONE', #668, #2344 ) ;
#1308 = CARTESIAN_POINT ( 'NONE',  ( -25.92513773453968184, 147.4213562373095385, -12.59634425055616802 ) ) ;
#1309 = ORIENTED_EDGE ( 'NONE', *, *, #8627, .T. ) ;
#1310 = ORIENTED_EDGE ( 'NONE', *, *, #7635, .T. ) ;
#1311 = CARTESIAN_POINT ( 'NONE',  ( 45.46633369868351338, 0.000000000000000000, 21.24999999999999289 ) ) ;
#1312 = DIRECTION ( 'NONE',  ( -0.5000000000000002220, 0.000000000000000000, 0.8660254037844384856 ) ) ;
#1313 = EDGE_CURVE ( 'NONE', #3431, #3253, #6021, .T. ) ;
#1314 = CARTESIAN_POINT ( 'NONE',  ( -48.18039637606665337, 6.000000000000000000, 87.18281677883985026 ) ) ;
#1315 = VECTOR ( 'NONE', #3488, 1000.000000000000000 ) ;
#1316 = ORIENTED_EDGE ( 'NONE', *, *, #5530, .T. ) ;
#1317 = CARTESIAN_POINT ( 'NONE',  ( -8.652233963711546849, 6.000000000000005329, -21.23610882412133094 ) ) ;
#1318 = ORIENTED_EDGE ( 'NONE', *, *, #6825, .F. ) ;
#1319 = CARTESIAN_POINT ( 'NONE',  ( 50.00000000000000000, 6.000000000000000000, -16.60254037844302744 ) ) ;
#1320 = ORIENTED_EDGE ( 'NONE', *, *, #6351, .T. ) ;
#1321 = ORIENTED_EDGE ( 'NONE', *, *, #5383, .F. ) ;
#1322 = AXIS2_PLACEMENT_3D ( 'NONE', #280, #4793, #1069 ) ;
#1323 = EDGE_CURVE ( 'NONE', #7129, #4182, #7730, .T. ) ;
#1324 = ORIENTED_EDGE ( 'NONE', *, *, #9294, .T. ) ;
#1325 = EDGE_CURVE ( 'NONE', #3555, #448, #995, .T. ) ;
#1326 = PLANE ( 'NONE',  #1004 ) ;
#1327 = EDGE_CURVE ( 'NONE', #7838, #5378, #6116, .T. ) ;
#1328 = CARTESIAN_POINT ( 'NONE',  ( -81.78546517605026622, -9.486715189943595306, -71.63791974095211401 ) ) ;
#1329 = DIRECTION ( 'NONE',  ( -0.000000000000000000, -1.000000000000000000, -0.000000000000000000 ) ) ;
#1330 = ORIENTED_EDGE ( 'NONE', *, *, #4194, .T. ) ;
#1331 = EDGE_CURVE ( 'NONE', #2694, #5889, #80, .T. ) ;
#1333 = CARTESIAN_POINT ( 'NONE',  ( -77.67962342022298117, 8.999999999999955591, -51.71195653594099895 ) ) ;
#1332 = AXIS2_PLACEMENT_3D ( 'NONE', #5724, #8515, #9416 ) ;
#1334 = CARTESIAN_POINT ( 'NONE',  ( 66.00000000000000000, 0.000000000000000000, 38.22385819845018062 ) ) ;
#1335 = PLANE ( 'NONE',  #5982 ) ;
#1336 = CARTESIAN_POINT ( 'NONE',  ( 22.73316684934176024, 147.4213562373095385, 24.37499999999996092 ) ) ;
#1337 = ADVANCED_FACE ( 'NONE', ( #852 ), #9116, .T. ) ;
#1338 = AXIS2_PLACEMENT_3D ( 'NONE', #4801, #3331, #1723 ) ;
#1339 = ORIENTED_EDGE ( 'NONE', *, *, #6141, .F. ) ;
#1340 = ORIENTED_EDGE ( 'NONE', *, *, #7062, .T. ) ;
#1341 = EDGE_LOOP ( 'NONE', ( #6855, #3738, #5283, #3433 ) ) ;
#1342 = ORIENTED_EDGE ( 'NONE', *, *, #5464, .T. ) ;
#1343 = DIRECTION ( 'NONE',  ( -0.000000000000000000, -1.000000000000000000, -0.000000000000000000 ) ) ;
#1344 = PLANE ( 'NONE',  #5139 ) ;
#1345 = EDGE_CURVE ( 'NONE', #3478, #3271, #1891, .T. ) ;
#1346 = CARTESIAN_POINT ( 'NONE',  ( 72.62888298754663197, 14.99999999999994316, 95.97381846109878722 ) ) ;
#1347 = FACE_OUTER_BOUND ( 'NONE', #6129, .T. ) ;
#1348 = DIRECTION ( 'NONE',  ( 0.8660254037844387076, -0.000000000000000000, 0.5000000000000001110 ) ) ;
#1349 = ORIENTED_EDGE ( 'NONE', *, *, #8524, .F. ) ;
#1350 = LINE ( 'NONE', #8766, #5342 ) ;
#1351 = VECTOR ( 'NONE', #8023, 1000.000000000000000 ) ;
#1352 = DIRECTION ( 'NONE',  ( 0.000000000000000000, 1.000000000000000000, 0.000000000000000000 ) ) ;
#1353 = CARTESIAN_POINT ( 'NONE',  ( 80.64835826429001031, 8.999999999999987566, 43.55542458751940416 ) ) ;
#1354 = AXIS2_PLACEMENT_3D ( 'NONE', #6613, #5183, #6755 ) ;
#1355 = LINE ( 'NONE', #710, #2198 ) ;
#1356 = FACE_OUTER_BOUND ( 'NONE', #7111, .T. ) ;
#1357 = ORIENTED_EDGE ( 'NONE', *, *, #3922, .T. ) ;
#1358 = CARTESIAN_POINT ( 'NONE',  ( 8.660254037844314468, 6.000000000000005329, 21.25000000000000355 ) ) ;
#1359 = ADVANCED_FACE ( 'NONE', ( #8719 ), #5718, .F. ) ;
#1360 = VECTOR ( 'NONE', #5240, 1000.000000000000227 ) ;
#1361 = DIRECTION ( 'NONE',  ( 0.5000000000000013323, 0.000000000000000000, -0.8660254037844379305 ) ) ;
#1362 = LINE ( 'NONE', #1308, #9702 ) ;
#1363 = VERTEX_POINT ( 'NONE', #6305 ) ;
#1364 = ORIENTED_EDGE ( 'NONE', *, *, #7085, .F. ) ;
#1365 = CARTESIAN_POINT ( 'NONE',  ( -54.70000000000057128, 0.000000000000000000, 52.19999999999941309 ) ) ;
#1366 = LINE ( 'NONE', #9721, #7053 ) ;
#1367 = CARTESIAN_POINT ( 'NONE',  ( 41.13620667976131529, 0.000000000000000000, -7.500000000000000000 ) ) ;
#1368 = ORIENTED_EDGE ( 'NONE', *, *, #4345, .T. ) ;
#1369 = CARTESIAN_POINT ( 'NONE',  ( 48.21495254706555045, 6.000000000000000000, 87.08787447931756276 ) ) ;
#1370 = ORIENTED_EDGE ( 'NONE', *, *, #5688, .F. ) ;
#1371 = VECTOR ( 'NONE', #6837, 1000.000000000000000 ) ;
#1372 = VERTEX_POINT ( 'NONE', #3255 ) ;
#1373 = DIRECTION ( 'NONE',  ( 0.3420201433256876422, 0.000000000000000000, 0.9396926207859014335 ) ) ;
#1374 = DATE_AND_TIME ( #4257, #5271 ) ;
#1375 = VECTOR ( 'NONE', #6362, 999.9999999999998863 ) ;
#1376 = EDGE_LOOP ( 'NONE', ( #1661, #3949, #6420, #6623 ) ) ;
#1377 = ADVANCED_FACE ( 'NONE', ( #4928 ), #4137, .F. ) ;
#1378 = EDGE_LOOP ( 'NONE', ( #6045, #450, #8659, #3149 ) ) ;
#1379 = EDGE_CURVE ( 'NONE', #6871, #1895, #3356, .T. ) ;
#1380 = VERTEX_POINT ( 'NONE', #2610 ) ;
#1381 = CARTESIAN_POINT ( 'NONE',  ( -65.83204565542118303, 8.999999999999966249, 84.26290891996461596 ) ) ;
#1382 = VECTOR ( 'NONE', #4549, 1000.000000000000000 ) ;
#1383 = CARTESIAN_POINT ( 'NONE',  ( -41.13620667976131529, 147.4213562373095385, 28.74999999999999289 ) ) ;
#1384 = ORIENTED_EDGE ( 'NONE', *, *, #5930, .T. ) ;
#1385 = CARTESIAN_POINT ( 'NONE',  ( 22.73316684934198051, 6.000000000000005329, -45.62499999999995737 ) ) ;
#1386 = CARTESIAN_POINT ( 'NONE',  ( 92.34245936985365688, -5.728164937519062860, 61.66678322122567124 ) ) ;
#1387 = CARTESIAN_POINT ( 'NONE',  ( -29.89192540169685586, 0.000000000000000000, -24.27433353179683451 ) ) ;
#1388 = DIRECTION ( 'NONE',  ( 0.5000000000000000000, 0.000000000000000000, -0.8660254037844385966 ) ) ;
#1389 = VECTOR ( 'NONE', #7640, 1000.000000000000114 ) ;
#1390 = EDGE_LOOP ( 'NONE', ( #7087, #828, #7760, #7902 ) ) ;
#1391 = ORIENTED_EDGE ( 'NONE', *, *, #8235, .F. ) ;
#1392 = ORIENTED_EDGE ( 'NONE', *, *, #2642, .F. ) ;
#1393 = VERTEX_POINT ( 'NONE', #2666 ) ;
#1394 = FACE_OUTER_BOUND ( 'NONE', #7268, .T. ) ;
#1395 = VECTOR ( 'NONE', #4288, 1000.000000000000114 ) ;
#1396 = CARTESIAN_POINT ( 'NONE',  ( 45.46633369868351338, 0.000000000000000000, -21.24999999999999289 ) ) ;
#1397 = LINE ( 'NONE', #3450, #9067 ) ;
#1398 = DIRECTION ( 'NONE',  ( -0.000000000000000000, -1.000000000000000000, -0.000000000000000000 ) ) ;
#1399 = DIRECTION ( 'NONE',  ( 1.000000000000000000, 0.000000000000000000, -0.000000000000000000 ) ) ;
#1400 = ADVANCED_FACE ( 'NONE', ( #6354 ), #1102, .F. ) ;
#1401 = EDGE_LOOP ( 'NONE', ( #5001, #3778, #9514, #2109 ) ) ;
#1402 = CARTESIAN_POINT ( 'NONE',  ( -83.46282394258763304, -5.728384940746060749, 86.06226691517680649 ) ) ;
#1403 = EDGE_CURVE ( 'NONE', #1158, #4571, #4875, .T. ) ;
#1404 = CARTESIAN_POINT ( 'NONE',  ( 10.17883965411065006, 147.4213562373095385, -31.11973255698393359 ) ) ;
#1405 = EDGE_CURVE ( 'NONE', #7415, #3129, #7988, .T. ) ;
#1406 = CARTESIAN_POINT ( 'NONE',  ( -28.14582562299473878, 0.000000000000000000, 21.24999999999999289 ) ) ;
#1407 = LINE ( 'NONE', #6462, #5644 ) ;
#1408 = AXIS2_PLACEMENT_3D ( 'NONE', #3505, #1200, #9506 ) ;
#1409 = DIRECTION ( 'NONE',  ( -0.8137976813493688066, 0.4999999999999977796, -0.2961981327260409524 ) ) ;
#1410 = ORIENTED_EDGE ( 'NONE', *, *, #8115, .F. ) ;
#1411 = CARTESIAN_POINT ( 'NONE',  ( -80.64835826429001031, 8.999999999999987566, -43.55542458751940416 ) ) ;
#1412 = ADVANCED_FACE ( 'NONE', ( #1251 ), #7198, .F. ) ;
#1413 = CIRCLE ( 'NONE', #7524, 3.999999999999988454 ) ;
#1414 = CARTESIAN_POINT ( 'NONE',  ( -54.69999999999999574, 6.000000000000000000, -57.20000000000000284 ) ) ;
#1415 = PLANE ( 'NONE',  #8738 ) ;
#1416 = ORIENTED_EDGE ( 'NONE', *, *, #8653, .F. ) ;
#1417 = ORIENTED_EDGE ( 'NONE', *, *, #5382, .T. ) ;
#1418 = CARTESIAN_POINT ( 'NONE',  ( 11.54700538379293384, 0.000000000000000000, -50.00000000000000000 ) ) ;
#1419 = VECTOR ( 'NONE', #3823, 1000.000000000000000 ) ;
#1420 = CARTESIAN_POINT ( 'NONE',  ( -8.660254037844532959, 6.000000000000005329, 42.49999999999999289 ) ) ;
#1421 = LINE ( 'NONE', #9571, #6699 ) ;
#1422 = VERTEX_POINT ( 'NONE', #259 ) ;
#1423 = LINE ( 'NONE', #176, #8239 ) ;
#1424 = ORIENTED_EDGE ( 'NONE', *, *, #7668, .F. ) ;
#1425 = CIRCLE ( 'NONE', #632, 3.999999999999988454 ) ;
#1426 = VERTEX_POINT ( 'NONE', #7143 ) ;
#1427 = PLANE ( 'NONE',  #6078 ) ;
#1428 = AXIS2_PLACEMENT_3D ( 'NONE', #6570, #4292, #2142 ) ;
#1429 = ORIENTED_EDGE ( 'NONE', *, *, #6170, .T. ) ;
#1430 = ORIENTED_EDGE ( 'NONE', *, *, #4722, .F. ) ;
#1431 = EDGE_CURVE ( 'NONE', #937, #1829, #463, .T. ) ;
#1432 = ORIENTED_EDGE ( 'NONE', *, *, #4952, .T. ) ;
#1433 = CARTESIAN_POINT ( 'NONE',  ( 49.99999999999999289, 0.000000000000000000, 50.00000000000000000 ) ) ;
#1434 = EDGE_LOOP ( 'NONE', ( #2779, #1195, #6397, #9593 ) ) ;
#1435 = CARTESIAN_POINT ( 'NONE',  ( -32.47595264191693332, 0.000000000000000000, -34.99999999999999289 ) ) ;
#1436 = ADVANCED_FACE ( 'NONE', ( #9355 ), #1789, .F. ) ;
#1437 = CARTESIAN_POINT ( 'NONE',  ( -95.31102044180072141, -5.728164937518889666, -53.51072870777982615 ) ) ;
#1438 = LINE ( 'NONE', #4604, #4609 ) ;
#1439 = FACE_BOUND ( 'NONE', #6531, .T. ) ;
#1440 = VECTOR ( 'NONE', #2515, 1000.000000000000000 ) ;
#1441 = ORIENTED_EDGE ( 'NONE', *, *, #3029, .F. ) ;
#1442 = VERTEX_POINT ( 'NONE', #314 ) ;
#1443 = VERTEX_POINT ( 'NONE', #5517 ) ;
#1444 = ORIENTED_EDGE ( 'NONE', *, *, #5156, .F. ) ;
#1445 = CARTESIAN_POINT ( 'NONE',  ( 25.98076211353308551, 147.4213562373095385, -15.00000000000013323 ) ) ;
#1446 = DIRECTION ( 'NONE',  ( 0.3420201433256879198, 0.000000000000000000, -0.9396926207859014335 ) ) ;
#1447 = PLANE ( 'NONE',  #431 ) ;
#1448 = EDGE_CURVE ( 'NONE', #3195, #7944, #1743, .T. ) ;
#1449 = LINE ( 'NONE', #7980, #8673 ) ;
#1450 = FACE_BOUND ( 'NONE', #6379, .T. ) ;
#1451 = ORIENTED_EDGE ( 'NONE', *, *, #6103, .T. ) ;
#1452 = LINE ( 'NONE', #8082, #1103 ) ;
#1453 = VECTOR ( 'NONE', #1532, 1000.000000000000000 ) ;
#1454 = DIRECTION ( 'NONE',  ( 0.5000000000000002220, 0.000000000000000000, -0.8660254037844384856 ) ) ;
#1455 = ADVANCED_FACE ( 'NONE', ( #1149 ), #411, .T. ) ;
#1456 = EDGE_CURVE ( 'NONE', #8057, #2974, #1841, .T. ) ;
#1457 = FACE_OUTER_BOUND ( 'NONE', #2045, .T. ) ;
#1458 = CARTESIAN_POINT ( 'NONE',  ( -32.47595264191693332, 0.000000000000000000, 49.99999999999998579 ) ) ;
#1459 = LINE ( 'NONE', #2773, #2266 ) ;
#1460 = LINE ( 'NONE', #9714, #5646 ) ;
#1461 = EDGE_CURVE ( 'NONE', #2054, #1513, #9410, .T. ) ;
#1462 = DIRECTION ( 'NONE',  ( -0.8789733129752194118, -0.4768709627114730010, 0.000000000000000000 ) ) ;
#1463 = EDGE_CURVE ( 'NONE', #7665, #4667, #8663, .T. ) ;
#1464 = VERTEX_POINT ( 'NONE', #7346 ) ;
#1465 = EDGE_LOOP ( 'NONE', ( #716, #4037, #652, #1256, #2999, #4699, #3077 ) ) ;
#1466 = DIRECTION ( 'NONE',  ( -0.1107007079486457130, -0.2499999999999868439, -0.9618967477123909759 ) ) ;
#1467 = VECTOR ( 'NONE', #5943, 1000.000000000000000 ) ;
#1468 = CARTESIAN_POINT ( 'NONE',  ( 69.31444149377422548, 13.49999999999950262, -67.09883832977483564 ) ) ;
#1469 = DIRECTION ( 'NONE',  ( -0.4698463103929532703, 0.8660254037844400399, -0.1710100716628305539 ) ) ;
#1470 = ORIENTED_EDGE ( 'NONE', *, *, #5497, .F. ) ;
#1471 = PLANE ( 'NONE',  #5881 ) ;
#1472 = ORIENTED_EDGE ( 'NONE', *, *, #9353, .F. ) ;
#1473 = ORIENTED_EDGE ( 'NONE', *, *, #2312, .F. ) ;
#1474 = DIRECTION ( 'NONE',  ( -1.000000000000000000, 0.000000000000000000, 0.000000000000000000 ) ) ;
#1475 = VERTEX_POINT ( 'NONE', #3606 ) ;
#1476 = EDGE_CURVE ( 'NONE', #681, #1393, #8308, .T. ) ;
#1477 = ORIENTED_EDGE ( 'NONE', *, *, #7633, .F. ) ;
#1478 = FACE_OUTER_BOUND ( 'NONE', #5053, .T. ) ;
#1479 = LINE ( 'NONE', #2946, #7450 ) ;
#1480 = DIRECTION ( 'NONE',  ( -0.3420201433257009094, -8.160139230994900572E-15, 0.9396926207858966595 ) ) ;
#1481 = DIRECTION ( 'NONE',  ( -0.000000000000000000, -1.000000000000000000, -0.000000000000000000 ) ) ;
#1482 = CARTESIAN_POINT ( 'NONE',  ( 41.13620667976131529, 147.4213562373095385, -28.74999999999999289 ) ) ;
#1483 = VECTOR ( 'NONE', #3871, 1000.000000000000000 ) ;
#1484 = ORIENTED_EDGE ( 'NONE', *, *, #894, .T. ) ;
#1485 = VERTEX_POINT ( 'NONE', #2356 ) ;
#1486 = ORIENTED_EDGE ( 'NONE', *, *, #3796, .F. ) ;
#1487 = ORIENTED_EDGE ( 'NONE', *, *, #6222, .T. ) ;
#1488 = DIRECTION ( 'NONE',  ( -1.000000000000000000, 0.000000000000000000, -1.001543065824772852E-16 ) ) ;
#1489 = ADVANCED_FACE ( 'NONE', ( #9661 ), #5360, .F. ) ;
#1490 = AXIS2_PLACEMENT_3D ( 'NONE', #968, #8531, #3919 ) ;
#1491 = PLANE ( 'NONE',  #6867 ) ;
#1492 = DIRECTION ( 'NONE',  ( -1.000000000000000000, 0.000000000000000000, 0.000000000000000000 ) ) ;
#1493 = LINE ( 'NONE', #3838, #986 ) ;
#1494 = FACE_OUTER_BOUND ( 'NONE', #395, .T. ) ;
#1495 = VERTEX_POINT ( 'NONE', #8085 ) ;
#1496 = AXIS2_PLACEMENT_3D ( 'NONE', #7017, #7807, #9235 ) ;
#1497 = PLANE ( 'NONE',  #3618 ) ;
#1498 = VECTOR ( 'NONE', #2784, 1000.000000000000000 ) ;
#1499 = DIRECTION ( 'NONE',  ( -0.000000000000000000, -0.000000000000000000, 1.000000000000000000 ) ) ;
#1500 = ADVANCED_FACE ( 'NONE', ( #8356 ), #5079, .F. ) ;
#1501 = EDGE_CURVE ( 'NONE', #9365, #6592, #5817, .T. ) ;
#1502 = DIRECTION ( 'NONE',  ( -0.8789733129752200780, -0.4768709627114717797, 0.000000000000000000 ) ) ;
#1503 = CARTESIAN_POINT ( 'NONE',  ( -46.40590262964586543, 4.500000000000002665, 66.00000000000000000 ) ) ;
#1504 = LINE ( 'NONE', #4580, #6104 ) ;
#1505 = CARTESIAN_POINT ( 'NONE',  ( 49.99999999999998579, 6.000000000000005329, 47.14745962155775061 ) ) ;
#1506 = DIRECTION ( 'NONE',  ( -0.4698463103929532703, 0.8660254037844400399, -0.1710100716628305539 ) ) ;
#1507 = AXIS2_PLACEMENT_3D ( 'NONE', #800, #6798, #113 ) ;
#1508 = VERTEX_POINT ( 'NONE', #1353 ) ;
#1509 = ORIENTED_EDGE ( 'NONE', *, *, #671, .F. ) ;
#1510 = CARTESIAN_POINT ( 'NONE',  ( -14.07291281149715090, 0.000000000000000000, -3.124999999999960920 ) ) ;
#1511 = FACE_BOUND ( 'NONE', #1221, .T. ) ;
#1512 = ADVANCED_FACE ( 'NONE', ( #5312 ), #104, .T. ) ;
#1513 = VERTEX_POINT ( 'NONE', #6614 ) ;
#1514 = CARTESIAN_POINT ( 'NONE',  ( -25.98076211353308906, 0.000000000000000000, -15.00000000000011546 ) ) ;
#1515 = EDGE_LOOP ( 'NONE', ( #2273, #4356 ) ) ;
#1516 = ORIENTED_EDGE ( 'NONE', *, *, #1890, .T. ) ;
#1517 = PLANE ( 'NONE',  #6868 ) ;
#1518 = EDGE_CURVE ( 'NONE', #7955, #8902, #9609, .T. ) ;
#1519 = ORIENTED_EDGE ( 'NONE', *, *, #5841, .T. ) ;
#1520 = ORIENTED_EDGE ( 'NONE', *, *, #4285, .F. ) ;
#1521 = ORIENTED_EDGE ( 'NONE', *, *, #7897, .T. ) ;
#1522 = DIRECTION ( 'NONE',  ( -0.4698463103929532703, 0.8660254037844400399, 0.1710100716628305539 ) ) ;
#1523 = DIRECTION ( 'NONE',  ( -0.000000000000000000, -0.000000000000000000, 1.000000000000000000 ) ) ;
#1524 = DIRECTION ( 'NONE',  ( 0.4698463103929531592, 0.8660254037844399289, -0.1710100716628304984 ) ) ;
#1525 = VECTOR ( 'NONE', #8873, 999.9999999999998863 ) ;
#1526 = CARTESIAN_POINT ( 'NONE',  ( 3.673940397442059967E-15, 6.000000000000005329, 30.00000000000000000 ) ) ;
#1527 = DIRECTION ( 'NONE',  ( 0.4999999999999997780, 0.000000000000000000, 0.8660254037844387076 ) ) ;
#1528 = ORIENTED_EDGE ( 'NONE', *, *, #3139, .F. ) ;
#1529 = ORIENTED_EDGE ( 'NONE', *, *, #9502, .F. ) ;
#1530 = VECTOR ( 'NONE', #9284, 1000.000000000000000 ) ;
#1531 = VERTEX_POINT ( 'NONE', #1582 ) ;
#1532 = DIRECTION ( 'NONE',  ( -0.000000000000000000, -1.000000000000000000, -0.000000000000000000 ) ) ;
#1533 = VECTOR ( 'NONE', #3950, 1000.000000000000000 ) ;
#1534 = EDGE_CURVE ( 'NONE', #4271, #4858, #2866, .T. ) ;
#1535 = DIRECTION ( 'NONE',  ( 0.000000000000000000, -1.000000000000000000, 0.000000000000000000 ) ) ;
#1536 = DIRECTION ( 'NONE',  ( 0.4698463103929487183, 0.8660254037844400399, 0.1710100716628430717 ) ) ;
#1537 = DIRECTION ( 'NONE',  ( -0.000000000000000000, -1.000000000000000000, -0.000000000000000000 ) ) ;
#1538 = EDGE_CURVE ( 'NONE', #5017, #7299, #5866, .T. ) ;
#1539 = CARTESIAN_POINT ( 'NONE',  ( -78.55942538675439835, 20.99999999999937117, -79.67978713415915593 ) ) ;
#1540 = EDGE_LOOP ( 'NONE', ( #3445, #277 ) ) ;
#1541 = VECTOR ( 'NONE', #8911, 1000.000000000000000 ) ;
#1542 = DIRECTION ( 'NONE',  ( -0.5000000000000001110, 0.000000000000000000, 0.8660254037844387076 ) ) ;
#1543 = PLANE ( 'NONE',  #8004 ) ;
#1544 = FACE_OUTER_BOUND ( 'NONE', #9287, .T. ) ;
#1545 = CARTESIAN_POINT ( 'NONE',  ( -46.54886545341405935, 0.000000000000000000, 10.62499999999999822 ) ) ;
#1546 = CARTESIAN_POINT ( 'NONE',  ( 49.99999999999999289, 6.000000000000000000, 50.00000000000000000 ) ) ;
#1547 = AXIS2_PLACEMENT_3D ( 'NONE', #7200, #6214, #7091 ) ;
#1548 = CARTESIAN_POINT ( 'NONE',  ( 4.330127018922047100, 6.000000000000005329, -34.99999999999999289 ) ) ;
#1549 = EDGE_CURVE ( 'NONE', #5262, #2216, #7571, .T. ) ;
#1550 = ORIENTED_EDGE ( 'NONE', *, *, #4541, .F. ) ;
#1551 = EDGE_LOOP ( 'NONE', ( #8191, #5494, #1792, #6341 ) ) ;
#1552 = DIRECTION ( 'NONE',  ( 0.5000000000000001110, 0.000000000000000000, 0.8660254037844387076 ) ) ;
#1553 = DIRECTION ( 'NONE',  ( 1.000000000000000000, 0.000000000000000000, 0.000000000000000000 ) ) ;
#1554 = VECTOR ( 'NONE', #6804, 1000.000000000000000 ) ;
#1555 = CARTESIAN_POINT ( 'NONE',  ( 80.64835826428996768, 8.999999999999944933, -43.55542458751932600 ) ) ;
#1556 = EDGE_LOOP ( 'NONE', ( #8890, #1170, #9181, #4111 ) ) ;
#1557 = CARTESIAN_POINT ( 'NONE',  ( 46.40590262964586543, 0.000000000000000000, 66.00000000000000000 ) ) ;
#1558 = ORIENTED_EDGE ( 'NONE', *, *, #7629, .F. ) ;
#1559 = ORIENTED_EDGE ( 'NONE', *, *, #715, .F. ) ;
#1560 = LINE ( 'NONE', #3218, #261 ) ;
#1561 = ORIENTED_EDGE ( 'NONE', *, *, #7740, .T. ) ;
#1562 = VECTOR ( 'NONE', #8230, 1000.000000000000000 ) ;
#1563 = ORIENTED_EDGE ( 'NONE', *, *, #4450, .T. ) ;
#1564 = ORIENTED_EDGE ( 'NONE', *, *, #5747, .F. ) ;
#1565 = EDGE_CURVE ( 'NONE', #8339, #3494, #5134, .T. ) ;
#1566 = CIRCLE ( 'NONE', #1882, 51.96152422706639129 ) ;
#1567 = EDGE_LOOP ( 'NONE', ( #1472, #5776, #807, #6357 ) ) ;
#1568 = CARTESIAN_POINT ( 'NONE',  ( 46.54886545341427961, 147.4213562373095385, -31.87499999999998579 ) ) ;
#1569 = VECTOR ( 'NONE', #198, 1000.000000000000000 ) ;
#1570 = ORIENTED_EDGE ( 'NONE', *, *, #8166, .T. ) ;
#1571 = PLANE ( 'NONE',  #9167 ) ;
#1572 = DIRECTION ( 'NONE',  ( 0.000000000000000000, -0.9678453296402124151, 0.2515460552138088501 ) ) ;
#1573 = LINE ( 'NONE', #2995, #2513 ) ;
#1574 = LINE ( 'NONE', #1482, #1187 ) ;
#1575 = ADVANCED_FACE ( 'NONE', ( #2088 ), #4392, .F. ) ;
#1576 = VECTOR ( 'NONE', #7949, 1000.000000000000114 ) ;
#1577 = ORIENTED_EDGE ( 'NONE', *, *, #8588, .T. ) ;
#1578 = ORIENTED_EDGE ( 'NONE', *, *, #2333, .T. ) ;
#1579 = AXIS2_PLACEMENT_3D ( 'NONE', #2824, #3709, #6714 ) ;
#1580 = ORIENTED_EDGE ( 'NONE', *, *, #2127, .F. ) ;
#1581 = CARTESIAN_POINT ( 'NONE',  ( 28.14582562299473878, 0.000000000000000000, 42.49999999999998579 ) ) ;
#1582 = CARTESIAN_POINT ( 'NONE',  ( -77.90864772864858878, 12.33809673898022119, 67.98743272795279324 ) ) ;
#1583 = LINE ( 'NONE', #833, #5919 ) ;
#1584 = CARTESIAN_POINT ( 'NONE',  ( -35.52517649845233905, 6.000000000000005329, -7.500000000000000000 ) ) ;
#1585 = ORIENTED_EDGE ( 'NONE', *, *, #5530, .F. ) ;
#1586 = CARTESIAN_POINT ( 'NONE',  ( 41.13620667976124423, 0.000000000000000000, 13.74999999999999645 ) ) ;
#1587 = CARTESIAN_POINT ( 'NONE',  ( -48.35308504463207413, 0.000000000000000000, -50.00000000000000000 ) ) ;
#1588 = ORIENTED_EDGE ( 'NONE', *, *, #2247, .F. ) ;
#1589 = DIRECTION ( 'NONE',  ( 0.000000000000000000, 0.000000000000000000, -1.000000000000000000 ) ) ;
#1590 = CARTESIAN_POINT ( 'NONE',  ( -8.660254037844532959, 147.4213562373095385, 42.49999999999999289 ) ) ;
#1591 = EDGE_CURVE ( 'NONE', #3114, #3481, #832, .T. ) ;
#1592 = DIRECTION ( 'NONE',  ( -1.000000000000000000, 0.000000000000000000, 0.000000000000000000 ) ) ;
#1593 = LINE ( 'NONE', #1503, #4894 ) ;
#1594 = LINE ( 'NONE', #6901, #1 ) ;
#1595 = LINE ( 'NONE', #6942, #160 ) ;
#1596 = AXIS2_PLACEMENT_3D ( 'NONE', #4433, #7337, #3552 ) ;
#1597 = EDGE_CURVE ( 'NONE', #2125, #46, #5766, .T. ) ;
#1598 = VERTEX_POINT ( 'NONE', #8918 ) ;
#1599 = ORIENTED_EDGE ( 'NONE', *, *, #1091, .T. ) ;
#1600 = DIRECTION ( 'NONE',  ( -0.000000000000000000, -1.000000000000000000, -0.000000000000000000 ) ) ;
#1601 = EDGE_CURVE ( 'NONE', #41, #5656, #1299, .T. ) ;
#1602 = ADVANCED_FACE ( 'NONE', ( #561 ), #3559, .T. ) ;
#1603 = FACE_BOUND ( 'NONE', #8702, .T. ) ;
#1604 = LINE ( 'NONE', #955, #1360 ) ;
#1605 = EDGE_LOOP ( 'NONE', ( #3214, #6568, #397, #743 ) ) ;
#1606 = FACE_OUTER_BOUND ( 'NONE', #2360, .T. ) ;
#1607 = EDGE_LOOP ( 'NONE', ( #5649, #358, #6376, #2904 ) ) ;
#1608 = DIRECTION ( 'NONE',  ( 0.5000000000000001110, 0.000000000000000000, 0.8660254037844387076 ) ) ;
#1609 = EDGE_LOOP ( 'NONE', ( #7064, #6718, #3923, #9119, #100, #2786, #8765, #7869, #4124, #7982 ) ) ;
#1610 = VECTOR ( 'NONE', #3178, 1000.000000000000227 ) ;
#1611 = ORIENTED_EDGE ( 'NONE', *, *, #8585, .F. ) ;
#1612 = CIRCLE ( 'NONE', #7888, 4.000000000000016875 ) ;
#1613 = ADVANCED_FACE ( 'NONE', ( #3966 ), #4063, .T. ) ;
#1614 = VERTEX_POINT ( 'NONE', #4746 ) ;
#1615 = ADVANCED_FACE ( 'NONE', ( #8594 ), #5544, .F. ) ;
#1616 = DIRECTION ( 'NONE',  ( 0.5000000000000000000, 0.000000000000000000, 0.8660254037844385966 ) ) ;
#1617 = ORIENTED_EDGE ( 'NONE', *, *, #9564, .T. ) ;
#1618 = LINE ( 'NONE', #6, #1769 ) ;
#1619 = VECTOR ( 'NONE', #5558, 1000.000000000000000 ) ;
#1620 = LINE ( 'NONE', #783, #3678 ) ;
#1621 = LINE ( 'NONE', #7610, #6902 ) ;
#1622 = LINE ( 'NONE', #53, #844 ) ;
#1623 = DIRECTION ( 'NONE',  ( -0.000000000000000000, -1.000000000000000000, -0.000000000000000000 ) ) ;
#1624 = CC_DESIGN_PERSON_AND_ORGANIZATION_ASSIGNMENT ( #9431, #4306, ( #6697 ) ) ;
#1625 = EDGE_LOOP ( 'NONE', ( #2214, #7831, #1588, #8287 ) ) ;
#1626 = ADVANCED_FACE ( 'NONE', ( #4703 ), #1076, .F. ) ;
#1627 = ORIENTED_EDGE ( 'NONE', *, *, #4358, .F. ) ;
#1628 = EDGE_LOOP ( 'NONE', ( #3939, #775, #4208 ) ) ;
#1629 = CARTESIAN_POINT ( 'NONE',  ( 32.47595264191693332, 6.000000000000005329, 28.74999999999999289 ) ) ;
#1630 = EDGE_CURVE ( 'NONE', #7567, #381, #1024, .T. ) ;
#1631 = DIRECTION ( 'NONE',  ( 0.4999999999999999445, 0.000000000000000000, 0.8660254037844385966 ) ) ;
#1632 = EDGE_CURVE ( 'NONE', #2974, #4912, #8403, .T. ) ;
#1633 = CARTESIAN_POINT ( 'NONE',  ( 25.49447007271215426, 6.000000000000005329, -7.907717477981579535 ) ) ;
#1634 = PLANE ( 'NONE',  #4034 ) ;
#1635 = ORIENTED_EDGE ( 'NONE', *, *, #4680, .F. ) ;
#1636 = ADVANCED_FACE ( 'NONE', ( #337 ), #5452, .T. ) ;
#1638 = CIRCLE ( 'NONE', #2721, 4.000000000000009770 ) ;
#1637 = DIRECTION ( 'NONE',  ( 0.8789733129752200780, 0.4768709627114717797, 0.000000000000000000 ) ) ;
#1639 = DIRECTION ( 'NONE',  ( 0.8660254037844388186, -0.000000000000000000, 0.4999999999999997224 ) ) ;
#1640 = EDGE_LOOP ( 'NONE', ( #8245, #8005, #4415, #9197 ) ) ;
#1641 = DIRECTION ( 'NONE',  ( 0.8789733129752217433, 0.4768709627114685046, 1.734723475976810053E-15 ) ) ;
#1642 = ADVANCED_FACE ( 'NONE', ( #4612 ), #4011, .T. ) ;
#1643 = FACE_OUTER_BOUND ( 'NONE', #5297, .T. ) ;
#1644 = VECTOR ( 'NONE', #6475, 1000.000000000000000 ) ;
#1645 = ADVANCED_FACE ( 'NONE', ( #8447 ), #6236, .F. ) ;
#1646 = VECTOR ( 'NONE', #5946, 1000.000000000000000 ) ;
#1647 = DIRECTION ( 'NONE',  ( -0.8789733129752216323, -0.4768709627114686711, 0.000000000000000000 ) ) ;
#1648 = CIRCLE ( 'NONE', #224, 4.000000000000009770 ) ;
#1649 = LINE ( 'NONE', #5324, #4437 ) ;
#1650 = DIRECTION ( 'NONE',  ( -0.000000000000000000, -1.000000000000000000, -0.000000000000000000 ) ) ;
#1651 = DIRECTION ( 'NONE',  ( -0.000000000000000000, -1.000000000000000000, -0.000000000000000000 ) ) ;
#1652 = AXIS2_PLACEMENT_3D ( 'NONE', #8099, #5244, #9677 ) ;
#1653 = ORIENTED_EDGE ( 'NONE', *, *, #5077, .F. ) ;
#1654 = ORIENTED_EDGE ( 'NONE', *, *, #9716, .T. ) ;
#1655 = DIRECTION ( 'NONE',  ( -0.8660254037844387076, 0.000000000000000000, -0.5000000000000001110 ) ) ;
#1656 = DIRECTION ( 'NONE',  ( 0.000000000000000000, 0.000000000000000000, 1.000000000000000000 ) ) ;
#1657 = EDGE_CURVE ( 'NONE', #7042, #1184, #6331, .T. ) ;
#1658 = CARTESIAN_POINT ( 'NONE',  ( -41.13620667976124423, 147.4213562373095385, -13.74999999999999822 ) ) ;
#1659 = EDGE_LOOP ( 'NONE', ( #3590, #4905, #3152, #3068 ) ) ;
#1660 = DIRECTION ( 'NONE',  ( 0.000000000000000000, 1.000000000000000000, 0.000000000000000000 ) ) ;
#1661 = ORIENTED_EDGE ( 'NONE', *, *, #769, .F. ) ;
#1662 = DIRECTION ( 'NONE',  ( 0.6427876096865473565, 0.000000000000000000, -0.7660444431189713521 ) ) ;
#1663 = ORIENTED_EDGE ( 'NONE', *, *, #5234, .T. ) ;
#1664 = VECTOR ( 'NONE', #4713, 1000.000000000000000 ) ;
#1665 = ORIENTED_EDGE ( 'NONE', *, *, #1676, .F. ) ;
#1666 = DIRECTION ( 'NONE',  ( -0.4698463103929531592, 0.8660254037844399289, -0.1710100716628304984 ) ) ;
#1667 = ORIENTED_EDGE ( 'NONE', *, *, #610, .T. ) ;
#1668 = PLANE ( 'NONE',  #2090 ) ;
#1669 = VERTEX_POINT ( 'NONE', #8538 ) ;
#1670 = DIRECTION ( 'NONE',  ( 0.000000000000000000, -0.000000000000000000, 1.000000000000000000 ) ) ;
#1671 = EDGE_CURVE ( 'NONE', #6704, #3377, #973, .T. ) ;
#1672 = LOCAL_TIME ( 22, 20, 6.000000000000000000, #3182 ) ;
#1673 = CARTESIAN_POINT ( 'NONE',  ( 48.21495254706554334, 6.000000000000000000, 87.08787447931756276 ) ) ;
#1674 = VECTOR ( 'NONE', #2930, 1000.000000000000000 ) ;
#1675 = DIRECTION ( 'NONE',  ( 0.4698463103929532703, 0.8660254037844400399, -0.1710100716628305539 ) ) ;
#1676 = EDGE_CURVE ( 'NONE', #3227, #5713, #2492, .T. ) ;
#1677 = ORIENTED_EDGE ( 'NONE', *, *, #4985, .F. ) ;
#1678 = ORIENTED_EDGE ( 'NONE', *, *, #5907, .F. ) ;
#1679 = VERTEX_POINT ( 'NONE', #240 ) ;
#1680 = DIRECTION ( 'NONE',  ( -1.000000000000000000, 0.000000000000000000, 0.000000000000000000 ) ) ;
#1681 = CARTESIAN_POINT ( 'NONE',  ( 0.000000000000000000, 4.500000000000007994, 92.41944086838630312 ) ) ;
#1682 = DIRECTION ( 'NONE',  ( 0.8660254037844384856, 0.000000000000000000, -0.5000000000000003331 ) ) ;
#1683 = EDGE_CURVE ( 'NONE', #7671, #3253, #2584, .T. ) ;
#1684 = DIRECTION ( 'NONE',  ( 1.000000000000000000, 0.000000000000000000, -0.000000000000000000 ) ) ;
#1685 = VERTEX_POINT ( 'NONE', #6146 ) ;
#1686 = LINE ( 'NONE', #3052, #4743 ) ;
#1687 = CARTESIAN_POINT ( 'NONE',  ( 50.00000000000000000, 0.000000000000000000, -50.00000000000000000 ) ) ;
#1688 = ORIENTED_EDGE ( 'NONE', *, *, #1456, .T. ) ;
#1689 = VECTOR ( 'NONE', #9485, 1000.000000000000227 ) ;
#1690 = LINE ( 'NONE', #4621, #8724 ) ;
#1691 = VECTOR ( 'NONE', #9585, 1000.000000000000000 ) ;
#1692 = AXIS2_PLACEMENT_3D ( 'NONE', #3710, #621, #2923 ) ;
#1693 = CARTESIAN_POINT ( 'NONE',  ( 28.14582562299473878, 147.4213562373095385, 42.49999999999998579 ) ) ;
#1694 = EDGE_CURVE ( 'NONE', #2099, #644, #9142, .T. ) ;
#1695 = FACE_OUTER_BOUND ( 'NONE', #7404, .T. ) ;
#1696 = AXIS2_PLACEMENT_3D ( 'NONE', #4330, #3551, #1192 ) ;
#1697 = PLANE ( 'NONE',  #674 ) ;
#1698 = CARTESIAN_POINT ( 'NONE',  ( -50.00000000000000000, 6.000000000000000000, -25.89745962155733139 ) ) ;
#1699 = EDGE_CURVE ( 'NONE', #4296, #6765, #6926, .T. ) ;
#1700 = DIRECTION ( 'NONE',  ( 0.5000000000000000000, 0.000000000000000000, 0.8660254037844385966 ) ) ;
#1701 = VECTOR ( 'NONE', #8329, 1000.000000000000114 ) ;
#1702 = VERTEX_POINT ( 'NONE', #3188 ) ;
#1703 = ORIENTED_EDGE ( 'NONE', *, *, #7442, .T. ) ;
#1704 = DIRECTION ( 'NONE',  ( -0.5000000000000000000, 0.000000000000000000, 0.8660254037844385966 ) ) ;
#1705 = FACE_OUTER_BOUND ( 'NONE', #279, .T. ) ;
#1706 = VECTOR ( 'NONE', #3100, 1000.000000000000000 ) ;
#1707 = VERTEX_POINT ( 'NONE', #6191 ) ;
#1708 = LINE ( 'NONE', #8669, #3684 ) ;
#1709 = VERTEX_POINT ( 'NONE', #9189 ) ;
#1710 = DIRECTION ( 'NONE',  ( -1.000000000000000000, 0.000000000000000000, 1.001543065824772975E-16 ) ) ;
#1711 = ORIENTED_EDGE ( 'NONE', *, *, #4757, .T. ) ;
#1712 = ORIENTED_EDGE ( 'NONE', *, *, #5841, .F. ) ;
#1713 = DIRECTION ( 'NONE',  ( 0.8660254037844372643, -0.000000000000000000, 0.5000000000000024425 ) ) ;
#1714 = ORIENTED_EDGE ( 'NONE', *, *, #7512, .T. ) ;
#1715 = LINE ( 'NONE', #331, #5068 ) ;
#1716 = PLANE ( 'NONE',  #3515 ) ;
#1717 = ORIENTED_EDGE ( 'NONE', *, *, #5096, .F. ) ;
#1718 = EDGE_CURVE ( 'NONE', #8057, #9566, #4901, .T. ) ;
#1719 = EDGE_LOOP ( 'NONE', ( #213, #1451 ) ) ;
#1720 = CIRCLE ( 'NONE', #2039, 4.000000000000009770 ) ;
#1721 = ORIENTED_EDGE ( 'NONE', *, *, #8013, .F. ) ;
#1722 = CARTESIAN_POINT ( 'NONE',  ( 48.18039637606665337, 6.000000000000000000, -87.18281677883985026 ) ) ;
#1723 = DIRECTION ( 'NONE',  ( 0.000000000000000000, 0.000000000000000000, 1.000000000000000000 ) ) ;
#1724 = VECTOR ( 'NONE', #7993, 1000.000000000000000 ) ;
#1725 = ADVANCED_FACE ( 'NONE', ( #438 ), #7223, .F. ) ;
#1726 = CARTESIAN_POINT ( 'NONE',  ( -66.90654586327433151, 15.40748385084520677, 83.37431452178670099 ) ) ;
#1727 = DIRECTION ( 'NONE',  ( -0.8789733129752196339, -0.4768709627114723348, 0.000000000000000000 ) ) ;
#1728 = EDGE_LOOP ( 'NONE', ( #9035, #6679, #5603, #3104 ) ) ;
#1729 = DIRECTION ( 'NONE',  ( 0.4999999999999993339, 0.000000000000000000, -0.8660254037844389297 ) ) ;
#1730 = DIRECTION ( 'NONE',  ( 0.4698463103929531592, 0.8660254037844399289, -0.1710100716628304984 ) ) ;
#1731 = ORIENTED_EDGE ( 'NONE', *, *, #6853, .T. ) ;
#1732 = AXIS2_PLACEMENT_3D ( 'NONE', #3509, #614, #7445 ) ;
#1733 = CARTESIAN_POINT ( 'NONE',  ( -85.28138980357267940, 12.75855025242442586, 49.86024169478056223 ) ) ;
#1734 = VECTOR ( 'NONE', #4436, 1000.000000000000000 ) ;
#1735 = VERTEX_POINT ( 'NONE', #7910 ) ;
#1736 = CARTESIAN_POINT ( 'NONE',  ( -50.00000000000000000, 6.000000000000000000, -50.00000000000000000 ) ) ;
#1737 = EDGE_CURVE ( 'NONE', #8740, #4498, #2691, .T. ) ;
#1738 = CARTESIAN_POINT ( 'NONE',  ( 45.46633369868350627, 0.000000000000000000, -3.469446951953614189E-15 ) ) ;
#1739 = DIRECTION ( 'NONE',  ( -1.000000000000000000, 0.000000000000000000, 0.000000000000000000 ) ) ;
#1740 = DIRECTION ( 'NONE',  ( 0.000000000000000000, 0.000000000000000000, -1.000000000000000000 ) ) ;
#1741 = ORIENTED_EDGE ( 'NONE', *, *, #2202, .T. ) ;
#1742 = CARTESIAN_POINT ( 'NONE',  ( -30.40590262964586188, 0.000000000000000000, -66.00000000000000000 ) ) ;
#1743 = CIRCLE ( 'NONE', #5196, 61.96152422706629181 ) ;
#1744 = EDGE_CURVE ( 'NONE', #1794, #2342, #5694, .T. ) ;
#1745 = VECTOR ( 'NONE', #143, 1000.000000000000000 ) ;
#1746 = EDGE_CURVE ( 'NONE', #3817, #3442, #7170, .T. ) ;
#1747 = FACE_OUTER_BOUND ( 'NONE', #1068, .T. ) ;
#1748 = DIRECTION ( 'NONE',  ( -0.000000000000000000, -0.000000000000000000, 1.000000000000000000 ) ) ;
#1749 = CARTESIAN_POINT ( 'NONE',  ( 45.46633369868351338, 147.4213562373095385, 42.49999999999998579 ) ) ;
#1750 = ADVANCED_FACE ( 'NONE', ( #2842 ), #5055, .F. ) ;
#1751 = ORIENTED_EDGE ( 'NONE', *, *, #7512, .F. ) ;
#1752 = CARTESIAN_POINT ( 'NONE',  ( -27.06329386826395123, 6.000000000000005329, 31.87499999999995737 ) ) ;
#1753 = ORIENTED_EDGE ( 'NONE', *, *, #9352, .F. ) ;
#1754 = ADVANCED_FACE ( 'NONE', ( #6534 ), #2641, .F. ) ;
#1755 = DIRECTION ( 'NONE',  ( 1.000000000000000000, 0.000000000000000000, 0.000000000000000000 ) ) ;
#1756 = EDGE_LOOP ( 'NONE', ( #9544, #4773, #6573, #5397 ) ) ;
#1757 = VERTEX_POINT ( 'NONE', #5742 ) ;
#1758 = ADVANCED_FACE ( 'NONE', ( #4951 ), #7960, .F. ) ;
#1759 = LINE ( 'NONE', #8176, #6386 ) ;
#1760 = CARTESIAN_POINT ( 'NONE',  ( 41.13620667976131529, 0.000000000000000000, 7.500000000000000000 ) ) ;
#1761 = EDGE_LOOP ( 'NONE', ( #6950, #8574, #7383, #666 ) ) ;
#1762 = CARTESIAN_POINT ( 'NONE',  ( -28.14582562299473878, 6.000000000000005329, 21.24999999999999289 ) ) ;
#1763 = CARTESIAN_POINT ( 'NONE',  ( -14.07291281149758966, 147.4213562373095385, -45.62499999999995737 ) ) ;
#1764 = VERTEX_POINT ( 'NONE', #4162 ) ;
#1765 = ADVANCED_FACE ( 'NONE', ( #4114 ), #6589, .T. ) ;
#1766 = ORIENTED_EDGE ( 'NONE', *, *, #3630, .T. ) ;
#1767 = PLANE ( 'NONE',  #4377 ) ;
#1768 = CARTESIAN_POINT ( 'NONE',  ( -70.99180026031160651, 17.25833024919703718, -81.52318550399952812 ) ) ;
#1769 = VECTOR ( 'NONE', #9037, 1000.000000000000227 ) ;
#1770 = CARTESIAN_POINT ( 'NONE',  ( -4.330127018922339310, 6.000000000000005329, 49.99999999999999289 ) ) ;
#1771 = DIRECTION ( 'NONE',  ( -0.000000000000000000, -1.000000000000000000, -0.000000000000000000 ) ) ;
#1772 = VERTEX_POINT ( 'NONE', #6483 ) ;
#1773 = DIRECTION ( 'NONE',  ( 0.5000000000000016653, 0.000000000000000000, 0.8660254037844377084 ) ) ;
#1774 = DIRECTION ( 'NONE',  ( 1.000000000000000000, 0.000000000000000000, -0.000000000000000000 ) ) ;
#1775 = ORIENTED_EDGE ( 'NONE', *, *, #7417, .F. ) ;
#1776 = LINE ( 'NONE', #9340, #7619 ) ;
#1777 = ORIENTED_EDGE ( 'NONE', *, *, #4923, .T. ) ;
#1778 = LINE ( 'NONE', #6449, #777 ) ;
#1779 = VECTOR ( 'NONE', #3634, 1000.000000000000114 ) ;
#1780 = CARTESIAN_POINT ( 'NONE',  ( 4.564377845115513033, 0.000000000000000000, -12.54052506331302119 ) ) ;
#1781 = CARTESIAN_POINT ( 'NONE',  ( -41.13620667976131529, 6.000000000000005329, 7.500000000000000000 ) ) ;
#1782 = FACE_BOUND ( 'NONE', #6474, .T. ) ;
#1783 = ORIENTED_EDGE ( 'NONE', *, *, #1211, .T. ) ;
#1784 = DIRECTION ( 'NONE',  ( 0.5000000000000043299, 0.000000000000000000, 0.8660254037844361541 ) ) ;
#1785 = EDGE_CURVE ( 'NONE', #4726, #6865, #535, .T. ) ;
#1786 = VECTOR ( 'NONE', #4842, 1000.000000000000000 ) ;
#1787 = EDGE_CURVE ( 'NONE', #7323, #862, #4851, .T. ) ;
#1788 = DIRECTION ( 'NONE',  ( 0.5000000000000004441, 0.000000000000000000, 0.8660254037844383745 ) ) ;
#1789 = PLANE ( 'NONE',  #8966 ) ;
#1790 = PLANE ( 'NONE',  #6435 ) ;
#1791 = DIRECTION ( 'NONE',  ( -0.000000000000000000, 1.000000000000000000, -0.000000000000000000 ) ) ;
#1792 = ORIENTED_EDGE ( 'NONE', *, *, #283, .F. ) ;
#1793 = PLANE ( 'NONE',  #1169 ) ;
#1794 = VERTEX_POINT ( 'NONE', #9483 ) ;
#1795 = LINE ( 'NONE', #7785, #465 ) ;
#1796 = DIRECTION ( 'NONE',  ( -1.000000000000000000, 0.000000000000000000, 0.000000000000000000 ) ) ;
#1797 = AXIS2_PLACEMENT_3D ( 'NONE', #491, #7860, #1867 ) ;
#1798 = VERTEX_POINT ( 'NONE', #8641 ) ;
#1799 = ORIENTED_EDGE ( 'NONE', *, *, #2376, .F. ) ;
#1800 = VECTOR ( 'NONE', #3707, 1000.000000000000227 ) ;
#1801 = DIRECTION ( 'NONE',  ( 0.000000000000000000, 0.000000000000000000, -1.000000000000000000 ) ) ;
#1802 = EDGE_CURVE ( 'NONE', #5223, #9033, #1648, .T. ) ;
#1803 = DIRECTION ( 'NONE',  ( 0.8789733129752196339, 0.4768709627114723348, 0.000000000000000000 ) ) ;
#1804 = DIRECTION ( 'NONE',  ( -0.8789733129752195229, 0.4768709627114723903, 0.000000000000000000 ) ) ;
#1805 = ORIENTED_EDGE ( 'NONE', *, *, #2209, .F. ) ;
#1806 = CARTESIAN_POINT ( 'NONE',  ( -50.00000000000000000, 147.4213562373095385, -25.89745962155733139 ) ) ;
#1808 = ADVANCED_FACE ( 'NONE', ( #7320 ), #1326, .T. ) ;
#1807 = CARTESIAN_POINT ( 'NONE',  ( 41.13620667976131529, 6.000000000000005329, 34.99999999999999289 ) ) ;
#1809 = ORIENTED_EDGE ( 'NONE', *, *, #7879, .F. ) ;
#1810 = FACE_OUTER_BOUND ( 'NONE', #2653, .T. ) ;
#1811 = DIRECTION ( 'NONE',  ( 1.000000000000000000, 0.000000000000000000, 0.000000000000000000 ) ) ;
#1812 = VECTOR ( 'NONE', #8802, 1000.000000000000114 ) ;
#1813 = ORIENTED_EDGE ( 'NONE', *, *, #9078, .T. ) ;
#1814 = EDGE_CURVE ( 'NONE', #291, #3680, #8742, .T. ) ;
#1815 = ORIENTED_EDGE ( 'NONE', *, *, #4570, .T. ) ;
#1816 = ORIENTED_EDGE ( 'NONE', *, *, #3716, .F. ) ;
#1817 = FACE_BOUND ( 'NONE', #6349, .T. ) ;
#1818 = DIRECTION ( 'NONE',  ( -0.4999999999999997780, 0.000000000000000000, 0.8660254037844387076 ) ) ;
#1819 = AXIS2_PLACEMENT_3D ( 'NONE', #1404, #611, #4335 ) ;
#1820 = LINE ( 'NONE', #1129, #588 ) ;
#1821 = EDGE_CURVE ( 'NONE', #7557, #4961, #1918, .T. ) ;
#1822 = PLANE ( 'NONE',  #4800 ) ;
#1823 = AXIS2_PLACEMENT_3D ( 'NONE', #9722, #3669, #9518 ) ;
#1824 = EDGE_LOOP ( 'NONE', ( #8624, #5288, #5527, #9349 ) ) ;
#1825 = DIRECTION ( 'NONE',  ( -0.000000000000000000, -1.000000000000000000, -0.000000000000000000 ) ) ;
#1826 = PLANE ( 'NONE',  #8459 ) ;
#1827 = ORIENTED_EDGE ( 'NONE', *, *, #512, .F. ) ;
#1828 = DIRECTION ( 'NONE',  ( 0.000000000000000000, -1.000000000000000000, 0.000000000000000000 ) ) ;
#1829 = VERTEX_POINT ( 'NONE', #7270 ) ;
#1830 = EDGE_LOOP ( 'NONE', ( #5507, #8198, #2681, #4196 ) ) ;
#1831 = LINE ( 'NONE', #1880, #2168 ) ;
#1832 = FACE_OUTER_BOUND ( 'NONE', #6283, .T. ) ;
#1833 = AXIS2_PLACEMENT_3D ( 'NONE', #5633, #7103, #7899 ) ;
#1834 = DIRECTION ( 'NONE',  ( -0.3420201433256876422, -0.000000000000000000, 0.9396926207859014335 ) ) ;
#1835 = FACE_BOUND ( 'NONE', #9670, .T. ) ;
#1836 = ORIENTED_EDGE ( 'NONE', *, *, #8262, .F. ) ;
#1837 = DIRECTION ( 'NONE',  ( -0.5000000000000001110, 0.000000000000000000, 0.8660254037844387076 ) ) ;
#1838 = VECTOR ( 'NONE', #5040, 1000.000000000000000 ) ;
#1839 = DIRECTION ( 'NONE',  ( 0.000000000000000000, 1.000000000000000000, 0.000000000000000000 ) ) ;
#1840 = ORIENTED_EDGE ( 'NONE', *, *, #6668, .T. ) ;
#1841 = LINE ( 'NONE', #6409, #6451 ) ;
#1842 = VECTOR ( 'NONE', #1919, 1000.000000000000227 ) ;
#1843 = AXIS2_PLACEMENT_3D ( 'NONE', #9219, #2567, #4042 ) ;
#1844 = DIRECTION ( 'NONE',  ( 0.8789733129752196339, 0.4768709627114723348, 0.000000000000000000 ) ) ;
#1845 = CARTESIAN_POINT ( 'NONE',  ( -91.22514731035191460, -7.579231339097514564, 55.36244354894026998 ) ) ;
#1846 = EDGE_CURVE ( 'NONE', #9033, #5223, #2264, .T. ) ;
#1847 = ORIENTED_EDGE ( 'NONE', *, *, #8579, .F. ) ;
#1848 = LINE ( 'NONE', #9359, #4758 ) ;
#1849 = VERTEX_POINT ( 'NONE', #4362 ) ;
#1850 = DIRECTION ( 'NONE',  ( -0.000000000000000000, -1.000000000000000000, -0.000000000000000000 ) ) ;
#1851 = CARTESIAN_POINT ( 'NONE',  ( 50.00000000000000000, 6.000000000000000000, -50.00000000000000000 ) ) ;
#1852 = EDGE_LOOP ( 'NONE', ( #4195, #2674, #8826, #2012 ) ) ;
#1853 = ORIENTED_EDGE ( 'NONE', *, *, #56, .T. ) ;
#1854 = CARTESIAN_POINT ( 'NONE',  ( 78.10322981758433514, 16.37948907741689908, 80.93317415930816594 ) ) ;
#1855 = PLANE ( 'NONE',  #640 ) ;
#1856 = EDGE_CURVE ( 'NONE', #7412, #5976, #8108, .T. ) ;
#1857 = DIRECTION ( 'NONE',  ( 0.5000000000000000000, 0.000000000000000000, -0.8660254037844385966 ) ) ;
#1858 = ORIENTED_EDGE ( 'NONE', *, *, #2094, .F. ) ;
#1859 = CYLINDRICAL_SURFACE ( 'NONE', #374, 2.500000000000460076 ) ;
#1860 = CARTESIAN_POINT ( 'NONE',  ( 41.13620667976124423, 6.000000000000005329, 13.74999999999999822 ) ) ;
#1861 = CARTESIAN_POINT ( 'NONE',  ( -28.14582562299473878, 0.000000000000000000, -42.49999999999998579 ) ) ;
#1862 = APPROVAL_ROLE ( '' ) ;
#1863 = ORIENTED_EDGE ( 'NONE', *, *, #5430, .T. ) ;
#1864 = EDGE_CURVE ( 'NONE', #9566, #4898, #8576, .T. ) ;
#1865 = ORIENTED_EDGE ( 'NONE', *, *, #5563, .T. ) ;
#1866 = LINE ( 'NONE', #3383, #8611 ) ;
#1867 = DIRECTION ( 'NONE',  ( 0.000000000000000000, 0.000000000000000000, -1.000000000000000000 ) ) ;
#1868 = VECTOR ( 'NONE', #1248, 1000.000000000000227 ) ;
#1869 = DIRECTION ( 'NONE',  ( -1.000000000000000000, -0.000000000000000000, -0.000000000000000000 ) ) ;
#1870 = AXIS2_PLACEMENT_3D ( 'NONE', #8711, #5130, #4972 ) ;
#1871 = DIRECTION ( 'NONE',  ( 0.000000000000000000, -1.000000000000000000, 0.000000000000000000 ) ) ;
#1872 = ORIENTED_EDGE ( 'NONE', *, *, #5806, .T. ) ;
#1873 = EDGE_CURVE ( 'NONE', #7521, #2215, #2003, .T. ) ;
#1874 = CARTESIAN_POINT ( 'NONE',  ( 66.90654586327433151, 15.40748385084520677, -83.37431452178670099 ) ) ;
#1875 = CARTESIAN_POINT ( 'NONE',  ( 84.48338804127510571, 20.99999999999955591, -63.40383350717172561 ) ) ;
#1876 = ORIENTED_EDGE ( 'NONE', *, *, #5095, .T. ) ;
#1877 = CARTESIAN_POINT ( 'NONE',  ( 25.25907427704662922, 0.000000000000000000, 50.00000000000000000 ) ) ;
#1878 = VERTEX_POINT ( 'NONE', #1265 ) ;
#1879 = VECTOR ( 'NONE', #5725, 1000.000000000000000 ) ;
#1880 = CARTESIAN_POINT ( 'NONE',  ( 22.73316684934176379, 0.000000000000000000, 39.37499999999995737 ) ) ;
#1881 = DIRECTION ( 'NONE',  ( -0.000000000000000000, -1.000000000000000000, -0.000000000000000000 ) ) ;
#1882 = AXIS2_PLACEMENT_3D ( 'NONE', #361, #6259, #8664 ) ;
#1883 = CARTESIAN_POINT ( 'NONE',  ( -48.35308504463206702, 147.4213562373095385, 50.00000000000000000 ) ) ;
#1884 = FACE_BOUND ( 'NONE', #7511, .T. ) ;
#1885 = ORIENTED_EDGE ( 'NONE', *, *, #575, .T. ) ;
#1886 = CIRCLE ( 'NONE', #7058, 3.999999999999993783 ) ;
#1887 = DIRECTION ( 'NONE',  ( -6.938893903907227145E-17, 0.000000000000000000, 1.000000000000000000 ) ) ;
#1888 = LINE ( 'NONE', #5515, #6419 ) ;
#1889 = AXIS2_PLACEMENT_3D ( 'NONE', #7742, #4048, #275 ) ;
#1890 = EDGE_CURVE ( 'NONE', #448, #9527, #3470, .T. ) ;
#1891 = LINE ( 'NONE', #1047, #3929 ) ;
#1892 = VECTOR ( 'NONE', #6612, 1000.000000000000000 ) ;
#1893 = LINE ( 'NONE', #1202, #6752 ) ;
#1894 = CARTESIAN_POINT ( 'NONE',  ( 14.07291281149715978, 147.4213562373095385, -18.12499999999996092 ) ) ;
#1895 = VERTEX_POINT ( 'NONE', #5578 ) ;
#1896 = CYLINDRICAL_SURFACE ( 'NONE', #384, 51.96152422706635576 ) ;
#1897 = DIRECTION ( 'NONE',  ( 0.000000000000000000, -0.9678453296402124151, -0.2515460552138088501 ) ) ;
#1898 = FACE_OUTER_BOUND ( 'NONE', #1378, .T. ) ;
#1899 = ORIENTED_EDGE ( 'NONE', *, *, #7576, .T. ) ;
#1900 = ORIENTED_EDGE ( 'NONE', *, *, #4807, .T. ) ;
#1901 = EDGE_CURVE ( 'NONE', #7412, #937, #4886, .T. ) ;
#1902 = EDGE_CURVE ( 'NONE', #8192, #6947, #325, .T. ) ;
#1903 = CARTESIAN_POINT ( 'NONE',  ( -87.93827836687674449, -6.148618450963316384, 71.63791974095211401 ) ) ;
#1904 = DIRECTION ( 'NONE',  ( 0.000000000000000000, 0.000000000000000000, 1.000000000000000000 ) ) ;
#1905 = LINE ( 'NONE', #1760, #3560 ) ;
#1906 = ORIENTED_EDGE ( 'NONE', *, *, #3630, .F. ) ;
#1907 = FACE_OUTER_BOUND ( 'NONE', #2034, .T. ) ;
#1908 = CARTESIAN_POINT ( 'NONE',  ( -45.46633369868351338, 0.000000000000000000, -42.49999999999998579 ) ) ;
#1909 = EDGE_LOOP ( 'NONE', ( #5021, #6995, #4655, #7362 ) ) ;
#1910 = LINE ( 'NONE', #3627, #5241 ) ;
#1911 = VECTOR ( 'NONE', #5263, 1000.000000000000000 ) ;
#1912 = EDGE_CURVE ( 'NONE', #4686, #2468, #2677, .T. ) ;
#1913 = ORIENTED_EDGE ( 'NONE', *, *, #9312, .T. ) ;
#1914 = EDGE_CURVE ( 'NONE', #6680, #6545, #9318, .T. ) ;
#1915 = ORIENTED_EDGE ( 'NONE', *, *, #9275, .T. ) ;
#1916 = ORIENTED_EDGE ( 'NONE', *, *, #8303, .F. ) ;
#1917 = FACE_OUTER_BOUND ( 'NONE', #4519, .T. ) ;
#1918 = LINE ( 'NONE', #5003, #8385 ) ;
#1919 = DIRECTION ( 'NONE',  ( -0.5000000000000002220, 0.000000000000000000, -0.8660254037844384856 ) ) ;
#1920 = LINE ( 'NONE', #7809, #887 ) ;
#1921 = LINE ( 'NONE', #2498, #8227 ) ;
#1922 = CARTESIAN_POINT ( 'NONE',  ( 87.70925405845105161, -9.486715189943401683, -55.36244354894026998 ) ) ;
#1923 = EDGE_CURVE ( 'NONE', #9592, #2233, #7947, .T. ) ;
#1924 = EDGE_LOOP ( 'NONE', ( #3184, #398, #5572, #4820 ) ) ;
#1925 = DIRECTION ( 'NONE',  ( 0.3420201433256944146, -1.998646339099526433E-14, 0.9396926207858991020 ) ) ;
#1926 = ORIENTED_EDGE ( 'NONE', *, *, #7440, .T. ) ;
#1927 = ORIENTED_EDGE ( 'NONE', *, *, #1062, .F. ) ;
#1928 = CARTESIAN_POINT ( 'NONE',  ( 25.98076211353308551, 6.000000000000005329, -15.00000000000013323 ) ) ;
#1929 = VECTOR ( 'NONE', #4791, 1000.000000000000000 ) ;
#1930 = VECTOR ( 'NONE', #9545, 1000.000000000000000 ) ;
#1931 = DIRECTION ( 'NONE',  ( 1.000000000000000000, 0.000000000000000000, -0.000000000000000000 ) ) ;
#1932 = ADVANCED_FACE ( 'NONE', ( #8675 ), #7896, .T. ) ;
#1933 = DIRECTION ( 'NONE',  ( -0.000000000000000000, -1.000000000000000000, -0.000000000000000000 ) ) ;
#1934 = DIRECTION ( 'NONE',  ( -0.4698463103929532703, 0.8660254037844400399, 0.1710100716628305539 ) ) ;
#1935 = FACE_BOUND ( 'NONE', #1830, .T. ) ;
#1936 = EDGE_CURVE ( 'NONE', #1531, #6217, #7156, .T. ) ;
#1937 = EDGE_LOOP ( 'NONE', ( #3030, #8806, #308, #4363, #672, #1287, #4797 ) ) ;
#1938 = VECTOR ( 'NONE', #9600, 1000.000000000000227 ) ;
#1939 = LINE ( 'NONE', #7822, #6601 ) ;
#1940 = CARTESIAN_POINT ( 'NONE',  ( -32.47595264191693332, 0.000000000000000000, -28.75000000000000000 ) ) ;
#1941 = ORIENTED_EDGE ( 'NONE', *, *, #3988, .F. ) ;
#1942 = DIRECTION ( 'NONE',  ( 1.000000000000000000, 0.000000000000000000, -0.000000000000000000 ) ) ;
#1943 = CARTESIAN_POINT ( 'NONE',  ( -4.330127018922190096, 0.000000000000000000, 7.500000000000000888 ) ) ;
#1944 = DIRECTION ( 'NONE',  ( 0.5000000000000000000, 0.000000000000000000, 0.8660254037844385966 ) ) ;
#1945 = ORIENTED_EDGE ( 'NONE', *, *, #9059, .F. ) ;
#1946 = FACE_OUTER_BOUND ( 'NONE', #3761, .T. ) ;
#1947 = LINE ( 'NONE', #5624, #2193 ) ;
#1948 = DIRECTION ( 'NONE',  ( -0.9396926207859013225, 0.000000000000000000, 0.3420201433256878643 ) ) ;
#1949 = VECTOR ( 'NONE', #4957, 1000.000000000000000 ) ;
#1950 = ORIENTED_EDGE ( 'NONE', *, *, #6060, .T. ) ;
#1951 = EDGE_LOOP ( 'NONE', ( #8120, #8180, #5391, #7006 ) ) ;
#1952 = LINE ( 'NONE', #5729, #5431 ) ;
#1953 = EDGE_CURVE ( 'NONE', #5015, #6033, #1952, .T. ) ;
#1954 = CARTESIAN_POINT ( 'NONE',  ( 24.25777877760970824, 147.4213562373095385, -27.01570532158559956 ) ) ;
#1955 = CARTESIAN_POINT ( 'NONE',  ( 46.54886545341405935, 6.000000000000005329, 10.62499999999999822 ) ) ;
#1956 = ORIENTED_EDGE ( 'NONE', *, *, #1191, .T. ) ;
#1957 = LINE ( 'NONE', #7848, #8077 ) ;
#1958 = VECTOR ( 'NONE', #8817, 1000.000000000000227 ) ;
#1959 = VERTEX_POINT ( 'NONE', #4100 ) ;
#1960 = LINE ( 'NONE', #9576, #8233 ) ;
#1961 = EDGE_CURVE ( 'NONE', #8851, #7744, #7843, .T. ) ;
#1962 = CALENDAR_DATE ( 2026, 6, 2 ) ;
#1963 = VECTOR ( 'NONE', #3413, 1000.000000000000000 ) ;
#1964 = ORIENTED_EDGE ( 'NONE', *, *, #960, .T. ) ;
#1965 = VERTEX_POINT ( 'NONE', #424 ) ;
#1966 = CARTESIAN_POINT ( 'NONE',  ( 41.13620667976131529, 0.000000000000000000, -28.74999999999999289 ) ) ;
#1967 = CARTESIAN_POINT ( 'NONE',  ( 41.13620667976131529, 147.4213562373095385, 34.99999999999999289 ) ) ;
#1968 = EDGE_CURVE ( 'NONE', #4120, #136, #3420, .T. ) ;
#1969 = DIRECTION ( 'NONE',  ( -0.000000000000000000, -1.000000000000000000, -0.000000000000000000 ) ) ;
#1970 = DIRECTION ( 'NONE',  ( -1.000000000000000000, 0.000000000000000000, -6.938893903907227145E-17 ) ) ;
#1971 = LINE ( 'NONE', #2897, #7280 ) ;
#1972 = EDGE_CURVE ( 'NONE', #6264, #2013, #9682, .T. ) ;
#1973 = DIRECTION ( 'NONE',  ( -0.000000000000000000, -1.000000000000000000, -0.000000000000000000 ) ) ;
#1974 = EDGE_LOOP ( 'NONE', ( #6977, #5000, #9567 ) ) ;
#1975 = DIRECTION ( 'NONE',  ( 0.000000000000000000, 0.000000000000000000, -1.000000000000000000 ) ) ;
#1976 = ORIENTED_EDGE ( 'NONE', *, *, #7629, .T. ) ;
#1977 = ORIENTED_EDGE ( 'NONE', *, *, #8303, .T. ) ;
#1978 = EDGE_LOOP ( 'NONE', ( #660, #9683, #3162, #1840, #3642, #172, #3739, #1714, #6503, #8703 ) ) ;
#1979 = FACE_OUTER_BOUND ( 'NONE', #1756, .T. ) ;
#1980 = AXIS2_PLACEMENT_3D ( 'NONE', #5506, #6445, #2652 ) ;
#1981 = EDGE_CURVE ( 'NONE', #1088, #8148, #1215, .T. ) ;
#1982 = CARTESIAN_POINT ( 'NONE',  ( 30.40590262964586188, 6.000000000000000000, 66.00000000000000000 ) ) ;
#1983 = DIRECTION ( 'NONE',  ( -0.9396926207859015445, -2.569016047228651574E-15, -0.3420201433256876977 ) ) ;
#1984 = CARTESIAN_POINT ( 'NONE',  ( 14.06489273736415768, 147.4213562373095385, 18.11110882412113909 ) ) ;
#1985 = CYLINDRICAL_SURFACE ( 'NONE', #1870, 3.999999999999988454 ) ;
#1986 = ORIENTED_EDGE ( 'NONE', *, *, #7635, .F. ) ;
#1987 = CARTESIAN_POINT ( 'NONE',  ( 14.07291281149715090, 0.000000000000000000, 3.124999999999960920 ) ) ;
#1988 = DIRECTION ( 'NONE',  ( 0.3420201433256876422, -0.000000000000000000, 0.9396926207859014335 ) ) ;
#1989 = EDGE_LOOP ( 'NONE', ( #436, #2203, #6083, #6793 ) ) ;
#1990 = EDGE_CURVE ( 'NONE', #9592, #1849, #6368, .T. ) ;
#1991 = DIRECTION ( 'NONE',  ( -0.5000000000000002220, 0.000000000000000000, 0.8660254037844384856 ) ) ;
#1992 = DIRECTION ( 'NONE',  ( -1.000000000000000000, 0.000000000000000000, -2.006803045524116704E-16 ) ) ;
#1993 = DIRECTION ( 'NONE',  ( -0.4698463103929532703, 0.8660254037844400399, 0.1710100716628305539 ) ) ;
#1994 = ORIENTED_EDGE ( 'NONE', *, *, #1990, .T. ) ;
#1995 = VECTOR ( 'NONE', #5438, 1000.000000000000114 ) ;
#1996 = DIRECTION ( 'NONE',  ( 1.000000000000000000, 0.000000000000000000, 0.000000000000000000 ) ) ;
#1997 = CARTESIAN_POINT ( 'NONE',  ( 85.07578430672701586, 14.99999999999994138, 61.77623814447289874 ) ) ;
#1998 = PLANE ( 'NONE',  #2294 ) ;
#1999 = ORIENTED_EDGE ( 'NONE', *, *, #1968, .F. ) ;
#2000 = AXIS2_PLACEMENT_3D ( 'NONE', #6387, #2404, #9334 ) ;
#2001 = VERTEX_POINT ( 'NONE', #2781 ) ;
#2002 = VECTOR ( 'NONE', #1755, 1000.000000000000000 ) ;
#2003 = LINE ( 'NONE', #7051, #3525 ) ;
#2004 = CYLINDRICAL_SURFACE ( 'NONE', #1889, 2.500000000000002220 ) ;
#2005 = LINE ( 'NONE', #8003, #2756 ) ;
#2006 = ORIENTED_EDGE ( 'NONE', *, *, #4923, .F. ) ;
#2007 = DIRECTION ( 'NONE',  ( -0.000000000000000000, 1.000000000000000000, -0.000000000000000000 ) ) ;
#2008 = VECTOR ( 'NONE', #1933, 1000.000000000000000 ) ;
#2009 = CARTESIAN_POINT ( 'NONE',  ( -50.00000000000000000, 0.000000000000000000, -50.00000000000000000 ) ) ;
#2010 = APPROVAL_DATE_TIME ( #1374, #9616 ) ;
#2011 = ORIENTED_EDGE ( 'NONE', *, *, #4176, .T. ) ;
#2012 = ORIENTED_EDGE ( 'NONE', *, *, #2440, .T. ) ;
#2013 = VERTEX_POINT ( 'NONE', #4197 ) ;
#2014 = CARTESIAN_POINT ( 'NONE',  ( -4.330127018922264703, 0.000000000000000000, -13.74999999999999822 ) ) ;
#2015 = DIRECTION ( 'NONE',  ( -0.000000000000000000, -1.000000000000000000, -0.000000000000000000 ) ) ;
#2016 = VECTOR ( 'NONE', #2668, 1000.000000000000000 ) ;
#2017 = DIRECTION ( 'NONE',  ( -0.4698463103929531592, 0.8660254037844399289, -0.1710100716628304984 ) ) ;
#2018 = ADVANCED_FACE ( 'NONE', ( #7208 ), #8523, .T. ) ;
#2019 = DIRECTION ( 'NONE',  ( 0.5000000000000001110, 0.000000000000000000, -0.8660254037844387076 ) ) ;
#2020 = CARTESIAN_POINT ( 'NONE',  ( -41.13620667976131529, 147.4213562373095385, -28.74999999999999289 ) ) ;
#2021 = PLANE ( 'NONE',  #8031 ) ;
#2022 = CARTESIAN_POINT ( 'NONE',  ( -77.67962342022298117, 8.999999999999955591, 51.71195653594099895 ) ) ;
#2023 = ADVANCED_FACE ( 'NONE', ( #4783 ), #7791, .F. ) ;
#2024 = ORIENTED_EDGE ( 'NONE', *, *, #6072, .T. ) ;
#2025 = ORIENTED_EDGE ( 'NONE', *, *, #7803, .F. ) ;
#2026 = ORIENTED_EDGE ( 'NONE', *, *, #8369, .T. ) ;
#2027 = ORIENTED_EDGE ( 'NONE', *, *, #5293, .T. ) ;
#2028 = LINE ( 'NONE', #4275, #7092 ) ;
#2029 = ADVANCED_FACE ( 'NONE', ( #574 ), #8049, .T. ) ;
#2030 = FACE_OUTER_BOUND ( 'NONE', #9631, .T. ) ;
#2031 = CARTESIAN_POINT ( 'NONE',  ( 41.13620667976124423, 0.000000000000000000, 13.74999999999999822 ) ) ;
#2032 = LINE ( 'NONE', #5026, #2550 ) ;
#2033 = CARTESIAN_POINT ( 'NONE',  ( 5.898950814473625570, 147.4213562373095385, 26.03271747798174118 ) ) ;
#2034 = EDGE_LOOP ( 'NONE', ( #3493, #5436, #102, #7801 ) ) ;
#2035 = LINE ( 'NONE', #8130, #2504 ) ;
#2036 = VECTOR ( 'NONE', #5912, 1000.000000000000000 ) ;
#2037 = EDGE_CURVE ( 'NONE', #7603, #638, #5830, .T. ) ;
#2038 = PLANE ( 'NONE',  #3545 ) ;
#2039 = AXIS2_PLACEMENT_3D ( 'NONE', #8652, #1186, #9343 ) ;
#2040 = DIRECTION ( 'NONE',  ( -0.5000000000000001110, 0.000000000000000000, -0.8660254037844385966 ) ) ;
#2041 = AXIS2_PLACEMENT_3D ( 'NONE', #3358, #8564, #1844 ) ;
#2042 = CARTESIAN_POINT ( 'NONE',  ( -50.00000000000000000, 6.000000000000000000, 50.00000000000000000 ) ) ;
#2043 = VECTOR ( 'NONE', #8947, 1000.000000000000227 ) ;
#2044 = DIRECTION ( 'NONE',  ( 0.8757795372522668709, -0.4330127018922231841, -0.2133312028986894260 ) ) ;
#2045 = EDGE_LOOP ( 'NONE', ( #8399, #3361, #1858, #5975 ) ) ;
#2046 = CARTESIAN_POINT ( 'NONE',  ( -82.31282873162557223, 12.75855025242435303, 58.01629620822638600 ) ) ;
#2047 = DIRECTION ( 'NONE',  ( -0.6427876096865473565, -0.000000000000000000, -0.7660444431189713521 ) ) ;
#2048 = CARTESIAN_POINT ( 'NONE',  ( -71.75583453782208210, 8.999999999999962697, -67.98743272795279324 ) ) ;
#2049 = ADVANCED_FACE ( 'NONE', ( #766 ), #9719, .F. ) ;
#2050 = VECTOR ( 'NONE', #5833, 1000.000000000000227 ) ;
#2051 = ADVANCED_FACE ( 'NONE', ( #6624 ), #7357, .T. ) ;
#2052 = ORIENTED_EDGE ( 'NONE', *, *, #4497, .T. ) ;
#2053 = AXIS2_PLACEMENT_3D ( 'NONE', #9512, #2230, #5086 ) ;
#2054 = VERTEX_POINT ( 'NONE', #5092 ) ;
#2055 = DIRECTION ( 'NONE',  ( -0.5000000000000003331, 0.000000000000000000, 0.8660254037844384856 ) ) ;
#2056 = EDGE_CURVE ( 'NONE', #9528, #8522, #7499, .T. ) ;
#2057 = LINE ( 'NONE', #2194, #2826 ) ;
#2058 = EDGE_CURVE ( 'NONE', #6404, #6581, #8094, .T. ) ;
#2059 = DIRECTION ( 'NONE',  ( 0.000000000000000000, 0.000000000000000000, 1.000000000000000000 ) ) ;
#2060 = VERTEX_POINT ( 'NONE', #39 ) ;
#2061 = FACE_OUTER_BOUND ( 'NONE', #220, .T. ) ;
#2062 = CARTESIAN_POINT ( 'NONE',  ( -4.330127018922264703, 147.4213562373095385, -13.74999999999999822 ) ) ;
#2063 = VERTEX_POINT ( 'NONE', #5044 ) ;
#2064 = EDGE_CURVE ( 'NONE', #6733, #9646, #2877, .T. ) ;
#2065 = VERTEX_POINT ( 'NONE', #5777 ) ;
#2066 = VECTOR ( 'NONE', #1234, 1000.000000000000000 ) ;
#2067 = DIRECTION ( 'NONE',  ( -1.000000000000000000, 0.000000000000000000, -0.000000000000000000 ) ) ;
#2068 = FACE_OUTER_BOUND ( 'NONE', #7266, .T. ) ;
#2069 = LINE ( 'NONE', #5057, #7787 ) ;
#2070 = ORIENTED_EDGE ( 'NONE', *, *, #3757, .F. ) ;
#2071 = CARTESIAN_POINT ( 'NONE',  ( 8.660254037844314468, 0.000000000000000000, 21.25000000000000000 ) ) ;
#2072 = PLANE ( 'NONE',  #5481 ) ;
#2073 = CARTESIAN_POINT ( 'NONE',  ( -22.73316684934198051, 147.4213562373095385, -45.62499999999995737 ) ) ;
#2074 = CARTESIAN_POINT ( 'NONE',  ( -45.46633369868351338, 147.4213562373095385, 42.49999999999998579 ) ) ;
#2075 = VERTEX_POINT ( 'NONE', #9568 ) ;
#2076 = EDGE_LOOP ( 'NONE', ( #532, #2623, #3864, #7664 ) ) ;
#2077 = ORIENTED_EDGE ( 'NONE', *, *, #4564, .F. ) ;
#2078 = ORIENTED_EDGE ( 'NONE', *, *, #6011, .F. ) ;
#2079 = DIRECTION ( 'NONE',  ( 0.000000000000000000, -1.000000000000000000, 0.000000000000000000 ) ) ;
#2080 = EDGE_CURVE ( 'NONE', #5752, #7615, #5880, .T. ) ;
#2081 = LINE ( 'NONE', #2805, #5285 ) ;
#2082 = LINE ( 'NONE', #5910, #3245 ) ;
#2083 = LINE ( 'NONE', #8178, #2713 ) ;
#2084 = PLANE ( 'NONE',  #5321 ) ;
#2085 = ORIENTED_EDGE ( 'NONE', *, *, #4387, .T. ) ;
#2086 = CARTESIAN_POINT ( 'NONE',  ( 70.99180026031160651, 17.25833024919703718, -81.52318550399952812 ) ) ;
#2087 = CARTESIAN_POINT ( 'NONE',  ( -50.00000000000000000, 6.000000000000000000, 50.00000000000000000 ) ) ;
#2088 = FACE_OUTER_BOUND ( 'NONE', #4764, .T. ) ;
#2089 = CARTESIAN_POINT ( 'NONE',  ( 54.69999999999859597, 6.000000000000000000, -57.20000000000025864 ) ) ;
#2090 = AXIS2_PLACEMENT_3D ( 'NONE', #918, #7745, #4843 ) ;
#2091 = CARTESIAN_POINT ( 'NONE',  ( -41.13620667976130818, 0.000000000000000000, -34.99999999999999289 ) ) ;
#2092 = ORIENTED_EDGE ( 'NONE', *, *, #5876, .T. ) ;
#2093 = DIRECTION ( 'NONE',  ( -0.8660254037844387076, 0.000000000000000000, -0.5000000000000001110 ) ) ;
#2094 = EDGE_CURVE ( 'NONE', #481, #2075, #5193, .T. ) ;
#2095 = CARTESIAN_POINT ( 'NONE',  ( 32.47595264191693332, 6.000000000000005329, 13.74999999999999467 ) ) ;
#2096 = DIRECTION ( 'NONE',  ( -0.000000000000000000, -1.000000000000000000, -0.000000000000000000 ) ) ;
#2097 = EDGE_CURVE ( 'NONE', #9161, #7914, #8193, .T. ) ;
#2098 = ORIENTED_EDGE ( 'NONE', *, *, #768, .T. ) ;
#2099 = VERTEX_POINT ( 'NONE', #1510 ) ;
#2100 = DIRECTION ( 'NONE',  ( -0.000000000000000000, 1.000000000000000000, -0.000000000000000000 ) ) ;
#2101 = DIRECTION ( 'NONE',  ( 0.5000000000000001110, 0.000000000000000000, -0.8660254037844387076 ) ) ;
#2102 = DIRECTION ( 'NONE',  ( -0.000000000000000000, -0.000000000000000000, 1.000000000000000000 ) ) ;
#2103 = AXIS2_PLACEMENT_3D ( 'NONE', #1333, #443, #1232 ) ;
#2104 = EDGE_LOOP ( 'NONE', ( #3186, #2581, #6599 ) ) ;
#2105 = CARTESIAN_POINT ( 'NONE',  ( -22.73316684934153287, 6.000000000000005329, -3.124999999999960920 ) ) ;
#2106 = EDGE_LOOP ( 'NONE', ( #6200, #4058, #4641, #3432, #4095, #1357, #6246, #6517, #1913, #5434, #2651, #7034, #9226, #1731, #578, #8093 ) ) ;
#2107 = VERTEX_POINT ( 'NONE', #2830 ) ;
#2108 = LINE ( 'NONE', #8102, #3978 ) ;
#2109 = ORIENTED_EDGE ( 'NONE', *, *, #6102, .F. ) ;
#2110 = VECTOR ( 'NONE', #9376, 1000.000000000000000 ) ;
#2111 = ORIENTED_EDGE ( 'NONE', *, *, #1864, .T. ) ;
#2112 = DIRECTION ( 'NONE',  ( 0.4698463103929487183, 0.8660254037844400399, -0.1710100716628430717 ) ) ;
#2113 = EDGE_CURVE ( 'NONE', #5344, #7166, #4297, .T. ) ;
#2114 = CARTESIAN_POINT ( 'NONE',  ( 4.330127018922120818, 6.000000000000005329, 13.74999999999999822 ) ) ;
#2115 = ORIENTED_EDGE ( 'NONE', *, *, #7977, .T. ) ;
#2117 = PLANE ( 'NONE',  #4284 ) ;
#2116 = VECTOR ( 'NONE', #4038, 1000.000000000000227 ) ;
#2118 = CARTESIAN_POINT ( 'NONE',  ( -49.99999999999999289, 6.000000000000005329, 4.647459621556995657 ) ) ;
#2119 = VERTEX_POINT ( 'NONE', #1418 ) ;
#2120 = EDGE_CURVE ( 'NONE', #1112, #548, #9671, .T. ) ;
#2121 = DIRECTION ( 'NONE',  ( -0.000000000000000000, -1.000000000000000000, -0.000000000000000000 ) ) ;
#2122 = ORIENTED_EDGE ( 'NONE', *, *, #123, .F. ) ;
#2123 = ORIENTED_EDGE ( 'NONE', *, *, #7867, .F. ) ;
#2124 = VERTEX_POINT ( 'NONE', #6672 ) ;
#2125 = VERTEX_POINT ( 'NONE', #8145 ) ;
#2126 = CARTESIAN_POINT ( 'NONE',  ( -14.07291281149736051, 147.4213562373095385, 39.37499999999995737 ) ) ;
#2127 = EDGE_CURVE ( 'NONE', #581, #3431, #4449, .T. ) ;
#2128 = DIRECTION ( 'NONE',  ( -0.5000000000000000000, 0.000000000000000000, -0.8660254037844385966 ) ) ;
#2129 = DIRECTION ( 'NONE',  ( 0.8137976813493688066, -0.4999999999999977796, 0.2961981327260408414 ) ) ;
#2130 = PLANE ( 'NONE',  #9152 ) ;
#2131 = DIRECTION ( 'NONE',  ( 0.4698463103929532703, 0.8660254037844400399, -0.1710100716628305539 ) ) ;
#2132 = ORIENTED_EDGE ( 'NONE', *, *, #1163, .T. ) ;
#2133 = LINE ( 'NONE', #8181, #5029 ) ;
#2134 = CIRCLE ( 'NONE', #1980, 6.999999999999942268 ) ;
#2135 = DIRECTION ( 'NONE',  ( -0.4698463103929532703, -0.8660254037844400399, 0.1710100716628305539 ) ) ;
#2136 = DIRECTION ( 'NONE',  ( -0.8757795372522714228, -0.4330127018922184656, 0.2133312028986802389 ) ) ;
#2137 = CARTESIAN_POINT ( 'NONE',  ( -14.07291281149758966, 6.000000000000005329, -45.62499999999995737 ) ) ;
#2138 = DIRECTION ( 'NONE',  ( -0.4698463103929487183, -0.8660254037844399289, -0.1710100716628430717 ) ) ;
#2139 = ORIENTED_EDGE ( 'NONE', *, *, #7002, .T. ) ;
#2140 = FACE_OUTER_BOUND ( 'NONE', #7773, .T. ) ;
#2141 = VECTOR ( 'NONE', #5147, 1000.000000000000000 ) ;
#2142 = DIRECTION ( 'NONE',  ( -0.4999999999999980016, 0.000000000000000000, 0.8660254037844397068 ) ) ;
#2143 = CARTESIAN_POINT ( 'NONE',  ( 92.34245936985365688, -5.728164937519062860, -61.66678322122567124 ) ) ;
#2144 = EDGE_LOOP ( 'NONE', ( #2406, #5051, #8983, #2162 ) ) ;
#2145 = ORIENTED_EDGE ( 'NONE', *, *, #9137, .F. ) ;
#2146 = DIRECTION ( 'NONE',  ( 0.000000000000000000, -1.000000000000000000, 0.000000000000000000 ) ) ;
#2147 = ADVANCED_FACE ( 'NONE', ( #7454 ), #8828, .T. ) ;
#2148 = DIRECTION ( 'NONE',  ( -0.3420201433256876422, 0.000000000000000000, 0.9396926207859014335 ) ) ;
#2149 = DIRECTION ( 'NONE',  ( -0.5000000000000000000, 0.000000000000000000, 0.8660254037844385966 ) ) ;
#2150 = VERTEX_POINT ( 'NONE', #8238 ) ;
#2151 = CARTESIAN_POINT ( 'NONE',  ( -14.07291281149715090, 147.4213562373095385, -3.124999999999960920 ) ) ;
#2152 = EDGE_LOOP ( 'NONE', ( #7544, #585, #3163, #8059 ) ) ;
#2153 = CIRCLE ( 'NONE', #7169, 61.96152422706628471 ) ;
#2154 = VERTEX_POINT ( 'NONE', #1267 ) ;
#2155 = DIRECTION ( 'NONE',  ( 0.000000000000000000, 0.000000000000000000, -1.000000000000000000 ) ) ;
#2156 = VECTOR ( 'NONE', #5807, 1000.000000000000000 ) ;
#2157 = ORIENTED_EDGE ( 'NONE', *, *, #5081, .F. ) ;
#2158 = ADVANCED_FACE ( 'NONE', ( #7458 ), #3575, .F. ) ;
#2159 = ORIENTED_EDGE ( 'NONE', *, *, #4119, .F. ) ;
#2160 = AXIS2_PLACEMENT_3D ( 'NONE', #9191, #6286, #3386 ) ;
#2161 = DIRECTION ( 'NONE',  ( -0.000000000000000000, -1.000000000000000000, -0.000000000000000000 ) ) ;
#2162 = ORIENTED_EDGE ( 'NONE', *, *, #6318, .F. ) ;
#2163 = FACE_OUTER_BOUND ( 'NONE', #3899, .T. ) ;
#2164 = DIRECTION ( 'NONE',  ( 0.8137976813493688066, -0.4999999999999977796, -0.2961981327260408414 ) ) ;
#2165 = DIRECTION ( 'NONE',  ( -1.000000000000000000, -1.308353425290363404E-16, 0.000000000000000000 ) ) ;
#2166 = PLANE ( 'NONE',  #3066 ) ;
#2167 = EDGE_CURVE ( 'NONE', #448, #4518, #4452, .T. ) ;
#2168 = VECTOR ( 'NONE', #7872, 1000.000000000000000 ) ;
#2169 = VERTEX_POINT ( 'NONE', #720 ) ;
#2170 = ORIENTED_EDGE ( 'NONE', *, *, #2376, .T. ) ;
#2171 = VERTEX_POINT ( 'NONE', #5883 ) ;
#2172 = EDGE_LOOP ( 'NONE', ( #8258, #9208, #7636, #670 ) ) ;
#2173 = FACE_OUTER_BOUND ( 'NONE', #9448, .T. ) ;
#2174 = AXIS2_PLACEMENT_3D ( 'NONE', #3148, #153, #242 ) ;
#2175 = DIRECTION ( 'NONE',  ( 0.5000000000000024425, 0.000000000000000000, -0.8660254037844372643 ) ) ;
#2176 = EDGE_CURVE ( 'NONE', #3816, #8158, #5835, .T. ) ;
#2177 = LINE ( 'NONE', #4278, #1048 ) ;
#2178 = CARTESIAN_POINT ( 'NONE',  ( 45.22221635007678486, 41.51624119651132361, 85.99860758460253862 ) ) ;
#2179 = PLANE ( 'NONE',  #300 ) ;
#2180 = ORIENTED_EDGE ( 'NONE', *, *, #5141, .T. ) ;
#2181 = LINE ( 'NONE', #8964, #9258 ) ;
#2182 = DIRECTION ( 'NONE',  ( -0.000000000000000000, -1.000000000000000000, -0.000000000000000000 ) ) ;
#2183 = PLANE ( 'NONE',  #7379 ) ;
#2184 = CARTESIAN_POINT ( 'NONE',  ( -30.40590262964586188, 6.000000000000000000, -66.00000000000000000 ) ) ;
#2185 = LINE ( 'NONE', #5085, #7297 ) ;
#2186 = VECTOR ( 'NONE', #2962, 999.9999999999998863 ) ;
#2187 = LINE ( 'NONE', #8189, #2987 ) ;
#2188 = CARTESIAN_POINT ( 'NONE',  ( 19.59551925823889462, 6.000000000000005329, -18.12499999999996092 ) ) ;
#2189 = ADVANCED_FACE ( 'NONE', ( #8881 ), #5195, .F. ) ;
#2190 = VERTEX_POINT ( 'NONE', #6578 ) ;
#2191 = ORIENTED_EDGE ( 'NONE', *, *, #3414, .T. ) ;
#2192 = DIRECTION ( 'NONE',  ( -0.5000000000000000000, 0.000000000000000000, 0.8660254037844385966 ) ) ;
#2193 = VECTOR ( 'NONE', #4192, 1000.000000000000000 ) ;
#2194 = CARTESIAN_POINT ( 'NONE',  ( 84.19336080655018861, -11.39419904078928703, 55.36244354894026998 ) ) ;
#2195 = CARTESIAN_POINT ( 'NONE',  ( 77.96702912130204766, 14.99999999999994316, 81.30738249685769858 ) ) ;
#2196 = ORIENTED_EDGE ( 'NONE', *, *, #5828, .T. ) ;
#2197 = CARTESIAN_POINT ( 'NONE',  ( 28.14582562299473878, 0.000000000000000000, -42.49999999999998579 ) ) ;
#2198 = VECTOR ( 'NONE', #7348, 1000.000000000000114 ) ;
#2199 = VERTEX_POINT ( 'NONE', #6723 ) ;
#2200 = CARTESIAN_POINT ( 'NONE',  ( -14.07291281149736051, 147.4213562373095385, 39.37499999999995737 ) ) ;
#2201 = EDGE_CURVE ( 'NONE', #3238, #1426, #3549, .T. ) ;
#2202 = EDGE_CURVE ( 'NONE', #6135, #4961, #5149, .T. ) ;
#2203 = ORIENTED_EDGE ( 'NONE', *, *, #6854, .T. ) ;
#2204 = CARTESIAN_POINT ( 'NONE',  ( 48.21495254706555045, 6.000000000000000000, -87.08787447931756276 ) ) ;
#2205 = EDGE_LOOP ( 'NONE', ( #6788, #154, #4098, #4921 ) ) ;
#2206 = CARTESIAN_POINT ( 'NONE',  ( -25.98076211353308906, 0.000000000000000000, -15.00000000000011546 ) ) ;
#2207 = LINE ( 'NONE', #95, #8161 ) ;
#2208 = CARTESIAN_POINT ( 'NONE',  ( 32.03989878038110817, 147.4213562373095385, 6.744732556983358940 ) ) ;
#2209 = EDGE_CURVE ( 'NONE', #9317, #967, #9675, .T. ) ;
#2210 = EDGE_CURVE ( 'NONE', #4411, #500, #1421, .T. ) ;
#2211 = CARTESIAN_POINT ( 'NONE',  ( -19.59551925823888396, 147.4213562373095385, -18.12499999999996092 ) ) ;
#2212 = VECTOR ( 'NONE', #2136, 1000.000000000000114 ) ;
#2213 = ADVANCED_FACE ( 'NONE', ( #2833 ), #8147, .T. ) ;
#2214 = ORIENTED_EDGE ( 'NONE', *, *, #4640, .F. ) ;
#2215 = VERTEX_POINT ( 'NONE', #4407 ) ;
#2216 = VERTEX_POINT ( 'NONE', #5097 ) ;
#2217 = EDGE_LOOP ( 'NONE', ( #5942, #1316, #8894, #8974, #347, #3002 ) ) ;
#2218 = DIRECTION ( 'NONE',  ( -0.8789733129752215213, -0.4768709627114688376, 0.000000000000000000 ) ) ;
#2219 = LINE ( 'NONE', #8819, #8767 ) ;
#2220 = PLANE ( 'NONE',  #5235 ) ;
#2221 = DIRECTION ( 'NONE',  ( -0.5000000000000002220, 0.000000000000000000, 0.8660254037844384856 ) ) ;
#2222 = VERTEX_POINT ( 'NONE', #7409 ) ;
#2223 = DIRECTION ( 'NONE',  ( -0.4999999999999980016, 0.000000000000000000, 0.8660254037844397068 ) ) ;
#2224 = CARTESIAN_POINT ( 'NONE',  ( 30.40590262964586188, 6.000000000000000000, -66.00000000000000000 ) ) ;
#2225 = EDGE_CURVE ( 'NONE', #2124, #2342, #3717, .T. ) ;
#2226 = EDGE_CURVE ( 'NONE', #5992, #7671, #5932, .T. ) ;
#2227 = CYLINDRICAL_SURFACE ( 'NONE', #3914, 61.96152422706627760 ) ;
#2228 = CARTESIAN_POINT ( 'NONE',  ( 6.076226797624227238, 6.000000000000005329, 38.02433353179694819 ) ) ;
#2229 = DIRECTION ( 'NONE',  ( 0.8789733129752194118, 0.4768709627114730010, 0.000000000000000000 ) ) ;
#2230 = DIRECTION ( 'NONE',  ( 0.8660254037844361541, 0.000000000000000000, -0.5000000000000043299 ) ) ;
#2231 = CYLINDRICAL_SURFACE ( 'NONE', #9057, 3.999999999999988454 ) ;
#2232 = EDGE_LOOP ( 'NONE', ( #2524, #7765, #7552, #6027 ) ) ;
#2233 = VERTEX_POINT ( 'NONE', #2195 ) ;
#2234 = DIRECTION ( 'NONE',  ( -0.5000000000000002220, 0.000000000000000000, -0.8660254037844384856 ) ) ;
#2235 = PLANE ( 'NONE',  #6598 ) ;
#2236 = ORIENTED_EDGE ( 'NONE', *, *, #8166, .F. ) ;
#2237 = LINE ( 'NONE', #1369, #3047 ) ;
#2238 = EDGE_LOOP ( 'NONE', ( #3081, #696, #8346, #9200 ) ) ;
#2239 = VERTEX_POINT ( 'NONE', #8732 ) ;
#2240 = CARTESIAN_POINT ( 'NONE',  ( 9.742785792574935044, 0.000000000000000000, -10.62499999999999822 ) ) ;
#2241 = ORIENTED_EDGE ( 'NONE', *, *, #3012, .F. ) ;
#2242 = EDGE_CURVE ( 'NONE', #8019, #6232, #2005, .T. ) ;
#2243 = EDGE_LOOP ( 'NONE', ( #3840, #3747, #3142, #6782 ) ) ;
#2244 = VERTEX_POINT ( 'NONE', #525 ) ;
#2245 = VECTOR ( 'NONE', #5366, 1000.000000000000000 ) ;
#2246 = DIRECTION ( 'NONE',  ( 0.3420201433256876422, 0.000000000000000000, -0.9396926207859014335 ) ) ;
#2247 = EDGE_CURVE ( 'NONE', #1614, #3271, #8256, .T. ) ;
#2248 = CARTESIAN_POINT ( 'NONE',  ( 48.21495254706555045, 6.000000000000000000, 87.08787447931756276 ) ) ;
#2249 = LINE ( 'NONE', #1437, #3763 ) ;
#2250 = DIRECTION ( 'NONE',  ( 0.4999999999999999445, 0.000000000000000000, 0.8660254037844387076 ) ) ;
#2251 = DIRECTION ( 'NONE',  ( -0.000000000000000000, -1.000000000000000000, -0.000000000000000000 ) ) ;
#2252 = AXIS2_PLACEMENT_3D ( 'NONE', #3579, #6582, #7903 ) ;
#2253 = VERTEX_POINT ( 'NONE', #3857 ) ;
#2254 = ORIENTED_EDGE ( 'NONE', *, *, #4263, .T. ) ;
#2255 = ORIENTED_EDGE ( 'NONE', *, *, #6584, .F. ) ;
#2256 = DIRECTION ( 'NONE',  ( -0.000000000000000000, -1.000000000000000000, -0.000000000000000000 ) ) ;
#2257 = VECTOR ( 'NONE', #6948, 999.9999999999998863 ) ;
#2258 = EDGE_CURVE ( 'NONE', #5723, #4638, #6023, .T. ) ;
#2259 = FACE_OUTER_BOUND ( 'NONE', #1609, .T. ) ;
#2260 = CARTESIAN_POINT ( 'NONE',  ( 41.13620667976131529, 6.000000000000005329, -7.500000000000000000 ) ) ;
#2261 = LINE ( 'NONE', #3886, #6491 ) ;
#2262 = FACE_OUTER_BOUND ( 'NONE', #5540, .T. ) ;
#2263 = VERTEX_POINT ( 'NONE', #1555 ) ;
#2264 = CIRCLE ( 'NONE', #7754, 4.000000000000009770 ) ;
#2265 = LINE ( 'NONE', #9198, #4317 ) ;
#2266 = VECTOR ( 'NONE', #9665, 1000.000000000000114 ) ;
#2267 = DIRECTION ( 'NONE',  ( -0.000000000000000000, -1.000000000000000000, -0.000000000000000000 ) ) ;
#2268 = DIRECTION ( 'NONE',  ( -0.4698463103929532703, 0.8660254037844400399, 0.1710100716628305539 ) ) ;
#2269 = CARTESIAN_POINT ( 'NONE',  ( 29.89192540169685586, 6.000000000000005329, -24.27433353179683806 ) ) ;
#2270 = DIRECTION ( 'NONE',  ( -0.4698463103929531592, 0.8660254037844399289, 0.1710100716628304984 ) ) ;
#2271 = FACE_OUTER_BOUND ( 'NONE', #7805, .T. ) ;
#2272 = CARTESIAN_POINT ( 'NONE',  ( 49.99999999999999289, 0.000000000000000000, 25.89745962155738113 ) ) ;
#2273 = ORIENTED_EDGE ( 'NONE', *, *, #9481, .T. ) ;
#2274 = EDGE_CURVE ( 'NONE', #7944, #2125, #2438, .T. ) ;
#2275 = ORIENTED_EDGE ( 'NONE', *, *, #3764, .F. ) ;
#2276 = VECTOR ( 'NONE', #1499, 1000.000000000000000 ) ;
#2277 = PLANE ( 'NONE',  #3417 ) ;
#2278 = FACE_BOUND ( 'NONE', #6447, .T. ) ;
#2279 = VECTOR ( 'NONE', #6470, 1000.000000000000000 ) ;
#2280 = EDGE_CURVE ( 'NONE', #3581, #2063, #2326, .T. ) ;
#2281 = ORIENTED_EDGE ( 'NONE', *, *, #5996, .F. ) ;
#2282 = DIRECTION ( 'NONE',  ( -1.000000000000000000, 0.000000000000000000, -0.000000000000000000 ) ) ;
#2283 = ORIENTED_EDGE ( 'NONE', *, *, #8709, .T. ) ;
#2284 = ORIENTED_EDGE ( 'NONE', *, *, #5857, .T. ) ;
#2285 = DIRECTION ( 'NONE',  ( -0.5000000000000001110, 0.000000000000000000, 0.8660254037844387076 ) ) ;
#2286 = VERTEX_POINT ( 'NONE', #129 ) ;
#2287 = ORIENTED_EDGE ( 'NONE', *, *, #5234, .F. ) ;
#2288 = VERTEX_POINT ( 'NONE', #6169 ) ;
#2289 = VECTOR ( 'NONE', #2447, 1000.000000000000000 ) ;
#2290 = CARTESIAN_POINT ( 'NONE',  ( 27.06329386826395123, 147.4213562373095385, -31.87499999999995737 ) ) ;
#2291 = VERTEX_POINT ( 'NONE', #9073 ) ;
#2292 = DIRECTION ( 'NONE',  ( 0.000000000000000000, 0.000000000000000000, 1.000000000000000000 ) ) ;
#2293 = CARTESIAN_POINT ( 'NONE',  ( 50.00000000000000000, 0.000000000000000000, -47.14745962155772219 ) ) ;
#2294 = AXIS2_PLACEMENT_3D ( 'NONE', #2672, #7205, #1948 ) ;
#2295 = DIRECTION ( 'NONE',  ( 0.4698463103929531592, 0.8660254037844399289, -0.1710100716628304984 ) ) ;
#2296 = CARTESIAN_POINT ( 'NONE',  ( 41.13620667976131529, 0.000000000000000000, 28.74999999999999289 ) ) ;
#2297 = ORIENTED_EDGE ( 'NONE', *, *, #4450, .F. ) ;
#2298 = VECTOR ( 'NONE', #8843, 1000.000000000000000 ) ;
#2299 = VERTEX_POINT ( 'NONE', #83 ) ;
#2300 = CYLINDRICAL_SURFACE ( 'NONE', #6626, 6.999999999999941380 ) ;
#2301 = DIRECTION ( 'NONE',  ( 0.8660254037844387076, -0.000000000000000000, 0.5000000000000001110 ) ) ;
#2302 = VECTOR ( 'NONE', #4941, 1000.000000000000114 ) ;
#2303 = EDGE_CURVE ( 'NONE', #9646, #9527, #9166, .T. ) ;
#2304 = CARTESIAN_POINT ( 'NONE',  ( 54.69999999999859597, 0.000000000000000000, -54.69999999999979678 ) ) ;
#2305 = DIRECTION ( 'NONE',  ( 0.4999999999999998335, 0.000000000000000000, -0.8660254037844387076 ) ) ;
#2306 = VERTEX_POINT ( 'NONE', #9118 ) ;
#2307 = EDGE_CURVE ( 'NONE', #6524, #8835, #907, .T. ) ;
#2308 = DIRECTION ( 'NONE',  ( 0.5000000000000000000, 0.000000000000000000, 0.8660254037844385966 ) ) ;
#2309 = CARTESIAN_POINT ( 'NONE',  ( -25.98076211353308906, 147.4213562373095385, -15.00000000000011546 ) ) ;
#2310 = ORIENTED_EDGE ( 'NONE', *, *, #5620, .T. ) ;
#2311 = DIRECTION ( 'NONE',  ( 0.3420201433256810364, -1.119241949895695770E-14, 0.9396926207859039870 ) ) ;
#2312 = EDGE_CURVE ( 'NONE', #3671, #8088, #1604, .T. ) ;
#2313 = DIRECTION ( 'NONE',  ( 0.000000000000000000, 0.000000000000000000, -1.000000000000000000 ) ) ;
#2314 = LINE ( 'NONE', #6899, #5449 ) ;
#2315 = CARTESIAN_POINT ( 'NONE',  ( -22.73316684934198051, 0.000000000000000000, -45.62499999999995737 ) ) ;
#2316 = CARTESIAN_POINT ( 'NONE',  ( -9.742785792574935044, 0.000000000000000000, 10.62499999999999822 ) ) ;
#2317 = AXIS2_PLACEMENT_3D ( 'NONE', #4931, #2613, #7732 ) ;
#2318 = CYLINDRICAL_SURFACE ( 'NONE', #7382, 4.000000000000016875 ) ;
#2319 = EDGE_CURVE ( 'NONE', #7665, #5600, #5385, .T. ) ;
#2320 = ORIENTED_EDGE ( 'NONE', *, *, #2737, .T. ) ;
#2321 = VERTEX_POINT ( 'NONE', #6119 ) ;
#2322 = DIRECTION ( 'NONE',  ( -0.000000000000000000, 1.000000000000000000, -0.000000000000000000 ) ) ;
#2323 = AXIS2_PLACEMENT_3D ( 'NONE', #5716, #3305, #1788 ) ;
#2324 = FACE_BOUND ( 'NONE', #6380, .T. ) ;
#2325 = VECTOR ( 'NONE', #885, 1000.000000000000114 ) ;
#2326 = LINE ( 'NONE', #6811, #6988 ) ;
#2327 = ORIENTED_EDGE ( 'NONE', *, *, #2167, .T. ) ;
#2328 = PLANE ( 'NONE',  #5250 ) ;
#2329 = ADVANCED_FACE ( 'NONE', ( #2379 ), #8241, .F. ) ;
#2330 = ORIENTED_EDGE ( 'NONE', *, *, #9060, .F. ) ;
#2331 = EDGE_CURVE ( 'NONE', #1286, #177, #7938, .T. ) ;
#2332 = CARTESIAN_POINT ( 'NONE',  ( 63.16162830294773300, 10.16190326101922636, -67.09883832977483564 ) ) ;
#2333 = EDGE_CURVE ( 'NONE', #63, #8598, #2958, .T. ) ;
#2334 = VERTEX_POINT ( 'NONE', #6307 ) ;
#2335 = VECTOR ( 'NONE', #7325, 1000.000000000000000 ) ;
#2336 = EDGE_CURVE ( 'NONE', #6556, #2902, #9215, .T. ) ;
#2337 = ORIENTED_EDGE ( 'NONE', *, *, #9409, .T. ) ;
#2338 = ORIENTED_EDGE ( 'NONE', *, *, #203, .F. ) ;
#2339 = EDGE_CURVE ( 'NONE', #9140, #7242, #4141, .T. ) ;
#2340 = DIRECTION ( 'NONE',  ( -0.4698463103929531592, 0.8660254037844399289, -0.1710100716628304984 ) ) ;
#2341 = VECTOR ( 'NONE', #412, 1000.000000000000000 ) ;
#2342 = VERTEX_POINT ( 'NONE', #4189 ) ;
#2343 = LINE ( 'NONE', #8895, #2703 ) ;
#2344 = VECTOR ( 'NONE', #3613, 1000.000000000000000 ) ;
#2345 = ORIENTED_EDGE ( 'NONE', *, *, #6351, .F. ) ;
#2346 = DIRECTION ( 'NONE',  ( -0.5000000000000001110, 0.000000000000000000, 0.8660254037844385966 ) ) ;
#2347 = CARTESIAN_POINT ( 'NONE',  ( 22.71712670107555709, 6.000000000000005329, 3.124999999999962697 ) ) ;
#2348 = DIRECTION ( 'NONE',  ( 0.8660254037844377084, 0.000000000000000000, -0.5000000000000016653 ) ) ;
#2349 = DIRECTION ( 'NONE',  ( -0.5000000000000001110, 0.000000000000000000, -0.8660254037844385966 ) ) ;
#2350 = ADVANCED_FACE ( 'NONE', ( #3359 ), #6261, .F. ) ;
#2351 = VECTOR ( 'NONE', #7259, 1000.000000000000000 ) ;
#2352 = VERTEX_POINT ( 'NONE', #8617 ) ;
#2353 = AXIS2_PLACEMENT_3D ( 'NONE', #8224, #27, #3010 ) ;
#2354 = ORIENTED_EDGE ( 'NONE', *, *, #418, .F. ) ;
#2355 = DIRECTION ( 'NONE',  ( 0.8789733129752216323, 0.4768709627114691707, 0.000000000000000000 ) ) ;
#2356 = CARTESIAN_POINT ( 'NONE',  ( -14.07291281149758966, 6.000000000000005329, 45.62499999999995737 ) ) ;
#2357 = ADVANCED_BREP_SHAPE_REPRESENTATION ( 'Lid V.3', ( #3725, #7314 ), #250 ) ;
#2358 = CARTESIAN_POINT ( 'NONE',  ( -25.98076211353308906, 6.000000000000005329, -15.00000000000011546 ) ) ;
#2359 = LINE ( 'NONE', #6094, #281 ) ;
#2360 = EDGE_LOOP ( 'NONE', ( #8528, #7595, #2374, #4231 ) ) ;
#2361 = PLANE ( 'NONE',  #5078 ) ;
#2362 = DIRECTION ( 'NONE',  ( -0.000000000000000000, -1.000000000000000000, -0.000000000000000000 ) ) ;
#2363 = ORIENTED_EDGE ( 'NONE', *, *, #7811, .T. ) ;
#2364 = CARTESIAN_POINT ( 'NONE',  ( 77.67962342022298117, 8.999999999999955591, -51.71195653594099895 ) ) ;
#2365 = ADVANCED_FACE ( 'NONE', ( #2472 ), #4877, .F. ) ;
#2366 = CARTESIAN_POINT ( 'NONE',  ( 3.673940397442059967E-15, 147.4213562373095385, 30.00000000000000000 ) ) ;
#2367 = CARTESIAN_POINT ( 'NONE',  ( 10.17883965411065006, 0.000000000000000000, -31.11973255698393359 ) ) ;
#2368 = LINE ( 'NONE', #4531, #6009 ) ;
#2369 = CARTESIAN_POINT ( 'NONE',  ( -50.00000000000000000, 0.000000000000000000, 50.00000000000000000 ) ) ;
#2370 = DIRECTION ( 'NONE',  ( -0.000000000000000000, -1.000000000000000000, -0.000000000000000000 ) ) ;
#2371 = VECTOR ( 'NONE', #2256, 1000.000000000000000 ) ;
#2372 = AXIS2_PLACEMENT_3D ( 'NONE', #988, #3980, #5511 ) ;
#2373 = ORIENTED_EDGE ( 'NONE', *, *, #6137, .F. ) ;
#2374 = ORIENTED_EDGE ( 'NONE', *, *, #6529, .F. ) ;
#2375 = CARTESIAN_POINT ( 'NONE',  ( 72.62888298754661776, 20.99999999999993605, -95.97381846109878722 ) ) ;
#2376 = EDGE_CURVE ( 'NONE', #4997, #5591, #5669, .T. ) ;
#2377 = LINE ( 'NONE', #954, #7047 ) ;
#2378 = EDGE_CURVE ( 'NONE', #6973, #7505, #4992, .T. ) ;
#2379 = FACE_OUTER_BOUND ( 'NONE', #2448, .T. ) ;
#2380 = EDGE_CURVE ( 'NONE', #3144, #8057, #4036, .T. ) ;
#2381 = ORIENTED_EDGE ( 'NONE', *, *, #3558, .F. ) ;
#2382 = DIRECTION ( 'NONE',  ( -0.4698463103929487183, 0.8660254037844400399, -0.1710100716628430717 ) ) ;
#2383 = ORIENTED_EDGE ( 'NONE', *, *, #3499, .F. ) ;
#2384 = FACE_OUTER_BOUND ( 'NONE', #5523, .T. ) ;
#2385 = VERTEX_POINT ( 'NONE', #6411 ) ;
#2386 = VECTOR ( 'NONE', #1409, 1000.000000000000114 ) ;
#2387 = VERTEX_POINT ( 'NONE', #4826 ) ;
#2388 = ORIENTED_EDGE ( 'NONE', *, *, #7593, .F. ) ;
#2389 = DIRECTION ( 'NONE',  ( 0.000000000000000000, 1.000000000000000000, 0.000000000000000000 ) ) ;
#2390 = ORIENTED_EDGE ( 'NONE', *, *, #2929, .T. ) ;
#2391 = CARTESIAN_POINT ( 'NONE',  ( 22.73316684934176024, 147.4213562373095385, 24.37499999999996092 ) ) ;
#2392 = VECTOR ( 'NONE', #7722, 999.9999999999998863 ) ;
#2393 = VERTEX_POINT ( 'NONE', #9413 ) ;
#2394 = LINE ( 'NONE', #823, #699 ) ;
#2395 = CARTESIAN_POINT ( 'NONE',  ( -22.73316684934176024, 0.000000000000000000, 24.37499999999996092 ) ) ;
#2396 = LINE ( 'NONE', #8302, #8096 ) ;
#2397 = ORIENTED_EDGE ( 'NONE', *, *, #6213, .T. ) ;
#2398 = ORIENTED_EDGE ( 'NONE', *, *, #8289, .F. ) ;
#2399 = ADVANCED_FACE ( 'NONE', ( #6356 ), #3308, .T. ) ;
#2400 = EDGE_LOOP ( 'NONE', ( #8973, #4274, #6537, #4964, #9697, #6271, #4610 ) ) ;
#2401 = CARTESIAN_POINT ( 'NONE',  ( 28.14582562299473878, 147.4213562373095385, -42.49999999999998579 ) ) ;
#2402 = CARTESIAN_POINT ( 'NONE',  ( 22.73316684934176379, 147.4213562373095385, -39.37499999999995737 ) ) ;
#2403 = ADVANCED_FACE ( 'NONE', ( #4725 ), #5474, .T. ) ;
#2404 = DIRECTION ( 'NONE',  ( 0.000000000000000000, 1.000000000000000000, 0.000000000000000000 ) ) ;
#2405 = DIRECTION ( 'NONE',  ( -0.5000000000000000000, 0.000000000000000000, 0.8660254037844385966 ) ) ;
#2406 = ORIENTED_EDGE ( 'NONE', *, *, #4734, .F. ) ;
#2408 = CARTESIAN_POINT ( 'NONE',  ( -50.00000000000000000, 6.000000000000000000, 50.00000000000000000 ) ) ;
#2407 = VECTOR ( 'NONE', #2591, 1000.000000000000000 ) ;
#2409 = CARTESIAN_POINT ( 'NONE',  ( -4.330127018922337534, 0.000000000000000000, -34.99999999999999289 ) ) ;
#2410 = ORIENTED_EDGE ( 'NONE', *, *, #9137, .T. ) ;
#2411 = LINE ( 'NONE', #939, #3991 ) ;
#2412 = PLANE ( 'NONE',  #7528 ) ;
#2413 = AXIS2_PLACEMENT_3D ( 'NONE', #4204, #4254, #9428 ) ;
#2414 = CARTESIAN_POINT ( 'NONE',  ( 49.99999999999999289, 6.000000000000005329, -47.14745962155772929 ) ) ;
#2415 = VECTOR ( 'NONE', #9095, 1000.000000000000000 ) ;
#2416 = DIRECTION ( 'NONE',  ( -0.5000000000000000000, 0.000000000000000000, 0.8660254037844385966 ) ) ;
#2417 = CARTESIAN_POINT ( 'NONE',  ( -50.00000000000000000, 6.000000000000000000, 50.00000000000000000 ) ) ;
#2418 = DIRECTION ( 'NONE',  ( 0.4698463103929531592, 0.8660254037844399289, -0.1710100716628304984 ) ) ;
#2419 = AXIS2_PLACEMENT_3D ( 'NONE', #6427, #8529, #2630 ) ;
#2420 = EDGE_LOOP ( 'NONE', ( #6020, #3543, #3340, #2752 ) ) ;
#2421 = EDGE_LOOP ( 'NONE', ( #6815, #4629, #9510, #7155 ) ) ;
#2422 = PLANE ( 'NONE',  #5935 ) ;
#2423 = FACE_BOUND ( 'NONE', #8489, .T. ) ;
#2424 = ORIENTED_EDGE ( 'NONE', *, *, #9608, .F. ) ;
#2425 = LINE ( 'NONE', #3948, #2257 ) ;
#2426 = ORIENTED_EDGE ( 'NONE', *, *, #5834, .F. ) ;
#2427 = EDGE_CURVE ( 'NONE', #1878, #4731, #7830, .T. ) ;
#2428 = LINE ( 'NONE', #5435, #423 ) ;
#2429 = EDGE_LOOP ( 'NONE', ( #1364, #3374, #1677, #5358 ) ) ;
#2430 = ADVANCED_FACE ( 'NONE', ( #7780 ), #8666, .T. ) ;
#2431 = AXIS2_PLACEMENT_3D ( 'NONE', #1336, #8752, #6646 ) ;
#2432 = CARTESIAN_POINT ( 'NONE',  ( -2.053814751474071443, 0.000000000000000000, 28.74999999999999645 ) ) ;
#2433 = ORIENTED_EDGE ( 'NONE', *, *, #9303, .F. ) ;
#2434 = DIRECTION ( 'NONE',  ( -0.8137976813493634776, -0.4999999999999976685, -0.2961981327260559960 ) ) ;
#2435 = ORIENTED_EDGE ( 'NONE', *, *, #3357, .F. ) ;
#2436 = DIRECTION ( 'NONE',  ( -0.4999999999999998890, 0.000000000000000000, -0.8660254037844385966 ) ) ;
#2437 = CC_DESIGN_APPROVAL ( #9616, ( #1197 ) ) ;
#2438 = CIRCLE ( 'NONE', #7948, 61.96152422706639840 ) ;
#2439 = APPROVAL_STATUS ( 'not_yet_approved' ) ;
#2440 = EDGE_CURVE ( 'NONE', #8902, #7048, #8442, .T. ) ;
#2441 = VERTEX_POINT ( 'NONE', #264 ) ;
#2442 = ORIENTED_EDGE ( 'NONE', *, *, #675, .F. ) ;
#2443 = ORIENTED_EDGE ( 'NONE', *, *, #6764, .F. ) ;
#2444 = LINE ( 'NONE', #4521, #8654 ) ;
#2445 = DIRECTION ( 'NONE',  ( -0.8660254037844383745, 0.000000000000000000, 0.5000000000000004441 ) ) ;
#2446 = LINE ( 'NONE', #975, #1530 ) ;
#2447 = DIRECTION ( 'NONE',  ( 1.000000000000000000, 0.000000000000000000, 0.000000000000000000 ) ) ;
#2448 = EDGE_LOOP ( 'NONE', ( #1827, #5663, #2889, #6001 ) ) ;
#2449 = CARTESIAN_POINT ( 'NONE',  ( 9.742785792574935044, 0.000000000000000000, 10.62499999999999822 ) ) ;
#2450 = DIRECTION ( 'NONE',  ( 0.8660254037844377084, -0.000000000000000000, 0.5000000000000017764 ) ) ;
#2451 = ADVANCED_FACE ( 'NONE', ( #3259, #2517, #5519, #8513 ), #4090, .T. ) ;
#2452 = ORIENTED_EDGE ( 'NONE', *, *, #984, .F. ) ;
#2453 = EDGE_CURVE ( 'NONE', #5760, #7955, #5939, .T. ) ;
#2454 = LINE ( 'NONE', #4019, #3539 ) ;
#2455 = AXIS2_PLACEMENT_3D ( 'NONE', #6332, #3189, #4117 ) ;
#2456 = ORIENTED_EDGE ( 'NONE', *, *, #7118, .F. ) ;
#2457 = CARTESIAN_POINT ( 'NONE',  ( -30.40590262964586188, 0.000000000000000000, -66.00000000000000000 ) ) ;
#2458 = EDGE_CURVE ( 'NONE', #4050, #4182, #2219, .T. ) ;
#2459 = EDGE_CURVE ( 'NONE', #7369, #8392, #4476, .T. ) ;
#2460 = PLANE ( 'NONE',  #3250 ) ;
#2461 = CIRCLE ( 'NONE', #6564, 51.96152422706639129 ) ;
#2462 = DIRECTION ( 'NONE',  ( 0.000000000000000000, 0.000000000000000000, -1.000000000000000000 ) ) ;
#2463 = CARTESIAN_POINT ( 'NONE',  ( -8.660254037844532959, 0.000000000000000000, -42.49999999999999289 ) ) ;
#2464 = ORIENTED_EDGE ( 'NONE', *, *, #3211, .F. ) ;
#2465 = LINE ( 'NONE', #6805, #9584 ) ;
#2466 = EDGE_CURVE ( 'NONE', #3486, #4855, #3744, .T. ) ;
#2467 = ORIENTED_EDGE ( 'NONE', *, *, #4792, .F. ) ;
#2468 = VERTEX_POINT ( 'NONE', #3005 ) ;
#2469 = CARTESIAN_POINT ( 'NONE',  ( 49.99999999999997158, 0.000000000000000000, 25.89745962155742021 ) ) ;
#2470 = LINE ( 'NONE', #1943, #1252 ) ;
#2471 = AXIS2_PLACEMENT_3D ( 'NONE', #8721, #1993, #1727 ) ;
#2472 = FACE_OUTER_BOUND ( 'NONE', #2238, .T. ) ;
#2473 = EDGE_LOOP ( 'NONE', ( #2722, #9270, #2480, #7438 ) ) ;
#2474 = DIRECTION ( 'NONE',  ( 0.000000000000000000, 0.000000000000000000, -1.000000000000000000 ) ) ;
#2475 = VERTEX_POINT ( 'NONE', #3510 ) ;
#2476 = CARTESIAN_POINT ( 'NONE',  ( -35.96815219932086904, 6.000000000000005329, -13.75000000000001599 ) ) ;
#2477 = EDGE_CURVE ( 'NONE', #7863, #4296, #5220, .T. ) ;
#2478 = ORIENTED_EDGE ( 'NONE', *, *, #604, .T. ) ;
#2479 = FACE_OUTER_BOUND ( 'NONE', #4053, .T. ) ;
#2480 = ORIENTED_EDGE ( 'NONE', *, *, #3855, .T. ) ;
#2481 = CARTESIAN_POINT ( 'NONE',  ( -25.49447007271233190, 0.000000000000000000, -7.907717477981869081 ) ) ;
#2482 = CARTESIAN_POINT ( 'NONE',  ( -82.83999675952468067, 17.25855025242420737, 48.97164729660255489 ) ) ;
#2483 = EDGE_CURVE ( 'NONE', #8081, #7415, #8219, .T. ) ;
#2484 = CIRCLE ( 'NONE', #9562, 6.999999999999941380 ) ;
#2485 = CARTESIAN_POINT ( 'NONE',  ( 3.673940397442059967E-15, 147.4213562373095385, 30.00000000000000000 ) ) ;
#2486 = EDGE_LOOP ( 'NONE', ( #84, #1021, #7716, #179, #9612, #1783 ) ) ;
#2487 = VERTEX_POINT ( 'NONE', #7990 ) ;
#2488 = VECTOR ( 'NONE', #3107, 1000.000000000000114 ) ;
#2489 = ORIENTED_EDGE ( 'NONE', *, *, #7970, .F. ) ;
#2490 = CARTESIAN_POINT ( 'NONE',  ( 32.47595264191693332, 0.000000000000000000, 49.99999999999998579 ) ) ;
#2491 = AXIS2_PLACEMENT_3D ( 'NONE', #2042, #4395, #4238 ) ;
#2492 = LINE ( 'NONE', #7667, #7921 ) ;
#2493 = VECTOR ( 'NONE', #444, 1000.000000000000000 ) ;
#2494 = LINE ( 'NONE', #7669, #5605 ) ;
#2495 = CARTESIAN_POINT ( 'NONE',  ( 25.25907427704662922, 147.4213562373095385, -50.00000000000000000 ) ) ;
#2496 = EDGE_CURVE ( 'NONE', #7906, #7553, #8311, .T. ) ;
#2497 = ORIENTED_EDGE ( 'NONE', *, *, #2466, .T. ) ;
#2498 = CARTESIAN_POINT ( 'NONE',  ( -48.18039637606665337, 0.000000000000000000, 87.18281677883985026 ) ) ;
#2499 = EDGE_CURVE ( 'NONE', #46, #9717, #8924, .T. ) ;
#2500 = DIRECTION ( 'NONE',  ( -1.000000000000000000, 0.000000000000000000, 0.000000000000000000 ) ) ;
#2501 = ORIENTED_EDGE ( 'NONE', *, *, #8840, .F. ) ;
#2502 = CIRCLE ( 'NONE', #7845, 61.96152422706627760 ) ;
#2503 = DIRECTION ( 'NONE',  ( -0.4698463103929532703, 0.8660254037844400399, 0.1710100716628305539 ) ) ;
#2504 = VECTOR ( 'NONE', #8035, 1000.000000000000000 ) ;
#2505 = VERTEX_POINT ( 'NONE', #1584 ) ;
#2506 = DIRECTION ( 'NONE',  ( 0.000000000000000000, -0.000000000000000000, 1.000000000000000000 ) ) ;
#2507 = PLANE ( 'NONE',  #6717 ) ;
#2508 = LINE ( 'NONE', #7189, #6166 ) ;
#2509 = CARTESIAN_POINT ( 'NONE',  ( 70.46463223241228491, 12.75833024919765002, 90.56783441562362214 ) ) ;
#2510 = ORIENTED_EDGE ( 'NONE', *, *, #9555, .T. ) ;
#2511 = DIRECTION ( 'NONE',  ( 0.000000000000000000, 0.000000000000000000, 1.000000000000000000 ) ) ;
#2512 = EDGE_CURVE ( 'NONE', #209, #190, #7480, .T. ) ;
#2513 = VECTOR ( 'NONE', #2250, 1000.000000000000000 ) ;
#2514 = EDGE_CURVE ( 'NONE', #7009, #4890, #749, .T. ) ;
#2515 = DIRECTION ( 'NONE',  ( -0.000000000000000000, -1.000000000000000000, -0.000000000000000000 ) ) ;
#2516 = CARTESIAN_POINT ( 'NONE',  ( -5.898950814473804094, 0.000000000000000000, 26.03271747798169855 ) ) ;
#2517 = FACE_BOUND ( 'NONE', #3921, .T. ) ;
#2518 = ORIENTED_EDGE ( 'NONE', *, *, #2929, .F. ) ;
#2519 = DIRECTION ( 'NONE',  ( 0.000000000000000000, 0.000000000000000000, 1.000000000000000000 ) ) ;
#2520 = ORIENTED_EDGE ( 'NONE', *, *, #70, .F. ) ;
#2521 = CARTESIAN_POINT ( 'NONE',  ( -14.07291281149736051, 0.000000000000000000, -39.37499999999995737 ) ) ;
#2522 = LINE ( 'NONE', #6951, #120 ) ;
#2523 = EDGE_LOOP ( 'NONE', ( #1753, #3419, #4099, #1487 ) ) ;
#2524 = ORIENTED_EDGE ( 'NONE', *, *, #4080, .F. ) ;
#2525 = DIRECTION ( 'NONE',  ( 0.000000000000000000, -1.000000000000000000, 0.000000000000000000 ) ) ;
#2526 = DIRECTION ( 'NONE',  ( -0.000000000000000000, -1.000000000000000000, -0.000000000000000000 ) ) ;
#2527 = EDGE_LOOP ( 'NONE', ( #175, #732, #2801, #3427 ) ) ;
#2528 = PLANE ( 'NONE',  #5875 ) ;
#2529 = DIRECTION ( 'NONE',  ( 0.000000000000000000, 0.9678453296402124151, 0.2515460552138088501 ) ) ;
#2530 = ORIENTED_EDGE ( 'NONE', *, *, #6982, .F. ) ;
#2531 = CARTESIAN_POINT ( 'NONE',  ( -35.96815219932086904, 6.000000000000005329, -13.74999999999999467 ) ) ;
#2532 = CARTESIAN_POINT ( 'NONE',  ( -35.72484103454691251, 0.000000000000000000, -20.62574658805229433 ) ) ;
#2533 = ORIENTED_EDGE ( 'NONE', *, *, #1591, .T. ) ;
#2534 = EDGE_LOOP ( 'NONE', ( #6512, #8844, #2426, #8841 ) ) ;
#2535 = EDGE_CURVE ( 'NONE', #7880, #8681, #9509, .T. ) ;
#2536 = ORIENTED_EDGE ( 'NONE', *, *, #3676, .T. ) ;
#2537 = FACE_OUTER_BOUND ( 'NONE', #6945, .T. ) ;
#2538 = DIRECTION ( 'NONE',  ( 0.000000000000000000, -0.000000000000000000, 1.000000000000000000 ) ) ;
#2539 = VECTOR ( 'NONE', #3226, 1000.000000000000227 ) ;
#2540 = PLANE ( 'NONE',  #3724 ) ;
#2541 = PLANE ( 'NONE',  #4010 ) ;
#2542 = ORIENTED_EDGE ( 'NONE', *, *, #359, .F. ) ;
#2543 = DIRECTION ( 'NONE',  ( 0.000000000000000000, 0.000000000000000000, -1.000000000000000000 ) ) ;
#2544 = CARTESIAN_POINT ( 'NONE',  ( 32.47595264191693332, 6.000000000000005329, 49.99999999999998579 ) ) ;
#2545 = ORIENTED_EDGE ( 'NONE', *, *, #9555, .F. ) ;
#2546 = CARTESIAN_POINT ( 'NONE',  ( -60.42191776730608410, 13.49999999999996980, -91.53084647020817499 ) ) ;
#2547 = ORIENTED_EDGE ( 'NONE', *, *, #6956, .T. ) ;
#2548 = CARTESIAN_POINT ( 'NONE',  ( -14.07291281149736051, 147.4213562373095385, -39.37499999999995737 ) ) ;
#2549 = EDGE_CURVE ( 'NONE', #354, #3295, #796, .T. ) ;
#2550 = VECTOR ( 'NONE', #3745, 1000.000000000000114 ) ;
#2551 = CARTESIAN_POINT ( 'NONE',  ( 25.98076211353308551, 147.4213562373095385, -15.00000000000013323 ) ) ;
#2552 = LINE ( 'NONE', #8464, #3638 ) ;
#2553 = FACE_BOUND ( 'NONE', #18, .T. ) ;
#2554 = VERTEX_POINT ( 'NONE', #2260 ) ;
#2555 = FACE_OUTER_BOUND ( 'NONE', #2420, .T. ) ;
#2556 = VECTOR ( 'NONE', #1272, 1000.000000000000000 ) ;
#2557 = EDGE_CURVE ( 'NONE', #1735, #9331, #22, .T. ) ;
#2558 = DIRECTION ( 'NONE',  ( 0.7030969734007188610, 0.2500000000000085487, 0.6656986149863500790 ) ) ;
#2559 = CARTESIAN_POINT ( 'NONE',  ( 14.07291281149715090, 0.000000000000000000, -3.124999999999960920 ) ) ;
#2560 = CARTESIAN_POINT ( 'NONE',  ( 50.00000000000000000, 6.000000000000005329, 37.85254037844266151 ) ) ;
#2561 = CARTESIAN_POINT ( 'NONE',  ( 3.673940397442059967E-15, 6.000000000000005329, 30.00000000000000000 ) ) ;
#2562 = VECTOR ( 'NONE', #6631, 1000.000000000000227 ) ;
#2563 = VERTEX_POINT ( 'NONE', #3050 ) ;
#2564 = CARTESIAN_POINT ( 'NONE',  ( 25.98076211353308551, 147.4213562373095385, -15.00000000000013323 ) ) ;
#2565 = ORIENTED_EDGE ( 'NONE', *, *, #4007, .F. ) ;
#2566 = CARTESIAN_POINT ( 'NONE',  ( -79.37756954555035804, -7.579231339097894704, 87.91339593296397936 ) ) ;
#2567 = DIRECTION ( 'NONE',  ( 0.4698463103929532703, -0.8660254037844400399, -0.1710100716628305539 ) ) ;
#2568 = EDGE_CURVE ( 'NONE', #3955, #3580, #3794, .T. ) ;
#2569 = ORIENTED_EDGE ( 'NONE', *, *, #3716, .T. ) ;
#2570 = ORIENTED_EDGE ( 'NONE', *, *, #3942, .T. ) ;
#2571 = DIRECTION ( 'NONE',  ( -0.000000000000000000, -1.000000000000000000, -0.000000000000000000 ) ) ;
#2572 = EDGE_CURVE ( 'NONE', #2636, #4688, #5769, .T. ) ;
#2573 = DIRECTION ( 'NONE',  ( 0.000000000000000000, 1.000000000000000000, 0.000000000000000000 ) ) ;
#2574 = LINE ( 'NONE', #1064, #6544 ) ;
#2575 = ORIENTED_EDGE ( 'NONE', *, *, #9481, .F. ) ;
#2576 = DIRECTION ( 'NONE',  ( -1.000000000000000000, 0.000000000000000000, 1.001543065824772975E-16 ) ) ;
#2577 = FACE_OUTER_BOUND ( 'NONE', #9206, .T. ) ;
#2578 = ORIENTED_EDGE ( 'NONE', *, *, #2874, .T. ) ;
#2579 = CARTESIAN_POINT ( 'NONE',  ( -48.21495254706555045, 6.000000000000000000, -87.08787447931756276 ) ) ;
#2580 = AXIS2_PLACEMENT_3D ( 'NONE', #6737, #1675, #826 ) ;
#2581 = ORIENTED_EDGE ( 'NONE', *, *, #8901, .F. ) ;
#2582 = ORIENTED_EDGE ( 'NONE', *, *, #4838, .F. ) ;
#2583 = LINE ( 'NONE', #5592, #2686 ) ;
#2584 = LINE ( 'NONE', #5496, #9172 ) ;
#2585 = AXIS2_PLACEMENT_3D ( 'NONE', #8768, #8182, #4439 ) ;
#2586 = LOCAL_TIME ( 22, 20, 6.000000000000000000, #7218 ) ;
#2587 = FACE_OUTER_BOUND ( 'NONE', #4222, .T. ) ;
#2588 = CARTESIAN_POINT ( 'NONE',  ( -4.564377845115513033, 0.000000000000000000, 12.54052506331302119 ) ) ;
#2589 = VECTOR ( 'NONE', #8930, 999.9999999999998863 ) ;
#2590 = ORIENTED_EDGE ( 'NONE', *, *, #1325, .F. ) ;
#2591 = DIRECTION ( 'NONE',  ( -1.000000000000000000, 0.000000000000000000, 0.000000000000000000 ) ) ;
#2592 = DIRECTION ( 'NONE',  ( 0.000000000000000000, 0.000000000000000000, 1.000000000000000000 ) ) ;
#2593 = ORIENTED_EDGE ( 'NONE', *, *, #5793, .F. ) ;
#2594 = CARTESIAN_POINT ( 'NONE',  ( -22.73316684934198051, 0.000000000000000000, 45.62499999999995737 ) ) ;
#2595 = EDGE_CURVE ( 'NONE', #7467, #6682, #6050, .T. ) ;
#2596 = EDGE_LOOP ( 'NONE', ( #5553, #9458, #597, #5634 ) ) ;
#2597 = CARTESIAN_POINT ( 'NONE',  ( 41.13620667976131529, 6.000000000000005329, -34.99999999999999289 ) ) ;
#2598 = DIRECTION ( 'NONE',  ( 0.5000000000000024425, 0.000000000000000000, -0.8660254037844372643 ) ) ;
#2599 = AXIS2_PLACEMENT_3D ( 'NONE', #6473, #4889, #1804 ) ;
#2600 = CARTESIAN_POINT ( 'NONE',  ( -63.00726380300933016, 41.51624119651383182, 37.13459130373446015 ) ) ;
#2601 = AXIS2_PLACEMENT_3D ( 'NONE', #4559, #7517, #7562 ) ;
#2602 = FACE_BOUND ( 'NONE', #487, .T. ) ;
#2603 = EDGE_LOOP ( 'NONE', ( #5388, #8338, #3045, #90 ) ) ;
#2604 = CARTESIAN_POINT ( 'NONE',  ( 49.99999999999999289, 6.000000000000000000, 50.00000000000000000 ) ) ;
#2605 = EDGE_CURVE ( 'NONE', #6468, #6030, #440, .T. ) ;
#2606 = ADVANCED_FACE ( 'NONE', ( #6463 ), #2716, .F. ) ;
#2607 = VECTOR ( 'NONE', #8671, 1000.000000000000000 ) ;
#2608 = CARTESIAN_POINT ( 'NONE',  ( 9.742785792574935044, 6.000000000000005329, 10.62499999999999822 ) ) ;
#2609 = ORIENTED_EDGE ( 'NONE', *, *, #8568, .T. ) ;
#2610 = CARTESIAN_POINT ( 'NONE',  ( -22.71712670107568499, 6.000000000000005329, 3.124999999999959588 ) ) ;
#2611 = AXIS2_PLACEMENT_3D ( 'NONE', #5389, #4097, #134 ) ;
#2612 = FACE_BOUND ( 'NONE', #8602, .T. ) ;
#2613 = DIRECTION ( 'NONE',  ( -0.000000000000000000, -1.000000000000000000, -0.000000000000000000 ) ) ;
#2614 = ORIENTED_EDGE ( 'NONE', *, *, #7195, .F. ) ;
#2615 = PLANE ( 'NONE',  #1332 ) ;
#2616 = EDGE_CURVE ( 'NONE', #1442, #2385, #2359, .T. ) ;
#2617 = ORIENTED_EDGE ( 'NONE', *, *, #3067, .F. ) ;
#2618 = ADVANCED_FACE ( 'NONE', ( #5546 ), #1634, .F. ) ;
#2619 = CARTESIAN_POINT ( 'NONE',  ( -91.03044906903043909, -1.986715189943727422, -84.21886854533643429 ) ) ;
#2620 = DIRECTION ( 'NONE',  ( 0.4698463103929487183, 0.8660254037844400399, 0.1710100716628430717 ) ) ;
#2621 = AXIS2_PLACEMENT_3D ( 'NONE', #2548, #2506, #8549 ) ;
#2622 = ORIENTED_EDGE ( 'NONE', *, *, #3406, .F. ) ;
#2623 = ORIENTED_EDGE ( 'NONE', *, *, #1699, .T. ) ;
#2624 = CARTESIAN_POINT ( 'NONE',  ( -41.13620667976131529, 0.000000000000000000, 34.99999999999999289 ) ) ;
#2625 = VECTOR ( 'NONE', #6238, 1000.000000000000000 ) ;
#2626 = EDGE_CURVE ( 'NONE', #285, #8, #6194, .T. ) ;
#2627 = CARTESIAN_POINT ( 'NONE',  ( 23.87132298306551803, 0.000000000000000000, -16.15365574944389948 ) ) ;
#2628 = FACE_OUTER_BOUND ( 'NONE', #9339, .T. ) ;
#2629 = ORIENTED_EDGE ( 'NONE', *, *, #898, .T. ) ;
#2630 = DIRECTION ( 'NONE',  ( -0.5000000000000016653, 0.000000000000000000, -0.8660254037844375974 ) ) ;
#2631 = LINE ( 'NONE', #6710, #8665 ) ;
#2632 = ADVANCED_FACE ( 'NONE', ( #7019 ), #1027, .T. ) ;
#2633 = CARTESIAN_POINT ( 'NONE',  ( -9.742785792575173076, 0.000000000000000000, -31.87499999999996447 ) ) ;
#2634 = CARTESIAN_POINT ( 'NONE',  ( -9.742785792574935044, 0.000000000000000000, 10.62499999999999822 ) ) ;
#2635 = EDGE_CURVE ( 'NONE', #2321, #3683, #8541, .T. ) ;
#2636 = VERTEX_POINT ( 'NONE', #5499 ) ;
#2637 = EDGE_CURVE ( 'NONE', #5368, #2844, #8495, .T. ) ;
#2638 = ORIENTED_EDGE ( 'NONE', *, *, #5520, .T. ) ;
#2639 = ORIENTED_EDGE ( 'NONE', *, *, #4447, .T. ) ;
#2640 = DIRECTION ( 'NONE',  ( -0.4999999999999998890, 0.000000000000000000, 0.8660254037844387076 ) ) ;
#2641 = PLANE ( 'NONE',  #4761 ) ;
#2642 = EDGE_CURVE ( 'NONE', #126, #5751, #4748, .T. ) ;
#2643 = AXIS2_PLACEMENT_3D ( 'NONE', #7806, #388, #5643 ) ;
#2644 = DIRECTION ( 'NONE',  ( 0.000000000000000000, 0.000000000000000000, -1.000000000000000000 ) ) ;
#2645 = VECTOR ( 'NONE', #6015, 1000.000000000000000 ) ;
#2646 = CARTESIAN_POINT ( 'NONE',  ( -25.49447007271233190, 6.000000000000005329, -7.907717477981869081 ) ) ;
#2647 = EDGE_LOOP ( 'NONE', ( #8445, #5884, #7953, #9647 ) ) ;
#2648 = CARTESIAN_POINT ( 'NONE',  ( 46.54886545341405935, 0.000000000000000000, 10.62499999999999822 ) ) ;
#2649 = EDGE_CURVE ( 'NONE', #1707, #5199, #9285, .T. ) ;
#2650 = CARTESIAN_POINT ( 'NONE',  ( 14.07291281149715978, 147.4213562373095385, -18.12499999999996092 ) ) ;
#2651 = ORIENTED_EDGE ( 'NONE', *, *, #6961, .T. ) ;
#2652 = DIRECTION ( 'NONE',  ( 0.8789733129752216323, -0.4768709627114687821, 0.000000000000000000 ) ) ;
#2653 = EDGE_LOOP ( 'NONE', ( #8626, #2115, #5417, #4741 ) ) ;
#2654 = EDGE_LOOP ( 'NONE', ( #1172, #4261, #5913, #4535 ) ) ;
#2655 = VECTOR ( 'NONE', #2164, 1000.000000000000227 ) ;
#2656 = FACE_OUTER_BOUND ( 'NONE', #243, .T. ) ;
#2657 = CARTESIAN_POINT ( 'NONE',  ( -54.70000000000057128, 0.000000000000000000, 54.69999999999941309 ) ) ;
#2658 = CARTESIAN_POINT ( 'NONE',  ( -85.28138980357266519, 12.75855025242441521, -49.86024169478056933 ) ) ;
#2659 = AXIS2_PLACEMENT_3D ( 'NONE', #3574, #5978, #2148 ) ;
#2660 = DIRECTION ( 'NONE',  ( -0.6427876096865473565, 0.000000000000000000, 0.7660444431189713521 ) ) ;
#2661 = CARTESIAN_POINT ( 'NONE',  ( 62.86331081135421073, 8.999999999999966249, -92.41944086838630312 ) ) ;
#2662 = EDGE_LOOP ( 'NONE', ( #7410, #5251, #2464, #8545, #5870, #8604 ) ) ;
#2663 = VECTOR ( 'NONE', #3806, 1000.000000000000114 ) ;
#2664 = CARTESIAN_POINT ( 'NONE',  ( 41.13620667976131529, 6.000000000000005329, 7.500000000000000000 ) ) ;
#2665 = EDGE_CURVE ( 'NONE', #994, #5237, #5364, .T. ) ;
#2666 = CARTESIAN_POINT ( 'NONE',  ( 32.47595264191693332, 0.000000000000000000, -28.74999999999999289 ) ) ;
#2667 = CARTESIAN_POINT ( 'NONE',  ( 32.47595264191693332, 6.000000000000005329, 34.99999999999999289 ) ) ;
#2668 = DIRECTION ( 'NONE',  ( -0.000000000000000000, -0.000000000000000000, 1.000000000000000000 ) ) ;
#2669 = ORIENTED_EDGE ( 'NONE', *, *, #8986, .F. ) ;
#2670 = DIRECTION ( 'NONE',  ( 0.4999999999999979461, 0.000000000000000000, -0.8660254037844397068 ) ) ;
#2671 = FACE_OUTER_BOUND ( 'NONE', #7752, .T. ) ;
#2672 = CARTESIAN_POINT ( 'NONE',  ( -4.564377845115513033, 0.000000000000000000, -12.54052506331302119 ) ) ;
#2673 = AXIS2_PLACEMENT_3D ( 'NONE', #663, #7293, #2040 ) ;
#2674 = ORIENTED_EDGE ( 'NONE', *, *, #6363, .F. ) ;
#2675 = ORIENTED_EDGE ( 'NONE', *, *, #7154, .F. ) ;
#2676 = EDGE_CURVE ( 'NONE', #1508, #2244, #8406, .T. ) ;
#2677 = LINE ( 'NONE', #2624, #78 ) ;
#2678 = ADVANCED_FACE ( 'NONE', ( #9238 ), #2541, .T. ) ;
#2679 = DIRECTION ( 'NONE',  ( -0.4999999999999999445, 0.000000000000000000, 0.8660254037844387076 ) ) ;
#2680 = CARTESIAN_POINT ( 'NONE',  ( -66.90654586327433151, 15.40748385084520677, -83.37431452178670099 ) ) ;
#2681 = ORIENTED_EDGE ( 'NONE', *, *, #9353, .T. ) ;
#2682 = PLANE ( 'NONE',  #9652 ) ;
#2683 = ORIENTED_EDGE ( 'NONE', *, *, #4677, .F. ) ;
#2684 = DIRECTION ( 'NONE',  ( -0.8789733129752194118, 0.4768709627114730010, 0.000000000000000000 ) ) ;
#2685 = APPROVAL_ROLE ( '' ) ;
#2686 = VECTOR ( 'NONE', #7909, 1000.000000000000000 ) ;
#2687 = EDGE_CURVE ( 'NONE', #8687, #4174, #4662, .T. ) ;
#2688 = VERTEX_POINT ( 'NONE', #7574 ) ;
#2689 = EDGE_LOOP ( 'NONE', ( #8234, #850, #495, #7475 ) ) ;
#2690 = DIRECTION ( 'NONE',  ( 0.000000000000000000, 0.000000000000000000, 1.000000000000000000 ) ) ;
#2691 = LINE ( 'NONE', #3435, #8236 ) ;
#2692 = DIRECTION ( 'NONE',  ( 0.000000000000000000, 0.000000000000000000, -1.000000000000000000 ) ) ;
#2693 = DIRECTION ( 'NONE',  ( -6.938893903907227145E-17, 0.000000000000000000, 1.000000000000000000 ) ) ;
#2694 = VERTEX_POINT ( 'NONE', #7621 ) ;
#2695 = DIRECTION ( 'NONE',  ( 6.938893903907228378E-17, 0.000000000000000000, -1.000000000000000000 ) ) ;
#2696 = LINE ( 'NONE', #5849, #309 ) ;
#2697 = LINE ( 'NONE', #4269, #4247 ) ;
#2698 = FACE_OUTER_BOUND ( 'NONE', #9444, .T. ) ;
#2699 = ADVANCED_FACE ( 'NONE', ( #8450 ), #1822, .T. ) ;
#2700 = ORIENTED_EDGE ( 'NONE', *, *, #8201, .F. ) ;
#2701 = VERTEX_POINT ( 'NONE', #195 ) ;
#2702 = CARTESIAN_POINT ( 'NONE',  ( -50.00000000000000000, 6.000000000000000000, 50.00000000000000000 ) ) ;
#2703 = VECTOR ( 'NONE', #6732, 1000.000000000000000 ) ;
#2704 = EDGE_CURVE ( 'NONE', #9495, #3133, #5412, .T. ) ;
#2705 = DIRECTION ( 'NONE',  ( 1.000000000000000000, 0.000000000000000000, 2.006803045524116704E-16 ) ) ;
#2706 = CARTESIAN_POINT ( 'NONE',  ( -50.00000000000000000, 0.000000000000000000, 16.60254037844303809 ) ) ;
#2707 = LINE ( 'NONE', #8811, #6953 ) ;
#2708 = CARTESIAN_POINT ( 'NONE',  ( 32.03989878038111527, 147.4213562373095385, 6.744732556983363381 ) ) ;
#2709 = ORIENTED_EDGE ( 'NONE', *, *, #5264, .F. ) ;
#2710 = DIRECTION ( 'NONE',  ( -1.000000000000000000, 0.000000000000000000, -6.938893903907227145E-17 ) ) ;
#2711 = DIRECTION ( 'NONE',  ( -0.5000000000000043299, 0.000000000000000000, -0.8660254037844361541 ) ) ;
#2712 = ORIENTED_EDGE ( 'NONE', *, *, #5141, .F. ) ;
#2713 = VECTOR ( 'NONE', #8763, 1000.000000000000000 ) ;
#2714 = DIRECTION ( 'NONE',  ( -0.8789733129752194118, 0.4768709627114730010, 0.000000000000000000 ) ) ;
#2715 = DIRECTION ( 'NONE',  ( 0.000000000000000000, 0.000000000000000000, 1.000000000000000000 ) ) ;
#2716 = CYLINDRICAL_SURFACE ( 'NONE', #2471, 6.999999999999941380 ) ;
#2717 = ORIENTED_EDGE ( 'NONE', *, *, #1846, .T. ) ;
#2718 = LINE ( 'NONE', #4828, #3520 ) ;
#2719 = CARTESIAN_POINT ( 'NONE',  ( 49.99999999999997158, 147.4213562373095385, 16.60254037844294928 ) ) ;
#2720 = CARTESIAN_POINT ( 'NONE',  ( -45.46633369868351338, 0.000000000000000000, -4.592625337882893652E-17 ) ) ;
#2721 = AXIS2_PLACEMENT_3D ( 'NONE', #2961, #4478, #7481 ) ;
#2722 = ORIENTED_EDGE ( 'NONE', *, *, #1549, .F. ) ;
#2723 = VERTEX_POINT ( 'NONE', #6929 ) ;
#2724 = DIRECTION ( 'NONE',  ( 0.09485932030787480596, -0.9607689228305206219, 0.2606238405706758354 ) ) ;
#2725 = ADVANCED_FACE ( 'NONE', ( #9192 ), #3287, .F. ) ;
#2726 = AXIS2_PLACEMENT_3D ( 'NONE', #7164, #3428, #5637 ) ;
#2727 = DIRECTION ( 'NONE',  ( -0.8660254037844391517, 0.000000000000000000, -0.4999999999999990563 ) ) ;
#2728 = EDGE_CURVE ( 'NONE', #6033, #1772, #107, .T. ) ;
#2729 = DIRECTION ( 'NONE',  ( 1.000000000000000000, 0.000000000000000000, 0.000000000000000000 ) ) ;
#2730 = ORIENTED_EDGE ( 'NONE', *, *, #1923, .F. ) ;
#2731 = PLANE ( 'NONE',  #7915 ) ;
#2732 = VECTOR ( 'NONE', #192, 999.9999999999998863 ) ;
#2733 = ORIENTED_EDGE ( 'NONE', *, *, #5998, .F. ) ;
#2734 = DIRECTION ( 'NONE',  ( -0.000000000000000000, -1.000000000000000000, -0.000000000000000000 ) ) ;
#2735 = PERSON_AND_ORGANIZATION ( #9286, #9041 ) ;
#2736 = AXIS2_PLACEMENT_3D ( 'NONE', #5885, #3672, #5934 ) ;
#2737 = EDGE_CURVE ( 'NONE', #9707, #8435, #1130, .T. ) ;
#2738 = ORIENTED_EDGE ( 'NONE', *, *, #296, .T. ) ;
#2739 = ORIENTED_EDGE ( 'NONE', *, *, #8454, .F. ) ;
#2740 = ORIENTED_EDGE ( 'NONE', *, *, #7440, .F. ) ;
#2741 = DIRECTION ( 'NONE',  ( 1.000000000000000000, 0.000000000000000000, -0.000000000000000000 ) ) ;
#2742 = CARTESIAN_POINT ( 'NONE',  ( -41.13620667976131529, 6.000000000000005329, 34.99999999999999289 ) ) ;
#2743 = DIRECTION ( 'NONE',  ( 0.000000000000000000, 0.000000000000000000, 1.000000000000000000 ) ) ;
#2744 = ORIENTED_EDGE ( 'NONE', *, *, #1923, .T. ) ;
#2745 = LINE ( 'NONE', #540, #692 ) ;
#2746 = DIRECTION ( 'NONE',  ( 0.4999999999999993894, 0.000000000000000000, -0.8660254037844389297 ) ) ;
#2747 = VECTOR ( 'NONE', #543, 1000.000000000000000 ) ;
#2748 = CARTESIAN_POINT ( 'NONE',  ( -8.660254037844387298, 6.000000000000005329, -8.590526202073901000E-16 ) ) ;
#2749 = ADVANCED_FACE ( 'NONE', ( #9533 ), #2794, .T. ) ;
#2750 = FACE_OUTER_BOUND ( 'NONE', #377, .T. ) ;
#2751 = VERTEX_POINT ( 'NONE', #5648 ) ;
#2752 = ORIENTED_EDGE ( 'NONE', *, *, #169, .T. ) ;
#2753 = VERTEX_POINT ( 'NONE', #4804 ) ;
#2754 = FACE_OUTER_BOUND ( 'NONE', #8014, .T. ) ;
#2755 = CARTESIAN_POINT ( 'NONE',  ( 4.330127018922190096, 147.4213562373095385, -7.500000000000000000 ) ) ;
#2756 = VECTOR ( 'NONE', #4252, 1000.000000000000000 ) ;
#2757 = ADVANCED_FACE ( 'NONE', ( #1280 ), #1231, .T. ) ;
#2758 = DIRECTION ( 'NONE',  ( -0.5000000000000002220, 0.000000000000000000, 0.8660254037844384856 ) ) ;
#2759 = EDGE_CURVE ( 'NONE', #6682, #7009, #1920, .T. ) ;
#2760 = LINE ( 'NONE', #1292, #1938 ) ;
#2761 = CARTESIAN_POINT ( 'NONE',  ( -22.73316684934198051, 147.4213562373095385, -45.62499999999995737 ) ) ;
#2762 = ORIENTED_EDGE ( 'NONE', *, *, #7140, .T. ) ;
#2763 = CARTESIAN_POINT ( 'NONE',  ( -46.40590262964586543, 6.000000000000000000, 85.06805748150695479 ) ) ;
#2764 = EDGE_CURVE ( 'NONE', #2154, #3031, #7329, .T. ) ;
#2765 = FACE_OUTER_BOUND ( 'NONE', #3837, .T. ) ;
#2766 = EDGE_CURVE ( 'NONE', #267, #1829, #2153, .T. ) ;
#2767 = DIRECTION ( 'NONE',  ( 0.5000000000000000000, 0.000000000000000000, -0.8660254037844385966 ) ) ;
#2768 = CIRCLE ( 'NONE', #4503, 61.96152422706628471 ) ;
#2769 = LINE ( 'NONE', #4338, #8316 ) ;
#2770 = CARTESIAN_POINT ( 'NONE',  ( 45.46633369868351338, 147.4213562373095385, 42.49999999999998579 ) ) ;
#2771 = ORIENTED_EDGE ( 'NONE', *, *, #2210, .F. ) ;
#2772 = VECTOR ( 'NONE', #7385, 1000.000000000000000 ) ;
#2773 = CARTESIAN_POINT ( 'NONE',  ( 41.13620667976124423, 0.000000000000000000, -13.74999999999999822 ) ) ;
#2774 = PLANE ( 'NONE',  #3455 ) ;
#2775 = DIRECTION ( 'NONE',  ( -0.4999999999999997224, 0.000000000000000000, 0.8660254037844388186 ) ) ;
#2776 = ADVANCED_FACE ( 'NONE', ( #339 ), #5744, .T. ) ;
#2777 = EDGE_LOOP ( 'NONE', ( #7340, #3526, #6043, #2275 ) ) ;
#2778 = VECTOR ( 'NONE', #8690, 1000.000000000000227 ) ;
#2779 = ORIENTED_EDGE ( 'NONE', *, *, #274, .F. ) ;
#2780 = VECTOR ( 'NONE', #6219, 1000.000000000000000 ) ;
#2781 = CARTESIAN_POINT ( 'NONE',  ( -41.13620667976130818, 0.000000000000000000, -50.00000000000000000 ) ) ;
#2782 = DIRECTION ( 'NONE',  ( -0.000000000000000000, -1.000000000000000000, -0.000000000000000000 ) ) ;
#2783 = ORIENTED_EDGE ( 'NONE', *, *, #2202, .F. ) ;
#2784 = DIRECTION ( 'NONE',  ( -0.000000000000000000, -1.000000000000000000, -0.000000000000000000 ) ) ;
#2785 = VECTOR ( 'NONE', #7336, 1000.000000000000000 ) ;
#2786 = ORIENTED_EDGE ( 'NONE', *, *, #5414, .T. ) ;
#2787 = LINE ( 'NONE', #5839, #6335 ) ;
#2788 = ORIENTED_EDGE ( 'NONE', *, *, #636, .F. ) ;
#2789 = EDGE_LOOP ( 'NONE', ( #3314, #5131, #1926, #7704 ) ) ;
#2790 = ORIENTED_EDGE ( 'NONE', *, *, #36, .F. ) ;
#2791 = DIRECTION ( 'NONE',  ( 0.9396926207859013225, 0.000000000000000000, 0.3420201433256878643 ) ) ;
#2792 = DIRECTION ( 'NONE',  ( -0.000000000000000000, -1.000000000000000000, -0.000000000000000000 ) ) ;
#2793 = VECTOR ( 'NONE', #564, 1000.000000000000114 ) ;
#2794 = CYLINDRICAL_SURFACE ( 'NONE', #9522, 61.96152422706627760 ) ;
#2795 = ORIENTED_EDGE ( 'NONE', *, *, #9564, .F. ) ;
#2796 = CARTESIAN_POINT ( 'NONE',  ( 4.330127018922033777, 6.000000000000000000, 50.00000000000000000 ) ) ;
#2797 = CARTESIAN_POINT ( 'NONE',  ( 22.71712670107555709, 147.4213562373095385, 3.124999999999962697 ) ) ;
#2798 = DIRECTION ( 'NONE',  ( -0.4698463103929532703, -0.8660254037844400399, 0.1710100716628305539 ) ) ;
#2799 = CARTESIAN_POINT ( 'NONE',  ( 32.47595264191693332, 0.000000000000000000, 28.74999999999999289 ) ) ;
#2800 = ORIENTED_EDGE ( 'NONE', *, *, #2806, .T. ) ;
#2801 = ORIENTED_EDGE ( 'NONE', *, *, #1461, .T. ) ;
#2802 = VERTEX_POINT ( 'NONE', #7913 ) ;
#2803 = DIRECTION ( 'NONE',  ( 0.000000000000000000, 0.000000000000000000, -1.000000000000000000 ) ) ;
#2804 = VECTOR ( 'NONE', #9014, 1000.000000000000227 ) ;
#2805 = CARTESIAN_POINT ( 'NONE',  ( 14.07291281149736051, 147.4213562373095385, -39.37499999999995737 ) ) ;
#2806 = EDGE_CURVE ( 'NONE', #345, #2802, #5599, .T. ) ;
#2807 = EDGE_CURVE ( 'NONE', #5439, #4997, #5282, .T. ) ;
#2808 = DIRECTION ( 'NONE',  ( 0.5337593939265840026, -0.4330127018922175774, -0.7263614178872163096 ) ) ;
#2809 = CARTESIAN_POINT ( 'NONE',  ( 46.54886545341405935, 147.4213562373095385, 10.62499999999999822 ) ) ;
#2810 = CARTESIAN_POINT ( 'NONE',  ( 78.75412362807587385, 15.40748385084558514, -50.82336213776299871 ) ) ;
#2811 = ORIENTED_EDGE ( 'NONE', *, *, #2665, .F. ) ;
#2812 = PLANE ( 'NONE',  #1263 ) ;
#2813 = VECTOR ( 'NONE', #4465, 1000.000000000000000 ) ;
#2814 = FACE_OUTER_BOUND ( 'NONE', #4664, .T. ) ;
#2815 = DIRECTION ( 'NONE',  ( -0.000000000000000000, -1.000000000000000000, -0.000000000000000000 ) ) ;
#2816 = AXIS2_PLACEMENT_3D ( 'NONE', #7488, #6106, #3060 ) ;
#2817 = CARTESIAN_POINT ( 'NONE',  ( 54.69999999999859597, 6.000000000000000000, -54.69999999999979678 ) ) ;
#2818 = VECTOR ( 'NONE', #2746, 1000.000000000000114 ) ;
#2819 = CARTESIAN_POINT ( 'NONE',  ( -72.62888298754663197, 14.99999999999994316, 95.97381846109878722 ) ) ;
#2820 = PLANE ( 'NONE',  #974 ) ;
#2821 = VERTEX_POINT ( 'NONE', #4164 ) ;
#2822 = CARTESIAN_POINT ( 'NONE',  ( -32.47595264191693332, 6.000000000000005329, 7.500000000000000888 ) ) ;
#2823 = EDGE_CURVE ( 'NONE', #4260, #3862, #8597, .T. ) ;
#2824 = CARTESIAN_POINT ( 'NONE',  ( -87.70925405845105161, -9.486715189943401683, 55.36244354894026998 ) ) ;
#2825 = CARTESIAN_POINT ( 'NONE',  ( 32.03989878038111527, 0.000000000000000000, 6.744732556983363381 ) ) ;
#2826 = VECTOR ( 'NONE', #627, 1000.000000000000227 ) ;
#2827 = VERTEX_POINT ( 'NONE', #494 ) ;
#2828 = ADVANCED_FACE ( 'NONE', ( #6485 ), #6536, .F. ) ;
#2829 = VERTEX_POINT ( 'NONE', #4265 ) ;
#2830 = CARTESIAN_POINT ( 'NONE',  ( 54.69999999999838280, 0.000000000000000000, 52.19999999999951257 ) ) ;
#2831 = CARTESIAN_POINT ( 'NONE',  ( -28.14582562299473878, 0.000000000000000000, 42.49999999999998579 ) ) ;
#2832 = EDGE_CURVE ( 'NONE', #2107, #1244, #3438, .T. ) ;
#2833 = FACE_OUTER_BOUND ( 'NONE', #3381, .T. ) ;
#2834 = EDGE_LOOP ( 'NONE', ( #5980, #9478, #6279, #7360 ) ) ;
#2835 = CARTESIAN_POINT ( 'NONE',  ( 49.99999999999999289, 6.000000000000000000, 50.00000000000000000 ) ) ;
#2836 = EDGE_LOOP ( 'NONE', ( #1416, #9179, #1599, #1941 ) ) ;
#2837 = DIRECTION ( 'NONE',  ( -0.9396926207859015445, 2.569016047228651574E-15, 0.3420201433256876977 ) ) ;
#2838 = EDGE_CURVE ( 'NONE', #1249, #3209, #8903, .T. ) ;
#2839 = ORIENTED_EDGE ( 'NONE', *, *, #161, .F. ) ;
#2840 = VERTEX_POINT ( 'NONE', #537 ) ;
#2841 = ORIENTED_EDGE ( 'NONE', *, *, #6604, .F. ) ;
#2842 = FACE_OUTER_BOUND ( 'NONE', #7147, .T. ) ;
#2843 = CARTESIAN_POINT ( 'NONE',  ( -50.00000000000000000, 147.4213562373095385, 47.14745962155770798 ) ) ;
#2844 = VERTEX_POINT ( 'NONE', #7862 ) ;
#2845 = LINE ( 'NONE', #3440, #1315 ) ;
#2846 = DIRECTION ( 'NONE',  ( -1.001543065824772975E-16, 0.000000000000000000, 1.000000000000000000 ) ) ;
#2847 = AXIS2_PLACEMENT_3D ( 'NONE', #8537, #287, #4061 ) ;
#2848 = ORIENTED_EDGE ( 'NONE', *, *, #5806, .F. ) ;
#2849 = VECTOR ( 'NONE', #7287, 1000.000000000000114 ) ;
#2850 = CARTESIAN_POINT ( 'NONE',  ( 48.21495254706555045, 6.000000000000000000, 87.08787447931756276 ) ) ;
#2851 = EDGE_LOOP ( 'NONE', ( #202, #4574, #3327, #5886 ) ) ;
#2852 = ORIENTED_EDGE ( 'NONE', *, *, #2127, .T. ) ;
#2853 = ORIENTED_EDGE ( 'NONE', *, *, #5293, .F. ) ;
#2854 = ORIENTED_EDGE ( 'NONE', *, *, #3303, .F. ) ;
#2855 = DIRECTION ( 'NONE',  ( -0.000000000000000000, -1.000000000000000000, -0.000000000000000000 ) ) ;
#2856 = LINE ( 'NONE', #1396, #8122 ) ;
#2857 = LINE ( 'NONE', #7928, #2785 ) ;
#2858 = CARTESIAN_POINT ( 'NONE',  ( 46.54886545341427961, 0.000000000000000000, 31.87499999999998579 ) ) ;
#2859 = PLANE ( 'NONE',  #1079 ) ;
#2860 = ORIENTED_EDGE ( 'NONE', *, *, #8319, .F. ) ;
#2861 = CARTESIAN_POINT ( 'NONE',  ( -54.70000000000057128, 0.000000000000000000, 57.19999999999942020 ) ) ;
#2862 = VECTOR ( 'NONE', #6323, 1000.000000000000000 ) ;
#2863 = CIRCLE ( 'NONE', #3653, 61.96152422706639840 ) ;
#2864 = ADVANCED_FACE ( 'NONE', ( #3535 ), #7068, .T. ) ;
#2865 = CARTESIAN_POINT ( 'NONE',  ( -45.22221635007678486, 41.51624119651132361, 85.99860758460253862 ) ) ;
#2866 = LINE ( 'NONE', #7248, #1958 ) ;
#2867 = LINE ( 'NONE', #8866, #9249 ) ;
#2868 = VECTOR ( 'NONE', #1398, 1000.000000000000000 ) ;
#2869 = DIRECTION ( 'NONE',  ( -0.8757795372522714228, 0.4330127018922184656, -0.2133312028986802389 ) ) ;
#2870 = ORIENTED_EDGE ( 'NONE', *, *, #7692, .T. ) ;
#2871 = LINE ( 'NONE', #3566, #3528 ) ;
#2872 = CARTESIAN_POINT ( 'NONE',  ( -50.00000000000000000, 6.000000000000000000, -50.00000000000000000 ) ) ;
#2873 = FACE_OUTER_BOUND ( 'NONE', #5428, .T. ) ;
#2874 = EDGE_CURVE ( 'NONE', #9717, #1685, #112, .T. ) ;
#2875 = ORIENTED_EDGE ( 'NONE', *, *, #8155, .F. ) ;
#2876 = ORIENTED_EDGE ( 'NONE', *, *, #1785, .F. ) ;
#2877 = LINE ( 'NONE', #1311, #7157 ) ;
#2878 = LINE ( 'NONE', #5194, #1101 ) ;
#2879 = DIRECTION ( 'NONE',  ( -0.7030969734007188610, 0.2500000000000085487, -0.6656986149863500790 ) ) ;
#2880 = VECTOR ( 'NONE', #8645, 1000.000000000000000 ) ;
#2881 = EDGE_LOOP ( 'NONE', ( #1836, #7075, #8363, #5539 ) ) ;
#2882 = CARTESIAN_POINT ( 'NONE',  ( -50.00000000000000000, 6.000000000000005329, 25.89745962155734205 ) ) ;
#2883 = EDGE_CURVE ( 'NONE', #4961, #2060, #6388, .T. ) ;
#2884 = ORIENTED_EDGE ( 'NONE', *, *, #3764, .T. ) ;
#2885 = EDGE_LOOP ( 'NONE', ( #299, #745, #9469, #9630 ) ) ;
#2886 = CARTESIAN_POINT ( 'NONE',  ( 32.47595264191693332, 147.4213562373095385, 34.99999999999999289 ) ) ;
#2887 = ORIENTED_EDGE ( 'NONE', *, *, #4076, .T. ) ;
#2888 = EDGE_CURVE ( 'NONE', #3205, #7415, #2069, .T. ) ;
#2889 = ORIENTED_EDGE ( 'NONE', *, *, #6167, .T. ) ;
#2890 = VECTOR ( 'NONE', #921, 1000.000000000000114 ) ;
#2891 = ORIENTED_EDGE ( 'NONE', *, *, #8547, .T. ) ;
#2892 = AXIS2_PLACEMENT_3D ( 'NONE', #3483, #1278, #2067 ) ;
#2893 = EDGE_LOOP ( 'NONE', ( #2975, #5513, #5802, #4059 ) ) ;
#2894 = CARTESIAN_POINT ( 'NONE',  ( -82.83999675952468067, 17.25855025242420737, 48.97164729660255489 ) ) ;
#2895 = EDGE_LOOP ( 'NONE', ( #6215, #6031, #2582, #2373 ) ) ;
#2897 = CARTESIAN_POINT ( 'NONE',  ( 71.96467873985479002, 13.49999999999997513, -90.20243797482449111 ) ) ;
#2896 = VECTOR ( 'NONE', #8922, 1000.000000000000000 ) ;
#2898 = FACE_OUTER_BOUND ( 'NONE', #8390, .T. ) ;
#2899 = ORIENTED_EDGE ( 'NONE', *, *, #7251, .F. ) ;
#2900 = CARTESIAN_POINT ( 'NONE',  ( -32.47595264191693332, 6.000000000000005329, 28.74999999999999289 ) ) ;
#2901 = ORIENTED_EDGE ( 'NONE', *, *, #8552, .F. ) ;
#2902 = VERTEX_POINT ( 'NONE', #4313 ) ;
#2903 = ORIENTED_EDGE ( 'NONE', *, *, #9019, .T. ) ;
#2904 = ORIENTED_EDGE ( 'NONE', *, *, #1676, .T. ) ;
#2905 = DIRECTION ( 'NONE',  ( -0.8789733129752195229, 0.4768709627114723903, 0.000000000000000000 ) ) ;
#2906 = FACE_OUTER_BOUND ( 'NONE', #3115, .T. ) ;
#2907 = FACE_OUTER_BOUND ( 'NONE', #3034, .T. ) ;
#2908 = LINE ( 'NONE', #2809, #2868 ) ;
#2909 = ADVANCED_FACE ( 'NONE', ( #4152 ), #9473, .F. ) ;
#2910 = DIRECTION ( 'NONE',  ( 0.5000000000000004441, 0.000000000000000000, -0.8660254037844383745 ) ) ;
#2911 = VERTEX_POINT ( 'NONE', #2680 ) ;
#2912 = DIRECTION ( 'NONE',  ( -0.8137976813493691397, 0.4999999999999978906, 0.2961981327260401753 ) ) ;
#2913 = VECTOR ( 'NONE', #2121, 1000.000000000000000 ) ;
#2914 = PLANE ( 'NONE',  #1819 ) ;
#2915 = CARTESIAN_POINT ( 'NONE',  ( 65.96544382900106029, 0.000000000000000000, 38.31880049797258181 ) ) ;
#2916 = PLANE ( 'NONE',  #2491 ) ;
#2917 = EDGE_CURVE ( 'NONE', #138, #1033, #8580, .T. ) ;
#2918 = PLANE ( 'NONE',  #9143 ) ;
#2919 = EDGE_CURVE ( 'NONE', #2233, #8522, #3318, .T. ) ;
#2920 = CARTESIAN_POINT ( 'NONE',  ( -49.99999999999999289, 6.000000000000005329, 4.647459621556995657 ) ) ;
#2921 = AXIS2_PLACEMENT_3D ( 'NONE', #4994, #2879, #4353 ) ;
#2922 = CARTESIAN_POINT ( 'NONE',  ( 45.46633369868351338, 0.000000000000000000, -42.49999999999998579 ) ) ;
#2923 = DIRECTION ( 'NONE',  ( -0.4999999999999997780, 0.000000000000000000, -0.8660254037844387076 ) ) ;
#2924 = ORIENTED_EDGE ( 'NONE', *, *, #7444, .T. ) ;
#2925 = ORIENTED_EDGE ( 'NONE', *, *, #7707, .T. ) ;
#2926 = DIRECTION ( 'NONE',  ( 0.5337593939265840026, 0.4330127018922175774, 0.7263614178872163096 ) ) ;
#2927 = CARTESIAN_POINT ( 'NONE',  ( -50.00000000000000000, 0.000000000000000000, 25.89745962155734205 ) ) ;
#2928 = ADVANCED_FACE ( 'NONE', ( #7005 ), #6425, .F. ) ;
#2929 = EDGE_CURVE ( 'NONE', #5154, #2334, #1217, .T. ) ;
#2930 = DIRECTION ( 'NONE',  ( 1.000000000000000000, 0.000000000000000000, 0.000000000000000000 ) ) ;
#2931 = ADVANCED_FACE ( 'NONE', ( #5681 ), #5532, .F. ) ;
#2932 = EDGE_LOOP ( 'NONE', ( #4248, #5727, #8481, #7795 ) ) ;
#2933 = DIRECTION ( 'NONE',  ( 0.4999999999999995559, 0.000000000000000000, 0.8660254037844388186 ) ) ;
#2934 = ORIENTED_EDGE ( 'NONE', *, *, #7150, .F. ) ;
#2935 = AXIS2_PLACEMENT_3D ( 'NONE', #7272, #1871, #4955 ) ;
#2936 = ORIENTED_EDGE ( 'NONE', *, *, #6721, .F. ) ;
#2937 = DIRECTION ( 'NONE',  ( -0.000000000000000000, -1.000000000000000000, -0.000000000000000000 ) ) ;
#2938 = VECTOR ( 'NONE', #4065, 999.9999999999998863 ) ;
#2939 = AXIS2_PLACEMENT_3D ( 'NONE', #2657, #4967, #5023 ) ;
#2940 = EDGE_CURVE ( 'NONE', #1210, #5242, #2574, .T. ) ;
#2941 = ORIENTED_EDGE ( 'NONE', *, *, #8331, .T. ) ;
#2942 = VECTOR ( 'NONE', #5757, 1000.000000000000114 ) ;
#2943 = ORIENTED_EDGE ( 'NONE', *, *, #4040, .F. ) ;
#2944 = CARTESIAN_POINT ( 'NONE',  ( -50.00000000000000000, 0.000000000000000000, -50.00000000000000000 ) ) ;
#2945 = ORIENTED_EDGE ( 'NONE', *, *, #8333, .F. ) ;
#2946 = CARTESIAN_POINT ( 'NONE',  ( -50.00000000000000000, 6.000000000000000000, 50.00000000000000000 ) ) ;
#2947 = CARTESIAN_POINT ( 'NONE',  ( 68.98070977266982595, 12.75855025242403507, 94.64599200143624103 ) ) ;
#2948 = LINE ( 'NONE', #3873, #1277 ) ;
#2949 = CARTESIAN_POINT ( 'NONE',  ( 9.742785792575173076, 0.000000000000000000, -31.87499999999996447 ) ) ;
#2950 = EDGE_CURVE ( 'NONE', #4855, #4552, #1905, .T. ) ;
#2951 = AXIS2_PLACEMENT_3D ( 'NONE', #2702, #7131, #301 ) ;
#2952 = ORIENTED_EDGE ( 'NONE', *, *, #4057, .T. ) ;
#2953 = ORIENTED_EDGE ( 'NONE', *, *, #1901, .F. ) ;
#2954 = ORIENTED_EDGE ( 'NONE', *, *, #4079, .F. ) ;
#2955 = EDGE_CURVE ( 'NONE', #8092, #6545, #3270, .T. ) ;
#2956 = EDGE_LOOP ( 'NONE', ( #1339, #9440, #4468 ) ) ;
#2957 = CARTESIAN_POINT ( 'NONE',  ( -14.07291281149758966, 6.000000000000005329, -45.62499999999995737 ) ) ;
#2958 = CIRCLE ( 'NONE', #1547, 2.500000000000002220 ) ;
#2959 = LINE ( 'NONE', #9223, #1261 ) ;
#2960 = DIRECTION ( 'NONE',  ( 0.000000000000000000, 0.000000000000000000, -1.000000000000000000 ) ) ;
#2961 = CARTESIAN_POINT ( 'NONE',  ( 65.83204565542118303, 8.999999999999966249, 84.26290891996461596 ) ) ;
#2962 = DIRECTION ( 'NONE',  ( 0.4698463103929676477, 0.8660254037844282715, 0.1710100716628501494 ) ) ;
#2963 = ORIENTED_EDGE ( 'NONE', *, *, #4015, .F. ) ;
#2964 = DIRECTION ( 'NONE',  ( 0.5000000000000000000, 0.000000000000000000, -0.8660254037844385966 ) ) ;
#2965 = LINE ( 'NONE', #2865, #7312 ) ;
#2966 = LINE ( 'NONE', #3156, #1057 ) ;
#2967 = CARTESIAN_POINT ( 'NONE',  ( -78.75412362807587385, 15.40748385084558514, 50.82336213776299871 ) ) ;
#2968 = DIRECTION ( 'NONE',  ( -0.5000000000000001110, 0.000000000000000000, 0.8660254037844387076 ) ) ;
#2969 = EDGE_CURVE ( 'NONE', #1669, #8376, #376, .T. ) ;
#2970 = VECTOR ( 'NONE', #7813, 1000.000000000000000 ) ;
#2971 = FACE_OUTER_BOUND ( 'NONE', #5456, .T. ) ;
#2972 = CARTESIAN_POINT ( 'NONE',  ( 32.47595264191693332, 0.000000000000000000, 7.500000000000000888 ) ) ;
#2973 = CIRCLE ( 'NONE', #3444, 51.96152422706639129 ) ;
#2974 = VERTEX_POINT ( 'NONE', #4840 ) ;
#2975 = ORIENTED_EDGE ( 'NONE', *, *, #6167, .F. ) ;
#2976 = EDGE_CURVE ( 'NONE', #6739, #7838, #4736, .T. ) ;
#2977 = CARTESIAN_POINT ( 'NONE',  ( 72.89294144958255117, -9.486715189943879523, 96.06992788138566652 ) ) ;
#2978 = VECTOR ( 'NONE', #8021, 1000.000000000000000 ) ;
#2979 = DIRECTION ( 'NONE',  ( 0.4698463103929532703, -0.8660254037844400399, -0.1710100716628305539 ) ) ;
#2980 = CARTESIAN_POINT ( 'NONE',  ( -50.00000000000000000, 0.000000000000000000, 50.00000000000000000 ) ) ;
#2981 = ORIENTED_EDGE ( 'NONE', *, *, #7882, .F. ) ;
#2982 = CARTESIAN_POINT ( 'NONE',  ( 82.31282873162557223, 12.75855025242435303, -58.01629620822638600 ) ) ;
#2983 = VERTEX_POINT ( 'NONE', #7743 ) ;
#2984 = VECTOR ( 'NONE', #5567, 1000.000000000000000 ) ;
#2985 = ORIENTED_EDGE ( 'NONE', *, *, #9199, .F. ) ;
#2986 = DIRECTION ( 'NONE',  ( -0.3420201433256623291, -0.000000000000000000, -0.9396926207859106484 ) ) ;
#2987 = VECTOR ( 'NONE', #4444, 1000.000000000000000 ) ;
#2988 = ORIENTED_EDGE ( 'NONE', *, *, #5096, .T. ) ;
#2989 = EDGE_CURVE ( 'NONE', #8740, #717, #7846, .T. ) ;
#2990 = EDGE_LOOP ( 'NONE', ( #5028, #8701, #183 ) ) ;
#2991 = PLANE ( 'NONE',  #9622 ) ;
#2992 = ORIENTED_EDGE ( 'NONE', *, *, #8825, .F. ) ;
#2993 = CARTESIAN_POINT ( 'NONE',  ( -75.86167629364946663, -9.486715189943788928, 87.91339593296397936 ) ) ;
#2994 = LINE ( 'NONE', #736, #2043 ) ;
#2995 = CARTESIAN_POINT ( 'NONE',  ( -32.47595264191693332, 0.000000000000000000, -28.74999999999999289 ) ) ;
#2996 = EDGE_CURVE ( 'NONE', #915, #638, #9363, .T. ) ;
#2997 = CARTESIAN_POINT ( 'NONE',  ( 95.31102044180072141, -5.728164937518889666, -53.51072870777982615 ) ) ;
#2998 = VECTOR ( 'NONE', #9556, 1000.000000000000227 ) ;
#2999 = ORIENTED_EDGE ( 'NONE', *, *, #1087, .F. ) ;
#3000 = ORIENTED_EDGE ( 'NONE', *, *, #4759, .F. ) ;
#3001 = ORIENTED_EDGE ( 'NONE', *, *, #8142, .F. ) ;
#3002 = ORIENTED_EDGE ( 'NONE', *, *, #8761, .T. ) ;
#3003 = DIRECTION ( 'NONE',  ( 0.5000000000000013323, 0.000000000000000000, -0.8660254037844379305 ) ) ;
#3004 = CARTESIAN_POINT ( 'NONE',  ( -22.73316684934176024, 147.4213562373095385, 24.37499999999996092 ) ) ;
#3005 = CARTESIAN_POINT ( 'NONE',  ( -45.46633369868351338, 0.000000000000000000, 42.49999999999998579 ) ) ;
#3006 = DIRECTION ( 'NONE',  ( 1.000000000000000000, 0.000000000000000000, 0.000000000000000000 ) ) ;
#3007 = DIRECTION ( 'NONE',  ( 0.000000000000000000, 0.000000000000000000, -1.000000000000000000 ) ) ;
#3008 = ADVANCED_FACE ( 'NONE', ( #2628 ), #5581, .T. ) ;
#3009 = ORIENTED_EDGE ( 'NONE', *, *, #9129, .T. ) ;
#3010 = DIRECTION ( 'NONE',  ( -1.000000000000000000, 0.000000000000000000, -0.000000000000000000 ) ) ;
#3011 = LINE ( 'NONE', #8273, #4 ) ;
#3012 = EDGE_CURVE ( 'NONE', #2065, #9209, #2768, .T. ) ;
#3013 = CYLINDRICAL_SURFACE ( 'NONE', #9708, 3.999999999999988454 ) ;
#3014 = DIRECTION ( 'NONE',  ( 0.000000000000000000, 0.000000000000000000, -1.000000000000000000 ) ) ;
#3015 = DIRECTION ( 'NONE',  ( 0.5000000000000044409, 0.000000000000000000, 0.8660254037844360431 ) ) ;
#3016 = DIRECTION ( 'NONE',  ( -1.000000000000000000, -0.000000000000000000, -0.000000000000000000 ) ) ;
#3017 = CARTESIAN_POINT ( 'NONE',  ( 11.54700538379294450, 6.000000000000005329, 50.00000000000000000 ) ) ;
#3018 = ORIENTED_EDGE ( 'NONE', *, *, #4785, .F. ) ;
#3019 = ORIENTED_EDGE ( 'NONE', *, *, #7882, .T. ) ;
#3020 = CARTESIAN_POINT ( 'NONE',  ( 35.96815219932086904, 0.000000000000000000, -13.74999999999999467 ) ) ;
#3021 = VECTOR ( 'NONE', #665, 1000.000000000000227 ) ;
#3022 = FACE_BOUND ( 'NONE', #8342, .T. ) ;
#3023 = ORIENTED_EDGE ( 'NONE', *, *, #9060, .T. ) ;
#3024 = LINE ( 'NONE', #42, #9497 ) ;
#3025 = VERTEX_POINT ( 'NONE', #9269 ) ;
#3026 = VERTEX_POINT ( 'NONE', #9322 ) ;
#3027 = DIRECTION ( 'NONE',  ( 0.4698463103929487183, 0.8660254037844400399, 0.1710100716628430717 ) ) ;
#3028 = ORIENTED_EDGE ( 'NONE', *, *, #56, .F. ) ;
#3029 = EDGE_CURVE ( 'NONE', #607, #5937, #6372, .T. ) ;
#3030 = ORIENTED_EDGE ( 'NONE', *, *, #8815, .F. ) ;
#3031 = VERTEX_POINT ( 'NONE', #3473 ) ;
#3032 = EDGE_CURVE ( 'NONE', #1485, #4147, #1011, .T. ) ;
#3033 = VECTOR ( 'NONE', #7228, 1000.000000000000000 ) ;
#3034 = EDGE_LOOP ( 'NONE', ( #8674, #8351, #4295, #2744 ) ) ;
#3035 = DIRECTION ( 'NONE',  ( 0.8660254037844387076, 0.000000000000000000, -0.5000000000000001110 ) ) ;
#3036 = VERTEX_POINT ( 'NONE', #5938 ) ;
#3037 = PLANE ( 'NONE',  #5548 ) ;
#3038 = EDGE_CURVE ( 'NONE', #7530, #247, #3772, .T. ) ;
#3039 = FACE_OUTER_BOUND ( 'NONE', #3350, .T. ) ;
#3040 = CARTESIAN_POINT ( 'NONE',  ( 63.00726380300933016, 41.51624119651383182, -37.13459130373446015 ) ) ;
#3041 = CARTESIAN_POINT ( 'NONE',  ( 11.26739772084300562, 147.4213562373095385, 34.51570532158541482 ) ) ;
#3042 = VECTOR ( 'NONE', #5735, 1000.000000000000000 ) ;
#3043 = ORIENTED_EDGE ( 'NONE', *, *, #3355, .T. ) ;
#3044 = VERTEX_POINT ( 'NONE', #2332 ) ;
#3045 = ORIENTED_EDGE ( 'NONE', *, *, #3988, .T. ) ;
#3046 = DIRECTION ( 'NONE',  ( -0.8137976813493688066, -0.4999999999999977796, -0.2961981327260408414 ) ) ;
#3047 = VECTOR ( 'NONE', #7460, 1000.000000000000114 ) ;
#3048 = FACE_BOUND ( 'NONE', #1540, .T. ) ;
#3049 = EDGE_CURVE ( 'NONE', #3740, #6000, #8886, .T. ) ;
#3050 = CARTESIAN_POINT ( 'NONE',  ( 21.86105912627044034, 0.000000000000000000, 24.37499999999996092 ) ) ;
#3051 = ORIENTED_EDGE ( 'NONE', *, *, #5447, .T. ) ;
#3052 = CARTESIAN_POINT ( 'NONE',  ( -22.73316684934176379, 0.000000000000000000, -39.37499999999995737 ) ) ;
#3053 = DIRECTION ( 'NONE',  ( -0.000000000000000000, -1.000000000000000000, -0.000000000000000000 ) ) ;
#3054 = ORIENTED_EDGE ( 'NONE', *, *, #8115, .T. ) ;
#3055 = VECTOR ( 'NONE', #4046, 1000.000000000000000 ) ;
#3056 = CARTESIAN_POINT ( 'NONE',  ( 45.46633369868351338, 147.4213562373095385, -21.24999999999999289 ) ) ;
#3057 = VECTOR ( 'NONE', #3612, 1000.000000000000227 ) ;
#3058 = CARTESIAN_POINT ( 'NONE',  ( -84.48338804127510571, 20.99999999999955591, 63.40383350717172561 ) ) ;
#3059 = ADVANCED_FACE ( 'NONE', ( #774 ), #1427, .T. ) ;
#3060 = DIRECTION ( 'NONE',  ( 0.5000000000000000000, 0.000000000000000000, 0.8660254037844385966 ) ) ;
#3061 = ADVANCED_FACE ( 'NONE', ( #4458 ), #683, .T. ) ;
#3062 = DIRECTION ( 'NONE',  ( 0.000000000000000000, -0.000000000000000000, 1.000000000000000000 ) ) ;
#3063 = DIRECTION ( 'NONE',  ( 0.000000000000000000, 0.000000000000000000, 1.000000000000000000 ) ) ;
#3064 = CARTESIAN_POINT ( 'NONE',  ( 46.40590262964586543, 0.000000000000000000, 66.00000000000000000 ) ) ;
#3065 = ADVANCED_FACE ( 'NONE', ( #7554 ), #1517, .F. ) ;
#3066 = AXIS2_PLACEMENT_3D ( 'NONE', #2850, #4371, #5750 ) ;
#3067 = EDGE_CURVE ( 'NONE', #8259, #5064, #3723, .T. ) ;
#3068 = ORIENTED_EDGE ( 'NONE', *, *, #1936, .F. ) ;
#3069 = EDGE_LOOP ( 'NONE', ( #9242, #3051, #9220, #4648 ) ) ;
#3070 = VECTOR ( 'NONE', #3604, 1000.000000000000000 ) ;
#3071 = CARTESIAN_POINT ( 'NONE',  ( 2.053814751473915567, 147.4213562373095385, 28.74999999999999645 ) ) ;
#3072 = CARTESIAN_POINT ( 'NONE',  ( 92.34245936985365688, -5.728164937519062860, -61.66678322122567124 ) ) ;
#3073 = VECTOR ( 'NONE', #4939, 1000.000000000000227 ) ;
#3074 = ORIENTED_EDGE ( 'NONE', *, *, #2466, .F. ) ;
#3075 = EDGE_CURVE ( 'NONE', #2385, #1895, #4592, .T. ) ;
#3076 = DIRECTION ( 'NONE',  ( -0.8660254037844387076, 0.000000000000000000, 0.5000000000000001110 ) ) ;
#3077 = ORIENTED_EDGE ( 'NONE', *, *, #2499, .F. ) ;
#3078 = CARTESIAN_POINT ( 'NONE',  ( 14.07291281149715978, 0.000000000000000000, -18.12499999999996092 ) ) ;
#3079 = VERTEX_POINT ( 'NONE', #5292 ) ;
#3080 = ORIENTED_EDGE ( 'NONE', *, *, #6457, .F. ) ;
#3081 = ORIENTED_EDGE ( 'NONE', *, *, #1345, .F. ) ;
#3082 = AXIS2_PLACEMENT_3D ( 'NONE', #3336, #4118, #7120 ) ;
#3083 = VERTEX_POINT ( 'NONE', #7414 ) ;
#3084 = LINE ( 'NONE', #4600, #6478 ) ;
#3085 = ORIENTED_EDGE ( 'NONE', *, *, #1718, .T. ) ;
#3086 = CARTESIAN_POINT ( 'NONE',  ( 41.13620667976130818, 6.000000000000000000, 50.00000000000000000 ) ) ;
#3087 = DIRECTION ( 'NONE',  ( 0.4999999999999997224, 0.000000000000000000, 0.8660254037844388186 ) ) ;
#3088 = VECTOR ( 'NONE', #8972, 1000.000000000000000 ) ;
#3089 = LINE ( 'NONE', #8165, #6340 ) ;
#3090 = EDGE_CURVE ( 'NONE', #3469, #4933, #4412, .T. ) ;
#3091 = LINE ( 'NONE', #8257, #1018 ) ;
#3092 = ORIENTED_EDGE ( 'NONE', *, *, #818, .T. ) ;
#3093 = ORIENTED_EDGE ( 'NONE', *, *, #3825, .T. ) ;
#3094 = AXIS2_PLACEMENT_3D ( 'NONE', #7271, #4364, #7466 ) ;
#3095 = ORIENTED_EDGE ( 'NONE', *, *, #6702, .F. ) ;
#3096 = CARTESIAN_POINT ( 'NONE',  ( -14.07291281149736051, 0.000000000000000000, 39.37499999999995737 ) ) ;
#3097 = CARTESIAN_POINT ( 'NONE',  ( -9.742785792575173076, 147.4213562373095385, -31.87499999999996447 ) ) ;
#3098 = VECTOR ( 'NONE', #6729, 1000.000000000000000 ) ;
#3099 = LINE ( 'NONE', #6791, #5441 ) ;
#3100 = DIRECTION ( 'NONE',  ( -0.000000000000000000, -1.000000000000000000, -0.000000000000000000 ) ) ;
#3101 = ORIENTED_EDGE ( 'NONE', *, *, #930, .F. ) ;
#3102 = DIRECTION ( 'NONE',  ( -0.4698463103929532703, 0.8660254037844400399, -0.1710100716628305539 ) ) ;
#3103 = LINE ( 'NONE', #6795, #923 ) ;
#3104 = ORIENTED_EDGE ( 'NONE', *, *, #8649, .F. ) ;
#3105 = AXIS2_PLACEMENT_3D ( 'NONE', #1928, #8605, #9245 ) ;
#3106 = FACE_OUTER_BOUND ( 'NONE', #9115, .T. ) ;
#3107 = DIRECTION ( 'NONE',  ( -0.5337593939265867782, 0.4330127018922123594, 0.7263614178872173088 ) ) ;
#3108 = ADVANCED_FACE ( 'NONE', ( #4501 ), #9680, .F. ) ;
#3109 = EDGE_CURVE ( 'NONE', #1959, #3271, #3675, .T. ) ;
#3110 = CARTESIAN_POINT ( 'NONE',  ( 9.742785792575173076, 147.4213562373095385, -31.87499999999996447 ) ) ;
#3111 = LINE ( 'NONE', #1883, #4115 ) ;
#3112 = CARTESIAN_POINT ( 'NONE',  ( -70.46463223241228491, 12.75833024919765002, -90.56783441562362214 ) ) ;
#3113 = CARTESIAN_POINT ( 'NONE',  ( -22.73316684934153287, 0.000000000000000000, -3.124999999999960920 ) ) ;
#3114 = VERTEX_POINT ( 'NONE', #45 ) ;
#3115 = EDGE_LOOP ( 'NONE', ( #5192, #8249, #6905, #7821 ) ) ;
#3116 = DIRECTION ( 'NONE',  ( -0.5000000000000002220, 0.000000000000000000, -0.8660254037844384856 ) ) ;
#3117 = CIRCLE ( 'NONE', #8153, 51.96152422706636997 ) ;
#3118 = CARTESIAN_POINT ( 'NONE',  ( 14.07291281149736228, 6.000000000000005329, -39.37499999999995737 ) ) ;
#3119 = AXIS2_PLACEMENT_3D ( 'NONE', #3746, #1639, #8222 ) ;
#3120 = ORIENTED_EDGE ( 'NONE', *, *, #2113, .T. ) ;
#3121 = LINE ( 'NONE', #221, #3985 ) ;
#3122 = VERTEX_POINT ( 'NONE', #6076 ) ;
#3123 = CARTESIAN_POINT ( 'NONE',  ( 27.06329386826395123, 6.000000000000005329, -31.87499999999995737 ) ) ;
#3124 = EDGE_CURVE ( 'NONE', #4147, #9575, #6681, .T. ) ;
#3125 = ORIENTED_EDGE ( 'NONE', *, *, #4431, .F. ) ;
#3126 = VECTOR ( 'NONE', #6826, 1000.000000000000000 ) ;
#3127 = EDGE_CURVE ( 'NONE', #3814, #5260, #589, .T. ) ;
#3128 = ORIENTED_EDGE ( 'NONE', *, *, #3130, .T. ) ;
#3129 = VERTEX_POINT ( 'NONE', #2240 ) ;
#3130 = EDGE_CURVE ( 'NONE', #1019, #527, #5247, .T. ) ;
#3131 = DIRECTION ( 'NONE',  ( -0.9396926207859013225, 0.000000000000000000, -0.3420201433256878643 ) ) ;
#3132 = AXIS2_PLACEMENT_3D ( 'NONE', #8228, #117, #1502 ) ;
#3133 = VERTEX_POINT ( 'NONE', #5201 ) ;
#3134 = DIRECTION ( 'NONE',  ( -0.5000000000000000000, 0.000000000000000000, -0.8660254037844385966 ) ) ;
#3135 = VECTOR ( 'NONE', #2047, 999.9999999999998863 ) ;
#3136 = ORIENTED_EDGE ( 'NONE', *, *, #9409, .F. ) ;
#3137 = FACE_OUTER_BOUND ( 'NONE', #3329, .T. ) ;
#3138 = FACE_OUTER_BOUND ( 'NONE', #9679, .T. ) ;
#3139 = EDGE_CURVE ( 'NONE', #527, #1088, #9031, .T. ) ;
#3140 = PLANE ( 'NONE',  #7946 ) ;
#3141 = AXIS2_PLACEMENT_3D ( 'NONE', #4200, #1161, #8630 ) ;
#3142 = ORIENTED_EDGE ( 'NONE', *, *, #7193, .F. ) ;
#3143 = ORIENTED_EDGE ( 'NONE', *, *, #9129, .F. ) ;
#3144 = VERTEX_POINT ( 'NONE', #5155 ) ;
#3145 = LINE ( 'NONE', #6885, #2371 ) ;
#3146 = DIRECTION ( 'NONE',  ( -0.5337593939265840026, 0.4330127018922175774, -0.7263614178872163096 ) ) ;
#3147 = LINE ( 'NONE', #5362, #7649 ) ;
#3148 = CARTESIAN_POINT ( 'NONE',  ( -50.00000000000000000, 6.000000000000000000, 50.00000000000000000 ) ) ;
#3149 = ORIENTED_EDGE ( 'NONE', *, *, #4489, .T. ) ;
#3150 = DIRECTION ( 'NONE',  ( 0.000000000000000000, 0.000000000000000000, 1.000000000000000000 ) ) ;
#3151 = CARTESIAN_POINT ( 'NONE',  ( 14.07291281149758966, 0.000000000000000000, -45.62499999999995737 ) ) ;
#3152 = ORIENTED_EDGE ( 'NONE', *, *, #880, .F. ) ;
#3153 = LINE ( 'NONE', #7675, #5571 ) ;
#3154 = DIRECTION ( 'NONE',  ( 0.000000000000000000, 0.000000000000000000, 1.000000000000000000 ) ) ;
#3155 = EDGE_CURVE ( 'NONE', #6526, #1735, #7463, .T. ) ;
#3156 = CARTESIAN_POINT ( 'NONE',  ( 72.62888298754661776, 20.99999999999993605, 95.97381846109878722 ) ) ;
#3157 = CARTESIAN_POINT ( 'NONE',  ( 22.73316684934153287, 147.4213562373095385, -3.124999999999960920 ) ) ;
#3158 = DIRECTION ( 'NONE',  ( 0.000000000000000000, -1.000000000000000000, 0.000000000000000000 ) ) ;
#3159 = DIRECTION ( 'NONE',  ( 0.7030969734007281868, -0.2500000000000162093, -0.6656986149863370894 ) ) ;
#3160 = EDGE_CURVE ( 'NONE', #9068, #7733, #1560, .T. ) ;
#3161 = VECTOR ( 'NONE', #6434, 1000.000000000000227 ) ;
#3162 = ORIENTED_EDGE ( 'NONE', *, *, #2919, .F. ) ;
#3163 = ORIENTED_EDGE ( 'NONE', *, *, #768, .F. ) ;
#3164 = CARTESIAN_POINT ( 'NONE',  ( -50.00000000000000000, 6.000000000000000000, 50.00000000000000000 ) ) ;
#3165 = DIRECTION ( 'NONE',  ( -0.000000000000000000, -1.000000000000000000, -0.000000000000000000 ) ) ;
#3166 = ORIENTED_EDGE ( 'NONE', *, *, #9247, .T. ) ;
#3167 = CARTESIAN_POINT ( 'NONE',  ( 48.21495254706555045, 6.000000000000000000, -87.08787447931756276 ) ) ;
#3168 = ADVANCED_FACE ( 'NONE', ( #2384 ), #3264, .F. ) ;
#3169 = ORIENTED_EDGE ( 'NONE', *, *, #1632, .F. ) ;
#3170 = CARTESIAN_POINT ( 'NONE',  ( -35.72484103454691251, 147.4213562373095385, -20.62574658805229433 ) ) ;
#3171 = EDGE_LOOP ( 'NONE', ( #925, #5984, #14 ) ) ;
#3172 = AXIS2_PLACEMENT_3D ( 'NONE', #4002, #139, #2529 ) ;
#3173 = AXIS2_PLACEMENT_3D ( 'NONE', #1445, #4226, #2803 ) ;
#3174 = EDGE_CURVE ( 'NONE', #5150, #5586, #270, .T. ) ;
#3175 = PLANE ( 'NONE',  #4493 ) ;
#3176 = EDGE_CURVE ( 'NONE', #8892, #7369, #1110, .T. ) ;
#3177 = ORIENTED_EDGE ( 'NONE', *, *, #1061, .T. ) ;
#3178 = DIRECTION ( 'NONE',  ( -0.8757795372522668709, -0.4330127018922231841, -0.2133312028986894260 ) ) ;
#3179 = VECTOR ( 'NONE', #7929, 1000.000000000000000 ) ;
#3180 = EDGE_LOOP ( 'NONE', ( #7100, #48, #5296, #4601 ) ) ;
#3181 = DIRECTION ( 'NONE',  ( 0.000000000000000000, 0.000000000000000000, 1.000000000000000000 ) ) ;
#3182 = COORDINATED_UNIVERSAL_TIME_OFFSET ( 7, 0, .BEHIND. ) ;
#3183 = EDGE_CURVE ( 'NONE', #7744, #6007, #7011, .T. ) ;
#3184 = ORIENTED_EDGE ( 'NONE', *, *, #2459, .F. ) ;
#3185 = ADVANCED_FACE ( 'NONE', ( #5574 ), #7786, .F. ) ;
#3186 = ORIENTED_EDGE ( 'NONE', *, *, #3303, .T. ) ;
#3187 = CARTESIAN_POINT ( 'NONE',  ( 65.83204565542118303, 8.999999999999966249, -84.26290891996461596 ) ) ;
#3188 = CARTESIAN_POINT ( 'NONE',  ( 9.742785792574935044, 6.000000000000005329, -10.62499999999999822 ) ) ;
#3189 = DIRECTION ( 'NONE',  ( -0.8660254037844387076, 0.000000000000000000, -0.5000000000000001110 ) ) ;
#3190 = CARTESIAN_POINT ( 'NONE',  ( -50.00000000000000000, 0.000000000000000000, 50.00000000000000000 ) ) ;
#3191 = ORIENTED_EDGE ( 'NONE', *, *, #5227, .T. ) ;
#3193 = AXIS2_PLACEMENT_3D ( 'NONE', #5960, #1537, #8266 ) ;
#3192 = CARTESIAN_POINT ( 'NONE',  ( -28.14582562299473878, 147.4213562373095385, -42.49999999999998579 ) ) ;
#3194 = CARTESIAN_POINT ( 'NONE',  ( -27.06329386826395123, 6.000000000000005329, -31.87499999999995737 ) ) ;
#3195 = VERTEX_POINT ( 'NONE', #2476 ) ;
#3196 = CARTESIAN_POINT ( 'NONE',  ( 1.387778780781445676E-14, 0.000000000000000000, 41.25149317610432576 ) ) ;
#3197 = ORIENTED_EDGE ( 'NONE', *, *, #1147, .T. ) ;
#3198 = LINE ( 'NONE', #5463, #6267 ) ;
#3199 = AXIS2_PLACEMENT_3D ( 'NONE', #9691, #3685, #5944 ) ;
#3200 = EDGE_CURVE ( 'NONE', #6704, #8100, #5478, .T. ) ;
#3201 = DIRECTION ( 'NONE',  ( 0.000000000000000000, -1.000000000000000000, 0.000000000000000000 ) ) ;
#3202 = VECTOR ( 'NONE', #4211, 1000.000000000000000 ) ;
#3203 = CARTESIAN_POINT ( 'NONE',  ( -45.46633369868351338, 0.000000000000000000, 21.24999999999999289 ) ) ;
#3204 = PLANE ( 'NONE',  #6511 ) ;
#3205 = VERTEX_POINT ( 'NONE', #7046 ) ;
#3206 = DIRECTION ( 'NONE',  ( -0.5000000000000003331, 0.000000000000000000, -0.8660254037844383745 ) ) ;
#3207 = AXIS2_PLACEMENT_3D ( 'NONE', #4790, #5583, #6276 ) ;
#3208 = ORIENTED_EDGE ( 'NONE', *, *, #3032, .F. ) ;
#3209 = VERTEX_POINT ( 'NONE', #8384 ) ;
#3210 = FACE_OUTER_BOUND ( 'NONE', #9384, .T. ) ;
#3211 = EDGE_CURVE ( 'NONE', #5049, #2393, #3909, .T. ) ;
#3212 = CARTESIAN_POINT ( 'NONE',  ( -50.00000000000000000, 6.000000000000005329, -37.85254037844263308 ) ) ;
#3213 = DIRECTION ( 'NONE',  ( 0.5000000000000000000, 0.000000000000000000, -0.8660254037844385966 ) ) ;
#3214 = ORIENTED_EDGE ( 'NONE', *, *, #2605, .F. ) ;
#3215 = DIRECTION ( 'NONE',  ( 0.5000000000000000000, 0.000000000000000000, 0.8660254037844385966 ) ) ;
#3216 = VECTOR ( 'NONE', #6893, 1000.000000000000000 ) ;
#3217 = ORIENTED_EDGE ( 'NONE', *, *, #5447, .F. ) ;
#3218 = CARTESIAN_POINT ( 'NONE',  ( -41.13620667976131529, 6.000000000000005329, -28.74999999999999289 ) ) ;
#3219 = ORIENTED_EDGE ( 'NONE', *, *, #6778, .T. ) ;
#3220 = ORIENTED_EDGE ( 'NONE', *, *, #3222, .T. ) ;
#3221 = VECTOR ( 'NONE', #6100, 1000.000000000000000 ) ;
#3222 = EDGE_CURVE ( 'NONE', #8381, #9140, #8571, .T. ) ;
#3223 = EDGE_CURVE ( 'NONE', #6163, #267, #6126, .T. ) ;
#3224 = DIRECTION ( 'NONE',  ( 0.8660254037844391517, -0.000000000000000000, 0.4999999999999990563 ) ) ;
#3225 = VERTEX_POINT ( 'NONE', #1851 ) ;
#3226 = DIRECTION ( 'NONE',  ( 0.4698463103929531592, 0.8660254037844399289, 0.1710100716628304984 ) ) ;
#3227 = VERTEX_POINT ( 'NONE', #322 ) ;
#3228 = DIRECTION ( 'NONE',  ( -0.000000000000000000, -0.000000000000000000, 1.000000000000000000 ) ) ;
#3229 = APPLICATION_PROTOCOL_DEFINITION ( 'international standard', 'config_control_design', 1994, #1097 ) ;
#3230 = EDGE_LOOP ( 'NONE', ( #685, #4512, #7543, #3136 ) ) ;
#3231 = ORIENTED_EDGE ( 'NONE', *, *, #2917, .T. ) ;
#3232 = EDGE_LOOP ( 'NONE', ( #489, #1441, #5736, #6656 ) ) ;
#3233 = LINE ( 'NONE', #2490, #9604 ) ;
#3234 = DIRECTION ( 'NONE',  ( -0.000000000000000000, -1.000000000000000000, -0.000000000000000000 ) ) ;
#3235 = VECTOR ( 'NONE', #4401, 1000.000000000000000 ) ;
#3236 = CARTESIAN_POINT ( 'NONE',  ( 49.99999999999999289, 6.000000000000000000, 50.00000000000000000 ) ) ;
#3237 = CARTESIAN_POINT ( 'NONE',  ( -32.47595264191693332, 147.4213562373095385, -49.99999999999998579 ) ) ;
#3238 = VERTEX_POINT ( 'NONE', #3313 ) ;
#3239 = EDGE_CURVE ( 'NONE', #8985, #5237, #7648, .T. ) ;
#3240 = CARTESIAN_POINT ( 'NONE',  ( -69.31444149377422548, 13.49999999999950262, -67.09883832977483564 ) ) ;
#3241 = CARTESIAN_POINT ( 'NONE',  ( 28.14582562299473878, 0.000000000000000000, -42.49999999999998579 ) ) ;
#3242 = ORIENTED_EDGE ( 'NONE', *, *, #105, .T. ) ;
#3243 = LINE ( 'NONE', #8457, #8877 ) ;
#3244 = EDGE_CURVE ( 'NONE', #7553, #7975, #4729, .T. ) ;
#3245 = VECTOR ( 'NONE', #1241, 1000.000000000000000 ) ;
#3246 = ORIENTED_EDGE ( 'NONE', *, *, #949, .F. ) ;
#3247 = AXIS2_PLACEMENT_3D ( 'NONE', #9077, #3027, #5888 ) ;
#3248 = FACE_OUTER_BOUND ( 'NONE', #3536, .T. ) ;
#3249 = CARTESIAN_POINT ( 'NONE',  ( 3.673940397442059967E-15, 6.000000000000005329, 30.00000000000000000 ) ) ;
#3250 = AXIS2_PLACEMENT_3D ( 'NONE', #1780, #6983, #8606 ) ;
#3251 = CARTESIAN_POINT ( 'NONE',  ( -48.21495254706555045, 0.000000000000000000, -87.08787447931756276 ) ) ;
#3252 = DIRECTION ( 'NONE',  ( 0.000000000000000000, 0.000000000000000000, -1.000000000000000000 ) ) ;
#3253 = VERTEX_POINT ( 'NONE', #9265 ) ;
#3254 = LINE ( 'NONE', #5514, #1734 ) ;
#3255 = CARTESIAN_POINT ( 'NONE',  ( 46.54886545341405935, 6.000000000000005329, -10.62499999999999822 ) ) ;
#3256 = CARTESIAN_POINT ( 'NONE',  ( -50.00000000000000000, 6.000000000000000000, 50.00000000000000000 ) ) ;
#3257 = EDGE_CURVE ( 'NONE', #6113, #6412, #2522, .T. ) ;
#3258 = AXIS2_PLACEMENT_3D ( 'NONE', #1051, #9260, #9357 ) ;
#3259 = FACE_OUTER_BOUND ( 'NONE', #8366, .T. ) ;
#3260 = ORIENTED_EDGE ( 'NONE', *, *, #6836, .F. ) ;
#3261 = DIRECTION ( 'NONE',  ( -0.4999999999999999445, 0.000000000000000000, 0.8660254037844385966 ) ) ;
#3262 = ORIENTED_EDGE ( 'NONE', *, *, #2247, .T. ) ;
#3263 = LINE ( 'NONE', #5352, #8467 ) ;
#3264 = PLANE ( 'NONE',  #5295 ) ;
#3265 = EDGE_CURVE ( 'NONE', #5043, #7130, #8277, .T. ) ;
#3266 = ORIENTED_EDGE ( 'NONE', *, *, #5107, .F. ) ;
#3267 = EDGE_CURVE ( 'NONE', #2487, #5262, #223, .T. ) ;
#3268 = ORIENTED_EDGE ( 'NONE', *, *, #4861, .T. ) ;
#3269 = LINE ( 'NONE', #6272, #9256 ) ;
#3270 = LINE ( 'NONE', #4103, #6066 ) ;
#3271 = VERTEX_POINT ( 'NONE', #5526 ) ;
#3272 = DIRECTION ( 'NONE',  ( -1.001543065824772975E-16, 0.000000000000000000, -1.000000000000000000 ) ) ;
#3273 = CARTESIAN_POINT ( 'NONE',  ( 92.34245936985365688, -5.728164937519062860, 61.66678322122567124 ) ) ;
#3274 = ORIENTED_EDGE ( 'NONE', *, *, #2616, .T. ) ;
#3275 = CARTESIAN_POINT ( 'NONE',  ( 27.06329386826395123, 6.000000000000005329, 31.87499999999995737 ) ) ;
#3276 = VECTOR ( 'NONE', #7820, 999.9999999999998863 ) ;
#3277 = PERSON_AND_ORGANIZATION ( #9286, #9041 ) ;
#3278 = EDGE_CURVE ( 'NONE', #7944, #9717, #178, .T. ) ;
#3279 = ORIENTED_EDGE ( 'NONE', *, *, #1431, .F. ) ;
#3280 = VECTOR ( 'NONE', #4622, 1000.000000000000227 ) ;
#3281 = ORIENTED_EDGE ( 'NONE', *, *, #4201, .T. ) ;
#3282 = CARTESIAN_POINT ( 'NONE',  ( 41.13620667976131529, 0.000000000000000000, -34.99999999999999289 ) ) ;
#3283 = AXIS2_PLACEMENT_3D ( 'NONE', #8135, #8720, #9557 ) ;
#3284 = DIRECTION ( 'NONE',  ( 0.4999999999999996669, 0.000000000000000000, 0.8660254037844388186 ) ) ;
#3285 = VECTOR ( 'NONE', #8455, 1000.000000000000114 ) ;
#3286 = CARTESIAN_POINT ( 'NONE',  ( -22.73316684934176379, 6.000000000000005329, 39.37499999999995737 ) ) ;
#3287 = PLANE ( 'NONE',  #419 ) ;
#3288 = ORIENTED_EDGE ( 'NONE', *, *, #105, .F. ) ;
#3289 = FACE_OUTER_BOUND ( 'NONE', #6080, .T. ) ;
#3290 = CARTESIAN_POINT ( 'NONE',  ( -81.19551667212387258, 10.90748385084582672, -51.71195653594100605 ) ) ;
#3291 = ORIENTED_EDGE ( 'NONE', *, *, #1140, .T. ) ;
#3292 = AXIS2_PLACEMENT_3D ( 'NONE', #3317, #2573, #1904 ) ;
#3293 = CARTESIAN_POINT ( 'NONE',  ( 25.98076211353308551, 6.000000000000005329, -15.00000000000013323 ) ) ;
#3294 = VECTOR ( 'NONE', #7301, 1000.000000000000000 ) ;
#3295 = VERTEX_POINT ( 'NONE', #9171 ) ;
#3296 = CARTESIAN_POINT ( 'NONE',  ( 3.673940397442059967E-15, 0.000000000000000000, 30.00000000000000000 ) ) ;
#3297 = EDGE_CURVE ( 'NONE', #7671, #41, #2428, .T. ) ;
#3298 = CARTESIAN_POINT ( 'NONE',  ( 46.40590262964586543, 4.500000000000013323, 85.06805748150695479 ) ) ;
#3299 = CARTESIAN_POINT ( 'NONE',  ( 32.47595264191693332, 0.000000000000000000, 13.74999999999999467 ) ) ;
#3300 = FACE_BOUND ( 'NONE', #6090, .T. ) ;
#3301 = EDGE_LOOP ( 'NONE', ( #9360, #249, #5100, #1635 ) ) ;
#3302 = CARTESIAN_POINT ( 'NONE',  ( 71.75583453782208210, 8.999999999999962697, -67.98743272795279324 ) ) ;
#3303 = EDGE_CURVE ( 'NONE', #7847, #717, #7697, .T. ) ;
#3304 = AXIS2_PLACEMENT_3D ( 'NONE', #5850, #7968, #7376 ) ;
#3305 = DIRECTION ( 'NONE',  ( -0.8660254037844383745, 0.000000000000000000, 0.5000000000000004441 ) ) ;
#3306 = CARTESIAN_POINT ( 'NONE',  ( 48.18039637606665337, 6.000000000000000000, -87.18281677883985026 ) ) ;
#3307 = FACE_BOUND ( 'NONE', #7465, .T. ) ;
#3308 = PLANE ( 'NONE',  #3258 ) ;
#3309 = ORIENTED_EDGE ( 'NONE', *, *, #4787, .T. ) ;
#3310 = FACE_BOUND ( 'NONE', #5161, .T. ) ;
#3311 = ORIENTED_EDGE ( 'NONE', *, *, #2201, .T. ) ;
#3312 = CARTESIAN_POINT ( 'NONE',  ( -63.39065261137343299, 13.49999999999930722, 83.37431452178670099 ) ) ;
#3313 = CARTESIAN_POINT ( 'NONE',  ( 59.87475935947254158, 11.59251614915340944, 83.37431452178670099 ) ) ;
#3314 = ORIENTED_EDGE ( 'NONE', *, *, #7583, .F. ) ;
#3315 = ORIENTED_EDGE ( 'NONE', *, *, #8095, .T. ) ;
#3316 = DIRECTION ( 'NONE',  ( -0.5000000000000000000, 0.000000000000000000, 0.8660254037844385966 ) ) ;
#3317 = CARTESIAN_POINT ( 'NONE',  ( 3.673940397442059967E-15, 0.000000000000000000, 30.00000000000000000 ) ) ;
#3318 = LINE ( 'NONE', #1115, #3866 ) ;
#3319 = ADVANCED_FACE ( 'NONE', ( #1898 ), #9362, .F. ) ;
#3320 = ORIENTED_EDGE ( 'NONE', *, *, #7977, .F. ) ;
#3321 = CARTESIAN_POINT ( 'NONE',  ( 54.69999999999859597, 0.000000000000000000, -54.69999999999979678 ) ) ;
#3322 = LINE ( 'NONE', #5485, #2862 ) ;
#3323 = ORIENTED_EDGE ( 'NONE', *, *, #6721, .T. ) ;
#3324 = DIRECTION ( 'NONE',  ( -0.5000000000000067724, 0.000000000000000000, 0.8660254037844347108 ) ) ;
#3325 = PERSON_AND_ORGANIZATION_ROLE ( 'creator' ) ;
#3326 = AXIS2_PLACEMENT_3D ( 'NONE', #6650, #6496, #4428 ) ;
#3327 = ORIENTED_EDGE ( 'NONE', *, *, #1010, .T. ) ;
#3328 = EDGE_CURVE ( 'NONE', #6581, #4899, #1155, .T. ) ;
#3329 = EDGE_LOOP ( 'NONE', ( #8101, #1095, #8423, #8712 ) ) ;
#3330 = LINE ( 'NONE', #972, #4093 ) ;
#3331 = DIRECTION ( 'NONE',  ( -1.000000000000000000, 0.000000000000000000, 0.000000000000000000 ) ) ;
#3332 = VECTOR ( 'NONE', #9559, 1000.000000000000227 ) ;
#3333 = EDGE_CURVE ( 'NONE', #4253, #9422, #6417, .T. ) ;
#3334 = EDGE_CURVE ( 'NONE', #3442, #4271, #4883, .T. ) ;
#3335 = CARTESIAN_POINT ( 'NONE',  ( -50.00000000000000000, 0.000000000000000000, -25.89745962155733139 ) ) ;
#3336 = CARTESIAN_POINT ( 'NONE',  ( 4.330127018922047100, 147.4213562373095385, -34.99999999999999289 ) ) ;
#3337 = ORIENTED_EDGE ( 'NONE', *, *, #5081, .T. ) ;
#3338 = CARTESIAN_POINT ( 'NONE',  ( 14.07291281149736051, 147.4213562373095385, 39.37499999999995737 ) ) ;
#3339 = DIRECTION ( 'NONE',  ( -0.000000000000000000, -1.000000000000000000, -0.000000000000000000 ) ) ;
#3340 = ORIENTED_EDGE ( 'NONE', *, *, #6423, .T. ) ;
#3341 = LINE ( 'NONE', #6339, #1664 ) ;
#3342 = EDGE_LOOP ( 'NONE', ( #2284, #8291, #6179, #9045 ) ) ;
#3343 = DIRECTION ( 'NONE',  ( -0.000000000000000000, -1.000000000000000000, -0.000000000000000000 ) ) ;
#3344 = EDGE_CURVE ( 'NONE', #4646, #6163, #3514, .T. ) ;
#3345 = EDGE_CURVE ( 'NONE', #5202, #4411, #7994, .T. ) ;
#3346 = VECTOR ( 'NONE', #1825, 1000.000000000000000 ) ;
#3347 = CARTESIAN_POINT ( 'NONE',  ( -30.40590262964586188, 6.000000000000000000, 66.00000000000000000 ) ) ;
#3348 = LINE ( 'NONE', #352, #5381 ) ;
#3349 = DIRECTION ( 'NONE',  ( -0.000000000000000000, -1.000000000000000000, -0.000000000000000000 ) ) ;
#3350 = EDGE_LOOP ( 'NONE', ( #725, #9074, #2424, #3288 ) ) ;
#3351 = LINE ( 'NONE', #4975, #9105 ) ;
#3352 = VECTOR ( 'NONE', #3228, 1000.000000000000000 ) ;
#3353 = EDGE_CURVE ( 'NONE', #9542, #8199, #8726, .T. ) ;
#3354 = CARTESIAN_POINT ( 'NONE',  ( 91.22514731035191460, -7.579231339097514564, 55.36244354894026998 ) ) ;
#3355 = EDGE_CURVE ( 'NONE', #209, #4731, #8776, .T. ) ;
#3356 = LINE ( 'NONE', #3306, #9433 ) ;
#3357 = EDGE_CURVE ( 'NONE', #6030, #6468, #6223, .T. ) ;
#3358 = CARTESIAN_POINT ( 'NONE',  ( 69.31444149377422548, 13.49999999999950262, 67.09883832977483564 ) ) ;
#3359 = FACE_OUTER_BOUND ( 'NONE', #9125, .T. ) ;
#3360 = EDGE_CURVE ( 'NONE', #4990, #548, #1362, .T. ) ;
#3361 = ORIENTED_EDGE ( 'NONE', *, *, #6089, .F. ) ;
#3362 = DIRECTION ( 'NONE',  ( -0.7660444431189713521, 0.000000000000000000, 0.6427876096865472455 ) ) ;
#3363 = ORIENTED_EDGE ( 'NONE', *, *, #4909, .T. ) ;
#3364 = ADVANCED_FACE ( 'NONE', ( #4193 ), #3416, .F. ) ;
#3365 = FACE_OUTER_BOUND ( 'NONE', #6342, .T. ) ;
#3366 = DIRECTION ( 'NONE',  ( 0.5000000000000004441, 0.000000000000000000, 0.8660254037844383745 ) ) ;
#3367 = VERTEX_POINT ( 'NONE', #1208 ) ;
#3368 = ADVANCED_FACE ( 'NONE', ( #9565 ), #7302, .F. ) ;
#3369 = EDGE_LOOP ( 'NONE', ( #2139, #3446, #8444, #2283, #3517 ) ) ;
#3370 = DIRECTION ( 'NONE',  ( -0.5000000000000000000, 0.000000000000000000, 0.8660254037844385966 ) ) ;
#3371 = EDGE_CURVE ( 'NONE', #6741, #8892, #3568, .T. ) ;
#3372 = CARTESIAN_POINT ( 'NONE',  ( -4.330127018922339310, 0.000000000000000000, -50.00000000000000000 ) ) ;
#3373 = DIRECTION ( 'NONE',  ( 0.000000000000000000, 1.000000000000000000, 0.000000000000000000 ) ) ;
#3374 = ORIENTED_EDGE ( 'NONE', *, *, #7668, .T. ) ;
#3375 = CARTESIAN_POINT ( 'NONE',  ( 28.14582562299473878, 0.000000000000000000, 21.24999999999999289 ) ) ;
#3376 = CARTESIAN_POINT ( 'NONE',  ( 49.99999999999998579, 6.000000000000005329, -25.89745962155736692 ) ) ;
#3377 = VERTEX_POINT ( 'NONE', #570 ) ;
#3378 = CARTESIAN_POINT ( 'NONE',  ( -9.742785792574935044, 6.000000000000005329, -10.62499999999999822 ) ) ;
#3379 = DATE_AND_TIME ( #383, #4326 ) ;
#3380 = VECTOR ( 'NONE', #297, 1000.000000000000000 ) ;
#3381 = EDGE_LOOP ( 'NONE', ( #5890, #5933, #7263, #4642 ) ) ;
#3382 = ORIENTED_EDGE ( 'NONE', *, *, #5464, .F. ) ;
#3383 = CARTESIAN_POINT ( 'NONE',  ( 66.00000000000000000, 6.000000000000000000, -38.22385819845018062 ) ) ;
#3384 = CARTESIAN_POINT ( 'NONE',  ( -50.00000000000000000, 6.000000000000000000, -50.00000000000000000 ) ) ;
#3385 = CC_DESIGN_APPROVAL ( #7267, ( #8891 ) ) ;
#3386 = DIRECTION ( 'NONE',  ( 0.5000000000000000000, 0.000000000000000000, 0.8660254037844385966 ) ) ;
#3387 = ADVANCED_FACE ( 'NONE', ( #8622 ), #1998, .T. ) ;
#3388 = DIRECTION ( 'NONE',  ( 0.000000000000000000, 0.000000000000000000, 1.000000000000000000 ) ) ;
#3389 = VECTOR ( 'NONE', #3573, 1000.000000000000000 ) ;
#3390 = EDGE_LOOP ( 'NONE', ( #8755, #5091, #1520, #6221 ) ) ;
#3391 = DIRECTION ( 'NONE',  ( -0.8789733129752196339, 0.4768709627114723348, 0.000000000000000000 ) ) ;
#3392 = FACE_OUTER_BOUND ( 'NONE', #135, .T. ) ;
#3393 = ORIENTED_EDGE ( 'NONE', *, *, #6761, .F. ) ;
#3394 = CARTESIAN_POINT ( 'NONE',  ( -48.35308504463207413, 6.000000000000005329, -50.00000000000000000 ) ) ;
#3395 = ORIENTED_EDGE ( 'NONE', *, *, #5585, .T. ) ;
#3396 = LINE ( 'NONE', #6398, #7654 ) ;
#3397 = CARTESIAN_POINT ( 'NONE',  ( 32.47595264191693332, 147.4213562373095385, 7.500000000000000888 ) ) ;
#3398 = PLANE ( 'NONE',  #7014 ) ;
#3399 = AXIS2_PLACEMENT_3D ( 'NONE', #9390, #5007, #8018 ) ;
#3400 = CARTESIAN_POINT ( 'NONE',  ( -84.19336080655018861, -11.39419904078928703, -55.36244354894026998 ) ) ;
#3401 = FACE_BOUND ( 'NONE', #7840, .T. ) ;
#3402 = ORIENTED_EDGE ( 'NONE', *, *, #3297, .T. ) ;
#3403 = DIRECTION ( 'NONE',  ( -0.4698463103929487183, 0.8660254037844400399, 0.1710100716628430717 ) ) ;
#3404 = EDGE_CURVE ( 'NONE', #4827, #4646, #472, .T. ) ;
#3405 = VECTOR ( 'NONE', #3695, 1000.000000000000114 ) ;
#3406 = EDGE_CURVE ( 'NONE', #6649, #4562, #6571, .T. ) ;
#3407 = FACE_OUTER_BOUND ( 'NONE', #3641, .T. ) ;
#3408 = DIRECTION ( 'NONE',  ( -0.5000000000000019984, 0.000000000000000000, -0.8660254037844375974 ) ) ;
#3409 = VECTOR ( 'NONE', #554, 1000.000000000000114 ) ;
#3410 = FACE_BOUND ( 'NONE', #8196, .T. ) ;
#3411 = DIRECTION ( 'NONE',  ( -0.4999999999999996114, 0.000000000000000000, -0.8660254037844388186 ) ) ;
#3412 = VERTEX_POINT ( 'NONE', #2825 ) ;
#3413 = DIRECTION ( 'NONE',  ( 1.000000000000000000, 0.000000000000000000, 0.000000000000000000 ) ) ;
#3414 = EDGE_CURVE ( 'NONE', #7428, #9365, #5726, .T. ) ;
#3415 = LINE ( 'NONE', #7891, #3911 ) ;
#3416 = PLANE ( 'NONE',  #7486 ) ;
#3417 = AXIS2_PLACEMENT_3D ( 'NONE', #4585, #4723, #3116 ) ;
#3418 = VERTEX_POINT ( 'NONE', #5190 ) ;
#3419 = ORIENTED_EDGE ( 'NONE', *, *, #23, .T. ) ;
#3420 = LINE ( 'NONE', #7101, #5126 ) ;
#3421 = AXIS2_PLACEMENT_3D ( 'NONE', #4524, #1536, #1302 ) ;
#3422 = LINE ( 'NONE', #8731, #5483 ) ;
#3423 = CARTESIAN_POINT ( 'NONE',  ( -41.13620667976131529, 6.000000000000005329, -34.99999999999999289 ) ) ;
#3424 = ORIENTED_EDGE ( 'NONE', *, *, #1463, .F. ) ;
#3425 = FACE_OUTER_BOUND ( 'NONE', #2689, .T. ) ;
#3426 = EDGE_CURVE ( 'NONE', #5008, #9079, #3872, .T. ) ;
#3427 = ORIENTED_EDGE ( 'NONE', *, *, #6846, .T. ) ;
#3428 = DIRECTION ( 'NONE',  ( 0.000000000000000000, 1.000000000000000000, 0.000000000000000000 ) ) ;
#3429 = ADVANCED_FACE ( 'NONE', ( #2873 ), #8141, .F. ) ;
#3430 = PERSON_AND_ORGANIZATION_ROLE ( 'classification_officer' ) ;
#3431 = VERTEX_POINT ( 'NONE', #8232 ) ;
#3432 = ORIENTED_EDGE ( 'NONE', *, *, #2568, .T. ) ;
#3433 = ORIENTED_EDGE ( 'NONE', *, *, #2458, .F. ) ;
#3434 = CARTESIAN_POINT ( 'NONE',  ( 25.98076211353308551, 0.000000000000000000, -15.00000000000013323 ) ) ;
#3435 = CARTESIAN_POINT ( 'NONE',  ( 49.99999999999999289, 6.000000000000005329, -47.14745962155772929 ) ) ;
#3436 = FACE_OUTER_BOUND ( 'NONE', #9404, .T. ) ;
#3437 = VECTOR ( 'NONE', #2500, 1000.000000000000000 ) ;
#3438 = LINE ( 'NONE', #9439, #1209 ) ;
#3439 = VERTEX_POINT ( 'NONE', #9667 ) ;
#3440 = CARTESIAN_POINT ( 'NONE',  ( -32.47595264191693332, 147.4213562373095385, 13.74999999999999467 ) ) ;
#3441 = DIRECTION ( 'NONE',  ( -0.5000000000000001110, 0.000000000000000000, 0.8660254037844385966 ) ) ;
#3442 = VERTEX_POINT ( 'NONE', #3615 ) ;
#3443 = CARTESIAN_POINT ( 'NONE',  ( 45.46633369868351338, 0.000000000000000000, 42.49999999999998579 ) ) ;
#3444 = AXIS2_PLACEMENT_3D ( 'NONE', #3296, #1138, #6248 ) ;
#3445 = ORIENTED_EDGE ( 'NONE', *, *, #3943, .T. ) ;
#3446 = ORIENTED_EDGE ( 'NONE', *, *, #4219, .T. ) ;
#3447 = VECTOR ( 'NONE', #3441, 1000.000000000000000 ) ;
#3448 = LINE ( 'NONE', #4965, #8461 ) ;
#3449 = CARTESIAN_POINT ( 'NONE',  ( 23.87132298306551803, 147.4213562373095385, -16.15365574944389948 ) ) ;
#3450 = CARTESIAN_POINT ( 'NONE',  ( -50.00000000000000000, 0.000000000000000000, -50.00000000000000000 ) ) ;
#3451 = VECTOR ( 'NONE', #9625, 1000.000000000000114 ) ;
#3452 = DIRECTION ( 'NONE',  ( -0.8789733129752196339, -0.4768709627114723348, 0.000000000000000000 ) ) ;
#3453 = DIRECTION ( 'NONE',  ( -0.000000000000000000, -1.000000000000000000, -0.000000000000000000 ) ) ;
#3454 = ORIENTED_EDGE ( 'NONE', *, *, #3757, .T. ) ;
#3455 = AXIS2_PLACEMENT_3D ( 'NONE', #9614, #9563, #4487 ) ;
#3456 = DIRECTION ( 'NONE',  ( 0.5000000000000004441, 0.000000000000000000, -0.8660254037844383745 ) ) ;
#3457 = LINE ( 'NONE', #2608, #141 ) ;
#3458 = EDGE_CURVE ( 'NONE', #6947, #7027, #7449, .T. ) ;
#3459 = DIRECTION ( 'NONE',  ( 0.000000000000000000, -1.000000000000000000, 0.000000000000000000 ) ) ;
#3460 = CARTESIAN_POINT ( 'NONE',  ( -9.742785792575173076, 0.000000000000000000, -31.87499999999996447 ) ) ;
#3461 = CARTESIAN_POINT ( 'NONE',  ( -71.75583453782208210, 8.999999999999962697, -67.98743272795279324 ) ) ;
#3462 = EDGE_CURVE ( 'NONE', #8998, #8435, #5924, .T. ) ;
#3463 = ORIENTED_EDGE ( 'NONE', *, *, #1718, .F. ) ;
#3464 = FACE_OUTER_BOUND ( 'NONE', #1294, .T. ) ;
#3465 = PLANE ( 'NONE',  #8945 ) ;
#3466 = CARTESIAN_POINT ( 'NONE',  ( -45.46633369868351338, 6.000000000000005329, 21.24999999999999289 ) ) ;
#3467 = VECTOR ( 'NONE', #6833, 1000.000000000000000 ) ;
#3468 = VERTEX_POINT ( 'NONE', #2272 ) ;
#3469 = VERTEX_POINT ( 'NONE', #3017 ) ;
#3470 = LINE ( 'NONE', #9367, #9021 ) ;
#3471 = CARTESIAN_POINT ( 'NONE',  ( -65.96544382900106029, 6.000000000000000000, 38.31880049797258181 ) ) ;
#3472 = ADVANCED_FACE ( 'NONE', ( #6715 ), #8926, .T. ) ;
#3473 = CARTESIAN_POINT ( 'NONE',  ( 22.71712670107556420, 0.000000000000000000, 3.124999999999969802 ) ) ;
#3474 = EDGE_LOOP ( 'NONE', ( #8839, #4403, #3631, #7871, #2467, #6164 ) ) ;
#3475 = DIRECTION ( 'NONE',  ( -0.4999999999999993339, 0.000000000000000000, -0.8660254037844390407 ) ) ;
#3476 = VERTEX_POINT ( 'NONE', #5143 ) ;
#3477 = DIRECTION ( 'NONE',  ( 1.000000000000000000, 0.000000000000000000, 0.000000000000000000 ) ) ;
#3478 = VERTEX_POINT ( 'NONE', #2188 ) ;
#3479 = VERTEX_POINT ( 'NONE', #5280 ) ;
#3480 = ADVANCED_FACE ( 'NONE', ( #5874 ), #2231, .F. ) ;
#3481 = VERTEX_POINT ( 'NONE', #4445 ) ;
#3482 = EDGE_CURVE ( 'NONE', #7973, #3671, #7403, .T. ) ;
#3483 = CARTESIAN_POINT ( 'NONE',  ( -4.330127018922264703, 147.4213562373095385, 13.74999999999999822 ) ) ;
#3484 = DIRECTION ( 'NONE',  ( 0.000000000000000000, -1.000000000000000000, 0.000000000000000000 ) ) ;
#3485 = DIRECTION ( 'NONE',  ( -0.000000000000000000, 1.000000000000000000, -0.000000000000000000 ) ) ;
#3486 = VERTEX_POINT ( 'NONE', #2972 ) ;
#3487 = ADVANCED_FACE ( 'NONE', ( #5973 ), #1415, .F. ) ;
#3488 = DIRECTION ( 'NONE',  ( -0.000000000000000000, -1.000000000000000000, -0.000000000000000000 ) ) ;
#3489 = LINE ( 'NONE', #8846, #2335 ) ;
#3490 = DIRECTION ( 'NONE',  ( 0.8660254037844382635, -0.000000000000000000, 0.5000000000000008882 ) ) ;
#3491 = PLANE ( 'NONE',  #6981 ) ;
#3492 = EDGE_CURVE ( 'NONE', #9138, #3816, #9615, .T. ) ;
#3493 = ORIENTED_EDGE ( 'NONE', *, *, #7002, .F. ) ;
#3494 = VERTEX_POINT ( 'NONE', #3756 ) ;
#3495 = ORIENTED_EDGE ( 'NONE', *, *, #2097, .T. ) ;
#3496 = DIRECTION ( 'NONE',  ( -0.5000000000000001110, 0.000000000000000000, -0.8660254037844387076 ) ) ;
#3497 = AXIS2_PLACEMENT_3D ( 'NONE', #6803, #846, #9204 ) ;
#3498 = CARTESIAN_POINT ( 'NONE',  ( 66.00000000000000000, 0.000000000000000000, 38.22385819845018062 ) ) ;
#3499 = EDGE_CURVE ( 'NONE', #485, #9209, #669, .T. ) ;
#3500 = CARTESIAN_POINT ( 'NONE',  ( -8.660254037844532959, 147.4213562373095385, 42.49999999999999289 ) ) ;
#3501 = LINE ( 'NONE', #8079, #7078 ) ;
#3502 = PLANE ( 'NONE',  #6745 ) ;
#3503 = ORIENTED_EDGE ( 'NONE', *, *, #654, .T. ) ;
#3504 = CARTESIAN_POINT ( 'NONE',  ( -90.41393044048240313, 14.99999999999994316, -47.10980218023188115 ) ) ;
#3505 = CARTESIAN_POINT ( 'NONE',  ( -32.47595264191693332, 147.4213562373095385, -34.99999999999999289 ) ) ;
#3506 = AXIS2_PLACEMENT_3D ( 'NONE', #8408, #9052, #5415 ) ;
#3507 = ADVANCED_FACE ( 'NONE', ( #9400 ), #1344, .F. ) ;
#3508 = CARTESIAN_POINT ( 'NONE',  ( 45.46633369868351338, 147.4213562373095385, 21.24999999999999289 ) ) ;
#3509 = CARTESIAN_POINT ( 'NONE',  ( -4.330127018922264703, 147.4213562373095385, -13.74999999999999822 ) ) ;
#3510 = CARTESIAN_POINT ( 'NONE',  ( -8.660254037844460129, 0.000000000000000000, 21.24999999999999645 ) ) ;
#3511 = ORIENTED_EDGE ( 'NONE', *, *, #7614, .F. ) ;
#3512 = LINE ( 'NONE', #5922, #9659 ) ;
#3513 = CARTESIAN_POINT ( 'NONE',  ( -45.46633369868351338, 147.4213562373095385, -42.49999999999998579 ) ) ;
#3514 = LINE ( 'NONE', #2720, #7790 ) ;
#3515 = AXIS2_PLACEMENT_3D ( 'NONE', #9274, #7748, #5587 ) ;
#3516 = ORIENTED_EDGE ( 'NONE', *, *, #6821, .T. ) ;
#3517 = ORIENTED_EDGE ( 'NONE', *, *, #5219, .T. ) ;
#3518 = EDGE_CURVE ( 'NONE', #4104, #9455, #2081, .T. ) ;
#3519 = DIRECTION ( 'NONE',  ( 0.000000000000000000, 0.000000000000000000, 1.000000000000000000 ) ) ;
#3520 = VECTOR ( 'NONE', #2670, 1000.000000000000114 ) ;
#3521 = LINE ( 'NONE', #2927, #9103 ) ;
#3522 = CARTESIAN_POINT ( 'NONE',  ( 3.673940397442059967E-15, 0.000000000000000000, 30.00000000000000000 ) ) ;
#3523 = ORIENTED_EDGE ( 'NONE', *, *, #523, .F. ) ;
#3524 = FACE_OUTER_BOUND ( 'NONE', #7328, .T. ) ;
#3525 = VECTOR ( 'NONE', #1113, 1000.000000000000000 ) ;
#3526 = ORIENTED_EDGE ( 'NONE', *, *, #609, .T. ) ;
#3527 = CARTESIAN_POINT ( 'NONE',  ( 2.053814751473915567, 147.4213562373095385, 28.74999999999999645 ) ) ;
#3528 = VECTOR ( 'NONE', #6618, 1000.000000000000114 ) ;
#3529 = EDGE_LOOP ( 'NONE', ( #9394, #624, #6630, #7182, #2478, #1863 ) ) ;
#3530 = EDGE_CURVE ( 'NONE', #7603, #9099, #1043, .T. ) ;
#3531 = EDGE_CURVE ( 'NONE', #2190, #681, #2856, .T. ) ;
#3532 = ORIENTED_EDGE ( 'NONE', *, *, #2427, .F. ) ;
#3533 = DIRECTION ( 'NONE',  ( -0.3420201433256879198, 0.000000000000000000, 0.9396926207859014335 ) ) ;
#3534 = PLANE ( 'NONE',  #5294 ) ;
#3535 = FACE_OUTER_BOUND ( 'NONE', #4847, .T. ) ;
#3536 = EDGE_LOOP ( 'NONE', ( #5529, #2111, #9493, #1477 ) ) ;
#3537 = CARTESIAN_POINT ( 'NONE',  ( 49.99999999999999289, 6.000000000000000000, 50.00000000000000000 ) ) ;
#3538 = CARTESIAN_POINT ( 'NONE',  ( -11.26739772084300206, 147.4213562373095385, 34.51570532158540061 ) ) ;
#3539 = VECTOR ( 'NONE', #396, 1000.000000000000000 ) ;
#3540 = CARTESIAN_POINT ( 'NONE',  ( -50.00000000000000000, 6.000000000000000000, -50.00000000000000000 ) ) ;
#3541 = DIRECTION ( 'NONE',  ( -0.5337593939265714571, 0.4330127018922133031, -0.7263614178872279670 ) ) ;
#3542 = ORIENTED_EDGE ( 'NONE', *, *, #909, .F. ) ;
#3543 = ORIENTED_EDGE ( 'NONE', *, *, #7402, .F. ) ;
#3544 = ORIENTED_EDGE ( 'NONE', *, *, #4073, .T. ) ;
#3545 = AXIS2_PLACEMENT_3D ( 'NONE', #8036, #6844, #2313 ) ;
#3546 = VERTEX_POINT ( 'NONE', #4379 ) ;
#3547 = LINE ( 'NONE', #502, #9624 ) ;
#3548 = DIRECTION ( 'NONE',  ( -0.5000000000000004441, 0.000000000000000000, -0.8660254037844383745 ) ) ;
#3549 = CIRCLE ( 'NONE', #1823, 4.000000000000016875 ) ;
#3550 = EDGE_CURVE ( 'NONE', #3737, #2829, #9451, .T. ) ;
#3551 = DIRECTION ( 'NONE',  ( -0.4698463103929487183, 0.8660254037844400399, -0.1710100716628430717 ) ) ;
#3552 = DIRECTION ( 'NONE',  ( -1.000000000000000000, 0.000000000000000000, -0.000000000000000000 ) ) ;
#3553 = CARTESIAN_POINT ( 'NONE',  ( 8.660254037844314468, 6.000000000000005329, 21.25000000000000000 ) ) ;
#3554 = EDGE_CURVE ( 'NONE', #5120, #3044, #7927, .T. ) ;
#3555 = VERTEX_POINT ( 'NONE', #7236 ) ;
#3556 = DIRECTION ( 'NONE',  ( 0.8660254037844387076, -0.000000000000000000, 0.5000000000000001110 ) ) ;
#3557 = CARTESIAN_POINT ( 'NONE',  ( -32.47595264191693332, 0.000000000000000000, -49.99999999999998579 ) ) ;
#3558 = EDGE_CURVE ( 'NONE', #6468, #3036, #1189, .T. ) ;
#3559 = PLANE ( 'NONE',  #8536 ) ;
#3560 = VECTOR ( 'NONE', #1857, 1000.000000000000227 ) ;
#3561 = FACE_OUTER_BOUND ( 'NONE', #2932, .T. ) ;
#3562 = CARTESIAN_POINT ( 'NONE',  ( -68.98035169643877396, 12.75833024919765357, -94.64586167234661218 ) ) ;
#3563 = LINE ( 'NONE', #1458, #3332 ) ;
#3564 = ORIENTED_EDGE ( 'NONE', *, *, #5489, .T. ) ;
#3565 = VECTOR ( 'NONE', #2340, 1000.000000000000227 ) ;
#3566 = CARTESIAN_POINT ( 'NONE',  ( 72.62888298754661776, 20.99999999999993605, -95.97381846109878722 ) ) ;
#3567 = LINE ( 'NONE', #762, #6117 ) ;
#3568 = LINE ( 'NONE', #5087, #1375 ) ;
#3569 = ORIENTED_EDGE ( 'NONE', *, *, #3458, .F. ) ;
#3570 = VECTOR ( 'NONE', #879, 999.9999999999998863 ) ;
#3571 = ORIENTED_EDGE ( 'NONE', *, *, #3038, .F. ) ;
#3572 = AXIS2_PLACEMENT_3D ( 'NONE', #6866, #3815, #8152 ) ;
#3573 = DIRECTION ( 'NONE',  ( -0.000000000000000000, -1.000000000000000000, -0.000000000000000000 ) ) ;
#3574 = CARTESIAN_POINT ( 'NONE',  ( 65.96544382900106029, 6.000000000000000000, 38.31880049797258181 ) ) ;
#3575 = CYLINDRICAL_SURFACE ( 'NONE', #3856, 3.999999999999988454 ) ;
#3576 = ORIENTED_EDGE ( 'NONE', *, *, #3701, .F. ) ;
#3577 = DIRECTION ( 'NONE',  ( -1.000000000000000000, 0.000000000000000000, -6.938893903907227145E-17 ) ) ;
#3578 = VECTOR ( 'NONE', #2129, 1000.000000000000227 ) ;
#3579 = CARTESIAN_POINT ( 'NONE',  ( -25.98076211353308906, 0.000000000000000000, -15.00000000000011546 ) ) ;
#3580 = VERTEX_POINT ( 'NONE', #5125 ) ;
#3581 = VERTEX_POINT ( 'NONE', #6550 ) ;
#3582 = DIRECTION ( 'NONE',  ( -1.000000000000000000, 0.000000000000000000, -6.938893903907227145E-17 ) ) ;
#3583 = DIRECTION ( 'NONE',  ( -0.000000000000000000, -1.000000000000000000, -0.000000000000000000 ) ) ;
#3584 = EDGE_LOOP ( 'NONE', ( #7763, #7607, #26, #7662 ) ) ;
#3585 = LINE ( 'NONE', #592, #1779 ) ;
#3586 = EDGE_CURVE ( 'NONE', #2299, #2911, #9525, .T. ) ;
#3587 = LINE ( 'NONE', #6488, #2818 ) ;
#3588 = CARTESIAN_POINT ( 'NONE',  ( 46.54886545341427961, 147.4213562373095385, 31.87499999999998579 ) ) ;
#3589 = LINE ( 'NONE', #8848, #5115 ) ;
#3590 = ORIENTED_EDGE ( 'NONE', *, *, #899, .F. ) ;
#3591 = ORIENTED_EDGE ( 'NONE', *, *, #5773, .T. ) ;
#3592 = ORIENTED_EDGE ( 'NONE', *, *, #6302, .F. ) ;
#3593 = CARTESIAN_POINT ( 'NONE',  ( -81.78546517605026622, -9.486715189943595306, 71.63791974095211401 ) ) ;
#3594 = CIRCLE ( 'NONE', #2643, 51.96152422706634866 ) ;
#3595 = AXIS2_PLACEMENT_3D ( 'NONE', #3698, #6053, #25 ) ;
#3596 = DIRECTION ( 'NONE',  ( 0.000000000000000000, 0.000000000000000000, -1.000000000000000000 ) ) ;
#3597 = DIRECTION ( 'NONE',  ( -0.3420201433256876422, 0.000000000000000000, 0.9396926207859014335 ) ) ;
#3598 = EDGE_CURVE ( 'NONE', #7369, #3486, #4327, .T. ) ;
#3599 = LINE ( 'NONE', #1984, #8368 ) ;
#3600 = LINE ( 'NONE', #6655, #3904 ) ;
#3601 = VERTEX_POINT ( 'NONE', #5858 ) ;
#3602 = CARTESIAN_POINT ( 'NONE',  ( 4.330127018922193649, 147.4213562373095385, 7.500000000000000000 ) ) ;
#3603 = AXIS2_PLACEMENT_3D ( 'NONE', #5652, #6976, #5503 ) ;
#3604 = DIRECTION ( 'NONE',  ( 1.000000000000000000, 0.000000000000000000, 0.000000000000000000 ) ) ;
#3605 = EDGE_CURVE ( 'NONE', #111, #8354, #8123, .T. ) ;
#3606 = CARTESIAN_POINT ( 'NONE',  ( 3.673940397442059967E-15, 0.000000000000000000, -21.96152422706639129 ) ) ;
#3607 = VECTOR ( 'NONE', #1312, 1000.000000000000114 ) ;
#3608 = DIRECTION ( 'NONE',  ( -0.000000000000000000, -1.000000000000000000, -0.000000000000000000 ) ) ;
#3609 = VECTOR ( 'NONE', #8326, 1000.000000000000000 ) ;
#3610 = CARTESIAN_POINT ( 'NONE',  ( 45.46633369868351338, 6.000000000000005329, 21.24999999999999289 ) ) ;
#3611 = EDGE_LOOP ( 'NONE', ( #3858, #1876, #9187, #9723 ) ) ;
#3612 = DIRECTION ( 'NONE',  ( 0.4698463103929531592, 0.8660254037844399289, -0.1710100716628304984 ) ) ;
#3613 = DIRECTION ( 'NONE',  ( 1.000000000000000000, 0.000000000000000000, 0.000000000000000000 ) ) ;
#3614 = EDGE_CURVE ( 'NONE', #8199, #1442, #6399, .T. ) ;
#3615 = CARTESIAN_POINT ( 'NONE',  ( -22.73316684934176379, 0.000000000000000000, 39.37499999999995737 ) ) ;
#3616 = VECTOR ( 'NONE', #2101, 999.9999999999998863 ) ;
#3617 = ORIENTED_EDGE ( 'NONE', *, *, #4697, .T. ) ;
#3618 = AXIS2_PLACEMENT_3D ( 'NONE', #159, #755, #6199 ) ;
#3619 = EDGE_LOOP ( 'NONE', ( #5393, #1119, #8507, #7724 ) ) ;
#3620 = DIRECTION ( 'NONE',  ( 0.000000000000000000, -0.000000000000000000, 1.000000000000000000 ) ) ;
#3621 = CARTESIAN_POINT ( 'NONE',  ( -9.742785792574935044, 6.000000000000005329, -10.62499999999999822 ) ) ;
#3622 = DIRECTION ( 'NONE',  ( -0.4999999999999998890, 0.000000000000000000, 0.8660254037844387076 ) ) ;
#3623 = VERTEX_POINT ( 'NONE', #1982 ) ;
#3624 = DIRECTION ( 'NONE',  ( 1.000000000000000000, 0.000000000000000000, 0.000000000000000000 ) ) ;
#3625 = ORIENTED_EDGE ( 'NONE', *, *, #9176, .F. ) ;
#3626 = EDGE_LOOP ( 'NONE', ( #442, #3054, #1777, #8421 ) ) ;
#3627 = CARTESIAN_POINT ( 'NONE',  ( 82.83999675952468067, 17.25855025242420737, -48.97164729660255489 ) ) ;
#3628 = ORIENTED_EDGE ( 'NONE', *, *, #6625, .T. ) ;
#3629 = ORIENTED_EDGE ( 'NONE', *, *, #8410, .F. ) ;
#3630 = EDGE_CURVE ( 'NONE', #3439, #4782, #8655, .T. ) ;
#3631 = ORIENTED_EDGE ( 'NONE', *, *, #3176, .T. ) ;
#3632 = DIRECTION ( 'NONE',  ( -0.000000000000000000, -1.000000000000000000, -0.000000000000000000 ) ) ;
#3633 = ORIENTED_EDGE ( 'NONE', *, *, #469, .F. ) ;
#3634 = DIRECTION ( 'NONE',  ( 0.5000000000000002220, 0.000000000000000000, -0.8660254037844384856 ) ) ;
#3635 = FACE_OUTER_BOUND ( 'NONE', #6188, .T. ) ;
#3636 = CIRCLE ( 'NONE', #6147, 4.000000000000009770 ) ;
#3637 = FACE_OUTER_BOUND ( 'NONE', #2895, .T. ) ;
#3638 = VECTOR ( 'NONE', #5661, 1000.000000000000000 ) ;
#3639 = LINE ( 'NONE', #691, #2913 ) ;
#3640 = ORIENTED_EDGE ( 'NONE', *, *, #9335, .T. ) ;
#3641 = EDGE_LOOP ( 'NONE', ( #9046, #5821, #145, #5310 ) ) ;
#3642 = ORIENTED_EDGE ( 'NONE', *, *, #4369, .T. ) ;
#3643 = PLANE ( 'NONE',  #3326 ) ;
#3644 = ADVANCED_FACE ( 'NONE', ( #6497 ), #8808, .T. ) ;
#3645 = EDGE_CURVE ( 'NONE', #9326, #2321, #5756, .T. ) ;
#3646 = FACE_OUTER_BOUND ( 'NONE', #4425, .T. ) ;
#3647 = CARTESIAN_POINT ( 'NONE',  ( 46.40590262964586543, 6.000000000000000000, 85.06805748150695479 ) ) ;
#3648 = DIRECTION ( 'NONE',  ( -0.000000000000000000, -1.000000000000000000, -0.000000000000000000 ) ) ;
#3649 = CARTESIAN_POINT ( 'NONE',  ( -41.13620667976131529, 6.000000000000005329, -28.74999999999999645 ) ) ;
#3650 = VERTEX_POINT ( 'NONE', #7978 ) ;
#3651 = DIRECTION ( 'NONE',  ( -0.000000000000000000, -1.000000000000000000, -0.000000000000000000 ) ) ;
#3652 = AXIS2_PLACEMENT_3D ( 'NONE', #6158, #3014, #7631 ) ;
#3653 = AXIS2_PLACEMENT_3D ( 'NONE', #1289, #2079, #7617 ) ;
#3654 = EDGE_CURVE ( 'NONE', #4813, #3026, #7186, .T. ) ;
#3655 = LINE ( 'NONE', #6659, #6843 ) ;
#3656 = EDGE_CURVE ( 'NONE', #6295, #1443, #6450, .T. ) ;
#3657 = DIRECTION ( 'NONE',  ( 0.8660254037844390407, -0.000000000000000000, 0.4999999999999994449 ) ) ;
#3658 = CARTESIAN_POINT ( 'NONE',  ( -11.54700538379295338, 147.4213562373095385, -50.00000000000000000 ) ) ;
#3659 = VECTOR ( 'NONE', #4130, 999.9999999999998863 ) ;
#3660 = CARTESIAN_POINT ( 'NONE',  ( -28.14582562299473878, 0.000000000000000000, 42.49999999999998579 ) ) ;
#3661 = DIRECTION ( 'NONE',  ( -0.8660254037844387076, 0.000000000000000000, -0.5000000000000001110 ) ) ;
#3662 = FACE_OUTER_BOUND ( 'NONE', #238, .T. ) ;
#3663 = DIRECTION ( 'NONE',  ( -0.4698463103929532703, -0.8660254037844400399, 0.1710100716628305539 ) ) ;
#3664 = VERTEX_POINT ( 'NONE', #4277 ) ;
#3665 = EDGE_LOOP ( 'NONE', ( #3395, #7044, #1116, #1964 ) ) ;
#3666 = DIRECTION ( 'NONE',  ( -0.8660254037844384856, 0.000000000000000000, -0.5000000000000003331 ) ) ;
#3667 = DIRECTION ( 'NONE',  ( -0.5000000000000000000, 0.000000000000000000, -0.8660254037844385966 ) ) ;
#3668 = ADVANCED_FACE ( 'NONE', ( #2030 ), #8029, .T. ) ;
#3669 = DIRECTION ( 'NONE',  ( -0.4698463103929532703, 0.8660254037844400399, -0.1710100716628305539 ) ) ;
#3670 = VECTOR ( 'NONE', #5163, 1000.000000000000000 ) ;
#3671 = VERTEX_POINT ( 'NONE', #4690 ) ;
#3672 = DIRECTION ( 'NONE',  ( -0.000000000000000000, -1.000000000000000000, -0.000000000000000000 ) ) ;
#3673 = ORIENTED_EDGE ( 'NONE', *, *, #2499, .T. ) ;
#3674 = ORIENTED_EDGE ( 'NONE', *, *, #2280, .T. ) ;
#3675 = LINE ( 'NONE', #3078, #9531 ) ;
#3676 = EDGE_CURVE ( 'NONE', #2150, #7323, #4644, .T. ) ;
#3677 = ORIENTED_EDGE ( 'NONE', *, *, #7118, .T. ) ;
#3678 = VECTOR ( 'NONE', #51, 1000.000000000000000 ) ;
#3679 = ADVANCED_FACE ( 'NONE', ( #2906 ), #3913, .F. ) ;
#3680 = VERTEX_POINT ( 'NONE', #5482 ) ;
#3681 = AXIS2_PLACEMENT_3D ( 'NONE', #1681, #6285, #9282 ) ;
#3682 = LINE ( 'NONE', #2944, #1467 ) ;
#3683 = VERTEX_POINT ( 'NONE', #8391 ) ;
#3685 = DIRECTION ( 'NONE',  ( 0.000000000000000000, -1.000000000000000000, 0.000000000000000000 ) ) ;
#3684 = VECTOR ( 'NONE', #1107, 1000.000000000000227 ) ;
#3686 = CARTESIAN_POINT ( 'NONE',  ( 14.07291281149715090, 6.000000000000005329, 3.124999999999960920 ) ) ;
#3687 = FACE_OUTER_BOUND ( 'NONE', #1924, .T. ) ;
#3688 = DIRECTION ( 'NONE',  ( -0.000000000000000000, -1.000000000000000000, -0.000000000000000000 ) ) ;
#3689 = ORIENTED_EDGE ( 'NONE', *, *, #3458, .T. ) ;
#3690 = ORIENTED_EDGE ( 'NONE', *, *, #818, .F. ) ;
#3691 = ORIENTED_EDGE ( 'NONE', *, *, #1274, .T. ) ;
#3692 = ORIENTED_EDGE ( 'NONE', *, *, #4759, .T. ) ;
#3693 = DIRECTION ( 'NONE',  ( 0.4698463103929532703, -0.8660254037844400399, -0.1710100716628305539 ) ) ;
#3694 = EDGE_CURVE ( 'NONE', #734, #7973, #1759, .T. ) ;
#3695 = DIRECTION ( 'NONE',  ( 0.5000000000000003331, 0.000000000000000000, -0.8660254037844384856 ) ) ;
#3696 = FACE_BOUND ( 'NONE', #6684, .T. ) ;
#3697 = DIRECTION ( 'NONE',  ( 0.5000000000000001110, 0.000000000000000000, 0.8660254037844385966 ) ) ;
#3698 = CARTESIAN_POINT ( 'NONE',  ( -25.98076211353308906, 0.000000000000000000, -15.00000000000011546 ) ) ;
#3699 = EDGE_LOOP ( 'NONE', ( #4043, #3908 ) ) ;
#3700 = DIRECTION ( 'NONE',  ( -0.000000000000000000, -1.000000000000000000, -0.000000000000000000 ) ) ;
#3701 = EDGE_CURVE ( 'NONE', #3680, #7474, #4735, .T. ) ;
#3702 = VECTOR ( 'NONE', #6786, 1000.000000000000000 ) ;
#3703 = CARTESIAN_POINT ( 'NONE',  ( 3.673940397442059967E-15, 0.000000000000000000, 30.00000000000000000 ) ) ;
#3704 = DIRECTION ( 'NONE',  ( 0.000000000000000000, 1.000000000000000000, 0.000000000000000000 ) ) ;
#3705 = DIRECTION ( 'NONE',  ( 0.5000000000000000000, 0.000000000000000000, -0.8660254037844385966 ) ) ;
#3706 = ADVANCED_FACE ( 'NONE', ( #2479 ), #3175, .F. ) ;
#3707 = DIRECTION ( 'NONE',  ( 0.5000000000000000000, 0.000000000000000000, -0.8660254037844385966 ) ) ;
#3708 = VECTOR ( 'NONE', #8932, 1000.000000000000000 ) ;
#3709 = DIRECTION ( 'NONE',  ( 0.4698463103929532703, 0.8660254037844400399, -0.1710100716628305539 ) ) ;
#3710 = CARTESIAN_POINT ( 'NONE',  ( 4.330127018922120818, 147.4213562373095385, 13.74999999999999822 ) ) ;
#3711 = ADVANCED_FACE ( 'NONE', ( #8482 ), #182, .F. ) ;
#3712 = ORIENTED_EDGE ( 'NONE', *, *, #9668, .F. ) ;
#3713 = ORIENTED_EDGE ( 'NONE', *, *, #3462, .F. ) ;
#3714 = DIRECTION ( 'NONE',  ( 0.8660254037844385966, 0.000000000000000000, -0.5000000000000003331 ) ) ;
#3715 = DIRECTION ( 'NONE',  ( 0.5000000000000045519, 0.000000000000000000, -0.8660254037844360431 ) ) ;
#3716 = EDGE_CURVE ( 'NONE', #5717, #5569, #8909, .T. ) ;
#3717 = LINE ( 'NONE', #1367, #8561 ) ;
#3718 = ORIENTED_EDGE ( 'NONE', *, *, #2037, .F. ) ;
#3719 = CARTESIAN_POINT ( 'NONE',  ( 4.330127018922120818, 147.4213562373095385, 13.74999999999999822 ) ) ;
#3720 = ORIENTED_EDGE ( 'NONE', *, *, #7556, .F. ) ;
#3721 = VECTOR ( 'NONE', #8361, 1000.000000000000000 ) ;
#3722 = VERTEX_POINT ( 'NONE', #2432 ) ;
#3723 = LINE ( 'NONE', #2200, #1382 ) ;
#3724 = AXIS2_PLACEMENT_3D ( 'NONE', #5411, #1682, #5498 ) ;
#3725 = MANIFOLD_SOLID_BREP ( 'Boss-Extrude9', #8967 ) ;
#3726 = VECTOR ( 'NONE', #1240, 1000.000000000000114 ) ;
#3727 = ORIENTED_EDGE ( 'NONE', *, *, #2274, .T. ) ;
#3728 = EDGE_CURVE ( 'NONE', #4322, #1849, #4598, .T. ) ;
#3729 = VECTOR ( 'NONE', #8274, 1000.000000000000114 ) ;
#3730 = ORIENTED_EDGE ( 'NONE', *, *, #2453, .F. ) ;
#3731 = FACE_OUTER_BOUND ( 'NONE', #88, .T. ) ;
#3732 = EDGE_LOOP ( 'NONE', ( #324, #8785, #8027 ) ) ;
#3733 = DIRECTION ( 'NONE',  ( 0.4698463103929532703, 0.8660254037844400399, -0.1710100716628305539 ) ) ;
#3734 = CARTESIAN_POINT ( 'NONE',  ( 21.86105912627044034, 147.4213562373095385, 24.37499999999996092 ) ) ;
#3735 = CARTESIAN_POINT ( 'NONE',  ( 11.54700538379294095, 6.000000000000000000, -50.00000000000000000 ) ) ;
#3736 = CARTESIAN_POINT ( 'NONE',  ( 11.26739772084300562, 6.000000000000005329, 34.51570532158541482 ) ) ;
#3737 = VERTEX_POINT ( 'NONE', #229 ) ;
#3738 = ORIENTED_EDGE ( 'NONE', *, *, #8046, .T. ) ;
#3739 = ORIENTED_EDGE ( 'NONE', *, *, #4716, .F. ) ;
#3740 = VERTEX_POINT ( 'NONE', #8437 ) ;
#3741 = FACE_OUTER_BOUND ( 'NONE', #6862, .T. ) ;
#3742 = VECTOR ( 'NONE', #7145, 1000.000000000000227 ) ;
#3743 = CARTESIAN_POINT ( 'NONE',  ( -4.330127018922337534, 0.000000000000000000, -34.99999999999999289 ) ) ;
#3744 = LINE ( 'NONE', #5266, #5157 ) ;
#3745 = DIRECTION ( 'NONE',  ( 0.4999999999999999445, 0.000000000000000000, 0.8660254037844385966 ) ) ;
#3746 = CARTESIAN_POINT ( 'NONE',  ( -22.73316684934176379, 147.4213562373095385, -39.37499999999995737 ) ) ;
#3747 = ORIENTED_EDGE ( 'NONE', *, *, #373, .T. ) ;
#3748 = LINE ( 'NONE', #4481, #4862 ) ;
#3749 = CARTESIAN_POINT ( 'NONE',  ( -32.03989878038110106, 6.000000000000005329, 6.744732556983351834 ) ) ;
#3750 = FACE_OUTER_BOUND ( 'NONE', #9292, .T. ) ;
#3751 = DIRECTION ( 'NONE',  ( -0.4698463103929531592, 0.8660254037844399289, -0.1710100716628304984 ) ) ;
#3752 = PLANE ( 'NONE',  #9024 ) ;
#3753 = VECTOR ( 'NONE', #2270, 1000.000000000000227 ) ;
#3754 = ADVANCED_FACE ( 'NONE', ( #3865 ), #9703, .T. ) ;
#3755 = CARTESIAN_POINT ( 'NONE',  ( -45.46633369868351338, 0.000000000000000000, 42.49999999999998579 ) ) ;
#3756 = CARTESIAN_POINT ( 'NONE',  ( -32.47595264191693332, 0.000000000000000000, 13.74999999999999467 ) ) ;
#3757 = EDGE_CURVE ( 'NONE', #4769, #7257, #4802, .T. ) ;
#3758 = AXIS2_PLACEMENT_3D ( 'NONE', #7976, #7766, #7076 ) ;
#3759 = ORIENTED_EDGE ( 'NONE', *, *, #6847, .F. ) ;
#3760 = VECTOR ( 'NONE', #8097, 999.9999999999998863 ) ;
#3761 = EDGE_LOOP ( 'NONE', ( #4039, #7416, #8566 ) ) ;
#3762 = CARTESIAN_POINT ( 'NONE',  ( 94.78815159566664761, 22.87916512459876017, 74.99322121832196331 ) ) ;
#3763 = VECTOR ( 'NONE', #4420, 1000.000000000000227 ) ;
#3764 = EDGE_CURVE ( 'NONE', #4755, #3664, #6698, .T. ) ;
#3765 = FACE_BOUND ( 'NONE', #3529, .T. ) ;
#3766 = DIRECTION ( 'NONE',  ( -0.5000000000000002220, 0.000000000000000000, -0.8660254037844384856 ) ) ;
#3767 = ORIENTED_EDGE ( 'NONE', *, *, #6519, .F. ) ;
#3768 = LINE ( 'NONE', #3167, #6970 ) ;
#3769 = EDGE_LOOP ( 'NONE', ( #793, #6686 ) ) ;
#3770 = VECTOR ( 'NONE', #7004, 1000.000000000000000 ) ;
#3771 = ORIENTED_EDGE ( 'NONE', *, *, #8733, .T. ) ;
#3772 = LINE ( 'NONE', #87, #7343 ) ;
#3773 = VECTOR ( 'NONE', #2418, 1000.000000000000227 ) ;
#3774 = ORIENTED_EDGE ( 'NONE', *, *, #3334, .F. ) ;
#3775 = ORIENTED_EDGE ( 'NONE', *, *, #8201, .T. ) ;
#3776 = EDGE_CURVE ( 'NONE', #9534, #970, #2959, .T. ) ;
#3777 = EDGE_LOOP ( 'NONE', ( #5291, #3870, #2565, #7461, #13, #1204 ) ) ;
#3778 = ORIENTED_EDGE ( 'NONE', *, *, #9072, .T. ) ;
#3779 = DIRECTION ( 'NONE',  ( -0.8660254037844387076, 0.000000000000000000, -0.4999999999999999445 ) ) ;
#3780 = ORIENTED_EDGE ( 'NONE', *, *, #4985, .T. ) ;
#3781 = CARTESIAN_POINT ( 'NONE',  ( -4.330127018922339310, 0.000000000000000000, 50.00000000000000000 ) ) ;
#3782 = CARTESIAN_POINT ( 'NONE',  ( 22.73316684934176379, 0.000000000000000000, -39.37499999999995737 ) ) ;
#3783 = DIRECTION ( 'NONE',  ( 0.000000000000000000, -1.000000000000000000, 0.000000000000000000 ) ) ;
#3784 = DIRECTION ( 'NONE',  ( -0.3420201433256879198, 0.000000000000000000, -0.9396926207859014335 ) ) ;
#3785 = EDGE_CURVE ( 'NONE', #3478, #8647, #9130, .T. ) ;
#3786 = CIRCLE ( 'NONE', #8483, 3.999999999999988454 ) ;
#3787 = ORIENTED_EDGE ( 'NONE', *, *, #8280, .T. ) ;
#3788 = ADVANCED_FACE ( 'NONE', ( #3646 ), #9651, .T. ) ;
#3789 = ORIENTED_EDGE ( 'NONE', *, *, #6406, .T. ) ;
#3790 = VERTEX_POINT ( 'NONE', #7604 ) ;
#3791 = PLANE ( 'NONE',  #8340 ) ;
#3792 = EDGE_CURVE ( 'NONE', #548, #4937, #8321, .T. ) ;
#3793 = LINE ( 'NONE', #700, #893 ) ;
#3794 = LINE ( 'NONE', #9558, #4522 ) ;
#3795 = EDGE_LOOP ( 'NONE', ( #3771, #5547, #951, #5144 ) ) ;
#3796 = EDGE_CURVE ( 'NONE', #5167, #3722, #5531, .T. ) ;
#3797 = DIRECTION ( 'NONE',  ( -0.000000000000000000, -0.000000000000000000, 1.000000000000000000 ) ) ;
#3798 = DIRECTION ( 'NONE',  ( 0.5000000000000000000, 0.000000000000000000, 0.8660254037844385966 ) ) ;
#3799 = ORIENTED_EDGE ( 'NONE', *, *, #5869, .F. ) ;
#3800 = DIRECTION ( 'NONE',  ( 0.4999999999999999445, 0.000000000000000000, -0.8660254037844387076 ) ) ;
#3801 = DIRECTION ( 'NONE',  ( 0.000000000000000000, 1.000000000000000000, 0.000000000000000000 ) ) ;
#3802 = ADVANCED_FACE ( 'NONE', ( #8578 ), #8676, .F. ) ;
#3803 = PLANE ( 'NONE',  #4026 ) ;
#3804 = PLANE ( 'NONE',  #3652 ) ;
#3805 = CARTESIAN_POINT ( 'NONE',  ( -14.07291281149758966, 0.000000000000000000, -45.62499999999995737 ) ) ;
#3806 = DIRECTION ( 'NONE',  ( -0.4999999999999998890, 0.000000000000000000, -0.8660254037844387076 ) ) ;
#3807 = VERTEX_POINT ( 'NONE', #1216 ) ;
#3808 = ORIENTED_EDGE ( 'NONE', *, *, #6249, .T. ) ;
#3809 = CARTESIAN_POINT ( 'NONE',  ( 49.99999999999997158, 6.000000000000005329, 4.647459621557030296 ) ) ;
#3810 = AXIS2_PLACEMENT_3D ( 'NONE', #3956, #8530, #8438 ) ;
#3811 = FACE_BOUND ( 'NONE', #2990, .T. ) ;
#3812 = VERTEX_POINT ( 'NONE', #9268 ) ;
#3813 = DIRECTION ( 'NONE',  ( -0.1107007079486457130, 0.2499999999999868439, 0.9618967477123909759 ) ) ;
#3814 = VERTEX_POINT ( 'NONE', #6319 ) ;
#3815 = DIRECTION ( 'NONE',  ( -0.8660254037844389297, 0.000000000000000000, -0.4999999999999996114 ) ) ;
#3816 = VERTEX_POINT ( 'NONE', #3372 ) ;
#3817 = VERTEX_POINT ( 'NONE', #375 ) ;
#3818 = ORIENTED_EDGE ( 'NONE', *, *, #9027, .T. ) ;
#3819 = AXIS2_PLACEMENT_3D ( 'NONE', #7623, #3102, #1637 ) ;
#3820 = FACE_OUTER_BOUND ( 'NONE', #7957, .T. ) ;
#3821 = ORIENTED_EDGE ( 'NONE', *, *, #36, .T. ) ;
#3822 = CARTESIAN_POINT ( 'NONE',  ( -82.83999675952468067, 17.25855025242420737, -48.97164729660255489 ) ) ;
#3823 = DIRECTION ( 'NONE',  ( -1.000000000000000000, 0.000000000000000000, 0.000000000000000000 ) ) ;
#3824 = CARTESIAN_POINT ( 'NONE',  ( -50.00000000000000000, 6.000000000000000000, 16.60254037844303809 ) ) ;
#3825 = EDGE_CURVE ( 'NONE', #1702, #3129, #3422, .T. ) ;
#3826 = DIRECTION ( 'NONE',  ( 0.8660254037844347108, -0.000000000000000000, 0.5000000000000067724 ) ) ;
#3827 = VECTOR ( 'NONE', #4206, 1000.000000000000000 ) ;
#3828 = ADVANCED_FACE ( 'NONE', ( #9472 ), #1855, .F. ) ;
#3829 = ORIENTED_EDGE ( 'NONE', *, *, #571, .F. ) ;
#3830 = ORIENTED_EDGE ( 'NONE', *, *, #400, .T. ) ;
#3831 = VERTEX_POINT ( 'NONE', #8526 ) ;
#3832 = CARTESIAN_POINT ( 'NONE',  ( 79.87143568757763035, 17.25855025242403329, -57.12770181004839998 ) ) ;
#3833 = DIRECTION ( 'NONE',  ( 1.000000000000000000, 0.000000000000000000, 0.000000000000000000 ) ) ;
#3834 = AXIS2_PLACEMENT_3D ( 'NONE', #6994, #7094, #2519 ) ;
#3835 = DIRECTION ( 'NONE',  ( -0.5000000000000008882, 0.000000000000000000, 0.8660254037844380415 ) ) ;
#3836 = DIRECTION ( 'NONE',  ( -0.8660254037844387076, 0.000000000000000000, -0.5000000000000001110 ) ) ;
#3837 = EDGE_LOOP ( 'NONE', ( #4469, #3043, #3532, #1945 ) ) ;
#3838 = CARTESIAN_POINT ( 'NONE',  ( -50.00000000000000000, 0.000000000000000000, 50.00000000000000000 ) ) ;
#3839 = CARTESIAN_POINT ( 'NONE',  ( -35.72484103454691251, 6.000000000000005329, -20.62574658805229433 ) ) ;
#3840 = ORIENTED_EDGE ( 'NONE', *, *, #4730, .T. ) ;
#3841 = PLANE ( 'NONE',  #1507 ) ;
#3842 = CARTESIAN_POINT ( 'NONE',  ( -48.21495254706555045, 6.000000000000000000, -87.08787447931756276 ) ) ;
#3843 = ADVANCED_FACE ( 'NONE', ( #9321 ), #7792, .F. ) ;
#3844 = CARTESIAN_POINT ( 'NONE',  ( -25.98076211353308906, 147.4213562373095385, -15.00000000000011546 ) ) ;
#3845 = DIRECTION ( 'NONE',  ( 0.000000000000000000, 0.000000000000000000, 1.000000000000000000 ) ) ;
#3846 = CARTESIAN_POINT ( 'NONE',  ( 78.55942538675439835, 20.99999999999937117, -79.67978713415915593 ) ) ;
#3847 = CARTESIAN_POINT ( 'NONE',  ( -75.63265198522377375, -12.82481192892387334, 71.63791974095211401 ) ) ;
#3848 = VECTOR ( 'NONE', #7472, 1000.000000000000000 ) ;
#3849 = EDGE_CURVE ( 'NONE', #8798, #3044, #5809, .T. ) ;
#3850 = ORIENTED_EDGE ( 'NONE', *, *, #9378, .T. ) ;
#3851 = EDGE_LOOP ( 'NONE', ( #864, #7789 ) ) ;
#3852 = CIRCLE ( 'NONE', #562, 2.500000000000460076 ) ;
#3853 = PLANE ( 'NONE',  #8591 ) ;
#3854 = FACE_BOUND ( 'NONE', #3230, .T. ) ;
#3855 = EDGE_CURVE ( 'NONE', #8381, #1757, #4839, .T. ) ;
#3856 = AXIS2_PLACEMENT_3D ( 'NONE', #628, #1469, #8195 ) ;
#3857 = CARTESIAN_POINT ( 'NONE',  ( 23.87132298306551803, 6.000000000000005329, -16.15365574944389948 ) ) ;
#3858 = ORIENTED_EDGE ( 'NONE', *, *, #4837, .F. ) ;
#3859 = CARTESIAN_POINT ( 'NONE',  ( 3.673940397442059967E-15, 147.4213562373095385, 30.00000000000000000 ) ) ;
#3860 = EDGE_LOOP ( 'NONE', ( #8051, #8718, #8885, #6647, #3774, #3633 ) ) ;
#3861 = DIRECTION ( 'NONE',  ( 0.8660254037844362651, -0.000000000000000000, 0.5000000000000042188 ) ) ;
#3862 = VERTEX_POINT ( 'NONE', #1114 ) ;
#3863 = ORIENTED_EDGE ( 'NONE', *, *, #8893, .F. ) ;
#3864 = ORIENTED_EDGE ( 'NONE', *, *, #5382, .F. ) ;
#3865 = FACE_OUTER_BOUND ( 'NONE', #2596, .T. ) ;
#3866 = VECTOR ( 'NONE', #5733, 1000.000000000000114 ) ;
#3868 = ORIENTED_EDGE ( 'NONE', *, *, #3694, .T. ) ;
#3867 = VECTOR ( 'NONE', #6785, 999.9999999999998863 ) ;
#3869 = DIRECTION ( 'NONE',  ( -0.5000000000000067724, 0.000000000000000000, -0.8660254037844347108 ) ) ;
#3870 = ORIENTED_EDGE ( 'NONE', *, *, #294, .F. ) ;
#3871 = DIRECTION ( 'NONE',  ( -1.000000000000000000, 0.000000000000000000, 0.000000000000000000 ) ) ;
#3872 = CIRCLE ( 'NONE', #584, 4.000000000000016875 ) ;
#3873 = CARTESIAN_POINT ( 'NONE',  ( -78.10322981758433514, 16.37948907741689908, 80.93317415930816594 ) ) ;
#3874 = CARTESIAN_POINT ( 'NONE',  ( -41.13620667976124423, 147.4213562373095385, 13.74999999999999822 ) ) ;
#3875 = ORIENTED_EDGE ( 'NONE', *, *, #2380, .F. ) ;
#3876 = EDGE_LOOP ( 'NONE', ( #4520, #4829 ) ) ;
#3877 = AXIS2_PLACEMENT_3D ( 'NONE', #4312, #3484, #2692 ) ;
#3878 = ORIENTED_EDGE ( 'NONE', *, *, #1020, .F. ) ;
#3879 = DIRECTION ( 'NONE',  ( 0.000000000000000000, -1.000000000000000000, 0.000000000000000000 ) ) ;
#3880 = DIRECTION ( 'NONE',  ( -0.000000000000000000, -1.000000000000000000, -0.000000000000000000 ) ) ;
#3881 = VECTOR ( 'NONE', #8247, 1000.000000000000227 ) ;
#3882 = EDGE_CURVE ( 'NONE', #1679, #485, #2502, .T. ) ;
#3883 = DIRECTION ( 'NONE',  ( 0.000000000000000000, 0.000000000000000000, -1.000000000000000000 ) ) ;
#3884 = DIRECTION ( 'NONE',  ( 6.938893903907228378E-17, 0.000000000000000000, -1.000000000000000000 ) ) ;
#3885 = ORIENTED_EDGE ( 'NONE', *, *, #9608, .T. ) ;
#3886 = CARTESIAN_POINT ( 'NONE',  ( 49.99999999999999289, 6.000000000000000000, 50.00000000000000000 ) ) ;
#3887 = LINE ( 'NONE', #5962, #2325 ) ;
#3888 = ORIENTED_EDGE ( 'NONE', *, *, #8714, .T. ) ;
#3889 = AXIS2_PLACEMENT_3D ( 'NONE', #3901, #2322, #9023 ) ;
#3890 = CARTESIAN_POINT ( 'NONE',  ( 49.99999999999997158, 147.4213562373095385, 25.89745962155742021 ) ) ;
#3891 = AXIS2_PLACEMENT_3D ( 'NONE', #1255, #4239, #7526 ) ;
#3892 = LINE ( 'NONE', #1590, #6749 ) ;
#3893 = ADVANCED_FACE ( 'NONE', ( #9424 ), #4151, .F. ) ;
#3894 = DIRECTION ( 'NONE',  ( 0.000000000000000000, 0.000000000000000000, 1.000000000000000000 ) ) ;
#3895 = CARTESIAN_POINT ( 'NONE',  ( 79.37756954555035804, -7.579231339097894704, 87.91339593296397936 ) ) ;
#3896 = CARTESIAN_POINT ( 'NONE',  ( 32.47595264191693332, 147.4213562373095385, -34.99999999999999289 ) ) ;
#3897 = DIRECTION ( 'NONE',  ( 0.4999999999999990563, 0.000000000000000000, -0.8660254037844391517 ) ) ;
#3898 = EDGE_CURVE ( 'NONE', #1614, #5405, #4786, .T. ) ;
#3899 = EDGE_LOOP ( 'NONE', ( #3875, #6037, #3169, #859 ) ) ;
#3900 = ORIENTED_EDGE ( 'NONE', *, *, #5872, .F. ) ;
#3901 = CARTESIAN_POINT ( 'NONE',  ( -54.69999999999999574, 0.000000000000000000, -54.69999999999999574 ) ) ;
#3902 = VECTOR ( 'NONE', #4702, 999.9999999999998863 ) ;
#3903 = CYLINDRICAL_SURFACE ( 'NONE', #778, 4.000000000000016875 ) ;
#3904 = VECTOR ( 'NONE', #5711, 1000.000000000000000 ) ;
#3905 = EDGE_CURVE ( 'NONE', #3479, #3989, #426, .T. ) ;
#3906 = ORIENTED_EDGE ( 'NONE', *, *, #3531, .F. ) ;
#3907 = CARTESIAN_POINT ( 'NONE',  ( -11.54700538379295516, 0.000000000000000000, 50.00000000000000000 ) ) ;
#3908 = ORIENTED_EDGE ( 'NONE', *, *, #4101, .F. ) ;
#3909 = LINE ( 'NONE', #8518, #8587 ) ;
#3910 = ORIENTED_EDGE ( 'NONE', *, *, #4382, .F. ) ;
#3911 = VECTOR ( 'NONE', #5673, 1000.000000000000000 ) ;
#3912 = ORIENTED_EDGE ( 'NONE', *, *, #6250, .F. ) ;
#3913 = CYLINDRICAL_SURFACE ( 'NONE', #7641, 4.000000000000016875 ) ;
#3914 = AXIS2_PLACEMENT_3D ( 'NONE', #3844, #845, #4624 ) ;
#3915 = ORIENTED_EDGE ( 'NONE', *, *, #9668, .T. ) ;
#3916 = LINE ( 'NONE', #2391, #1929 ) ;
#3917 = VECTOR ( 'NONE', #2370, 1000.000000000000000 ) ;
#3918 = ORIENTED_EDGE ( 'NONE', *, *, #1211, .F. ) ;
#3919 = DIRECTION ( 'NONE',  ( 1.000000000000000000, 0.000000000000000000, -0.000000000000000000 ) ) ;
#3920 =( NAMED_UNIT ( * ) SI_UNIT ( $, .STERADIAN. ) SOLID_ANGLE_UNIT ( ) );
#3921 = EDGE_LOOP ( 'NONE', ( #6310, #521 ) ) ;
#3922 = EDGE_CURVE ( 'NONE', #9161, #5049, #479, .T. ) ;
#3923 = ORIENTED_EDGE ( 'NONE', *, *, #459, .T. ) ;
#3924 = DIRECTION ( 'NONE',  ( 0.5000000000000001110, 0.000000000000000000, -0.8660254037844385966 ) ) ;
#3925 = CARTESIAN_POINT ( 'NONE',  ( -81.19551667212387258, 10.90748385084582672, 51.71195653594100605 ) ) ;
#3926 = CARTESIAN_POINT ( 'NONE',  ( -66.00000000000000000, 6.000000000000000000, 38.22385819845018062 ) ) ;
#3927 = ORIENTED_EDGE ( 'NONE', *, *, #595, .T. ) ;
#3928 = LINE ( 'NONE', #797, #6018 ) ;
#3929 = VECTOR ( 'NONE', #1201, 1000.000000000000000 ) ;
#3930 = CARTESIAN_POINT ( 'NONE',  ( 25.49447007271216137, 147.4213562373095385, -7.907717477981577758 ) ) ;
#3931 = VERTEX_POINT ( 'NONE', #1063 ) ;
#3932 = CARTESIAN_POINT ( 'NONE',  ( -32.47595264191693332, 6.000000000000005329, 28.74999999999999289 ) ) ;
#3933 = ADVANCED_FACE ( 'NONE', ( #6371 ), #2004, .F. ) ;
#3934 = EDGE_CURVE ( 'NONE', #43, #5357, #3269, .T. ) ;
#3935 = CARTESIAN_POINT ( 'NONE',  ( -41.13620667976131529, 6.000000000000005329, -34.99999999999999289 ) ) ;
#3936 = DIRECTION ( 'NONE',  ( -0.000000000000000000, -1.000000000000000000, -0.000000000000000000 ) ) ;
#3937 = DIRECTION ( 'NONE',  ( -0.000000000000000000, -1.000000000000000000, -0.000000000000000000 ) ) ;
#3938 = FACE_OUTER_BOUND ( 'NONE', #5037, .T. ) ;
#3939 = ORIENTED_EDGE ( 'NONE', *, *, #3333, .T. ) ;
#3940 = LINE ( 'NONE', #3847, #3773 ) ;
#3941 = EDGE_CURVE ( 'NONE', #1757, #2216, #5025, .T. ) ;
#3942 = EDGE_CURVE ( 'NONE', #3129, #1959, #4887, .T. ) ;
#3943 = EDGE_CURVE ( 'NONE', #3044, #8798, #788, .T. ) ;
#3944 = ORIENTED_EDGE ( 'NONE', *, *, #8440, .T. ) ;
#3945 = ORIENTED_EDGE ( 'NONE', *, *, #1632, .T. ) ;
#3946 = CYLINDRICAL_SURFACE ( 'NONE', #4228, 2.499999999999273470 ) ;
#3947 = ORIENTED_EDGE ( 'NONE', *, *, #6629, .T. ) ;
#3948 = CARTESIAN_POINT ( 'NONE',  ( -45.46633369868351338, 6.000000000000005329, -21.24999999999999289 ) ) ;
#3949 = ORIENTED_EDGE ( 'NONE', *, *, #7021, .T. ) ;
#3950 = DIRECTION ( 'NONE',  ( 0.5000000000000013323, 0.000000000000000000, -0.8660254037844379305 ) ) ;
#3951 = ORIENTED_EDGE ( 'NONE', *, *, #4866, .T. ) ;
#3952 = VECTOR ( 'NONE', #8633, 1000.000000000000114 ) ;
#3953 = EDGE_CURVE ( 'NONE', #6904, #3580, #8931, .T. ) ;
#3954 = DIRECTION ( 'NONE',  ( 0.4999999999999990563, 0.000000000000000000, -0.8660254037844391517 ) ) ;
#3955 = VERTEX_POINT ( 'NONE', #4451 ) ;
#3957 = EDGE_CURVE ( 'NONE', #8729, #7908, #2878, .T. ) ;
#3956 = CARTESIAN_POINT ( 'NONE',  ( -72.62888298754661776, 20.99999999999993605, -95.97381846109878722 ) ) ;
#3958 = ORIENTED_EDGE ( 'NONE', *, *, #1864, .F. ) ;
#3959 = CARTESIAN_POINT ( 'NONE',  ( 30.40590262964586188, 4.500000000000013323, 66.00000000000000000 ) ) ;
#3960 = CARTESIAN_POINT ( 'NONE',  ( 32.03989878038110817, 0.000000000000000000, 6.744732556983358940 ) ) ;
#3961 = ORIENTED_EDGE ( 'NONE', *, *, #3174, .T. ) ;
#3962 = ORIENTED_EDGE ( 'NONE', *, *, #6431, .T. ) ;
#3963 = VECTOR ( 'NONE', #6052, 1000.000000000000000 ) ;
#3964 = EDGE_LOOP ( 'NONE', ( #5153, #9131, #3074, #7650 ) ) ;
#3965 = DIRECTION ( 'NONE',  ( -0.4698463103929532703, 0.8660254037844400399, -0.1710100716628305539 ) ) ;
#3966 = FACE_OUTER_BOUND ( 'NONE', #1341, .T. ) ;
#3967 = LINE ( 'NONE', #8540, #8275 ) ;
#3968 = DIRECTION ( 'NONE',  ( 1.000000000000000000, -0.000000000000000000, 0.000000000000000000 ) ) ;
#3969 = ORIENTED_EDGE ( 'NONE', *, *, #1448, .T. ) ;
#3971 = DIRECTION ( 'NONE',  ( 0.000000000000000000, 0.000000000000000000, -1.000000000000000000 ) ) ;
#3970 = CIRCLE ( 'NONE', #7741, 3.999999999999988454 ) ;
#3972 = LINE ( 'NONE', #8601, #1569 ) ;
#3973 = VERTEX_POINT ( 'NONE', #6577 ) ;
#3974 = DIRECTION ( 'NONE',  ( 1.000000000000000000, 0.000000000000000000, 0.000000000000000000 ) ) ;
#3975 = ORIENTED_EDGE ( 'NONE', *, *, #8069, .F. ) ;
#3976 = EDGE_CURVE ( 'NONE', #8927, #6163, #7408, .T. ) ;
#3977 = LINE ( 'NONE', #6105, #1250 ) ;
#3978 = VECTOR ( 'NONE', #5685, 1000.000000000000000 ) ;
#3979 = FACE_OUTER_BOUND ( 'NONE', #1058, .T. ) ;
#3980 = DIRECTION ( 'NONE',  ( 0.4698463103929532703, 0.8660254037844400399, 0.1710100716628305539 ) ) ;
#3981 = LINE ( 'NONE', #7137, #3276 ) ;
#3982 = EDGE_CURVE ( 'NONE', #6532, #6088, #1366, .T. ) ;
#3983 = ORIENTED_EDGE ( 'NONE', *, *, #6604, .T. ) ;
#3984 = DIRECTION ( 'NONE',  ( -0.4999999999999985567, 0.000000000000000000, -0.8660254037844393737 ) ) ;
#3985 = VECTOR ( 'NONE', #6026, 1000.000000000000000 ) ;
#3986 = LINE ( 'NONE', #3256, #2984 ) ;
#3987 = DIRECTION ( 'NONE',  ( 0.4698463103929532703, 0.8660254037844400399, 0.1710100716628305539 ) ) ;
#3988 = EDGE_CURVE ( 'NONE', #1268, #4978, #2057, .T. ) ;
#3989 = VERTEX_POINT ( 'NONE', #8001 ) ;
#3990 = CYLINDRICAL_SURFACE ( 'NONE', #3834, 2.500000000000002220 ) ;
#3991 = VECTOR ( 'NONE', #4170, 1000.000000000000000 ) ;
#3992 = EDGE_LOOP ( 'NONE', ( #1106, #773, #9648, #5941 ) ) ;
#3993 = LINE ( 'NONE', #7516, #1419 ) ;
#3994 = DIRECTION ( 'NONE',  ( -0.3420201433256879198, 0.000000000000000000, -0.9396926207859014335 ) ) ;
#3995 = ORIENTED_EDGE ( 'NONE', *, *, #3278, .T. ) ;
#3996 = EDGE_LOOP ( 'NONE', ( #5309, #7625, #6632, #8041 ) ) ;
#3997 = CC_DESIGN_APPROVAL ( #5105, ( #6697 ) ) ;
#3998 = VECTOR ( 'NONE', #2926, 1000.000000000000114 ) ;
#3999 = DIRECTION ( 'NONE',  ( -0.8660254037844385966, 0.000000000000000000, 0.5000000000000001110 ) ) ;
#4000 = CARTESIAN_POINT ( 'NONE',  ( -22.73316684934198051, 6.000000000000005329, 45.62499999999995737 ) ) ;
#4001 = ORIENTED_EDGE ( 'NONE', *, *, #6291, .T. ) ;
#4002 = CARTESIAN_POINT ( 'NONE',  ( 91.03044906903043909, -1.986715189943727422, -84.21886854533643429 ) ) ;
#4003 = ORIENTED_EDGE ( 'NONE', *, *, #4387, .F. ) ;
#4004 = CARTESIAN_POINT ( 'NONE',  ( -9.742785792574935044, 147.4213562373095385, -10.62499999999999822 ) ) ;
#4005 = COORDINATED_UNIVERSAL_TIME_OFFSET ( 7, 0, .BEHIND. ) ;
#4006 = ORIENTED_EDGE ( 'NONE', *, *, #5585, .F. ) ;
#4007 = EDGE_CURVE ( 'NONE', #8092, #7112, #8194, .T. ) ;
#4008 = EDGE_LOOP ( 'NONE', ( #9523, #4678 ) ) ;
#4009 = PLANE ( 'NONE',  #7407 ) ;
#4010 = AXIS2_PLACEMENT_3D ( 'NONE', #976, #4615, #1684 ) ;
#4011 = PLANE ( 'NONE',  #6670 ) ;
#4012 = FACE_OUTER_BOUND ( 'NONE', #1640, .T. ) ;
#4013 = DIRECTION ( 'NONE',  ( -0.4698463103929676477, 0.8660254037844282715, -0.1710100716628501494 ) ) ;
#4014 = ORIENTED_EDGE ( 'NONE', *, *, #492, .F. ) ;
#4015 = EDGE_CURVE ( 'NONE', #967, #8212, #4251, .T. ) ;
#4016 = CARTESIAN_POINT ( 'NONE',  ( -25.98076211353308906, 6.000000000000005329, -15.00000000000011546 ) ) ;
#4017 = CARTESIAN_POINT ( 'NONE',  ( 70.99180026031160651, 17.25833024919703718, 81.52318550399952812 ) ) ;
#4018 = ORIENTED_EDGE ( 'NONE', *, *, #2996, .F. ) ;
#4019 = CARTESIAN_POINT ( 'NONE',  ( -48.35308504463207413, 147.4213562373095385, -50.00000000000000000 ) ) ;
#4020 = AXIS2_PLACEMENT_3D ( 'NONE', #4212, #1969, #4954 ) ;
#4021 = ORIENTED_EDGE ( 'NONE', *, *, #5048, .T. ) ;
#4022 = VERTEX_POINT ( 'NONE', #7456 ) ;
#4023 = AXIS2_PLACEMENT_3D ( 'NONE', #9123, #1003, #6912 ) ;
#4024 = CARTESIAN_POINT ( 'NONE',  ( -25.98076211353308906, 0.000000000000000000, -15.00000000000011546 ) ) ;
#4025 = FACE_OUTER_BOUND ( 'NONE', #4255, .T. ) ;
#4026 = AXIS2_PLACEMENT_3D ( 'NONE', #6802, #6848, #8504 ) ;
#4027 = DIRECTION ( 'NONE',  ( 1.000000000000000000, 0.000000000000000000, -0.000000000000000000 ) ) ;
#4028 = FACE_BOUND ( 'NONE', #5704, .T. ) ;
#4029 = EDGE_LOOP ( 'NONE', ( #483, #5249, #3850, #5902 ) ) ;
#4030 = CARTESIAN_POINT ( 'NONE',  ( -54.70000000000057128, 6.000000000000000000, 54.69999999999941309 ) ) ;
#4031 = FACE_OUTER_BOUND ( 'NONE', #2881, .T. ) ;
#4032 = DIRECTION ( 'NONE',  ( 0.000000000000000000, -0.000000000000000000, 1.000000000000000000 ) ) ;
#4033 = CARTESIAN_POINT ( 'NONE',  ( -75.23823037617501086, 13.49999999999969624, -50.82336213776299871 ) ) ;
#4034 = AXIS2_PLACEMENT_3D ( 'NONE', #6972, #6888, #933 ) ;
#4035 = ADVANCED_FACE ( 'NONE', ( #9673 ), #8050, .T. ) ;
#4036 = LINE ( 'NONE', #4772, #9228 ) ;
#4037 = ORIENTED_EDGE ( 'NONE', *, *, #6111, .F. ) ;
#4038 = DIRECTION ( 'NONE',  ( 0.4698463103929531592, 0.8660254037844399289, 0.1710100716628304984 ) ) ;
#4039 = ORIENTED_EDGE ( 'NONE', *, *, #6796, .T. ) ;
#4040 = EDGE_CURVE ( 'NONE', #8294, #9311, #4406, .T. ) ;
#4041 = LINE ( 'NONE', #7204, #6429 ) ;
#4042 = DIRECTION ( 'NONE',  ( 0.8789733129752194118, 0.4768709627114730010, 0.000000000000000000 ) ) ;
#4043 = ORIENTED_EDGE ( 'NONE', *, *, #2333, .F. ) ;
#4044 = ORIENTED_EDGE ( 'NONE', *, *, #3530, .F. ) ;
#4045 = ADVANCED_FACE ( 'NONE', ( #8878 ), #524, .F. ) ;
#4046 = DIRECTION ( 'NONE',  ( -0.000000000000000000, -1.000000000000000000, -0.000000000000000000 ) ) ;
#4047 = VECTOR ( 'NONE', #7241, 1000.000000000000000 ) ;
#4048 = DIRECTION ( 'NONE',  ( -0.000000000000000000, 1.000000000000000000, -0.000000000000000000 ) ) ;
#4049 = CARTESIAN_POINT ( 'NONE',  ( -32.47595264191693332, 6.000000000000005329, 13.74999999999999467 ) ) ;
#4050 = VERTEX_POINT ( 'NONE', #5882 ) ;
#4051 = DIRECTION ( 'NONE',  ( 1.000000000000000000, 0.000000000000000000, 0.000000000000000000 ) ) ;
#4052 = CARTESIAN_POINT ( 'NONE',  ( 78.55942538675439835, 20.99999999999937117, -79.67978713415915593 ) ) ;
#4053 = EDGE_LOOP ( 'NONE', ( #4728, #5689, #9515, #4643 ) ) ;
#4054 = LINE ( 'NONE', #7264, #71 ) ;
#4055 = VECTOR ( 'NONE', #4558, 1000.000000000000000 ) ;
#4056 = APPROVAL_ROLE ( '' ) ;
#4057 = EDGE_CURVE ( 'NONE', #4890, #3227, #3521, .T. ) ;
#4058 = ORIENTED_EDGE ( 'NONE', *, *, #1099, .T. ) ;
#4059 = ORIENTED_EDGE ( 'NONE', *, *, #1087, .T. ) ;
#4060 = VERTEX_POINT ( 'NONE', #4300 ) ;
#4061 = DIRECTION ( 'NONE',  ( 0.5000000000000004441, 0.000000000000000000, -0.8660254037844383745 ) ) ;
#4062 = VECTOR ( 'NONE', #4530, 1000.000000000000114 ) ;
#4063 = PLANE ( 'NONE',  #5878 ) ;
#4064 = VECTOR ( 'NONE', #6903, 1000.000000000000000 ) ;
#4065 = DIRECTION ( 'NONE',  ( 0.5000000000000001110, 0.000000000000000000, 0.8660254037844387076 ) ) ;
#4066 = CARTESIAN_POINT ( 'NONE',  ( 25.98076211353308551, 0.000000000000000000, -15.00000000000013323 ) ) ;
#4067 = ORIENTED_EDGE ( 'NONE', *, *, #740, .F. ) ;
#4068 = DIRECTION ( 'NONE',  ( 0.8660254037844380415, -0.000000000000000000, 0.5000000000000012212 ) ) ;
#4069 = FACE_BOUND ( 'NONE', #3769, .T. ) ;
#4070 = EDGE_CURVE ( 'NONE', #5586, #1495, #7307, .T. ) ;
#4071 = ORIENTED_EDGE ( 'NONE', *, *, #609, .F. ) ;
#4072 = AXIS2_PLACEMENT_3D ( 'NONE', #5347, #8343, #1616 ) ;
#4073 = EDGE_CURVE ( 'NONE', #1679, #2753, #4993, .T. ) ;
#4074 = CARTESIAN_POINT ( 'NONE',  ( -32.47595264191693332, 0.000000000000000000, 28.74999999999999289 ) ) ;
#4075 = VECTOR ( 'NONE', #5142, 1000.000000000000000 ) ;
#4076 = EDGE_CURVE ( 'NONE', #7914, #5406, #5148, .T. ) ;
#4077 = ORIENTED_EDGE ( 'NONE', *, *, #5077, .T. ) ;
#4078 = CARTESIAN_POINT ( 'NONE',  ( 60.42191776730651753, 13.49999999999921663, -91.53084647020840237 ) ) ;
#4079 = EDGE_CURVE ( 'NONE', #8668, #3555, #8830, .T. ) ;
#4080 = EDGE_CURVE ( 'NONE', #2239, #6610, #4351, .T. ) ;
#4081 = DIRECTION ( 'NONE',  ( -6.713255375082617595E-16, 0.000000000000000000, -1.000000000000000000 ) ) ;
#4082 = DIRECTION ( 'NONE',  ( 6.938893903907228378E-17, 0.000000000000000000, -1.000000000000000000 ) ) ;
#4083 = FACE_OUTER_BOUND ( 'NONE', #1989, .T. ) ;
#4084 = VERTEX_POINT ( 'NONE', #8146 ) ;
#4085 = DIRECTION ( 'NONE',  ( 1.000000000000000000, 0.000000000000000000, 0.000000000000000000 ) ) ;
#4086 = EDGE_CURVE ( 'NONE', #7027, #4446, #6212, .T. ) ;
#4087 = DIRECTION ( 'NONE',  ( 0.8660254037844387076, 0.000000000000000000, -0.5000000000000001110 ) ) ;
#4088 = DIRECTION ( 'NONE',  ( 0.4698463103929532703, 0.8660254037844400399, 0.1710100716628305539 ) ) ;
#4089 = CARTESIAN_POINT ( 'NONE',  ( -25.25907427704661501, 6.000000000000005329, 50.00000000000000000 ) ) ;
#4090 = PLANE ( 'NONE',  #5778 ) ;
#4091 = ORIENTED_EDGE ( 'NONE', *, *, #8493, .T. ) ;
#4092 = CARTESIAN_POINT ( 'NONE',  ( 22.73316684934198051, 6.000000000000005329, 45.62499999999995737 ) ) ;
#4093 = VECTOR ( 'NONE', #336, 1000.000000000000227 ) ;
#4094 = AXIS2_PLACEMENT_3D ( 'NONE', #7538, #9063, #3845 ) ;
#4095 = ORIENTED_EDGE ( 'NONE', *, *, #9305, .T. ) ;
#4096 = CARTESIAN_POINT ( 'NONE',  ( 66.00000000000000000, 6.000000000000000000, 38.22385819845018062 ) ) ;
#4097 = DIRECTION ( 'NONE',  ( 0.1107007079486457130, -0.2499999999999868439, 0.9618967477123909759 ) ) ;
#4098 = ORIENTED_EDGE ( 'NONE', *, *, #8834, .T. ) ;
#4099 = ORIENTED_EDGE ( 'NONE', *, *, #2955, .T. ) ;
#4100 = CARTESIAN_POINT ( 'NONE',  ( 14.07291281149715978, 0.000000000000000000, -18.12499999999996092 ) ) ;
#4101 = EDGE_CURVE ( 'NONE', #8598, #63, #8787, .T. ) ;
#4102 = CARTESIAN_POINT ( 'NONE',  ( 46.54886545341427961, 6.000000000000005329, -31.87499999999998579 ) ) ;
#4103 = CARTESIAN_POINT ( 'NONE',  ( -32.47595264191693332, 147.4213562373095385, -34.99999999999999289 ) ) ;
#4104 = VERTEX_POINT ( 'NONE', #3118 ) ;
#4105 = DIRECTION ( 'NONE',  ( -0.8660254037844394848, 0.000000000000000000, 0.4999999999999985567 ) ) ;
#4106 = DIRECTION ( 'NONE',  ( -0.000000000000000000, -1.000000000000000000, -0.000000000000000000 ) ) ;
#4107 = LINE ( 'NONE', #4696, #8380 ) ;
#4108 = AXIS2_PLACEMENT_3D ( 'NONE', #5302, #3035, #5254 ) ;
#4109 = PERSON_AND_ORGANIZATION ( #9286, #9041 ) ;
#4110 = VECTOR ( 'NONE', #550, 1000.000000000000000 ) ;
#4111 = ORIENTED_EDGE ( 'NONE', *, *, #1331, .F. ) ;
#4112 = EDGE_LOOP ( 'NONE', ( #5840, #4554, #1281, #1002 ) ) ;
#4113 = FACE_BOUND ( 'NONE', #7367, .T. ) ;
#4114 = FACE_OUTER_BOUND ( 'NONE', #1824, .T. ) ;
#4115 = VECTOR ( 'NONE', #7032, 1000.000000000000000 ) ;
#4116 = ADVANCED_FACE ( 'NONE', ( #1705 ), #3903, .F. ) ;
#4117 = DIRECTION ( 'NONE',  ( -0.5000000000000000000, 0.000000000000000000, 0.8660254037844385966 ) ) ;
#4118 = DIRECTION ( 'NONE',  ( -0.8660254037844387076, 0.000000000000000000, -0.5000000000000001110 ) ) ;
#4119 = EDGE_CURVE ( 'NONE', #5202, #7905, #6810, .T. ) ;
#4120 = VERTEX_POINT ( 'NONE', #3212 ) ;
#4121 = CARTESIAN_POINT ( 'NONE',  ( -75.46725468460070374, 16.83809673897978243, 67.09883832977483564 ) ) ;
#4122 = ADVANCED_FACE ( 'NONE', ( #4682 ), #2235, .F. ) ;
#4123 = CARTESIAN_POINT ( 'NONE',  ( 32.47595264191694042, 6.000000000000000000, -50.00000000000000000 ) ) ;
#4124 = ORIENTED_EDGE ( 'NONE', *, *, #7146, .T. ) ;
#4125 = DIRECTION ( 'NONE',  ( 0.8137976813493691397, -0.4999999999999978906, 0.2961981327260401753 ) ) ;
#4126 = ORIENTED_EDGE ( 'NONE', *, *, #4246, .F. ) ;
#4127 = DIRECTION ( 'NONE',  ( 0.000000000000000000, 0.000000000000000000, 1.000000000000000000 ) ) ;
#4128 = VECTOR ( 'NONE', #9535, 1000.000000000000000 ) ;
#4129 = CARTESIAN_POINT ( 'NONE',  ( -9.742785792574935044, 147.4213562373095385, 10.62499999999999822 ) ) ;
#4130 = DIRECTION ( 'NONE',  ( 0.4698463103929676477, 0.8660254037844282715, -0.1710100716628501494 ) ) ;
#4131 = LINE ( 'NONE', #2463, #6896 ) ;
#4132 = ORIENTED_EDGE ( 'NONE', *, *, #6111, .T. ) ;
#4133 = CARTESIAN_POINT ( 'NONE',  ( -32.47595264191694042, 6.000000000000000000, 50.00000000000000000 ) ) ;
#4134 = AXIS2_PLACEMENT_3D ( 'NONE', #1066, #4105, #4891 ) ;
#4135 = DIRECTION ( 'NONE',  ( -0.8660254037844388186, 0.000000000000000000, 0.4999999999999997224 ) ) ;
#4136 = EDGE_CURVE ( 'NONE', #47, #6338, #2377, .T. ) ;
#4137 = CYLINDRICAL_SURFACE ( 'NONE', #5659, 2.500000000000002220 ) ;
#4138 = VECTOR ( 'NONE', #2815, 1000.000000000000000 ) ;
#4139 = DIRECTION ( 'NONE',  ( 1.000000000000000000, 0.000000000000000000, -1.001543065824773222E-16 ) ) ;
#4140 = EDGE_CURVE ( 'NONE', #8148, #734, #8240, .T. ) ;
#4141 = LINE ( 'NONE', #1151, #7984 ) ;
#4142 = CIRCLE ( 'NONE', #6505, 6.999999999999942268 ) ;
#4143 = ORIENTED_EDGE ( 'NONE', *, *, #4080, .T. ) ;
#4144 = CARTESIAN_POINT ( 'NONE',  ( 32.47595264191693332, 6.000000000000005329, 7.500000000000000888 ) ) ;
#4145 = LINE ( 'NONE', #3513, #1724 ) ;
#4146 = CARTESIAN_POINT ( 'NONE',  ( 14.07291281149736051, 147.4213562373095385, -39.37499999999995737 ) ) ;
#4147 = VERTEX_POINT ( 'NONE', #853 ) ;
#4148 = ORIENTED_EDGE ( 'NONE', *, *, #7085, .T. ) ;
#4149 = DIRECTION ( 'NONE',  ( -0.8660254037844382635, 0.000000000000000000, 0.5000000000000006661 ) ) ;
#4150 = ADVANCED_FACE ( 'NONE', ( #4540 ), #3946, .F. ) ;
#4151 = CYLINDRICAL_SURFACE ( 'NONE', #7388, 2.500000000000460076 ) ;
#4152 = FACE_OUTER_BOUND ( 'NONE', #1605, .T. ) ;
#4153 = ORIENTED_EDGE ( 'NONE', *, *, #2940, .F. ) ;
#4154 = LINE ( 'NONE', #8680, #1007 ) ;
#4155 = VERTEX_POINT ( 'NONE', #9165 ) ;
#4156 = CARTESIAN_POINT ( 'NONE',  ( -75.23823037617501086, 13.49999999999969624, 50.82336213776299871 ) ) ;
#4157 = AXIS2_PLACEMENT_3D ( 'NONE', #3293, #1828, #4810 ) ;
#4158 = ORIENTED_EDGE ( 'NONE', *, *, #2080, .T. ) ;
#4159 = ORIENTED_EDGE ( 'NONE', *, *, #3934, .F. ) ;
#4160 = EDGE_LOOP ( 'NONE', ( #3463, #1688, #9020, #3958 ) ) ;
#4161 = CARTESIAN_POINT ( 'NONE',  ( -9.742785792574935044, 0.000000000000000000, -10.62499999999999822 ) ) ;
#4162 = CARTESIAN_POINT ( 'NONE',  ( -78.20696522024194053, 13.49999999999979394, -42.66683018934131155 ) ) ;
#4163 = CARTESIAN_POINT ( 'NONE',  ( -14.07291281149736051, 0.000000000000000000, 39.37499999999995737 ) ) ;
#4164 = CARTESIAN_POINT ( 'NONE',  ( 46.54886545341427961, 0.000000000000000000, -31.87499999999998579 ) ) ;
#4165 = VECTOR ( 'NONE', #3766, 1000.000000000000114 ) ;
#4166 = ORIENTED_EDGE ( 'NONE', *, *, #4352, .F. ) ;
#4167 = CARTESIAN_POINT ( 'NONE',  ( 48.35308504463207413, 6.000000000000005329, 50.00000000000000000 ) ) ;
#4168 = DIRECTION ( 'NONE',  ( -0.000000000000000000, -1.000000000000000000, -0.000000000000000000 ) ) ;
#4169 = FACE_OUTER_BOUND ( 'NONE', #2662, .T. ) ;
#4170 = DIRECTION ( 'NONE',  ( 1.000000000000000000, 0.000000000000000000, 0.000000000000000000 ) ) ;
#4171 = ADVANCED_FACE ( 'NONE', ( #2423, #3854, #1511, #4633, #128, #5429, #8330, #5384, #4494, #6908, #7592, #767, #3765, #6769, #40, #6861, #3022, #8378, #9025, #7642, #2278, #174, #5286, #7547, #810, #3811, #81, #2324, #5334, #1603, #5472, #4724, #5618, #9411, #9259, #996, #8512, #3307, #3410, #9213, #2612, #6410, #7731, #262 ), #5668, .T. ) ;
#4172 = ORIENTED_EDGE ( 'NONE', *, *, #2764, .F. ) ;
#4173 = ORIENTED_EDGE ( 'NONE', *, *, #3849, .F. ) ;
#4174 = VERTEX_POINT ( 'NONE', #6306 ) ;
#4175 = DIRECTION ( 'NONE',  ( -0.000000000000000000, -1.000000000000000000, -0.000000000000000000 ) ) ;
#4176 = EDGE_CURVE ( 'NONE', #3253, #5404, #2470, .T. ) ;
#4177 = DIRECTION ( 'NONE',  ( 1.000000000000000000, 0.000000000000000000, 0.000000000000000000 ) ) ;
#4178 = CARTESIAN_POINT ( 'NONE',  ( 72.62888298754661776, 20.99999999999993605, 95.97381846109878722 ) ) ;
#4179 = AXIS2_PLACEMENT_3D ( 'NONE', #8643, #1970, #2693 ) ;
#4180 = DIRECTION ( 'NONE',  ( -0.000000000000000000, -1.000000000000000000, -0.000000000000000000 ) ) ;
#4181 = CYLINDRICAL_SURFACE ( 'NONE', #8156, 51.96152422706631313 ) ;
#4182 = VERTEX_POINT ( 'NONE', #9356 ) ;
#4183 = CARTESIAN_POINT ( 'NONE',  ( 6.076226797624227238, 147.4213562373095385, 38.02433353179694819 ) ) ;
#4184 = AXIS2_PLACEMENT_3D ( 'NONE', #5625, #7097, #3366 ) ;
#4185 = EDGE_CURVE ( 'NONE', #8687, #967, #1893, .T. ) ;
#4186 = CARTESIAN_POINT ( 'NONE',  ( -45.46633369868351338, 147.4213562373095385, 42.49999999999998579 ) ) ;
#4187 = CARTESIAN_POINT ( 'NONE',  ( -54.70000000000057128, 0.000000000000000000, 54.69999999999941309 ) ) ;
#4188 = CARTESIAN_POINT ( 'NONE',  ( 46.54886545341427961, 0.000000000000000000, -31.87499999999998579 ) ) ;
#4189 = CARTESIAN_POINT ( 'NONE',  ( 35.52517649845234615, 0.000000000000000000, -7.500000000000000000 ) ) ;
#4190 = ORIENTED_EDGE ( 'NONE', *, *, #4299, .T. ) ;
#4191 = DIRECTION ( 'NONE',  ( -0.09485932030787480596, 0.9607689228305206219, 0.2606238405706758354 ) ) ;
#4192 = DIRECTION ( 'NONE',  ( -0.000000000000000000, -1.000000000000000000, -0.000000000000000000 ) ) ;
#4193 = FACE_OUTER_BOUND ( 'NONE', #9160, .T. ) ;
#4194 = EDGE_CURVE ( 'NONE', #6430, #3807, #6991, .T. ) ;
#4195 = ORIENTED_EDGE ( 'NONE', *, *, #5773, .F. ) ;
#4196 = ORIENTED_EDGE ( 'NONE', *, *, #2258, .T. ) ;
#4197 = CARTESIAN_POINT ( 'NONE',  ( -11.26739772084300029, 0.000000000000000000, 34.51570532158540061 ) ) ;
#4198 = VECTOR ( 'NONE', #2044, 1000.000000000000227 ) ;
#4199 = EDGE_CURVE ( 'NONE', #2821, #9422, #7936, .T. ) ;
#4200 = CARTESIAN_POINT ( 'NONE',  ( -41.13620667976131529, 147.4213562373095385, -34.99999999999999289 ) ) ;
#4201 = EDGE_CURVE ( 'NONE', #6324, #4022, #3986, .T. ) ;
#4202 = DIRECTION ( 'NONE',  ( -0.000000000000000000, -1.000000000000000000, -0.000000000000000000 ) ) ;
#4203 = ORIENTED_EDGE ( 'NONE', *, *, #8416, .F. ) ;
#4204 = CARTESIAN_POINT ( 'NONE',  ( 22.73316684934198051, 147.4213562373095385, -45.62499999999995737 ) ) ;
#4205 = ORIENTED_EDGE ( 'NONE', *, *, #9459, .T. ) ;
#4206 = DIRECTION ( 'NONE',  ( -0.000000000000000000, -1.000000000000000000, -0.000000000000000000 ) ) ;
#4207 = ORIENTED_EDGE ( 'NONE', *, *, #3029, .T. ) ;
#4208 = ORIENTED_EDGE ( 'NONE', *, *, #1206, .F. ) ;
#4209 = EDGE_CURVE ( 'NONE', #5356, #9586, #7144, .T. ) ;
#4210 = VERTEX_POINT ( 'NONE', #3460 ) ;
#4211 = DIRECTION ( 'NONE',  ( -0.000000000000000000, -1.000000000000000000, -0.000000000000000000 ) ) ;
#4212 = CARTESIAN_POINT ( 'NONE',  ( 25.98076211353308551, 147.4213562373095385, -15.00000000000013323 ) ) ;
#4213 = VECTOR ( 'NONE', #3339, 1000.000000000000000 ) ;
#4214 = DIRECTION ( 'NONE',  ( 0.3420201433256879198, 0.000000000000000000, -0.9396926207859014335 ) ) ;
#4215 = CARTESIAN_POINT ( 'NONE',  ( 9.742785792575173076, 0.000000000000000000, -31.87499999999996447 ) ) ;
#4216 = CARTESIAN_POINT ( 'NONE',  ( -8.660254037844532959, 0.000000000000000000, -42.49999999999999289 ) ) ;
#4217 = ORIENTED_EDGE ( 'NONE', *, *, #509, .F. ) ;
#4218 = CARTESIAN_POINT ( 'NONE',  ( 66.00000000000000000, 6.000000000000000000, 38.22385819845018062 ) ) ;
#4219 = EDGE_CURVE ( 'NONE', #4813, #6973, #1566, .T. ) ;
#4220 = AXIS2_PLACEMENT_3D ( 'NONE', #1736, #7677, #9008 ) ;
#4221 = VECTOR ( 'NONE', #3667, 1000.000000000000227 ) ;
#4222 = EDGE_LOOP ( 'NONE', ( #6637, #7303, #6459, #2952 ) ) ;
#4223 = VERTEX_POINT ( 'NONE', #2516 ) ;
#4224 = VECTOR ( 'NONE', #4168, 1000.000000000000000 ) ;
#4225 = ORIENTED_EDGE ( 'NONE', *, *, #169, .F. ) ;
#4226 = DIRECTION ( 'NONE',  ( -0.000000000000000000, -1.000000000000000000, -0.000000000000000000 ) ) ;
#4227 = DIRECTION ( 'NONE',  ( -0.4698463103929531592, 0.8660254037844399289, 0.1710100716628304984 ) ) ;
#4228 = AXIS2_PLACEMENT_3D ( 'NONE', #6946, #4587, #9071 ) ;
#4229 = DIRECTION ( 'NONE',  ( 0.000000000000000000, -1.000000000000000000, 0.000000000000000000 ) ) ;
#4230 = CARTESIAN_POINT ( 'NONE',  ( -81.78546517605026622, -9.486715189943595306, 71.63791974095211401 ) ) ;
#4231 = ORIENTED_EDGE ( 'NONE', *, *, #3090, .T. ) ;
#4232 = VECTOR ( 'NONE', #9709, 1000.000000000000000 ) ;
#4233 = CARTESIAN_POINT ( 'NONE',  ( -23.87132298306550382, 6.000000000000005329, -16.15365574944390303 ) ) ;
#4234 = ADVANCED_FACE ( 'NONE', ( #5518 ), #1790, .F. ) ;
#4235 = PLANE ( 'NONE',  #4833 ) ;
#4236 = ORIENTED_EDGE ( 'NONE', *, *, #7876, .F. ) ;
#4237 = DIRECTION ( 'NONE',  ( -0.5000000000000001110, 0.000000000000000000, -0.8660254037844385966 ) ) ;
#4238 = DIRECTION ( 'NONE',  ( 0.000000000000000000, 0.000000000000000000, -1.000000000000000000 ) ) ;
#4239 = DIRECTION ( 'NONE',  ( 0.000000000000000000, 1.000000000000000000, 0.000000000000000000 ) ) ;
#4240 = VERTEX_POINT ( 'NONE', #4771 ) ;
#4241 = CARTESIAN_POINT ( 'NONE',  ( 48.21495254706555045, 0.000000000000000000, 87.08787447931756276 ) ) ;
#4242 = EDGE_CURVE ( 'NONE', #8851, #4060, #474, .T. ) ;
#4243 = DIRECTION ( 'NONE',  ( -0.000000000000000000, -1.000000000000000000, -0.000000000000000000 ) ) ;
#4244 = DIRECTION ( 'NONE',  ( -0.000000000000000000, -1.000000000000000000, -0.000000000000000000 ) ) ;
#4245 = VECTOR ( 'NONE', #4237, 1000.000000000000000 ) ;
#4246 = EDGE_CURVE ( 'NONE', #7048, #8902, #1425, .T. ) ;
#4247 = VECTOR ( 'NONE', #2165, 1000.000000000000000 ) ;
#4248 = ORIENTED_EDGE ( 'NONE', *, *, #8389, .F. ) ;
#4249 = EDGE_LOOP ( 'NONE', ( #1014, #7108, #4410 ) ) ;
#4250 = DIRECTION ( 'NONE',  ( 0.000000000000000000, 1.000000000000000000, 0.000000000000000000 ) ) ;
#4251 = LINE ( 'NONE', #7358, #9107 ) ;
#4252 = DIRECTION ( 'NONE',  ( -0.000000000000000000, -1.000000000000000000, -0.000000000000000000 ) ) ;
#4253 = VERTEX_POINT ( 'NONE', #316 ) ;
#4254 = DIRECTION ( 'NONE',  ( 0.000000000000000000, -0.000000000000000000, 1.000000000000000000 ) ) ;
#4255 = EDGE_LOOP ( 'NONE', ( #9541, #9397, #5836, #79 ) ) ;
#4256 = PLANE ( 'NONE',  #9487 ) ;
#4257 = CALENDAR_DATE ( 2026, 6, 2 ) ;
#4258 = VERTEX_POINT ( 'NONE', #2560 ) ;
#4259 = EDGE_CURVE ( 'NONE', #2983, #3664, #5967, .T. ) ;
#4260 = VERTEX_POINT ( 'NONE', #4825 ) ;
#4261 = ORIENTED_EDGE ( 'NONE', *, *, #6559, .F. ) ;
#4262 = CARTESIAN_POINT ( 'NONE',  ( -22.73316684934176379, 147.4213562373095385, 39.37499999999995737 ) ) ;
#4263 = EDGE_CURVE ( 'NONE', #4147, #7567, #7828, .T. ) ;
#4264 = CARTESIAN_POINT ( 'NONE',  ( 65.60302134699557541, 5.661903261019712197, -67.98743272795279324 ) ) ;
#4265 = CARTESIAN_POINT ( 'NONE',  ( -48.21495254706555045, 0.000000000000000000, -87.08787447931756276 ) ) ;
#4266 = ORIENTED_EDGE ( 'NONE', *, *, #3518, .T. ) ;
#4267 = CARTESIAN_POINT ( 'NONE',  ( -41.13620667976131529, 0.000000000000000000, 7.500000000000000000 ) ) ;
#4268 = CARTESIAN_POINT ( 'NONE',  ( 14.07291281149715090, 0.000000000000000000, 3.124999999999960920 ) ) ;
#4269 = CARTESIAN_POINT ( 'NONE',  ( 0.000000000000000000, 4.500000000000007994, 66.00000000000000000 ) ) ;
#4270 = FACE_OUTER_BOUND ( 'NONE', #7972, .T. ) ;
#4271 = VERTEX_POINT ( 'NONE', #9662 ) ;
#4272 = ORIENTED_EDGE ( 'NONE', *, *, #9498, .F. ) ;
#4273 = ORIENTED_EDGE ( 'NONE', *, *, #3278, .F. ) ;
#4274 = ORIENTED_EDGE ( 'NONE', *, *, #7003, .F. ) ;
#4275 = CARTESIAN_POINT ( 'NONE',  ( 46.40590262964586543, 4.500000000000013323, 92.41944086838630312 ) ) ;
#4276 = AXIS2_PLACEMENT_3D ( 'NONE', #3273, #2434, #1013 ) ;
#4277 = CARTESIAN_POINT ( 'NONE',  ( 63.16162830294773300, 10.16190326101922636, 67.09883832977483564 ) ) ;
#4278 = CARTESIAN_POINT ( 'NONE',  ( -60.42191776730651753, 13.49999999999921663, -91.53084647020840237 ) ) ;
#4279 = FACE_OUTER_BOUND ( 'NONE', #4583, .T. ) ;
#4280 = DIRECTION ( 'NONE',  ( -0.4698463103929532703, 0.8660254037844400399, -0.1710100716628305539 ) ) ;
#4281 = ORIENTED_EDGE ( 'NONE', *, *, #571, .T. ) ;
#4282 = DIRECTION ( 'NONE',  ( -0.5234908573499332807, -0.8520312918379417955, 0.000000000000000000 ) ) ;
#4283 = LINE ( 'NONE', #5133, #2276 ) ;
#4284 = AXIS2_PLACEMENT_3D ( 'NONE', #8111, #9587, #4366 ) ;
#4285 = EDGE_CURVE ( 'NONE', #381, #7125, #2867, .T. ) ;
#4286 = DIRECTION ( 'NONE',  ( 0.5000000000000001110, 0.000000000000000000, -0.8660254037844387076 ) ) ;
#4287 = CARTESIAN_POINT ( 'NONE',  ( 25.25907427704662567, 0.000000000000000000, 50.00000000000000000 ) ) ;
#4288 = DIRECTION ( 'NONE',  ( 0.8757795372522705346, 0.4330127018922164672, 0.2133312028986880937 ) ) ;
#4289 = LINE ( 'NONE', #3376, #3952 ) ;
#4290 = ORIENTED_EDGE ( 'NONE', *, *, #3882, .F. ) ;
#4291 = CARTESIAN_POINT ( 'NONE',  ( -45.46633369868351338, 0.000000000000000000, -21.24999999999999289 ) ) ;
#4292 = DIRECTION ( 'NONE',  ( -0.8660254037844398178, 0.000000000000000000, -0.4999999999999980571 ) ) ;
#4293 = DIRECTION ( 'NONE',  ( -1.000000000000000000, 0.000000000000000000, -0.000000000000000000 ) ) ;
#4294 = VECTOR ( 'NONE', #3324, 1000.000000000000114 ) ;
#4295 = ORIENTED_EDGE ( 'NONE', *, *, #4500, .F. ) ;
#4296 = VERTEX_POINT ( 'NONE', #5080 ) ;
#4297 = LINE ( 'NONE', #625, #3389 ) ;
#4298 = VECTOR ( 'NONE', #1660, 1000.000000000000000 ) ;
#4299 = EDGE_CURVE ( 'NONE', #9364, #6321, #9508, .T. ) ;
#4300 = CARTESIAN_POINT ( 'NONE',  ( 74.16373016832211817, 7.092516149154085348, -51.71195653594099895 ) ) ;
#4301 = EDGE_LOOP ( 'NONE', ( #4983, #902, #4375 ) ) ;
#4302 = LINE ( 'NONE', #5782, #6193 ) ;
#4303 = VECTOR ( 'NONE', #1159, 1000.000000000000000 ) ;
#4304 = EDGE_LOOP ( 'NONE', ( #8533, #8431, #2901, #7050 ) ) ;
#4305 = LINE ( 'NONE', #634, #843 ) ;
#4306 = PERSON_AND_ORGANIZATION_ROLE ( 'design_supplier' ) ;
#4307 = ORIENTED_EDGE ( 'NONE', *, *, #2996, .T. ) ;
#4308 = ORIENTED_EDGE ( 'NONE', *, *, #1565, .T. ) ;
#4309 = ADVANCED_FACE ( 'NONE', ( #1457 ), #2916, .T. ) ;
#4310 = EDGE_LOOP ( 'NONE', ( #4499, #4956, #6777, #2811 ) ) ;
#4311 = DIRECTION ( 'NONE',  ( 0.8660254037844387076, 0.000000000000000000, -0.5000000000000001110 ) ) ;
#4312 = CARTESIAN_POINT ( 'NONE',  ( 25.98076211353308551, 6.000000000000005329, -15.00000000000013323 ) ) ;
#4313 = CARTESIAN_POINT ( 'NONE',  ( -8.660254037844532959, 0.000000000000000000, 42.49999999999999289 ) ) ;
#4314 = VERTEX_POINT ( 'NONE', #2089 ) ;
#4315 = LINE ( 'NONE', #3537, #4453 ) ;
#4316 = DIRECTION ( 'NONE',  ( -0.5234908573499332807, 0.8520312918379417955, 0.000000000000000000 ) ) ;
#4317 = VECTOR ( 'NONE', #8412, 1000.000000000000114 ) ;
#4318 = CARTESIAN_POINT ( 'NONE',  ( -50.00000000000000000, 6.000000000000000000, 50.00000000000000000 ) ) ;
#4319 = LINE ( 'NONE', #9445, #9672 ) ;
#4320 = ADVANCED_FACE ( 'NONE', ( #563 ), #7249, .T. ) ;
#4321 = ORIENTED_EDGE ( 'NONE', *, *, #3482, .T. ) ;
#4322 = VERTEX_POINT ( 'NONE', #8818 ) ;
#4323 = VERTEX_POINT ( 'NONE', #7397 ) ;
#4324 = VECTOR ( 'NONE', #5864, 1000.000000000000000 ) ;
#4325 = FACE_OUTER_BOUND ( 'NONE', #8466, .T. ) ;
#4326 = LOCAL_TIME ( 22, 20, 6.000000000000000000, #7110 ) ;
#4327 = LINE ( 'NONE', #3397, #2156 ) ;
#4328 = VECTOR ( 'NONE', #8975, 1000.000000000000114 ) ;
#4329 = ADVANCED_FACE ( 'NONE', ( #8186 ), #2183, .F. ) ;
#4330 = CARTESIAN_POINT ( 'NONE',  ( 71.75583453782208210, 8.999999999999962697, 67.98743272795279324 ) ) ;
#4331 = PLANE ( 'NONE',  #1596 ) ;
#4332 = CARTESIAN_POINT ( 'NONE',  ( 46.54886545341405935, 6.000000000000005329, 10.62499999999999822 ) ) ;
#4333 = EDGE_LOOP ( 'NONE', ( #1528, #4594, #8237, #8268 ) ) ;
#4334 = CARTESIAN_POINT ( 'NONE',  ( -69.34793890732208865, 10.90748385084585870, 84.26290891996461596 ) ) ;
#4335 = DIRECTION ( 'NONE',  ( 0.5000000000000099920, 0.000000000000000000, 0.8660254037844329345 ) ) ;
#4336 = CARTESIAN_POINT ( 'NONE',  ( 71.96467873985479002, 13.49999999999997513, 90.20243797482449111 ) ) ;
#4337 = VECTOR ( 'NONE', #5455, 1000.000000000000000 ) ;
#4338 = CARTESIAN_POINT ( 'NONE',  ( 49.99999999999999289, 0.000000000000000000, 50.00000000000000000 ) ) ;
#4339 = LINE ( 'NONE', #1908, #6640 ) ;
#4340 = EDGE_LOOP ( 'NONE', ( #2762, #2123, #9233, #4812 ) ) ;
#4341 = VECTOR ( 'NONE', #7943, 1000.000000000000000 ) ;
#4342 = CARTESIAN_POINT ( 'NONE',  ( 48.18039637606665337, 6.000000000000000000, 87.18281677883985026 ) ) ;
#4343 = DIRECTION ( 'NONE',  ( -0.000000000000000000, -1.000000000000000000, -0.000000000000000000 ) ) ;
#4344 = DIRECTION ( 'NONE',  ( -0.000000000000000000, -1.000000000000000000, -0.000000000000000000 ) ) ;
#4345 = EDGE_CURVE ( 'NONE', #7391, #2840, #2769, .T. ) ;
#4346 = ORIENTED_EDGE ( 'NONE', *, *, #8441, .T. ) ;
#4347 = VECTOR ( 'NONE', #3583, 1000.000000000000000 ) ;
#4348 = ORIENTED_EDGE ( 'NONE', *, *, #8369, .F. ) ;
#4349 = VECTOR ( 'NONE', #4687, 1000.000000000000114 ) ;
#4350 = DIRECTION ( 'NONE',  ( 1.000000000000000000, 0.000000000000000000, 0.000000000000000000 ) ) ;
#4351 = LINE ( 'NONE', #3621, #3451 ) ;
#4352 = EDGE_CURVE ( 'NONE', #9620, #1965, #6509, .T. ) ;
#4353 = DIRECTION ( 'NONE',  ( -0.6875305731827953126, 0.000000000000000000, 0.7261554316666211095 ) ) ;
#4354 = ORIENTED_EDGE ( 'NONE', *, *, #4822, .T. ) ;
#4355 = CARTESIAN_POINT ( 'NONE',  ( -28.14582562299473878, 6.000000000000005329, -42.49999999999998579 ) ) ;
#4356 = ORIENTED_EDGE ( 'NONE', *, *, #2807, .T. ) ;
#4357 = CARTESIAN_POINT ( 'NONE',  ( 45.46633369868351338, 6.000000000000005329, -4.592625337882893652E-17 ) ) ;
#4358 = EDGE_CURVE ( 'NONE', #2753, #3931, #1355, .T. ) ;
#4359 = EDGE_CURVE ( 'NONE', #4562, #1669, #6615, .T. ) ;
#4360 = ORIENTED_EDGE ( 'NONE', *, *, #6825, .T. ) ;
#4361 = ORIENTED_EDGE ( 'NONE', *, *, #8774, .T. ) ;
#4362 = CARTESIAN_POINT ( 'NONE',  ( 70.99180026031160651, 17.25833024919703718, 81.52318550399952812 ) ) ;
#4363 = ORIENTED_EDGE ( 'NONE', *, *, #6572, .F. ) ;
#4364 = DIRECTION ( 'NONE',  ( -0.4698463103929532703, -0.8660254037844400399, 0.1710100716628305539 ) ) ;
#4365 = ORIENTED_EDGE ( 'NONE', *, *, #7417, .T. ) ;
#4366 = DIRECTION ( 'NONE',  ( -0.4999999999999996114, 0.000000000000000000, -0.8660254037844388186 ) ) ;
#4367 = DIRECTION ( 'NONE',  ( 0.000000000000000000, 0.000000000000000000, -1.000000000000000000 ) ) ;
#4368 = FACE_OUTER_BOUND ( 'NONE', #8012, .T. ) ;
#4369 = EDGE_CURVE ( 'NONE', #4322, #7665, #5918, .T. ) ;
#4370 = EDGE_CURVE ( 'NONE', #6776, #1372, #1407, .T. ) ;
#4371 = DIRECTION ( 'NONE',  ( 0.4698463103929487183, -0.8660254037844399289, 0.1710100716628430717 ) ) ;
#4372 = EDGE_LOOP ( 'NONE', ( #2338, #6965, #5879, #7522 ) ) ;
#4373 = ORIENTED_EDGE ( 'NONE', *, *, #3155, .F. ) ;
#4374 = ORIENTED_EDGE ( 'NONE', *, *, #3922, .F. ) ;
#4375 = ORIENTED_EDGE ( 'NONE', *, *, #7811, .F. ) ;
#4376 = CARTESIAN_POINT ( 'NONE',  ( -4.330127018922264703, 0.000000000000000000, -13.74999999999999822 ) ) ;
#4377 = AXIS2_PLACEMENT_3D ( 'NONE', #4745, #4799, #7115 ) ;
#4378 = VECTOR ( 'NONE', #9005, 1000.000000000000000 ) ;
#4379 = CARTESIAN_POINT ( 'NONE',  ( 54.69999999999859597, 0.000000000000000000, -52.19999999999933493 ) ) ;
#4380 = EDGE_CURVE ( 'NONE', #500, #3816, #6662, .T. ) ;
#4381 = CARTESIAN_POINT ( 'NONE',  ( -46.54886545341405935, 0.000000000000000000, 10.62499999999999822 ) ) ;
#4382 = EDGE_CURVE ( 'NONE', #6321, #4646, #8038, .T. ) ;
#4383 = DIRECTION ( 'NONE',  ( -0.000000000000000000, -1.000000000000000000, -0.000000000000000000 ) ) ;
#4384 = CARTESIAN_POINT ( 'NONE',  ( -82.83999675952468067, 17.25855025242420737, -48.97164729660255489 ) ) ;
#4385 = VERTEX_POINT ( 'NONE', #2137 ) ;
#4386 = CARTESIAN_POINT ( 'NONE',  ( -59.87475935947254158, 11.59251614915340944, 83.37431452178670099 ) ) ;
#4387 = EDGE_CURVE ( 'NONE', #1475, #3026, #8007, .T. ) ;
#4388 = VECTOR ( 'NONE', #5898, 1000.000000000000227 ) ;
#4389 = EDGE_CURVE ( 'NONE', #9290, #7413, #1300, .T. ) ;
#4390 = CARTESIAN_POINT ( 'NONE',  ( -85.07578430672700165, 14.99999999999994316, 61.77623814447287742 ) ) ;
#4391 = ADVANCED_FACE ( 'NONE', ( #3561 ), #6565, .T. ) ;
#4392 = PLANE ( 'NONE',  #4929 ) ;
#4393 = AXIS2_PLACEMENT_3D ( 'NONE', #4578, #7679, #1647 ) ;
#4394 = EDGE_CURVE ( 'NONE', #2171, #4314, #4536, .T. ) ;
#4395 = DIRECTION ( 'NONE',  ( 1.000000000000000000, -0.000000000000000000, 0.000000000000000000 ) ) ;
#4396 = VECTOR ( 'NONE', #3206, 1000.000000000000114 ) ;
#4397 = CARTESIAN_POINT ( 'NONE',  ( 54.69999999999838280, 0.000000000000000000, 54.69999999999878781 ) ) ;
#4398 = ORIENTED_EDGE ( 'NONE', *, *, #8962, .F. ) ;
#4399 = DIRECTION ( 'NONE',  ( -0.000000000000000000, -1.000000000000000000, -0.000000000000000000 ) ) ;
#4400 = CARTESIAN_POINT ( 'NONE',  ( -48.18039637606665337, 0.000000000000000000, -87.18281677883985026 ) ) ;
#4401 = DIRECTION ( 'NONE',  ( -1.000000000000000000, -0.000000000000000000, -0.000000000000000000 ) ) ;
#4402 = ADVANCED_FACE ( 'NONE', ( #3750 ), #2227, .T. ) ;
#4403 = ORIENTED_EDGE ( 'NONE', *, *, #3371, .T. ) ;
#4404 = ORIENTED_EDGE ( 'NONE', *, *, #1953, .T. ) ;
#4405 = CARTESIAN_POINT ( 'NONE',  ( 4.330127018922120818, 147.4213562373095385, -13.74999999999999822 ) ) ;
#4406 = LINE ( 'NONE', #1420, #3607 ) ;
#4407 = CARTESIAN_POINT ( 'NONE',  ( 8.660254037844314468, 0.000000000000000000, 21.25000000000000000 ) ) ;
#4408 = ORIENTED_EDGE ( 'NONE', *, *, #1188, .T. ) ;
#4409 = LINE ( 'NONE', #9629, #5722 ) ;
#4410 = ORIENTED_EDGE ( 'NONE', *, *, #3239, .T. ) ;
#4411 = VERTEX_POINT ( 'NONE', #8417 ) ;
#4412 = LINE ( 'NONE', #6029, #3098 ) ;
#4413 = ADVANCED_FACE ( 'NONE', ( #5968 ), #6707, .F. ) ;
#4414 = ORIENTED_EDGE ( 'NONE', *, *, #5895, .F. ) ;
#4415 = ORIENTED_EDGE ( 'NONE', *, *, #1313, .F. ) ;
#4416 = VERTEX_POINT ( 'NONE', #5276 ) ;
#4417 = DIRECTION ( 'NONE',  ( -0.000000000000000000, -1.000000000000000000, -0.000000000000000000 ) ) ;
#4418 = ORIENTED_EDGE ( 'NONE', *, *, #2440, .F. ) ;
#4419 = DIRECTION ( 'NONE',  ( -0.8660254037844385966, 0.000000000000000000, -0.5000000000000001110 ) ) ;
#4420 = DIRECTION ( 'NONE',  ( 0.4698463103929531592, 0.8660254037844399289, 0.1710100716628304984 ) ) ;
#4421 = VECTOR ( 'NONE', #6744, 999.9999999999998863 ) ;
#4422 = DIRECTION ( 'NONE',  ( 0.000000000000000000, 0.000000000000000000, -1.000000000000000000 ) ) ;
#4423 = PLANE ( 'NONE',  #5731 ) ;
#4424 = ORIENTED_EDGE ( 'NONE', *, *, #8867, .F. ) ;
#4425 = EDGE_LOOP ( 'NONE', ( #6829, #57, #8662, #8639 ) ) ;
#4426 = ORIENTED_EDGE ( 'NONE', *, *, #7687, .F. ) ;
#4427 = ORIENTED_EDGE ( 'NONE', *, *, #1961, .T. ) ;
#4428 = DIRECTION ( 'NONE',  ( -1.000000000000000000, 0.000000000000000000, -4.006172263299126906E-16 ) ) ;
#4429 = EDGE_CURVE ( 'NONE', #7391, #1598, #8968, .T. ) ;
#4430 = DIRECTION ( 'NONE',  ( -0.8789733129752200780, 0.4768709627114717797, 0.000000000000000000 ) ) ;
#4431 = EDGE_CURVE ( 'NONE', #1495, #4686, #9108, .T. ) ;
#4432 = CARTESIAN_POINT ( 'NONE',  ( 25.98076211353308551, 6.000000000000005329, -15.00000000000013323 ) ) ;
#4433 = CARTESIAN_POINT ( 'NONE',  ( -41.13620667976131529, 147.4213562373095385, -28.74999999999999289 ) ) ;
#4434 = CARTESIAN_POINT ( 'NONE',  ( -84.48338804127510571, 20.99999999999955591, -63.40383350717172561 ) ) ;
#4435 = ORIENTED_EDGE ( 'NONE', *, *, #6821, .F. ) ;
#4436 = DIRECTION ( 'NONE',  ( -0.000000000000000000, -1.000000000000000000, -0.000000000000000000 ) ) ;
#4437 = VECTOR ( 'NONE', #5373, 1000.000000000000114 ) ;
#4438 = ADVANCED_FACE ( 'NONE', ( #1544 ), #7584, .F. ) ;
#4439 = DIRECTION ( 'NONE',  ( -1.000000000000000000, 0.000000000000000000, -0.000000000000000000 ) ) ;
#4440 = CARTESIAN_POINT ( 'NONE',  ( -22.71712670107568499, 147.4213562373095385, 3.124999999999959588 ) ) ;
#4441 = VECTOR ( 'NONE', #3648, 1000.000000000000000 ) ;
#4442 = CARTESIAN_POINT ( 'NONE',  ( 14.07291281149758966, 6.000000000000005329, 45.62499999999995737 ) ) ;
#4443 = LINE ( 'NONE', #5871, #8388 ) ;
#4444 = DIRECTION ( 'NONE',  ( -0.6427876096865472455, -8.409933708675992019E-17, -0.7660444431189713521 ) ) ;
#4445 = CARTESIAN_POINT ( 'NONE',  ( 48.21495254706555045, 0.000000000000000000, 87.08787447931756276 ) ) ;
#4446 = VERTEX_POINT ( 'NONE', #9711 ) ;
#4447 = EDGE_CURVE ( 'NONE', #1268, #5331, #7837, .T. ) ;
#4448 = ORIENTED_EDGE ( 'NONE', *, *, #6724, .F. ) ;
#4449 = LINE ( 'NONE', #6575, #4328 ) ;
#4450 = EDGE_CURVE ( 'NONE', #2216, #6366, #757, .T. ) ;
#4451 = CARTESIAN_POINT ( 'NONE',  ( -66.00000000000000000, 6.000000000000000000, -38.22385819845018062 ) ) ;
#4452 = LINE ( 'NONE', #678, #1674 ) ;
#4453 = VECTOR ( 'NONE', #2695, 1000.000000000000000 ) ;
#4454 = EDGE_LOOP ( 'NONE', ( #965, #6633, #1432, #2852, #8852, #2011 ) ) ;
#4455 = CARTESIAN_POINT ( 'NONE',  ( -50.00000000000000000, 6.000000000000000000, 50.00000000000000000 ) ) ;
#4456 = ORIENTED_EDGE ( 'NONE', *, *, #4680, .T. ) ;
#4457 = ORIENTED_EDGE ( 'NONE', *, *, #5632, .T. ) ;
#4458 = FACE_OUTER_BOUND ( 'NONE', #5319, .T. ) ;
#4459 = ORIENTED_EDGE ( 'NONE', *, *, #2226, .T. ) ;
#4460 = VECTOR ( 'NONE', #9437, 1000.000000000000114 ) ;
#4461 = DIRECTION ( 'NONE',  ( 0.000000000000000000, -1.000000000000000000, 0.000000000000000000 ) ) ;
#4462 = ORIENTED_EDGE ( 'NONE', *, *, #2704, .F. ) ;
#4464 = CARTESIAN_POINT ( 'NONE',  ( 46.40590262964586543, 0.000000000000000000, 85.06805748150695479 ) ) ;
#4463 = VECTOR ( 'NONE', #6910, 1000.000000000000000 ) ;
#4465 = DIRECTION ( 'NONE',  ( 1.000000000000000000, 0.000000000000000000, 2.006803045524146533E-16 ) ) ;
#4466 = DIRECTION ( 'NONE',  ( 1.000000000000000000, 0.000000000000000000, 0.000000000000000000 ) ) ;
#4467 = LINE ( 'NONE', #7563, #3848 ) ;
#4468 = ORIENTED_EDGE ( 'NONE', *, *, #4185, .F. ) ;
#4469 = ORIENTED_EDGE ( 'NONE', *, *, #6519, .T. ) ;
#4470 = ORIENTED_EDGE ( 'NONE', *, *, #4101, .T. ) ;
#4471 = ORIENTED_EDGE ( 'NONE', *, *, #5118, .F. ) ;
#4472 = CARTESIAN_POINT ( 'NONE',  ( 45.46633369868351338, 6.000000000000005329, -42.49999999999998579 ) ) ;
#4473 = ADVANCED_FACE ( 'NONE', ( #5372 ), #6757, .F. ) ;
#4474 = VECTOR ( 'NONE', #8168, 1000.000000000000000 ) ;
#4475 = CARTESIAN_POINT ( 'NONE',  ( 22.73316684934176379, 6.000000000000005329, 39.37499999999995737 ) ) ;
#4476 = LINE ( 'NONE', #4569, #5615 ) ;
#4477 = ADVANCED_FACE ( 'NONE', ( #892 ), #3013, .F. ) ;
#4478 = DIRECTION ( 'NONE',  ( -0.4698463103929487183, 0.8660254037844400399, -0.1710100716628430717 ) ) ;
#4479 = LINE ( 'NONE', #837, #6585 ) ;
#4480 = ORIENTED_EDGE ( 'NONE', *, *, #2512, .F. ) ;
#4481 = CARTESIAN_POINT ( 'NONE',  ( 14.07291281149758966, 147.4213562373095385, 45.62499999999995737 ) ) ;
#4482 = EDGE_CURVE ( 'NONE', #4899, #5477, #8371, .T. ) ;
#4483 = CARTESIAN_POINT ( 'NONE',  ( 25.25907427704662567, 147.4213562373095385, 50.00000000000000000 ) ) ;
#4484 = DIRECTION ( 'NONE',  ( -1.000000000000000000, 0.000000000000000000, 0.000000000000000000 ) ) ;
#4485 = LINE ( 'NONE', #3157, #6160 ) ;
#4486 = DIRECTION ( 'NONE',  ( 0.000000000000000000, 0.000000000000000000, -1.000000000000000000 ) ) ;
#4487 = DIRECTION ( 'NONE',  ( 0.5000000000000006661, 0.000000000000000000, 0.8660254037844382635 ) ) ;
#4488 = DIRECTION ( 'NONE',  ( -0.8789733129752200780, 0.4768709627114717797, 0.000000000000000000 ) ) ;
#4489 = EDGE_CURVE ( 'NONE', #177, #1244, #8434, .T. ) ;
#4490 = VERTEX_POINT ( 'NONE', #164 ) ;
#4491 = ORIENTED_EDGE ( 'NONE', *, *, #7133, .F. ) ;
#4492 = CARTESIAN_POINT ( 'NONE',  ( -14.07291281149715978, 147.4213562373095385, -18.12499999999996092 ) ) ;
#4493 = AXIS2_PLACEMENT_3D ( 'NONE', #137, #5908, #9178 ) ;
#4494 = FACE_BOUND ( 'NONE', #4700, .T. ) ;
#4495 = EDGE_LOOP ( 'NONE', ( #1085, #4753 ) ) ;
#4496 = DIRECTION ( 'NONE',  ( -0.000000000000000000, -1.000000000000000000, -0.000000000000000000 ) ) ;
#4497 = EDGE_CURVE ( 'NONE', #3955, #6430, #2314, .T. ) ;
#4498 = VERTEX_POINT ( 'NONE', #2414 ) ;
#4499 = ORIENTED_EDGE ( 'NONE', *, *, #7856, .F. ) ;
#4500 = EDGE_CURVE ( 'NONE', #9592, #3418, #2966, .T. ) ;
#4501 = FACE_OUTER_BOUND ( 'NONE', #7165, .T. ) ;
#4502 = CIRCLE ( 'NONE', #260, 2.500000000000460076 ) ;
#4503 = AXIS2_PLACEMENT_3D ( 'NONE', #480, #3373, #6274 ) ;
#4504 = ORIENTED_EDGE ( 'NONE', *, *, #340, .T. ) ;
#4505 = ADVANCED_FACE ( 'NONE', ( #6157 ), #8322, .F. ) ;
#4506 = ORIENTED_EDGE ( 'NONE', *, *, #4359, .T. ) ;
#4507 = ORIENTED_EDGE ( 'NONE', *, *, #1122, .F. ) ;
#4508 = ADVANCED_FACE ( 'NONE', ( #1695 ), #3803, .F. ) ;
#4509 = VECTOR ( 'NONE', #3936, 1000.000000000000000 ) ;
#4510 = EDGE_LOOP ( 'NONE', ( #6028, #3120, #704, #2795 ) ) ;
#4511 = DIRECTION ( 'NONE',  ( -0.4999999999999998890, 0.000000000000000000, 0.8660254037844385966 ) ) ;
#4512 = ORIENTED_EDGE ( 'NONE', *, *, #4285, .T. ) ;
#4513 = LINE ( 'NONE', #6877, #4606 ) ;
#4514 = DIRECTION ( 'NONE',  ( -1.000000000000000000, 0.000000000000000000, 4.006172263299126906E-16 ) ) ;
#4515 = CARTESIAN_POINT ( 'NONE',  ( -46.54886545341405935, 6.000000000000005329, 10.62499999999999822 ) ) ;
#4516 = FACE_OUTER_BOUND ( 'NONE', #4874, .T. ) ;
#4517 = EDGE_CURVE ( 'NONE', #2291, #650, #8553, .T. ) ;
#4518 = VERTEX_POINT ( 'NONE', #6297 ) ;
#4519 = EDGE_LOOP ( 'NONE', ( #1805, #3640, #6495, #2963 ) ) ;
#4520 = ORIENTED_EDGE ( 'NONE', *, *, #880, .T. ) ;
#4521 = CARTESIAN_POINT ( 'NONE',  ( -32.47595264191693332, 0.000000000000000000, 7.500000000000000888 ) ) ;
#4522 = VECTOR ( 'NONE', #6004, 1000.000000000000000 ) ;
#4523 = CARTESIAN_POINT ( 'NONE',  ( -50.00000000000000000, 0.000000000000000000, 25.89745962155734205 ) ) ;
#4524 = CARTESIAN_POINT ( 'NONE',  ( -77.67962342022298117, 8.999999999999955591, -51.71195653594099895 ) ) ;
#4525 = LINE ( 'NONE', #7672, #211 ) ;
#4526 = CARTESIAN_POINT ( 'NONE',  ( -30.40590262964586188, 6.000000000000000000, -66.00000000000000000 ) ) ;
#4527 = ORIENTED_EDGE ( 'NONE', *, *, #5834, .T. ) ;
#4528 = CARTESIAN_POINT ( 'NONE',  ( -50.00000000000000000, 0.000000000000000000, -47.14745962155771508 ) ) ;
#4529 = DIRECTION ( 'NONE',  ( -0.8660254037844387076, 0.000000000000000000, -0.5000000000000001110 ) ) ;
#4530 = DIRECTION ( 'NONE',  ( -0.5000000000000001110, 0.000000000000000000, -0.8660254037844385966 ) ) ;
#4531 = CARTESIAN_POINT ( 'NONE',  ( -8.652233963711546849, 0.000000000000000000, -21.23610882412133094 ) ) ;
#4532 = CARTESIAN_POINT ( 'NONE',  ( -78.10322981758433514, 16.37948907741689908, -80.93317415930816594 ) ) ;
#4533 = VECTOR ( 'NONE', #1650, 1000.000000000000000 ) ;
#4534 = DIRECTION ( 'NONE',  ( 0.5000000000000008882, 0.000000000000000000, -0.8660254037844381525 ) ) ;
#4535 = ORIENTED_EDGE ( 'NONE', *, *, #7934, .T. ) ;
#4536 = CIRCLE ( 'NONE', #5330, 2.500000000000460076 ) ;
#4537 = ORIENTED_EDGE ( 'NONE', *, *, #3124, .T. ) ;
#4538 = CARTESIAN_POINT ( 'NONE',  ( 32.47595264191693332, 6.000000000000005329, 28.74999999999999289 ) ) ;
#4539 = CIRCLE ( 'NONE', #6109, 51.96152422706635576 ) ;
#4540 = FACE_OUTER_BOUND ( 'NONE', #4733, .T. ) ;
#4541 = EDGE_CURVE ( 'NONE', #2393, #3623, #8462, .T. ) ;
#4542 = CARTESIAN_POINT ( 'NONE',  ( 3.673940397442059967E-15, 6.000000000000005329, 30.00000000000000000 ) ) ;
#4543 = EDGE_CURVE ( 'NONE', #8148, #47, #5465, .T. ) ;
#4544 = EDGE_LOOP ( 'NONE', ( #639, #9618, #9726, #7739 ) ) ;
#4545 = LINE ( 'NONE', #5476, #5555 ) ;
#4546 = ORIENTED_EDGE ( 'NONE', *, *, #1135, .T. ) ;
#4547 = VECTOR ( 'NONE', #3715, 1000.000000000000227 ) ;
#4548 = ORIENTED_EDGE ( 'NONE', *, *, #2568, .F. ) ;
#4549 = DIRECTION ( 'NONE',  ( -0.000000000000000000, -1.000000000000000000, -0.000000000000000000 ) ) ;
#4550 = CIRCLE ( 'NONE', #9577, 6.999999999999942268 ) ;
#4551 = ORIENTED_EDGE ( 'NONE', *, *, #4909, .F. ) ;
#4552 = VERTEX_POINT ( 'NONE', #1738 ) ;
#4553 = EDGE_LOOP ( 'NONE', ( #2410, #9232, #6282, #4870 ) ) ;
#4554 = ORIENTED_EDGE ( 'NONE', *, *, #6141, .T. ) ;
#4555 = DIRECTION ( 'NONE',  ( 6.938893903907228378E-17, 0.000000000000000000, -1.000000000000000000 ) ) ;
#4556 = VERTEX_POINT ( 'NONE', #2658 ) ;
#4557 = LINE ( 'NONE', #8347, #1483 ) ;
#4558 = DIRECTION ( 'NONE',  ( -0.000000000000000000, 1.000000000000000000, -0.000000000000000000 ) ) ;
#4559 = CARTESIAN_POINT ( 'NONE',  ( 3.673940397442059967E-15, 6.000000000000005329, 30.00000000000000000 ) ) ;
#4560 = CARTESIAN_POINT ( 'NONE',  ( -11.54700538379295338, 6.000000000000005329, -50.00000000000000000 ) ) ;
#4561 = ADVANCED_FACE ( 'NONE', ( #9248 ), #2507, .F. ) ;
#4562 = VERTEX_POINT ( 'NONE', #351 ) ;
#4563 = ORIENTED_EDGE ( 'NONE', *, *, #9414, .T. ) ;
#4564 = EDGE_CURVE ( 'NONE', #5963, #3671, #7135, .T. ) ;
#4565 = ORIENTED_EDGE ( 'NONE', *, *, #868, .F. ) ;
#4566 = LINE ( 'NONE', #3832, #4421 ) ;
#4567 = CARTESIAN_POINT ( 'NONE',  ( -91.22514731035191460, -7.579231339097514564, -55.36244354894026998 ) ) ;
#4568 = DIRECTION ( 'NONE',  ( 0.000000000000000000, 0.000000000000000000, 1.000000000000000000 ) ) ;
#4569 = CARTESIAN_POINT ( 'NONE',  ( 32.03989878038110817, 6.000000000000005329, 6.744732556983358940 ) ) ;
#4570 = EDGE_CURVE ( 'NONE', #1380, #3439, #7721, .T. ) ;
#4571 = VERTEX_POINT ( 'NONE', #5660 ) ;
#4572 = DIRECTION ( 'NONE',  ( -1.000000000000000000, 0.000000000000000000, -0.000000000000000000 ) ) ;
#4573 = CARTESIAN_POINT ( 'NONE',  ( -63.00726380300933016, 41.51624119651383182, -37.13459130373446015 ) ) ;
#4574 = ORIENTED_EDGE ( 'NONE', *, *, #4040, .T. ) ;
#4575 = CARTESIAN_POINT ( 'NONE',  ( -25.98076211353308906, 147.4213562373095385, -15.00000000000011546 ) ) ;
#4576 = ADVANCED_FACE ( 'NONE', ( #4025 ), #8656, .T. ) ;
#4577 = DIRECTION ( 'NONE',  ( -0.5000000000000044409, 0.000000000000000000, 0.8660254037844360431 ) ) ;
#4578 = CARTESIAN_POINT ( 'NONE',  ( 77.67962342022298117, 8.999999999999955591, 51.71195653594099895 ) ) ;
#4579 = DIRECTION ( 'NONE',  ( 0.000000000000000000, -1.000000000000000000, 0.000000000000000000 ) ) ;
#4580 = CARTESIAN_POINT ( 'NONE',  ( -68.98070977266982595, 12.75855025242403507, -94.64599200143624103 ) ) ;
#4581 = LINE ( 'NONE', #210, #2663 ) ;
#4582 = AXIS2_PLACEMENT_3D ( 'NONE', #3593, #600, #2905 ) ;
#4583 = EDGE_LOOP ( 'NONE', ( #2452, #8870, #1185, #4132 ) ) ;
#4584 = ORIENTED_EDGE ( 'NONE', *, *, #3550, .T. ) ;
#4585 = CARTESIAN_POINT ( 'NONE',  ( -25.25907427704662211, 147.4213562373095385, -50.00000000000000000 ) ) ;
#4586 = CIRCLE ( 'NONE', #50, 61.96152422706639840 ) ;
#4587 = DIRECTION ( 'NONE',  ( -0.000000000000000000, 1.000000000000000000, -0.000000000000000000 ) ) ;
#4588 = CARTESIAN_POINT ( 'NONE',  ( 80.49426287064059693, -5.728384940746157561, 94.21832142862297133 ) ) ;
#4589 = ORIENTED_EDGE ( 'NONE', *, *, #5178, .F. ) ;
#4590 = PLANE ( 'NONE',  #5255 ) ;
#4591 = EDGE_LOOP ( 'NONE', ( #8777, #9526, #4692, #9239 ) ) ;
#4592 = LINE ( 'NONE', #7598, #7491 ) ;
#4593 = ORIENTED_EDGE ( 'NONE', *, *, #1431, .T. ) ;
#4594 = ORIENTED_EDGE ( 'NONE', *, *, #1175, .T. ) ;
#4595 = ADVANCED_FACE ( 'NONE', ( #3979 ), #3398, .F. ) ;
#4596 = ORIENTED_EDGE ( 'NONE', *, *, #6047, .F. ) ;
#4597 = AXIS2_PLACEMENT_3D ( 'NONE', #3192, #8453, #6196 ) ;
#4598 = LINE ( 'NONE', #6917, #3565 ) ;
#4599 = ORIENTED_EDGE ( 'NONE', *, *, #6170, .F. ) ;
#4600 = CARTESIAN_POINT ( 'NONE',  ( -4.330127018922264703, 6.000000000000005329, -13.74999999999999822 ) ) ;
#4601 = ORIENTED_EDGE ( 'NONE', *, *, #523, .T. ) ;
#4602 = PLANE ( 'NONE',  #533 ) ;
#4603 = LINE ( 'NONE', #3734, #3126 ) ;
#4604 = CARTESIAN_POINT ( 'NONE',  ( 50.00000000000000000, 6.000000000000000000, -50.00000000000000000 ) ) ;
#4605 = DIRECTION ( 'NONE',  ( 0.8757795372522668709, -0.4330127018922231841, 0.2133312028986894260 ) ) ;
#4606 = VECTOR ( 'NONE', #6039, 1000.000000000000000 ) ;
#4607 = ADVANCED_FACE ( 'NONE', ( #7031 ), #2460, .T. ) ;
#4608 = ORIENTED_EDGE ( 'NONE', *, *, #8000, .F. ) ;
#4609 = VECTOR ( 'NONE', #1481, 1000.000000000000000 ) ;
#4610 = ORIENTED_EDGE ( 'NONE', *, *, #4838, .T. ) ;
#4611 = CARTESIAN_POINT ( 'NONE',  ( 25.98076211353308551, 6.000000000000005329, -15.00000000000013323 ) ) ;
#4612 = FACE_OUTER_BOUND ( 'NONE', #2144, .T. ) ;
#4613 = AXIS2_PLACEMENT_3D ( 'NONE', #3859, #8286, #2474 ) ;
#4614 = CARTESIAN_POINT ( 'NONE',  ( 41.13620667976131529, 0.000000000000000000, 7.500000000000000000 ) ) ;
#4615 = DIRECTION ( 'NONE',  ( 0.000000000000000000, 0.000000000000000000, 1.000000000000000000 ) ) ;
#4616 = ORIENTED_EDGE ( 'NONE', *, *, #5437, .F. ) ;
#4617 = FACE_BOUND ( 'NONE', #8875, .T. ) ;
#4618 = CARTESIAN_POINT ( 'NONE',  ( -48.21495254706554334, 0.000000000000000000, 87.08787447931756276 ) ) ;
#4619 = EDGE_CURVE ( 'NONE', #9639, #354, #944, .T. ) ;
#4620 = ORIENTED_EDGE ( 'NONE', *, *, #1821, .F. ) ;
#4621 = CARTESIAN_POINT ( 'NONE',  ( 4.330127018922193649, 0.000000000000000000, 7.500000000000000000 ) ) ;
#4622 = DIRECTION ( 'NONE',  ( -0.5000000000000000000, 0.000000000000000000, -0.8660254037844385966 ) ) ;
#4623 = ADVANCED_FACE ( 'NONE', ( #6346 ), #6937, .F. ) ;
#4624 = DIRECTION ( 'NONE',  ( 0.000000000000000000, 0.000000000000000000, -1.000000000000000000 ) ) ;
#4625 = FACE_OUTER_BOUND ( 'NONE', #4707, .T. ) ;
#4626 = LINE ( 'NONE', #7632, #4683 ) ;
#4627 = LINE ( 'NONE', #897, #4064 ) ;
#4628 = AXIS2_PLACEMENT_3D ( 'NONE', #3056, #9056, #8317 ) ;
#4629 = ORIENTED_EDGE ( 'NONE', *, *, #5107, .T. ) ;
#4630 = ORIENTED_EDGE ( 'NONE', *, *, #470, .T. ) ;
#4631 = DIRECTION ( 'NONE',  ( -0.5000000000000000000, 0.000000000000000000, 0.8660254037844385966 ) ) ;
#4632 = APPROVAL_PERSON_ORGANIZATION ( #9229, #7267, #4056 ) ;
#4633 = FACE_BOUND ( 'NONE', #7784, .T. ) ;
#4634 = VECTOR ( 'NONE', #8977, 1000.000000000000227 ) ;
#4635 = DIRECTION ( 'NONE',  ( -0.8660254037844347108, 0.000000000000000000, 0.5000000000000067724 ) ) ;
#4636 = VERTEX_POINT ( 'NONE', #3298 ) ;
#4637 = DIRECTION ( 'NONE',  ( 0.3420201433256870871, -3.053113317719179500E-16, 0.9396926207859016555 ) ) ;
#4638 = VERTEX_POINT ( 'NONE', #4867 ) ;
#4639 = CARTESIAN_POINT ( 'NONE',  ( -41.13620667976131529, 0.000000000000000000, -7.500000000000000000 ) ) ;
#4640 = EDGE_CURVE ( 'NONE', #3478, #2253, #2461, .T. ) ;
#4641 = ORIENTED_EDGE ( 'NONE', *, *, #6584, .T. ) ;
#4642 = ORIENTED_EDGE ( 'NONE', *, *, #8697, .F. ) ;
#4643 = ORIENTED_EDGE ( 'NONE', *, *, #147, .T. ) ;
#4644 = LINE ( 'NONE', #6872, #1995 ) ;
#4645 = VECTOR ( 'NONE', #7794, 999.9999999999998863 ) ;
#4646 = VERTEX_POINT ( 'NONE', #6202 ) ;
#4647 = CARTESIAN_POINT ( 'NONE',  ( -48.18039637606665337, 0.000000000000000000, 87.18281677883985026 ) ) ;
#4648 = ORIENTED_EDGE ( 'NONE', *, *, #6394, .F. ) ;
#4649 = CARTESIAN_POINT ( 'NONE',  ( 71.13257910127273931, 11.62083487540108528, 82.97218668775974493 ) ) ;
#4650 = EDGE_CURVE ( 'NONE', #1878, #5745, #4760, .T. ) ;
#4651 = ADVANCED_FACE ( 'NONE', ( #1832 ), #9203, .F. ) ;
#4652 = AXIS2_PLACEMENT_3D ( 'NONE', #7701, #1446, #3131 ) ;
#4653 = DIRECTION ( 'NONE',  ( -0.5000000000000000000, 0.000000000000000000, -0.8660254037844385966 ) ) ;
#4654 = FACE_OUTER_BOUND ( 'NONE', #5214, .T. ) ;
#4655 = ORIENTED_EDGE ( 'NONE', *, *, #203, .T. ) ;
#4656 = VECTOR ( 'NONE', #7286, 1000.000000000000000 ) ;
#4657 = ORIENTED_EDGE ( 'NONE', *, *, #5159, .F. ) ;
#4658 = LINE ( 'NONE', #6925, #1453 ) ;
#4659 = CARTESIAN_POINT ( 'NONE',  ( -25.25907427704661501, 147.4213562373095385, 50.00000000000000000 ) ) ;
#4660 = DIRECTION ( 'NONE',  ( 0.8660254037844383745, 0.000000000000000000, -0.5000000000000004441 ) ) ;
#4661 = EDGE_CURVE ( 'NONE', #862, #7428, #8708, .T. ) ;
#4662 = LINE ( 'NONE', #7670, #4337 ) ;
#4663 = EDGE_CURVE ( 'NONE', #7939, #4174, #1397, .T. ) ;
#4664 = EDGE_LOOP ( 'NONE', ( #265, #3220, #298, #5533 ) ) ;
#4665 = CARTESIAN_POINT ( 'NONE',  ( 32.47595264191693332, 147.4213562373095385, 28.74999999999999289 ) ) ;
#4666 = CARTESIAN_POINT ( 'NONE',  ( 60.42191776730651753, 13.49999999999921663, -91.53084647020840237 ) ) ;
#4667 = VERTEX_POINT ( 'NONE', #7238 ) ;
#4668 = CIRCLE ( 'NONE', #900, 51.96152422706628471 ) ;
#4669 = DIRECTION ( 'NONE',  ( 0.5000000000000000000, 0.000000000000000000, -0.8660254037844385966 ) ) ;
#4670 = VECTOR ( 'NONE', #5721, 1000.000000000000000 ) ;
#4671 = CARTESIAN_POINT ( 'NONE',  ( -46.54886545341405935, 6.000000000000005329, -10.62499999999999822 ) ) ;
#4672 = EDGE_CURVE ( 'NONE', #5745, #4731, #5070, .T. ) ;
#4673 = CARTESIAN_POINT ( 'NONE',  ( 54.69999999999838280, 6.000000000000000000, 54.69999999999878781 ) ) ;
#4674 = DIRECTION ( 'NONE',  ( 0.5000000000000006661, 0.000000000000000000, 0.8660254037844382635 ) ) ;
#4675 = DIRECTION ( 'NONE',  ( -0.8660254037844361541, 0.000000000000000000, 0.5000000000000045519 ) ) ;
#4676 = CARTESIAN_POINT ( 'NONE',  ( 41.13620667976124423, 6.000000000000005329, -13.74999999999999822 ) ) ;
#4677 = EDGE_CURVE ( 'NONE', #5138, #4223, #2857, .T. ) ;
#4678 = ORIENTED_EDGE ( 'NONE', *, *, #4872, .T. ) ;
#4679 = ORIENTED_EDGE ( 'NONE', *, *, #4989, .F. ) ;
#4680 = EDGE_CURVE ( 'NONE', #1764, #3955, #7386, .T. ) ;
#4681 = CARTESIAN_POINT ( 'NONE',  ( 8.660254037844241637, 6.000000000000005329, -42.49999999999999289 ) ) ;
#4682 = FACE_OUTER_BOUND ( 'NONE', #2893, .T. ) ;
#4683 = VECTOR ( 'NONE', #3252, 1000.000000000000000 ) ;
#4684 = ORIENTED_EDGE ( 'NONE', *, *, #6242, .T. ) ;
#4685 = CARTESIAN_POINT ( 'NONE',  ( 32.47595264191693332, 0.000000000000000000, 13.74999999999999467 ) ) ;
#4686 = VERTEX_POINT ( 'NONE', #657 ) ;
#4687 = DIRECTION ( 'NONE',  ( 0.8757795372522714228, -0.4330127018922184656, -0.2133312028986802389 ) ) ;
#4688 = VERTEX_POINT ( 'NONE', #5808 ) ;
#4689 = VECTOR ( 'NONE', #7045, 1000.000000000000000 ) ;
#4690 = CARTESIAN_POINT ( 'NONE',  ( 32.47595264191692621, 0.000000000000000000, -50.00000000000000000 ) ) ;
#4691 = VECTOR ( 'NONE', #6118, 1000.000000000000227 ) ;
#4692 = ORIENTED_EDGE ( 'NONE', *, *, #1476, .F. ) ;
#4693 = DIRECTION ( 'NONE',  ( -0.4999999999999983902, 0.000000000000000000, -0.8660254037844394848 ) ) ;
#4694 = CIRCLE ( 'NONE', #7839, 4.000000000000016875 ) ;
#4695 = EDGE_LOOP ( 'NONE', ( #5248, #2925, #2945, #5487 ) ) ;
#4696 = CARTESIAN_POINT ( 'NONE',  ( 66.00000000000132161, 6.000000000000000000, -38.22385819845064958 ) ) ;
#4697 = EDGE_CURVE ( 'NONE', #764, #4755, #4817, .T. ) ;
#4698 = DIRECTION ( 'NONE',  ( 0.000000000000000000, 0.000000000000000000, -1.000000000000000000 ) ) ;
#4699 = ORIENTED_EDGE ( 'NONE', *, *, #2874, .F. ) ;
#4700 = EDGE_LOOP ( 'NONE', ( #5740, #6293, #7622 ) ) ;
#4701 = VERTEX_POINT ( 'NONE', #603 ) ;
#4702 = DIRECTION ( 'NONE',  ( -0.6427876096865473565, 0.000000000000000000, 0.7660444431189713521 ) ) ;
#4703 = FACE_OUTER_BOUND ( 'NONE', #4304, .T. ) ;
#4704 = ADVANCED_FACE ( 'NONE', ( #2907 ), #8078, .F. ) ;
#4705 = LINE ( 'NONE', #7711, #6077 ) ;
#4706 = CARTESIAN_POINT ( 'NONE',  ( -10.17883965411060920, 147.4213562373095385, -31.11973255698393004 ) ) ;
#4707 = EDGE_LOOP ( 'NONE', ( #6432, #7802, #9047, #4657 ) ) ;
#4708 = LINE ( 'NONE', #8543, #835 ) ;
#4709 = AXIS2_PLACEMENT_3D ( 'NONE', #4979, #4088, #2714 ) ;
#4710 = CARTESIAN_POINT ( 'NONE',  ( -92.34245936985365688, -5.728164937519062860, 61.66678322122567124 ) ) ;
#4711 = ORIENTED_EDGE ( 'NONE', *, *, #4543, .F. ) ;
#4712 = VECTOR ( 'NONE', #7919, 1000.000000000000000 ) ;
#4713 = DIRECTION ( 'NONE',  ( -1.000000000000000000, -0.000000000000000000, -0.000000000000000000 ) ) ;
#4714 = ORIENTED_EDGE ( 'NONE', *, *, #2483, .T. ) ;
#4715 = CARTESIAN_POINT ( 'NONE',  ( 30.40590262964586188, 6.000000000000000000, -66.00000000000000000 ) ) ;
#4716 = EDGE_CURVE ( 'NONE', #3481, #4667, #6452, .T. ) ;
#4717 = DIRECTION ( 'NONE',  ( -1.000000000000000000, 0.000000000000000000, -0.000000000000000000 ) ) ;
#4718 = LINE ( 'NONE', #7136, #3179 ) ;
#4719 = FACE_BOUND ( 'NONE', #3732, .T. ) ;
#4720 = ORIENTED_EDGE ( 'NONE', *, *, #296, .F. ) ;
#4721 = CARTESIAN_POINT ( 'NONE',  ( -70.99180026031160651, 17.25833024919703718, 81.52318550399952812 ) ) ;
#4722 = EDGE_CURVE ( 'NONE', #6765, #9370, #2177, .T. ) ;
#4723 = DIRECTION ( 'NONE',  ( 0.8660254037844385966, 0.000000000000000000, -0.5000000000000003331 ) ) ;
#4724 = FACE_BOUND ( 'NONE', #4897, .T. ) ;
#4725 = FACE_OUTER_BOUND ( 'NONE', #8117, .T. ) ;
#4726 = VERTEX_POINT ( 'NONE', #5709 ) ;
#4727 = LINE ( 'NONE', #1205, #849 ) ;
#4728 = ORIENTED_EDGE ( 'NONE', *, *, #1597, .F. ) ;
#4729 = LINE ( 'NONE', #4831, #4349 ) ;
#4730 = EDGE_CURVE ( 'NONE', #6524, #4636, #7187, .T. ) ;
#4731 = VERTEX_POINT ( 'NONE', #2706 ) ;
#4732 = VECTOR ( 'NONE', #4417, 1000.000000000000000 ) ;
#4733 = EDGE_LOOP ( 'NONE', ( #2841, #5846, #5753, #7565 ) ) ;
#4734 = EDGE_CURVE ( 'NONE', #1794, #2554, #4970, .T. ) ;
#4735 = LINE ( 'NONE', #6178, #3405 ) ;
#4736 = LINE ( 'NONE', #1955, #7959 ) ;
#4737 = ORIENTED_EDGE ( 'NONE', *, *, #9301, .T. ) ;
#4738 = PLANE ( 'NONE',  #3810 ) ;
#4739 = LINE ( 'NONE', #2633, #9480 ) ;
#4740 = APPROVAL_DATE_TIME ( #6183, #7267 ) ;
#4741 = ORIENTED_EDGE ( 'NONE', *, *, #4369, .F. ) ;
#4742 = ORIENTED_EDGE ( 'NONE', *, *, #5497, .T. ) ;
#4743 = VECTOR ( 'NONE', #8221, 1000.000000000000000 ) ;
#4744 = ORIENTED_EDGE ( 'NONE', *, *, #5925, .T. ) ;
#4745 = CARTESIAN_POINT ( 'NONE',  ( 72.62888298754663197, 14.99999999999994316, 95.97381846109878722 ) ) ;
#4746 = CARTESIAN_POINT ( 'NONE',  ( 23.87132298306552514, 0.000000000000000000, -16.15365574944389948 ) ) ;
#4747 = LINE ( 'NONE', #241, #7961 ) ;
#4748 = LINE ( 'NONE', #834, #2625 ) ;
#4749 = ORIENTED_EDGE ( 'NONE', *, *, #2064, .T. ) ;
#4751 = LINE ( 'NONE', #9288, #4128 ) ;
#4750 = VECTOR ( 'NONE', #9327, 1000.000000000000000 ) ;
#4752 = LINE ( 'NONE', #2650, #4213 ) ;
#4753 = ORIENTED_EDGE ( 'NONE', *, *, #6187, .F. ) ;
#4754 = DIRECTION ( 'NONE',  ( -0.8789733129752200780, -0.4768709627114717797, 0.000000000000000000 ) ) ;
#4755 = VERTEX_POINT ( 'NONE', #6653 ) ;
#4756 = CARTESIAN_POINT ( 'NONE',  ( -23.87132298306550382, 0.000000000000000000, -16.15365574944390303 ) ) ;
#4757 = EDGE_CURVE ( 'NONE', #6546, #8100, #8809, .T. ) ;
#4758 = VECTOR ( 'NONE', #5671, 1000.000000000000000 ) ;
#4759 = EDGE_CURVE ( 'NONE', #3807, #7914, #6606, .T. ) ;
#4760 = LINE ( 'NONE', #7080, #4980 ) ;
#4761 = AXIS2_PLACEMENT_3D ( 'NONE', #6384, #3533, #2791 ) ;
#4762 = PLANE ( 'NONE',  #7875 ) ;
#4763 = FACE_BOUND ( 'NONE', #225, .T. ) ;
#4764 = EDGE_LOOP ( 'NONE', ( #2617, #5379, #1570, #4744 ) ) ;
#4765 = CARTESIAN_POINT ( 'NONE',  ( -41.13620667976131529, 0.000000000000000000, 28.74999999999999289 ) ) ;
#4766 = VECTOR ( 'NONE', #5278, 1000.000000000000227 ) ;
#4767 = EDGE_CURVE ( 'NONE', #136, #2060, #2082, .T. ) ;
#4768 = DIRECTION ( 'NONE',  ( 0.6427876096865472455, 0.000000000000000000, -0.7660444431189713521 ) ) ;
#4769 = VERTEX_POINT ( 'NONE', #453 ) ;
#4770 = CARTESIAN_POINT ( 'NONE',  ( -25.49447007271233190, 147.4213562373095385, -7.907717477981869081 ) ) ;
#4771 = CARTESIAN_POINT ( 'NONE',  ( -41.13620667976124423, 0.000000000000000000, 13.74999999999999822 ) ) ;
#4772 = CARTESIAN_POINT ( 'NONE',  ( -27.06329386826395123, 6.000000000000005329, -31.87499999999995737 ) ) ;
#4773 = ORIENTED_EDGE ( 'NONE', *, *, #5019, .F. ) ;
#4774 = DIRECTION ( 'NONE',  ( 1.308353425290363404E-16, -1.000000000000000000, 0.000000000000000000 ) ) ;
#4775 = VECTOR ( 'NONE', #7868, 1000.000000000000227 ) ;
#4776 = ADVANCED_FACE ( 'NONE', ( #8030 ), #504, .F. ) ;
#4777 = ORIENTED_EDGE ( 'NONE', *, *, #2766, .T. ) ;
#4778 = CARTESIAN_POINT ( 'NONE',  ( -50.00000000000000000, 6.000000000000000000, 50.00000000000000000 ) ) ;
#4779 = CARTESIAN_POINT ( 'NONE',  ( 22.34942529805128331, 0.000000000000000000, 61.40454134417992549 ) ) ;
#4780 = AXIS2_PLACEMENT_3D ( 'NONE', #5076, #2135, #6562 ) ;
#4781 = ORIENTED_EDGE ( 'NONE', *, *, #5109, .F. ) ;
#4782 = VERTEX_POINT ( 'NONE', #8762 ) ;
#4783 = FACE_OUTER_BOUND ( 'NONE', #1167, .T. ) ;
#4784 = VECTOR ( 'NONE', #4991, 1000.000000000000000 ) ;
#4785 = EDGE_CURVE ( 'NONE', #6067, #6733, #5024, .T. ) ;
#4786 = LINE ( 'NONE', #2627, #1576 ) ;
#4787 = EDGE_CURVE ( 'NONE', #977, #4841, #6552, .T. ) ;
#4788 = CARTESIAN_POINT ( 'NONE',  ( -32.47595264191693332, 6.000000000000005329, 34.99999999999999289 ) ) ;
#4789 = ORIENTED_EDGE ( 'NONE', *, *, #5828, .F. ) ;
#4790 = CARTESIAN_POINT ( 'NONE',  ( -4.330127018922339310, 147.4213562373095385, 49.99999999999999289 ) ) ;
#4791 = DIRECTION ( 'NONE',  ( -0.000000000000000000, -1.000000000000000000, -0.000000000000000000 ) ) ;
#4792 = EDGE_CURVE ( 'NONE', #1794, #8392, #8743, .T. ) ;
#4793 = DIRECTION ( 'NONE',  ( -0.000000000000000000, -1.000000000000000000, -0.000000000000000000 ) ) ;
#4794 = ADVANCED_FACE ( 'NONE', ( #61 ), #1447, .T. ) ;
#4795 = ORIENTED_EDGE ( 'NONE', *, *, #2955, .F. ) ;
#4796 = EDGE_CURVE ( 'NONE', #1035, #7125, #3147, .T. ) ;
#4797 = ORIENTED_EDGE ( 'NONE', *, *, #3160, .F. ) ;
#4798 = ORIENTED_EDGE ( 'NONE', *, *, #3645, .F. ) ;
#4799 = DIRECTION ( 'NONE',  ( -0.4698463103929486073, 0.8660254037844399289, -0.1710100716628430439 ) ) ;
#4800 = AXIS2_PLACEMENT_3D ( 'NONE', #290, #3836, #2405 ) ;
#4801 = CARTESIAN_POINT ( 'NONE',  ( 66.00000000000000000, 6.000000000000000000, 38.22385819845018062 ) ) ;
#4802 = CIRCLE ( 'NONE', #5596, 51.96152422706621365 ) ;
#4803 = DIRECTION ( 'NONE',  ( -0.000000000000000000, -1.000000000000000000, -0.000000000000000000 ) ) ;
#4804 = CARTESIAN_POINT ( 'NONE',  ( 6.076226797624227238, 0.000000000000000000, 38.02433353179695530 ) ) ;
#4805 = ORIENTED_EDGE ( 'NONE', *, *, #9446, .T. ) ;
#4806 = FACE_OUTER_BOUND ( 'NONE', #1607, .T. ) ;
#4807 = EDGE_CURVE ( 'NONE', #4323, #3418, #8177, .T. ) ;
#4808 = LINE ( 'NONE', #9241, #3437 ) ;
#4809 = ORIENTED_EDGE ( 'NONE', *, *, #9519, .T. ) ;
#4810 = DIRECTION ( 'NONE',  ( 0.000000000000000000, 0.000000000000000000, -1.000000000000000000 ) ) ;
#4811 = AXIS2_PLACEMENT_3D ( 'NONE', #2358, #7479, #3883 ) ;
#4812 = ORIENTED_EDGE ( 'NONE', *, *, #6345, .F. ) ;
#4813 = VERTEX_POINT ( 'NONE', #6887 ) ;
#4814 = AXIS2_PLACEMENT_3D ( 'NONE', #6775, #3861, #6816 ) ;
#4815 = CARTESIAN_POINT ( 'NONE',  ( 45.46633369868351338, 147.4213562373095385, -42.49999999999998579 ) ) ;
#4816 = DIRECTION ( 'NONE',  ( 1.000000000000000000, 0.000000000000000000, 0.000000000000000000 ) ) ;
#4817 = CIRCLE ( 'NONE', #1696, 6.999999999999942268 ) ;
#4818 = DIRECTION ( 'NONE',  ( 0.5000000000000001110, 0.000000000000000000, 0.8660254037844387076 ) ) ;
#4819 = FACE_BOUND ( 'NONE', #7514, .T. ) ;
#4820 = ORIENTED_EDGE ( 'NONE', *, *, #7740, .F. ) ;
#4821 = CARTESIAN_POINT ( 'NONE',  ( 9.742785792574935044, 0.000000000000000000, 10.62499999999999822 ) ) ;
#4822 = EDGE_CURVE ( 'NONE', #2505, #8927, #3099, .T. ) ;
#4823 = PLANE ( 'NONE',  #2323 ) ;
#4824 = DIRECTION ( 'NONE',  ( -0.000000000000000000, -1.000000000000000000, -0.000000000000000000 ) ) ;
#4825 = CARTESIAN_POINT ( 'NONE',  ( -22.73316684934153287, 6.000000000000005329, -3.124999999999960920 ) ) ;
#4826 = CARTESIAN_POINT ( 'NONE',  ( 32.47595264191693332, 0.000000000000000000, 34.99999999999999289 ) ) ;
#4827 = VERTEX_POINT ( 'NONE', #9704 ) ;
#4828 = CARTESIAN_POINT ( 'NONE',  ( -10.17883965411063585, 0.000000000000000000, -31.11973255698393359 ) ) ;
#4829 = ORIENTED_EDGE ( 'NONE', *, *, #5178, .T. ) ;
#4830 = CARTESIAN_POINT ( 'NONE',  ( 68.02323918836455618, 17.25833024919694125, -89.67924001744570717 ) ) ;
#4831 = CARTESIAN_POINT ( 'NONE',  ( -71.96467873985479002, 13.49999999999997513, -90.20243797482449111 ) ) ;
#4832 = ORIENTED_EDGE ( 'NONE', *, *, #1873, .T. ) ;
#4833 = AXIS2_PLACEMENT_3D ( 'NONE', #1100, #2558, #7883 ) ;
#4834 = ORIENTED_EDGE ( 'NONE', *, *, #5755, .F. ) ;
#4835 = CARTESIAN_POINT ( 'NONE',  ( -32.03989878038110106, 6.000000000000005329, 6.744732556983351834 ) ) ;
#4836 = VECTOR ( 'NONE', #2221, 1000.000000000000114 ) ;
#4837 = EDGE_CURVE ( 'NONE', #4878, #4858, #6835, .T. ) ;
#4838 = EDGE_CURVE ( 'NONE', #1393, #3790, #6003, .T. ) ;
#4839 = LINE ( 'NONE', #1954, #5339 ) ;
#4840 = CARTESIAN_POINT ( 'NONE',  ( -27.06329386826395123, 0.000000000000000000, -31.87499999999995737 ) ) ;
#4841 = VERTEX_POINT ( 'NONE', #1633 ) ;
#4842 = DIRECTION ( 'NONE',  ( -0.3420201433256876977, -0.000000000000000000, -0.9396926207859014335 ) ) ;
#4843 = DIRECTION ( 'NONE',  ( 0.5000000000000003331, 0.000000000000000000, 0.8660254037844384856 ) ) ;
#4844 = CARTESIAN_POINT ( 'NONE',  ( 54.69999999999838280, 0.000000000000000000, 54.69999999999878781 ) ) ;
#4845 = CIRCLE ( 'NONE', #7682, 4.000000000000016875 ) ;
#4846 = CYLINDRICAL_SURFACE ( 'NONE', #8560, 51.96152422706639129 ) ;
#4847 = EDGE_LOOP ( 'NONE', ( #8941, #1384, #1717, #6979 ) ) ;
#4848 = ORIENTED_EDGE ( 'NONE', *, *, #6250, .T. ) ;
#4849 = ORIENTED_EDGE ( 'NONE', *, *, #8803, .T. ) ;
#4850 = DIRECTION ( 'NONE',  ( -0.000000000000000000, -1.000000000000000000, -0.000000000000000000 ) ) ;
#4851 = LINE ( 'NONE', #9529, #4460 ) ;
#4852 = VECTOR ( 'NONE', #3456, 1000.000000000000114 ) ;
#4853 = PLANE ( 'NONE',  #9062 ) ;
#4854 = DIRECTION ( 'NONE',  ( -0.000000000000000000, -1.000000000000000000, -0.000000000000000000 ) ) ;
#4855 = VERTEX_POINT ( 'NONE', #4614 ) ;
#4856 = DIRECTION ( 'NONE',  ( 0.6427876096865473565, 0.000000000000000000, -0.7660444431189713521 ) ) ;
#4857 = FACE_BOUND ( 'NONE', #3876, .T. ) ;
#4858 = VERTEX_POINT ( 'NONE', #8263 ) ;
#4859 = AXIS2_PLACEMENT_3D ( 'NONE', #9517, #8782, #719 ) ;
#4860 = CARTESIAN_POINT ( 'NONE',  ( -32.03989878038110106, 0.000000000000000000, 6.744732556983351834 ) ) ;
#4861 = EDGE_CURVE ( 'NONE', #1134, #9698, #3793, .T. ) ;
#4862 = VECTOR ( 'NONE', #5418, 1000.000000000000000 ) ;
#4863 = EDGE_LOOP ( 'NONE', ( #4273, #3727, #7304, #3673 ) ) ;
#4864 = DIRECTION ( 'NONE',  ( -1.000000000000000000, 0.000000000000000000, -6.713255375082617595E-16 ) ) ;
#4865 = EDGE_CURVE ( 'NONE', #937, #2505, #421, .T. ) ;
#4866 = EDGE_CURVE ( 'NONE', #6327, #5992, #9000, .T. ) ;
#4867 = CARTESIAN_POINT ( 'NONE',  ( -25.25907427704662211, 6.000000000000000000, -50.00000000000000000 ) ) ;
#4868 = LINE ( 'NONE', #2600, #3659 ) ;
#4869 = DIRECTION ( 'NONE',  ( -0.000000000000000000, -1.000000000000000000, -0.000000000000000000 ) ) ;
#4870 = ORIENTED_EDGE ( 'NONE', *, *, #7612, .T. ) ;
#4871 = DIRECTION ( 'NONE',  ( -0.5000000000000000000, 0.000000000000000000, 0.8660254037844385966 ) ) ;
#4872 = EDGE_CURVE ( 'NONE', #1171, #3546, #4502, .T. ) ;
#4873 = LINE ( 'NONE', #6352, #3070 ) ;
#4874 = EDGE_LOOP ( 'NONE', ( #7083, #3830, #6574, #7951 ) ) ;
#4875 = LINE ( 'NONE', #8615, #5979 ) ;
#4876 = DIRECTION ( 'NONE',  ( 0.4999999999999999445, 0.000000000000000000, -0.8660254037844385966 ) ) ;
#4877 = PLANE ( 'NONE',  #906 ) ;
#4878 = VERTEX_POINT ( 'NONE', #5958 ) ;
#4879 = DIRECTION ( 'NONE',  ( -0.000000000000000000, -1.000000000000000000, -0.000000000000000000 ) ) ;
#4880 = AXIS2_PLACEMENT_3D ( 'NONE', #6091, #6145, #6832 ) ;
#4881 = VECTOR ( 'NONE', #1834, 1000.000000000000114 ) ;
#4882 = CARTESIAN_POINT ( 'NONE',  ( -4.330127018922339310, 147.4213562373095385, 49.99999999999999289 ) ) ;
#4883 = LINE ( 'NONE', #5824, #1838 ) ;
#4884 = EDGE_LOOP ( 'NONE', ( #6716, #772, #5170 ) ) ;
#4885 = ORIENTED_EDGE ( 'NONE', *, *, #3554, .F. ) ;
#4886 = LINE ( 'NONE', #4835, #4303 ) ;
#4887 = LINE ( 'NONE', #5045, #4547 ) ;
#4888 = EDGE_CURVE ( 'NONE', #7114, #6033, #9097, .T. ) ;
#4889 = DIRECTION ( 'NONE',  ( 0.4698463103929532703, 0.8660254037844400399, 0.1710100716628305539 ) ) ;
#4890 = VERTEX_POINT ( 'NONE', #4523 ) ;
#4891 = DIRECTION ( 'NONE',  ( 0.4999999999999985567, 0.000000000000000000, 0.8660254037844394848 ) ) ;
#4892 = ORIENTED_EDGE ( 'NONE', *, *, #9720, .T. ) ;
#4893 = DIRECTION ( 'NONE',  ( -1.000000000000000000, 0.000000000000000000, -2.006803045524116704E-16 ) ) ;
#4894 = VECTOR ( 'NONE', #4579, 1000.000000000000000 ) ;
#4895 = CIRCLE ( 'NONE', #8829, 51.96152422706636997 ) ;
#4896 = ADVANCED_FACE ( 'NONE', ( #2259, #3048, #3696, #6700 ), #1491, .T. ) ;
#4897 = EDGE_LOOP ( 'NONE', ( #6857, #3945, #1029, #5904, #3947, #4346 ) ) ;
#4898 = VERTEX_POINT ( 'NONE', #5218 ) ;
#4899 = VERTEX_POINT ( 'NONE', #4475 ) ;
#4900 = PLANE ( 'NONE',  #2847 ) ;
#4901 = LINE ( 'NONE', #1128, #6822 ) ;
#4902 = CIRCLE ( 'NONE', #8341, 6.999999999999942268 ) ;
#4903 = CARTESIAN_POINT ( 'NONE',  ( 32.47595264191693332, 147.4213562373095385, -49.99999999999998579 ) ) ;
#4904 = DIRECTION ( 'NONE',  ( -0.9396926207859013225, 0.000000000000000000, -0.3420201433256878643 ) ) ;
#4905 = ORIENTED_EDGE ( 'NONE', *, *, #8727, .T. ) ;
#4906 = CARTESIAN_POINT ( 'NONE',  ( 45.46633369868351338, 147.4213562373095385, -4.592625337882893652E-17 ) ) ;
#4907 = LINE ( 'NONE', #4268, #3447 ) ;
#4908 = VERTEX_POINT ( 'NONE', #748 ) ;
#4909 = EDGE_CURVE ( 'NONE', #7905, #3122, #795, .T. ) ;
#4910 = CARTESIAN_POINT ( 'NONE',  ( 48.35308504463206702, 0.000000000000000000, 50.00000000000000000 ) ) ;
#4911 = EDGE_LOOP ( 'NONE', ( #5682, #511, #5491, #9150 ) ) ;
#4912 = VERTEX_POINT ( 'NONE', #8310 ) ;
#4913 = PLANE ( 'NONE',  #2621 ) ;
#4914 = CARTESIAN_POINT ( 'NONE',  ( -50.00000000000000000, 0.000000000000000000, 50.00000000000000000 ) ) ;
#4915 = VECTOR ( 'NONE', #5758, 1000.000000000000114 ) ;
#4916 = EDGE_CURVE ( 'NONE', #6641, #9093, #1583, .T. ) ;
#4917 = CARTESIAN_POINT ( 'NONE',  ( 35.96815219932086904, 147.4213562373095385, -13.74999999999999467 ) ) ;
#4918 = ADVANCED_FACE ( 'NONE', ( #6237 ), #194, .T. ) ;
#4919 = DIRECTION ( 'NONE',  ( 0.000000000000000000, 0.000000000000000000, 1.000000000000000000 ) ) ;
#4920 = FACE_BOUND ( 'NONE', #3369, .T. ) ;
#4921 = ORIENTED_EDGE ( 'NONE', *, *, #7335, .T. ) ;
#4922 = FACE_OUTER_BOUND ( 'NONE', #5468, .T. ) ;
#4923 = EDGE_CURVE ( 'NONE', #4314, #2171, #8425, .T. ) ;
#4924 = CIRCLE ( 'NONE', #3199, 61.96152422706627760 ) ;
#4925 = LINE ( 'NONE', #9408, #5172 ) ;
#4926 = ADVANCED_FACE ( 'NONE', ( #4012 ), #2540, .T. ) ;
#4927 = ORIENTED_EDGE ( 'NONE', *, *, #1856, .F. ) ;
#4928 = FACE_OUTER_BOUND ( 'NONE', #8739, .T. ) ;
#4929 = AXIS2_PLACEMENT_3D ( 'NONE', #7396, #3657, #6661 ) ;
#4930 = CARTESIAN_POINT ( 'NONE',  ( 77.67962342022298117, 8.999999999999955591, -51.71195653594099895 ) ) ;
#4931 = CARTESIAN_POINT ( 'NONE',  ( 3.673940397442059967E-15, 147.4213562373095385, 30.00000000000000000 ) ) ;
#4932 = VECTOR ( 'NONE', #266, 1000.000000000000114 ) ;
#4933 = VERTEX_POINT ( 'NONE', #8494 ) ;
#4934 = CARTESIAN_POINT ( 'NONE',  ( 14.06489273736415058, 6.000000000000005329, 18.11110882412113199 ) ) ;
#4935 = PLANE ( 'NONE',  #9096 ) ;
#4936 = CARTESIAN_POINT ( 'NONE',  ( 22.73316684934176379, 6.000000000000005329, 39.37499999999995737 ) ) ;
#4937 = VERTEX_POINT ( 'NONE', #6928 ) ;
#4938 = ORIENTED_EDGE ( 'NONE', *, *, #2339, .F. ) ;
#4939 = DIRECTION ( 'NONE',  ( -0.8757795372522668709, -0.4330127018922231841, 0.2133312028986894260 ) ) ;
#4940 = CARTESIAN_POINT ( 'NONE',  ( 54.69999999999859597, 0.000000000000000000, -54.69999999999979678 ) ) ;
#4941 = DIRECTION ( 'NONE',  ( 0.8757795372522685362, -0.4330127018922241278, 0.2133312028986814046 ) ) ;
#4942 = EDGE_CURVE ( 'NONE', #4490, #4210, #1820, .T. ) ;
#4943 = ORIENTED_EDGE ( 'NONE', *, *, #8834, .F. ) ;
#4944 = LINE ( 'NONE', #7796, #1786 ) ;
#4945 = ORIENTED_EDGE ( 'NONE', *, *, #3049, .F. ) ;
#4946 = DIRECTION ( 'NONE',  ( -1.000000000000000000, 0.000000000000000000, 0.000000000000000000 ) ) ;
#4947 = VECTOR ( 'NONE', #9694, 1000.000000000000000 ) ;
#4948 = EDGE_LOOP ( 'NONE', ( #2899, #2733, #8312, #4173 ) ) ;
#4949 = ORIENTED_EDGE ( 'NONE', *, *, #6125, .T. ) ;
#4950 = FACE_OUTER_BOUND ( 'NONE', #7814, .T. ) ;
#4951 = FACE_OUTER_BOUND ( 'NONE', #7207, .T. ) ;
#4952 = EDGE_CURVE ( 'NONE', #1443, #581, #2446, .T. ) ;
#4953 = VECTOR ( 'NONE', #9184, 1000.000000000000000 ) ;
#4954 = DIRECTION ( 'NONE',  ( 0.000000000000000000, 0.000000000000000000, -1.000000000000000000 ) ) ;
#4955 = DIRECTION ( 'NONE',  ( 0.000000000000000000, 0.000000000000000000, -1.000000000000000000 ) ) ;
#4956 = ORIENTED_EDGE ( 'NONE', *, *, #2094, .T. ) ;
#4957 = DIRECTION ( 'NONE',  ( -0.4999999999999998335, 0.000000000000000000, 0.8660254037844387076 ) ) ;
#4958 = LINE ( 'NONE', #6443, #6270 ) ;
#4959 = DIRECTION ( 'NONE',  ( -0.7660444431189713521, 0.000000000000000000, -0.6427876096865472455 ) ) ;
#4960 = CARTESIAN_POINT ( 'NONE',  ( -50.00000000000000000, 6.000000000000000000, 50.00000000000000000 ) ) ;
#4961 = VERTEX_POINT ( 'NONE', #3335 ) ;
#4962 = EDGE_LOOP ( 'NONE', ( #5101, #5200, #4205, #8728 ) ) ;
#4963 = ORIENTED_EDGE ( 'NONE', *, *, #7318, .T. ) ;
#4964 = ORIENTED_EDGE ( 'NONE', *, *, #7457, .T. ) ;
#4965 = CARTESIAN_POINT ( 'NONE',  ( 8.660254037844387298, 6.000000000000005329, -4.592625337882893652E-17 ) ) ;
#4966 = AXIS2_PLACEMENT_3D ( 'NONE', #2048, #2620, #8091 ) ;
#4967 = DIRECTION ( 'NONE',  ( 0.000000000000000000, 1.000000000000000000, 0.000000000000000000 ) ) ;
#4968 = ADVANCED_FACE ( 'NONE', ( #2587 ), #4853, .F. ) ;
#4969 = EDGE_CURVE ( 'NONE', #9311, #3079, #5545, .T. ) ;
#4970 = LINE ( 'NONE', #7979, #4656 ) ;
#4971 = DIRECTION ( 'NONE',  ( 0.5000000000000006661, 0.000000000000000000, 0.8660254037844382635 ) ) ;
#4972 = DIRECTION ( 'NONE',  ( -0.8789733129752194118, 0.4768709627114730010, 0.000000000000000000 ) ) ;
#4973 = ORIENTED_EDGE ( 'NONE', *, *, #1091, .F. ) ;
#4974 = VECTOR ( 'NONE', #6093, 1000.000000000000000 ) ;
#4975 = CARTESIAN_POINT ( 'NONE',  ( 22.73316684934198051, 147.4213562373095385, -45.62499999999995737 ) ) ;
#4976 = VECTOR ( 'NONE', #35, 1000.000000000000114 ) ;
#4977 = CARTESIAN_POINT ( 'NONE',  ( 48.18039637606665337, 6.000000000000000000, -87.18281677883985026 ) ) ;
#4978 = VERTEX_POINT ( 'NONE', #7018 ) ;
#4979 = CARTESIAN_POINT ( 'NONE',  ( -87.70925405845105161, -9.486715189943401683, -55.36244354894026998 ) ) ;
#4980 = VECTOR ( 'NONE', #5510, 1000.000000000000000 ) ;
#4981 = DIRECTION ( 'NONE',  ( -0.000000000000000000, -1.000000000000000000, -0.000000000000000000 ) ) ;
#4982 = DIRECTION ( 'NONE',  ( 1.000000000000000000, 0.000000000000000000, -1.001543065824772852E-16 ) ) ;
#4983 = ORIENTED_EDGE ( 'NONE', *, *, #6423, .F. ) ;
#4984 = LINE ( 'NONE', #6513, #9174 ) ;
#4985 = EDGE_CURVE ( 'NONE', #8853, #2099, #2494, .T. ) ;
#4986 = LINE ( 'NONE', #8517, #4689 ) ;
#4987 = CARTESIAN_POINT ( 'NONE',  ( -45.46633369868351338, 147.4213562373095385, -4.592625337882893652E-17 ) ) ;
#4988 = ORIENTED_EDGE ( 'NONE', *, *, #1981, .T. ) ;
#4989 = EDGE_CURVE ( 'NONE', #2487, #6366, #1078, .T. ) ;
#4990 = VERTEX_POINT ( 'NONE', #932 ) ;
#4991 = DIRECTION ( 'NONE',  ( -0.09485932030786409230, -0.9607689228305258400, 0.2606238405706607364 ) ) ;
#4992 = CIRCLE ( 'NONE', #7194, 51.96152422706639129 ) ;
#4993 = LINE ( 'NONE', #5931, #5184 ) ;
#4994 = CARTESIAN_POINT ( 'NONE',  ( -96.95441172355114645, -1.986715189943540016, 67.94291491834900398 ) ) ;
#4995 = ORIENTED_EDGE ( 'NONE', *, *, #6858, .F. ) ;
#4996 = CARTESIAN_POINT ( 'NONE',  ( -25.49447007271229637, 147.4213562373095385, -7.907717477981892173 ) ) ;
#4997 = VERTEX_POINT ( 'NONE', #3925 ) ;
#4998 = CARTESIAN_POINT ( 'NONE',  ( 49.99999999999997158, 6.000000000000005329, 16.60254037844294928 ) ) ;
#4999 = COORDINATED_UNIVERSAL_TIME_OFFSET ( 7, 0, .BEHIND. ) ;
#5000 = ORIENTED_EDGE ( 'NONE', *, *, #2427, .T. ) ;
#5001 = ORIENTED_EDGE ( 'NONE', *, *, #2113, .F. ) ;
#5002 = ORIENTED_EDGE ( 'NONE', *, *, #5516, .T. ) ;
#5003 = CARTESIAN_POINT ( 'NONE',  ( -50.00000000000000000, 147.4213562373095385, -25.89745962155733139 ) ) ;
#5004 = LINE ( 'NONE', #2114, #8915 ) ;
#5005 = ADVANCED_FACE ( 'NONE', ( #8448 ), #8596, .F. ) ;
#5006 = AXIS2_PLACEMENT_3D ( 'NONE', #9065, #3158, #7539 ) ;
#5007 = DIRECTION ( 'NONE',  ( -0.7030969734007188610, -0.2500000000000085487, 0.6656986149863500790 ) ) ;
#5008 = VERTEX_POINT ( 'NONE', #1726 ) ;
#5009 = FACE_OUTER_BOUND ( 'NONE', #1284, .T. ) ;
#5010 = DIRECTION ( 'NONE',  ( 0.5000000000000007772, 0.000000000000000000, -0.8660254037844381525 ) ) ;
#5011 = DIRECTION ( 'NONE',  ( -0.6427876096865472455, 0.000000000000000000, 0.7660444431189713521 ) ) ;
#5012 = CARTESIAN_POINT ( 'NONE',  ( -4.330127018922264703, 6.000000000000005329, 13.74999999999999822 ) ) ;
#5013 = EDGE_CURVE ( 'NONE', #1019, #7973, #4705, .T. ) ;
#5014 = VECTOR ( 'NONE', #4175, 1000.000000000000000 ) ;
#5015 = VERTEX_POINT ( 'NONE', #7119 ) ;
#5016 = AXIS2_PLACEMENT_3D ( 'NONE', #8427, #6022, #1656 ) ;
#5017 = VERTEX_POINT ( 'NONE', #7861 ) ;
#5018 = EDGE_LOOP ( 'NONE', ( #212, #8850 ) ) ;
#5019 = EDGE_CURVE ( 'NONE', #4174, #8212, #3967, .T. ) ;
#5020 = VECTOR ( 'NONE', #7151, 1000.000000000000000 ) ;
#5021 = ORIENTED_EDGE ( 'NONE', *, *, #6563, .F. ) ;
#5022 = DIRECTION ( 'NONE',  ( 0.000000000000000000, 0.000000000000000000, -1.000000000000000000 ) ) ;
#5023 = DIRECTION ( 'NONE',  ( 0.000000000000000000, 0.000000000000000000, 1.000000000000000000 ) ) ;
#5024 = LINE ( 'NONE', #2031, #3409 ) ;
#5025 = CIRCLE ( 'NONE', #3292, 61.96152422706639840 ) ;
#5026 = CARTESIAN_POINT ( 'NONE',  ( -9.742785792575173076, 6.000000000000005329, -31.87499999999996447 ) ) ;
#5027 = DIRECTION ( 'NONE',  ( -0.000000000000000000, -1.000000000000000000, -0.000000000000000000 ) ) ;
#5028 = ORIENTED_EDGE ( 'NONE', *, *, #5019, .T. ) ;
#5029 = VECTOR ( 'NONE', #2223, 1000.000000000000114 ) ;
#5030 = LINE ( 'NONE', #5180, #1892 ) ;
#5031 = EDGE_CURVE ( 'NONE', #3479, #9422, #4747, .T. ) ;
#5032 = LINE ( 'NONE', #4483, #8103 ) ;
#5033 = CARTESIAN_POINT ( 'NONE',  ( -29.89192540169685586, 147.4213562373095385, -24.27433353179683451 ) ) ;
#5034 = DIRECTION ( 'NONE',  ( 6.938893903907228378E-17, 0.000000000000000000, -1.000000000000000000 ) ) ;
#5035 = DIRECTION ( 'NONE',  ( 0.5000000000000067724, 0.000000000000000000, 0.8660254037844347108 ) ) ;
#5036 = DIRECTION ( 'NONE',  ( -0.000000000000000000, -1.000000000000000000, -0.000000000000000000 ) ) ;
#5037 = EDGE_LOOP ( 'NONE', ( #1072, #7931, #8521, #4711 ) ) ;
#5038 = LINE ( 'NONE', #4291, #1800 ) ;
#5039 = LINE ( 'NONE', #4400, #3135 ) ;
#5040 = DIRECTION ( 'NONE',  ( -0.4999999999999997224, 0.000000000000000000, -0.8660254037844388186 ) ) ;
#5041 = VECTOR ( 'NONE', #4466, 1000.000000000000000 ) ;
#5042 = ORIENTED_EDGE ( 'NONE', *, *, #5632, .F. ) ;
#5043 = VERTEX_POINT ( 'NONE', #338 ) ;
#5044 = CARTESIAN_POINT ( 'NONE',  ( -19.59551925823888396, 0.000000000000000000, -18.12499999999996092 ) ) ;
#5045 = CARTESIAN_POINT ( 'NONE',  ( 9.742785792574935044, 0.000000000000000000, -10.62499999999999822 ) ) ;
#5046 = ORIENTED_EDGE ( 'NONE', *, *, #7150, .T. ) ;
#5047 = LINE ( 'NONE', #2197, #2562 ) ;
#5048 = EDGE_CURVE ( 'NONE', #4022, #2321, #7758, .T. ) ;
#5049 = VERTEX_POINT ( 'NONE', #1026 ) ;
#5050 = LINE ( 'NONE', #7363, #2556 ) ;
#5051 = ORIENTED_EDGE ( 'NONE', *, *, #1744, .T. ) ;
#5052 = EDGE_CURVE ( 'NONE', #7138, #3817, #289, .T. ) ;
#5053 = EDGE_LOOP ( 'NONE', ( #1108, #6132, #2530, #7857 ) ) ;
#5054 = EDGE_LOOP ( 'NONE', ( #5281, #188, #6914, #682 ) ) ;
#5055 = PLANE ( 'NONE',  #380 ) ;
#5056 = DIRECTION ( 'NONE',  ( 0.8660254037844387076, -0.000000000000000000, 0.5000000000000001110 ) ) ;
#5057 = CARTESIAN_POINT ( 'NONE',  ( 14.07291281149715090, 147.4213562373095385, -3.124999999999960920 ) ) ;
#5058 = EDGE_LOOP ( 'NONE', ( #2330, #8073, #586, #8024 ) ) ;
#5059 = CARTESIAN_POINT ( 'NONE',  ( -66.00000000000000000, 0.000000000000000000, -38.22385819845018062 ) ) ;
#5060 = PLANE ( 'NONE',  #6591 ) ;
#5061 = DIRECTION ( 'NONE',  ( -0.000000000000000000, -1.000000000000000000, -0.000000000000000000 ) ) ;
#5062 = CARTESIAN_POINT ( 'NONE',  ( -14.07291281149758966, 6.000000000000005329, 45.62499999999995737 ) ) ;
#5063 = ORIENTED_EDGE ( 'NONE', *, *, #6012, .F. ) ;
#5064 = VERTEX_POINT ( 'NONE', #4163 ) ;
#5065 = EDGE_LOOP ( 'NONE', ( #9628, #6269, #232, #3912 ) ) ;
#5066 = ORIENTED_EDGE ( 'NONE', *, *, #3404, .F. ) ;
#5067 = CARTESIAN_POINT ( 'NONE',  ( -45.46633369868351338, 6.000000000000005329, -4.592625337882893652E-17 ) ) ;
#5068 = VECTOR ( 'NONE', #4693, 1000.000000000000114 ) ;
#5069 = DIRECTION ( 'NONE',  ( 0.000000000000000000, -0.000000000000000000, 1.000000000000000000 ) ) ;
#5070 = LINE ( 'NONE', #4381, #1541 ) ;
#5071 = CARTESIAN_POINT ( 'NONE',  ( 49.99999999999999289, 0.000000000000000000, 37.85254037844265440 ) ) ;
#5072 = ADVANCED_FACE ( 'NONE', ( #5790 ), #8109, .F. ) ;
#5073 = DIRECTION ( 'NONE',  ( -0.5337593939265747878, 0.4330127018922070303, -0.7263614178872292992 ) ) ;
#5074 = ORIENTED_EDGE ( 'NONE', *, *, #5252, .F. ) ;
#5075 = CARTESIAN_POINT ( 'NONE',  ( 83.46282394258763304, -5.728384940746060749, -86.06226691517680649 ) ) ;
#5076 = CARTESIAN_POINT ( 'NONE',  ( -69.31444149377422548, 13.49999999999950262, 67.09883832977483564 ) ) ;
#5077 = EDGE_CURVE ( 'NONE', #2060, #6135, #8642, .T. ) ;
#5078 = AXIS2_PLACEMENT_3D ( 'NONE', #2408, #9705, #4572 ) ;
#5079 = PLANE ( 'NONE',  #7237 ) ;
#5080 = CARTESIAN_POINT ( 'NONE',  ( -70.99180026031160651, 17.25833024919703718, -81.52318550399952812 ) ) ;
#5081 = EDGE_CURVE ( 'NONE', #8376, #5343, #8063, .T. ) ;
#5082 = CARTESIAN_POINT ( 'NONE',  ( 14.07291281149715090, 6.000000000000005329, 3.124999999999960920 ) ) ;
#5083 = ADVANCED_FACE ( 'NONE', ( #2068 ), #3534, .T. ) ;
#5084 = ORIENTED_EDGE ( 'NONE', *, *, #2969, .F. ) ;
#5085 = CARTESIAN_POINT ( 'NONE',  ( -79.37756954555035804, -7.579231339097894704, -87.91339593296397936 ) ) ;
#5086 = DIRECTION ( 'NONE',  ( -0.5000000000000043299, 0.000000000000000000, -0.8660254037844361541 ) ) ;
#5087 = CARTESIAN_POINT ( 'NONE',  ( 41.13620667976131529, 6.000000000000005329, 7.500000000000000000 ) ) ;
#5088 = CIRCLE ( 'NONE', #2726, 61.96152422706628471 ) ;
#5089 = AXIS2_PLACEMENT_3D ( 'NONE', #1526, #3783, #4422 ) ;
#5090 = ORIENTED_EDGE ( 'NONE', *, *, #6553, .F. ) ;
#5091 = ORIENTED_EDGE ( 'NONE', *, *, #4796, .T. ) ;
#5092 = CARTESIAN_POINT ( 'NONE',  ( -4.330127018922264703, 6.000000000000005329, 13.74999999999999822 ) ) ;
#5093 = CIRCLE ( 'NONE', #7750, 4.000000000000009770 ) ;
#5094 = CARTESIAN_POINT ( 'NONE',  ( 28.14582562299473878, 6.000000000000005329, 21.24999999999999289 ) ) ;
#5095 = EDGE_CURVE ( 'NONE', #4878, #7138, #536, .T. ) ;
#5096 = EDGE_CURVE ( 'NONE', #3122, #3601, #7963, .T. ) ;
#5097 = CARTESIAN_POINT ( 'NONE',  ( 10.17883965411065184, 0.000000000000000000, -31.11973255698393359 ) ) ;
#5098 = ORIENTED_EDGE ( 'NONE', *, *, #512, .T. ) ;
#5099 = FACE_OUTER_BOUND ( 'NONE', #1761, .T. ) ;
#5100 = ORIENTED_EDGE ( 'NONE', *, *, #4497, .F. ) ;
#5101 = ORIENTED_EDGE ( 'NONE', *, *, #5948, .F. ) ;
#5102 = CARTESIAN_POINT ( 'NONE',  ( 4.330127018922193649, 147.4213562373095385, 7.500000000000000000 ) ) ;
#5103 = PERSON_AND_ORGANIZATION_ROLE ( 'creator' ) ;
#5104 = ORIENTED_EDGE ( 'NONE', *, *, #2058, .T. ) ;
#5105 = APPROVAL ( #6326, 'UNSPECIFIED' ) ;
#5106 = ORIENTED_EDGE ( 'NONE', *, *, #3075, .F. ) ;
#5107 = EDGE_CURVE ( 'NONE', #6973, #1475, #7912, .T. ) ;
#5108 = DIRECTION ( 'NONE',  ( 0.8789733129752216323, -0.4768709627114691707, 0.000000000000000000 ) ) ;
#5109 = EDGE_CURVE ( 'NONE', #7521, #6579, #5004, .T. ) ;
#5110 = LINE ( 'NONE', #1383, #7798 ) ;
#5111 = ORIENTED_EDGE ( 'NONE', *, *, #7842, .F. ) ;
#5112 = ADVANCED_FACE ( 'NONE', ( #3436 ), #6439, .F. ) ;
#5113 = LINE ( 'NONE', #8749, #5395 ) ;
#5114 = DIRECTION ( 'NONE',  ( -0.5000000000000013323, 0.000000000000000000, -0.8660254037844379305 ) ) ;
#5115 = VECTOR ( 'NONE', #3688, 1000.000000000000000 ) ;
#5116 = DIRECTION ( 'NONE',  ( 0.5000000000000007772, 0.000000000000000000, -0.8660254037844381525 ) ) ;
#5117 = FACE_OUTER_BOUND ( 'NONE', #6220, .T. ) ;
#5118 = EDGE_CURVE ( 'NONE', #485, #8294, #1212, .T. ) ;
#5119 = EDGE_LOOP ( 'NONE', ( #5739, #5336, #9193, #6095 ) ) ;
#5120 = VERTEX_POINT ( 'NONE', #4264 ) ;
#5121 = VERTEX_POINT ( 'NONE', #590 ) ;
#5122 = VECTOR ( 'NONE', #8965, 1000.000000000000000 ) ;
#5123 = EDGE_CURVE ( 'NONE', #4518, #9646, #5695, .T. ) ;
#5124 = LINE ( 'NONE', #8121, #350 ) ;
#5125 = CARTESIAN_POINT ( 'NONE',  ( -66.00000000000132161, 6.000000000000000000, 38.22385819845064958 ) ) ;
#5126 = VECTOR ( 'NONE', #5679, 1000.000000000000114 ) ;
#5127 = ADVANCED_FACE ( 'NONE', ( #8746 ), #8017, .T. ) ;
#5128 = DIRECTION ( 'NONE',  ( 0.3420201433256944146, -1.998646339099526433E-14, -0.9396926207858991020 ) ) ;
#5129 = LINE ( 'NONE', #658, #2849 ) ;
#5130 = DIRECTION ( 'NONE',  ( 0.4698463103929532703, 0.8660254037844400399, 0.1710100716628305539 ) ) ;
#5131 = ORIENTED_EDGE ( 'NONE', *, *, #2626, .F. ) ;
#5132 = DIRECTION ( 'NONE',  ( 0.000000000000000000, -1.000000000000000000, 0.000000000000000000 ) ) ;
#5133 = CARTESIAN_POINT ( 'NONE',  ( -50.00000000000000000, 0.000000000000000000, 50.00000000000000000 ) ) ;
#5134 = LINE ( 'NONE', #1406, #5407 ) ;
#5135 = VECTOR ( 'NONE', #4013, 999.9999999999998863 ) ;
#5136 = DIRECTION ( 'NONE',  ( 0.000000000000000000, 1.000000000000000000, 0.000000000000000000 ) ) ;
#5137 = DIRECTION ( 'NONE',  ( 0.8660254037844389297, 0.000000000000000000, -0.4999999999999996114 ) ) ;
#5138 = VERTEX_POINT ( 'NONE', #7225 ) ;
#5139 = AXIS2_PLACEMENT_3D ( 'NONE', #3449, #9598, #3548 ) ;
#5140 = CARTESIAN_POINT ( 'NONE',  ( 14.07291281149715090, 0.000000000000000000, -3.124999999999960920 ) ) ;
#5141 = EDGE_CURVE ( 'NONE', #5357, #5015, #6535, .T. ) ;
#5142 = DIRECTION ( 'NONE',  ( -0.09485932030787480596, -0.9607689228305206219, -0.2606238405706758354 ) ) ;
#5143 = CARTESIAN_POINT ( 'NONE',  ( -25.25907427704661856, 0.000000000000000000, -50.00000000000000000 ) ) ;
#5144 = ORIENTED_EDGE ( 'NONE', *, *, #1031, .T. ) ;
#5145 = AXIS2_PLACEMENT_3D ( 'NONE', #3500, #6500, #2758 ) ;
#5146 = VERTEX_POINT ( 'NONE', #9484 ) ;
#5147 = DIRECTION ( 'NONE',  ( -0.4999999999999990563, 0.000000000000000000, 0.8660254037844391517 ) ) ;
#5148 = LINE ( 'NONE', #576, #8463 ) ;
#5149 = LINE ( 'NONE', #2980, #7315 ) ;
#5150 = VERTEX_POINT ( 'NONE', #5844 ) ;
#5151 = CARTESIAN_POINT ( 'NONE',  ( -71.72233712427414787, 11.59251614915381445, -50.82336213776299871 ) ) ;
#5152 = VECTOR ( 'NONE', #1600, 1000.000000000000000 ) ;
#5153 = ORIENTED_EDGE ( 'NONE', *, *, #3176, .F. ) ;
#5154 = VERTEX_POINT ( 'NONE', #2742 ) ;
#5155 = CARTESIAN_POINT ( 'NONE',  ( -24.25777877760970824, 6.000000000000005329, -27.01570532158559246 ) ) ;
#5156 = EDGE_CURVE ( 'NONE', #2387, #6300, #7370, .T. ) ;
#5157 = VECTOR ( 'NONE', #4982, 1000.000000000000000 ) ;
#5158 = ORIENTED_EDGE ( 'NONE', *, *, #5392, .T. ) ;
#5159 = EDGE_CURVE ( 'NONE', #6649, #5569, #5110, .T. ) ;
#5160 = ORIENTED_EDGE ( 'NONE', *, *, #4263, .F. ) ;
#5161 = EDGE_LOOP ( 'NONE', ( #414, #5576 ) ) ;
#5162 = LINE ( 'NONE', #8205, #4732 ) ;
#5163 = DIRECTION ( 'NONE',  ( -0.000000000000000000, -1.000000000000000000, -0.000000000000000000 ) ) ;
#5164 = CARTESIAN_POINT ( 'NONE',  ( -32.47595264191693332, 6.000000000000005329, 13.74999999999999467 ) ) ;
#5165 = PLANE ( 'NONE',  #6385 ) ;
#5166 = DIRECTION ( 'NONE',  ( -0.4999999999999996114, 0.000000000000000000, -0.8660254037844389297 ) ) ;
#5167 = VERTEX_POINT ( 'NONE', #1279 ) ;
#5168 = ORIENTED_EDGE ( 'NONE', *, *, #9636, .F. ) ;
#5169 = EDGE_LOOP ( 'NONE', ( #4679, #5749, #9551, #1563 ) ) ;
#5170 = ORIENTED_EDGE ( 'NONE', *, *, #373, .F. ) ;
#5171 = CYLINDRICAL_SURFACE ( 'NONE', #4582, 6.999999999999942268 ) ;
#5172 = VECTOR ( 'NONE', #1988, 1000.000000000000114 ) ;
#5173 = VECTOR ( 'NONE', #5318, 1000.000000000000227 ) ;
#5174 = DIRECTION ( 'NONE',  ( 0.4698463103929532703, 0.8660254037844400399, 0.1710100716628305539 ) ) ;
#5175 = DIRECTION ( 'NONE',  ( 0.1107007079486457130, 0.2499999999999868439, -0.9618967477123909759 ) ) ;
#5176 = CARTESIAN_POINT ( 'NONE',  ( -77.90864772864858878, 12.33809673898022119, -67.98743272795279324 ) ) ;
#5177 = CARTESIAN_POINT ( 'NONE',  ( 49.99999999999998579, 147.4213562373095385, -25.89745962155736692 ) ) ;
#5178 = EDGE_CURVE ( 'NONE', #3650, #6217, #7341, .T. ) ;
#5179 = ORIENTED_EDGE ( 'NONE', *, *, #1062, .T. ) ;
#5180 = CARTESIAN_POINT ( 'NONE',  ( -50.00000000000000000, 6.000000000000000000, 50.00000000000000000 ) ) ;
#5181 = AXIS2_PLACEMENT_3D ( 'NONE', #8646, #2592, #1774 ) ;
#5182 = ADVANCED_FACE ( 'NONE', ( #3731 ), #5894, .F. ) ;
#5183 = DIRECTION ( 'NONE',  ( 0.4698463103929487183, 0.8660254037844400399, -0.1710100716628430717 ) ) ;
#5184 = VECTOR ( 'NONE', #6521, 1000.000000000000000 ) ;
#5185 = DIRECTION ( 'NONE',  ( -0.5000000000000000000, 0.000000000000000000, -0.8660254037844385966 ) ) ;
#5186 = VECTOR ( 'NONE', #4085, 1000.000000000000000 ) ;
#5187 = DIRECTION ( 'NONE',  ( -1.000000000000000000, -0.000000000000000000, -0.000000000000000000 ) ) ;
#5188 = LINE ( 'NONE', #8089, #3057 ) ;
#5189 = CARTESIAN_POINT ( 'NONE',  ( 77.96702912130204766, 14.99999999999994316, -81.30738249685771279 ) ) ;
#5190 = CARTESIAN_POINT ( 'NONE',  ( 84.48338804127510571, 20.99999999999955591, 63.40383350717172561 ) ) ;
#5191 = ORIENTED_EDGE ( 'NONE', *, *, #3898, .T. ) ;
#5192 = ORIENTED_EDGE ( 'NONE', *, *, #5598, .F. ) ;
#5193 = LINE ( 'NONE', #5977, #6369 ) ;
#5194 = CARTESIAN_POINT ( 'NONE',  ( 49.99999999999997158, 0.000000000000000000, 4.647459621557030296 ) ) ;
#5195 = PLANE ( 'NONE',  #7628 ) ;
#5196 = AXIS2_PLACEMENT_3D ( 'NONE', #8511, #3459, #7884 ) ;
#5197 = EDGE_LOOP ( 'NONE', ( #8386, #1711, #8298, #2388 ) ) ;
#5198 = CARTESIAN_POINT ( 'NONE',  ( 62.31615240352028451, 7.092516149154088900, -84.26290891996461596 ) ) ;
#5199 = VERTEX_POINT ( 'NONE', #7559 ) ;
#5200 = ORIENTED_EDGE ( 'NONE', *, *, #2838, .T. ) ;
#5201 = CARTESIAN_POINT ( 'NONE',  ( 25.25907427704662922, 0.000000000000000000, -50.00000000000000000 ) ) ;
#5202 = VERTEX_POINT ( 'NONE', #7418 ) ;
#5203 = ORIENTED_EDGE ( 'NONE', *, *, #1061, .F. ) ;
#5204 = EDGE_CURVE ( 'NONE', #8288, #7847, #6082, .T. ) ;
#5205 = ORIENTED_EDGE ( 'NONE', *, *, #583, .T. ) ;
#5206 = DIRECTION ( 'NONE',  ( 0.000000000000000000, 0.000000000000000000, -1.000000000000000000 ) ) ;
#5207 = ORIENTED_EDGE ( 'NONE', *, *, #2823, .T. ) ;
#5208 = FACE_OUTER_BOUND ( 'NONE', #4911, .T. ) ;
#5209 = EDGE_CURVE ( 'NONE', #6904, #6592, #820, .T. ) ;
#5210 = CARTESIAN_POINT ( 'NONE',  ( -72.62888298754661776, 20.99999999999993605, 95.97381846109878722 ) ) ;
#5211 = LINE ( 'NONE', #6690, #6772 ) ;
#5212 = LINE ( 'NONE', #2997, #8250 ) ;
#5213 = ORIENTED_EDGE ( 'NONE', *, *, #5666, .F. ) ;
#5214 = EDGE_LOOP ( 'NONE', ( #7510, #1872, #8490, #2545 ) ) ;
#5215 = ORIENTED_EDGE ( 'NONE', *, *, #1990, .F. ) ;
#5216 = ORIENTED_EDGE ( 'NONE', *, *, #9164, .F. ) ;
#5217 = CYLINDRICAL_SURFACE ( 'NONE', #3173, 61.96152422706629181 ) ;
#5218 = CARTESIAN_POINT ( 'NONE',  ( -22.73316684934176379, 0.000000000000000000, -39.37499999999995737 ) ) ;
#5219 = EDGE_CURVE ( 'NONE', #8722, #9678, #3084, .T. ) ;
#5220 = LINE ( 'NONE', #5315, #4198 ) ;
#5221 = CARTESIAN_POINT ( 'NONE',  ( -45.46633369868351338, 0.000000000000000000, -21.24999999999999289 ) ) ;
#5222 = LINE ( 'NONE', #6703, #7999 ) ;
#5223 = VERTEX_POINT ( 'NONE', #9083 ) ;
#5224 = FACE_OUTER_BOUND ( 'NONE', #2429, .T. ) ;
#5225 = AXIS2_PLACEMENT_3D ( 'NONE', #8393, #9272, #1067 ) ;
#5226 = CARTESIAN_POINT ( 'NONE',  ( 85.28138980357267940, 12.75855025242442586, -49.86024169478056223 ) ) ;
#5227 = EDGE_CURVE ( 'NONE', #7242, #4104, #2343, .T. ) ;
#5228 = CARTESIAN_POINT ( 'NONE',  ( 49.99999999999997868, 0.000000000000000000, -4.647459621557000098 ) ) ;
#5229 = CARTESIAN_POINT ( 'NONE',  ( 14.07291281149736051, 6.000000000000005329, 39.37499999999995737 ) ) ;
#5230 = PLANE ( 'NONE',  #7040 ) ;
#5231 = LINE ( 'NONE', #1505, #8625 ) ;
#5232 = ADVANCED_FACE ( 'NONE', ( #8160 ), #686, .F. ) ;
#5233 = DIRECTION ( 'NONE',  ( -0.5234908573499358342, 0.8520312918379402412, 0.000000000000000000 ) ) ;
#5234 = EDGE_CURVE ( 'NONE', #4416, #3238, #1618, .T. ) ;
#5235 = AXIS2_PLACEMENT_3D ( 'NONE', #3338, #2543, #197 ) ;
#5236 = VERTEX_POINT ( 'NONE', #6823 ) ;
#5237 = VERTEX_POINT ( 'NONE', #6687 ) ;
#5238 = CARTESIAN_POINT ( 'NONE',  ( 27.06329386826395123, 6.000000000000005329, 31.87499999999995737 ) ) ;
#5239 = DIRECTION ( 'NONE',  ( -0.5000000000000001110, 0.000000000000000000, -0.8660254037844387076 ) ) ;
#5240 = DIRECTION ( 'NONE',  ( -0.5000000000000000000, 0.000000000000000000, 0.8660254037844385966 ) ) ;
#5241 = VECTOR ( 'NONE', #9632, 1000.000000000000000 ) ;
#5242 = VERTEX_POINT ( 'NONE', #49 ) ;
#5243 = ADVANCED_FACE ( 'NONE', ( #3820 ), #2991, .T. ) ;
#5244 = DIRECTION ( 'NONE',  ( -0.000000000000000000, -1.000000000000000000, -0.000000000000000000 ) ) ;
#5245 = ORIENTED_EDGE ( 'NONE', *, *, #5524, .T. ) ;
#5246 = ORIENTED_EDGE ( 'NONE', *, *, #8727, .F. ) ;
#5247 = LINE ( 'NONE', #5341, #8745 ) ;
#5248 = ORIENTED_EDGE ( 'NONE', *, *, #3200, .T. ) ;
#5249 = ORIENTED_EDGE ( 'NONE', *, *, #283, .T. ) ;
#5250 = AXIS2_PLACEMENT_3D ( 'NONE', #9120, #3076, #3215 ) ;
#5251 = ORIENTED_EDGE ( 'NONE', *, *, #6096, .F. ) ;
#5252 = EDGE_CURVE ( 'NONE', #9140, #2352, #866, .T. ) ;
#5253 = VECTOR ( 'NONE', #1227, 1000.000000000000000 ) ;
#5254 = DIRECTION ( 'NONE',  ( -0.5000000000000000000, 0.000000000000000000, -0.8660254037844385966 ) ) ;
#5256 = FACE_OUTER_BOUND ( 'NONE', #5065, .T. ) ;
#5255 = AXIS2_PLACEMENT_3D ( 'NONE', #9028, #6172, #2282 ) ;
#5257 = LINE ( 'NONE', #8254, #9569 ) ;
#5258 = DIRECTION ( 'NONE',  ( -0.5000000000000001110, 0.000000000000000000, 0.8660254037844387076 ) ) ;
#5259 = CYLINDRICAL_SURFACE ( 'NONE', #2580, 4.000000000000016875 ) ;
#5260 = VERTEX_POINT ( 'NONE', #8345 ) ;
#5261 = ORIENTED_EDGE ( 'NONE', *, *, #2339, .T. ) ;
#5262 = VERTEX_POINT ( 'NONE', #7606 ) ;
#5263 = DIRECTION ( 'NONE',  ( -0.000000000000000000, -1.000000000000000000, -0.000000000000000000 ) ) ;
#5264 = EDGE_CURVE ( 'NONE', #3623, #6693, #5991, .T. ) ;
#5265 = CARTESIAN_POINT ( 'NONE',  ( 72.89294144958255117, -9.486715189943879523, -96.06992788138566652 ) ) ;
#5266 = CARTESIAN_POINT ( 'NONE',  ( 32.47595264191693332, 0.000000000000000000, 7.500000000000000888 ) ) ;
#5267 = FACE_OUTER_BOUND ( 'NONE', #770, .T. ) ;
#5268 = PLANE ( 'NONE',  #5630 ) ;
#5269 = EDGE_LOOP ( 'NONE', ( #5480, #958, #2870, #3363, #2988, #1152 ) ) ;
#5270 = PLANE ( 'NONE',  #6127 ) ;
#5271 = LOCAL_TIME ( 22, 20, 6.000000000000000000, #4999 ) ;
#5272 = DIRECTION ( 'NONE',  ( -0.000000000000000000, -1.000000000000000000, -0.000000000000000000 ) ) ;
#5273 = VECTOR ( 'NONE', #2149, 1000.000000000000227 ) ;
#5274 = EDGE_CURVE ( 'NONE', #3144, #4912, #5162, .T. ) ;
#5275 = EDGE_CURVE ( 'NONE', #2844, #2001, #3682, .T. ) ;
#5276 = CARTESIAN_POINT ( 'NONE',  ( 62.31615240352028451, 7.092516149154088900, 84.26290891996461596 ) ) ;
#5277 = CARTESIAN_POINT ( 'NONE',  ( 28.14582562299473878, 147.4213562373095385, 21.24999999999999289 ) ) ;
#5278 = DIRECTION ( 'NONE',  ( -0.5000000000000000000, 0.000000000000000000, -0.8660254037844385966 ) ) ;
#5279 = PLANE ( 'NONE',  #6278 ) ;
#5280 = CARTESIAN_POINT ( 'NONE',  ( 50.00000000000000000, 6.000000000000000000, -37.85254037844262598 ) ) ;
#5281 = ORIENTED_EDGE ( 'NONE', *, *, #7335, .F. ) ;
#5282 = CIRCLE ( 'NONE', #7637, 3.999999999999993783 ) ;
#5283 = ORIENTED_EDGE ( 'NONE', *, *, #7457, .F. ) ;
#5284 = DIRECTION ( 'NONE',  ( 1.000000000000000000, -0.000000000000000000, 0.000000000000000000 ) ) ;
#5285 = VECTOR ( 'NONE', #7284, 1000.000000000000000 ) ;
#5286 = FACE_BOUND ( 'NONE', #6243, .T. ) ;
#5287 = ADVANCED_FACE ( 'NONE', ( #1478 ), #6781, .T. ) ;
#5288 = ORIENTED_EDGE ( 'NONE', *, *, #5031, .T. ) ;
#5289 = CYLINDRICAL_SURFACE ( 'NONE', #4613, 51.96152422706639129 ) ;
#5290 = ORIENTED_EDGE ( 'NONE', *, *, #8225, .T. ) ;
#5291 = ORIENTED_EDGE ( 'NONE', *, *, #9373, .F. ) ;
#5292 = CARTESIAN_POINT ( 'NONE',  ( -4.330127018922338422, 6.000000000000005329, 49.99999999999999289 ) ) ;
#5293 = EDGE_CURVE ( 'NONE', #6412, #2385, #8944, .T. ) ;
#5294 = AXIS2_PLACEMENT_3D ( 'NONE', #4903, #5056, #7173 ) ;
#5295 = AXIS2_PLACEMENT_3D ( 'NONE', #4779, #3994, #1056 ) ;
#5296 = ORIENTED_EDGE ( 'NONE', *, *, #1856, .T. ) ;
#5297 = EDGE_LOOP ( 'NONE', ( #3266, #6481, #9082, #4003 ) ) ;
#5298 = ORIENTED_EDGE ( 'NONE', *, *, #5799, .T. ) ;
#5299 = ADVANCED_FACE ( 'NONE', ( #733 ), #8988, .F. ) ;
#5300 = VECTOR ( 'NONE', #1881, 1000.000000000000000 ) ;
#5301 = ORIENTED_EDGE ( 'NONE', *, *, #8867, .T. ) ;
#5302 = CARTESIAN_POINT ( 'NONE',  ( 28.14582562299473878, 147.4213562373095385, -42.49999999999998579 ) ) ;
#5303 = EDGE_LOOP ( 'NONE', ( #4373, #2740, #5838, #9695, #934, #4426 ) ) ;
#5304 = DIRECTION ( 'NONE',  ( -0.8137976813493688066, -0.4999999999999977796, -0.2961981327260408414 ) ) ;
#5305 = CARTESIAN_POINT ( 'NONE',  ( -45.46633369868351338, 6.000000000000005329, 42.49999999999998579 ) ) ;
#5306 = DIRECTION ( 'NONE',  ( -0.000000000000000000, 1.000000000000000000, -0.000000000000000000 ) ) ;
#5307 = LINE ( 'NONE', #2211, #9201 ) ;
#5308 = ORIENTED_EDGE ( 'NONE', *, *, #2303, .T. ) ;
#5309 = ORIENTED_EDGE ( 'NONE', *, *, #3825, .F. ) ;
#5310 = ORIENTED_EDGE ( 'NONE', *, *, #6711, .F. ) ;
#5311 = FACE_OUTER_BOUND ( 'NONE', #3584, .T. ) ;
#5312 = FACE_OUTER_BOUND ( 'NONE', #1390, .T. ) ;
#5313 = VECTOR ( 'NONE', #2305, 1000.000000000000000 ) ;
#5314 = CARTESIAN_POINT ( 'NONE',  ( -50.00000000000000000, 6.000000000000000000, 50.00000000000000000 ) ) ;
#5315 = CARTESIAN_POINT ( 'NONE',  ( -78.55942538675439835, 20.99999999999937117, -79.67978713415915593 ) ) ;
#5316 = ORIENTED_EDGE ( 'NONE', *, *, #3223, .T. ) ;
#5317 = CARTESIAN_POINT ( 'NONE',  ( -32.47595264191694042, 0.000000000000000000, 50.00000000000000000 ) ) ;
#5318 = DIRECTION ( 'NONE',  ( -0.5000000000000008882, 0.000000000000000000, -0.8660254037844380415 ) ) ;
#5319 = EDGE_LOOP ( 'NONE', ( #776, #140, #2442, #6841 ) ) ;
#5320 = LINE ( 'NONE', #4528, #7149 ) ;
#5321 = AXIS2_PLACEMENT_3D ( 'NONE', #8080, #1348, #8913 ) ;
#5322 = FACE_OUTER_BOUND ( 'NONE', #7855, .T. ) ;
#5323 = DIRECTION ( 'NONE',  ( 0.3420201433256876422, -0.000000000000000000, -0.9396926207859014335 ) ) ;
#5324 = CARTESIAN_POINT ( 'NONE',  ( 72.62888298754663197, 14.99999999999994316, -95.97381846109878722 ) ) ;
#5325 = CARTESIAN_POINT ( 'NONE',  ( -9.742785792574935044, 147.4213562373095385, -10.62499999999999822 ) ) ;
#5326 = VECTOR ( 'NONE', #518, 1000.000000000000000 ) ;
#5327 = CARTESIAN_POINT ( 'NONE',  ( 49.99999999999999289, 0.000000000000000000, 4.647459621556985887 ) ) ;
#5328 = ADVANCED_FACE ( 'NONE', ( #7849 ), #7656, .F. ) ;
#5329 = ORIENTED_EDGE ( 'NONE', *, *, #7146, .F. ) ;
#5330 = AXIS2_PLACEMENT_3D ( 'NONE', #2817, #5818, #73 ) ;
#5331 = VERTEX_POINT ( 'NONE', #7703 ) ;
#5332 = DIRECTION ( 'NONE',  ( 1.000000000000000000, 0.000000000000000000, -6.713255375082617595E-16 ) ) ;
#5333 = VECTOR ( 'NONE', #3984, 1000.000000000000114 ) ;
#5334 = FACE_BOUND ( 'NONE', #9273, .T. ) ;
#5335 = DIRECTION ( 'NONE',  ( -1.000000000000000000, 0.000000000000000000, 0.000000000000000000 ) ) ;
#5336 = ORIENTED_EDGE ( 'NONE', *, *, #8433, .F. ) ;
#5337 = CARTESIAN_POINT ( 'NONE',  ( 45.22221635007678486, 41.51624119651132361, -85.99860758460253862 ) ) ;
#5338 = ADVANCED_FACE ( 'NONE', ( #2577 ), #6277, .T. ) ;
#5339 = VECTOR ( 'NONE', #7844, 1000.000000000000000 ) ;
#5340 = ORIENTED_EDGE ( 'NONE', *, *, #1630, .T. ) ;
#5341 = CARTESIAN_POINT ( 'NONE',  ( 45.46633369868351338, 6.000000000000005329, -42.49999999999998579 ) ) ;
#5342 = VECTOR ( 'NONE', #8862, 1000.000000000000114 ) ;
#5343 = VERTEX_POINT ( 'NONE', #1762 ) ;
#5344 = VERTEX_POINT ( 'NONE', #231 ) ;
#5345 = ORIENTED_EDGE ( 'NONE', *, *, #8124, .T. ) ;
#5346 = ADVANCED_FACE ( 'NONE', ( #966 ), #1668, .T. ) ;
#5347 = CARTESIAN_POINT ( 'NONE',  ( 45.46633369868351338, 147.4213562373095385, -42.49999999999998579 ) ) ;
#5348 = ORIENTED_EDGE ( 'NONE', *, *, #8449, .F. ) ;
#5349 = DIRECTION ( 'NONE',  ( -1.000000000000000000, 0.000000000000000000, 0.000000000000000000 ) ) ;
#5350 = ORIENTED_EDGE ( 'NONE', *, *, #4394, .F. ) ;
#5351 = CARTESIAN_POINT ( 'NONE',  ( -92.34245936985365688, -5.728164937519062860, 61.66678322122567124 ) ) ;
#5352 = CARTESIAN_POINT ( 'NONE',  ( 49.99999999999999289, 0.000000000000000000, 50.00000000000000000 ) ) ;
#5353 = CARTESIAN_POINT ( 'NONE',  ( -14.06489273736422163, 6.000000000000005329, 18.11110882412125278 ) ) ;
#5354 = FACE_OUTER_BOUND ( 'NONE', #323, .T. ) ;
#5355 = ADVANCED_FACE ( 'NONE', ( #6958 ), #5440, .T. ) ;
#5356 = VERTEX_POINT ( 'NONE', #1807 ) ;
#5357 = VERTEX_POINT ( 'NONE', #5535 ) ;
#5358 = ORIENTED_EDGE ( 'NONE', *, *, #9617, .F. ) ;
#5359 = DIRECTION ( 'NONE',  ( 0.4999999999999990563, 0.000000000000000000, -0.8660254037844391517 ) ) ;
#5360 = PLANE ( 'NONE',  #2673 ) ;
#5361 = AXIS2_PLACEMENT_3D ( 'NONE', #149, #103, #3003 ) ;
#5362 = CARTESIAN_POINT ( 'NONE',  ( -11.54700538379295338, 147.4213562373095385, 50.00000000000000000 ) ) ;
#5363 = AXIS2_PLACEMENT_3D ( 'NONE', #6453, #1934, #3452 ) ;
#5364 = LINE ( 'NONE', #6149, #3721 ) ;
#5365 = ORIENTED_EDGE ( 'NONE', *, *, #5738, .F. ) ;
#5366 = DIRECTION ( 'NONE',  ( -1.000000000000000000, -0.000000000000000000, -0.000000000000000000 ) ) ;
#5367 = LINE ( 'NONE', #3151, #5173 ) ;
#5368 = VERTEX_POINT ( 'NONE', #7057 ) ;
#5369 = LINE ( 'NONE', #7626, #3221 ) ;
#5370 = DIRECTION ( 'NONE',  ( -0.000000000000000000, -1.000000000000000000, -0.000000000000000000 ) ) ;
#5371 = ADVANCED_FACE ( 'NONE', ( #5584 ), #4738, .F. ) ;
#5372 = FACE_OUTER_BOUND ( 'NONE', #9580, .T. ) ;
#5373 = DIRECTION ( 'NONE',  ( 0.8137976813493688066, 0.4999999999999977796, -0.2961981327260409524 ) ) ;
#5374 = DIRECTION ( 'NONE',  ( 0.000000000000000000, 0.000000000000000000, -1.000000000000000000 ) ) ;
#5375 = VECTOR ( 'NONE', #4555, 1000.000000000000000 ) ;
#5376 = DIRECTION ( 'NONE',  ( 0.8789733129752200780, 0.4768709627114717797, 0.000000000000000000 ) ) ;
#5377 = VECTOR ( 'NONE', #2855, 1000.000000000000000 ) ;
#5378 = VERTEX_POINT ( 'NONE', #9132 ) ;
#5379 = ORIENTED_EDGE ( 'NONE', *, *, #8235, .T. ) ;
#5380 = DIRECTION ( 'NONE',  ( 0.9396926207859015445, 2.569016047228651574E-15, -0.3420201433256876977 ) ) ;
#5381 = VECTOR ( 'NONE', #6347, 1000.000000000000000 ) ;
#5382 = EDGE_CURVE ( 'NONE', #7553, #6765, #7007, .T. ) ;
#5383 = EDGE_CURVE ( 'NONE', #6404, #6000, #3916, .T. ) ;
#5384 = FACE_BOUND ( 'NONE', #7647, .T. ) ;
#5385 = LINE ( 'NONE', #4588, #4634 ) ;
#5386 = ORIENTED_EDGE ( 'NONE', *, *, #3796, .T. ) ;
#5387 = CARTESIAN_POINT ( 'NONE',  ( 35.96815219932086904, 0.000000000000000000, -13.74999999999999467 ) ) ;
#5388 = ORIENTED_EDGE ( 'NONE', *, *, #731, .F. ) ;
#5389 = CARTESIAN_POINT ( 'NONE',  ( -72.89294144958255117, -9.486715189943879523, -96.06992788138566652 ) ) ;
#5390 = ORIENTED_EDGE ( 'NONE', *, *, #7870, .F. ) ;
#5391 = ORIENTED_EDGE ( 'NONE', *, *, #7402, .T. ) ;
#5392 = EDGE_CURVE ( 'NONE', #3683, #9326, #6226, .T. ) ;
#5393 = ORIENTED_EDGE ( 'NONE', *, *, #577, .F. ) ;
#5394 = EDGE_CURVE ( 'NONE', #4937, #8853, #9225, .T. ) ;
#5395 = VECTOR ( 'NONE', #2019, 999.9999999999998863 ) ;
#5396 = DIRECTION ( 'NONE',  ( 0.000000000000000000, 0.000000000000000000, 1.000000000000000000 ) ) ;
#5397 = ORIENTED_EDGE ( 'NONE', *, *, #4185, .T. ) ;
#5398 = LINE ( 'NONE', #2228, #7581 ) ;
#5399 = LINE ( 'NONE', #2248, #5708 ) ;
#5400 = DIRECTION ( 'NONE',  ( 0.8660254037844387076, 0.000000000000000000, -0.5000000000000001110 ) ) ;
#5401 = DIRECTION ( 'NONE',  ( 0.9396926207859013225, 0.000000000000000000, -0.3420201433256878643 ) ) ;
#5402 = AXIS2_PLACEMENT_3D ( 'NONE', #4844, #8486, #3181 ) ;
#5403 = CC_DESIGN_PERSON_AND_ORGANIZATION_ASSIGNMENT ( #1016, #3325, ( #8891 ) ) ;
#5404 = VERTEX_POINT ( 'NONE', #6180 ) ;
#5405 = VERTEX_POINT ( 'NONE', #9180 ) ;
#5406 = VERTEX_POINT ( 'NONE', #4647 ) ;
#5407 = VECTOR ( 'NONE', #6092, 1000.000000000000227 ) ;
#5408 = CARTESIAN_POINT ( 'NONE',  ( 81.78546517605026622, -9.486715189943595306, 71.63791974095211401 ) ) ;
#5409 = DIRECTION ( 'NONE',  ( -0.5000000000000067724, 0.000000000000000000, 0.8660254037844347108 ) ) ;
#5410 = VECTOR ( 'NONE', #8871, 1000.000000000000000 ) ;
#5411 = CARTESIAN_POINT ( 'NONE',  ( -8.660254037844387298, 147.4213562373095385, -8.590526202073901000E-16 ) ) ;
#5412 = LINE ( 'NONE', #2495, #1371 ) ;
#5413 = ORIENTED_EDGE ( 'NONE', *, *, #3244, .T. ) ;
#5414 = EDGE_CURVE ( 'NONE', #7601, #8998, #6919, .T. ) ;
#5415 = DIRECTION ( 'NONE',  ( 0.8789733129752216323, 0.4768709627114687821, 0.000000000000000000 ) ) ;
#5416 = FACE_OUTER_BOUND ( 'NONE', #5893, .T. ) ;
#5417 = ORIENTED_EDGE ( 'NONE', *, *, #2319, .F. ) ;
#5418 = DIRECTION ( 'NONE',  ( -0.000000000000000000, -1.000000000000000000, -0.000000000000000000 ) ) ;
#5419 = EDGE_CURVE ( 'NONE', #4258, #2291, #1715, .T. ) ;
#5420 = LINE ( 'NONE', #4715, #462 ) ;
#5421 = EDGE_CURVE ( 'NONE', #3195, #1685, #3322, .T. ) ;
#5422 = DIRECTION ( 'NONE',  ( -0.4698463103929532703, 0.8660254037844400399, -0.1710100716628305539 ) ) ;
#5423 = DIRECTION ( 'NONE',  ( 1.000000000000000000, 0.000000000000000000, -0.000000000000000000 ) ) ;
#5424 = FACE_OUTER_BOUND ( 'NONE', #1236, .T. ) ;
#5425 = LINE ( 'NONE', #8279, #8323 ) ;
#5426 = CIRCLE ( 'NONE', #8551, 3.999999999999993783 ) ;
#5427 = ORIENTED_EDGE ( 'NONE', *, *, #7687, .T. ) ;
#5428 = EDGE_LOOP ( 'NONE', ( #7713, #6446, #9468, #1237 ) ) ;
#5429 = FACE_BOUND ( 'NONE', #9543, .T. ) ;
#5430 = EDGE_CURVE ( 'NONE', #8700, #5963, #8485, .T. ) ;
#5431 = VECTOR ( 'NONE', #6421, 1000.000000000000000 ) ;
#5432 = ORIENTED_EDGE ( 'NONE', *, *, #4194, .F. ) ;
#5433 = LINE ( 'NONE', #8477, #4463 ) ;
#5434 = ORIENTED_EDGE ( 'NONE', *, *, #3038, .T. ) ;
#5435 = CARTESIAN_POINT ( 'NONE',  ( -8.660254037844387298, 6.000000000000005329, -8.590526202073901000E-16 ) ) ;
#5436 = ORIENTED_EDGE ( 'NONE', *, *, #6724, .T. ) ;
#5437 = EDGE_CURVE ( 'NONE', #6966, #2222, #6875, .T. ) ;
#5438 = DIRECTION ( 'NONE',  ( -0.8757795372522705346, 0.4330127018922164672, -0.2133312028986880937 ) ) ;
#5439 = VERTEX_POINT ( 'NONE', #6136 ) ;
#5440 = PLANE ( 'NONE',  #3172 ) ;
#5441 = VECTOR ( 'NONE', #7525, 1000.000000000000000 ) ;
#5442 = DESIGN_CONTEXT ( 'detailed design', #1097, 'design' ) ;
#5443 = LINE ( 'NONE', #2531, #2110 ) ;
#5444 = EDGE_CURVE ( 'NONE', #5121, #1679, #5398, .T. ) ;
#5445 = VECTOR ( 'NONE', #4227, 1000.000000000000227 ) ;
#5446 = LINE ( 'NONE', #3960, #6057 ) ;
#5447 = EDGE_CURVE ( 'NONE', #4899, #886, #8868, .T. ) ;
#5448 = VERTEX_POINT ( 'NONE', #8187 ) ;
#5449 = VECTOR ( 'NONE', #9155, 1000.000000000000000 ) ;
#5450 = ORIENTED_EDGE ( 'NONE', *, *, #1814, .F. ) ;
#5451 = CARTESIAN_POINT ( 'NONE',  ( 48.35308504463207413, 147.4213562373095385, 50.00000000000000000 ) ) ;
#5452 = PLANE ( 'NONE',  #3681 ) ;
#5453 = DIRECTION ( 'NONE',  ( -0.000000000000000000, -1.000000000000000000, -0.000000000000000000 ) ) ;
#5454 = ADVANCED_FACE ( 'NONE', ( #8969, #6567, #7446, #1356 ), #2918, .F. ) ;
#5455 = DIRECTION ( 'NONE',  ( -0.000000000000000000, -1.000000000000000000, -0.000000000000000000 ) ) ;
#5456 = EDGE_LOOP ( 'NONE', ( #3829, #2575, #2170, #2790 ) ) ;
#5457 = DIRECTION ( 'NONE',  ( -0.8789733129752196339, 0.4768709627114723348, 0.000000000000000000 ) ) ;
#5458 = DIRECTION ( 'NONE',  ( 0.5000000000000016653, 0.000000000000000000, -0.8660254037844375974 ) ) ;
#5459 = ORIENTED_EDGE ( 'NONE', *, *, #3032, .T. ) ;
#5460 = LINE ( 'NONE', #248, #5899 ) ;
#5461 = ORIENTED_EDGE ( 'NONE', *, *, #3371, .F. ) ;
#5462 = VECTOR ( 'NONE', #5035, 1000.000000000000114 ) ;
#5463 = CARTESIAN_POINT ( 'NONE',  ( 25.49447007271216137, 0.000000000000000000, -7.907717477981577758 ) ) ;
#5464 = EDGE_CURVE ( 'NONE', #6234, #7391, #5970, .T. ) ;
#5465 = LINE ( 'NONE', #402, #5300 ) ;
#5466 = CARTESIAN_POINT ( 'NONE',  ( 27.06329386826395123, 0.000000000000000000, -31.87499999999995737 ) ) ;
#5467 = FACE_BOUND ( 'NONE', #3992, .T. ) ;
#5468 = EDGE_LOOP ( 'NONE', ( #1775, #3961, #1585, #7597 ) ) ;
#5469 = DIRECTION ( 'NONE',  ( -0.4698463103929532703, 0.8660254037844400399, -0.1710100716628305539 ) ) ;
#5470 = ORIENTED_EDGE ( 'NONE', *, *, #5227, .F. ) ;
#5471 = CARTESIAN_POINT ( 'NONE',  ( -45.46633369868351338, 147.4213562373095385, -21.24999999999999289 ) ) ;
#5472 = FACE_BOUND ( 'NONE', #4454, .T. ) ;
#5473 = AXIS2_PLACEMENT_3D ( 'NONE', #7529, #6750, #3007 ) ;
#5474 = PLANE ( 'NONE',  #6247 ) ;
#5475 = ORIENTED_EDGE ( 'NONE', *, *, #791, .T. ) ;
#5476 = CARTESIAN_POINT ( 'NONE',  ( -28.14582562299473878, 147.4213562373095385, -42.49999999999998579 ) ) ;
#5477 = VERTEX_POINT ( 'NONE', #5229 ) ;
#5478 = LINE ( 'NONE', #6266, #6229 ) ;
#5479 = CIRCLE ( 'NONE', #3758, 3.999999999999988454 ) ;
#5480 = ORIENTED_EDGE ( 'NONE', *, *, #3492, .T. ) ;
#5481 = AXIS2_PLACEMENT_3D ( 'NONE', #2797, #5796, #6644 ) ;
#5482 = CARTESIAN_POINT ( 'NONE',  ( 4.330127018922120818, 0.000000000000000000, -13.74999999999999822 ) ) ;
#5483 = VECTOR ( 'NONE', #6424, 1000.000000000000000 ) ;
#5484 = ORIENTED_EDGE ( 'NONE', *, *, #894, .F. ) ;
#5485 = CARTESIAN_POINT ( 'NONE',  ( -35.96815219932086904, 147.4213562373095385, -13.75000000000001599 ) ) ;
#5486 = VECTOR ( 'NONE', #7393, 1000.000000000000000 ) ;
#5487 = ORIENTED_EDGE ( 'NONE', *, *, #1671, .F. ) ;
#5488 = LINE ( 'NONE', #4649, #2890 ) ;
#5489 = EDGE_CURVE ( 'NONE', #1286, #2107, #8357, .T. ) ;
#5490 = FACE_OUTER_BOUND ( 'NONE', #2421, .T. ) ;
#5491 = ORIENTED_EDGE ( 'NONE', *, *, #3426, .F. ) ;
#5492 = EDGE_CURVE ( 'NONE', #7906, #4296, #5920, .T. ) ;
#5493 = ORIENTED_EDGE ( 'NONE', *, *, #1699, .F. ) ;
#5494 = ORIENTED_EDGE ( 'NONE', *, *, #6817, .F. ) ;
#5495 = CARTESIAN_POINT ( 'NONE',  ( -50.00000000000000000, 147.4213562373095385, -47.14745962155771508 ) ) ;
#5496 = CARTESIAN_POINT ( 'NONE',  ( -4.330127018922190096, 147.4213562373095385, 7.500000000000000888 ) ) ;
#5497 = EDGE_CURVE ( 'NONE', #2751, #2001, #4339, .T. ) ;
#5498 = DIRECTION ( 'NONE',  ( -0.5000000000000003331, 0.000000000000000000, -0.8660254037844384856 ) ) ;
#5499 = CARTESIAN_POINT ( 'NONE',  ( -45.46633369868351338, 6.000000000000005329, -21.24999999999999289 ) ) ;
#5500 = EDGE_LOOP ( 'NONE', ( #7381, #5676, #9114, #7055 ) ) ;
#5501 = LINE ( 'NONE', #2648, #1156 ) ;
#5502 = AXIS2_PLACEMENT_3D ( 'NONE', #3097, #613, #1631 ) ;
#5503 = DIRECTION ( 'NONE',  ( -0.8789733129752215213, 0.4768709627114688376, 0.000000000000000000 ) ) ;
#5504 = VERTEX_POINT ( 'NONE', #2091 ) ;
#5505 = VECTOR ( 'NONE', #5306, 1000.000000000000000 ) ;
#5506 = CARTESIAN_POINT ( 'NONE',  ( -71.75583453782208210, 8.999999999999962697, 67.98743272795279324 ) ) ;
#5507 = ORIENTED_EDGE ( 'NONE', *, *, #1191, .F. ) ;
#5508 = LINE ( 'NONE', #399, #7347 ) ;
#5509 = ADVANCED_FACE ( 'NONE', ( #379 ), #1304, .F. ) ;
#5510 = DIRECTION ( 'NONE',  ( 0.5000000000000013323, 0.000000000000000000, 0.8660254037844379305 ) ) ;
#5511 = DIRECTION ( 'NONE',  ( -0.8789733129752200780, 0.4768709627114717797, 0.000000000000000000 ) ) ;
#5512 = FACE_BOUND ( 'NONE', #8203, .T. ) ;
#5513 = ORIENTED_EDGE ( 'NONE', *, *, #6572, .T. ) ;
#5514 = CARTESIAN_POINT ( 'NONE',  ( 8.660254037844241637, 147.4213562373095385, 42.49999999999999289 ) ) ;
#5515 = CARTESIAN_POINT ( 'NONE',  ( 32.47595264191693332, 6.000000000000005329, 13.74999999999999467 ) ) ;
#5516 = EDGE_CURVE ( 'NONE', #3989, #3367, #4289, .T. ) ;
#5517 = CARTESIAN_POINT ( 'NONE',  ( 4.330127018922190096, 0.000000000000000000, -7.500000000000000000 ) ) ;
#5518 = FACE_OUTER_BOUND ( 'NONE', #1909, .T. ) ;
#5519 = FACE_BOUND ( 'NONE', #969, .T. ) ;
#5520 = EDGE_CURVE ( 'NONE', #7729, #4155, #2631, .T. ) ;
#5521 = ORIENTED_EDGE ( 'NONE', *, *, #6128, .F. ) ;
#5522 = CARTESIAN_POINT ( 'NONE',  ( 25.25907427704662922, 0.000000000000000000, -50.00000000000000000 ) ) ;
#5523 = EDGE_LOOP ( 'NONE', ( #687, #3143, #8150, #4348 ) ) ;
#5524 = EDGE_CURVE ( 'NONE', #6556, #1464, #7298, .T. ) ;
#5525 = DIRECTION ( 'NONE',  ( -0.8660254037844390407, 0.000000000000000000, 0.4999999999999993894 ) ) ;
#5526 = CARTESIAN_POINT ( 'NONE',  ( 19.59551925823889107, 0.000000000000000000, -18.12499999999996092 ) ) ;
#5527 = ORIENTED_EDGE ( 'NONE', *, *, #3333, .F. ) ;
#5528 = VECTOR ( 'NONE', #4461, 1000.000000000000000 ) ;
#5529 = ORIENTED_EDGE ( 'NONE', *, *, #9027, .F. ) ;
#5530 = EDGE_CURVE ( 'NONE', #6124, #5586, #3563, .T. ) ;
#5531 = LINE ( 'NONE', #6472, #8793 ) ;
#5532 = PLANE ( 'NONE',  #8572 ) ;
#5533 = ORIENTED_EDGE ( 'NONE', *, *, #5872, .T. ) ;
#5534 = PLANE ( 'NONE',  #4134 ) ;
#5535 = CARTESIAN_POINT ( 'NONE',  ( -50.00000000000000000, 6.000000000000005329, 47.14745962155770798 ) ) ;
#5536 = VERTEX_POINT ( 'NONE', #5082 ) ;
#5537 = CARTESIAN_POINT ( 'NONE',  ( 41.13620667976131529, 147.4213562373095385, -28.74999999999999289 ) ) ;
#5538 = PERSON_AND_ORGANIZATION_ROLE ( 'design_owner' ) ;
#5539 = ORIENTED_EDGE ( 'NONE', *, *, #3334, .T. ) ;
#5540 = EDGE_LOOP ( 'NONE', ( #952, #6493, #4945, #2501 ) ) ;
#5541 = AXIS2_PLACEMENT_3D ( 'NONE', #3240, #6290, #5457 ) ;
#5542 = EDGE_LOOP ( 'NONE', ( #4203, #3231, #7616, #9252 ) ) ;
#5543 = CARTESIAN_POINT ( 'NONE',  ( 49.99999999999999289, 6.000000000000000000, 50.00000000000000000 ) ) ;
#5544 = PLANE ( 'NONE',  #6967 ) ;
#5545 = LINE ( 'NONE', #1770, #2938 ) ;
#5546 = FACE_OUTER_BOUND ( 'NONE', #594, .T. ) ;
#5547 = ORIENTED_EDGE ( 'NONE', *, *, #7934, .F. ) ;
#5549 = CARTESIAN_POINT ( 'NONE',  ( -46.54886545341427961, 147.4213562373095385, 31.87499999999998579 ) ) ;
#5548 = AXIS2_PLACEMENT_3D ( 'NONE', #8946, #8208, #8299 ) ;
#5550 = LINE ( 'NONE', #4710, #1254 ) ;
#5551 = ORIENTED_EDGE ( 'NONE', *, *, #2, .F. ) ;
#5552 = CARTESIAN_POINT ( 'NONE',  ( 75.86167629364946663, -9.486715189943788928, -87.91339593296397936 ) ) ;
#5553 = ORIENTED_EDGE ( 'NONE', *, *, #8803, .F. ) ;
#5554 = CARTESIAN_POINT ( 'NONE',  ( -46.40590262964586543, 4.500000000000002665, 85.06805748150695479 ) ) ;
#5555 = VECTOR ( 'NONE', #910, 1000.000000000000000 ) ;
#5556 = DIRECTION ( 'NONE',  ( -0.000000000000000000, -1.000000000000000000, -0.000000000000000000 ) ) ;
#5557 = VECTOR ( 'NONE', #3316, 1000.000000000000227 ) ;
#5558 = DIRECTION ( 'NONE',  ( 1.000000000000000000, 0.000000000000000000, 4.006172263299126906E-16 ) ) ;
#5559 = FACE_BOUND ( 'NONE', #4301, .T. ) ;
#5560 = ORIENTED_EDGE ( 'NONE', *, *, #8454, .T. ) ;
#5561 = PLANE ( 'NONE',  #7690 ) ;
#5562 = ADVANCED_FACE ( 'NONE', ( #8087 ), #2820, .F. ) ;
#5563 = EDGE_CURVE ( 'NONE', #4518, #6966, #616, .T. ) ;
#5564 = CARTESIAN_POINT ( 'NONE',  ( -54.70000000000057128, 0.000000000000000000, 54.69999999999941309 ) ) ;
#5565 = ORIENTED_EDGE ( 'NONE', *, *, #5707, .F. ) ;
#5566 = DIRECTION ( 'NONE',  ( -0.5000000000000000000, 0.000000000000000000, -0.8660254037844385966 ) ) ;
#5567 = DIRECTION ( 'NONE',  ( 1.000000000000000000, 0.000000000000000000, 0.000000000000000000 ) ) ;
#5568 = DIRECTION ( 'NONE',  ( 0.8660254037844387076, -0.000000000000000000, 0.5000000000000001110 ) ) ;
#5569 = VERTEX_POINT ( 'NONE', #9611 ) ;
#5570 = PLANE ( 'NONE',  #9018 ) ;
#5571 = VECTOR ( 'NONE', #9151, 999.9999999999998863 ) ;
#5572 = ORIENTED_EDGE ( 'NONE', *, *, #9720, .F. ) ;
#5573 = DIRECTION ( 'NONE',  ( 0.4698463103929531592, 0.8660254037844399289, -0.1710100716628304984 ) ) ;
#5574 = FACE_OUTER_BOUND ( 'NONE', #812, .T. ) ;
#5575 = CIRCLE ( 'NONE', #1354, 6.999999999999942268 ) ;
#5576 = ORIENTED_EDGE ( 'NONE', *, *, #2453, .T. ) ;
#5577 = ORIENTED_EDGE ( 'NONE', *, *, #7663, .T. ) ;
#5578 = CARTESIAN_POINT ( 'NONE',  ( 48.18039637606665337, 0.000000000000000000, -87.18281677883985026 ) ) ;
#5579 = VECTOR ( 'NONE', #8379, 1000.000000000000000 ) ;
#5580 = DIRECTION ( 'NONE',  ( 0.000000000000000000, 0.000000000000000000, -1.000000000000000000 ) ) ;
#5581 = CYLINDRICAL_SURFACE ( 'NONE', #1833, 61.96152422706629181 ) ;
#5582 = EDGE_LOOP ( 'NONE', ( #4795, #8383, #8162, #7991 ) ) ;
#5583 = DIRECTION ( 'NONE',  ( -0.8660254037844387076, 0.000000000000000000, 0.5000000000000001110 ) ) ;
#5585 = EDGE_CURVE ( 'NONE', #2829, #7975, #5868, .T. ) ;
#5584 = FACE_OUTER_BOUND ( 'NONE', #4553, .T. ) ;
#5586 = VERTEX_POINT ( 'NONE', #3660 ) ;
#5587 = DIRECTION ( 'NONE',  ( 0.5234908573499332807, -0.8520312918379417955, 0.000000000000000000 ) ) ;
#5588 = LINE ( 'NONE', #9328, #728 ) ;
#5589 = VERTEX_POINT ( 'NONE', #4442 ) ;
#5590 = EDGE_CURVE ( 'NONE', #914, #1158, #9663, .T. ) ;
#5591 = VERTEX_POINT ( 'NONE', #2967 ) ;
#5592 = CARTESIAN_POINT ( 'NONE',  ( 49.99999999999997158, 147.4213562373095385, 4.647459621557030296 ) ) ;
#5593 = AXIS2_PLACEMENT_3D ( 'NONE', #6333, #391, #3388 ) ;
#5594 = DIRECTION ( 'NONE',  ( -0.8660254037844347108, 0.000000000000000000, -0.5000000000000067724 ) ) ;
#5595 = AXIS2_PLACEMENT_3D ( 'NONE', #871, #6041, #6878 ) ;
#5596 = AXIS2_PLACEMENT_3D ( 'NONE', #655, #8958, #6224 ) ;
#5597 = DIRECTION ( 'NONE',  ( 1.000000000000000000, 0.000000000000000000, 0.000000000000000000 ) ) ;
#5598 = EDGE_CURVE ( 'NONE', #5260, #3814, #1301, .T. ) ;
#5599 = LINE ( 'NONE', #6440, #6856 ) ;
#5600 = VERTEX_POINT ( 'NONE', #895 ) ;
#5601 = LINE ( 'NONE', #8599, #7113 ) ;
#5602 = DIRECTION ( 'NONE',  ( -0.8789733129752194118, -0.4768709627114730010, 0.000000000000000000 ) ) ;
#5603 = ORIENTED_EDGE ( 'NONE', *, *, #9089, .F. ) ;
#5604 = CARTESIAN_POINT ( 'NONE',  ( 50.00000000000000000, 0.000000000000000000, -37.85254037844264019 ) ) ;
#5605 = VECTOR ( 'NONE', #5597, 1000.000000000000000 ) ;
#5606 = ORIENTED_EDGE ( 'NONE', *, *, #6302, .T. ) ;
#5607 = VECTOR ( 'NONE', #6174, 1000.000000000000000 ) ;
#5608 = CARTESIAN_POINT ( 'NONE',  ( -50.00000000000000000, 6.000000000000000000, -50.00000000000000000 ) ) ;
#5609 = DIRECTION ( 'NONE',  ( 0.000000000000000000, 0.000000000000000000, -1.000000000000000000 ) ) ;
#5610 = VECTOR ( 'NONE', #8502, 1000.000000000000000 ) ;
#5611 = FACE_OUTER_BOUND ( 'NONE', #2243, .T. ) ;
#5612 = FACE_BOUND ( 'NONE', #883, .T. ) ;
#5613 = ORIENTED_EDGE ( 'NONE', *, *, #3244, .F. ) ;
#5614 = DIRECTION ( 'NONE',  ( -6.938893903907227145E-17, 0.000000000000000000, 1.000000000000000000 ) ) ;
#5615 = VECTOR ( 'NONE', #6792, 1000.000000000000000 ) ;
#5616 = DIRECTION ( 'NONE',  ( 0.7660444431189713521, -0.000000000000000000, 0.6427876096865472455 ) ) ;
#5617 = DIRECTION ( 'NONE',  ( 0.8660254037844387076, 0.000000000000000000, -0.5000000000000001110 ) ) ;
#5618 = FACE_BOUND ( 'NONE', #566, .T. ) ;
#5619 = CARTESIAN_POINT ( 'NONE',  ( -28.14582562299473878, 147.4213562373095385, 21.24999999999999289 ) ) ;
#5620 = EDGE_CURVE ( 'NONE', #3026, #291, #2368, .T. ) ;
#5621 = ORIENTED_EDGE ( 'NONE', *, *, #7345, .F. ) ;
#5622 = FACE_OUTER_BOUND ( 'NONE', #8344, .T. ) ;
#5623 = ORIENTED_EDGE ( 'NONE', *, *, #1518, .F. ) ;
#5624 = CARTESIAN_POINT ( 'NONE',  ( -14.07291281149758966, 147.4213562373095385, 45.62499999999995737 ) ) ;
#5625 = CARTESIAN_POINT ( 'NONE',  ( 49.99999999999998579, 147.4213562373095385, -25.89745962155736692 ) ) ;
#5626 = ORIENTED_EDGE ( 'NONE', *, *, #943, .T. ) ;
#5627 = VECTOR ( 'NONE', #7986, 1000.000000000000000 ) ;
#5628 = VERTEX_POINT ( 'NONE', #2269 ) ;
#5629 = CARTESIAN_POINT ( 'NONE',  ( 83.57150303714189477, 30.23589553796798057, -65.90921696516619477 ) ) ;
#5630 = AXIS2_PLACEMENT_3D ( 'NONE', #8267, #798, #3798 ) ;
#5631 = DIRECTION ( 'NONE',  ( 0.5000000000000001110, 0.000000000000000000, 0.8660254037844385966 ) ) ;
#5632 = EDGE_CURVE ( 'NONE', #2385, #7638, #1649, .T. ) ;
#5633 = CARTESIAN_POINT ( 'NONE',  ( 25.98076211353308551, 147.4213562373095385, -15.00000000000013323 ) ) ;
#5634 = ORIENTED_EDGE ( 'NONE', *, *, #7433, .F. ) ;
#5635 = CARTESIAN_POINT ( 'NONE',  ( 85.07578430672700165, 14.99999999999994316, -61.77623814447287742 ) ) ;
#5636 = CARTESIAN_POINT ( 'NONE',  ( -48.21495254706555045, 6.000000000000000000, -87.08787447931756276 ) ) ;
#5637 = DIRECTION ( 'NONE',  ( 0.000000000000000000, 0.000000000000000000, 1.000000000000000000 ) ) ;
#5638 = AXIS2_PLACEMENT_3D ( 'NONE', #8067, #2846, #7229 ) ;
#5639 = DIRECTION ( 'NONE',  ( -0.000000000000000000, -1.000000000000000000, -0.000000000000000000 ) ) ;
#5640 = ORIENTED_EDGE ( 'NONE', *, *, #1270, .T. ) ;
#5641 = EDGE_CURVE ( 'NONE', #5628, #1249, #4586, .T. ) ;
#5642 = ORIENTED_EDGE ( 'NONE', *, *, #5419, .T. ) ;
#5643 = DIRECTION ( 'NONE',  ( 0.000000000000000000, 0.000000000000000000, 1.000000000000000000 ) ) ;
#5644 = VECTOR ( 'NONE', #5867, 1000.000000000000000 ) ;
#5645 = DIRECTION ( 'NONE',  ( 0.4698463103929487183, 0.8660254037844400399, -0.1710100716628430717 ) ) ;
#5646 = VECTOR ( 'NONE', #7493, 1000.000000000000227 ) ;
#5647 = CARTESIAN_POINT ( 'NONE',  ( 3.673940397442059967E-15, 147.4213562373095385, -21.96152422706639129 ) ) ;
#5648 = CARTESIAN_POINT ( 'NONE',  ( -45.46633369868351338, 0.000000000000000000, -42.49999999999998579 ) ) ;
#5649 = ORIENTED_EDGE ( 'NONE', *, *, #7643, .F. ) ;
#5650 = EDGE_CURVE ( 'NONE', #3812, #1426, #9156, .T. ) ;
#5651 = CARTESIAN_POINT ( 'NONE',  ( -46.54886545341405935, 147.4213562373095385, 10.62499999999999822 ) ) ;
#5652 = CARTESIAN_POINT ( 'NONE',  ( -48.21495254706555045, 6.000000000000000000, 87.08787447931756276 ) ) ;
#5653 = ORIENTED_EDGE ( 'NONE', *, *, #6879, .T. ) ;
#5654 = CARTESIAN_POINT ( 'NONE',  ( 22.73316684934176024, 6.000000000000005329, 24.37499999999996092 ) ) ;
#5655 = ORIENTED_EDGE ( 'NONE', *, *, #8547, .F. ) ;
#5656 = VERTEX_POINT ( 'NONE', #165 ) ;
#5657 = DIRECTION ( 'NONE',  ( -0.000000000000000000, -1.000000000000000000, -0.000000000000000000 ) ) ;
#5658 = DIRECTION ( 'NONE',  ( 0.4698463103929532703, 0.8660254037844400399, 0.1710100716628305539 ) ) ;
#5659 = AXIS2_PLACEMENT_3D ( 'NONE', #4187, #6460, #9304 ) ;
#5660 = CARTESIAN_POINT ( 'NONE',  ( -48.18039637606665337, 6.000000000000000000, -87.18281677883985026 ) ) ;
#5661 = DIRECTION ( 'NONE',  ( -0.000000000000000000, -1.000000000000000000, -0.000000000000000000 ) ) ;
#5662 = FACE_BOUND ( 'NONE', #7496, .T. ) ;
#5663 = ORIENTED_EDGE ( 'NONE', *, *, #2572, .T. ) ;
#5664 = CARTESIAN_POINT ( 'NONE',  ( 82.83999675952468067, 17.25855025242420737, -48.97164729660255489 ) ) ;
#5665 = LINE ( 'NONE', #8661, #5627 ) ;
#5666 = EDGE_CURVE ( 'NONE', #6524, #3114, #7680, .T. ) ;
#5667 = DIRECTION ( 'NONE',  ( -0.000000000000000000, -1.000000000000000000, -0.000000000000000000 ) ) ;
#5668 = PLANE ( 'NONE',  #158 ) ;
#5669 = LINE ( 'NONE', #1845, #3742 ) ;
#5670 = ORIENTED_EDGE ( 'NONE', *, *, #575, .F. ) ;
#5671 = DIRECTION ( 'NONE',  ( 1.000000000000000000, 0.000000000000000000, 0.000000000000000000 ) ) ;
#5672 = VECTOR ( 'NONE', #3046, 1000.000000000000227 ) ;
#5673 = DIRECTION ( 'NONE',  ( -0.000000000000000000, -1.000000000000000000, -0.000000000000000000 ) ) ;
#5674 = CARTESIAN_POINT ( 'NONE',  ( 66.00000000000000000, 6.000000000000000000, 38.22385819845018062 ) ) ;
#5675 = ORIENTED_EDGE ( 'NONE', *, *, #4242, .T. ) ;
#5676 = ORIENTED_EDGE ( 'NONE', *, *, #8242, .T. ) ;
#5677 = EDGE_CURVE ( 'NONE', #6300, #9331, #8229, .T. ) ;
#5678 = ADVANCED_FACE ( 'NONE', ( #4625 ), #3804, .T. ) ;
#5679 = DIRECTION ( 'NONE',  ( 0.5000000000000003331, 0.000000000000000000, 0.8660254037844384856 ) ) ;
#5680 = DIRECTION ( 'NONE',  ( -0.000000000000000000, -1.000000000000000000, -0.000000000000000000 ) ) ;
#5681 = FACE_OUTER_BOUND ( 'NONE', #721, .T. ) ;
#5682 = ORIENTED_EDGE ( 'NONE', *, *, #1802, .F. ) ;
#5683 = CARTESIAN_POINT ( 'NONE',  ( -35.52517649845233905, 147.4213562373095385, -7.500000000000000000 ) ) ;
#5684 = ORIENTED_EDGE ( 'NONE', *, *, #8319, .T. ) ;
#5685 = DIRECTION ( 'NONE',  ( -0.000000000000000000, -1.000000000000000000, -0.000000000000000000 ) ) ;
#5686 = VECTOR ( 'NONE', #119, 1000.000000000000000 ) ;
#5687 = SECURITY_CLASSIFICATION_LEVEL ( 'unclassified' ) ;
#5688 = EDGE_CURVE ( 'NONE', #5242, #4701, #1593, .T. ) ;
#5689 = ORIENTED_EDGE ( 'NONE', *, *, #8815, .T. ) ;
#5690 = ADVANCED_FACE ( 'NONE', ( #6900 ), #1697, .T. ) ;
#5691 = EDGE_CURVE ( 'NONE', #977, #8081, #4485, .T. ) ;
#5692 = ORIENTED_EDGE ( 'NONE', *, *, #3482, .F. ) ;
#5693 = CARTESIAN_POINT ( 'NONE',  ( -14.07291281149758966, 0.000000000000000000, -45.62499999999995737 ) ) ;
#5694 = LINE ( 'NONE', #1174, #8699 ) ;
#5695 = LINE ( 'NONE', #9387, #6227 ) ;
#5696 = CARTESIAN_POINT ( 'NONE',  ( -25.98076211353308906, 0.000000000000000000, -15.00000000000011546 ) ) ;
#5697 = ORIENTED_EDGE ( 'NONE', *, *, #898, .F. ) ;
#5698 = CARTESIAN_POINT ( 'NONE',  ( 41.13620667976131529, 0.000000000000000000, 34.99999999999999289 ) ) ;
#5699 = CARTESIAN_POINT ( 'NONE',  ( 54.69999999999859597, 0.000000000000000000, -57.20000000000025864 ) ) ;
#5700 = DIRECTION ( 'NONE',  ( -1.000000000000000000, 0.000000000000000000, -0.000000000000000000 ) ) ;
#5701 = CARTESIAN_POINT ( 'NONE',  ( 25.25907427704662922, 6.000000000000005329, -50.00000000000000000 ) ) ;
#5702 = ORIENTED_EDGE ( 'NONE', *, *, #2225, .T. ) ;
#5703 = EDGE_LOOP ( 'NONE', ( #5084, #2510, #6275, #7399 ) ) ;
#5704 = EDGE_LOOP ( 'NONE', ( #9578, #5684, #3454, #8377 ) ) ;
#5705 = DIRECTION ( 'NONE',  ( 0.5000000000000004441, 0.000000000000000000, 0.8660254037844383745 ) ) ;
#5706 = CARTESIAN_POINT ( 'NONE',  ( 8.660254037844387298, 0.000000000000000000, -4.592625337882893652E-17 ) ) ;
#5707 = EDGE_CURVE ( 'NONE', #3555, #6918, #7490, .T. ) ;
#5708 = VECTOR ( 'NONE', #5304, 1000.000000000000227 ) ;
#5709 = CARTESIAN_POINT ( 'NONE',  ( 22.73316684934198051, 0.000000000000000000, -45.62499999999995737 ) ) ;
#5710 = CARTESIAN_POINT ( 'NONE',  ( -60.42191776730651753, 13.49999999999921663, 91.53084647020840237 ) ) ;
#5711 = DIRECTION ( 'NONE',  ( -0.000000000000000000, -1.000000000000000000, -0.000000000000000000 ) ) ;
#5712 = ADVANCED_FACE ( 'NONE', ( #6759 ), #32, .F. ) ;
#5713 = VERTEX_POINT ( 'NONE', #6850 ) ;
#5714 = DIRECTION ( 'NONE',  ( -0.8660254037844387076, 0.000000000000000000, -0.5000000000000001110 ) ) ;
#5715 = VECTOR ( 'NONE', #7468, 1000.000000000000114 ) ;
#5716 = CARTESIAN_POINT ( 'NONE',  ( 8.660254037844387298, 147.4213562373095385, -4.592625337882893652E-17 ) ) ;
#5717 = VERTEX_POINT ( 'NONE', #3203 ) ;
#5718 = PLANE ( 'NONE',  #8184 ) ;
#5719 = VECTOR ( 'NONE', #4286, 999.9999999999998863 ) ;
#5720 = DIRECTION ( 'NONE',  ( 0.5000000000000067724, 0.000000000000000000, -0.8660254037844347108 ) ) ;
#5721 = DIRECTION ( 'NONE',  ( -0.000000000000000000, -1.000000000000000000, -0.000000000000000000 ) ) ;
#5722 = VECTOR ( 'NONE', #6525, 1000.000000000000000 ) ;
#5723 = VERTEX_POINT ( 'NONE', #945 ) ;
#5724 = CARTESIAN_POINT ( 'NONE',  ( 46.54886545341427961, 147.4213562373095385, 31.87499999999998579 ) ) ;
#5725 = DIRECTION ( 'NONE',  ( -0.000000000000000000, -1.000000000000000000, -0.000000000000000000 ) ) ;
#5726 = LINE ( 'NONE', #7255, #7333 ) ;
#5727 = ORIENTED_EDGE ( 'NONE', *, *, #2242, .T. ) ;
#5728 = ORIENTED_EDGE ( 'NONE', *, *, #8986, .T. ) ;
#5729 = CARTESIAN_POINT ( 'NONE',  ( -50.00000000000000000, 0.000000000000000000, 50.00000000000000000 ) ) ;
#5730 = EDGE_CURVE ( 'NONE', #8592, #6693, #759, .T. ) ;
#5731 = AXIS2_PLACEMENT_3D ( 'NONE', #9044, #3784, #5401 ) ;
#5732 = DIRECTION ( 'NONE',  ( -0.000000000000000000, 1.000000000000000000, -0.000000000000000000 ) ) ;
#5733 = DIRECTION ( 'NONE',  ( 0.3420201433256876422, -0.000000000000000000, -0.9396926207859014335 ) ) ;
#5734 = ORIENTED_EDGE ( 'NONE', *, *, #1274, .F. ) ;
#5735 = DIRECTION ( 'NONE',  ( -0.000000000000000000, -1.000000000000000000, -0.000000000000000000 ) ) ;
#5736 = ORIENTED_EDGE ( 'NONE', *, *, #116, .F. ) ;
#5737 = FACE_OUTER_BOUND ( 'NONE', #6225, .T. ) ;
#5738 = EDGE_CURVE ( 'NONE', #1276, #5138, #8372, .T. ) ;
#5739 = ORIENTED_EDGE ( 'NONE', *, *, #5524, .F. ) ;
#5740 = ORIENTED_EDGE ( 'NONE', *, *, #8778, .T. ) ;
#5741 = ORIENTED_EDGE ( 'NONE', *, *, #8923, .T. ) ;
#5742 = CARTESIAN_POINT ( 'NONE',  ( 24.25777877760970824, 0.000000000000000000, -27.01570532158559956 ) ) ;
#5743 = CARTESIAN_POINT ( 'NONE',  ( 32.47595264191693332, 0.000000000000000000, 34.99999999999999289 ) ) ;
#5744 = PLANE ( 'NONE',  #6998 ) ;
#5745 = VERTEX_POINT ( 'NONE', #1545 ) ;
#5746 = CARTESIAN_POINT ( 'NONE',  ( 22.73316684934176024, 6.000000000000005329, 24.37499999999996092 ) ) ;
#5747 = EDGE_CURVE ( 'NONE', #1244, #177, #5832, .T. ) ;
#5748 = CARTESIAN_POINT ( 'NONE',  ( -27.06329386826395123, 147.4213562373095385, 31.87499999999995737 ) ) ;
#5749 = ORIENTED_EDGE ( 'NONE', *, *, #3267, .T. ) ;
#5750 = DIRECTION ( 'NONE',  ( 0.8789733129752215213, 0.4768709627114688376, 0.000000000000000000 ) ) ;
#5751 = VERTEX_POINT ( 'NONE', #803 ) ;
#5752 = VERTEX_POINT ( 'NONE', #2315 ) ;
#5753 = ORIENTED_EDGE ( 'NONE', *, *, #5747, .T. ) ;
#5754 = DIRECTION ( 'NONE',  ( -0.5000000000000001110, 0.000000000000000000, 0.8660254037844387076 ) ) ;
#5755 = EDGE_CURVE ( 'NONE', #43, #1772, #3111, .T. ) ;
#5756 = LINE ( 'NONE', #4914, #889 ) ;
#5757 = DIRECTION ( 'NONE',  ( 0.8137976813493688066, 0.4999999999999977796, 0.2961981327260409524 ) ) ;
#5758 = DIRECTION ( 'NONE',  ( -0.4698463103929295670, 0.8660254037844516972, -0.1710100716628363271 ) ) ;
#5759 = DIRECTION ( 'NONE',  ( 0.8789733129752196339, 0.4768709627114723348, 0.000000000000000000 ) ) ;
#5760 = VERTEX_POINT ( 'NONE', #1193 ) ;
#5761 = VECTOR ( 'NONE', #1228, 999.9999999999998863 ) ;
#5762 = CARTESIAN_POINT ( 'NONE',  ( -79.87143568757763035, 17.25855025242403329, 57.12770181004839998 ) ) ;
#5763 = VECTOR ( 'NONE', #8479, 999.9999999999998863 ) ;
#5764 = CARTESIAN_POINT ( 'NONE',  ( -8.660254037844532959, 0.000000000000000000, 42.49999999999999289 ) ) ;
#5765 = EDGE_CURVE ( 'NONE', #2334, #1495, #4718, .T. ) ;
#5766 = LINE ( 'NONE', #5033, #7452 ) ;
#5767 = AXIS2_PLACEMENT_3D ( 'NONE', #2551, #5556, #6251 ) ;
#5768 = CARTESIAN_POINT ( 'NONE',  ( -41.13620667976124423, 6.000000000000005329, 13.74999999999999822 ) ) ;
#5769 = LINE ( 'NONE', #9002, #5462 ) ;
#5770 = ORIENTED_EDGE ( 'NONE', *, *, #3075, .T. ) ;
#5771 = CARTESIAN_POINT ( 'NONE',  ( 22.73316684934198051, 0.000000000000000000, 45.62499999999995737 ) ) ;
#5772 = LINE ( 'NONE', #8044, #7224 ) ;
#5773 = EDGE_CURVE ( 'NONE', #5760, #7048, #6984, .T. ) ;
#5774 = DIRECTION ( 'NONE',  ( -0.5000000000000002220, 0.000000000000000000, -0.8660254037844384856 ) ) ;
#5775 = ORIENTED_EDGE ( 'NONE', *, *, #1846, .F. ) ;
#5776 = ORIENTED_EDGE ( 'NONE', *, *, #6658, .T. ) ;
#5777 = CARTESIAN_POINT ( 'NONE',  ( -6.076226797624443066, 0.000000000000000000, 38.02433353179681319 ) ) ;
#5778 = AXIS2_PLACEMENT_3D ( 'NONE', #2819, #515, #8264 ) ;
#5779 = CARTESIAN_POINT ( 'NONE',  ( -66.00000000000132161, 6.000000000000000000, 38.22385819845064958 ) ) ;
#5780 = DIRECTION ( 'NONE',  ( 0.000000000000000000, 1.000000000000000000, 0.000000000000000000 ) ) ;
#5781 = ORIENTED_EDGE ( 'NONE', *, *, #3943, .F. ) ;
#5782 = CARTESIAN_POINT ( 'NONE',  ( -14.07291281149758966, 0.000000000000000000, 45.62499999999995737 ) ) ;
#5783 = EDGE_LOOP ( 'NONE', ( #6455, #6740, #1559, #4236, #4630, #7093, #3080, #475, #3320, #5215 ) ) ;
#5784 = CARTESIAN_POINT ( 'NONE',  ( -68.02323918836455618, 17.25833024919694125, -89.67924001744570717 ) ) ;
#5785 = APPROVAL_STATUS ( 'not_yet_approved' ) ;
#5786 = EDGE_LOOP ( 'NONE', ( #8243, #856 ) ) ;
#5787 = ORIENTED_EDGE ( 'NONE', *, *, #181, .F. ) ;
#5788 = ORIENTED_EDGE ( 'NONE', *, *, #6431, .F. ) ;
#5789 = CARTESIAN_POINT ( 'NONE',  ( 49.99999999999999289, 6.000000000000000000, 50.00000000000000000 ) ) ;
#5790 = FACE_OUTER_BOUND ( 'NONE', #1625, .T. ) ;
#5791 = VECTOR ( 'NONE', #5073, 1000.000000000000000 ) ;
#5792 = CARTESIAN_POINT ( 'NONE',  ( -77.67962342022298117, 8.999999999999955591, 51.71195653594099895 ) ) ;
#5793 = EDGE_CURVE ( 'NONE', #4827, #9364, #9346, .T. ) ;
#5794 = ORIENTED_EDGE ( 'NONE', *, *, #7727, .T. ) ;
#5795 = CARTESIAN_POINT ( 'NONE',  ( -41.13620667976131529, 147.4213562373095385, -49.99999999999998579 ) ) ;
#5796 = DIRECTION ( 'NONE',  ( -2.006803045524146533E-16, 0.000000000000000000, 1.000000000000000000 ) ) ;
#5797 = DIRECTION ( 'NONE',  ( 0.5337593939265714571, 0.4330127018922133031, 0.7263614178872279670 ) ) ;
#5798 = CARTESIAN_POINT ( 'NONE',  ( -41.13620667976124423, 147.4213562373095385, 13.74999999999999822 ) ) ;
#5799 = EDGE_CURVE ( 'NONE', #2829, #6430, #7819, .T. ) ;
#5800 = ORIENTED_EDGE ( 'NONE', *, *, #7444, .F. ) ;
#5801 = VECTOR ( 'NONE', #7885, 1000.000000000000000 ) ;
#5802 = ORIENTED_EDGE ( 'NONE', *, *, #5421, .T. ) ;
#5803 = ORIENTED_EDGE ( 'NONE', *, *, #9247, .F. ) ;
#5804 = VECTOR ( 'NONE', #7276, 999.9999999999998863 ) ;
#5805 = CARTESIAN_POINT ( 'NONE',  ( 22.73316684934198051, 6.000000000000005329, -45.62499999999995737 ) ) ;
#5806 = EDGE_CURVE ( 'NONE', #4562, #5717, #1093, .T. ) ;
#5807 = DIRECTION ( 'NONE',  ( -0.000000000000000000, -1.000000000000000000, -0.000000000000000000 ) ) ;
#5808 = CARTESIAN_POINT ( 'NONE',  ( -41.13620667976124423, 6.000000000000005329, -13.74999999999999822 ) ) ;
#5809 = CIRCLE ( 'NONE', #7535, 6.999999999999941380 ) ;
#5810 = CARTESIAN_POINT ( 'NONE',  ( 71.72233712427414787, 11.59251614915381445, -50.82336213776299871 ) ) ;
#5811 = DIRECTION ( 'NONE',  ( 0.000000000000000000, 0.000000000000000000, -1.000000000000000000 ) ) ;
#5812 = EDGE_LOOP ( 'NONE', ( #2875, #7987, #1342, #6486 ) ) ;
#5813 = VECTOR ( 'NONE', #1784, 1000.000000000000227 ) ;
#5814 = CARTESIAN_POINT ( 'NONE',  ( -46.54886545341405935, 147.4213562373095385, 10.62499999999999822 ) ) ;
#5815 = ADVANCED_FACE ( 'NONE', ( #9296 ), #8607, .F. ) ;
#5816 = CARTESIAN_POINT ( 'NONE',  ( -54.70000000000057128, 6.000000000000000000, 57.19999999999942020 ) ) ;
#5817 = LINE ( 'NONE', #8769, #2998 ) ;
#5818 = DIRECTION ( 'NONE',  ( 0.000000000000000000, 1.000000000000000000, 0.000000000000000000 ) ) ;
#5819 = DIRECTION ( 'NONE',  ( -0.8789733129752216323, 0.4768709627114687821, 0.000000000000000000 ) ) ;
#5820 = CARTESIAN_POINT ( 'NONE',  ( -30.40590262964586188, 6.000000000000000000, -66.00000000000000000 ) ) ;
#5821 = ORIENTED_EDGE ( 'NONE', *, *, #6722, .T. ) ;
#5822 = DIRECTION ( 'NONE',  ( 0.5000000000000000000, 0.000000000000000000, -0.8660254037844385966 ) ) ;
#5823 = DIRECTION ( 'NONE',  ( -0.4698463103929487183, 0.8660254037844400399, -0.1710100716628430717 ) ) ;
#5824 = CARTESIAN_POINT ( 'NONE',  ( -22.73316684934176379, 0.000000000000000000, 39.37499999999995737 ) ) ;
#5825 = EDGE_CURVE ( 'NONE', #6739, #5378, #7081, .T. ) ;
#5826 = EDGE_CURVE ( 'NONE', #9495, #111, #3348, .T. ) ;
#5827 = EDGE_LOOP ( 'NONE', ( #6797, #851, #8736, #7996 ) ) ;
#5828 = EDGE_CURVE ( 'NONE', #7506, #6904, #4868, .T. ) ;
#5829 = EDGE_LOOP ( 'NONE', ( #37, #6418 ) ) ;
#5830 = LINE ( 'NONE', #1365, #568 ) ;
#5831 = ADVANCED_FACE ( 'NONE', ( #5611 ), #7877, .T. ) ;
#5832 = CIRCLE ( 'NONE', #4094, 2.499999999999273470 ) ;
#5833 = DIRECTION ( 'NONE',  ( 0.8137976813493688066, -0.4999999999999977796, -0.2961981327260408414 ) ) ;
#5834 = EDGE_CURVE ( 'NONE', #2063, #1112, #1124, .T. ) ;
#5835 = LINE ( 'NONE', #8831, #5273 ) ;
#5836 = ORIENTED_EDGE ( 'NONE', *, *, #1323, .F. ) ;
#5837 = DIRECTION ( 'NONE',  ( -6.938893903907227145E-17, 0.000000000000000000, 1.000000000000000000 ) ) ;
#5838 = ORIENTED_EDGE ( 'NONE', *, *, #8106, .F. ) ;
#5839 = CARTESIAN_POINT ( 'NONE',  ( 4.330127018922190096, 147.4213562373095385, -7.500000000000000000 ) ) ;
#5840 = ORIENTED_EDGE ( 'NONE', *, *, #9335, .F. ) ;
#5841 = EDGE_CURVE ( 'NONE', #4155, #2150, #2508, .T. ) ;
#5842 = ORIENTED_EDGE ( 'NONE', *, *, #4370, .F. ) ;
#5843 = DIRECTION ( 'NONE',  ( -0.5000000000000000000, 0.000000000000000000, -0.8660254037844385966 ) ) ;
#5844 = CARTESIAN_POINT ( 'NONE',  ( -28.14582562299473878, 6.000000000000005329, 42.49999999999998579 ) ) ;
#5845 = VECTOR ( 'NONE', #3869, 1000.000000000000114 ) ;
#5846 = ORIENTED_EDGE ( 'NONE', *, *, #2832, .T. ) ;
#5847 = DIRECTION ( 'NONE',  ( -0.5000000000000003331, 0.000000000000000000, 0.8660254037844383745 ) ) ;
#5848 = CIRCLE ( 'NONE', #676, 61.96152422706639840 ) ;
#5849 = CARTESIAN_POINT ( 'NONE',  ( 46.54886545341405935, 147.4213562373095385, -10.62499999999999822 ) ) ;
#5850 = CARTESIAN_POINT ( 'NONE',  ( -41.13620667976131529, 147.4213562373095385, -7.500000000000000000 ) ) ;
#5851 = CARTESIAN_POINT ( 'NONE',  ( 14.07291281149736051, 0.000000000000000000, -39.37499999999995737 ) ) ;
#5852 = ORIENTED_EDGE ( 'NONE', *, *, #3645, .T. ) ;
#5853 = EDGE_LOOP ( 'NONE', ( #4374, #3495, #2887, #3799 ) ) ;
#5854 = EDGE_LOOP ( 'NONE', ( #4596, #2547, #7063, #3101 ) ) ;
#5855 = LINE ( 'NONE', #2957, #1930 ) ;
#5856 = VECTOR ( 'NONE', #9013, 999.9999999999998863 ) ;
#5857 = EDGE_CURVE ( 'NONE', #1895, #1218, #454, .T. ) ;
#5858 = CARTESIAN_POINT ( 'NONE',  ( 8.660254037844241637, 0.000000000000000000, -42.49999999999999289 ) ) ;
#5859 = DIRECTION ( 'NONE',  ( -1.000000000000000000, -0.000000000000000000, -0.000000000000000000 ) ) ;
#5860 = DIRECTION ( 'NONE',  ( 0.4999999999999984457, 0.000000000000000000, 0.8660254037844394848 ) ) ;
#5861 = CARTESIAN_POINT ( 'NONE',  ( -50.00000000000000000, 6.000000000000000000, -50.00000000000000000 ) ) ;
#5862 = ORIENTED_EDGE ( 'NONE', *, *, #791, .F. ) ;
#5863 = DIRECTION ( 'NONE',  ( -0.8137976813493688066, 0.4999999999999977796, -0.2961981327260409524 ) ) ;
#5864 = DIRECTION ( 'NONE',  ( -0.000000000000000000, -0.000000000000000000, 1.000000000000000000 ) ) ;
#5865 = AXIS2_PLACEMENT_3D ( 'NONE', #5651, #7022, #1729 ) ;
#5866 = LINE ( 'NONE', #8865, #9657 ) ;
#5867 = DIRECTION ( 'NONE',  ( -0.5000000000000001110, 0.000000000000000000, 0.8660254037844385966 ) ) ;
#5868 = LINE ( 'NONE', #8921, #2386 ) ;
#5869 = EDGE_CURVE ( 'NONE', #5049, #5406, #2552, .T. ) ;
#5870 = ORIENTED_EDGE ( 'NONE', *, *, #6256, .T. ) ;
#5871 = CARTESIAN_POINT ( 'NONE',  ( -50.00000000000000000, 6.000000000000000000, 50.00000000000000000 ) ) ;
#5872 = EDGE_CURVE ( 'NONE', #2352, #1757, #8657, .T. ) ;
#5873 = LINE ( 'NONE', #8872, #4075 ) ;
#5874 = FACE_OUTER_BOUND ( 'NONE', #2836, .T. ) ;
#5875 = AXIS2_PLACEMENT_3D ( 'NONE', #1806, #8006, #9476 ) ;
#5876 = EDGE_CURVE ( 'NONE', #2911, #2299, #9127, .T. ) ;
#5877 = ORIENTED_EDGE ( 'NONE', *, *, #7432, .F. ) ;
#5878 = AXIS2_PLACEMENT_3D ( 'NONE', #6969, #5594, #5409 ) ;
#5879 = ORIENTED_EDGE ( 'NONE', *, *, #8962, .T. ) ;
#5880 = LINE ( 'NONE', #6768, #8414 ) ;
#5881 = AXIS2_PLACEMENT_3D ( 'NONE', #8786, #6726, #5981 ) ;
#5882 = CARTESIAN_POINT ( 'NONE',  ( 41.13620667976124423, 6.000000000000005329, -13.74999999999999822 ) ) ;
#5883 = CARTESIAN_POINT ( 'NONE',  ( 54.69999999999859597, 6.000000000000000000, -52.19999999999933493 ) ) ;
#5884 = ORIENTED_EDGE ( 'NONE', *, *, #5755, .T. ) ;
#5885 = CARTESIAN_POINT ( 'NONE',  ( 3.673940397442059967E-15, 147.4213562373095385, 30.00000000000000000 ) ) ;
#5886 = ORIENTED_EDGE ( 'NONE', *, *, #882, .T. ) ;
#5887 = ORIENTED_EDGE ( 'NONE', *, *, #6072, .F. ) ;
#5888 = DIRECTION ( 'NONE',  ( -0.8789733129752216323, 0.4768709627114691707, 0.000000000000000000 ) ) ;
#5889 = VERTEX_POINT ( 'NONE', #8505 ) ;
#5890 = ORIENTED_EDGE ( 'NONE', *, *, #962, .F. ) ;
#5891 = ORIENTED_EDGE ( 'NONE', *, *, #9255, .F. ) ;
#5892 = ADVANCED_FACE ( 'NONE', ( #1039 ), #4762, .T. ) ;
#5893 = EDGE_LOOP ( 'NONE', ( #8452, #7405, #9382, #3219 ) ) ;
#5894 = PLANE ( 'NONE',  #7090 ) ;
#5895 = EDGE_CURVE ( 'NONE', #7142, #6067, #306, .T. ) ;
#5896 = EDGE_LOOP ( 'NONE', ( #3759, #6547, #7000, #6818 ) ) ;
#5897 = LINE ( 'NONE', #2071, #8519 ) ;
#5898 = DIRECTION ( 'NONE',  ( -0.4698463103929531592, 0.8660254037844399289, -0.1710100716628304984 ) ) ;
#5899 = VECTOR ( 'NONE', #6294, 1000.000000000000000 ) ;
#5900 = ORIENTED_EDGE ( 'NONE', *, *, #8295, .T. ) ;
#5901 = PLANE ( 'NONE',  #7941 ) ;
#5902 = ORIENTED_EDGE ( 'NONE', *, *, #5907, .T. ) ;
#5903 = ORIENTED_EDGE ( 'NONE', *, *, #1901, .T. ) ;
#5904 = ORIENTED_EDGE ( 'NONE', *, *, #7269, .T. ) ;
#5905 = CARTESIAN_POINT ( 'NONE',  ( 63.39065261137343299, 13.49999999999930722, -83.37431452178670099 ) ) ;
#5906 = VECTOR ( 'NONE', #9091, 1000.000000000000227 ) ;
#5907 = EDGE_CURVE ( 'NONE', #4782, #9698, #9500, .T. ) ;
#5908 = DIRECTION ( 'NONE',  ( 0.8660254037844387076, 0.000000000000000000, -0.4999999999999998890 ) ) ;
#5909 = VECTOR ( 'NONE', #3622, 1000.000000000000114 ) ;
#5910 = CARTESIAN_POINT ( 'NONE',  ( -46.54886545341427961, 147.4213562373095385, -31.87499999999998579 ) ) ;
#5911 = CARTESIAN_POINT ( 'NONE',  ( 22.73316684934176024, 0.000000000000000000, 24.37499999999996092 ) ) ;
#5912 = DIRECTION ( 'NONE',  ( -1.000000000000000000, -0.000000000000000000, -0.000000000000000000 ) ) ;
#5913 = ORIENTED_EDGE ( 'NONE', *, *, #1403, .F. ) ;
#5914 = LINE ( 'NONE', #3504, #7392 ) ;
#5915 = PLANE ( 'NONE',  #6528 ) ;
#5916 = CARTESIAN_POINT ( 'NONE',  ( -4.330127018922193649, 6.000000000000005329, -7.500000000000000000 ) ) ;
#5917 = VECTOR ( 'NONE', #8064, 1000.000000000000114 ) ;
#5918 = LINE ( 'NONE', #7989, #8470 ) ;
#5919 = VECTOR ( 'NONE', #3835, 1000.000000000000227 ) ;
#5920 = LINE ( 'NONE', #7107, #3021 ) ;
#5921 = AXIS2_PLACEMENT_3D ( 'NONE', #6134, #3224, #3954 ) ;
#5922 = CARTESIAN_POINT ( 'NONE',  ( 49.99999999999999289, 147.4213562373095385, -47.14745962155772929 ) ) ;
#5923 = FACE_OUTER_BOUND ( 'NONE', #5058, .T. ) ;
#5924 = LINE ( 'NONE', #9017, #1525 ) ;
#5925 = EDGE_CURVE ( 'NONE', #2013, #5064, #2760, .T. ) ;
#5926 = ORIENTED_EDGE ( 'NONE', *, *, #1694, .T. ) ;
#5927 = VECTOR ( 'NONE', #106, 1000.000000000000114 ) ;
#5928 = ORIENTED_EDGE ( 'NONE', *, *, #4619, .F. ) ;
#5929 = DIRECTION ( 'NONE',  ( 0.000000000000000000, 0.9678453296402134143, -0.2515460552138050754 ) ) ;
#5930 = EDGE_CURVE ( 'NONE', #2723, #3601, #1449, .T. ) ;
#5931 = CARTESIAN_POINT ( 'NONE',  ( 6.076226797624227238, 147.4213562373095385, 38.02433353179695530 ) ) ;
#5932 = LINE ( 'NONE', #6523, #3708 ) ;
#5933 = ORIENTED_EDGE ( 'NONE', *, *, #8002, .F. ) ;
#5934 = DIRECTION ( 'NONE',  ( 0.000000000000000000, 0.000000000000000000, -1.000000000000000000 ) ) ;
#5935 = AXIS2_PLACEMENT_3D ( 'NONE', #5471, #1655, #1704 ) ;
#5936 = ORIENTED_EDGE ( 'NONE', *, *, #6668, .F. ) ;
#5937 = VERTEX_POINT ( 'NONE', #5710 ) ;
#5938 = CARTESIAN_POINT ( 'NONE',  ( -63.16162830294773300, 10.16190326101922636, -67.09883832977483564 ) ) ;
#5939 = CIRCLE ( 'NONE', #3421, 3.999999999999993339 ) ;
#5940 = ADVANCED_FACE ( 'NONE', ( #4279 ), #4331, .F. ) ;
#5941 = ORIENTED_EDGE ( 'NONE', *, *, #3605, .F. ) ;
#5942 = ORIENTED_EDGE ( 'NONE', *, *, #6102, .T. ) ;
#5943 = DIRECTION ( 'NONE',  ( -1.000000000000000000, -0.000000000000000000, -0.000000000000000000 ) ) ;
#5944 = DIRECTION ( 'NONE',  ( 0.000000000000000000, 0.000000000000000000, -1.000000000000000000 ) ) ;
#5945 = LINE ( 'NONE', #784, #4055 ) ;
#5946 = DIRECTION ( 'NONE',  ( 0.5000000000000042188, 0.000000000000000000, -0.8660254037844361541 ) ) ;
#5947 = DIRECTION ( 'NONE',  ( -0.000000000000000000, -1.000000000000000000, -0.000000000000000000 ) ) ;
#5948 = EDGE_CURVE ( 'NONE', #1249, #1798, #505, .T. ) ;
#5949 = ORIENTED_EDGE ( 'NONE', *, *, #9275, .F. ) ;
#5950 = EDGE_LOOP ( 'NONE', ( #6999, #7220, #5450, #4448 ) ) ;
#5951 = EDGE_CURVE ( 'NONE', #7257, #2154, #3599, .T. ) ;
#5952 = EDGE_LOOP ( 'NONE', ( #1915, #8008, #38, #1288 ) ) ;
#5953 = ORIENTED_EDGE ( 'NONE', *, *, #8271, .T. ) ;
#5954 = CARTESIAN_POINT ( 'NONE',  ( -35.52517649845233905, 0.000000000000000000, -7.500000000000000000 ) ) ;
#5955 = VECTOR ( 'NONE', #3453, 1000.000000000000000 ) ;
#5956 = DIRECTION ( 'NONE',  ( -1.000000000000000000, 0.000000000000000000, 0.000000000000000000 ) ) ;
#5957 = EDGE_CURVE ( 'NONE', #247, #3481, #3501, .T. ) ;
#5958 = CARTESIAN_POINT ( 'NONE',  ( -22.73316684934176024, 6.000000000000005329, 24.37499999999996092 ) ) ;
#5959 = EDGE_CURVE ( 'NONE', #4084, #6051, #555, .T. ) ;
#5960 = CARTESIAN_POINT ( 'NONE',  ( 25.98076211353308551, 147.4213562373095385, -15.00000000000013323 ) ) ;
#5961 = VECTOR ( 'NONE', #4864, 1000.000000000000000 ) ;
#5962 = CARTESIAN_POINT ( 'NONE',  ( -46.54886545341405935, 6.000000000000005329, -10.62499999999999822 ) ) ;
#5963 = VERTEX_POINT ( 'NONE', #8858 ) ;
#5964 = FACE_OUTER_BOUND ( 'NONE', #8496, .T. ) ;
#5965 = VECTOR ( 'NONE', #5573, 1000.000000000000227 ) ;
#5966 = DIRECTION ( 'NONE',  ( 0.4698463103929295670, 0.8660254037844516972, -0.1710100716628363271 ) ) ;
#5967 = CIRCLE ( 'NONE', #2041, 6.999999999999941380 ) ;
#5968 = FACE_OUTER_BOUND ( 'NONE', #5999, .T. ) ;
#5969 = VECTOR ( 'NONE', #1700, 1000.000000000000227 ) ;
#5970 = LINE ( 'NONE', #6375, #8207 ) ;
#5971 = LINE ( 'NONE', #8822, #5410 ) ;
#5972 = CARTESIAN_POINT ( 'NONE',  ( 77.67962342022298117, 8.999999999999955591, 51.71195653594099895 ) ) ;
#5973 = FACE_OUTER_BOUND ( 'NONE', #9029, .T. ) ;
#5974 = EDGE_CURVE ( 'NONE', #7838, #7908, #2908, .T. ) ;
#5975 = ORIENTED_EDGE ( 'NONE', *, *, #6702, .T. ) ;
#5976 = VERTEX_POINT ( 'NONE', #8126 ) ;
#5977 = CARTESIAN_POINT ( 'NONE',  ( -50.00000000000000000, 147.4213562373095385, -16.60254037844304520 ) ) ;
#5978 = DIRECTION ( 'NONE',  ( -0.9396926207859015445, 0.000000000000000000, -0.3420201433256876977 ) ) ;
#5979 = VECTOR ( 'NONE', #9460, 999.9999999999998863 ) ;
#5980 = ORIENTED_EDGE ( 'NONE', *, *, #9194, .F. ) ;
#5981 = DIRECTION ( 'NONE',  ( -1.000000000000000000, 0.000000000000000000, -0.000000000000000000 ) ) ;
#5982 = AXIS2_PLACEMENT_3D ( 'NONE', #4318, #7326, #5700 ) ;
#5983 = ORIENTED_EDGE ( 'NONE', *, *, #5688, .T. ) ;
#5984 = ORIENTED_EDGE ( 'NONE', *, *, #2976, .T. ) ;
#5985 = DIRECTION ( 'NONE',  ( -1.000000000000000000, 0.000000000000000000, -0.000000000000000000 ) ) ;
#5986 = ADVANCED_FACE ( 'NONE', ( #1347 ), #2130, .T. ) ;
#5987 = EDGE_LOOP ( 'NONE', ( #3323, #8990, #2876, #1157 ) ) ;
#5988 = VERTEX_POINT ( 'NONE', #7389 ) ;
#5989 = EDGE_LOOP ( 'NONE', ( #3085, #3818, #1950, #3023, #6922, #8935 ) ) ;
#5990 = ORIENTED_EDGE ( 'NONE', *, *, #7478, .T. ) ;
#5991 = LINE ( 'NONE', #6639, #9299 ) ;
#5992 = VERTEX_POINT ( 'NONE', #6554 ) ;
#5993 = DIRECTION ( 'NONE',  ( 0.000000000000000000, 1.000000000000000000, 0.000000000000000000 ) ) ;
#5994 = LINE ( 'NONE', #6735, #7533 ) ;
#5995 = CARTESIAN_POINT ( 'NONE',  ( 77.90864772864858878, 12.33809673898022119, -67.98743272795279324 ) ) ;
#5996 = EDGE_CURVE ( 'NONE', #8647, #1702, #5129, .T. ) ;
#5997 = DIRECTION ( 'NONE',  ( 0.5000000000000067724, 0.000000000000000000, -0.8660254037844347108 ) ) ;
#5998 = EDGE_CURVE ( 'NONE', #5120, #108, #4902, .T. ) ;
#5999 = EDGE_LOOP ( 'NONE', ( #5800, #6516, #7427, #3927 ) ) ;
#6000 = VERTEX_POINT ( 'NONE', #5911 ) ;
#6001 = ORIENTED_EDGE ( 'NONE', *, *, #3982, .T. ) ;
#6002 = DIRECTION ( 'NONE',  ( 0.000000000000000000, 0.000000000000000000, -1.000000000000000000 ) ) ;
#6003 = LINE ( 'NONE', #6746, #6557 ) ;
#6004 = DIRECTION ( 'NONE',  ( 0.000000000000000000, 0.000000000000000000, 1.000000000000000000 ) ) ;
#6005 = FACE_BOUND ( 'NONE', #7356, .T. ) ;
#6006 = LINE ( 'NONE', #4526, #4378 ) ;
#6007 = VERTEX_POINT ( 'NONE', #5810 ) ;
#6008 = FACE_OUTER_BOUND ( 'NONE', #7605, .T. ) ;
#6009 = VECTOR ( 'NONE', #74, 1000.000000000000000 ) ;
#6010 = LINE ( 'NONE', #6201, #9347 ) ;
#6011 = EDGE_CURVE ( 'NONE', #4667, #8476, #8912, .T. ) ;
#6012 = EDGE_CURVE ( 'NONE', #4223, #2475, #2707, .T. ) ;
#6013 = CARTESIAN_POINT ( 'NONE',  ( 14.07291281149736051, 6.000000000000005329, 39.37499999999995737 ) ) ;
#6014 = CARTESIAN_POINT ( 'NONE',  ( 41.13620667976131529, 0.000000000000000000, 34.99999999999999289 ) ) ;
#6015 = DIRECTION ( 'NONE',  ( 0.09485932030786409230, -0.9607689228305258400, -0.2606238405706607364 ) ) ;
#6016 = CARTESIAN_POINT ( 'NONE',  ( 14.07291281149758966, 6.000000000000005329, 45.62499999999995737 ) ) ;
#6017 = CARTESIAN_POINT ( 'NONE',  ( -63.39065261137343299, 13.49999999999930722, 83.37431452178670099 ) ) ;
#6018 = VECTOR ( 'NONE', #750, 1000.000000000000000 ) ;
#6019 = ORIENTED_EDGE ( 'NONE', *, *, #5492, .F. ) ;
#6020 = ORIENTED_EDGE ( 'NONE', *, *, #5204, .F. ) ;
#6021 = LINE ( 'NONE', #6809, #9383 ) ;
#6022 = DIRECTION ( 'NONE',  ( 0.000000000000000000, 1.000000000000000000, 0.000000000000000000 ) ) ;
#6023 = LINE ( 'NONE', #6071, #4165 ) ;
#6024 = AXIS2_PLACEMENT_3D ( 'NONE', #3527, #6527, #7311 ) ;
#6025 = ORIENTED_EDGE ( 'NONE', *, *, #7826, .T. ) ;
#6026 = DIRECTION ( 'NONE',  ( 6.938893903907228378E-17, 0.000000000000000000, -1.000000000000000000 ) ) ;
#6027 = ORIENTED_EDGE ( 'NONE', *, *, #6635, .F. ) ;
#6028 = ORIENTED_EDGE ( 'NONE', *, *, #340, .F. ) ;
#6029 = CARTESIAN_POINT ( 'NONE',  ( -50.00000000000000000, 6.000000000000000000, 50.00000000000000000 ) ) ;
#6030 = VERTEX_POINT ( 'NONE', #5176 ) ;
#6031 = ORIENTED_EDGE ( 'NONE', *, *, #2, .T. ) ;
#6032 = VECTOR ( 'NONE', #3475, 1000.000000000000000 ) ;
#6033 = VERTEX_POINT ( 'NONE', #8032 ) ;
#6034 = EDGE_CURVE ( 'NONE', #1965, #3476, #2083, .T. ) ;
#6035 = VECTOR ( 'NONE', #2724, 1000.000000000000000 ) ;
#6036 = DIRECTION ( 'NONE',  ( -0.8789733129752200780, -0.4768709627114717797, 0.000000000000000000 ) ) ;
#6037 = ORIENTED_EDGE ( 'NONE', *, *, #5274, .T. ) ;
#6039 = DIRECTION ( 'NONE',  ( -0.000000000000000000, -1.000000000000000000, -0.000000000000000000 ) ) ;
#6038 = VECTOR ( 'NONE', #4399, 1000.000000000000000 ) ;
#6040 = PLANE ( 'NONE',  #9253 ) ;
#6041 = DIRECTION ( 'NONE',  ( 0.8660254037844379305, -0.000000000000000000, 0.5000000000000013323 ) ) ;
#6042 = CARTESIAN_POINT ( 'NONE',  ( -4.330127018922264703, 6.000000000000005329, -13.74999999999999822 ) ) ;
#6043 = ORIENTED_EDGE ( 'NONE', *, *, #4259, .T. ) ;
#6044 = ORIENTED_EDGE ( 'NONE', *, *, #1229, .F. ) ;
#6045 = ORIENTED_EDGE ( 'NONE', *, *, #2832, .F. ) ;
#6046 = DIRECTION ( 'NONE',  ( -1.000000000000000000, 0.000000000000000000, -0.000000000000000000 ) ) ;
#6047 = EDGE_CURVE ( 'NONE', #2688, #4933, #7436, .T. ) ;
#6048 = AXIS2_PLACEMENT_3D ( 'NONE', #4575, #6842, #1589 ) ;
#6049 = DIRECTION ( 'NONE',  ( 1.000000000000000000, 0.000000000000000000, 0.000000000000000000 ) ) ;
#6050 = LINE ( 'NONE', #9050, #5313 ) ;
#6051 = VERTEX_POINT ( 'NONE', #5071 ) ;
#6052 = DIRECTION ( 'NONE',  ( -0.000000000000000000, -1.000000000000000000, -0.000000000000000000 ) ) ;
#6053 = DIRECTION ( 'NONE',  ( 0.000000000000000000, 1.000000000000000000, 0.000000000000000000 ) ) ;
#6054 = ORIENTED_EDGE ( 'NONE', *, *, #4201, .F. ) ;
#6055 = CARTESIAN_POINT ( 'NONE',  ( -48.21495254706555045, 6.000000000000000000, 87.08787447931756276 ) ) ;
#6056 = CIRCLE ( 'NONE', #9036, 61.96152422706639840 ) ;
#6057 = VECTOR ( 'NONE', #7853, 999.9999999999998863 ) ;
#6058 = DIRECTION ( 'NONE',  ( 0.4698463103929531592, 0.8660254037844399289, 0.1710100716628304984 ) ) ;
#6059 = VECTOR ( 'NONE', #2146, 1000.000000000000000 ) ;
#6060 = EDGE_CURVE ( 'NONE', #1709, #4490, #2032, .T. ) ;
#6061 = DIRECTION ( 'NONE',  ( -0.4999999999999999445, 0.000000000000000000, 0.8660254037844385966 ) ) ;
#6062 = DIRECTION ( 'NONE',  ( -0.000000000000000000, -1.000000000000000000, -0.000000000000000000 ) ) ;
#6063 = DIRECTION ( 'NONE',  ( -0.5000000000000045519, 0.000000000000000000, -0.8660254037844360431 ) ) ;
#6064 = CARTESIAN_POINT ( 'NONE',  ( 8.660254037844241637, 0.000000000000000000, -42.49999999999999289 ) ) ;
#6065 = EDGE_CURVE ( 'NONE', #4898, #2974, #1686, .T. ) ;
#6066 = VECTOR ( 'NONE', #2526, 1000.000000000000000 ) ;
#6067 = VERTEX_POINT ( 'NONE', #1586 ) ;
#6068 = LINE ( 'NONE', #2469, #1389 ) ;
#6069 = AXIS2_PLACEMENT_3D ( 'NONE', #368, #8824, #7892 ) ;
#6070 = DIRECTION ( 'NONE',  ( 0.4698463103929532703, 0.8660254037844400399, 0.1710100716628305539 ) ) ;
#6071 = CARTESIAN_POINT ( 'NONE',  ( -25.25907427704662211, 6.000000000000005329, -50.00000000000000000 ) ) ;
#6072 = EDGE_CURVE ( 'NONE', #3812, #4416, #1638, .T. ) ;
#6073 = ORIENTED_EDGE ( 'NONE', *, *, #4076, .F. ) ;
#6074 = CARTESIAN_POINT ( 'NONE',  ( 68.98035169643877396, 12.75833024919765357, -94.64586167234661218 ) ) ;
#6075 = ORIENTED_EDGE ( 'NONE', *, *, #8859, .T. ) ;
#6076 = CARTESIAN_POINT ( 'NONE',  ( 4.330127018922047100, 0.000000000000000000, -34.99999999999999289 ) ) ;
#6077 = VECTOR ( 'NONE', #1869, 1000.000000000000000 ) ;
#6078 = AXIS2_PLACEMENT_3D ( 'NONE', #9727, #727, #8937 ) ;
#6079 = ORIENTED_EDGE ( 'NONE', *, *, #7781, .T. ) ;
#6080 = EDGE_LOOP ( 'NONE', ( #4398, #8832, #8928, #4963 ) ) ;
#6081 = ORIENTED_EDGE ( 'NONE', *, *, #7021, .F. ) ;
#6082 = LINE ( 'NONE', #1433, #5375 ) ;
#6083 = ORIENTED_EDGE ( 'NONE', *, *, #3792, .F. ) ;
#6084 = DIRECTION ( 'NONE',  ( -0.000000000000000000, -1.000000000000000000, -0.000000000000000000 ) ) ;
#6085 = CARTESIAN_POINT ( 'NONE',  ( 14.07291281149758966, 6.000000000000005329, -45.62499999999995737 ) ) ;
#6086 = LINE ( 'NONE', #11, #5041 ) ;
#6087 = LINE ( 'NONE', #6691, #4947 ) ;
#6088 = VERTEX_POINT ( 'NONE', #5221 ) ;
#6089 = EDGE_CURVE ( 'NONE', #2075, #8985, #1493, .T. ) ;
#6090 = EDGE_LOOP ( 'NONE', ( #3028, #3691, #8411, #8589, #538, #422 ) ) ;
#6091 = CARTESIAN_POINT ( 'NONE',  ( -4.330127018922190096, 147.4213562373095385, 7.500000000000000888 ) ) ;
#6092 = DIRECTION ( 'NONE',  ( -0.5000000000000000000, 0.000000000000000000, -0.8660254037844385966 ) ) ;
#6093 = DIRECTION ( 'NONE',  ( -0.000000000000000000, -1.000000000000000000, -0.000000000000000000 ) ) ;
#6094 = CARTESIAN_POINT ( 'NONE',  ( 48.18039637606665337, 0.000000000000000000, -87.18281677883985026 ) ) ;
#6095 = ORIENTED_EDGE ( 'NONE', *, *, #9689, .T. ) ;
#6096 = EDGE_CURVE ( 'NONE', #2393, #2827, #6748, .T. ) ;
#6097 = LINE ( 'NONE', #6151, #9315 ) ;
#6098 = DIRECTION ( 'NONE',  ( 0.5337593939265747878, 0.4330127018922070303, 0.7263614178872292992 ) ) ;
#6099 = EDGE_LOOP ( 'NONE', ( #2700, #649, #1179, #5191 ) ) ;
#6100 = DIRECTION ( 'NONE',  ( -0.000000000000000000, -1.000000000000000000, -0.000000000000000000 ) ) ;
#6101 = AXIS2_PLACEMENT_3D ( 'NONE', #6506, #4135, #409 ) ;
#6102 = EDGE_CURVE ( 'NONE', #7166, #6124, #3928, .T. ) ;
#6103 = EDGE_CURVE ( 'NONE', #7130, #5043, #65, .T. ) ;
#6104 = VECTOR ( 'NONE', #6159, 1000.000000000000000 ) ;
#6105 = CARTESIAN_POINT ( 'NONE',  ( -32.47595264191693332, 147.4213562373095385, -28.74999999999999289 ) ) ;
#6106 = DIRECTION ( 'NONE',  ( -0.8660254037844387076, 0.000000000000000000, 0.5000000000000001110 ) ) ;
#6107 = CARTESIAN_POINT ( 'NONE',  ( 48.18039637606665337, 0.000000000000000000, 87.18281677883985026 ) ) ;
#6108 = PLANE ( 'NONE',  #460 ) ;
#6109 = AXIS2_PLACEMENT_3D ( 'NONE', #8800, #1283, #4367 ) ;
#6110 = LINE ( 'NONE', #9112, #3917 ) ;
#6111 = EDGE_CURVE ( 'NONE', #9676, #724, #6097, .T. ) ;
#6112 = ADVANCED_FACE ( 'NONE', ( #9148, #6890, #4617, #6005 ), #64, .T. ) ;
#6113 = VERTEX_POINT ( 'NONE', #7577 ) ;
#6114 = VECTOR ( 'NONE', #4981, 1000.000000000000000 ) ;
#6115 = ORIENTED_EDGE ( 'NONE', *, *, #9597, .T. ) ;
#6116 = LINE ( 'NONE', #3809, #1701 ) ;
#6117 = VECTOR ( 'NONE', #6665, 1000.000000000000000 ) ;
#6118 = DIRECTION ( 'NONE',  ( -0.4698463103929531592, 0.8660254037844399289, 0.1710100716628304984 ) ) ;
#6119 = CARTESIAN_POINT ( 'NONE',  ( 49.99999999999999289, 0.000000000000000000, 50.00000000000000000 ) ) ;
#6120 = ORIENTED_EDGE ( 'NONE', *, *, #7432, .T. ) ;
#6121 = CARTESIAN_POINT ( 'NONE',  ( 65.83204565542118303, 8.999999999999966249, 84.26290891996461596 ) ) ;
#6122 = ADVANCED_FACE ( 'NONE', ( #9004 ), #9100, .F. ) ;
#6123 = VECTOR ( 'NONE', #1666, 1000.000000000000227 ) ;
#6124 = VERTEX_POINT ( 'NONE', #5317 ) ;
#6125 = EDGE_CURVE ( 'NONE', #1426, #3238, #7588, .T. ) ;
#6126 = LINE ( 'NONE', #4639, #2002 ) ;
#6127 = AXIS2_PLACEMENT_3D ( 'NONE', #7580, #200, #6753 ) ;
#6128 = EDGE_CURVE ( 'NONE', #4022, #9645, #2261, .T. ) ;
#6129 = EDGE_LOOP ( 'NONE', ( #6787, #7498, #6482, #5168 ) ) ;
#6130 = ADVANCED_FACE ( 'NONE', ( #5267 ), #935, .T. ) ;
#6131 = ORIENTED_EDGE ( 'NONE', *, *, #3550, .F. ) ;
#6132 = ORIENTED_EDGE ( 'NONE', *, *, #4543, .T. ) ;
#6133 = ADVANCED_FACE ( 'NONE', ( #155 ), #2361, .T. ) ;
#6134 = CARTESIAN_POINT ( 'NONE',  ( -23.87132298306550382, 147.4213562373095385, -16.15365574944390303 ) ) ;
#6135 = VERTEX_POINT ( 'NONE', #884 ) ;
#6137 = EDGE_CURVE ( 'NONE', #5017, #1393, #4525, .T. ) ;
#6136 = CARTESIAN_POINT ( 'NONE',  ( -74.16373016832211817, 7.092516149154085348, 51.71195653594099895 ) ) ;
#6138 = DIRECTION ( 'NONE',  ( -0.5234908573499358342, -0.8520312918379402412, 0.000000000000000000 ) ) ;
#6139 = DIRECTION ( 'NONE',  ( -0.09485932030786409230, 0.9607689228305258400, -0.2606238405706607364 ) ) ;
#6140 = DIRECTION ( 'NONE',  ( 0.8660254037844385966, 0.000000000000000000, -0.5000000000000001110 ) ) ;
#6141 = EDGE_CURVE ( 'NONE', #9317, #8687, #7527, .T. ) ;
#6142 = EDGE_LOOP ( 'NONE', ( #7380, #6209, #5560, #1340 ) ) ;
#6143 = EDGE_LOOP ( 'NONE', ( #1368, #8978, #7059 ) ) ;
#6144 = ORIENTED_EDGE ( 'NONE', *, *, #2477, .F. ) ;
#6145 = DIRECTION ( 'NONE',  ( -1.001543065824773222E-16, 0.000000000000000000, -1.000000000000000000 ) ) ;
#6146 = CARTESIAN_POINT ( 'NONE',  ( -35.96815219932086904, 0.000000000000000000, -13.75000000000001599 ) ) ;
#6147 = AXIS2_PLACEMENT_3D ( 'NONE', #3187, #19, #2355 ) ;
#6148 = DIRECTION ( 'NONE',  ( -0.000000000000000000, -1.000000000000000000, -0.000000000000000000 ) ) ;
#6149 = CARTESIAN_POINT ( 'NONE',  ( -46.54886545341405935, 147.4213562373095385, -10.62499999999999822 ) ) ;
#6150 = ORIENTED_EDGE ( 'NONE', *, *, #3404, .T. ) ;
#6151 = CARTESIAN_POINT ( 'NONE',  ( -41.13620667976131529, 0.000000000000000000, -28.74999999999999289 ) ) ;
#6152 = DIRECTION ( 'NONE',  ( 0.5000000000000001110, 0.000000000000000000, 0.8660254037844385966 ) ) ;
#6153 = ORIENTED_EDGE ( 'NONE', *, *, #2514, .F. ) ;
#6154 = FACE_OUTER_BOUND ( 'NONE', #1556, .T. ) ;
#6155 = ADVANCED_FACE ( 'NONE', ( #8960 ), #2220, .T. ) ;
#6156 = DIRECTION ( 'NONE',  ( 0.8137976813493688066, -0.4999999999999977796, 0.2961981327260408414 ) ) ;
#6157 = FACE_OUTER_BOUND ( 'NONE', #2777, .T. ) ;
#6158 = CARTESIAN_POINT ( 'NONE',  ( -41.13620667976131529, 147.4213562373095385, 28.74999999999999289 ) ) ;
#6159 = DIRECTION ( 'NONE',  ( 0.3420201433257009094, -8.160139230994900572E-15, -0.9396926207858966595 ) ) ;
#6160 = VECTOR ( 'NONE', #6062, 1000.000000000000000 ) ;
#6161 = DIRECTION ( 'NONE',  ( -0.000000000000000000, -1.000000000000000000, -0.000000000000000000 ) ) ;
#6162 = VECTOR ( 'NONE', #7384, 999.9999999999998863 ) ;
#6163 = VERTEX_POINT ( 'NONE', #7916 ) ;
#6164 = ORIENTED_EDGE ( 'NONE', *, *, #4734, .T. ) ;
#6165 = DIRECTION ( 'NONE',  ( 0.000000000000000000, 0.000000000000000000, -1.000000000000000000 ) ) ;
#6166 = VECTOR ( 'NONE', #6402, 1000.000000000000114 ) ;
#6167 = EDGE_CURVE ( 'NONE', #4688, #6532, #4708, .T. ) ;
#6168 = CARTESIAN_POINT ( 'NONE',  ( -35.96815219932086904, 147.4213562373095385, -13.74999999999999467 ) ) ;
#6169 = CARTESIAN_POINT ( 'NONE',  ( -84.48338804127510571, 20.99999999999955591, -63.40383350717172561 ) ) ;
#6170 = EDGE_CURVE ( 'NONE', #4841, #2286, #292, .T. ) ;
#6171 = EDGE_LOOP ( 'NONE', ( #9358, #371, #5891, #7476 ) ) ;
#6172 = DIRECTION ( 'NONE',  ( 0.000000000000000000, 0.000000000000000000, -1.000000000000000000 ) ) ;
#6173 = ORIENTED_EDGE ( 'NONE', *, *, #9089, .T. ) ;
#6174 = DIRECTION ( 'NONE',  ( -0.000000000000000000, -1.000000000000000000, -0.000000000000000000 ) ) ;
#6175 = EDGE_LOOP ( 'NONE', ( #295, #1137 ) ) ;
#6176 = ADVANCED_FACE ( 'NONE', ( #4806 ), #6931, .F. ) ;
#6177 = AXIS2_PLACEMENT_3D ( 'NONE', #867, #4419, #2346 ) ;
#6178 = CARTESIAN_POINT ( 'NONE',  ( 4.330127018922120818, 0.000000000000000000, -13.74999999999999822 ) ) ;
#6179 = ORIENTED_EDGE ( 'NONE', *, *, #656, .F. ) ;
#6180 = CARTESIAN_POINT ( 'NONE',  ( 4.330127018922193649, 0.000000000000000000, 7.500000000000000000 ) ) ;
#6181 = EDGE_LOOP ( 'NONE', ( #434, #6780, #6198, #6638 ) ) ;
#6182 = DIRECTION ( 'NONE',  ( 1.000000000000000000, 0.000000000000000000, -0.000000000000000000 ) ) ;
#6183 = DATE_AND_TIME ( #7061, #1672 ) ;
#6184 = VECTOR ( 'NONE', #7060, 1000.000000000000000 ) ;
#6185 = VERTEX_POINT ( 'NONE', #1874 ) ;
#6186 = ORIENTED_EDGE ( 'NONE', *, *, #7719, .F. ) ;
#6187 = EDGE_CURVE ( 'NONE', #3036, #2199, #9474, .T. ) ;
#6188 = EDGE_LOOP ( 'NONE', ( #2860, #1703, #7319, #5484 ) ) ;
#6189 = AXIS2_PLACEMENT_3D ( 'NONE', #5789, #3582, #7116 ) ;
#6190 = LINE ( 'NONE', #794, #180 ) ;
#6191 = CARTESIAN_POINT ( 'NONE',  ( -10.17883965411064118, 6.000000000000005329, -31.11973255698393004 ) ) ;
#6192 = ADVANCED_FACE ( 'NONE', ( #3289 ), #1132, .F. ) ;
#6193 = VECTOR ( 'NONE', #2933, 1000.000000000000227 ) ;
#6194 = LINE ( 'NONE', #881, #1706 ) ;
#6195 = ORIENTED_EDGE ( 'NONE', *, *, #5031, .F. ) ;
#6196 = DIRECTION ( 'NONE',  ( 0.5000000000000000000, 0.000000000000000000, -0.8660254037844385966 ) ) ;
#6197 = CARTESIAN_POINT ( 'NONE',  ( 49.99999999999997868, 6.000000000000005329, -4.647459621557000098 ) ) ;
#6198 = ORIENTED_EDGE ( 'NONE', *, *, #216, .F. ) ;
#6199 = DIRECTION ( 'NONE',  ( -0.6875305731827953126, 0.000000000000000000, -0.7261554316666211095 ) ) ;
#6200 = ORIENTED_EDGE ( 'NONE', *, *, #1403, .T. ) ;
#6201 = CARTESIAN_POINT ( 'NONE',  ( -87.93827836687674449, -6.148618450963316384, -71.63791974095211401 ) ) ;
#6202 = CARTESIAN_POINT ( 'NONE',  ( -45.46633369868351338, 0.000000000000000000, -4.592625337882893652E-17 ) ) ;
#6203 = CARTESIAN_POINT ( 'NONE',  ( -5.898950814473796100, 6.000000000000005329, 26.03271747798169145 ) ) ;
#6204 = FACE_BOUND ( 'NONE', #3171, .T. ) ;
#6205 = ORIENTED_EDGE ( 'NONE', *, *, #4517, .F. ) ;
#6206 = LINE ( 'NONE', #3755, #5969 ) ;
#6207 = CIRCLE ( 'NONE', #861, 3.999999999999993339 ) ;
#6208 = EDGE_LOOP ( 'NONE', ( #8387, #9635, #7426, #5670 ) ) ;
#6209 = ORIENTED_EDGE ( 'NONE', *, *, #9548, .T. ) ;
#6210 = CARTESIAN_POINT ( 'NONE',  ( 41.13620667976131529, 147.4213562373095385, 7.500000000000000000 ) ) ;
#6211 = CC_DESIGN_SECURITY_CLASSIFICATION ( #1197, ( #6697 ) ) ;
#6212 = LINE ( 'NONE', #3072, #4691 ) ;
#6213 = EDGE_CURVE ( 'NONE', #5236, #4841, #8849, .T. ) ;
#6214 = DIRECTION ( 'NONE',  ( 0.000000000000000000, 1.000000000000000000, 0.000000000000000000 ) ) ;
#6215 = ORIENTED_EDGE ( 'NONE', *, *, #8154, .F. ) ;
#6216 = FACE_OUTER_BOUND ( 'NONE', #679, .T. ) ;
#6217 = VERTEX_POINT ( 'NONE', #4121 ) ;
#6218 = ADVANCED_FACE ( 'NONE', ( #7070 ), #978, .F. ) ;
#6219 = DIRECTION ( 'NONE',  ( -0.000000000000000000, -1.000000000000000000, -0.000000000000000000 ) ) ;
#6220 = EDGE_LOOP ( 'NONE', ( #2771, #6770, #6648, #7698 ) ) ;
#6221 = ORIENTED_EDGE ( 'NONE', *, *, #1630, .F. ) ;
#6222 = EDGE_CURVE ( 'NONE', #6545, #5504, #6336, .T. ) ;
#6223 = CIRCLE ( 'NONE', #4966, 6.999999999999942268 ) ;
#6224 = DIRECTION ( 'NONE',  ( 0.000000000000000000, 0.000000000000000000, -1.000000000000000000 ) ) ;
#6225 = EDGE_LOOP ( 'NONE', ( #1486, #9656, #6621, #4360 ) ) ;
#6226 = LINE ( 'NONE', #7797, #514 ) ;
#6227 = VECTOR ( 'NONE', #2792, 1000.000000000000000 ) ;
#6228 = CARTESIAN_POINT ( 'NONE',  ( -82.31282873162557223, 12.75855025242435303, -58.01629620822638600 ) ) ;
#6229 = VECTOR ( 'NONE', #912, 1000.000000000000227 ) ;
#6230 =( NAMED_UNIT ( * ) PLANE_ANGLE_UNIT ( ) SI_UNIT ( $, .RADIAN. ) );
#6231 = ADVANCED_FACE ( 'NONE', ( #9195 ), #7123, .F. ) ;
#6232 = VERTEX_POINT ( 'NONE', #2449 ) ;
#6233 = VECTOR ( 'NONE', #2808, 1000.000000000000114 ) ;
#6234 = VERTEX_POINT ( 'NONE', #245 ) ;
#6235 = FACE_OUTER_BOUND ( 'NONE', #258, .T. ) ;
#6236 = PLANE ( 'NONE',  #1496 ) ;
#6237 = FACE_OUTER_BOUND ( 'NONE', #7708, .T. ) ;
#6238 = DIRECTION ( 'NONE',  ( -0.000000000000000000, -1.000000000000000000, -0.000000000000000000 ) ) ;
#6239 = ORIENTED_EDGE ( 'NONE', *, *, #2950, .T. ) ;
#6240 = LINE ( 'NONE', #8497, #526 ) ;
#6241 = LINE ( 'NONE', #4017, #7209 ) ;
#6242 = EDGE_CURVE ( 'NONE', #2199, #3036, #7907, .T. ) ;
#6243 = EDGE_LOOP ( 'NONE', ( #3564, #3983 ) ) ;
#6244 = EDGE_CURVE ( 'NONE', #7114, #43, #6240, .T. ) ;
#6245 = CARTESIAN_POINT ( 'NONE',  ( -41.13620667976131529, 6.000000000000005329, 7.500000000000000000 ) ) ;
#6246 = ORIENTED_EDGE ( 'NONE', *, *, #3211, .T. ) ;
#6247 = AXIS2_PLACEMENT_3D ( 'NONE', #5619, #8475, #1944 ) ;
#6248 = DIRECTION ( 'NONE',  ( 0.000000000000000000, 0.000000000000000000, 1.000000000000000000 ) ) ;
#6249 = EDGE_CURVE ( 'NONE', #9586, #2441, #5601, .T. ) ;
#6250 = EDGE_CURVE ( 'NONE', #6741, #4552, #9392, .T. ) ;
#6251 = DIRECTION ( 'NONE',  ( 0.000000000000000000, 0.000000000000000000, -1.000000000000000000 ) ) ;
#6252 = CARTESIAN_POINT ( 'NONE',  ( 3.673940397442059967E-15, 0.000000000000000000, 30.00000000000000000 ) ) ;
#6253 = FACE_BOUND ( 'NONE', #926, .T. ) ;
#6254 = ORIENTED_EDGE ( 'NONE', *, *, #366, .F. ) ;
#6255 = PLANE ( 'NONE',  #9421 ) ;
#6256 = EDGE_CURVE ( 'NONE', #5406, #8157, #1921, .T. ) ;
#6257 = ORIENTED_EDGE ( 'NONE', *, *, #5013, .T. ) ;
#6258 = CARTESIAN_POINT ( 'NONE',  ( -32.03989878038110106, 147.4213562373095385, 6.744732556983351834 ) ) ;
#6259 = DIRECTION ( 'NONE',  ( 0.000000000000000000, -1.000000000000000000, 0.000000000000000000 ) ) ;
#6260 = AXIS2_PLACEMENT_3D ( 'NONE', #4230, #2131, #7390 ) ;
#6261 = PLANE ( 'NONE',  #9389 ) ;
#6262 = ORIENTED_EDGE ( 'NONE', *, *, #1890, .F. ) ;
#6263 = FACE_OUTER_BOUND ( 'NONE', #2654, .T. ) ;
#6264 = VERTEX_POINT ( 'NONE', #393 ) ;
#6265 = DIRECTION ( 'NONE',  ( 0.4698463103929295670, 0.8660254037844516972, 0.1710100716628363271 ) ) ;
#6266 = CARTESIAN_POINT ( 'NONE',  ( -92.34245936985365688, -5.728164937519062860, -61.66678322122567124 ) ) ;
#6267 = VECTOR ( 'NONE', #983, 1000.000000000000114 ) ;
#6268 = VECTOR ( 'NONE', #3165, 1000.000000000000000 ) ;
#6269 = ORIENTED_EDGE ( 'NONE', *, *, #6318, .T. ) ;
#6270 = VECTOR ( 'NONE', #5010, 1000.000000000000114 ) ;
#6271 = ORIENTED_EDGE ( 'NONE', *, *, #1476, .T. ) ;
#6272 = CARTESIAN_POINT ( 'NONE',  ( -50.00000000000000000, 6.000000000000005329, 47.14745962155770798 ) ) ;
#6273 = AXIS2_PLACEMENT_3D ( 'NONE', #1468, #2979, #1266 ) ;
#6274 = DIRECTION ( 'NONE',  ( 0.000000000000000000, 0.000000000000000000, 1.000000000000000000 ) ) ;
#6275 = ORIENTED_EDGE ( 'NONE', *, *, #8295, .F. ) ;
#6276 = DIRECTION ( 'NONE',  ( 0.5000000000000000000, 0.000000000000000000, 0.8660254037844385966 ) ) ;
#6277 = PLANE ( 'NONE',  #5225 ) ;
#6278 = AXIS2_PLACEMENT_3D ( 'NONE', #76, #3159, #8374 ) ;
#6279 = ORIENTED_EDGE ( 'NONE', *, *, #9301, .F. ) ;
#6280 = FACE_OUTER_BOUND ( 'NONE', #4591, .T. ) ;
#6281 = DATE_TIME_ROLE ( 'creation_date' ) ;
#6282 = ORIENTED_EDGE ( 'NONE', *, *, #8075, .F. ) ;
#6283 = EDGE_LOOP ( 'NONE', ( #2354, #5386, #1041, #2683 ) ) ;
#6284 = LINE ( 'NONE', #7859, #6927 ) ;
#6285 = DIRECTION ( 'NONE',  ( 1.308353425290363404E-16, -1.000000000000000000, 0.000000000000000000 ) ) ;
#6286 = DIRECTION ( 'NONE',  ( -0.8660254037844387076, 0.000000000000000000, 0.5000000000000001110 ) ) ;
#6287 = DIRECTION ( 'NONE',  ( 0.000000000000000000, 0.000000000000000000, -1.000000000000000000 ) ) ;
#6288 = EDGE_CURVE ( 'NONE', #7908, #2306, #5501, .T. ) ;
#6289 = ORIENTED_EDGE ( 'NONE', *, *, #2167, .F. ) ;
#6290 = DIRECTION ( 'NONE',  ( 0.4698463103929532703, 0.8660254037844400399, 0.1710100716628305539 ) ) ;
#6291 = EDGE_CURVE ( 'NONE', #9534, #6649, #4751, .T. ) ;
#6292 = CARTESIAN_POINT ( 'NONE',  ( -79.87143568757763035, 17.25855025242403329, -57.12770181004839998 ) ) ;
#6293 = ORIENTED_EDGE ( 'NONE', *, *, #3957, .T. ) ;
#6294 = DIRECTION ( 'NONE',  ( -0.000000000000000000, -1.000000000000000000, -0.000000000000000000 ) ) ;
#6295 = VERTEX_POINT ( 'NONE', #6538 ) ;
#6296 = CARTESIAN_POINT ( 'NONE',  ( -35.96815219932086904, 0.000000000000000000, -13.74999999999999467 ) ) ;
#6297 = CARTESIAN_POINT ( 'NONE',  ( 41.13620667976131529, 6.000000000000005329, 28.74999999999999645 ) ) ;
#6298 = DIRECTION ( 'NONE',  ( 0.000000000000000000, -0.000000000000000000, 1.000000000000000000 ) ) ;
#6299 = CARTESIAN_POINT ( 'NONE',  ( -50.00000000000000000, 147.4213562373095385, 37.85254037844264019 ) ) ;
#6300 = VERTEX_POINT ( 'NONE', #5698 ) ;
#6301 = CARTESIAN_POINT ( 'NONE',  ( -32.47595264191693332, 147.4213562373095385, 49.99999999999998579 ) ) ;
#6302 = EDGE_CURVE ( 'NONE', #136, #7557, #6593, .T. ) ;
#6303 = DIRECTION ( 'NONE',  ( 0.000000000000000000, 0.000000000000000000, 1.000000000000000000 ) ) ;
#6304 = EDGE_CURVE ( 'NONE', #8354, #341, #7324, .T. ) ;
#6305 = CARTESIAN_POINT ( 'NONE',  ( -14.07291281149715090, 6.000000000000005329, -3.124999999999960920 ) ) ;
#6306 = CARTESIAN_POINT ( 'NONE',  ( -50.00000000000000000, 0.000000000000000000, -50.00000000000000000 ) ) ;
#6307 = CARTESIAN_POINT ( 'NONE',  ( -32.47595264191693332, 6.000000000000005329, 34.99999999999999289 ) ) ;
#6308 = VERTEX_POINT ( 'NONE', #8066 ) ;
#6309 = DIRECTION ( 'NONE',  ( 1.000000000000000000, 1.308353425290363404E-16, 0.000000000000000000 ) ) ;
#6310 = ORIENTED_EDGE ( 'NONE', *, *, #9303, .T. ) ;
#6311 = EDGE_CURVE ( 'NONE', #1088, #6338, #8163, .T. ) ;
#6312 = LINE ( 'NONE', #2566, #5965 ) ;
#6313 = CARTESIAN_POINT ( 'NONE',  ( -50.00000000000000000, 0.000000000000000000, -4.647459621556983222 ) ) ;
#6314 = VERTEX_POINT ( 'NONE', #2796 ) ;
#6315 = VECTOR ( 'NONE', #3134, 1000.000000000000227 ) ;
#6316 = ORIENTED_EDGE ( 'NONE', *, *, #6034, .F. ) ;
#6317 = CARTESIAN_POINT ( 'NONE',  ( 32.47595264191693332, 6.000000000000005329, -34.99999999999999289 ) ) ;
#6318 = EDGE_CURVE ( 'NONE', #2554, #2124, #9442, .T. ) ;
#6319 = CARTESIAN_POINT ( 'NONE',  ( -69.34793890732208865, 10.90748385084585870, -84.26290891996461596 ) ) ;
#6320 = DIRECTION ( 'NONE',  ( 0.000000000000000000, 0.000000000000000000, 1.000000000000000000 ) ) ;
#6321 = VERTEX_POINT ( 'NONE', #4267 ) ;
#6322 = DIRECTION ( 'NONE',  ( -0.4999999999999998890, 0.000000000000000000, -0.8660254037844387076 ) ) ;
#6323 = DIRECTION ( 'NONE',  ( -0.000000000000000000, -1.000000000000000000, -0.000000000000000000 ) ) ;
#6324 = VERTEX_POINT ( 'NONE', #4167 ) ;
#6325 = CARTESIAN_POINT ( 'NONE',  ( 14.07291281149758966, 0.000000000000000000, 45.62499999999995737 ) ) ;
#6326 = APPROVAL_STATUS ( 'not_yet_approved' ) ;
#6327 = VERTEX_POINT ( 'NONE', #8897 ) ;
#6328 = AXIS2_PLACEMENT_3D ( 'NONE', #4016, #7714, #3971 ) ;
#6329 = ORIENTED_EDGE ( 'NONE', *, *, #1902, .F. ) ;
#6330 = CARTESIAN_POINT ( 'NONE',  ( -21.86105912627042258, 147.4213562373095385, 24.37499999999996092 ) ) ;
#6331 = LINE ( 'NONE', #878, #9492 ) ;
#6332 = CARTESIAN_POINT ( 'NONE',  ( -45.46633369868351338, 147.4213562373095385, -42.49999999999998579 ) ) ;
#6333 = CARTESIAN_POINT ( 'NONE',  ( 25.98076211353308551, 0.000000000000000000, -15.00000000000013323 ) ) ;
#6334 = ORIENTED_EDGE ( 'NONE', *, *, #7746, .T. ) ;
#6336 = LINE ( 'NONE', #6974, #2407 ) ;
#6335 = VECTOR ( 'NONE', #6634, 1000.000000000000000 ) ;
#6337 = LINE ( 'NONE', #9196, #3285 ) ;
#6338 = VERTEX_POINT ( 'NONE', #7177 ) ;
#6339 = CARTESIAN_POINT ( 'NONE',  ( -50.00000000000000000, 6.000000000000000000, -50.00000000000000000 ) ) ;
#6340 = VECTOR ( 'NONE', #738, 1000.000000000000000 ) ;
#6341 = ORIENTED_EDGE ( 'NONE', *, *, #162, .F. ) ;
#6342 = EDGE_LOOP ( 'NONE', ( #8223, #6464, #6019, #3625 ) ) ;
#6343 = DIRECTION ( 'NONE',  ( -0.5000000000000004441, 0.000000000000000000, -0.8660254037844383745 ) ) ;
#6344 = VECTOR ( 'NONE', #4637, 1000.000000000000114 ) ;
#6345 = EDGE_CURVE ( 'NONE', #7638, #9707, #1971, .T. ) ;
#6346 = FACE_OUTER_BOUND ( 'NONE', #8098, .T. ) ;
#6347 = DIRECTION ( 'NONE',  ( -1.000000000000000000, -0.000000000000000000, -0.000000000000000000 ) ) ;
#6348 = FACE_BOUND ( 'NONE', #980, .T. ) ;
#6349 = EDGE_LOOP ( 'NONE', ( #9222, #2024 ) ) ;
#6350 = DIRECTION ( 'NONE',  ( 0.000000000000000000, 1.000000000000000000, 0.000000000000000000 ) ) ;
#6351 = EDGE_CURVE ( 'NONE', #7191, #2001, #7966, .T. ) ;
#6352 = CARTESIAN_POINT ( 'NONE',  ( -30.40590262964586188, 0.000000000000000000, 66.00000000000000000 ) ) ;
#6353 = EDGE_LOOP ( 'NONE', ( #3592, #8951, #8429, #4620 ) ) ;
#6354 = FACE_OUTER_BOUND ( 'NONE', #1852, .T. ) ;
#6355 = DIRECTION ( 'NONE',  ( -0.8660254037844381525, 0.000000000000000000, 0.5000000000000008882 ) ) ;
#6356 = FACE_OUTER_BOUND ( 'NONE', #5703, .T. ) ;
#6357 = ORIENTED_EDGE ( 'NONE', *, *, #72, .F. ) ;
#6358 = CARTESIAN_POINT ( 'NONE',  ( -72.34578304174857522, -11.39419904078968493, -87.91339593296397936 ) ) ;
#6359 = VECTOR ( 'NONE', #4605, 1000.000000000000227 ) ;
#6360 = ORIENTED_EDGE ( 'NONE', *, *, #366, .T. ) ;
#6361 = LINE ( 'NONE', #6466, #7829 ) ;
#6362 = DIRECTION ( 'NONE',  ( -0.5000000000000001110, 0.000000000000000000, 0.8660254037844387076 ) ) ;
#6363 = EDGE_CURVE ( 'NONE', #7955, #5760, #7737, .T. ) ;
#6364 = VECTOR ( 'NONE', #9554, 1000.000000000000227 ) ;
#6365 = EDGE_LOOP ( 'NONE', ( #971, #6373, #6819, #5577, #3888, #5290, #7520 ) ) ;
#6366 = VERTEX_POINT ( 'NONE', #4215 ) ;
#6367 = APPROVAL_PERSON_ORGANIZATION ( #3277, #5105, #1862 ) ;
#6368 = LINE ( 'NONE', #6518, #3073 ) ;
#6369 = VECTOR ( 'NONE', #673, 1000.000000000000000 ) ;
#6370 = EDGE_CURVE ( 'NONE', #2475, #1513, #3585, .T. ) ;
#6371 = FACE_OUTER_BOUND ( 'NONE', #9168, .T. ) ;
#6372 = LINE ( 'NONE', #8631, #2302 ) ;
#6373 = ORIENTED_EDGE ( 'NONE', *, *, #8154, .T. ) ;
#6374 = PLANE ( 'NONE',  #3207 ) ;
#6375 = CARTESIAN_POINT ( 'NONE',  ( 49.99999999999997868, 147.4213562373095385, -4.647459621557000098 ) ) ;
#6376 = ORIENTED_EDGE ( 'NONE', *, *, #130, .T. ) ;
#6377 = LINE ( 'NONE', #4004, #8525 ) ;
#6378 = APPROVAL_DATE_TIME ( #3379, #5105 ) ;
#6379 = EDGE_LOOP ( 'NONE', ( #2953, #7283, #2593, #6254, #956, #1271 ) ) ;
#6380 = EDGE_LOOP ( 'NONE', ( #4308, #5900, #3628, #2569, #7355, #4737 ) ) ;
#6381 = ORIENTED_EDGE ( 'NONE', *, *, #7826, .F. ) ;
#6382 = FACE_OUTER_BOUND ( 'NONE', #1978, .T. ) ;
#6383 = AXIS2_PLACEMENT_3D ( 'NONE', #5696, #1080, #2743 ) ;
#6384 = CARTESIAN_POINT ( 'NONE',  ( 22.34942529805128331, 0.000000000000000000, -61.40454134417992549 ) ) ;
#6385 = AXIS2_PLACEMENT_3D ( 'NONE', #690, #5400, #4653 ) ;
#6386 = VECTOR ( 'NONE', #6955, 999.9999999999998863 ) ;
#6387 = CARTESIAN_POINT ( 'NONE',  ( 54.69999999999859597, 6.000000000000000000, -54.69999999999979678 ) ) ;
#6388 = LINE ( 'NONE', #7322, #5917 ) ;
#6389 = ORIENTED_EDGE ( 'NONE', *, *, #8653, .T. ) ;
#6390 = CARTESIAN_POINT ( 'NONE',  ( 25.49447007271216137, 147.4213562373095385, -7.907717477981577758 ) ) ;
#6391 = DIRECTION ( 'NONE',  ( -0.3420201433256810364, -1.119241949895695770E-14, 0.9396926207859039870 ) ) ;
#6392 = ORIENTED_EDGE ( 'NONE', *, *, #8697, .T. ) ;
#6393 = DIRECTION ( 'NONE',  ( -0.000000000000000000, -1.000000000000000000, -0.000000000000000000 ) ) ;
#6394 = EDGE_CURVE ( 'NONE', #5477, #3295, #8799, .T. ) ;
#6395 = AXIS2_PLACEMENT_3D ( 'NONE', #4432, #1535, #2960 ) ;
#6396 = ORIENTED_EDGE ( 'NONE', *, *, #5563, .F. ) ;
#6397 = ORIENTED_EDGE ( 'NONE', *, *, #4677, .T. ) ;
#6398 = CARTESIAN_POINT ( 'NONE',  ( -100.0730928421691743, 24.75833024919774772, 69.98939073521847831 ) ) ;
#6399 = LINE ( 'NONE', #3498, #8272 ) ;
#6400 = CARTESIAN_POINT ( 'NONE',  ( -30.40590262964586188, 6.000000000000000000, 66.00000000000000000 ) ) ;
#6401 = CIRCLE ( 'NONE', #3105, 61.96152422706627760 ) ;
#6402 = DIRECTION ( 'NONE',  ( -0.3420201433256870871, -3.053113317719179500E-16, -0.9396926207859016555 ) ) ;
#6403 = LINE ( 'NONE', #6299, #1246 ) ;
#6404 = VERTEX_POINT ( 'NONE', #5746 ) ;
#6405 = LINE ( 'NONE', #4821, #5813 ) ;
#6406 = EDGE_CURVE ( 'NONE', #2215, #4908, #5897, .T. ) ;
#6407 = ADVANCED_FACE ( 'NONE', ( #2163 ), #2117, .T. ) ;
#6408 = PLANE ( 'NONE',  #6894 ) ;
#6409 = CARTESIAN_POINT ( 'NONE',  ( -27.06329386826395123, 147.4213562373095385, -31.87499999999995737 ) ) ;
#6410 = FACE_BOUND ( 'NONE', #7575, .T. ) ;
#6411 = CARTESIAN_POINT ( 'NONE',  ( 48.21495254706554334, 0.000000000000000000, -87.08787447931756276 ) ) ;
#6412 = VERTEX_POINT ( 'NONE', #6487 ) ;
#6413 = CARTESIAN_POINT ( 'NONE',  ( 0.000000000000000000, 4.500000000000007994, 92.41944086838630312 ) ) ;
#6414 = EDGE_CURVE ( 'NONE', #8376, #3494, #2845, .T. ) ;
#6415 = EDGE_CURVE ( 'NONE', #1598, #2840, #2745, .T. ) ;
#6416 = DIRECTION ( 'NONE',  ( -0.6427876096865472455, 0.000000000000000000, -0.7660444431189713521 ) ) ;
#6417 = LINE ( 'NONE', #8045, #2607 ) ;
#6418 = ORIENTED_EDGE ( 'NONE', *, *, #2605, .T. ) ;
#6419 = VECTOR ( 'NONE', #8510, 1000.000000000000000 ) ;
#6420 = ORIENTED_EDGE ( 'NONE', *, *, #4952, .F. ) ;
#6421 = DIRECTION ( 'NONE',  ( -0.000000000000000000, -0.000000000000000000, 1.000000000000000000 ) ) ;
#6422 = VECTOR ( 'NONE', #6152, 1000.000000000000000 ) ;
#6423 = EDGE_CURVE ( 'NONE', #4498, #3225, #4315, .T. ) ;
#6424 = DIRECTION ( 'NONE',  ( -0.000000000000000000, -1.000000000000000000, -0.000000000000000000 ) ) ;
#6425 = CYLINDRICAL_SURFACE ( 'NONE', #1038, 3.999999999999988454 ) ;
#6426 = ORIENTED_EDGE ( 'NONE', *, *, #7246, .F. ) ;
#6427 = CARTESIAN_POINT ( 'NONE',  ( 46.54886545341405935, 147.4213562373095385, 10.62499999999999822 ) ) ;
#6428 = DIRECTION ( 'NONE',  ( -0.4698463103929532703, -0.8660254037844400399, 0.1710100716628305539 ) ) ;
#6429 = VECTOR ( 'NONE', #1850, 1000.000000000000000 ) ;
#6430 = VERTEX_POINT ( 'NONE', #5059 ) ;
#6431 = EDGE_CURVE ( 'NONE', #8400, #5154, #5113, .T. ) ;
#6432 = ORIENTED_EDGE ( 'NONE', *, *, #6291, .F. ) ;
#6433 = EDGE_LOOP ( 'NONE', ( #2518, #2629, #3125, #8213 ) ) ;
#6434 = DIRECTION ( 'NONE',  ( 0.5000000000000000000, 0.000000000000000000, -0.8660254037844385966 ) ) ;
#6435 = AXIS2_PLACEMENT_3D ( 'NONE', #1150, #6355, #7089 ) ;
#6436 = CARTESIAN_POINT ( 'NONE',  ( 22.73316684934198051, 0.000000000000000000, -45.62499999999995737 ) ) ;
#6437 = ADVANCED_FACE ( 'NONE', ( #5009 ), #7373, .F. ) ;
#6438 = AXIS2_PLACEMENT_3D ( 'NONE', #4030, #6350, #2511 ) ;
#6439 = CYLINDRICAL_SURFACE ( 'NONE', #9374, 6.999999999999942268 ) ;
#6440 = CARTESIAN_POINT ( 'NONE',  ( 95.31102044180072141, -5.728164937518889666, 53.51072870777982615 ) ) ;
#6441 = ORIENTED_EDGE ( 'NONE', *, *, #8879, .F. ) ;
#6442 = DIRECTION ( 'NONE',  ( 0.5000000000000001110, 0.000000000000000000, -0.8660254037844385966 ) ) ;
#6443 = CARTESIAN_POINT ( 'NONE',  ( 32.47595264191693332, 6.000000000000005329, -28.74999999999999289 ) ) ;
#6444 = CARTESIAN_POINT ( 'NONE',  ( -71.72233712427414787, 11.59251614915381445, 50.82336213776299871 ) ) ;
#6445 = DIRECTION ( 'NONE',  ( 0.4698463103929487183, 0.8660254037844400399, -0.1710100716628430717 ) ) ;
#6446 = ORIENTED_EDGE ( 'NONE', *, *, #5109, .T. ) ;
#6447 = EDGE_LOOP ( 'NONE', ( #7015, #9266, #1665 ) ) ;
#6448 = ORIENTED_EDGE ( 'NONE', *, *, #5209, .F. ) ;
#6449 = CARTESIAN_POINT ( 'NONE',  ( -48.18039637606665337, 6.000000000000000000, -87.18281677883985026 ) ) ;
#6450 = LINE ( 'NONE', #5706, #3726 ) ;
#6451 = VECTOR ( 'NONE', #4824, 1000.000000000000000 ) ;
#6452 = LINE ( 'NONE', #1346, #2942 ) ;
#6453 = CARTESIAN_POINT ( 'NONE',  ( 81.78546517605026622, -9.486715189943595306, -71.63791974095211401 ) ) ;
#6454 = FACE_OUTER_BOUND ( 'NONE', #1659, .T. ) ;
#6455 = ORIENTED_EDGE ( 'NONE', *, *, #4500, .T. ) ;
#6456 = CARTESIAN_POINT ( 'NONE',  ( -50.00000000000000000, 0.000000000000000000, -4.647459621556985887 ) ) ;
#6457 = EDGE_CURVE ( 'NONE', #8476, #247, #5399, .T. ) ;
#6458 = DIRECTION ( 'NONE',  ( -0.5000000000000067724, 0.000000000000000000, -0.8660254037844347108 ) ) ;
#6459 = ORIENTED_EDGE ( 'NONE', *, *, #2514, .T. ) ;
#6460 = DIRECTION ( 'NONE',  ( -0.000000000000000000, 1.000000000000000000, -0.000000000000000000 ) ) ;
#6461 = ADVANCED_FACE ( 'NONE', ( #9086 ), #9134, .F. ) ;
#6462 = CARTESIAN_POINT ( 'NONE',  ( 46.54886545341405935, 6.000000000000005329, -10.62499999999999822 ) ) ;
#6463 = FACE_OUTER_BOUND ( 'NONE', #789, .T. ) ;
#6464 = ORIENTED_EDGE ( 'NONE', *, *, #2477, .T. ) ;
#6465 = LINE ( 'NONE', #364, #8083 ) ;
#6466 = CARTESIAN_POINT ( 'NONE',  ( 41.13620667976131529, 147.4213562373095385, 7.500000000000000000 ) ) ;
#6467 = DIRECTION ( 'NONE',  ( 0.5000000000000000000, 0.000000000000000000, -0.8660254037844385966 ) ) ;
#6468 = VERTEX_POINT ( 'NONE', #7560 ) ;
#6469 = VERTEX_POINT ( 'NONE', #142 ) ;
#6470 = DIRECTION ( 'NONE',  ( -1.000000000000000000, 0.000000000000000000, 0.000000000000000000 ) ) ;
#6471 = EDGE_CURVE ( 'NONE', #6000, #2563, #4557, .T. ) ;
#6472 = CARTESIAN_POINT ( 'NONE',  ( -2.053814751474071443, 147.4213562373095385, 28.74999999999999645 ) ) ;
#6473 = CARTESIAN_POINT ( 'NONE',  ( -81.78546517605026622, -9.486715189943595306, -71.63791974095211401 ) ) ;
#6474 = EDGE_LOOP ( 'NONE', ( #59, #2456, #4159 ) ) ;
#6475 = DIRECTION ( 'NONE',  ( -0.000000000000000000, -1.000000000000000000, -0.000000000000000000 ) ) ;
#6476 = ORIENTED_EDGE ( 'NONE', *, *, #8744, .T. ) ;
#6477 = CARTESIAN_POINT ( 'NONE',  ( 4.330127018922042659, 6.000000000000005329, -49.99999999999999289 ) ) ;
#6478 = VECTOR ( 'NONE', #5349, 1000.000000000000000 ) ;
#6479 = ADVANCED_FACE ( 'NONE', ( #6783 ), #3037, .T. ) ;
#6480 = ORIENTED_EDGE ( 'NONE', *, *, #4086, .F. ) ;
#6481 = ORIENTED_EDGE ( 'NONE', *, *, #4219, .F. ) ;
#6482 = ORIENTED_EDGE ( 'NONE', *, *, #3239, .F. ) ;
#6483 = CARTESIAN_POINT ( 'NONE',  ( -48.35308504463206702, 0.000000000000000000, 50.00000000000000000 ) ) ;
#6484 = CARTESIAN_POINT ( 'NONE',  ( 3.673940397442059967E-15, 147.4213562373095385, 30.00000000000000000 ) ) ;
#6485 = FACE_OUTER_BOUND ( 'NONE', #8296, .T. ) ;
#6486 = ORIENTED_EDGE ( 'NONE', *, *, #4429, .T. ) ;
#6487 = CARTESIAN_POINT ( 'NONE',  ( 48.21495254706555045, 6.000000000000000000, -87.08787447931756276 ) ) ;
#6488 = CARTESIAN_POINT ( 'NONE',  ( -11.26739772084300206, 6.000000000000005329, 34.51570532158540061 ) ) ;
#6489 = DIRECTION ( 'NONE',  ( -0.8789733129752194118, 0.4768709627114730010, 0.000000000000000000 ) ) ;
#6490 = DIRECTION ( 'NONE',  ( 0.4698463103929487183, 0.8660254037844400399, -0.1710100716628430717 ) ) ;
#6491 = VECTOR ( 'NONE', #6839, 1000.000000000000000 ) ;
#6492 = EDGE_CURVE ( 'NONE', #4120, #6135, #4513, .T. ) ;
#6493 = ORIENTED_EDGE ( 'NONE', *, *, #5383, .T. ) ;
#6494 = ORIENTED_EDGE ( 'NONE', *, *, #5998, .T. ) ;
#6495 = ORIENTED_EDGE ( 'NONE', *, *, #9214, .F. ) ;
#6496 = DIRECTION ( 'NONE',  ( 4.006172263299126906E-16, 0.000000000000000000, -1.000000000000000000 ) ) ;
#6497 = FACE_OUTER_BOUND ( 'NONE', #1376, .T. ) ;
#6498 = ADVANCED_FACE ( 'NONE', ( #5256 ), #1571, .T. ) ;
#6499 = AXIS2_PLACEMENT_3D ( 'NONE', #8054, #2837, #1373 ) ;
#6500 = DIRECTION ( 'NONE',  ( -0.8660254037844385966, 0.000000000000000000, -0.5000000000000003331 ) ) ;
#6501 = DIRECTION ( 'NONE',  ( 0.8789733129752216323, 0.4768709627114687821, 0.000000000000000000 ) ) ;
#6502 = FACE_BOUND ( 'NONE', #6365, .T. ) ;
#6503 = ORIENTED_EDGE ( 'NONE', *, *, #9470, .T. ) ;
#6504 = CARTESIAN_POINT ( 'NONE',  ( -48.21495254706554334, 6.000000000000000000, -87.08787447931756276 ) ) ;
#6505 = AXIS2_PLACEMENT_3D ( 'NONE', #6814, #85, #957 ) ;
#6506 = CARTESIAN_POINT ( 'NONE',  ( -22.73316684934176379, 147.4213562373095385, 39.37499999999995737 ) ) ;
#6507 = DIRECTION ( 'NONE',  ( 0.4698463103929531592, 0.8660254037844399289, 0.1710100716628304984 ) ) ;
#6508 = VECTOR ( 'NONE', #587, 1000.000000000000000 ) ;
#6509 = LINE ( 'NONE', #3658, #7222 ) ;
#6510 = CARTESIAN_POINT ( 'NONE',  ( -50.00000000000000000, 147.4213562373095385, 25.89745962155734205 ) ) ;
#6511 = AXIS2_PLACEMENT_3D ( 'NONE', #8970, #3063, #8419 ) ;
#6512 = ORIENTED_EDGE ( 'NONE', *, *, #208, .F. ) ;
#6513 = CARTESIAN_POINT ( 'NONE',  ( 28.14582562299473878, 0.000000000000000000, 42.49999999999998579 ) ) ;
#6514 = CARTESIAN_POINT ( 'NONE',  ( 46.40590262964586543, 4.500000000000013323, 66.00000000000000000 ) ) ;
#6515 = DIRECTION ( 'NONE',  ( -0.000000000000000000, -1.000000000000000000, -0.000000000000000000 ) ) ;
#6516 = ORIENTED_EDGE ( 'NONE', *, *, #8106, .T. ) ;
#6517 = ORIENTED_EDGE ( 'NONE', *, *, #4541, .T. ) ;
#6518 = CARTESIAN_POINT ( 'NONE',  ( 78.55942538675439835, 20.99999999999937117, 79.67978713415915593 ) ) ;
#6519 = EDGE_CURVE ( 'NONE', #7462, #209, #1479, .T. ) ;
#6520 = VECTOR ( 'NONE', #3974, 1000.000000000000000 ) ;
#6521 = DIRECTION ( 'NONE',  ( -0.000000000000000000, -1.000000000000000000, -0.000000000000000000 ) ) ;
#6522 = ADVANCED_FACE ( 'NONE', ( #3137 ), #4602, .T. ) ;
#6523 = CARTESIAN_POINT ( 'NONE',  ( -4.330127018922190096, 6.000000000000005329, 7.500000000000000888 ) ) ;
#6524 = VERTEX_POINT ( 'NONE', #4464 ) ;
#6525 = DIRECTION ( 'NONE',  ( -1.000000000000000000, 0.000000000000000000, 0.000000000000000000 ) ) ;
#6526 = VERTEX_POINT ( 'NONE', #3086 ) ;
#6527 = DIRECTION ( 'NONE',  ( 0.000000000000000000, -0.000000000000000000, 1.000000000000000000 ) ) ;
#6528 = AXIS2_PLACEMENT_3D ( 'NONE', #8226, #9607, #709 ) ;
#6529 = EDGE_CURVE ( 'NONE', #3469, #9093, #2394, .T. ) ;
#6530 = VECTOR ( 'NONE', #522, 1000.000000000000227 ) ;
#6531 = EDGE_LOOP ( 'NONE', ( #1509, #4973 ) ) ;
#6532 = VERTEX_POINT ( 'NONE', #7515 ) ;
#6533 = ORIENTED_EDGE ( 'NONE', *, *, #3728, .F. ) ;
#6534 = FACE_OUTER_BOUND ( 'NONE', #3665, .T. ) ;
#6535 = LINE ( 'NONE', #2843, #4347 ) ;
#6536 = PLANE ( 'NONE',  #3399 ) ;
#6537 = ORIENTED_EDGE ( 'NONE', *, *, #1323, .T. ) ;
#6538 = CARTESIAN_POINT ( 'NONE',  ( 8.660254037844387298, 0.000000000000000000, -4.592625337882893652E-17 ) ) ;
#6539 = DIRECTION ( 'NONE',  ( -0.000000000000000000, -1.000000000000000000, -0.000000000000000000 ) ) ;
#6540 = CARTESIAN_POINT ( 'NONE',  ( -54.69999999999999574, 6.000000000000000000, -52.19999999999999574 ) ) ;
#6541 = EDGE_CURVE ( 'NONE', #3931, #1464, #9039, .T. ) ;
#6542 = CARTESIAN_POINT ( 'NONE',  ( 82.31282873162557223, 12.75855025242435303, 58.01629620822638600 ) ) ;
#6543 = EDGE_LOOP ( 'NONE', ( #8260, #9475, #7695, #753 ) ) ;
#6544 = VECTOR ( 'NONE', #9369, 1000.000000000000000 ) ;
#6545 = VERTEX_POINT ( 'NONE', #1435 ) ;
#6546 = VERTEX_POINT ( 'NONE', #3822 ) ;
#6547 = ORIENTED_EDGE ( 'NONE', *, *, #9664, .T. ) ;
#6548 = PLANE ( 'NONE',  #7422 ) ;
#6549 = VECTOR ( 'NONE', #963, 1000.000000000000227 ) ;
#6550 = CARTESIAN_POINT ( 'NONE',  ( -14.07291281149715978, 0.000000000000000000, -18.12499999999996092 ) ) ;
#6551 = EDGE_CURVE ( 'NONE', #1422, #9639, #4924, .T. ) ;
#6552 = LINE ( 'NONE', #9547, #8129 ) ;
#6553 = EDGE_CURVE ( 'NONE', #3412, #2342, #993, .T. ) ;
#6554 = CARTESIAN_POINT ( 'NONE',  ( 4.330127018922193649, 6.000000000000005329, 7.500000000000000000 ) ) ;
#6555 = FACE_OUTER_BOUND ( 'NONE', #8779, .T. ) ;
#6556 = VERTEX_POINT ( 'NONE', #3781 ) ;
#6557 = VECTOR ( 'NONE', #8218, 1000.000000000000114 ) ;
#6558 = LINE ( 'NONE', #7290, #7850 ) ;
#6559 = EDGE_CURVE ( 'NONE', #4571, #3737, #6824, .T. ) ;
#6560 = VECTOR ( 'NONE', #6997, 1000.000000000000114 ) ;
#6561 = ADVANCED_FACE ( 'NONE', ( #5208 ), #735, .F. ) ;
#6562 = DIRECTION ( 'NONE',  ( -0.8789733129752196339, 0.4768709627114723348, 0.000000000000000000 ) ) ;
#6563 = EDGE_CURVE ( 'NONE', #111, #2119, #1620, .T. ) ;
#6564 = AXIS2_PLACEMENT_3D ( 'NONE', #3249, #3201, #1092 ) ;
#6565 = PLANE ( 'NONE',  #3283 ) ;
#6566 = DIRECTION ( 'NONE',  ( 0.3420201433256870871, 3.053113317719179500E-16, -0.9396926207859016555 ) ) ;
#6567 = FACE_BOUND ( 'NONE', #4495, .T. ) ;
#6568 = ORIENTED_EDGE ( 'NONE', *, *, #3558, .T. ) ;
#6569 = DIRECTION ( 'NONE',  ( -0.8789733129752216323, 0.4768709627114687821, 0.000000000000000000 ) ) ;
#6570 = CARTESIAN_POINT ( 'NONE',  ( -10.17883965411063585, 147.4213562373095385, -31.11973255698393359 ) ) ;
#6571 = LINE ( 'NONE', #3466, #6860 ) ;
#6572 = EDGE_CURVE ( 'NONE', #4688, #3195, #5443, .T. ) ;
#6573 = ORIENTED_EDGE ( 'NONE', *, *, #2687, .F. ) ;
#6574 = ORIENTED_EDGE ( 'NONE', *, *, #2649, .T. ) ;
#6575 = CARTESIAN_POINT ( 'NONE',  ( -4.330127018922193649, 0.000000000000000000, -7.500000000000000000 ) ) ;
#6576 = VECTOR ( 'NONE', #6747, 1000.000000000000000 ) ;
#6577 = CARTESIAN_POINT ( 'NONE',  ( 78.75412362807587385, 15.40748385084558514, 50.82336213776299871 ) ) ;
#6578 = CARTESIAN_POINT ( 'NONE',  ( 45.46633369868351338, 0.000000000000000000, -21.24999999999999289 ) ) ;
#6579 = VERTEX_POINT ( 'NONE', #382 ) ;
#6580 = DIRECTION ( 'NONE',  ( -0.8660254037844385966, 0.000000000000000000, -0.5000000000000001110 ) ) ;
#6581 = VERTEX_POINT ( 'NONE', #3275 ) ;
#6582 = DIRECTION ( 'NONE',  ( 0.000000000000000000, 1.000000000000000000, 0.000000000000000000 ) ) ;
#6583 = AXIS2_PLACEMENT_3D ( 'NONE', #7709, #3965, #1226 ) ;
#6584 = EDGE_CURVE ( 'NONE', #9122, #3955, #187, .T. ) ;
#6585 = VECTOR ( 'NONE', #752, 1000.000000000000114 ) ;
#6586 = ORIENTED_EDGE ( 'NONE', *, *, #3953, .F. ) ;
#6587 = EDGE_LOOP ( 'NONE', ( #5788, #1617, #7121, #5697 ) ) ;
#6588 = ORIENTED_EDGE ( 'NONE', *, *, #3941, .F. ) ;
#6589 = PLANE ( 'NONE',  #6189 ) ;
#6590 = CARTESIAN_POINT ( 'NONE',  ( -27.06329386826395123, 6.000000000000005329, 31.87499999999995737 ) ) ;
#6591 = AXIS2_PLACEMENT_3D ( 'NONE', #497, #7918, #4316 ) ;
#6592 = VERTEX_POINT ( 'NONE', #2482 ) ;
#6593 = LINE ( 'NONE', #8020, #1949 ) ;
#6594 = LINE ( 'NONE', #5210, #7 ) ;
#6595 = PLANE ( 'NONE',  #3304 ) ;
#6596 = CARTESIAN_POINT ( 'NONE',  ( -22.73316684934198051, 0.000000000000000000, 45.62499999999995737 ) ) ;
#6597 = ORIENTED_EDGE ( 'NONE', *, *, #427, .T. ) ;
#6598 = AXIS2_PLACEMENT_3D ( 'NONE', #6168, #7500, #7691 ) ;
#6599 = ORIENTED_EDGE ( 'NONE', *, *, #5204, .T. ) ;
#6600 = ORIENTED_EDGE ( 'NONE', *, *, #4079, .T. ) ;
#6601 = VECTOR ( 'NONE', #7139, 1000.000000000000000 ) ;
#6602 = CARTESIAN_POINT ( 'NONE',  ( -14.07291281149715090, 6.000000000000005329, 3.124999999999960920 ) ) ;
#6603 = CARTESIAN_POINT ( 'NONE',  ( -22.71712670107568499, 0.000000000000000000, 3.124999999999959588 ) ) ;
#6604 = EDGE_CURVE ( 'NONE', #2107, #1286, #8693, .T. ) ;
#6605 = EDGE_CURVE ( 'NONE', #8954, #6124, #8439, .T. ) ;
#6606 = LINE ( 'NONE', #9653, #7489 ) ;
#6607 = VECTOR ( 'NONE', #5956, 1000.000000000000000 ) ;
#6608 = CARTESIAN_POINT ( 'NONE',  ( -14.07291281149715090, 0.000000000000000000, 3.124999999999960920 ) ) ;
#6609 = LINE ( 'NONE', #1293, #2036 ) ;
#6610 = VERTEX_POINT ( 'NONE', #3378 ) ;
#6611 = VECTOR ( 'NONE', #5132, 1000.000000000000000 ) ;
#6612 = DIRECTION ( 'NONE',  ( 1.000000000000000000, 0.000000000000000000, 0.000000000000000000 ) ) ;
#6613 = CARTESIAN_POINT ( 'NONE',  ( -71.75583453782208210, 8.999999999999962697, 67.98743272795279324 ) ) ;
#6614 = CARTESIAN_POINT ( 'NONE',  ( -4.330127018922264703, 0.000000000000000000, 13.74999999999999822 ) ) ;
#6615 = LINE ( 'NONE', #5768, #8952 ) ;
#6616 = DIRECTION ( 'NONE',  ( 0.5000000000000001110, 0.000000000000000000, -0.8660254037844387076 ) ) ;
#6617 = ORIENTED_EDGE ( 'NONE', *, *, #408, .T. ) ;
#6618 = DIRECTION ( 'NONE',  ( 0.3420201433256876422, -0.000000000000000000, 0.9396926207859014335 ) ) ;
#6619 = LINE ( 'NONE', #8823, #635 ) ;
#6620 = DIRECTION ( 'NONE',  ( -0.9396926207859013225, 0.000000000000000000, 0.3420201433256878643 ) ) ;
#6621 = ORIENTED_EDGE ( 'NONE', *, *, #1331, .T. ) ;
#6622 = ADVANCED_FACE ( 'NONE', ( #6280 ), #8395, .T. ) ;
#6623 = ORIENTED_EDGE ( 'NONE', *, *, #6722, .F. ) ;
#6624 = FACE_OUTER_BOUND ( 'NONE', #7378, .T. ) ;
#6625 = EDGE_CURVE ( 'NONE', #4240, #5717, #1120, .T. ) ;
#6626 = AXIS2_PLACEMENT_3D ( 'NONE', #5408, #9094, #9048 ) ;
#6627 = VECTOR ( 'NONE', #2660, 999.9999999999998863 ) ;
#6628 = CARTESIAN_POINT ( 'NONE',  ( -28.14582562299473878, 6.000000000000005329, -42.49999999999998579 ) ) ;
#6629 = EDGE_CURVE ( 'NONE', #4210, #2701, #4739, .T. ) ;
#6630 = ORIENTED_EDGE ( 'NONE', *, *, #6982, .T. ) ;
#6631 = DIRECTION ( 'NONE',  ( 0.5000000000000000000, 0.000000000000000000, 0.8660254037844385966 ) ) ;
#6632 = ORIENTED_EDGE ( 'NONE', *, *, #2888, .T. ) ;
#6633 = ORIENTED_EDGE ( 'NONE', *, *, #3656, .T. ) ;
#6634 = DIRECTION ( 'NONE',  ( -0.000000000000000000, -1.000000000000000000, -0.000000000000000000 ) ) ;
#6635 = EDGE_CURVE ( 'NONE', #6610, #644, #6377, .T. ) ;
#6636 = ORIENTED_EDGE ( 'NONE', *, *, #8880, .T. ) ;
#6637 = ORIENTED_EDGE ( 'NONE', *, *, #130, .F. ) ;
#6638 = ORIENTED_EDGE ( 'NONE', *, *, #583, .F. ) ;
#6639 = CARTESIAN_POINT ( 'NONE',  ( 30.40590262964586188, 6.000000000000000000, 66.00000000000000000 ) ) ;
#6640 = VECTOR ( 'NONE', #3705, 1000.000000000000227 ) ;
#6641 = VERTEX_POINT ( 'NONE', #6325 ) ;
#6642 = CARTESIAN_POINT ( 'NONE',  ( 91.03044906903043909, -1.986715189943727422, 84.21886854533643429 ) ) ;
#6643 = VECTOR ( 'NONE', #9496, 1000.000000000000000 ) ;
#6644 = DIRECTION ( 'NONE',  ( 1.000000000000000000, 0.000000000000000000, 2.006803045524146533E-16 ) ) ;
#6645 = LINE ( 'NONE', #7230, #2066 ) ;
#6646 = DIRECTION ( 'NONE',  ( 1.000000000000000000, 0.000000000000000000, -0.000000000000000000 ) ) ;
#6647 = ORIENTED_EDGE ( 'NONE', *, *, #1534, .F. ) ;
#6648 = ORIENTED_EDGE ( 'NONE', *, *, #2176, .F. ) ;
#6649 = VERTEX_POINT ( 'NONE', #7799 ) ;
#6650 = CARTESIAN_POINT ( 'NONE',  ( 32.47595264191693332, 147.4213562373095385, 13.74999999999999467 ) ) ;
#6651 = AXIS2_PLACEMENT_3D ( 'NONE', #6252, #403, #9250 ) ;
#6652 = CARTESIAN_POINT ( 'NONE',  ( -45.46633369868351338, 0.000000000000000000, 21.24999999999999289 ) ) ;
#6653 = CARTESIAN_POINT ( 'NONE',  ( 65.60302134699557541, 5.661903261019712197, 67.98743272795279324 ) ) ;
#6654 = DIRECTION ( 'NONE',  ( -0.8660254037844379305, 0.000000000000000000, -0.5000000000000013323 ) ) ;
#6655 = CARTESIAN_POINT ( 'NONE',  ( 49.99999999999997868, 147.4213562373095385, -16.60254037844299901 ) ) ;
#6656 = ORIENTED_EDGE ( 'NONE', *, *, #5520, .F. ) ;
#6657 = CARTESIAN_POINT ( 'NONE',  ( -32.47595264191693332, 6.000000000000005329, -28.74999999999999289 ) ) ;
#6658 = EDGE_CURVE ( 'NONE', #4385, #7615, #8586, .T. ) ;
#6659 = CARTESIAN_POINT ( 'NONE',  ( 46.54886545341427961, 147.4213562373095385, -31.87499999999998579 ) ) ;
#6660 = AXIS2_PLACEMENT_3D ( 'NONE', #6642, #9640, #7608 ) ;
#6661 = DIRECTION ( 'NONE',  ( 0.4999999999999993894, 0.000000000000000000, -0.8660254037844389297 ) ) ;
#6662 = LINE ( 'NONE', #8770, #9419 ) ;
#6663 = DIRECTION ( 'NONE',  ( 0.8789733129752215213, -0.4768709627114688376, 0.000000000000000000 ) ) ;
#6664 = DIRECTION ( 'NONE',  ( -0.5000000000000000000, 0.000000000000000000, 0.8660254037844385966 ) ) ;
#6665 = DIRECTION ( 'NONE',  ( -0.000000000000000000, -1.000000000000000000, -0.000000000000000000 ) ) ;
#6666 = CARTESIAN_POINT ( 'NONE',  ( 1.387778780781445676E-14, 147.4213562373095385, 41.25149317610432576 ) ) ;
#6667 = VECTOR ( 'NONE', #9227, 1000.000000000000114 ) ;
#6668 = EDGE_CURVE ( 'NONE', #2233, #4322, #5488, .T. ) ;
#6669 = ORIENTED_EDGE ( 'NONE', *, *, #5444, .F. ) ;
#6670 = AXIS2_PLACEMENT_3D ( 'NONE', #7710, #2538, #150 ) ;
#6671 = EDGE_LOOP ( 'NONE', ( #6262, #2327, #8034, #5308 ) ) ;
#6672 = CARTESIAN_POINT ( 'NONE',  ( 41.13620667976131529, 0.000000000000000000, -7.500000000000000000 ) ) ;
#6673 = AXIS2_PLACEMENT_3D ( 'NONE', #1514, #9521, #630 ) ;
#6674 = DIRECTION ( 'NONE',  ( -0.5000000000000012212, 0.000000000000000000, 0.8660254037844379305 ) ) ;
#6675 = DIRECTION ( 'NONE',  ( -1.000000000000000000, 0.000000000000000000, 0.000000000000000000 ) ) ;
#6676 = ORIENTED_EDGE ( 'NONE', *, *, #4722, .T. ) ;
#6677 = PLANE ( 'NONE',  #7925 ) ;
#6678 = ADVANCED_FACE ( 'NONE', ( #1810 ), #1716, .F. ) ;
#6679 = ORIENTED_EDGE ( 'NONE', *, *, #72, .T. ) ;
#6680 = VERTEX_POINT ( 'NONE', #1861 ) ;
#6681 = LINE ( 'NONE', #8982, #9064 ) ;
#6682 = VERTEX_POINT ( 'NONE', #1015 ) ;
#6683 = EDGE_CURVE ( 'NONE', #3025, #6113, #4107, .T. ) ;
#6684 = EDGE_LOOP ( 'NONE', ( #8847, #6476 ) ) ;
#6685 = ADVANCED_FACE ( 'NONE', ( #9183 ), #7705, .F. ) ;
#6686 = ORIENTED_EDGE ( 'NONE', *, *, #8487, .T. ) ;
#6687 = CARTESIAN_POINT ( 'NONE',  ( -46.54886545341405935, 0.000000000000000000, -10.62499999999999822 ) ) ;
#6688 = DIRECTION ( 'NONE',  ( -0.8137976813493634776, 0.4999999999999976685, 0.2961981327260559960 ) ) ;
#6689 = DIRECTION ( 'NONE',  ( 0.5000000000000001110, 0.000000000000000000, -0.8660254037844385966 ) ) ;
#6690 = CARTESIAN_POINT ( 'NONE',  ( -46.54886545341427961, 147.4213562373095385, 31.87499999999998579 ) ) ;
#6691 = CARTESIAN_POINT ( 'NONE',  ( -50.00000000000000000, 147.4213562373095385, -4.647459621556983222 ) ) ;
#6692 = ORIENTED_EDGE ( 'NONE', *, *, #2557, .T. ) ;
#6693 = VERTEX_POINT ( 'NONE', #3959 ) ;
#6694 = ORIENTED_EDGE ( 'NONE', *, *, #6213, .F. ) ;
#6695 = ORIENTED_EDGE ( 'NONE', *, *, #2496, .T. ) ;
#6696 = DIRECTION ( 'NONE',  ( 0.8789733129752200780, 0.4768709627114717797, 0.000000000000000000 ) ) ;
#6697 = PRODUCT_DEFINITION_FORMATION_WITH_SPECIFIED_SOURCE ( 'ANY', '', #964, .NOT_KNOWN. ) ;
#6698 = LINE ( 'NONE', #7434, #6123 ) ;
#6699 = VECTOR ( 'NONE', #7359, 999.9999999999998863 ) ;
#6700 = FACE_BOUND ( 'NONE', #236, .T. ) ;
#6701 = CARTESIAN_POINT ( 'NONE',  ( -50.00000000000000000, 147.4213562373095385, -4.647459621556983222 ) ) ;
#6702 = EDGE_CURVE ( 'NONE', #481, #7851, #7852, .T. ) ;
#6703 = CARTESIAN_POINT ( 'NONE',  ( 82.83999675952468067, 17.25855025242420737, 48.97164729660255489 ) ) ;
#6704 = VERTEX_POINT ( 'NONE', #6228 ) ;
#6705 = FACE_OUTER_BOUND ( 'NONE', #6587, .T. ) ;
#6706 = CARTESIAN_POINT ( 'NONE',  ( 22.73316684934176379, 0.000000000000000000, 39.37499999999995737 ) ) ;
#6707 = PLANE ( 'NONE',  #2816 ) ;
#6708 = VECTOR ( 'NONE', #6049, 1000.000000000000000 ) ;
#6709 = ADVANCED_FACE ( 'NONE', ( #7109 ), #6920, .T. ) ;
#6710 = CARTESIAN_POINT ( 'NONE',  ( -71.96467873985479002, 13.49999999999997513, 90.20243797482449111 ) ) ;
#6711 = EDGE_CURVE ( 'NONE', #6327, #6295, #4054, .T. ) ;
#6712 = VECTOR ( 'NONE', #452, 1000.000000000000000 ) ;
#6713 = FACE_OUTER_BOUND ( 'NONE', #822, .T. ) ;
#6714 = DIRECTION ( 'NONE',  ( -0.8789733129752194118, 0.4768709627114730010, 0.000000000000000000 ) ) ;
#6715 = FACE_OUTER_BOUND ( 'NONE', #911, .T. ) ;
#6716 = ORIENTED_EDGE ( 'NONE', *, *, #8707, .T. ) ;
#6717 = AXIS2_PLACEMENT_3D ( 'NONE', #4129, #9401, #7769 ) ;
#6718 = ORIENTED_EDGE ( 'NONE', *, *, #6738, .T. ) ;
#6719 = CARTESIAN_POINT ( 'NONE',  ( -49.99999999999999289, 147.4213562373095385, 4.647459621556995657 ) ) ;
#6720 = CARTESIAN_POINT ( 'NONE',  ( -41.13620667976131529, 147.4213562373095385, -7.500000000000000000 ) ) ;
#6721 = EDGE_CURVE ( 'NONE', #3133, #2119, #9524, .T. ) ;
#6722 = EDGE_CURVE ( 'NONE', #2169, #1443, #2787, .T. ) ;
#6723 = CARTESIAN_POINT ( 'NONE',  ( -75.46725468460070374, 16.83809673897978243, -67.09883832977483564 ) ) ;
#6724 = EDGE_CURVE ( 'NONE', #9678, #291, #8836, .T. ) ;
#6725 = ORIENTED_EDGE ( 'NONE', *, *, #8293, .T. ) ;
#6726 = DIRECTION ( 'NONE',  ( 0.000000000000000000, 0.000000000000000000, -1.000000000000000000 ) ) ;
#6727 = ORIENTED_EDGE ( 'NONE', *, *, #3265, .F. ) ;
#6728 = ORIENTED_EDGE ( 'NONE', *, *, #9081, .T. ) ;
#6729 = DIRECTION ( 'NONE',  ( 1.000000000000000000, 0.000000000000000000, 0.000000000000000000 ) ) ;
#6730 = VECTOR ( 'NONE', #8039, 1000.000000000000114 ) ;
#6731 = ORIENTED_EDGE ( 'NONE', *, *, #7546, .F. ) ;
#6732 = DIRECTION ( 'NONE',  ( -1.000000000000000000, 0.000000000000000000, 0.000000000000000000 ) ) ;
#6733 = VERTEX_POINT ( 'NONE', #7216 ) ;
#6734 = CARTESIAN_POINT ( 'NONE',  ( 8.660254037844241637, 0.000000000000000000, 42.49999999999999289 ) ) ;
#6735 = CARTESIAN_POINT ( 'NONE',  ( -83.57150303714189477, 30.23589553796798057, -65.90921696516619477 ) ) ;
#6736 = DIRECTION ( 'NONE',  ( -0.000000000000000000, -1.000000000000000000, -0.000000000000000000 ) ) ;
#6737 = CARTESIAN_POINT ( 'NONE',  ( -75.86167629364946663, -9.486715189943788928, 87.91339593296397936 ) ) ;
#6738 = EDGE_CURVE ( 'NONE', #3025, #8914, #1910, .T. ) ;
#6739 = VERTEX_POINT ( 'NONE', #4998 ) ;
#6740 = ORIENTED_EDGE ( 'NONE', *, *, #4807, .F. ) ;
#6741 = VERTEX_POINT ( 'NONE', #4357 ) ;
#6742 = ADVANCED_FACE ( 'NONE', ( #5737 ), #530, .F. ) ;
#6743 = EDGE_LOOP ( 'NONE', ( #5213, #9391, #3690, #1986, #790, #6073, #3000, #5432, #6766, #6131, #1611, #7753, #8672, #5106, #8484, #7183, #1751, #8542 ) ) ;
#6744 = DIRECTION ( 'NONE',  ( -0.3420201433256944146, -1.998646339099526433E-14, -0.9396926207858991020 ) ) ;
#6745 = AXIS2_PLACEMENT_3D ( 'NONE', #2761, #5811, #8179 ) ;
#6746 = CARTESIAN_POINT ( 'NONE',  ( 32.47595264191693332, 0.000000000000000000, -28.74999999999999289 ) ) ;
#6747 = DIRECTION ( 'NONE',  ( -0.000000000000000000, -1.000000000000000000, -0.000000000000000000 ) ) ;
#6748 = LINE ( 'NONE', #8313, #3963 ) ;
#6749 = VECTOR ( 'NONE', #6897, 1000.000000000000000 ) ;
#6750 = DIRECTION ( 'NONE',  ( -0.000000000000000000, -1.000000000000000000, -0.000000000000000000 ) ) ;
#6751 = ORIENTED_EDGE ( 'NONE', *, *, #4489, .F. ) ;
#6752 = VECTOR ( 'NONE', #1748, 1000.000000000000000 ) ;
#6753 = DIRECTION ( 'NONE',  ( -0.6875305731827834332, 0.000000000000000000, 0.7261554316666323228 ) ) ;
#6754 = VECTOR ( 'NONE', #1207, 1000.000000000000000 ) ;
#6755 = DIRECTION ( 'NONE',  ( 0.8789733129752216323, -0.4768709627114687821, 0.000000000000000000 ) ) ;
#6756 = VECTOR ( 'NONE', #2679, 999.9999999999998863 ) ;
#6757 = PLANE ( 'NONE',  #754 ) ;
#6758 = VECTOR ( 'NONE', #9504, 1000.000000000000227 ) ;
#6759 = FACE_OUTER_BOUND ( 'NONE', #3611, .T. ) ;
#6760 = LINE ( 'NONE', #7681, #4766 ) ;
#6761 = EDGE_CURVE ( 'NONE', #5343, #8339, #2108, .T. ) ;
#6762 = LINE ( 'NONE', #8420, #3609 ) ;
#6763 = DIRECTION ( 'NONE',  ( 0.8137976813493634776, 0.4999999999999976685, -0.2961981327260559960 ) ) ;
#6764 = EDGE_CURVE ( 'NONE', #8722, #3680, #5050, .T. ) ;
#6765 = VERTEX_POINT ( 'NONE', #5784 ) ;
#6766 = ORIENTED_EDGE ( 'NONE', *, *, #5799, .F. ) ;
#6767 = ADVANCED_FACE ( 'NONE', ( #8009 ), #4256, .T. ) ;
#6768 = CARTESIAN_POINT ( 'NONE',  ( -22.73316684934198051, 0.000000000000000000, -45.62499999999995737 ) ) ;
#6769 = FACE_BOUND ( 'NONE', #5987, .T. ) ;
#6770 = ORIENTED_EDGE ( 'NONE', *, *, #8590, .T. ) ;
#6771 = DIRECTION ( 'NONE',  ( -0.8137976813493688066, -0.4999999999999977796, 0.2961981327260408414 ) ) ;
#6772 = VECTOR ( 'NONE', #6736, 1000.000000000000000 ) ;
#6773 = ORIENTED_EDGE ( 'NONE', *, *, #8183, .T. ) ;
#6774 = ORIENTED_EDGE ( 'NONE', *, *, #7251, .T. ) ;
#6775 = CARTESIAN_POINT ( 'NONE',  ( -32.03989878038110106, 147.4213562373095385, 6.744732556983351834 ) ) ;
#6776 = VERTEX_POINT ( 'NONE', #1319 ) ;
#6777 = ORIENTED_EDGE ( 'NONE', *, *, #6949, .F. ) ;
#6778 = EDGE_CURVE ( 'NONE', #354, #2563, #5088, .T. ) ;
#6779 = ORIENTED_EDGE ( 'NONE', *, *, #1010, .F. ) ;
#6780 = ORIENTED_EDGE ( 'NONE', *, *, #6738, .F. ) ;
#6781 = PLANE ( 'NONE',  #4108 ) ;
#6782 = ORIENTED_EDGE ( 'NONE', *, *, #2307, .F. ) ;
#6783 = FACE_OUTER_BOUND ( 'NONE', #8328, .T. ) ;
#6784 = CARTESIAN_POINT ( 'NONE',  ( -48.21495254706555045, 6.000000000000000000, 87.08787447931756276 ) ) ;
#6785 = DIRECTION ( 'NONE',  ( -0.4698463103929676477, 0.8660254037844282715, 0.1710100716628501494 ) ) ;
#6786 = DIRECTION ( 'NONE',  ( -0.000000000000000000, -1.000000000000000000, -0.000000000000000000 ) ) ;
#6787 = ORIENTED_EDGE ( 'NONE', *, *, #8869, .F. ) ;
#6788 = ORIENTED_EDGE ( 'NONE', *, *, #6047, .T. ) ;
#6789 = ORIENTED_EDGE ( 'NONE', *, *, #3694, .F. ) ;
#6790 = CARTESIAN_POINT ( 'NONE',  ( -22.73316684934176024, 147.4213562373095385, 24.37499999999996092 ) ) ;
#6791 = CARTESIAN_POINT ( 'NONE',  ( -41.13620667976131529, 6.000000000000005329, -7.500000000000000000 ) ) ;
#6792 = DIRECTION ( 'NONE',  ( -0.5000000000000016653, 0.000000000000000000, -0.8660254037844377084 ) ) ;
#6793 = ORIENTED_EDGE ( 'NONE', *, *, #3360, .F. ) ;
#6794 = CARTESIAN_POINT ( 'NONE',  ( -54.69999999999999574, 0.000000000000000000, -54.69999999999999574 ) ) ;
#6795 = CARTESIAN_POINT ( 'NONE',  ( 41.13620667976131529, 147.4213562373095385, -49.99999999999998579 ) ) ;
#6796 = EDGE_CURVE ( 'NONE', #2827, #1210, #582, .T. ) ;
#6797 = ORIENTED_EDGE ( 'NONE', *, *, #7746, .F. ) ;
#6798 = DIRECTION ( 'NONE',  ( 0.000000000000000000, 0.000000000000000000, -1.000000000000000000 ) ) ;
#6799 = AXIS2_PLACEMENT_3D ( 'NONE', #1568, #3779, #4511 ) ;
#6800 = CARTESIAN_POINT ( 'NONE',  ( 45.46633369868351338, 0.000000000000000000, -4.592625337882893652E-17 ) ) ;
#6801 = ADVANCED_FACE ( 'NONE', ( #1168 ), #432, .T. ) ;
#6802 = CARTESIAN_POINT ( 'NONE',  ( -50.00000000000000000, 147.4213562373095385, 47.14745962155770798 ) ) ;
#6803 = CARTESIAN_POINT ( 'NONE',  ( -65.83204565542118303, 8.999999999999966249, -84.26290891996461596 ) ) ;
#6804 = DIRECTION ( 'NONE',  ( 6.938893903907228378E-17, 0.000000000000000000, -1.000000000000000000 ) ) ;
#6805 = CARTESIAN_POINT ( 'NONE',  ( 4.330127018922120818, 6.000000000000005329, -13.74999999999999822 ) ) ;
#6806 = AXIS2_PLACEMENT_3D ( 'NONE', #1083, #4068, #1030 ) ;
#6807 = EDGE_LOOP ( 'NONE', ( #3951, #4459, #3402, #629, #7922, #3291 ) ) ;
#6808 = VERTEX_POINT ( 'NONE', #6477 ) ;
#6809 = CARTESIAN_POINT ( 'NONE',  ( -8.660254037844387298, 0.000000000000000000, -8.590526202073901000E-16 ) ) ;
#6810 = LINE ( 'NONE', #8285, #6268 ) ;
#6811 = CARTESIAN_POINT ( 'NONE',  ( -14.07291281149715978, 0.000000000000000000, -18.12499999999996092 ) ) ;
#6812 = AXIS2_PLACEMENT_3D ( 'NONE', #2206, #5993, #2292 ) ;
#6813 = ORIENTED_EDGE ( 'NONE', *, *, #8217, .F. ) ;
#6814 = CARTESIAN_POINT ( 'NONE',  ( 71.75583453782208210, 8.999999999999962697, 67.98743272795279324 ) ) ;
#6815 = ORIENTED_EDGE ( 'NONE', *, *, #2378, .F. ) ;
#6816 = DIRECTION ( 'NONE',  ( 0.5000000000000042188, 0.000000000000000000, -0.8660254037844362651 ) ) ;
#6817 = EDGE_CURVE ( 'NONE', #3083, #1380, #4305, .T. ) ;
#6818 = ORIENTED_EDGE ( 'NONE', *, *, #8684, .F. ) ;
#6819 = ORIENTED_EDGE ( 'NONE', *, *, #1538, .T. ) ;
#6820 = ORIENTED_EDGE ( 'NONE', *, *, #5118, .T. ) ;
#6821 = EDGE_CURVE ( 'NONE', #2286, #5405, #7122, .T. ) ;
#6822 = VECTOR ( 'NONE', #9582, 1000.000000000000000 ) ;
#6823 = CARTESIAN_POINT ( 'NONE',  ( 25.92513773453961434, 6.000000000000005329, -12.59634425055632079 ) ) ;
#6824 = LINE ( 'NONE', #94, #1160 ) ;
#6825 = EDGE_CURVE ( 'NONE', #5889, #3722, #1960, .T. ) ;
#6826 = DIRECTION ( 'NONE',  ( -0.000000000000000000, -1.000000000000000000, -0.000000000000000000 ) ) ;
#6827 = CARTESIAN_POINT ( 'NONE',  ( 14.07291281149758966, 147.4213562373095385, -45.62499999999995737 ) ) ;
#6828 = CARTESIAN_POINT ( 'NONE',  ( 32.47595264191693332, 6.000000000000005329, 34.99999999999999289 ) ) ;
#6829 = ORIENTED_EDGE ( 'NONE', *, *, #3130, .F. ) ;
#6830 = ORIENTED_EDGE ( 'NONE', *, *, #2319, .T. ) ;
#6831 = ORIENTED_EDGE ( 'NONE', *, *, #1914, .F. ) ;
#6832 = DIRECTION ( 'NONE',  ( -1.000000000000000000, 0.000000000000000000, 1.001543065824773222E-16 ) ) ;
#6833 = DIRECTION ( 'NONE',  ( -1.000000000000000000, 0.000000000000000000, 0.000000000000000000 ) ) ;
#6834 = VECTOR ( 'NONE', #3541, 1000.000000000000114 ) ;
#6835 = LINE ( 'NONE', #3004, #4974 ) ;
#6836 = EDGE_CURVE ( 'NONE', #5591, #16, #3970, .T. ) ;
#6837 = DIRECTION ( 'NONE',  ( -0.000000000000000000, -1.000000000000000000, -0.000000000000000000 ) ) ;
#6838 = ORIENTED_EDGE ( 'NONE', *, *, #5876, .F. ) ;
#6839 = DIRECTION ( 'NONE',  ( 6.938893903907228378E-17, 0.000000000000000000, -1.000000000000000000 ) ) ;
#6840 = DIRECTION ( 'NONE',  ( -0.8757795372522685362, -0.4330127018922241278, -0.2133312028986814046 ) ) ;
#6841 = ORIENTED_EDGE ( 'NONE', *, *, #6658, .F. ) ;
#6842 = DIRECTION ( 'NONE',  ( -0.000000000000000000, -1.000000000000000000, -0.000000000000000000 ) ) ;
#6843 = VECTOR ( 'NONE', #9660, 1000.000000000000000 ) ;
#6844 = DIRECTION ( 'NONE',  ( 1.000000000000000000, -0.000000000000000000, 0.000000000000000000 ) ) ;
#6845 = AXIS2_PLACEMENT_3D ( 'NONE', #6719, #7305, #7406 ) ;
#6846 = EDGE_CURVE ( 'NONE', #1513, #3831, #1222, .T. ) ;
#6847 = EDGE_CURVE ( 'NONE', #8573, #2239, #9477, .T. ) ;
#6848 = DIRECTION ( 'NONE',  ( 0.8660254037844382635, 0.000000000000000000, -0.5000000000000006661 ) ) ;
#6849 = ADVANCED_FACE ( 'NONE', ( #7056 ), #1859, .F. ) ;
#6850 = CARTESIAN_POINT ( 'NONE',  ( -50.00000000000000000, 0.000000000000000000, 37.85254037844264019 ) ) ;
#6851 = DIRECTION ( 'NONE',  ( -0.5000000000000041078, 0.000000000000000000, 0.8660254037844362651 ) ) ;
#6852 = LINE ( 'NONE', #9158, #8173 ) ;
#6853 = EDGE_CURVE ( 'NONE', #6412, #6871, #4944, .T. ) ;
#6854 = EDGE_CURVE ( 'NONE', #3862, #4937, #9371, .T. ) ;
#6855 = ORIENTED_EDGE ( 'NONE', *, *, #8714, .F. ) ;
#6856 = VECTOR ( 'NONE', #2017, 1000.000000000000227 ) ;
#6857 = ORIENTED_EDGE ( 'NONE', *, *, #6065, .T. ) ;
#6858 = EDGE_CURVE ( 'NONE', #9645, #3683, #1957, .T. ) ;
#6859 = PLANE ( 'NONE',  #8134 ) ;
#6860 = VECTOR ( 'NONE', #9467, 999.9999999999998863 ) ;
#6861 = FACE_BOUND ( 'NONE', #9147, .T. ) ;
#6862 = EDGE_LOOP ( 'NONE', ( #4071, #982, #2884, #6079 ) ) ;
#6863 = ADVANCED_FACE ( 'NONE', ( #8735 ), #2528, .T. ) ;
#6864 = PLANE ( 'NONE',  #998 ) ;
#6865 = VERTEX_POINT ( 'NONE', #7901 ) ;
#6866 = CARTESIAN_POINT ( 'NONE',  ( -14.07291281149758966, 147.4213562373095385, -45.62499999999995737 ) ) ;
#6867 = AXIS2_PLACEMENT_3D ( 'NONE', #7573, #8959, #2218 ) ;
#6868 = AXIS2_PLACEMENT_3D ( 'NONE', #2886, #2155, #5985 ) ;
#6869 = ORIENTED_EDGE ( 'NONE', *, *, #2989, .T. ) ;
#6870 = ORIENTED_EDGE ( 'NONE', *, *, #3934, .T. ) ;
#6871 = VERTEX_POINT ( 'NONE', #1269 ) ;
#6872 = CARTESIAN_POINT ( 'NONE',  ( -71.13257910127273931, 11.62083487540108528, 82.97218668775974493 ) ) ;
#6873 = VECTOR ( 'NONE', #7545, 1000.000000000000114 ) ;
#6874 = ORIENTED_EDGE ( 'NONE', *, *, #2764, .T. ) ;
#6875 = LINE ( 'NONE', #1860, #5845 ) ;
#6876 = ORIENTED_EDGE ( 'NONE', *, *, #8398, .F. ) ;
#6877 = CARTESIAN_POINT ( 'NONE',  ( -50.00000000000000000, 147.4213562373095385, -37.85254037844263308 ) ) ;
#6878 = DIRECTION ( 'NONE',  ( 0.5000000000000013323, 0.000000000000000000, -0.8660254037844380415 ) ) ;
#6879 = EDGE_CURVE ( 'NONE', #2505, #267, #1219, .T. ) ;
#6880 = VECTOR ( 'NONE', #9098, 1000.000000000000000 ) ;
#6881 = LINE ( 'NONE', #144, #8887 ) ;
#6882 = ORIENTED_EDGE ( 'NONE', *, *, #6541, .F. ) ;
#6883 = ORIENTED_EDGE ( 'NONE', *, *, #8588, .F. ) ;
#6884 = ORIENTED_EDGE ( 'NONE', *, *, #1671, .T. ) ;
#6885 = CARTESIAN_POINT ( 'NONE',  ( -45.46633369868351338, 147.4213562373095385, -21.24999999999999289 ) ) ;
#6886 = DIRECTION ( 'NONE',  ( -0.4698463103929531592, 0.8660254037844399289, 0.1710100716628304984 ) ) ;
#6887 = CARTESIAN_POINT ( 'NONE',  ( -8.652233963711523757, 6.000000000000005329, -21.23610882412133094 ) ) ;
#6888 = DIRECTION ( 'NONE',  ( 0.8660254037844383745, -0.000000000000000000, 0.5000000000000004441 ) ) ;
#6889 = ORIENTED_EDGE ( 'NONE', *, *, #274, .T. ) ;
#6890 = FACE_BOUND ( 'NONE', #8569, .T. ) ;
#6891 = CARTESIAN_POINT ( 'NONE',  ( -8.660254037844460129, 6.000000000000005329, 21.24999999999999645 ) ) ;
#6892 = ORIENTED_EDGE ( 'NONE', *, *, #1821, .T. ) ;
#6893 = DIRECTION ( 'NONE',  ( -0.000000000000000000, -1.000000000000000000, -0.000000000000000000 ) ) ;
#6894 = AXIS2_PLACEMENT_3D ( 'NONE', #4977, #5616, #4768 ) ;
#6895 = ADVANCED_FACE ( 'NONE', ( #1117 ), #5534, .F. ) ;
#6896 = VECTOR ( 'NONE', #8658, 1000.000000000000114 ) ;
#6897 = DIRECTION ( 'NONE',  ( -0.000000000000000000, -1.000000000000000000, -0.000000000000000000 ) ) ;
#6898 = ADVANCED_FACE ( 'NONE', ( #1907 ), #2682, .T. ) ;
#6899 = CARTESIAN_POINT ( 'NONE',  ( -66.00000000000000000, 6.000000000000000000, -38.22385819845018062 ) ) ;
#6900 = FACE_OUTER_BOUND ( 'NONE', #5054, .T. ) ;
#6901 = CARTESIAN_POINT ( 'NONE',  ( -9.742785792574935044, 0.000000000000000000, -10.62499999999999822 ) ) ;
#6902 = VECTOR ( 'NONE', #6265, 1000.000000000000114 ) ;
#6903 = DIRECTION ( 'NONE',  ( -0.000000000000000000, -1.000000000000000000, -0.000000000000000000 ) ) ;
#6904 = VERTEX_POINT ( 'NONE', #9324 ) ;
#6905 = ORIENTED_EDGE ( 'NONE', *, *, #3586, .T. ) ;
#6906 = CARTESIAN_POINT ( 'NONE',  ( 54.69999999999838280, 0.000000000000000000, 57.19999999999805596 ) ) ;
#6907 = VECTOR ( 'NONE', #7541, 1000.000000000000114 ) ;
#6908 = FACE_BOUND ( 'NONE', #6143, .T. ) ;
#6909 = ORIENTED_EDGE ( 'NONE', *, *, #5951, .T. ) ;
#6910 = DIRECTION ( 'NONE',  ( 0.3420201433257009094, 8.160139230994900572E-15, 0.9396926207858966595 ) ) ;
#6911 = ORIENTED_EDGE ( 'NONE', *, *, #6836, .T. ) ;
#6912 = DIRECTION ( 'NONE',  ( 0.000000000000000000, 0.000000000000000000, 1.000000000000000000 ) ) ;
#6913 = ADVANCED_FACE ( 'NONE', ( #330 ), #7106, .F. ) ;
#6914 = ORIENTED_EDGE ( 'NONE', *, *, #8331, .F. ) ;
#6915 = ADVANCED_FACE ( 'NONE', ( #8582 ), #2731, .T. ) ;
#6916 = VECTOR ( 'NONE', #6507, 1000.000000000000227 ) ;
#6917 = CARTESIAN_POINT ( 'NONE',  ( 83.46282394258763304, -5.728384940746060749, 86.06226691517680649 ) ) ;
#6918 = VERTEX_POINT ( 'NONE', #3375 ) ;
#6919 = LINE ( 'NONE', #4052, #1610 ) ;
#6920 = CYLINDRICAL_SURFACE ( 'NONE', #1322, 61.96152422706639840 ) ;
#6921 = APPLICATION_PROTOCOL_DEFINITION ( 'international standard', 'config_control_design', 1994, #215 ) ;
#6922 = ORIENTED_EDGE ( 'NONE', *, *, #400, .F. ) ;
#6923 = ORIENTED_EDGE ( 'NONE', *, *, #5959, .F. ) ;
#6924 = ORIENTED_EDGE ( 'NONE', *, *, #5275, .F. ) ;
#6925 = CARTESIAN_POINT ( 'NONE',  ( 23.87132298306551803, 147.4213562373095385, -16.15365574944389948 ) ) ;
#6926 = LINE ( 'NONE', #1768, #2732 ) ;
#6927 = VECTOR ( 'NONE', #7065, 1000.000000000000227 ) ;
#6928 = CARTESIAN_POINT ( 'NONE',  ( -25.49447007271229637, 0.000000000000000000, -7.907717477981892173 ) ) ;
#6929 = CARTESIAN_POINT ( 'NONE',  ( 8.660254037844241637, 6.000000000000005329, -42.49999999999999289 ) ) ;
#6930 = ORIENTED_EDGE ( 'NONE', *, *, #492, .T. ) ;
#6931 = PLANE ( 'NONE',  #9003 ) ;
#6932 = FACE_BOUND ( 'NONE', #318, .T. ) ;
#6933 = ORIENTED_EDGE ( 'NONE', *, *, #82, .F. ) ;
#6934 = FACE_OUTER_BOUND ( 'NONE', #4695, .T. ) ;
#6935 = CARTESIAN_POINT ( 'NONE',  ( -11.54700538379295516, 6.000000000000000000, 50.00000000000000000 ) ) ;
#6936 = ADVANCED_FACE ( 'NONE', ( #482 ), #6374, .F. ) ;
#6937 = PLANE ( 'NONE',  #8753 ) ;
#6938 = CARTESIAN_POINT ( 'NONE',  ( 3.673940397442059967E-15, 6.000000000000005329, 30.00000000000000000 ) ) ;
#6939 = CARTESIAN_POINT ( 'NONE',  ( -25.25907427704661501, 6.000000000000005329, 50.00000000000000000 ) ) ;
#6940 = ORIENTED_EDGE ( 'NONE', *, *, #4640, .T. ) ;
#6941 = VECTOR ( 'NONE', #9638, 1000.000000000000000 ) ;
#6942 = CARTESIAN_POINT ( 'NONE',  ( -23.87132298306550382, 6.000000000000005329, -16.15365574944390303 ) ) ;
#6943 = ADVANCED_FACE ( 'NONE', ( #3425 ), #9271, .T. ) ;
#6944 = EDGE_LOOP ( 'NONE', ( #4507, #93, #2542, #547 ) ) ;
#6945 = EDGE_LOOP ( 'NONE', ( #529, #6334, #9602, #3382 ) ) ;
#6946 = CARTESIAN_POINT ( 'NONE',  ( 54.69999999999838280, 0.000000000000000000, 54.69999999999878781 ) ) ;
#6947 = VERTEX_POINT ( 'NONE', #5635 ) ;
#6948 = DIRECTION ( 'NONE',  ( -0.5000000000000001110, 0.000000000000000000, 0.8660254037844387076 ) ) ;
#6949 = EDGE_CURVE ( 'NONE', #5237, #2075, #8632, .T. ) ;
#6950 = ORIENTED_EDGE ( 'NONE', *, *, #4073, .F. ) ;
#6951 = CARTESIAN_POINT ( 'NONE',  ( 65.96544382900106029, 6.000000000000000000, -38.31880049797258181 ) ) ;
#6952 = ORIENTED_EDGE ( 'NONE', *, *, #8280, .F. ) ;
#6953 = VECTOR ( 'NONE', #8710, 1000.000000000000227 ) ;
#6954 = CC_DESIGN_PERSON_AND_ORGANIZATION_ASSIGNMENT ( #4109, #5538, ( #964 ) ) ;
#6955 = DIRECTION ( 'NONE',  ( 0.5000000000000001110, 0.000000000000000000, -0.8660254037844387076 ) ) ;
#6956 = EDGE_CURVE ( 'NONE', #2688, #7413, #4154, .T. ) ;
#6957 = ORIENTED_EDGE ( 'NONE', *, *, #8859, .F. ) ;
#6958 = FACE_OUTER_BOUND ( 'NONE', #1022, .T. ) ;
#6959 = ORIENTED_EDGE ( 'NONE', *, *, #9199, .T. ) ;
#6960 = CARTESIAN_POINT ( 'NONE',  ( -50.00000000000000000, 6.000000000000000000, 50.00000000000000000 ) ) ;
#6961 = EDGE_CURVE ( 'NONE', #247, #9542, #2237, .T. ) ;
#6962 = VECTOR ( 'NONE', #8635, 1000.000000000000000 ) ;
#6963 = ORIENTED_EDGE ( 'NONE', *, *, #7593, .T. ) ;
#6964 = ADVANCED_FACE ( 'NONE', ( #3524 ), #8244, .T. ) ;
#6965 = ORIENTED_EDGE ( 'NONE', *, *, #6304, .T. ) ;
#6966 = VERTEX_POINT ( 'NONE', #579 ) ;
#6967 = AXIS2_PLACEMENT_3D ( 'NONE', #2402, #929, #8492 ) ;
#6968 = DIRECTION ( 'NONE',  ( -0.000000000000000000, -1.000000000000000000, -0.000000000000000000 ) ) ;
#6969 = CARTESIAN_POINT ( 'NONE',  ( 41.13620667976124423, 147.4213562373095385, -13.74999999999999822 ) ) ;
#6970 = VECTOR ( 'NONE', #6771, 1000.000000000000227 ) ;
#6971 = DIRECTION ( 'NONE',  ( -0.000000000000000000, -0.000000000000000000, 1.000000000000000000 ) ) ;
#6972 = CARTESIAN_POINT ( 'NONE',  ( 8.660254037844314468, 147.4213562373095385, 21.25000000000000000 ) ) ;
#6973 = VERTEX_POINT ( 'NONE', #9573 ) ;
#6974 = CARTESIAN_POINT ( 'NONE',  ( -32.47595264191693332, 0.000000000000000000, -34.99999999999999289 ) ) ;
#6975 = ADVANCED_FACE ( 'NONE', ( #2061 ), #8052, .T. ) ;
#6976 = DIRECTION ( 'NONE',  ( 0.4698463103929487183, 0.8660254037844399289, -0.1710100716628430717 ) ) ;
#6977 = ORIENTED_EDGE ( 'NONE', *, *, #4650, .F. ) ;
#6978 = CARTESIAN_POINT ( 'NONE',  ( -83.46282394258763304, -5.728384940746060749, -86.06226691517680649 ) ) ;
#6979 = ORIENTED_EDGE ( 'NONE', *, *, #1147, .F. ) ;
#6980 = LINE ( 'NONE', #9450, #5014 ) ;
#6981 = AXIS2_PLACEMENT_3D ( 'NONE', #1285, #8114, #1388 ) ;
#6982 = EDGE_CURVE ( 'NONE', #8088, #47, #5047, .T. ) ;
#6983 = DIRECTION ( 'NONE',  ( -0.3420201433256879198, 0.000000000000000000, 0.9396926207859014335 ) ) ;
#6984 = LINE ( 'NONE', #3400, #7894 ) ;
#6985 = FACE_BOUND ( 'NONE', #2956, .T. ) ;
#6986 = ORIENTED_EDGE ( 'NONE', *, *, #469, .T. ) ;
#6987 = LINE ( 'NONE', #8558, #8473 ) ;
#6988 = VECTOR ( 'NONE', #7502, 1000.000000000000000 ) ;
#6989 = CARTESIAN_POINT ( 'NONE',  ( -92.34245936985365688, -5.728164937519062860, -61.66678322122567124 ) ) ;
#6990 = EDGE_CURVE ( 'NONE', #8757, #5202, #4409, .T. ) ;
#6991 = LINE ( 'NONE', #1104, #2341 ) ;
#6992 = CARTESIAN_POINT ( 'NONE',  ( -4.330127018922339310, 0.000000000000000000, 49.99999999999999289 ) ) ;
#6993 = EDGE_LOOP ( 'NONE', ( #4943, #101, #9133, #5216 ) ) ;
#6994 = CARTESIAN_POINT ( 'NONE',  ( -54.69999999999999574, 0.000000000000000000, -54.69999999999999574 ) ) ;
#6995 = ORIENTED_EDGE ( 'NONE', *, *, #3605, .T. ) ;
#6996 = LINE ( 'NONE', #6784, #2655 ) ;
#6997 = DIRECTION ( 'NONE',  ( 0.5000000000000099920, 0.000000000000000000, 0.8660254037844329345 ) ) ;
#6998 = AXIS2_PLACEMENT_3D ( 'NONE', #2588, #4214, #4904 ) ;
#6999 = ORIENTED_EDGE ( 'NONE', *, *, #5219, .F. ) ;
#7000 = ORIENTED_EDGE ( 'NONE', *, *, #2280, .F. ) ;
#7001 = AXIS2_PLACEMENT_3D ( 'NONE', #2143, #6763, #5233 ) ;
#7002 = EDGE_CURVE ( 'NONE', #9678, #4813, #9724, .T. ) ;
#7003 = EDGE_CURVE ( 'NONE', #7129, #1798, #227, .T. ) ;
#7004 = DIRECTION ( 'NONE',  ( 0.3420201433256876977, -0.000000000000000000, 0.9396926207859014335 ) ) ;
#7005 = FACE_OUTER_BOUND ( 'NONE', #8118, .T. ) ;
#7006 = ORIENTED_EDGE ( 'NONE', *, *, #8901, .T. ) ;
#7007 = LINE ( 'NONE', #278, #2539 ) ;
#7008 = VECTOR ( 'NONE', #9236, 1000.000000000000000 ) ;
#7009 = VERTEX_POINT ( 'NONE', #2882 ) ;
#7010 = DIRECTION ( 'NONE',  ( -0.8137976813493688066, -0.4999999999999977796, 0.2961981327260408414 ) ) ;
#7011 = CIRCLE ( 'NONE', #1843, 3.999999999999988454 ) ;
#7012 = CALENDAR_DATE ( 2026, 6, 2 ) ;
#7013 = ORIENTED_EDGE ( 'NONE', *, *, #5691, .T. ) ;
#7014 = AXIS2_PLACEMENT_3D ( 'NONE', #3347, #5609, #4717 ) ;
#7015 = ORIENTED_EDGE ( 'NONE', *, *, #4057, .F. ) ;
#7016 = CARTESIAN_POINT ( 'NONE',  ( -25.92513773453968184, 0.000000000000000000, -12.59634425055616802 ) ) ;
#7017 = CARTESIAN_POINT ( 'NONE',  ( 14.07291281149715090, 147.4213562373095385, -3.124999999999960920 ) ) ;
#7018 = CARTESIAN_POINT ( 'NONE',  ( 71.72233712427414787, 11.59251614915381445, 50.82336213776299871 ) ) ;
#7019 = FACE_OUTER_BOUND ( 'NONE', #8436, .T. ) ;
#7020 = ORIENTED_EDGE ( 'NONE', *, *, #7140, .F. ) ;
#7021 = EDGE_CURVE ( 'NONE', #5656, #581, #7411, .T. ) ;
#7022 = DIRECTION ( 'NONE',  ( 0.8660254037844390407, -0.000000000000000000, 0.4999999999999993894 ) ) ;
#7023 = LINE ( 'NONE', #293, #781 ) ;
#7024 = EDGE_LOOP ( 'NONE', ( #1081, #6448, #4789, #6044 ) ) ;
#7025 = LINE ( 'NONE', #2594, #3380 ) ;
#7026 = EDGE_CURVE ( 'NONE', #6579, #3831, #680, .T. ) ;
#7027 = VERTEX_POINT ( 'NONE', #2982 ) ;
#7028 = ORIENTED_EDGE ( 'NONE', *, *, #6492, .F. ) ;
#7029 = VECTOR ( 'NONE', #1492, 1000.000000000000000 ) ;
#7030 = PLANE ( 'NONE',  #2951 ) ;
#7031 = FACE_OUTER_BOUND ( 'NONE', #3301, .T. ) ;
#7032 = DIRECTION ( 'NONE',  ( -0.000000000000000000, -1.000000000000000000, -0.000000000000000000 ) ) ;
#7033 = LINE ( 'NONE', #353, #619 ) ;
#7034 = ORIENTED_EDGE ( 'NONE', *, *, #8552, .T. ) ;
#7035 = FACE_OUTER_BOUND ( 'NONE', #5952, .T. ) ;
#7036 = VECTOR ( 'NONE', #7437, 1000.000000000000114 ) ;
#7037 = PLANE ( 'NONE',  #1025 ) ;
#7038 = DIRECTION ( 'NONE',  ( 0.8660254037844375974, 0.000000000000000000, -0.5000000000000019984 ) ) ;
#7039 = DIRECTION ( 'NONE',  ( -0.8789733129752194118, 0.4768709627114730010, 0.000000000000000000 ) ) ;
#7040 = AXIS2_PLACEMENT_3D ( 'NONE', #3896, #4486, #207 ) ;
#7041 = DIRECTION ( 'NONE',  ( 0.000000000000000000, 0.000000000000000000, -1.000000000000000000 ) ) ;
#7042 = VERTEX_POINT ( 'NONE', #5198 ) ;
#7043 = DIRECTION ( 'NONE',  ( 0.000000000000000000, 0.000000000000000000, -1.000000000000000000 ) ) ;
#7044 = ORIENTED_EDGE ( 'NONE', *, *, #8362, .T. ) ;
#7045 = DIRECTION ( 'NONE',  ( -0.000000000000000000, -1.000000000000000000, -0.000000000000000000 ) ) ;
#7046 = CARTESIAN_POINT ( 'NONE',  ( 14.07291281149715090, 6.000000000000005329, -3.124999999999960920 ) ) ;
#7047 = VECTOR ( 'NONE', #1553, 1000.000000000000000 ) ;
#7048 = VERTEX_POINT ( 'NONE', #5151 ) ;
#7049 = VECTOR ( 'NONE', #9537, 1000.000000000000000 ) ;
#7050 = ORIENTED_EDGE ( 'NONE', *, *, #3353, .T. ) ;
#7051 = CARTESIAN_POINT ( 'NONE',  ( 8.660254037844314468, 147.4213562373095385, 21.25000000000000000 ) ) ;
#7052 = CARTESIAN_POINT ( 'NONE',  ( 69.31444149377422548, 13.49999999999950262, -67.09883832977483564 ) ) ;
#7053 = VECTOR ( 'NONE', #677, 1000.000000000000114 ) ;
#7054 = DIRECTION ( 'NONE',  ( -0.5000000000000016653, 0.000000000000000000, -0.8660254037844375974 ) ) ;
#7055 = ORIENTED_EDGE ( 'NONE', *, *, #4650, .T. ) ;
#7056 = FACE_OUTER_BOUND ( 'NONE', #3626, .T. ) ;
#7057 = CARTESIAN_POINT ( 'NONE',  ( -32.47595264191693332, 6.000000000000005329, -49.99999999999998579 ) ) ;
#7058 = AXIS2_PLACEMENT_3D ( 'NONE', #5972, #5823, #7401 ) ;
#7059 = ORIENTED_EDGE ( 'NONE', *, *, #4429, .F. ) ;
#7060 = DIRECTION ( 'NONE',  ( -0.000000000000000000, -1.000000000000000000, -0.000000000000000000 ) ) ;
#7061 = CALENDAR_DATE ( 2026, 6, 2 ) ;
#7062 = EDGE_CURVE ( 'NONE', #799, #7125, #4302, .T. ) ;
#7063 = ORIENTED_EDGE ( 'NONE', *, *, #4389, .F. ) ;
#7064 = ORIENTED_EDGE ( 'NONE', *, *, #6683, .F. ) ;
#7065 = DIRECTION ( 'NONE',  ( -0.4698463103929531592, 0.8660254037844399289, -0.1710100716628304984 ) ) ;
#7066 = CARTESIAN_POINT ( 'NONE',  ( -27.06329386826395123, 0.000000000000000000, -31.87499999999995737 ) ) ;
#7067 = CARTESIAN_POINT ( 'NONE',  ( 9.742785792575173076, 147.4213562373095385, -31.87499999999996447 ) ) ;
#7068 = PLANE ( 'NONE',  #3082 ) ;
#7069 = ORIENTED_EDGE ( 'NONE', *, *, #7663, .F. ) ;
#7070 = FACE_OUTER_BOUND ( 'NONE', #5582, .T. ) ;
#7071 = CYLINDRICAL_SURFACE ( 'NONE', #626, 3.999999999999988454 ) ;
#7072 = ORIENTED_EDGE ( 'NONE', *, *, #9019, .F. ) ;
#7073 = ADVANCED_FACE ( 'NONE', ( #528 ), #1471, .T. ) ;
#7074 = CARTESIAN_POINT ( 'NONE',  ( 48.18039637606665337, 6.000000000000000000, 87.18281677883985026 ) ) ;
#7075 = ORIENTED_EDGE ( 'NONE', *, *, #5052, .T. ) ;
#7076 = DIRECTION ( 'NONE',  ( 0.8789733129752194118, 0.4768709627114730010, 0.000000000000000000 ) ) ;
#7077 = VECTOR ( 'NONE', #6968, 1000.000000000000000 ) ;
#7078 = VECTOR ( 'NONE', #4229, 1000.000000000000000 ) ;
#7079 = ADVANCED_FACE ( 'NONE', ( #7310 ), #6677, .T. ) ;
#7080 = CARTESIAN_POINT ( 'NONE',  ( -49.99999999999999289, 0.000000000000000000, 4.647459621556995657 ) ) ;
#7081 = LINE ( 'NONE', #9453, #9605 ) ;
#7082 = FACE_OUTER_BOUND ( 'NONE', #2106, .T. ) ;
#7083 = ORIENTED_EDGE ( 'NONE', *, *, #5274, .F. ) ;
#7084 = CARTESIAN_POINT ( 'NONE',  ( -14.07291281149715090, 6.000000000000005329, -3.124999999999960920 ) ) ;
#7085 = EDGE_CURVE ( 'NONE', #1363, #4260, #8833, .T. ) ;
#7086 = DIRECTION ( 'NONE',  ( -0.5000000000000000000, 0.000000000000000000, -0.8660254037844385966 ) ) ;
#7087 = ORIENTED_EDGE ( 'NONE', *, *, #6060, .F. ) ;
#7088 = CARTESIAN_POINT ( 'NONE',  ( -8.660254037844460129, 147.4213562373095385, 21.24999999999999645 ) ) ;
#7089 = DIRECTION ( 'NONE',  ( 0.5000000000000008882, 0.000000000000000000, 0.8660254037844381525 ) ) ;
#7090 = AXIS2_PLACEMENT_3D ( 'NONE', #7513, #8297, #2246 ) ;
#7091 = DIRECTION ( 'NONE',  ( 0.000000000000000000, 0.000000000000000000, 1.000000000000000000 ) ) ;
#7092 = VECTOR ( 'NONE', #5022, 1000.000000000000000 ) ;
#7093 = ORIENTED_EDGE ( 'NONE', *, *, #6961, .F. ) ;
#7094 = DIRECTION ( 'NONE',  ( -0.000000000000000000, 1.000000000000000000, -0.000000000000000000 ) ) ;
#7095 = ORIENTED_EDGE ( 'NONE', *, *, #8451, .F. ) ;
#7096 = DIRECTION ( 'NONE',  ( 0.000000000000000000, 0.000000000000000000, -1.000000000000000000 ) ) ;
#7097 = DIRECTION ( 'NONE',  ( -0.8660254037844383745, 0.000000000000000000, 0.5000000000000004441 ) ) ;
#7098 = EDGE_LOOP ( 'NONE', ( #7366, #273, #534, #7965 ) ) ;
#7099 = VECTOR ( 'NONE', #5860, 1000.000000000000227 ) ;
#7100 = ORIENTED_EDGE ( 'NONE', *, *, #4299, .F. ) ;
#7101 = CARTESIAN_POINT ( 'NONE',  ( -46.54886545341427961, 6.000000000000005329, -31.87499999999998579 ) ) ;
#7102 = CARTESIAN_POINT ( 'NONE',  ( -25.25907427704661501, 147.4213562373095385, 50.00000000000000000 ) ) ;
#7103 = DIRECTION ( 'NONE',  ( -0.000000000000000000, -1.000000000000000000, -0.000000000000000000 ) ) ;
#7104 = ADVANCED_FACE ( 'NONE', ( #5099 ), #8149, .T. ) ;
#7105 = ORIENTED_EDGE ( 'NONE', *, *, #6635, .T. ) ;
#7106 = PLANE ( 'NONE',  #2413 ) ;
#7107 = CARTESIAN_POINT ( 'NONE',  ( -83.46282394258763304, -5.728384940746060749, -86.06226691517680649 ) ) ;
#7108 = ORIENTED_EDGE ( 'NONE', *, *, #6089, .T. ) ;
#7109 = FACE_OUTER_BOUND ( 'NONE', #2473, .T. ) ;
#7110 = COORDINATED_UNIVERSAL_TIME_OFFSET ( 7, 0, .BEHIND. ) ;
#7111 = EDGE_LOOP ( 'NONE', ( #1164, #8933, #222, #6186, #4456, #2255, #3878, #1430, #5493, #6144 ) ) ;
#7112 = VERTEX_POINT ( 'NONE', #4355 ) ;
#7113 = VECTOR ( 'NONE', #9240, 999.9999999999998863 ) ;
#7114 = VERTEX_POINT ( 'NONE', #8934 ) ;
#7115 = DIRECTION ( 'NONE',  ( -0.8789733129752216323, -0.4768709627114687821, 0.000000000000000000 ) ) ;
#7116 = DIRECTION ( 'NONE',  ( -6.938893903907227145E-17, 0.000000000000000000, 1.000000000000000000 ) ) ;
#7117 = EDGE_CURVE ( 'NONE', #3079, #6314, #7361, .T. ) ;
#7118 = EDGE_CURVE ( 'NONE', #5357, #7114, #1423, .T. ) ;
#7119 = CARTESIAN_POINT ( 'NONE',  ( -50.00000000000000000, 0.000000000000000000, 47.14745962155770798 ) ) ;
#7120 = DIRECTION ( 'NONE',  ( -0.5000000000000000000, 0.000000000000000000, 0.8660254037844385966 ) ) ;
#7121 = ORIENTED_EDGE ( 'NONE', *, *, #1912, .F. ) ;
#7123 = PLANE ( 'NONE',  #5865 ) ;
#7122 = CIRCLE ( 'NONE', #2252, 51.96152422706620655 ) ;
#7124 = LINE ( 'NONE', #936, #2970 ) ;
#7125 = VERTEX_POINT ( 'NONE', #3907 ) ;
#7126 = DIRECTION ( 'NONE',  ( 0.6427876096865473565, -0.000000000000000000, 0.7660444431189713521 ) ) ;
#7127 = CIRCLE ( 'NONE', #5089, 61.96152422706639840 ) ;
#7128 = VECTOR ( 'NONE', #2571, 1000.000000000000000 ) ;
#7129 = VERTEX_POINT ( 'NONE', #5387 ) ;
#7130 = VERTEX_POINT ( 'NONE', #771 ) ;
#7131 = DIRECTION ( 'NONE',  ( 1.000000000000000000, -0.000000000000000000, 0.000000000000000000 ) ) ;
#7132 = VECTOR ( 'NONE', #8382, 1000.000000000000114 ) ;
#7133 = EDGE_CURVE ( 'NONE', #9707, #7880, #7550, .T. ) ;
#7134 = EDGE_CURVE ( 'NONE', #7027, #927, #5433, .T. ) ;
#7135 = LINE ( 'NONE', #1037, #8282 ) ;
#7136 = CARTESIAN_POINT ( 'NONE',  ( -32.47595264191693332, 147.4213562373095385, 34.99999999999999289 ) ) ;
#7137 = CARTESIAN_POINT ( 'NONE',  ( 45.46633369868351338, 6.000000000000005329, -21.24999999999999289 ) ) ;
#7138 = VERTEX_POINT ( 'NONE', #1752 ) ;
#7139 = DIRECTION ( 'NONE',  ( -0.5000000000000013323, 0.000000000000000000, 0.8660254037844379305 ) ) ;
#7140 = EDGE_CURVE ( 'NONE', #7638, #1225, #7504, .T. ) ;
#7141 = PLANE ( 'NONE',  #6101 ) ;
#7142 = VERTEX_POINT ( 'NONE', #4685 ) ;
#7143 = CARTESIAN_POINT ( 'NONE',  ( 66.90654586327433151, 15.40748385084520677, 83.37431452178670099 ) ) ;
#7144 = LINE ( 'NONE', #2667, #305 ) ;
#7145 = DIRECTION ( 'NONE',  ( 0.4698463103929531592, 0.8660254037844399289, -0.1710100716628304984 ) ) ;
#7146 = EDGE_CURVE ( 'NONE', #1225, #6412, #3768, .T. ) ;
#7147 = EDGE_LOOP ( 'NONE', ( #9594, #5427, #4361, #694 ) ) ;
#7148 = FACE_OUTER_BOUND ( 'NONE', #365, .T. ) ;
#7149 = VECTOR ( 'NONE', #3800, 1000.000000000000000 ) ;
#7150 = EDGE_CURVE ( 'NONE', #5015, #1772, #3024, .T. ) ;
#7151 = DIRECTION ( 'NONE',  ( -0.000000000000000000, -0.000000000000000000, 1.000000000000000000 ) ) ;
#7152 = CARTESIAN_POINT ( 'NONE',  ( -50.00000000000000000, 147.4213562373095385, 16.60254037844304520 ) ) ;
#7153 = ORIENTED_EDGE ( 'NONE', *, *, #9312, .F. ) ;
#7154 = EDGE_CURVE ( 'NONE', #4258, #650, #3121, .T. ) ;
#7155 = ORIENTED_EDGE ( 'NONE', *, *, #858, .F. ) ;
#7156 = LINE ( 'NONE', #1903, #6530 ) ;
#7157 = VECTOR ( 'NONE', #2192, 1000.000000000000227 ) ;
#7158 = ADVANCED_FACE ( 'NONE', ( #1606 ), #4590, .T. ) ;
#7159 = DIRECTION ( 'NONE',  ( -0.4999999999999990563, 0.000000000000000000, 0.8660254037844391517 ) ) ;
#7160 = DIRECTION ( 'NONE',  ( -0.9396926207859107594, 0.000000000000000000, 0.3420201433256624401 ) ) ;
#7161 = ORIENTED_EDGE ( 'NONE', *, *, #4888, .T. ) ;
#7162 = DIRECTION ( 'NONE',  ( 0.000000000000000000, 0.000000000000000000, 1.000000000000000000 ) ) ;
#7163 = ORIENTED_EDGE ( 'NONE', *, *, #4482, .T. ) ;
#7164 = CARTESIAN_POINT ( 'NONE',  ( -25.98076211353308906, 0.000000000000000000, -15.00000000000011546 ) ) ;
#7165 = EDGE_LOOP ( 'NONE', ( #4927, #5903, #4593, #44 ) ) ;
#7166 = VERTEX_POINT ( 'NONE', #7596 ) ;
#7167 = ORIENTED_EDGE ( 'NONE', *, *, #9221, .T. ) ;
#7168 = PLANE ( 'NONE',  #7823 ) ;
#7169 = AXIS2_PLACEMENT_3D ( 'NONE', #4066, #8691, #441 ) ;
#7170 = LINE ( 'NONE', #4262, #3202 ) ;
#7171 = VECTOR ( 'NONE', #152, 1000.000000000000000 ) ;
#7172 = VECTOR ( 'NONE', #4344, 1000.000000000000000 ) ;
#7173 = DIRECTION ( 'NONE',  ( 0.5000000000000000000, 0.000000000000000000, -0.8660254037844385966 ) ) ;
#7174 = ADVANCED_FACE ( 'NONE', ( #6216 ), #2328, .F. ) ;
#7175 = DIRECTION ( 'NONE',  ( 0.8789733129752216323, -0.4768709627114686711, 0.000000000000000000 ) ) ;
#7176 = ORIENTED_EDGE ( 'NONE', *, *, #8880, .F. ) ;
#7177 = CARTESIAN_POINT ( 'NONE',  ( 41.13620667976131529, 0.000000000000000000, -34.99999999999999289 ) ) ;
#7178 = CARTESIAN_POINT ( 'NONE',  ( -14.07291281149736051, 6.000000000000005329, 39.37499999999995737 ) ) ;
#7179 = CARTESIAN_POINT ( 'NONE',  ( 100.0730928421691743, 24.75833024919774772, 69.98939073521847831 ) ) ;
#7180 = FACE_OUTER_BOUND ( 'NONE', #2076, .T. ) ;
#7181 = AXIS2_PLACEMENT_3D ( 'NONE', #4178, #1983, #3597 ) ;
#7182 = ORIENTED_EDGE ( 'NONE', *, *, #4136, .T. ) ;
#7183 = ORIENTED_EDGE ( 'NONE', *, *, #3614, .F. ) ;
#7184 = ADVANCED_FACE ( 'NONE', ( #855 ), #5289, .F. ) ;
#7185 = CARTESIAN_POINT ( 'NONE',  ( -30.40590262964586188, 6.000000000000000000, -66.00000000000000000 ) ) ;
#7186 = LINE ( 'NONE', #8759, #6712 ) ;
#7187 = LINE ( 'NONE', #3647, #9530 ) ;
#7188 = VECTOR ( 'NONE', #5332, 1000.000000000000000 ) ;
#7189 = CARTESIAN_POINT ( 'NONE',  ( -68.98035169643877396, 12.75833024919765357, 94.64586167234661218 ) ) ;
#7190 = FACE_BOUND ( 'NONE', #5303, .T. ) ;
#7191 = VERTEX_POINT ( 'NONE', #9217 ) ;
#7192 = CARTESIAN_POINT ( 'NONE',  ( 95.31102044180072141, -5.728164937518889666, -53.51072870777982615 ) ) ;
#7193 = EDGE_CURVE ( 'NONE', #8835, #8592, #9169, .T. ) ;
#7194 = AXIS2_PLACEMENT_3D ( 'NONE', #2561, #9307, #413 ) ;
#7195 = EDGE_CURVE ( 'NONE', #7112, #6680, #4545, .T. ) ;
#7196 = DIRECTION ( 'NONE',  ( 0.8660254037844347108, 0.000000000000000000, -0.5000000000000067724 ) ) ;
#7197 = EDGE_LOOP ( 'NONE', ( #6883, #7213, #1054, #4995 ) ) ;
#7198 = PLANE ( 'NONE',  #488 ) ;
#7199 = CARTESIAN_POINT ( 'NONE',  ( 0.000000000000000000, 0.000000000000000000, 0.000000000000000000 ) ) ;
#7200 = CARTESIAN_POINT ( 'NONE',  ( -54.69999999999999574, 6.000000000000000000, -54.69999999999999574 ) ) ;
#7201 = ORIENTED_EDGE ( 'NONE', *, *, #2120, .T. ) ;
#7202 = CARTESIAN_POINT ( 'NONE',  ( 14.07291281149758966, 147.4213562373095385, 45.62499999999995737 ) ) ;
#7203 = ADVANCED_FACE ( 'NONE', ( #9075 ), #6864, .T. ) ;
#7204 = CARTESIAN_POINT ( 'NONE',  ( 4.330127018922044435, 147.4213562373095385, -49.99999999999999289 ) ) ;
#7205 = DIRECTION ( 'NONE',  ( 0.3420201433256879198, 0.000000000000000000, 0.9396926207859014335 ) ) ;
#7206 = ORIENTED_EDGE ( 'NONE', *, *, #5957, .F. ) ;
#7207 = EDGE_LOOP ( 'NONE', ( #6694, #3775, #4435, #4599 ) ) ;
#7208 = FACE_OUTER_BOUND ( 'NONE', #196, .T. ) ;
#7209 = VECTOR ( 'NONE', #6391, 999.9999999999998863 ) ;
#7210 = DIRECTION ( 'NONE',  ( 0.4698463103929532703, -0.8660254037844400399, -0.1710100716628305539 ) ) ;
#7211 = CARTESIAN_POINT ( 'NONE',  ( -54.70000000000057128, 6.000000000000000000, 54.69999999999941309 ) ) ;
#7212 = VECTOR ( 'NONE', #6156, 1000.000000000000227 ) ;
#7213 = ORIENTED_EDGE ( 'NONE', *, *, #509, .T. ) ;
#7214 = DIRECTION ( 'NONE',  ( -0.000000000000000000, -1.000000000000000000, -0.000000000000000000 ) ) ;
#7215 = EDGE_CURVE ( 'NONE', #4755, #764, #4142, .T. ) ;
#7216 = CARTESIAN_POINT ( 'NONE',  ( 45.46633369868351338, 0.000000000000000000, 21.24999999999999289 ) ) ;
#7217 = VECTOR ( 'NONE', #7096, 1000.000000000000000 ) ;
#7218 = COORDINATED_UNIVERSAL_TIME_OFFSET ( 7, 0, .BEHIND. ) ;
#7219 = ORIENTED_EDGE ( 'NONE', *, *, #7134, .F. ) ;
#7220 = ORIENTED_EDGE ( 'NONE', *, *, #6764, .T. ) ;
#7221 = ORIENTED_EDGE ( 'NONE', *, *, #9446, .F. ) ;
#7222 = VECTOR ( 'NONE', #8086, 1000.000000000000000 ) ;
#7223 = PLANE ( 'NONE',  #2892 ) ;
#7224 = VECTOR ( 'NONE', #8775, 1000.000000000000000 ) ;
#7225 = CARTESIAN_POINT ( 'NONE',  ( -5.898950814473804094, 6.000000000000005329, 26.03271747798169855 ) ) ;
#7226 = DIRECTION ( 'NONE',  ( -0.5000000000000019984, 0.000000000000000000, -0.8660254037844375974 ) ) ;
#7227 = EDGE_LOOP ( 'NONE', ( #6195, #8889, #9216, #429 ) ) ;
#7228 = DIRECTION ( 'NONE',  ( -0.000000000000000000, -1.000000000000000000, -0.000000000000000000 ) ) ;
#7229 = DIRECTION ( 'NONE',  ( 1.000000000000000000, 0.000000000000000000, 1.001543065824772975E-16 ) ) ;
#7230 = CARTESIAN_POINT ( 'NONE',  ( 29.89192540169685586, 147.4213562373095385, -24.27433353179683806 ) ) ;
#7231 = CARTESIAN_POINT ( 'NONE',  ( -22.73316684934176379, 6.000000000000005329, -39.37499999999995737 ) ) ;
#7232 = ORIENTED_EDGE ( 'NONE', *, *, #7134, .T. ) ;
#7233 = ORIENTED_EDGE ( 'NONE', *, *, #6222, .F. ) ;
#7234 = ORIENTED_EDGE ( 'NONE', *, *, #5650, .T. ) ;
#7235 = CARTESIAN_POINT ( 'NONE',  ( -8.660254037844387298, 147.4213562373095385, -8.590526202073901000E-16 ) ) ;
#7236 = CARTESIAN_POINT ( 'NONE',  ( 28.14582562299473878, 6.000000000000005329, 21.24999999999999289 ) ) ;
#7237 = AXIS2_PLACEMENT_3D ( 'NONE', #3508, #2301, #2767 ) ;
#7238 = CARTESIAN_POINT ( 'NONE',  ( 62.86331081135422494, 8.999999999999962697, 92.41944086838630312 ) ) ;
#7239 = VECTOR ( 'NONE', #2295, 1000.000000000000227 ) ;
#7240 = DIRECTION ( 'NONE',  ( -0.5000000000000013323, 0.000000000000000000, 0.8660254037844379305 ) ) ;
#7241 = DIRECTION ( 'NONE',  ( -0.000000000000000000, -1.000000000000000000, -0.000000000000000000 ) ) ;
#7242 = VERTEX_POINT ( 'NONE', #8335 ) ;
#7243 = DIRECTION ( 'NONE',  ( 0.5000000000000001110, 0.000000000000000000, 0.8660254037844384856 ) ) ;
#7244 = EDGE_CURVE ( 'NONE', #7733, #2636, #2425, .T. ) ;
#7245 = DIRECTION ( 'NONE',  ( -0.3420201433256944146, -1.998646339099526433E-14, 0.9396926207858991020 ) ) ;
#7246 = EDGE_CURVE ( 'NONE', #4416, #3812, #5093, .T. ) ;
#7247 = ORIENTED_EDGE ( 'NONE', *, *, #9072, .F. ) ;
#7248 = CARTESIAN_POINT ( 'NONE',  ( -27.06329386826395123, 0.000000000000000000, 31.87499999999995737 ) ) ;
#7249 = PLANE ( 'NONE',  #1732 ) ;
#7250 = CARTESIAN_POINT ( 'NONE',  ( 11.26739772084300562, 0.000000000000000000, 34.51570532158541482 ) ) ;
#7251 = EDGE_CURVE ( 'NONE', #108, #8798, #1708, .T. ) ;
#7252 = ORIENTED_EDGE ( 'NONE', *, *, #7274, .F. ) ;
#7253 = LINE ( 'NONE', #7300, #7455 ) ;
#7254 = CARTESIAN_POINT ( 'NONE',  ( 78.10322981758433514, 16.37948907741689908, -80.93317415930816594 ) ) ;
#7255 = CARTESIAN_POINT ( 'NONE',  ( -68.98070977266982595, 12.75855025242403507, 94.64599200143624103 ) ) ;
#7256 = EDGE_LOOP ( 'NONE', ( #8071, #947, #2936, #4462 ) ) ;
#7257 = VERTEX_POINT ( 'NONE', #4934 ) ;
#7258 = CARTESIAN_POINT ( 'NONE',  ( -28.14582562299473878, 0.000000000000000000, -42.49999999999998579 ) ) ;
#7259 = DIRECTION ( 'NONE',  ( -0.000000000000000000, -1.000000000000000000, -0.000000000000000000 ) ) ;
#7260 = ADVANCED_FACE ( 'NONE', ( #7832 ), #2615, .T. ) ;
#7261 = ORIENTED_EDGE ( 'NONE', *, *, #5209, .T. ) ;
#7262 = CARTESIAN_POINT ( 'NONE',  ( -8.652233963711546849, 147.4213562373095385, -21.23610882412133094 ) ) ;
#7263 = ORIENTED_EDGE ( 'NONE', *, *, #4661, .F. ) ;
#7264 = CARTESIAN_POINT ( 'NONE',  ( 8.660254037844387298, 147.4213562373095385, -4.592625337882893652E-17 ) ) ;
#7265 = AXIS2_PLACEMENT_3D ( 'NONE', #4397, #1118, #711 ) ;
#7266 = EDGE_LOOP ( 'NONE', ( #6789, #6617, #1473, #5692 ) ) ;
#7267 = APPROVAL ( #2439, 'UNSPECIFIED' ) ;
#7268 = EDGE_LOOP ( 'NONE', ( #633, #5475, #4805, #1012 ) ) ;
#7269 = EDGE_CURVE ( 'NONE', #5199, #4210, #2718, .T. ) ;
#7270 = CARTESIAN_POINT ( 'NONE',  ( -32.03989878038110106, 0.000000000000000000, 6.744732556983350058 ) ) ;
#7271 = CARTESIAN_POINT ( 'NONE',  ( -69.31444149377422548, 13.49999999999950262, 67.09883832977483564 ) ) ;
#7272 = CARTESIAN_POINT ( 'NONE',  ( -25.98076211353308906, 6.000000000000005329, -15.00000000000011546 ) ) ;
#7273 = ORIENTED_EDGE ( 'NONE', *, *, #5996, .T. ) ;
#7274 = EDGE_CURVE ( 'NONE', #8522, #3418, #4727, .T. ) ;
#7275 = CARTESIAN_POINT ( 'NONE',  ( 14.07291281149736051, 147.4213562373095385, 39.37499999999995737 ) ) ;
#7276 = DIRECTION ( 'NONE',  ( 0.5000000000000001110, 0.000000000000000000, 0.8660254037844387076 ) ) ;
#7277 = ORIENTED_EDGE ( 'NONE', *, *, #418, .T. ) ;
#7278 = LINE ( 'NONE', #5798, #4474 ) ;
#7279 = ADVANCED_FACE ( 'NONE', ( #1946 ), #1793, .T. ) ;
#7280 = VECTOR ( 'NONE', #496, 1000.000000000000114 ) ;
#7281 = VERTEX_POINT ( 'NONE', #1153 ) ;
#7282 = ORIENTED_EDGE ( 'NONE', *, *, #9194, .T. ) ;
#7283 = ORIENTED_EDGE ( 'NONE', *, *, #9626, .F. ) ;
#7284 = DIRECTION ( 'NONE',  ( -0.000000000000000000, -1.000000000000000000, -0.000000000000000000 ) ) ;
#7285 = ADVANCED_FACE ( 'NONE', ( #8723 ), #5570, .T. ) ;
#7286 = DIRECTION ( 'NONE',  ( 1.000000000000000000, 0.000000000000000000, 0.000000000000000000 ) ) ;
#7287 = DIRECTION ( 'NONE',  ( -0.5000000000000044409, 0.000000000000000000, 0.8660254037844360431 ) ) ;
#7288 = LINE ( 'NONE', #3553, #9090 ) ;
#7289 = EDGE_LOOP ( 'NONE', ( #8315, #591, #8936, #1853 ) ) ;
#7290 = CARTESIAN_POINT ( 'NONE',  ( -50.00000000000000000, 0.000000000000000000, 50.00000000000000000 ) ) ;
#7291 = VECTOR ( 'NONE', #8979, 1000.000000000000000 ) ;
#7292 = LINE ( 'NONE', #3557, #6364 ) ;
#7293 = DIRECTION ( 'NONE',  ( 0.8660254037844385966, 0.000000000000000000, -0.5000000000000001110 ) ) ;
#7294 = VECTOR ( 'NONE', #3880, 1000.000000000000000 ) ;
#7295 = DIRECTION ( 'NONE',  ( -0.5000000000000006661, 0.000000000000000000, -0.8660254037844382635 ) ) ;
#7296 = CARTESIAN_POINT ( 'NONE',  ( 71.13257910127273931, 11.62083487540108528, -82.97218668775974493 ) ) ;
#7297 = VECTOR ( 'NONE', #667, 1000.000000000000227 ) ;
#7298 = LINE ( 'NONE', #8136, #7725 ) ;
#7299 = VERTEX_POINT ( 'NONE', #8619 ) ;
#7300 = CARTESIAN_POINT ( 'NONE',  ( -32.47595264191693332, 6.000000000000005329, 49.99999999999998579 ) ) ;
#7301 = DIRECTION ( 'NONE',  ( -1.000000000000000000, 0.000000000000000000, -2.006803045524146286E-16 ) ) ;
#7302 = PLANE ( 'NONE',  #4184 ) ;
#7303 = ORIENTED_EDGE ( 'NONE', *, *, #2759, .T. ) ;
#7304 = ORIENTED_EDGE ( 'NONE', *, *, #1597, .T. ) ;
#7305 = DIRECTION ( 'NONE',  ( 0.8660254037844379305, 0.000000000000000000, -0.5000000000000013323 ) ) ;
#7306 = VECTOR ( 'NONE', #346, 1000.000000000000000 ) ;
#7307 = LINE ( 'NONE', #2831, #4221 ) ;
#7308 = DIRECTION ( 'NONE',  ( -0.3420201433256623846, 0.000000000000000000, -0.9396926207859106484 ) ) ;
#7309 = ORIENTED_EDGE ( 'NONE', *, *, #2637, .T. ) ;
#7310 = FACE_OUTER_BOUND ( 'NONE', #7098, .T. ) ;
#7311 = DIRECTION ( 'NONE',  ( 1.000000000000000000, 0.000000000000000000, -0.000000000000000000 ) ) ;
#7312 = VECTOR ( 'NONE', #5966, 1000.000000000000114 ) ;
#7313 = DATE_AND_TIME ( #1962, #2586 ) ;
#7314 = AXIS2_PLACEMENT_3D ( 'NONE', #8532, #7904, #1811 ) ;
#7315 = VECTOR ( 'NONE', #2102, 1000.000000000000000 ) ;
#7316 = ORIENTED_EDGE ( 'NONE', *, *, #1176, .T. ) ;
#7317 = EDGE_CURVE ( 'NONE', #7567, #1035, #1848, .T. ) ;
#7318 = EDGE_CURVE ( 'NONE', #3133, #4726, #7940, .T. ) ;
#7319 = ORIENTED_EDGE ( 'NONE', *, *, #8568, .F. ) ;
#7320 = FACE_OUTER_BOUND ( 'NONE', #4112, .T. ) ;
#7321 = DIRECTION ( 'NONE',  ( -0.5000000000000001110, 0.000000000000000000, 0.8660254037844387076 ) ) ;
#7322 = CARTESIAN_POINT ( 'NONE',  ( -50.00000000000000000, 0.000000000000000000, -25.89745962155733139 ) ) ;
#7323 = VERTEX_POINT ( 'NONE', #9465 ) ;
#7324 = LINE ( 'NONE', #1385, #7443 ) ;
#7325 = DIRECTION ( 'NONE',  ( -1.000000000000000000, 0.000000000000000000, 6.713255375082617595E-16 ) ) ;
#7326 = DIRECTION ( 'NONE',  ( 0.000000000000000000, 0.000000000000000000, -1.000000000000000000 ) ) ;
#7327 = CARTESIAN_POINT ( 'NONE',  ( -14.07291281149736051, 6.000000000000005329, 39.37499999999995737 ) ) ;
#7328 = EDGE_LOOP ( 'NONE', ( #6441, #7105, #7706, #1424 ) ) ;
#7329 = CIRCLE ( 'NONE', #6383, 51.96152422706622076 ) ;
#7330 = ORIENTED_EDGE ( 'NONE', *, *, #1657, .T. ) ;
#7331 = ORIENTED_EDGE ( 'NONE', *, *, #7495, .F. ) ;
#7332 = CARTESIAN_POINT ( 'NONE',  ( -32.47595264191693332, 6.000000000000005329, -49.99999999999998579 ) ) ;
#7333 = VECTOR ( 'NONE', #519, 1000.000000000000000 ) ;
#7334 = CARTESIAN_POINT ( 'NONE',  ( -66.00000000000000000, 0.000000000000000000, -38.22385819845018062 ) ) ;
#7335 = EDGE_CURVE ( 'NONE', #5589, #2688, #468, .T. ) ;
#7336 = DIRECTION ( 'NONE',  ( -0.000000000000000000, -1.000000000000000000, -0.000000000000000000 ) ) ;
#7337 = DIRECTION ( 'NONE',  ( 0.000000000000000000, 0.000000000000000000, -1.000000000000000000 ) ) ;
#7338 = LINE ( 'NONE', #5177, #5955 ) ;
#7339 = ADVANCED_FACE ( 'NONE', ( #3464 ), #3990, .F. ) ;
#7340 = ORIENTED_EDGE ( 'NONE', *, *, #4697, .F. ) ;
#7341 = CIRCLE ( 'NONE', #3094, 6.999999999999941380 ) ;
#7342 = CARTESIAN_POINT ( 'NONE',  ( 27.06329386826395123, 6.000000000000005329, -31.87499999999995737 ) ) ;
#7343 = VECTOR ( 'NONE', #815, 1000.000000000000114 ) ;
#7344 = LINE ( 'NONE', #7441, #91 ) ;
#7345 = EDGE_CURVE ( 'NONE', #4104, #2487, #6465, .T. ) ;
#7346 = CARTESIAN_POINT ( 'NONE',  ( 4.330127018922047100, 0.000000000000000000, 50.00000000000000000 ) ) ;
#7347 = VECTOR ( 'NONE', #6343, 1000.000000000000000 ) ;
#7348 = DIRECTION ( 'NONE',  ( 0.5000000000000002220, 0.000000000000000000, 0.8660254037844384856 ) ) ;
#7349 = DIRECTION ( 'NONE',  ( 1.000000000000000000, 0.000000000000000000, -0.000000000000000000 ) ) ;
#7350 = EDGE_LOOP ( 'NONE', ( #8644, #4014, #7330, #8650 ) ) ;
#7351 = CARTESIAN_POINT ( 'NONE',  ( 28.14582562299473878, 147.4213562373095385, 21.24999999999999289 ) ) ;
#7352 = ADVANCED_FACE ( 'NONE', ( #6263 ), #9262, .F. ) ;
#7353 = PLANE ( 'NONE',  #1428 ) ;
#7354 = CARTESIAN_POINT ( 'NONE',  ( -22.34942529805128331, 0.000000000000000000, -61.40454134417992549 ) ) ;
#7355 = ORIENTED_EDGE ( 'NONE', *, *, #8910, .T. ) ;
#7356 = EDGE_LOOP ( 'NONE', ( #3166, #5675 ) ) ;
#7357 = PLANE ( 'NONE',  #1198 ) ;
#7358 = CARTESIAN_POINT ( 'NONE',  ( -50.00000000000000000, 147.4213562373095385, -47.14745962155771508 ) ) ;
#7359 = DIRECTION ( 'NONE',  ( 0.5000000000000001110, 0.000000000000000000, -0.8660254037844387076 ) ) ;
#7360 = ORIENTED_EDGE ( 'NONE', *, *, #3776, .F. ) ;
#7361 = LINE ( 'NONE', #4455, #707 ) ;
#7362 = ORIENTED_EDGE ( 'NONE', *, *, #7873, .T. ) ;
#7363 = CARTESIAN_POINT ( 'NONE',  ( 4.330127018922120818, 147.4213562373095385, -13.74999999999999822 ) ) ;
#7364 = CIRCLE ( 'NONE', #6583, 3.999999999999988454 ) ;
#7365 = CIRCLE ( 'NONE', #3595, 61.96152422706628471 ) ;
#7366 = ORIENTED_EDGE ( 'NONE', *, *, #6858, .T. ) ;
#7367 = EDGE_LOOP ( 'NONE', ( #9396, #3617 ) ) ;
#7368 = ORIENTED_EDGE ( 'NONE', *, *, #3942, .F. ) ;
#7369 = VERTEX_POINT ( 'NONE', #4144 ) ;
#7370 = LINE ( 'NONE', #5743, #2298 ) ;
#7371 = VECTOR ( 'NONE', #5114, 1000.000000000000000 ) ;
#7372 = ORIENTED_EDGE ( 'NONE', *, *, #8433, .T. ) ;
#7373 = PLANE ( 'NONE',  #6660 ) ;
#7374 = EDGE_CURVE ( 'NONE', #5260, #2299, #8567, .T. ) ;
#7375 = FACE_OUTER_BOUND ( 'NONE', #3180, .T. ) ;
#7376 = DIRECTION ( 'NONE',  ( -1.000000000000000000, 0.000000000000000000, -0.000000000000000000 ) ) ;
#7377 = DIRECTION ( 'NONE',  ( 0.8789733129752216323, -0.4768709627114686711, 0.000000000000000000 ) ) ;
#7378 = EDGE_LOOP ( 'NONE', ( #8685, #370, #3576, #2443 ) ) ;
#7379 = AXIS2_PLACEMENT_3D ( 'NONE', #4440, #513, #1992 ) ;
#7380 = ORIENTED_EDGE ( 'NONE', *, *, #4796, .F. ) ;
#7381 = ORIENTED_EDGE ( 'NONE', *, *, #8992, .F. ) ;
#7382 = AXIS2_PLACEMENT_3D ( 'NONE', #948, #5469, #805 ) ;
#7383 = ORIENTED_EDGE ( 'NONE', *, *, #3499, .T. ) ;
#7384 = DIRECTION ( 'NONE',  ( -0.5000000000000001110, 0.000000000000000000, -0.8660254037844387076 ) ) ;
#7385 = DIRECTION ( 'NONE',  ( 0.5000000000000008882, 0.000000000000000000, 0.8660254037844381525 ) ) ;
#7386 = LINE ( 'NONE', #9599, #3578 ) ;
#7387 = ADVANCED_FACE ( 'NONE', ( #5622 ), #1896, .F. ) ;
#7388 = AXIS2_PLACEMENT_3D ( 'NONE', #4940, #5732, #1009 ) ;
#7389 = CARTESIAN_POINT ( 'NONE',  ( 45.46633369868351338, 6.000000000000005329, -21.24999999999999289 ) ) ;
#7390 = DIRECTION ( 'NONE',  ( -0.8789733129752195229, 0.4768709627114723903, 0.000000000000000000 ) ) ;
#7391 = VERTEX_POINT ( 'NONE', #319 ) ;
#7392 = VECTOR ( 'NONE', #5863, 1000.000000000000114 ) ;
#7393 = DIRECTION ( 'NONE',  ( -0.000000000000000000, -1.000000000000000000, -0.000000000000000000 ) ) ;
#7394 = LINE ( 'NONE', #662, #865 ) ;
#7395 = ADVANCED_FACE ( 'NONE', ( #3310, #9310, #7890, #7148 ), #415, .F. ) ;
#7396 = CARTESIAN_POINT ( 'NONE',  ( -11.26739772084300206, 147.4213562373095385, 34.51570532158540061 ) ) ;
#7397 = CARTESIAN_POINT ( 'NONE',  ( 79.87143568757763035, 17.25855025242403329, 57.12770181004839998 ) ) ;
#7398 = DIRECTION ( 'NONE',  ( -0.5000000000000002220, 0.000000000000000000, -0.8660254037844384856 ) ) ;
#7399 = ORIENTED_EDGE ( 'NONE', *, *, #6414, .F. ) ;
#7400 = PLANE ( 'NONE',  #7757 ) ;
#7401 = DIRECTION ( 'NONE',  ( -0.8789733129752216323, -0.4768709627114686711, 0.000000000000000000 ) ) ;
#7402 = EDGE_CURVE ( 'NONE', #4498, #8288, #3512, .T. ) ;
#7403 = LINE ( 'NONE', #714, #7172 ) ;
#7404 = EDGE_LOOP ( 'NONE', ( #4834, #6870, #2180, #5046 ) ) ;
#7405 = ORIENTED_EDGE ( 'NONE', *, *, #6551, .T. ) ;
#7406 = DIRECTION ( 'NONE',  ( -0.5000000000000013323, 0.000000000000000000, -0.8660254037844379305 ) ) ;
#7407 = AXIS2_PLACEMENT_3D ( 'NONE', #5495, #1075, #2640 ) ;
#7408 = LINE ( 'NONE', #6720, #2351 ) ;
#7409 = CARTESIAN_POINT ( 'NONE',  ( 41.13620667976124423, 6.000000000000005329, 13.74999999999999822 ) ) ;
#7410 = ORIENTED_EDGE ( 'NONE', *, *, #6796, .F. ) ;
#7411 = LINE ( 'NONE', #8883, #1498 ) ;
#7412 = VERTEX_POINT ( 'NONE', #2822 ) ;
#7413 = VERTEX_POINT ( 'NONE', #5771 ) ;
#7414 = CARTESIAN_POINT ( 'NONE',  ( -14.07291281149715090, 6.000000000000005329, 3.124999999999960920 ) ) ;
#7415 = VERTEX_POINT ( 'NONE', #5140 ) ;
#7416 = ORIENTED_EDGE ( 'NONE', *, *, #2940, .T. ) ;
#7417 = EDGE_CURVE ( 'NONE', #5150, #8954, #7253, .T. ) ;
#7418 = CARTESIAN_POINT ( 'NONE',  ( -4.330127018922336646, 6.000000000000005329, -34.99999999999999289 ) ) ;
#7419 = VECTOR ( 'NONE', #3937, 1000.000000000000000 ) ;
#7420 = ORIENTED_EDGE ( 'NONE', *, *, #8600, .T. ) ;
#7421 = CARTESIAN_POINT ( 'NONE',  ( 45.46633369868351338, 147.4213562373095385, -4.592625337882893652E-17 ) ) ;
#7422 = AXIS2_PLACEMENT_3D ( 'NONE', #2126, #8028, #653 ) ;
#7423 = CARTESIAN_POINT ( 'NONE',  ( 5.898950814473623794, 6.000000000000005329, 26.03271747798174118 ) ) ;
#7424 = LINE ( 'NONE', #3040, #3867 ) ;
#7425 = PLANE ( 'NONE',  #2431 ) ;
#7426 = ORIENTED_EDGE ( 'NONE', *, *, #3957, .F. ) ;
#7427 = ORIENTED_EDGE ( 'NONE', *, *, #2626, .T. ) ;
#7428 = VERTEX_POINT ( 'NONE', #2046 ) ;
#7429 = ORIENTED_EDGE ( 'NONE', *, *, #7856, .T. ) ;
#7430 = CARTESIAN_POINT ( 'NONE',  ( 85.28138980357266519, 12.75855025242441521, 49.86024169478056933 ) ) ;
#7431 = VECTOR ( 'NONE', #3697, 1000.000000000000000 ) ;
#7432 = EDGE_CURVE ( 'NONE', #456, #2387, #4984, .T. ) ;
#7433 = EDGE_CURVE ( 'NONE', #9054, #1112, #9511, .T. ) ;
#7434 = CARTESIAN_POINT ( 'NONE',  ( 75.63265198522377375, -12.82481192892387334, 71.63791974095211401 ) ) ;
#7435 = DIRECTION ( 'NONE',  ( 0.000000000000000000, 1.000000000000000000, 0.000000000000000000 ) ) ;
#7436 = LINE ( 'NONE', #702, #9159 ) ;
#7437 = DIRECTION ( 'NONE',  ( -0.5337593939265867782, 0.4330127018922123594, -0.7263614178872173088 ) ) ;
#7438 = ORIENTED_EDGE ( 'NONE', *, *, #3941, .T. ) ;
#7439 = LINE ( 'NONE', #1245, #9109 ) ;
#7440 = EDGE_CURVE ( 'NONE', #285, #6526, #4443, .T. ) ;
#7441 = CARTESIAN_POINT ( 'NONE',  ( 8.652233963711415399, 147.4213562373095385, -21.23610882412134515 ) ) ;
#7442 = EDGE_CURVE ( 'NONE', #5536, #8943, #5971, .T. ) ;
#7443 = VECTOR ( 'NONE', #645, 1000.000000000000000 ) ;
#7444 = EDGE_CURVE ( 'NONE', #2441, #456, #1306, .T. ) ;
#7445 = DIRECTION ( 'NONE',  ( -1.000000000000000000, 0.000000000000000000, -0.000000000000000000 ) ) ;
#7446 = FACE_BOUND ( 'NONE', #9718, .T. ) ;
#7447 = CARTESIAN_POINT ( 'NONE',  ( -45.46633369868351338, 147.4213562373095385, -4.592625337882893652E-17 ) ) ;
#7448 = DIRECTION ( 'NONE',  ( -0.000000000000000000, -1.000000000000000000, -0.000000000000000000 ) ) ;
#7449 = LINE ( 'NONE', #8190, #4976 ) ;
#7450 = VECTOR ( 'NONE', #1523, 1000.000000000000000 ) ;
#7451 = EDGE_LOOP ( 'NONE', ( #7206, #3571, #2738, #2533 ) ) ;
#7452 = VECTOR ( 'NONE', #8037, 1000.000000000000000 ) ;
#7453 = ORIENTED_EDGE ( 'NONE', *, *, #1565, .F. ) ;
#7454 = FACE_OUTER_BOUND ( 'NONE', #2885, .T. ) ;
#7455 = VECTOR ( 'NONE', #2968, 999.9999999999998863 ) ;
#7456 = CARTESIAN_POINT ( 'NONE',  ( 49.99999999999999289, 6.000000000000000000, 50.00000000000000000 ) ) ;
#7457 = EDGE_CURVE ( 'NONE', #4182, #2190, #1459, .T. ) ;
#7458 = FACE_OUTER_BOUND ( 'NONE', #2603, .T. ) ;
#7459 = ORIENTED_EDGE ( 'NONE', *, *, #1744, .F. ) ;
#7460 = DIRECTION ( 'NONE',  ( 0.3420201433256876422, -0.000000000000000000, -0.9396926207859014335 ) ) ;
#7461 = ORIENTED_EDGE ( 'NONE', *, *, #23, .F. ) ;
#7462 = VERTEX_POINT ( 'NONE', #2920 ) ;
#7463 = LINE ( 'NONE', #8290, #9377 ) ;
#7464 = ADVANCED_FACE ( 'NONE', ( #6713 ), #517, .F. ) ;
#7465 = EDGE_LOOP ( 'NONE', ( #4527, #7201, #819, #7751, #3780, #5926, #9690, #3674 ) ) ;
#7466 = DIRECTION ( 'NONE',  ( -0.8789733129752196339, 0.4768709627114723348, 0.000000000000000000 ) ) ;
#7467 = VERTEX_POINT ( 'NONE', #8773 ) ;
#7468 = DIRECTION ( 'NONE',  ( -0.5000000000000003331, 0.000000000000000000, 0.8660254037844383745 ) ) ;
#7469 = DIRECTION ( 'NONE',  ( 0.09485932030787480596, 0.9607689228305206219, -0.2606238405706758354 ) ) ;
#7470 = VECTOR ( 'NONE', #2311, 999.9999999999998863 ) ;
#7471 = CARTESIAN_POINT ( 'NONE',  ( -54.70000000000057128, 0.000000000000000000, 57.19999999999942020 ) ) ;
#7472 = DIRECTION ( 'NONE',  ( 1.000000000000000000, 0.000000000000000000, 1.001543065824772975E-16 ) ) ;
#7473 = VERTEX_POINT ( 'NONE', #1411 ) ;
#7474 = VERTEX_POINT ( 'NONE', #9613 ) ;
#7475 = ORIENTED_EDGE ( 'NONE', *, *, #5974, .F. ) ;
#7476 = ORIENTED_EDGE ( 'NONE', *, *, #9011, .F. ) ;
#7477 = DIRECTION ( 'NONE',  ( -0.000000000000000000, -1.000000000000000000, -0.000000000000000000 ) ) ;
#7478 = EDGE_CURVE ( 'NONE', #6088, #9676, #5038, .T. ) ;
#7479 = DIRECTION ( 'NONE',  ( 0.000000000000000000, -1.000000000000000000, 0.000000000000000000 ) ) ;
#7480 = LINE ( 'NONE', #8771, #6730 ) ;
#7481 = DIRECTION ( 'NONE',  ( -0.8789733129752216323, -0.4768709627114691707, 0.000000000000000000 ) ) ;
#7482 = LINE ( 'NONE', #4573, #2186 ) ;
#7483 = ORIENTED_EDGE ( 'NONE', *, *, #3223, .F. ) ;
#7484 = LINE ( 'NONE', #840, #7470 ) ;
#7485 = EDGE_CURVE ( 'NONE', #3814, #2911, #2185, .T. ) ;
#7486 = AXIS2_PLACEMENT_3D ( 'NONE', #4146, #9418, #4293 ) ;
#7487 = DIRECTION ( 'NONE',  ( -0.000000000000000000, -1.000000000000000000, -0.000000000000000000 ) ) ;
#7488 = CARTESIAN_POINT ( 'NONE',  ( 32.47595264191693332, 147.4213562373095385, 49.99999999999998579 ) ) ;
#7489 = VECTOR ( 'NONE', #9499, 1000.000000000000114 ) ;
#7490 = LINE ( 'NONE', #5277, #7419 ) ;
#7491 = VECTOR ( 'NONE', #2986, 1000.000000000000114 ) ;
#7492 = CARTESIAN_POINT ( 'NONE',  ( -54.70000000000057128, 0.000000000000000000, 52.19999999999941309 ) ) ;
#7493 = DIRECTION ( 'NONE',  ( 0.5000000000000000000, 0.000000000000000000, -0.8660254037844385966 ) ) ;
#7494 = DIRECTION ( 'NONE',  ( 0.3420201433256879198, 0.000000000000000000, 0.9396926207859014335 ) ) ;
#7495 = EDGE_CURVE ( 'NONE', #2150, #8734, #5188, .T. ) ;
#7496 = EDGE_LOOP ( 'NONE', ( #7549, #7693, #531, #2943, #4471, #4290, #6669 ) ) ;
#7497 = AXIS2_PLACEMENT_3D ( 'NONE', #4917, #4081, #987 ) ;
#7498 = ORIENTED_EDGE ( 'NONE', *, *, #2665, .T. ) ;
#7499 = LINE ( 'NONE', #3762, #3998 ) ;
#7500 = DIRECTION ( 'NONE',  ( -6.713255375082617595E-16, 0.000000000000000000, 1.000000000000000000 ) ) ;
#7501 = ADVANCED_FACE ( 'NONE', ( #2140 ), #7400, .F. ) ;
#7502 = DIRECTION ( 'NONE',  ( -1.000000000000000000, 0.000000000000000000, 0.000000000000000000 ) ) ;
#7503 = ORIENTED_EDGE ( 'NONE', *, *, #7485, .T. ) ;
#7504 = LINE ( 'NONE', #5337, #7132 ) ;
#7505 = VERTEX_POINT ( 'NONE', #8188 ) ;
#7506 = VERTEX_POINT ( 'NONE', #9713 ) ;
#7507 = DIRECTION ( 'NONE',  ( 1.000000000000000000, 0.000000000000000000, 0.000000000000000000 ) ) ;
#7508 = ORIENTED_EDGE ( 'NONE', *, *, #4394, .T. ) ;
#7509 = AXIS2_PLACEMENT_3D ( 'NONE', #997, #3987, #8565 ) ;
#7510 = ORIENTED_EDGE ( 'NONE', *, *, #4359, .F. ) ;
#7511 = EDGE_LOOP ( 'NONE', ( #8144, #8956, #4143, #284, #4148, #5207, #4563, #4849 ) ) ;
#7512 = EDGE_CURVE ( 'NONE', #3481, #8199, #1257, .T. ) ;
#7513 = CARTESIAN_POINT ( 'NONE',  ( -66.00000000000000000, 6.000000000000000000, -38.22385819845018062 ) ) ;
#7514 = EDGE_LOOP ( 'NONE', ( #9084, #3128, #9482, #4988, #8105, #3868 ) ) ;
#7515 = CARTESIAN_POINT ( 'NONE',  ( -41.13620667976124423, 0.000000000000000000, -13.74999999999999822 ) ) ;
#7516 = CARTESIAN_POINT ( 'NONE',  ( 22.73316684934198051, 0.000000000000000000, 45.62499999999995737 ) ) ;
#7517 = DIRECTION ( 'NONE',  ( 0.000000000000000000, -1.000000000000000000, 0.000000000000000000 ) ) ;
#7518 = DIRECTION ( 'NONE',  ( -0.5000000000000001110, 0.000000000000000000, -0.8660254037844385966 ) ) ;
#7519 = EDGE_CURVE ( 'NONE', #7601, #8192, #2871, .T. ) ;
#7520 = ORIENTED_EDGE ( 'NONE', *, *, #2838, .F. ) ;
#7521 = VERTEX_POINT ( 'NONE', #1358 ) ;
#7522 = ORIENTED_EDGE ( 'NONE', *, *, #1785, .T. ) ;
#7523 = PLANE ( 'NONE',  #4880 ) ;
#7524 = AXIS2_PLACEMENT_3D ( 'NONE', #946, #847, #2229 ) ;
#7525 = DIRECTION ( 'NONE',  ( -1.000000000000000000, 0.000000000000000000, 0.000000000000000000 ) ) ;
#7526 = DIRECTION ( 'NONE',  ( 0.000000000000000000, 0.000000000000000000, 1.000000000000000000 ) ) ;
#7527 = LINE ( 'NONE', #109, #2245 ) ;
#7528 = AXIS2_PLACEMENT_3D ( 'NONE', #1693, #4529, #890 ) ;
#7529 = CARTESIAN_POINT ( 'NONE',  ( -25.98076211353308906, 147.4213562373095385, -15.00000000000011546 ) ) ;
#7530 = VERTEX_POINT ( 'NONE', #4342 ) ;
#7531 = VECTOR ( 'NONE', #7295, 1000.000000000000000 ) ;
#7532 = FACE_OUTER_BOUND ( 'NONE', #7024, .T. ) ;
#7533 = VECTOR ( 'NONE', #7469, 1000.000000000000000 ) ;
#7534 = CARTESIAN_POINT ( 'NONE',  ( 9.742785792574935044, 147.4213562373095385, -10.62499999999999822 ) ) ;
#7535 = AXIS2_PLACEMENT_3D ( 'NONE', #7052, #7210, #1803 ) ;
#7536 = CARTESIAN_POINT ( 'NONE',  ( -32.47595264191693332, 0.000000000000000000, 34.99999999999999289 ) ) ;
#7537 = VECTOR ( 'NONE', #4534, 1000.000000000000000 ) ;
#7538 = CARTESIAN_POINT ( 'NONE',  ( 54.69999999999838280, 6.000000000000000000, 54.69999999999878781 ) ) ;
#7539 = DIRECTION ( 'NONE',  ( 0.000000000000000000, 0.000000000000000000, -1.000000000000000000 ) ) ;
#7540 = ADVANCED_FACE ( 'NONE', ( #760 ), #3752, .T. ) ;
#7541 = DIRECTION ( 'NONE',  ( -0.5000000000000067724, 0.000000000000000000, 0.8660254037844347108 ) ) ;
#7542 = ADVANCED_FACE ( 'NONE', ( #5424 ), #3204, .T. ) ;
#7543 = ORIENTED_EDGE ( 'NONE', *, *, #7062, .F. ) ;
#7544 = ORIENTED_EDGE ( 'NONE', *, *, #7519, .T. ) ;
#7545 = DIRECTION ( 'NONE',  ( 0.5000000000000004441, 0.000000000000000000, 0.8660254037844383745 ) ) ;
#7546 = EDGE_CURVE ( 'NONE', #5504, #2751, #6760, .T. ) ;
#7547 = FACE_BOUND ( 'NONE', #4008, .T. ) ;
#7548 = DIRECTION ( 'NONE',  ( 0.000000000000000000, -1.000000000000000000, 0.000000000000000000 ) ) ;
#7549 = ORIENTED_EDGE ( 'NONE', *, *, #8984, .F. ) ;
#7550 = LINE ( 'NONE', #6074, #6344 ) ;
#7551 = VECTOR ( 'NONE', #8113, 1000.000000000000000 ) ;
#7552 = ORIENTED_EDGE ( 'NONE', *, *, #7572, .F. ) ;
#7553 = VERTEX_POINT ( 'NONE', #3112 ) ;
#7554 = FACE_OUTER_BOUND ( 'NONE', #549, .T. ) ;
#7555 = ORIENTED_EDGE ( 'NONE', *, *, #8984, .T. ) ;
#7556 = EDGE_CURVE ( 'NONE', #6007, #7744, #1413, .T. ) ;
#7557 = VERTEX_POINT ( 'NONE', #1698 ) ;
#7558 = ORIENTED_EDGE ( 'NONE', *, *, #1461, .F. ) ;
#7559 = CARTESIAN_POINT ( 'NONE',  ( -10.17883965411060920, 0.000000000000000000, -31.11973255698393004 ) ) ;
#7560 = CARTESIAN_POINT ( 'NONE',  ( -65.60302134699557541, 5.661903261019712197, -67.98743272795279324 ) ) ;
#7561 = CARTESIAN_POINT ( 'NONE',  ( -6.076226797624446618, 6.000000000000005329, 38.02433353179681319 ) ) ;
#7562 = DIRECTION ( 'NONE',  ( 0.000000000000000000, 0.000000000000000000, -1.000000000000000000 ) ) ;
#7563 = CARTESIAN_POINT ( 'NONE',  ( -32.47595264191693332, 6.000000000000005329, 7.500000000000000888 ) ) ;
#7564 = EDGE_CURVE ( 'NONE', #808, #6185, #8278, .T. ) ;
#7565 = ORIENTED_EDGE ( 'NONE', *, *, #2331, .F. ) ;
#7566 = ADVANCED_FACE ( 'NONE', ( #3938 ), #5230, .T. ) ;
#7567 = VERTEX_POINT ( 'NONE', #6939 ) ;
#7568 = ORIENTED_EDGE ( 'NONE', *, *, #9320, .T. ) ;
#7569 = LINE ( 'NONE', #2401, #9144 ) ;
#7570 = ADVANCED_FACE ( 'NONE', ( #33 ), #6108, .T. ) ;
#7571 = LINE ( 'NONE', #9507, #4138 ) ;
#7572 = EDGE_CURVE ( 'NONE', #644, #3581, #1594, .T. ) ;
#7573 = CARTESIAN_POINT ( 'NONE',  ( 48.21495254706555045, 6.000000000000000000, -87.08787447931756276 ) ) ;
#7574 = CARTESIAN_POINT ( 'NONE',  ( 22.73316684934198051, 6.000000000000005329, 45.62499999999995737 ) ) ;
#7575 = EDGE_LOOP ( 'NONE', ( #1213, #1558, #1678, #1906 ) ) ;
#7576 = EDGE_CURVE ( 'NONE', #8352, #2694, #8939, .T. ) ;
#7577 = CARTESIAN_POINT ( 'NONE',  ( 66.00000000000132161, 6.000000000000000000, -38.22385819845064958 ) ) ;
#7578 = CARTESIAN_POINT ( 'NONE',  ( -78.55942538675439835, 20.99999999999937117, 79.67978713415915593 ) ) ;
#7579 = ORIENTED_EDGE ( 'NONE', *, *, #3701, .T. ) ;
#7580 = CARTESIAN_POINT ( 'NONE',  ( -95.31102044180072141, -5.728164937518889666, 53.51072870777982615 ) ) ;
#7581 = VECTOR ( 'NONE', #7398, 1000.000000000000114 ) ;
#7582 = LINE ( 'NONE', #6296, #5961 ) ;
#7583 = EDGE_CURVE ( 'NONE', #8, #7281, #9111, .T. ) ;
#7584 = CYLINDRICAL_SURFACE ( 'NONE', #3132, 4.000000000000016875 ) ;
#7585 = CARTESIAN_POINT ( 'NONE',  ( 0.000000000000000000, 4.500000000000007994, 66.00000000000000000 ) ) ;
#7586 = CARTESIAN_POINT ( 'NONE',  ( 84.19336080655018861, -11.39419904078928703, -55.36244354894026998 ) ) ;
#7587 = LINE ( 'NONE', #6064, #4396 ) ;
#7588 = CIRCLE ( 'NONE', #3819, 4.000000000000016875 ) ;
#7589 = ORIENTED_EDGE ( 'NONE', *, *, #6370, .F. ) ;
#7590 = ORIENTED_EDGE ( 'NONE', *, *, #6551, .F. ) ;
#7591 = FACE_OUTER_BOUND ( 'NONE', #5197, .T. ) ;
#7592 = FACE_BOUND ( 'NONE', #1628, .T. ) ;
#7593 = EDGE_CURVE ( 'NONE', #4556, #6704, #1504, .T. ) ;
#7594 = VECTOR ( 'NONE', #3477, 1000.000000000000000 ) ;
#7595 = ORIENTED_EDGE ( 'NONE', *, *, #9081, .F. ) ;
#7596 = CARTESIAN_POINT ( 'NONE',  ( -41.13620667976130818, 0.000000000000000000, 50.00000000000000000 ) ) ;
#7597 = ORIENTED_EDGE ( 'NONE', *, *, #6605, .F. ) ;
#7598 = CARTESIAN_POINT ( 'NONE',  ( 48.18039637606665337, 0.000000000000000000, -87.18281677883985026 ) ) ;
#7599 = VECTOR ( 'NONE', #9088, 1000.000000000000000 ) ;
#7600 = ORIENTED_EDGE ( 'NONE', *, *, #9388, .F. ) ;
#7601 = VERTEX_POINT ( 'NONE', #3846 ) ;
#7602 = VECTOR ( 'NONE', #4496, 1000.000000000000000 ) ;
#7603 = VERTEX_POINT ( 'NONE', #7492 ) ;
#7604 = CARTESIAN_POINT ( 'NONE',  ( 29.89192540169685586, 0.000000000000000000, -24.27433353179683806 ) ) ;
#7605 = EDGE_LOOP ( 'NONE', ( #2739, #5459, #4537, #2337 ) ) ;
#7606 = CARTESIAN_POINT ( 'NONE',  ( 10.17883965411065006, 6.000000000000005329, -31.11973255698393359 ) ) ;
#7607 = ORIENTED_EDGE ( 'NONE', *, *, #9011, .T. ) ;
#7608 = DIRECTION ( 'NONE',  ( 0.000000000000000000, 0.9678453296402124151, -0.2515460552138088501 ) ) ;
#7609 = EDGE_CURVE ( 'NONE', #6234, #6776, #8373, .T. ) ;
#7610 = CARTESIAN_POINT ( 'NONE',  ( -45.22221635007678486, 41.51624119651132361, -85.99860758460253862 ) ) ;
#7611 = LINE ( 'NONE', #6827, #7599 ) ;
#7612 = EDGE_CURVE ( 'NONE', #7863, #8151, #804, .T. ) ;
#7613 = CARTESIAN_POINT ( 'NONE',  ( 49.99999999999999289, 6.000000000000000000, 47.14745962155773640 ) ) ;
#7614 = EDGE_CURVE ( 'NONE', #4060, #6007, #9157, .T. ) ;
#7615 = VERTEX_POINT ( 'NONE', #3805 ) ;
#7616 = ORIENTED_EDGE ( 'NONE', *, *, #9352, .T. ) ;
#7617 = DIRECTION ( 'NONE',  ( 0.000000000000000000, 0.000000000000000000, -1.000000000000000000 ) ) ;
#7618 = DIRECTION ( 'NONE',  ( 0.5000000000000004441, 0.000000000000000000, 0.8660254037844383745 ) ) ;
#7619 = VECTOR ( 'NONE', #1925, 999.9999999999998863 ) ;
#7620 = CARTESIAN_POINT ( 'NONE',  ( 84.48338804127510571, 20.99999999999955591, 63.40383350717172561 ) ) ;
#7621 = CARTESIAN_POINT ( 'NONE',  ( 2.053814751473915567, 6.000000000000005329, 28.74999999999999645 ) ) ;
#7622 = ORIENTED_EDGE ( 'NONE', *, *, #6288, .T. ) ;
#7623 = CARTESIAN_POINT ( 'NONE',  ( 63.39065261137343299, 13.49999999999930722, 83.37431452178670099 ) ) ;
#7624 = LINE ( 'NONE', #4666, #7824 ) ;
#7625 = ORIENTED_EDGE ( 'NONE', *, *, #7879, .T. ) ;
#7626 = CARTESIAN_POINT ( 'NONE',  ( 45.46633369868351338, 147.4213562373095385, 21.24999999999999289 ) ) ;
#7627 = CARTESIAN_POINT ( 'NONE',  ( -50.00000000000000000, 6.000000000000000000, -47.14745962155770798 ) ) ;
#7628 = AXIS2_PLACEMENT_3D ( 'NONE', #1314, #9627, #7308 ) ;
#7629 = EDGE_CURVE ( 'NONE', #9698, #5751, #75, .T. ) ;
#7630 = CARTESIAN_POINT ( 'NONE',  ( 87.70925405845105161, -9.486715189943401683, -55.36244354894026998 ) ) ;
#7631 = DIRECTION ( 'NONE',  ( -1.000000000000000000, 0.000000000000000000, -0.000000000000000000 ) ) ;
#7632 = CARTESIAN_POINT ( 'NONE',  ( -46.40590262964586543, 0.000000000000000000, 92.41944086838630312 ) ) ;
#7633 = EDGE_CURVE ( 'NONE', #1709, #2701, #8325, .T. ) ;
#7634 = DIRECTION ( 'NONE',  ( -0.5000000000000003331, 0.000000000000000000, 0.8660254037844384856 ) ) ;
#7635 = EDGE_CURVE ( 'NONE', #8157, #4701, #4626, .T. ) ;
#7636 = ORIENTED_EDGE ( 'NONE', *, *, #8992, .T. ) ;
#7637 = AXIS2_PLACEMENT_3D ( 'NONE', #5792, #1178, #7175 ) ;
#7638 = VERTEX_POINT ( 'NONE', #2661 ) ;
#7639 = AXIS2_PLACEMENT_3D ( 'NONE', #2208, #2348, #9135 ) ;
#7640 = DIRECTION ( 'NONE',  ( -0.5000000000000024425, 0.000000000000000000, 0.8660254037844372643 ) ) ;
#7641 = AXIS2_PLACEMENT_3D ( 'NONE', #698, #5174, #4430 ) ;
#7642 = FACE_BOUND ( 'NONE', #1974, .T. ) ;
#7643 = EDGE_CURVE ( 'NONE', #7467, #5713, #6403, .T. ) ;
#7644 = DIRECTION ( 'NONE',  ( 0.5000000000000067724, 0.000000000000000000, 0.8660254037844347108 ) ) ;
#7645 = ORIENTED_EDGE ( 'NONE', *, *, #3518, .F. ) ;
#7646 = DIRECTION ( 'NONE',  ( 0.000000000000000000, -0.9678453296402134143, 0.2515460552138050754 ) ) ;
#7647 = EDGE_LOOP ( 'NONE', ( #829, #5640, #9298 ) ) ;
#7648 = LINE ( 'NONE', #6313, #1533 ) ;
#7649 = VECTOR ( 'NONE', #9049, 1000.000000000000000 ) ;
#7650 = ORIENTED_EDGE ( 'NONE', *, *, #3598, .F. ) ;
#7651 = ORIENTED_EDGE ( 'NONE', *, *, #985, .T. ) ;
#7652 = ORIENTED_EDGE ( 'NONE', *, *, #1968, .T. ) ;
#7653 = DIRECTION ( 'NONE',  ( -0.000000000000000000, -1.000000000000000000, -0.000000000000000000 ) ) ;
#7654 = VECTOR ( 'NONE', #9399, 1000.000000000000114 ) ;
#7655 = EDGE_LOOP ( 'NONE', ( #6779, #8884, #7372, #386 ) ) ;
#7656 = PLANE ( 'NONE',  #4276 ) ;
#7657 = ORIENTED_EDGE ( 'NONE', *, *, #8923, .F. ) ;
#7658 = CARTESIAN_POINT ( 'NONE',  ( -32.47595264191693332, 147.4213562373095385, 49.99999999999998579 ) ) ;
#7659 = LINE ( 'NONE', #2395, #8359 ) ;
#7660 = AXIS2_PLACEMENT_3D ( 'NONE', #1658, #4635, #7644 ) ;
#7661 = CARTESIAN_POINT ( 'NONE',  ( -78.55942538675439835, 20.99999999999937117, 79.67978713415915593 ) ) ;
#7662 = ORIENTED_EDGE ( 'NONE', *, *, #1683, .F. ) ;
#7663 = EDGE_CURVE ( 'NONE', #7299, #5988, #3981, .T. ) ;
#7664 = ORIENTED_EDGE ( 'NONE', *, *, #2496, .F. ) ;
#7665 = VERTEX_POINT ( 'NONE', #2509 ) ;
#7666 = LINE ( 'NONE', #9188, #5672 ) ;
#7667 = CARTESIAN_POINT ( 'NONE',  ( -46.54886545341427961, 0.000000000000000000, 31.87499999999998579 ) ) ;
#7668 = EDGE_CURVE ( 'NONE', #1363, #2099, #7033, .T. ) ;
#7669 = CARTESIAN_POINT ( 'NONE',  ( -22.73316684934153287, 0.000000000000000000, -3.124999999999960920 ) ) ;
#7670 = CARTESIAN_POINT ( 'NONE',  ( -50.00000000000000000, 6.000000000000000000, -50.00000000000000000 ) ) ;
#7671 = VERTEX_POINT ( 'NONE', #8506 ) ;
#7672 = CARTESIAN_POINT ( 'NONE',  ( 32.47595264191693332, 147.4213562373095385, -28.74999999999999289 ) ) ;
#7673 = DIRECTION ( 'NONE',  ( 0.5000000000000001110, 0.000000000000000000, 0.8660254037844385966 ) ) ;
#7674 = ORIENTED_EDGE ( 'NONE', *, *, #8416, .T. ) ;
#7675 = CARTESIAN_POINT ( 'NONE',  ( 45.46633369868351338, 6.000000000000005329, -4.592625337882893652E-17 ) ) ;
#7676 = VECTOR ( 'NONE', #6851, 1000.000000000000114 ) ;
#7677 = DIRECTION ( 'NONE',  ( 0.000000000000000000, 0.000000000000000000, 1.000000000000000000 ) ) ;
#7678 = ADVANCED_FACE ( 'NONE', ( #4083 ), #4181, .F. ) ;
#7679 = DIRECTION ( 'NONE',  ( -0.4698463103929487183, 0.8660254037844400399, -0.1710100716628430717 ) ) ;
#7680 = LINE ( 'NONE', #6107, #5856 ) ;
#7681 = CARTESIAN_POINT ( 'NONE',  ( -41.13620667976131529, 0.000000000000000000, -34.99999999999999289 ) ) ;
#7682 = AXIS2_PLACEMENT_3D ( 'NONE', #3312, #471, #9313 ) ;
#7683 = CARTESIAN_POINT ( 'NONE',  ( 75.46725468460070374, 16.83809673897978243, -67.09883832977483564 ) ) ;
#7684 = CC_DESIGN_PERSON_AND_ORGANIZATION_ASSIGNMENT ( #9379, #5103, ( #6697 ) ) ;
#7685 = ORIENTED_EDGE ( 'NONE', *, *, #8487, .F. ) ;
#7686 = VECTOR ( 'NONE', #5185, 1000.000000000000227 ) ;
#7687 = EDGE_CURVE ( 'NONE', #1735, #5356, #455, .T. ) ;
#7688 = ORIENTED_EDGE ( 'NONE', *, *, #2642, .T. ) ;
#7689 = CARTESIAN_POINT ( 'NONE',  ( -8.660254037844460129, 6.000000000000005329, 21.24999999999999645 ) ) ;
#7690 = AXIS2_PLACEMENT_3D ( 'NONE', #6301, #5714, #4871 ) ;
#7691 = DIRECTION ( 'NONE',  ( 1.000000000000000000, 0.000000000000000000, 6.713255375082617595E-16 ) ) ;
#7692 = EDGE_CURVE ( 'NONE', #8158, #7905, #4131, .T. ) ;
#7693 = ORIENTED_EDGE ( 'NONE', *, *, #7117, .F. ) ;
#7694 = DIRECTION ( 'NONE',  ( 0.5000000000000005551, 0.000000000000000000, 0.8660254037844382635 ) ) ;
#7695 = ORIENTED_EDGE ( 'NONE', *, *, #5394, .F. ) ;
#7696 = ADVANCED_FACE ( 'NONE', ( #7190, #404, #5662, #7723, #4763, #1835, #5559, #4719, #5512, #6204, #7878, #6985, #254, #1935, #3300, #5467, #4819, #9297, #8465, #3401, #989, #1094, #2553, #6253, #9403, #7082, #1782, #4920, #7930, #1884, #7772, #8608, #1040, #4028, #8556, #1194, #6348, #9348, #2602, #5612, #1450, #659, #6502, #8860 ), #2179, .F. ) ;
#7697 = LINE ( 'NONE', #9513, #8908 ) ;
#7698 = ORIENTED_EDGE ( 'NONE', *, *, #4380, .F. ) ;
#7699 = ORIENTED_EDGE ( 'NONE', *, *, #7556, .T. ) ;
#7700 = VECTOR ( 'NONE', #5667, 1000.000000000000000 ) ;
#7701 = CARTESIAN_POINT ( 'NONE',  ( -22.34942529805128331, 0.000000000000000000, 61.40454134417992549 ) ) ;
#7702 = ORIENTED_EDGE ( 'NONE', *, *, #6103, .F. ) ;
#7703 = CARTESIAN_POINT ( 'NONE',  ( 81.19551667212387258, 10.90748385084582672, 51.71195653594100605 ) ) ;
#7704 = ORIENTED_EDGE ( 'NONE', *, *, #8524, .T. ) ;
#7705 = PLANE ( 'NONE',  #1490 ) ;
#7706 = ORIENTED_EDGE ( 'NONE', *, *, #1694, .F. ) ;
#7707 = EDGE_CURVE ( 'NONE', #8100, #2288, #9454, .T. ) ;
#7708 = EDGE_LOOP ( 'NONE', ( #631, #741, #8143, #363 ) ) ;
#7709 = CARTESIAN_POINT ( 'NONE',  ( 75.23823037617501086, 13.49999999999969624, 50.82336213776299871 ) ) ;
#7710 = CARTESIAN_POINT ( 'NONE',  ( 41.13620667976131529, 147.4213562373095385, -7.500000000000000000 ) ) ;
#7711 = CARTESIAN_POINT ( 'NONE',  ( -50.00000000000000000, 6.000000000000000000, -50.00000000000000000 ) ) ;
#7712 = DIRECTION ( 'NONE',  ( -0.3420201433256623291, -0.000000000000000000, -0.9396926207859106484 ) ) ;
#7713 = ORIENTED_EDGE ( 'NONE', *, *, #1873, .F. ) ;
#7714 = DIRECTION ( 'NONE',  ( 0.000000000000000000, -1.000000000000000000, 0.000000000000000000 ) ) ;
#7715 = LINE ( 'NONE', #1875, #1089 ) ;
#7716 = ORIENTED_EDGE ( 'NONE', *, *, #6778, .F. ) ;
#7717 = LINE ( 'NONE', #7815, #401 ) ;
#7718 = ORIENTED_EDGE ( 'NONE', *, *, #294, .T. ) ;
#7719 = EDGE_CURVE ( 'NONE', #1764, #6546, #1243, .T. ) ;
#7720 = CYLINDRICAL_SURFACE ( 'NONE', #8784, 51.96152422706639129 ) ;
#7721 = LINE ( 'NONE', #7818, #2008 ) ;
#7722 = DIRECTION ( 'NONE',  ( -0.4999999999999999445, 0.000000000000000000, 0.8660254037844387076 ) ) ;
#7723 = FACE_BOUND ( 'NONE', #875, .T. ) ;
#7724 = ORIENTED_EDGE ( 'NONE', *, *, #244, .T. ) ;
#7725 = VECTOR ( 'NONE', #565, 1000.000000000000000 ) ;
#7726 = DIRECTION ( 'NONE',  ( 0.4698463103929532703, -0.8660254037844400399, -0.1710100716628305539 ) ) ;
#7727 = EDGE_CURVE ( 'NONE', #3367, #4253, #7338, .T. ) ;
#7728 = ADVANCED_FACE ( 'NONE', ( #6454 ), #556, .F. ) ;
#7729 = VERTEX_POINT ( 'NONE', #7981 ) ;
#7730 = LINE ( 'NONE', #3020, #7188 ) ;
#7731 = FACE_BOUND ( 'NONE', #3860, .T. ) ;
#7732 = DIRECTION ( 'NONE',  ( 0.000000000000000000, 0.000000000000000000, -1.000000000000000000 ) ) ;
#7733 = VERTEX_POINT ( 'NONE', #3649 ) ;
#7734 = DIRECTION ( 'NONE',  ( 0.8660254037844381525, -0.000000000000000000, 0.5000000000000008882 ) ) ;
#7735 = ORIENTED_EDGE ( 'NONE', *, *, #4382, .T. ) ;
#7736 = DIRECTION ( 'NONE',  ( -0.3420201433256876977, -0.000000000000000000, -0.9396926207859014335 ) ) ;
#7737 = CIRCLE ( 'NONE', #2103, 3.999999999999993339 ) ;
#7738 = ORIENTED_EDGE ( 'NONE', *, *, #708, .F. ) ;
#7739 = ORIENTED_EDGE ( 'NONE', *, *, #5957, .T. ) ;
#7740 = EDGE_CURVE ( 'NONE', #8392, #3412, #9550, .T. ) ;
#7741 = AXIS2_PLACEMENT_3D ( 'NONE', #4156, #6428, #2684 ) ;
#7742 = CARTESIAN_POINT ( 'NONE',  ( -54.70000000000057128, 0.000000000000000000, 54.69999999999941309 ) ) ;
#7743 = CARTESIAN_POINT ( 'NONE',  ( 75.46725468460070374, 16.83809673897978243, 67.09883832977483564 ) ) ;
#7744 = VERTEX_POINT ( 'NONE', #2810 ) ;
#7746 = EDGE_CURVE ( 'NONE', #6776, #2840, #3600, .T. ) ;
#7745 = DIRECTION ( 'NONE',  ( -0.8660254037844384856, 0.000000000000000000, 0.5000000000000003331 ) ) ;
#7747 = ORIENTED_EDGE ( 'NONE', *, *, #4730, .F. ) ;
#7748 = DIRECTION ( 'NONE',  ( -0.8137976813493691397, -0.4999999999999978906, -0.2961981327260401753 ) ) ;
#7749 = LINE ( 'NONE', #8636, #4953 ) ;
#7750 = AXIS2_PLACEMENT_3D ( 'NONE', #6121, #2382, #8430 ) ;
#7751 = ORIENTED_EDGE ( 'NONE', *, *, #5394, .T. ) ;
#7752 = EDGE_LOOP ( 'NONE', ( #9026, #7747, #7816, #4720, #7153, #1073 ) ) ;
#7753 = ORIENTED_EDGE ( 'NONE', *, *, #8733, .F. ) ;
#7754 = AXIS2_PLACEMENT_3D ( 'NONE', #1381, #2112, #5108 ) ;
#7755 = DIRECTION ( 'NONE',  ( -0.5337593939265714571, -0.4330127018922133031, 0.7263614178872279670 ) ) ;
#7756 = CARTESIAN_POINT ( 'NONE',  ( 8.660254037844241637, 147.4213562373095385, -42.49999999999999289 ) ) ;
#7757 = AXIS2_PLACEMENT_3D ( 'NONE', #7447, #3661, #6664 ) ;
#7758 = LINE ( 'NONE', #3236, #7008 ) ;
#7759 = CARTESIAN_POINT ( 'NONE',  ( 49.99999999999999289, 0.000000000000000000, 50.00000000000000000 ) ) ;
#7760 = ORIENTED_EDGE ( 'NONE', *, *, #6629, .F. ) ;
#7761 = DIRECTION ( 'NONE',  ( 0.4999999999999998335, 0.000000000000000000, -0.8660254037844387076 ) ) ;
#7762 = PLANE ( 'NONE',  #3603 ) ;
#7763 = ORIENTED_EDGE ( 'NONE', *, *, #2226, .F. ) ;
#7764 = LINE ( 'NONE', #1086, #8715 ) ;
#7765 = ORIENTED_EDGE ( 'NONE', *, *, #8684, .T. ) ;
#7766 = DIRECTION ( 'NONE',  ( -0.4698463103929532703, 0.8660254037844400399, -0.1710100716628305539 ) ) ;
#7767 = VECTOR ( 'NONE', #1542, 999.9999999999998863 ) ;
#7768 = ADVANCED_FACE ( 'NONE', ( #9655 ), #3502, .T. ) ;
#7769 = DIRECTION ( 'NONE',  ( 0.5000000000000042188, 0.000000000000000000, -0.8660254037844362651 ) ) ;
#7770 = CARTESIAN_POINT ( 'NONE',  ( -32.47595264191693332, 147.4213562373095385, 34.99999999999999289 ) ) ;
#7771 = VECTOR ( 'NONE', #1454, 1000.000000000000114 ) ;
#7772 = FACE_BOUND ( 'NONE', #6807, .T. ) ;
#7773 = EDGE_LOOP ( 'NONE', ( #9038, #6360, #6150, #9494 ) ) ;
#7774 = CARTESIAN_POINT ( 'NONE',  ( -78.75412362807587385, 15.40748385084558514, -50.82336213776299871 ) ) ;
#7775 = AXIS2_PLACEMENT_3D ( 'NONE', #478, #8628, #1801 ) ;
#7776 = CARTESIAN_POINT ( 'NONE',  ( -14.07291281149758966, 0.000000000000000000, 45.62499999999995737 ) ) ;
#7777 = ORIENTED_EDGE ( 'NONE', *, *, #7609, .F. ) ;
#7778 = DIRECTION ( 'NONE',  ( -0.3420201433256876422, 0.000000000000000000, -0.9396926207859014335 ) ) ;
#7779 = DIRECTION ( 'NONE',  ( -0.4698463103929487183, 0.8660254037844400399, 0.1710100716628430717 ) ) ;
#7780 = FACE_OUTER_BOUND ( 'NONE', #4863, .T. ) ;
#7781 = EDGE_CURVE ( 'NONE', #3664, #2983, #2484, .T. ) ;
#7782 = ORIENTED_EDGE ( 'NONE', *, *, #3155, .T. ) ;
#7783 = DIRECTION ( 'NONE',  ( 0.6427876096865472455, 0.000000000000000000, 0.7660444431189713521 ) ) ;
#7784 = EDGE_LOOP ( 'NONE', ( #7895, #6728, #334, #2941 ) ) ;
#7785 = CARTESIAN_POINT ( 'NONE',  ( -90.41393044048240313, 14.99999999999994316, 47.10980218023188115 ) ) ;
#7786 = PLANE ( 'NONE',  #2611 ) ;
#7787 = VECTOR ( 'NONE', #1329, 1000.000000000000000 ) ;
#7788 = EDGE_LOOP ( 'NONE', ( #1999, #86, #1653, #8107 ) ) ;
#7789 = ORIENTED_EDGE ( 'NONE', *, *, #6125, .F. ) ;
#7790 = VECTOR ( 'NONE', #6467, 1000.000000000000227 ) ;
#7791 = PLANE ( 'NONE',  #872 ) ;
#7792 = PLANE ( 'NONE',  #3141 ) ;
#7793 = ADVANCED_FACE ( 'NONE', ( #8764 ), #1985, .F. ) ;
#7794 = DIRECTION ( 'NONE',  ( 0.5000000000000001110, 0.000000000000000000, 0.8660254037844387076 ) ) ;
#7795 = ORIENTED_EDGE ( 'NONE', *, *, #7442, .F. ) ;
#7796 = CARTESIAN_POINT ( 'NONE',  ( 65.96544382900106029, 6.000000000000000000, -38.31880049797258181 ) ) ;
#7797 = CARTESIAN_POINT ( 'NONE',  ( 49.99999999999998579, 0.000000000000000000, 47.14745962155775061 ) ) ;
#7798 = VECTOR ( 'NONE', #2015, 1000.000000000000000 ) ;
#7799 = CARTESIAN_POINT ( 'NONE',  ( -41.13620667976131529, 6.000000000000005329, 28.74999999999999289 ) ) ;
#7800 = VECTOR ( 'NONE', #1474, 1000.000000000000000 ) ;
#7801 = ORIENTED_EDGE ( 'NONE', *, *, #3654, .F. ) ;
#7802 = ORIENTED_EDGE ( 'NONE', *, *, #3776, .T. ) ;
#7803 = EDGE_CURVE ( 'NONE', #8352, #4908, #8812, .T. ) ;
#7804 = VECTOR ( 'NONE', #1592, 1000.000000000000000 ) ;
#7805 = EDGE_LOOP ( 'NONE', ( #5887, #7234, #4949, #2287 ) ) ;
#7806 = CARTESIAN_POINT ( 'NONE',  ( 25.98076211353308551, 0.000000000000000000, -15.00000000000013323 ) ) ;
#7807 = DIRECTION ( 'NONE',  ( -0.8660254037844385966, 0.000000000000000000, 0.5000000000000001110 ) ) ;
#7808 = DIRECTION ( 'NONE',  ( -0.5000000000000004441, 0.000000000000000000, -0.8660254037844383745 ) ) ;
#7809 = CARTESIAN_POINT ( 'NONE',  ( -50.00000000000000000, 6.000000000000005329, 25.89745962155734205 ) ) ;
#7810 = EDGE_LOOP ( 'NONE', ( #5565, #742, #1516, #1977 ) ) ;
#7811 = EDGE_CURVE ( 'NONE', #3225, #8740, #6609, .T. ) ;
#7812 = DIRECTION ( 'NONE',  ( 0.8660254037844387076, -0.000000000000000000, 0.4999999999999998335 ) ) ;
#7813 = DIRECTION ( 'NONE',  ( 6.938893903907228378E-17, 0.000000000000000000, -1.000000000000000000 ) ) ;
#7814 = EDGE_LOOP ( 'NONE', ( #1721, #6480, #3569, #6329 ) ) ;
#7815 = CARTESIAN_POINT ( 'NONE',  ( -14.07291281149715090, 147.4213562373095385, 3.124999999999960920 ) ) ;
#7816 = ORIENTED_EDGE ( 'NONE', *, *, #5666, .T. ) ;
#7817 = CARTESIAN_POINT ( 'NONE',  ( 30.40590262964586188, 0.000000000000000000, -66.00000000000000000 ) ) ;
#7818 = CARTESIAN_POINT ( 'NONE',  ( -22.71712670107568499, 147.4213562373095385, 3.124999999999959588 ) ) ;
#7819 = LINE ( 'NONE', #3251, #4881 ) ;
#7820 = DIRECTION ( 'NONE',  ( 0.5000000000000001110, 0.000000000000000000, 0.8660254037844387076 ) ) ;
#7821 = ORIENTED_EDGE ( 'NONE', *, *, #7485, .F. ) ;
#7822 = CARTESIAN_POINT ( 'NONE',  ( -50.00000000000000000, 6.000000000000005329, -4.647459621556983222 ) ) ;
#7823 = AXIS2_PLACEMENT_3D ( 'NONE', #5543, #8491, #1127 ) ;
#7824 = VECTOR ( 'NONE', #6840, 1000.000000000000114 ) ;
#7825 = FACE_OUTER_BOUND ( 'NONE', #2523, .T. ) ;
#7826 = EDGE_CURVE ( 'NONE', #8352, #7521, #7288, .T. ) ;
#7827 = CARTESIAN_POINT ( 'NONE',  ( 41.13620667976131529, 147.4213562373095385, 28.74999999999999289 ) ) ;
#7828 = LINE ( 'NONE', #4089, #5801 ) ;
#7829 = VECTOR ( 'NONE', #4243, 1000.000000000000000 ) ;
#7830 = LINE ( 'NONE', #1105, #2016 ) ;
#7831 = ORIENTED_EDGE ( 'NONE', *, *, #1345, .T. ) ;
#7832 = FACE_OUTER_BOUND ( 'NONE', #8514, .T. ) ;
#7833 = EDGE_LOOP ( 'NONE', ( #3629, #5775, #9261, #7685 ) ) ;
#7834 = ADVANCED_FACE ( 'NONE', ( #6555 ), #2084, .T. ) ;
#7835 = LINE ( 'NONE', #2719, #1879 ) ;
#7836 = CARTESIAN_POINT ( 'NONE',  ( 10.17883965411065006, 6.000000000000005329, -31.11973255698393359 ) ) ;
#7837 = CIRCLE ( 'NONE', #4393, 3.999999999999993783 ) ;
#7838 = VERTEX_POINT ( 'NONE', #4332 ) ;
#7839 = AXIS2_PLACEMENT_3D ( 'NONE', #34, #7726, #5376 ) ;
#7840 = EDGE_LOOP ( 'NONE', ( #8620, #3095, #7429 ) ) ;
#7841 = ADVANCED_FACE ( 'NONE', ( #9601 ), #2859, .T. ) ;
#7842 = EDGE_CURVE ( 'NONE', #1019, #5963, #3103, .T. ) ;
#7843 = LINE ( 'NONE', #9471, #9351 ) ;
#7844 = DIRECTION ( 'NONE',  ( -0.000000000000000000, -1.000000000000000000, -0.000000000000000000 ) ) ;
#7845 = AXIS2_PLACEMENT_3D ( 'NONE', #9368, #2525, #5580 ) ;
#7846 = LINE ( 'NONE', #8527, #9055 ) ;
#7847 = VERTEX_POINT ( 'NONE', #1687 ) ;
#7848 = CARTESIAN_POINT ( 'NONE',  ( 49.99999999999998579, 147.4213562373095385, 47.14745962155775061 ) ) ;
#7849 = FACE_OUTER_BOUND ( 'NONE', #8805, .T. ) ;
#7850 = VECTOR ( 'NONE', #7983, 1000.000000000000000 ) ;
#7851 = VERTEX_POINT ( 'NONE', #703 ) ;
#7852 = LINE ( 'NONE', #6960, #3352 ) ;
#7853 = DIRECTION ( 'NONE',  ( 0.5000000000000016653, 0.000000000000000000, 0.8660254037844377084 ) ) ;
#7854 = EDGE_CURVE ( 'NONE', #341, #9495, #4479, .T. ) ;
#7855 = EDGE_LOOP ( 'NONE', ( #4608, #7273, #3093, #2570 ) ) ;
#7856 = EDGE_CURVE ( 'NONE', #481, #994, #3887, .T. ) ;
#7857 = ORIENTED_EDGE ( 'NONE', *, *, #408, .F. ) ;
#7858 = ORIENTED_EDGE ( 'NONE', *, *, #3127, .F. ) ;
#7859 = CARTESIAN_POINT ( 'NONE',  ( 87.93827836687674449, -6.148618450963316384, 71.63791974095211401 ) ) ;
#7860 = DIRECTION ( 'NONE',  ( -0.000000000000000000, -1.000000000000000000, -0.000000000000000000 ) ) ;
#7861 = CARTESIAN_POINT ( 'NONE',  ( 32.47595264191693332, 6.000000000000005329, -28.74999999999999289 ) ) ;
#7862 = CARTESIAN_POINT ( 'NONE',  ( -32.47595264191694042, 0.000000000000000000, -50.00000000000000000 ) ) ;
#7863 = VERTEX_POINT ( 'NONE', #1539 ) ;
#7864 = DIRECTION ( 'NONE',  ( -0.000000000000000000, -1.000000000000000000, -0.000000000000000000 ) ) ;
#7865 = LINE ( 'NONE', #6197, #8790 ) ;
#7866 = ORIENTED_EDGE ( 'NONE', *, *, #2637, .F. ) ;
#7867 = EDGE_CURVE ( 'NONE', #8435, #1225, #7624, .T. ) ;
#7868 = DIRECTION ( 'NONE',  ( 0.5000000000000000000, 0.000000000000000000, -0.8660254037844385966 ) ) ;
#7869 = ORIENTED_EDGE ( 'NONE', *, *, #7867, .T. ) ;
#7870 = EDGE_CURVE ( 'NONE', #9209, #2753, #7365, .T. ) ;
#7871 = ORIENTED_EDGE ( 'NONE', *, *, #2459, .T. ) ;
#7872 = DIRECTION ( 'NONE',  ( 0.4999999999999997224, 0.000000000000000000, -0.8660254037844388186 ) ) ;
#7873 = EDGE_CURVE ( 'NONE', #6865, #2119, #5367, .T. ) ;
#7874 = VECTOR ( 'NONE', #7755, 1000.000000000000114 ) ;
#7875 = AXIS2_PLACEMENT_3D ( 'NONE', #7770, #6298, #4027 ) ;
#7876 = EDGE_CURVE ( 'NONE', #2244, #2802, #5222, .T. ) ;
#7877 = PLANE ( 'NONE',  #1145 ) ;
#7878 = FACE_BOUND ( 'NONE', #9263, .T. ) ;
#7879 = EDGE_CURVE ( 'NONE', #1702, #3205, #8365, .T. ) ;
#7880 = VERTEX_POINT ( 'NONE', #110 ) ;
#7881 = DIRECTION ( 'NONE',  ( -1.000000000000000000, 0.000000000000000000, -6.938893903907227145E-17 ) ) ;
#7882 = EDGE_CURVE ( 'NONE', #2054, #1276, #9101, .T. ) ;
#7883 = DIRECTION ( 'NONE',  ( 0.6875305731827953126, 0.000000000000000000, -0.7261554316666211095 ) ) ;
#7884 = DIRECTION ( 'NONE',  ( 0.000000000000000000, 0.000000000000000000, -1.000000000000000000 ) ) ;
#7885 = DIRECTION ( 'NONE',  ( -0.4999999999999990563, 0.000000000000000000, 0.8660254037844391517 ) ) ;
#7886 = VECTOR ( 'NONE', #5187, 1000.000000000000000 ) ;
#7887 = DIRECTION ( 'NONE',  ( -0.5000000000000000000, 0.000000000000000000, -0.8660254037844385966 ) ) ;
#7888 = AXIS2_PLACEMENT_3D ( 'NONE', #5905, #3693, #6696 ) ;
#7889 = EDGE_LOOP ( 'NONE', ( #7232, #5205, #1927, #3274, #4457, #1074, #520, #8996, #2098, #3689 ) ) ;
#7890 = FACE_BOUND ( 'NONE', #5786, .T. ) ;
#7891 = CARTESIAN_POINT ( 'NONE',  ( 22.73316684934176379, 147.4213562373095385, -39.37499999999995737 ) ) ;
#7892 = DIRECTION ( 'NONE',  ( 0.000000000000000000, 0.000000000000000000, 1.000000000000000000 ) ) ;
#7893 = ORIENTED_EDGE ( 'NONE', *, *, #3328, .T. ) ;
#7894 = VECTOR ( 'NONE', #253, 1000.000000000000227 ) ;
#7895 = ORIENTED_EDGE ( 'NONE', *, *, #4916, .T. ) ;
#7896 = PLANE ( 'NONE',  #9043 ) ;
#7897 = EDGE_CURVE ( 'NONE', #7473, #1764, #7482, .T. ) ;
#7898 = CARTESIAN_POINT ( 'NONE',  ( 49.99999999999997868, 147.4213562373095385, -4.647459621557000098 ) ) ;
#7899 = DIRECTION ( 'NONE',  ( 0.000000000000000000, 0.000000000000000000, -1.000000000000000000 ) ) ;
#7900 = ORIENTED_EDGE ( 'NONE', *, *, #2483, .F. ) ;
#7901 = CARTESIAN_POINT ( 'NONE',  ( 14.07291281149758966, 0.000000000000000000, -45.62499999999995737 ) ) ;
#7902 = ORIENTED_EDGE ( 'NONE', *, *, #4942, .F. ) ;
#7903 = DIRECTION ( 'NONE',  ( 0.000000000000000000, 0.000000000000000000, 1.000000000000000000 ) ) ;
#7904 = DIRECTION ( 'NONE',  ( 0.000000000000000000, 0.000000000000000000, 1.000000000000000000 ) ) ;
#7905 = VERTEX_POINT ( 'NONE', #2409 ) ;
#7906 = VERTEX_POINT ( 'NONE', #8314 ) ;
#7907 = CIRCLE ( 'NONE', #5541, 6.999999999999941380 ) ;
#7908 = VERTEX_POINT ( 'NONE', #8961 ) ;
#7909 = DIRECTION ( 'NONE',  ( -0.000000000000000000, -1.000000000000000000, -0.000000000000000000 ) ) ;
#7910 = CARTESIAN_POINT ( 'NONE',  ( 45.46633369868351338, 6.000000000000005329, 42.49999999999998579 ) ) ;
#7911 = ADVANCED_FACE ( 'NONE', ( #156 ), #9149, .T. ) ;
#7912 = LINE ( 'NONE', #5647, #1691 ) ;
#7913 = CARTESIAN_POINT ( 'NONE',  ( 82.83999675952468067, 17.25855025242420737, 48.97164729660255489 ) ) ;
#7914 = VERTEX_POINT ( 'NONE', #4618 ) ;
#7916 = CARTESIAN_POINT ( 'NONE',  ( -41.13620667976131529, 0.000000000000000000, -7.500000000000000000 ) ) ;
#7915 = AXIS2_PLACEMENT_3D ( 'NONE', #378, #3272, #2576 ) ;
#7917 = ADVANCED_FACE ( 'NONE', ( #5416 ), #66, .T. ) ;
#7918 = DIRECTION ( 'NONE',  ( 0.8137976813493691397, 0.4999999999999978906, -0.2961981327260401753 ) ) ;
#7919 = DIRECTION ( 'NONE',  ( -1.000000000000000000, -0.000000000000000000, -0.000000000000000000 ) ) ;
#7920 = LINE ( 'NONE', #4074, #4775 ) ;
#7921 = VECTOR ( 'NONE', #1818, 1000.000000000000114 ) ;
#7922 = ORIENTED_EDGE ( 'NONE', *, *, #769, .T. ) ;
#7923 = VERTEX_POINT ( 'NONE', #7578 ) ;
#7924 = DIRECTION ( 'NONE',  ( -0.3420201433256623291, 0.000000000000000000, 0.9396926207859106484 ) ) ;
#7925 = AXIS2_PLACEMENT_3D ( 'NONE', #2835, #3577, #5837 ) ;
#7926 = ADVANCED_FACE ( 'NONE', ( #1494 ), #8409, .F. ) ;
#7927 = LINE ( 'NONE', #601, #5445 ) ;
#7928 = CARTESIAN_POINT ( 'NONE',  ( -5.898950814473804094, 147.4213562373095385, 26.03271747798169855 ) ) ;
#7929 = DIRECTION ( 'NONE',  ( -0.000000000000000000, -1.000000000000000000, -0.000000000000000000 ) ) ;
#7930 = FACE_BOUND ( 'NONE', #5989, .T. ) ;
#7931 = ORIENTED_EDGE ( 'NONE', *, *, #6311, .T. ) ;
#7932 = PLANE ( 'NONE',  #8016 ) ;
#7933 = PLANE ( 'NONE',  #1408 ) ;
#7934 = EDGE_CURVE ( 'NONE', #1158, #1052, #6006, .T. ) ;
#7935 = DIRECTION ( 'NONE',  ( -0.8660254037844385966, 0.000000000000000000, -0.5000000000000003331 ) ) ;
#7936 = LINE ( 'NONE', #4188, #938 ) ;
#7937 = ADVANCED_FACE ( 'NONE', ( #2262 ), #5268, .T. ) ;
#7938 = LINE ( 'NONE', #317, #8139 ) ;
#7939 = VERTEX_POINT ( 'NONE', #1587 ) ;
#7940 = LINE ( 'NONE', #5522, #4932 ) ;
#7941 = AXIS2_PLACEMENT_3D ( 'NONE', #4960, #1975, #9539 ) ;
#7942 = CARTESIAN_POINT ( 'NONE',  ( 48.18039637606665337, 6.000000000000000000, 87.18281677883985026 ) ) ;
#7943 = DIRECTION ( 'NONE',  ( -0.000000000000000000, -1.000000000000000000, -0.000000000000000000 ) ) ;
#7944 = VERTEX_POINT ( 'NONE', #3839 ) ;
#7945 = ORIENTED_EDGE ( 'NONE', *, *, #1206, .T. ) ;
#7946 = AXIS2_PLACEMENT_3D ( 'NONE', #3041, #6140, #7518 ) ;
#7947 = LINE ( 'NONE', #1854, #4784 ) ;
#7948 = AXIS2_PLACEMENT_3D ( 'NONE', #4542, #7548, #811 ) ;
#7949 = DIRECTION ( 'NONE',  ( 0.5000000000000003331, 0.000000000000000000, 0.8660254037844383745 ) ) ;
#7950 = CARTESIAN_POINT ( 'NONE',  ( -87.70925405845105161, -9.486715189943401683, 55.36244354894026998 ) ) ;
#7951 = ORIENTED_EDGE ( 'NONE', *, *, #869, .T. ) ;
#7952 = DIRECTION ( 'NONE',  ( -0.000000000000000000, -1.000000000000000000, -0.000000000000000000 ) ) ;
#7953 = ORIENTED_EDGE ( 'NONE', *, *, #2728, .F. ) ;
#7954 = DIRECTION ( 'NONE',  ( -0.6427876096865472455, -8.409933708675992019E-17, 0.7660444431189713521 ) ) ;
#7955 = VERTEX_POINT ( 'NONE', #3290 ) ;
#7956 = ORIENTED_EDGE ( 'NONE', *, *, #6394, .T. ) ;
#7957 = EDGE_LOOP ( 'NONE', ( #8756, #3197, #4551, #2159 ) ) ;
#7958 = LINE ( 'NONE', #5693, #9085 ) ;
#7959 = VECTOR ( 'NONE', #7054, 1000.000000000000114 ) ;
#7960 = CYLINDRICAL_SURFACE ( 'NONE', #1797, 51.96152422706619944 ) ;
#7961 = VECTOR ( 'NONE', #390, 1000.000000000000000 ) ;
#7962 = VECTOR ( 'NONE', #2705, 1000.000000000000000 ) ;
#7963 = LINE ( 'NONE', #1177, #2778 ) ;
#7964 = CARTESIAN_POINT ( 'NONE',  ( -25.98076211353308906, 147.4213562373095385, -15.00000000000011546 ) ) ;
#7965 = ORIENTED_EDGE ( 'NONE', *, *, #6128, .T. ) ;
#7966 = LINE ( 'NONE', #5795, #8375 ) ;
#7967 = CARTESIAN_POINT ( 'NONE',  ( 84.48338804127510571, 20.99999999999955591, -63.40383350717172561 ) ) ;
#7968 = DIRECTION ( 'NONE',  ( 0.000000000000000000, 0.000000000000000000, -1.000000000000000000 ) ) ;
#7969 = LINE ( 'NONE', #2074, #234 ) ;
#7970 = EDGE_CURVE ( 'NONE', #6469, #4878, #4808, .T. ) ;
#7971 = AXIS2_PLACEMENT_3D ( 'NONE', #4673, #3704, #3894 ) ;
#7972 = EDGE_LOOP ( 'NONE', ( #4217, #3281, #4021, #4798 ) ) ;
#7973 = VERTEX_POINT ( 'NONE', #4123 ) ;
#7974 = ORIENTED_EDGE ( 'NONE', *, *, #8778, .F. ) ;
#7975 = VERTEX_POINT ( 'NONE', #344 ) ;
#7976 = CARTESIAN_POINT ( 'NONE',  ( 75.23823037617501086, 13.49999999999969624, 50.82336213776299871 ) ) ;
#7977 = EDGE_CURVE ( 'NONE', #1849, #5600, #6241, .T. ) ;
#7978 = CARTESIAN_POINT ( 'NONE',  ( -63.16162830294773300, 10.16190326101922636, 67.09883832977483564 ) ) ;
#7979 = CARTESIAN_POINT ( 'NONE',  ( 41.13620667976131529, 6.000000000000005329, -7.500000000000000000 ) ) ;
#7980 = CARTESIAN_POINT ( 'NONE',  ( 8.660254037844241637, 147.4213562373095385, -42.49999999999999289 ) ) ;
#7981 = CARTESIAN_POINT ( 'NONE',  ( -62.86331081135421073, 8.999999999999966249, 92.41944086838630312 ) ) ;
#7982 = ORIENTED_EDGE ( 'NONE', *, *, #3257, .F. ) ;
#7983 = DIRECTION ( 'NONE',  ( 1.000000000000000000, 0.000000000000000000, 0.000000000000000000 ) ) ;
#7984 = VECTOR ( 'NONE', #1203, 1000.000000000000000 ) ;
#7985 = EDGE_CURVE ( 'NONE', #3367, #3479, #7124, .T. ) ;
#7986 = DIRECTION ( 'NONE',  ( 1.000000000000000000, 0.000000000000000000, 0.000000000000000000 ) ) ;
#7987 = ORIENTED_EDGE ( 'NONE', *, *, #8069, .T. ) ;
#7988 = LINE ( 'NONE', #2559, #4245 ) ;
#7989 = CARTESIAN_POINT ( 'NONE',  ( 68.98035169643877396, 12.75833024919765357, 94.64586167234661218 ) ) ;
#7990 = CARTESIAN_POINT ( 'NONE',  ( 9.742785792575173076, 6.000000000000005329, -31.87499999999996447 ) ) ;
#7991 = ORIENTED_EDGE ( 'NONE', *, *, #1914, .T. ) ;
#7992 = CARTESIAN_POINT ( 'NONE',  ( -23.87132298306550382, 147.4213562373095385, -16.15365574944390303 ) ) ;
#7993 = DIRECTION ( 'NONE',  ( -0.000000000000000000, -1.000000000000000000, -0.000000000000000000 ) ) ;
#7994 = LINE ( 'NONE', #1260, #747 ) ;
#7995 = ADVANCED_FACE ( 'NONE', ( #9393 ), #1826, .F. ) ;
#7996 = ORIENTED_EDGE ( 'NONE', *, *, #6415, .T. ) ;
#7997 = ORIENTED_EDGE ( 'NONE', *, *, #6553, .T. ) ;
#7998 = CARTESIAN_POINT ( 'NONE',  ( 25.25907427704662567, 147.4213562373095385, 50.00000000000000000 ) ) ;
#7999 = VECTOR ( 'NONE', #6098, 1000.000000000000000 ) ;
#8000 = EDGE_CURVE ( 'NONE', #8647, #1959, #4752, .T. ) ;
#8001 = CARTESIAN_POINT ( 'NONE',  ( 46.54886545341427961, 6.000000000000005329, -31.87499999999998579 ) ) ;
#8002 = EDGE_CURVE ( 'NONE', #7428, #9124, #5550, .T. ) ;
#8003 = CARTESIAN_POINT ( 'NONE',  ( 9.742785792574935044, 147.4213562373095385, 10.62499999999999822 ) ) ;
#8004 = AXIS2_PLACEMENT_3D ( 'NONE', #7534, #8320, #4577 ) ;
#8005 = ORIENTED_EDGE ( 'NONE', *, *, #1683, .T. ) ;
#8006 = DIRECTION ( 'NONE',  ( -0.8660254037844387076, 0.000000000000000000, -0.4999999999999998335 ) ) ;
#8007 = CIRCLE ( 'NONE', #8170, 51.96152422706639129 ) ;
#8008 = ORIENTED_EDGE ( 'NONE', *, *, #8358, .F. ) ;
#8009 = FACE_OUTER_BOUND ( 'NONE', #6171, .T. ) ;
#8010 = VECTOR ( 'NONE', #6689, 1000.000000000000000 ) ;
#8011 = ORIENTED_EDGE ( 'NONE', *, *, #9378, .F. ) ;
#8012 = EDGE_LOOP ( 'NONE', ( #501, #4354, #189, #5316 ) ) ;
#8013 = EDGE_CURVE ( 'NONE', #4446, #8192, #7715, .T. ) ;
#8014 = EDGE_LOOP ( 'NONE', ( #2383, #6820, #8772, #9464 ) ) ;
#8015 = DIRECTION ( 'NONE',  ( -0.000000000000000000, -1.000000000000000000, -0.000000000000000000 ) ) ;
#8016 = AXIS2_PLACEMENT_3D ( 'NONE', #4183, #1042, #8610 ) ;
#8017 = CYLINDRICAL_SURFACE ( 'NONE', #4020, 61.96152422706627760 ) ;
#8018 = DIRECTION ( 'NONE',  ( 0.6875305731827953126, 0.000000000000000000, 0.7261554316666211095 ) ) ;
#8019 = VERTEX_POINT ( 'NONE', #9338 ) ;
#8020 = CARTESIAN_POINT ( 'NONE',  ( -50.00000000000000000, 6.000000000000005329, -25.89745962155733139 ) ) ;
#8021 = DIRECTION ( 'NONE',  ( -0.000000000000000000, -1.000000000000000000, -0.000000000000000000 ) ) ;
#8022 = CARTESIAN_POINT ( 'NONE',  ( -75.23823037617501086, 13.49999999999969624, 50.82336213776299871 ) ) ;
#8023 = DIRECTION ( 'NONE',  ( -1.000000000000000000, 0.000000000000000000, 0.000000000000000000 ) ) ;
#8024 = ORIENTED_EDGE ( 'NONE', *, *, #2649, .F. ) ;
#8025 = ORIENTED_EDGE ( 'NONE', *, *, #8362, .F. ) ;
#8026 = ORIENTED_EDGE ( 'NONE', *, *, #3067, .T. ) ;
#8027 = ORIENTED_EDGE ( 'NONE', *, *, #3905, .F. ) ;
#8028 = DIRECTION ( 'NONE',  ( 0.000000000000000000, -0.000000000000000000, 1.000000000000000000 ) ) ;
#8029 = PLANE ( 'NONE',  #9212 ) ;
#8030 = FACE_OUTER_BOUND ( 'NONE', #2851, .T. ) ;
#8031 = AXIS2_PLACEMENT_3D ( 'NONE', #9490, #4959, #5011 ) ;
#8032 = CARTESIAN_POINT ( 'NONE',  ( -50.00000000000000000, 0.000000000000000000, 50.00000000000000000 ) ) ;
#8033 = DIRECTION ( 'NONE',  ( 0.000000000000000000, -1.000000000000000000, 0.000000000000000000 ) ) ;
#8034 = ORIENTED_EDGE ( 'NONE', *, *, #5123, .T. ) ;
#8035 = DIRECTION ( 'NONE',  ( 1.000000000000000000, 0.000000000000000000, 0.000000000000000000 ) ) ;
#8036 = CARTESIAN_POINT ( 'NONE',  ( -50.00000000000000000, 6.000000000000000000, 50.00000000000000000 ) ) ;
#8037 = DIRECTION ( 'NONE',  ( -0.000000000000000000, -1.000000000000000000, -0.000000000000000000 ) ) ;
#8038 = LINE ( 'NONE', #8920, #7686 ) ;
#8039 = DIRECTION ( 'NONE',  ( 0.4999999999999993339, 0.000000000000000000, -0.8660254037844389297 ) ) ;
#8040 = CARTESIAN_POINT ( 'NONE',  ( 22.73316684934176379, 147.4213562373095385, 39.37499999999995737 ) ) ;
#8041 = ORIENTED_EDGE ( 'NONE', *, *, #1405, .T. ) ;
#8042 = DIRECTION ( 'NONE',  ( 0.4698463103929486073, 0.8660254037844399289, 0.1710100716628430439 ) ) ;
#8043 = ADVANCED_FACE ( 'NONE', ( #8544 ), #394, .T. ) ;
#8044 = CARTESIAN_POINT ( 'NONE',  ( -54.69999999999999574, 0.000000000000000000, -52.19999999999999574 ) ) ;
#8045 = CARTESIAN_POINT ( 'NONE',  ( 49.99999999999999289, 0.000000000000000000, 50.00000000000000000 ) ) ;
#8046 = EDGE_CURVE ( 'NONE', #5988, #2190, #3972, .T. ) ;
#8047 = ORIENTED_EDGE ( 'NONE', *, *, #2807, .F. ) ;
#8048 = ORIENTED_EDGE ( 'NONE', *, *, #5444, .T. ) ;
#8049 = PLANE ( 'NONE',  #1028 ) ;
#8050 = PLANE ( 'NONE',  #4859 ) ;
#8051 = ORIENTED_EDGE ( 'NONE', *, *, #5925, .F. ) ;
#8052 = CYLINDRICAL_SURFACE ( 'NONE', #2736, 61.96152422706639840 ) ;
#8053 = EDGE_LOOP ( 'NONE', ( #6924, #7866, #999, #1320 ) ) ;
#8054 = CARTESIAN_POINT ( 'NONE',  ( -72.62888298754661776, 20.99999999999993605, 95.97381846109878722 ) ) ;
#8055 = AXIS2_PLACEMENT_3D ( 'NONE', #9712, #5137, #9372 ) ;
#8056 = PERSON_AND_ORGANIZATION ( #9286, #9041 ) ;
#8057 = VERTEX_POINT ( 'NONE', #3194 ) ;
#8058 = ADVANCED_FACE ( 'NONE', ( #3392, #4857, #4069, #6932 ), #7762, .T. ) ;
#8059 = ORIENTED_EDGE ( 'NONE', *, *, #8449, .T. ) ;
#8060 = EDGE_LOOP ( 'NONE', ( #6957, #3808, #2924, #6120 ) ) ;
#8061 = CARTESIAN_POINT ( 'NONE',  ( -65.83204565542118303, 8.999999999999966249, 84.26290891996461596 ) ) ;
#8062 = ADVANCED_FACE ( 'NONE', ( #8498 ), #7071, .F. ) ;
#8063 = LINE ( 'NONE', #8796, #5761 ) ;
#8064 = DIRECTION ( 'NONE',  ( 0.4999999999999997780, 0.000000000000000000, -0.8660254037844387076 ) ) ;
#8065 = ORIENTED_EDGE ( 'NONE', *, *, #3344, .F. ) ;
#8066 = CARTESIAN_POINT ( 'NONE',  ( 22.73316684934176379, 0.000000000000000000, -39.37499999999995737 ) ) ;
#8067 = CARTESIAN_POINT ( 'NONE',  ( -32.47595264191693332, 147.4213562373095385, 7.500000000000000888 ) ) ;
#8068 = FACE_OUTER_BOUND ( 'NONE', #2647, .T. ) ;
#8069 = EDGE_CURVE ( 'NONE', #1372, #6234, #7865, .T. ) ;
#8070 = DIRECTION ( 'NONE',  ( 0.8137976813493688066, 0.4999999999999977796, 0.2961981327260409524 ) ) ;
#8071 = ORIENTED_EDGE ( 'NONE', *, *, #5826, .T. ) ;
#8072 = ORIENTED_EDGE ( 'NONE', *, *, #116, .T. ) ;
#8073 = ORIENTED_EDGE ( 'NONE', *, *, #4942, .T. ) ;
#8074 = LINE ( 'NONE', #8957, #4110 ) ;
#8075 = EDGE_CURVE ( 'NONE', #7863, #2288, #6337, .T. ) ;
#8076 = DIRECTION ( 'NONE',  ( -0.3420201433256876977, -0.000000000000000000, 0.9396926207859014335 ) ) ;
#8077 = VECTOR ( 'NONE', #7214, 1000.000000000000000 ) ;
#8078 = PLANE ( 'NONE',  #7181 ) ;
#8079 = CARTESIAN_POINT ( 'NONE',  ( 48.21495254706555045, 6.000000000000000000, 87.08787447931756276 ) ) ;
#8080 = CARTESIAN_POINT ( 'NONE',  ( -4.330127018922193649, 147.4213562373095385, -7.500000000000000000 ) ) ;
#8081 = VERTEX_POINT ( 'NONE', #246 ) ;
#8082 = CARTESIAN_POINT ( 'NONE',  ( -6.076226797624443066, 147.4213562373095385, 38.02433353179681319 ) ) ;
#8083 = VECTOR ( 'NONE', #3261, 1000.000000000000114 ) ;
#8084 = FACE_OUTER_BOUND ( 'NONE', #5119, .T. ) ;
#8085 = CARTESIAN_POINT ( 'NONE',  ( -32.47595264191693332, 0.000000000000000000, 34.99999999999999289 ) ) ;
#8086 = DIRECTION ( 'NONE',  ( -0.000000000000000000, -1.000000000000000000, -0.000000000000000000 ) ) ;
#8087 = FACE_OUTER_BOUND ( 'NONE', #3795, .T. ) ;
#8088 = VERTEX_POINT ( 'NONE', #3241 ) ;
#8089 = CARTESIAN_POINT ( 'NONE',  ( -83.46282394258763304, -5.728384940746060749, 86.06226691517680649 ) ) ;
#8090 = CARTESIAN_POINT ( 'NONE',  ( -14.07291281149715978, 147.4213562373095385, -18.12499999999996092 ) ) ;
#8091 = DIRECTION ( 'NONE',  ( -0.8789733129752216323, 0.4768709627114687821, 0.000000000000000000 ) ) ;
#8092 = VERTEX_POINT ( 'NONE', #1032 ) ;
#8093 = ORIENTED_EDGE ( 'NONE', *, *, #5590, .T. ) ;
#8094 = LINE ( 'NONE', #5238, #2589 ) ;
#8095 = EDGE_CURVE ( 'NONE', #9331, #7281, #7023, .T. ) ;
#8096 = VECTOR ( 'NONE', #2349, 1000.000000000000000 ) ;
#8097 = DIRECTION ( 'NONE',  ( -0.5000000000000001110, 0.000000000000000000, 0.8660254037844387076 ) ) ;
#8098 = EDGE_LOOP ( 'NONE', ( #8215, #8443, #782, #2520 ) ) ;
#8099 = CARTESIAN_POINT ( 'NONE',  ( -25.98076211353308906, 147.4213562373095385, -15.00000000000011546 ) ) ;
#8100 = VERTEX_POINT ( 'NONE', #6292 ) ;
#8101 = ORIENTED_EDGE ( 'NONE', *, *, #8002, .T. ) ;
#8102 = CARTESIAN_POINT ( 'NONE',  ( -28.14582562299473878, 147.4213562373095385, 21.24999999999999289 ) ) ;
#8103 = VECTOR ( 'NONE', #7487, 1000.000000000000000 ) ;
#8104 = AXIS2_PLACEMENT_3D ( 'NONE', #718, #3714, #2234 ) ;
#8105 = ORIENTED_EDGE ( 'NONE', *, *, #4140, .T. ) ;
#8106 = EDGE_CURVE ( 'NONE', #2441, #285, #9289, .T. ) ;
#8107 = ORIENTED_EDGE ( 'NONE', *, *, #4767, .F. ) ;
#8108 = LINE ( 'NONE', #8842, #3055 ) ;
#8109 = CYLINDRICAL_SURFACE ( 'NONE', #744, 51.96152422706639129 ) ;
#8110 = ORIENTED_EDGE ( 'NONE', *, *, #447, .T. ) ;
#8111 = CARTESIAN_POINT ( 'NONE',  ( -27.06329386826395123, 147.4213562373095385, -31.87499999999995737 ) ) ;
#8112 = LINE ( 'NONE', #5699, #2493 ) ;
#8113 = DIRECTION ( 'NONE',  ( 1.000000000000000000, 0.000000000000000000, 0.000000000000000000 ) ) ;
#8114 = DIRECTION ( 'NONE',  ( 0.8660254037844387076, -0.000000000000000000, 0.5000000000000001110 ) ) ;
#8115 = EDGE_CURVE ( 'NONE', #1171, #4314, #8112, .T. ) ;
#8116 = ORIENTED_EDGE ( 'NONE', *, *, #9619, .T. ) ;
#8117 = EDGE_LOOP ( 'NONE', ( #2157, #8651, #7453, #3393 ) ) ;
#8118 = EDGE_LOOP ( 'NONE', ( #8047, #4281, #3260, #1799 ) ) ;
#8119 = CIRCLE ( 'NONE', #2601, 51.96152422706639129 ) ;
#8120 = ORIENTED_EDGE ( 'NONE', *, *, #2989, .F. ) ;
#8121 = CARTESIAN_POINT ( 'NONE',  ( -45.46633369868351338, 6.000000000000005329, 42.49999999999998579 ) ) ;
#8122 = VECTOR ( 'NONE', #2128, 1000.000000000000227 ) ;
#8123 = LINE ( 'NONE', #8706, #2772 ) ;
#8124 = EDGE_CURVE ( 'NONE', #9528, #4323, #9588, .T. ) ;
#8125 = CARTESIAN_POINT ( 'NONE',  ( -79.87143568757763035, 17.25855025242403329, -57.12770181004839998 ) ) ;
#8126 = CARTESIAN_POINT ( 'NONE',  ( -32.47595264191693332, 0.000000000000000000, 7.500000000000000888 ) ) ;
#8127 = DIRECTION ( 'NONE',  ( 0.000000000000000000, 0.000000000000000000, 1.000000000000000000 ) ) ;
#8128 = ORIENTED_EDGE ( 'NONE', *, *, #5691, .F. ) ;
#8129 = VECTOR ( 'NONE', #9145, 1000.000000000000114 ) ;
#8130 = CARTESIAN_POINT ( 'NONE',  ( -14.07291281149736051, 6.000000000000005329, -39.37499999999995737 ) ) ;
#8131 = VECTOR ( 'NONE', #2285, 999.9999999999998863 ) ;
#8132 = DIRECTION ( 'NONE',  ( 0.000000000000000000, 0.000000000000000000, 1.000000000000000000 ) ) ;
#8133 = CARTESIAN_POINT ( 'NONE',  ( 41.13620667976131529, 0.000000000000000000, -28.74999999999999289 ) ) ;
#8134 = AXIS2_PLACEMENT_3D ( 'NONE', #6210, #904, #4631 ) ;
#8135 = CARTESIAN_POINT ( 'NONE',  ( 14.07291281149715090, 147.4213562373095385, 3.124999999999960920 ) ) ;
#8136 = CARTESIAN_POINT ( 'NONE',  ( -50.00000000000000000, 0.000000000000000000, 50.00000000000000000 ) ) ;
#8137 = ORIENTED_EDGE ( 'NONE', *, *, #8493, .F. ) ;
#8138 = DIRECTION ( 'NONE',  ( -0.000000000000000000, -1.000000000000000000, -0.000000000000000000 ) ) ;
#8139 = VECTOR ( 'NONE', #1791, 1000.000000000000000 ) ;
#8140 = CYLINDRICAL_SURFACE ( 'NONE', #1579, 3.999999999999988454 ) ;
#8141 = PLANE ( 'NONE',  #1692 ) ;
#8142 = EDGE_CURVE ( 'NONE', #126, #1380, #4539, .T. ) ;
#8143 = ORIENTED_EDGE ( 'NONE', *, *, #4070, .F. ) ;
#8144 = ORIENTED_EDGE ( 'NONE', *, *, #208, .T. ) ;
#8145 = CARTESIAN_POINT ( 'NONE',  ( -29.89192540169685586, 6.000000000000005329, -24.27433353179683095 ) ) ;
#8146 = CARTESIAN_POINT ( 'NONE',  ( 46.54886545341427961, 0.000000000000000000, 31.87499999999998579 ) ) ;
#8147 = PLANE ( 'NONE',  #2921 ) ;
#8148 = VERTEX_POINT ( 'NONE', #1233 ) ;
#8149 = CYLINDRICAL_SURFACE ( 'NONE', #1652, 61.96152422706627760 ) ;
#8150 = ORIENTED_EDGE ( 'NONE', *, *, #2097, .F. ) ;
#8151 = VERTEX_POINT ( 'NONE', #8898 ) ;
#8152 = DIRECTION ( 'NONE',  ( -0.4999999999999996114, 0.000000000000000000, 0.8660254037844389297 ) ) ;
#8153 = AXIS2_PLACEMENT_3D ( 'NONE', #3434, #9435, #2690 ) ;
#8154 = EDGE_CURVE ( 'NONE', #5628, #5017, #4958, .T. ) ;
#8155 = EDGE_CURVE ( 'NONE', #1372, #1598, #2696, .T. ) ;
#8156 = AXIS2_PLACEMENT_3D ( 'NONE', #9205, #1143, #1740 ) ;
#8157 = VERTEX_POINT ( 'NONE', #541 ) ;
#8158 = VERTEX_POINT ( 'NONE', #4216 ) ;
#8159 = ORIENTED_EDGE ( 'NONE', *, *, #3406, .T. ) ;
#8160 = FACE_OUTER_BOUND ( 'NONE', #7227, .T. ) ;
#8161 = VECTOR ( 'NONE', #4514, 1000.000000000000000 ) ;
#8162 = ORIENTED_EDGE ( 'NONE', *, *, #7195, .T. ) ;
#8163 = LINE ( 'NONE', #8845, #8686 ) ;
#8164 = CARTESIAN_POINT ( 'NONE',  ( 32.03989878038110817, 6.000000000000005329, 6.744732556983363381 ) ) ;
#8165 = CARTESIAN_POINT ( 'NONE',  ( 22.73316684934153287, 6.000000000000005329, -3.124999999999960920 ) ) ;
#8166 = EDGE_CURVE ( 'NONE', #5448, #2013, #8750, .T. ) ;
#8167 = ADVANCED_FACE ( 'NONE', ( #7375 ), #646, .F. ) ;
#8168 = DIRECTION ( 'NONE',  ( -0.000000000000000000, -1.000000000000000000, -0.000000000000000000 ) ) ;
#8169 = ORIENTED_EDGE ( 'NONE', *, *, #54, .T. ) ;
#8170 = AXIS2_PLACEMENT_3D ( 'NONE', #9610, #5136, #2715 ) ;
#8171 = ORIENTED_EDGE ( 'NONE', *, *, #8579, .T. ) ;
#8172 = ORIENTED_EDGE ( 'NONE', *, *, #5419, .F. ) ;
#8173 = VECTOR ( 'NONE', #6161, 1000.000000000000000 ) ;
#8174 = EDGE_LOOP ( 'NONE', ( #9092, #814, #8748 ) ) ;
#8175 = LINE ( 'NONE', #7235, #5377 ) ;
#8176 = CARTESIAN_POINT ( 'NONE',  ( 32.47595264191693332, 6.000000000000005329, -49.99999999999998579 ) ) ;
#8177 = LINE ( 'NONE', #7620, #5927 ) ;
#8178 = CARTESIAN_POINT ( 'NONE',  ( -50.00000000000000000, 0.000000000000000000, -50.00000000000000000 ) ) ;
#8179 = DIRECTION ( 'NONE',  ( -1.000000000000000000, 0.000000000000000000, -0.000000000000000000 ) ) ;
#8180 = ORIENTED_EDGE ( 'NONE', *, *, #1737, .T. ) ;
#8181 = CARTESIAN_POINT ( 'NONE',  ( -10.17883965411063585, 6.000000000000005329, -31.11973255698393359 ) ) ;
#8182 = DIRECTION ( 'NONE',  ( 0.000000000000000000, 0.000000000000000000, -1.000000000000000000 ) ) ;
#8183 = EDGE_CURVE ( 'NONE', #8943, #6232, #4907, .T. ) ;
#8184 = AXIS2_PLACEMENT_3D ( 'NONE', #7088, #7935, #1991 ) ;
#8185 = ADVANCED_FACE ( 'NONE', ( #3635 ), #2072, .T. ) ;
#8186 = FACE_OUTER_BOUND ( 'NONE', #272, .T. ) ;
#8187 = CARTESIAN_POINT ( 'NONE',  ( -11.26739772084300206, 6.000000000000005329, 34.51570532158540061 ) ) ;
#8188 = CARTESIAN_POINT ( 'NONE',  ( 8.652233963711417175, 6.000000000000005329, -21.23610882412135936 ) ) ;
#8189 = CARTESIAN_POINT ( 'NONE',  ( 48.18039637606665337, 4.500000000000014211, 87.18281677883985026 ) ) ;
#8190 = CARTESIAN_POINT ( 'NONE',  ( 94.78815159566664761, 22.87916512459876017, -74.99322121832196331 ) ) ;
#8191 = ORIENTED_EDGE ( 'NONE', *, *, #8142, .T. ) ;
#8192 = VERTEX_POINT ( 'NONE', #7967 ) ;
#8193 = LINE ( 'NONE', #9621, #6059 ) ;
#8194 = LINE ( 'NONE', #6628, #3616 ) ;
#8195 = DIRECTION ( 'NONE',  ( -0.8789733129752194118, -0.4768709627114730010, 0.000000000000000000 ) ) ;
#8196 = EDGE_LOOP ( 'NONE', ( #3262, #1059, #7368, #477, #7900, #5203, #3516, #8692 ) ) ;
#8197 = DIRECTION ( 'NONE',  ( -0.4999999999999998890, 0.000000000000000000, -0.8660254037844387076 ) ) ;
#8198 = ORIENTED_EDGE ( 'NONE', *, *, #302, .T. ) ;
#8199 = VERTEX_POINT ( 'NONE', #1334 ) ;
#8200 = CARTESIAN_POINT ( 'NONE',  ( 41.13620667976131529, 6.000000000000005329, -34.99999999999999289 ) ) ;
#8201 = EDGE_CURVE ( 'NONE', #5236, #5405, #8695, .T. ) ;
#8202 = ORIENTED_EDGE ( 'NONE', *, *, #1099, .F. ) ;
#8203 = EDGE_LOOP ( 'NONE', ( #7777, #3975, #5842 ) ) ;
#8204 = ORIENTED_EDGE ( 'NONE', *, *, #123, .T. ) ;
#8205 = CARTESIAN_POINT ( 'NONE',  ( -24.25777877760970824, 147.4213562373095385, -27.01570532158559601 ) ) ;
#8206 = ADVANCED_FACE ( 'NONE', ( #2898 ), #5060, .T. ) ;
#8207 = VECTOR ( 'NONE', #4106, 1000.000000000000000 ) ;
#8208 = DIRECTION ( 'NONE',  ( 1.000000000000000000, -0.000000000000000000, 0.000000000000000000 ) ) ;
#8209 = DIRECTION ( 'NONE',  ( -0.3420201433256876422, -0.000000000000000000, -0.9396926207859014335 ) ) ;
#8210 = FACE_OUTER_BOUND ( 'NONE', #6208, .T. ) ;
#8211 = CARTESIAN_POINT ( 'NONE',  ( -22.73316684934153287, 147.4213562373095385, -3.124999999999960920 ) ) ;
#8212 = VERTEX_POINT ( 'NONE', #1181 ) ;
#8213 = ORIENTED_EDGE ( 'NONE', *, *, #5765, .F. ) ;
#8214 = ORIENTED_EDGE ( 'NONE', *, *, #8627, .F. ) ;
#8215 = ORIENTED_EDGE ( 'NONE', *, *, #2676, .T. ) ;
#8216 = LINE ( 'NONE', #6602, #6643 ) ;
#8217 = EDGE_CURVE ( 'NONE', #7733, #9676, #593, .T. ) ;
#8218 = DIRECTION ( 'NONE',  ( -0.5000000000000007772, 0.000000000000000000, 0.8660254037844381525 ) ) ;
#8219 = LINE ( 'NONE', #466, #7029 ) ;
#8221 = DIRECTION ( 'NONE',  ( -0.4999999999999997224, 0.000000000000000000, 0.8660254037844388186 ) ) ;
#8220 = AXIS2_PLACEMENT_3D ( 'NONE', #6794, #24, #3150 ) ;
#8222 = DIRECTION ( 'NONE',  ( 0.4999999999999997224, 0.000000000000000000, -0.8660254037844388186 ) ) ;
#8223 = ORIENTED_EDGE ( 'NONE', *, *, #7612, .F. ) ;
#8224 = CARTESIAN_POINT ( 'NONE',  ( -22.73316684934198051, 147.4213562373095385, 45.62499999999995737 ) ) ;
#8225 = EDGE_CURVE ( 'NONE', #4050, #3209, #3489, .T. ) ;
#8226 = CARTESIAN_POINT ( 'NONE',  ( 27.06329386826395123, 147.4213562373095385, -31.87499999999995737 ) ) ;
#8227 = VECTOR ( 'NONE', #4856, 999.9999999999998863 ) ;
#8228 = CARTESIAN_POINT ( 'NONE',  ( 75.86167629364946663, -9.486715189943788928, 87.91339593296397936 ) ) ;
#8229 = LINE ( 'NONE', #6014, #349 ) ;
#8230 = DIRECTION ( 'NONE',  ( 1.000000000000000000, 0.000000000000000000, 0.000000000000000000 ) ) ;
#8231 = LINE ( 'NONE', #8090, #476 ) ;
#8232 = CARTESIAN_POINT ( 'NONE',  ( -8.660254037844387298, 0.000000000000000000, -8.590526202073901000E-16 ) ) ;
#8233 = VECTOR ( 'NONE', #4946, 1000.000000000000000 ) ;
#8234 = ORIENTED_EDGE ( 'NONE', *, *, #2976, .F. ) ;
#8235 = EDGE_CURVE ( 'NONE', #8259, #5448, #3587, .T. ) ;
#8236 = VECTOR ( 'NONE', #8794, 1000.000000000000114 ) ;
#8237 = ORIENTED_EDGE ( 'NONE', *, *, #604, .F. ) ;
#8238 = CARTESIAN_POINT ( 'NONE',  ( -73.43319330435937786, 12.75833024919764824, 82.41177990217745730 ) ) ;
#8239 = VECTOR ( 'NONE', #132, 1000.000000000000000 ) ;
#8240 = LINE ( 'NONE', #217, #5 ) ;
#8241 = PLANE ( 'NONE',  #7660 ) ;
#8242 = EDGE_CURVE ( 'NONE', #190, #7462, #9489, .T. ) ;
#8243 = ORIENTED_EDGE ( 'NONE', *, *, #3127, .T. ) ;
#8244 = PLANE ( 'NONE',  #8705 ) ;
#8245 = ORIENTED_EDGE ( 'NONE', *, *, #3297, .F. ) ;
#8246 = ORIENTED_EDGE ( 'NONE', *, *, #5730, .T. ) ;
#8247 = DIRECTION ( 'NONE',  ( -0.5000000000000000000, 0.000000000000000000, -0.8660254037844385966 ) ) ;
#8248 = ORIENTED_EDGE ( 'NONE', *, *, #6541, .T. ) ;
#8249 = ORIENTED_EDGE ( 'NONE', *, *, #7374, .T. ) ;
#8250 = VECTOR ( 'NONE', #873, 1000.000000000000227 ) ;
#8251 = ORIENTED_EDGE ( 'NONE', *, *, #842, .T. ) ;
#8252 = CARTESIAN_POINT ( 'NONE',  ( 75.86167629364946663, -9.486715189943788928, -87.91339593296397936 ) ) ;
#8253 = DIRECTION ( 'NONE',  ( 0.5000000000000000000, 0.000000000000000000, 0.8660254037844385966 ) ) ;
#8254 = CARTESIAN_POINT ( 'NONE',  ( -72.34578304174857522, -11.39419904078968493, 87.91339593296397936 ) ) ;
#8255 = CARTESIAN_POINT ( 'NONE',  ( 54.69999999999838280, 6.000000000000000000, 57.19999999999805596 ) ) ;
#8256 = CIRCLE ( 'NONE', #8888, 51.96152422706639129 ) ;
#8257 = CARTESIAN_POINT ( 'NONE',  ( 4.330127018922120818, 0.000000000000000000, 13.74999999999999822 ) ) ;
#8258 = ORIENTED_EDGE ( 'NONE', *, *, #3355, .F. ) ;
#8259 = VERTEX_POINT ( 'NONE', #7178 ) ;
#8260 = ORIENTED_EDGE ( 'NONE', *, *, #2823, .F. ) ;
#8261 = FACE_OUTER_BOUND ( 'NONE', #3619, .T. ) ;
#8262 = EDGE_CURVE ( 'NONE', #7138, #4271, #9443, .T. ) ;
#8263 = CARTESIAN_POINT ( 'NONE',  ( -22.73316684934176024, 0.000000000000000000, 24.37499999999996092 ) ) ;
#8264 = DIRECTION ( 'NONE',  ( 0.8789733129752216323, -0.4768709627114687821, 0.000000000000000000 ) ) ;
#8265 = EDGE_CURVE ( 'NONE', #7923, #5146, #6594, .T. ) ;
#8266 = DIRECTION ( 'NONE',  ( 0.000000000000000000, 0.000000000000000000, -1.000000000000000000 ) ) ;
#8267 = CARTESIAN_POINT ( 'NONE',  ( 27.06329386826395123, 147.4213562373095385, 31.87499999999995737 ) ) ;
#8268 = ORIENTED_EDGE ( 'NONE', *, *, #6311, .F. ) ;
#8269 = VECTOR ( 'NONE', #7226, 999.9999999999998863 ) ;
#8270 = LINE ( 'NONE', #3932, #7767 ) ;
#8271 = EDGE_CURVE ( 'NONE', #1422, #2563, #4603, .T. ) ;
#8272 = VECTOR ( 'NONE', #3596, 1000.000000000000000 ) ;
#8273 = CARTESIAN_POINT ( 'NONE',  ( 90.41393044048240313, 14.99999999999994316, -47.10980218023188115 ) ) ;
#8274 = DIRECTION ( 'NONE',  ( -0.5000000000000099920, 0.000000000000000000, -0.8660254037844328234 ) ) ;
#8275 = VECTOR ( 'NONE', #6971, 1000.000000000000000 ) ;
#8276 = DIRECTION ( 'NONE',  ( -0.8660254037844387076, 0.000000000000000000, -0.5000000000000001110 ) ) ;
#8277 = CIRCLE ( 'NONE', #4023, 2.500000000000002220 ) ;
#8278 = LINE ( 'NONE', #896, #3753 ) ;
#8279 = CARTESIAN_POINT ( 'NONE',  ( 41.13620667976131529, 147.4213562373095385, 34.99999999999999289 ) ) ;
#8280 = EDGE_CURVE ( 'NONE', #6308, #2352, #9692, .T. ) ;
#8281 = ORIENTED_EDGE ( 'NONE', *, *, #3353, .F. ) ;
#8282 = VECTOR ( 'NONE', #9345, 1000.000000000000000 ) ;
#8283 = EDGE_LOOP ( 'NONE', ( #8788, #623, #1654, #507 ) ) ;
#8284 = DIRECTION ( 'NONE',  ( 0.5234908573499358342, 0.8520312918379402412, 0.000000000000000000 ) ) ;
#8285 = CARTESIAN_POINT ( 'NONE',  ( -4.330127018922337534, 147.4213562373095385, -34.99999999999999289 ) ) ;
#8286 = DIRECTION ( 'NONE',  ( -0.000000000000000000, -1.000000000000000000, -0.000000000000000000 ) ) ;
#8287 = ORIENTED_EDGE ( 'NONE', *, *, #486, .F. ) ;
#8288 = VERTEX_POINT ( 'NONE', #2293 ) ;
#8289 = EDGE_CURVE ( 'NONE', #345, #9528, #8993, .T. ) ;
#8290 = CARTESIAN_POINT ( 'NONE',  ( 45.46633369868351338, 6.000000000000005329, 42.49999999999998579 ) ) ;
#8291 = ORIENTED_EDGE ( 'NONE', *, *, #1031, .F. ) ;
#8292 = AXIS2_PLACEMENT_3D ( 'NONE', #3461, #9463, #5819 ) ;
#8293 = EDGE_CURVE ( 'NONE', #3546, #2171, #5945, .T. ) ;
#8294 = VERTEX_POINT ( 'NONE', #7561 ) ;
#8295 = EDGE_CURVE ( 'NONE', #3494, #4240, #2207, .T. ) ;
#8296 = EDGE_LOOP ( 'NONE', ( #5345, #1900, #7252, #874 ) ) ;
#8297 = DIRECTION ( 'NONE',  ( 0.9396926207859015445, -0.000000000000000000, 0.3420201433256876977 ) ) ;
#8298 = ORIENTED_EDGE ( 'NONE', *, *, #3200, .F. ) ;
#8299 = DIRECTION ( 'NONE',  ( 0.000000000000000000, 0.000000000000000000, -1.000000000000000000 ) ) ;
#8300 = DIRECTION ( 'NONE',  ( -0.1107007079486528323, 0.2499999999999904243, 0.9618967477123893106 ) ) ;
#8301 = CARTESIAN_POINT ( 'NONE',  ( -46.54886545341427961, 6.000000000000005329, -31.87499999999998579 ) ) ;
#8302 = CARTESIAN_POINT ( 'NONE',  ( 11.26739772084300562, 6.000000000000005329, 34.51570532158541482 ) ) ;
#8303 = EDGE_CURVE ( 'NONE', #9527, #6918, #2994, .T. ) ;
#8304 = ORIENTED_EDGE ( 'NONE', *, *, #3222, .F. ) ;
#8305 = ORIENTED_EDGE ( 'NONE', *, *, #2336, .F. ) ;
#8306 = ORIENTED_EDGE ( 'NONE', *, *, #903, .F. ) ;
#8307 = DIRECTION ( 'NONE',  ( -0.8757795372522685362, -0.4330127018922241278, 0.2133312028986814046 ) ) ;
#8308 = LINE ( 'NONE', #8133, #3467 ) ;
#8309 = VECTOR ( 'NONE', #689, 999.9999999999998863 ) ;
#8310 = CARTESIAN_POINT ( 'NONE',  ( -24.25777877760970824, 0.000000000000000000, -27.01570532158559601 ) ) ;
#8311 = LINE ( 'NONE', #3562, #1230 ) ;
#8312 = ORIENTED_EDGE ( 'NONE', *, *, #3554, .T. ) ;
#8313 = CARTESIAN_POINT ( 'NONE',  ( -30.40590262964586188, 6.000000000000000000, 66.00000000000000000 ) ) ;
#8314 = CARTESIAN_POINT ( 'NONE',  ( -73.43319330435937786, 12.75833024919764647, -82.41177990217745730 ) ) ;
#8315 = ORIENTED_EDGE ( 'NONE', *, *, #4380, .T. ) ;
#8316 = VECTOR ( 'NONE', #5034, 1000.000000000000000 ) ;
#8317 = DIRECTION ( 'NONE',  ( 0.5000000000000000000, 0.000000000000000000, 0.8660254037844385966 ) ) ;
#8318 = VECTOR ( 'NONE', #1480, 1000.000000000000000 ) ;
#8319 = EDGE_CURVE ( 'NONE', #5536, #4769, #269, .T. ) ;
#8320 = DIRECTION ( 'NONE',  ( -0.8660254037844361541, 0.000000000000000000, -0.5000000000000045519 ) ) ;
#8321 = CIRCLE ( 'NONE', #313, 51.96152422706630603 ) ;
#8322 = CYLINDRICAL_SURFACE ( 'NONE', #9540, 6.999999999999941380 ) ;
#8323 = VECTOR ( 'NONE', #1651, 1000.000000000000000 ) ;
#8324 = DIRECTION ( 'NONE',  ( 0.000000000000000000, -1.000000000000000000, 0.000000000000000000 ) ) ;
#8325 = LINE ( 'NONE', #121, #4533 ) ;
#8326 = DIRECTION ( 'NONE',  ( 6.938893903907228378E-17, 0.000000000000000000, -1.000000000000000000 ) ) ;
#8327 = ORIENTED_EDGE ( 'NONE', *, *, #162, .T. ) ;
#8328 = EDGE_LOOP ( 'NONE', ( #8251, #876, #4565, #6153 ) ) ;
#8329 = DIRECTION ( 'NONE',  ( 0.5000000000000012212, 0.000000000000000000, -0.8660254037844379305 ) ) ;
#8330 = FACE_BOUND ( 'NONE', #2217, .T. ) ;
#8331 = EDGE_CURVE ( 'NONE', #7413, #6641, #3993, .T. ) ;
#8332 = CARTESIAN_POINT ( 'NONE',  ( 46.40590262964586543, 0.000000000000000000, 92.41944086838630312 ) ) ;
#8333 = EDGE_CURVE ( 'NONE', #3377, #2288, #5994, .T. ) ;
#8334 = EDGE_LOOP ( 'NONE', ( #5074, #5261, #3944, #3787 ) ) ;
#8335 = CARTESIAN_POINT ( 'NONE',  ( 22.73316684934176379, 6.000000000000005329, -39.37499999999995737 ) ) ;
#8336 = ORIENTED_EDGE ( 'NONE', *, *, #903, .T. ) ;
#8337 = CARTESIAN_POINT ( 'NONE',  ( 27.06329386826395123, 0.000000000000000000, 31.87499999999995737 ) ) ;
#8338 = ORIENTED_EDGE ( 'NONE', *, *, #4447, .F. ) ;
#8339 = VERTEX_POINT ( 'NONE', #824 ) ;
#8340 = AXIS2_PLACEMENT_3D ( 'NONE', #6790, #60, #6046 ) ;
#8341 = AXIS2_PLACEMENT_3D ( 'NONE', #9654, #9549, #6501 ) ;
#8342 = EDGE_LOOP ( 'NONE', ( #8827, #1470, #6731, #7233, #6831, #8306 ) ) ;
#8343 = DIRECTION ( 'NONE',  ( -0.8660254037844387076, 0.000000000000000000, 0.5000000000000001110 ) ) ;
#8344 = EDGE_LOOP ( 'NONE', ( #3001, #7688, #2788, #9280 ) ) ;
#8345 = CARTESIAN_POINT ( 'NONE',  ( -62.31615240352028451, 7.092516149154088900, -84.26290891996461596 ) ) ;
#8346 = ORIENTED_EDGE ( 'NONE', *, *, #8000, .T. ) ;
#8347 = CARTESIAN_POINT ( 'NONE',  ( 22.73316684934176024, 0.000000000000000000, 24.37499999999996092 ) ) ;
#8348 = DIRECTION ( 'NONE',  ( 6.938893903907228378E-17, 0.000000000000000000, -1.000000000000000000 ) ) ;
#8349 = CARTESIAN_POINT ( 'NONE',  ( -9.742785792574935044, 6.000000000000005329, 10.62499999999999822 ) ) ;
#8350 = PLANE ( 'NONE',  #9505 ) ;
#8351 = ORIENTED_EDGE ( 'NONE', *, *, #7274, .T. ) ;
#8352 = VERTEX_POINT ( 'NONE', #7423 ) ;
#8353 = EDGE_CURVE ( 'NONE', #2334, #5150, #9087, .T. ) ;
#8354 = VERTEX_POINT ( 'NONE', #6085 ) ;
#8355 = LINE ( 'NONE', #5451, #1911 ) ;
#8356 = FACE_OUTER_BOUND ( 'NONE', #642, .T. ) ;
#8357 = CIRCLE ( 'NONE', #7265, 2.499999999999273470 ) ;
#8358 = EDGE_CURVE ( 'NONE', #6051, #3468, #3263, .T. ) ;
#8359 = VECTOR ( 'NONE', #8396, 1000.000000000000000 ) ;
#8360 = DIRECTION ( 'NONE',  ( 0.000000000000000000, 0.9678453296402134143, 0.2515460552138050754 ) ) ;
#8361 = DIRECTION ( 'NONE',  ( -0.000000000000000000, -1.000000000000000000, -0.000000000000000000 ) ) ;
#8362 = EDGE_CURVE ( 'NONE', #7975, #9370, #1621, .T. ) ;
#8363 = ORIENTED_EDGE ( 'NONE', *, *, #1746, .T. ) ;
#8364 = DIRECTION ( 'NONE',  ( -0.8660254037844387076, 0.000000000000000000, 0.5000000000000001110 ) ) ;
#8365 = LINE ( 'NONE', #9706, #6422 ) ;
#8366 = EDGE_LOOP ( 'NONE', ( #2191, #9185, #5655, #3692, #3009, #2638, #1519, #2536, #8407, #8548 ) ) ;
#8367 = DIRECTION ( 'NONE',  ( -0.4698463103929487183, 0.8660254037844400399, 0.1710100716628430717 ) ) ;
#8368 = VECTOR ( 'NONE', #4383, 1000.000000000000000 ) ;
#8369 = EDGE_CURVE ( 'NONE', #5937, #9161, #6996, .T. ) ;
#8370 = DIRECTION ( 'NONE',  ( 0.000000000000000000, 0.000000000000000000, -1.000000000000000000 ) ) ;
#8371 = LINE ( 'NONE', #6013, #7804 ) ;
#8372 = LINE ( 'NONE', #6203, #9462 ) ;
#8373 = LINE ( 'NONE', #1546, #1554 ) ;
#8374 = DIRECTION ( 'NONE',  ( -0.6875305731827834332, 0.000000000000000000, -0.7261554316666323228 ) ) ;
#8375 = VECTOR ( 'NONE', #8694, 1000.000000000000000 ) ;
#8376 = VERTEX_POINT ( 'NONE', #5164 ) ;
#8377 = ORIENTED_EDGE ( 'NONE', *, *, #740, .T. ) ;
#8378 = FACE_BOUND ( 'NONE', #990, .T. ) ;
#8379 = DIRECTION ( 'NONE',  ( 0.000000000000000000, 0.000000000000000000, -1.000000000000000000 ) ) ;
#8380 = VECTOR ( 'NONE', #7010, 1000.000000000000227 ) ;
#8381 = VERTEX_POINT ( 'NONE', #10 ) ;
#8382 = DIRECTION ( 'NONE',  ( -0.4698463103929295670, 0.8660254037844516972, 0.1710100716628363271 ) ) ;
#8383 = ORIENTED_EDGE ( 'NONE', *, *, #4007, .T. ) ;
#8384 = CARTESIAN_POINT ( 'NONE',  ( 35.96815219932086904, 6.000000000000005329, -13.74999999999999467 ) ) ;
#8385 = VECTOR ( 'NONE', #8015, 1000.000000000000000 ) ;
#8386 = ORIENTED_EDGE ( 'NONE', *, *, #8398, .T. ) ;
#8387 = ORIENTED_EDGE ( 'NONE', *, *, #1327, .F. ) ;
#8388 = VECTOR ( 'NONE', #1996, 1000.000000000000000 ) ;
#8389 = EDGE_CURVE ( 'NONE', #8019, #5536, #52, .T. ) ;
#8390 = EDGE_LOOP ( 'NONE', ( #2320, #3713, #7072, #4491 ) ) ;
#8391 = CARTESIAN_POINT ( 'NONE',  ( 49.99999999999999289, 0.000000000000000000, 47.14745962155773640 ) ) ;
#8392 = VERTEX_POINT ( 'NONE', #8164 ) ;
#8393 = CARTESIAN_POINT ( 'NONE',  ( -50.00000000000000000, 6.000000000000000000, -50.00000000000000000 ) ) ;
#8394 = ORIENTED_EDGE ( 'NONE', *, *, #8265, .F. ) ;
#8395 = PLANE ( 'NONE',  #9319 ) ;
#8396 = DIRECTION ( 'NONE',  ( 1.000000000000000000, 0.000000000000000000, 0.000000000000000000 ) ) ;
#8397 = CARTESIAN_POINT ( 'NONE',  ( 78.55942538675439835, 20.99999999999937117, 79.67978713415915593 ) ) ;
#8398 = EDGE_CURVE ( 'NONE', #4556, #6546, #2249, .T. ) ;
#8399 = ORIENTED_EDGE ( 'NONE', *, *, #9636, .T. ) ;
#8400 = VERTEX_POINT ( 'NONE', #5305 ) ;
#8401 = ORIENTED_EDGE ( 'NONE', *, *, #3124, .F. ) ;
#8402 = CARTESIAN_POINT ( 'NONE',  ( -25.25907427704661501, 0.000000000000000000, 50.00000000000000000 ) ) ;
#8403 = LINE ( 'NONE', #7066, #1166 ) ;
#8404 = AXIS2_PLACEMENT_3D ( 'NONE', #5552, #2503, #4754 ) ;
#8405 = CARTESIAN_POINT ( 'NONE',  ( -50.00000000000000000, 147.4213562373095385, 25.89745962155734205 ) ) ;
#8406 = LINE ( 'NONE', #9146, #5135 ) ;
#8407 = ORIENTED_EDGE ( 'NONE', *, *, #1787, .T. ) ;
#8408 = CARTESIAN_POINT ( 'NONE',  ( 72.62888298754663197, 14.99999999999994316, -95.97381846109878722 ) ) ;
#8409 = CYLINDRICAL_SURFACE ( 'NONE', #5473, 51.96152422706621365 ) ;
#8410 = EDGE_CURVE ( 'NONE', #5223, #9079, #5257, .T. ) ;
#8411 = ORIENTED_EDGE ( 'NONE', *, *, #168, .T. ) ;
#8412 = DIRECTION ( 'NONE',  ( 0.8757795372522705346, -0.4330127018922164672, -0.2133312028986880937 ) ) ;
#8413 = LINE ( 'NONE', #3058, #2488 ) ;
#8414 = VECTOR ( 'NONE', #4350, 1000.000000000000000 ) ;
#8415 = ADVANCED_FACE ( 'NONE', ( #3039 ), #6040, .T. ) ;
#8416 = EDGE_CURVE ( 'NONE', #138, #2751, #4145, .T. ) ;
#8417 = CARTESIAN_POINT ( 'NONE',  ( -8.660254037844532959, 6.000000000000005329, -42.49999999999999289 ) ) ;
#8418 = CARTESIAN_POINT ( 'NONE',  ( -27.06329386826395123, 147.4213562373095385, 31.87499999999995737 ) ) ;
#8419 = DIRECTION ( 'NONE',  ( 1.000000000000000000, 0.000000000000000000, -0.000000000000000000 ) ) ;
#8420 = CARTESIAN_POINT ( 'NONE',  ( 49.99999999999999289, 0.000000000000000000, 50.00000000000000000 ) ) ;
#8421 = ORIENTED_EDGE ( 'NONE', *, *, #8293, .F. ) ;
#8422 = VECTOR ( 'NONE', #2729, 1000.000000000000000 ) ;
#8423 = ORIENTED_EDGE ( 'NONE', *, *, #1501, .F. ) ;
#8424 = CARTESIAN_POINT ( 'NONE',  ( 35.72484103454691251, 6.000000000000005329, -20.62574658805230143 ) ) ;
#8425 = CIRCLE ( 'NONE', #2000, 2.500000000000460076 ) ;
#8426 = VECTOR ( 'NONE', #8076, 1000.000000000000000 ) ;
#8427 = CARTESIAN_POINT ( 'NONE',  ( -54.69999999999999574, 6.000000000000000000, -54.69999999999999574 ) ) ;
#8428 = CARTESIAN_POINT ( 'NONE',  ( 41.13620667976131529, 0.000000000000000000, 28.74999999999999289 ) ) ;
#8429 = ORIENTED_EDGE ( 'NONE', *, *, #2883, .F. ) ;
#8430 = DIRECTION ( 'NONE',  ( -0.8789733129752216323, -0.4768709627114691707, 0.000000000000000000 ) ) ;
#8431 = ORIENTED_EDGE ( 'NONE', *, *, #610, .F. ) ;
#8432 = DIRECTION ( 'NONE',  ( -0.5000000000000003331, 0.000000000000000000, -0.8660254037844384856 ) ) ;
#8433 = EDGE_CURVE ( 'NONE', #3079, #6556, #1259, .T. ) ;
#8434 = CIRCLE ( 'NONE', #7971, 2.499999999999273470 ) ;
#8435 = VERTEX_POINT ( 'NONE', #4830 ) ;
#8436 = EDGE_LOOP ( 'NONE', ( #8741, #2712, #3677, #7161 ) ) ;
#8437 = CARTESIAN_POINT ( 'NONE',  ( 27.06329386826395478, 0.000000000000000000, 31.87499999999995737 ) ) ;
#8438 = DIRECTION ( 'NONE',  ( 0.3420201433256876422, 0.000000000000000000, -0.9396926207859014335 ) ) ;
#8439 = LINE ( 'NONE', #7658, #4750 ) ;
#8440 = EDGE_CURVE ( 'NONE', #7242, #6308, #3415, .T. ) ;
#8441 = EDGE_CURVE ( 'NONE', #2701, #4898, #8725, .T. ) ;
#8442 = CIRCLE ( 'NONE', #7509, 3.999999999999988454 ) ;
#8443 = ORIENTED_EDGE ( 'NONE', *, *, #7876, .T. ) ;
#8444 = ORIENTED_EDGE ( 'NONE', *, *, #2378, .T. ) ;
#8445 = ORIENTED_EDGE ( 'NONE', *, *, #6244, .T. ) ;
#8446 = LINE ( 'NONE', #1722, #3902 ) ;
#8447 = FACE_OUTER_BOUND ( 'NONE', #3996, .T. ) ;
#8448 = FACE_OUTER_BOUND ( 'NONE', #684, .T. ) ;
#8449 = EDGE_CURVE ( 'NONE', #8681, #7601, #8670, .T. ) ;
#8450 = FACE_OUTER_BOUND ( 'NONE', #4333, .T. ) ;
#8451 = EDGE_CURVE ( 'NONE', #8892, #4855, #6361, .T. ) ;
#8452 = ORIENTED_EDGE ( 'NONE', *, *, #8271, .F. ) ;
#8453 = DIRECTION ( 'NONE',  ( 0.8660254037844387076, -0.000000000000000000, 0.5000000000000001110 ) ) ;
#8454 = EDGE_CURVE ( 'NONE', #1485, #799, #1947, .T. ) ;
#8455 = DIRECTION ( 'NONE',  ( -0.3420201433256876422, -0.000000000000000000, 0.9396926207859014335 ) ) ;
#8456 = EDGE_LOOP ( 'NONE', ( #2236, #4408, #9420, #1273 ) ) ;
#8457 = CARTESIAN_POINT ( 'NONE',  ( -22.73316684934198051, 6.000000000000005329, -45.62499999999995737 ) ) ;
#8458 = ORIENTED_EDGE ( 'NONE', *, *, #6034, .T. ) ;
#8459 = AXIS2_PLACEMENT_3D ( 'NONE', #3930, #2450, #5458 ) ;
#8460 = CARTESIAN_POINT ( 'NONE',  ( 41.13620667976130818, 6.000000000000005329, -50.00000000000000000 ) ) ;
#8461 = VECTOR ( 'NONE', #5705, 1000.000000000000114 ) ;
#8462 = LINE ( 'NONE', #6400, #271 ) ;
#8463 = VECTOR ( 'NONE', #9570, 1000.000000000000114 ) ;
#8464 = CARTESIAN_POINT ( 'NONE',  ( -48.18039637606665337, 6.000000000000000000, 87.18281677883985026 ) ) ;
#8465 = FACE_BOUND ( 'NONE', #9102, .T. ) ;
#8466 = EDGE_LOOP ( 'NONE', ( #9398, #8821, #8026, #6986 ) ) ;
#8467 = VECTOR ( 'NONE', #8348, 1000.000000000000000 ) ;
#8468 = FACE_OUTER_BOUND ( 'NONE', #199, .T. ) ;
#8469 = EDGE_CURVE ( 'NONE', #6808, #9138, #4041, .T. ) ;
#8470 = VECTOR ( 'NONE', #664, 1000.000000000000114 ) ;
#8471 = ADVANCED_FACE ( 'NONE', ( #2671 ), #4935, .F. ) ;
#8472 = DIRECTION ( 'NONE',  ( 0.5000000000000002220, 0.000000000000000000, 0.8660254037844384856 ) ) ;
#8473 = VECTOR ( 'NONE', #1837, 999.9999999999998863 ) ;
#8474 = DIRECTION ( 'NONE',  ( 0.000000000000000000, -1.000000000000000000, 0.000000000000000000 ) ) ;
#8475 = DIRECTION ( 'NONE',  ( -0.8660254037844387076, 0.000000000000000000, 0.5000000000000001110 ) ) ;
#8476 = VERTEX_POINT ( 'NONE', #1055 ) ;
#8477 = CARTESIAN_POINT ( 'NONE',  ( 68.98070977266982595, 12.75855025242403507, -94.64599200143624103 ) ) ;
#8478 = ORIENTED_EDGE ( 'NONE', *, *, #882, .F. ) ;
#8479 = DIRECTION ( 'NONE',  ( 0.4999999999999999445, 0.000000000000000000, -0.8660254037844387076 ) ) ;
#8480 = ORIENTED_EDGE ( 'NONE', *, *, #9597, .F. ) ;
#8481 = ORIENTED_EDGE ( 'NONE', *, *, #8183, .F. ) ;
#8482 = FACE_OUTER_BOUND ( 'NONE', #4544, .T. ) ;
#8483 = AXIS2_PLACEMENT_3D ( 'NONE', #8022, #2798, #6489 ) ;
#8484 = ORIENTED_EDGE ( 'NONE', *, *, #2616, .F. ) ;
#8485 = LINE ( 'NONE', #9325, #6315 ) ;
#8486 = DIRECTION ( 'NONE',  ( 0.000000000000000000, 1.000000000000000000, 0.000000000000000000 ) ) ;
#8487 = EDGE_CURVE ( 'NONE', #9079, #5008, #4845, .T. ) ;
#8488 = DIRECTION ( 'NONE',  ( -0.000000000000000000, -1.000000000000000000, -0.000000000000000000 ) ) ;
#8489 = EDGE_LOOP ( 'NONE', ( #467, #2934, #4404 ) ) ;
#8490 = ORIENTED_EDGE ( 'NONE', *, *, #6625, .F. ) ;
#8491 = DIRECTION ( 'NONE',  ( -1.000000000000000000, 0.000000000000000000, -6.938893903907227145E-17 ) ) ;
#8492 = DIRECTION ( 'NONE',  ( -0.4999999999999997224, 0.000000000000000000, -0.8660254037844388186 ) ) ;
#8493 = EDGE_CURVE ( 'NONE', #4120, #7557, #1154, .T. ) ;
#8494 = CARTESIAN_POINT ( 'NONE',  ( 25.25907427704662922, 6.000000000000000000, 50.00000000000000000 ) ) ;
#8495 = LINE ( 'NONE', #3237, #6880 ) ;
#8496 = EDGE_LOOP ( 'NONE', ( #8072, #2985, #7331, #1712 ) ) ;
#8497 = CARTESIAN_POINT ( 'NONE',  ( -50.00000000000000000, 6.000000000000000000, 50.00000000000000000 ) ) ;
#8498 = FACE_OUTER_BOUND ( 'NONE', #9279, .T. ) ;
#8499 = EDGE_LOOP ( 'NONE', ( #4018, #7657 ) ) ;
#8500 = CARTESIAN_POINT ( 'NONE',  ( -8.660254037844532959, 6.000000000000005329, 42.49999999999999289 ) ) ;
#8501 = ORIENTED_EDGE ( 'NONE', *, *, #595, .F. ) ;
#8502 = DIRECTION ( 'NONE',  ( -1.000000000000000000, -0.000000000000000000, -0.000000000000000000 ) ) ;
#8503 = ADVANCED_FACE ( 'NONE', ( #1109 ), #3465, .T. ) ;
#8504 = DIRECTION ( 'NONE',  ( -0.5000000000000006661, 0.000000000000000000, -0.8660254037844382635 ) ) ;
#8505 = CARTESIAN_POINT ( 'NONE',  ( 2.053814751473915567, 0.000000000000000000, 28.74999999999999645 ) ) ;
#8506 = CARTESIAN_POINT ( 'NONE',  ( -4.330127018922190096, 6.000000000000005329, 7.500000000000000888 ) ) ;
#8507 = ORIENTED_EDGE ( 'NONE', *, *, #4837, .T. ) ;
#8508 = VECTOR ( 'NONE', #5036, 1000.000000000000000 ) ;
#8509 = FACE_OUTER_BOUND ( 'NONE', #9669, .T. ) ;
#8510 = DIRECTION ( 'NONE',  ( -1.000000000000000000, 0.000000000000000000, -4.006172263299126906E-16 ) ) ;
#8511 = CARTESIAN_POINT ( 'NONE',  ( 25.98076211353308551, 6.000000000000005329, -15.00000000000013323 ) ) ;
#8512 = FACE_BOUND ( 'NONE', #235, .T. ) ;
#8513 = FACE_BOUND ( 'NONE', #1515, .T. ) ;
#8514 = EDGE_LOOP ( 'NONE', ( #8172, #2132, #6923, #6933 ) ) ;
#8515 = DIRECTION ( 'NONE',  ( 0.8660254037844395958, 0.000000000000000000, -0.4999999999999984457 ) ) ;
#8516 = ORIENTED_EDGE ( 'NONE', *, *, #9519, .F. ) ;
#8517 = CARTESIAN_POINT ( 'NONE',  ( 41.13620667976131529, 147.4213562373095385, 49.99999999999998579 ) ) ;
#8518 = CARTESIAN_POINT ( 'NONE',  ( -48.18039637606665337, 6.000000000000000000, 87.18281677883985026 ) ) ;
#8519 = VECTOR ( 'NONE', #5847, 1000.000000000000227 ) ;
#8520 = EDGE_CURVE ( 'NONE', #6739, #2306, #7835, .T. ) ;
#8521 = ORIENTED_EDGE ( 'NONE', *, *, #4136, .F. ) ;
#8522 = VERTEX_POINT ( 'NONE', #1997 ) ;
#8523 = PLANE ( 'NONE',  #7775 ) ;
#8524 = EDGE_CURVE ( 'NONE', #6526, #7281, #4986, .T. ) ;
#8525 = VECTOR ( 'NONE', #333, 1000.000000000000000 ) ;
#8526 = CARTESIAN_POINT ( 'NONE',  ( 4.330127018922120818, 0.000000000000000000, 13.74999999999999822 ) ) ;
#8527 = CARTESIAN_POINT ( 'NONE',  ( 48.35308504463208124, 147.4213562373095385, -50.00000000000000000 ) ) ;
#8528 = ORIENTED_EDGE ( 'NONE', *, *, #930, .T. ) ;
#8529 = DIRECTION ( 'NONE',  ( 0.8660254037844377084, 0.000000000000000000, -0.5000000000000017764 ) ) ;
#8530 = DIRECTION ( 'NONE',  ( 0.9396926207859015445, -2.569016047228651574E-15, 0.3420201433256876977 ) ) ;
#8531 = DIRECTION ( 'NONE',  ( 0.000000000000000000, -0.000000000000000000, 1.000000000000000000 ) ) ;
#8532 = CARTESIAN_POINT ( 'NONE',  ( 0.000000000000000000, 0.000000000000000000, 0.000000000000000000 ) ) ;
#8533 = ORIENTED_EDGE ( 'NONE', *, *, #3614, .T. ) ;
#8534 = EDGE_LOOP ( 'NONE', ( #9434, #5621, #5470, #4938, #8304, #1305 ) ) ;
#8535 = ORIENTED_EDGE ( 'NONE', *, *, #3953, .T. ) ;
#8536 = AXIS2_PLACEMENT_3D ( 'NONE', #7756, #2445, #7618 ) ;
#8537 = CARTESIAN_POINT ( 'NONE',  ( 8.660254037844241637, 147.4213562373095385, 42.49999999999999289 ) ) ;
#8538 = CARTESIAN_POINT ( 'NONE',  ( -41.13620667976124423, 6.000000000000005329, 13.74999999999999822 ) ) ;
#8539 = VECTOR ( 'NONE', #567, 1000.000000000000114 ) ;
#8540 = CARTESIAN_POINT ( 'NONE',  ( -50.00000000000000000, 0.000000000000000000, 50.00000000000000000 ) ) ;
#8541 = LINE ( 'NONE', #7759, #1070 ) ;
#8542 = ORIENTED_EDGE ( 'NONE', *, *, #1591, .F. ) ;
#8543 = CARTESIAN_POINT ( 'NONE',  ( -41.13620667976124423, 147.4213562373095385, -13.74999999999999822 ) ) ;
#8544 = FACE_OUTER_BOUND ( 'NONE', #8053, .T. ) ;
#8545 = ORIENTED_EDGE ( 'NONE', *, *, #5869, .T. ) ;
#8546 = DIRECTION ( 'NONE',  ( 0.5234908573499332807, 0.8520312918379417955, 0.000000000000000000 ) ) ;
#8547 = EDGE_CURVE ( 'NONE', #3807, #7506, #1795, .T. ) ;
#8548 = ORIENTED_EDGE ( 'NONE', *, *, #4661, .T. ) ;
#8549 = DIRECTION ( 'NONE',  ( 1.000000000000000000, 0.000000000000000000, -0.000000000000000000 ) ) ;
#8550 = EDGE_CURVE ( 'NONE', #9033, #5008, #6312, .T. ) ;
#8551 = AXIS2_PLACEMENT_3D ( 'NONE', #2022, #6490, #7377 ) ;
#8552 = EDGE_CURVE ( 'NONE', #9542, #6113, #8570, .T. ) ;
#8553 = LINE ( 'NONE', #1141, #1220 ) ;
#8554 = CARTESIAN_POINT ( 'NONE',  ( -45.46633369868351338, 147.4213562373095385, 21.24999999999999289 ) ) ;
#8555 = CIRCLE ( 'NONE', #4780, 6.999999999999941380 ) ;
#8556 = FACE_BOUND ( 'NONE', #919, .T. ) ;
#8557 = VERTEX_POINT ( 'NONE', #367 ) ;
#8558 = CARTESIAN_POINT ( 'NONE',  ( -45.46633369868351338, 6.000000000000005329, -42.49999999999998579 ) ) ;
#8559 = ADVANCED_FACE ( 'NONE', ( #3365 ), #9361, .F. ) ;
#8560 = AXIS2_PLACEMENT_3D ( 'NONE', #2485, #5639, #4698 ) ;
#8561 = VECTOR ( 'NONE', #6675, 1000.000000000000000 ) ;
#8562 = FACE_OUTER_BOUND ( 'NONE', #3342, .T. ) ;
#8563 = CARTESIAN_POINT ( 'NONE',  ( -32.47595264191693332, 147.4213562373095385, -49.99999999999998579 ) ) ;
#8564 = DIRECTION ( 'NONE',  ( -0.4698463103929532703, 0.8660254037844400399, -0.1710100716628305539 ) ) ;
#8565 = DIRECTION ( 'NONE',  ( -0.8789733129752194118, 0.4768709627114730010, 0.000000000000000000 ) ) ;
#8566 = ORIENTED_EDGE ( 'NONE', *, *, #54, .F. ) ;
#8567 = LINE ( 'NONE', #6358, #2116 ) ;
#8568 = EDGE_CURVE ( 'NONE', #3031, #8943, #8925, .T. ) ;
#8569 = EDGE_LOOP ( 'NONE', ( #6494, #6636 ) ) ;
#8570 = LINE ( 'NONE', #4096, #7217 ) ;
#8571 = LINE ( 'NONE', #3123, #5763 ) ;
#8572 = AXIS2_PLACEMENT_3D ( 'NONE', #8678, #7160, #428 ) ;
#8573 = VERTEX_POINT ( 'NONE', #8971 ) ;
#8574 = ORIENTED_EDGE ( 'NONE', *, *, #3882, .T. ) ;
#8575 = AXIS2_PLACEMENT_3D ( 'NONE', #2755, #5069, #1931 ) ;
#8576 = LINE ( 'NONE', #1060, #7128 ) ;
#8577 = CC_DESIGN_PERSON_AND_ORGANIZATION_ASSIGNMENT ( #8056, #3430, ( #1197 ) ) ;
#8578 = FACE_OUTER_BOUND ( 'NONE', #255, .T. ) ;
#8579 = EDGE_CURVE ( 'NONE', #6918, #7142, #1460, .T. ) ;
#8580 = LINE ( 'NONE', #3423, #4645 ) ;
#8581 = EDGE_LOOP ( 'NONE', ( #9076, #9006, #7013, #4714 ) ) ;
#8582 = FACE_OUTER_BOUND ( 'NONE', #3964, .T. ) ;
#8583 = DIRECTION ( 'NONE',  ( 0.5000000000000019984, 0.000000000000000000, 0.8660254037844375974 ) ) ;
#8584 = VECTOR ( 'NONE', #7321, 999.9999999999998863 ) ;
#8585 = EDGE_CURVE ( 'NONE', #1052, #3737, #5039, .T. ) ;
#8586 = LINE ( 'NONE', #1763, #6184 ) ;
#8587 = VECTOR ( 'NONE', #1662, 999.9999999999998863 ) ;
#8588 = EDGE_CURVE ( 'NONE', #6324, #9645, #5231, .T. ) ;
#8589 = ORIENTED_EDGE ( 'NONE', *, *, #6990, .T. ) ;
#8590 = EDGE_CURVE ( 'NONE', #4411, #8158, #3567, .T. ) ;
#8591 = AXIS2_PLACEMENT_3D ( 'NONE', #3164, #5284, #6165 ) ;
#8592 = VERTEX_POINT ( 'NONE', #6514 ) ;
#8593 = CARTESIAN_POINT ( 'NONE',  ( -68.02323918836455618, 17.25833024919694125, 89.67924001744570717 ) ) ;
#8594 = FACE_OUTER_BOUND ( 'NONE', #8334, .T. ) ;
#8595 = ADVANCED_FACE ( 'NONE', ( #2971 ), #8140, .F. ) ;
#8596 = PLANE ( 'NONE',  #2455 ) ;
#8597 = LINE ( 'NONE', #2646, #8269 ) ;
#8598 = VERTEX_POINT ( 'NONE', #1414 ) ;
#8599 = CARTESIAN_POINT ( 'NONE',  ( 28.14582562299473878, 6.000000000000005329, 42.49999999999998579 ) ) ;
#8600 = EDGE_CURVE ( 'NONE', #5043, #63, #5772, .T. ) ;
#8601 = CARTESIAN_POINT ( 'NONE',  ( 45.46633369868351338, 147.4213562373095385, -21.24999999999999289 ) ) ;
#8602 = EDGE_LOOP ( 'NONE', ( #6773, #320, #6874, #2609 ) ) ;
#8603 = LINE ( 'NONE', #4860, #1812 ) ;
#8604 = ORIENTED_EDGE ( 'NONE', *, *, #9078, .F. ) ;
#8605 = DIRECTION ( 'NONE',  ( 0.000000000000000000, -1.000000000000000000, 0.000000000000000000 ) ) ;
#8606 = DIRECTION ( 'NONE',  ( 0.9396926207859013225, 0.000000000000000000, 0.3420201433256878643 ) ) ;
#8607 = CYLINDRICAL_SURFACE ( 'NONE', #5363, 6.999999999999941380 ) ;
#8608 = FACE_BOUND ( 'NONE', #516, .T. ) ;
#8609 = EDGE_LOOP ( 'NONE', ( #2614, #7718, #7309, #8336 ) ) ;
#8610 = DIRECTION ( 'NONE',  ( -0.5000000000000002220, 0.000000000000000000, -0.8660254037844384856 ) ) ;
#8611 = VECTOR ( 'NONE', #4850, 1000.000000000000000 ) ;
#8612 = ADVANCED_FACE ( 'NONE', ( #5923 ), #7353, .T. ) ;
#8613 = AXIS2_PLACEMENT_3D ( 'NONE', #2309, #3053, #9053 ) ;
#8614 = CARTESIAN_POINT ( 'NONE',  ( 79.87143568757763035, 17.25855025242403329, 57.12770181004839998 ) ) ;
#8615 = CARTESIAN_POINT ( 'NONE',  ( -48.18039637606665337, 6.000000000000000000, -87.18281677883985026 ) ) ;
#8616 = DIRECTION ( 'NONE',  ( 0.4698463103929532703, 0.8660254037844400399, 0.1710100716628305539 ) ) ;
#8617 = CARTESIAN_POINT ( 'NONE',  ( 27.06329386826395123, 0.000000000000000000, -31.87499999999995737 ) ) ;
#8618 = ORIENTED_EDGE ( 'NONE', *, *, #5156, .T. ) ;
#8619 = CARTESIAN_POINT ( 'NONE',  ( 41.13620667976131529, 6.000000000000005329, -28.74999999999999289 ) ) ;
#8620 = ORIENTED_EDGE ( 'NONE', *, *, #8869, .T. ) ;
#8621 = DIRECTION ( 'NONE',  ( 0.1107007079486528323, -0.2499999999999904243, 0.9618967477123893106 ) ) ;
#8622 = FACE_OUTER_BOUND ( 'NONE', #9231, .T. ) ;
#8623 = AXIS2_PLACEMENT_3D ( 'NONE', #4930, #7779, #1050 ) ;
#8624 = ORIENTED_EDGE ( 'NONE', *, *, #7985, .T. ) ;
#8625 = VECTOR ( 'NONE', #1361, 1000.000000000000000 ) ;
#8626 = ORIENTED_EDGE ( 'NONE', *, *, #3728, .T. ) ;
#8627 = EDGE_CURVE ( 'NONE', #9455, #6308, #1307, .T. ) ;
#8628 = DIRECTION ( 'NONE',  ( 1.000000000000000000, 0.000000000000000000, 0.000000000000000000 ) ) ;
#8629 = ADVANCED_FACE ( 'NONE', ( #569 ), #2774, .F. ) ;
#8630 = DIRECTION ( 'NONE',  ( 0.5000000000000000000, 0.000000000000000000, 0.8660254037844385966 ) ) ;
#8631 = CARTESIAN_POINT ( 'NONE',  ( -60.42191776730651753, 13.49999999999921663, 91.53084647020840237 ) ) ;
#8632 = LINE ( 'NONE', #1165, #6032 ) ;
#8633 = DIRECTION ( 'NONE',  ( 0.5000000000000004441, 0.000000000000000000, 0.8660254037844383745 ) ) ;
#8634 = EDGE_LOOP ( 'NONE', ( #1392, #8327, #3268, #1976 ) ) ;
#8635 = DIRECTION ( 'NONE',  ( -1.000000000000000000, -0.000000000000000000, -0.000000000000000000 ) ) ;
#8636 = CARTESIAN_POINT ( 'NONE',  ( 41.13620667976124423, 147.4213562373095385, 13.74999999999999822 ) ) ;
#8637 = ORIENTED_EDGE ( 'NONE', *, *, #2549, .F. ) ;
#8638 = ORIENTED_EDGE ( 'NONE', *, *, #2635, .T. ) ;
#8639 = ORIENTED_EDGE ( 'NONE', *, *, #1175, .F. ) ;
#8640 = CARTESIAN_POINT ( 'NONE',  ( -54.70000000000057128, 6.000000000000000000, 52.19999999999941309 ) ) ;
#8641 = CARTESIAN_POINT ( 'NONE',  ( 35.72484103454691251, 0.000000000000000000, -20.62574658805230143 ) ) ;
#8642 = LINE ( 'NONE', #9532, #1842 ) ;
#8643 = CARTESIAN_POINT ( 'NONE',  ( 49.99999999999999289, 6.000000000000000000, 50.00000000000000000 ) ) ;
#8644 = ORIENTED_EDGE ( 'NONE', *, *, #7564, .F. ) ;
#8645 = DIRECTION ( 'NONE',  ( -0.000000000000000000, -1.000000000000000000, -0.000000000000000000 ) ) ;
#8646 = CARTESIAN_POINT ( 'NONE',  ( -50.00000000000000000, 6.000000000000000000, -50.00000000000000000 ) ) ;
#8647 = VERTEX_POINT ( 'NONE', #713 ) ;
#8648 = PLANE ( 'NONE',  #89 ) ;
#8649 = EDGE_CURVE ( 'NONE', #4638, #3476, #6619, .T. ) ;
#8650 = ORIENTED_EDGE ( 'NONE', *, *, #8744, .F. ) ;
#8651 = ORIENTED_EDGE ( 'NONE', *, *, #6414, .T. ) ;
#8652 = CARTESIAN_POINT ( 'NONE',  ( 65.83204565542118303, 8.999999999999966249, -84.26290891996461596 ) ) ;
#8653 = EDGE_CURVE ( 'NONE', #5331, #1268, #1886, .T. ) ;
#8654 = VECTOR ( 'NONE', #1488, 1000.000000000000000 ) ;
#8655 = LINE ( 'NONE', #6603, #7962 ) ;
#8656 = PLANE ( 'NONE',  #7497 ) ;
#8657 = LINE ( 'NONE', #5466, #2392 ) ;
#8658 = DIRECTION ( 'NONE',  ( 0.5000000000000002220, 0.000000000000000000, 0.8660254037844384856 ) ) ;
#8659 = ORIENTED_EDGE ( 'NONE', *, *, #2331, .T. ) ;
#8660 = CARTESIAN_POINT ( 'NONE',  ( 49.99999999999999289, 6.000000000000000000, 50.00000000000000000 ) ) ;
#8661 = CARTESIAN_POINT ( 'NONE',  ( 4.330127018922190096, 6.000000000000005329, -7.500000000000000000 ) ) ;
#8662 = ORIENTED_EDGE ( 'NONE', *, *, #5430, .F. ) ;
#8663 = LINE ( 'NONE', #4336, #2212 ) ;
#8664 = DIRECTION ( 'NONE',  ( 0.000000000000000000, 0.000000000000000000, -1.000000000000000000 ) ) ;
#8665 = VECTOR ( 'NONE', #2869, 1000.000000000000114 ) ;
#8666 = CYLINDRICAL_SURFACE ( 'NONE', #2317, 61.96152422706639840 ) ;
#8667 = VECTOR ( 'NONE', #5754, 999.9999999999998863 ) ;
#8668 = VERTEX_POINT ( 'NONE', #2095 ) ;
#8669 = CARTESIAN_POINT ( 'NONE',  ( 87.93827836687674449, -6.148618450963316384, -71.63791974095211401 ) ) ;
#8670 = LINE ( 'NONE', #7254, #5326 ) ;
#8671 = DIRECTION ( 'NONE',  ( 6.938893903907228378E-17, 0.000000000000000000, -1.000000000000000000 ) ) ;
#8672 = ORIENTED_EDGE ( 'NONE', *, *, #5857, .F. ) ;
#8673 = VECTOR ( 'NONE', #1242, 1000.000000000000000 ) ;
#8674 = ORIENTED_EDGE ( 'NONE', *, *, #2919, .T. ) ;
#8675 = FACE_OUTER_BOUND ( 'NONE', #5854, .T. ) ;
#8676 = PLANE ( 'NONE',  #9581 ) ;
#8677 = ADVANCED_FACE ( 'NONE', ( #3662 ), #9666, .T. ) ;
#8678 = CARTESIAN_POINT ( 'NONE',  ( 48.18039637606665337, 6.000000000000000000, -87.18281677883985026 ) ) ;
#8679 = ORIENTED_EDGE ( 'NONE', *, *, #7317, .F. ) ;
#8680 = CARTESIAN_POINT ( 'NONE',  ( 22.73316684934198051, 147.4213562373095385, 45.62499999999995737 ) ) ;
#8681 = VERTEX_POINT ( 'NONE', #5189 ) ;
#8682 = CARTESIAN_POINT ( 'NONE',  ( -48.18039637606665337, 4.500000000000002665, 87.18281677883985026 ) ) ;
#8683 = SHAPE_DEFINITION_REPRESENTATION ( #1044, #2357 ) ;
#8684 = EDGE_CURVE ( 'NONE', #2239, #3581, #8231, .T. ) ;
#8685 = ORIENTED_EDGE ( 'NONE', *, *, #8709, .F. ) ;
#8686 = VECTOR ( 'NONE', #1282, 1000.000000000000000 ) ;
#8687 = VERTEX_POINT ( 'NONE', #2872 ) ;
#8688 = DIRECTION ( 'NONE',  ( 0.4999999999999995559, 0.000000000000000000, -0.8660254037844388186 ) ) ;
#8689 = DIRECTION ( 'NONE',  ( -0.000000000000000000, -1.000000000000000000, -0.000000000000000000 ) ) ;
#8690 = DIRECTION ( 'NONE',  ( 0.5000000000000000000, 0.000000000000000000, -0.8660254037844385966 ) ) ;
#8691 = DIRECTION ( 'NONE',  ( 0.000000000000000000, 1.000000000000000000, 0.000000000000000000 ) ) ;
#8692 = ORIENTED_EDGE ( 'NONE', *, *, #3898, .F. ) ;
#8694 = DIRECTION ( 'NONE',  ( -0.000000000000000000, -1.000000000000000000, -0.000000000000000000 ) ) ;
#8693 = CIRCLE ( 'NONE', #5402, 2.499999999999273470 ) ;
#8695 = LINE ( 'NONE', #9641, #151 ) ;
#8696 = LINE ( 'NONE', #3588, #1745 ) ;
#8697 = EDGE_CURVE ( 'NONE', #5146, #862, #5873, .T. ) ;
#8698 = LINE ( 'NONE', #7327, #2747 ) ;
#8699 = VECTOR ( 'NONE', #8689, 1000.000000000000000 ) ;
#8700 = VERTEX_POINT ( 'NONE', #2922 ) ;
#8701 = ORIENTED_EDGE ( 'NONE', *, *, #9214, .T. ) ;
#8702 = EDGE_LOOP ( 'NONE', ( #7651, #5702, #5090, #4892, #2497, #6239 ) ) ;
#8703 = ORIENTED_EDGE ( 'NONE', *, *, #70, .T. ) ;
#8704 = CARTESIAN_POINT ( 'NONE',  ( 54.69999999999859597, 0.000000000000000000, -57.20000000000025864 ) ) ;
#8705 = AXIS2_PLACEMENT_3D ( 'NONE', #2151, #6580, #722 ) ;
#8706 = CARTESIAN_POINT ( 'NONE',  ( 14.07291281149758966, 6.000000000000005329, -45.62499999999995737 ) ) ;
#8707 = EDGE_CURVE ( 'NONE', #4636, #6693, #2187, .T. ) ;
#8708 = LINE ( 'NONE', #8857, #6233 ) ;
#8709 = EDGE_CURVE ( 'NONE', #7505, #8722, #2465, .T. ) ;
#8710 = DIRECTION ( 'NONE',  ( -0.5000000000000005551, 0.000000000000000000, -0.8660254037844382635 ) ) ;
#8711 = CARTESIAN_POINT ( 'NONE',  ( -87.70925405845105161, -9.486715189943401683, -55.36244354894026998 ) ) ;
#8712 = ORIENTED_EDGE ( 'NONE', *, *, #3414, .F. ) ;
#8713 = DIRECTION ( 'NONE',  ( 0.8789733129752216323, 0.4768709627114687821, 0.000000000000000000 ) ) ;
#8714 = EDGE_CURVE ( 'NONE', #5988, #4050, #9066, .T. ) ;
#8715 = VECTOR ( 'NONE', #1034, 1000.000000000000114 ) ;
#8716 = FACE_OUTER_BOUND ( 'NONE', #8283, .T. ) ;
#8717 = ADVANCED_FACE ( 'NONE', ( #2271 ), #2318, .F. ) ;
#8718 = ORIENTED_EDGE ( 'NONE', *, *, #1972, .F. ) ;
#8719 = FACE_OUTER_BOUND ( 'NONE', #9341, .T. ) ;
#8720 = DIRECTION ( 'NONE',  ( 0.8660254037844385966, -0.000000000000000000, 0.5000000000000001110 ) ) ;
#8721 = CARTESIAN_POINT ( 'NONE',  ( 81.78546517605026622, -9.486715189943595306, -71.63791974095211401 ) ) ;
#8722 = VERTEX_POINT ( 'NONE', #167 ) ;
#8723 = FACE_OUTER_BOUND ( 'NONE', #6993, .T. ) ;
#8724 = VECTOR ( 'NONE', #4669, 1000.000000000000227 ) ;
#8725 = LINE ( 'NONE', #2521, #9412 ) ;
#8726 = LINE ( 'NONE', #5674, #4341 ) ;
#8727 = EDGE_CURVE ( 'NONE', #8557, #3650, #3940, .T. ) ;
#8728 = ORIENTED_EDGE ( 'NONE', *, *, #7003, .T. ) ;
#8729 = VERTEX_POINT ( 'NONE', #5327 ) ;
#8730 = CARTESIAN_POINT ( 'NONE',  ( 25.98076211353308551, 0.000000000000000000, -15.00000000000013323 ) ) ;
#8731 = CARTESIAN_POINT ( 'NONE',  ( 9.742785792574935044, 147.4213562373095385, -10.62499999999999822 ) ) ;
#8732 = CARTESIAN_POINT ( 'NONE',  ( -14.07291281149715978, 6.000000000000005329, -18.12499999999996092 ) ) ;
#8733 = EDGE_CURVE ( 'NONE', #1218, #1052, #9207, .T. ) ;
#8734 = VERTEX_POINT ( 'NONE', #4721 ) ;
#8735 = FACE_OUTER_BOUND ( 'NONE', #6353, .T. ) ;
#8736 = ORIENTED_EDGE ( 'NONE', *, *, #8155, .T. ) ;
#8737 = CARTESIAN_POINT ( 'NONE',  ( -14.07291281149715978, 6.000000000000005329, -18.12499999999996092 ) ) ;
#8738 = AXIS2_PLACEMENT_3D ( 'NONE', #7354, #7494, #6620 ) ;
#8739 = EDGE_LOOP ( 'NONE', ( #3718, #7738, #8204, #4307 ) ) ;
#8740 = VERTEX_POINT ( 'NONE', #9015 ) ;
#8741 = ORIENTED_EDGE ( 'NONE', *, *, #1953, .F. ) ;
#8742 = LINE ( 'NONE', #2014, #6508 ) ;
#8743 = CIRCLE ( 'NONE', #4811, 61.96152422706627760 ) ;
#8744 = EDGE_CURVE ( 'NONE', #6185, #1184, #4694, .T. ) ;
#8745 = VECTOR ( 'NONE', #1608, 999.9999999999998863 ) ;
#8746 = FACE_OUTER_BOUND ( 'NONE', #8456, .T. ) ;
#8747 = CARTESIAN_POINT ( 'NONE',  ( 80.49426287064059693, -5.728384940746157561, -94.21832142862297133 ) ) ;
#8748 = ORIENTED_EDGE ( 'NONE', *, *, #2759, .F. ) ;
#8749 = CARTESIAN_POINT ( 'NONE',  ( -41.13620667976131529, 6.000000000000005329, 34.99999999999999289 ) ) ;
#8750 = LINE ( 'NONE', #3538, #7049 ) ;
#8751 = ORIENTED_EDGE ( 'NONE', *, *, #3183, .F. ) ;
#8752 = DIRECTION ( 'NONE',  ( 0.000000000000000000, -0.000000000000000000, 1.000000000000000000 ) ) ;
#8753 = AXIS2_PLACEMENT_3D ( 'NONE', #304, #252, #205 ) ;
#8754 = ORIENTED_EDGE ( 'NONE', *, *, #1936, .T. ) ;
#8755 = ORIENTED_EDGE ( 'NONE', *, *, #7317, .T. ) ;
#8756 = ORIENTED_EDGE ( 'NONE', *, *, #6990, .F. ) ;
#8757 = VERTEX_POINT ( 'NONE', #1548 ) ;
#8758 = DIRECTION ( 'NONE',  ( 0.000000000000000000, 0.000000000000000000, 1.000000000000000000 ) ) ;
#8759 = CARTESIAN_POINT ( 'NONE',  ( -8.652233963711523757, 147.4213562373095385, -21.23610882412133094 ) ) ;
#8760 = ADVANCED_FACE ( 'NONE', ( #8468 ), #5279, .F. ) ;
#8761 = EDGE_CURVE ( 'NONE', #2468, #7166, #6206, .T. ) ;
#8762 = CARTESIAN_POINT ( 'NONE',  ( -14.07291281149715090, 0.000000000000000000, 3.124999999999960920 ) ) ;
#8763 = DIRECTION ( 'NONE',  ( -1.000000000000000000, -0.000000000000000000, -0.000000000000000000 ) ) ;
#8764 = FACE_OUTER_BOUND ( 'NONE', #572, .T. ) ;
#8765 = ORIENTED_EDGE ( 'NONE', *, *, #3462, .T. ) ;
#8766 = CARTESIAN_POINT ( 'NONE',  ( -72.62888298754663197, 14.99999999999994316, 95.97381846109878722 ) ) ;
#8767 = VECTOR ( 'NONE', #62, 1000.000000000000000 ) ;
#8768 = CARTESIAN_POINT ( 'NONE',  ( -50.00000000000000000, 6.000000000000000000, 50.00000000000000000 ) ) ;
#8769 = CARTESIAN_POINT ( 'NONE',  ( -95.31102044180072141, -5.728164937518889666, 53.51072870777982615 ) ) ;
#8770 = CARTESIAN_POINT ( 'NONE',  ( -4.330127018922339310, 147.4213562373095385, -49.99999999999999289 ) ) ;
#8771 = CARTESIAN_POINT ( 'NONE',  ( -46.54886545341405935, 6.000000000000005329, 10.62499999999999822 ) ) ;
#8772 = ORIENTED_EDGE ( 'NONE', *, *, #9121, .T. ) ;
#8773 = CARTESIAN_POINT ( 'NONE',  ( -50.00000000000000000, 6.000000000000000000, 37.85254037844264019 ) ) ;
#8774 = EDGE_CURVE ( 'NONE', #5356, #6300, #5425, .T. ) ;
#8775 = DIRECTION ( 'NONE',  ( -0.000000000000000000, 1.000000000000000000, -0.000000000000000000 ) ) ;
#8776 = LINE ( 'NONE', #7152, #257 ) ;
#8777 = ORIENTED_EDGE ( 'NONE', *, *, #1538, .F. ) ;
#8778 = EDGE_CURVE ( 'NONE', #2306, #8729, #6762, .T. ) ;
#8779 = EDGE_LOOP ( 'NONE', ( #9244, #146, #1580, #6081 ) ) ;
#8780 = DIRECTION ( 'NONE',  ( 1.000000000000000000, 0.000000000000000000, -0.000000000000000000 ) ) ;
#8781 = VECTOR ( 'NONE', #9251, 999.9999999999998863 ) ;
#8782 = DIRECTION ( 'NONE',  ( -0.8660254037844388186, 0.000000000000000000, -0.4999999999999997224 ) ) ;
#8783 = CARTESIAN_POINT ( 'NONE',  ( -50.00000000000000000, 6.000000000000005329, -47.14745962155771508 ) ) ;
#8784 = AXIS2_PLACEMENT_3D ( 'NONE', #2366, #5370, #8370 ) ;
#8785 = ORIENTED_EDGE ( 'NONE', *, *, #5516, .F. ) ;
#8786 = CARTESIAN_POINT ( 'NONE',  ( -50.00000000000000000, 6.000000000000000000, 50.00000000000000000 ) ) ;
#8787 = CIRCLE ( 'NONE', #5016, 2.500000000000002220 ) ;
#8788 = ORIENTED_EDGE ( 'NONE', *, *, #9221, .F. ) ;
#8789 = DIRECTION ( 'NONE',  ( -0.5000000000000000000, 0.000000000000000000, 0.8660254037844385966 ) ) ;
#8790 = VECTOR ( 'NONE', #7673, 1000.000000000000000 ) ;
#8791 = ORIENTED_EDGE ( 'NONE', *, *, #4246, .T. ) ;
#8792 = ORIENTED_EDGE ( 'NONE', *, *, #9650, .F. ) ;
#8793 = VECTOR ( 'NONE', #5680, 1000.000000000000000 ) ;
#8794 = DIRECTION ( 'NONE',  ( 0.4999999999999985567, 0.000000000000000000, 0.8660254037844394848 ) ) ;
#8795 = VECTOR ( 'NONE', #9456, 1000.000000000000000 ) ;
#8796 = CARTESIAN_POINT ( 'NONE',  ( -28.14582562299473878, 6.000000000000005329, 21.24999999999999289 ) ) ;
#8797 = DIRECTION ( 'NONE',  ( -0.5000000000000004441, 0.000000000000000000, -0.8660254037844383745 ) ) ;
#8798 = VERTEX_POINT ( 'NONE', #7683 ) ;
#8799 = LINE ( 'NONE', #7275, #3033 ) ;
#8800 = CARTESIAN_POINT ( 'NONE',  ( 25.98076211353308551, 6.000000000000005329, -15.00000000000013323 ) ) ;
#8801 = LINE ( 'NONE', #2073, #30 ) ;
#8802 = DIRECTION ( 'NONE',  ( -0.5000000000000042188, 0.000000000000000000, 0.8660254037844362651 ) ) ;
#8803 = EDGE_CURVE ( 'NONE', #4990, #9054, #1595, .T. ) ;
#8804 = ORIENTED_EDGE ( 'NONE', *, *, #8469, .T. ) ;
#8805 = EDGE_LOOP ( 'NONE', ( #2800, #573, #9309, #2398 ) ) ;
#8806 = ORIENTED_EDGE ( 'NONE', *, *, #2274, .F. ) ;
#8807 = CARTESIAN_POINT ( 'NONE',  ( -25.25907427704661501, 0.000000000000000000, 50.00000000000000000 ) ) ;
#8808 = PLANE ( 'NONE',  #8575 ) ;
#8809 = LINE ( 'NONE', #8125, #9699 ) ;
#8810 = AXIS2_PLACEMENT_3D ( 'NONE', #445, #3490, #5116 ) ;
#8811 = CARTESIAN_POINT ( 'NONE',  ( -5.898950814473796100, 0.000000000000000000, 26.03271747798169145 ) ) ;
#8812 = LINE ( 'NONE', #2033, #9407 ) ;
#8813 = ORIENTED_EDGE ( 'NONE', *, *, #1122, .T. ) ;
#8814 = DIRECTION ( 'NONE',  ( -0.3420201433256876422, -0.000000000000000000, 0.9396926207859014335 ) ) ;
#8815 = EDGE_CURVE ( 'NONE', #2125, #9068, #4581, .T. ) ;
#8816 = FACE_OUTER_BOUND ( 'NONE', #5169, .T. ) ;
#8817 = DIRECTION ( 'NONE',  ( 0.5000000000000000000, 0.000000000000000000, -0.8660254037844385966 ) ) ;
#8818 = CARTESIAN_POINT ( 'NONE',  ( 73.43319330435937786, 12.75833024919764647, 82.41177990217745730 ) ) ;
#8819 = CARTESIAN_POINT ( 'NONE',  ( 41.13620667976124423, 147.4213562373095385, -13.74999999999999822 ) ) ;
#8820 = DIRECTION ( 'NONE',  ( 0.000000000000000000, 0.000000000000000000, 1.000000000000000000 ) ) ;
#8821 = ORIENTED_EDGE ( 'NONE', *, *, #9498, .T. ) ;
#8822 = CARTESIAN_POINT ( 'NONE',  ( 14.07291281149715090, 147.4213562373095385, 3.124999999999960920 ) ) ;
#8823 = CARTESIAN_POINT ( 'NONE',  ( -25.25907427704662211, 147.4213562373095385, -50.00000000000000000 ) ) ;
#8824 = DIRECTION ( 'NONE',  ( -0.000000000000000000, 1.000000000000000000, -0.000000000000000000 ) ) ;
#8825 = EDGE_CURVE ( 'NONE', #3601, #9138, #7587, .T. ) ;
#8826 = ORIENTED_EDGE ( 'NONE', *, *, #1518, .T. ) ;
#8827 = ORIENTED_EDGE ( 'NONE', *, *, #5275, .T. ) ;
#8828 = PLANE ( 'NONE',  #8104 ) ;
#8829 = AXIS2_PLACEMENT_3D ( 'NONE', #4611, #3879, #6002 ) ;
#8830 = LINE ( 'NONE', #5094, #3760 ) ;
#8831 = CARTESIAN_POINT ( 'NONE',  ( -4.330127018922339310, 0.000000000000000000, -49.99999999999999289 ) ) ;
#8832 = ORIENTED_EDGE ( 'NONE', *, *, #7854, .T. ) ;
#8833 = LINE ( 'NONE', #2105, #7291 ) ;
#8834 = EDGE_CURVE ( 'NONE', #3469, #5589, #848, .T. ) ;
#8835 = VERTEX_POINT ( 'NONE', #3064 ) ;
#8836 = LINE ( 'NONE', #2062, #3827 ) ;
#8837 = VECTOR ( 'NONE', #6616, 999.9999999999998863 ) ;
#8838 = DATE_TIME_ROLE ( 'classification_date' ) ;
#8839 = ORIENTED_EDGE ( 'NONE', *, *, #9278, .T. ) ;
#8840 = EDGE_CURVE ( 'NONE', #6581, #3740, #6852, .T. ) ;
#8841 = ORIENTED_EDGE ( 'NONE', *, *, #9664, .F. ) ;
#8842 = CARTESIAN_POINT ( 'NONE',  ( -32.47595264191693332, 147.4213562373095385, 7.500000000000000888 ) ) ;
#8843 = DIRECTION ( 'NONE',  ( 1.000000000000000000, 0.000000000000000000, 0.000000000000000000 ) ) ;
#8844 = ORIENTED_EDGE ( 'NONE', *, *, #7433, .T. ) ;
#8845 = CARTESIAN_POINT ( 'NONE',  ( 41.13620667976131529, 147.4213562373095385, -34.99999999999999289 ) ) ;
#8846 = CARTESIAN_POINT ( 'NONE',  ( 35.96815219932086904, 6.000000000000005329, -13.74999999999999467 ) ) ;
#8847 = ORIENTED_EDGE ( 'NONE', *, *, #359, .T. ) ;
#8848 = CARTESIAN_POINT ( 'NONE',  ( 35.96815219932086904, 147.4213562373095385, -13.74999999999999467 ) ) ;
#8849 = CIRCLE ( 'NONE', #6328, 51.96152422706619944 ) ;
#8850 = ORIENTED_EDGE ( 'NONE', *, *, #4259, .F. ) ;
#8851 = VERTEX_POINT ( 'NONE', #122 ) ;
#8852 = ORIENTED_EDGE ( 'NONE', *, *, #1313, .T. ) ;
#8853 = VERTEX_POINT ( 'NONE', #3113 ) ;
#8854 = DIRECTION ( 'NONE',  ( 0.000000000000000000, 1.000000000000000000, 0.000000000000000000 ) ) ;
#8855 = CARTESIAN_POINT ( 'NONE',  ( -75.63265198522377375, -12.82481192892387334, -71.63791974095211401 ) ) ;
#8856 = VECTOR ( 'NONE', #7954, 1000.000000000000000 ) ;
#8857 = CARTESIAN_POINT ( 'NONE',  ( -94.78815159566664761, 22.87916512459876017, 74.99322121832196331 ) ) ;
#8858 = CARTESIAN_POINT ( 'NONE',  ( 41.13620667976130818, 0.000000000000000000, -50.00000000000000000 ) ) ;
#8859 = EDGE_CURVE ( 'NONE', #9586, #2387, #6110, .T. ) ;
#8860 = FACE_BOUND ( 'NONE', #8534, .T. ) ;
#8861 = ORIENTED_EDGE ( 'NONE', *, *, #2969, .T. ) ;
#8862 = DIRECTION ( 'NONE',  ( -0.8137976813493688066, 0.4999999999999977796, 0.2961981327260409524 ) ) ;
#8863 = AXIS2_PLACEMENT_3D ( 'NONE', #712, #8042, #6569 ) ;
#8864 = LINE ( 'NONE', #8917, #5122 ) ;
#8865 = CARTESIAN_POINT ( 'NONE',  ( 41.13620667976131529, 6.000000000000005329, -28.74999999999999289 ) ) ;
#8866 = CARTESIAN_POINT ( 'NONE',  ( -50.00000000000000000, 0.000000000000000000, 50.00000000000000000 ) ) ;
#8867 = EDGE_CURVE ( 'NONE', #3580, #3807, #4627, .T. ) ;
#8868 = LINE ( 'NONE', #8040, #8508 ) ;
#8869 = EDGE_CURVE ( 'NONE', #994, #7851, #1939, .T. ) ;
#8870 = ORIENTED_EDGE ( 'NONE', *, *, #3160, .T. ) ;
#8871 = DIRECTION ( 'NONE',  ( -0.000000000000000000, -1.000000000000000000, -0.000000000000000000 ) ) ;
#8872 = CARTESIAN_POINT ( 'NONE',  ( -83.57150303714189477, 30.23589553796798057, 65.90921696516619477 ) ) ;
#8873 = DIRECTION ( 'NONE',  ( -0.3420201433256810364, -1.119241949895695770E-14, -0.9396926207859039870 ) ) ;
#8874 = ORIENTED_EDGE ( 'NONE', *, *, #2242, .F. ) ;
#8875 = EDGE_LOOP ( 'NONE', ( #6930, #8813 ) ) ;
#8876 = CARTESIAN_POINT ( 'NONE',  ( -23.87132298306550382, 0.000000000000000000, -16.15365574944390303 ) ) ;
#8877 = VECTOR ( 'NONE', #9395, 1000.000000000000000 ) ;
#8878 = FACE_OUTER_BOUND ( 'NONE', #7451, .T. ) ;
#8879 = EDGE_CURVE ( 'NONE', #6610, #1363, #9300, .T. ) ;
#8880 = EDGE_CURVE ( 'NONE', #108, #5120, #4550, .T. ) ;
#8881 = FACE_OUTER_BOUND ( 'NONE', #5853, .T. ) ;
#8882 = ORIENTED_EDGE ( 'NONE', *, *, #5421, .F. ) ;
#8883 = CARTESIAN_POINT ( 'NONE',  ( -4.330127018922193649, 147.4213562373095385, -7.500000000000000000 ) ) ;
#8884 = ORIENTED_EDGE ( 'NONE', *, *, #4969, .T. ) ;
#8885 = ORIENTED_EDGE ( 'NONE', *, *, #244, .F. ) ;
#8886 = LINE ( 'NONE', #8337, #3881 ) ;
#8887 = VECTOR ( 'NONE', #8950, 1000.000000000000000 ) ;
#8888 = AXIS2_PLACEMENT_3D ( 'NONE', #3522, #5780, #2059 ) ;
#8889 = ORIENTED_EDGE ( 'NONE', *, *, #3905, .T. ) ;
#8890 = ORIENTED_EDGE ( 'NONE', *, *, #7576, .F. ) ;
#8891 = PRODUCT_DEFINITION ( 'UNKNOWN', '', #6697, #5442 ) ;
#8892 = VERTEX_POINT ( 'NONE', #2664 ) ;
#8893 = EDGE_CURVE ( 'NONE', #6232, #2154, #6405, .T. ) ;
#8894 = ORIENTED_EDGE ( 'NONE', *, *, #4070, .T. ) ;
#8895 = CARTESIAN_POINT ( 'NONE',  ( 14.07291281149736051, 6.000000000000005329, -39.37499999999995737 ) ) ;
#8896 = ADVANCED_FACE ( 'NONE', ( #2555 ), #6255, .T. ) ;
#8897 = CARTESIAN_POINT ( 'NONE',  ( 8.660254037844387298, 6.000000000000005329, -4.592625337882893652E-17 ) ) ;
#8898 = CARTESIAN_POINT ( 'NONE',  ( -77.96702912130204766, 14.99999999999994316, -81.30738249685769858 ) ) ;
#8899 = CARTESIAN_POINT ( 'NONE',  ( -48.35308504463206702, 6.000000000000000000, 50.00000000000000000 ) ) ;
#8900 = LINE ( 'NONE', #5062, #9034 ) ;
#8901 = EDGE_CURVE ( 'NONE', #8288, #717, #991, .T. ) ;
#8902 = VERTEX_POINT ( 'NONE', #7774 ) ;
#8903 = CIRCLE ( 'NONE', #2935, 61.96152422706627760 ) ;
#8904 = EDGE_LOOP ( 'NONE', ( #8128, #3309, #1429, #3177 ) ) ;
#8905 = EDGE_LOOP ( 'NONE', ( #8501, #9267, #410, #917, #1444, #5877 ) ) ;
#8906 = ADVANCED_FACE ( 'NONE', ( #8509 ), #7932, .F. ) ;
#8907 = CARTESIAN_POINT ( 'NONE',  ( 3.673940397442059967E-15, 0.000000000000000000, 30.00000000000000000 ) ) ;
#8908 = VECTOR ( 'NONE', #417, 1000.000000000000000 ) ;
#8909 = LINE ( 'NONE', #6652, #6549 ) ;
#8910 = EDGE_CURVE ( 'NONE', #5569, #970, #9405, .T. ) ;
#8911 = DIRECTION ( 'NONE',  ( -0.4999999999999993339, 0.000000000000000000, 0.8660254037844390407 ) ) ;
#8912 = LINE ( 'NONE', #2178, #4915 ) ;
#8913 = DIRECTION ( 'NONE',  ( 0.5000000000000000000, 0.000000000000000000, -0.8660254037844385966 ) ) ;
#8914 = VERTEX_POINT ( 'NONE', #5664 ) ;
#8915 = VECTOR ( 'NONE', #439, 1000.000000000000114 ) ;
#8916 = LINE ( 'NONE', #5814, #4232 ) ;
#8917 = CARTESIAN_POINT ( 'NONE',  ( 22.71712670107556420, 147.4213562373095385, 3.124999999999969802 ) ) ;
#8918 = CARTESIAN_POINT ( 'NONE',  ( 46.54886545341405935, 0.000000000000000000, -10.62499999999999822 ) ) ;
#8919 = AXIS2_PLACEMENT_3D ( 'NONE', #6989, #214, #8284 ) ;
#8920 = CARTESIAN_POINT ( 'NONE',  ( -41.13620667976131529, 0.000000000000000000, 7.500000000000000000 ) ) ;
#8921 = CARTESIAN_POINT ( 'NONE',  ( -72.62888298754663197, 14.99999999999994316, -95.97381846109878722 ) ) ;
#8922 = DIRECTION ( 'NONE',  ( -0.000000000000000000, -1.000000000000000000, -0.000000000000000000 ) ) ;
#8923 = EDGE_CURVE ( 'NONE', #638, #915, #940, .T. ) ;
#8924 = CIRCLE ( 'NONE', #3891, 61.96152422706639840 ) ;
#8925 = LINE ( 'NONE', #620, #3294 ) ;
#8926 = PLANE ( 'NONE',  #7001 ) ;
#8927 = VERTEX_POINT ( 'NONE', #1146 ) ;
#8928 = ORIENTED_EDGE ( 'NONE', *, *, #2704, .T. ) ;
#8929 = ADVANCED_FACE ( 'NONE', ( #7035 ), #310, .T. ) ;
#8930 = DIRECTION ( 'NONE',  ( 0.5000000000000001110, 0.000000000000000000, 0.8660254037844387076 ) ) ;
#8931 = LINE ( 'NONE', #5779, #2050 ) ;
#8932 = DIRECTION ( 'NONE',  ( -1.000000000000000000, 0.000000000000000000, 1.001543065824773222E-16 ) ) ;
#8933 = ORIENTED_EDGE ( 'NONE', *, *, #7707, .F. ) ;
#8934 = CARTESIAN_POINT ( 'NONE',  ( -50.00000000000000000, 6.000000000000000000, 50.00000000000000000 ) ) ;
#8935 = ORIENTED_EDGE ( 'NONE', *, *, #2380, .T. ) ;
#8936 = ORIENTED_EDGE ( 'NONE', *, *, #8469, .F. ) ;
#8937 = DIRECTION ( 'NONE',  ( -0.5000000000000000000, 0.000000000000000000, 0.8660254037844385966 ) ) ;
#8938 = ADVANCED_FACE ( 'NONE', ( #4922 ), #5561, .T. ) ;
#8939 = CIRCLE ( 'NONE', #5006, 51.96152422706628471 ) ;
#8940 = EDGE_CURVE ( 'NONE', #7191, #138, #6987, .T. ) ;
#8941 = ORIENTED_EDGE ( 'NONE', *, *, #168, .F. ) ;
#8942 = VECTOR ( 'NONE', #115, 1000.000000000000000 ) ;
#8943 = VERTEX_POINT ( 'NONE', #1987 ) ;
#8944 = LINE ( 'NONE', #2204, #5528 ) ;
#8945 = AXIS2_PLACEMENT_3D ( 'NONE', #416, #5525, #9466 ) ;
#8946 = CARTESIAN_POINT ( 'NONE',  ( -50.00000000000000000, 6.000000000000000000, 50.00000000000000000 ) ) ;
#8947 = DIRECTION ( 'NONE',  ( -0.5000000000000000000, 0.000000000000000000, -0.8660254037844385966 ) ) ;
#8948 = PLANE ( 'NONE',  #7639 ) ;
#8949 = ADVANCED_FACE ( 'NONE', ( #356 ), #1196, .T. ) ;
#8950 = DIRECTION ( 'NONE',  ( -0.000000000000000000, 1.000000000000000000, -0.000000000000000000 ) ) ;
#8951 = ORIENTED_EDGE ( 'NONE', *, *, #4767, .T. ) ;
#8952 = VECTOR ( 'NONE', #5720, 1000.000000000000114 ) ;
#8953 = ORIENTED_EDGE ( 'NONE', *, *, #2303, .F. ) ;
#8954 = VERTEX_POINT ( 'NONE', #4133 ) ;
#8955 = VECTOR ( 'NONE', #3016, 1000.000000000000000 ) ;
#8956 = ORIENTED_EDGE ( 'NONE', *, *, #6847, .T. ) ;
#8957 = CARTESIAN_POINT ( 'NONE',  ( 48.18039637606665337, 6.000000000000000000, 87.18281677883985026 ) ) ;
#8958 = DIRECTION ( 'NONE',  ( 0.000000000000000000, -1.000000000000000000, 0.000000000000000000 ) ) ;
#8959 = DIRECTION ( 'NONE',  ( -0.4698463103929487183, 0.8660254037844399289, 0.1710100716628430717 ) ) ;
#8960 = FACE_OUTER_BOUND ( 'NONE', #3069, .T. ) ;
#8961 = CARTESIAN_POINT ( 'NONE',  ( 46.54886545341405935, 0.000000000000000000, 10.62499999999999822 ) ) ;
#8962 = EDGE_CURVE ( 'NONE', #341, #4726, #3351, .T. ) ;
#8963 = ORIENTED_EDGE ( 'NONE', *, *, #4517, .T. ) ;
#8964 = CARTESIAN_POINT ( 'NONE',  ( -49.99999999999999289, 147.4213562373095385, 4.647459621556995657 ) ) ;
#8965 = DIRECTION ( 'NONE',  ( -0.000000000000000000, -1.000000000000000000, -0.000000000000000000 ) ) ;
#8966 = AXIS2_PLACEMENT_3D ( 'NONE', #7827, #4032, #1942 ) ;
#8967 = CLOSED_SHELL ( 'NONE', ( #9686, #3933, #4150, #6849, #7339, #3480, #4505, #8717, #2928, #7728, #6561, #4477, #2606, #9381, #7793, #2909, #3679, #7540, #77, #6133, #922, #7073, #9536, #8896, #1765, #612, #2757, #8929, #8043, #1808, #7542, #7841, #1017, #2678, #2632, #6479, #941, #4309, #1247, #4171, #29, #8471, #4045, #8058, #6801, #2451, #3168, #9583, #4896, #1337, #6112, #3487, #3387, #5182, #7696, #7352, #2725, #2189, #4595, #1626, #2931, #758, #5562, #7158, #7079, #5338, #1190, #7395, #5371, #5454, #1754, #4607, #9163, #1296, #8760, #9308, #8559, #3185, #4116, #5112, #1400, #8949, #3472, #701, #5355, #8206, #4794, #5299, #5815, #8062, #9175, #6522, #2213, #8415, #9001, #7203, #9596, #268, #8595, #622, #4704, #9436, #3711, #2776, #2828, #5328, #4623, #6678, #6437, #2023, #4438, #458, #2158, #5831, #1636, #2018, #7279, #1303, #3893, #3319, #1377, #4035, #6155, #9674, #7917, #9441, #7937, #1575, #311, #726, #5712, #544, #5127, #4329, #1489, #4561, #7387, #8185, #7926, #8677, #4391, #729, #1500, #1436, #6122, #7464, #343, #3507, #1758, #7995, #6685, #1645, #1082, #2365, #5072, #2029, #7570, #6964, #9230, #1455, #7678, #3754, #7184, #3108, #8167, #7174, #7501, #20, #3008, #3706, #2430, #6130, #4122, #2329, #1238, #5940, #992, #2051, #4320, #6898, #6975, #15, #6622, #9237, #1613, #4576, #2749, #827, #4473, #3364, #1615, #838, #6709, #1199, #1512, #8612, #9623, #6407, #7911, #425, #4926, #7834, #3644, #751, #6767, #1298, #6915, #219, #4402, #1642, #6498, #6742, #4651, #8629, #1359, #1725, #3429, #2618, #9177, #3059, #5678, #237, #9606, #2399, #2403, #5509, #9154, #3802, #4918, #5892, #9016, #806, #4508, #6176, #4968, #6231, #2049, #5986, #8503, #6863, #5346, #553, #1412, #6218, #3843, #5005, #787, #8938, #1258, #7768, #3061, #5243, #2147, #9479, #1602, #2864, #4234, #6913, #6192, #7566, #5287, #5083, #3788, #2699, #4413, #1001, #1750, #2350, #3065, #6895, #5232, #3368, #6461, #3828, #228, #6943, #3668, #7260, #473, #6936, #4776, #7104, #8906, #602, #326, #1932, #5690, #7285 ) ) ;
#8968 = LINE ( 'NONE', #5228, #4062 ) ;
#8969 = FACE_BOUND ( 'NONE', #830, .T. ) ;
#8970 = CARTESIAN_POINT ( 'NONE',  ( -50.00000000000000000, 6.000000000000000000, -50.00000000000000000 ) ) ;
#8971 = CARTESIAN_POINT ( 'NONE',  ( -19.59551925823888396, 6.000000000000005329, -18.12499999999996092 ) ) ;
#8972 = DIRECTION ( 'NONE',  ( -0.000000000000000000, -1.000000000000000000, -0.000000000000000000 ) ) ;
#8973 = ORIENTED_EDGE ( 'NONE', *, *, #263, .F. ) ;
#8974 = ORIENTED_EDGE ( 'NONE', *, *, #4431, .T. ) ;
#8975 = DIRECTION ( 'NONE',  ( -0.5000000000000001110, 0.000000000000000000, 0.8660254037844385966 ) ) ;
#8976 = DIRECTION ( 'NONE',  ( 0.5000000000000004441, 0.000000000000000000, 0.8660254037844383745 ) ) ;
#8977 = DIRECTION ( 'NONE',  ( -0.4698463103929531592, 0.8660254037844399289, -0.1710100716628304984 ) ) ;
#8978 = ORIENTED_EDGE ( 'NONE', *, *, #6415, .F. ) ;
#8979 = DIRECTION ( 'NONE',  ( -1.000000000000000000, 0.000000000000000000, 0.000000000000000000 ) ) ;
#8980 = ORIENTED_EDGE ( 'NONE', *, *, #4358, .T. ) ;
#8981 = ORIENTED_EDGE ( 'NONE', *, *, #4209, .T. ) ;
#8982 = CARTESIAN_POINT ( 'NONE',  ( -22.73316684934198051, 147.4213562373095385, 45.62499999999995737 ) ) ;
#8983 = ORIENTED_EDGE ( 'NONE', *, *, #2225, .F. ) ;
#8984 = EDGE_CURVE ( 'NONE', #6314, #5121, #256, .T. ) ;
#8985 = VERTEX_POINT ( 'NONE', #6456 ) ;
#8986 = EDGE_CURVE ( 'NONE', #5121, #3931, #3254, .T. ) ;
#8987 = ORIENTED_EDGE ( 'NONE', *, *, #8840, .T. ) ;
#8988 = CYLINDRICAL_SURFACE ( 'NONE', #8989, 4.000000000000016875 ) ;
#8989 = AXIS2_PLACEMENT_3D ( 'NONE', #8252, #1522, #6036 ) ;
#8990 = ORIENTED_EDGE ( 'NONE', *, *, #7873, .F. ) ;
#8991 = DIRECTION ( 'NONE',  ( -0.8789733129752200780, 0.4768709627114717797, 0.000000000000000000 ) ) ;
#8992 = EDGE_CURVE ( 'NONE', #190, #5745, #8916, .T. ) ;
#8993 = LINE ( 'NONE', #2947, #8318 ) ;
#8994 = CARTESIAN_POINT ( 'NONE',  ( -45.46633369868351338, 6.000000000000005329, -42.49999999999998579 ) ) ;
#8995 = DIRECTION ( 'NONE',  ( 0.000000000000000000, 0.000000000000000000, -1.000000000000000000 ) ) ;
#8996 = ORIENTED_EDGE ( 'NONE', *, *, #2535, .T. ) ;
#8997 = ORIENTED_EDGE ( 'NONE', *, *, #5707, .T. ) ;
#8998 = VERTEX_POINT ( 'NONE', #2086 ) ;
#8999 = CARTESIAN_POINT ( 'NONE',  ( -4.330127018922332205, 6.000000000000000000, -50.00000000000000000 ) ) ;
#9000 = LINE ( 'NONE', #21, #3570 ) ;
#9001 = ADVANCED_FACE ( 'NONE', ( #5964 ), #706, .T. ) ;
#9002 = CARTESIAN_POINT ( 'NONE',  ( -41.13620667976124423, 6.000000000000005329, -13.74999999999999822 ) ) ;
#9004 = FACE_OUTER_BOUND ( 'NONE', #7810, .T. ) ;
#9003 = AXIS2_PLACEMENT_3D ( 'NONE', #5549, #7812, #7761 ) ;
#9005 = DIRECTION ( 'NONE',  ( -0.000000000000000000, -1.000000000000000000, -0.000000000000000000 ) ) ;
#9006 = ORIENTED_EDGE ( 'NONE', *, *, #181, .T. ) ;
#9007 = CYLINDRICAL_SURFACE ( 'NONE', #6048, 51.96152422706628471 ) ;
#9008 = DIRECTION ( 'NONE',  ( 1.000000000000000000, 0.000000000000000000, -0.000000000000000000 ) ) ;
#9009 = VECTOR ( 'NONE', #4051, 1000.000000000000000 ) ;
#9010 = PRODUCT_RELATED_PRODUCT_CATEGORY ( 'detail', '', ( #964 ) ) ;
#9011 = EDGE_CURVE ( 'NONE', #5992, #5404, #661, .T. ) ;
#9012 = CARTESIAN_POINT ( 'NONE',  ( 81.78546517605026622, -9.486715189943595306, 71.63791974095211401 ) ) ;
#9013 = DIRECTION ( 'NONE',  ( 0.6427876096865473565, -0.000000000000000000, 0.7660444431189713521 ) ) ;
#9014 = DIRECTION ( 'NONE',  ( -0.4698463103929531592, 0.8660254037844399289, 0.1710100716628304984 ) ) ;
#9015 = CARTESIAN_POINT ( 'NONE',  ( 48.35308504463208124, 6.000000000000000000, -50.00000000000000000 ) ) ;
#9016 = ADVANCED_FACE ( 'NONE', ( #6705 ), #2812, .T. ) ;
#9017 = CARTESIAN_POINT ( 'NONE',  ( 70.99180026031160651, 17.25833024919703718, -81.52318550399952812 ) ) ;
#9018 = AXIS2_PLACEMENT_3D ( 'NONE', #7202, #7734, #1000 ) ;
#9019 = EDGE_CURVE ( 'NONE', #7880, #8998, #1295, .T. ) ;
#9020 = ORIENTED_EDGE ( 'NONE', *, *, #6065, .F. ) ;
#9021 = VECTOR ( 'NONE', #9423, 1000.000000000000000 ) ;
#9022 = ORIENTED_EDGE ( 'NONE', *, *, #263, .T. ) ;
#9023 = DIRECTION ( 'NONE',  ( 0.000000000000000000, 0.000000000000000000, 1.000000000000000000 ) ) ;
#9024 = AXIS2_PLACEMENT_3D ( 'NONE', #2417, #5374, #166 ) ;
#9025 = FACE_BOUND ( 'NONE', #4249, .T. ) ;
#9026 = ORIENTED_EDGE ( 'NONE', *, *, #8707, .F. ) ;
#9027 = EDGE_CURVE ( 'NONE', #9566, #1709, #2035, .T. ) ;
#9028 = CARTESIAN_POINT ( 'NONE',  ( -50.00000000000000000, 6.000000000000000000, 50.00000000000000000 ) ) ;
#9029 = EDGE_LOOP ( 'NONE', ( #7020, #5042, #2853, #5329 ) ) ;
#9030 = ORIENTED_EDGE ( 'NONE', *, *, #8774, .F. ) ;
#9031 = LINE ( 'NONE', #8200, #8131 ) ;
#9032 = ORIENTED_EDGE ( 'NONE', *, *, #9470, .F. ) ;
#9033 = VERTEX_POINT ( 'NONE', #4334 ) ;
#9034 = VECTOR ( 'NONE', #5166, 1000.000000000000000 ) ;
#9035 = ORIENTED_EDGE ( 'NONE', *, *, #2258, .F. ) ;
#9036 = AXIS2_PLACEMENT_3D ( 'NONE', #3703, #1352, #8132 ) ;
#9037 = DIRECTION ( 'NONE',  ( -0.4698463103929531592, 0.8660254037844399289, -0.1710100716628304984 ) ) ;
#9038 = ORIENTED_EDGE ( 'NONE', *, *, #3976, .F. ) ;
#9039 = LINE ( 'NONE', #6734, #5715 ) ;
#9040 = CARTESIAN_POINT ( 'NONE',  ( -91.03044906903043909, -1.986715189943727422, 84.21886854533643429 ) ) ;
#9041 = ORGANIZATION ( 'UNSPECIFIED', 'UNSPECIFIED', '' ) ;
#9042 = CARTESIAN_POINT ( 'NONE',  ( -80.49426287064059693, -5.728384940746157561, 94.21832142862297133 ) ) ;
#9043 = AXIS2_PLACEMENT_3D ( 'NONE', #7998, #4149, #9516 ) ;
#9044 = CARTESIAN_POINT ( 'NONE',  ( 4.564377845115513033, 0.000000000000000000, 12.54052506331302119 ) ) ;
#9045 = ORIENTED_EDGE ( 'NONE', *, *, #1379, .T. ) ;
#9046 = ORIENTED_EDGE ( 'NONE', *, *, #1140, .F. ) ;
#9047 = ORIENTED_EDGE ( 'NONE', *, *, #8910, .F. ) ;
#9048 = DIRECTION ( 'NONE',  ( -0.8789733129752196339, -0.4768709627114723348, 0.000000000000000000 ) ) ;
#9049 = DIRECTION ( 'NONE',  ( -0.000000000000000000, -1.000000000000000000, -0.000000000000000000 ) ) ;
#9050 = CARTESIAN_POINT ( 'NONE',  ( -46.54886545341427961, 6.000000000000005329, 31.87499999999998579 ) ) ;
#9051 = ORIENTED_EDGE ( 'NONE', *, *, #675, .T. ) ;
#9052 = DIRECTION ( 'NONE',  ( 0.4698463103929486073, -0.8660254037844399289, -0.1710100716628430439 ) ) ;
#9053 = DIRECTION ( 'NONE',  ( 0.000000000000000000, 0.000000000000000000, -1.000000000000000000 ) ) ;
#9054 = VERTEX_POINT ( 'NONE', #4233 ) ;
#9055 = VECTOR ( 'NONE', #4202, 1000.000000000000000 ) ;
#9056 = DIRECTION ( 'NONE',  ( -0.8660254037844387076, 0.000000000000000000, 0.5000000000000001110 ) ) ;
#9057 = AXIS2_PLACEMENT_3D ( 'NONE', #9715, #1506, #1462 ) ;
#9058 = DIRECTION ( 'NONE',  ( 0.8137976813493688066, 0.4999999999999977796, -0.2961981327260409524 ) ) ;
#9059 = EDGE_CURVE ( 'NONE', #7462, #1878, #2181, .T. ) ;
#9060 = EDGE_CURVE ( 'NONE', #4490, #1707, #2133, .T. ) ;
#9061 = DIRECTION ( 'NONE',  ( -0.8789733129752194118, -0.4768709627114730010, 0.000000000000000000 ) ) ;
#9062 = AXIS2_PLACEMENT_3D ( 'NONE', #8405, #4660, #7808 ) ;
#9063 = DIRECTION ( 'NONE',  ( 0.000000000000000000, 1.000000000000000000, 0.000000000000000000 ) ) ;
#9064 = VECTOR ( 'NONE', #2937, 1000.000000000000000 ) ;
#9065 = CARTESIAN_POINT ( 'NONE',  ( -25.98076211353308906, 6.000000000000005329, -15.00000000000011546 ) ) ;
#9066 = LINE ( 'NONE', #4676, #6907 ) ;
#9067 = VECTOR ( 'NONE', #5859, 1000.000000000000000 ) ;
#9068 = VERTEX_POINT ( 'NONE', #6657 ) ;
#9069 = ORIENTED_EDGE ( 'NONE', *, *, #5414, .F. ) ;
#9070 = CYLINDRICAL_SURFACE ( 'NONE', #3889, 2.500000000000002220 ) ;
#9071 = DIRECTION ( 'NONE',  ( 0.000000000000000000, 0.000000000000000000, 1.000000000000000000 ) ) ;
#9072 = EDGE_CURVE ( 'NONE', #5344, #8954, #5030, .T. ) ;
#9073 = CARTESIAN_POINT ( 'NONE',  ( 46.54886545341427961, 6.000000000000005329, 31.87499999999998579 ) ) ;
#9074 = ORIENTED_EDGE ( 'NONE', *, *, #7495, .T. ) ;
#9075 = FACE_OUTER_BOUND ( 'NONE', #3232, .T. ) ;
#9076 = ORIENTED_EDGE ( 'NONE', *, *, #2888, .F. ) ;
#9077 = CARTESIAN_POINT ( 'NONE',  ( -65.83204565542118303, 8.999999999999966249, -84.26290891996461596 ) ) ;
#9078 = EDGE_CURVE ( 'NONE', #1210, #8157, #9658, .T. ) ;
#9079 = VERTEX_POINT ( 'NONE', #4386 ) ;
#9080 = ORIENTED_EDGE ( 'NONE', *, *, #2883, .T. ) ;
#9081 = EDGE_CURVE ( 'NONE', #9093, #9290, #6558, .T. ) ;
#9082 = ORIENTED_EDGE ( 'NONE', *, *, #3654, .T. ) ;
#9083 = CARTESIAN_POINT ( 'NONE',  ( -62.31615240352028451, 7.092516149154088900, 84.26290891996461596 ) ) ;
#9084 = ORIENTED_EDGE ( 'NONE', *, *, #5013, .F. ) ;
#9085 = VECTOR ( 'NONE', #8688, 1000.000000000000227 ) ;
#9086 = FACE_OUTER_BOUND ( 'NONE', #5827, .T. ) ;
#9087 = LINE ( 'NONE', #870, #8309 ) ;
#9088 = DIRECTION ( 'NONE',  ( -0.000000000000000000, -1.000000000000000000, -0.000000000000000000 ) ) ;
#9089 = EDGE_CURVE ( 'NONE', #3476, #5752, #7439, .T. ) ;
#9090 = VECTOR ( 'NONE', #2910, 1000.000000000000114 ) ;
#9091 = DIRECTION ( 'NONE',  ( 0.4999999999999998890, 0.000000000000000000, -0.8660254037844385966 ) ) ;
#9092 = ORIENTED_EDGE ( 'NONE', *, *, #2595, .F. ) ;
#9093 = VERTEX_POINT ( 'NONE', #508 ) ;
#9094 = DIRECTION ( 'NONE',  ( -0.4698463103929532703, 0.8660254037844400399, -0.1710100716628305539 ) ) ;
#9095 = DIRECTION ( 'NONE',  ( 0.3420201433256876977, 0.000000000000000000, -0.9396926207859014335 ) ) ;
#9096 = AXIS2_PLACEMENT_3D ( 'NONE', #7942, #9264, #6416 ) ;
#9097 = LINE ( 'NONE', #5314, #7171 ) ;
#9098 = DIRECTION ( 'NONE',  ( -0.000000000000000000, -1.000000000000000000, -0.000000000000000000 ) ) ;
#9099 = VERTEX_POINT ( 'NONE', #2861 ) ;
#9100 = PLANE ( 'NONE',  #369 ) ;
#9101 = LINE ( 'NONE', #6891, #4836 ) ;
#9102 = EDGE_LOOP ( 'NONE', ( #4480, #3767, #9139 ) ) ;
#9103 = VECTOR ( 'NONE', #8976, 1000.000000000000114 ) ;
#9104 = PLANE ( 'NONE',  #2353 ) ;
#9105 = VECTOR ( 'NONE', #9254, 1000.000000000000000 ) ;
#9106 = CARTESIAN_POINT ( 'NONE',  ( 54.69999999999859597, 0.000000000000000000, -54.69999999999979678 ) ) ;
#9107 = VECTOR ( 'NONE', #2782, 1000.000000000000000 ) ;
#9108 = LINE ( 'NONE', #7536, #9574 ) ;
#9109 = VECTOR ( 'NONE', #7243, 1000.000000000000227 ) ;
#9110 = DIRECTION ( 'NONE',  ( 0.5000000000000000000, 0.000000000000000000, 0.8660254037844385966 ) ) ;
#9111 = LINE ( 'NONE', #2369, #1562 ) ;
#9112 = CARTESIAN_POINT ( 'NONE',  ( 32.47595264191693332, 147.4213562373095385, 34.99999999999999289 ) ) ;
#9113 = EDGE_CURVE ( 'NONE', #6430, #7473, #5914, .T. ) ;
#9114 = ORIENTED_EDGE ( 'NONE', *, *, #9059, .T. ) ;
#9115 = EDGE_LOOP ( 'NONE', ( #7069, #8116, #3906, #599 ) ) ;
#9116 = PLANE ( 'NONE',  #170 ) ;
#9117 = DIRECTION ( 'NONE',  ( -0.8789733129752200780, 0.4768709627114717797, 0.000000000000000000 ) ) ;
#9118 = CARTESIAN_POINT ( 'NONE',  ( 49.99999999999999289, 0.000000000000000000, 16.60254037844299901 ) ) ;
#9119 = ORIENTED_EDGE ( 'NONE', *, *, #8013, .T. ) ;
#9120 = CARTESIAN_POINT ( 'NONE',  ( -41.13620667976131529, 147.4213562373095385, 7.500000000000000000 ) ) ;
#9121 = EDGE_CURVE ( 'NONE', #8294, #2065, #1452, .T. ) ;
#9122 = VERTEX_POINT ( 'NONE', #6504 ) ;
#9123 = CARTESIAN_POINT ( 'NONE',  ( -54.69999999999999574, 0.000000000000000000, -54.69999999999999574 ) ) ;
#9124 = VERTEX_POINT ( 'NONE', #5762 ) ;
#9125 = EDGE_LOOP ( 'NONE', ( #1349, #7782, #6692, #3315 ) ) ;
#9126 = VECTOR ( 'NONE', #1680, 1000.000000000000000 ) ;
#9127 = CIRCLE ( 'NONE', #2372, 4.000000000000016875 ) ;
#9128 = ORIENTED_EDGE ( 'NONE', *, *, #8265, .T. ) ;
#9129 = EDGE_CURVE ( 'NONE', #7914, #7729, #1350, .T. ) ;
#9130 = LINE ( 'NONE', #916, #6607 ) ;
#9131 = ORIENTED_EDGE ( 'NONE', *, *, #8451, .T. ) ;
#9132 = CARTESIAN_POINT ( 'NONE',  ( 49.99999999999999289, 6.000000000000000000, 4.647459621556978782 ) ) ;
#9133 = ORIENTED_EDGE ( 'NONE', *, *, #4916, .F. ) ;
#9134 = PLANE ( 'NONE',  #6177 ) ;
#9135 = DIRECTION ( 'NONE',  ( -0.5000000000000016653, 0.000000000000000000, -0.8660254037844377084 ) ) ;
#9136 = LINE ( 'NONE', #7661, #6359 ) ;
#9137 = EDGE_CURVE ( 'NONE', #8151, #3377, #558, .T. ) ;
#9138 = VERTEX_POINT ( 'NONE', #608 ) ;
#9139 = ORIENTED_EDGE ( 'NONE', *, *, #8242, .F. ) ;
#9140 = VERTEX_POINT ( 'NONE', #7342 ) ;
#9141 = FACE_OUTER_BOUND ( 'NONE', #7197, .T. ) ;
#9142 = LINE ( 'NONE', #288, #705 ) ;
#9143 = AXIS2_PLACEMENT_3D ( 'NONE', #5636, #2138, #6663 ) ;
#9144 = VECTOR ( 'NONE', #7477, 1000.000000000000000 ) ;
#9145 = DIRECTION ( 'NONE',  ( 0.5000000000000016653, 0.000000000000000000, -0.8660254037844375974 ) ) ;
#9146 = CARTESIAN_POINT ( 'NONE',  ( 63.00726380300933016, 41.51624119651383182, 37.13459130373446015 ) ) ;
#9147 = EDGE_LOOP ( 'NONE', ( #8458, #6173, #4158, #9051 ) ) ;
#9148 = FACE_OUTER_BOUND ( 'NONE', #7889, .T. ) ;
#9149 = PLANE ( 'NONE',  #3119 ) ;
#9150 = ORIENTED_EDGE ( 'NONE', *, *, #8550, .F. ) ;
#9151 = DIRECTION ( 'NONE',  ( 0.5000000000000001110, 0.000000000000000000, 0.8660254037844387076 ) ) ;
#9152 = AXIS2_PLACEMENT_3D ( 'NONE', #6701, #6654, #7240 ) ;
#9153 = LINE ( 'NONE', #6800, #3280 ) ;
#9154 = ADVANCED_FACE ( 'NONE', ( #6008 ), #9104, .F. ) ;
#9155 = DIRECTION ( 'NONE',  ( -0.000000000000000000, -1.000000000000000000, -0.000000000000000000 ) ) ;
#9156 = LINE ( 'NONE', #3895, #355 ) ;
#9157 = LINE ( 'NONE', #7586, #2804 ) ;
#9158 = CARTESIAN_POINT ( 'NONE',  ( 27.06329386826395123, 147.4213562373095385, 31.87499999999995737 ) ) ;
#9159 = VECTOR ( 'NONE', #4971, 1000.000000000000000 ) ;
#9160 = EDGE_LOOP ( 'NONE', ( #335, #3191, #4266, #1309 ) ) ;
#9161 = VERTEX_POINT ( 'NONE', #6055 ) ;
#9162 = LINE ( 'NONE', #4681, #6873 ) ;
#9163 = ADVANCED_FACE ( 'NONE', ( #6934 ), #1497, .F. ) ;
#9164 = EDGE_CURVE ( 'NONE', #5589, #6641, #3748, .T. ) ;
#9165 = CARTESIAN_POINT ( 'NONE',  ( -70.46463223241228491, 12.75833024919765180, 90.56783441562360792 ) ) ;
#9166 = LINE ( 'NONE', #8428, #98 ) ;
#9167 = AXIS2_PLACEMENT_3D ( 'NONE', #7421, #9, #8253 ) ;
#9168 = EDGE_LOOP ( 'NONE', ( #4044, #329, #5741, #2122 ) ) ;
#9169 = LINE ( 'NONE', #1557, #4298 ) ;
#9170 = EDGE_LOOP ( 'NONE', ( #3018, #4414, #1847, #1916, #8953, #9277 ) ) ;
#9171 = CARTESIAN_POINT ( 'NONE',  ( 14.07291281149736051, 0.000000000000000000, 39.37499999999995737 ) ) ;
#9172 = VECTOR ( 'NONE', #3234, 1000.000000000000000 ) ;
#9173 = ORIENTED_EDGE ( 'NONE', *, *, #8940, .T. ) ;
#9174 = VECTOR ( 'NONE', #5822, 1000.000000000000227 ) ;
#9175 = ADVANCED_FACE ( 'NONE', ( #7532 ), #5270, .T. ) ;
#9176 = EDGE_CURVE ( 'NONE', #8151, #7906, #2265, .T. ) ;
#9177 = ADVANCED_FACE ( 'NONE', ( #6154 ), #9007, .F. ) ;
#9178 = DIRECTION ( 'NONE',  ( -0.4999999999999998890, 0.000000000000000000, -0.8660254037844387076 ) ) ;
#9179 = ORIENTED_EDGE ( 'NONE', *, *, #731, .T. ) ;
#9180 = CARTESIAN_POINT ( 'NONE',  ( 25.92513773453961434, 0.000000000000000000, -12.59634425055632079 ) ) ;
#9181 = ORIENTED_EDGE ( 'NONE', *, *, #1176, .F. ) ;
#9182 = UNCERTAINTY_MEASURE_WITH_UNIT (LENGTH_MEASURE( 1.000000000000000082E-05 ), #1121, 'distance_accuracy_value', 'NONE');
#9183 = FACE_OUTER_BOUND ( 'NONE', #8581, .T. ) ;
#9184 = DIRECTION ( 'NONE',  ( -0.000000000000000000, -1.000000000000000000, -0.000000000000000000 ) ) ;
#9185 = ORIENTED_EDGE ( 'NONE', *, *, #1229, .T. ) ;
#9186 = ORIENTED_EDGE ( 'NONE', *, *, #3328, .F. ) ;
#9187 = ORIENTED_EDGE ( 'NONE', *, *, #8262, .T. ) ;
#9188 = CARTESIAN_POINT ( 'NONE',  ( 66.00000000000132161, 6.000000000000000000, 38.22385819845064958 ) ) ;
#9189 = CARTESIAN_POINT ( 'NONE',  ( -14.07291281149736051, 6.000000000000005329, -39.37499999999995737 ) ) ;
#9190 = AXIS2_PLACEMENT_3D ( 'NONE', #99, #1623, #8995 ) ;
#9191 = CARTESIAN_POINT ( 'NONE',  ( -28.14582562299473878, 147.4213562373095385, 42.49999999999998579 ) ) ;
#9192 = FACE_OUTER_BOUND ( 'NONE', #1275, .T. ) ;
#9193 = ORIENTED_EDGE ( 'NONE', *, *, #7117, .T. ) ;
#9194 = EDGE_CURVE ( 'NONE', #5343, #9534, #8270, .T. ) ;
#9195 = FACE_OUTER_BOUND ( 'NONE', #2172, .T. ) ;
#9196 = CARTESIAN_POINT ( 'NONE',  ( -72.62888298754661776, 20.99999999999993605, -95.97381846109878722 ) ) ;
#9197 = ORIENTED_EDGE ( 'NONE', *, *, #303, .F. ) ;
#9198 = CARTESIAN_POINT ( 'NONE',  ( -71.13257910127273931, 11.62083487540108528, -82.97218668775974493 ) ) ;
#9199 = EDGE_CURVE ( 'NONE', #8734, #607, #7484, .T. ) ;
#9200 = ORIENTED_EDGE ( 'NONE', *, *, #3109, .T. ) ;
#9201 = VECTOR ( 'NONE', #5947, 1000.000000000000000 ) ;
#9202 = CARTESIAN_POINT ( 'NONE',  ( -32.47595264191693332, 0.000000000000000000, 28.74999999999999289 ) ) ;
#9203 = CYLINDRICAL_SURFACE ( 'NONE', #5767, 51.96152422706636997 ) ;
#9204 = DIRECTION ( 'NONE',  ( -0.8789733129752216323, 0.4768709627114691707, 0.000000000000000000 ) ) ;
#9205 = CARTESIAN_POINT ( 'NONE',  ( 25.98076211353308551, 147.4213562373095385, -15.00000000000013323 ) ) ;
#9206 = EDGE_LOOP ( 'NONE', ( #4321, #2077, #5111, #6257 ) ) ;
#9207 = LINE ( 'NONE', #1742, #8955 ) ;
#9208 = ORIENTED_EDGE ( 'NONE', *, *, #2512, .T. ) ;
#9209 = VERTEX_POINT ( 'NONE', #3196 ) ;
#9210 = FACE_OUTER_BOUND ( 'NONE', #1262, .T. ) ;
#9211 = VECTOR ( 'NONE', #643, 1000.000000000000000 ) ;
#9212 = AXIS2_PLACEMENT_3D ( 'NONE', #1290, #1713, #2175 ) ;
#9213 = FACE_BOUND ( 'NONE', #9170, .T. ) ;
#9214 = EDGE_CURVE ( 'NONE', #8212, #7939, #5320, .T. ) ;
#9215 = LINE ( 'NONE', #6992, #761 ) ;
#9216 = ORIENTED_EDGE ( 'NONE', *, *, #909, .T. ) ;
#9217 = CARTESIAN_POINT ( 'NONE',  ( -41.13620667976130818, 6.000000000000000000, -50.00000000000000000 ) ) ;
#9218 = ORIENTED_EDGE ( 'NONE', *, *, #4787, .F. ) ;
#9219 = CARTESIAN_POINT ( 'NONE',  ( 75.23823037617501086, 13.49999999999969624, -50.82336213776299871 ) ) ;
#9220 = ORIENTED_EDGE ( 'NONE', *, *, #9283, .F. ) ;
#9221 = EDGE_CURVE ( 'NONE', #6966, #6733, #5369, .T. ) ;
#9222 = ORIENTED_EDGE ( 'NONE', *, *, #7246, .T. ) ;
#9223 = CARTESIAN_POINT ( 'NONE',  ( -32.47595264191693332, 147.4213562373095385, 28.74999999999999289 ) ) ;
#9224 = ORIENTED_EDGE ( 'NONE', *, *, #8520, .F. ) ;
#9225 = LINE ( 'NONE', #2481, #1139 ) ;
#9226 = ORIENTED_EDGE ( 'NONE', *, *, #3257, .T. ) ;
#9227 = DIRECTION ( 'NONE',  ( -0.3420201433256876422, -0.000000000000000000, 0.9396926207859014335 ) ) ;
#9228 = VECTOR ( 'NONE', #3411, 1000.000000000000000 ) ;
#9229 = PERSON_AND_ORGANIZATION ( #9286, #9041 ) ;
#9230 = ADVANCED_FACE ( 'NONE', ( #5224 ), #3841, .T. ) ;
#9231 = EDGE_LOOP ( 'NONE', ( #5179, #171, #1131, #1667 ) ) ;
#9232 = ORIENTED_EDGE ( 'NONE', *, *, #8333, .T. ) ;
#9233 = ORIENTED_EDGE ( 'NONE', *, *, #2737, .F. ) ;
#9234 = CARTESIAN_POINT ( 'NONE',  ( 100.0730928421691743, 24.75833024919774772, -69.98939073521847831 ) ) ;
#9235 = DIRECTION ( 'NONE',  ( 0.5000000000000001110, 0.000000000000000000, 0.8660254037844385966 ) ) ;
#9236 = DIRECTION ( 'NONE',  ( -0.000000000000000000, -1.000000000000000000, -0.000000000000000000 ) ) ;
#9237 = ADVANCED_FACE ( 'NONE', ( #3106 ), #68, .T. ) ;
#9238 = FACE_OUTER_BOUND ( 'NONE', #1065, .T. ) ;
#9239 = ORIENTED_EDGE ( 'NONE', *, *, #9619, .F. ) ;
#9240 = DIRECTION ( 'NONE',  ( -0.5000000000000001110, 0.000000000000000000, 0.8660254037844387076 ) ) ;
#9241 = CARTESIAN_POINT ( 'NONE',  ( -22.73316684934176024, 6.000000000000005329, 24.37499999999996092 ) ) ;
#9242 = ORIENTED_EDGE ( 'NONE', *, *, #4482, .F. ) ;
#9243 = CYLINDRICAL_SURFACE ( 'NONE', #8404, 4.000000000000016875 ) ;
#9244 = ORIENTED_EDGE ( 'NONE', *, *, #1601, .F. ) ;
#9245 = DIRECTION ( 'NONE',  ( 0.000000000000000000, 0.000000000000000000, -1.000000000000000000 ) ) ;
#9246 = VECTOR ( 'NONE', #3343, 1000.000000000000000 ) ;
#9247 = EDGE_CURVE ( 'NONE', #4060, #8851, #6207, .T. ) ;
#9248 = FACE_OUTER_BOUND ( 'NONE', #8634, .T. ) ;
#9249 = VECTOR ( 'NONE', #9461, 1000.000000000000000 ) ;
#9250 = DIRECTION ( 'NONE',  ( 0.000000000000000000, 0.000000000000000000, 1.000000000000000000 ) ) ;
#9251 = DIRECTION ( 'NONE',  ( -0.5000000000000001110, 0.000000000000000000, -0.8660254037844387076 ) ) ;
#9252 = ORIENTED_EDGE ( 'NONE', *, *, #7546, .T. ) ;
#9253 = AXIS2_PLACEMENT_3D ( 'NONE', #9040, #8300, #1572 ) ;
#9254 = DIRECTION ( 'NONE',  ( -0.000000000000000000, -1.000000000000000000, -0.000000000000000000 ) ) ;
#9255 = EDGE_CURVE ( 'NONE', #5404, #6295, #1690, .T. ) ;
#9256 = VECTOR ( 'NONE', #327, 1000.000000000000114 ) ;
#9257 = DIRECTION ( 'NONE',  ( -0.000000000000000000, -1.000000000000000000, -0.000000000000000000 ) ) ;
#9258 = VECTOR ( 'NONE', #3651, 1000.000000000000000 ) ;
#9259 = FACE_BOUND ( 'NONE', #617, .T. ) ;
#9260 = DIRECTION ( 'NONE',  ( 4.006172263299126906E-16, -0.000000000000000000, 1.000000000000000000 ) ) ;
#9261 = ORIENTED_EDGE ( 'NONE', *, *, #8550, .T. ) ;
#9262 = PLANE ( 'NONE',  #9329 ) ;
#9263 = EDGE_LOOP ( 'NONE', ( #2675, #5642, #8963 ) ) ;
#9264 = DIRECTION ( 'NONE',  ( 0.7660444431189713521, 0.000000000000000000, -0.6427876096865472455 ) ) ;
#9265 = CARTESIAN_POINT ( 'NONE',  ( -4.330127018922190096, 0.000000000000000000, 7.500000000000000888 ) ) ;
#9266 = ORIENTED_EDGE ( 'NONE', *, *, #868, .T. ) ;
#9267 = ORIENTED_EDGE ( 'NONE', *, *, #7583, .T. ) ;
#9268 = CARTESIAN_POINT ( 'NONE',  ( 69.34793890732208865, 10.90748385084585870, 84.26290891996461596 ) ) ;
#9269 = CARTESIAN_POINT ( 'NONE',  ( 78.20696522024182684, 13.49999999999995204, -42.66683018934125471 ) ) ;
#9270 = ORIENTED_EDGE ( 'NONE', *, *, #185, .T. ) ;
#9271 = PLANE ( 'NONE',  #2419 ) ;
#9272 = DIRECTION ( 'NONE',  ( 0.000000000000000000, 0.000000000000000000, 1.000000000000000000 ) ) ;
#9273 = EDGE_LOOP ( 'NONE', ( #7316, #58, #1126, #226, #7589, #5063, #3503, #1318 ) ) ;
#9274 = CARTESIAN_POINT ( 'NONE',  ( 83.46282394258763304, -5.728384940746060749, 86.06226691517680649 ) ) ;
#9275 = EDGE_CURVE ( 'NONE', #650, #3468, #888, .T. ) ;
#9276 = CARTESIAN_POINT ( 'NONE',  ( 70.46463223241228491, 12.75833024919765180, -90.56783441562360792 ) ) ;
#9277 = ORIENTED_EDGE ( 'NONE', *, *, #2064, .F. ) ;
#9278 = EDGE_CURVE ( 'NONE', #2554, #6741, #3153, .T. ) ;
#9279 = EDGE_LOOP ( 'NONE', ( #1144, #5803, #332, #8751 ) ) ;
#9280 = ORIENTED_EDGE ( 'NONE', *, *, #4570, .F. ) ;
#9281 = LINE ( 'NONE', #9234, #7874 ) ;
#9282 = DIRECTION ( 'NONE',  ( 1.000000000000000000, 1.308353425290363404E-16, 0.000000000000000000 ) ) ;
#9283 = EDGE_CURVE ( 'NONE', #3295, #886, #2411, .T. ) ;
#9284 = DIRECTION ( 'NONE',  ( -1.000000000000000000, 0.000000000000000000, 0.000000000000000000 ) ) ;
#9285 = LINE ( 'NONE', #4706, #9553 ) ;
#9286 = PERSON ( 'UNSPECIFIED', 'UNSPECIFIED', 'UNSPECIFIED', ('UNSPECIFIED'), ('UNSPECIFIED'), ('UNSPECIFIED') ) ;
#9287 = EDGE_LOOP ( 'NONE', ( #148, #6426, #1663, #3311 ) ) ;
#9288 = CARTESIAN_POINT ( 'NONE',  ( -41.13620667976131529, 6.000000000000005329, 28.74999999999999289 ) ) ;
#9289 = LINE ( 'NONE', #2544, #5804 ) ;
#9290 = VERTEX_POINT ( 'NONE', #1877 ) ;
#9291 = CARTESIAN_POINT ( 'NONE',  ( -65.96544382900106029, 6.000000000000000000, 38.31880049797258181 ) ) ;
#9292 = EDGE_LOOP ( 'NONE', ( #7459, #3, #1561, #7997 ) ) ;
#9293 = DIRECTION ( 'NONE',  ( 0.000000000000000000, 1.000000000000000000, 0.000000000000000000 ) ) ;
#9294 = EDGE_CURVE ( 'NONE', #1422, #6404, #1136, .T. ) ;
#9295 = CARTESIAN_POINT ( 'NONE',  ( 11.26739772084300917, 147.4213562373095385, 34.51570532158541482 ) ) ;
#9296 = FACE_OUTER_BOUND ( 'NONE', #4948, .T. ) ;
#9297 = FACE_BOUND ( 'NONE', #8174, .T. ) ;
#9298 = ORIENTED_EDGE ( 'NONE', *, *, #5959, .T. ) ;
#9299 = VECTOR ( 'NONE', #2161, 1000.000000000000000 ) ;
#9300 = LINE ( 'NONE', #7084, #8795 ) ;
#9301 = EDGE_CURVE ( 'NONE', #970, #8339, #7920, .T. ) ;
#9302 = PLANE ( 'NONE',  #9406 ) ;
#9303 = EDGE_CURVE ( 'NONE', #1531, #8557, #2134, .T. ) ;
#9304 = DIRECTION ( 'NONE',  ( 0.000000000000000000, 0.000000000000000000, 1.000000000000000000 ) ) ;
#9305 = EDGE_CURVE ( 'NONE', #3580, #9161, #446, .T. ) ;
#9306 = DIRECTION ( 'NONE',  ( 0.000000000000000000, -0.000000000000000000, -1.000000000000000000 ) ) ;
#9307 = DIRECTION ( 'NONE',  ( 0.000000000000000000, -1.000000000000000000, 0.000000000000000000 ) ) ;
#9308 = ADVANCED_FACE ( 'NONE', ( #7180 ), #8648, .F. ) ;
#9309 = ORIENTED_EDGE ( 'NONE', *, *, #8124, .F. ) ;
#9310 = FACE_BOUND ( 'NONE', #5829, .T. ) ;
#9311 = VERTEX_POINT ( 'NONE', #8500 ) ;
#9312 = EDGE_CURVE ( 'NONE', #3623, #7530, #1183, .T. ) ;
#9313 = DIRECTION ( 'NONE',  ( -0.8789733129752200780, 0.4768709627114717797, 0.000000000000000000 ) ) ;
#9314 = CARTESIAN_POINT ( 'NONE',  ( 32.47595264191693332, 6.000000000000005329, 7.500000000000000888 ) ) ;
#9315 = VECTOR ( 'NONE', #3006, 1000.000000000000000 ) ;
#9316 = ORIENTED_EDGE ( 'NONE', *, *, #962, .T. ) ;
#9317 = VERTEX_POINT ( 'NONE', #3394 ) ;
#9318 = LINE ( 'NONE', #7258, #5557 ) ;
#9319 = AXIS2_PLACEMENT_3D ( 'NONE', #5537, #1670, #6182 ) ;
#9320 = EDGE_CURVE ( 'NONE', #6592, #9124, #1776, .T. ) ;
#9321 = FACE_OUTER_BOUND ( 'NONE', #5542, .T. ) ;
#9322 = CARTESIAN_POINT ( 'NONE',  ( -8.652233963711523757, 0.000000000000000000, -21.23610882412133094 ) ) ;
#9323 = ORIENTED_EDGE ( 'NONE', *, *, #1270, .F. ) ;
#9324 = CARTESIAN_POINT ( 'NONE',  ( -78.20696522024182684, 13.49999999999995204, 42.66683018934125471 ) ) ;
#9325 = CARTESIAN_POINT ( 'NONE',  ( 45.46633369868351338, 0.000000000000000000, -42.49999999999998579 ) ) ;
#9326 = VERTEX_POINT ( 'NONE', #4910 ) ;
#9327 = DIRECTION ( 'NONE',  ( -0.000000000000000000, -1.000000000000000000, -0.000000000000000000 ) ) ;
#9328 = CARTESIAN_POINT ( 'NONE',  ( 4.330127018922044435, 147.4213562373095385, 49.99999999999999289 ) ) ;
#9329 = AXIS2_PLACEMENT_3D ( 'NONE', #1053, #3362, #7783 ) ;
#9330 = ORIENTED_EDGE ( 'NONE', *, *, #9113, .T. ) ;
#9331 = VERTEX_POINT ( 'NONE', #3443 ) ;
#9332 = LINE ( 'NONE', #3282, #3161 ) ;
#9333 = CARTESIAN_POINT ( 'NONE',  ( -94.78815159566664761, 22.87916512459876017, -74.99322121832196331 ) ) ;
#9334 = DIRECTION ( 'NONE',  ( 0.000000000000000000, 0.000000000000000000, 1.000000000000000000 ) ) ;
#9335 = EDGE_CURVE ( 'NONE', #9317, #7939, #2454, .T. ) ;
#9336 = DIRECTION ( 'NONE',  ( 0.000000000000000000, 0.000000000000000000, -1.000000000000000000 ) ) ;
#9337 = DIRECTION ( 'NONE',  ( 1.000000000000000000, 0.000000000000000000, 0.000000000000000000 ) ) ;
#9338 = CARTESIAN_POINT ( 'NONE',  ( 9.742785792574935044, 6.000000000000005329, 10.62499999999999822 ) ) ;
#9339 = EDGE_LOOP ( 'NONE', ( #3279, #9560, #5653, #4777 ) ) ;
#9340 = CARTESIAN_POINT ( 'NONE',  ( -79.87143568757763035, 17.25855025242403329, 57.12770181004839998 ) ) ;
#9341 = EDGE_LOOP ( 'NONE', ( #7558, #3019, #6889, #9687 ) ) ;
#9342 = ORIENTED_EDGE ( 'NONE', *, *, #9591, .F. ) ;
#9343 = DIRECTION ( 'NONE',  ( 0.8789733129752216323, 0.4768709627114691707, 0.000000000000000000 ) ) ;
#9344 = CIRCLE ( 'NONE', #4157, 51.96152422706631313 ) ;
#9345 = DIRECTION ( 'NONE',  ( -1.000000000000000000, -0.000000000000000000, -0.000000000000000000 ) ) ;
#9346 = LINE ( 'NONE', #1781, #201 ) ;
#9347 = VECTOR ( 'NONE', #6058, 1000.000000000000227 ) ;
#9348 = FACE_BOUND ( 'NONE', #286, .T. ) ;
#9349 = ORIENTED_EDGE ( 'NONE', *, *, #7727, .F. ) ;
#9350 = CARTESIAN_POINT ( 'NONE',  ( 8.660254037844241637, 6.000000000000005329, 42.49999999999999289 ) ) ;
#9351 = VECTOR ( 'NONE', #372, 1000.000000000000227 ) ;
#9352 = EDGE_CURVE ( 'NONE', #1033, #5504, #5460, .T. ) ;
#9353 = EDGE_CURVE ( 'NONE', #4385, #5723, #3243, .T. ) ;
#9354 = LINE ( 'NONE', #3354, #1868 ) ;
#9355 = FACE_OUTER_BOUND ( 'NONE', #6671, .T. ) ;
#9356 = CARTESIAN_POINT ( 'NONE',  ( 41.13620667976124423, 0.000000000000000000, -13.74999999999999822 ) ) ;
#9357 = DIRECTION ( 'NONE',  ( 1.000000000000000000, 0.000000000000000000, -4.006172263299126906E-16 ) ) ;
#9358 = ORIENTED_EDGE ( 'NONE', *, *, #4866, .F. ) ;
#9359 = CARTESIAN_POINT ( 'NONE',  ( -50.00000000000000000, 6.000000000000000000, 50.00000000000000000 ) ) ;
#9360 = ORIENTED_EDGE ( 'NONE', *, *, #7897, .F. ) ;
#9361 = PLANE ( 'NONE',  #315 ) ;
#9362 = CYLINDRICAL_SURFACE ( 'NONE', #6069, 2.499999999999273470 ) ;
#9363 = CIRCLE ( 'NONE', #9696, 2.500000000000002220 ) ;
#9364 = VERTEX_POINT ( 'NONE', #6245 ) ;
#9365 = VERTEX_POINT ( 'NONE', #1733 ) ;
#9366 = VECTOR ( 'NONE', #552, 1000.000000000000227 ) ;
#9367 = CARTESIAN_POINT ( 'NONE',  ( 32.47595264191693332, 147.4213562373095385, 28.74999999999999289 ) ) ;
#9368 = CARTESIAN_POINT ( 'NONE',  ( -25.98076211353308906, 6.000000000000005329, -15.00000000000011546 ) ) ;
#9369 = DIRECTION ( 'NONE',  ( 0.000000000000000000, 0.000000000000000000, -1.000000000000000000 ) ) ;
#9370 = VERTEX_POINT ( 'NONE', #2546 ) ;
#9371 = LINE ( 'NONE', #4996, #3042 ) ;
#9373 = EDGE_CURVE ( 'NONE', #5368, #7191, #3341, .T. ) ;
#9372 = DIRECTION ( 'NONE',  ( -0.4999999999999996114, 0.000000000000000000, -0.8660254037844389297 ) ) ;
#9374 = AXIS2_PLACEMENT_3D ( 'NONE', #1328, #493, #9438 ) ;
#9375 = ORIENTED_EDGE ( 'NONE', *, *, #5052, .F. ) ;
#9376 = DIRECTION ( 'NONE',  ( 1.000000000000000000, 0.000000000000000000, 6.713255375082617595E-16 ) ) ;
#9377 = VECTOR ( 'NONE', #857, 999.9999999999998863 ) ;
#9378 = EDGE_CURVE ( 'NONE', #3083, #4782, #7717, .T. ) ;
#9379 = PERSON_AND_ORGANIZATION ( #9286, #9041 ) ;
#9380 = EDGE_LOOP ( 'NONE', ( #1410, #3246, #6725, #7508 ) ) ;
#9381 = ADVANCED_FACE ( 'NONE', ( #981 ), #9243, .F. ) ;
#9382 = ORIENTED_EDGE ( 'NONE', *, *, #4619, .T. ) ;
#9383 = VECTOR ( 'NONE', #8472, 1000.000000000000227 ) ;
#9384 = EDGE_LOOP ( 'NONE', ( #5461, #4848, #9725, #7095 ) ) ;
#9385 = LINE ( 'NONE', #6330, #7077 ) ;
#9386 = DIRECTION ( 'NONE',  ( 0.000000000000000000, 0.000000000000000000, 1.000000000000000000 ) ) ;
#9387 = CARTESIAN_POINT ( 'NONE',  ( 41.13620667976131529, 147.4213562373095385, 28.74999999999999289 ) ) ;
#9388 = EDGE_CURVE ( 'NONE', #5236, #2253, #7764, .T. ) ;
#9389 = AXIS2_PLACEMENT_3D ( 'NONE', #1749, #5568, #3213 ) ;
#9390 = CARTESIAN_POINT ( 'NONE',  ( 96.95441172355114645, -1.986715189943540016, 67.94291491834900398 ) ) ;
#9391 = ORIENTED_EDGE ( 'NONE', *, *, #2307, .T. ) ;
#9392 = LINE ( 'NONE', #4906, #2880 ) ;
#9393 = FACE_OUTER_BOUND ( 'NONE', #8904, .T. ) ;
#9394 = ORIENTED_EDGE ( 'NONE', *, *, #4564, .T. ) ;
#9395 = DIRECTION ( 'NONE',  ( -1.000000000000000000, 0.000000000000000000, 0.000000000000000000 ) ) ;
#9396 = ORIENTED_EDGE ( 'NONE', *, *, #7215, .T. ) ;
#9397 = ORIENTED_EDGE ( 'NONE', *, *, #2458, .T. ) ;
#9398 = ORIENTED_EDGE ( 'NONE', *, *, #1746, .F. ) ;
#9399 = DIRECTION ( 'NONE',  ( 0.5337593939265714571, -0.4330127018922133031, -0.7263614178872279670 ) ) ;
#9400 = FACE_OUTER_BOUND ( 'NONE', #6099, .T. ) ;
#9401 = DIRECTION ( 'NONE',  ( 0.8660254037844362651, -0.000000000000000000, 0.5000000000000042188 ) ) ;
#9402 = CARTESIAN_POINT ( 'NONE',  ( 48.18039637606665337, 0.000000000000000000, -87.18281677883985026 ) ) ;
#9403 = FACE_BOUND ( 'NONE', #3699, .T. ) ;
#9404 = EDGE_LOOP ( 'NONE', ( #2381, #2435, #5626, #4684 ) ) ;
#9405 = LINE ( 'NONE', #4765, #5186 ) ;
#9406 = AXIS2_PLACEMENT_3D ( 'NONE', #312, #7196, #6458 ) ;
#9407 = VECTOR ( 'NONE', #5027, 1000.000000000000000 ) ;
#9408 = CARTESIAN_POINT ( 'NONE',  ( 72.62888298754663197, 14.99999999999994316, -95.97381846109878722 ) ) ;
#9409 = EDGE_CURVE ( 'NONE', #9575, #799, #7025, .T. ) ;
#9410 = LINE ( 'NONE', #360, #7700 ) ;
#9411 = FACE_BOUND ( 'NONE', #2400, .T. ) ;
#9412 = VECTOR ( 'NONE', #9417, 1000.000000000000000 ) ;
#9413 = CARTESIAN_POINT ( 'NONE',  ( -30.40590262964586188, 6.000000000000000000, 66.00000000000000000 ) ) ;
#9414 = EDGE_CURVE ( 'NONE', #3862, #4990, #9344, .T. ) ;
#9415 = ORIENTED_EDGE ( 'NONE', *, *, #2766, .F. ) ;
#9416 = DIRECTION ( 'NONE',  ( -0.4999999999999983902, 0.000000000000000000, -0.8660254037844394848 ) ) ;
#9417 = DIRECTION ( 'NONE',  ( -1.000000000000000000, 0.000000000000000000, 0.000000000000000000 ) ) ;
#9418 = DIRECTION ( 'NONE',  ( 0.000000000000000000, 0.000000000000000000, -1.000000000000000000 ) ) ;
#9419 = VECTOR ( 'NONE', #3608, 1000.000000000000000 ) ;
#9420 = ORIENTED_EDGE ( 'NONE', *, *, #577, .T. ) ;
#9421 = AXIS2_PLACEMENT_3D ( 'NONE', #2604, #2710, #5614 ) ;
#9422 = VERTEX_POINT ( 'NONE', #5604 ) ;
#9423 = DIRECTION ( 'NONE',  ( -0.000000000000000000, -1.000000000000000000, -0.000000000000000000 ) ) ;
#9424 = FACE_OUTER_BOUND ( 'NONE', #9380, .T. ) ;
#9425 = EDGE_CURVE ( 'NONE', #1829, #5976, #8603, .T. ) ;
#9426 = DIRECTION ( 'NONE',  ( -0.8789733129752194118, 0.4768709627114730010, 0.000000000000000000 ) ) ;
#9427 = EDGE_LOOP ( 'NONE', ( #5606, #8137, #7652 ) ) ;
#9428 = DIRECTION ( 'NONE',  ( 1.000000000000000000, 0.000000000000000000, -0.000000000000000000 ) ) ;
#9429 = ORIENTED_EDGE ( 'NONE', *, *, #5951, .F. ) ;
#9430 = DIRECTION ( 'NONE',  ( -0.8660254037844387076, 0.000000000000000000, -0.5000000000000001110 ) ) ;
#9431 = PERSON_AND_ORGANIZATION ( #9286, #9041 ) ;
#9432 = EDGE_LOOP ( 'NONE', ( #961, #4427, #3720, #3511 ) ) ;
#9433 = VECTOR ( 'NONE', #9257, 1000.000000000000000 ) ;
#9434 = ORIENTED_EDGE ( 'NONE', *, *, #3267, .F. ) ;
#9435 = DIRECTION ( 'NONE',  ( 0.000000000000000000, 1.000000000000000000, 0.000000000000000000 ) ) ;
#9436 = ADVANCED_FACE ( 'NONE', ( #1439, #499, #9590, #1235 ), #2166, .F. ) ;
#9437 = DIRECTION ( 'NONE',  ( -0.3420201433256876422, -0.000000000000000000, -0.9396926207859014335 ) ) ;
#9438 = DIRECTION ( 'NONE',  ( -0.8789733129752195229, 0.4768709627114723903, 0.000000000000000000 ) ) ;
#9439 = CARTESIAN_POINT ( 'NONE',  ( 54.69999999999838280, 0.000000000000000000, 52.19999999999951257 ) ) ;
#9440 = ORIENTED_EDGE ( 'NONE', *, *, #2209, .T. ) ;
#9441 = ADVANCED_FACE ( 'NONE', ( #2698 ), #7425, .T. ) ;
#9442 = LINE ( 'NONE', #9488, #3670 ) ;
#9443 = LINE ( 'NONE', #5748, #2978 ) ;
#9444 = EDGE_LOOP ( 'NONE', ( #449, #5953, #779, #1321 ) ) ;
#9445 = CARTESIAN_POINT ( 'NONE',  ( 90.41393044048240313, 14.99999999999994316, 47.10980218023188115 ) ) ;
#9446 = EDGE_CURVE ( 'NONE', #8668, #7142, #3639, .T. ) ;
#9447 = EDGE_LOOP ( 'NONE', ( #1885, #7974, #9224, #186 ) ) ;
#9448 = EDGE_LOOP ( 'NONE', ( #5246, #2433, #8754, #4589 ) ) ;
#9449 = ORIENTED_EDGE ( 'NONE', *, *, #7244, .T. ) ;
#9450 = CARTESIAN_POINT ( 'NONE',  ( 50.00000000000000000, 147.4213562373095385, 37.85254037844266151 ) ) ;
#9451 = LINE ( 'NONE', #7334, #8426 ) ;
#9452 = DIRECTION ( 'NONE',  ( 0.8757795372522685362, -0.4330127018922241278, -0.2133312028986814046 ) ) ;
#9453 = CARTESIAN_POINT ( 'NONE',  ( 49.99999999999999289, 6.000000000000000000, 50.00000000000000000 ) ) ;
#9454 = LINE ( 'NONE', #4434, #7036 ) ;
#9455 = VERTEX_POINT ( 'NONE', #5851 ) ;
#9456 = DIRECTION ( 'NONE',  ( -0.5000000000000001110, 0.000000000000000000, 0.8660254037844385966 ) ) ;
#9457 = CARTESIAN_POINT ( 'NONE',  ( 48.35308504463209545, 0.000000000000000000, -50.00000000000000000 ) ) ;
#9458 = ORIENTED_EDGE ( 'NONE', *, *, #3360, .T. ) ;
#9459 = EDGE_CURVE ( 'NONE', #3209, #7129, #3589, .T. ) ;
#9460 = DIRECTION ( 'NONE',  ( -0.6427876096865473565, -0.000000000000000000, -0.7660444431189713521 ) ) ;
#9461 = DIRECTION ( 'NONE',  ( 1.000000000000000000, 0.000000000000000000, 0.000000000000000000 ) ) ;
#9462 = VECTOR ( 'NONE', #4674, 1000.000000000000114 ) ;
#9463 = DIRECTION ( 'NONE',  ( 0.4698463103929487183, 0.8660254037844400399, 0.1710100716628430717 ) ) ;
#9464 = ORIENTED_EDGE ( 'NONE', *, *, #3012, .T. ) ;
#9465 = CARTESIAN_POINT ( 'NONE',  ( -77.96702912130204766, 14.99999999999994316, 81.30738249685771279 ) ) ;
#9466 = DIRECTION ( 'NONE',  ( 0.4999999999999993339, 0.000000000000000000, 0.8660254037844389297 ) ) ;
#9467 = DIRECTION ( 'NONE',  ( -0.5000000000000001110, 0.000000000000000000, -0.8660254037844387076 ) ) ;
#9468 = ORIENTED_EDGE ( 'NONE', *, *, #7026, .T. ) ;
#9469 = ORIENTED_EDGE ( 'NONE', *, *, #7692, .F. ) ;
#9470 = EDGE_CURVE ( 'NONE', #8199, #1508, #4319, .T. ) ;
#9471 = CARTESIAN_POINT ( 'NONE',  ( 91.22514731035191460, -7.579231339097514564, -55.36244354894026998 ) ) ;
#9472 = FACE_OUTER_BOUND ( 'NONE', #5812, .T. ) ;
#9473 = CYLINDRICAL_SURFACE ( 'NONE', #2599, 6.999999999999942268 ) ;
#9474 = CIRCLE ( 'NONE', #9644, 6.999999999999941380 ) ;
#9475 = ORIENTED_EDGE ( 'NONE', *, *, #9617, .T. ) ;
#9476 = DIRECTION ( 'NONE',  ( -0.4999999999999998335, 0.000000000000000000, 0.8660254037844387076 ) ) ;
#9477 = LINE ( 'NONE', #8737, #9009 ) ;
#9478 = ORIENTED_EDGE ( 'NONE', *, *, #6761, .T. ) ;
#9479 = ADVANCED_FACE ( 'NONE', ( #5117 ), #3491, .T. ) ;
#9480 = VECTOR ( 'NONE', #2436, 1000.000000000000227 ) ;
#9481 = EDGE_CURVE ( 'NONE', #4997, #5439, #5426, .T. ) ;
#9482 = ORIENTED_EDGE ( 'NONE', *, *, #3139, .T. ) ;
#9483 = CARTESIAN_POINT ( 'NONE',  ( 35.52517649845234615, 6.000000000000005329, -7.500000000000000000 ) ) ;
#9484 = CARTESIAN_POINT ( 'NONE',  ( -84.48338804127510571, 20.99999999999955591, 63.40383350717172561 ) ) ;
#9485 = DIRECTION ( 'NONE',  ( -0.4698463103929531592, 0.8660254037844399289, 0.1710100716628304984 ) ) ;
#9486 = ORIENTED_EDGE ( 'NONE', *, *, #6853, .F. ) ;
#9488 = CARTESIAN_POINT ( 'NONE',  ( 41.13620667976131529, 147.4213562373095385, -7.500000000000000000 ) ) ;
#9487 = AXIS2_PLACEMENT_3D ( 'NONE', #5102, #9430, #8789 ) ;
#9489 = LINE ( 'NONE', #2118, #7371 ) ;
#9490 = CARTESIAN_POINT ( 'NONE',  ( -48.18039637606665337, 6.000000000000000000, 87.18281677883985026 ) ) ;
#9491 = CARTESIAN_POINT ( 'NONE',  ( -100.0730928421691743, 24.75833024919774772, -69.98939073521847831 ) ) ;
#9492 = VECTOR ( 'NONE', #6886, 1000.000000000000227 ) ;
#9493 = ORIENTED_EDGE ( 'NONE', *, *, #8441, .F. ) ;
#9494 = ORIENTED_EDGE ( 'NONE', *, *, #3344, .T. ) ;
#9495 = VERTEX_POINT ( 'NONE', #5701 ) ;
#9496 = DIRECTION ( 'NONE',  ( -0.5000000000000001110, 0.000000000000000000, -0.8660254037844385966 ) ) ;
#9497 = VECTOR ( 'NONE', #7694, 1000.000000000000227 ) ;
#9498 = EDGE_CURVE ( 'NONE', #3817, #8259, #8698, .T. ) ;
#9499 = DIRECTION ( 'NONE',  ( 0.3420201433256623291, -0.000000000000000000, 0.9396926207859106484 ) ) ;
#9500 = LINE ( 'NONE', #6608, #7431 ) ;
#9501 = CARTESIAN_POINT ( 'NONE',  ( 0.000000000000000000, 6.000000000000000000, 0.000000000000000000 ) ) ;
#9502 = EDGE_CURVE ( 'NONE', #6579, #2054, #648, .T. ) ;
#9503 = ORIENTED_EDGE ( 'NONE', *, *, #8353, .T. ) ;
#9504 = DIRECTION ( 'NONE',  ( -0.4698463103929531592, 0.8660254037844399289, 0.1710100716628304984 ) ) ;
#9505 = AXIS2_PLACEMENT_3D ( 'NONE', #3874, #3826, #5997 ) ;
#9506 = DIRECTION ( 'NONE',  ( 1.000000000000000000, 0.000000000000000000, -0.000000000000000000 ) ) ;
#9507 = CARTESIAN_POINT ( 'NONE',  ( 10.17883965411065006, 147.4213562373095385, -31.11973255698393359 ) ) ;
#9508 = LINE ( 'NONE', #1253, #6114 ) ;
#9509 = LINE ( 'NONE', #7296, #1395 ) ;
#9510 = ORIENTED_EDGE ( 'NONE', *, *, #1135, .F. ) ;
#9511 = LINE ( 'NONE', #7992, #2896 ) ;
#9512 = CARTESIAN_POINT ( 'NONE',  ( 9.742785792574935044, 147.4213562373095385, 10.62499999999999822 ) ) ;
#9513 = CARTESIAN_POINT ( 'NONE',  ( -50.00000000000000000, 0.000000000000000000, -50.00000000000000000 ) ) ;
#9514 = ORIENTED_EDGE ( 'NONE', *, *, #6605, .T. ) ;
#9515 = ORIENTED_EDGE ( 'NONE', *, *, #984, .T. ) ;
#9516 = DIRECTION ( 'NONE',  ( 0.5000000000000006661, 0.000000000000000000, 0.8660254037844382635 ) ) ;
#9517 = CARTESIAN_POINT ( 'NONE',  ( 22.73316684934176379, 147.4213562373095385, 39.37499999999995737 ) ) ;
#9518 = DIRECTION ( 'NONE',  ( 0.8789733129752200780, 0.4768709627114717797, 0.000000000000000000 ) ) ;
#9519 = EDGE_CURVE ( 'NONE', #7473, #4556, #9643, .T. ) ;
#9520 = ORIENTED_EDGE ( 'NONE', *, *, #1379, .F. ) ;
#9521 = DIRECTION ( 'NONE',  ( 0.000000000000000000, 1.000000000000000000, 0.000000000000000000 ) ) ;
#9522 = AXIS2_PLACEMENT_3D ( 'NONE', #7964, #4854, #9336 ) ;
#9523 = ORIENTED_EDGE ( 'NONE', *, *, #949, .T. ) ;
#9524 = LINE ( 'NONE', #2009, #6962 ) ;
#9525 = CIRCLE ( 'NONE', #1214, 4.000000000000016875 ) ;
#9526 = ORIENTED_EDGE ( 'NONE', *, *, #6137, .T. ) ;
#9527 = VERTEX_POINT ( 'NONE', #2799 ) ;
#9528 = VERTEX_POINT ( 'NONE', #6542 ) ;
#9529 = CARTESIAN_POINT ( 'NONE',  ( -72.62888298754663197, 14.99999999999994316, 95.97381846109878722 ) ) ;
#9530 = VECTOR ( 'NONE', #1291, 1000.000000000000000 ) ;
#9531 = VECTOR ( 'NONE', #7507, 1000.000000000000000 ) ;
#9532 = CARTESIAN_POINT ( 'NONE',  ( -46.54886545341427961, 0.000000000000000000, -31.87499999999998579 ) ) ;
#9533 = FACE_OUTER_BOUND ( 'NONE', #4962, .T. ) ;
#9534 = VERTEX_POINT ( 'NONE', #2900 ) ;
#9535 = DIRECTION ( 'NONE',  ( -1.000000000000000000, 0.000000000000000000, 0.000000000000000000 ) ) ;
#9536 = ADVANCED_FACE ( 'NONE', ( #4270 ), #5901, .T. ) ;
#9537 = DIRECTION ( 'NONE',  ( -0.000000000000000000, -1.000000000000000000, -0.000000000000000000 ) ) ;
#9538 = PLANE ( 'NONE',  #8810 ) ;
#9539 = DIRECTION ( 'NONE',  ( -1.000000000000000000, 0.000000000000000000, -0.000000000000000000 ) ) ;
#9540 = AXIS2_PLACEMENT_3D ( 'NONE', #9012, #5422, #802 ) ;
#9541 = ORIENTED_EDGE ( 'NONE', *, *, #8225, .F. ) ;
#9542 = VERTEX_POINT ( 'NONE', #4218 ) ;
#9543 = EDGE_LOOP ( 'NONE', ( #5158, #5852, #8638 ) ) ;
#9544 = ORIENTED_EDGE ( 'NONE', *, *, #4015, .T. ) ;
#9545 = DIRECTION ( 'NONE',  ( -0.4999999999999996114, 0.000000000000000000, 0.8660254037844389297 ) ) ;
#9546 = CARTESIAN_POINT ( 'NONE',  ( -63.39065261137343299, 13.49999999999930722, -83.37431452178670099 ) ) ;
#9547 = CARTESIAN_POINT ( 'NONE',  ( 25.49447007271216137, 6.000000000000005329, -7.907717477981577758 ) ) ;
#9548 = EDGE_CURVE ( 'NONE', #1035, #1485, #8900, .T. ) ;
#9549 = DIRECTION ( 'NONE',  ( -0.4698463103929487183, 0.8660254037844400399, 0.1710100716628430717 ) ) ;
#9550 = LINE ( 'NONE', #2708, #4047 ) ;
#9551 = ORIENTED_EDGE ( 'NONE', *, *, #1549, .T. ) ;
#9552 = CARTESIAN_POINT ( 'NONE',  ( -72.62888298754663197, 14.99999999999994316, -95.97381846109878722 ) ) ;
#9553 = VECTOR ( 'NONE', #1771, 1000.000000000000000 ) ;
#9554 = DIRECTION ( 'NONE',  ( 0.5000000000000000000, 0.000000000000000000, 0.8660254037844385966 ) ) ;
#9555 = EDGE_CURVE ( 'NONE', #1669, #4240, #7278, .T. ) ;
#9556 = DIRECTION ( 'NONE',  ( 0.4698463103929531592, 0.8660254037844399289, -0.1710100716628304984 ) ) ;
#9557 = DIRECTION ( 'NONE',  ( 0.5000000000000001110, 0.000000000000000000, -0.8660254037844385966 ) ) ;
#9558 = CARTESIAN_POINT ( 'NONE',  ( -66.00000000000000000, 6.000000000000000000, -38.22385819845018062 ) ) ;
#9559 = DIRECTION ( 'NONE',  ( 0.5000000000000000000, 0.000000000000000000, -0.8660254037844385966 ) ) ;
#9560 = ORIENTED_EDGE ( 'NONE', *, *, #4865, .T. ) ;
#9561 = CARTESIAN_POINT ( 'NONE',  ( 28.14582562299473878, 147.4213562373095385, 42.49999999999998579 ) ) ;
#9562 = AXIS2_PLACEMENT_3D ( 'NONE', #506, #4280, #5759 ) ;
#9563 = DIRECTION ( 'NONE',  ( -0.8660254037844382635, 0.000000000000000000, 0.5000000000000006661 ) ) ;
#9564 = EDGE_CURVE ( 'NONE', #8400, #2468, #7969, .T. ) ;
#9565 = FACE_OUTER_BOUND ( 'NONE', #1046, .T. ) ;
#9566 = VERTEX_POINT ( 'NONE', #7231 ) ;
#9567 = ORIENTED_EDGE ( 'NONE', *, *, #4672, .F. ) ;
#9568 = CARTESIAN_POINT ( 'NONE',  ( -50.00000000000000000, 0.000000000000000000, -16.60254037844303809 ) ) ;
#9569 = VECTOR ( 'NONE', #1524, 1000.000000000000227 ) ;
#9570 = DIRECTION ( 'NONE',  ( 0.3420201433256623291, -0.000000000000000000, 0.9396926207859106484 ) ) ;
#9571 = CARTESIAN_POINT ( 'NONE',  ( -4.330127018922339310, 6.000000000000005329, -49.99999999999999289 ) ) ;
#9572 = ORIENTED_EDGE ( 'NONE', *, *, #7719, .T. ) ;
#9573 = CARTESIAN_POINT ( 'NONE',  ( 3.673940397442059967E-15, 6.000000000000005329, -21.96152422706639129 ) ) ;
#9574 = VECTOR ( 'NONE', #4484, 1000.000000000000000 ) ;
#9575 = VERTEX_POINT ( 'NONE', #6596 ) ;
#9576 = CARTESIAN_POINT ( 'NONE',  ( 2.053814751473915567, 0.000000000000000000, 28.74999999999999645 ) ) ;
#9577 = AXIS2_PLACEMENT_3D ( 'NONE', #3302, #3403, #8713 ) ;
#9578 = ORIENTED_EDGE ( 'NONE', *, *, #8389, .T. ) ;
#9579 = ORIENTED_EDGE ( 'NONE', *, *, #459, .F. ) ;
#9580 = EDGE_LOOP ( 'NONE', ( #7645, #557, #433, #651 ) ) ;
#9581 = AXIS2_PLACEMENT_3D ( 'NONE', #7102, #2727, #7159 ) ;
#9582 = DIRECTION ( 'NONE',  ( 0.4999999999999997224, 0.000000000000000000, -0.8660254037844388186 ) ) ;
#9583 = ADVANCED_FACE ( 'NONE', ( #2750 ), #4423, .T. ) ;
#9584 = VECTOR ( 'NONE', #7634, 1000.000000000000114 ) ;
#9585 = DIRECTION ( 'NONE',  ( -0.000000000000000000, -1.000000000000000000, -0.000000000000000000 ) ) ;
#9586 = VERTEX_POINT ( 'NONE', #6828 ) ;
#9587 = DIRECTION ( 'NONE',  ( 0.8660254037844388186, 0.000000000000000000, -0.4999999999999996114 ) ) ;
#9588 = LINE ( 'NONE', #1386, #4388 ) ;
#9589 = CARTESIAN_POINT ( 'NONE',  ( -32.47595264191693332, 6.000000000000005329, -34.99999999999999289 ) ) ;
#9590 = FACE_BOUND ( 'NONE', #3851, .T. ) ;
#9591 = EDGE_CURVE ( 'NONE', #927, #8914, #5212, .T. ) ;
#9592 = VERTEX_POINT ( 'NONE', #8397 ) ;
#9593 = ORIENTED_EDGE ( 'NONE', *, *, #6012, .T. ) ;
#9594 = ORIENTED_EDGE ( 'NONE', *, *, #2557, .F. ) ;
#9595 = LINE ( 'NONE', #7332, #6162 ) ;
#9596 = ADVANCED_FACE ( 'NONE', ( #739 ), #5259, .F. ) ;
#9597 = EDGE_CURVE ( 'NONE', #5477, #9639, #2396, .T. ) ;
#9598 = DIRECTION ( 'NONE',  ( 0.8660254037844383745, 0.000000000000000000, -0.5000000000000004441 ) ) ;
#9599 = CARTESIAN_POINT ( 'NONE',  ( -66.00000000000132161, 6.000000000000000000, -38.22385819845064958 ) ) ;
#9600 = DIRECTION ( 'NONE',  ( -0.4999999999999994449, 0.000000000000000000, 0.8660254037844389297 ) ) ;
#9601 = FACE_OUTER_BOUND ( 'NONE', #7256, .T. ) ;
#9602 = ORIENTED_EDGE ( 'NONE', *, *, #4345, .F. ) ;
#9603 = CARTESIAN_POINT ( 'NONE',  ( -41.13620667976131529, 147.4213562373095385, 34.99999999999999289 ) ) ;
#9604 = VECTOR ( 'NONE', #1173, 1000.000000000000227 ) ;
#9605 = VECTOR ( 'NONE', #4082, 1000.000000000000000 ) ;
#9606 = ADVANCED_FACE ( 'NONE', ( #4654 ), #8350, .T. ) ;
#9607 = DIRECTION ( 'NONE',  ( 0.8660254037844387076, -0.000000000000000000, 0.4999999999999999445 ) ) ;
#9608 = EDGE_CURVE ( 'NONE', #7923, #8734, #9136, .T. ) ;
#9609 = LINE ( 'NONE', #4567, #6916 ) ;
#9610 = CARTESIAN_POINT ( 'NONE',  ( 3.673940397442059967E-15, 0.000000000000000000, 30.00000000000000000 ) ) ;
#9611 = CARTESIAN_POINT ( 'NONE',  ( -41.13620667976131529, 0.000000000000000000, 28.74999999999999289 ) ) ;
#9612 = ORIENTED_EDGE ( 'NONE', *, *, #9283, .T. ) ;
#9613 = CARTESIAN_POINT ( 'NONE',  ( 8.652233963711415399, 0.000000000000000000, -21.23610882412134515 ) ) ;
#9614 = CARTESIAN_POINT ( 'NONE',  ( -5.898950814473796100, 147.4213562373095385, 26.03271747798169145 ) ) ;
#9615 = LINE ( 'NONE', #763, #3235 ) ;
#9616 = APPROVAL ( #5785, 'UNSPECIFIED' ) ;
#9617 = EDGE_CURVE ( 'NONE', #4260, #8853, #12, .T. ) ;
#9618 = ORIENTED_EDGE ( 'NONE', *, *, #6011, .T. ) ;
#9619 = EDGE_CURVE ( 'NONE', #7299, #681, #1574, .T. ) ;
#9620 = VERTEX_POINT ( 'NONE', #4560 ) ;
#9621 = CARTESIAN_POINT ( 'NONE',  ( -48.21495254706555045, 6.000000000000000000, 87.08787447931756276 ) ) ;
#9622 = AXIS2_PLACEMENT_3D ( 'NONE', #92, #5206, #9688 ) ;
#9623 = ADVANCED_FACE ( 'NONE', ( #4516 ), #924, .T. ) ;
#9624 = VECTOR ( 'NONE', #1343, 1000.000000000000000 ) ;
#9625 = DIRECTION ( 'NONE',  ( 0.5000000000000044409, 0.000000000000000000, 0.8660254037844360431 ) ) ;
#9626 = EDGE_CURVE ( 'NONE', #9364, #7412, #4467, .T. ) ;
#9627 = DIRECTION ( 'NONE',  ( 0.9396926207859107594, 0.000000000000000000, -0.3420201433256624401 ) ) ;
#9628 = ORIENTED_EDGE ( 'NONE', *, *, #9278, .F. ) ;
#9629 = CARTESIAN_POINT ( 'NONE',  ( -4.330127018922337534, 6.000000000000005329, -34.99999999999999289 ) ) ;
#9630 = ORIENTED_EDGE ( 'NONE', *, *, #8590, .F. ) ;
#9631 = EDGE_LOOP ( 'NONE', ( #6205, #9637, #9323, #5949 ) ) ;
#9632 = DIRECTION ( 'NONE',  ( 0.5337593939265747878, 0.4330127018922070303, -0.7263614178872292992 ) ) ;
#9633 = EDGE_CURVE ( 'NONE', #3831, #2215, #3091, .T. ) ;
#9634 = VECTOR ( 'NONE', #4180, 1000.000000000000000 ) ;
#9635 = ORIENTED_EDGE ( 'NONE', *, *, #5974, .T. ) ;
#9636 = EDGE_CURVE ( 'NONE', #7851, #8985, #6087, .T. ) ;
#9637 = ORIENTED_EDGE ( 'NONE', *, *, #82, .T. ) ;
#9638 = DIRECTION ( 'NONE',  ( -0.5337593939265747878, 0.4330127018922070303, 0.7263614178872292992 ) ) ;
#9639 = VERTEX_POINT ( 'NONE', #3736 ) ;
#9640 = DIRECTION ( 'NONE',  ( -0.1107007079486528323, -0.2499999999999904243, -0.9618967477123893106 ) ) ;
#9641 = CARTESIAN_POINT ( 'NONE',  ( 25.92513773453961434, 147.4213562373095385, -12.59634425055632079 ) ) ;
#9642 = CARTESIAN_POINT ( 'NONE',  ( 32.47595264191693332, 0.000000000000000000, -34.99999999999999289 ) ) ;
#9643 = LINE ( 'NONE', #9491, #6834 ) ;
#9644 = AXIS2_PLACEMENT_3D ( 'NONE', #342, #1180, #3391 ) ;
#9645 = VERTEX_POINT ( 'NONE', #7613 ) ;
#9646 = VERTEX_POINT ( 'NONE', #2296 ) ;
#9647 = ORIENTED_EDGE ( 'NONE', *, *, #4888, .F. ) ;
#9648 = ORIENTED_EDGE ( 'NONE', *, *, #6304, .F. ) ;
#9649 = CARTESIAN_POINT ( 'NONE',  ( 11.26739772084300917, 0.000000000000000000, 34.51570532158541482 ) ) ;
#9650 = EDGE_CURVE ( 'NONE', #6366, #9455, #55, .T. ) ;
#9651 = PLANE ( 'NONE',  #4072 ) ;
#9652 = AXIS2_PLACEMENT_3D ( 'NONE', #7262, #430, #6322 ) ;
#9653 = CARTESIAN_POINT ( 'NONE',  ( -48.18039637606665337, 0.000000000000000000, 87.18281677883985026 ) ) ;
#9654 = CARTESIAN_POINT ( 'NONE',  ( 71.75583453782208210, 8.999999999999962697, -67.98743272795279324 ) ) ;
#9655 = FACE_OUTER_BOUND ( 'NONE', #1567, .T. ) ;
#9656 = ORIENTED_EDGE ( 'NONE', *, *, #161, .T. ) ;
#9657 = VECTOR ( 'NONE', #3833, 1000.000000000000000 ) ;
#9658 = LINE ( 'NONE', #2763, #6611 ) ;
#9659 = VECTOR ( 'NONE', #8138, 1000.000000000000000 ) ;
#9660 = DIRECTION ( 'NONE',  ( -0.000000000000000000, -1.000000000000000000, -0.000000000000000000 ) ) ;
#9661 = FACE_OUTER_BOUND ( 'NONE', #4029, .T. ) ;
#9662 = CARTESIAN_POINT ( 'NONE',  ( -27.06329386826395123, 0.000000000000000000, 31.87499999999995737 ) ) ;
#9663 = LINE ( 'NONE', #2184, #7886 ) ;
#9664 = EDGE_CURVE ( 'NONE', #8573, #2063, #5307, .T. ) ;
#9665 = DIRECTION ( 'NONE',  ( 0.5000000000000067724, 0.000000000000000000, -0.8660254037844347108 ) ) ;
#9666 = PLANE ( 'NONE',  #2053 ) ;
#9667 = CARTESIAN_POINT ( 'NONE',  ( -22.71712670107568499, 0.000000000000000000, 3.124999999999959588 ) ) ;
#9668 = EDGE_CURVE ( 'NONE', #7130, #8598, #6881, .T. ) ;
#9669 = EDGE_LOOP ( 'NONE', ( #2669, #8048, #3544, #8980 ) ) ;
#9670 = EDGE_LOOP ( 'NONE', ( #6054, #1577, #5521 ) ) ;
#9671 = LINE ( 'NONE', #8876, #2141 ) ;
#9672 = VECTOR ( 'NONE', #8070, 1000.000000000000114 ) ;
#9673 = FACE_OUTER_BOUND ( 'NONE', #385, .T. ) ;
#9674 = ADVANCED_FACE ( 'NONE', ( #5354 ), #3140, .T. ) ;
#9675 = LINE ( 'NONE', #8783, #5909 ) ;
#9676 = VERTEX_POINT ( 'NONE', #786 ) ;
#9677 = DIRECTION ( 'NONE',  ( 0.000000000000000000, 0.000000000000000000, -1.000000000000000000 ) ) ;
#9678 = VERTEX_POINT ( 'NONE', #6042 ) ;
#9679 = EDGE_LOOP ( 'NONE', ( #2622, #420, #1816, #2848 ) ) ;
#9680 = PLANE ( 'NONE',  #4814 ) ;
#9681 = LOCAL_TIME ( 22, 20, 6.000000000000000000, #4005 ) ;
#9682 = CIRCLE ( 'NONE', #407, 61.96152422706627760 ) ;
#9683 = ORIENTED_EDGE ( 'NONE', *, *, #2056, .T. ) ;
#9684 = ORIENTED_EDGE ( 'NONE', *, *, #5948, .T. ) ;
#9685 = ORIENTED_EDGE ( 'NONE', *, *, #2676, .F. ) ;
#9686 = ADVANCED_FACE ( 'NONE', ( #5490 ), #4846, .F. ) ;
#9687 = ORIENTED_EDGE ( 'NONE', *, *, #6370, .T. ) ;
#9688 = DIRECTION ( 'NONE',  ( -1.000000000000000000, 0.000000000000000000, -0.000000000000000000 ) ) ;
#9689 = EDGE_CURVE ( 'NONE', #6314, #1464, #5588, .T. ) ;
#9690 = ORIENTED_EDGE ( 'NONE', *, *, #7572, .T. ) ;
#9691 = CARTESIAN_POINT ( 'NONE',  ( -25.98076211353308906, 6.000000000000005329, -15.00000000000011546 ) ) ;
#9692 = LINE ( 'NONE', #3782, #931 ) ;
#9693 = LINE ( 'NONE', #9042, #7239 ) ;
#9694 = DIRECTION ( 'NONE',  ( -0.000000000000000000, -1.000000000000000000, -0.000000000000000000 ) ) ;
#9695 = ORIENTED_EDGE ( 'NONE', *, *, #6249, .F. ) ;
#9696 = AXIS2_PLACEMENT_3D ( 'NONE', #7211, #328, #6320 ) ;
#9697 = ORIENTED_EDGE ( 'NONE', *, *, #3531, .T. ) ;
#9698 = VERTEX_POINT ( 'NONE', #2634 ) ;
#9699 = VECTOR ( 'NONE', #5128, 999.9999999999998863 ) ;
#9700 = EDGE_LOOP ( 'NONE', ( #9128, #6392, #1224, #3242 ) ) ;
#9701 = LINE ( 'NONE', #5067, #8667 ) ;
#9702 = VECTOR ( 'NONE', #6515, 1000.000000000000000 ) ;
#9703 = PLANE ( 'NONE',  #5921 ) ;
#9704 = CARTESIAN_POINT ( 'NONE',  ( -45.46633369868351338, 6.000000000000005329, 0.000000000000000000 ) ) ;
#9705 = DIRECTION ( 'NONE',  ( 0.000000000000000000, 0.000000000000000000, -1.000000000000000000 ) ) ;
#9706 = CARTESIAN_POINT ( 'NONE',  ( 14.07291281149715090, 6.000000000000005329, -3.124999999999960920 ) ) ;
#9707 = VERTEX_POINT ( 'NONE', #9276 ) ;
#9708 = AXIS2_PLACEMENT_3D ( 'NONE', #7630, #2268, #9061 ) ;
#9709 = DIRECTION ( 'NONE',  ( -0.000000000000000000, -1.000000000000000000, -0.000000000000000000 ) ) ;
#9710 = LINE ( 'NONE', #5764, #7771 ) ;
#9711 = CARTESIAN_POINT ( 'NONE',  ( 79.87143568757763035, 17.25855025242403329, -57.12770181004839998 ) ) ;
#9712 = CARTESIAN_POINT ( 'NONE',  ( -14.07291281149758966, 147.4213562373095385, 45.62499999999995737 ) ) ;
#9713 = CARTESIAN_POINT ( 'NONE',  ( -80.64835826428996768, 8.999999999999944933, 43.55542458751932600 ) ) ;
#9714 = CARTESIAN_POINT ( 'NONE',  ( 28.14582562299473878, 0.000000000000000000, 21.24999999999999289 ) ) ;
#9715 = CARTESIAN_POINT ( 'NONE',  ( 87.70925405845105161, -9.486715189943401683, 55.36244354894026998 ) ) ;
#9716 = EDGE_CURVE ( 'NONE', #2222, #6067, #7749, .T. ) ;
#9717 = VERTEX_POINT ( 'NONE', #2532 ) ;
#9718 = EDGE_LOOP ( 'NONE', ( #6838, #405 ) ) ;
#9719 = PLANE ( 'NONE',  #6845 ) ;
#9720 = EDGE_CURVE ( 'NONE', #3412, #3486, #5446, .T. ) ;
#9721 = CARTESIAN_POINT ( 'NONE',  ( -41.13620667976124423, 0.000000000000000000, -13.74999999999999822 ) ) ;
#9722 = CARTESIAN_POINT ( 'NONE',  ( 63.39065261137343299, 13.49999999999930722, 83.37431452178670099 ) ) ;
#9723 = ORIENTED_EDGE ( 'NONE', *, *, #1534, .T. ) ;
#9724 = LINE ( 'NONE', #1317, #539 ) ;
#9725 = ORIENTED_EDGE ( 'NONE', *, *, #2950, .F. ) ;
#9726 = ORIENTED_EDGE ( 'NONE', *, *, #6457, .T. ) ;
#9727 = CARTESIAN_POINT ( 'NONE',  ( -32.47595264191693332, 147.4213562373095385, 28.74999999999999289 ) ) ;
ENDSEC;
END-ISO-10303-21;
