ISO-10303-21;
HEADER;
FILE_DESCRIPTION (( 'STEP AP203' ),
    '1' );
FILE_NAME ('Mid Arm Connector Right V.3.STEP',
    '2026-02-07T05:22:58',
    ( '' ),
    ( '' ),
    'SwSTEP 2.0',
    'SolidWorks 2025',
    '' );
FILE_SCHEMA (( 'CONFIG_CONTROL_DESIGN' ));
ENDSEC;

DATA;
#1 = CARTESIAN_POINT ( 'NONE',  ( -16.17654558344566951, -70.70874128731108499, 19.12380485291625831 ) ) ;
#2 = CARTESIAN_POINT ( 'NONE',  ( 21.70547520774252703, 10.69608770905451856, -1.693134163587191265 ) ) ;
#3 = EDGE_LOOP ( 'NONE', ( #968, #333, #146, #2069, #1141, #757 ) ) ;
#4 = DIRECTION ( 'NONE',  ( -2.503857664561933855E-16, -1.000000000000000000, 0.000000000000000000 ) ) ;
#5 = CIRCLE ( 'NONE', #42, 3.499999999999999556 ) ;
#6 = ORIENTED_EDGE ( 'NONE', *, *, #1480, .T. ) ;
#7 = VECTOR ( 'NONE', #1757, 999.9999999999998863 ) ;
#8 = FACE_OUTER_BOUND ( 'NONE', #432, .T. ) ;
#9 = CARTESIAN_POINT ( 'NONE',  ( -18.34635182148095822, -6.000000000000000000, -10.36394591082194694 ) ) ;
#10 = ORIENTED_EDGE ( 'NONE', *, *, #1333, .F. ) ;
#11 = CARTESIAN_POINT ( 'NONE',  ( -14.14832242362267145, 6.000000000000005329, -13.11589695567028890 ) ) ;
#12 = CARTESIAN_POINT ( 'NONE',  ( 21.56612438394300568, 10.92364588183784058, -2.227500270753448586 ) ) ;
#13 = ORIENTED_EDGE ( 'NONE', *, *, #16, .T. ) ;
#14 = CARTESIAN_POINT ( 'NONE',  ( 20.77008324321487365, -0.6090827158596173740, 10.92400534232086429 ) ) ;
#15 = VECTOR ( 'NONE', #287, 1000.000000000000114 ) ;
#16 = EDGE_CURVE ( 'NONE', #424, #1199, #904, .T. ) ;
#17 = EDGE_CURVE ( 'NONE', #81, #1928, #1728, .T. ) ;
#18 = ORIENTED_EDGE ( 'NONE', *, *, #1826, .T. ) ;
#19 = EDGE_CURVE ( 'NONE', #354, #2115, #1423, .T. ) ;
#20 = CARTESIAN_POINT ( 'NONE',  ( -16.29599448673916484, 10.81153945159755914, -14.72919689876627913 ) ) ;
#21 = DIRECTION ( 'NONE',  ( -0.7261554316666074538, 1.818189843241714975E-16, 0.6875305731828097455 ) ) ;
#22 = ORIENTED_EDGE ( 'NONE', *, *, #1354, .F. ) ;
#23 = CARTESIAN_POINT ( 'NONE',  ( 19.78815632833848071, -2.483463554117456340, 8.808919231778689962 ) ) ;
#24 = DIRECTION ( 'NONE',  ( 0.8660254037844393737, -0.4999999999999987788, 0.000000000000000000 ) ) ;
#25 = ORIENTED_EDGE ( 'NONE', *, *, #2154, .F. ) ;
#26 = LINE ( 'NONE', #355, #1365 ) ;
#27 = VECTOR ( 'NONE', #582, 999.9999999999998863 ) ;
#28 = ORIENTED_EDGE ( 'NONE', *, *, #1066, .F. ) ;
#29 = CARTESIAN_POINT ( 'NONE',  ( -14.80304425674997937, 11.30472069359950282, -15.85289506599077036 ) ) ;
#30 = CARTESIAN_POINT ( 'NONE',  ( 13.85640646055102110, -5.999999999999998224, -1.549833725495759484 ) ) ;
#31 = ORIENTED_EDGE ( 'NONE', *, *, #274, .T. ) ;
#32 = LINE ( 'NONE', #1, #726 ) ;
#33 = CARTESIAN_POINT ( 'NONE',  ( 19.30912086321460208, -2.880176935760858647, 9.999999999999998224 ) ) ;
#34 = VERTEX_POINT ( 'NONE', #1563 ) ;
#35 = DIRECTION ( 'NONE',  ( -0.9396926207859106484, -3.035766082959411922E-16, -0.3420201433256626067 ) ) ;
#36 = EDGE_CURVE ( 'NONE', #455, #1955, #41, .T. ) ;
#37 = CALENDAR_DATE ( 2026, 6, 2 ) ;
#38 = B_SPLINE_CURVE_WITH_KNOTS ( 'NONE', 3,
 ( #1516, #1848, #1127, #1309, #318, #2196, #632, #1825, #1986, #495, #668, #1506, #1339, #1997, #338, #477, #2026, #1693, #2186, #2150, #1671, #1813, #150, #976, #1479, #459 ),
 .UNSPECIFIED., .F., .F.,
 ( 4, 2, 2, 2, 2, 2, 2, 2, 2, 2, 2, 2, 4 ),
 ( 0.000000000000000000, 0.0002967231781574271093, 0.0005934463563148542186, 0.001186892712629708654, 0.001780339068944563089, 0.002077062247101990958, 0.002373785425259418609, 0.002670508603416845827, 0.002967231781574273912, 0.003263954959731701563, 0.003560678137889128781, 0.004154124494203988854, 0.004747570850518847627 ),
 .UNSPECIFIED. ) ;
#39 = VECTOR ( 'NONE', #633, 1000.000000000000000 ) ;
#40 = EDGE_CURVE ( 'NONE', #1829, #2066, #1918, .T. ) ;
#41 = LINE ( 'NONE', #1392, #1979 ) ;
#42 = AXIS2_PLACEMENT_3D ( 'NONE', #414, #446, #1430 ) ;
#43 = DIRECTION ( 'NONE',  ( -0.000000000000000000, -0.000000000000000000, -1.000000000000000000 ) ) ;
#44 = LINE ( 'NONE', #874, #1534 ) ;
#45 = ORIENTED_EDGE ( 'NONE', *, *, #192, .F. ) ;
#46 = CARTESIAN_POINT ( 'NONE',  ( 19.31825629541830835, -2.873928884794902494, 9.800862836909718823 ) ) ;
#47 = CARTESIAN_POINT ( 'NONE',  ( -20.71593688328908556, 6.000000000000012434, -3.853564460026889460 ) ) ;
#48 = ORIENTED_EDGE ( 'NONE', *, *, #40, .F. ) ;
#49 = ADVANCED_FACE ( 'NONE', ( #1585 ), #385, .F. ) ;
#50 = CARTESIAN_POINT ( 'NONE',  ( 20.80912086321461274, -0.2821007244075456333, 10.10044297272828651 ) ) ;
#51 = VECTOR ( 'NONE', #43, 1000.000000000000000 ) ;
#52 = AXIS2_PLACEMENT_3D ( 'NONE', #912, #1084, #1772 ) ;
#53 = VERTEX_POINT ( 'NONE', #217 ) ;
#54 = DIRECTION ( 'NONE',  ( 0.3420201433256628842, 0.000000000000000000, -0.9396926207859104263 ) ) ;
#55 = CARTESIAN_POINT ( 'NONE',  ( -39.03284375877581880, 5.999999999999991118, 22.02272320175624643 ) ) ;
#56 = ORIENTED_EDGE ( 'NONE', *, *, #1661, .T. ) ;
#57 = PLANE ( 'NONE',  #1167 ) ;
#58 = VECTOR ( 'NONE', #1432, 1000.000000000000000 ) ;
#59 = CARTESIAN_POINT ( 'NONE',  ( -16.95200364787627478, 12.18221956300460818, -14.21322505177333895 ) ) ;
#60 = VERTEX_POINT ( 'NONE', #892 ) ;
#61 = CARTESIAN_POINT ( 'NONE',  ( 18.21815313120275448, 14.32050807568903217, -9.540542172339110394 ) ) ;
#62 = CARTESIAN_POINT ( 'NONE',  ( 20.18402442578780409, 6.000000000000004441, 5.540170559410321438 ) ) ;
#63 = CC_DESIGN_APPROVAL ( #781, ( #1476 ) ) ;
#64 = AXIS2_PLACEMENT_3D ( 'NONE', #1399, #384, #888 ) ;
#65 = LINE ( 'NONE', #743, #2085 ) ;
#66 = CARTESIAN_POINT ( 'NONE',  ( 13.85640646055101932, -5.999999999999998224, 15.00000000000000000 ) ) ;
#67 = DIRECTION ( 'NONE',  ( -0.2961981327260196917, 0.4999999999999949485, 0.8137976813493783546 ) ) ;
#68 = ORIENTED_EDGE ( 'NONE', *, *, #2060, .T. ) ;
#69 = LINE ( 'NONE', #908, #1569 ) ;
#70 = EDGE_CURVE ( 'NONE', #1762, #931, #65, .T. ) ;
#71 = CARTESIAN_POINT ( 'NONE',  ( 5.311212879224973094, -15.00000000000000000, -7.282926455179674186 ) ) ;
#72 = EDGE_LOOP ( 'NONE', ( #843, #1359, #2003, #1366, #682 ) ) ;
#73 = CARTESIAN_POINT ( 'NONE',  ( 20.28047850627852711, 6.000000000000005329, -0.4992424640549414372 ) ) ;
#74 = CARTESIAN_POINT ( 'NONE',  ( 17.32050807568878170, -5.204170427930421283E-15, 0.000000000000000000 ) ) ;
#75 = ORIENTED_EDGE ( 'NONE', *, *, #741, .F. ) ;
#76 = DIRECTION ( 'NONE',  ( -0.4999999999999987232, 0.8660254037844392627, 0.000000000000000000 ) ) ;
#77 = CARTESIAN_POINT ( 'NONE',  ( -17.32050807568877460, 1.734723475976807094E-15, 15.00000000000000000 ) ) ;
#78 = ORIENTED_EDGE ( 'NONE', *, *, #524, .F. ) ;
#79 = EDGE_CURVE ( 'NONE', #625, #556, #585, .T. ) ;
#80 = CARTESIAN_POINT ( 'NONE',  ( 24.61248518820431741, 11.49038105676682520, -1.787936249066011785 ) ) ;
#81 = VERTEX_POINT ( 'NONE', #1483 ) ;
#82 = CARTESIAN_POINT ( 'NONE',  ( 1.980830348598053403, -8.071796769724466358, -12.75179765495159323 ) ) ;
#83 = DIRECTION ( 'NONE',  ( -0.2961981327260178598, 0.4999999999999948930, 0.8137976813493790207 ) ) ;
#84 = EDGE_LOOP ( 'NONE', ( #1189, #1042, #383, #1027 ) ) ;
#85 = CARTESIAN_POINT ( 'NONE',  ( -13.85640646055104064, 5.999999999999998224, -5.586624630700323557 ) ) ;
#86 = PLANE ( 'NONE',  #1132 ) ;
#87 = ADVANCED_FACE ( 'NONE', ( #1323 ), #489, .F. ) ;
#88 = ADVANCED_FACE ( 'NONE', ( #1005 ), #1831, .F. ) ;
#89 = EDGE_LOOP ( 'NONE', ( #916, #959, #56, #610, #1381 ) ) ;
#90 = DIRECTION ( 'NONE',  ( -0.000000000000000000, -0.000000000000000000, -1.000000000000000000 ) ) ;
#91 = CARTESIAN_POINT ( 'NONE',  ( 11.09995814075394982, -14.99999999999999289, -5.175995486233639475 ) ) ;
#92 = ORIENTED_EDGE ( 'NONE', *, *, #868, .T. ) ;
#93 = CARTESIAN_POINT ( 'NONE',  ( 3.574731102555616324, -19.99999999999995026, -17.13100398530177415 ) ) ;
#94 = CARTESIAN_POINT ( 'NONE',  ( 20.78460969082652454, 5.999999999999998224, 3.766364750562412045 ) ) ;
#95 = DIRECTION ( 'NONE',  ( 1.000000000000000000, 0.000000000000000000, 0.000000000000000000 ) ) ;
#96 = FACE_OUTER_BOUND ( 'NONE', #1634, .T. ) ;
#97 = ORIENTED_EDGE ( 'NONE', *, *, #1769, .F. ) ;
#98 = CARTESIAN_POINT ( 'NONE',  ( 17.32050807568878170, -5.204170427930421283E-15, 15.00000000000000000 ) ) ;
#99 = CARTESIAN_POINT ( 'NONE',  ( -20.72386774133502030, -0.8199778127690854346, 11.12973038640558521 ) ) ;
#100 = ORIENTED_EDGE ( 'NONE', *, *, #1457, .F. ) ;
#101 = CARTESIAN_POINT ( 'NONE',  ( 24.24871130596427449, 6.847727811467460497E-15, 15.00000000000000000 ) ) ;
#102 = CARTESIAN_POINT ( 'NONE',  ( 20.82050807568877815, -4.775544048228847476E-15, 15.00000000000000000 ) ) ;
#103 = ADVANCED_FACE ( 'NONE', ( #979 ), #1697, .T. ) ;
#104 = CARTESIAN_POINT ( 'NONE',  ( 7.703708946332946006, -15.28589838486219321, -13.85625537569294607 ) ) ;
#105 = CARTESIAN_POINT ( 'NONE',  ( -17.88813171548449787, 20.32050807568899486, -11.62289530518726188 ) ) ;
#106 = EDGE_LOOP ( 'NONE', ( #1105, #1150, #1286, #1038, #1387 ) ) ;
#107 = APPLICATION_CONTEXT ( 'configuration controlled 3d designs of mechanical parts and assemblies' ) ;
#108 = LINE ( 'NONE', #1844, #1860 ) ;
#109 = PLANE ( 'NONE',  #298 ) ;
#110 = ORIENTED_EDGE ( 'NONE', *, *, #481, .T. ) ;
#111 = VECTOR ( 'NONE', #1062, 1000.000000000000114 ) ;
#112 = DIRECTION ( 'NONE',  ( -0.000000000000000000, -0.000000000000000000, -1.000000000000000000 ) ) ;
#113 = AXIS2_PLACEMENT_3D ( 'NONE', #2170, #1135, #2024 ) ;
#114 = EDGE_CURVE ( 'NONE', #645, #1923, #2199, .T. ) ;
#115 = EDGE_CURVE ( 'NONE', #1126, #1146, #768, .T. ) ;
#116 = DIRECTION ( 'NONE',  ( 0.9396926207859107594, -2.192609680355133548E-16, 0.3420201433256622181 ) ) ;
#117 = ORIENTED_EDGE ( 'NONE', *, *, #901, .T. ) ;
#118 = CIRCLE ( 'NONE', #1641, 9.000000000000008882 ) ;
#119 = FACE_OUTER_BOUND ( 'NONE', #717, .T. ) ;
#120 = CARTESIAN_POINT ( 'NONE',  ( 0.000000000000000000, 0.000000000000000000, 15.00000000000000000 ) ) ;
#121 = EDGE_LOOP ( 'NONE', ( #2139, #919, #409, #1080, #831 ) ) ;
#122 = CARTESIAN_POINT ( 'NONE',  ( 17.20266330689083745, 25.00884492539407589, 21.86022083319022613 ) ) ;
#123 = AXIS2_PLACEMENT_3D ( 'NONE', #463, #1663, #806 ) ;
#124 = DIRECTION ( 'NONE',  ( 0.2515460552138156225, 0.9678453296402106387, 0.000000000000000000 ) ) ;
#125 = ORIENTED_EDGE ( 'NONE', *, *, #1661, .F. ) ;
#126 = CARTESIAN_POINT ( 'NONE',  ( -28.75749438782970913, -63.20874128731116315, 28.36878874589677579 ) ) ;
#127 = EDGE_CURVE ( 'NONE', #1329, #494, #1659, .T. ) ;
#128 = CARTESIAN_POINT ( 'NONE',  ( 22.52197192547982141, 13.58354646509049957, -1.603226705985473455 ) ) ;
#129 = LINE ( 'NONE', #308, #1692 ) ;
#130 = VECTOR ( 'NONE', #1388, 1000.000000000000000 ) ;
#131 = FACE_OUTER_BOUND ( 'NONE', #712, .T. ) ;
#132 = ORIENTED_EDGE ( 'NONE', *, *, #2021, .T. ) ;
#133 = DIRECTION ( 'NONE',  ( 0.8660254037844401509, -0.4999999999999974465, -0.000000000000000000 ) ) ;
#134 = CC_DESIGN_PERSON_AND_ORGANIZATION_ASSIGNMENT ( #1488, #2011, ( #1801 ) ) ;
#135 = B_SPLINE_CURVE_WITH_KNOTS ( 'NONE', 3,
 ( #2127, #1790, #1283, #1259, #597, #736, #1452, #1768, #1406, #584, #608, #917, #1602, #758, #1233, #560, #269, #1924, #403, #1069, #1950, #326 ),
 .UNSPECIFIED., .F., .F.,
 ( 4, 2, 2, 2, 2, 2, 2, 2, 2, 2, 4 ),
 ( 0.004746694460720645749, 0.005339509368848106667, 0.005635916822911835392, 0.005932324276975563249, 0.006525139185103013759, 0.006821546639166741616, 0.007117954093230469473, 0.008303583909485365289, 0.008599991363549084472, 0.008896398817612803656, 0.009489213725740248961 ),
 .UNSPECIFIED. ) ;
#136 = LOCAL_TIME ( 22, 22, 58.00000000000000000, #1040 ) ;
#137 = DIRECTION ( 'NONE',  ( 0.9396926207859105373, 6.420967811952993088E-16, 0.3420201433256628287 ) ) ;
#138 = CIRCLE ( 'NONE', #1660, 3.499999999999999112 ) ;
#139 = ORIENTED_EDGE ( 'NONE', *, *, #1576, .F. ) ;
#140 = LINE ( 'NONE', #814, #829 ) ;
#141 = CARTESIAN_POINT ( 'NONE',  ( -13.82050807568877282, 2.163349855678380507E-15, 15.00000000000000000 ) ) ;
#142 = EDGE_CURVE ( 'NONE', #154, #1435, #838, .T. ) ;
#143 = CARTESIAN_POINT ( 'NONE',  ( 3.518276057391880318, -15.28589838486219499, -16.97589502350012225 ) ) ;
#144 = DIRECTION ( 'NONE',  ( -0.000000000000000000, -0.000000000000000000, -1.000000000000000000 ) ) ;
#145 = DIRECTION ( 'NONE',  ( 0.000000000000000000, 0.000000000000000000, 1.000000000000000000 ) ) ;
#146 = ORIENTED_EDGE ( 'NONE', *, *, #1264, .T. ) ;
#147 = DIRECTION ( 'NONE',  ( -0.000000000000000000, -0.000000000000000000, -1.000000000000000000 ) ) ;
#148 = FACE_OUTER_BOUND ( 'NONE', #1708, .T. ) ;
#149 = VERTEX_POINT ( 'NONE', #671 ) ;
#150 = CARTESIAN_POINT ( 'NONE',  ( -20.78708122516578882, -0.4894322833907912562, 9.242763936866419172 ) ) ;
#151 = CARTESIAN_POINT ( 'NONE',  ( 8.826792387898942494, -66.20874128731114183, 36.51872049774529927 ) ) ;
#152 = VERTEX_POINT ( 'NONE', #1497 ) ;
#153 = FACE_OUTER_BOUND ( 'NONE', #1294, .T. ) ;
#154 = VERTEX_POINT ( 'NONE', #2189 ) ;
#155 = FACE_OUTER_BOUND ( 'NONE', #328, .T. ) ;
#156 = AXIS2_PLACEMENT_3D ( 'NONE', #345, #516, #174 ) ;
#157 = AXIS2_PLACEMENT_3D ( 'NONE', #126, #169, #329 ) ;
#158 = EDGE_CURVE ( 'NONE', #2093, #2193, #1851, .T. ) ;
#159 = ORIENTED_EDGE ( 'NONE', *, *, #40, .T. ) ;
#160 = DIRECTION ( 'NONE',  ( 0.7263614178872029870, -0.4330127018922151350, -0.5337593939266040977 ) ) ;
#161 = CARTESIAN_POINT ( 'NONE',  ( 14.66377553849055815, 20.32050807568897000, 0.2250300038534446823 ) ) ;
#162 = DIRECTION ( 'NONE',  ( 0.8660254037844401509, -0.4999999999999974465, -0.000000000000000000 ) ) ;
#163 = ADVANCED_FACE ( 'NONE', ( #153 ), #2176, .F. ) ;
#164 = AXIS2_PLACEMENT_3D ( 'NONE', #1862, #24, #681 ) ;
#165 = AXIS2_PLACEMENT_3D ( 'NONE', #1684, #1519, #1142 ) ;
#166 = ORIENTED_EDGE ( 'NONE', *, *, #1830, .F. ) ;
#167 = DIRECTION ( 'NONE',  ( 0.9618967477123856469, -0.2499999999999970024, -0.1107007079486696660 ) ) ;
#168 = ORIENTED_EDGE ( 'NONE', *, *, #1290, .T. ) ;
#169 = DIRECTION ( 'NONE',  ( 0.1710100716628294992, 0.8660254037844415942, -0.4698463103929505502 ) ) ;
#170 = CARTESIAN_POINT ( 'NONE',  ( 21.76059991139929650, 10.68176062462782561, -1.503148687208237355 ) ) ;
#171 = ORIENTED_EDGE ( 'NONE', *, *, #1502, .T. ) ;
#172 = DIRECTION ( 'NONE',  ( 0.000000000000000000, 0.000000000000000000, 1.000000000000000000 ) ) ;
#173 = ORIENTED_EDGE ( 'NONE', *, *, #323, .F. ) ;
#174 = DIRECTION ( 'NONE',  ( 0.000000000000000000, -0.8520312918379456812, 0.5234908573499266193 ) ) ;
#175 = CYLINDRICAL_SURFACE ( 'NONE', #753, 3.499999999999998668 ) ;
#176 = ORIENTED_EDGE ( 'NONE', *, *, #672, .T. ) ;
#177 = PLANE ( 'NONE',  #331 ) ;
#178 = EDGE_CURVE ( 'NONE', #448, #1019, #1796, .T. ) ;
#179 = CARTESIAN_POINT ( 'NONE',  ( 21.65058932954259419, 10.75017052569426568, -1.881102073536476071 ) ) ;
#180 = ORIENTED_EDGE ( 'NONE', *, *, #178, .F. ) ;
#181 = CARTESIAN_POINT ( 'NONE',  ( 20.80827618150226144, -0.2931415869052977907, 10.19892763756487319 ) ) ;
#182 = ADVANCED_FACE ( 'NONE', ( #2040 ), #1153, .F. ) ;
#183 = PERSON_AND_ORGANIZATION_ROLE ( 'design_supplier' ) ;
#184 = ORIENTED_EDGE ( 'NONE', *, *, #280, .F. ) ;
#185 = DIRECTION ( 'NONE',  ( 0.1710100716628292217, 0.8660254037844417052, -0.4698463103929503282 ) ) ;
#186 = DIRECTION ( 'NONE',  ( 0.4999999999999977796, -0.8660254037844398178, 0.000000000000000000 ) ) ;
#187 = ORIENTED_EDGE ( 'NONE', *, *, #395, .T. ) ;
#188 = CARTESIAN_POINT ( 'NONE',  ( 20.78460969082652454, 5.999999999999998224, 8.055381163697246549 ) ) ;
#189 = CARTESIAN_POINT ( 'NONE',  ( 21.52845965591656707, 11.26106610901796756, -2.593237327957772731 ) ) ;
#190 = EDGE_LOOP ( 'NONE', ( #944, #1876, #688, #583 ) ) ;
#191 = CARTESIAN_POINT ( 'NONE',  ( 20.30237725573552865, -1.835297545196648894, 11.50005421099492509 ) ) ;
#192 = EDGE_CURVE ( 'NONE', #587, #1864, #997, .T. ) ;
#193 = AXIS2_PLACEMENT_3D ( 'NONE', #66, #410, #1775 ) ;
#194 = COORDINATED_UNIVERSAL_TIME_OFFSET ( 7, 0, .BEHIND. ) ;
#195 = ORIENTED_EDGE ( 'NONE', *, *, #763, .F. ) ;
#196 = CARTESIAN_POINT ( 'NONE',  ( -15.33777599108437784, 10.77722311268966493, -15.38687886844679298 ) ) ;
#197 = LINE ( 'NONE', #527, #922 ) ;
#198 = VECTOR ( 'NONE', #1402, 1000.000000000000000 ) ;
#199 = VERTEX_POINT ( 'NONE', #1650 ) ;
#200 = DIRECTION ( 'NONE',  ( -0.8660254037844391517, -0.4999999999999995559, 0.000000000000000000 ) ) ;
#201 = DIRECTION ( 'NONE',  ( 0.000000000000000000, -0.8520312918379452372, 0.5234908573499276185 ) ) ;
#202 = ORIENTED_EDGE ( 'NONE', *, *, #1595, .F. ) ;
#203 = CARTESIAN_POINT ( 'NONE',  ( 20.80442909805883644, -0.3357866283685346231, 10.39224011401451619 ) ) ;
#204 = EDGE_CURVE ( 'NONE', #154, #491, #129, .T. ) ;
#205 = DATE_AND_TIME ( #37, #1588 ) ;
#206 = CARTESIAN_POINT ( 'NONE',  ( -20.04376105346072379, -14.99999999999999467, 2.976977645462786093 ) ) ;
#207 = CARTESIAN_POINT ( 'NONE',  ( -15.11644409962344682, 10.90126469769616158, -15.54711616605047375 ) ) ;
#208 = ADVANCED_FACE ( 'NONE', ( #1353 ), #321, .F. ) ;
#209 = LINE ( 'NONE', #700, #957 ) ;
#210 = EDGE_LOOP ( 'NONE', ( #22, #159, #949, #572 ) ) ;
#211 = CARTESIAN_POINT ( 'NONE',  ( 20.30195524657324668, -1.835962386905059418, 8.500022905214489555 ) ) ;
#212 = FACE_OUTER_BOUND ( 'NONE', #1557, .T. ) ;
#213 = ORIENTED_EDGE ( 'NONE', *, *, #351, .F. ) ;
#214 = CARTESIAN_POINT ( 'NONE',  ( 27.45209288774859857, -5.548419655680794982, 6.027872274689739740 ) ) ;
#215 = B_SPLINE_CURVE_WITH_KNOTS ( 'NONE', 3,
 ( #2197, #128, #1470, #2008, #1658, #2187, #479, #658, #1840, #452, #2151, #1289, #1332, #488, #1977, #1118, #382, #878, #189, #1526, #12, #179, #2, #170 ),
 .UNSPECIFIED., .F., .F.,
 ( 4, 2, 2, 2, 2, 2, 2, 2, 2, 2, 2, 4 ),
 ( 0.000000000000000000, 0.0002969301989072674927, 0.0005938603978145349854, 0.001187720795629068019, 0.001781581193443601161, 0.002078511392350865673, 0.002375441591258129967, 0.002969301989072658989, 0.003266232187979925018, 0.003563162386887191047, 0.004157022784701719202, 0.004750883182516246056 ),
 .UNSPECIFIED. ) ;
#216 = AXIS2_PLACEMENT_3D ( 'NONE', #319, #624, #1321 ) ;
#217 = CARTESIAN_POINT ( 'NONE',  ( 19.69615506024413776, 15.65145970619889404, -6.549370148752015730 ) ) ;
#218 = AXIS2_PLACEMENT_3D ( 'NONE', #798, #983, #1317 ) ;
#219 = CARTESIAN_POINT ( 'NONE',  ( 22.38346394862911026, 13.45876303143739072, -0.7132207455783293737 ) ) ;
#220 = CARTESIAN_POINT ( 'NONE',  ( 8.239650166621260041, -14.16987298107775572, -15.32874177659008375 ) ) ;
#221 = VERTEX_POINT ( 'NONE', #935 ) ;
#222 = CARTESIAN_POINT ( 'NONE',  ( -20.80912086321460563, -0.2821007244075406928, 9.999999999999998224 ) ) ;
#223 = LINE ( 'NONE', #1613, #343 ) ;
#224 = EDGE_LOOP ( 'NONE', ( #2031, #1691, #535, #879, #1376, #360 ) ) ;
#225 = PLANE ( 'NONE',  #1652 ) ;
#226 = CARTESIAN_POINT ( 'NONE',  ( -15.42074043639836844, 6.000000000000005329, -5.197234989070511624 ) ) ;
#227 = CC_DESIGN_PERSON_AND_ORGANIZATION_ASSIGNMENT ( #1145, #1499, ( #1476 ) ) ;
#228 =( BOUNDED_CURVE ( )  B_SPLINE_CURVE ( 3, ( #94, #62, #740, #1266 ),
 .UNSPECIFIED., .F., .F. ) 
 B_SPLINE_CURVE_WITH_KNOTS ( ( 4, 4 ),
 ( 1.544706601776672406, 2.836243098951047426 ),
 .UNSPECIFIED. ) 
 CURVE ( )  GEOMETRIC_REPRESENTATION_ITEM ( )  RATIONAL_B_SPLINE_CURVE ( ( 1.000000000000000000, 0.8657584408804617215, 0.8657584408804617215, 1.000000000000000000 ) ) 
 REPRESENTATION_ITEM ( '' )  );
#229 = VECTOR ( 'NONE', #1413, 1000.000000000000227 ) ;
#230 = ORIENTED_EDGE ( 'NONE', *, *, #640, .T. ) ;
#231 = EDGE_CURVE ( 'NONE', #607, #859, #635, .T. ) ;
#232 = FACE_OUTER_BOUND ( 'NONE', #210, .T. ) ;
#233 = FACE_OUTER_BOUND ( 'NONE', #2188, .T. ) ;
#234 = ORIENTED_EDGE ( 'NONE', *, *, #322, .F. ) ;
#235 = FACE_OUTER_BOUND ( 'NONE', #1059, .T. ) ;
#236 = DIRECTION ( 'NONE',  ( 0.9618967477123857579, -0.2499999999999970579, -0.1107007079486696799 ) ) ;
#237 = ORIENTED_EDGE ( 'NONE', *, *, #565, .T. ) ;
#238 = CARTESIAN_POINT ( 'NONE',  ( 13.82050807568877993, -5.204170427930421283E-15, 15.00000000000000000 ) ) ;
#239 = DIRECTION ( 'NONE',  ( -0.000000000000000000, -0.000000000000000000, -1.000000000000000000 ) ) ;
#240 = VECTOR ( 'NONE', #393, 1000.000000000000114 ) ;
#241 = ORIENTED_EDGE ( 'NONE', *, *, #274, .F. ) ;
#242 = DIRECTION ( 'NONE',  ( -2.503857664561933855E-16, -1.000000000000000000, 0.000000000000000000 ) ) ;
#243 = DIRECTION ( 'NONE',  ( 0.000000000000000000, 0.8520312918379456812, -0.5234908573499266193 ) ) ;
#244 = EDGE_LOOP ( 'NONE', ( #1627, #1308, #1733, #1604, #775, #1451 ) ) ;
#245 = CARTESIAN_POINT ( 'NONE',  ( -14.20555543249408714, 5.999999999999977796, -1.483979398218749468 ) ) ;
#246 = CARTESIAN_POINT ( 'NONE',  ( -17.51543232994954380, 6.000000000000005329, 23.95614857562415168 ) ) ;
#247 = VERTEX_POINT ( 'NONE', #1561 ) ;
#248 = FACE_OUTER_BOUND ( 'NONE', #1068, .T. ) ;
#249 = EDGE_CURVE ( 'NONE', #705, #778, #1217, .T. ) ;
#250 = FACE_OUTER_BOUND ( 'NONE', #797, .T. ) ;
#251 = EDGE_CURVE ( 'NONE', #778, #455, #1540, .T. ) ;
#252 = EDGE_CURVE ( 'NONE', #1955, #483, #26, .T. ) ;
#253 = ADVANCED_FACE ( 'NONE', ( #728, #1377 ), #225, .F. ) ;
#254 = ORIENTED_EDGE ( 'NONE', *, *, #127, .T. ) ;
#255 = CARTESIAN_POINT ( 'NONE',  ( 22.00264734436551706, 10.93343110430127041, -0.5891208912871734871 ) ) ;
#256 = DIRECTION ( 'NONE',  ( -0.000000000000000000, -0.000000000000000000, -1.000000000000000000 ) ) ;
#257 = VERTEX_POINT ( 'NONE', #1194 ) ;
#258 = CARTESIAN_POINT ( 'NONE',  ( 16.00115023764066891, 9.820508075689090788, -18.64191010083960620 ) ) ;
#259 = LINE ( 'NONE', #1770, #1818 ) ;
#260 = ORIENTED_EDGE ( 'NONE', *, *, #2002, .T. ) ;
#261 = CARTESIAN_POINT ( 'NONE',  ( -13.85640646055101932, -5.999999999999998224, 15.00000000000000000 ) ) ;
#262 = CARTESIAN_POINT ( 'NONE',  ( -28.75749438782970913, -63.20874128731116315, 28.36878874589677579 ) ) ;
#263 = VECTOR ( 'NONE', #484, 1000.000000000000000 ) ;
#264 = VECTOR ( 'NONE', #1320, 1000.000000000000114 ) ;
#265 = DIRECTION ( 'NONE',  ( 0.4999999999999979461, 0.8660254037844399289, 0.000000000000000000 ) ) ;
#266 = CARTESIAN_POINT ( 'NONE',  ( -13.85640646055101755, 6.000000000000000000, 15.00000000000000000 ) ) ;
#267 = DIRECTION ( 'NONE',  ( -1.000000000000000000, 0.000000000000000000, 0.000000000000000000 ) ) ;
#268 = ORIENTED_EDGE ( 'NONE', *, *, #1240, .T. ) ;
#269 = CARTESIAN_POINT ( 'NONE',  ( -16.84492045038751940, 13.08863664001255422, -14.55387837382627225 ) ) ;
#270 = DIRECTION ( 'NONE',  ( -0.9618967477123848697, 0.2499999999999985845, 0.1107007079486729828 ) ) ;
#271 = ORIENTED_EDGE ( 'NONE', *, *, #1209, .F. ) ;
#272 = CARTESIAN_POINT ( 'NONE',  ( -17.88813171548449787, 20.32050807568899486, -11.62289530518726188 ) ) ;
#273 = VECTOR ( 'NONE', #2117, 1000.000000000000227 ) ;
#274 = EDGE_CURVE ( 'NONE', #1512, #653, #1367, .T. ) ;
#275 = VECTOR ( 'NONE', #1674, 1000.000000000000114 ) ;
#276 = CARTESIAN_POINT ( 'NONE',  ( -33.78987390958332071, -60.20874128731118446, 32.06678230308897071 ) ) ;
#277 = CARTESIAN_POINT ( 'NONE',  ( -20.71593688328916016, 6.000000000000005329, -3.853564460026909444 ) ) ;
#278 = CARTESIAN_POINT ( 'NONE',  ( -13.85640646055104064, 5.999999999999998224, -74.56220884755728662 ) ) ;
#279 = EDGE_LOOP ( 'NONE', ( #656, #862, #1712, #1698 ) ) ;
#280 = EDGE_CURVE ( 'NONE', #1164, #1180, #1486, .T. ) ;
#281 = CARTESIAN_POINT ( 'NONE',  ( -13.85640646055101932, -5.999999999999998224, 15.00000000000000000 ) ) ;
#282 = EDGE_CURVE ( 'NONE', #1159, #1753, #1747, .T. ) ;
#283 = FACE_OUTER_BOUND ( 'NONE', #1656, .T. ) ;
#284 = ORIENTED_EDGE ( 'NONE', *, *, #1690, .T. ) ;
#285 = LINE ( 'NONE', #272, #540 ) ;
#286 = LINE ( 'NONE', #141, #889 ) ;
#287 = DIRECTION ( 'NONE',  ( 0.9396926207859092051, 3.004629197474330684E-15, 0.3420201433256665480 ) ) ;
#288 = DIRECTION ( 'NONE',  ( -0.8660254037844385966, -0.5000000000000003331, 0.000000000000000000 ) ) ;
#289 = EDGE_CURVE ( 'NONE', #2156, #579, #1737, .T. ) ;
#290 = ORIENTED_EDGE ( 'NONE', *, *, #963, .F. ) ;
#291 = FACE_OUTER_BOUND ( 'NONE', #279, .T. ) ;
#292 = CARTESIAN_POINT ( 'NONE',  ( -19.30912086321459498, -2.880176935760851542, 9.999999999999998224 ) ) ;
#293 = ORIENTED_EDGE ( 'NONE', *, *, #1884, .T. ) ;
#294 = AXIS2_PLACEMENT_3D ( 'NONE', #1034, #1910, #1211 ) ;
#295 = PLANE ( 'NONE',  #1206 ) ;
#296 = CARTESIAN_POINT ( 'NONE',  ( 17.13116681757664850, 6.000000000000005329, 6.650690319970196995 ) ) ;
#297 = ORIENTED_EDGE ( 'NONE', *, *, #2178, .F. ) ;
#298 = AXIS2_PLACEMENT_3D ( 'NONE', #466, #962, #812 ) ;
#299 = LINE ( 'NONE', #277, #694 ) ;
#300 = CARTESIAN_POINT ( 'NONE',  ( 4.429781460869762988, -15.66987298107774151, -19.48023553726652679 ) ) ;
#301 = EDGE_LOOP ( 'NONE', ( #591, #1212, #2096, #2016, #1002 ) ) ;
#302 = LINE ( 'NONE', #654, #263 ) ;
#303 = VECTOR ( 'NONE', #1630, 1000.000000000000114 ) ;
#304 = CARTESIAN_POINT ( 'NONE',  ( -20.78694016835832059, -0.4905684662853923017, 10.75950464902535231 ) ) ;
#305 = EDGE_LOOP ( 'NONE', ( #1236, #848 ) ) ;
#306 = LINE ( 'NONE', #1657, #1508 ) ;
#307 = DIRECTION ( 'NONE',  ( -0.4932921833250079602, 0.8544071244954959399, 0.1632522204497837415 ) ) ;
#308 = CARTESIAN_POINT ( 'NONE',  ( 8.660254037844399733, -14.99999999999999467, -24.56587275535997250 ) ) ;
#309 = VECTOR ( 'NONE', #2019, 1000.000000000000227 ) ;
#310 = CARTESIAN_POINT ( 'NONE',  ( 3.005245842403390100, -15.28589838486219499, -15.56635609232126072 ) ) ;
#311 = APPROVAL_STATUS ( 'not_yet_approved' ) ;
#312 = EDGE_CURVE ( 'NONE', #1000, #2045, #1060, .T. ) ;
#313 = ORIENTED_EDGE ( 'NONE', *, *, #966, .T. ) ;
#314 = CARTESIAN_POINT ( 'NONE',  ( 24.24871130596427449, 9.107298248878237246E-15, 1.452969253830135088 ) ) ;
#315 = LINE ( 'NONE', #630, #1170 ) ;
#316 = AXIS2_PLACEMENT_3D ( 'NONE', #77, #1426, #431 ) ;
#317 = EDGE_LOOP ( 'NONE', ( #620, #1395, #1505, #818 ) ) ;
#318 = CARTESIAN_POINT ( 'NONE',  ( -19.37959249539438744, -2.830524140343449346, 9.511938225814381198 ) ) ;
#319 = CARTESIAN_POINT ( 'NONE',  ( -24.50842359597182352, 24.25706025102455143, 3.865185450765584285 ) ) ;
#320 = ORIENTED_EDGE ( 'NONE', *, *, #1191, .F. ) ;
#321 = PLANE ( 'NONE',  #734 ) ;
#322 = EDGE_CURVE ( 'NONE', #793, #2206, #1591, .T. ) ;
#323 = EDGE_CURVE ( 'NONE', #859, #424, #1572, .T. ) ;
#324 = DATE_AND_TIME ( #1314, #1485 ) ;
#325 = ORIENTED_EDGE ( 'NONE', *, *, #977, .F. ) ;
#326 = CARTESIAN_POINT ( 'NONE',  ( -16.95200364787627478, 12.18221956300460818, -14.21322505177333895 ) ) ;
#327 = CARTESIAN_POINT ( 'NONE',  ( -11.37775026468949235, 20.32050807568898776, -9.253310243379125666 ) ) ;
#328 = EDGE_LOOP ( 'NONE', ( #1653, #631, #2072, #1843, #1344 ) ) ;
#329 = DIRECTION ( 'NONE',  ( 0.000000000000000000, 0.4768709627114701144, 0.8789733129752209662 ) ) ;
#330 = DIRECTION ( 'NONE',  ( 0.4999999999999979461, 0.8660254037844399289, 0.000000000000000000 ) ) ;
#331 = AXIS2_PLACEMENT_3D ( 'NONE', #1722, #693, #1902 ) ;
#332 = CARTESIAN_POINT ( 'NONE',  ( -29.56333752120141867, -9.205202628028210654, 1.396071290845801061 ) ) ;
#333 = ORIENTED_EDGE ( 'NONE', *, *, #437, .T. ) ;
#334 = PLANE ( 'NONE',  #335 ) ;
#335 = AXIS2_PLACEMENT_3D ( 'NONE', #1688, #536, #689 ) ;
#336 = VECTOR ( 'NONE', #771, 1000.000000000000114 ) ;
#337 = VERTEX_POINT ( 'NONE', #1883 ) ;
#338 = CARTESIAN_POINT ( 'NONE',  ( -20.44741864487647831, -1.575395236303376745, 8.509999334724815512 ) ) ;
#339 = CARTESIAN_POINT ( 'NONE',  ( 13.85640646055101755, 6.000000000000000000, 15.00000000000000000 ) ) ;
#340 = EDGE_LOOP ( 'NONE', ( #1550, #2152, #92, #476 ) ) ;
#341 = DIRECTION ( 'NONE',  ( -0.1710100716628292217, -0.8660254037844417052, 0.4698463103929505502 ) ) ;
#342 = EDGE_CURVE ( 'NONE', #1232, #1514, #1836, .T. ) ;
#343 = VECTOR ( 'NONE', #1082, 1000.000000000000114 ) ;
#344 = ORIENTED_EDGE ( 'NONE', *, *, #2166, .T. ) ;
#345 = CARTESIAN_POINT ( 'NONE',  ( 7.404953318150504060, -12.49999999999988276, -20.34494203373447263 ) ) ;
#346 = EDGE_CURVE ( 'NONE', #1687, #81, #1094, .T. ) ;
#347 = DIRECTION ( 'NONE',  ( 0.1710100716628294992, 0.8660254037844415942, -0.4698463103929505502 ) ) ;
#348 = EDGE_CURVE ( 'NONE', #1146, #1180, #750, .T. ) ;
#349 = ORIENTED_EDGE ( 'NONE', *, *, #249, .F. ) ;
#350 = CARTESIAN_POINT ( 'NONE',  ( 19.96272598550818600, -2.297192030415286634, 8.653540097433214839 ) ) ;
#351 = EDGE_CURVE ( 'NONE', #1311, #1159, #1929, .T. ) ;
#352 = VECTOR ( 'NONE', #1228, 1000.000000000000000 ) ;
#353 = FACE_BOUND ( 'NONE', #1429, .T. ) ;
#354 = VERTEX_POINT ( 'NONE', #600 ) ;
#355 = CARTESIAN_POINT ( 'NONE',  ( -7.794228634059964911, -4.500000000000002665, 15.00000000000000000 ) ) ;
#356 = ORIENTED_EDGE ( 'NONE', *, *, #827, .F. ) ;
#357 = CARTESIAN_POINT ( 'NONE',  ( -16.91217153211843538, 11.78539397847832682, -14.22673025831888083 ) ) ;
#358 = CARTESIAN_POINT ( 'NONE',  ( -11.09087288828876083, 1.209955342804280187, -9.288623900150113855 ) ) ;
#359 = EDGE_CURVE ( 'NONE', #2195, #1762, #285, .T. ) ;
#360 = ORIENTED_EDGE ( 'NONE', *, *, #1625, .T. ) ;
#361 = CARTESIAN_POINT ( 'NONE',  ( 20.80624606003368626, -0.3263406740948037177, 9.604173159091562439 ) ) ;
#362 = LINE ( 'NONE', #2047, #547 ) ;
#363 = ORIENTED_EDGE ( 'NONE', *, *, #371, .T. ) ;
#364 = DIRECTION ( 'NONE',  ( -0.000000000000000000, -0.000000000000000000, -1.000000000000000000 ) ) ;
#365 = CIRCLE ( 'NONE', #1711, 3.500000000000000000 ) ;
#366 = ORIENTED_EDGE ( 'NONE', *, *, #891, .T. ) ;
#367 = CARTESIAN_POINT ( 'NONE',  ( -2.571086101620679631, 15.07050807568904105, -15.72479896846548009 ) ) ;
#368 = DIRECTION ( 'NONE',  ( -0.9396926207859106484, -5.791485458923731815E-16, -0.3420201433256629397 ) ) ;
#369 = EDGE_LOOP ( 'NONE', ( #1834, #1474, #971, #1647 ) ) ;
#370 = CARTESIAN_POINT ( 'NONE',  ( -13.85640646055104064, 5.999999999999998224, -13.02631499376882118 ) ) ;
#371 = EDGE_CURVE ( 'NONE', #841, #1705, #1391, .T. ) ;
#372 = LINE ( 'NONE', #521, #939 ) ;
#373 = ORIENTED_EDGE ( 'NONE', *, *, #1260, .F. ) ;
#374 = CARTESIAN_POINT ( 'NONE',  ( 19.34665895671210123, -2.855063216117742275, 10.39738534809911563 ) ) ;
#375 = COORDINATED_UNIVERSAL_TIME_OFFSET ( 7, 0, .BEHIND. ) ;
#376 = ORIENTED_EDGE ( 'NONE', *, *, #359, .T. ) ;
#377 = CARTESIAN_POINT ( 'NONE',  ( -8.660254037844385522, -14.99999999999999467, 15.00000000000000000 ) ) ;
#378 = DIRECTION ( 'NONE',  ( 0.000000000000000000, 0.4768709627114693927, 0.8789733129752212992 ) ) ;
#379 = VECTOR ( 'NONE', #1229, 1000.000000000000114 ) ;
#380 = VERTEX_POINT ( 'NONE', #261 ) ;
#381 = CARTESIAN_POINT ( 'NONE',  ( -23.40662757892974000, 21.78177192594734990, 9.999999999999998224 ) ) ;
#382 = CARTESIAN_POINT ( 'NONE',  ( 21.55245222893662671, 11.50460068673366720, -2.765031726880257334 ) ) ;
#383 = ORIENTED_EDGE ( 'NONE', *, *, #1896, .T. ) ;
#384 = DIRECTION ( 'NONE',  ( 0.9396926207859107594, 3.686287386450715076E-16, 0.3420201433256625512 ) ) ;
#385 = CYLINDRICAL_SURFACE ( 'NONE', #1619, 1.499999999999995781 ) ;
#386 = CARTESIAN_POINT ( 'NONE',  ( 22.19367398536354585, 12.80686210310633300, -0.1341493673323607416 ) ) ;
#387 = CARTESIAN_POINT ( 'NONE',  ( -13.85640646055104064, 5.999999999999998224, -5.586624630700323557 ) ) ;
#388 = ORIENTED_EDGE ( 'NONE', *, *, #2020, .F. ) ;
#389 = CYLINDRICAL_SURFACE ( 'NONE', #2030, 3.000000000000000444 ) ;
#390 = CC_DESIGN_PERSON_AND_ORGANIZATION_ASSIGNMENT ( #1009, #2052, ( #1765 ) ) ;
#391 = CARTESIAN_POINT ( 'NONE',  ( -21.90662757892974710, 24.37984813730066946, 9.999999999999998224 ) ) ;
#392 = ORIENTED_EDGE ( 'NONE', *, *, #1854, .F. ) ;
#393 = DIRECTION ( 'NONE',  ( -0.4069074766910036334, 0.7047844236084669367, -0.5811241017647101881 ) ) ;
#395 = EDGE_CURVE ( 'NONE', #445, #764, #1210, .T. ) ;
#394 = DIRECTION ( 'NONE',  ( -0.8660254037844402619, -0.4999999999999974465, -0.000000000000000000 ) ) ;
#396 = AXIS2_PLACEMENT_3D ( 'NONE', #262, #1437, #577 ) ;
#397 = ORIENTED_EDGE ( 'NONE', *, *, #1282, .T. ) ;
#398 = VECTOR ( 'NONE', #1385, 1000.000000000000227 ) ;
#399 = CARTESIAN_POINT ( 'NONE',  ( -8.660254037844385522, -14.99999999999999467, 15.00000000000000000 ) ) ;
#400 = CARTESIAN_POINT ( 'NONE',  ( 7.794228634059964023, -4.500000000000005329, -1.744551591300283366 ) ) ;
#401 = AXIS2_PLACEMENT_3D ( 'NONE', #220, #368, #722 ) ;
#402 = ORIENTED_EDGE ( 'NONE', *, *, #1694, .F. ) ;
#403 = CARTESIAN_POINT ( 'NONE',  ( -16.90724511776870997, 12.84904394718454235, -14.39040345896365025 ) ) ;
#404 = PLANE ( 'NONE',  #2083 ) ;
#405 = VERTEX_POINT ( 'NONE', #1628 ) ;
#406 = DIRECTION ( 'NONE',  ( 0.2515460552138159001, 0.9678453296402106387, 0.000000000000000000 ) ) ;
#407 = FACE_OUTER_BOUND ( 'NONE', #1224, .T. ) ;
#408 = CIRCLE ( 'NONE', #1542, 3.499999999999999112 ) ;
#409 = ORIENTED_EDGE ( 'NONE', *, *, #249, .T. ) ;
#410 = DIRECTION ( 'NONE',  ( 2.503857664561935334E-16, 1.000000000000000000, -0.000000000000000000 ) ) ;
#411 = DIRECTION ( 'NONE',  ( 0.9396926207859106484, 3.686287386450714583E-16, 0.3420201433256625512 ) ) ;
#412 = ORIENTED_EDGE ( 'NONE', *, *, #2166, .F. ) ;
#413 = EDGE_CURVE ( 'NONE', #1146, #1126, #441, .T. ) ;
#414 = CARTESIAN_POINT ( 'NONE',  ( 17.32050807568878170, -5.204170427930421283E-15, 0.000000000000000000 ) ) ;
#415 = ADVANCED_FACE ( 'NONE', ( #1975 ), #1615, .T. ) ;
#416 = ORIENTED_EDGE ( 'NONE', *, *, #395, .F. ) ;
#417 = CARTESIAN_POINT ( 'NONE',  ( 20.82050807568877815, 0.1085392248060361303, 0.1385184605540610014 ) ) ;
#418 = ADVANCED_FACE ( 'NONE', ( #1605 ), #791, .F. ) ;
#419 = CARTESIAN_POINT ( 'NONE',  ( 8.273194206485170454, -19.99999999999994671, -15.42090326867345773 ) ) ;
#420 =( GEOMETRIC_REPRESENTATION_CONTEXT ( 3 ) GLOBAL_UNCERTAINTY_ASSIGNED_CONTEXT ( ( #2200 ) ) GLOBAL_UNIT_ASSIGNED_CONTEXT ( ( #1991, #627, #454 ) ) REPRESENTATION_CONTEXT ( 'NONE', 'WORKASPACE' ) );
#421 = ORIENTED_EDGE ( 'NONE', *, *, #502, .F. ) ;
#422 = LINE ( 'NONE', #399, #578 ) ;
#423 = DIRECTION ( 'NONE',  ( 0.6656986149863660662, 0.2499999999999974742, 0.7030969734007076477 ) ) ;
#424 = VERTEX_POINT ( 'NONE', #576 ) ;
#425 = CARTESIAN_POINT ( 'NONE',  ( 7.794228634059964023, -4.500000000000005329, -1.744551591300283366 ) ) ;
#426 = CARTESIAN_POINT ( 'NONE',  ( -12.35088800770704687, -8.607634452058242402, -6.579636268419325695 ) ) ;
#427 = ORIENTED_EDGE ( 'NONE', *, *, #742, .F. ) ;
#428 = CARTESIAN_POINT ( 'NONE',  ( 0.09940804354184248903, -70.70874128731109920, 25.04776750743662461 ) ) ;
#429 = VERTEX_POINT ( 'NONE', #1963 ) ;
#430 = CARTESIAN_POINT ( 'NONE',  ( -20.82050807568877104, 1.734723475976807094E-15, 15.00000000000000000 ) ) ;
#431 = DIRECTION ( 'NONE',  ( -1.000000000000000000, 0.000000000000000000, 0.000000000000000000 ) ) ;
#432 = EDGE_LOOP ( 'NONE', ( #1780, #2202, #268 ) ) ;
#433 = ADVANCED_FACE ( 'NONE', ( #933 ), #449, .F. ) ;
#434 = CARTESIAN_POINT ( 'NONE',  ( 20.82050807568877815, -3.189389067250155918, 2.164776563543358012 ) ) ;
#435 = PLANE ( 'NONE',  #1689 ) ;
#436 = EDGE_LOOP ( 'NONE', ( #1441, #297 ) ) ;
#437 = EDGE_CURVE ( 'NONE', #199, #2066, #1041, .T. ) ;
#438 = CARTESIAN_POINT ( 'NONE',  ( 17.79032549820648512, 6.000000000000005329, -1.313146461724361336 ) ) ;
#439 = DIRECTION ( 'NONE',  ( 0.000000000000000000, -0.8520312918379460143, 0.5234908573499263973 ) ) ;
#440 = AXIS2_PLACEMENT_3D ( 'NONE', #1208, #2054, #2203 ) ;
#441 = CIRCLE ( 'NONE', #1861, 1.499999999999995337 ) ;
#442 = ADVANCED_FACE ( 'NONE', ( #779, #248 ), #563, .T. ) ;
#443 = DIRECTION ( 'NONE',  ( -0.000000000000000000, -0.000000000000000000, -1.000000000000000000 ) ) ;
#444 = DIRECTION ( 'NONE',  ( -0.6656986149863676205, -0.2499999999999964750, -0.7030969734007064265 ) ) ;
#445 = VERTEX_POINT ( 'NONE', #1759 ) ;
#446 = DIRECTION ( 'NONE',  ( 0.000000000000000000, 0.000000000000000000, 1.000000000000000000 ) ) ;
#447 = CARTESIAN_POINT ( 'NONE',  ( 0.6127497752954190746, -15.00000000000000355, -8.993027171807987941 ) ) ;
#448 = VERTEX_POINT ( 'NONE', #238 ) ;
#449 = PLANE ( 'NONE',  #2075 ) ;
#450 = VECTOR ( 'NONE', #2062, 1000.000000000000000 ) ;
#451 = AXIS2_PLACEMENT_3D ( 'NONE', #1312, #4, #803 ) ;
#452 = CARTESIAN_POINT ( 'NONE',  ( 22.02689110708255171, 12.65578086458287110, -2.910629796005194780 ) ) ;
#453 = DIRECTION ( 'NONE',  ( 0.9396926207859106484, 3.035766082959411922E-16, 0.3420201433256626067 ) ) ;
#454 =( NAMED_UNIT ( * ) SI_UNIT ( $, .STERADIAN. ) SOLID_ANGLE_UNIT ( ) );
#455 = VERTEX_POINT ( 'NONE', #1594 ) ;
#456 = DIRECTION ( 'NONE',  ( 0.5000000000000003331, -0.8660254037844383745, 0.000000000000000000 ) ) ;
#457 = CARTESIAN_POINT ( 'NONE',  ( -20.70507472925212511, -0.8953142973402092863, 11.19108076822130826 ) ) ;
#458 = ORIENTED_EDGE ( 'NONE', *, *, #1850, .F. ) ;
#459 = CARTESIAN_POINT ( 'NONE',  ( -20.80912086321460563, -0.2821007244075406928, 9.999999999999998224 ) ) ;
#460 = FACE_OUTER_BOUND ( 'NONE', #1971, .T. ) ;
#461 = ORIENTED_EDGE ( 'NONE', *, *, #2021, .F. ) ;
#462 = EDGE_CURVE ( 'NONE', #1705, #841, #999, .T. ) ;
#463 = CARTESIAN_POINT ( 'NONE',  ( 17.32050807568878170, -5.204170427930421283E-15, 15.00000000000000000 ) ) ;
#464 = ORIENTED_EDGE ( 'NONE', *, *, #251, .T. ) ;
#465 = LINE ( 'NONE', #122, #1103 ) ;
#466 = CARTESIAN_POINT ( 'NONE',  ( -16.17654558344566951, -70.70874128731108499, 19.12380485291625831 ) ) ;
#467 = ORIENTED_EDGE ( 'NONE', *, *, #1030, .F. ) ;
#468 = VECTOR ( 'NONE', #1611, 1000.000000000000114 ) ;
#469 = DIRECTION ( 'NONE',  ( 0.000000000000000000, 0.8520312918379460143, -0.5234908573499263973 ) ) ;
#470 = DIRECTION ( 'NONE',  ( 0.4069074766910040775, -0.7047844236084671588, 0.5811241017647097440 ) ) ;
#471 = CARTESIAN_POINT ( 'NONE',  ( 24.24871130596427449, 6.847727811467460497E-15, 15.00000000000000000 ) ) ;
#472 = CARTESIAN_POINT ( 'NONE',  ( -13.82050807568877282, 2.163349855678380507E-15, 15.00000000000000000 ) ) ;
#473 = VERTEX_POINT ( 'NONE', #82 ) ;
#474 = CARTESIAN_POINT ( 'NONE',  ( 7.384599808307113378, -18.49999999999996803, -12.97951022462532755 ) ) ;
#475 = CARTESIAN_POINT ( 'NONE',  ( -30.23549631687111372, -66.20874128731114183, 22.30121012689641802 ) ) ;
#476 = ORIENTED_EDGE ( 'NONE', *, *, #752, .T. ) ;
#477 = CARTESIAN_POINT ( 'NONE',  ( -20.53000079122478638, -1.399498612784749074, 8.548964746433744821 ) ) ;
#478 = ADVANCED_FACE ( 'NONE', ( #761, #1679 ), #621, .F. ) ;
#479 = CARTESIAN_POINT ( 'NONE',  ( 22.40461483630149786, 13.29789726687752704, -2.433993221911578964 ) ) ;
#480 = EDGE_CURVE ( 'NONE', #982, #1257, #834, .T. ) ;
#481 = EDGE_CURVE ( 'NONE', #149, #1598, #897, .T. ) ;
#482 = CARTESIAN_POINT ( 'NONE',  ( -28.75749438782970913, -61.53969291782101436, 31.44519534131005045 ) ) ;
#483 = VERTEX_POINT ( 'NONE', #2017 ) ;
#484 = DIRECTION ( 'NONE',  ( 1.000000000000000000, -2.503857664561935334E-16, 0.000000000000000000 ) ) ;
#485 = CARTESIAN_POINT ( 'NONE',  ( -20.80912086321460563, -0.2821007244075406928, 9.999999999999998224 ) ) ;
#486 = ORIENTED_EDGE ( 'NONE', *, *, #231, .F. ) ;
#487 = CARTESIAN_POINT ( 'NONE',  ( 7.794228634059964023, -4.500000000000005329, -1.744551591300283366 ) ) ;
#488 = CARTESIAN_POINT ( 'NONE',  ( 21.71161996323094812, 12.04066448169646542, -2.968946705503518579 ) ) ;
#489 = CYLINDRICAL_SURFACE ( 'NONE', #1905, 1.500000000000001110 ) ;
#490 = COORDINATED_UNIVERSAL_TIME_OFFSET ( 7, 0, .BEHIND. ) ;
#491 = VERTEX_POINT ( 'NONE', #647 ) ;
#492 = DIRECTION ( 'NONE',  ( 0.1710100716628294992, 0.8660254037844415942, -0.4698463103929505502 ) ) ;
#493 = EDGE_CURVE ( 'NONE', #2115, #429, #1128, .T. ) ;
#494 = VERTEX_POINT ( 'NONE', #1160 ) ;
#495 = CARTESIAN_POINT ( 'NONE',  ( -20.07873305564874400, -2.156512030096084054, 8.578407178035346803 ) ) ;
#496 = CIRCLE ( 'NONE', #1637, 3.499999999999999556 ) ;
#497 = DIRECTION ( 'NONE',  ( 0.9396926207859104263, 5.791485458923730829E-16, 0.3420201433256628842 ) ) ;
#498 = AXIS2_PLACEMENT_3D ( 'NONE', #98, #1081, #1113 ) ;
#499 = CARTESIAN_POINT ( 'NONE',  ( -22.65662757892974355, 23.08081003162400791, 9.999999999999998224 ) ) ;
#500 = MANIFOLD_SOLID_BREP ( 'Fillet2', #1330 ) ;
#501 = CIRCLE ( 'NONE', #788, 1.500000000000000000 ) ;
#502 = EDGE_CURVE ( 'NONE', #701, #1593, #1468, .T. ) ;
#503 = EDGE_CURVE ( 'NONE', #1911, #675, #38, .T. ) ;
#504 = ORIENTED_EDGE ( 'NONE', *, *, #70, .T. ) ;
#505 = CARTESIAN_POINT ( 'NONE',  ( -16.94246816362154462, 11.98200808052507860, -14.20315387246113836 ) ) ;
#506 = DIRECTION ( 'NONE',  ( 0.1710100716628294992, 0.8660254037844415942, -0.4698463103929505502 ) ) ;
#507 = EDGE_LOOP ( 'NONE', ( #1546, #1676, #1667, #1121 ) ) ;
#508 = FACE_OUTER_BOUND ( 'NONE', #665, .T. ) ;
#509 = AXIS2_PLACEMENT_3D ( 'NONE', #1487, #453, #980 ) ;
#510 = DIRECTION ( 'NONE',  ( -0.4999999999999987232, -0.8660254037844392627, 0.000000000000000000 ) ) ;
#511 = EDGE_LOOP ( 'NONE', ( #117, #1115, #940, #166, #1316, #1799, #467 ) ) ;
#512 = CARTESIAN_POINT ( 'NONE',  ( 20.13725578468945088, -2.079752918522936422, 11.45103525356624630 ) ) ;
#513 = ADVANCED_FACE ( 'NONE', ( #1493 ), #295, .T. ) ;
#514 = SHAPE_DEFINITION_REPRESENTATION ( #1965, #589 ) ;
#515 = EDGE_LOOP ( 'NONE', ( #356, #184 ) ) ;
#516 = DIRECTION ( 'NONE',  ( -0.2961981327260200803, 0.4999999999999948375, 0.8137976813493782435 ) ) ;
#517 = CARTESIAN_POINT ( 'NONE',  ( 12.07727216266810544, 15.07050807568903750, -10.39323257939714296 ) ) ;
#518 = ORIENTED_EDGE ( 'NONE', *, *, #1282, .F. ) ;
#519 = CARTESIAN_POINT ( 'NONE',  ( 13.85640646055101577, 6.000000000000000000, 8.729739445961874011 ) ) ;
#520 = APPROVAL_PERSON_ORGANIZATION ( #638, #781, #2022 ) ;
#521 = CARTESIAN_POINT ( 'NONE',  ( 8.273194206485170454, -19.99999999999994671, -15.42090326867345773 ) ) ;
#522 = ORIENTED_EDGE ( 'NONE', *, *, #462, .F. ) ;
#523 = DIRECTION ( 'NONE',  ( 0.3420201433256623846, 0.000000000000000000, -0.9396926207859106484 ) ) ;
#524 = EDGE_CURVE ( 'NONE', #1126, #1164, #2163, .T. ) ;
#525 = ORIENTED_EDGE ( 'NONE', *, *, #1966, .F. ) ;
#526 = CARTESIAN_POINT ( 'NONE',  ( -15.41486632571158566, 10.74479536838458316, -15.33356941539900475 ) ) ;
#527 = CARTESIAN_POINT ( 'NONE',  ( 17.31748054058352793, 5.999999999999999112, 11.33809060579892680 ) ) ;
#528 = ORIENTED_EDGE ( 'NONE', *, *, #1826, .F. ) ;
#529 = CARTESIAN_POINT ( 'NONE',  ( 20.80912086321461274, -0.2821007244075456333, 9.999999999999998224 ) ) ;
#530 = LINE ( 'NONE', #695, #661 ) ;
#531 = ORIENTED_EDGE ( 'NONE', *, *, #16, .F. ) ;
#532 = CARTESIAN_POINT ( 'NONE',  ( 19.57164185934637146, -2.683843637399673465, 10.92229334602661339 ) ) ;
#533 = EDGE_CURVE ( 'NONE', #607, #2156, #306, .T. ) ;
#534 = PERSON_AND_ORGANIZATION ( #1707, #1265 ) ;
#535 = ORIENTED_EDGE ( 'NONE', *, *, #643, .T. ) ;
#536 = DIRECTION ( 'NONE',  ( 0.000000000000000000, 0.000000000000000000, 1.000000000000000000 ) ) ;
#537 = CARTESIAN_POINT ( 'NONE',  ( -35.26787583862471820, -63.20874128731116315, 25.99920368408862359 ) ) ;
#538 = ORIENTED_EDGE ( 'NONE', *, *, #1920, .F. ) ;
#539 = CARTESIAN_POINT ( 'NONE',  ( 20.13661521989371650, -2.080629240387309231, 8.549243206962087172 ) ) ;
#540 = VECTOR ( 'NONE', #1436, 1000.000000000000114 ) ;
#541 = DIRECTION ( 'NONE',  ( 0.1710100716628294992, 0.8660254037844415942, -0.4698463103929505502 ) ) ;
#542 = ORIENTED_EDGE ( 'NONE', *, *, #1895, .T. ) ;
#543 = CARTESIAN_POINT ( 'NONE',  ( -24.24871130596427449, 6.847727811467460497E-15, 15.00000000000000000 ) ) ;
#544 = EDGE_CURVE ( 'NONE', #455, #2048, #140, .T. ) ;
#545 = CARTESIAN_POINT ( 'NONE',  ( 20.78460969082652454, 5.999999999999998224, 15.00000000000000000 ) ) ;
#546 = CARTESIAN_POINT ( 'NONE',  ( 22.09810771683972774, 11.74218743283877586, -0.03916050040625346229 ) ) ;
#547 = VECTOR ( 'NONE', #497, 1000.000000000000227 ) ;
#548 = DIRECTION ( 'NONE',  ( 0.1710100716628294992, 0.8660254037844415942, -0.4698463103929505502 ) ) ;
#549 = AXIS2_PLACEMENT_3D ( 'NONE', #1341, #341, #1528 ) ;
#550 = VERTEX_POINT ( 'NONE', #2007 ) ;
#551 = CARTESIAN_POINT ( 'NONE',  ( 20.78689486064659420, -0.4909482540384290106, 9.239676128403758071 ) ) ;
#552 = EDGE_CURVE ( 'NONE', #247, #1000, #1433, .T. ) ;
#553 = DIRECTION ( 'NONE',  ( 0.000000000000000000, 0.000000000000000000, 1.000000000000000000 ) ) ;
#554 = ORIENTED_EDGE ( 'NONE', *, *, #871, .T. ) ;
#555 = CARTESIAN_POINT ( 'NONE',  ( -28.75749438782970913, -64.87778965680129772, 25.29238215048350114 ) ) ;
#556 = VERTEX_POINT ( 'NONE', #1890 ) ;
#557 = LINE ( 'NONE', #765, #1071 ) ;
#558 = DIRECTION ( 'NONE',  ( 0.7261554316666074538, 0.000000000000000000, -0.6875305731828098565 ) ) ;
#559 = ORIENTED_EDGE ( 'NONE', *, *, #622, .T. ) ;
#560 = CARTESIAN_POINT ( 'NONE',  ( -16.81859059117428501, 13.16099089622978369, -14.61979402240277714 ) ) ;
#561 = LINE ( 'NONE', #1779, #7 ) ;
#562 = ORIENTED_EDGE ( 'NONE', *, *, #1976, .T. ) ;
#563 = PLANE ( 'NONE',  #2183 ) ;
#564 = DIRECTION ( 'NONE',  ( -0.2961981327260196917, 0.4999999999999949485, 0.8137976813493783546 ) ) ;
#565 = EDGE_CURVE ( 'NONE', #1928, #1352, #32, .T. ) ;
#566 = AXIS2_PLACEMENT_3D ( 'NONE', #1752, #915, #756 ) ;
#567 = VERTEX_POINT ( 'NONE', #713 ) ;
#568 = DIRECTION ( 'NONE',  ( 0.1710100716628294992, 0.8660254037844415942, -0.4698463103929505502 ) ) ;
#569 = EDGE_CURVE ( 'NONE', #1514, #625, #885, .T. ) ;
#570 = CARTESIAN_POINT ( 'NONE',  ( -20.78460969082666665, 6.000000000000001776, -4.450273834798389672 ) ) ;
#571 = VECTOR ( 'NONE', #759, 1000.000000000000114 ) ;
#572 = ORIENTED_EDGE ( 'NONE', *, *, #2088, .F. ) ;
#573 = DIRECTION ( 'NONE',  ( -0.4999999999999995004, 0.8660254037844389297, 0.000000000000000000 ) ) ;
#574 = CARTESIAN_POINT ( 'NONE',  ( -17.32050807568877460, 1.734723475976807094E-15, 15.00000000000000000 ) ) ;
#575 = ORIENTED_EDGE ( 'NONE', *, *, #1920, .T. ) ;
#576 = CARTESIAN_POINT ( 'NONE',  ( 22.49912363885773914, 3.030374731724428283, -1.045700885568601191 ) ) ;
#577 = DIRECTION ( 'NONE',  ( 0.000000000000000000, 0.4768709627114701144, 0.8789733129752209662 ) ) ;
#578 = VECTOR ( 'NONE', #95, 1000.000000000000000 ) ;
#579 = VERTEX_POINT ( 'NONE', #188 ) ;
#580 = PLANE ( 'NONE',  #193 ) ;
#581 = ADVANCED_FACE ( 'NONE', ( #702, #2046, #863 ), #177, .T. ) ;
#582 = DIRECTION ( 'NONE',  ( -0.7263614178872025429, 0.4330127018922151350, 0.5337593939266046528 ) ) ;
#583 = ORIENTED_EDGE ( 'NONE', *, *, #2010, .F. ) ;
#584 = CARTESIAN_POINT ( 'NONE',  ( -15.93017761625170614, 13.49425035484705404, -16.02115455545325418 ) ) ;
#585 = CIRCLE ( 'NONE', #942, 1.500000000000000666 ) ;
#586 = DIRECTION ( 'NONE',  ( -0.000000000000000000, -0.000000000000000000, -1.000000000000000000 ) ) ;
#587 = VERTEX_POINT ( 'NONE', #1547 ) ;
#588 = DIRECTION ( 'NONE',  ( 0.000000000000000000, 0.000000000000000000, 1.000000000000000000 ) ) ;
#589 = ADVANCED_BREP_SHAPE_REPRESENTATION ( 'Mid Arm Connector Right V.3', ( #500, #703 ), #420 ) ;
#590 = VECTOR ( 'NONE', #1808, 1000.000000000000000 ) ;
#591 = ORIENTED_EDGE ( 'NONE', *, *, #1993, .T. ) ;
#592 = CARTESIAN_POINT ( 'NONE',  ( -20.78460969082652099, -6.000000000000000000, 15.00000000000000000 ) ) ;
#593 =( BOUNDED_CURVE ( )  B_SPLINE_CURVE ( 3, ( #1617, #1239, #1095, #1421 ),
 .UNSPECIFIED., .F., .F. ) 
 B_SPLINE_CURVE_WITH_KNOTS ( ( 4, 4 ),
 ( 2.379961786874452478, 3.123508564933144438 ),
 .UNSPECIFIED. ) 
 CURVE ( )  GEOMETRIC_REPRESENTATION_ITEM ( )  RATIONAL_B_SPLINE_CURVE ( ( 1.000000000000000000, 0.9544563967069956689, 0.9544563967069956689, 1.000000000000000000 ) ) 
 REPRESENTATION_ITEM ( '' )  );
#594 = LINE ( 'NONE', #1079, #2105 ) ;
#595 = EDGE_CURVE ( 'NONE', #1746, #1281, #1347, .T. ) ;
#596 = VERTEX_POINT ( 'NONE', #1057 ) ;
#597 = CARTESIAN_POINT ( 'NONE',  ( -15.15472234885597302, 12.86219919796902822, -16.39510532112743491 ) ) ;
#598 = CARTESIAN_POINT ( 'NONE',  ( 23.37499648273591291, 25.22761131918282729, 9.999999999999998224 ) ) ;
#599 = ORIENTED_EDGE ( 'NONE', *, *, #1263, .T. ) ;
#600 = CARTESIAN_POINT ( 'NONE',  ( 7.794228634059964023, -4.500000000000005329, 15.00000000000000000 ) ) ;
#601 = EDGE_CURVE ( 'NONE', #1435, #1892, #1558, .T. ) ;
#602 = CARTESIAN_POINT ( 'NONE',  ( -21.76666049839541017, -4.299038105676659782, 9.999999999999998224 ) ) ;
#603 = CYLINDRICAL_SURFACE ( 'NONE', #123, 3.499999999999999556 ) ;
#604 = CARTESIAN_POINT ( 'NONE',  ( -12.85575219373088096, 15.65145970619888693, -18.39729545779273323 ) ) ;
#605 = VECTOR ( 'NONE', #239, 1000.000000000000000 ) ;
#606 = VECTOR ( 'NONE', #1036, 1000.000000000000114 ) ;
#607 = VERTEX_POINT ( 'NONE', #844 ) ;
#608 = CARTESIAN_POINT ( 'NONE',  ( -15.99902627652390130, 13.52381842588104099, -15.95635156760099527 ) ) ;
#609 = LINE ( 'NONE', #475, #961 ) ;
#610 = ORIENTED_EDGE ( 'NONE', *, *, #1552, .T. ) ;
#611 = DIRECTION ( 'NONE',  ( 0.3420201433256627732, 0.000000000000000000, -0.9396926207859106484 ) ) ;
#612 = LINE ( 'NONE', #1917, #1277 ) ;
#613 = VECTOR ( 'NONE', #456, 1000.000000000000227 ) ;
#614 = CARTESIAN_POINT ( 'NONE',  ( -17.32050807568877460, 1.734723475976807094E-15, 15.00000000000000000 ) ) ;
#615 = PLANE ( 'NONE',  #2160 ) ;
#616 = VERTEX_POINT ( 'NONE', #519 ) ;
#617 = LINE ( 'NONE', #1983, #613 ) ;
#618 = CC_DESIGN_DATE_AND_TIME_ASSIGNMENT ( #1562, #1727, ( #1765 ) ) ;
#619 = LINE ( 'NONE', #1669, #686 ) ;
#620 = ORIENTED_EDGE ( 'NONE', *, *, #252, .T. ) ;
#621 = CYLINDRICAL_SURFACE ( 'NONE', #157, 3.500000000000001332 ) ;
#622 = EDGE_CURVE ( 'NONE', #1514, #1232, #1322, .T. ) ;
#623 = VECTOR ( 'NONE', #1037, 1000.000000000000000 ) ;
#624 = DIRECTION ( 'NONE',  ( 0.9618967477123856469, -0.2499999999999970024, -0.1107007079486696660 ) ) ;
#625 = VERTEX_POINT ( 'NONE', #1912 ) ;
#626 = CARTESIAN_POINT ( 'NONE',  ( -14.76158175576853182, 6.000000000000005329, -13.16107177076508350 ) ) ;
#627 =( NAMED_UNIT ( * ) PLANE_ANGLE_UNIT ( ) SI_UNIT ( $, .RADIAN. ) );
#628 = ORIENTED_EDGE ( 'NONE', *, *, #502, .T. ) ;
#629 = LINE ( 'NONE', #2181, #785 ) ;
#630 = CARTESIAN_POINT ( 'NONE',  ( 12.87863372801687234, 4.306447948995403507, 9.414383283938176916 ) ) ;
#631 = ORIENTED_EDGE ( 'NONE', *, *, #346, .T. ) ;
#632 = CARTESIAN_POINT ( 'NONE',  ( -19.57277676439224123, -2.682878369411761721, 9.075994657679130384 ) ) ;
#633 = DIRECTION ( 'NONE',  ( -0.6656986149863668434, -0.2499999999999970024, -0.7030969734007070926 ) ) ;
#634 = ORIENTED_EDGE ( 'NONE', *, *, #142, .T. ) ;
#635 = LINE ( 'NONE', #471, #1760 ) ;
#636 = LINE ( 'NONE', #2144, #303 ) ;
#637 = ADVANCED_FACE ( 'NONE', ( #508 ), #389, .T. ) ;
#638 = PERSON_AND_ORGANIZATION ( #1707, #1265 ) ;
#639 = ORIENTED_EDGE ( 'NONE', *, *, #1993, .F. ) ;
#640 = EDGE_CURVE ( 'NONE', #2006, #701, #1713, .T. ) ;
#641 = DIRECTION ( 'NONE',  ( 0.3420201433256618850, 0.000000000000000000, -0.9396926207859109814 ) ) ;
#642 = EDGE_CURVE ( 'NONE', #448, #1750, #1416, .T. ) ;
#643 = EDGE_CURVE ( 'NONE', #645, #2115, #1889, .T. ) ;
#644 = CARTESIAN_POINT ( 'NONE',  ( -24.50842359597182352, 24.25706025102455143, 3.865185450765584285 ) ) ;
#645 = VERTEX_POINT ( 'NONE', #1938 ) ;
#646 = VECTOR ( 'NONE', #690, 1000.000000000000114 ) ;
#647 = CARTESIAN_POINT ( 'NONE',  ( 8.660254037844399733, -14.99999999999999467, 15.00000000000000711 ) ) ;
#648 = CARTESIAN_POINT ( 'NONE',  ( 18.24121441918013531, -5.999999999999999112, 2.952839145021332268 ) ) ;
#649 = CARTESIAN_POINT ( 'NONE',  ( -3.824470031430722727, -65.45874128731114183, 33.29644502887908430 ) ) ;
#650 = VECTOR ( 'NONE', #950, 1000.000000000000227 ) ;
#651 = CYLINDRICAL_SURFACE ( 'NONE', #969, 1.500000000000004441 ) ;
#652 = DIRECTION ( 'NONE',  ( 0.000000000000000000, 0.000000000000000000, 1.000000000000000000 ) ) ;
#653 = VERTEX_POINT ( 'NONE', #258 ) ;
#654 = CARTESIAN_POINT ( 'NONE',  ( 13.85640646055101932, -5.999999999999998224, 15.00000000000000000 ) ) ;
#655 = DIRECTION ( 'NONE',  ( -1.000000000000000000, 0.000000000000000000, 0.000000000000000000 ) ) ;
#656 = ORIENTED_EDGE ( 'NONE', *, *, #1576, .T. ) ;
#657 = CARTESIAN_POINT ( 'NONE',  ( 21.17415698928552814, 20.32050807568899131, 2.594615065661611375 ) ) ;
#658 = CARTESIAN_POINT ( 'NONE',  ( 22.25860891053588730, 13.04677527498444611, -2.703358155419417930 ) ) ;
#659 = EDGE_LOOP ( 'NONE', ( #2169, #1571, #696, #1985, #1168 ) ) ;
#660 = CARTESIAN_POINT ( 'NONE',  ( -23.43996263213134057, -15.28589838486220565, -26.78789147472988930 ) ) ;
#661 = VECTOR ( 'NONE', #1025, 1000.000000000000114 ) ;
#662 = VECTOR ( 'NONE', #1511, 1000.000000000000000 ) ;
#663 = EDGE_CURVE ( 'NONE', #764, #1750, #5, .T. ) ;
#664 = DIRECTION ( 'NONE',  ( 1.000000000000000000, 0.000000000000000000, 0.000000000000000000 ) ) ;
#665 = EDGE_LOOP ( 'NONE', ( #975, #427, #458, #1524 ) ) ;
#666 = CARTESIAN_POINT ( 'NONE',  ( 24.87499648273590580, 22.62953510782950417, 9.999999999999998224 ) ) ;
#667 = ORIENTED_EDGE ( 'NONE', *, *, #830, .F. ) ;
#668 = CARTESIAN_POINT ( 'NONE',  ( -20.13731375520895384, -2.079690635088014883, 8.548918597892390281 ) ) ;
#669 = FACE_OUTER_BOUND ( 'NONE', #698, .T. ) ;
#670 = ORIENTED_EDGE ( 'NONE', *, *, #739, .F. ) ;
#671 = CARTESIAN_POINT ( 'NONE',  ( -16.61576109446335181, 11.49038105676683763, -18.22153501059317549 ) ) ;
#672 = EDGE_CURVE ( 'NONE', #1019, #448, #1278, .T. ) ;
#673 = EDGE_CURVE ( 'NONE', #1492, #607, #1580, .T. ) ;
#674 = CALENDAR_DATE ( 2026, 6, 2 ) ;
#675 = VERTEX_POINT ( 'NONE', #222 ) ;
#676 = CARTESIAN_POINT ( 'NONE',  ( -1.237966655608269129, -60.20874128731121289, 43.91470761212967489 ) ) ;
#677 = DIRECTION ( 'NONE',  ( -0.9396926207859106484, 1.001543065824772852E-16, -0.3420201433256623291 ) ) ;
#678 = ORIENTED_EDGE ( 'NONE', *, *, #79, .F. ) ;
#679 = DIRECTION ( 'NONE',  ( 0.5000000000000000000, -0.8660254037844385966, 0.000000000000000000 ) ) ;
#680 = AXIS2_PLACEMENT_3D ( 'NONE', #1411, #394, #1749 ) ;
#681 = DIRECTION ( 'NONE',  ( 0.4999999999999987232, 0.8660254037844392627, 0.000000000000000000 ) ) ;
#682 = ORIENTED_EDGE ( 'NONE', *, *, #642, .F. ) ;
#683 = AXIS2_PLACEMENT_3D ( 'NONE', #1869, #200, #679 ) ;
#684 = CARTESIAN_POINT ( 'NONE',  ( -6.229815212074063524, -5.999999999999996447, -5.953887242601214602 ) ) ;
#685 = EDGE_CURVE ( 'NONE', #1250, #705, #69, .T. ) ;
#686 = VECTOR ( 'NONE', #137, 1000.000000000000114 ) ;
#687 = APPROVAL_STATUS ( 'not_yet_approved' ) ;
#688 = ORIENTED_EDGE ( 'NONE', *, *, #928, .T. ) ;
#689 = DIRECTION ( 'NONE',  ( 1.000000000000000000, 0.000000000000000000, -0.000000000000000000 ) ) ;
#690 = DIRECTION ( 'NONE',  ( -0.1930750503483368852, -0.3344157968772395462, -0.9224359596914833981 ) ) ;
#691 = PRODUCT_RELATED_PRODUCT_CATEGORY ( 'detail', '', ( #1801 ) ) ;
#692 = ORIENTED_EDGE ( 'NONE', *, *, #1428, .T. ) ;
#693 = DIRECTION ( 'NONE',  ( 0.1710100716628295270, 0.8660254037844415942, -0.4698463103929504947 ) ) ;
#694 = VECTOR ( 'NONE', #947, 1000.000000000000227 ) ;
#695 = CARTESIAN_POINT ( 'NONE',  ( 11.09995814075394982, -14.99999999999999289, -5.175995486233639475 ) ) ;
#696 = ORIENTED_EDGE ( 'NONE', *, *, #1029, .F. ) ;
#697 = CARTESIAN_POINT ( 'NONE',  ( 20.78460969082652454, 5.999999999999998224, 15.00000000000000000 ) ) ;
#698 = EDGE_LOOP ( 'NONE', ( #392, #230, #1243, #2053, #97 ) ) ;
#699 = CARTESIAN_POINT ( 'NONE',  ( -16.95200364787627478, 12.18221956300460818, -14.21322505177333895 ) ) ;
#700 = CARTESIAN_POINT ( 'NONE',  ( -24.24871130596427449, 6.847727811467460497E-15, 15.00000000000000000 ) ) ;
#701 = VERTEX_POINT ( 'NONE', #776 ) ;
#702 = FACE_BOUND ( 'NONE', #436, .T. ) ;
#703 = AXIS2_PLACEMENT_3D ( 'NONE', #1131, #652, #664 ) ;
#704 = DIRECTION ( 'NONE',  ( 0.7261554316666063436, 0.000000000000000000, -0.6875305731828109668 ) ) ;
#705 = VERTEX_POINT ( 'NONE', #1972 ) ;
#706 = CARTESIAN_POINT ( 'NONE',  ( 20.56721476729872222, -1.310436886950135715, 11.42159282196465497 ) ) ;
#707 = EDGE_CURVE ( 'NONE', #199, #53, #927, .T. ) ;
#708 = APPROVAL_DATE_TIME ( #1379, #1639 ) ;
#709 = ORIENTED_EDGE ( 'NONE', *, *, #371, .F. ) ;
#710 = CARTESIAN_POINT ( 'NONE',  ( -14.74291767621092397, 11.46610654472140212, -15.95007423872839247 ) ) ;
#711 = CYLINDRICAL_SURFACE ( 'NONE', #855, 1.500000000000001110 ) ;
#712 = EDGE_LOOP ( 'NONE', ( #746, #176, #766, #1774, #416 ) ) ;
#713 = CARTESIAN_POINT ( 'NONE',  ( 19.69615506024413776, 18.98955644517917207, -0.3965569579254665245 ) ) ;
#714 = EDGE_CURVE ( 'NONE', #749, #445, #1342, .T. ) ;
#715 = EDGE_CURVE ( 'NONE', #1199, #579, #1959, .T. ) ;
#716 = CARTESIAN_POINT ( 'NONE',  ( -18.79422738946317040, 11.49038105676683763, -16.15894329104473925 ) ) ;
#717 = EDGE_LOOP ( 'NONE', ( #1405, #1267, #554, #313 ) ) ;
#718 = CARTESIAN_POINT ( 'NONE',  ( 19.73085746778803795, -2.538773484084492438, 11.12800915504866772 ) ) ;
#719 = CIRCLE ( 'NONE', #992, 1.500000000000000666 ) ;
#720 = ORIENTED_EDGE ( 'NONE', *, *, #1823, .T. ) ;
#721 = CARTESIAN_POINT ( 'NONE',  ( -14.77353735287645264, 12.18221956300460640, -16.27581677132178939 ) ) ;
#722 = DIRECTION ( 'NONE',  ( -0.3420201433256628287, 0.000000000000000000, 0.9396926207859105373 ) ) ;
#723 = ORIENTED_EDGE ( 'NONE', *, *, #2060, .F. ) ;
#724 = AXIS2_PLACEMENT_3D ( 'NONE', #972, #960, #641 ) ;
#725 = CARTESIAN_POINT ( 'NONE',  ( 20.63105241457790129, -1.139609377075101682, 8.653549112900533302 ) ) ;
#726 = VECTOR ( 'NONE', #876, 1000.000000000000000 ) ;
#727 = ORIENTED_EDGE ( 'NONE', *, *, #569, .F. ) ;
#728 = FACE_BOUND ( 'NONE', #1370, .T. ) ;
#729 = VERTEX_POINT ( 'NONE', #245 ) ;
#730 = FACE_OUTER_BOUND ( 'NONE', #317, .T. ) ;
#731 = VECTOR ( 'NONE', #541, 1000.000000000000000 ) ;
#732 = ADVANCED_FACE ( 'NONE', ( #235 ), #57, .T. ) ;
#733 = CARTESIAN_POINT ( 'NONE',  ( 17.32050807568878170, -5.204170427930421283E-15, 15.00000000000000000 ) ) ;
#734 = AXIS2_PLACEMENT_3D ( 'NONE', #1098, #988, #1784 ) ;
#735 = ORIENTED_EDGE ( 'NONE', *, *, #1117, .T. ) ;
#736 = CARTESIAN_POINT ( 'NONE',  ( -15.28499146824703203, 13.01003757627054824, -16.37685585490167028 ) ) ;
#737 = ORIENTED_EDGE ( 'NONE', *, *, #1665, .T. ) ;
#738 = CARTESIAN_POINT ( 'NONE',  ( 20.44707715543410487, -1.576094274918366622, 11.49012726633731241 ) ) ;
#739 = EDGE_CURVE ( 'NONE', #1112, #1721, #135, .T. ) ;
#740 = CARTESIAN_POINT ( 'NONE',  ( 18.77737999290789261, 6.000000000000007105, 6.650690319970196995 ) ) ;
#741 = EDGE_CURVE ( 'NONE', #494, #2045, #1063, .T. ) ;
#742 = EDGE_CURVE ( 'NONE', #760, #982, #1638, .T. ) ;
#743 = CARTESIAN_POINT ( 'NONE',  ( -11.37775026468949235, 20.32050807568898776, -9.253310243379125666 ) ) ;
#744 = CARTESIAN_POINT ( 'NONE',  ( 22.07257839350263495, 11.38076392722195784, -0.2035436499115767794 ) ) ;
#745 = DIRECTION ( 'NONE',  ( 0.9396926207859105373, 3.469446951953613203E-16, 0.3420201433256624957 ) ) ;
#746 = ORIENTED_EDGE ( 'NONE', *, *, #1220, .F. ) ;
#747 = CARTESIAN_POINT ( 'NONE',  ( 20.82050807568877815, -4.775544048228847476E-15, 0.2052053209946492207 ) ) ;
#748 = B_SPLINE_CURVE_WITH_KNOTS ( 'NONE', 3,
 ( #699, #505, #357, #1020, #2078, #1709, #1011, #1699, #860, #849, #20, #1001, #1360, #1899, #2043, #526, #196, #207, #873, #1554, #29, #710, #2067, #882, #1564, #721 ),
 .UNSPECIFIED., .F., .F.,
 ( 4, 2, 2, 2, 2, 2, 2, 2, 2, 2, 2, 2, 4 ),
 ( 0.000000000000000000, 0.0005933368075900757313, 0.0008900052113851152774, 0.001186673615180154932, 0.001483342018975194370, 0.001780010422770234024, 0.002373347230360317670, 0.002670015634155358843, 0.002966684037950400449, 0.003560020845540485829, 0.003856689249335525701, 0.004153357653130565139, 0.004746694460720645749 ),
 .UNSPECIFIED. ) ;
#749 = VERTEX_POINT ( 'NONE', #1800 ) ;
#750 = LINE ( 'NONE', #1445, #1287 ) ;
#751 = CARTESIAN_POINT ( 'NONE',  ( -20.37010858333005459, 6.717936977977442936, -2.469952057347821750 ) ) ;
#752 = EDGE_CURVE ( 'NONE', #1281, #1746, #1460, .T. ) ;
#753 = AXIS2_PLACEMENT_3D ( 'NONE', #1900, #1533, #1021 ) ;
#754 = CARTESIAN_POINT ( 'NONE',  ( 23.78422007228904889, 0.8045224163958485386, 15.14744902163613283 ) ) ;
#755 = CARTESIAN_POINT ( 'NONE',  ( 8.752680381609748039, -11.57179676972443261, -16.73828070776893640 ) ) ;
#756 = DIRECTION ( 'NONE',  ( 0.000000000000000000, 0.4768709627114696148, 0.8789733129752212992 ) ) ;
#757 = ORIENTED_EDGE ( 'NONE', *, *, #1133, .T. ) ;
#758 = CARTESIAN_POINT ( 'NONE',  ( -16.49403517262094709, 13.60097856315579534, -15.34200246420760116 ) ) ;
#759 = DIRECTION ( 'NONE',  ( 0.9396926207859106484, 0.000000000000000000, 0.3420201433256622181 ) ) ;
#760 = VERTEX_POINT ( 'NONE', #474 ) ;
#761 = FACE_BOUND ( 'NONE', #770, .T. ) ;
#762 = FACE_OUTER_BOUND ( 'NONE', #1856, .T. ) ;
#763 = EDGE_CURVE ( 'NONE', #380, #587, #629, .T. ) ;
#764 = VERTEX_POINT ( 'NONE', #1810 ) ;
#765 = CARTESIAN_POINT ( 'NONE',  ( -23.72511486607609754, -66.20874128731114183, 24.67079518870455956 ) ) ;
#766 = ORIENTED_EDGE ( 'NONE', *, *, #642, .T. ) ;
#767 = DIRECTION ( 'NONE',  ( 0.1710100716628294992, 0.8660254037844415942, -0.4698463103929505502 ) ) ;
#768 = CIRCLE ( 'NONE', #2192, 1.499999999999995337 ) ;
#769 = CARTESIAN_POINT ( 'NONE',  ( -14.35809530861647332, 6.000000000000006217, -5.329209443688772474 ) ) ;
#770 = EDGE_LOOP ( 'NONE', ( #1418, #670 ) ) ;
#771 = DIRECTION ( 'NONE',  ( 0.4932921833250087373, -0.8544071244954952737, -0.1632522204497848517 ) ) ;
#772 = FACE_OUTER_BOUND ( 'NONE', #875, .T. ) ;
#773 = CARTESIAN_POINT ( 'NONE',  ( 21.86930952241113602, 10.70326243067204786, -1.122246654009640299 ) ) ;
#774 = CARTESIAN_POINT ( 'NONE',  ( 20.78460969082652454, 5.999999999999998224, 0.8857272221943924828 ) ) ;
#775 = ORIENTED_EDGE ( 'NONE', *, *, #1895, .F. ) ;
#776 = CARTESIAN_POINT ( 'NONE',  ( 21.17415698928552814, 20.32050807568899131, 2.594615065661611375 ) ) ;
#777 = CARTESIAN_POINT ( 'NONE',  ( -19.96271091607130543, -2.297210809295196388, 11.34645088709946137 ) ) ;
#778 = VERTEX_POINT ( 'NONE', #1306 ) ;
#779 = FACE_BOUND ( 'NONE', #1138, .T. ) ;
#780 = CARTESIAN_POINT ( 'NONE',  ( 20.80912086321461274, -0.2821007244075456333, 9.999999999999998224 ) ) ;
#781 = APPROVAL ( #311, 'UNSPECIFIED' ) ;
#782 = CARTESIAN_POINT ( 'NONE',  ( 4.031306272380373201, -15.28589838486219499, -18.38543395467898023 ) ) ;
#783 = LINE ( 'NONE', #948, #590 ) ;
#784 = EDGE_CURVE ( 'NONE', #1892, #1725, #1295, .T. ) ;
#785 = VECTOR ( 'NONE', #147, 1000.000000000000000 ) ;
#786 = ORIENTED_EDGE ( 'NONE', *, *, #342, .T. ) ;
#787 = DIRECTION ( 'NONE',  ( -0.4999999999999992784, -0.8660254037844391517, 0.000000000000000000 ) ) ;
#788 = AXIS2_PLACEMENT_3D ( 'NONE', #1328, #1491, #2015 ) ;
#789 = CARTESIAN_POINT ( 'NONE',  ( -19.34599638191544813, -2.855567308331664389, 10.39582684090843578 ) ) ;
#790 = ORIENTED_EDGE ( 'NONE', *, *, #1447, .T. ) ;
#791 = PLANE ( 'NONE',  #1970 ) ;
#792 = CARTESIAN_POINT ( 'NONE',  ( 20.78460969082652099, -6.000000000000000000, 15.00000000000000000 ) ) ;
#793 = VERTEX_POINT ( 'NONE', #832 ) ;
#794 = CIRCLE ( 'NONE', #2114, 2.999999999999998668 ) ;
#795 = CARTESIAN_POINT ( 'NONE',  ( -21.86623845976287583, 6.000000000000005329, -13.16107177076508350 ) ) ;
#796 = CARTESIAN_POINT ( 'NONE',  ( 19.69615506024413776, 17.32050807568901973, -3.472963553338737519 ) ) ;
#797 = EDGE_LOOP ( 'NONE', ( #45, #195, #171, #2063, #1348 ) ) ;
#798 = CARTESIAN_POINT ( 'NONE',  ( 7.897630023295600488, -15.90192378864664313, -14.38904915580418020 ) ) ;
#799 = DIRECTION ( 'NONE',  ( -0.9396926207859104263, -6.938893903907225419E-16, -0.3420201433256628287 ) ) ;
#800 = ORIENTED_EDGE ( 'NONE', *, *, #192, .T. ) ;
#801 = CARTESIAN_POINT ( 'NONE',  ( 6.436992869508908477, -17.40192378864662714, -17.68549255816646237 ) ) ;
#802 = DIRECTION ( 'NONE',  ( -0.8660254037844391517, 0.4999999999999992784, 0.000000000000000000 ) ) ;
#803 = DIRECTION ( 'NONE',  ( 1.000000000000000000, -2.503857664561933855E-16, 0.000000000000000000 ) ) ;
#804 = EDGE_CURVE ( 'NONE', #337, #1492, #302, .T. ) ;
#805 = EDGE_CURVE ( 'NONE', #429, #931, #108, .T. ) ;
#806 = DIRECTION ( 'NONE',  ( -1.000000000000000000, 0.000000000000000000, 0.000000000000000000 ) ) ;
#807 = ADVANCED_FACE ( 'NONE', ( #2157 ), #1668, .F. ) ;
#808 = LOCAL_TIME ( 22, 22, 58.00000000000000000, #375 ) ;
#809 = VECTOR ( 'NONE', #745, 1000.000000000000114 ) ;
#810 = ORIENTED_EDGE ( 'NONE', *, *, #804, .T. ) ;
#811 = CYLINDRICAL_SURFACE ( 'NONE', #998, 1.500000000000001110 ) ;
#812 = DIRECTION ( 'NONE',  ( -0.7261554316666070097, 0.000000000000000000, 0.6875305731828104117 ) ) ;
#813 = ORIENTED_EDGE ( 'NONE', *, *, #1595, .T. ) ;
#814 = CARTESIAN_POINT ( 'NONE',  ( -13.85640646055101755, 6.000000000000000000, 15.00000000000000000 ) ) ;
#815 = DIRECTION ( 'NONE',  ( -0.4999999999999992228, -0.8660254037844390407, 0.000000000000000000 ) ) ;
#816 = DIRECTION ( 'NONE',  ( 0.1710100716628294992, 0.8660254037844415942, -0.4698463103929505502 ) ) ;
#817 = PLANE ( 'NONE',  #509 ) ;
#818 = ORIENTED_EDGE ( 'NONE', *, *, #36, .T. ) ;
#819 = DIRECTION ( 'NONE',  ( -0.6656986149863668434, -0.2499999999999970024, -0.7030969734007070926 ) ) ;
#820 = CYLINDRICAL_SURFACE ( 'NONE', #2032, 1.500000000000000000 ) ;
#821 = EDGE_LOOP ( 'NONE', ( #1678, #1882, #1974, #907, #2180 ) ) ;
#822 = DIRECTION ( 'NONE',  ( -0.5000000000000001110, 0.8660254037844385966, 0.000000000000000000 ) ) ;
#823 =( BOUNDED_CURVE ( )  B_SPLINE_CURVE ( 3, ( #387, #1878, #358, #1361 ),
 .UNSPECIFIED., .F., .T. ) 
 B_SPLINE_CURVE_WITH_KNOTS ( ( 4, 4 ),
 ( 2.314068871049317355, 4.748831391502261745 ),
 .UNSPECIFIED. ) 
 CURVE ( )  GEOMETRIC_REPRESENTATION_ITEM ( )  RATIONAL_B_SPLINE_CURVE ( ( 1.000000000000000000, 0.5640692146766697057, 0.5640692146766697057, 1.000000000000000000 ) ) 
 REPRESENTATION_ITEM ( '' )  );
#824 = LINE ( 'NONE', #1129, #1166 ) ;
#825 = ORIENTED_EDGE ( 'NONE', *, *, #36, .F. ) ;
#826 = DIRECTION ( 'NONE',  ( 0.9396926207859106484, 3.686287386450715076E-16, 0.3420201433256625512 ) ) ;
#827 = EDGE_CURVE ( 'NONE', #1180, #1164, #1680, .T. ) ;
#828 = VECTOR ( 'NONE', #2013, 1000.000000000000114 ) ;
#829 = VECTOR ( 'NONE', #2173, 1000.000000000000000 ) ;
#830 = EDGE_CURVE ( 'NONE', #337, #491, #1654, .T. ) ;
#831 = ORIENTED_EDGE ( 'NONE', *, *, #1291, .F. ) ;
#832 = CARTESIAN_POINT ( 'NONE',  ( 4.054217277680193021, -11.57179676972443438, -18.44838142439725104 ) ) ;
#833 = ORIENTED_EDGE ( 'NONE', *, *, #158, .T. ) ;
#834 = LINE ( 'NONE', #801, #1681 ) ;
#835 = ADVANCED_FACE ( 'NONE', ( #155 ), #1501, .F. ) ;
#836 = DIRECTION ( 'NONE',  ( 0.000000000000000000, 0.8520312918379453482, -0.5234908573499275075 ) ) ;
#837 = EDGE_LOOP ( 'NONE', ( #1489, #1871, #1338, #525 ) ) ;
#838 = LINE ( 'NONE', #1173, #1219 ) ;
#839 = VECTOR ( 'NONE', #116, 1000.000000000000114 ) ;
#840 = APPROVAL_ROLE ( '' ) ;
#841 = VERTEX_POINT ( 'NONE', #1475 ) ;
#842 = DIRECTION ( 'NONE',  ( 0.1710100716628294992, 0.8660254037844415942, -0.4698463103929505502 ) ) ;
#843 = ORIENTED_EDGE ( 'NONE', *, *, #178, .T. ) ;
#844 = CARTESIAN_POINT ( 'NONE',  ( 24.24871130596427449, 6.847727811467460497E-15, 15.00000000000000000 ) ) ;
#845 = CARTESIAN_POINT ( 'NONE',  ( -27.27949245878831874, -60.20874128731119868, 34.43636736489710870 ) ) ;
#846 = EDGE_LOOP ( 'NONE', ( #1362, #1766 ) ) ;
#847 = DIRECTION ( 'NONE',  ( 0.4999999999999977796, 0.8660254037844398178, 0.000000000000000000 ) ) ;
#848 = ORIENTED_EDGE ( 'NONE', *, *, #481, .F. ) ;
#849 = CARTESIAN_POINT ( 'NONE',  ( -16.36785703069472220, 10.85825687372747517, -14.67585286821998913 ) ) ;
#850 = DIRECTION ( 'NONE',  ( 0.000000000000000000, 0.4768709627114695038, 0.8789733129752214102 ) ) ;
#851 = EDGE_CURVE ( 'NONE', #1492, #1227, #1147, .T. ) ;
#852 = VERTEX_POINT ( 'NONE', #2194 ) ;
#853 = CARTESIAN_POINT ( 'NONE',  ( 20.72399635305776400, -0.8194436977872181505, 8.870728700428307079 ) ) ;
#854 = PLANE ( 'NONE',  #1903 ) ;
#855 = AXIS2_PLACEMENT_3D ( 'NONE', #1710, #1732, #186 ) ;
#856 = ORIENTED_EDGE ( 'NONE', *, *, #742, .T. ) ;
#857 = CARTESIAN_POINT ( 'NONE',  ( 20.80135609710412226, -0.3679573458300978706, 10.48806177418561525 ) ) ;
#858 = VECTOR ( 'NONE', #1973, 1000.000000000000000 ) ;
#859 = VERTEX_POINT ( 'NONE', #314 ) ;
#860 = CARTESIAN_POINT ( 'NONE',  ( -16.49918760908470006, 10.96876717992788919, -14.57511594487939988 ) ) ;
#861 = CARTESIAN_POINT ( 'NONE',  ( -12.85575219373088096, 17.32050807568902684, -15.32088886237945324 ) ) ;
#862 = ORIENTED_EDGE ( 'NONE', *, *, #480, .T. ) ;
#863 = FACE_OUTER_BOUND ( 'NONE', #1246, .T. ) ;
#864 = AXIS2_PLACEMENT_3D ( 'NONE', #592, #1424, #1577 ) ;
#865 = PLANE ( 'NONE',  #164 ) ;
#866 = ORIENTED_EDGE ( 'NONE', *, *, #741, .T. ) ;
#867 = CARTESIAN_POINT ( 'NONE',  ( 20.24829565592234104, -1.920286370126947251, 11.49000066527518094 ) ) ;
#868 = EDGE_CURVE ( 'NONE', #1911, #1281, #1465, .T. ) ;
#869 = PERSON_AND_ORGANIZATION ( #1707, #1265 ) ;
#870 = ORIENTED_EDGE ( 'NONE', *, *, #533, .F. ) ;
#871 = EDGE_CURVE ( 'NONE', #1721, #1598, #465, .T. ) ;
#872 = ADVANCED_FACE ( 'NONE', ( #1632 ), #811, .F. ) ;
#873 = CARTESIAN_POINT ( 'NONE',  ( -14.98816107041526635, 11.01613211496502664, -15.65010565489194327 ) ) ;
#874 = CARTESIAN_POINT ( 'NONE',  ( 16.00115023764066891, 9.820508075689090788, -18.64191010083960620 ) ) ;
#875 = EDGE_LOOP ( 'NONE', ( #1134, #48 ) ) ;
#876 = DIRECTION ( 'NONE',  ( 0.1710100716628294992, 0.8660254037844415942, -0.4698463103929505502 ) ) ;
#877 = AXIS2_PLACEMENT_3D ( 'NONE', #278, #288, #989 ) ;
#878 = CARTESIAN_POINT ( 'NONE',  ( 21.53200730268730112, 11.34034367107447849, -2.656191675877591418 ) ) ;
#879 = ORIENTED_EDGE ( 'NONE', *, *, #19, .F. ) ;
#880 = CARTESIAN_POINT ( 'NONE',  ( 20.07947625587875962, -2.155615033882204656, 11.42208046950040412 ) ) ;
#881 = DIRECTION ( 'NONE',  ( -0.000000000000000000, -0.000000000000000000, -1.000000000000000000 ) ) ;
#882 = CARTESIAN_POINT ( 'NONE',  ( -14.69277859984694778, 11.81670067393956991, -16.13381574604818169 ) ) ;
#883 = CARTESIAN_POINT ( 'NONE',  ( 18.34635182148093691, 5.999999999999998224, 10.36394591082197714 ) ) ;
#884 = ORIENTED_EDGE ( 'NONE', *, *, #342, .F. ) ;
#885 = LINE ( 'NONE', #381, #606 ) ;
#886 = PLANE ( 'NONE',  #1867 ) ;
#887 = ORIENTED_EDGE ( 'NONE', *, *, #1185, .F. ) ;
#888 = DIRECTION ( 'NONE',  ( 0.3420201433256618850, 0.000000000000000000, -0.9396926207859109814 ) ) ;
#889 = VECTOR ( 'NONE', #1682, 1000.000000000000000 ) ;
#890 = VECTOR ( 'NONE', #1755, 1000.000000000000114 ) ;
#891 = EDGE_CURVE ( 'NONE', #380, #257, #617, .T. ) ;
#892 = CARTESIAN_POINT ( 'NONE',  ( -20.78460969082652099, -6.000000000000000000, -8.055381163697235891 ) ) ;
#893 = CARTESIAN_POINT ( 'NONE',  ( 22.48832732179367255, 13.59229080375422782, -1.103202788025083203 ) ) ;
#894 = LINE ( 'NONE', #1231, #809 ) ;
#895 = EDGE_LOOP ( 'NONE', ( #202, #173, #1958, #100, #284, #1262 ) ) ;
#896 = CARTESIAN_POINT ( 'NONE',  ( 15.36111387413841101, -2.900133507776982533, 0.000000000000000000 ) ) ;
#897 = CIRCLE ( 'NONE', #1788, 1.500000000000004441 ) ;
#898 = ADVANCED_FACE ( 'NONE', ( #291 ), #1865, .F. ) ;
#899 = DIRECTION ( 'NONE',  ( 0.1710100716628294992, 0.8660254037844415942, -0.4698463103929505502 ) ) ;
#900 = EDGE_LOOP ( 'NONE', ( #667, #810, #1014, #1696, #735, #1032, #25, #825, #2025, #349, #996, #1582, #366, #1297 ) ) ;
#901 = EDGE_CURVE ( 'NONE', #257, #81, #1184, .T. ) ;
#902 = CARTESIAN_POINT ( 'NONE',  ( 20.78692577313739775, -0.4906430199041908469, 10.75948435132691294 ) ) ;
#903 = CARTESIAN_POINT ( 'NONE',  ( -0.2748033893468439515, 9.820508075689092564, -24.56587275535997250 ) ) ;
#904 = LINE ( 'NONE', #754, #379 ) ;
#905 = CARTESIAN_POINT ( 'NONE',  ( 22.21100169740608976, 12.89463743521377914, -0.1817524187566341431 ) ) ;
#906 = CARTESIAN_POINT ( 'NONE',  ( -24.24871130596427093, 3.233237565066165019E-15, -6.908956590895266814 ) ) ;
#907 = ORIENTED_EDGE ( 'NONE', *, *, #565, .F. ) ;
#908 = CARTESIAN_POINT ( 'NONE',  ( -20.78460969082652099, -6.000000000000000000, 15.00000000000000000 ) ) ;
#909 = EDGE_CURVE ( 'NONE', #2048, #483, #1532, .T. ) ;
#910 = DIRECTION ( 'NONE',  ( 0.1143311995462873432, 0.000000000000000000, 0.9934426892429714107 ) ) ;
#911 = ORIENTED_EDGE ( 'NONE', *, *, #1428, .F. ) ;
#912 = CARTESIAN_POINT ( 'NONE',  ( -17.32050807568877460, 1.734723475976807094E-15, 0.000000000000000000 ) ) ;
#913 = DIRECTION ( 'NONE',  ( 0.1710100716628294992, 0.8660254037844415942, -0.4698463103929505502 ) ) ;
#914 = EDGE_LOOP ( 'NONE', ( #990, #1496, #486, #1789 ) ) ;
#915 = DIRECTION ( 'NONE',  ( 0.1710100716628294992, 0.8660254037844415942, -0.4698463103929505502 ) ) ;
#916 = ORIENTED_EDGE ( 'NONE', *, *, #1934, .F. ) ;
#917 = CARTESIAN_POINT ( 'NONE',  ( -16.13173400453723261, 13.56662388691695575, -15.81517596799814740 ) ) ;
#918 = DIRECTION ( 'NONE',  ( 0.8660254037844400399, -0.4999999999999973910, -0.000000000000000000 ) ) ;
#919 = ORIENTED_EDGE ( 'NONE', *, *, #2002, .F. ) ;
#920 = DIRECTION ( 'NONE',  ( -1.000000000000000000, 0.000000000000000000, 0.000000000000000000 ) ) ;
#921 = LINE ( 'NONE', #428, #2029 ) ;
#922 = VECTOR ( 'NONE', #21, 1000.000000000000114 ) ;
#923 = ORIENTED_EDGE ( 'NONE', *, *, #2131, .F. ) ;
#924 = CARTESIAN_POINT ( 'NONE',  ( 22.04346715478018837, 11.14117905120298424, -0.3774492347730145081 ) ) ;
#925 = CARTESIAN_POINT ( 'NONE',  ( -13.85640646055104064, 5.999999999999991118, -1.814556823295978782 ) ) ;
#926 = EDGE_LOOP ( 'NONE', ( #1868, #344, #421, #1758, #639 ) ) ;
#927 = LINE ( 'NONE', #1590, #1853 ) ;
#928 = EDGE_CURVE ( 'NONE', #852, #1467, #1043, .T. ) ;
#929 = VECTOR ( 'NONE', #1371, 1000.000000000000227 ) ;
#930 = LINE ( 'NONE', #1914, #2109 ) ;
#931 = VERTEX_POINT ( 'NONE', #367 ) ;
#932 = AXIS2_PLACEMENT_3D ( 'NONE', #2119, #112, #920 ) ;
#933 = FACE_OUTER_BOUND ( 'NONE', #1908, .T. ) ;
#934 = CARTESIAN_POINT ( 'NONE',  ( -20.78460969082652099, -6.000000000000000000, 15.00000000000000000 ) ) ;
#935 = CARTESIAN_POINT ( 'NONE',  ( 13.85640646055101755, 6.000000000000000000, 15.00000000000000000 ) ) ;
#936 = LINE ( 'NONE', #755, #229 ) ;
#937 = CARTESIAN_POINT ( 'NONE',  ( 10.68566879421213223, 6.000000000000007994, -1.313146461724376435 ) ) ;
#938 = ADVANCED_FACE ( 'NONE', ( #1522 ), #1175, .T. ) ;
#939 = VECTOR ( 'NONE', #2037, 999.9999999999998863 ) ;
#940 = ORIENTED_EDGE ( 'NONE', *, *, #1685, .T. ) ;
#941 = CARTESIAN_POINT ( 'NONE',  ( 13.82050807568877993, -5.204170427930421283E-15, 15.00000000000000000 ) ) ;
#942 = AXIS2_PLACEMENT_3D ( 'NONE', #2100, #1334, #265 ) ;
#943 = DIRECTION ( 'NONE',  ( -0.2515460552138176209, -0.9678453296402100836, 0.000000000000000000 ) ) ;
#944 = ORIENTED_EDGE ( 'NONE', *, *, #114, .F. ) ;
#945 = DIRECTION ( 'NONE',  ( 0.9396926207859105373, 3.686287386450714583E-16, 0.3420201433256624957 ) ) ;
#946 = CARTESIAN_POINT ( 'NONE',  ( 8.752680381609748039, -11.57179676972443083, -16.73828070776893640 ) ) ;
#947 = DIRECTION ( 'NONE',  ( 0.9396926207859112035, 0.000000000000000000, 0.3420201433256606083 ) ) ;
#948 = CARTESIAN_POINT ( 'NONE',  ( 13.85640646055101932, -5.999999999999998224, 15.00000000000000000 ) ) ;
#949 = ORIENTED_EDGE ( 'NONE', *, *, #437, .F. ) ;
#950 = DIRECTION ( 'NONE',  ( -0.8660254037844401509, -0.4999999999999973355, -0.000000000000000000 ) ) ;
#951 = FACE_OUTER_BOUND ( 'NONE', #821, .T. ) ;
#952 = ORIENTED_EDGE ( 'NONE', *, *, #493, .F. ) ;
#953 = CARTESIAN_POINT ( 'NONE',  ( 20.80538320219454818, 0.3250313102785818420, 0.000000000000000000 ) ) ;
#954 = DIRECTION ( 'NONE',  ( 0.2133312028987089104, 0.4330127018922145798, 0.8757795372522664268 ) ) ;
#955 = DIRECTION ( 'NONE',  ( -0.6656986149863668434, -0.2499999999999970024, -0.7030969734007070926 ) ) ;
#956 = CARTESIAN_POINT ( 'NONE',  ( 10.30479431694032044, -63.20874128731116315, 42.58629911674564994 ) ) ;
#957 = VECTOR ( 'NONE', #1198, 1000.000000000000000 ) ;
#958 = VECTOR ( 'NONE', #90, 1000.000000000000000 ) ;
#959 = ORIENTED_EDGE ( 'NONE', *, *, #1291, .T. ) ;
#960 = DIRECTION ( 'NONE',  ( 0.9396926207859107594, 3.686287386450715076E-16, 0.3420201433256625512 ) ) ;
#961 = VECTOR ( 'NONE', #1296, 1000.000000000000000 ) ;
#962 = DIRECTION ( 'NONE',  ( -0.6656986149863666213, -0.2499999999999971134, -0.7030969734007072036 ) ) ;
#963 = EDGE_CURVE ( 'NONE', #1932, #1202, #1197, .T. ) ;
#964 = EDGE_LOOP ( 'NONE', ( #727, #884, #1553, #2149 ) ) ;
#965 = CARTESIAN_POINT ( 'NONE',  ( -23.72511486607609754, -66.20874128731114183, 24.67079518870455956 ) ) ;
#966 = EDGE_CURVE ( 'NONE', #1598, #149, #1786, .T. ) ;
#967 = FACE_OUTER_BOUND ( 'NONE', #1527, .T. ) ;
#968 = ORIENTED_EDGE ( 'NONE', *, *, #707, .F. ) ;
#969 = AXIS2_PLACEMENT_3D ( 'NONE', #1130, #955, #2167 ) ;
#970 = FACE_OUTER_BOUND ( 'NONE', #1101, .T. ) ;
#971 = ORIENTED_EDGE ( 'NONE', *, *, #280, .T. ) ;
#972 = CARTESIAN_POINT ( 'NONE',  ( 8.216739161321436669, -15.28589838486219321, -15.26579430687180583 ) ) ;
#973 = CARTESIAN_POINT ( 'NONE',  ( -20.53043942582335646, -1.398505706466682375, 11.45075679303791105 ) ) ;
#974 = B_SPLINE_CURVE_WITH_KNOTS ( 'NONE', 3,
 ( #485, #1504, #2148, #1633, #1995, #304, #1837, #99, #457, #2184, #1158, #1125, #973, #2159, #1845, #1984, #1453, #777, #2138, #1318, #1114, #1811, #984, #789, #1655, #292 ),
 .UNSPECIFIED., .F., .F.,
 ( 4, 2, 2, 2, 2, 2, 2, 2, 2, 2, 2, 2, 4 ),
 ( 0.004747570850518847627, 0.005044022899832497145, 0.005340474949146147531, 0.005933379047773447434, 0.006229831097087096953, 0.006526283146400745604, 0.006822735195714395989, 0.007119187245028044640, 0.007712091343655344544, 0.008008543392968994062, 0.008304995442282643581, 0.008897899540909946087, 0.009490803639537248593 ),
 .UNSPECIFIED. ) ;
#975 = ORIENTED_EDGE ( 'NONE', *, *, #480, .F. ) ;
#976 = CARTESIAN_POINT ( 'NONE',  ( -20.80614079076889311, -0.3271665268075669708, 9.602614651900886145 ) ) ;
#977 = EDGE_CURVE ( 'NONE', #1257, #2206, #1886, .T. ) ;
#978 = CARTESIAN_POINT ( 'NONE',  ( -19.36613364452589181, 17.32050807568902684, -17.69047392418760722 ) ) ;
#979 = FACE_OUTER_BOUND ( 'NONE', #121, .T. ) ;
#980 = DIRECTION ( 'NONE',  ( 0.3420201433256625512, 0.000000000000000000, -0.9396926207859105373 ) ) ;
#981 = CIRCLE ( 'NONE', #316, 3.499999999999999556 ) ;
#982 = VERTEX_POINT ( 'NONE', #1544 ) ;
#983 = DIRECTION ( 'NONE',  ( 0.9396926207859106484, 3.686287386450714583E-16, 0.3420201433256625512 ) ) ;
#984 = CARTESIAN_POINT ( 'NONE',  ( -19.47887512810855171, -2.756504888096929395, 10.76032387159624015 ) ) ;
#985 = ORIENTED_EDGE ( 'NONE', *, *, #1088, .T. ) ;
#986 = DIRECTION ( 'NONE',  ( 2.503857664561935334E-16, -1.000000000000000000, 0.000000000000000000 ) ) ;
#987 = ADVANCED_FACE ( 'NONE', ( #8 ), #334, .T. ) ;
#988 = DIRECTION ( 'NONE',  ( 0.000000000000000000, 1.000000000000000000, 0.000000000000000000 ) ) ;
#989 = DIRECTION ( 'NONE',  ( 0.5000000000000002220, -0.8660254037844384856, 0.000000000000000000 ) ) ;
#990 = ORIENTED_EDGE ( 'NONE', *, *, #851, .T. ) ;
#991 = DIRECTION ( 'NONE',  ( -0.7261554316666068987, 0.000000000000000000, 0.6875305731828103006 ) ) ;
#992 = AXIS2_PLACEMENT_3D ( 'NONE', #1495, #1481, #330 ) ;
#993 = EDGE_LOOP ( 'NONE', ( #522, #709 ) ) ;
#994 = CARTESIAN_POINT ( 'NONE',  ( -6.727507346848851988, -5.978348007442770395, -4.305125451459383967 ) ) ;
#995 = FACE_BOUND ( 'NONE', #1820, .T. ) ;
#996 = ORIENTED_EDGE ( 'NONE', *, *, #685, .F. ) ;
#997 = LINE ( 'NONE', #684, #309 ) ;
#998 = AXIS2_PLACEMENT_3D ( 'NONE', #2147, #133, #1490 ) ;
#999 = CIRCLE ( 'NONE', #52, 3.499999999999999556 ) ;
#1000 = VERTEX_POINT ( 'NONE', #1731 ) ;
#1001 = CARTESIAN_POINT ( 'NONE',  ( -16.07173407795556486, 10.70307614603244062, -14.89063151369057714 ) ) ;
#1002 = ORIENTED_EDGE ( 'NONE', *, *, #289, .T. ) ;
#1003 = DIRECTION ( 'NONE',  ( -0.6656986149863668434, -0.2499999999999969469, -0.7030969734007069816 ) ) ;
#1004 = DIRECTION ( 'NONE',  ( 0.6656986149863671764, 0.2499999999999967804, 0.7030969734007066485 ) ) ;
#1005 = FACE_OUTER_BOUND ( 'NONE', #1464, .T. ) ;
#1006 = AXIS2_PLACEMENT_3D ( 'NONE', #1891, #1201, #1735 ) ;
#1007 = CC_DESIGN_DATE_AND_TIME_ASSIGNMENT ( #1717, #1356, ( #1476 ) ) ;
#1008 = EDGE_CURVE ( 'NONE', #1721, #1112, #748, .T. ) ;
#1009 = PERSON_AND_ORGANIZATION ( #1707, #1265 ) ;
#1010 = ORIENTED_EDGE ( 'NONE', *, *, #1055, .F. ) ;
#1011 = CARTESIAN_POINT ( 'NONE',  ( -16.66557004721546420, 11.17381529728512213, -14.44009741912110378 ) ) ;
#1012 = LOCAL_TIME ( 22, 22, 58.00000000000000000, #1897 ) ;
#1013 = FACE_OUTER_BOUND ( 'NONE', #3, .T. ) ;
#1014 = ORIENTED_EDGE ( 'NONE', *, *, #673, .T. ) ;
#1015 = DIRECTION ( 'NONE',  ( -0.9396926207859106484, -6.458153232311336068E-16, -0.3420201433256628842 ) ) ;
#1016 = FACE_OUTER_BOUND ( 'NONE', #224, .T. ) ;
#1017 = ORIENTED_EDGE ( 'NONE', *, *, #114, .T. ) ;
#1018 = CARTESIAN_POINT ( 'NONE',  ( 5.311212879224973094, -15.00000000000000000, -7.282926455179674186 ) ) ;
#1019 = VERTEX_POINT ( 'NONE', #1393 ) ;
#1020 = CARTESIAN_POINT ( 'NONE',  ( -16.82841228320041438, 11.50775479566672743, -14.29919375519362390 ) ) ;
#1021 = DIRECTION ( 'NONE',  ( 0.000000000000000000, 0.4768709627114705030, 0.8789733129752206331 ) ) ;
#1022 = ORIENTED_EDGE ( 'NONE', *, *, #1690, .F. ) ;
#1023 = CARTESIAN_POINT ( 'NONE',  ( 19.35352338785416748, -2.849090016968931938, 9.606584198012658504 ) ) ;
#1024 = ADVANCED_FACE ( 'NONE', ( #1165, #1857 ), #1255, .T. ) ;
#1025 = DIRECTION ( 'NONE',  ( 0.9396926207859106484, 0.000000000000000000, 0.3420201433256622181 ) ) ;
#1026 = VECTOR ( 'NONE', #1935, 1000.000000000000000 ) ;
#1027 = ORIENTED_EDGE ( 'NONE', *, *, #127, .F. ) ;
#1028 = CARTESIAN_POINT ( 'NONE',  ( 20.66314482599148405, -1.053649021080104164, 11.30856287796621729 ) ) ;
#1029 = EDGE_CURVE ( 'NONE', #483, #429, #1675, .T. ) ;
#1030 = EDGE_CURVE ( 'NONE', #257, #491, #422, .T. ) ;
#1031 = EDGE_CURVE ( 'NONE', #1257, #152, #794, .T. ) ;
#1032 = ORIENTED_EDGE ( 'NONE', *, *, #1616, .T. ) ;
#1033 = CARTESIAN_POINT ( 'NONE',  ( -35.26787583862471820, -63.20874128731116315, 25.99920368408862359 ) ) ;
#1034 = CARTESIAN_POINT ( 'NONE',  ( 3.794412866145308705, -63.20874128731116315, 40.21671405493749063 ) ) ;
#1035 = ORIENTED_EDGE ( 'NONE', *, *, #1031, .T. ) ;
#1036 = DIRECTION ( 'NONE',  ( 0.8660254037844400399, -0.4999999999999973910, -0.000000000000000000 ) ) ;
#1037 = DIRECTION ( 'NONE',  ( -1.000000000000000000, -2.503857664561935334E-16, 0.000000000000000000 ) ) ;
#1038 = ORIENTED_EDGE ( 'NONE', *, *, #804, .F. ) ;
#1039 = DIRECTION ( 'NONE',  ( 0.5000000000000001110, 0.8660254037844385966, 0.000000000000000000 ) ) ;
#1040 = COORDINATED_UNIVERSAL_TIME_OFFSET ( 7, 0, .BEHIND. ) ;
#1041 =( BOUNDED_CURVE ( )  B_SPLINE_CURVE ( 3, ( #438, #1455, #73, #1804 ),
 .UNSPECIFIED., .F., .T. ) 
 B_SPLINE_CURVE_WITH_KNOTS ( ( 4, 4 ),
 ( 5.977835752540840986, 7.084345130897565568 ),
 .UNSPECIFIED. ) 
 CURVE ( )  GEOMETRIC_REPRESENTATION_ITEM ( )  RATIONAL_B_SPLINE_CURVE ( ( 1.000000000000000000, 0.9005458834682862346, 0.9005458834682862346, 1.000000000000000000 ) ) 
 REPRESENTATION_ITEM ( '' )  );
#1042 = ORIENTED_EDGE ( 'NONE', *, *, #312, .T. ) ;
#1043 = LINE ( 'NONE', #676, #2182 ) ;
#1044 = LINE ( 'NONE', #1556, #1420 ) ;
#1045 = VERTEX_POINT ( 'NONE', #85 ) ;
#1046 = CARTESIAN_POINT ( 'NONE',  ( 20.45036034519273827, -1.578976012072767166, 8.499954309787552731 ) ) ;
#1047 = EDGE_CURVE ( 'NONE', #1687, #1589, #557, .T. ) ;
#1048 = FACE_BOUND ( 'NONE', #2172, .T. ) ;
#1049 = ORIENTED_EDGE ( 'NONE', *, *, #231, .T. ) ;
#1050 = DIRECTION ( 'NONE',  ( -0.000000000000000000, -0.000000000000000000, -1.000000000000000000 ) ) ;
#1051 = ADVANCED_FACE ( 'NONE', ( #730 ), #1439, .T. ) ;
#1052 = DIRECTION ( 'NONE',  ( 0.9396926207859106484, 3.686287386450715076E-16, 0.3420201433256625512 ) ) ;
#1053 = CARTESIAN_POINT ( 'NONE',  ( 22.24947083383128188, 13.05456627562781868, -0.2927388789321083151 ) ) ;
#1054 = CARTESIAN_POINT ( 'NONE',  ( -19.30912086321459498, -2.880176935760851542, 9.999999999999998224 ) ) ;
#1055 = EDGE_CURVE ( 'NONE', #405, #1705, #1751, .T. ) ;
#1056 = ORIENTED_EDGE ( 'NONE', *, *, #2153, .F. ) ;
#1057 = CARTESIAN_POINT ( 'NONE',  ( 24.72853458199777066, 14.32050807568904816, -7.170957110530930656 ) ) ;
#1058 = CARTESIAN_POINT ( 'NONE',  ( -20.82050807568877104, 1.734723475976807094E-15, 0.000000000000000000 ) ) ;
#1059 = EDGE_LOOP ( 'NONE', ( #1838, #1644, #887, #125, #402, #464 ) ) ;
#1060 = LINE ( 'NONE', #555, #352 ) ;
#1061 = VECTOR ( 'NONE', #2110, 1000.000000000000114 ) ;
#1062 = DIRECTION ( 'NONE',  ( -0.8603656062440139252, -0.5096773720623376525, 0.000000000000000000 ) ) ;
#1063 = CIRCLE ( 'NONE', #113, 3.500000000000000000 ) ;
#1064 = ORIENTED_EDGE ( 'NONE', *, *, #359, .F. ) ;
#1065 = CARTESIAN_POINT ( 'NONE',  ( 19.05035297983934228, -9.003820736797090163, 5.092898940097986049 ) ) ;
#1066 = EDGE_CURVE ( 'NONE', #1311, #793, #936, .T. ) ;
#1067 = FACE_BOUND ( 'NONE', #2058, .T. ) ;
#1068 = EDGE_LOOP ( 'NONE', ( #531, #813, #320, #412 ) ) ;
#1069 = CARTESIAN_POINT ( 'NONE',  ( -16.94988881165501127, 12.57962575532124205, -14.26788019286490972 ) ) ;
#1070 = CARTESIAN_POINT ( 'NONE',  ( -14.88828949261981194, 6.000000000000006217, -5.197234989070520506 ) ) ;
#1071 = VECTOR ( 'NONE', #568, 1000.000000000000000 ) ;
#1072 = ORIENTED_EDGE ( 'NONE', *, *, #1260, .T. ) ;
#1073 = DIRECTION ( 'NONE',  ( 0.9396926207859106484, 3.035766082959411922E-16, 0.3420201433256626067 ) ) ;
#1074 = PLANE ( 'NONE',  #1459 ) ;
#1075 = VECTOR ( 'NONE', #1039, 1000.000000000000114 ) ;
#1076 = ORIENTED_EDGE ( 'NONE', *, *, #552, .F. ) ;
#1077 = ADVANCED_FACE ( 'NONE', ( #1099 ), #580, .F. ) ;
#1078 = CARTESIAN_POINT ( 'NONE',  ( 22.15031387143530850, 12.53531803070253048, -0.02290060765347167598 ) ) ;
#1079 = CARTESIAN_POINT ( 'NONE',  ( 1.980830348598053403, -8.071796769724466358, -12.75179765495159323 ) ) ;
#1080 = ORIENTED_EDGE ( 'NONE', *, *, #1694, .T. ) ;
#1081 = DIRECTION ( 'NONE',  ( 0.000000000000000000, 0.000000000000000000, 1.000000000000000000 ) ) ;
#1082 = DIRECTION ( 'NONE',  ( -0.2961981327260196917, 0.4999999999999949485, 0.8137976813493783546 ) ) ;
#1083 = EDGE_LOOP ( 'NONE', ( #28, #388, #1373, #234 ) ) ;
#1084 = DIRECTION ( 'NONE',  ( -0.000000000000000000, -0.000000000000000000, -1.000000000000000000 ) ) ;
#1085 = CARTESIAN_POINT ( 'NONE',  ( -15.42074043639836844, 6.000000000000005329, -5.197234989070511624 ) ) ;
#1086 = ORIENTED_EDGE ( 'NONE', *, *, #2099, .F. ) ;
#1087 = DIRECTION ( 'NONE',  ( -0.000000000000000000, -0.000000000000000000, -1.000000000000000000 ) ) ;
#1088 = EDGE_CURVE ( 'NONE', #1915, #1932, #1431, .T. ) ;
#1089 = CARTESIAN_POINT ( 'NONE',  ( 4.942811675858250098, -13.07179676972441662, -20.88977446844538122 ) ) ;
#1090 = ORIENTED_EDGE ( 'NONE', *, *, #503, .F. ) ;
#1091 = CARTESIAN_POINT ( 'NONE',  ( 20.78460969082652099, -6.000000000000000000, 15.00000000000000000 ) ) ;
#1092 = DIRECTION ( 'NONE',  ( -0.9396926207859093161, -2.253471898105732335E-15, -0.3420201433256662704 ) ) ;
#1093 = ORIENTED_EDGE ( 'NONE', *, *, #322, .T. ) ;
#1094 = LINE ( 'NONE', #2141, #336 ) ;
#1095 = CARTESIAN_POINT ( 'NONE',  ( 21.02964165813986241, 5.575592183134734370, 3.025409401818199839 ) ) ;
#1096 = EDGE_CURVE ( 'NONE', #1227, #859, #1230, .T. ) ;
#1097 = ADVANCED_FACE ( 'NONE', ( #232 ), #1933, .F. ) ;
#1098 = CARTESIAN_POINT ( 'NONE',  ( -8.660254037844385522, -14.99999999999999467, 15.00000000000000000 ) ) ;
#1099 = FACE_OUTER_BOUND ( 'NONE', #106, .T. ) ;
#1100 = FACE_BOUND ( 'NONE', #305, .T. ) ;
#1101 = EDGE_LOOP ( 'NONE', ( #325, #1035, #737, #132, #723, #1093 ) ) ;
#1102 = CARTESIAN_POINT ( 'NONE',  ( 8.099110661395206634, -3.971928838340755608, -1.397943286238785943 ) ) ;
#1103 = VECTOR ( 'NONE', #1337, 1000.000000000000000 ) ;
#1104 = CARTESIAN_POINT ( 'NONE',  ( 13.85640646055101755, 6.000000000000000000, 15.00000000000000000 ) ) ;
#1105 = ORIENTED_EDGE ( 'NONE', *, *, #784, .T. ) ;
#1106 = VECTOR ( 'NONE', #1288, 1000.000000000000114 ) ;
#1107 = CARTESIAN_POINT ( 'NONE',  ( 20.82050807568877815, -4.775544048228847476E-15, 0.2052053209946492207 ) ) ;
#1108 = DIRECTION ( 'NONE',  ( 0.9618967477123856469, -0.2499999999999970024, -0.1107007079486696660 ) ) ;
#1109 = DIRECTION ( 'NONE',  ( 0.1710100716628294992, 0.8660254037844415942, -0.4698463103929505502 ) ) ;
#1110 = DIRECTION ( 'NONE',  ( 0.1710100716628292217, 0.8660254037844417052, -0.4698463103929503282 ) ) ;
#1111 = VECTOR ( 'NONE', #470, 1000.000000000000000 ) ;
#1112 = VERTEX_POINT ( 'NONE', #1472 ) ;
#1113 = DIRECTION ( 'NONE',  ( 1.000000000000000000, 0.000000000000000000, 0.000000000000000000 ) ) ;
#1114 = CARTESIAN_POINT ( 'NONE',  ( -19.73191127362803243, -2.537785460790478620, 11.12927129957168937 ) ) ;
#1115 = ORIENTED_EDGE ( 'NONE', *, *, #17, .T. ) ;
#1116 = DIRECTION ( 'NONE',  ( 0.1710100716628291662, 0.8660254037844417052, -0.4698463103929506057 ) ) ;
#1117 = EDGE_CURVE ( 'NONE', #2156, #221, #1461, .T. ) ;
#1118 = CARTESIAN_POINT ( 'NONE',  ( 21.56922363039079826, 11.59024220079034251, -2.811722285685203548 ) ) ;
#1119 = DIRECTION ( 'NONE',  ( 0.000000000000000000, 0.4768709627114695038, 0.8789733129752212992 ) ) ;
#1120 = PLANE ( 'NONE',  #877 ) ;
#1121 = ORIENTED_EDGE ( 'NONE', *, *, #462, .T. ) ;
#1122 = ADVANCED_FACE ( 'NONE', ( #131 ), #603, .F. ) ;
#1123 = DIRECTION ( 'NONE',  ( -0.8660254037844391517, -0.4999999999999995559, 0.000000000000000000 ) ) ;
#1124 = ADVANCED_FACE ( 'NONE', ( #1144, #970 ), #817, .F. ) ;
#1125 = CARTESIAN_POINT ( 'NONE',  ( -20.56683500440671253, -1.311399321127874718, 11.42196595858542985 ) ) ;
#1126 = VERTEX_POINT ( 'NONE', #310 ) ;
#1127 = CARTESIAN_POINT ( 'NONE',  ( -19.31826018976116544, -2.873924988690967020, 9.801072362435128582 ) ) ;
#1128 =( BOUNDED_CURVE ( )  B_SPLINE_CURVE ( 3, ( #487, #1169, #1839, #994 ),
 .UNSPECIFIED., .F., .T. ) 
 B_SPLINE_CURVE_WITH_KNOTS ( ( 4, 4 ),
 ( 1.899437820582795533, 3.790927090738820393 ),
 .UNSPECIFIED. ) 
 CURVE ( )  GEOMETRIC_REPRESENTATION_ITEM ( )  RATIONAL_B_SPLINE_CURVE ( ( 1.000000000000000000, 0.7234261281564804413, 0.7234261281564804413, 1.000000000000000000 ) ) 
 REPRESENTATION_ITEM ( '' )  );
#1129 = CARTESIAN_POINT ( 'NONE',  ( -13.85640646055104064, 5.999999999999998224, -74.56220884755728662 ) ) ;
#1130 = CARTESIAN_POINT ( 'NONE',  ( 18.29189645439075207, 25.00884492539407589, 20.82892497341600446 ) ) ;
#1131 = CARTESIAN_POINT ( 'NONE',  ( 0.000000000000000000, 0.000000000000000000, 0.000000000000000000 ) ) ;
#1132 = AXIS2_PLACEMENT_3D ( 'NONE', #1269, #423, #558 ) ;
#1133 = EDGE_CURVE ( 'NONE', #567, #53, #408, .T. ) ;
#1134 = ORIENTED_EDGE ( 'NONE', *, *, #1264, .F. ) ;
#1135 = DIRECTION ( 'NONE',  ( 0.1710100716628294992, 0.8660254037844415942, -0.4698463103929505502 ) ) ;
#1136 = CIRCLE ( 'NONE', #1462, 1.500000000000000000 ) ;
#1137 = CARTESIAN_POINT ( 'NONE',  ( -7.823372671977269377, 14.32050807568904993, -19.01888241957167125 ) ) ;
#1138 = EDGE_LOOP ( 'NONE', ( #1777, #2012 ) ) ;
#1139 = CARTESIAN_POINT ( 'NONE',  ( -23.95299284711983390, -15.28589838486220565, -25.37835254355102776 ) ) ;
#1140 = LINE ( 'NONE', #1828, #1218 ) ;
#1141 = ORIENTED_EDGE ( 'NONE', *, *, #1966, .T. ) ;
#1142 = DIRECTION ( 'NONE',  ( -0.5000000000000001110, -0.8660254037844385966, 0.000000000000000000 ) ) ;
#1143 = VECTOR ( 'NONE', #1087, 1000.000000000000000 ) ;
#1144 = FACE_BOUND ( 'NONE', #846, .T. ) ;
#1145 = PERSON_AND_ORGANIZATION ( #1707, #1265 ) ;
#1146 = VERTEX_POINT ( 'NONE', #782 ) ;
#1147 = LINE ( 'NONE', #1835, #1968 ) ;
#1148 = ADVANCED_FACE ( 'NONE', ( #119 ), #651, .F. ) ;
#1149 = LINE ( 'NONE', #1137, #858 ) ;
#1150 = ORIENTED_EDGE ( 'NONE', *, *, #1457, .T. ) ;
#1151 = PLANE ( 'NONE',  #1852 ) ;
#1152 = ORIENTED_EDGE ( 'NONE', *, *, #1623, .F. ) ;
#1153 = PLANE ( 'NONE',  #451 ) ;
#1154 = AXIS2_PLACEMENT_3D ( 'NONE', #120, #145, #1463 ) ;
#1155 = FACE_OUTER_BOUND ( 'NONE', #1809, .T. ) ;
#1156 = ORIENTED_EDGE ( 'NONE', *, *, #868, .F. ) ;
#1157 = CARTESIAN_POINT ( 'NONE',  ( 18.29189645439075207, 25.00884492539407589, 20.82892497341600446 ) ) ;
#1158 = CARTESIAN_POINT ( 'NONE',  ( -20.63104368630926189, -1.139631817030200223, 11.34645990256678871 ) ) ;
#1159 = VERTEX_POINT ( 'NONE', #2177 ) ;
#1160 = CARTESIAN_POINT ( 'NONE',  ( -12.85575219373088096, 18.98955644517917918, -12.24448226696618214 ) ) ;
#1161 = CARTESIAN_POINT ( 'NONE',  ( 8.660254037844399733, -14.99999999999999467, 15.00000000000000000 ) ) ;
#1162 = DIRECTION ( 'NONE',  ( 0.3420201433256627732, 0.000000000000000000, -0.9396926207859106484 ) ) ;
#1163 = DIRECTION ( 'NONE',  ( 0.1710100716628294992, 0.8660254037844415942, -0.4698463103929505502 ) ) ;
#1164 = VERTEX_POINT ( 'NONE', #104 ) ;
#1165 = FACE_BOUND ( 'NONE', #1992, .T. ) ;
#1166 = VECTOR ( 'NONE', #2174, 1000.000000000000000 ) ;
#1167 = AXIS2_PLACEMENT_3D ( 'NONE', #2116, #2094, #2137 ) ;
#1168 = ORIENTED_EDGE ( 'NONE', *, *, #2154, .T. ) ;
#1169 = CARTESIAN_POINT ( 'NONE',  ( 4.431343984846217943, -10.32468707243165440, -5.567681995440466380 ) ) ;
#1170 = VECTOR ( 'NONE', #2005, 1000.000000000000227 ) ;
#1171 = LINE ( 'NONE', #339, #1978 ) ;
#1172 = ADVANCED_FACE ( 'NONE', ( #1292 ), #1817, .F. ) ;
#1173 = CARTESIAN_POINT ( 'NONE',  ( -19.58644633591306317, -63.92472019352280199, 13.71457737114597109 ) ) ;
#1174 = VERTEX_POINT ( 'NONE', #1807 ) ;
#1175 = PLANE ( 'NONE',  #1205 ) ;
#1176 = CARTESIAN_POINT ( 'NONE',  ( 22.51523807704075253, 13.58529661354850049, -1.503148687208265777 ) ) ;
#1177 = EDGE_LOOP ( 'NONE', ( #1415, #923, #1949, #260 ) ) ;
#1178 = CARTESIAN_POINT ( 'NONE',  ( 5.548398471330848736, -15.90192378864664313, -15.24409951411832864 ) ) ;
#1179 = FACE_OUTER_BOUND ( 'NONE', #900, .T. ) ;
#1180 = VERTEX_POINT ( 'NONE', #1797 ) ;
#1181 = CARTESIAN_POINT ( 'NONE',  ( 19.96158504612273532, -2.298541718099365916, 11.34567089887057811 ) ) ;
#1182 = CALENDAR_DATE ( 2026, 6, 2 ) ;
#1183 = ORIENTED_EDGE ( 'NONE', *, *, #1185, .T. ) ;
#1184 = LINE ( 'NONE', #377, #51 ) ;
#1185 = EDGE_CURVE ( 'NONE', #1683, #729, #299, .T. ) ;
#1186 = AXIS2_PLACEMENT_3D ( 'NONE', #1916, #35, #523 ) ;
#1187 = CYLINDRICAL_SURFACE ( 'NONE', #401, 3.000000000000000444 ) ;
#1188 = EDGE_CURVE ( 'NONE', #1467, #701, #1832, .T. ) ;
#1189 = ORIENTED_EDGE ( 'NONE', *, *, #1214, .F. ) ;
#1190 = CARTESIAN_POINT ( 'NONE',  ( 19.90302301739503221, -2.363788421009548557, 8.700725749026846145 ) ) ;
#1191 = EDGE_CURVE ( 'NONE', #1593, #596, #636, .T. ) ;
#1192 = DIRECTION ( 'NONE',  ( -0.9396926207859106484, -3.686287386450714583E-16, -0.3420201433256625512 ) ) ;
#1193 = ORIENTED_EDGE ( 'NONE', *, *, #1665, .F. ) ;
#1194 = CARTESIAN_POINT ( 'NONE',  ( -8.660254037844385522, -14.99999999999999467, 15.00000000000000000 ) ) ;
#1195 = PERSON_AND_ORGANIZATION ( #1707, #1265 ) ;
#1196 = ORIENTED_EDGE ( 'NONE', *, *, #1333, .T. ) ;
#1197 = LINE ( 'NONE', #2033, #1390 ) ;
#1198 = DIRECTION ( 'NONE',  ( -0.000000000000000000, -0.000000000000000000, -1.000000000000000000 ) ) ;
#1199 = VERTEX_POINT ( 'NONE', #1313 ) ;
#1200 = CARTESIAN_POINT ( 'NONE',  ( -14.76158175576853182, 6.000000000000005329, -13.16107177076508350 ) ) ;
#1201 = DIRECTION ( 'NONE',  ( -0.000000000000000000, -0.000000000000000000, -1.000000000000000000 ) ) ;
#1202 = VERTEX_POINT ( 'NONE', #2155 ) ;
#1203 = CARTESIAN_POINT ( 'NONE',  ( 19.47765544127591752, -2.757424269828747221, 10.75723606313357550 ) ) ;
#1204 = PERSON_AND_ORGANIZATION_ROLE ( 'creator' ) ;
#1205 = AXIS2_PLACEMENT_3D ( 'NONE', #1033, #1877, #1345 ) ;
#1206 = AXIS2_PLACEMENT_3D ( 'NONE', #965, #1648, #469 ) ;
#1207 = ORIENTED_EDGE ( 'NONE', *, *, #1494, .T. ) ;
#1208 = CARTESIAN_POINT ( 'NONE',  ( -17.70499424196326643, 11.49038105676683941, -17.19023915081895737 ) ) ;
#1209 = EDGE_CURVE ( 'NONE', #1216, #405, #1249, .T. ) ;
#1210 =( BOUNDED_CURVE ( )  B_SPLINE_CURVE ( 3, ( #1107, #417, #1782, #953 ),
 .UNSPECIFIED., .F., .F. ) 
 B_SPLINE_CURVE_WITH_KNOTS ( ( 4, 4 ),
 ( 4.177579221125558462, 4.270579311705922976 ),
 .UNSPECIFIED. ) 
 CURVE ( )  GEOMETRIC_REPRESENTATION_ITEM ( )  RATIONAL_B_SPLINE_CURVE ( ( 1.000000000000000000, 0.9992793784572902016, 0.9992793784572902016, 1.000000000000000000 ) ) 
 REPRESENTATION_ITEM ( '' )  );
#1211 = DIRECTION ( 'NONE',  ( 0.000000000000000000, 0.4768709627114705030, 0.8789733129752206331 ) ) ;
#1212 = ORIENTED_EDGE ( 'NONE', *, *, #1854, .T. ) ;
#1213 = CARTESIAN_POINT ( 'NONE',  ( 20.24791686963781245, -1.920873560832836002, 8.510079067876212378 ) ) ;
#1214 = EDGE_CURVE ( 'NONE', #1000, #1329, #1357, .T. ) ;
#1215 = DIRECTION ( 'NONE',  ( -0.2961981327260243546, 0.4999999999999949485, 0.8137976813493765782 ) ) ;
#1216 = VERTEX_POINT ( 'NONE', #472 ) ;
#1217 = LINE ( 'NONE', #543, #1075 ) ;
#1218 = VECTOR ( 'NONE', #307, 1000.000000000000000 ) ;
#1219 = VECTOR ( 'NONE', #1863, 1000.000000000000114 ) ;
#1220 = EDGE_CURVE ( 'NONE', #1019, #445, #1954, .T. ) ;
#1221 = CARTESIAN_POINT ( 'NONE',  ( -23.43996263213134057, -15.28589838486220565, -26.78789147472988930 ) ) ;
#1222 = CARTESIAN_POINT ( 'NONE',  ( 22.05439861273110935, 11.21693712142027088, -0.3145632182034911462 ) ) ;
#1223 = DIRECTION ( 'NONE',  ( 0.000000000000000000, -0.000000000000000000, -1.000000000000000000 ) ) ;
#1224 = EDGE_LOOP ( 'NONE', ( #1982, #1183, #542, #1064 ) ) ;
#1225 = CARTESIAN_POINT ( 'NONE',  ( 19.57214775196554868, -2.683468143455682853, 9.076748087833498957 ) ) ;
#1226 = LINE ( 'NONE', #91, #571 ) ;
#1227 = VERTEX_POINT ( 'NONE', #1943 ) ;
#1228 = DIRECTION ( 'NONE',  ( 0.1710100716628294992, 0.8660254037844415942, -0.4698463103929505502 ) ) ;
#1229 = DIRECTION ( 'NONE',  ( 0.07837935813198487756, -0.1357570305492346308, 0.9876369296838146683 ) ) ;
#1230 = LINE ( 'NONE', #1065, #1827 ) ;
#1231 = CARTESIAN_POINT ( 'NONE',  ( 6.679293452527607755, -8.071796769724464582, -11.04169693832328036 ) ) ;
#1232 = VERTEX_POINT ( 'NONE', #780 ) ;
#1233 = CARTESIAN_POINT ( 'NONE',  ( -16.67126681458080029, 13.47671414278787339, -14.97120876838028991 ) ) ;
#1234 = CC_DESIGN_PERSON_AND_ORGANIZATION_ASSIGNMENT ( #869, #1204, ( #1874 ) ) ;
#1235 = LINE ( 'NONE', #598, #273 ) ;
#1236 = ORIENTED_EDGE ( 'NONE', *, *, #966, .F. ) ;
#1237 = CARTESIAN_POINT ( 'NONE',  ( 10.30479431694032044, -63.20874128731116315, 42.58629911674564994 ) ) ;
#1238 = VECTOR ( 'NONE', #67, 1000.000000000000114 ) ;
#1240 = EDGE_CURVE ( 'NONE', #1750, #749, #496, .T. ) ;
#1239 = CARTESIAN_POINT ( 'NONE',  ( 21.02964165813986241, 5.575592183134735258, 2.019378625798604165 ) ) ;
#1241 = VECTOR ( 'NONE', #1778, 1000.000000000000114 ) ;
#1242 = VECTOR ( 'NONE', #1646, 1000.000000000000000 ) ;
#1243 = ORIENTED_EDGE ( 'NONE', *, *, #1188, .F. ) ;
#1244 = CARTESIAN_POINT ( 'NONE',  ( 22.10630885365132059, 11.94098397122402666, 0.004099717724897068705 ) ) ;
#1245 = DIRECTION ( 'NONE',  ( -0.7261554316666060105, 0.000000000000000000, 0.6875305731828112998 ) ) ;
#1246 = EDGE_LOOP ( 'NONE', ( #376, #504, #1940, #2081, #1305, #628, #1478, #1898, #31, #575, #1815, #1254, #599, #790 ) ) ;
#1247 = DIRECTION ( 'NONE',  ( 0.1710100716628294992, 0.8660254037844415942, -0.4698463103929505502 ) ) ;
#1248 = DIRECTION ( 'NONE',  ( -0.000000000000000000, -0.000000000000000000, -1.000000000000000000 ) ) ;
#1249 = CIRCLE ( 'NONE', #1568, 3.499999999999999556 ) ;
#1250 = VERTEX_POINT ( 'NONE', #934 ) ;
#1251 = DIRECTION ( 'NONE',  ( 0.9618967477123856469, -0.2499999999999969469, -0.1107007079486697354 ) ) ;
#1252 = CARTESIAN_POINT ( 'NONE',  ( 4.087761317544103434, -17.40192378864663070, -18.54054291648062502 ) ) ;
#1253 = VECTOR ( 'NONE', #816, 1000.000000000000000 ) ;
#1254 = ORIENTED_EDGE ( 'NONE', *, *, #1781, .T. ) ;
#1255 = PLANE ( 'NONE',  #864 ) ;
#1256 = CARTESIAN_POINT ( 'NONE',  ( -20.78460969082652099, -6.000000000000000000, 15.00000000000000000 ) ) ;
#1257 = VERTEX_POINT ( 'NONE', #1252 ) ;
#1258 = ADVANCED_FACE ( 'NONE', ( #407 ), #1074, .T. ) ;
#1259 = CARTESIAN_POINT ( 'NONE',  ( -15.09222789443196078, 12.78282979100172589, -16.39623394396853229 ) ) ;
#1260 = EDGE_CURVE ( 'NONE', #1435, #653, #921, .T. ) ;
#1261 = DIRECTION ( 'NONE',  ( 0.2515460552138156225, 0.9678453296402106387, 0.000000000000000000 ) ) ;
#1262 = ORIENTED_EDGE ( 'NONE', *, *, #1643, .F. ) ;
#1263 = EDGE_CURVE ( 'NONE', #34, #2038, #1276, .T. ) ;
#1264 = EDGE_CURVE ( 'NONE', #2066, #1829, #593, .T. ) ;
#1265 = ORGANIZATION ( 'UNSPECIFIED', 'UNSPECIFIED', '' ) ;
#1266 = CARTESIAN_POINT ( 'NONE',  ( 17.13116681757664850, 6.000000000000005329, 6.650690319970196995 ) ) ;
#1267 = ORIENTED_EDGE ( 'NONE', *, *, #739, .T. ) ;
#1268 = CARTESIAN_POINT ( 'NONE',  ( 3.199166919366046358, -15.90192378864664313, -16.09914987243249485 ) ) ;
#1269 = CARTESIAN_POINT ( 'NONE',  ( 5.272414795186700864, -60.20874128731119157, 46.28429267393784130 ) ) ;
#1270 = ORIENTED_EDGE ( 'NONE', *, *, #1380, .T. ) ;
#1271 = CARTESIAN_POINT ( 'NONE',  ( 18.00387218935833289, -4.685639349165006351, 2.058906086006609737 ) ) ;
#1272 = CARTESIAN_POINT ( 'NONE',  ( -13.85640646055104064, 5.999999999999998224, -5.586624630700323557 ) ) ;
#1273 =( BOUNDED_CURVE ( )  B_SPLINE_CURVE ( 3, ( #1957, #1787, #937, #1776 ),
 .UNSPECIFIED., .F., .T. ) 
 B_SPLINE_CURVE_WITH_KNOTS ( ( 4, 4 ),
 ( 2.836243098951047426, 5.977835752540840986 ),
 .UNSPECIFIED. ) 
 CURVE ( )  GEOMETRIC_REPRESENTATION_ITEM ( )  RATIONAL_B_SPLINE_CURVE ( ( 1.000000000000000000, 0.3333333333333332038, 0.3333333333333332038, 1.000000000000000000 ) ) 
 REPRESENTATION_ITEM ( '' )  );
#1274 = ORIENTED_EDGE ( 'NONE', *, *, #827, .T. ) ;
#1275 = DIRECTION ( 'NONE',  ( -0.8660254037844385966, -0.5000000000000001110, 0.000000000000000000 ) ) ;
#1276 = LINE ( 'NONE', #1458, #1743 ) ;
#1277 = VECTOR ( 'NONE', #1108, 1000.000000000000000 ) ;
#1278 = CIRCLE ( 'NONE', #498, 3.499999999999999556 ) ;
#1279 = CARTESIAN_POINT ( 'NONE',  ( 0.000000000000000000, 0.000000000000000000, 15.00000000000000000 ) ) ;
#1280 = FACE_OUTER_BOUND ( 'NONE', #72, .T. ) ;
#1281 = VERTEX_POINT ( 'NONE', #602 ) ;
#1282 = EDGE_CURVE ( 'NONE', #1915, #1174, #612, .T. ) ;
#1283 = CARTESIAN_POINT ( 'NONE',  ( -14.92305110586562478, 12.53829365413580099, -16.37788416510905165 ) ) ;
#1284 = VECTOR ( 'NONE', #185, 1000.000000000000114 ) ;
#1285 = DIRECTION ( 'NONE',  ( 0.9618967477123856469, -0.2499999999999970024, -0.1107007079486696660 ) ) ;
#1286 = ORIENTED_EDGE ( 'NONE', *, *, #851, .F. ) ;
#1287 = VECTOR ( 'NONE', #945, 1000.000000000000114 ) ;
#1288 = DIRECTION ( 'NONE',  ( -0.2961981327260196917, 0.4999999999999949485, 0.8137976813493783546 ) ) ;
#1289 = CARTESIAN_POINT ( 'NONE',  ( 21.88543811019870589, 12.39904697290863034, -2.968318434158237817 ) ) ;
#1290 = EDGE_CURVE ( 'NONE', #764, #749, #1794, .T. ) ;
#1291 = EDGE_CURVE ( 'NONE', #2193, #2129, #1607, .T. ) ;
#1292 = FACE_OUTER_BOUND ( 'NONE', #659, .T. ) ;
#1293 = VECTOR ( 'NONE', #1092, 1000.000000000000000 ) ;
#1294 = EDGE_LOOP ( 'NONE', ( #213, #1543, #68, #2086 ) ) ;
#1295 = LINE ( 'NONE', #1677, #828 ) ;
#1296 = DIRECTION ( 'NONE',  ( 0.1710100716628294992, 0.8660254037844415942, -0.4698463103929505502 ) ) ;
#1297 = ORIENTED_EDGE ( 'NONE', *, *, #1030, .T. ) ;
#1298 = DIRECTION ( 'NONE',  ( -0.9396926207859104263, -6.106226635438365903E-16, -0.3420201433256628287 ) ) ;
#1299 = LINE ( 'NONE', #978, #1400 ) ;
#1300 = CC_DESIGN_APPROVAL ( #1639, ( #1874 ) ) ;
#1301 = VECTOR ( 'NONE', #2049, 999.9999999999998863 ) ;
#1302 = ADVANCED_FACE ( 'NONE', ( #762 ), #1761, .F. ) ;
#1303 = CARTESIAN_POINT ( 'NONE',  ( -22.52539714039270891, 6.000000000000005329, -5.197234989070520506 ) ) ;
#1304 = MECHANICAL_CONTEXT ( 'NONE', #2201, 'mechanical' ) ;
#1305 = ORIENTED_EDGE ( 'NONE', *, *, #1188, .T. ) ;
#1306 = CARTESIAN_POINT ( 'NONE',  ( -20.78460969082652454, 5.999999999999998224, 15.00000000000000000 ) ) ;
#1307 = DIRECTION ( 'NONE',  ( 0.000000000000000000, -1.000000000000000000, 0.000000000000000000 ) ) ;
#1308 = ORIENTED_EDGE ( 'NONE', *, *, #1029, .T. ) ;
#1309 = CARTESIAN_POINT ( 'NONE',  ( -19.35326833729205731, -2.849270795966864167, 9.607759885985476700 ) ) ;
#1310 = CARTESIAN_POINT ( 'NONE',  ( -8.245183477003356742, -15.71892330010276417, -0.7160825266228909580 ) ) ;
#1311 = VERTEX_POINT ( 'NONE', #946 ) ;
#1312 = CARTESIAN_POINT ( 'NONE',  ( 20.78460969082652454, 5.999999999999998224, 15.00000000000000000 ) ) ;
#1313 = CARTESIAN_POINT ( 'NONE',  ( 23.15902853521401994, 1.887385923071859928, 7.269580857656999129 ) ) ;
#1314 = CALENDAR_DATE ( 2026, 6, 2 ) ;
#1315 = AXIS2_PLACEMENT_3D ( 'NONE', #1587, #1946, #243 ) ;
#1316 = ORIENTED_EDGE ( 'NONE', *, *, #1530, .T. ) ;
#1317 = DIRECTION ( 'NONE',  ( -0.3420201433256626067, 0.000000000000000000, 0.9396926207859106484 ) ) ;
#1318 = CARTESIAN_POINT ( 'NONE',  ( -19.78783581991719132, -2.483789513584515607, 11.19076229504863207 ) ) ;
#1319 = ORIENTED_EDGE ( 'NONE', *, *, #1850, .T. ) ;
#1320 = DIRECTION ( 'NONE',  ( 0.9396926207859105373, 3.686287386450714583E-16, 0.3420201433256624957 ) ) ;
#1321 = DIRECTION ( 'NONE',  ( 0.2515460552138156225, 0.9678453296402106387, 0.000000000000000000 ) ) ;
#1322 = B_SPLINE_CURVE_WITH_KNOTS ( 'NONE', 3,
 ( #2070, #1525, #46, #1023, #1349, #2059, #1225, #1363, #23, #1190, #350, #2036, #539, #1213, #211, #1046, #1734, #725, #1567, #2082, #853, #1880, #551, #361, #1374, #529 ),
 .UNSPECIFIED., .F., .F.,
 ( 4, 2, 2, 2, 2, 2, 2, 2, 2, 2, 2, 2, 4 ),
 ( 0.004747570850518856300, 0.005044022899832506686, 0.005340474949146156204, 0.005933379047773459578, 0.006229831097087109096, 0.006526283146400756879, 0.006822735195714406398, 0.007119187245028055049, 0.007712091343655352350, 0.008008543392969004471, 0.008304995442282655724, 0.008897899540909958230, 0.009490803639537262471 ),
 .UNSPECIFIED. ) ;
#1323 = FACE_OUTER_BOUND ( 'NONE', #964, .T. ) ;
#1324 = ADVANCED_FACE ( 'NONE', ( #1446 ), #2120, .F. ) ;
#1325 = DIRECTION ( 'NONE',  ( 0.1710100716628294992, 0.8660254037844415942, -0.4698463103929505502 ) ) ;
#1326 = ORIENTED_EDGE ( 'NONE', *, *, #963, .T. ) ;
#1327 = DIRECTION ( 'NONE',  ( 0.5000000000000000000, -0.8660254037844385966, 0.000000000000000000 ) ) ;
#1328 = CARTESIAN_POINT ( 'NONE',  ( 24.61248518820431741, 11.49038105676682520, -1.787936249066011785 ) ) ;
#1329 = VERTEX_POINT ( 'NONE', #226 ) ;
#1330 = CLOSED_SHELL ( 'NONE', ( #49, #807, #1806, #872, #1913, #2079, #1503, #1947, #478, #637, #1875, #2014, #1258, #1456, #938, #1302, #2057, #2205, #442, #1664, #1520, #1990, #1756, #513, #2089, #1618, #732, #103, #1024, #1368, #835, #208, #1077, #253, #418, #182, #1541, #1172, #1051, #1754, #1122, #2055, #1597, #581, #1097, #1355, #987, #415, #1407, #2132, #1855, #1324, #87, #1427, #1148, #433, #1124, #163, #1529, #898, #88 ) ) ;
#1331 = DIRECTION ( 'NONE',  ( -0.7261554316666068987, 0.000000000000000000, 0.6875305731828103006 ) ) ;
#1332 = CARTESIAN_POINT ( 'NONE',  ( 21.84015515480659531, 12.31129648028676016, -2.975405522429131810 ) ) ;
#1333 = EDGE_CURVE ( 'NONE', #760, #1753, #1773, .T. ) ;
#1334 = DIRECTION ( 'NONE',  ( 0.8660254037844401509, -0.4999999999999973910, 0.000000000000000000 ) ) ;
#1335 = CARTESIAN_POINT ( 'NONE',  ( 20.78460969082652454, 5.999999999999998224, 15.00000000000000000 ) ) ;
#1336 = EDGE_LOOP ( 'NONE', ( #833, #1944, #2122, #528, #1771, #6 ) ) ;
#1337 = DIRECTION ( 'NONE',  ( -0.6656986149863668434, -0.2499999999999970024, -0.7030969734007070926 ) ) ;
#1338 = ORIENTED_EDGE ( 'NONE', *, *, #2178, .T. ) ;
#1339 = CARTESIAN_POINT ( 'NONE',  ( -20.30151456203274662, -1.836698455025395749, 8.500054661763561725 ) ) ;
#1340 = PLANE ( 'NONE',  #1795 ) ;
#1341 = CARTESIAN_POINT ( 'NONE',  ( 9.641274779787805116, -13.07179676972441307, -19.17967375181706302 ) ) ;
#1342 =( BOUNDED_CURVE ( )  B_SPLINE_CURVE ( 3, ( #896, #1271, #434, #747 ),
 .UNSPECIFIED., .F., .F. ) 
 B_SPLINE_CURVE_WITH_KNOTS ( ( 4, 4 ),
 ( 2.012605995473664144, 4.177579221125558462 ),
 .UNSPECIFIED. ) 
 CURVE ( )  GEOMETRIC_REPRESENTATION_ITEM ( )  RATIONAL_B_SPLINE_CURVE ( ( 1.000000000000000000, 0.6460892144473504572, 0.6460892144473504572, 1.000000000000000000 ) ) 
 REPRESENTATION_ITEM ( '' )  );
#1343 = DESIGN_CONTEXT ( 'detailed design', #107, 'design' ) ;
#1344 = ORIENTED_EDGE ( 'NONE', *, *, #763, .T. ) ;
#1345 = DIRECTION ( 'NONE',  ( -0.2515460552138171213, -0.9678453296402103057, 0.000000000000000000 ) ) ;
#1346 = LINE ( 'NONE', #537, #1816 ) ;
#1347 = CIRCLE ( 'NONE', #683, 1.500000000000001332 ) ;
#1348 = ORIENTED_EDGE ( 'NONE', *, *, #1730, .F. ) ;
#1349 = CARTESIAN_POINT ( 'NONE',  ( 19.37933575202699998, -2.830712068975673734, 9.512731030665342757 ) ) ;
#1350 = AXIS2_PLACEMENT_3D ( 'NONE', #1477, #1307, #1223 ) ;
#1351 = CARTESIAN_POINT ( 'NONE',  ( 18.21815313120275448, 14.32050807568903217, -9.540542172339110394 ) ) ;
#1352 = VERTEX_POINT ( 'NONE', #903 ) ;
#1353 = FACE_OUTER_BOUND ( 'NONE', #511, .T. ) ;
#1354 = EDGE_CURVE ( 'NONE', #1829, #1454, #228, .T. ) ;
#1355 = ADVANCED_FACE ( 'NONE', ( #772 ), #2098, .F. ) ;
#1356 = DATE_TIME_ROLE ( 'creation_date' ) ;
#1357 =( BOUNDED_CURVE ( )  B_SPLINE_CURVE ( 3, ( #626, #795, #1303, #1085 ),
 .UNSPECIFIED., .F., .T. ) 
 B_SPLINE_CURVE_WITH_KNOTS ( ( 4, 4 ),
 ( 0.3053495546387474668, 3.446942208228539695 ),
 .UNSPECIFIED. ) 
 CURVE ( )  GEOMETRIC_REPRESENTATION_ITEM ( )  RATIONAL_B_SPLINE_CURVE ( ( 1.000000000000000000, 0.3333333333333337034, 0.3333333333333337034, 1.000000000000000000 ) ) 
 REPRESENTATION_ITEM ( '' )  );
#1358 = AXIS2_PLACEMENT_3D ( 'NONE', #266, #1956, #76 ) ;
#1359 = ORIENTED_EDGE ( 'NONE', *, *, #1220, .T. ) ;
#1360 = CARTESIAN_POINT ( 'NONE',  ( -15.90490810225399976, 10.67071937605297549, -15.00383746557558595 ) ) ;
#1361 = CARTESIAN_POINT ( 'NONE',  ( -13.85640646055104064, 5.999999999999998224, -13.02631499376882118 ) ) ;
#1362 = ORIENTED_EDGE ( 'NONE', *, *, #413, .T. ) ;
#1363 = CARTESIAN_POINT ( 'NONE',  ( 19.73230952490952461, -2.537407022280441460, 8.870269613594409464 ) ) ;
#1364 = LINE ( 'NONE', #1570, #731 ) ;
#1365 = VECTOR ( 'NONE', #1050, 1000.000000000000000 ) ;
#1366 = ORIENTED_EDGE ( 'NONE', *, *, #1240, .F. ) ;
#1367 = LINE ( 'NONE', #61, #1549 ) ;
#1368 = ADVANCED_FACE ( 'NONE', ( #250 ), #1151, .T. ) ;
#1369 = SECURITY_CLASSIFICATION_LEVEL ( 'unclassified' ) ;
#1370 = EDGE_LOOP ( 'NONE', ( #1471, #678 ) ) ;
#1371 = DIRECTION ( 'NONE',  ( 0.4932921833250085708, -0.8544071244954953848, -0.1632522204497842411 ) ) ;
#1372 = FACE_OUTER_BOUND ( 'NONE', #1083, .T. ) ;
#1373 = ORIENTED_EDGE ( 'NONE', *, *, #1608, .F. ) ;
#1374 = CARTESIAN_POINT ( 'NONE',  ( 20.80912086321461629, -0.2821007244075456333, 9.799297612748958386 ) ) ;
#1375 = FACE_BOUND ( 'NONE', #515, .T. ) ;
#1376 = ORIENTED_EDGE ( 'NONE', *, *, #1616, .F. ) ;
#1377 = FACE_OUTER_BOUND ( 'NONE', #914, .T. ) ;
#1378 = APPROVAL ( #687, 'UNSPECIFIED' ) ;
#1379 = DATE_AND_TIME ( #674, #136 ) ;
#1380 = EDGE_CURVE ( 'NONE', #1216, #841, #286, .T. ) ;
#1381 = ORIENTED_EDGE ( 'NONE', *, *, #1447, .F. ) ;
#1382 = CARTESIAN_POINT ( 'NONE',  ( 4.942811675858250098, -13.07179676972441662, -20.88977446844538122 ) ) ;
#1383 = LINE ( 'NONE', #2068, #646 ) ;
#1384 = ORIENTED_EDGE ( 'NONE', *, *, #672, .F. ) ;
#1385 = DIRECTION ( 'NONE',  ( 0.1930750503483343594, 0.3344157968772347167, 0.9224359596914857296 ) ) ;
#1386 = DIRECTION ( 'NONE',  ( -0.3420201433256624957, 0.000000000000000000, 0.9396926207859105373 ) ) ;
#1387 = ORIENTED_EDGE ( 'NONE', *, *, #2153, .T. ) ;
#1388 = DIRECTION ( 'NONE',  ( 1.000000000000000000, 2.503857664561933362E-16, 0.000000000000000000 ) ) ;
#1389 = APPROVAL_ROLE ( '' ) ;
#1390 = VECTOR ( 'NONE', #167, 1000.000000000000000 ) ;
#1391 = CIRCLE ( 'NONE', #932, 3.499999999999999556 ) ;
#1392 = CARTESIAN_POINT ( 'NONE',  ( -13.85640646055101755, 6.000000000000000000, 15.00000000000000000 ) ) ;
#1393 = CARTESIAN_POINT ( 'NONE',  ( 20.82050807568877815, -4.775544048228847476E-15, 15.00000000000000000 ) ) ;
#1394 = CARTESIAN_POINT ( 'NONE',  ( 3.420201433256626178, 17.32050807568901618, -9.396926207859110036 ) ) ;
#1395 = ORIENTED_EDGE ( 'NONE', *, *, #909, .F. ) ;
#1396 = CARTESIAN_POINT ( 'NONE',  ( -14.45176635795598763, 6.000000000000005329, -13.16107177076509060 ) ) ;
#1397 = CARTESIAN_POINT ( 'NONE',  ( -15.42074043639836844, 6.000000000000005329, -5.197234989070511624 ) ) ;
#1398 = EDGE_LOOP ( 'NONE', ( #180, #1384 ) ) ;
#1399 = CARTESIAN_POINT ( 'NONE',  ( 8.216739161321436669, -15.28589838486219321, -15.26579430687180583 ) ) ;
#1400 = VECTOR ( 'NONE', #954, 1000.000000000000114 ) ;
#1401 = AXIS2_PLACEMENT_3D ( 'NONE', #2009, #172, #2000 ) ;
#1402 = DIRECTION ( 'NONE',  ( 0.7261554316666062325, 0.000000000000000000, -0.6875305731828111888 ) ) ;
#1403 = CARTESIAN_POINT ( 'NONE',  ( 22.51523807704075253, 13.58529661354850049, -1.503148687208265777 ) ) ;
#1404 = LINE ( 'NONE', #1089, #1238 ) ;
#1405 = ORIENTED_EDGE ( 'NONE', *, *, #1425, .F. ) ;
#1406 = CARTESIAN_POINT ( 'NONE',  ( -15.71506920905777882, 13.38022685859517580, -16.19678465506529008 ) ) ;
#1407 = ADVANCED_FACE ( 'NONE', ( #460 ), #2018, .F. ) ;
#1408 = CARTESIAN_POINT ( 'NONE',  ( 14.20555543249409425, -6.000000000000000000, 1.483979398218740808 ) ) ;
#1409 = ORIENTED_EDGE ( 'NONE', *, *, #1425, .T. ) ;
#1410 = CARTESIAN_POINT ( 'NONE',  ( 20.40163884000438443, -1.663278118507393266, 11.49994533823644005 ) ) ;
#1411 = CARTESIAN_POINT ( 'NONE',  ( 24.12499648273590935, 23.92857321350616573, 9.999999999999998224 ) ) ;
#1412 = DIRECTION ( 'NONE',  ( 0.7263614178872019878, -0.4330127018922151905, -0.5337593939266053189 ) ) ;
#1413 = DIRECTION ( 'NONE',  ( -0.9396926207859104263, -5.791485458923730829E-16, -0.3420201433256628842 ) ) ;
#1414 = LINE ( 'NONE', #2102, #27 ) ;
#1415 = ORIENTED_EDGE ( 'NONE', *, *, #1480, .F. ) ;
#1416 = LINE ( 'NONE', #941, #958 ) ;
#1417 = FACE_OUTER_BOUND ( 'NONE', #507, .T. ) ;
#1418 = ORIENTED_EDGE ( 'NONE', *, *, #1008, .F. ) ;
#1419 = CARTESIAN_POINT ( 'NONE',  ( 9.641274779787805116, -13.07179676972441307, -19.17967375181706302 ) ) ;
#1420 = VECTOR ( 'NONE', #506, 1000.000000000000000 ) ;
#1421 = CARTESIAN_POINT ( 'NONE',  ( 20.78460969082652454, 5.999999999999998224, 3.766364750562412045 ) ) ;
#1422 = EDGE_CURVE ( 'NONE', #556, #625, #719, .T. ) ;
#1423 = LINE ( 'NONE', #1609, #1724 ) ;
#1424 = DIRECTION ( 'NONE',  ( -0.8660254037844390407, -0.4999999999999995004, 0.000000000000000000 ) ) ;
#1425 = EDGE_CURVE ( 'NONE', #1112, #149, #1998, .T. ) ;
#1426 = DIRECTION ( 'NONE',  ( -0.000000000000000000, -0.000000000000000000, -1.000000000000000000 ) ) ;
#1427 = ADVANCED_FACE ( 'NONE', ( #967 ), #2164, .F. ) ;
#1428 = EDGE_CURVE ( 'NONE', #247, #1045, #824, .T. ) ;
#1429 = EDGE_LOOP ( 'NONE', ( #2136, #1673 ) ) ;
#1430 = DIRECTION ( 'NONE',  ( 1.000000000000000000, 0.000000000000000000, 0.000000000000000000 ) ) ;
#1431 = B_SPLINE_CURVE_WITH_KNOTS ( 'NONE', 3,
 ( #1785, #1599, #1620, #773, #2091, #1945, #255, #924, #1222, #744, #1448, #546, #1244, #1610, #1078, #386, #905, #1053, #1739, #219, #893, #1403 ),
 .UNSPECIFIED., .F., .F.,
 ( 4, 2, 2, 2, 2, 2, 2, 2, 2, 2, 4 ),
 ( 0.004750883182516246056, 0.005047541771604078381, 0.005344200360691910706, 0.005937517538867574489, 0.006234176127955405947, 0.006530834717043237404, 0.007124151895218894248, 0.007717469073394551959, 0.008014127662482380815, 0.008310786251570209671, 0.009497420607921537236 ),
 .UNSPECIFIED. ) ;
#1432 = DIRECTION ( 'NONE',  ( -0.000000000000000000, -0.000000000000000000, -1.000000000000000000 ) ) ;
#1433 =( BOUNDED_CURVE ( )  B_SPLINE_CURVE ( 3, ( #370, #11, #1396, #1200 ),
 .UNSPECIFIED., .F., .T. ) 
 B_SPLINE_CURVE_WITH_KNOTS ( ( 4, 4 ),
 ( 0.04444804747915073739, 0.3053495546387474668 ),
 .UNSPECIFIED. ) 
 CURVE ( )  GEOMETRIC_REPRESENTATION_ITEM ( )  RATIONAL_B_SPLINE_CURVE ( ( 1.000000000000000000, 0.9943355732871639319, 0.9943355732871639319, 1.000000000000000000 ) ) 
 REPRESENTATION_ITEM ( '' )  );
#1434 = AXIS2_PLACEMENT_3D ( 'NONE', #1763, #242, #1989 ) ;
#1435 = VERTEX_POINT ( 'NONE', #1814 ) ;
#1436 = DIRECTION ( 'NONE',  ( 0.9396926207859110924, -1.001543065824773345E-15, 0.3420201433256611634 ) ) ;
#1437 = DIRECTION ( 'NONE',  ( 0.1710100716628294992, 0.8660254037844415942, -0.4698463103929505502 ) ) ;
#1438 = ORIENTED_EDGE ( 'NONE', *, *, #1846, .F. ) ;
#1439 = PLANE ( 'NONE',  #1358 ) ;
#1440 = PLANE ( 'NONE',  #1842 ) ;
#1441 = ORIENTED_EDGE ( 'NONE', *, *, #1133, .F. ) ;
#1442 = CARTESIAN_POINT ( 'NONE',  ( 23.59713113108960414, 1.128569968087548947, 7.124593314818943313 ) ) ;
#1443 = LINE ( 'NONE', #1603, #1293 ) ;
#1444 = ORIENTED_EDGE ( 'NONE', *, *, #1781, .F. ) ;
#1445 = CARTESIAN_POINT ( 'NONE',  ( -22.92693241714284724, -15.28589838486220565, -28.19743040590875083 ) ) ;
#1446 = FACE_OUTER_BOUND ( 'NONE', #340, .T. ) ;
#1447 = EDGE_CURVE ( 'NONE', #2038, #2195, #1299, .T. ) ;
#1448 = CARTESIAN_POINT ( 'NONE',  ( 22.07980620124400772, 11.46922842450832469, -0.1554762979836576686 ) ) ;
#1449 = FACE_OUTER_BOUND ( 'NONE', #1336, .T. ) ;
#1450 = EDGE_CURVE ( 'NONE', #587, #1687, #1636, .T. ) ;
#1451 = ORIENTED_EDGE ( 'NONE', *, *, #2039, .T. ) ;
#1452 = CARTESIAN_POINT ( 'NONE',  ( -15.35329947226951575, 13.07937742721998475, -16.35989244842289381 ) ) ;
#1453 = CARTESIAN_POINT ( 'NONE',  ( -20.13775533576610854, -2.084891192331070453, 11.45975202767332313 ) ) ;
#1454 = VERTEX_POINT ( 'NONE', #296 ) ;
#1455 = CARTESIAN_POINT ( 'NONE',  ( 19.17215659931542504, 6.000000000000005329, -1.313146461724372882 ) ) ;
#1456 = ADVANCED_FACE ( 'NONE', ( #1849, #995 ), #1517, .T. ) ;
#1457 = EDGE_CURVE ( 'NONE', #1725, #1227, #1509, .T. ) ;
#1458 = CARTESIAN_POINT ( 'NONE',  ( -14.33375412277228556, 14.32050807568905526, -21.38846748137981280 ) ) ;
#1459 = AXIS2_PLACEMENT_3D ( 'NONE', #276, #83, #439 ) ;
#1460 = CIRCLE ( 'NONE', #1744, 1.500000000000001332 ) ;
#1461 = LINE ( 'NONE', #2134, #1469 ) ;
#1462 = AXIS2_PLACEMENT_3D ( 'NONE', #80, #236, #1261 ) ;
#1463 = DIRECTION ( 'NONE',  ( 1.000000000000000000, 0.000000000000000000, 0.000000000000000000 ) ) ;
#1464 = EDGE_LOOP ( 'NONE', ( #78, #1999, #2107, #1274 ) ) ;
#1465 = LINE ( 'NONE', #666, #650 ) ;
#1466 = CARTESIAN_POINT ( 'NONE',  ( 21.98938676518550395, 5.999999999999998224, 11.68990219272209252 ) ) ;
#1467 = VERTEX_POINT ( 'NONE', #161 ) ;
#1468 = LINE ( 'NONE', #657, #1894 ) ;
#1469 = VECTOR ( 'NONE', #1967, 1000.000000000000000 ) ;
#1470 = CARTESIAN_POINT ( 'NONE',  ( 22.52379468615263391, 13.57311239183767171, -1.701836067299602462 ) ) ;
#1471 = ORIENTED_EDGE ( 'NONE', *, *, #1422, .F. ) ;
#1472 = CARTESIAN_POINT ( 'NONE',  ( -14.77353735287645264, 12.18221956300460640, -16.27581677132178939 ) ) ;
#1473 = DIRECTION ( 'NONE',  ( 0.9618967477123853138, -0.2499999999999978906, -0.1107007079486717060 ) ) ;
#1474 = ORIENTED_EDGE ( 'NONE', *, *, #524, .T. ) ;
#1475 = CARTESIAN_POINT ( 'NONE',  ( -13.82050807568877282, 2.163349855678380507E-15, 0.000000000000000000 ) ) ;
#1476 = PRODUCT_DEFINITION ( 'UNKNOWN', '', #1874, #1343 ) ;
#1477 = CARTESIAN_POINT ( 'NONE',  ( -20.78460969082652454, 5.999999999999998224, -74.56220884755728662 ) ) ;
#1478 = ORIENTED_EDGE ( 'NONE', *, *, #1191, .T. ) ;
#1479 = CARTESIAN_POINT ( 'NONE',  ( -20.80912086321460563, -0.2821007244075412479, 9.802245188603064818 ) ) ;
#1480 = EDGE_CURVE ( 'NONE', #60, #2093, #1140, .T. ) ;
#1481 = DIRECTION ( 'NONE',  ( 0.8660254037844401509, -0.4999999999999973910, 0.000000000000000000 ) ) ;
#1482 = ORIENTED_EDGE ( 'NONE', *, *, #1685, .F. ) ;
#1483 = CARTESIAN_POINT ( 'NONE',  ( -8.660254037844385522, -14.99999999999999467, -7.801030425501521925 ) ) ;
#1484 = APPROVAL_PERSON_ORGANIZATION ( #1195, #1378, #840 ) ;
#1485 = LOCAL_TIME ( 22, 22, 58.00000000000000000, #490 ) ;
#1486 = CIRCLE ( 'NONE', #64, 1.499999999999996669 ) ;
#1487 = CARTESIAN_POINT ( 'NONE',  ( 4.942811675858250098, -13.07179676972441662, -20.88977446844538122 ) ) ;
#1488 = PERSON_AND_ORGANIZATION ( #1707, #1265 ) ;
#1489 = ORIENTED_EDGE ( 'NONE', *, *, #2088, .T. ) ;
#1490 = DIRECTION ( 'NONE',  ( 0.4999999999999977796, 0.8660254037844398178, 0.000000000000000000 ) ) ;
#1491 = DIRECTION ( 'NONE',  ( 0.9618967477123857579, -0.2499999999999970579, -0.1107007079486696799 ) ) ;
#1492 = VERTEX_POINT ( 'NONE', #792 ) ;
#1493 = FACE_OUTER_BOUND ( 'NONE', #2023, .T. ) ;
#1494 = EDGE_CURVE ( 'NONE', #1932, #1915, #215, .T. ) ;
#1495 = CARTESIAN_POINT ( 'NONE',  ( 22.51666049839539596, -2.999999999999992450, 9.999999999999998224 ) ) ;
#1496 = ORIENTED_EDGE ( 'NONE', *, *, #1096, .T. ) ;
#1497 = CARTESIAN_POINT ( 'NONE',  ( 2.686136704377558804, -18.49999999999997158, -14.68961094125364397 ) ) ;
#1498 = CARTESIAN_POINT ( 'NONE',  ( 19.69615506024413776, 17.32050807568901973, -3.472963553338737519 ) ) ;
#1499 = PERSON_AND_ORGANIZATION_ROLE ( 'creator' ) ;
#1500 = ORIENTED_EDGE ( 'NONE', *, *, #312, .F. ) ;
#1501 = PLANE ( 'NONE',  #1507 ) ;
#1502 = EDGE_CURVE ( 'NONE', #380, #1250, #1559, .T. ) ;
#1503 = ADVANCED_FACE ( 'NONE', ( #1048, #1548 ), #1704, .F. ) ;
#1504 = CARTESIAN_POINT ( 'NONE',  ( -20.80912086321460563, -0.2821007244075412479, 10.09878705712223024 ) ) ;
#1505 = ORIENTED_EDGE ( 'NONE', *, *, #544, .F. ) ;
#1506 = CARTESIAN_POINT ( 'NONE',  ( -20.24873029639994471, -1.919641112287214346, 8.509872733662689370 ) ) ;
#1507 = AXIS2_PLACEMENT_3D ( 'NONE', #281, #1513, #1994 ) ;
#1508 = VECTOR ( 'NONE', #822, 1000.000000000000114 ) ;
#1509 = LINE ( 'NONE', #648, #839 ) ;
#1510 = ORIENTED_EDGE ( 'NONE', *, *, #323, .T. ) ;
#1511 = DIRECTION ( 'NONE',  ( 0.1710100716628294992, 0.8660254037844415942, -0.4698463103929505502 ) ) ;
#1512 = VERTEX_POINT ( 'NONE', #1351 ) ;
#1513 = DIRECTION ( 'NONE',  ( 0.8660254037844384856, 0.5000000000000004441, -0.000000000000000000 ) ) ;
#1514 = VERTEX_POINT ( 'NONE', #33 ) ;
#1515 = VECTOR ( 'NONE', #2111, 1000.000000000000000 ) ;
#1516 = CARTESIAN_POINT ( 'NONE',  ( -19.30912086321459498, -2.880176935760851542, 9.999999999999998224 ) ) ;
#1517 = PLANE ( 'NONE',  #1584 ) ;
#1518 = ORIENTED_EDGE ( 'NONE', *, *, #351, .T. ) ;
#1519 = DIRECTION ( 'NONE',  ( -0.8660254037844385966, 0.5000000000000001110, 0.000000000000000000 ) ) ;
#1520 = ADVANCED_FACE ( 'NONE', ( #1904 ), #886, .T. ) ;
#1521 = ORIENTED_EDGE ( 'NONE', *, *, #1088, .F. ) ;
#1522 = FACE_OUTER_BOUND ( 'NONE', #89, .T. ) ;
#1523 = CARTESIAN_POINT ( 'NONE',  ( -5.175995486233561316, -15.00000000000000178, -11.09995814075400489 ) ) ;
#1524 = ORIENTED_EDGE ( 'NONE', *, *, #1031, .F. ) ;
#1525 = CARTESIAN_POINT ( 'NONE',  ( 19.30912086321460563, -2.880176935760857759, 9.901212942877767986 ) ) ;
#1526 = CARTESIAN_POINT ( 'NONE',  ( 21.53630587446425082, 11.04450451714466830, -2.388752905048558528 ) ) ;
#1527 = EDGE_LOOP ( 'NONE', ( #518, #985, #1326, #1670 ) ) ;
#1528 = DIRECTION ( 'NONE',  ( 0.000000000000000000, -0.4768709627114696148, -0.8789733129752212992 ) ) ;
#1529 = ADVANCED_FACE ( 'NONE', ( #1375, #212 ), #854, .F. ) ;
#1530 = EDGE_CURVE ( 'NONE', #1753, #154, #530, .T. ) ;
#1531 = ORIENTED_EDGE ( 'NONE', *, *, #1047, .F. ) ;
#1532 = LINE ( 'NONE', #1719, #929 ) ;
#1534 = VECTOR ( 'NONE', #677, 1000.000000000000227 ) ;
#1533 = DIRECTION ( 'NONE',  ( 0.1710100716628294992, 0.8660254037844415942, -0.4698463103929505502 ) ) ;
#1535 = EDGE_LOOP ( 'NONE', ( #271, #1270, #363, #1010 ) ) ;
#1536 = CARTESIAN_POINT ( 'NONE',  ( 5.272414795186700864, -60.20874128731119157, 46.28429267393784130 ) ) ;
#1537 = VECTOR ( 'NONE', #799, 1000.000000000000227 ) ;
#1538 = CARTESIAN_POINT ( 'NONE',  ( 26.20653651103914683, 17.32050807568901973, -1.103378491530585759 ) ) ;
#1539 = ORIENTED_EDGE ( 'NONE', *, *, #1008, .T. ) ;
#1540 = LINE ( 'NONE', #1907, #130 ) ;
#1541 = ADVANCED_FACE ( 'NONE', ( #1016 ), #865, .F. ) ;
#1542 = AXIS2_PLACEMENT_3D ( 'NONE', #1498, #1109, #1119 ) ;
#1543 = ORIENTED_EDGE ( 'NONE', *, *, #1066, .T. ) ;
#1544 = CARTESIAN_POINT ( 'NONE',  ( 8.786224421473658452, -17.40192378864662004, -16.83044219985231393 ) ) ;
#1545 = CARTESIAN_POINT ( 'NONE',  ( 3.794412866145308705, -61.53969291782101436, 43.29312065035076529 ) ) ;
#1546 = ORIENTED_EDGE ( 'NONE', *, *, #1380, .F. ) ;
#1547 = CARTESIAN_POINT ( 'NONE',  ( -13.85640646055101932, -5.999999999999998224, -8.729739445961872235 ) ) ;
#1548 = FACE_OUTER_BOUND ( 'NONE', #1535, .T. ) ;
#1549 = VECTOR ( 'NONE', #1726, 1000.000000000000227 ) ;
#1550 = ORIENTED_EDGE ( 'NONE', *, *, #1662, .F. ) ;
#1551 = CARTESIAN_POINT ( 'NONE',  ( 19.90300119139764590, -2.363819022720023977, 11.29927006172562542 ) ) ;
#1552 = EDGE_CURVE ( 'NONE', #1683, #2195, #1695, .T. ) ;
#1553 = ORIENTED_EDGE ( 'NONE', *, *, #1701, .T. ) ;
#1554 = CARTESIAN_POINT ( 'NONE',  ( -14.84253527076025847, 11.22883691441491827, -15.80333289536817531 ) ) ;
#1555 = VECTOR ( 'NONE', #1666, 1000.000000000000000 ) ;
#1556 = CARTESIAN_POINT ( 'NONE',  ( -27.27949245878831874, -60.20874128731119868, 34.43636736489710870 ) ) ;
#1557 = EDGE_LOOP ( 'NONE', ( #10, #856, #139, #1718, #1518, #1961 ) ) ;
#1558 = LINE ( 'NONE', #1742, #398 ) ;
#1559 = LINE ( 'NONE', #1881, #623 ) ;
#1560 = ORIENTED_EDGE ( 'NONE', *, *, #601, .F. ) ;
#1561 = CARTESIAN_POINT ( 'NONE',  ( -13.85640646055104064, 5.999999999999998224, -13.02631499376882118 ) ) ;
#1562 = DATE_AND_TIME ( #1182, #808 ) ;
#1563 = CARTESIAN_POINT ( 'NONE',  ( -14.33375412277228556, 14.32050807568905526, -21.38846748137981280 ) ) ;
#1564 = CARTESIAN_POINT ( 'NONE',  ( -14.71590433224382721, 12.00239097870235838, -16.21494597864999321 ) ) ;
#1565 = LINE ( 'NONE', #2124, #1026 ) ;
#1566 = ORIENTED_EDGE ( 'NONE', *, *, #1450, .F. ) ;
#1567 = CARTESIAN_POINT ( 'NONE',  ( 20.65887346986011153, -1.054624596826255978, 8.700709730653532148 ) ) ;
#1568 = AXIS2_PLACEMENT_3D ( 'NONE', #614, #144, #1640 ) ;
#1569 = VECTOR ( 'NONE', #573, 1000.000000000000114 ) ;
#1570 = CARTESIAN_POINT ( 'NONE',  ( 8.826792387898942494, -66.20874128731114183, 36.51872049774529927 ) ) ;
#1571 = ORIENTED_EDGE ( 'NONE', *, *, #493, .T. ) ;
#1572 = LINE ( 'NONE', #214, #240 ) ;
#1573 = VECTOR ( 'NONE', #787, 999.9999999999998863 ) ;
#1574 = AXIS2_PLACEMENT_3D ( 'NONE', #2108, #588, #1953 ) ;
#1575 = ORIENTED_EDGE ( 'NONE', *, *, #715, .T. ) ;
#1576 = EDGE_CURVE ( 'NONE', #1715, #982, #372, .T. ) ;
#1577 = DIRECTION ( 'NONE',  ( 0.4999999999999994449, -0.8660254037844389297, 0.000000000000000000 ) ) ;
#1578 = CARTESIAN_POINT ( 'NONE',  ( 8.239650166621260041, -14.16987298107775572, -15.32874177659008375 ) ) ;
#1579 = ORIENTED_EDGE ( 'NONE', *, *, #1530, .F. ) ;
#1580 = LINE ( 'NONE', #1091, #1241 ) ;
#1581 = CARTESIAN_POINT ( 'NONE',  ( 9.128244564799317118, -15.66987298107773796, -17.77013482063821215 ) ) ;
#1582 = ORIENTED_EDGE ( 'NONE', *, *, #1502, .F. ) ;
#1583 = CARTESIAN_POINT ( 'NONE',  ( 20.70871794284957090, -0.8891481807020858996, 11.19724884254886099 ) ) ;
#1584 = AXIS2_PLACEMENT_3D ( 'NONE', #151, #1649, #836 ) ;
#1585 = FACE_OUTER_BOUND ( 'NONE', #369, .T. ) ;
#1586 = CARTESIAN_POINT ( 'NONE',  ( -7.489346606724715194, -5.028071161659267929, -3.921698785018475242 ) ) ;
#1587 = CARTESIAN_POINT ( 'NONE',  ( 0.09940804354184248903, -70.70874128731109920, 25.04776750743662461 ) ) ;
#1588 = LOCAL_TIME ( 22, 22, 58.00000000000000000, #194 ) ;
#1589 = VERTEX_POINT ( 'NONE', #2071 ) ;
#1590 = CARTESIAN_POINT ( 'NONE',  ( 3.794412866145309149, -64.87778965680129772, 37.14030745952422308 ) ) ;
#1591 = CIRCLE ( 'NONE', #1186, 3.000000000000001776 ) ;
#1592 = CARTESIAN_POINT ( 'NONE',  ( -23.26666049839540307, -1.700961894323341994, 9.999999999999998224 ) ) ;
#1593 = VERTEX_POINT ( 'NONE', #1538 ) ;
#1594 = CARTESIAN_POINT ( 'NONE',  ( -13.85640646055101755, 6.000000000000000000, 15.00000000000000000 ) ) ;
#1595 = EDGE_CURVE ( 'NONE', #424, #596, #1364, .T. ) ;
#1596 = DIRECTION ( 'NONE',  ( -0.8660254037844385966, -0.5000000000000001110, 0.000000000000000000 ) ) ;
#1597 = ADVANCED_FACE ( 'NONE', ( #669 ), #1340, .T. ) ;
#1598 = VERTEX_POINT ( 'NONE', #716 ) ;
#1599 = CARTESIAN_POINT ( 'NONE',  ( 21.78813705122355415, 10.67460363509397858, -1.408242841361003306 ) ) ;
#1600 = PLANE ( 'NONE',  #1315 ) ;
#1601 = ORIENTED_EDGE ( 'NONE', *, *, #1830, .T. ) ;
#1602 = CARTESIAN_POINT ( 'NONE',  ( -16.19598165673373913, 13.57973915778363683, -15.73811935643278481 ) ) ;
#1603 = CARTESIAN_POINT ( 'NONE',  ( 24.72853458199777066, 14.32050807568904816, -7.170957110530930656 ) ) ;
#1604 = ORIENTED_EDGE ( 'NONE', *, *, #70, .F. ) ;
#1605 = FACE_OUTER_BOUND ( 'NONE', #2090, .T. ) ;
#1606 = VECTOR ( 'NONE', #347, 1000.000000000000000 ) ;
#1607 = LINE ( 'NONE', #751, #1061 ) ;
#1608 = EDGE_CURVE ( 'NONE', #2206, #1715, #362, .T. ) ;
#1609 = CARTESIAN_POINT ( 'NONE',  ( 7.794228634059964023, -4.500000000000005329, 15.00000000000000000 ) ) ;
#1610 = CARTESIAN_POINT ( 'NONE',  ( 22.13193568661532851, 12.33519654812238819, 0.01246384016173551594 ) ) ;
#1611 = DIRECTION ( 'NONE',  ( 0.7261554316666063436, 0.000000000000000000, -0.6875305731828109668 ) ) ;
#1612 = ORIENTED_EDGE ( 'NONE', *, *, #569, .T. ) ;
#1613 = CARTESIAN_POINT ( 'NONE',  ( 3.574731102555616324, -19.99999999999995026, -17.13100398530177415 ) ) ;
#1614 = ORIENTED_EDGE ( 'NONE', *, *, #1896, .F. ) ;
#1615 = PLANE ( 'NONE',  #1574 ) ;
#1616 = EDGE_CURVE ( 'NONE', #221, #354, #1171, .T. ) ;
#1617 = CARTESIAN_POINT ( 'NONE',  ( 20.78460969082652454, 5.999999999999998224, 0.8857272221943924828 ) ) ;
#1618 = ADVANCED_FACE ( 'NONE', ( #1179, #1870, #353 ), #435, .T. ) ;
#1619 = AXIS2_PLACEMENT_3D ( 'NONE', #1221, #1052, #1738 ) ;
#1620 = CARTESIAN_POINT ( 'NONE',  ( 21.81626140035077555, 10.67736559212158376, -1.311089911129057040 ) ) ;
#1621 = DIRECTION ( 'NONE',  ( -0.3420201433256626067, -1.734723475976807094E-15, 0.9396926207859106484 ) ) ;
#1622 = ORIENTED_EDGE ( 'NONE', *, *, #1214, .T. ) ;
#1623 = EDGE_CURVE ( 'NONE', #1329, #1045, #1745, .T. ) ;
#1624 = CARTESIAN_POINT ( 'NONE',  ( 8.430334575627785654, -3.398232190208078762, -0.3733539088433303066 ) ) ;
#1625 = EDGE_CURVE ( 'NONE', #221, #616, #2095, .T. ) ;
#1626 = CARTESIAN_POINT ( 'NONE',  ( 20.78460969082652454, 5.999999999999998224, 3.766364750562412045 ) ) ;
#1627 = ORIENTED_EDGE ( 'NONE', *, *, #909, .T. ) ;
#1628 = CARTESIAN_POINT ( 'NONE',  ( -20.82050807568877104, 1.734723475976807094E-15, 15.00000000000000000 ) ) ;
#1629 = CARTESIAN_POINT ( 'NONE',  ( 5.262106574439295414, -8.882747716891669754, 0.000000000000000000 ) ) ;
#1630 = DIRECTION ( 'NONE',  ( -0.2133312028987064402, -0.4330127018922151905, -0.8757795372522666488 ) ) ;
#1631 = ORIENTED_EDGE ( 'NONE', *, *, #714, .T. ) ;
#1632 = FACE_OUTER_BOUND ( 'NONE', #1988, .T. ) ;
#1633 = CARTESIAN_POINT ( 'NONE',  ( -20.80440006413519072, -0.3360978981335323579, 10.39341580198733972 ) ) ;
#1634 = EDGE_LOOP ( 'NONE', ( #952, #1824, #1017, #293, #1996 ) ) ;
#1635 = CARTESIAN_POINT ( 'NONE',  ( 3.518276057391880318, -15.28589838486219499, -16.97589502350012225 ) ) ;
#1636 = LINE ( 'NONE', #1310, #1111 ) ;
#1637 = AXIS2_PLACEMENT_3D ( 'NONE', #74, #1964, #2143 ) ;
#1638 = CIRCLE ( 'NONE', #218, 3.000000000000000000 ) ;
#1639 = APPROVAL ( #1686, 'UNSPECIFIED' ) ;
#1640 = DIRECTION ( 'NONE',  ( -1.000000000000000000, 0.000000000000000000, 0.000000000000000000 ) ) ;
#1641 = AXIS2_PLACEMENT_3D ( 'NONE', #1394, #2044, #850 ) ;
#1642 = FACE_OUTER_BOUND ( 'NONE', #1879, .T. ) ;
#1643 = EDGE_CURVE ( 'NONE', #596, #1512, #1443, .T. ) ;
#1644 = ORIENTED_EDGE ( 'NONE', *, *, #2039, .F. ) ;
#1645 = DIRECTION ( 'NONE',  ( -0.000000000000000000, -0.000000000000000000, -1.000000000000000000 ) ) ;
#1646 = DIRECTION ( 'NONE',  ( -0.9396926207859085389, 2.192609680355126645E-16, -0.3420201433256683243 ) ) ;
#1647 = ORIENTED_EDGE ( 'NONE', *, *, #348, .F. ) ;
#1648 = DIRECTION ( 'NONE',  ( 0.2961981327260181374, -0.4999999999999948930, -0.8137976813493790207 ) ) ;
#1649 = DIRECTION ( 'NONE',  ( 0.2961981327260237995, -0.4999999999999950040, -0.8137976813493769113 ) ) ;
#1650 = CARTESIAN_POINT ( 'NONE',  ( 17.79032549820648512, 6.000000000000005329, -1.313146461724361336 ) ) ;
#1651 = CARTESIAN_POINT ( 'NONE',  ( 14.66377553849055815, 20.32050807568897000, 0.2250300038534446823 ) ) ;
#1652 = AXIS2_PLACEMENT_3D ( 'NONE', #2087, #2064, #2073 ) ;
#1653 = ORIENTED_EDGE ( 'NONE', *, *, #1450, .T. ) ;
#1654 = LINE ( 'NONE', #2004, #1573 ) ;
#1655 = CARTESIAN_POINT ( 'NONE',  ( -19.30912086321458787, -2.880176935760850210, 10.20070238725103451 ) ) ;
#1656 = EDGE_LOOP ( 'NONE', ( #911, #1702, #1622, #2146 ) ) ;
#1657 = CARTESIAN_POINT ( 'NONE',  ( 24.24871130596427449, 6.847727811467460497E-15, 15.00000000000000000 ) ) ;
#1658 = CARTESIAN_POINT ( 'NONE',  ( 22.50669499364802562, 13.50763357171355850, -1.993004784615041824 ) ) ;
#1659 = LINE ( 'NONE', #482, #1253 ) ;
#1660 = AXIS2_PLACEMENT_3D ( 'NONE', #796, #1163, #2145 ) ;
#1661 = EDGE_CURVE ( 'NONE', #2129, #1683, #1791, .T. ) ;
#1662 = EDGE_CURVE ( 'NONE', #675, #1746, #1235, .T. ) ;
#1663 = DIRECTION ( 'NONE',  ( -0.000000000000000000, -0.000000000000000000, -1.000000000000000000 ) ) ;
#1664 = ADVANCED_FACE ( 'NONE', ( #1939 ), #404, .T. ) ;
#1665 = EDGE_CURVE ( 'NONE', #152, #550, #223, .T. ) ;
#1666 = DIRECTION ( 'NONE',  ( -0.000000000000000000, -0.000000000000000000, -1.000000000000000000 ) ) ;
#1667 = ORIENTED_EDGE ( 'NONE', *, *, #1055, .T. ) ;
#1668 = CYLINDRICAL_SURFACE ( 'NONE', #2074, 1.500000000000004441 ) ;
#1669 = CARTESIAN_POINT ( 'NONE',  ( 2.686136704377557471, -18.49999999999996803, -14.68961094125364220 ) ) ;
#1670 = ORIENTED_EDGE ( 'NONE', *, *, #1729, .T. ) ;
#1671 = CARTESIAN_POINT ( 'NONE',  ( -20.72432510340989609, -0.8180370635121206879, 8.871990844951319843 ) ) ;
#1672 = CARTESIAN_POINT ( 'NONE',  ( 19.38112960189066669, 25.00884492539407589, 19.79762911364178635 ) ) ;
#1673 = ORIENTED_EDGE ( 'NONE', *, *, #1209, .T. ) ;
#1674 = DIRECTION ( 'NONE',  ( 0.3939955625959723484, 0.6824203323729078896, -0.6156865977254443179 ) ) ;
#1675 =( BOUNDED_CURVE ( )  B_SPLINE_CURVE ( 3, ( #2123, #1586, #1909, #2101 ),
 .UNSPECIFIED., .F., .T. ) 
 B_SPLINE_CURVE_WITH_KNOTS ( ( 4, 4 ),
 ( 0.1643501014900768942, 0.3672559337272495728 ),
 .UNSPECIFIED. ) 
 CURVE ( )  GEOMETRIC_REPRESENTATION_ITEM ( )  RATIONAL_B_SPLINE_CURVE ( ( 1.000000000000000000, 0.9965720436929440540, 0.9965720436929440540, 1.000000000000000000 ) ) 
 REPRESENTATION_ITEM ( '' )  );
#1676 = ORIENTED_EDGE ( 'NONE', *, *, #2061, .F. ) ;
#1677 = CARTESIAN_POINT ( 'NONE',  ( 15.73616130619846842, -5.999999999999999112, 14.78366680968824731 ) ) ;
#1678 = ORIENTED_EDGE ( 'NONE', *, *, #346, .F. ) ;
#1679 = FACE_OUTER_BOUND ( 'NONE', #84, .T. ) ;
#1680 = CIRCLE ( 'NONE', #724, 1.499999999999996669 ) ;
#1681 = VECTOR ( 'NONE', #1298, 1000.000000000000227 ) ;
#1682 = DIRECTION ( 'NONE',  ( -0.000000000000000000, -0.000000000000000000, -1.000000000000000000 ) ) ;
#1683 = VERTEX_POINT ( 'NONE', #47 ) ;
#1684 = CARTESIAN_POINT ( 'NONE',  ( -24.24871130596427449, 6.847727811467460497E-15, 15.00000000000000000 ) ) ;
#1685 = EDGE_CURVE ( 'NONE', #1928, #550, #1226, .T. ) ;
#1686 = APPROVAL_STATUS ( 'not_yet_approved' ) ;
#1687 = VERTEX_POINT ( 'NONE', #426 ) ;
#1688 = CARTESIAN_POINT ( 'NONE',  ( 0.000000000000000000, 0.000000000000000000, 0.000000000000000000 ) ) ;
#1689 = AXIS2_PLACEMENT_3D ( 'NONE', #1960, #553, #2128 ) ;
#1690 = EDGE_CURVE ( 'NONE', #1725, #1512, #259, .T. ) ;
#1691 = ORIENTED_EDGE ( 'NONE', *, *, #1922, .T. ) ;
#1692 = VECTOR ( 'NONE', #1841, 1000.000000000000000 ) ;
#1693 = CARTESIAN_POINT ( 'NONE',  ( -20.63164208043811954, -1.137968890696182456, 8.654329101129421886 ) ) ;
#1694 = EDGE_CURVE ( 'NONE', #778, #2129, #930, .T. ) ;
#1695 = LINE ( 'NONE', #2027, #450 ) ;
#1696 = ORIENTED_EDGE ( 'NONE', *, *, #533, .T. ) ;
#1697 = PLANE ( 'NONE',  #165 ) ;
#1698 = ORIENTED_EDGE ( 'NONE', *, *, #1608, .T. ) ;
#1699 = CARTESIAN_POINT ( 'NONE',  ( -16.55851550750139367, 11.03201886772933449, -14.52788948678488090 ) ) ;
#1700 = FACE_BOUND ( 'NONE', #1792, .T. ) ;
#1701 = EDGE_CURVE ( 'NONE', #1232, #556, #1927, .T. ) ;
#1702 = ORIENTED_EDGE ( 'NONE', *, *, #552, .T. ) ;
#1703 = DIRECTION ( 'NONE',  ( -0.3420201433256628287, 0.000000000000000000, 0.9396926207859105373 ) ) ;
#1704 = CYLINDRICAL_SURFACE ( 'NONE', #1006, 3.499999999999999556 ) ;
#1705 = VERTEX_POINT ( 'NONE', #1058 ) ;
#1706 = DIRECTION ( 'NONE',  ( -0.000000000000000000, -0.000000000000000000, -1.000000000000000000 ) ) ;
#1707 = PERSON ( 'UNSPECIFIED', 'UNSPECIFIED', 'UNSPECIFIED', ('UNSPECIFIED'), ('UNSPECIFIED'), ('UNSPECIFIED') ) ;
#1708 = EDGE_LOOP ( 'NONE', ( #1207, #397, #720, #290 ) ) ;
#1709 = CARTESIAN_POINT ( 'NONE',  ( -16.71348319402995841, 11.25314155501090774, -14.39933884743152603 ) ) ;
#1711 = AXIS2_PLACEMENT_3D ( 'NONE', #861, #2204, #378 ) ;
#1710 = CARTESIAN_POINT ( 'NONE',  ( 24.12499648273590935, 23.92857321350616573, 9.999999999999998224 ) ) ;
#1712 = ORIENTED_EDGE ( 'NONE', *, *, #977, .T. ) ;
#1713 = LINE ( 'NONE', #1536, #2142 ) ;
#1714 = CARTESIAN_POINT ( 'NONE',  ( 8.273194206485170454, -19.99999999999994671, -15.42090326867345773 ) ) ;
#1715 = VERTEX_POINT ( 'NONE', #1581 ) ;
#1716 = CARTESIAN_POINT ( 'NONE',  ( 20.52997583744767596, -1.399579958444774785, 11.45108140210760617 ) ) ;
#1717 = DATE_AND_TIME ( #2065, #1012 ) ;
#1718 = ORIENTED_EDGE ( 'NONE', *, *, #2020, .T. ) ;
#1719 = CARTESIAN_POINT ( 'NONE',  ( 7.863087061572047176, -31.61926629498028873, -9.002498705187024441 ) ) ;
#1720 = LINE ( 'NONE', #1545, #1606 ) ;
#1721 = VERTEX_POINT ( 'NONE', #59 ) ;
#1722 = CARTESIAN_POINT ( 'NONE',  ( 3.420201433256626178, 17.32050807568901618, -9.396926207859110036 ) ) ;
#1723 = CARTESIAN_POINT ( 'NONE',  ( -1.237966655608269129, -60.20874128731121289, 43.91470761212967489 ) ) ;
#1724 = VECTOR ( 'NONE', #881, 1000.000000000000000 ) ;
#1725 = VERTEX_POINT ( 'NONE', #1408 ) ;
#1726 = DIRECTION ( 'NONE',  ( -0.2133312028987086051, -0.4330127018922146909, -0.8757795372522664268 ) ) ;
#1727 = DATE_TIME_ROLE ( 'classification_date' ) ;
#1728 = LINE ( 'NONE', #206, #198 ) ;
#1729 = EDGE_CURVE ( 'NONE', #1202, #1174, #1136, .T. ) ;
#1730 = EDGE_CURVE ( 'NONE', #1864, #60, #561, .T. ) ;
#1731 = CARTESIAN_POINT ( 'NONE',  ( -14.76158175576853182, 6.000000000000005329, -13.16107177076508350 ) ) ;
#1732 = DIRECTION ( 'NONE',  ( -0.8660254037844402619, -0.4999999999999974465, -0.000000000000000000 ) ) ;
#1733 = ORIENTED_EDGE ( 'NONE', *, *, #805, .T. ) ;
#1734 = CARTESIAN_POINT ( 'NONE',  ( 20.53470044241257497, -1.397362099803566959, 8.540247972326671544 ) ) ;
#1735 = DIRECTION ( 'NONE',  ( -1.000000000000000000, 0.000000000000000000, 0.000000000000000000 ) ) ;
#1736 = ORIENTED_EDGE ( 'NONE', *, *, #1494, .F. ) ;
#1737 = LINE ( 'NONE', #697, #2161 ) ;
#1738 = DIRECTION ( 'NONE',  ( 0.3420201433256632728, 0.000000000000000000, -0.9396926207859103153 ) ) ;
#1739 = CARTESIAN_POINT ( 'NONE',  ( 22.27066731553987466, 13.12757200431680182, -0.3562052500838117086 ) ) ;
#1740 = CARTESIAN_POINT ( 'NONE',  ( 21.76059991139929650, 10.68176062462782561, -1.503148687208237355 ) ) ;
#1741 = EDGE_LOOP ( 'NONE', ( #1539, #1409, #110, #1858 ) ) ;
#1742 = CARTESIAN_POINT ( 'NONE',  ( 16.02911324825153372, -2.236761453752934781, 8.830496965729766501 ) ) ;
#1743 = VECTOR ( 'NONE', #1783, 1000.000000000000114 ) ;
#1744 = AXIS2_PLACEMENT_3D ( 'NONE', #1821, #1123, #1327 ) ;
#1745 =( BOUNDED_CURVE ( )  B_SPLINE_CURVE ( 3, ( #1397, #1070, #769, #1272 ),
 .UNSPECIFIED., .F., .F. ) 
 B_SPLINE_CURVE_WITH_KNOTS ( ( 4, 4 ),
 ( 3.446942208228539695, 3.892870834205789166 ),
 .UNSPECIFIED. ) 
 CURVE ( )  GEOMETRIC_REPRESENTATION_ITEM ( )  RATIONAL_B_SPLINE_CURVE ( ( 1.000000000000000000, 0.9834975077970540269, 0.9834975077970540269, 1.000000000000000000 ) ) 
 REPRESENTATION_ITEM ( '' )  );
#1746 = VERTEX_POINT ( 'NONE', #1592 ) ;
#1747 = LINE ( 'NONE', #1018, #1301 ) ;
#1748 = VECTOR ( 'NONE', #918, 1000.000000000000114 ) ;
#1749 = DIRECTION ( 'NONE',  ( 0.4999999999999977796, -0.8660254037844398178, 0.000000000000000000 ) ) ;
#1750 = VERTEX_POINT ( 'NONE', #1951 ) ;
#1751 = LINE ( 'NONE', #430, #1143 ) ;
#1752 = CARTESIAN_POINT ( 'NONE',  ( -12.48154076084220065, -63.20874128731116315, 34.29275140041711722 ) ) ;
#1753 = VERTEX_POINT ( 'NONE', #71 ) ;
#1754 = ADVANCED_FACE ( 'NONE', ( #1417 ), #2106, .F. ) ;
#1755 = DIRECTION ( 'NONE',  ( -0.4932921833250086263, 0.8544071244954957178, 0.1632522204497822982 ) ) ;
#1756 = ADVANCED_FACE ( 'NONE', ( #951 ), #109, .T. ) ;
#1757 = DIRECTION ( 'NONE',  ( -0.7261554316666061215, -1.818189843241712756E-16, 0.6875305731828112998 ) ) ;
#1758 = ORIENTED_EDGE ( 'NONE', *, *, #640, .F. ) ;
#1759 = CARTESIAN_POINT ( 'NONE',  ( 20.82050807568877815, -4.775544048228847476E-15, 0.2052053209946492207 ) ) ;
#1760 = VECTOR ( 'NONE', #364, 1000.000000000000000 ) ;
#1761 = CYLINDRICAL_SURFACE ( 'NONE', #396, 3.500000000000001332 ) ;
#1762 = VERTEX_POINT ( 'NONE', #327 ) ;
#1763 = CARTESIAN_POINT ( 'NONE',  ( 20.78460969082652454, 5.999999999999998224, 15.00000000000000000 ) ) ;
#1764 = CARTESIAN_POINT ( 'NONE',  ( -19.36613364452589181, 17.32050807568902684, -17.69047392418760722 ) ) ;
#1765 = SECURITY_CLASSIFICATION ( '', '', #1369 ) ;
#1766 = ORIENTED_EDGE ( 'NONE', *, *, #115, .T. ) ;
#1767 = VECTOR ( 'NONE', #1325, 1000.000000000000000 ) ;
#1768 = CARTESIAN_POINT ( 'NONE',  ( -15.56688056537023002, 13.27386562479249754, -16.28248880467507220 ) ) ;
#1769 = EDGE_CURVE ( 'NONE', #616, #852, #315, .T. ) ;
#1770 = CARTESIAN_POINT ( 'NONE',  ( 2.316410937103927203, -66.20874128731114183, 34.14913543593711864 ) ) ;
#1771 = ORIENTED_EDGE ( 'NONE', *, *, #1730, .T. ) ;
#1772 = DIRECTION ( 'NONE',  ( -1.000000000000000000, 0.000000000000000000, 0.000000000000000000 ) ) ;
#1773 = LINE ( 'NONE', #419, #1962 ) ;
#1774 = ORIENTED_EDGE ( 'NONE', *, *, #663, .F. ) ;
#1775 = DIRECTION ( 'NONE',  ( -1.000000000000000000, 2.503857664561935334E-16, 0.000000000000000000 ) ) ;
#1776 = CARTESIAN_POINT ( 'NONE',  ( 17.79032549820648512, 6.000000000000005329, -1.313146461724361336 ) ) ;
#1777 = ORIENTED_EDGE ( 'NONE', *, *, #1729, .F. ) ;
#1778 = DIRECTION ( 'NONE',  ( 0.4999999999999995004, 0.8660254037844389297, 0.000000000000000000 ) ) ;
#1779 = CARTESIAN_POINT ( 'NONE',  ( -28.64184892813333150, -6.000000000000001776, -0.6160755262503962992 ) ) ;
#1780 = ORIENTED_EDGE ( 'NONE', *, *, #1290, .F. ) ;
#1781 = EDGE_CURVE ( 'NONE', #1589, #34, #1149, .T. ) ;
#1782 = CARTESIAN_POINT ( 'NONE',  ( 20.81546281546749810, 0.2169611260566417510, 0.07006735955117265879 ) ) ;
#1783 = DIRECTION ( 'NONE',  ( -0.7263614178872015437, 0.4330127018922154125, 0.5337593939266056520 ) ) ;
#1784 = DIRECTION ( 'NONE',  ( 0.000000000000000000, -0.000000000000000000, 1.000000000000000000 ) ) ;
#1785 = CARTESIAN_POINT ( 'NONE',  ( 21.76059991139929650, 10.68176062462782561, -1.503148687208237355 ) ) ;
#1786 = CIRCLE ( 'NONE', #440, 1.500000000000004441 ) ;
#1787 = CARTESIAN_POINT ( 'NONE',  ( 10.02651011358229560, 6.000000000000007994, 6.650690319970193443 ) ) ;
#1788 = AXIS2_PLACEMENT_3D ( 'NONE', #1859, #1003, #1331 ) ;
#1789 = ORIENTED_EDGE ( 'NONE', *, *, #673, .F. ) ;
#1790 = CARTESIAN_POINT ( 'NONE',  ( -14.83111967946463849, 12.36188996996084910, -16.33663402200263803 ) ) ;
#1791 = LINE ( 'NONE', #246, #2190 ) ;
#1792 = EDGE_LOOP ( 'NONE', ( #1736, #1521 ) ) ;
#1793 = DIRECTION ( 'NONE',  ( 0.5000000000000001110, -0.8660254037844385966, 0.000000000000000000 ) ) ;
#1794 = LINE ( 'NONE', #1629, #111 ) ;
#1795 = AXIS2_PLACEMENT_3D ( 'NONE', #1723, #1215, #201 ) ;
#1796 = CIRCLE ( 'NONE', #1401, 3.499999999999999556 ) ;
#1797 = CARTESIAN_POINT ( 'NONE',  ( 8.729769376309929996, -15.28589838486219321, -16.67533323805066914 ) ) ;
#1798 = CYLINDRICAL_SURFACE ( 'NONE', #566, 9.000000000000014211 ) ;
#1799 = ORIENTED_EDGE ( 'NONE', *, *, #204, .T. ) ;
#1800 = CARTESIAN_POINT ( 'NONE',  ( 15.36111387413841101, -2.900133507776982533, 0.000000000000000000 ) ) ;
#1801 = PRODUCT ( 'Mid Arm Connector Right V.3', 'Mid Arm Connector Right V.3', '', ( #1304 ) ) ;
#1802 = LINE ( 'NONE', #1466, #1242 ) ;
#1803 = ORIENTED_EDGE ( 'NONE', *, *, #282, .F. ) ;
#1804 = CARTESIAN_POINT ( 'NONE',  ( 20.78460969082652454, 5.999999999999998224, 0.8857272221943924828 ) ) ;
#1805 = CARTESIAN_POINT ( 'NONE',  ( -13.85640646055101932, -5.999999999999998224, 15.00000000000000000 ) ) ;
#1806 = ADVANCED_FACE ( 'NONE', ( #148 ), #820, .F. ) ;
#1807 = CARTESIAN_POINT ( 'NONE',  ( 24.23516610538359473, 10.03861306230650996, -1.787936249066011785 ) ) ;
#1808 = DIRECTION ( 'NONE',  ( -0.000000000000000000, -0.000000000000000000, -1.000000000000000000 ) ) ;
#1809 = EDGE_LOOP ( 'NONE', ( #1022, #2162, #1560, #1072, #241 ) ) ;
#1810 = CARTESIAN_POINT ( 'NONE',  ( 20.80538320219454818, 0.3250313102785818420, 0.000000000000000000 ) ) ;
#1811 = CARTESIAN_POINT ( 'NONE',  ( -19.57172969366937210, -2.683818723174414611, 10.92260366958126205 ) ) ;
#1812 = ORIENTED_EDGE ( 'NONE', *, *, #79, .T. ) ;
#1813 = CARTESIAN_POINT ( 'NONE',  ( -20.77035173729091611, -0.6076172252650468009, 9.077706653973379503 ) ) ;
#1814 = CARTESIAN_POINT ( 'NONE',  ( 12.36812454202771505, -8.577779898868449493, -8.660254037844387298 ) ) ;
#1815 = ORIENTED_EDGE ( 'NONE', *, *, #2121, .T. ) ;
#1816 = VECTOR ( 'NONE', #548, 1000.000000000000000 ) ;
#1817 = CYLINDRICAL_SURFACE ( 'NONE', #1936, 9.000000000000015987 ) ;
#1818 = VECTOR ( 'NONE', #899, 1000.000000000000000 ) ;
#1819 = LINE ( 'NONE', #956, #1767 ) ;
#1820 = EDGE_LOOP ( 'NONE', ( #1631, #187, #168 ) ) ;
#1821 = CARTESIAN_POINT ( 'NONE',  ( -22.51666049839540307, -2.999999999999999112, 9.999999999999998224 ) ) ;
#1822 = LINE ( 'NONE', #447, #1537 ) ;
#1823 = EDGE_CURVE ( 'NONE', #1174, #1202, #501, .T. ) ;
#1824 = ORIENTED_EDGE ( 'NONE', *, *, #643, .F. ) ;
#1825 = CARTESIAN_POINT ( 'NONE',  ( -19.78463792148587430, -2.489701727963318678, 8.802751157451137232 ) ) ;
#1826 = EDGE_CURVE ( 'NONE', #1864, #34, #609, .T. ) ;
#1827 = VECTOR ( 'NONE', #1919, 999.9999999999998863 ) ;
#1828 = CARTESIAN_POINT ( 'NONE',  ( -22.64128361171287196, -2.784146435936710962, -7.440925572301415158 ) ) ;
#1829 = VERTEX_POINT ( 'NONE', #1626 ) ;
#1830 = EDGE_CURVE ( 'NONE', #1753, #550, #1822, .T. ) ;
#1831 = CYLINDRICAL_SURFACE ( 'NONE', #1942, 1.499999999999995781 ) ;
#1832 = LINE ( 'NONE', #1651, #15 ) ;
#1833 = DIRECTION ( 'NONE',  ( 0.2515460552138168993, 0.9678453296402104167, 0.000000000000000000 ) ) ;
#1834 = ORIENTED_EDGE ( 'NONE', *, *, #115, .F. ) ;
#1835 = CARTESIAN_POINT ( 'NONE',  ( 20.78460969082652099, -6.000000000000000000, 15.00000000000000000 ) ) ;
#1836 = B_SPLINE_CURVE_WITH_KNOTS ( 'NONE', 3,
 ( #1893, #50, #181, #203, #857, #902, #14, #1583, #1028, #706, #1716, #738, #1410, #191, #867, #512, #880, #1181, #1551, #1872, #718, #532, #1203, #374, #2130, #1941 ),
 .UNSPECIFIED., .F., .F.,
 ( 4, 2, 2, 2, 2, 2, 2, 2, 2, 2, 2, 2, 4 ),
 ( 0.000000000000000000, 0.0002967231781574286272, 0.0005934463563148572544, 0.001186892712629714509, 0.001780339068944571980, 0.002077062247101998330, 0.002373785425259425114, 0.002670508603416851465, 0.002967231781574277815, 0.003263954959731704599, 0.003560678137889130949, 0.004154124494203993191, 0.004747570850518856300 ),
 .UNSPECIFIED. ) ;
#1837 = CARTESIAN_POINT ( 'NONE',  ( -20.77027949630603132, -0.6082430880968234810, 10.92325191216649927 ) ) ;
#1838 = ORIENTED_EDGE ( 'NONE', *, *, #544, .T. ) ;
#1839 = CARTESIAN_POINT ( 'NONE',  ( -2.259841848651762852, -11.00586604837403470, -6.747518590820400952 ) ) ;
#1840 = CARTESIAN_POINT ( 'NONE',  ( 22.16780870454016394, 12.89774944373687759, -2.808177244255911642 ) ) ;
#1841 = DIRECTION ( 'NONE',  ( -0.000000000000000000, -0.000000000000000000, 1.000000000000000000 ) ) ;
#1842 = AXIS2_PLACEMENT_3D ( 'NONE', #1969, #444, #1245 ) ;
#1843 = ORIENTED_EDGE ( 'NONE', *, *, #891, .F. ) ;
#1844 = CARTESIAN_POINT ( 'NONE',  ( -18.47282829571950913, -65.45874128731112762, 27.96487863981075250 ) ) ;
#1845 = CARTESIAN_POINT ( 'NONE',  ( -20.40122172858348648, -1.664027796574676588, 11.49997709478550689 ) ) ;
#1846 = EDGE_CURVE ( 'NONE', #675, #1911, #974, .T. ) ;
#1847 = ORIENTED_EDGE ( 'NONE', *, *, #601, .T. ) ;
#1848 = CARTESIAN_POINT ( 'NONE',  ( -19.30912086321459853, -2.880176935760851098, 9.899557027271711718 ) ) ;
#1849 = FACE_OUTER_BOUND ( 'NONE', #895, .T. ) ;
#1850 = EDGE_CURVE ( 'NONE', #152, #760, #619, .T. ) ;
#1851 = LINE ( 'NONE', #332, #275 ) ;
#1852 = AXIS2_PLACEMENT_3D ( 'NONE', #1805, #986, #1987 ) ;
#1853 = VECTOR ( 'NONE', #1247, 1000.000000000000000 ) ;
#1854 = EDGE_CURVE ( 'NONE', #2006, #616, #1802, .T. ) ;
#1855 = ADVANCED_FACE ( 'NONE', ( #283 ), #2171, .F. ) ;
#1856 = EDGE_LOOP ( 'NONE', ( #1500, #1076, #2125, #1152, #254, #866 ) ) ;
#1857 = FACE_OUTER_BOUND ( 'NONE', #1177, .T. ) ;
#1858 = ORIENTED_EDGE ( 'NONE', *, *, #871, .F. ) ;
#1859 = CARTESIAN_POINT ( 'NONE',  ( -17.70499424196326643, 11.49038105676683941, -17.19023915081895737 ) ) ;
#1860 = VECTOR ( 'NONE', #492, 1000.000000000000000 ) ;
#1861 = AXIS2_PLACEMENT_3D ( 'NONE', #1635, #1073, #611 ) ;
#1862 = CARTESIAN_POINT ( 'NONE',  ( 13.85640646055101755, 6.000000000000000000, 15.00000000000000000 ) ) ;
#1863 = DIRECTION ( 'NONE',  ( 0.4719139070981663298, 0.8173788638923649152, -0.3304376751361293718 ) ) ;
#1864 = VERTEX_POINT ( 'NONE', #9 ) ;
#1865 = PLANE ( 'NONE',  #156 ) ;
#1866 = CYLINDRICAL_SURFACE ( 'NONE', #294, 3.499999999999998668 ) ;
#1867 = AXIS2_PLACEMENT_3D ( 'NONE', #845, #1004, #704 ) ;
#1868 = ORIENTED_EDGE ( 'NONE', *, *, #715, .F. ) ;
#1869 = CARTESIAN_POINT ( 'NONE',  ( -22.51666049839540307, -2.999999999999999112, 9.999999999999998224 ) ) ;
#1870 = FACE_BOUND ( 'NONE', #1398, .T. ) ;
#1871 = ORIENTED_EDGE ( 'NONE', *, *, #707, .T. ) ;
#1872 = CARTESIAN_POINT ( 'NONE',  ( 19.78786026831772560, -2.483764123741584395, 11.19078549385831600 ) ) ;
#1873 = CC_DESIGN_PERSON_AND_ORGANIZATION_ASSIGNMENT ( #2041, #183, ( #1874 ) ) ;
#1874 = PRODUCT_DEFINITION_FORMATION_WITH_SPECIFIED_SOURCE ( 'ANY', '', #1801, .NOT_KNOWN. ) ;
#1875 = ADVANCED_FACE ( 'NONE', ( #1372 ), #1187, .T. ) ;
#1876 = ORIENTED_EDGE ( 'NONE', *, *, #1922, .F. ) ;
#1877 = DIRECTION ( 'NONE',  ( -0.9618967477123850918, 0.2499999999999980849, 0.1107007079486720252 ) ) ;
#1878 = CARTESIAN_POINT ( 'NONE',  ( -11.09087288828875018, 1.209955342804266198, -4.892183315972858715 ) ) ;
#1879 = EDGE_LOOP ( 'NONE', ( #692, #562 ) ) ;
#1880 = CARTESIAN_POINT ( 'NONE',  ( 20.77037407810043845, -0.6077057491327255700, 9.077396330418734394 ) ) ;
#1881 = CARTESIAN_POINT ( 'NONE',  ( -13.85640646055101932, -5.999999999999998224, 15.00000000000000000 ) ) ;
#1882 = ORIENTED_EDGE ( 'NONE', *, *, #1047, .T. ) ;
#1883 = CARTESIAN_POINT ( 'NONE',  ( 13.85640646055101932, -5.999999999999998224, 15.00000000000000000 ) ) ;
#1884 = EDGE_CURVE ( 'NONE', #1923, #931, #118, .T. ) ;
#1885 = EDGE_LOOP ( 'NONE', ( #75, #1614 ) ) ;
#1886 = LINE ( 'NONE', #1382, #1284 ) ;
#1887 = CIRCLE ( 'NONE', #1926, 3.000000000000000000 ) ;
#1888 = ORIENTED_EDGE ( 'NONE', *, *, #622, .F. ) ;
#1889 =( BOUNDED_CURVE ( )  B_SPLINE_CURVE ( 3, ( #1624, #2104, #1102, #425 ),
 .UNSPECIFIED., .F., .F. ) 
 B_SPLINE_CURVE_WITH_KNOTS ( ( 4, 4 ),
 ( 6.250050034210758554, 6.452955866447928734 ),
 .UNSPECIFIED. ) 
 CURVE ( )  GEOMETRIC_REPRESENTATION_ITEM ( )  RATIONAL_B_SPLINE_CURVE ( ( 1.000000000000000000, 0.9965720436929441650, 0.9965720436929441650, 1.000000000000000000 ) ) 
 REPRESENTATION_ITEM ( '' )  );
#1890 = CARTESIAN_POINT ( 'NONE',  ( 23.26666049839538886, -1.700961894323331558, 9.999999999999998224 ) ) ;
#1891 = CARTESIAN_POINT ( 'NONE',  ( -17.32050807568877460, 1.734723475976807094E-15, 15.00000000000000000 ) ) ;
#1892 = VERTEX_POINT ( 'NONE', #30 ) ;
#1893 = CARTESIAN_POINT ( 'NONE',  ( 20.80912086321461274, -0.2821007244075456333, 9.999999999999998224 ) ) ;
#1894 = VECTOR ( 'NONE', #160, 1000.000000000000000 ) ;
#1895 = EDGE_CURVE ( 'NONE', #729, #1762, #1044, .T. ) ;
#1896 = EDGE_CURVE ( 'NONE', #2045, #494, #365, .T. ) ;
#1897 = COORDINATED_UNIVERSAL_TIME_OFFSET ( 7, 0, .BEHIND. ) ;
#1898 = ORIENTED_EDGE ( 'NONE', *, *, #1643, .T. ) ;
#1899 = CARTESIAN_POINT ( 'NONE',  ( -15.65757942302045613, 10.68346867478949136, -15.16963541447475627 ) ) ;
#1900 = CARTESIAN_POINT ( 'NONE',  ( 3.794412866145308705, -63.20874128731116315, 40.21671405493749063 ) ) ;
#1901 = ORIENTED_EDGE ( 'NONE', *, *, #1701, .F. ) ;
#1902 = DIRECTION ( 'NONE',  ( 0.000000000000000000, 0.4768709627114695593, 0.8789733129752211882 ) ) ;
#1903 = AXIS2_PLACEMENT_3D ( 'NONE', #1714, #1192, #1386 ) ;
#1904 = FACE_OUTER_BOUND ( 'NONE', #244, .T. ) ;
#1905 = AXIS2_PLACEMENT_3D ( 'NONE', #499, #162, #847 ) ;
#1906 = EDGE_LOOP ( 'NONE', ( #2118, #1952, #2175, #1156 ) ) ;
#1907 = CARTESIAN_POINT ( 'NONE',  ( -20.78460969082652454, 5.999999999999998224, 15.00000000000000000 ) ) ;
#1908 = EDGE_LOOP ( 'NONE', ( #1193, #1319, #1196, #1601 ) ) ;
#1909 = CARTESIAN_POINT ( 'NONE',  ( -7.132549760321042598, -5.522548878816084361, -4.083695979576603463 ) ) ;
#1910 = DIRECTION ( 'NONE',  ( 0.1710100716628294992, 0.8660254037844415942, -0.4698463103929505502 ) ) ;
#1911 = VERTEX_POINT ( 'NONE', #1054 ) ;
#1912 = CARTESIAN_POINT ( 'NONE',  ( 21.76666049839540307, -4.299038105676659782, 9.999999999999998224 ) ) ;
#1913 = ADVANCED_FACE ( 'NONE', ( #2080 ), #711, .F. ) ;
#1914 = CARTESIAN_POINT ( 'NONE',  ( -20.78460969082652454, 5.999999999999998224, 15.00000000000000000 ) ) ;
#1915 = VERTEX_POINT ( 'NONE', #1740 ) ;
#1916 = CARTESIAN_POINT ( 'NONE',  ( 3.541187062691706355, -14.16987298107775928, -17.03884249321840016 ) ) ;
#1917 = CARTESIAN_POINT ( 'NONE',  ( -24.88574267879254620, 22.80529225656423620, 3.865185450765584285 ) ) ;
#1918 = LINE ( 'NONE', #545, #1515 ) ;
#1919 = DIRECTION ( 'NONE',  ( 0.4719139070981666073, 0.8173788638923646932, -0.3304376751361295383 ) ) ;
#1920 = EDGE_CURVE ( 'NONE', #653, #1352, #44, .T. ) ;
#1921 = LINE ( 'NONE', #55, #468 ) ;
#1922 = EDGE_CURVE ( 'NONE', #852, #645, #1383, .T. ) ;
#1923 = VERTEX_POINT ( 'NONE', #517 ) ;
#1924 = CARTESIAN_POINT ( 'NONE',  ( -16.88908993221307853, 12.93282459903608839, -14.43953094317051367 ) ) ;
#1925 = AXIS2_PLACEMENT_3D ( 'NONE', #1931, #1596, #2133 ) ;
#1926 = AXIS2_PLACEMENT_3D ( 'NONE', #1578, #411, #1621 ) ;
#1927 = LINE ( 'NONE', #391, #1748 ) ;
#1928 = VERTEX_POINT ( 'NONE', #1523 ) ;
#1929 = LINE ( 'NONE', #1419, #1106 ) ;
#1930 = AXIS2_PLACEMENT_3D ( 'NONE', #574, #1248, #655 ) ;
#1931 = CARTESIAN_POINT ( 'NONE',  ( 24.24871130596427449, 6.847727811467460497E-15, 15.00000000000000000 ) ) ;
#1932 = VERTEX_POINT ( 'NONE', #1176 ) ;
#1933 = PLANE ( 'NONE',  #1434 ) ;
#1934 = EDGE_CURVE ( 'NONE', #2193, #2038, #1346, .T. ) ;
#1935 = DIRECTION ( 'NONE',  ( 0.2133312028987099929, 0.4330127018922141913, 0.8757795372522664268 ) ) ;
#1936 = AXIS2_PLACEMENT_3D ( 'NONE', #1279, #443, #1980 ) ;
#1937 = ORIENTED_EDGE ( 'NONE', *, *, #204, .F. ) ;
#1938 = CARTESIAN_POINT ( 'NONE',  ( 8.430334575627785654, -3.398232190208078762, -0.3733539088433303066 ) ) ;
#1939 = FACE_OUTER_BOUND ( 'NONE', #190, .T. ) ;
#1940 = ORIENTED_EDGE ( 'NONE', *, *, #1884, .F. ) ;
#1941 = CARTESIAN_POINT ( 'NONE',  ( 19.30912086321460208, -2.880176935760858647, 9.999999999999998224 ) ) ;
#1942 = AXIS2_PLACEMENT_3D ( 'NONE', #660, #826, #2028 ) ;
#1943 = CARTESIAN_POINT ( 'NONE',  ( 20.78460969082652099, -6.000000000000000000, 3.878559317873999213 ) ) ;
#1944 = ORIENTED_EDGE ( 'NONE', *, *, #1934, .T. ) ;
#1945 = CARTESIAN_POINT ( 'NONE',  ( 21.96494560652713801, 10.82624532113905147, -0.7569799539632219298 ) ) ;
#1946 = DIRECTION ( 'NONE',  ( 0.2961981327260193031, -0.4999999999999949485, -0.8137976813493784656 ) ) ;
#1947 = ADVANCED_FACE ( 'NONE', ( #2034 ), #1866, .F. ) ;
#1948 = CC_DESIGN_SECURITY_CLASSIFICATION ( #1765, ( #1874 ) ) ;
#1949 = ORIENTED_EDGE ( 'NONE', *, *, #685, .T. ) ;
#1950 = CARTESIAN_POINT ( 'NONE',  ( -16.96153074471251898, 12.38225493932692167, -14.22328737246931496 ) ) ;
#1951 = CARTESIAN_POINT ( 'NONE',  ( 13.82050807568877993, -5.204170427930421283E-15, 0.000000000000000000 ) ) ;
#1952 = ORIENTED_EDGE ( 'NONE', *, *, #1662, .T. ) ;
#1953 = DIRECTION ( 'NONE',  ( 1.000000000000000000, 0.000000000000000000, -0.000000000000000000 ) ) ;
#1954 = LINE ( 'NONE', #102, #605 ) ;
#1955 = VERTEX_POINT ( 'NONE', #2056 ) ;
#1956 = DIRECTION ( 'NONE',  ( 0.8660254037844393737, 0.4999999999999987788, -0.000000000000000000 ) ) ;
#1957 = CARTESIAN_POINT ( 'NONE',  ( 17.13116681757664850, 6.000000000000005329, 6.650690319970196995 ) ) ;
#1958 = ORIENTED_EDGE ( 'NONE', *, *, #1096, .F. ) ;
#1959 = LINE ( 'NONE', #1442, #890 ) ;
#1960 = CARTESIAN_POINT ( 'NONE',  ( 0.000000000000000000, 0.000000000000000000, 15.00000000000000000 ) ) ;
#1961 = ORIENTED_EDGE ( 'NONE', *, *, #282, .T. ) ;
#1962 = VECTOR ( 'NONE', #564, 1000.000000000000114 ) ;
#1963 = CARTESIAN_POINT ( 'NONE',  ( -6.727507346848851988, -5.978348007442770395, -4.305125451459383967 ) ) ;
#1964 = DIRECTION ( 'NONE',  ( 0.000000000000000000, 0.000000000000000000, 1.000000000000000000 ) ) ;
#1965 = PRODUCT_DEFINITION_SHAPE ( 'NONE', 'NONE',  #1476 ) ;
#1966 = EDGE_CURVE ( 'NONE', #1454, #567, #1720, .T. ) ;
#1967 = DIRECTION ( 'NONE',  ( -1.000000000000000000, 2.503857664561933362E-16, 0.000000000000000000 ) ) ;
#1968 = VECTOR ( 'NONE', #1645, 1000.000000000000000 ) ;
#1969 = CARTESIAN_POINT ( 'NONE',  ( -30.23549631687111372, -66.20874128731114183, 22.30121012689641802 ) ) ;
#1970 = AXIS2_PLACEMENT_3D ( 'NONE', #101, #1275, #1793 ) ;
#1971 = EDGE_LOOP ( 'NONE', ( #634, #1847, #1056, #2185, #1937 ) ) ;
#1972 = CARTESIAN_POINT ( 'NONE',  ( -24.24871130596427449, 6.847727811467460497E-15, 15.00000000000000000 ) ) ;
#1973 = DIRECTION ( 'NONE',  ( -0.9396926207859110924, 7.511572993685786282E-16, -0.3420201433256613299 ) ) ;
#1974 = ORIENTED_EDGE ( 'NONE', *, *, #2121, .F. ) ;
#1975 = FACE_OUTER_BOUND ( 'NONE', #993, .T. ) ;
#1976 = EDGE_CURVE ( 'NONE', #1045, #247, #823, .T. ) ;
#1977 = CARTESIAN_POINT ( 'NONE',  ( 21.63983488127583499, 11.85804485741767422, -2.927854426308375668 ) ) ;
#1978 = VECTOR ( 'NONE', #510, 1000.000000000000114 ) ;
#1979 = VECTOR ( 'NONE', #2077, 1000.000000000000114 ) ;
#1980 = DIRECTION ( 'NONE',  ( -1.000000000000000000, 0.000000000000000000, 0.000000000000000000 ) ) ;
#1981 = CARTESIAN_POINT ( 'NONE',  ( 2.316410937103927203, -66.20874128731114183, 34.14913543593711864 ) ) ;
#1982 = ORIENTED_EDGE ( 'NONE', *, *, #1552, .F. ) ;
#1983 = CARTESIAN_POINT ( 'NONE',  ( -13.85640646055101932, -5.999999999999998224, 15.00000000000000000 ) ) ;
#1984 = CARTESIAN_POINT ( 'NONE',  ( -20.25286754886201024, -1.921043569446443833, 11.50004569021244194 ) ) ;
#1985 = ORIENTED_EDGE ( 'NONE', *, *, #252, .F. ) ;
#1986 = CARTESIAN_POINT ( 'NONE',  ( -19.90431326976808890, -2.367983830845565851, 8.691437122033786267 ) ) ;
#1987 = DIRECTION ( 'NONE',  ( 1.000000000000000000, 2.503857664561935334E-16, 0.000000000000000000 ) ) ;
#1988 = EDGE_LOOP ( 'NONE', ( #1888, #1612, #1812, #1901 ) ) ;
#1989 = DIRECTION ( 'NONE',  ( 1.000000000000000000, -2.503857664561933855E-16, 0.000000000000000000 ) ) ;
#1990 = ADVANCED_FACE ( 'NONE', ( #1013, #1700 ), #175, .F. ) ;
#1991 =( LENGTH_UNIT ( ) NAMED_UNIT ( * ) SI_UNIT ( .MILLI., .METRE. ) );
#1992 = EDGE_LOOP ( 'NONE', ( #2035, #2103 ) ) ;
#1993 = EDGE_CURVE ( 'NONE', #579, #2006, #197, .T. ) ;
#1994 = DIRECTION ( 'NONE',  ( -0.5000000000000003331, 0.8660254037844383745, 0.000000000000000000 ) ) ;
#1995 = CARTESIAN_POINT ( 'NONE',  ( -20.80139047639001504, -0.3676410352355624078, 10.48726896933465014 ) ) ;
#1996 = ORIENTED_EDGE ( 'NONE', *, *, #805, .F. ) ;
#1997 = CARTESIAN_POINT ( 'NONE',  ( -20.40085696335564336, -1.664725688084054189, 8.499945789005067809 ) ) ;
#1998 = LINE ( 'NONE', #1672, #39 ) ;
#1999 = ORIENTED_EDGE ( 'NONE', *, *, #413, .F. ) ;
#2000 = DIRECTION ( 'NONE',  ( 1.000000000000000000, 0.000000000000000000, 0.000000000000000000 ) ) ;
#2001 = APPROVAL_DATE_TIME ( #324, #781 ) ;
#2002 = EDGE_CURVE ( 'NONE', #705, #2093, #209, .T. ) ;
#2003 = ORIENTED_EDGE ( 'NONE', *, *, #714, .F. ) ;
#2004 = CARTESIAN_POINT ( 'NONE',  ( 12.99038105676658716, -7.499999999999988454, 15.00000000000000000 ) ) ;
#2005 = DIRECTION ( 'NONE',  ( -0.4719139070981662187, -0.8173788638923655814, 0.3304376751361275955 ) ) ;
#2006 = VERTEX_POINT ( 'NONE', #883 ) ;
#2007 = CARTESIAN_POINT ( 'NONE',  ( 0.6127497752954190746, -15.00000000000000355, -8.993027171807987941 ) ) ;
#2008 = CARTESIAN_POINT ( 'NONE',  ( 22.51627814739156719, 13.53541633257658638, -1.896179220585151315 ) ) ;
#2009 = CARTESIAN_POINT ( 'NONE',  ( 17.32050807568878170, -5.204170427930421283E-15, 15.00000000000000000 ) ) ;
#2010 = EDGE_CURVE ( 'NONE', #1923, #1467, #1565, .T. ) ;
#2011 = PERSON_AND_ORGANIZATION_ROLE ( 'design_owner' ) ;
#2012 = ORIENTED_EDGE ( 'NONE', *, *, #1823, .F. ) ;
#2013 = DIRECTION ( 'NONE',  ( 0.1143311995462869407, -3.221013443237740129E-17, 0.9934426892429714107 ) ) ;
#2014 = ADVANCED_FACE ( 'NONE', ( #233 ), #1600, .T. ) ;
#2015 = DIRECTION ( 'NONE',  ( 0.2515460552138156225, 0.9678453296402106387, 0.000000000000000000 ) ) ;
#2016 = ORIENTED_EDGE ( 'NONE', *, *, #1117, .F. ) ;
#2017 = CARTESIAN_POINT ( 'NONE',  ( -7.794228634059967575, -4.500000000000003553, -3.820799825699413788 ) ) ;
#2018 = PLANE ( 'NONE',  #2140 ) ;
#2019 = DIRECTION ( 'NONE',  ( -0.9396926207859112035, -2.192609680355134041E-16, -0.3420201433256608858 ) ) ;
#2020 = EDGE_CURVE ( 'NONE', #1715, #1311, #1887, .T. ) ;
#2021 = EDGE_CURVE ( 'NONE', #550, #473, #594, .T. ) ;
#2022 = APPROVAL_ROLE ( '' ) ;
#2023 = EDGE_LOOP ( 'NONE', ( #800, #18, #1444, #1531, #1566 ) ) ;
#2024 = DIRECTION ( 'NONE',  ( 0.000000000000000000, 0.4768709627114693927, 0.8789733129752212992 ) ) ;
#2025 = ORIENTED_EDGE ( 'NONE', *, *, #251, .F. ) ;
#2026 = CARTESIAN_POINT ( 'NONE',  ( -20.56680954590540011, -1.311529015336359016, 8.577919530499592327 ) ) ;
#2027 = CARTESIAN_POINT ( 'NONE',  ( -33.78987390958332071, -60.20874128731118446, 32.06678230308897071 ) ) ;
#2028 = DIRECTION ( 'NONE',  ( 0.3420201433256632728, 0.000000000000000000, -0.9396926207859103153 ) ) ;
#2029 = VECTOR ( 'NONE', #913, 1000.000000000000000 ) ;
#2030 = AXIS2_PLACEMENT_3D ( 'NONE', #1178, #1015, #1703 ) ;
#2031 = ORIENTED_EDGE ( 'NONE', *, *, #1769, .T. ) ;
#2032 = AXIS2_PLACEMENT_3D ( 'NONE', #644, #1285, #124 ) ;
#2033 = CARTESIAN_POINT ( 'NONE',  ( -24.13110451315109728, 25.70882824548486667, 3.865185450765584285 ) ) ;
#2034 = FACE_OUTER_BOUND ( 'NONE', #837, .T. ) ;
#2035 = ORIENTED_EDGE ( 'NONE', *, *, #752, .F. ) ;
#2036 = CARTESIAN_POINT ( 'NONE',  ( 20.07937666665014831, -2.155701928695330061, 8.578034041414568378 ) ) ;
#2037 = DIRECTION ( 'NONE',  ( -0.1710100716628292494, -0.8660254037844415942, 0.4698463103929506612 ) ) ;
#2038 = VERTEX_POINT ( 'NONE', #1764 ) ;
#2039 = EDGE_CURVE ( 'NONE', #729, #2048, #1921, .T. ) ;
#2040 = FACE_OUTER_BOUND ( 'NONE', #301, .T. ) ;
#2041 = PERSON_AND_ORGANIZATION ( #1707, #1265 ) ;
#2042 = ORIENTED_EDGE ( 'NONE', *, *, #142, .F. ) ;
#2043 = CARTESIAN_POINT ( 'NONE',  ( -15.57436448828410569, 10.69788315668083811, -15.22520899970748864 ) ) ;
#2044 = DIRECTION ( 'NONE',  ( 0.1710100716628294992, 0.8660254037844415942, -0.4698463103929505502 ) ) ;
#2045 = VERTEX_POINT ( 'NONE', #604 ) ;
#2046 = FACE_BOUND ( 'NONE', #1885, .T. ) ;
#2047 = CARTESIAN_POINT ( 'NONE',  ( 6.779013012834567142, -15.66987298107774151, -18.62518517895236414 ) ) ;
#2048 = VERTEX_POINT ( 'NONE', #925 ) ;
#2049 = DIRECTION ( 'NONE',  ( -0.1710100716628292494, -0.8660254037844415942, 0.4698463103929506612 ) ) ;
#2050 = CC_DESIGN_APPROVAL ( #1378, ( #1765 ) ) ;
#2051 = CIRCLE ( 'NONE', #1154, 9.000000000000015987 ) ;
#2052 = PERSON_AND_ORGANIZATION_ROLE ( 'classification_officer' ) ;
#2053 = ORIENTED_EDGE ( 'NONE', *, *, #928, .F. ) ;
#2054 = DIRECTION ( 'NONE',  ( -0.6656986149863668434, -0.2499999999999969469, -0.7030969734007069816 ) ) ;
#2055 = ADVANCED_FACE ( 'NONE', ( #2092 ), #86, .T. ) ;
#2056 = CARTESIAN_POINT ( 'NONE',  ( -7.794228634059964911, -4.500000000000002665, 15.00000000000000000 ) ) ;
#2057 = ADVANCED_FACE ( 'NONE', ( #96 ), #1798, .F. ) ;
#2058 = EDGE_LOOP ( 'NONE', ( #786, #559 ) ) ;
#2059 = CARTESIAN_POINT ( 'NONE',  ( 19.47856887612226728, -2.756734019602798291, 9.240495350974642363 ) ) ;
#2060 = EDGE_CURVE ( 'NONE', #793, #473, #1404, .T. ) ;
#2061 = EDGE_CURVE ( 'NONE', #405, #1216, #981, .T. ) ;
#2062 = DIRECTION ( 'NONE',  ( 0.1710100716628294992, 0.8660254037844415942, -0.4698463103929505502 ) ) ;
#2063 = ORIENTED_EDGE ( 'NONE', *, *, #2131, .T. ) ;
#2064 = DIRECTION ( 'NONE',  ( -0.8660254037844390407, 0.4999999999999995004, 0.000000000000000000 ) ) ;
#2065 = CALENDAR_DATE ( 2026, 6, 2 ) ;
#2066 = VERTEX_POINT ( 'NONE', #774 ) ;
#2067 = CARTESIAN_POINT ( 'NONE',  ( -14.72226960673550522, 11.55281551908518622, -15.99827484646718112 ) ) ;
#2068 = CARTESIAN_POINT ( 'NONE',  ( 11.97741110150127675, 2.745484570939713098, 16.57316990839844806 ) ) ;
#2069 = ORIENTED_EDGE ( 'NONE', *, *, #1354, .T. ) ;
#2070 = CARTESIAN_POINT ( 'NONE',  ( 19.30912086321460208, -2.880176935760858647, 9.999999999999998224 ) ) ;
#2071 = CARTESIAN_POINT ( 'NONE',  ( -7.823372671977269377, 14.32050807568904993, -19.01888241957167125 ) ) ;
#2072 = ORIENTED_EDGE ( 'NONE', *, *, #901, .F. ) ;
#2073 = DIRECTION ( 'NONE',  ( -0.4999999999999994449, -0.8660254037844389297, 0.000000000000000000 ) ) ;
#2074 = AXIS2_PLACEMENT_3D ( 'NONE', #1157, #819, #991 ) ;
#2075 = AXIS2_PLACEMENT_3D ( 'NONE', #93, #1116, #2097 ) ;
#2076 = APPROVAL_DATE_TIME ( #205, #1378 ) ;
#2077 = DIRECTION ( 'NONE',  ( 0.4999999999999987232, -0.8660254037844392627, 0.000000000000000000 ) ) ;
#2078 = CARTESIAN_POINT ( 'NONE',  ( -16.79457561672759169, 11.41977884663119269, -14.32915521155281624 ) ) ;
#2079 = ADVANCED_FACE ( 'NONE', ( #1067, #1280 ), #2135, .F. ) ;
#2080 = FACE_OUTER_BOUND ( 'NONE', #1906, .T. ) ;
#2081 = ORIENTED_EDGE ( 'NONE', *, *, #2010, .T. ) ;
#2082 = CARTESIAN_POINT ( 'NONE',  ( 20.70519676422057387, -0.8948737491717246861, 8.809237704951367931 ) ) ;
#2083 = AXIS2_PLACEMENT_3D ( 'NONE', #2084, #270, #943 ) ;
#2084 = CARTESIAN_POINT ( 'NONE',  ( -3.824470031430720951, -65.45874128731114183, 33.29644502887908430 ) ) ;
#2085 = VECTOR ( 'NONE', #1412, 1000.000000000000114 ) ;
#2086 = ORIENTED_EDGE ( 'NONE', *, *, #2099, .T. ) ;
#2087 = CARTESIAN_POINT ( 'NONE',  ( 20.78460969082652099, -6.000000000000000000, 15.00000000000000000 ) ) ;
#2088 = EDGE_CURVE ( 'NONE', #1454, #199, #1273, .T. ) ;
#2089 = ADVANCED_FACE ( 'NONE', ( #1100, #1449 ), #1440, .T. ) ;
#2090 = EDGE_LOOP ( 'NONE', ( #1049, #1510, #13, #1575, #2198, #870 ) ) ;
#2091 = CARTESIAN_POINT ( 'NONE',  ( 21.89452339022768612, 10.72616185523807708, -1.029602595018827005 ) ) ;
#2092 = FACE_OUTER_BOUND ( 'NONE', #926, .T. ) ;
#2093 = VERTEX_POINT ( 'NONE', #906 ) ;
#2094 = DIRECTION ( 'NONE',  ( -2.503857664561933855E-16, 1.000000000000000000, 0.000000000000000000 ) ) ;
#2095 = LINE ( 'NONE', #1104, #58 ) ;
#2096 = ORIENTED_EDGE ( 'NONE', *, *, #1625, .F. ) ;
#2097 = DIRECTION ( 'NONE',  ( 0.000000000000000000, 0.4768709627114696148, 0.8789733129752211882 ) ) ;
#2098 = PLANE ( 'NONE',  #1925 ) ;
#2099 = EDGE_CURVE ( 'NONE', #473, #1159, #894, .T. ) ;
#2100 = CARTESIAN_POINT ( 'NONE',  ( 22.51666049839539596, -2.999999999999992450, 9.999999999999998224 ) ) ;
#2101 = CARTESIAN_POINT ( 'NONE',  ( -6.727507346848851988, -5.978348007442770395, -4.305125451459383967 ) ) ;
#2102 = CARTESIAN_POINT ( 'NONE',  ( -0.2748033893468439515, 9.820508075689092564, -24.56587275535997250 ) ) ;
#2103 = ORIENTED_EDGE ( 'NONE', *, *, #595, .F. ) ;
#2104 = CARTESIAN_POINT ( 'NONE',  ( 8.311875323215550893, -3.603409634012713081, -0.9393052007687155980 ) ) ;
#2105 = VECTOR ( 'NONE', #1110, 1000.000000000000114 ) ;
#2106 = CYLINDRICAL_SURFACE ( 'NONE', #1930, 3.499999999999999556 ) ;
#2107 = ORIENTED_EDGE ( 'NONE', *, *, #348, .T. ) ;
#2108 = CARTESIAN_POINT ( 'NONE',  ( 0.000000000000000000, 0.000000000000000000, 0.000000000000000000 ) ) ;
#2109 = VECTOR ( 'NONE', #586, 1000.000000000000000 ) ;
#2110 = DIRECTION ( 'NONE',  ( 0.1930750503483347202, 0.3344157968772347722, 0.9224359596914855075 ) ) ;
#2111 = DIRECTION ( 'NONE',  ( -0.000000000000000000, -0.000000000000000000, -1.000000000000000000 ) ) ;
#2112 = DIRECTION ( 'NONE',  ( -0.9396926207859106484, -3.035766082959411922E-16, -0.3420201433256626067 ) ) ;
#2113 = LINE ( 'NONE', #1256, #1555 ) ;
#2114 = AXIS2_PLACEMENT_3D ( 'NONE', #1268, #2112, #54 ) ;
#2115 = VERTEX_POINT ( 'NONE', #400 ) ;
#2116 = CARTESIAN_POINT ( 'NONE',  ( -20.78460969082652454, 5.999999999999998224, 15.00000000000000000 ) ) ;
#2117 = DIRECTION ( 'NONE',  ( -0.8660254037844401509, -0.4999999999999973355, -0.000000000000000000 ) ) ;
#2118 = ORIENTED_EDGE ( 'NONE', *, *, #503, .T. ) ;
#2119 = CARTESIAN_POINT ( 'NONE',  ( -17.32050807568877460, 1.734723475976807094E-15, 0.000000000000000000 ) ) ;
#2120 = CYLINDRICAL_SURFACE ( 'NONE', #680, 1.500000000000001110 ) ;
#2121 = EDGE_CURVE ( 'NONE', #1352, #1589, #1414, .T. ) ;
#2122 = ORIENTED_EDGE ( 'NONE', *, *, #1263, .F. ) ;
#2123 = CARTESIAN_POINT ( 'NONE',  ( -7.794228634059967575, -4.500000000000003553, -3.820799825699413788 ) ) ;
#2124 = CARTESIAN_POINT ( 'NONE',  ( 12.07727216266810721, 15.07050807568903750, -10.39323257939714296 ) ) ;
#2125 = ORIENTED_EDGE ( 'NONE', *, *, #1976, .F. ) ;
#2126 = AXIS2_PLACEMENT_3D ( 'NONE', #733, #256, #267 ) ;
#2127 = CARTESIAN_POINT ( 'NONE',  ( -14.77353735287645264, 12.18221956300460640, -16.27581677132178939 ) ) ;
#2128 = DIRECTION ( 'NONE',  ( 1.000000000000000000, 0.000000000000000000, -0.000000000000000000 ) ) ;
#2129 = VERTEX_POINT ( 'NONE', #570 ) ;
#2130 = CARTESIAN_POINT ( 'NONE',  ( 19.30912086321460208, -2.880176935760858203, 10.19775481139693163 ) ) ;
#2131 = EDGE_CURVE ( 'NONE', #1250, #60, #2113, .T. ) ;
#2132 = ADVANCED_FACE ( 'NONE', ( #1642 ), #1120, .F. ) ;
#2133 = DIRECTION ( 'NONE',  ( 0.5000000000000001110, -0.8660254037844385966, 0.000000000000000000 ) ) ;
#2134 = CARTESIAN_POINT ( 'NONE',  ( 20.78460969082652454, 5.999999999999998224, 15.00000000000000000 ) ) ;
#2135 = CYLINDRICAL_SURFACE ( 'NONE', #2126, 3.499999999999999556 ) ;
#2136 = ORIENTED_EDGE ( 'NONE', *, *, #2061, .T. ) ;
#2137 = DIRECTION ( 'NONE',  ( -1.000000000000000000, -2.503857664561933855E-16, 0.000000000000000000 ) ) ;
#2138 = CARTESIAN_POINT ( 'NONE',  ( -19.90302246508188233, -2.363796940054116558, 11.29929026934646075 ) ) ;
#2139 = ORIENTED_EDGE ( 'NONE', *, *, #158, .F. ) ;
#2140 = AXIS2_PLACEMENT_3D ( 'NONE', #1161, #802, #815 ) ;
#2141 = CARTESIAN_POINT ( 'NONE',  ( -15.55411309886588178, -3.059485846091699379, -5.519547285846485352 ) ) ;
#2142 = VECTOR ( 'NONE', #767, 1000.000000000000000 ) ;
#2143 = DIRECTION ( 'NONE',  ( 1.000000000000000000, 0.000000000000000000, 0.000000000000000000 ) ) ;
#2144 = CARTESIAN_POINT ( 'NONE',  ( 26.20653651103914683, 17.32050807568901973, -1.103378491530585759 ) ) ;
#2145 = DIRECTION ( 'NONE',  ( 0.000000000000000000, 0.4768709627114695038, 0.8789733129752212992 ) ) ;
#2146 = ORIENTED_EDGE ( 'NONE', *, *, #1623, .T. ) ;
#2147 = CARTESIAN_POINT ( 'NONE',  ( -22.65662757892974355, 23.08081003162400791, 9.999999999999998224 ) ) ;
#2148 = CARTESIAN_POINT ( 'NONE',  ( -20.80827760845579633, -0.2931362662534745533, 10.19913716309028118 ) ) ;
#2149 = ORIENTED_EDGE ( 'NONE', *, *, #1422, .T. ) ;
#2150 = CARTESIAN_POINT ( 'NONE',  ( -20.70518700017184699, -0.8949076170291367927, 8.809214506141678669 ) ) ;
#2151 = CARTESIAN_POINT ( 'NONE',  ( 21.97856341603903729, 12.57089912331708526, -2.936143498715428013 ) ) ;
#2152 = ORIENTED_EDGE ( 'NONE', *, *, #1846, .T. ) ;
#2153 = EDGE_CURVE ( 'NONE', #337, #1892, #783, .T. ) ;
#2154 = EDGE_CURVE ( 'NONE', #1955, #354, #2051, .T. ) ;
#2155 = CARTESIAN_POINT ( 'NONE',  ( 24.98980427102504009, 12.94214905122714221, -1.787936249066011785 ) ) ;
#2156 = VERTEX_POINT ( 'NONE', #1335 ) ;
#2157 = FACE_OUTER_BOUND ( 'NONE', #1741, .T. ) ;
#2158 = APPROVAL_PERSON_ORGANIZATION ( #534, #1639, #1389 ) ;
#2159 = CARTESIAN_POINT ( 'NONE',  ( -20.44773777380238755, -1.574773602405424633, 11.48992093212379118 ) ) ;
#2160 = AXIS2_PLACEMENT_3D ( 'NONE', #1981, #1473, #1833 ) ;
#2161 = VECTOR ( 'NONE', #1706, 1000.000000000000000 ) ;
#2162 = ORIENTED_EDGE ( 'NONE', *, *, #784, .F. ) ;
#2163 = LINE ( 'NONE', #1139, #264 ) ;
#2164 = CYLINDRICAL_SURFACE ( 'NONE', #216, 1.500000000000000000 ) ;
#2165 = DIRECTION ( 'NONE',  ( 0.9396926207859106484, 3.035766082959411922E-16, 0.3420201433256626067 ) ) ;
#2166 = EDGE_CURVE ( 'NONE', #1199, #1593, #1819, .T. ) ;
#2167 = DIRECTION ( 'NONE',  ( -0.7261554316666068987, 0.000000000000000000, 0.6875305731828103006 ) ) ;
#2168 = APPLICATION_PROTOCOL_DEFINITION ( 'international standard', 'config_control_design', 1994, #107 ) ;
#2169 = ORIENTED_EDGE ( 'NONE', *, *, #19, .T. ) ;
#2170 = CARTESIAN_POINT ( 'NONE',  ( -12.85575219373088096, 17.32050807568902684, -15.32088886237945324 ) ) ;
#2171 = PLANE ( 'NONE',  #1350 ) ;
#2172 = EDGE_LOOP ( 'NONE', ( #1090, #1438 ) ) ;
#2173 = DIRECTION ( 'NONE',  ( -0.000000000000000000, -0.000000000000000000, -1.000000000000000000 ) ) ;
#2174 = DIRECTION ( 'NONE',  ( -0.000000000000000000, -0.000000000000000000, 1.000000000000000000 ) ) ;
#2175 = ORIENTED_EDGE ( 'NONE', *, *, #595, .T. ) ;
#2176 = PLANE ( 'NONE',  #549 ) ;
#2177 = CARTESIAN_POINT ( 'NONE',  ( 6.679293452527607755, -8.071796769724457477, -11.04169693832327681 ) ) ;
#2178 = EDGE_CURVE ( 'NONE', #53, #567, #138, .T. ) ;
#2179 = CARTESIAN_POINT ( 'NONE',  ( -22.02618699409079284, 3.849525029221929184, -10.38203741171326477 ) ) ;
#2180 = ORIENTED_EDGE ( 'NONE', *, *, #17, .F. ) ;
#2181 = CARTESIAN_POINT ( 'NONE',  ( -13.85640646055101932, -5.999999999999998224, 15.00000000000000000 ) ) ;
#2182 = VECTOR ( 'NONE', #842, 1000.000000000000000 ) ;
#2183 = AXIS2_PLACEMENT_3D ( 'NONE', #1237, #1251, #406 ) ;
#2184 = CARTESIAN_POINT ( 'NONE',  ( -20.65886636830765966, -1.054629334665739382, 11.29927425097315030 ) ) ;
#2185 = ORIENTED_EDGE ( 'NONE', *, *, #830, .T. ) ;
#2186 = CARTESIAN_POINT ( 'NONE',  ( -20.65888195716764031, -1.054595131942306807, 8.700729938274372799 ) ) ;
#2187 = CARTESIAN_POINT ( 'NONE',  ( 22.46035631366948593, 13.40137799402497087, -2.267345921062780434 ) ) ;
#2188 = EDGE_LOOP ( 'NONE', ( #1086, #461, #1482, #237, #538, #373, #2042, #1579, #1803 ) ) ;
#2189 = CARTESIAN_POINT ( 'NONE',  ( 8.660254037844399733, -14.99999999999998579, -6.063975160109827733 ) ) ;
#2190 = VECTOR ( 'NONE', #910, 1000.000000000000114 ) ;
#2191 = APPLICATION_PROTOCOL_DEFINITION ( 'international standard', 'config_control_design', 1994, #2201 ) ;
#2192 = AXIS2_PLACEMENT_3D ( 'NONE', #143, #2165, #1162 ) ;
#2193 = VERTEX_POINT ( 'NONE', #2179 ) ;
#2194 = CARTESIAN_POINT ( 'NONE',  ( 10.78574089325383412, 0.6814512243889757626, 10.87984262350430953 ) ) ;
#2195 = VERTEX_POINT ( 'NONE', #105 ) ;
#2196 = CARTESIAN_POINT ( 'NONE',  ( -19.47862624383960295, -2.756684276166382119, 9.240515648673079951 ) ) ;
#2197 = CARTESIAN_POINT ( 'NONE',  ( 22.51523807704075253, 13.58529661354850049, -1.503148687208265777 ) ) ;
#2198 = ORIENTED_EDGE ( 'NONE', *, *, #289, .F. ) ;
#2199 = LINE ( 'NONE', #649, #662 ) ;
#2200 = UNCERTAINTY_MEASURE_WITH_UNIT (LENGTH_MEASURE( 1.000000000000000082E-05 ), #1991, 'distance_accuracy_value', 'NONE');
#2201 = APPLICATION_CONTEXT ( 'configuration controlled 3d designs of mechanical parts and assemblies' ) ;
#2202 = ORIENTED_EDGE ( 'NONE', *, *, #663, .T. ) ;
#2203 = DIRECTION ( 'NONE',  ( -0.7261554316666068987, 0.000000000000000000, 0.6875305731828103006 ) ) ;
#2204 = DIRECTION ( 'NONE',  ( 0.1710100716628294992, 0.8660254037844415942, -0.4698463103929505502 ) ) ;
#2205 = ADVANCED_FACE ( 'NONE', ( #1155 ), #615, .T. ) ;
#2206 = VERTEX_POINT ( 'NONE', #300 ) ;
ENDSEC;
END-ISO-10303-21;
