ISO-10303-21;
HEADER;
FILE_DESCRIPTION (( 'STEP AP203' ),
    '1' );
FILE_NAME ('Mid Arm Connector Left V.3.STEP',
    '2026-02-07T05:21:35',
    ( '' ),
    ( '' ),
    'SwSTEP 2.0',
    'SolidWorks 2025',
    '' );
FILE_SCHEMA (( 'CONFIG_CONTROL_DESIGN' ));
ENDSEC;

DATA;
#1 = EDGE_LOOP ( 'NONE', ( #1389, #1073, #56, #1795 ) ) ;
#2 = CARTESIAN_POINT ( 'NONE',  ( -13.85640646055101932, 5.999999999999999112, 15.00000000000000000 ) ) ;
#3 = ORIENTED_EDGE ( 'NONE', *, *, #1785, .F. ) ;
#4 = EDGE_CURVE ( 'NONE', #952, #627, #1821, .T. ) ;
#5 = VERTEX_POINT ( 'NONE', #798 ) ;
#6 = LINE ( 'NONE', #1890, #2214 ) ;
#7 = EDGE_CURVE ( 'NONE', #739, #447, #376, .T. ) ;
#8 = CYLINDRICAL_SURFACE ( 'NONE', #1672, 1.499999999999999778 ) ;
#9 = EDGE_CURVE ( 'NONE', #1353, #32, #1383, .T. ) ;
#10 = VECTOR ( 'NONE', #2048, 1000.000000000000000 ) ;
#11 = VECTOR ( 'NONE', #1896, 999.9999999999998863 ) ;
#12 = DIRECTION ( 'NONE',  ( 1.000000000000000000, 0.000000000000000000, -0.000000000000000000 ) ) ;
#13 = CARTESIAN_POINT ( 'NONE',  ( -20.80139047639005057, -0.3676410352354849698, 9.512731030665348086 ) ) ;
#14 = VERTEX_POINT ( 'NONE', #638 ) ;
#15 = AXIS2_PLACEMENT_3D ( 'NONE', #2077, #1368, #2065 ) ;
#16 = FACE_OUTER_BOUND ( 'NONE', #1272, .T. ) ;
#17 = EDGE_LOOP ( 'NONE', ( #1279, #1192 ) ) ;
#18 = VERTEX_POINT ( 'NONE', #2036 ) ;
#19 = EDGE_CURVE ( 'NONE', #348, #1331, #819, .T. ) ;
#20 = CARTESIAN_POINT ( 'NONE',  ( -33.82936877136337728, -15.28589838486234420, -5.943559507531388064 ) ) ;
#21 = DIRECTION ( 'NONE',  ( -0.1710100716628328577, 0.8660254037844363761, -0.4698463103929590434 ) ) ;
#22 = CARTESIAN_POINT ( 'NONE',  ( -2.686136704377515727, -18.50000000000011369, -14.68961094125343081 ) ) ;
#23 = ORIENTED_EDGE ( 'NONE', *, *, #151, .T. ) ;
#24 = CARTESIAN_POINT ( 'NONE',  ( -18.29189645439079825, 25.00884492539386628, 20.82892497341590854 ) ) ;
#25 = ORIENTED_EDGE ( 'NONE', *, *, #767, .F. ) ;
#26 = CARTESIAN_POINT ( 'NONE',  ( 16.95200364787627123, 12.18221956300415698, -14.21322505177336026 ) ) ;
#27 = LINE ( 'NONE', #510, #2035 ) ;
#28 = DIRECTION ( 'NONE',  ( -1.000000000000000000, 0.000000000000000000, 0.000000000000000000 ) ) ;
#29 = ORIENTED_EDGE ( 'NONE', *, *, #534, .T. ) ;
#30 = CARTESIAN_POINT ( 'NONE',  ( -19.47862624383977348, -2.756684276166379011, 10.75948435132691827 ) ) ;
#31 = CARTESIAN_POINT ( 'NONE',  ( -19.96271091607145109, -2.297210809295165745, 8.653549112900531526 ) ) ;
#32 = VERTEX_POINT ( 'NONE', #1684 ) ;
#33 = ADVANCED_FACE ( 'NONE', ( #107 ), #1504, .F. ) ;
#34 = DIRECTION ( 'NONE',  ( 0.8660254037844387076, -0.5000000000000001110, 0.000000000000000000 ) ) ;
#35 = ADVANCED_FACE ( 'NONE', ( #283, #1692 ), #1154, .F. ) ;
#36 = EDGE_LOOP ( 'NONE', ( #1592, #1812, #158, #454, #1783, #1688, #1859, #1901, #1410 ) ) ;
#37 = EDGE_LOOP ( 'NONE', ( #720, #893, #896, #1021 ) ) ;
#38 = CARTESIAN_POINT ( 'NONE',  ( 16.81919917992442137, 13.15956446291584747, -14.61831778220549793 ) ) ;
#39 = DIRECTION ( 'NONE',  ( -0.000000000000000000, -0.000000000000000000, -1.000000000000000000 ) ) ;
#40 = CARTESIAN_POINT ( 'NONE',  ( 13.82050807568876571, 2.071797594602757948E-15, 0.000000000000000000 ) ) ;
#41 = CARTESIAN_POINT ( 'NONE',  ( -13.85640646055100866, -6.000000000000010658, 15.00000000000000000 ) ) ;
#42 = ORIENTED_EDGE ( 'NONE', *, *, #398, .T. ) ;
#43 = VECTOR ( 'NONE', #1781, 1000.000000000000000 ) ;
#44 = DIRECTION ( 'NONE',  ( -0.000000000000000000, -0.000000000000000000, -1.000000000000000000 ) ) ;
#45 = AXIS2_PLACEMENT_3D ( 'NONE', #1392, #1879, #1583 ) ;
#46 = ORIENTED_EDGE ( 'NONE', *, *, #1802, .F. ) ;
#47 = EDGE_LOOP ( 'NONE', ( #108, #243, #410, #2046 ) ) ;
#48 = CARTESIAN_POINT ( 'NONE',  ( 14.92279125757566405, 12.53795230668697869, -16.37788057287815136 ) ) ;
#49 = PLANE ( 'NONE',  #1674 ) ;
#50 = CARTESIAN_POINT ( 'NONE',  ( -13.82050807568877993, -1.205198350713967699E-13, 15.00000000000000000 ) ) ;
#51 = AXIS2_PLACEMENT_3D ( 'NONE', #741, #1040, #548 ) ;
#52 = ORIENTED_EDGE ( 'NONE', *, *, #424, .T. ) ;
#53 = CARTESIAN_POINT ( 'NONE',  ( -20.63164208043820125, -1.137968890696120505, 11.34567089887057101 ) ) ;
#54 = CARTESIAN_POINT ( 'NONE',  ( -20.70507472925218195, -0.8953142973401415627, 8.808919231778702397 ) ) ;
#55 = CARTESIAN_POINT ( 'NONE',  ( 20.52997583744767951, -1.399579958444731709, 11.45108140210760439 ) ) ;
#56 = ORIENTED_EDGE ( 'NONE', *, *, #72, .T. ) ;
#57 = LINE ( 'NONE', #388, #2113 ) ;
#58 = ORIENTED_EDGE ( 'NONE', *, *, #1618, .F. ) ;
#59 = EDGE_CURVE ( 'NONE', #199, #717, #1318, .T. ) ;
#60 = VERTEX_POINT ( 'NONE', #452 ) ;
#61 = CARTESIAN_POINT ( 'NONE',  ( 15.35412438550461545, 13.08015588371621085, -16.35962311514412093 ) ) ;
#62 = LINE ( 'NONE', #578, #1605 ) ;
#63 = DIRECTION ( 'NONE',  ( 0.3420201433256626067, 0.000000000000000000, 0.9396926207859106484 ) ) ;
#64 = EDGE_CURVE ( 'NONE', #1533, #797, #870, .T. ) ;
#65 = ORIENTED_EDGE ( 'NONE', *, *, #345, .T. ) ;
#66 = CARTESIAN_POINT ( 'NONE',  ( 3.824470031431008721, -65.45874128731091446, 33.29644502887978064 ) ) ;
#67 = APPROVAL_ROLE ( '' ) ;
#68 = FACE_OUTER_BOUND ( 'NONE', #2195, .T. ) ;
#69 = CARTESIAN_POINT ( 'NONE',  ( -8.430334575627744798, -3.398232190208149817, -0.3733539088432830666 ) ) ;
#70 = VERTEX_POINT ( 'NONE', #1169 ) ;
#71 = CARTESIAN_POINT ( 'NONE',  ( -13.85640646055101932, 5.999999999999999112, 15.00000000000000000 ) ) ;
#72 = EDGE_CURVE ( 'NONE', #1106, #952, #2050, .T. ) ;
#73 = DIRECTION ( 'NONE',  ( 1.752700365193356509E-15, -1.000000000000000000, 0.000000000000000000 ) ) ;
#74 = CYLINDRICAL_SURFACE ( 'NONE', #567, 9.000000000000001776 ) ;
#75 = MECHANICAL_CONTEXT ( 'NONE', #1143, 'mechanical' ) ;
#76 = DIRECTION ( 'NONE',  ( -0.7261554316666057884, 0.000000000000000000, -0.6875305731828114109 ) ) ;
#77 = CARTESIAN_POINT ( 'NONE',  ( 15.42074043639836667, 6.000000000000005329, -5.197234989070601330 ) ) ;
#78 = VECTOR ( 'NONE', #2089, 1000.000000000000114 ) ;
#79 = ORIENTED_EDGE ( 'NONE', *, *, #1204, .F. ) ;
#80 = CARTESIAN_POINT ( 'NONE',  ( 6.727507346848847547, -5.978348007442770395, -4.305125451459349328 ) ) ;
#81 = VECTOR ( 'NONE', #663, 1000.000000000000000 ) ;
#82 = EDGE_CURVE ( 'NONE', #1565, #2095, #1535, .T. ) ;
#83 = LINE ( 'NONE', #1794, #1087 ) ;
#84 = VECTOR ( 'NONE', #1668, 1000.000000000000114 ) ;
#85 = DIRECTION ( 'NONE',  ( -0.8660254037844310471, -0.5000000000000133227, -0.000000000000000000 ) ) ;
#86 = CARTESIAN_POINT ( 'NONE',  ( 19.73085746778806993, -2.538773484084458687, 11.12800915504867127 ) ) ;
#87 = AXIS2_PLACEMENT_3D ( 'NONE', #1105, #285, #1308 ) ;
#88 = AXIS2_PLACEMENT_3D ( 'NONE', #1744, #869, #12 ) ;
#89 = CARTESIAN_POINT ( 'NONE',  ( 20.80912086321459853, -0.2821007244074951181, 9.999999999999998224 ) ) ;
#90 = ORIENTED_EDGE ( 'NONE', *, *, #1254, .F. ) ;
#91 = EDGE_CURVE ( 'NONE', #247, #1055, #1405, .T. ) ;
#92 = CARTESIAN_POINT ( 'NONE',  ( -7.478379382672192932, -5.047066950936187624, 13.19568208479837601 ) ) ;
#93 = CARTESIAN_POINT ( 'NONE',  ( 6.727507346848847547, -5.978348007442770395, -4.305125451459349328 ) ) ;
#94 = CYLINDRICAL_SURFACE ( 'NONE', #1647, 3.499999999999999556 ) ;
#95 = CARTESIAN_POINT ( 'NONE',  ( 20.07947625587876672, -2.155615033882166909, 11.42208046950040945 ) ) ;
#96 = ORIENTED_EDGE ( 'NONE', *, *, #9, .T. ) ;
#97 = CARTESIAN_POINT ( 'NONE',  ( -22.51523807704075253, 13.58529661354812035, -1.503148687208237577 ) ) ;
#98 = EDGE_CURVE ( 'NONE', #679, #219, #1327, .T. ) ;
#99 = DIRECTION ( 'NONE',  ( 0.000000000000000000, -0.4768709627114788852, -0.8789733129752161922 ) ) ;
#100 = EDGE_LOOP ( 'NONE', ( #727, #186, #555, #214 ) ) ;
#101 = CARTESIAN_POINT ( 'NONE',  ( -14.66377553849052262, 20.32050807568861828, 0.2250300038534429337 ) ) ;
#102 = DIRECTION ( 'NONE',  ( 0.8660254037844352659, 0.5000000000000058842, -0.000000000000000000 ) ) ;
#103 = EDGE_CURVE ( 'NONE', #970, #1175, #1313, .T. ) ;
#104 = CARTESIAN_POINT ( 'NONE',  ( -3.574731102555571027, -20.00000000000012790, -17.13100398530155388 ) ) ;
#105 = CARTESIAN_POINT ( 'NONE',  ( 14.69266416625684002, 11.81597913435768632, -16.13351141378939602 ) ) ;
#106 = APPROVAL_DATE_TIME ( #1631, #1257 ) ;
#107 = FACE_OUTER_BOUND ( 'NONE', #1082, .T. ) ;
#108 = ORIENTED_EDGE ( 'NONE', *, *, #64, .F. ) ;
#109 = EDGE_CURVE ( 'NONE', #320, #974, #1480, .T. ) ;
#110 = CARTESIAN_POINT ( 'NONE',  ( 13.85640646055101932, 5.999999999999999112, -5.586624630700420369 ) ) ;
#111 = LINE ( 'NONE', #1832, #631 ) ;
#112 = ORIENTED_EDGE ( 'NONE', *, *, #2202, .T. ) ;
#113 = EDGE_LOOP ( 'NONE', ( #823, #729, #1251, #261, #1697, #1482, #695 ) ) ;
#114 = DIRECTION ( 'NONE',  ( 0.4932921833250081267, 0.8544071244954972721, 0.1632522204497766360 ) ) ;
#115 = VECTOR ( 'NONE', #439, 1000.000000000000227 ) ;
#116 = CARTESIAN_POINT ( 'NONE',  ( -16.00115023764066180, 9.820508075688527683, -18.64191010083951383 ) ) ;
#117 = AXIS2_PLACEMENT_3D ( 'NONE', #20, #713, #1429 ) ;
#118 = PRODUCT_DEFINITION_FORMATION_WITH_SPECIFIED_SOURCE ( 'ANY', '', #1448, .NOT_KNOWN. ) ;
#119 = CARTESIAN_POINT ( 'NONE',  ( 16.79400187923107879, 11.41842451130685809, -14.32965796528452529 ) ) ;
#120 = CARTESIAN_POINT ( 'NONE',  ( 19.73230952490953527, -2.537407022280409929, 8.870269613594411240 ) ) ;
#121 = ORIENTED_EDGE ( 'NONE', *, *, #520, .F. ) ;
#122 = DIRECTION ( 'NONE',  ( 0.9396926207859105373, -4.200521762702680993E-16, -0.3420201433256624957 ) ) ;
#123 = CIRCLE ( 'NONE', #744, 3.000000000000000444 ) ;
#124 = CYLINDRICAL_SURFACE ( 'NONE', #227, 8.999999999999992895 ) ;
#125 = ORIENTED_EDGE ( 'NONE', *, *, #1500, .T. ) ;
#126 = VECTOR ( 'NONE', #44, 1000.000000000000000 ) ;
#127 = LINE ( 'NONE', #1007, #1973 ) ;
#128 = EDGE_CURVE ( 'NONE', #797, #1533, #661, .T. ) ;
#129 = DIRECTION ( 'NONE',  ( 0.1710100716628320527, -0.8660254037844361541, 0.4698463103929595430 ) ) ;
#130 = CARTESIAN_POINT ( 'NONE',  ( 16.50469996017336172, 10.96061997682821954, -14.57203273714003089 ) ) ;
#131 = ADVANCED_FACE ( 'NONE', ( #1081 ), #1110, .F. ) ;
#132 = CARTESIAN_POINT ( 'NONE',  ( -33.82936877136337728, -15.28589838486234420, -5.943559507531388064 ) ) ;
#133 = ADVANCED_FACE ( 'NONE', ( #2128, #68 ), #1470, .F. ) ;
#134 = CARTESIAN_POINT ( 'NONE',  ( -21.64917412059089230, 10.71072053926314638, -1.887174006952971439 ) ) ;
#135 = CARTESIAN_POINT ( 'NONE',  ( 12.85575219373088807, 17.32050807568859341, -15.32088886237948167 ) ) ;
#136 = ORIENTED_EDGE ( 'NONE', *, *, #2105, .T. ) ;
#137 = CARTESIAN_POINT ( 'NONE',  ( -18.21815313120275093, 14.32050807568856854, -9.540542172339030458 ) ) ;
#138 = ORIENTED_EDGE ( 'NONE', *, *, #1475, .T. ) ;
#139 = CARTESIAN_POINT ( 'NONE',  ( 13.85640646055101932, 5.999999999999999112, -5.586624630700420369 ) ) ;
#140 = CARTESIAN_POINT ( 'NONE',  ( 15.82178223568978304, 10.67495702859291562, -15.05956218149239589 ) ) ;
#141 = DIRECTION ( 'NONE',  ( 0.1710100716628328577, -0.8660254037844362651, 0.4698463103929590434 ) ) ;
#142 = DIRECTION ( 'NONE',  ( 0.000000000000000000, -0.4768709627114783300, -0.8789733129752165253 ) ) ;
#143 = VERTEX_POINT ( 'NONE', #1956 ) ;
#144 = LINE ( 'NONE', #2, #1201 ) ;
#145 = VERTEX_POINT ( 'NONE', #2151 ) ;
#146 = EDGE_LOOP ( 'NONE', ( #1519, #489 ) ) ;
#147 = DIRECTION ( 'NONE',  ( 0.000000000000000000, -0.4768709627114787186, -0.8789733129752163032 ) ) ;
#148 = AXIS2_PLACEMENT_3D ( 'NONE', #246, #937, #1952 ) ;
#149 = CARTESIAN_POINT ( 'NONE',  ( 16.66617506414032590, 11.17467633481174616, -14.43959583595222540 ) ) ;
#150 = AXIS2_PLACEMENT_3D ( 'NONE', #2019, #1485, #1950 ) ;
#151 = EDGE_CURVE ( 'NONE', #1413, #1921, #817, .T. ) ;
#152 = CARTESIAN_POINT ( 'NONE',  ( -21.63997927881617045, 11.85793384305756781, -2.927517424769043419 ) ) ;
#153 = CARTESIAN_POINT ( 'NONE',  ( -22.09721409580375706, 11.74815446401823671, -0.04712974505029583067 ) ) ;
#154 = EDGE_LOOP ( 'NONE', ( #1377, #1698, #367, #1987 ) ) ;
#155 = AXIS2_PLACEMENT_3D ( 'NONE', #340, #1678, #1366 ) ;
#156 = CARTESIAN_POINT ( 'NONE',  ( 10.49644482817591751, -11.81962425875586753, -7.193353608750476802 ) ) ;
#157 = CIRCLE ( 'NONE', #955, 1.499999999999999778 ) ;
#158 = ORIENTED_EDGE ( 'NONE', *, *, #1928, .T. ) ;
#159 = EDGE_CURVE ( 'NONE', #14, #518, #2160, .T. ) ;
#160 = ORIENTED_EDGE ( 'NONE', *, *, #583, .T. ) ;
#161 = VECTOR ( 'NONE', #781, 1000.000000000000114 ) ;
#162 = CARTESIAN_POINT ( 'NONE',  ( -24.72853458199773158, 14.32050807568856854, -7.170957110530889800 ) ) ;
#163 = DIRECTION ( 'NONE',  ( -0.1710100716628328577, 0.8660254037844363761, -0.4698463103929590434 ) ) ;
#164 = CARTESIAN_POINT ( 'NONE',  ( -22.29512256980813945, 13.10956881273463814, -2.636069976740991638 ) ) ;
#165 = CARTESIAN_POINT ( 'NONE',  ( -22.33861996747549838, 13.32675105298680940, -0.5714051529097291526 ) ) ;
#166 = ORIENTED_EDGE ( 'NONE', *, *, #1369, .T. ) ;
#167 = EDGE_CURVE ( 'NONE', #939, #253, #1622, .T. ) ;
#168 = CARTESIAN_POINT ( 'NONE',  ( -15.36111387413825646, -2.900133507776992747, 0.000000000000000000 ) ) ;
#169 = ORIENTED_EDGE ( 'NONE', *, *, #724, .F. ) ;
#170 = EDGE_CURVE ( 'NONE', #2104, #854, #2140, .T. ) ;
#171 = EDGE_LOOP ( 'NONE', ( #1138, #494 ) ) ;
#172 = PLANE ( 'NONE',  #15 ) ;
#173 = DIRECTION ( 'NONE',  ( 0.5000000000000005551, 0.8660254037844383745, 0.000000000000000000 ) ) ;
#174 = CARTESIAN_POINT ( 'NONE',  ( 17.32050807568876749, 2.071797594602757948E-15, 15.00000000000000000 ) ) ;
#175 = CARTESIAN_POINT ( 'NONE',  ( -24.24871130596427093, 2.654222231933786525E-14, 15.00000000000000000 ) ) ;
#176 = ORIENTED_EDGE ( 'NONE', *, *, #472, .F. ) ;
#177 = EDGE_CURVE ( 'NONE', #2026, #1600, #783, .T. ) ;
#178 = CARTESIAN_POINT ( 'NONE',  ( -8.216739161321404694, -15.28589838486236729, -15.26579430687164951 ) ) ;
#179 = ORIENTED_EDGE ( 'NONE', *, *, #2205, .F. ) ;
#180 = ORIENTED_EDGE ( 'NONE', *, *, #1802, .T. ) ;
#181 = FACE_OUTER_BOUND ( 'NONE', #1750, .T. ) ;
#182 = CARTESIAN_POINT ( 'NONE',  ( -3.794412866145048469, -63.20874128731087893, 40.21671405493819407 ) ) ;
#183 = VECTOR ( 'NONE', #694, 1000.000000000000114 ) ;
#184 = CARTESIAN_POINT ( 'NONE',  ( -20.53000079122487165, -1.399498612784690232, 11.45103525356624097 ) ) ;
#185 = CARTESIAN_POINT ( 'NONE',  ( -3.794412866145048469, -63.20874128731087893, 40.21671405493819407 ) ) ;
#186 = ORIENTED_EDGE ( 'NONE', *, *, #1553, .F. ) ;
#187 =( GEOMETRIC_REPRESENTATION_CONTEXT ( 3 ) GLOBAL_UNCERTAINTY_ASSIGNED_CONTEXT ( ( #1986 ) ) GLOBAL_UNIT_ASSIGNED_CONTEXT ( ( #1736, #2092, #370 ) ) REPRESENTATION_CONTEXT ( 'NONE', 'WORKASPACE' ) );
#188 = CARTESIAN_POINT ( 'NONE',  ( 8.660254037844563157, -14.99999999999990585, 15.00000000000000000 ) ) ;
#189 = ORIENTED_EDGE ( 'NONE', *, *, #1064, .F. ) ;
#190 = AXIS2_PLACEMENT_3D ( 'NONE', #132, #1003, #2194 ) ;
#191 = ORIENTED_EDGE ( 'NONE', *, *, #997, .F. ) ;
#192 = FACE_OUTER_BOUND ( 'NONE', #337, .T. ) ;
#193 = DIRECTION ( 'NONE',  ( 0.000000000000000000, 1.000000000000000000, 0.000000000000000000 ) ) ;
#194 = EDGE_CURVE ( 'NONE', #563, #518, #1970, .T. ) ;
#195 = VECTOR ( 'NONE', #251, 1000.000000000000000 ) ;
#196 = AXIS2_PLACEMENT_3D ( 'NONE', #514, #1351, #2196 ) ;
#197 = EDGE_CURVE ( 'NONE', #2086, #1960, #250, .T. ) ;
#198 = FACE_OUTER_BOUND ( 'NONE', #2119, .T. ) ;
#199 = VERTEX_POINT ( 'NONE', #2123 ) ;
#200 = EDGE_CURVE ( 'NONE', #1625, #292, #1680, .T. ) ;
#201 = CARTESIAN_POINT ( 'NONE',  ( -7.794228634059950700, -4.499999999999995559, 15.00000000000000000 ) ) ;
#202 = DIRECTION ( 'NONE',  ( -0.000000000000000000, -0.000000000000000000, -1.000000000000000000 ) ) ;
#203 = ORIENTED_EDGE ( 'NONE', *, *, #1039, .F. ) ;
#204 = CARTESIAN_POINT ( 'NONE',  ( 7.794228634059950700, -4.499999999999997335, -74.56220884755757083 ) ) ;
#205 = ORIENTED_EDGE ( 'NONE', *, *, #769, .T. ) ;
#206 = ORIENTED_EDGE ( 'NONE', *, *, #1000, .F. ) ;
#207 = CARTESIAN_POINT ( 'NONE',  ( -0.6127497752953896537, -15.00000000000008704, -8.993027171807822739 ) ) ;
#208 = PLANE ( 'NONE',  #1194 ) ;
#209 = LINE ( 'NONE', #533, #842 ) ;
#210 = VERTEX_POINT ( 'NONE', #1792 ) ;
#211 = FACE_OUTER_BOUND ( 'NONE', #1216, .T. ) ;
#212 = VERTEX_POINT ( 'NONE', #1252 ) ;
#213 = DIRECTION ( 'NONE',  ( 0.9396926207859099822, -7.511572993685796142E-16, -0.3420201433256642165 ) ) ;
#214 = ORIENTED_EDGE ( 'NONE', *, *, #840, .F. ) ;
#215 = ORIENTED_EDGE ( 'NONE', *, *, #1369, .F. ) ;
#216 = FACE_OUTER_BOUND ( 'NONE', #1661, .T. ) ;
#217 = CARTESIAN_POINT ( 'NONE',  ( -17.31748054058350306, 6.000000000000011546, 11.33809060579895878 ) ) ;
#218 = DIRECTION ( 'NONE',  ( 0.1930750503483316671, -0.3344157968772294987, -0.9224359596914881720 ) ) ;
#219 = VERTEX_POINT ( 'NONE', #378 ) ;
#220 = CARTESIAN_POINT ( 'NONE',  ( -20.77035173729095874, -0.6076172252649730821, 10.92229334602660984 ) ) ;
#221 = CARTESIAN_POINT ( 'NONE',  ( -20.56683500440679069, -1.311399321127812989, 8.578034041414570154 ) ) ;
#222 = CARTESIAN_POINT ( 'NONE',  ( 19.96158504612274953, -2.298541718099328168, 11.34567089887057634 ) ) ;
#223 = ORIENTED_EDGE ( 'NONE', *, *, #1186, .F. ) ;
#224 = EDGE_CURVE ( 'NONE', #1561, #5, #1593, .T. ) ;
#225 = AXIS2_PLACEMENT_3D ( 'NONE', #1432, #1968, #2126 ) ;
#226 = CARTESIAN_POINT ( 'NONE',  ( -8.273194206485126045, -20.00000000000012434, -15.42090326867324279 ) ) ;
#227 = AXIS2_PLACEMENT_3D ( 'NONE', #626, #295, #2007 ) ;
#228 = ORIENTED_EDGE ( 'NONE', *, *, #364, .T. ) ;
#229 = VERTEX_POINT ( 'NONE', #1949 ) ;
#230 = CARTESIAN_POINT ( 'NONE',  ( 15.15373570220570976, 12.86099992874534692, -16.39517196883495487 ) ) ;
#231 = CARTESIAN_POINT ( 'NONE',  ( -19.30912086321479038, -2.880176935760860424, 9.999999999999998224 ) ) ;
#232 = EDGE_CURVE ( 'NONE', #477, #1365, #1752, .T. ) ;
#233 = AXIS2_PLACEMENT_3D ( 'NONE', #1944, #1119, #76 ) ;
#234 = LINE ( 'NONE', #750, #1778 ) ;
#235 = AXIS2_PLACEMENT_3D ( 'NONE', #1484, #435, #455 ) ;
#236 = ORIENTED_EDGE ( 'NONE', *, *, #1371, .F. ) ;
#237 = CARTESIAN_POINT ( 'NONE',  ( 22.65662757892905432, 23.08081003162475042, 9.999999999999998224 ) ) ;
#238 = CARTESIAN_POINT ( 'NONE',  ( 0.000000000000000000, 0.000000000000000000, 0.000000000000000000 ) ) ;
#239 = CARTESIAN_POINT ( 'NONE',  ( 20.24829565592235170, -1.920286370126908393, 11.49000066527518449 ) ) ;
#240 = ORIENTED_EDGE ( 'NONE', *, *, #1476, .F. ) ;
#241 = PRODUCT_DEFINITION_SHAPE ( 'NONE', 'NONE',  #1289 ) ;
#242 = DIRECTION ( 'NONE',  ( -0.4932921833250089594, -0.8544071244954964950, -0.1632522204497778573 ) ) ;
#243 = ORIENTED_EDGE ( 'NONE', *, *, #724, .T. ) ;
#244 = DIRECTION ( 'NONE',  ( 0.9396926207859104263, -6.938893903907226405E-16, -0.3420201433256629397 ) ) ;
#245 = CARTESIAN_POINT ( 'NONE',  ( -24.98980427102496904, 12.94214905122671944, -1.787936249065940952 ) ) ;
#246 = CARTESIAN_POINT ( 'NONE',  ( 17.32050807568876749, 2.071797594602757948E-15, 15.00000000000000000 ) ) ;
#247 = VERTEX_POINT ( 'NONE', #390 ) ;
#248 = CARTESIAN_POINT ( 'NONE',  ( -12.99038105676659782, -7.499999999999972466, 15.00000000000000000 ) ) ;
#249 = COORDINATED_UNIVERSAL_TIME_OFFSET ( 7, 0, .BEHIND. ) ;
#250 = LINE ( 'NONE', #1285, #1570 ) ;
#251 = DIRECTION ( 'NONE',  ( -0.000000000000000000, -0.000000000000000000, -1.000000000000000000 ) ) ;
#252 = ADVANCED_FACE ( 'NONE', ( #216 ), #1075, .F. ) ;
#253 = VERTEX_POINT ( 'NONE', #207 ) ;
#254 = CARTESIAN_POINT ( 'NONE',  ( 20.82050807568876749, 2.500423974304331361E-15, 15.00000000000000000 ) ) ;
#255 = CARTESIAN_POINT ( 'NONE',  ( 20.78460969082651388, 6.000000000000011546, 15.00000000000000000 ) ) ;
#256 = CARTESIAN_POINT ( 'NONE',  ( -5.311212879224942895, -15.00000000000008349, -7.282926455179509873 ) ) ;
#257 = PERSON_AND_ORGANIZATION_ROLE ( 'design_supplier' ) ;
#258 = DIRECTION ( 'NONE',  ( -0.000000000000000000, -0.000000000000000000, -1.000000000000000000 ) ) ;
#259 = CARTESIAN_POINT ( 'NONE',  ( 17.32050807568876749, 2.071797594602757948E-15, 0.000000000000000000 ) ) ;
#260 = VECTOR ( 'NONE', #927, 1000.000000000000000 ) ;
#261 = ORIENTED_EDGE ( 'NONE', *, *, #82, .T. ) ;
#262 = DIRECTION ( 'NONE',  ( -1.000000000000000000, 0.000000000000000000, 0.000000000000000000 ) ) ;
#263 = CIRCLE ( 'NONE', #1529, 1.499999999999999778 ) ;
#264 = CC_DESIGN_APPROVAL ( #1257, ( #118 ) ) ;
#265 = CARTESIAN_POINT ( 'NONE',  ( -4.429781460869731902, -15.66987298107794579, -19.48023553726635626 ) ) ;
#266 = EDGE_CURVE ( 'NONE', #974, #1841, #1391, .T. ) ;
#267 = AXIS2_PLACEMENT_3D ( 'NONE', #753, #442, #1434 ) ;
#268 = DIRECTION ( 'NONE',  ( -0.000000000000000000, -0.000000000000000000, -1.000000000000000000 ) ) ;
#269 = APPROVAL_ROLE ( '' ) ;
#270 = CARTESIAN_POINT ( 'NONE',  ( 20.56721476729872577, -1.310436886950091306, 11.42159282196465675 ) ) ;
#271 = AXIS2_PLACEMENT_3D ( 'NONE', #1182, #841, #496 ) ;
#272 = ADVANCED_FACE ( 'NONE', ( #746, #192 ), #911, .F. ) ;
#273 = ORIENTED_EDGE ( 'NONE', *, *, #511, .F. ) ;
#274 = AXIS2_PLACEMENT_3D ( 'NONE', #968, #1293, #1478 ) ;
#275 = DIRECTION ( 'NONE',  ( -0.7261554316666058995, 0.000000000000000000, -0.6875305731828114109 ) ) ;
#276 = ORIENTED_EDGE ( 'NONE', *, *, #795, .T. ) ;
#277 = ORIENTED_EDGE ( 'NONE', *, *, #1120, .T. ) ;
#278 = CARTESIAN_POINT ( 'NONE',  ( -5.548398471330786563, -15.90192378864680656, -15.24409951411815456 ) ) ;
#279 = CARTESIAN_POINT ( 'NONE',  ( 24.24871130596427093, 2.602085213965062730E-15, 15.00000000000000000 ) ) ;
#280 = EDGE_CURVE ( 'NONE', #931, #5, #1601, .T. ) ;
#281 = LINE ( 'NONE', #256, #676 ) ;
#282 = DIRECTION ( 'NONE',  ( 1.000000000000000000, 0.000000000000000000, 0.000000000000000000 ) ) ;
#283 = FACE_OUTER_BOUND ( 'NONE', #1751, .T. ) ;
#284 = ORIENTED_EDGE ( 'NONE', *, *, #816, .F. ) ;
#285 = DIRECTION ( 'NONE',  ( -0.2961981327260183594, -0.5000000000000041078, -0.8137976813493732475 ) ) ;
#286 = CARTESIAN_POINT ( 'NONE',  ( 23.72511486607636755, -66.20874128731091446, 24.67079518870525945 ) ) ;
#287 = ORIENTED_EDGE ( 'NONE', *, *, #1224, .T. ) ;
#288 = VERTEX_POINT ( 'NONE', #1777 ) ;
#289 = DIRECTION ( 'NONE',  ( 0.5000000000000001110, 0.8660254037844385966, 0.000000000000000000 ) ) ;
#290 = DIRECTION ( 'NONE',  ( -0.1710100716628328577, 0.8660254037844363761, -0.4698463103929590434 ) ) ;
#291 = DIRECTION ( 'NONE',  ( 0.9396926207859105373, -3.922966006546391858E-16, -0.3420201433256624957 ) ) ;
#292 = VERTEX_POINT ( 'NONE', #26 ) ;
#293 = CARTESIAN_POINT ( 'NONE',  ( -20.78460969082651388, 6.000000000000023981, 0.8857272221941825396 ) ) ;
#294 = EDGE_CURVE ( 'NONE', #1580, #32, #1403, .T. ) ;
#295 = DIRECTION ( 'NONE',  ( -0.1710100716628328577, 0.8660254037844364872, -0.4698463103929590989 ) ) ;
#296 = ORIENTED_EDGE ( 'NONE', *, *, #2205, .T. ) ;
#297 = FACE_OUTER_BOUND ( 'NONE', #36, .T. ) ;
#298 = CIRCLE ( 'NONE', #1155, 3.499999999999996447 ) ;
#299 = VECTOR ( 'NONE', #558, 1000.000000000000000 ) ;
#300 = EDGE_CURVE ( 'NONE', #888, #1444, #671, .T. ) ;
#301 = DIRECTION ( 'NONE',  ( -0.9396926207859106484, 8.456776945386934585E-16, 0.3420201433256626622 ) ) ;
#302 = LOCAL_TIME ( 22, 21, 35.00000000000000000, #249 ) ;
#303 = DIRECTION ( 'NONE',  ( 0.1710100716628328577, -0.8660254037844362651, 0.4698463103929590434 ) ) ;
#304 = CARTESIAN_POINT ( 'NONE',  ( 20.80624606003368271, -0.3263406740947541462, 9.604173159091560663 ) ) ;
#305 = CARTESIAN_POINT ( 'NONE',  ( 24.50842359597174536, 24.25706025102433827, 3.865185450765484809 ) ) ;
#306 = VECTOR ( 'NONE', #942, 1000.000000000000114 ) ;
#307 = CARTESIAN_POINT ( 'NONE',  ( -22.09205907907191246, 11.65205200846727429, -0.07761201182076199467 ) ) ;
#308 = ORIENTED_EDGE ( 'NONE', *, *, #1291, .T. ) ;
#309 = AXIS2_PLACEMENT_3D ( 'NONE', #794, #1643, #275 ) ;
#310 = CARTESIAN_POINT ( 'NONE',  ( -17.13116681757666981, 6.000000000000005329, 6.650690319970155251 ) ) ;
#311 = EDGE_LOOP ( 'NONE', ( #136, #995 ) ) ;
#312 = CARTESIAN_POINT ( 'NONE',  ( 11.09087288828875373, 1.209955342804293954, -9.288623900150204449 ) ) ;
#313 = CARTESIAN_POINT ( 'NONE',  ( -8.273194206485126045, -20.00000000000012434, -15.42090326867324279 ) ) ;
#314 = CARTESIAN_POINT ( 'NONE',  ( 20.77037407810042779, -0.6077057491326812722, 9.077396330418732617 ) ) ;
#315 = CARTESIAN_POINT ( 'NONE',  ( -22.51623441577283913, 13.53528188498782292, -1.896676323239691930 ) ) ;
#316 = LINE ( 'NONE', #1005, #524 ) ;
#317 = ORIENTED_EDGE ( 'NONE', *, *, #958, .F. ) ;
#318 = DIRECTION ( 'NONE',  ( -0.2515460552138206740, 0.9678453296402093065, 0.000000000000000000 ) ) ;
#319 = ADVANCED_FACE ( 'NONE', ( #1977 ), #1323, .F. ) ;
#320 = VERTEX_POINT ( 'NONE', #601 ) ;
#321 = LINE ( 'NONE', #1512, #1959 ) ;
#322 = CARTESIAN_POINT ( 'NONE',  ( 0.2748033893468552202, 9.820508075688527683, -24.56587275535989434 ) ) ;
#323 = CARTESIAN_POINT ( 'NONE',  ( 20.53470044241257497, -1.397362099803525659, 8.540247972326669768 ) ) ;
#324 = CARTESIAN_POINT ( 'NONE',  ( -21.56995009838281163, 11.59332114519280665, -2.813199432816038570 ) ) ;
#325 = CARTESIAN_POINT ( 'NONE',  ( -21.86917618778052841, 10.70315127118882614, -1.122733444625106491 ) ) ;
#326 = ORIENTED_EDGE ( 'NONE', *, *, #1191, .T. ) ;
#327 = PLANE ( 'NONE',  #1790 ) ;
#328 = ORIENTED_EDGE ( 'NONE', *, *, #476, .T. ) ;
#329 = ORIENTED_EDGE ( 'NONE', *, *, #170, .F. ) ;
#330 = FACE_OUTER_BOUND ( 'NONE', #539, .T. ) ;
#331 = VECTOR ( 'NONE', #1348, 1000.000000000000000 ) ;
#332 = CARTESIAN_POINT ( 'NONE',  ( 16.37222225409178833, 10.84835857392038427, -14.67433045091137878 ) ) ;
#333 = CIRCLE ( 'NONE', #150, 3.499999999999999556 ) ;
#334 = EDGE_CURVE ( 'NONE', #931, #664, #387, .T. ) ;
#335 = FACE_OUTER_BOUND ( 'NONE', #465, .T. ) ;
#336 = LINE ( 'NONE', #1883, #1051 ) ;
#337 = EDGE_LOOP ( 'NONE', ( #273, #372, #1909, #1390, #1135, #1328, #480 ) ) ;
#338 = EDGE_CURVE ( 'NONE', #854, #2104, #789, .T. ) ;
#339 = VECTOR ( 'NONE', #258, 1000.000000000000000 ) ;
#340 = CARTESIAN_POINT ( 'NONE',  ( -24.24871130596427093, 2.654222231933786525E-14, 15.00000000000000000 ) ) ;
#341 = VECTOR ( 'NONE', #427, 1000.000000000000114 ) ;
#342 = ORIENTED_EDGE ( 'NONE', *, *, #200, .F. ) ;
#343 = LINE ( 'NONE', #363, #1851 ) ;
#344 = DIRECTION ( 'NONE',  ( -0.9396926207859098712, -1.646999599620966745E-15, 0.3420201433256646051 ) ) ;
#345 = EDGE_CURVE ( 'NONE', #70, #1866, #1847, .T. ) ;
#346 = FACE_OUTER_BOUND ( 'NONE', #1181, .T. ) ;
#347 = CARTESIAN_POINT ( 'NONE',  ( -22.05694312406385649, 11.20996015727674866, -0.3075097438853482412 ) ) ;
#348 = VERTEX_POINT ( 'NONE', #471 ) ;
#349 = FACE_OUTER_BOUND ( 'NONE', #549, .T. ) ;
#350 = VERTEX_POINT ( 'NONE', #254 ) ;
#351 = ORIENTED_EDGE ( 'NONE', *, *, #513, .F. ) ;
#352 = DIRECTION ( 'NONE',  ( 0.8660254037844397068, 0.4999999999999982236, -0.000000000000000000 ) ) ;
#353 = LINE ( 'NONE', #1903, #1337 ) ;
#354 = CARTESIAN_POINT ( 'NONE',  ( -20.65888195716771492, -1.054595131942243302, 11.29927006172561832 ) ) ;
#355 = DIRECTION ( 'NONE',  ( -0.7261554316666057884, 0.000000000000000000, -0.6875305731828114109 ) ) ;
#356 = ORIENTED_EDGE ( 'NONE', *, *, #91, .F. ) ;
#357 = EDGE_CURVE ( 'NONE', #831, #1070, #123, .T. ) ;
#358 = DIRECTION ( 'NONE',  ( 0.8660254037844387076, -0.4999999999999999445, 0.000000000000000000 ) ) ;
#359 = EDGE_LOOP ( 'NONE', ( #687, #2090, #1401, #975, #850, #1358, #964, #2231, #1876, #317, #1878, #1993, #745, #1343 ) ) ;
#360 = ADVANCED_FACE ( 'NONE', ( #297 ), #1107, .F. ) ;
#361 = VERTEX_POINT ( 'NONE', #811 ) ;
#362 = CARTESIAN_POINT ( 'NONE',  ( -1.980830348598046520, -8.071796769724596032, -12.75179765495149908 ) ) ;
#363 = CARTESIAN_POINT ( 'NONE',  ( -11.09995814075459819, -15.00000000000010303, -5.175995486233215814 ) ) ;
#364 = EDGE_CURVE ( 'NONE', #715, #469, #1996, .T. ) ;
#365 = CARTESIAN_POINT ( 'NONE',  ( -21.76666049839542083, -4.299038105676625143, 9.999999999999998224 ) ) ;
#366 = VECTOR ( 'NONE', #544, 1000.000000000000114 ) ;
#367 = ORIENTED_EDGE ( 'NONE', *, *, #1398, .T. ) ;
#368 = AXIS2_PLACEMENT_3D ( 'NONE', #1766, #1243, #796 ) ;
#369 = CARTESIAN_POINT ( 'NONE',  ( -19.37959249539456152, -2.830524140343450679, 10.48806177418562058 ) ) ;
#370 =( NAMED_UNIT ( * ) SI_UNIT ( $, .STERADIAN. ) SOLID_ANGLE_UNIT ( ) );
#371 = CARTESIAN_POINT ( 'NONE',  ( -10.68566879421218729, 5.999999999999981348, -1.313146461724419067 ) ) ;
#372 = ORIENTED_EDGE ( 'NONE', *, *, #840, .T. ) ;
#373 = CC_DESIGN_APPROVAL ( #1667, ( #1289 ) ) ;
#374 = DIRECTION ( 'NONE',  ( 0.9396926207859106484, -4.200521762702681486E-16, -0.3420201433256625512 ) ) ;
#375 = EDGE_LOOP ( 'NONE', ( #900, #1367, #730, #710, #2129 ) ) ;
#376 = CIRCLE ( 'NONE', #1025, 1.499999999999995781 ) ;
#377 = EDGE_LOOP ( 'NONE', ( #1435, #711, #757, #1666 ) ) ;
#378 = CARTESIAN_POINT ( 'NONE',  ( -24.72853458199773158, 14.32050807568856854, -7.170957110530889800 ) ) ;
#379 = CARTESIAN_POINT ( 'NONE',  ( -24.12499648273561803, 23.92857321350624389, 9.999999999999998224 ) ) ;
#380 = AXIS2_PLACEMENT_3D ( 'NONE', #1189, #1156, #1686 ) ;
#381 = VECTOR ( 'NONE', #716, 1000.000000000000227 ) ;
#382 = DIRECTION ( 'NONE',  ( -0.1710100716628328577, 0.8660254037844363761, -0.4698463103929590434 ) ) ;
#383 = ORIENTED_EDGE ( 'NONE', *, *, #1997, .F. ) ;
#384 = CARTESIAN_POINT ( 'NONE',  ( 16.61576109446332694, 11.49038105676638821, -18.22153501059314706 ) ) ;
#385 = CARTESIAN_POINT ( 'NONE',  ( 13.85640646055101932, 5.999999999999999112, -74.56220884755757083 ) ) ;
#386 = ORIENTED_EDGE ( 'NONE', *, *, #167, .T. ) ;
#387 =( BOUNDED_CURVE ( )  B_SPLINE_CURVE ( 3, ( #80, #1140, #2156, #619 ),
 .UNSPECIFIED., .F., .T. ) 
 B_SPLINE_CURVE_WITH_KNOTS ( ( 4, 4 ),
 ( 2.492258216440770280, 4.383747486596794474 ),
 .UNSPECIFIED. ) 
 CURVE ( )  GEOMETRIC_REPRESENTATION_ITEM ( )  RATIONAL_B_SPLINE_CURVE ( ( 1.000000000000000000, 0.7234261281564805524, 0.7234261281564805524, 1.000000000000000000 ) ) 
 REPRESENTATION_ITEM ( '' )  );
#388 = CARTESIAN_POINT ( 'NONE',  ( 7.823372671977272930, 14.32050807568856499, -19.01888241957164638 ) ) ;
#389 = VERTEX_POINT ( 'NONE', #71 ) ;
#390 = CARTESIAN_POINT ( 'NONE',  ( -17.13116681757666981, 6.000000000000005329, 6.650690319970155251 ) ) ;
#391 = CARTESIAN_POINT ( 'NONE',  ( 17.88813171548449432, 20.32050807568861117, -11.62289530518731873 ) ) ;
#392 = ADVANCED_FACE ( 'NONE', ( #1451, #1474 ), #1836, .F. ) ;
#393 = CARTESIAN_POINT ( 'NONE',  ( -5.262106574439111562, -8.882747716891564949, 0.000000000000000000 ) ) ;
#394 = EDGE_LOOP ( 'NONE', ( #287, #1184 ) ) ;
#395 = CARTESIAN_POINT ( 'NONE',  ( -19.78463792148601996, -2.489701727963300915, 11.19724884254886632 ) ) ;
#396 = DIRECTION ( 'NONE',  ( -0.1710100716628328577, 0.8660254037844364872, -0.4698463103929590989 ) ) ;
#397 = ORIENTED_EDGE ( 'NONE', *, *, #440, .T. ) ;
#398 = EDGE_CURVE ( 'NONE', #32, #1353, #419, .T. ) ;
#399 = PLANE ( 'NONE',  #1167 ) ;
#400 =( BOUNDED_CURVE ( )  B_SPLINE_CURVE ( 3, ( #77, #776, #1123, #110 ),
 .UNSPECIFIED., .F., .T. ) 
 B_SPLINE_CURVE_WITH_KNOTS ( ( 4, 4 ),
 ( 3.446942208228534366, 3.892870834205790498 ),
 .UNSPECIFIED. ) 
 CURVE ( )  GEOMETRIC_REPRESENTATION_ITEM ( )  RATIONAL_B_SPLINE_CURVE ( ( 1.000000000000000000, 0.9834975077970533608, 0.9834975077970533608, 1.000000000000000000 ) ) 
 REPRESENTATION_ITEM ( '' )  );
#401 = ORIENTED_EDGE ( 'NONE', *, *, #82, .F. ) ;
#402 = ORIENTED_EDGE ( 'NONE', *, *, #1894, .T. ) ;
#403 = DIRECTION ( 'NONE',  ( 0.9396926207859106484, -7.589415207398531038E-16, -0.3420201433256627732 ) ) ;
#404 = DIRECTION ( 'NONE',  ( -0.000000000000000000, -0.000000000000000000, -1.000000000000000000 ) ) ;
#405 = LINE ( 'NONE', #1767, #43 ) ;
#406 = ORIENTED_EDGE ( 'NONE', *, *, #2238, .F. ) ;
#407 = CARTESIAN_POINT ( 'NONE',  ( -17.79032549820653486, 6.000000000000005329, -1.313146461724437497 ) ) ;
#408 = LINE ( 'NONE', #1955, #299 ) ;
#409 = CARTESIAN_POINT ( 'NONE',  ( 30.23549631687136952, -66.20874128731091446, 22.30121012689710014 ) ) ;
#410 = ORIENTED_EDGE ( 'NONE', *, *, #813, .T. ) ;
#411 = ADVANCED_FACE ( 'NONE', ( #646, #1466 ), #610, .F. ) ;
#412 = VECTOR ( 'NONE', #129, 1000.000000000000114 ) ;
#413 = DIRECTION ( 'NONE',  ( -1.041604788457761281E-14, 1.000000000000000000, 0.000000000000000000 ) ) ;
#414 = VECTOR ( 'NONE', #807, 1000.000000000000000 ) ;
#415 = EDGE_CURVE ( 'NONE', #786, #1033, #2011, .T. ) ;
#416 = ORIENTED_EDGE ( 'NONE', *, *, #59, .T. ) ;
#417 = CARTESIAN_POINT ( 'NONE',  ( 23.72511486607636755, -66.20874128731091446, 24.67079518870525945 ) ) ;
#418 = DIRECTION ( 'NONE',  ( -0.9618967477123846477, -0.2500000000000018874, -0.1107007079486674178 ) ) ;
#419 = CIRCLE ( 'NONE', #1462, 1.499999999999998002 ) ;
#420 = CARTESIAN_POINT ( 'NONE',  ( -20.82050807568877815, -1.209484614510983555E-13, 0.2052053209947324874 ) ) ;
#421 = CIRCLE ( 'NONE', #1681, 3.499999999999999556 ) ;
#422 = ORIENTED_EDGE ( 'NONE', *, *, #177, .T. ) ;
#423 = CARTESIAN_POINT ( 'NONE',  ( -19.69615506024414131, 15.65145970619843219, -6.549370148751962439 ) ) ;
#424 = EDGE_CURVE ( 'NONE', #797, #888, #1290, .T. ) ;
#425 = PERSON_AND_ORGANIZATION ( #1591, #525 ) ;
#426 = DIRECTION ( 'NONE',  ( 0.7261554316666062325, 0.000000000000000000, 0.6875305731828110778 ) ) ;
#427 = DIRECTION ( 'NONE',  ( 0.8660254037844383745, -0.5000000000000004441, -0.000000000000000000 ) ) ;
#428 = ORIENTED_EDGE ( 'NONE', *, *, #2041, .F. ) ;
#429 = ORIENTED_EDGE ( 'NONE', *, *, #1452, .T. ) ;
#430 = CARTESIAN_POINT ( 'NONE',  ( 13.85640646055100866, -6.000000000000000000, 15.00000000000000000 ) ) ;
#431 = CARTESIAN_POINT ( 'NONE',  ( -3.199166919366012163, -15.90192378864680656, -16.09914987243231010 ) ) ;
#432 = CARTESIAN_POINT ( 'NONE',  ( -17.32050807568878170, -1.209484614510983555E-13, 15.00000000000000000 ) ) ;
#433 = PERSON_AND_ORGANIZATION_ROLE ( 'classification_officer' ) ;
#434 = CARTESIAN_POINT ( 'NONE',  ( 19.47765544127594239, -2.757424269828713470, 10.75723606313357550 ) ) ;
#435 = DIRECTION ( 'NONE',  ( 0.8660254037844383745, -0.5000000000000004441, 0.000000000000000000 ) ) ;
#436 = ORIENTED_EDGE ( 'NONE', *, *, #1938, .T. ) ;
#437 = DIRECTION ( 'NONE',  ( 0.8660254037844383745, -0.5000000000000004441, -0.000000000000000000 ) ) ;
#438 = ADVANCED_FACE ( 'NONE', ( #2164 ), #448, .T. ) ;
#439 = DIRECTION ( 'NONE',  ( 0.7263614178872016547, 0.4330127018922227955, 0.5337593939265995457 ) ) ;
#440 = EDGE_CURVE ( 'NONE', #2104, #247, #1074, .T. ) ;
#441 = CARTESIAN_POINT ( 'NONE',  ( 16.17654558344594662, -70.70874128731094288, 19.12380485291700793 ) ) ;
#442 = DIRECTION ( 'NONE',  ( -0.8660254037844387076, -0.5000000000000001110, 0.000000000000000000 ) ) ;
#443 = ORIENTED_EDGE ( 'NONE', *, *, #680, .T. ) ;
#444 = CARTESIAN_POINT ( 'NONE',  ( 22.52539714039271601, 6.000000000000018652, -5.197234989070609323 ) ) ;
#445 = VERTEX_POINT ( 'NONE', #168 ) ;
#446 = VECTOR ( 'NONE', #1805, 1000.000000000000114 ) ;
#447 = VERTEX_POINT ( 'NONE', #1886 ) ;
#448 = CYLINDRICAL_SURFACE ( 'NONE', #1423, 2.999999999999999556 ) ;
#449 = LINE ( 'NONE', #1152, #412 ) ;
#450 = LINE ( 'NONE', #66, #161 ) ;
#451 = PERSON_AND_ORGANIZATION ( #1591, #525 ) ;
#452 = CARTESIAN_POINT ( 'NONE',  ( -7.794228634059950700, -4.499999999999995559, 15.00000000000000000 ) ) ;
#453 = CIRCLE ( 'NONE', #2079, 1.499999999999995781 ) ;
#454 = ORIENTED_EDGE ( 'NONE', *, *, #2041, .T. ) ;
#455 = DIRECTION ( 'NONE',  ( 0.5000000000000001110, 0.8660254037844385966, 0.000000000000000000 ) ) ;
#456 = LINE ( 'NONE', #643, #989 ) ;
#457 = ORIENTED_EDGE ( 'NONE', *, *, #1483, .T. ) ;
#458 = VERTEX_POINT ( 'NONE', #689 ) ;
#459 = DIRECTION ( 'NONE',  ( 0.4719139070981652750, -0.8173788638923612515, 0.3304376751361393638 ) ) ;
#460 = CARTESIAN_POINT ( 'NONE',  ( 13.85640646055101932, 5.999999999999999112, -13.02631499376895263 ) ) ;
#461 = ADVANCED_FACE ( 'NONE', ( #1193 ), #1689, .F. ) ;
#462 = LINE ( 'NONE', #1513, #1918 ) ;
#463 = APPROVAL_STATUS ( 'not_yet_approved' ) ;
#464 = DIRECTION ( 'NONE',  ( 0.2961981327260180263, 0.5000000000000039968, 0.8137976813493734696 ) ) ;
#465 = EDGE_LOOP ( 'NONE', ( #2093, #1772, #1407, #882 ) ) ;
#466 = CARTESIAN_POINT ( 'NONE',  ( -7.897630023295565849, -15.90192378864680656, -14.38904915580399724 ) ) ;
#467 = DIRECTION ( 'NONE',  ( -0.000000000000000000, -0.000000000000000000, -1.000000000000000000 ) ) ;
#468 = ORIENTED_EDGE ( 'NONE', *, *, #1441, .F. ) ;
#469 = VERTEX_POINT ( 'NONE', #996 ) ;
#470 = EDGE_CURVE ( 'NONE', #1402, #1731, #861, .T. ) ;
#471 = CARTESIAN_POINT ( 'NONE',  ( 5.175995486233628817, -15.00000000000019718, -11.09995814075380594 ) ) ;
#472 = EDGE_CURVE ( 'NONE', #210, #1740, #127, .T. ) ;
#473 = CARTESIAN_POINT ( 'NONE',  ( 20.71593688328907135, 6.000000000000028422, -3.853564460026994265 ) ) ;
#474 = DIRECTION ( 'NONE',  ( 0.5000000000000005551, 0.8660254037844382635, 0.000000000000000000 ) ) ;
#475 = CARTESIAN_POINT ( 'NONE',  ( 20.78689486064659064, -0.4909482540383807714, 9.239676128403756294 ) ) ;
#476 = EDGE_CURVE ( 'NONE', #389, #786, #144, .T. ) ;
#477 = VERTEX_POINT ( 'NONE', #507 ) ;
#478 = PLANE ( 'NONE',  #380 ) ;
#479 = CARTESIAN_POINT ( 'NONE',  ( -8.660254037844293151, -15.00000000000020073, 15.00000000000000711 ) ) ;
#480 = ORIENTED_EDGE ( 'NONE', *, *, #357, .T. ) ;
#481 = CARTESIAN_POINT ( 'NONE',  ( 20.78460969082651388, 6.000000000000011546, 15.00000000000000000 ) ) ;
#482 = AXIS2_PLACEMENT_3D ( 'NONE', #1837, #1502, #1534 ) ;
#483 = ORIENTED_EDGE ( 'NONE', *, *, #4, .T. ) ;
#484 = VECTOR ( 'NONE', #1742, 1000.000000000000227 ) ;
#485 = DIRECTION ( 'NONE',  ( 0.1710100716628328577, -0.8660254037844362651, 0.4698463103929590434 ) ) ;
#486 = CARTESIAN_POINT ( 'NONE',  ( -13.82050807568877993, -1.205198350713967699E-13, 15.00000000000000000 ) ) ;
#487 = CARTESIAN_POINT ( 'NONE',  ( 19.47856887612227794, -2.756734019602767649, 9.240495350974640587 ) ) ;
#488 = VECTOR ( 'NONE', #437, 1000.000000000000114 ) ;
#489 = ORIENTED_EDGE ( 'NONE', *, *, #1971, .F. ) ;
#490 = EDGE_CURVE ( 'NONE', #2020, #1934, #157, .T. ) ;
#491 = CARTESIAN_POINT ( 'NONE',  ( 28.75749438782998624, -63.20874128731087893, 28.36878874589742239 ) ) ;
#492 = VECTOR ( 'NONE', #1709, 1000.000000000000114 ) ;
#493 = DIRECTION ( 'NONE',  ( -0.9618967477123844256, -0.2500000000000022760, -0.1107007079486682782 ) ) ;
#494 = ORIENTED_EDGE ( 'NONE', *, *, #1230, .T. ) ;
#495 = AXIS2_PLACEMENT_3D ( 'NONE', #305, #546, #1210 ) ;
#496 = DIRECTION ( 'NONE',  ( -1.000000000000000000, 0.000000000000000000, 0.000000000000000000 ) ) ;
#497 = ORIENTED_EDGE ( 'NONE', *, *, #334, .F. ) ;
#498 = CC_DESIGN_DATE_AND_TIME_ASSIGNMENT ( #1492, #637, ( #1311 ) ) ;
#499 = ORIENTED_EDGE ( 'NONE', *, *, #1941, .F. ) ;
#500 = FACE_OUTER_BOUND ( 'NONE', #377, .T. ) ;
#501 = ADVANCED_FACE ( 'NONE', ( #1030 ), #678, .F. ) ;
#502 = CARTESIAN_POINT ( 'NONE',  ( 16.06707487947939228, 10.71272492733212722, -14.89238277854747139 ) ) ;
#503 = CARTESIAN_POINT ( 'NONE',  ( -12.07727216266807524, 15.07050807568857387, -10.39323257939711809 ) ) ;
#504 = DIRECTION ( 'NONE',  ( -0.1710100716628328577, 0.8660254037844363761, -0.4698463103929590434 ) ) ;
#505 = CARTESIAN_POINT ( 'NONE',  ( -21.81605072742977924, 10.67730911456805742, -1.311827656253703678 ) ) ;
#506 = EDGE_LOOP ( 'NONE', ( #1953, #1556, #2183, #618, #641, #1566 ) ) ;
#507 = CARTESIAN_POINT ( 'NONE',  ( -22.49912363885774980, 3.030374731724420290, -1.045700885568627170 ) ) ;
#508 = ORIENTED_EDGE ( 'NONE', *, *, #2071, .F. ) ;
#509 = ORIENTED_EDGE ( 'NONE', *, *, #19, .F. ) ;
#510 = CARTESIAN_POINT ( 'NONE',  ( 20.82050807568876749, 2.500423974304331361E-15, 15.00000000000000000 ) ) ;
#511 = EDGE_CURVE ( 'NONE', #1008, #1070, #696, .T. ) ;
#512 = CARTESIAN_POINT ( 'NONE',  ( 15.08413248787067751, 10.87651183772735131, -15.54936876935009060 ) ) ;
#513 = EDGE_CURVE ( 'NONE', #292, #1175, #2199, .T. ) ;
#514 = CARTESIAN_POINT ( 'NONE',  ( 22.65662757892905432, 23.08081003162475042, 9.999999999999998224 ) ) ;
#515 = DIRECTION ( 'NONE',  ( 0.7261554316666031239, -2.545465780538389181E-15, 0.6875305731828142974 ) ) ;
#516 = VERTEX_POINT ( 'NONE', #1511 ) ;
#517 = DIRECTION ( 'NONE',  ( -0.9618967477123848697, -0.2500000000000015543, -0.1107007079486665990 ) ) ;
#518 = VERTEX_POINT ( 'NONE', #1518 ) ;
#519 = VERTEX_POINT ( 'NONE', #2043 ) ;
#520 = EDGE_CURVE ( 'NONE', #1295, #981, #1715, .T. ) ;
#521 = CARTESIAN_POINT ( 'NONE',  ( 13.85640646055100866, -6.000000000000000000, -8.729739445961859801 ) ) ;
#522 = VECTOR ( 'NONE', #553, 1000.000000000000114 ) ;
#523 = LINE ( 'NONE', #1756, #1636 ) ;
#524 = VECTOR ( 'NONE', #1409, 1000.000000000000000 ) ;
#525 = ORGANIZATION ( 'UNSPECIFIED', 'UNSPECIFIED', '' ) ;
#526 = CARTESIAN_POINT ( 'NONE',  ( -20.80912086321462340, -0.2821007244074534293, 9.999999999999998224 ) ) ;
#527 = LINE ( 'NONE', #653, #1271 ) ;
#528 = EDGE_LOOP ( 'NONE', ( #1206, #2085, #1183, #2053, #429 ) ) ;
#529 = CARTESIAN_POINT ( 'NONE',  ( 13.85640646055101932, 5.999999999999999112, -5.586624630700420369 ) ) ;
#530 = AXIS2_PLACEMENT_3D ( 'NONE', #491, #1338, #1507 ) ;
#531 = ORIENTED_EDGE ( 'NONE', *, *, #705, .T. ) ;
#532 = CARTESIAN_POINT ( 'NONE',  ( -23.59713113108959348, 1.128569968087574926, 7.124593314818912226 ) ) ;
#533 = CARTESIAN_POINT ( 'NONE',  ( 33.78987390958358361, -60.20874128731086472, 32.06678230308958177 ) ) ;
#534 = EDGE_CURVE ( 'NONE', #1264, #1760, #2221, .T. ) ;
#535 = CARTESIAN_POINT ( 'NONE',  ( -20.40085696335576060, -1.664725688084001787, 11.50005421099492331 ) ) ;
#536 = CARTESIAN_POINT ( 'NONE',  ( -27.45209288774861633, -5.548419655680807416, 6.027872274689845433 ) ) ;
#537 = VERTEX_POINT ( 'NONE', #529 ) ;
#538 = DIRECTION ( 'NONE',  ( -0.4999999999999904521, -0.8660254037844441477, 0.000000000000000000 ) ) ;
#539 = EDGE_LOOP ( 'NONE', ( #681, #1464, #839, #1261, #65 ) ) ;
#540 = EDGE_CURVE ( 'NONE', #145, #1866, #1173, .T. ) ;
#541 = ORIENTED_EDGE ( 'NONE', *, *, #64, .T. ) ;
#542 = CARTESIAN_POINT ( 'NONE',  ( 15.09255909379622018, 12.78329136697831281, -16.39625754954129988 ) ) ;
#543 = DIRECTION ( 'NONE',  ( 0.9396926207859104263, 0.000000000000000000, -0.3420201433256629953 ) ) ;
#544 = DIRECTION ( 'NONE',  ( -0.5000000000000005551, -0.8660254037844382635, -0.000000000000000000 ) ) ;
#545 = ORIENTED_EDGE ( 'NONE', *, *, #540, .F. ) ;
#546 = DIRECTION ( 'NONE',  ( -0.9618967477123848697, -0.2500000000000015543, -0.1107007079486665990 ) ) ;
#547 = EDGE_LOOP ( 'NONE', ( #406, #1379, #1757, #1150 ) ) ;
#548 = DIRECTION ( 'NONE',  ( -0.2515460552138224504, 0.9678453296402088624, 0.000000000000000000 ) ) ;
#549 = EDGE_LOOP ( 'NONE', ( #428, #176, #2010, #1340, #1374 ) ) ;
#550 = ORIENTED_EDGE ( 'NONE', *, *, #705, .F. ) ;
#551 = CARTESIAN_POINT ( 'NONE',  ( 16.96143057457520342, 12.38015172032295652, -14.22318157486245305 ) ) ;
#552 = CARTESIAN_POINT ( 'NONE',  ( 13.85640646055100866, -6.000000000000000000, 15.00000000000000000 ) ) ;
#553 = DIRECTION ( 'NONE',  ( -0.8603656062440190322, 0.5096773720623288817, 0.000000000000000000 ) ) ;
#554 = CIRCLE ( 'NONE', #1815, 1.499999999999995337 ) ;
#555 = ORIENTED_EDGE ( 'NONE', *, *, #1164, .F. ) ;
#556 = CIRCLE ( 'NONE', #368, 9.000000000000001776 ) ;
#557 = CARTESIAN_POINT ( 'NONE',  ( 19.36613364452588470, 17.32050807568858630, -17.69047392418764275 ) ) ;
#558 = DIRECTION ( 'NONE',  ( -0.9396926207859106484, 6.976079324265574316E-16, 0.3420201433256624401 ) ) ;
#559 = ORIENTED_EDGE ( 'NONE', *, *, #280, .T. ) ;
#560 = DIRECTION ( 'NONE',  ( -0.7261554316666057884, 0.000000000000000000, -0.6875305731828114109 ) ) ;
#561 = ORIENTED_EDGE ( 'NONE', *, *, #1475, .F. ) ;
#562 = ADVANCED_FACE ( 'NONE', ( #349 ), #327, .F. ) ;
#563 = VERTEX_POINT ( 'NONE', #1530 ) ;
#564 = DIRECTION ( 'NONE',  ( -0.9396926207859105373, 4.478077518858973086E-16, 0.3420201433256625512 ) ) ;
#565 = LINE ( 'NONE', #1793, #702 ) ;
#566 = AXIS2_PLACEMENT_3D ( 'NONE', #1222, #34, #1436 ) ;
#567 = AXIS2_PLACEMENT_3D ( 'NONE', #1817, #1102, #2001 ) ;
#568 = CARTESIAN_POINT ( 'NONE',  ( 23.40662757892907564, 21.78177192594810663, 9.999999999999998224 ) ) ;
#569 = EDGE_CURVE ( 'NONE', #14, #1264, #2030, .T. ) ;
#570 = ORIENTED_EDGE ( 'NONE', *, *, #2066, .F. ) ;
#571 = DIRECTION ( 'NONE',  ( 1.000000000000000000, -3.505400730386713018E-15, 0.000000000000000000 ) ) ;
#572 = CARTESIAN_POINT ( 'NONE',  ( -19.73191127362818520, -2.537785460790459080, 8.870728700428299973 ) ) ;
#573 = ORIENTED_EDGE ( 'NONE', *, *, #2105, .F. ) ;
#574 = FACE_OUTER_BOUND ( 'NONE', #1899, .T. ) ;
#575 = EDGE_LOOP ( 'NONE', ( #1006, #228, #2170, #1922 ) ) ;
#576 = ORIENTED_EDGE ( 'NONE', *, *, #699, .F. ) ;
#577 = CARTESIAN_POINT ( 'NONE',  ( 16.73000529622839139, 13.35107652037688553, -14.83114723368343313 ) ) ;
#578 = CARTESIAN_POINT ( 'NONE',  ( -7.794228634059950700, -4.499999999999995559, 15.00000000000000000 ) ) ;
#579 = EDGE_CURVE ( 'NONE', #1331, #145, #1355, .T. ) ;
#580 = ADVANCED_FACE ( 'NONE', ( #16 ), #1774, .F. ) ;
#581 = DIRECTION ( 'NONE',  ( -0.000000000000000000, -0.000000000000000000, -1.000000000000000000 ) ) ;
#582 = ORIENTED_EDGE ( 'NONE', *, *, #1032, .F. ) ;
#583 = EDGE_CURVE ( 'NONE', #519, #516, #921, .T. ) ;
#584 = DIRECTION ( 'NONE',  ( -0.6656986149863666213, 0.2500000000000019984, 0.7030969734007054273 ) ) ;
#585 = CARTESIAN_POINT ( 'NONE',  ( 17.70499424196322735, 11.49038105676639177, -17.19023915081892184 ) ) ;
#586 = DIRECTION ( 'NONE',  ( -0.6656986149863663993, 0.2500000000000021094, 0.7030969734007055383 ) ) ;
#587 = EDGE_LOOP ( 'NONE', ( #872, #2132, #422, #1139, #1342, #594, #457, #1195, #29, #735, #1833, #1149, #1531, #629 ) ) ;
#588 = PLANE ( 'NONE',  #566 ) ;
#589 = ORIENTED_EDGE ( 'NONE', *, *, #2110, .F. ) ;
#590 = CARTESIAN_POINT ( 'NONE',  ( -23.78422007228906310, 0.8045224163958362151, 15.14744902163612750 ) ) ;
#591 = CARTESIAN_POINT ( 'NONE',  ( 13.82050807568876571, 2.071797594602757948E-15, 15.00000000000000000 ) ) ;
#592 = EDGE_CURVE ( 'NONE', #1297, #2020, #1958, .T. ) ;
#593 = DIRECTION ( 'NONE',  ( 0.1710100716628328854, -0.8660254037844363761, 0.4698463103929590989 ) ) ;
#594 = ORIENTED_EDGE ( 'NONE', *, *, #2121, .T. ) ;
#595 = DIRECTION ( 'NONE',  ( -0.9396926207859106484, 6.938893903907228378E-16, 0.3420201433256624401 ) ) ;
#596 = VECTOR ( 'NONE', #602, 1000.000000000000114 ) ;
#597 = PERSON_AND_ORGANIZATION ( #1591, #525 ) ;
#598 = CARTESIAN_POINT ( 'NONE',  ( -20.78460969082651388, 6.000000000000023981, 15.00000000000000000 ) ) ;
#599 = LINE ( 'NONE', #2161, #341 ) ;
#600 = ORIENTED_EDGE ( 'NONE', *, *, #2038, .F. ) ;
#601 = CARTESIAN_POINT ( 'NONE',  ( -5.311212879224949113, -15.00000000000003375, -7.282926455179527636 ) ) ;
#602 = DIRECTION ( 'NONE',  ( -0.1710100716628328577, 0.8660254037844363761, -0.4698463103929590434 ) ) ;
#603 = VECTOR ( 'NONE', #1898, 1000.000000000000227 ) ;
#604 = CARTESIAN_POINT ( 'NONE',  ( -7.384599808307070745, -18.50000000000011013, -12.97951022462511972 ) ) ;
#605 = CARTESIAN_POINT ( 'NONE',  ( 19.90300119139764945, -2.363819022719987117, 11.29927006172562542 ) ) ;
#606 = ADVANCED_FACE ( 'NONE', ( #1388, #574 ), #885, .F. ) ;
#607 = CARTESIAN_POINT ( 'NONE',  ( -7.703708946332911367, -15.28589838486236729, -13.85625537569278620 ) ) ;
#608 = ADVANCED_FACE ( 'NONE', ( #2102 ), #708, .F. ) ;
#609 = DIRECTION ( 'NONE',  ( -0.9396926207859103153, 0.000000000000000000, 0.3420201433256632173 ) ) ;
#610 = CYLINDRICAL_SURFACE ( 'NONE', #846, 3.499999999999999556 ) ;
#611 = ADVANCED_FACE ( 'NONE', ( #718 ), #1249, .T. ) ;
#612 = EDGE_CURVE ( 'NONE', #447, #739, #453, .T. ) ;
#613 = LINE ( 'NONE', #1100, #115 ) ;
#614 = FACE_OUTER_BOUND ( 'NONE', #1101, .T. ) ;
#615 = PERSON_AND_ORGANIZATION ( #1591, #525 ) ;
#616 = CARTESIAN_POINT ( 'NONE',  ( 19.30912086321461985, -2.880176935760828005, 10.19775481139693163 ) ) ;
#617 = VERTEX_POINT ( 'NONE', #755 ) ;
#618 = ORIENTED_EDGE ( 'NONE', *, *, #1614, .F. ) ;
#619 = CARTESIAN_POINT ( 'NONE',  ( -7.794228634059950700, -4.499999999999995559, -1.744551591300283366 ) ) ;
#620 =( BOUNDED_CURVE ( )  B_SPLINE_CURVE ( 3, ( #1286, #1791, #1624, #69 ),
 .UNSPECIFIED., .F., .T. ) 
 B_SPLINE_CURVE_WITH_KNOTS ( ( 4, 4 ),
 ( 6.113414747911244618, 6.316320580148415686 ),
 .UNSPECIFIED. ) 
 CURVE ( )  GEOMETRIC_REPRESENTATION_ITEM ( )  RATIONAL_B_SPLINE_CURVE ( ( 1.000000000000000000, 0.9965720436929441650, 0.9965720436929441650, 1.000000000000000000 ) ) 
 REPRESENTATION_ITEM ( '' )  );
#621 = CARTESIAN_POINT ( 'NONE',  ( 24.24871130596427093, 2.602085213965062730E-15, 15.00000000000000000 ) ) ;
#622 = PLANE ( 'NONE',  #1425 ) ;
#623 = CARTESIAN_POINT ( 'NONE',  ( 20.70871794284956735, -0.8891481807020387151, 11.19724884254885922 ) ) ;
#624 = EDGE_LOOP ( 'NONE', ( #1869, #1322, #2055 ) ) ;
#625 = DIRECTION ( 'NONE',  ( -0.000000000000000000, -0.000000000000000000, -1.000000000000000000 ) ) ;
#626 = CARTESIAN_POINT ( 'NONE',  ( 12.48154076084246356, -63.20874128731087893, 34.29275140041779935 ) ) ;
#627 = VERTEX_POINT ( 'NONE', #1589 ) ;
#628 = VECTOR ( 'NONE', #1359, 1000.000000000000114 ) ;
#629 = ORIENTED_EDGE ( 'NONE', *, *, #1572, .T. ) ;
#630 = DIRECTION ( 'NONE',  ( -0.3420201433256628287, 0.000000000000000000, -0.9396926207859105373 ) ) ;
#631 = VECTOR ( 'NONE', #1664, 1000.000000000000114 ) ;
#632 = ADVANCED_FACE ( 'NONE', ( #1399 ), #588, .F. ) ;
#633 = CARTESIAN_POINT ( 'NONE',  ( -20.78460969082651388, 6.000000000000023981, 15.00000000000000000 ) ) ;
#634 =( BOUNDED_CURVE ( )  B_SPLINE_CURVE ( 3, ( #2192, #1520, #1870, #1128 ),
 .UNSPECIFIED., .F., .T. ) 
 B_SPLINE_CURVE_WITH_KNOTS ( ( 4, 4 ),
 ( 5.977835752540833880, 7.084345130897519383 ),
 .UNSPECIFIED. ) 
 CURVE ( )  GEOMETRIC_REPRESENTATION_ITEM ( )  RATIONAL_B_SPLINE_CURVE ( ( 1.000000000000000000, 0.9005458834682931180, 0.9005458834682931180, 1.000000000000000000 ) ) 
 REPRESENTATION_ITEM ( '' )  );
#635 = VECTOR ( 'NONE', #244, 1000.000000000000114 ) ;
#636 = DIRECTION ( 'NONE',  ( 0.000000000000000000, 0.8520312918379400191, -0.5234908573499362783 ) ) ;
#637 = DATE_TIME_ROLE ( 'classification_date' ) ;
#638 = CARTESIAN_POINT ( 'NONE',  ( 20.78460969082651388, 6.000000000000011546, 15.00000000000000000 ) ) ;
#639 = VECTOR ( 'NONE', #1974, 1000.000000000000000 ) ;
#640 = ADVANCED_FACE ( 'NONE', ( #2084 ), #1919, .F. ) ;
#641 = ORIENTED_EDGE ( 'NONE', *, *, #440, .F. ) ;
#642 = CARTESIAN_POINT ( 'NONE',  ( 13.85640646055101932, 5.999999999999999112, -13.02631499376895263 ) ) ;
#643 = CARTESIAN_POINT ( 'NONE',  ( 19.58644633591305251, -63.92472019352295121, 13.71457737114690012 ) ) ;
#644 = EDGE_LOOP ( 'NONE', ( #1634, #1675, #308, #933 ) ) ;
#645 = EDGE_LOOP ( 'NONE', ( #1967, #1685, #401, #1124 ) ) ;
#646 = FACE_BOUND ( 'NONE', #1113, .T. ) ;
#647 = CARTESIAN_POINT ( 'NONE',  ( -12.36812454202775591, -8.577779898868332253, -8.660254037844429931 ) ) ;
#648 = EDGE_CURVE ( 'NONE', #348, #1225, #1612, .T. ) ;
#649 = DIRECTION ( 'NONE',  ( -0.1143311995462826386, -2.003883351977641179E-16, 0.9934426892429719658 ) ) ;
#650 = CARTESIAN_POINT ( 'NONE',  ( 20.80912086321459853, -0.2821007244074951181, 9.999999999999998224 ) ) ;
#651 = ORIENTED_EDGE ( 'NONE', *, *, #1971, .T. ) ;
#652 = CARTESIAN_POINT ( 'NONE',  ( 6.727507346848847547, -5.978348007442770395, -4.305125451459349328 ) ) ;
#653 = CARTESIAN_POINT ( 'NONE',  ( 39.03284375877623091, 6.000000000000039968, 22.02272320175660525 ) ) ;
#654 = ORIENTED_EDGE ( 'NONE', *, *, #1810, .F. ) ;
#655 = DIRECTION ( 'NONE',  ( 0.9618967477123846477, 0.2500000000000018319, 0.1107007079486674039 ) ) ;
#656 = VERTEX_POINT ( 'NONE', #1907 ) ;
#657 = DIRECTION ( 'NONE',  ( 1.000000000000000000, 0.000000000000000000, -0.000000000000000000 ) ) ;
#658 = ADVANCED_FACE ( 'NONE', ( #1263 ), #399, .F. ) ;
#659 = DIRECTION ( 'NONE',  ( 0.000000000000000000, -0.4768709627114783300, -0.8789733129752165253 ) ) ;
#660 = CARTESIAN_POINT ( 'NONE',  ( 20.13661521989372005, -2.080629240387275036, 8.549243206962083619 ) ) ;
#661 = B_SPLINE_CURVE_WITH_KNOTS ( 'NONE', 3,
 ( #961, #1294, #1992, #792, #2169, #1447, #773, #623, #1985, #270, #55, #1305, #1632, #919, #239, #2002, #95, #222, #605, #1260, #86, #1651, #434, #1610, #616, #1809 ),
 .UNSPECIFIED., .F., .F.,
 ( 4, 2, 2, 2, 2, 2, 2, 2, 2, 2, 2, 2, 4 ),
 ( 0.000000000000000000, 0.0002967231781574297656, 0.0005934463563148595312, 0.001186892712629719062, 0.001780339068944578268, 0.002077062247102007438, 0.002373785425259436824, 0.002670508603416866210, 0.002967231781574295596, 0.003263954959731724548, 0.003560678137889153501, 0.004154124494204010538, 0.004747570850518868443 ),
 .UNSPECIFIED. ) ;
#662 = CARTESIAN_POINT ( 'NONE',  ( -17.32050807568878170, -1.209484614510983555E-13, 15.00000000000000000 ) ) ;
#663 = DIRECTION ( 'NONE',  ( 0.4999999999999904521, 0.8660254037844441477, 0.000000000000000000 ) ) ;
#664 = VERTEX_POINT ( 'NONE', #1046 ) ;
#665 = VECTOR ( 'NONE', #291, 1000.000000000000114 ) ;
#666 = VECTOR ( 'NONE', #912, 1000.000000000000114 ) ;
#667 = CARTESIAN_POINT ( 'NONE',  ( -18.24121441918007491, -5.999999999999996447, 2.952839145021406875 ) ) ;
#668 = APPROVAL_PERSON_ORGANIZATION ( #949, #1214, #269 ) ;
#669 = LINE ( 'NONE', #2193, #1269 ) ;
#670 = CARTESIAN_POINT ( 'NONE',  ( 28.75749438782998624, -61.53969291782070883, 31.44519534131068284 ) ) ;
#671 = CIRCLE ( 'NONE', #1891, 1.500000000000001110 ) ;
#672 = CARTESIAN_POINT ( 'NONE',  ( -21.71306550473952512, 12.04383653312346070, -2.969177994174259982 ) ) ;
#673 = AXIS2_PLACEMENT_3D ( 'NONE', #1762, #374, #2120 ) ;
#674 = CARTESIAN_POINT ( 'NONE',  ( -20.78460969082651388, 6.000000000000023981, 3.766364750562479546 ) ) ;
#675 = ORIENTED_EDGE ( 'NONE', *, *, #232, .T. ) ;
#676 = VECTOR ( 'NONE', #595, 1000.000000000000000 ) ;
#677 = EDGE_CURVE ( 'NONE', #2174, #1597, #1314, .T. ) ;
#678 = CYLINDRICAL_SURFACE ( 'NONE', #1927, 1.499999999999998224 ) ;
#679 = VERTEX_POINT ( 'NONE', #1933 ) ;
#680 = EDGE_CURVE ( 'NONE', #1066, #519, #57, .T. ) ;
#681 = ORIENTED_EDGE ( 'NONE', *, *, #1702, .T. ) ;
#682 = CARTESIAN_POINT ( 'NONE',  ( -4.087761317544067019, -17.40192378864682254, -18.54054291648043318 ) ) ;
#683 = CARTESIAN_POINT ( 'NONE',  ( 14.77353735287644021, 12.18221956300416231, -16.27581677132178228 ) ) ;
#684 = DIRECTION ( 'NONE',  ( 0.9396926207859106484, -8.456776945386934585E-16, -0.3420201433256626622 ) ) ;
#685 = CARTESIAN_POINT ( 'NONE',  ( -9.265710596598218274, -14.16987298107792981, -18.14781963894764871 ) ) ;
#686 = CARTESIAN_POINT ( 'NONE',  ( -22.11271607366730052, 12.03970083792747303, 0.006277053154675800266 ) ) ;
#687 = ORIENTED_EDGE ( 'NONE', *, *, #470, .F. ) ;
#688 = EDGE_CURVE ( 'NONE', #1581, #1078, #908, .T. ) ;
#689 = CARTESIAN_POINT ( 'NONE',  ( 20.78460969082652454, -6.000000000000000000, 15.00000000000000000 ) ) ;
#690 = EDGE_LOOP ( 'NONE', ( #397, #1122, #758, #329 ) ) ;
#691 = FACE_OUTER_BOUND ( 'NONE', #1092, .T. ) ;
#692 = CARTESIAN_POINT ( 'NONE',  ( 7.489346606724697430, -5.028071161659261712, -3.921698785018452593 ) ) ;
#693 = DIRECTION ( 'NONE',  ( -0.3420201433256627732, 0.000000000000000000, -0.9396926207859106484 ) ) ;
#694 = DIRECTION ( 'NONE',  ( -0.1710100716628328577, 0.8660254037844363761, -0.4698463103929590434 ) ) ;
#695 = ORIENTED_EDGE ( 'NONE', *, *, #1299, .T. ) ;
#696 = LINE ( 'NONE', #1375, #2189 ) ;
#697 = EDGE_LOOP ( 'NONE', ( #240, #2187, #808, #191, #1957, #1644 ) ) ;
#698 = CARTESIAN_POINT ( 'NONE',  ( 24.24871130596427093, 2.602085213965062730E-15, 15.00000000000000000 ) ) ;
#699 = EDGE_CURVE ( 'NONE', #1264, #229, #1424, .T. ) ;
#700 = VECTOR ( 'NONE', #581, 1000.000000000000000 ) ;
#701 = CARTESIAN_POINT ( 'NONE',  ( -34.34239898635186705, -15.28589838486234420, -7.353098438710250484 ) ) ;
#702 = VECTOR ( 'NONE', #467, 1000.000000000000000 ) ;
#703 = PLANE ( 'NONE',  #1467 ) ;
#704 = CARTESIAN_POINT ( 'NONE',  ( -20.65886636830772360, -1.054629334665672991, 8.700725749026851474 ) ) ;
#705 = EDGE_CURVE ( 'NONE', #229, #1884, #1449, .T. ) ;
#706 = ORIENTED_EDGE ( 'NONE', *, *, #2038, .T. ) ;
#707 = AXIS2_PLACEMENT_3D ( 'NONE', #409, #586, #426 ) ;
#708 = CYLINDRICAL_SURFACE ( 'NONE', #820, 1.500000000000001998 ) ;
#709 = CIRCLE ( 'NONE', #2044, 3.499999999999996447 ) ;
#710 = ORIENTED_EDGE ( 'NONE', *, *, #1980, .F. ) ;
#711 = ORIENTED_EDGE ( 'NONE', *, *, #513, .T. ) ;
#712 = CARTESIAN_POINT ( 'NONE',  ( 16.88891451413918787, 12.93352448656289333, -14.43999429601702289 ) ) ;
#713 = DIRECTION ( 'NONE',  ( 0.9396926207859106484, -8.456776945386936557E-16, -0.3420201433256627732 ) ) ;
#714 = CARTESIAN_POINT ( 'NONE',  ( -21.17415698928554235, 20.32050807568861828, 2.594615065661600717 ) ) ;
#715 = VERTEX_POINT ( 'NONE', #1831 ) ;
#716 = DIRECTION ( 'NONE',  ( -0.5000000000000000000, 0.8660254037844385966, 0.000000000000000000 ) ) ;
#717 = VERTEX_POINT ( 'NONE', #2142 ) ;
#718 = FACE_OUTER_BOUND ( 'NONE', #2137, .T. ) ;
#719 = ORIENTED_EDGE ( 'NONE', *, *, #868, .T. ) ;
#720 = ORIENTED_EDGE ( 'NONE', *, *, #1509, .T. ) ;
#721 = CARTESIAN_POINT ( 'NONE',  ( -9.641274779787782023, -13.07179676972463511, -19.17967375181691381 ) ) ;
#722 = CARTESIAN_POINT ( 'NONE',  ( 7.794228634059950700, -4.499999999999998224, 15.00000000000000000 ) ) ;
#723 = CARTESIAN_POINT ( 'NONE',  ( -19.69615506024414131, 18.98955644517878127, -0.3965569579254621946 ) ) ;
#724 = EDGE_CURVE ( 'NONE', #1533, #1444, #599, .T. ) ;
#725 = CARTESIAN_POINT ( 'NONE',  ( -20.07873305564886834, -2.156512030096050303, 11.42159282196465142 ) ) ;
#726 = CARTESIAN_POINT ( 'NONE',  ( -26.20653651103914328, 17.32050807568858275, -1.103378491530589089 ) ) ;
#727 = ORIENTED_EDGE ( 'NONE', *, *, #2202, .F. ) ;
#728 = DIRECTION ( 'NONE',  ( -0.1710100716628321083, 0.8660254037844361541, -0.4698463103929595430 ) ) ;
#729 = ORIENTED_EDGE ( 'NONE', *, *, #1553, .T. ) ;
#730 = ORIENTED_EDGE ( 'NONE', *, *, #334, .T. ) ;
#731 = CARTESIAN_POINT ( 'NONE',  ( -1.980830348598045632, -8.071796769724596032, -12.75179765495149375 ) ) ;
#732 = ADVANCED_FACE ( 'NONE', ( #1278 ), #1296, .F. ) ;
#733 = CARTESIAN_POINT ( 'NONE',  ( 20.71593688328891147, 6.000000000000019540, -3.853564460026923211 ) ) ;
#734 = CIRCLE ( 'NONE', #1849, 3.499999999999999556 ) ;
#735 = ORIENTED_EDGE ( 'NONE', *, *, #1978, .T. ) ;
#736 = AXIS2_PLACEMENT_3D ( 'NONE', #552, #193, #1022 ) ;
#737 = CARTESIAN_POINT ( 'NONE',  ( -19.57277676439241176, -2.682878369411754171, 10.92400534232086606 ) ) ;
#738 = CARTESIAN_POINT ( 'NONE',  ( -20.80440006413522269, -0.3360978981334492022, 9.606584198012653175 ) ) ;
#739 = VERTEX_POINT ( 'NONE', #607 ) ;
#740 = CC_DESIGN_APPROVAL ( #1214, ( #1311 ) ) ;
#741 = CARTESIAN_POINT ( 'NONE',  ( -10.30479431694005044, -63.20874128731089314, 42.58629911674631785 ) ) ;
#742 = ORIENTED_EDGE ( 'NONE', *, *, #1708, .T. ) ;
#743 = EDGE_CURVE ( 'NONE', #739, #858, #963, .T. ) ;
#744 = AXIS2_PLACEMENT_3D ( 'NONE', #1114, #1298, #630 ) ;
#745 = ORIENTED_EDGE ( 'NONE', *, *, #1500, .F. ) ;
#746 = FACE_BOUND ( 'NONE', #17, .T. ) ;
#747 = DIRECTION ( 'NONE',  ( 0.2515460552138207295, -0.9678453296402093065, 0.000000000000000000 ) ) ;
#748 = AXIS2_PLACEMENT_3D ( 'NONE', #188, #1946, #538 ) ;
#749 = ADVANCED_FACE ( 'NONE', ( #2171 ), #1798, .F. ) ;
#750 = CARTESIAN_POINT ( 'NONE',  ( -13.85640646055100866, -6.000000000000010658, 15.00000000000000000 ) ) ;
#751 = DIRECTION ( 'NONE',  ( -0.4999999999999981681, 0.8660254037844397068, 0.000000000000000000 ) ) ;
#752 = CARTESIAN_POINT ( 'NONE',  ( -20.25286754886211682, -1.921043569446396759, 8.499954309787550955 ) ) ;
#753 = CARTESIAN_POINT ( 'NONE',  ( -7.794228634059950700, -4.499999999999995559, 15.00000000000000000 ) ) ;
#754 = EDGE_LOOP ( 'NONE', ( #2072, #223 ) ) ;
#755 = CARTESIAN_POINT ( 'NONE',  ( -8.430334575627744798, -3.398232190208149817, -0.3733539088432830666 ) ) ;
#756 = EDGE_CURVE ( 'NONE', #981, #1913, #1136, .T. ) ;
#757 = ORIENTED_EDGE ( 'NONE', *, *, #2176, .T. ) ;
#758 = ORIENTED_EDGE ( 'NONE', *, *, #1578, .T. ) ;
#759 = CARTESIAN_POINT ( 'NONE',  ( 13.82050807568876571, 2.071797594602757948E-15, 15.00000000000000000 ) ) ;
#760 = CARTESIAN_POINT ( 'NONE',  ( 11.37775026468949058, 20.32050807568861472, -9.253310243379164746 ) ) ;
#761 = EDGE_LOOP ( 'NONE', ( #1719, #356, #1356, #1146 ) ) ;
#762 = PLANE ( 'NONE',  #225 ) ;
#763 = APPLICATION_PROTOCOL_DEFINITION ( 'international standard', 'config_control_design', 1994, #1143 ) ;
#764 = DIRECTION ( 'NONE',  ( 0.2961981327260181374, 0.5000000000000043299, 0.8137976813493732475 ) ) ;
#765 = ORIENTED_EDGE ( 'NONE', *, *, #490, .T. ) ;
#766 = DIRECTION ( 'NONE',  ( -0.5000000000000058842, 0.8660254037844352659, 0.000000000000000000 ) ) ;
#767 = EDGE_CURVE ( 'NONE', #212, #199, #1481, .T. ) ;
#768 = PLANE ( 'NONE',  #948 ) ;
#769 = EDGE_CURVE ( 'NONE', #361, #212, #1016, .T. ) ;
#770 = CARTESIAN_POINT ( 'NONE',  ( -18.00387218935818368, -4.685639349165226619, 2.058906086006769609 ) ) ;
#771 = VECTOR ( 'NONE', #929, 1000.000000000000000 ) ;
#772 = CALENDAR_DATE ( 2026, 6, 2 ) ;
#773 = CARTESIAN_POINT ( 'NONE',  ( 20.77008324321486654, -0.6090827158595690793, 10.92400534232086251 ) ) ;
#774 = CIRCLE ( 'NONE', #1493, 8.999999999999992895 ) ;
#775 = EDGE_CURVE ( 'NONE', #664, #617, #620, .T. ) ;
#776 = CARTESIAN_POINT ( 'NONE',  ( 14.88828949261980306, 6.000000000000005329, -5.197234989070598665 ) ) ;
#777 = VERTEX_POINT ( 'NONE', #97 ) ;
#778 = DIRECTION ( 'NONE',  ( -0.4999999999999990008, -0.8660254037844391517, 0.000000000000000000 ) ) ;
#779 = VECTOR ( 'NONE', #2037, 999.9999999999998863 ) ;
#780 = FACE_OUTER_BOUND ( 'NONE', #359, .T. ) ;
#781 = DIRECTION ( 'NONE',  ( -0.1710100716628328577, 0.8660254037844363761, -0.4698463103929590434 ) ) ;
#782 = DATE_AND_TIME ( #1827, #1782 ) ;
#783 = LINE ( 'NONE', #950, #2111 ) ;
#784 = DIRECTION ( 'NONE',  ( 1.000000000000000000, 0.000000000000000000, 0.000000000000000000 ) ) ;
#785 = ORIENTED_EDGE ( 'NONE', *, *, #490, .F. ) ;
#786 = VERTEX_POINT ( 'NONE', #1633 ) ;
#787 = CARTESIAN_POINT ( 'NONE',  ( -23.37499648273561803, 25.22761131918290189, 9.999999999999998224 ) ) ;
#788 = CARTESIAN_POINT ( 'NONE',  ( -20.81546281546749810, 0.2169611260566038091, 0.07006735955120176051 ) ) ;
#789 =( BOUNDED_CURVE ( )  B_SPLINE_CURVE ( 3, ( #966, #1499, #1281, #1151 ),
 .UNSPECIFIED., .F., .F. ) 
 B_SPLINE_CURVE_WITH_KNOTS ( ( 4, 4 ),
 ( 2.379961786874408514, 3.123508564933173304 ),
 .UNSPECIFIED. ) 
 CURVE ( )  GEOMETRIC_REPRESENTATION_ITEM ( )  RATIONAL_B_SPLINE_CURVE ( ( 1.000000000000000000, 0.9544563967069867871, 0.9544563967069867871, 1.000000000000000000 ) ) 
 REPRESENTATION_ITEM ( '' )  );
#790 = CARTESIAN_POINT ( 'NONE',  ( -20.78460969082652454, -5.999999999999988454, 3.878559317874092471 ) ) ;
#791 = PERSON_AND_ORGANIZATION ( #1591, #525 ) ;
#792 = CARTESIAN_POINT ( 'NONE',  ( 20.80442909805881868, -0.3357866283684873832, 10.39224011401451619 ) ) ;
#793 = ORIENTED_EDGE ( 'NONE', *, *, #2180, .T. ) ;
#794 = CARTESIAN_POINT ( 'NONE',  ( 27.27949245878858520, -60.20874128731085762, 34.43636736489774108 ) ) ;
#795 = EDGE_CURVE ( 'NONE', #199, #537, #400, .T. ) ;
#796 = DIRECTION ( 'NONE',  ( 1.000000000000000000, 0.000000000000000000, 0.000000000000000000 ) ) ;
#797 = VERTEX_POINT ( 'NONE', #89 ) ;
#798 = CARTESIAN_POINT ( 'NONE',  ( 2.571086101620665865, 15.07050807568856676, -15.72479896846545877 ) ) ;
#799 = CARTESIAN_POINT ( 'NONE',  ( 17.32050807568876749, 2.071797594602757948E-15, 15.00000000000000000 ) ) ;
#800 = ADVANCED_FACE ( 'NONE', ( #1811 ), #2154, .F. ) ;
#801 = CARTESIAN_POINT ( 'NONE',  ( -3.794412866145048469, -61.53969291782070883, 43.29312065035144030 ) ) ;
#802 = PLANE ( 'NONE',  #2033 ) ;
#803 = PERSON_AND_ORGANIZATION ( #1591, #525 ) ;
#804 = DIRECTION ( 'NONE',  ( 0.7261554316666071207, 7.549336830269007385E-15, 0.6875305731828101896 ) ) ;
#805 = ORIENTED_EDGE ( 'NONE', *, *, #1604, .T. ) ;
#806 = DIRECTION ( 'NONE',  ( 0.000000000000000000, 0.000000000000000000, 1.000000000000000000 ) ) ;
#807 = DIRECTION ( 'NONE',  ( -0.000000000000000000, -0.000000000000000000, -1.000000000000000000 ) ) ;
#808 = ORIENTED_EDGE ( 'NONE', *, *, #476, .F. ) ;
#809 = AXIS2_PLACEMENT_3D ( 'NONE', #255, #73, #2157 ) ;
#810 = DIRECTION ( 'NONE',  ( 0.9396926207859106484, -7.589415207398531038E-16, -0.3420201433256627177 ) ) ;
#811 = CARTESIAN_POINT ( 'NONE',  ( 13.85640646055101932, 5.999999999999999112, -13.02631499376895263 ) ) ;
#812 = VECTOR ( 'NONE', #1677, 1000.000000000000114 ) ;
#813 = EDGE_CURVE ( 'NONE', #1444, #888, #1574, .T. ) ;
#814 = LOCAL_TIME ( 22, 21, 35.00000000000000000, #1317 ) ;
#815 = CARTESIAN_POINT ( 'NONE',  ( 28.64184892813332439, -6.000000000000000000, -0.6160755262503998519 ) ) ;
#816 = EDGE_CURVE ( 'NONE', #1921, #1413, #1860, .T. ) ;
#817 = CIRCLE ( 'NONE', #883, 3.499999999999999556 ) ;
#818 = FACE_OUTER_BOUND ( 'NONE', #644, .T. ) ;
#819 = LINE ( 'NONE', #2215, #2006 ) ;
#820 = AXIS2_PLACEMENT_3D ( 'NONE', #24, #1749, #560 ) ;
#821 = FACE_OUTER_BOUND ( 'NONE', #547, .T. ) ;
#822 = CARTESIAN_POINT ( 'NONE',  ( -22.13218260351056443, 12.33868012586866136, 0.01237049622734732665 ) ) ;
#823 = ORIENTED_EDGE ( 'NONE', *, *, #167, .F. ) ;
#824 = CARTESIAN_POINT ( 'NONE',  ( -24.61248518820424636, 11.49038105676640598, -1.787936249065941841 ) ) ;
#825 = ADVANCED_FACE ( 'NONE', ( #2184, #1471 ), #1319, .F. ) ;
#826 = CARTESIAN_POINT ( 'NONE',  ( -20.78460969082652454, -5.999999999999987566, 15.00000000000000000 ) ) ;
#827 = CARTESIAN_POINT ( 'NONE',  ( 14.71529192612513981, 12.00048012752441373, -16.21429916809812255 ) ) ;
#828 = DIRECTION ( 'NONE',  ( -0.1710100716628328577, 0.8660254037844363761, -0.4698463103929590434 ) ) ;
#829 = CYLINDRICAL_SURFACE ( 'NONE', #196, 1.499999999999996225 ) ;
#830 = CARTESIAN_POINT ( 'NONE',  ( -21.78848186345220483, 10.67451401730727234, -1.407054457366546663 ) ) ;
#831 = VERTEX_POINT ( 'NONE', #685 ) ;
#832 = DIRECTION ( 'NONE',  ( 0.2515460552138202854, -0.9678453296402095285, 0.000000000000000000 ) ) ;
#833 = CARTESIAN_POINT ( 'NONE',  ( 0.000000000000000000, 0.000000000000000000, 15.00000000000000000 ) ) ;
#834 = DIRECTION ( 'NONE',  ( 0.000000000000000000, -0.8520312918379400191, 0.5234908573499362783 ) ) ;
#835 = CARTESIAN_POINT ( 'NONE',  ( 19.35352338785418524, -2.849090016968901296, 9.606584198012656728 ) ) ;
#836 = EDGE_CURVE ( 'NONE', #143, #210, #1013, .T. ) ;
#837 = CARTESIAN_POINT ( 'NONE',  ( 23.26666049839543859, -1.700961894323327117, 9.999999999999998224 ) ) ;
#838 = CARTESIAN_POINT ( 'NONE',  ( 30.23549631687136952, -66.20874128731091446, 22.30121012689710014 ) ) ;
#839 = ORIENTED_EDGE ( 'NONE', *, *, #1505, .F. ) ;
#840 = EDGE_CURVE ( 'NONE', #1008, #1212, #1127, .T. ) ;
#841 = DIRECTION ( 'NONE',  ( 0.000000000000000000, 0.000000000000000000, 1.000000000000000000 ) ) ;
#842 = VECTOR ( 'NONE', #382, 1000.000000000000114 ) ;
#843 = EDGE_LOOP ( 'NONE', ( #899, #1172, #1542, #2234 ) ) ;
#844 = FACE_OUTER_BOUND ( 'NONE', #1888, .T. ) ;
#845 = CARTESIAN_POINT ( 'NONE',  ( 19.90302301739503577, -2.363788421009515250, 8.700725749026846145 ) ) ;
#846 = AXIS2_PLACEMENT_3D ( 'NONE', #799, #953, #262 ) ;
#847 = FACE_OUTER_BOUND ( 'NONE', #690, .T. ) ;
#848 = VECTOR ( 'NONE', #1058, 1000.000000000000114 ) ;
#849 = CARTESIAN_POINT ( 'NONE',  ( -22.24963589068919134, 13.05515635377241068, -0.2932308688773948013 ) ) ;
#850 = ORIENTED_EDGE ( 'NONE', *, *, #4, .F. ) ;
#851 = AXIS2_PLACEMENT_3D ( 'NONE', #174, #916, #1384 ) ;
#852 = CARTESIAN_POINT ( 'NONE',  ( 4.803798859943853472, -21.67957630523617496, 4.198724054664050520 ) ) ;
#853 = ORIENTED_EDGE ( 'NONE', *, *, #1572, .F. ) ;
#854 = VERTEX_POINT ( 'NONE', #293 ) ;
#855 = DIRECTION ( 'NONE',  ( 0.9396926207859109814, -3.310023888295133319E-15, -0.3420201433256613299 ) ) ;
#856 = CARTESIAN_POINT ( 'NONE',  ( -22.52188864891138920, 13.58356810893298139, -1.601989055026536546 ) ) ;
#857 = DIRECTION ( 'NONE',  ( 0.1710100716628328577, -0.8660254037844362651, 0.4698463103929590434 ) ) ;
#858 = VERTEX_POINT ( 'NONE', #1854 ) ;
#859 =( BOUNDED_CURVE ( )  B_SPLINE_CURVE ( 3, ( #139, #990, #312, #460 ),
 .UNSPECIFIED., .F., .T. ) 
 B_SPLINE_CURVE_WITH_KNOTS ( ( 4, 4 ),
 ( 2.314068871049325793, 4.748831391502271515 ),
 .UNSPECIFIED. ) 
 CURVE ( )  GEOMETRIC_REPRESENTATION_ITEM ( )  RATIONAL_B_SPLINE_CURVE ( ( 1.000000000000000000, 0.5640692146766692616, 0.5640692146766692616, 1.000000000000000000 ) ) 
 REPRESENTATION_ITEM ( '' )  );
#860 = EDGE_CURVE ( 'NONE', #777, #1297, #1347, .T. ) ;
#861 = LINE ( 'NONE', #137, #492 ) ;
#862 = ORIENTED_EDGE ( 'NONE', *, *, #688, .T. ) ;
#863 = PRODUCT_RELATED_PRODUCT_CATEGORY ( 'detail', '', ( #1448 ) ) ;
#864 = ORIENTED_EDGE ( 'NONE', *, *, #1360, .F. ) ;
#865 = CARTESIAN_POINT ( 'NONE',  ( 13.85640646055100866, -6.000000000000000000, 15.00000000000000000 ) ) ;
#866 = EDGE_CURVE ( 'NONE', #981, #1295, #421, .T. ) ;
#867 = LINE ( 'NONE', #714, #1491 ) ;
#868 = EDGE_CURVE ( 'NONE', #1422, #1162, #709, .T. ) ;
#869 = DIRECTION ( 'NONE',  ( 0.000000000000000000, 0.000000000000000000, 1.000000000000000000 ) ) ;
#870 = B_SPLINE_CURVE_WITH_KNOTS ( 'NONE', 3,
 ( #1133, #2204, #2016, #835, #1701, #487, #980, #120, #2025, #845, #1523, #1660, #660, #1538, #1839, #1828, #323, #1863, #1349, #1336, #1145, #314, #475, #304, #1852, #650 ),
 .UNSPECIFIED., .F., .F.,
 ( 4, 2, 2, 2, 2, 2, 2, 2, 2, 2, 2, 2, 4 ),
 ( 0.004747570850518868443, 0.005044022899832517094, 0.005340474949146165745, 0.005933379047773463047, 0.006229831097087110831, 0.006526283146400759481, 0.006822735195714408132, 0.007119187245028055916, 0.007712091343655357555, 0.008008543392969009675, 0.008304995442282662663, 0.008897899540909966903, 0.009490803639537271144 ),
 .UNSPECIFIED. ) ;
#871 = CARTESIAN_POINT ( 'NONE',  ( -24.24871130596427093, 2.654222231933786525E-14, 15.00000000000000000 ) ) ;
#872 = ORIENTED_EDGE ( 'NONE', *, *, #1532, .T. ) ;
#873 = CARTESIAN_POINT ( 'NONE',  ( 14.33375412277227312, 14.32050807568855966, -21.38846748137980569 ) ) ;
#874 = ORIENTED_EDGE ( 'NONE', *, *, #1755, .F. ) ;
#875 = ORIENTED_EDGE ( 'NONE', *, *, #98, .T. ) ;
#876 = CIRCLE ( 'NONE', #148, 3.499999999999999556 ) ;
#877 = FACE_OUTER_BOUND ( 'NONE', #154, .T. ) ;
#878 = CIRCLE ( 'NONE', #1920, 1.500000000000001998 ) ;
#879 = CARTESIAN_POINT ( 'NONE',  ( -0.6127497752953896537, -15.00000000000008704, -8.993027171807822739 ) ) ;
#880 = CARTESIAN_POINT ( 'NONE',  ( -19.31826018976135018, -2.873924988690971460, 10.19892763756486787 ) ) ;
#881 = LINE ( 'NONE', #175, #951 ) ;
#882 = ORIENTED_EDGE ( 'NONE', *, *, #592, .F. ) ;
#883 = AXIS2_PLACEMENT_3D ( 'NONE', #1641, #1091, #1787 ) ;
#884 = AXIS2_PLACEMENT_3D ( 'NONE', #1514, #464, #969 ) ;
#885 = PLANE ( 'NONE',  #51 ) ;
#886 = VECTOR ( 'NONE', #122, 1000.000000000000114 ) ;
#887 = ORIENTED_EDGE ( 'NONE', *, *, #1702, .F. ) ;
#888 = VERTEX_POINT ( 'NONE', #837 ) ;
#889 = CARTESIAN_POINT ( 'NONE',  ( 16.31485659862265791, 13.58825018136582408, -15.58017177304778755 ) ) ;
#890 = EDGE_CURVE ( 'NONE', #831, #2095, #984, .T. ) ;
#891 = LINE ( 'NONE', #901, #2073 ) ;
#892 = DIRECTION ( 'NONE',  ( -0.7263614178871991012, -0.4330127018922238502, -0.5337593939266022103 ) ) ;
#893 = ORIENTED_EDGE ( 'NONE', *, *, #1806, .T. ) ;
#894 = LINE ( 'NONE', #1758, #1129 ) ;
#895 = CARTESIAN_POINT ( 'NONE',  ( -20.63104368630932939, -1.139631817030135386, 8.653540097433218392 ) ) ;
#896 = ORIENTED_EDGE ( 'NONE', *, *, #151, .F. ) ;
#897 = EDGE_CURVE ( 'NONE', #1906, #858, #2153, .T. ) ;
#898 = DIRECTION ( 'NONE',  ( 0.4999999999999998890, 0.8660254037844385966, 0.000000000000000000 ) ) ;
#899 = ORIENTED_EDGE ( 'NONE', *, *, #294, .F. ) ;
#900 = ORIENTED_EDGE ( 'NONE', *, *, #2191, .T. ) ;
#901 = CARTESIAN_POINT ( 'NONE',  ( -21.98938676518548974, 6.000000000000027534, 11.68990219272202324 ) ) ;
#902 = LINE ( 'NONE', #1743, #1376 ) ;
#903 = ORIENTED_EDGE ( 'NONE', *, *, #1163, .F. ) ;
#904 = CYLINDRICAL_SURFACE ( 'NONE', #851, 3.499999999999999556 ) ;
#905 = CARTESIAN_POINT ( 'NONE',  ( -19.34599638191562221, -2.855567308331667054, 9.604173159091558887 ) ) ;
#906 = ORIENTED_EDGE ( 'NONE', *, *, #1810, .T. ) ;
#907 = ADVANCED_FACE ( 'NONE', ( #821 ), #829, .F. ) ;
#908 = LINE ( 'NONE', #1598, #126 ) ;
#909 = ORIENTED_EDGE ( 'NONE', *, *, #579, .F. ) ;
#910 = EDGE_LOOP ( 'NONE', ( #2083, #651, #402, #284 ) ) ;
#911 = PLANE ( 'NONE',  #2152 ) ;
#912 = DIRECTION ( 'NONE',  ( -0.1710100716628328577, 0.8660254037844363761, -0.4698463103929590434 ) ) ;
#913 = PLANE ( 'NONE',  #809 ) ;
#914 = VECTOR ( 'NONE', #2203, 1000.000000000000114 ) ;
#915 = ORIENTED_EDGE ( 'NONE', *, *, #7, .F. ) ;
#916 = DIRECTION ( 'NONE',  ( -0.000000000000000000, -0.000000000000000000, -1.000000000000000000 ) ) ;
#917 = EDGE_CURVE ( 'NONE', #1727, #1561, #1874, .T. ) ;
#918 = FACE_OUTER_BOUND ( 'NONE', #761, .T. ) ;
#919 = CARTESIAN_POINT ( 'NONE',  ( 20.30237725573553931, -1.835297545196608038, 11.50005421099493041 ) ) ;
#920 = ORIENTED_EDGE ( 'NONE', *, *, #1642, .F. ) ;
#921 = LINE ( 'NONE', #873, #1238 ) ;
#922 = VECTOR ( 'NONE', #609, 1000.000000000000114 ) ;
#923 = ORIENTED_EDGE ( 'NONE', *, *, #2003, .F. ) ;
#924 = DIRECTION ( 'NONE',  ( -0.7263614178872016547, -0.4330127018922230731, -0.5337593939265994347 ) ) ;
#925 = FACE_OUTER_BOUND ( 'NONE', #1256, .T. ) ;
#926 = VECTOR ( 'NONE', #625, 1000.000000000000000 ) ;
#927 = DIRECTION ( 'NONE',  ( -0.4999999999999997224, 0.8660254037844388186, 0.000000000000000000 ) ) ;
#928 = ORIENTED_EDGE ( 'NONE', *, *, #2176, .F. ) ;
#929 = DIRECTION ( 'NONE',  ( 0.2961981327260181374, 0.5000000000000043299, 0.8137976813493732475 ) ) ;
#930 = DIRECTION ( 'NONE',  ( -0.000000000000000000, -0.000000000000000000, -1.000000000000000000 ) ) ;
#931 = VERTEX_POINT ( 'NONE', #652 ) ;
#932 = CARTESIAN_POINT ( 'NONE',  ( 15.42074043639836667, 6.000000000000005329, -5.197234989070601330 ) ) ;
#933 = ORIENTED_EDGE ( 'NONE', *, *, #917, .F. ) ;
#934 = ADVANCED_FACE ( 'NONE', ( #847 ), #478, .F. ) ;
#935 = CARTESIAN_POINT ( 'NONE',  ( 15.49567460948512476, 13.20899762045385728, -16.30826466872742131 ) ) ;
#936 = CARTESIAN_POINT ( 'NONE',  ( -20.82050807568877815, -1.209484614510983555E-13, 0.2052053209947324874 ) ) ;
#937 = DIRECTION ( 'NONE',  ( 0.000000000000000000, 0.000000000000000000, 1.000000000000000000 ) ) ;
#938 = ADVANCED_FACE ( 'NONE', ( #335 ), #1882, .F. ) ;
#939 = VERTEX_POINT ( 'NONE', #22 ) ;
#940 = DIRECTION ( 'NONE',  ( -1.000000000000000000, 3.505400730386713018E-15, -0.000000000000000000 ) ) ;
#941 = APPROVAL_STATUS ( 'not_yet_approved' ) ;
#942 = DIRECTION ( 'NONE',  ( -0.1930750503483301406, 0.3344157968772271672, 0.9224359596914892823 ) ) ;
#943 = CARTESIAN_POINT ( 'NONE',  ( 14.14832242362264303, 6.000000000000004441, -13.11589695567041680 ) ) ;
#944 = ORIENTED_EDGE ( 'NONE', *, *, #1354, .T. ) ;
#945 = CARTESIAN_POINT ( 'NONE',  ( 20.78460969082652454, -6.000000000000000000, 15.00000000000000000 ) ) ;
#946 = FACE_OUTER_BOUND ( 'NONE', #1552, .T. ) ;
#947 = CARTESIAN_POINT ( 'NONE',  ( 7.823372671977272930, 14.32050807568856499, -19.01888241957164638 ) ) ;
#948 = AXIS2_PLACEMENT_3D ( 'NONE', #1619, #1454, #1606 ) ;
#949 = PERSON_AND_ORGANIZATION ( #1591, #525 ) ;
#950 = CARTESIAN_POINT ( 'NONE',  ( -8.660254037844250519, -15.00000000000008704, 15.00000000000000000 ) ) ;
#951 = VECTOR ( 'NONE', #1259, 1000.000000000000000 ) ;
#952 = VERTEX_POINT ( 'NONE', #1372 ) ;
#953 = DIRECTION ( 'NONE',  ( -0.000000000000000000, -0.000000000000000000, -1.000000000000000000 ) ) ;
#954 = VECTOR ( 'NONE', #1818, 1000.000000000000000 ) ;
#955 = AXIS2_PLACEMENT_3D ( 'NONE', #824, #1341, #832 ) ;
#956 = PLANE ( 'NONE',  #1304 ) ;
#957 = VECTOR ( 'NONE', #940, 1000.000000000000000 ) ;
#958 = EDGE_CURVE ( 'NONE', #516, #1975, #1904, .T. ) ;
#959 = FACE_OUTER_BOUND ( 'NONE', #2107, .T. ) ;
#960 = DATE_AND_TIME ( #772, #2216 ) ;
#961 = CARTESIAN_POINT ( 'NONE',  ( 20.80912086321459853, -0.2821007244074951181, 9.999999999999998224 ) ) ;
#962 = ORIENTED_EDGE ( 'NONE', *, *, #170, .T. ) ;
#963 = LINE ( 'NONE', #1994, #639 ) ;
#964 = ORIENTED_EDGE ( 'NONE', *, *, #2013, .F. ) ;
#965 = VERTEX_POINT ( 'NONE', #1200 ) ;
#966 = CARTESIAN_POINT ( 'NONE',  ( -20.78460969082651388, 6.000000000000023981, 0.8857272221941825396 ) ) ;
#967 = CARTESIAN_POINT ( 'NONE',  ( 14.20555543249408714, 5.999999999999984013, -1.483979398218799872 ) ) ;
#968 = CARTESIAN_POINT ( 'NONE',  ( -3.541187062691677045, -14.16987298107793158, -17.03884249321823319 ) ) ;
#969 = DIRECTION ( 'NONE',  ( 0.000000000000000000, -0.8520312918379401301, 0.5234908573499359452 ) ) ;
#970 = VERTEX_POINT ( 'NONE', #384 ) ;
#971 = CARTESIAN_POINT ( 'NONE',  ( 21.86623845976284741, 6.000000000000015987, -13.16107177076522206 ) ) ;
#972 = ADVANCED_FACE ( 'NONE', ( #346 ), #1573, .T. ) ;
#973 = LINE ( 'NONE', #759, #414 ) ;
#974 = VERTEX_POINT ( 'NONE', #1068 ) ;
#975 = ORIENTED_EDGE ( 'NONE', *, *, #1354, .F. ) ;
#976 = DIRECTION ( 'NONE',  ( 0.8660254037844397068, 0.4999999999999982236, -0.000000000000000000 ) ) ;
#977 = ADVANCED_FACE ( 'NONE', ( #2069 ), #904, .F. ) ;
#978 = LINE ( 'NONE', #279, #2068 ) ;
#979 = DIRECTION ( 'NONE',  ( 0.9396926207859107594, -8.456776945386937543E-16, -0.3420201433256627177 ) ) ;
#980 = CARTESIAN_POINT ( 'NONE',  ( 19.57214775196555223, -2.683468143455650878, 9.076748087833495404 ) ) ;
#981 = VERTEX_POINT ( 'NONE', #1219 ) ;
#982 = ADVANCED_FACE ( 'NONE', ( #1559 ), #1596, .F. ) ;
#983 = AXIS2_PLACEMENT_3D ( 'NONE', #1326, #1671, #474 ) ;
#984 = LINE ( 'NONE', #2206, #886 ) ;
#985 = CARTESIAN_POINT ( 'NONE',  ( -24.23516610538350946, 10.03861306230609429, -1.787936249065940952 ) ) ;
#986 = EDGE_LOOP ( 'NONE', ( #1908, #1232, #2144, #236, #862, #46 ) ) ;
#987 = VECTOR ( 'NONE', #1208, 1000.000000000000114 ) ;
#988 = DIRECTION ( 'NONE',  ( 0.2961981327260180819, 0.5000000000000041078, 0.8137976813493733586 ) ) ;
#989 = VECTOR ( 'NONE', #1627, 1000.000000000000114 ) ;
#990 = CARTESIAN_POINT ( 'NONE',  ( 11.09087288828874307, 1.209955342804280187, -4.892183315972922664 ) ) ;
#991 = DIRECTION ( 'NONE',  ( -0.3420201433256627732, 0.000000000000000000, -0.9396926207859106484 ) ) ;
#992 = ORIENTED_EDGE ( 'NONE', *, *, #1928, .F. ) ;
#993 = CARTESIAN_POINT ( 'NONE',  ( -19.69615506024414131, 17.32050807568860051, -3.472963553338712650 ) ) ;
#994 = CARTESIAN_POINT ( 'NONE',  ( -21.89500836371515291, 10.72671085991052742, -1.027777913178552716 ) ) ;
#995 = ORIENTED_EDGE ( 'NONE', *, *, #860, .T. ) ;
#996 = CARTESIAN_POINT ( 'NONE',  ( 24.24871130596428870, -3.209238430557093125E-14, -6.908956590895289018 ) ) ;
#997 = EDGE_CURVE ( 'NONE', #60, #389, #1246, .T. ) ;
#998 = ORIENTED_EDGE ( 'NONE', *, *, #128, .T. ) ;
#999 = FACE_BOUND ( 'NONE', #1060, .T. ) ;
#1000 = EDGE_CURVE ( 'NONE', #2122, #2026, #894, .T. ) ;
#1001 = DIRECTION ( 'NONE',  ( -0.1710100716628328577, 0.8660254037844363761, -0.4698463103929590434 ) ) ;
#1002 = ADVANCED_FACE ( 'NONE', ( #211 ), #703, .F. ) ;
#1003 = DIRECTION ( 'NONE',  ( 0.9396926207859106484, -8.456776945386936557E-16, -0.3420201433256627732 ) ) ;
#1004 = CARTESIAN_POINT ( 'NONE',  ( -21.98049609377648395, 12.57613159052693064, -2.944438010365348024 ) ) ;
#1005 = CARTESIAN_POINT ( 'NONE',  ( -9.641274779787782023, -13.07179676972463511, -19.17967375181691381 ) ) ;
#1006 = ORIENTED_EDGE ( 'NONE', *, *, #1505, .T. ) ;
#1007 = CARTESIAN_POINT ( 'NONE',  ( -16.80392141008364604, -0.8947543513407475446, 12.53222284407134168 ) ) ;
#1008 = VERTEX_POINT ( 'NONE', #1420 ) ;
#1009 = ORIENTED_EDGE ( 'NONE', *, *, #364, .F. ) ;
#1010 = DIRECTION ( 'NONE',  ( 0.000000000000000000, 0.000000000000000000, 1.000000000000000000 ) ) ;
#1011 = CARTESIAN_POINT ( 'NONE',  ( 16.94258501310852338, 11.98446150694659451, -14.20327728644880771 ) ) ;
#1012 = DIRECTION ( 'NONE',  ( -0.4999999999999988343, 0.8660254037844393737, 0.000000000000000000 ) ) ;
#1013 = LINE ( 'NONE', #2018, #779 ) ;
#1014 = CARTESIAN_POINT ( 'NONE',  ( -22.15020944012796988, 12.53527168774511935, -0.02253496943389270146 ) ) ;
#1015 = ORIENTED_EDGE ( 'NONE', *, *, #958, .T. ) ;
#1016 =( BOUNDED_CURVE ( )  B_SPLINE_CURVE ( 3, ( #642, #943, #1094, #1820 ),
 .UNSPECIFIED., .F., .T. ) 
 B_SPLINE_CURVE_WITH_KNOTS ( ( 4, 4 ),
 ( 0.04444804747914975207, 0.3053495546387416937 ),
 .UNSPECIFIED. ) 
 CURVE ( )  GEOMETRIC_REPRESENTATION_ITEM ( )  RATIONAL_B_SPLINE_CURVE ( ( 1.000000000000000000, 0.9943355732871640429, 0.9943355732871640429, 1.000000000000000000 ) ) 
 REPRESENTATION_ITEM ( '' )  );
#1017 = DIRECTION ( 'NONE',  ( -0.000000000000000000, -0.000000000000000000, -1.000000000000000000 ) ) ;
#1018 = VECTOR ( 'NONE', #344, 1000.000000000000114 ) ;
#1019 = ORIENTED_EDGE ( 'NONE', *, *, #1157, .T. ) ;
#1020 = VECTOR ( 'NONE', #1158, 1000.000000000000114 ) ;
#1021 = ORIENTED_EDGE ( 'NONE', *, *, #1894, .F. ) ;
#1022 = DIRECTION ( 'NONE',  ( 0.000000000000000000, -0.000000000000000000, 1.000000000000000000 ) ) ;
#1023 = CARTESIAN_POINT ( 'NONE',  ( 16.14540620962010919, 10.73873182606717869, -14.83759518855577575 ) ) ;
#1024 = EDGE_CURVE ( 'NONE', #1976, #1580, #1982, .T. ) ;
#1025 = AXIS2_PLACEMENT_3D ( 'NONE', #1450, #810, #2021 ) ;
#1026 = CARTESIAN_POINT ( 'NONE',  ( -22.52378958461351033, 13.57300248563331202, -1.702597470782135636 ) ) ;
#1027 = VECTOR ( 'NONE', #1729, 1000.000000000000114 ) ;
#1028 = DIRECTION ( 'NONE',  ( -0.1710100716628328577, 0.8660254037844363761, -0.4698463103929590434 ) ) ;
#1029 = ORIENTED_EDGE ( 'NONE', *, *, #1997, .T. ) ;
#1030 = FACE_OUTER_BOUND ( 'NONE', #1083, .T. ) ;
#1031 = ORIENTED_EDGE ( 'NONE', *, *, #103, .F. ) ;
#1032 = EDGE_CURVE ( 'NONE', #253, #320, #281, .T. ) ;
#1033 = VERTEX_POINT ( 'NONE', #1445 ) ;
#1034 = DIRECTION ( 'NONE',  ( 0.5000000000000005551, 0.8660254037844383745, 0.000000000000000000 ) ) ;
#1035 = LINE ( 'NONE', #568, #987 ) ;
#1036 = DIRECTION ( 'NONE',  ( -0.2133312028987082720, 0.4330127018922228510, 0.8757795372522625410 ) ) ;
#1037 = CARTESIAN_POINT ( 'NONE',  ( -22.07371495281349638, 11.37822619736745366, -0.1941710360887925479 ) ) ;
#1038 = ORIENTED_EDGE ( 'NONE', *, *, #1521, .T. ) ;
#1039 = EDGE_CURVE ( 'NONE', #617, #1106, #450, .T. ) ;
#1040 = DIRECTION ( 'NONE',  ( 0.9618967477123838705, 0.2500000000000034417, 0.1107007079486706791 ) ) ;
#1041 = ORIENTED_EDGE ( 'NONE', *, *, #1442, .F. ) ;
#1042 = DIRECTION ( 'NONE',  ( -0.4999999999999981681, 0.8660254037844395958, 0.000000000000000000 ) ) ;
#1043 = CARTESIAN_POINT ( 'NONE',  ( 8.660254037844563157, -14.99999999999990408, -7.801030425501309651 ) ) ;
#1044 = CARTESIAN_POINT ( 'NONE',  ( -20.80614079076891798, -0.3271665268074913091, 10.39738534809910675 ) ) ;
#1045 = ORIENTED_EDGE ( 'NONE', *, *, #2165, .T. ) ;
#1046 = CARTESIAN_POINT ( 'NONE',  ( -7.794228634059950700, -4.499999999999995559, -1.744551591300283366 ) ) ;
#1047 = ORIENTED_EDGE ( 'NONE', *, *, #795, .F. ) ;
#1048 = CARTESIAN_POINT ( 'NONE',  ( 16.52337107081414302, 13.53628979156761503, -15.24538724416914803 ) ) ;
#1049 = AXIS2_PLACEMENT_3D ( 'NONE', #2181, #1872, #834 ) ;
#1050 = DIRECTION ( 'NONE',  ( -0.1710100716628328577, 0.8660254037844364872, -0.4698463103929590989 ) ) ;
#1051 = VECTOR ( 'NONE', #2230, 1000.000000000000114 ) ;
#1052 = DIRECTION ( 'NONE',  ( 0.9396926207859105373, -8.456776945386935571E-16, -0.3420201433256627177 ) ) ;
#1053 = CARTESIAN_POINT ( 'NONE',  ( -20.30151456203286031, -1.836698455025348231, 11.49994533823643472 ) ) ;
#1054 = CARTESIAN_POINT ( 'NONE',  ( -17.79032549820653486, 6.000000000000005329, -1.313146461724437497 ) ) ;
#1055 = VERTEX_POINT ( 'NONE', #407 ) ;
#1056 = VECTOR ( 'NONE', #930, 1000.000000000000000 ) ;
#1057 = AXIS2_PLACEMENT_3D ( 'NONE', #1525, #2240, #693 ) ;
#1058 = DIRECTION ( 'NONE',  ( -0.1710100716628328577, 0.8660254037844363761, -0.4698463103929590434 ) ) ;
#1059 = VECTOR ( 'NONE', #1036, 1000.000000000000114 ) ;
#1060 = EDGE_LOOP ( 'NONE', ( #1747, #121 ) ) ;
#1061 = ORIENTED_EDGE ( 'NONE', *, *, #159, .T. ) ;
#1062 = CARTESIAN_POINT ( 'NONE',  ( 16.37154202202584941, 13.58379873332190257, -15.49657827203901839 ) ) ;
#1063 = DIRECTION ( 'NONE',  ( 0.000000000000000000, 0.4768709627114779415, 0.8789733129752167473 ) ) ;
#1064 = EDGE_CURVE ( 'NONE', #2095, #2086, #1745, .T. ) ;
#1065 = CARTESIAN_POINT ( 'NONE',  ( -24.24871130596427093, 2.654222231933786525E-14, 15.00000000000000000 ) ) ;
#1066 = VERTEX_POINT ( 'NONE', #947 ) ;
#1067 = ADVANCED_FACE ( 'NONE', ( #1621, #1826 ), #94, .F. ) ;
#1068 = CARTESIAN_POINT ( 'NONE',  ( -6.679293452527569563, -8.071796769724599585, -11.04169693832318444 ) ) ;
#1069 = DIRECTION ( 'NONE',  ( 0.000000000000000000, 0.4768709627114791627, 0.8789733129752159702 ) ) ;
#1070 = VERTEX_POINT ( 'NONE', #2138 ) ;
#1071 = DIRECTION ( 'NONE',  ( 0.000000000000000000, 0.4768709627114789407, 0.8789733129752160812 ) ) ;
#1072 = VERTEX_POINT ( 'NONE', #790 ) ;
#1073 = ORIENTED_EDGE ( 'NONE', *, *, #1039, .T. ) ;
#1074 =( BOUNDED_CURVE ( )  B_SPLINE_CURVE ( 3, ( #1332, #2054, #1161, #310 ),
 .UNSPECIFIED., .F., .F. ) 
 B_SPLINE_CURVE_WITH_KNOTS ( ( 4, 4 ),
 ( 1.544706601776697719, 2.836243098951042096 ),
 .UNSPECIFIED. ) 
 CURVE ( )  GEOMETRIC_REPRESENTATION_ITEM ( )  RATIONAL_B_SPLINE_CURVE ( ( 1.000000000000000000, 0.8657584408804679388, 0.8657584408804679388, 1.000000000000000000 ) ) 
 REPRESENTATION_ITEM ( '' )  );
#1075 = PLANE ( 'NONE',  #1095 ) ;
#1076 = LINE ( 'NONE', #217, #2103 ) ;
#1077 = LINE ( 'NONE', #621, #260 ) ;
#1078 = VERTEX_POINT ( 'NONE', #1258 ) ;
#1079 = CARTESIAN_POINT ( 'NONE',  ( -19.90431326976822035, -2.367983830845540094, 11.30856287796621729 ) ) ;
#1080 = CARTESIAN_POINT ( 'NONE',  ( -20.80912086321462340, -0.2821007244074534293, 9.999999999999998224 ) ) ;
#1081 = FACE_OUTER_BOUND ( 'NONE', #697, .T. ) ;
#1082 = EDGE_LOOP ( 'NONE', ( #915, #1437, #1830, #1695 ) ) ;
#1083 = EDGE_LOOP ( 'NONE', ( #923, #573, #2163, #765 ) ) ;
#1084 = CARTESIAN_POINT ( 'NONE',  ( 18.47282829571976137, -65.45874128731091446, 27.96487863981144528 ) ) ;
#1085 = DIRECTION ( 'NONE',  ( -0.1710100716628328577, 0.8660254037844362651, -0.4698463103929590434 ) ) ;
#1086 = CARTESIAN_POINT ( 'NONE',  ( -20.80538320219453396, 0.3250313102785830077, 0.000000000000000000 ) ) ;
#1087 = VECTOR ( 'NONE', #1108, 1000.000000000000000 ) ;
#1088 = ORIENTED_EDGE ( 'NONE', *, *, #103, .T. ) ;
#1089 = CARTESIAN_POINT ( 'NONE',  ( -4.942811675858227893, -13.07179676972463866, -20.88977446844523556 ) ) ;
#1090 = CARTESIAN_POINT ( 'NONE',  ( -20.80827760845582475, -0.2931362662533903984, 9.800862836909717046 ) ) ;
#1091 = DIRECTION ( 'NONE',  ( 0.000000000000000000, 0.000000000000000000, 1.000000000000000000 ) ) ;
#1092 = EDGE_LOOP ( 'NONE', ( #805, #1321, #2101, #1506, #2131 ) ) ;
#1093 = ADVANCED_FACE ( 'NONE', ( #1990 ), #1658, .F. ) ;
#1094 = CARTESIAN_POINT ( 'NONE',  ( 14.45176635795595566, 6.000000000000003553, -13.16107177076521495 ) ) ;
#1095 = AXIS2_PLACEMENT_3D ( 'NONE', #417, #1616, #1096 ) ;
#1096 = DIRECTION ( 'NONE',  ( 0.000000000000000000, -0.8520312918379399081, 0.5234908573499363893 ) ) ;
#1097 = CARTESIAN_POINT ( 'NONE',  ( -8.752680381609726723, -11.57179676972462090, -16.73828070776879784 ) ) ;
#1098 = AXIS2_PLACEMENT_3D ( 'NONE', #226, #728, #1071 ) ;
#1099 = ADVANCED_FACE ( 'NONE', ( #959 ), #622, .F. ) ;
#1100 = CARTESIAN_POINT ( 'NONE',  ( 0.2748033893468552202, 9.820508075688527683, -24.56587275535989434 ) ) ;
#1101 = EDGE_LOOP ( 'NONE', ( #1517, #296, #1047, #25 ) ) ;
#1102 = DIRECTION ( 'NONE',  ( -0.000000000000000000, -0.000000000000000000, -1.000000000000000000 ) ) ;
#1103 = DATE_TIME_ROLE ( 'creation_date' ) ;
#1104 = CARTESIAN_POINT ( 'NONE',  ( 20.78460969082651388, 6.000000000000011546, 15.00000000000000000 ) ) ;
#1105 = CARTESIAN_POINT ( 'NONE',  ( 1.237966655608570887, -60.20874128731085051, 43.91470761213034280 ) ) ;
#1106 = VERTEX_POINT ( 'NONE', #1116 ) ;
#1107 = PLANE ( 'NONE',  #1345 ) ;
#1108 = DIRECTION ( 'NONE',  ( -0.000000000000000000, -0.000000000000000000, -1.000000000000000000 ) ) ;
#1109 = CARTESIAN_POINT ( 'NONE',  ( -20.82050807568877815, -1.209484614510983555E-13, 0.2052053209947324874 ) ) ;
#1110 = PLANE ( 'NONE',  #267 ) ;
#1111 = CARTESIAN_POINT ( 'NONE',  ( 14.76158175576849807, 6.000000000000005329, -13.16107177076522206 ) ) ;
#1112 = EDGE_CURVE ( 'NONE', #389, #1581, #2158, .T. ) ;
#1113 = EDGE_LOOP ( 'NONE', ( #998, #541 ) ) ;
#1114 = CARTESIAN_POINT ( 'NONE',  ( -8.239650166621231620, -14.16987298107792981, -15.32874177658991854 ) ) ;
#1115 = LINE ( 'NONE', #1270, #700 ) ;
#1116 = CARTESIAN_POINT ( 'NONE',  ( -12.07727216266808590, 15.07050807568857032, -10.39323257939711986 ) ) ;
#1117 = VECTOR ( 'NONE', #1052, 1000.000000000000000 ) ;
#1118 = DATE_AND_TIME ( #2015, #814 ) ;
#1119 = DIRECTION ( 'NONE',  ( 0.6656986149863673985, -0.2500000000000014433, -0.7030969734007049832 ) ) ;
#1120 = EDGE_CURVE ( 'NONE', #2026, #1611, #1649, .T. ) ;
#1121 = AXIS2_PLACEMENT_3D ( 'NONE', #379, #1228, #1034 ) ;
#1122 = ORIENTED_EDGE ( 'NONE', *, *, #91, .T. ) ;
#1123 = CARTESIAN_POINT ( 'NONE',  ( 14.35809530861645555, 6.000000000000004441, -5.329209443688854186 ) ) ;
#1124 = ORIENTED_EDGE ( 'NONE', *, *, #1191, .F. ) ;
#1125 = ORIENTED_EDGE ( 'NONE', *, *, #866, .T. ) ;
#1126 = CARTESIAN_POINT ( 'NONE',  ( -13.85640646055100866, -6.000000000000010658, 15.00000000000000000 ) ) ;
#1127 = CIRCLE ( 'NONE', #1501, 3.000000000000000444 ) ;
#1128 = CARTESIAN_POINT ( 'NONE',  ( -20.78460969082651388, 6.000000000000023981, 0.8857272221941825396 ) ) ;
#1129 = VECTOR ( 'NONE', #1895, 1000.000000000000000 ) ;
#1130 = ADVANCED_FACE ( 'NONE', ( #1630 ), #74, .F. ) ;
#1131 = DIRECTION ( 'NONE',  ( 0.000000000000000000, 0.000000000000000000, 1.000000000000000000 ) ) ;
#1132 = PERSON_AND_ORGANIZATION_ROLE ( 'design_owner' ) ;
#1133 = CARTESIAN_POINT ( 'NONE',  ( 19.30912086321462340, -2.880176935760826673, 9.999999999999998224 ) ) ;
#1134 = EDGE_CURVE ( 'NONE', #445, #2174, #1539, .T. ) ;
#1135 = ORIENTED_EDGE ( 'NONE', *, *, #2165, .F. ) ;
#1136 = LINE ( 'NONE', #1461, #926 ) ;
#1137 = DIRECTION ( 'NONE',  ( -0.9618967477123848697, -0.2500000000000015543, -0.1107007079486665990 ) ) ;
#1138 = ORIENTED_EDGE ( 'NONE', *, *, #200, .T. ) ;
#1139 = ORIENTED_EDGE ( 'NONE', *, *, #2141, .T. ) ;
#1140 = CARTESIAN_POINT ( 'NONE',  ( 2.259841848651764629, -11.00586604837401339, -6.747518590820327233 ) ) ;
#1141 = CARTESIAN_POINT ( 'NONE',  ( 6.229815212073982700, -6.000000000000000000, -5.953887242601145324 ) ) ;
#1142 = ADVANCED_FACE ( 'NONE', ( #614 ), #762, .F. ) ;
#1143 = APPLICATION_CONTEXT ( 'configuration controlled 3d designs of mechanical parts and assemblies' ) ;
#1144 = CARTESIAN_POINT ( 'NONE',  ( 16.91203173521281755, 11.78500754629384950, -14.22685346185273403 ) ) ;
#1145 = CARTESIAN_POINT ( 'NONE',  ( 20.72399635305775689, -0.8194436977871746297, 8.870728700428301750 ) ) ;
#1146 = ORIENTED_EDGE ( 'NONE', *, *, #1708, .F. ) ;
#1147 = DIRECTION ( 'NONE',  ( 0.000000000000000000, 0.000000000000000000, 1.000000000000000000 ) ) ;
#1148 = DIRECTION ( 'NONE',  ( -0.9618967477123847587, -0.2500000000000015543, -0.1107007079486665851 ) ) ;
#1149 = ORIENTED_EDGE ( 'NONE', *, *, #1112, .T. ) ;
#1150 = ORIENTED_EDGE ( 'NONE', *, *, #1380, .F. ) ;
#1151 = CARTESIAN_POINT ( 'NONE',  ( -20.78460969082651388, 6.000000000000023981, 3.766364750562479546 ) ) ;
#1152 = CARTESIAN_POINT ( 'NONE',  ( -3.574731102555571027, -20.00000000000012790, -17.13100398530155388 ) ) ;
#1153 = LINE ( 'NONE', #1850, #914 ) ;
#1154 = PLANE ( 'NONE',  #884 ) ;
#1155 = AXIS2_PLACEMENT_3D ( 'NONE', #1824, #485, #147 ) ;
#1156 = DIRECTION ( 'NONE',  ( -3.505400730386713018E-15, -1.000000000000000000, 0.000000000000000000 ) ) ;
#1157 = EDGE_CURVE ( 'NONE', #1913, #445, #1302, .T. ) ;
#1158 = DIRECTION ( 'NONE',  ( 0.4719139070981633322, -0.8173788638923618066, 0.3304376751361407516 ) ) ;
#1159 = EDGE_LOOP ( 'NONE', ( #1125, #1889, #2155, #1387, #2004 ) ) ;
#1160 = CIRCLE ( 'NONE', #1964, 3.499999999999999556 ) ;
#1161 = CARTESIAN_POINT ( 'NONE',  ( -18.77737999290786419, 6.000000000000009770, 6.650690319970163245 ) ) ;
#1162 = VERTEX_POINT ( 'NONE', #423 ) ;
#1163 = EDGE_CURVE ( 'NONE', #2086, #1841, #1784, .T. ) ;
#1164 = EDGE_CURVE ( 'NONE', #1212, #939, #2149, .T. ) ;
#1165 = LINE ( 'NONE', #826, #1780 ) ;
#1166 = AXIS2_PLACEMENT_3D ( 'NONE', #945, #1635, #778 ) ;
#1167 = AXIS2_PLACEMENT_3D ( 'NONE', #204, #358, #898 ) ;
#1168 = CARTESIAN_POINT ( 'NONE',  ( -21.76059991139927874, 10.68176062462745435, -1.503148687208208933 ) ) ;
#1169 = CARTESIAN_POINT ( 'NONE',  ( 13.85640646055100866, -6.000000000000000000, 15.00000000000000000 ) ) ;
#1170 = CARTESIAN_POINT ( 'NONE',  ( -22.25459141302318145, 13.04150379764630152, -2.695549486714261977 ) ) ;
#1171 = DIRECTION ( 'NONE',  ( 0.2515460552138211736, -0.9678453296402091954, 0.000000000000000000 ) ) ;
#1172 = ORIENTED_EDGE ( 'NONE', *, *, #1024, .F. ) ;
#1173 = LINE ( 'NONE', #852, #1385 ) ;
#1174 = ORIENTED_EDGE ( 'NONE', *, *, #2013, .T. ) ;
#1175 = VERTEX_POINT ( 'NONE', #1807 ) ;
#1176 = LINE ( 'NONE', #1141, #10 ) ;
#1177 = CARTESIAN_POINT ( 'NONE',  ( 14.72253089578744678, 11.55135927167370369, -15.99749338479720251 ) ) ;
#1178 = DIRECTION ( 'NONE',  ( -0.2133312028987092435, 0.4330127018922227400, 0.8757795372522623190 ) ) ;
#1179 = DIRECTION ( 'NONE',  ( -0.9396926207859106484, 7.589415207398531038E-16, 0.3420201433256627177 ) ) ;
#1180 = CARTESIAN_POINT ( 'NONE',  ( -22.19422236330679254, 12.80998733367442810, -0.1356060188179799286 ) ) ;
#1181 = EDGE_LOOP ( 'NONE', ( #23, #1307 ) ) ;
#1182 = CARTESIAN_POINT ( 'NONE',  ( -17.32050807568878170, -1.209484614510983555E-13, 15.00000000000000000 ) ) ;
#1183 = ORIENTED_EDGE ( 'NONE', *, *, #345, .F. ) ;
#1184 = ORIENTED_EDGE ( 'NONE', *, *, #2110, .T. ) ;
#1185 = DIRECTION ( 'NONE',  ( -0.000000000000000000, -0.000000000000000000, -1.000000000000000000 ) ) ;
#1186 = EDGE_CURVE ( 'NONE', #858, #1906, #554, .T. ) ;
#1187 = CC_DESIGN_PERSON_AND_ORGANIZATION_ASSIGNMENT ( #597, #1275, ( #118 ) ) ;
#1188 = CARTESIAN_POINT ( 'NONE',  ( 15.41002123643856514, 10.69641993655151779, -15.33558360467730530 ) ) ;
#1189 = CARTESIAN_POINT ( 'NONE',  ( -20.78460969082651388, 6.000000000000023981, 15.00000000000000000 ) ) ;
#1190 = CARTESIAN_POINT ( 'NONE',  ( -22.46926442589923667, 13.55742750684687259, -1.107243722331884062 ) ) ;
#1191 = EDGE_CURVE ( 'NONE', #1070, #1565, #2058, .T. ) ;
#1192 = ORIENTED_EDGE ( 'NONE', *, *, #7, .T. ) ;
#1193 = FACE_OUTER_BOUND ( 'NONE', #1245, .T. ) ;
#1194 = AXIS2_PLACEMENT_3D ( 'NONE', #1557, #352, #1042 ) ;
#1195 = ORIENTED_EDGE ( 'NONE', *, *, #569, .T. ) ;
#1196 = DIRECTION ( 'NONE',  ( 1.000000000000000000, 0.000000000000000000, 0.000000000000000000 ) ) ;
#1197 = FACE_BOUND ( 'NONE', #311, .T. ) ;
#1198 = EDGE_CURVE ( 'NONE', #1212, #320, #1700, .T. ) ;
#1199 = VECTOR ( 'NONE', #459, 1000.000000000000227 ) ;
#1200 = CARTESIAN_POINT ( 'NONE',  ( -24.24871130596428159, 9.674670289481491028E-15, 1.452969253830146190 ) ) ;
#1201 = VECTOR ( 'NONE', #1017, 1000.000000000000000 ) ;
#1202 = CARTESIAN_POINT ( 'NONE',  ( -0.09940804354156840272, -70.70874128731094288, 25.04776750743738845 ) ) ;
#1203 = ORIENTED_EDGE ( 'NONE', *, *, #1204, .T. ) ;
#1204 = EDGE_CURVE ( 'NONE', #1365, #679, #669, .T. ) ;
#1205 = DIRECTION ( 'NONE',  ( 0.4069074766909930307, 0.7047844236084666036, -0.5811241017647180707 ) ) ;
#1206 = ORIENTED_EDGE ( 'NONE', *, *, #579, .T. ) ;
#1207 = FACE_OUTER_BOUND ( 'NONE', #645, .T. ) ;
#1208 = DIRECTION ( 'NONE',  ( -0.8660254037844310471, -0.5000000000000132117, -0.000000000000000000 ) ) ;
#1209 = ADVANCED_FACE ( 'NONE', ( #844 ), #1691, .F. ) ;
#1210 = DIRECTION ( 'NONE',  ( 0.2515460552138205630, -0.9678453296402094175, 0.000000000000000000 ) ) ;
#1211 = CARTESIAN_POINT ( 'NONE',  ( -20.77027949630606685, -0.6082430880967492071, 9.076748087833498957 ) ) ;
#1212 = VERTEX_POINT ( 'NONE', #1335 ) ;
#1213 = CARTESIAN_POINT ( 'NONE',  ( 16.17654558344594662, -70.70874128731094288, 19.12380485291700793 ) ) ;
#1214 = APPROVAL ( #941, 'UNSPECIFIED' ) ;
#1215 = ORIENTED_EDGE ( 'NONE', *, *, #813, .F. ) ;
#1216 = EDGE_LOOP ( 'NONE', ( #1995, #1712, #383, #1929, #2029 ) ) ;
#1217 = CYLINDRICAL_SURFACE ( 'NONE', #1121, 1.499999999999999778 ) ;
#1218 = DIRECTION ( 'NONE',  ( 0.8660254037844384856, -0.5000000000000004441, -0.000000000000000000 ) ) ;
#1219 = CARTESIAN_POINT ( 'NONE',  ( -20.82050807568877815, -1.209484614510983555E-13, 15.00000000000000000 ) ) ;
#1220 = DIRECTION ( 'NONE',  ( -0.4069074766910015239, -0.7047844236084623848, 0.5811241017647171825 ) ) ;
#1221 = ORIENTED_EDGE ( 'NONE', *, *, #569, .F. ) ;
#1222 = CARTESIAN_POINT ( 'NONE',  ( 7.794228634059950700, -4.499999999999996447, 15.00000000000000000 ) ) ;
#1223 = ORIENTED_EDGE ( 'NONE', *, *, #2191, .F. ) ;
#1224 = EDGE_CURVE ( 'NONE', #717, #656, #734, .T. ) ;
#1225 = VERTEX_POINT ( 'NONE', #322 ) ;
#1226 = CARTESIAN_POINT ( 'NONE',  ( 16.00006879770513635, 13.53132595304218988, -15.96412486967422062 ) ) ;
#1227 = AXIS2_PLACEMENT_3D ( 'NONE', #1418, #1939, #1716 ) ;
#1228 = DIRECTION ( 'NONE',  ( 0.8660254037844384856, -0.5000000000000004441, -0.000000000000000000 ) ) ;
#1229 = VECTOR ( 'NONE', #1196, 1000.000000000000000 ) ;
#1230 = EDGE_CURVE ( 'NONE', #292, #1625, #1571, .T. ) ;
#1231 = LINE ( 'NONE', #733, #1018 ) ;
#1232 = ORIENTED_EDGE ( 'NONE', *, *, #2209, .T. ) ;
#1233 = CARTESIAN_POINT ( 'NONE',  ( -20.70518700017190739, -0.8949076170290697352, 11.19078549385830534 ) ) ;
#1234 = CYLINDRICAL_SURFACE ( 'NONE', #1707, 3.499999999999993339 ) ;
#1235 = DIRECTION ( 'NONE',  ( 0.2133312028987119080, -0.4330127018922220183, -0.8757795372522619859 ) ) ;
#1236 = ORIENTED_EDGE ( 'NONE', *, *, #1452, .F. ) ;
#1237 = VECTOR ( 'NONE', #1814, 1000.000000000000000 ) ;
#1238 = VECTOR ( 'NONE', #2130, 1000.000000000000000 ) ;
#1239 = DIRECTION ( 'NONE',  ( -1.000000000000000000, 0.000000000000000000, 0.000000000000000000 ) ) ;
#1240 = ORIENTED_EDGE ( 'NONE', *, *, #1900, .F. ) ;
#1241 = EDGE_LOOP ( 'NONE', ( #1623, #531, #1223, #1945 ) ) ;
#1242 = CARTESIAN_POINT ( 'NONE',  ( 16.84482629337827575, 13.08888720671489736, -14.55411284937593841 ) ) ;
#1243 = DIRECTION ( 'NONE',  ( -0.000000000000000000, -0.000000000000000000, -1.000000000000000000 ) ) ;
#1244 = CYLINDRICAL_SURFACE ( 'NONE', #1415, 3.499999999999999556 ) ;
#1245 = EDGE_LOOP ( 'NONE', ( #962, #1412 ) ) ;
#1246 = LINE ( 'NONE', #201, #381 ) ;
#1247 = CARTESIAN_POINT ( 'NONE',  ( -19.57172969366953907, -2.683818723174403065, 9.077396330418725512 ) ) ;
#1248 = ORIENTED_EDGE ( 'NONE', *, *, #2135, .F. ) ;
#1249 = CYLINDRICAL_SURFACE ( 'NONE', #673, 2.999999999999998668 ) ;
#1250 = EDGE_LOOP ( 'NONE', ( #600, #1947, #1655, #1310, #1041, #550 ) ) ;
#1251 = ORIENTED_EDGE ( 'NONE', *, *, #1639, .F. ) ;
#1252 = CARTESIAN_POINT ( 'NONE',  ( 14.76158175576849807, 6.000000000000005329, -13.16107177076522206 ) ) ;
#1253 = CARTESIAN_POINT ( 'NONE',  ( -24.61248518820424636, 11.49038105676640598, -1.787936249065941841 ) ) ;
#1254 = EDGE_CURVE ( 'NONE', #518, #1590, #462, .T. ) ;
#1255 = LINE ( 'NONE', #1477, #1881 ) ;
#1256 = EDGE_LOOP ( 'NONE', ( #2223, #2076, #1015, #864, #90 ) ) ;
#1257 = APPROVAL ( #1479, 'UNSPECIFIED' ) ;
#1258 = CARTESIAN_POINT ( 'NONE',  ( -20.78460969082651033, 6.000000000000023981, 8.055381163697221680 ) ) ;
#1259 = DIRECTION ( 'NONE',  ( -0.000000000000000000, -0.000000000000000000, -1.000000000000000000 ) ) ;
#1260 = CARTESIAN_POINT ( 'NONE',  ( 19.78786026831775402, -2.483764123741550200, 11.19078549385831778 ) ) ;
#1261 = ORIENTED_EDGE ( 'NONE', *, *, #1871, .F. ) ;
#1262 = ADVANCED_FACE ( 'NONE', ( #818 ), #802, .F. ) ;
#1263 = FACE_OUTER_BOUND ( 'NONE', #1706, .T. ) ;
#1264 = VERTEX_POINT ( 'NONE', #2213 ) ;
#1265 = EDGE_LOOP ( 'NONE', ( #719, #742 ) ) ;
#1266 = ADVANCED_FACE ( 'NONE', ( #1503 ), #1316, .F. ) ;
#1267 = CARTESIAN_POINT ( 'NONE',  ( 14.83183405744904348, 12.36411899735104214, -16.33738853310931916 ) ) ;
#1268 = FACE_OUTER_BOUND ( 'NONE', #1763, .T. ) ;
#1269 = VECTOR ( 'NONE', #1001, 1000.000000000000114 ) ;
#1270 = CARTESIAN_POINT ( 'NONE',  ( 20.78460969082652454, -6.000000000000000000, 15.00000000000000000 ) ) ;
#1271 = VECTOR ( 'NONE', #2052, 999.9999999999998863 ) ;
#1272 = EDGE_LOOP ( 'NONE', ( #1585, #1473, #386, #1463 ) ) ;
#1273 = VECTOR ( 'NONE', #202, 1000.000000000000000 ) ;
#1274 = CARTESIAN_POINT ( 'NONE',  ( -17.32050807568878170, -1.209484614510983555E-13, 0.000000000000000000 ) ) ;
#1275 = PERSON_AND_ORGANIZATION_ROLE ( 'creator' ) ;
#1276 = DIRECTION ( 'NONE',  ( 1.000000000000000000, 1.041604788457761281E-14, 0.000000000000000000 ) ) ;
#1277 = APPROVAL_PERSON_ORGANIZATION ( #791, #1257, #67 ) ;
#1278 = FACE_OUTER_BOUND ( 'NONE', #1615, .T. ) ;
#1279 = ORIENTED_EDGE ( 'NONE', *, *, #612, .T. ) ;
#1280 = VECTOR ( 'NONE', #1235, 1000.000000000000114 ) ;
#1281 = CARTESIAN_POINT ( 'NONE',  ( -21.02964165813990505, 5.575592183134678415, 3.025409401818222488 ) ) ;
#1282 = VECTOR ( 'NONE', #242, 1000.000000000000000 ) ;
#1283 = CARTESIAN_POINT ( 'NONE',  ( -20.78460969082652454, -5.999999999999987566, 15.00000000000000000 ) ) ;
#1284 = DIRECTION ( 'NONE',  ( -1.000000000000000000, 0.000000000000000000, 0.000000000000000000 ) ) ;
#1285 = CARTESIAN_POINT ( 'NONE',  ( -4.054217277680172593, -11.57179676972462268, -18.44838142439711248 ) ) ;
#1286 = CARTESIAN_POINT ( 'NONE',  ( -7.794228634059950700, -4.499999999999995559, -1.744551591300283366 ) ) ;
#1287 = ORIENTED_EDGE ( 'NONE', *, *, #1669, .F. ) ;
#1288 = DIRECTION ( 'NONE',  ( 0.8660254037844397068, 0.4999999999999982236, -0.000000000000000000 ) ) ;
#1289 = PRODUCT_DEFINITION ( 'UNKNOWN', '', #118, #1800 ) ;
#1290 = LINE ( 'NONE', #787, #488 ) ;
#1291 = EDGE_CURVE ( 'NONE', #1975, #1561, #1153, .T. ) ;
#1292 = CARTESIAN_POINT ( 'NONE',  ( -20.80912086321462340, -0.2821007244074534293, 9.999999999999998224 ) ) ;
#1293 = DIRECTION ( 'NONE',  ( 0.9396926207859106484, -8.456776945386934585E-16, -0.3420201433256626622 ) ) ;
#1294 = CARTESIAN_POINT ( 'NONE',  ( 20.80912086321459853, -0.2821007244074951736, 10.10044297272828828 ) ) ;
#1295 = VERTEX_POINT ( 'NONE', #486 ) ;
#1296 = PLANE ( 'NONE',  #87 ) ;
#1297 = VERTEX_POINT ( 'NONE', #1168 ) ;
#1298 = DIRECTION ( 'NONE',  ( -0.9396926207859106484, 7.589415207398531038E-16, 0.3420201433256627177 ) ) ;
#1299 = EDGE_CURVE ( 'NONE', #1841, #253, #1862, .T. ) ;
#1300 = CARTESIAN_POINT ( 'NONE',  ( 19.30912086321462340, -2.880176935760826673, 9.999999999999998224 ) ) ;
#1301 = EDGE_CURVE ( 'NONE', #1055, #1162, #902, .T. ) ;
#1302 =( BOUNDED_CURVE ( )  B_SPLINE_CURVE ( 3, ( #1109, #1458, #770, #1954 ),
 .UNSPECIFIED., .F., .T. ) 
 B_SPLINE_CURVE_WITH_KNOTS ( ( 4, 4 ),
 ( 2.105606086054018000, 4.270579311705965608 ),
 .UNSPECIFIED. ) 
 CURVE ( )  GEOMETRIC_REPRESENTATION_ITEM ( )  RATIONAL_B_SPLINE_CURVE ( ( 1.000000000000000000, 0.6460892144473346921, 0.6460892144473346921, 1.000000000000000000 ) ) 
 REPRESENTATION_ITEM ( '' )  );
#1303 = CARTESIAN_POINT ( 'NONE',  ( -20.78460969082651388, 6.000000000000023981, 15.00000000000000000 ) ) ;
#1304 = AXIS2_PLACEMENT_3D ( 'NONE', #2136, #593, #2147 ) ;
#1305 = CARTESIAN_POINT ( 'NONE',  ( 20.44707715543409776, -1.576094274918323546, 11.49012726633731418 ) ) ;
#1306 = AXIS2_PLACEMENT_3D ( 'NONE', #1548, #1723, #1902 ) ;
#1307 = ORIENTED_EDGE ( 'NONE', *, *, #816, .T. ) ;
#1308 = DIRECTION ( 'NONE',  ( 0.000000000000000000, 0.8520312918379400191, -0.5234908573499360562 ) ) ;
#1309 = CARTESIAN_POINT ( 'NONE',  ( -3.420201433256631507, 17.32050807568858986, -9.396926207859104707 ) ) ;
#1310 = ORIENTED_EDGE ( 'NONE', *, *, #280, .F. ) ;
#1311 = SECURITY_CLASSIFICATION ( '', '', #2168 ) ;
#1312 = EDGE_LOOP ( 'NONE', ( #1438, #138, #1019 ) ) ;
#1313 = CIRCLE ( 'NONE', #233, 1.500000000000001998 ) ;
#1314 = CIRCLE ( 'NONE', #2222, 3.499999999999999556 ) ;
#1315 = LINE ( 'NONE', #667, #628 ) ;
#1316 = PLANE ( 'NONE',  #983 ) ;
#1317 = COORDINATED_UNIVERSAL_TIME_OFFSET ( 7, 0, .BEHIND. ) ;
#1318 = LINE ( 'NONE', #670, #2220 ) ;
#1319 = CYLINDRICAL_SURFACE ( 'NONE', #530, 3.500000000000002220 ) ;
#1320 = CARTESIAN_POINT ( 'NONE',  ( -4.942811675858227893, -13.07179676972463866, -20.88977446844523556 ) ) ;
#1321 = ORIENTED_EDGE ( 'NONE', *, *, #1663, .T. ) ;
#1322 = ORIENTED_EDGE ( 'NONE', *, *, #1134, .T. ) ;
#1323 = PLANE ( 'NONE',  #2185 ) ;
#1324 = FACE_BOUND ( 'NONE', #754, .T. ) ;
#1325 = ADVANCED_FACE ( 'NONE', ( #1197, #2112 ), #1926, .F. ) ;
#1326 = CARTESIAN_POINT ( 'NONE',  ( -24.24871130596427093, 2.654222231933786525E-14, 15.00000000000000000 ) ) ;
#1327 = LINE ( 'NONE', #726, #1280 ) ;
#1328 = ORIENTED_EDGE ( 'NONE', *, *, #1775, .T. ) ;
#1329 = CARTESIAN_POINT ( 'NONE',  ( -21.53204594370060576, 11.34096660509597498, -2.656669117147536952 ) ) ;
#1330 = CARTESIAN_POINT ( 'NONE',  ( -19.05035297983931386, -9.003820736797147006, 5.092898940098148586 ) ) ;
#1331 = VERTEX_POINT ( 'NONE', #1043 ) ;
#1332 = CARTESIAN_POINT ( 'NONE',  ( -20.78460969082651388, 6.000000000000023981, 3.766364750562479546 ) ) ;
#1333 = EDGE_LOOP ( 'NONE', ( #1029, #1799, #992, #1419, #277 ) ) ;
#1334 = FACE_OUTER_BOUND ( 'NONE', #113, .T. ) ;
#1335 = CARTESIAN_POINT ( 'NONE',  ( -7.384599808307068969, -18.50000000000011013, -12.97951022462511972 ) ) ;
#1336 = CARTESIAN_POINT ( 'NONE',  ( 20.70519676422055610, -0.8948737491716807213, 8.809237704951364378 ) ) ;
#1337 = VECTOR ( 'NONE', #21, 1000.000000000000114 ) ;
#1338 = DIRECTION ( 'NONE',  ( -0.1710100716628328577, 0.8660254037844364872, -0.4698463103929590989 ) ) ;
#1339 = FACE_OUTER_BOUND ( 'NONE', #1, .T. ) ;
#1340 = ORIENTED_EDGE ( 'NONE', *, *, #1472, .T. ) ;
#1341 = DIRECTION ( 'NONE',  ( -0.9618967477123848697, -0.2500000000000015543, -0.1107007079486665990 ) ) ;
#1342 = ORIENTED_EDGE ( 'NONE', *, *, #1871, .T. ) ;
#1343 = ORIENTED_EDGE ( 'NONE', *, *, #1761, .F. ) ;
#1344 = CARTESIAN_POINT ( 'NONE',  ( -20.80538320219453396, 0.3250313102785830077, 0.000000000000000000 ) ) ;
#1345 = AXIS2_PLACEMENT_3D ( 'NONE', #1823, #988, #1803 ) ;
#1346 = VECTOR ( 'NONE', #504, 1000.000000000000114 ) ;
#1347 = B_SPLINE_CURVE_WITH_KNOTS ( 'NONE', 3,
 ( #2217, #856, #1026, #315, #1676, #1363, #1704, #164, #1170, #2059, #1515, #1004, #1693, #672, #152, #324, #1540, #1329, #2027, #1550, #134, #2229 ),
 .UNSPECIFIED., .F., .F.,
 ( 4, 2, 2, 2, 2, 2, 2, 2, 2, 2, 4 ),
 ( 0.004750883182516251260, 0.005047541771604083585, 0.005344200360691915910, 0.005937517538867584030, 0.006234176127955418090, 0.006530834717043253017, 0.007124151895218916800, 0.007717469073394581450, 0.008014127662482412040, 0.008310786251570244365, 0.009497420607921570196 ),
 .UNSPECIFIED. ) ;
#1348 = DIRECTION ( 'NONE',  ( 0.2961981327260181374, 0.5000000000000043299, 0.8137976813493732475 ) ) ;
#1349 = CARTESIAN_POINT ( 'NONE',  ( 20.65887346986011153, -1.054624596826213123, 8.700709730653532148 ) ) ;
#1350 = EDGE_CURVE ( 'NONE', #1590, #1727, #1231, .T. ) ;
#1351 = DIRECTION ( 'NONE',  ( -0.8660254037844310471, -0.5000000000000133227, -0.000000000000000000 ) ) ;
#1352 = PLANE ( 'NONE',  #1638 ) ;
#1353 = VERTEX_POINT ( 'NONE', #365 ) ;
#1354 = EDGE_CURVE ( 'NONE', #627, #679, #867, .T. ) ;
#1355 = LINE ( 'NONE', #156, #1536 ) ;
#1356 = ORIENTED_EDGE ( 'NONE', *, *, #1614, .T. ) ;
#1357 = CC_DESIGN_DATE_AND_TIME_ASSIGNMENT ( #960, #1103, ( #1289 ) ) ;
#1358 = ORIENTED_EDGE ( 'NONE', *, *, #72, .F. ) ;
#1359 = DIRECTION ( 'NONE',  ( 0.9396926207859112035, -3.042688853100022549E-15, -0.3420201433256608303 ) ) ;
#1360 = EDGE_CURVE ( 'NONE', #1590, #1975, #209, .T. ) ;
#1361 = CARTESIAN_POINT ( 'NONE',  ( 16.71290023877294573, 11.25212151635072999, -14.39983709584975102 ) ) ;
#1362 = DIRECTION ( 'NONE',  ( 0.3420201433256626067, 2.891205793294678622E-15, 0.9396926207859106484 ) ) ;
#1363 = CARTESIAN_POINT ( 'NONE',  ( -22.46063446229321059, 13.40189347783424090, -2.266550615541216285 ) ) ;
#1364 = CARTESIAN_POINT ( 'NONE',  ( -22.38776588084342478, 13.42708658562318469, -0.7417454751845242722 ) ) ;
#1365 = VERTEX_POINT ( 'NONE', #1912 ) ;
#1366 = DIRECTION ( 'NONE',  ( 0.5000000000000005551, 0.8660254037844382635, 0.000000000000000000 ) ) ;
#1367 = ORIENTED_EDGE ( 'NONE', *, *, #1442, .T. ) ;
#1368 = DIRECTION ( 'NONE',  ( -0.8660254037844388186, -0.4999999999999997224, 0.000000000000000000 ) ) ;
#1369 = EDGE_CURVE ( 'NONE', #1588, #627, #353, .T. ) ;
#1370 = DIRECTION ( 'NONE',  ( -0.1710100716628328577, 0.8660254037844364872, -0.4698463103929590989 ) ) ;
#1371 = EDGE_CURVE ( 'NONE', #1581, #2208, #1893, .T. ) ;
#1372 = CARTESIAN_POINT ( 'NONE',  ( -14.66377553849052262, 20.32050807568861828, 0.2250300038534429337 ) ) ;
#1373 = CARTESIAN_POINT ( 'NONE',  ( -22.21120412020352575, 12.89557417568780906, -0.1823207865585205201 ) ) ;
#1374 = ORIENTED_EDGE ( 'NONE', *, *, #470, .T. ) ;
#1375 = CARTESIAN_POINT ( 'NONE',  ( -9.641274779787782023, -13.07179676972463511, -19.17967375181691381 ) ) ;
#1376 = VECTOR ( 'NONE', #1558, 1000.000000000000114 ) ;
#1377 = ORIENTED_EDGE ( 'NONE', *, *, #743, .F. ) ;
#1378 = CIRCLE ( 'NONE', #45, 3.000000000000000444 ) ;
#1379 = ORIENTED_EDGE ( 'NONE', *, *, #294, .T. ) ;
#1380 = EDGE_CURVE ( 'NONE', #1976, #1353, #1035, .T. ) ;
#1381 = DIRECTION ( 'NONE',  ( -0.9396926207859086499, -9.787883334890257019E-15, 0.3420201433256682688 ) ) ;
#1382 = DIRECTION ( 'NONE',  ( -0.000000000000000000, -0.000000000000000000, -1.000000000000000000 ) ) ;
#1383 = CIRCLE ( 'NONE', #1789, 1.499999999999998002 ) ;
#1384 = DIRECTION ( 'NONE',  ( -1.000000000000000000, 0.000000000000000000, 0.000000000000000000 ) ) ;
#1385 = VECTOR ( 'NONE', #1205, 999.9999999999998863 ) ;
#1386 = CARTESIAN_POINT ( 'NONE',  ( -20.44773777380248347, -1.574773602405366457, 8.510079067876219483 ) ) ;
#1387 = ORIENTED_EDGE ( 'NONE', *, *, #1157, .F. ) ;
#1388 = FACE_BOUND ( 'NONE', #1510, .T. ) ;
#1389 = ORIENTED_EDGE ( 'NONE', *, *, #1476, .T. ) ;
#1390 = ORIENTED_EDGE ( 'NONE', *, *, #109, .T. ) ;
#1391 = LINE ( 'NONE', #362, #635 ) ;
#1392 = CARTESIAN_POINT ( 'NONE',  ( -8.239650166621231620, -14.16987298107792981, -15.32874177658991854 ) ) ;
#1393 = FACE_OUTER_BOUND ( 'NONE', #1845, .T. ) ;
#1394 = ADVANCED_FACE ( 'NONE', ( #1393 ), #8, .F. ) ;
#1395 = CARTESIAN_POINT ( 'NONE',  ( -19.30912086321479038, -2.880176935760860424, 9.999999999999998224 ) ) ;
#1396 = DIRECTION ( 'NONE',  ( 0.6656986149863673985, -0.2500000000000014433, -0.7030969734007049832 ) ) ;
#1397 = ORIENTED_EDGE ( 'NONE', *, *, #1663, .F. ) ;
#1398 = EDGE_CURVE ( 'NONE', #447, #1906, #1734, .T. ) ;
#1399 = FACE_OUTER_BOUND ( 'NONE', #1241, .T. ) ;
#1400 = ADVANCED_FACE ( 'NONE', ( #198 ), #1244, .F. ) ;
#1401 = ORIENTED_EDGE ( 'NONE', *, *, #98, .F. ) ;
#1402 = VERTEX_POINT ( 'NONE', #1595 ) ;
#1403 = LINE ( 'NONE', #1988, #84 ) ;
#1404 = CYLINDRICAL_SURFACE ( 'NONE', #2179, 3.500000000000002220 ) ;
#1405 =( BOUNDED_CURVE ( )  B_SPLINE_CURVE ( 3, ( #1730, #2118, #371, #1054 ),
 .UNSPECIFIED., .F., .T. ) 
 B_SPLINE_CURVE_WITH_KNOTS ( ( 4, 4 ),
 ( 2.836243098951042096, 5.977835752540833880 ),
 .UNSPECIFIED. ) 
 CURVE ( )  GEOMETRIC_REPRESENTATION_ITEM ( )  RATIONAL_B_SPLINE_CURVE ( ( 1.000000000000000000, 0.3333333333333338144, 0.3333333333333338144, 1.000000000000000000 ) ) 
 REPRESENTATION_ITEM ( '' )  );
#1406 = PLANE ( 'NONE',  #1227 ) ;
#1407 = ORIENTED_EDGE ( 'NONE', *, *, #1900, .T. ) ;
#1408 = DIRECTION ( 'NONE',  ( -1.000000000000000000, 3.255014963930509624E-15, 0.000000000000000000 ) ) ;
#1409 = DIRECTION ( 'NONE',  ( 0.2961981327260181374, 0.5000000000000043299, 0.8137976813493732475 ) ) ;
#1410 = ORIENTED_EDGE ( 'NONE', *, *, #266, .F. ) ;
#1411 = CARTESIAN_POINT ( 'NONE',  ( -17.32050807568878170, -1.209484614510983555E-13, 0.000000000000000000 ) ) ;
#1412 = ORIENTED_EDGE ( 'NONE', *, *, #338, .T. ) ;
#1413 = VERTEX_POINT ( 'NONE', #40 ) ;
#1414 = CARTESIAN_POINT ( 'NONE',  ( 14.77353735287644021, 12.18221956300416231, -16.27581677132178228 ) ) ;
#1415 = AXIS2_PLACEMENT_3D ( 'NONE', #1584, #1382, #28 ) ;
#1416 = DIRECTION ( 'NONE',  ( 0.2515460552138202854, -0.9678453296402095285, 0.000000000000000000 ) ) ;
#1417 = VECTOR ( 'NONE', #1508, 1000.000000000000114 ) ;
#1418 = CARTESIAN_POINT ( 'NONE',  ( 0.000000000000000000, 0.000000000000000000, 0.000000000000000000 ) ) ;
#1419 = ORIENTED_EDGE ( 'NONE', *, *, #1000, .T. ) ;
#1420 = CARTESIAN_POINT ( 'NONE',  ( -8.786224421473622925, -17.40192378864681544, -16.83044219985212209 ) ) ;
#1421 = DIRECTION ( 'NONE',  ( -0.000000000000000000, -0.000000000000000000, 1.000000000000000000 ) ) ;
#1422 = VERTEX_POINT ( 'NONE', #723 ) ;
#1423 = AXIS2_PLACEMENT_3D ( 'NONE', #278, #1488, #1720 ) ;
#1424 = LINE ( 'NONE', #1662, #195 ) ;
#1425 = AXIS2_PLACEMENT_3D ( 'NONE', #441, #584, #1468 ) ;
#1426 = ADVANCED_FACE ( 'NONE', ( #2080 ), #1406, .T. ) ;
#1427 = ORIENTED_EDGE ( 'NONE', *, *, #648, .T. ) ;
#1428 = CARTESIAN_POINT ( 'NONE',  ( 15.28411926146630684, 13.00912616466666627, -16.37704860190184775 ) ) ;
#1429 = DIRECTION ( 'NONE',  ( -0.3420201433256610524, 0.000000000000000000, -0.9396926207859112035 ) ) ;
#1430 = FACE_BOUND ( 'NONE', #1265, .T. ) ;
#1431 = EDGE_CURVE ( 'NONE', #445, #1597, #2098, .T. ) ;
#1432 = CARTESIAN_POINT ( 'NONE',  ( 13.85640646055101932, 5.999999999999999112, -74.56220884755757083 ) ) ;
#1433 = CARTESIAN_POINT ( 'NONE',  ( -19.47887512810873289, -2.756504888096926731, 9.239676128403750965 ) ) ;
#1434 = DIRECTION ( 'NONE',  ( 0.5000000000000000000, -0.8660254037844385966, 0.000000000000000000 ) ) ;
#1435 = ORIENTED_EDGE ( 'NONE', *, *, #1230, .F. ) ;
#1436 = DIRECTION ( 'NONE',  ( 0.5000000000000000000, 0.8660254037844385966, 0.000000000000000000 ) ) ;
#1437 = ORIENTED_EDGE ( 'NONE', *, *, #743, .T. ) ;
#1438 = ORIENTED_EDGE ( 'NONE', *, *, #1431, .T. ) ;
#1439 = CARTESIAN_POINT ( 'NONE',  ( 16.47549711667761940, 13.55774546088524879, -15.32955442807934077 ) ) ;
#1440 = CARTESIAN_POINT ( 'NONE',  ( 35.26787583862498110, -63.20874128731087893, 25.99920368408926308 ) ) ;
#1441 = EDGE_CURVE ( 'NONE', #212, #656, #523, .T. ) ;
#1442 = EDGE_CURVE ( 'NONE', #1884, #931, #1545, .T. ) ;
#1443 = FACE_BOUND ( 'NONE', #394, .T. ) ;
#1444 = VERTEX_POINT ( 'NONE', #1549 ) ;
#1445 = CARTESIAN_POINT ( 'NONE',  ( -10.78574089325375596, 0.6814512243888677379, 10.87984262350443920 ) ) ;
#1446 = DIRECTION ( 'NONE',  ( 0.000000000000000000, 0.000000000000000000, 1.000000000000000000 ) ) ;
#1447 = CARTESIAN_POINT ( 'NONE',  ( 20.78692577313738354, -0.4906430199041403317, 10.75948435132691294 ) ) ;
#1448 = PRODUCT ( 'Mid Arm Connector Left V.3', 'Mid Arm Connector Left V.3', '', ( #75 ) ) ;
#1449 = LINE ( 'NONE', #1495, #1282 ) ;
#1450 = CARTESIAN_POINT ( 'NONE',  ( -8.216739161321404694, -15.28589838486236729, -15.26579430687164951 ) ) ;
#1451 = FACE_BOUND ( 'NONE', #1607, .T. ) ;
#1452 = EDGE_CURVE ( 'NONE', #1600, #1331, #83, .T. ) ;
#1453 = AXIS2_PLACEMENT_3D ( 'NONE', #104, #301, #2031 ) ;
#1454 = DIRECTION ( 'NONE',  ( 0.6656986149863693969, -0.2500000000000003331, -0.7030969734007034289 ) ) ;
#1455 = ADVANCED_BREP_SHAPE_REPRESENTATION ( 'Mid Arm Connector Left V.3', ( #2032, #1457 ), #187 ) ;
#1456 = VECTOR ( 'NONE', #1148, 1000.000000000000114 ) ;
#1457 = AXIS2_PLACEMENT_3D ( 'NONE', #238, #1446, #282 ) ;
#1458 = CARTESIAN_POINT ( 'NONE',  ( -20.82050807568877815, -3.189389067250393950, 2.164776563543561849 ) ) ;
#1459 = CARTESIAN_POINT ( 'NONE',  ( -3.574731102555571027, -20.00000000000012790, -17.13100398530155388 ) ) ;
#1460 = CC_DESIGN_PERSON_AND_ORGANIZATION_ASSIGNMENT ( #615, #257, ( #118 ) ) ;
#1461 = CARTESIAN_POINT ( 'NONE',  ( -20.82050807568877815, -1.209484614510983555E-13, 15.00000000000000000 ) ) ;
#1462 = AXIS2_PLACEMENT_3D ( 'NONE', #1656, #976, #2190 ) ;
#1463 = ORIENTED_EDGE ( 'NONE', *, *, #1032, .T. ) ;
#1464 = ORIENTED_EDGE ( 'NONE', *, *, #1642, .T. ) ;
#1465 = AXIS2_PLACEMENT_3D ( 'NONE', #259, #806, #784 ) ;
#1466 = FACE_OUTER_BOUND ( 'NONE', #37, .T. ) ;
#1467 = AXIS2_PLACEMENT_3D ( 'NONE', #41, #1942, #1408 ) ;
#1468 = DIRECTION ( 'NONE',  ( 0.7261554316666060105, 0.000000000000000000, 0.6875305731828112998 ) ) ;
#1469 = CALENDAR_DATE ( 2026, 6, 2 ) ;
#1470 = PLANE ( 'NONE',  #707 ) ;
#1471 = FACE_BOUND ( 'NONE', #171, .T. ) ;
#1472 = EDGE_CURVE ( 'NONE', #143, #1402, #2166, .T. ) ;
#1473 = ORIENTED_EDGE ( 'NONE', *, *, #1164, .T. ) ;
#1474 = FACE_OUTER_BOUND ( 'NONE', #575, .T. ) ;
#1475 = EDGE_CURVE ( 'NONE', #1597, #1913, #1768, .T. ) ;
#1476 = EDGE_CURVE ( 'NONE', #1033, #617, #1255, .T. ) ;
#1477 = CARTESIAN_POINT ( 'NONE',  ( -11.07346824603023983, 1.179809618124994408, 12.25448971700035194 ) ) ;
#1478 = DIRECTION ( 'NONE',  ( 0.3420201433256626067, 0.000000000000000000, 0.9396926207859106484 ) ) ;
#1479 = APPROVAL_STATUS ( 'not_yet_approved' ) ;
#1480 = LINE ( 'NONE', #1771, #954 ) ;
#1481 =( BOUNDED_CURVE ( )  B_SPLINE_CURVE ( 3, ( #1111, #971, #444, #932 ),
 .UNSPECIFIED., .F., .T. ) 
 B_SPLINE_CURVE_WITH_KNOTS ( ( 4, 4 ),
 ( 0.3053495546387416937, 3.446942208228534366 ),
 .UNSPECIFIED. ) 
 CURVE ( )  GEOMETRIC_REPRESENTATION_ITEM ( )  RATIONAL_B_SPLINE_CURVE ( ( 1.000000000000000000, 0.3333333333333335369, 0.3333333333333335369, 1.000000000000000000 ) ) 
 REPRESENTATION_ITEM ( '' )  );
#1482 = ORIENTED_EDGE ( 'NONE', *, *, #1163, .T. ) ;
#1483 = EDGE_CURVE ( 'NONE', #1764, #14, #1077, .T. ) ;
#1484 = CARTESIAN_POINT ( 'NONE',  ( 22.51666049839543149, -2.999999999999984457, 9.999999999999998224 ) ) ;
#1485 = DIRECTION ( 'NONE',  ( 0.000000000000000000, 0.000000000000000000, 1.000000000000000000 ) ) ;
#1486 = EDGE_LOOP ( 'NONE', ( #903, #1739, #1045, #2114 ) ) ;
#1487 = ORIENTED_EDGE ( 'NONE', *, *, #1775, .F. ) ;
#1488 = DIRECTION ( 'NONE',  ( -0.9396926207859107594, 6.661338147750939243E-16, 0.3420201433256624401 ) ) ;
#1489 = CARTESIAN_POINT ( 'NONE',  ( 8.660254037844563157, -14.99999999999990585, 15.00000000000000000 ) ) ;
#1490 = CARTESIAN_POINT ( 'NONE',  ( 33.78987390958358361, -60.20874128731086472, 32.06678230308958177 ) ) ;
#1491 = VECTOR ( 'NONE', #892, 1000.000000000000114 ) ;
#1492 = DATE_AND_TIME ( #1469, #302 ) ;
#1493 = AXIS2_PLACEMENT_3D ( 'NONE', #1309, #1085, #1844 ) ;
#1494 = ORIENTED_EDGE ( 'NONE', *, *, #197, .F. ) ;
#1495 = CARTESIAN_POINT ( 'NONE',  ( -7.863087061571967240, -31.61926629498011820, -9.002498705186773975 ) ) ;
#1496 = LINE ( 'NONE', #1617, #812 ) ;
#1497 = ORIENTED_EDGE ( 'NONE', *, *, #300, .F. ) ;
#1498 = EDGE_LOOP ( 'NONE', ( #654, #1577, #1721, #1776, #328 ) ) ;
#1499 = CARTESIAN_POINT ( 'NONE',  ( -21.02964165813990505, 5.575592183134677526, 2.019378625798520233 ) ) ;
#1500 = EDGE_CURVE ( 'NONE', #1225, #1066, #613, .T. ) ;
#1501 = AXIS2_PLACEMENT_3D ( 'NONE', #466, #1179, #1864 ) ;
#1502 = DIRECTION ( 'NONE',  ( 0.6656986149863672875, -0.2500000000000014433, -0.7030969734007049832 ) ) ;
#1503 = FACE_OUTER_BOUND ( 'NONE', #986, .T. ) ;
#1504 = CYLINDRICAL_SURFACE ( 'NONE', #190, 1.499999999999995337 ) ;
#1505 = EDGE_CURVE ( 'NONE', #458, #715, #1115, .T. ) ;
#1506 = ORIENTED_EDGE ( 'NONE', *, *, #159, .F. ) ;
#1507 = DIRECTION ( 'NONE',  ( 0.000000000000000000, 0.4768709627114779415, 0.8789733129752167473 ) ) ;
#1508 = DIRECTION ( 'NONE',  ( 0.4999999999999990008, 0.8660254037844391517, 0.000000000000000000 ) ) ;
#1509 = EDGE_CURVE ( 'NONE', #1940, #350, #876, .T. ) ;
#1510 = EDGE_LOOP ( 'NONE', ( #785, #1240 ) ) ;
#1511 = CARTESIAN_POINT ( 'NONE',  ( 19.36613364452588470, 17.32050807568858630, -17.69047392418764275 ) ) ;
#1512 = CARTESIAN_POINT ( 'NONE',  ( 29.56333752120143288, -9.205202628028256839, 1.396071290845865231 ) ) ;
#1513 = CARTESIAN_POINT ( 'NONE',  ( 17.51543232994957577, 6.000000000000005329, 23.95614857562486222 ) ) ;
#1514 = CARTESIAN_POINT ( 'NONE',  ( -8.826792387898636960, -66.20874128731091446, 36.51872049774601692 ) ) ;
#1515 = CARTESIAN_POINT ( 'NONE',  ( -22.12098124497874707, 12.81733468641222196, -2.842183820744881739 ) ) ;
#1516 = CARTESIAN_POINT ( 'NONE',  ( -8.660254037844293151, -15.00000000000019718, -6.063975160109616347 ) ) ;
#1517 = ORIENTED_EDGE ( 'NONE', *, *, #769, .F. ) ;
#1518 = CARTESIAN_POINT ( 'NONE',  ( 20.78460969082651388, 6.000000000000011546, -4.450273834796045769 ) ) ;
#1519 = ORIENTED_EDGE ( 'NONE', *, *, #1509, .F. ) ;
#1520 = CARTESIAN_POINT ( 'NONE',  ( -19.17215659931541083, 6.000000000000012434, -1.313146461724445491 ) ) ;
#1521 = EDGE_CURVE ( 'NONE', #1625, #970, #405, .T. ) ;
#1522 = DIRECTION ( 'NONE',  ( -0.2961981327260186925, -0.5000000000000042188, -0.8137976813493731365 ) ) ;
#1523 = CARTESIAN_POINT ( 'NONE',  ( 19.96272598550819666, -2.297192030415251995, 8.653540097433213063 ) ) ;
#1524 = VECTOR ( 'NONE', #1983, 1000.000000000000000 ) ;
#1525 = CARTESIAN_POINT ( 'NONE',  ( -3.518276057391854117, -15.28589838486237262, -16.97589502349995882 ) ) ;
#1526 = CARTESIAN_POINT ( 'NONE',  ( 20.78460969082652454, -6.000000000000000000, 15.00000000000000000 ) ) ;
#1527 = ORIENTED_EDGE ( 'NONE', *, *, #767, .T. ) ;
#1528 = CC_DESIGN_PERSON_AND_ORGANIZATION_ASSIGNMENT ( #1796, #433, ( #1311 ) ) ;
#1529 = AXIS2_PLACEMENT_3D ( 'NONE', #1253, #1137, #1416 ) ;
#1530 = CARTESIAN_POINT ( 'NONE',  ( 22.02618699409076441, 3.849525029221969596, -10.38203741171338024 ) ) ;
#1531 = ORIENTED_EDGE ( 'NONE', *, *, #1371, .T. ) ;
#1532 = EDGE_CURVE ( 'NONE', #18, #1611, #234, .T. ) ;
#1533 = VERTEX_POINT ( 'NONE', #1300 ) ;
#1534 = DIRECTION ( 'NONE',  ( -0.7261554316666057884, 0.000000000000000000, -0.6875305731828114109 ) ) ;
#1535 = CIRCLE ( 'NONE', #1972, 3.000000000000000000 ) ;
#1536 = VECTOR ( 'NONE', #1544, 1000.000000000000114 ) ;
#1537 = CARTESIAN_POINT ( 'NONE',  ( 15.90558480467974256, 10.68072854195687071, -15.00315906462125426 ) ) ;
#1538 = CARTESIAN_POINT ( 'NONE',  ( 20.24791686963781956, -1.920873560832802029, 8.510079067876212378 ) ) ;
#1539 = CIRCLE ( 'NONE', #2212, 3.499999999999999556 ) ;
#1540 = CARTESIAN_POINT ( 'NONE',  ( -21.55260955141596568, 11.50554914892268776, -2.765594904273549925 ) ) ;
#1541 = CARTESIAN_POINT ( 'NONE',  ( -4.054217277680171705, -11.57179676972462268, -18.44838142439711248 ) ) ;
#1542 = ORIENTED_EDGE ( 'NONE', *, *, #1380, .T. ) ;
#1543 = ADVANCED_FACE ( 'NONE', ( #1628 ), #913, .F. ) ;
#1544 = DIRECTION ( 'NONE',  ( 0.4932921833250003552, 0.8544071244955033784, 0.1632522204497679208 ) ) ;
#1545 =( BOUNDED_CURVE ( )  B_SPLINE_CURVE ( 3, ( #2239, #692, #2067, #93 ),
 .UNSPECIFIED., .F., .T. ) 
 B_SPLINE_CURVE_WITH_KNOTS ( ( 4, 4 ),
 ( 0.1643501014900702606, 0.3672559337272429114 ),
 .UNSPECIFIED. ) 
 CURVE ( )  GEOMETRIC_REPRESENTATION_ITEM ( )  RATIONAL_B_SPLINE_CURVE ( ( 1.000000000000000000, 0.9965720436929440540, 0.9965720436929440540, 1.000000000000000000 ) ) 
 REPRESENTATION_ITEM ( '' )  );
#1546 = ADVANCED_FACE ( 'NONE', ( #946 ), #768, .F. ) ;
#1547 = ORIENTED_EDGE ( 'NONE', *, *, #1254, .T. ) ;
#1548 = CARTESIAN_POINT ( 'NONE',  ( -5.890418614656450558, -14.16987298107793158, -16.18379213490407764 ) ) ;
#1549 = CARTESIAN_POINT ( 'NONE',  ( 21.76666049839543504, -4.299038105676642019, 9.999999999999998224 ) ) ;
#1550 = CARTESIAN_POINT ( 'NONE',  ( -21.54115611781900341, 10.89957685293400402, -2.252656414609088831 ) ) ;
#1551 = LINE ( 'NONE', #1526, #1417 ) ;
#1552 = EDGE_LOOP ( 'NONE', ( #180, #2236, #166, #944, #79 ) ) ;
#1553 = EDGE_CURVE ( 'NONE', #939, #1732, #2143, .T. ) ;
#1554 = CARTESIAN_POINT ( 'NONE',  ( 7.794228634059950700, -4.499999999999996447, 15.00000000000000000 ) ) ;
#1555 = ORIENTED_EDGE ( 'NONE', *, *, #59, .F. ) ;
#1556 = ORIENTED_EDGE ( 'NONE', *, *, #1301, .T. ) ;
#1557 = CARTESIAN_POINT ( 'NONE',  ( -20.78460969082652454, -5.999999999999987566, 15.00000000000000000 ) ) ;
#1558 = DIRECTION ( 'NONE',  ( -0.1710100716628328577, 0.8660254037844363761, -0.4698463103929590434 ) ) ;
#1559 = FACE_OUTER_BOUND ( 'NONE', #1498, .T. ) ;
#1560 = CARTESIAN_POINT ( 'NONE',  ( -20.78694016835835612, -0.4905684662853180278, 9.240495350974647693 ) ) ;
#1561 = VERTEX_POINT ( 'NONE', #760 ) ;
#1562 = AXIS2_PLACEMENT_3D ( 'NONE', #833, #1010, #657 ) ;
#1563 = DIRECTION ( 'NONE',  ( 0.9396926207859106484, -7.589415207398531038E-16, -0.3420201433256627177 ) ) ;
#1564 = VECTOR ( 'NONE', #1421, 1000.000000000000000 ) ;
#1565 = VERTEX_POINT ( 'NONE', #265 ) ;
#1566 = ORIENTED_EDGE ( 'NONE', *, *, #338, .F. ) ;
#1567 = CYLINDRICAL_SURFACE ( 'NONE', #117, 1.499999999999995337 ) ;
#1568 = ADVANCED_FACE ( 'NONE', ( #780, #1443, #1430 ), #956, .F. ) ;
#1569 = DIRECTION ( 'NONE',  ( 0.000000000000000000, 0.4768709627114791627, 0.8789733129752159702 ) ) ;
#1570 = VECTOR ( 'NONE', #564, 1000.000000000000114 ) ;
#1571 = B_SPLINE_CURVE_WITH_KNOTS ( 'NONE', 3,
 ( #2049, #1011, #1144, #1880, #119, #1361, #149, #130, #332, #1023, #502, #1537, #140, #1188, #512, #2034, #2014, #2227, #1177, #105, #827, #683 ),
 .UNSPECIFIED., .F., .F.,
 ( 4, 2, 2, 2, 2, 2, 2, 2, 2, 2, 4 ),
 ( 0.004746694460720621463, 0.005339509368848067636, 0.005635916822911792023, 0.005932324276975515544, 0.006525139185102966921, 0.006821546639166693043, 0.007117954093230419166, 0.008303583909485309777, 0.008599991363549030696, 0.008896398817612751614, 0.009489213725740195185 ),
 .UNSPECIFIED. ) ;
#1572 = EDGE_CURVE ( 'NONE', #2208, #18, #1999, .T. ) ;
#1573 = PLANE ( 'NONE',  #88 ) ;
#1574 = CIRCLE ( 'NONE', #235, 1.500000000000001110 ) ;
#1575 = LINE ( 'NONE', #536, #1816 ) ;
#1576 = EDGE_CURVE ( 'NONE', #1295, #2174, #1648, .T. ) ;
#1577 = ORIENTED_EDGE ( 'NONE', *, *, #2023, .F. ) ;
#1578 = EDGE_CURVE ( 'NONE', #1055, #854, #634, .T. ) ;
#1579 = DIRECTION ( 'NONE',  ( -0.3420201433256632728, 0.000000000000000000, -0.9396926207859103153 ) ) ;
#1580 = VERTEX_POINT ( 'NONE', #1292 ) ;
#1581 = VERTEX_POINT ( 'NONE', #633 ) ;
#1582 = DIRECTION ( 'NONE',  ( -0.1710100716628328577, 0.8660254037844363761, -0.4698463103929590434 ) ) ;
#1583 = DIRECTION ( 'NONE',  ( -0.3420201433256628287, 1.734723475976806897E-15, -0.9396926207859105373 ) ) ;
#1584 = CARTESIAN_POINT ( 'NONE',  ( -17.32050807568878170, -1.209484614510983555E-13, 15.00000000000000000 ) ) ;
#1585 = ORIENTED_EDGE ( 'NONE', *, *, #1198, .F. ) ;
#1586 = CARTESIAN_POINT ( 'NONE',  ( -20.78460969082651388, 6.000000000000023981, 15.00000000000000000 ) ) ;
#1587 = CARTESIAN_POINT ( 'NONE',  ( -20.40122172858358951, -1.664027796574622409, 8.500022905214494884 ) ) ;
#1588 = VERTEX_POINT ( 'NONE', #1690 ) ;
#1589 = CARTESIAN_POINT ( 'NONE',  ( -21.17415698928554235, 20.32050807568861828, 2.594615065661600717 ) ) ;
#1590 = VERTEX_POINT ( 'NONE', #473 ) ;
#1591 = PERSON ( 'UNSPECIFIED', 'UNSPECIFIED', 'UNSPECIFIED', ('UNSPECIFIED'), ('UNSPECIFIED'), ('UNSPECIFIED') ) ;
#1592 = ORIENTED_EDGE ( 'NONE', *, *, #109, .F. ) ;
#1593 = LINE ( 'NONE', #2108, #1714 ) ;
#1594 = LINE ( 'NONE', #532, #484 ) ;
#1595 = CARTESIAN_POINT ( 'NONE',  ( -18.21815313120275093, 14.32050807568856854, -9.540542172339030458 ) ) ;
#1596 = PLANE ( 'NONE',  #2116 ) ;
#1597 = VERTEX_POINT ( 'NONE', #1344 ) ;
#1598 = CARTESIAN_POINT ( 'NONE',  ( -20.78460969082651388, 6.000000000000023981, 15.00000000000000000 ) ) ;
#1599 = ORIENTED_EDGE ( 'NONE', *, *, #2071, .T. ) ;
#1600 = VERTEX_POINT ( 'NONE', #1489 ) ;
#1601 = LINE ( 'NONE', #1084, #2148 ) ;
#1602 = VECTOR ( 'NONE', #290, 1000.000000000000114 ) ;
#1603 = CARTESIAN_POINT ( 'NONE',  ( 7.794228634059950700, -4.499999999999997335, -3.820799825699411123 ) ) ;
#1604 = EDGE_CURVE ( 'NONE', #1764, #469, #978, .T. ) ;
#1605 = VECTOR ( 'NONE', #404, 1000.000000000000000 ) ;
#1606 = DIRECTION ( 'NONE',  ( -0.7261554316666036790, 0.000000000000000000, -0.6875305731828138534 ) ) ;
#1607 = EDGE_LOOP ( 'NONE', ( #1497, #1215 ) ) ;
#1608 = CARTESIAN_POINT ( 'NONE',  ( -20.78708122516581724, -0.4894322833907193693, 10.75723606313356662 ) ) ;
#1609 = CARTESIAN_POINT ( 'NONE',  ( -20.72386774133508069, -0.8199778127690138252, 8.870269613594418345 ) ) ;
#1610 = CARTESIAN_POINT ( 'NONE',  ( 19.34665895671211899, -2.855063216117708969, 10.39738534809910853 ) ) ;
#1611 = VERTEX_POINT ( 'NONE', #1670 ) ;
#1612 = LINE ( 'NONE', #1213, #848 ) ;
#1613 = EDGE_LOOP ( 'NONE', ( #2224, #2061 ) ) ;
#1614 = EDGE_CURVE ( 'NONE', #247, #1422, #2178, .T. ) ;
#1615 = EDGE_LOOP ( 'NONE', ( #906, #2200, #2188, #483, #215 ) ) ;
#1616 = DIRECTION ( 'NONE',  ( 0.2961981327260194696, 0.5000000000000042188, 0.8137976813493728034 ) ) ;
#1617 = CARTESIAN_POINT ( 'NONE',  ( 1.237966655608570887, -60.20874128731085051, 43.91470761213034280 ) ) ;
#1618 = EDGE_CURVE ( 'NONE', #1072, #143, #1315, .T. ) ;
#1619 = CARTESIAN_POINT ( 'NONE',  ( -5.272414795186447733, -60.20874128731085051, 46.28429267393850921 ) ) ;
#1620 = ORIENTED_EDGE ( 'NONE', *, *, #2209, .F. ) ;
#1621 = FACE_BOUND ( 'NONE', #1613, .T. ) ;
#1622 = LINE ( 'NONE', #1459, #2042 ) ;
#1623 = ORIENTED_EDGE ( 'NONE', *, *, #699, .T. ) ;
#1624 = CARTESIAN_POINT ( 'NONE',  ( -8.311875323215536682, -3.603409634012701090, -0.9393052007687222593 ) ) ;
#1625 = VERTEX_POINT ( 'NONE', #1699 ) ;
#1626 = CARTESIAN_POINT ( 'NONE',  ( 16.13577753531283676, 13.57536865618771671, -15.81805354082753112 ) ) ;
#1627 = DIRECTION ( 'NONE',  ( -0.4719139070981633322, 0.8173788638923619176, -0.3304376751361406406 ) ) ;
#1628 = FACE_OUTER_BOUND ( 'NONE', #2008, .T. ) ;
#1629 = ORIENTED_EDGE ( 'NONE', *, *, #1576, .F. ) ;
#1630 = FACE_OUTER_BOUND ( 'NONE', #375, .T. ) ;
#1631 = DATE_AND_TIME ( #1984, #2106 ) ;
#1632 = CARTESIAN_POINT ( 'NONE',  ( 20.40163884000438443, -1.663278118507350190, 11.49994533823643650 ) ) ;
#1633 = CARTESIAN_POINT ( 'NONE',  ( -13.85640646055101932, 5.999999999999999112, 8.729739445961875788 ) ) ;
#1634 = ORIENTED_EDGE ( 'NONE', *, *, #1350, .F. ) ;
#1635 = DIRECTION ( 'NONE',  ( -0.8660254037844392627, 0.4999999999999990563, 0.000000000000000000 ) ) ;
#1636 = VECTOR ( 'NONE', #163, 1000.000000000000114 ) ;
#1637 = DIRECTION ( 'NONE',  ( -0.000000000000000000, -0.000000000000000000, -1.000000000000000000 ) ) ;
#1638 = AXIS2_PLACEMENT_3D ( 'NONE', #2039, #493, #1171 ) ;
#1639 = EDGE_CURVE ( 'NONE', #1565, #1732, #449, .T. ) ;
#1640 = DIRECTION ( 'NONE',  ( 0.5000000000000132117, -0.8660254037844310471, 0.000000000000000000 ) ) ;
#1641 = CARTESIAN_POINT ( 'NONE',  ( 17.32050807568876749, 2.071797594602757948E-15, 0.000000000000000000 ) ) ;
#1642 = EDGE_CURVE ( 'NONE', #288, #715, #1861, .T. ) ;
#1643 = DIRECTION ( 'NONE',  ( 0.6656986149863667324, -0.2500000000000019429, -0.7030969734007053162 ) ) ;
#1644 = ORIENTED_EDGE ( 'NONE', *, *, #775, .T. ) ;
#1645 = VECTOR ( 'NONE', #2074, 1000.000000000000000 ) ;
#1646 = DIRECTION ( 'NONE',  ( 0.8660254037844383745, -0.5000000000000004441, 0.000000000000000000 ) ) ;
#1647 = AXIS2_PLACEMENT_3D ( 'NONE', #432, #268, #2167 ) ;
#1648 = LINE ( 'NONE', #50, #1703 ) ;
#1649 = LINE ( 'NONE', #248, #2047 ) ;
#1650 = SHAPE_DEFINITION_REPRESENTATION ( #241, #1455 ) ;
#1651 = CARTESIAN_POINT ( 'NONE',  ( 19.57164185934639278, -2.683843637399641047, 10.92229334602661339 ) ) ;
#1652 = ORIENTED_EDGE ( 'NONE', *, *, #1843, .T. ) ;
#1653 = DIRECTION ( 'NONE',  ( -1.000000000000000000, -1.041604788457761281E-14, 0.000000000000000000 ) ) ;
#1654 = ORIENTED_EDGE ( 'NONE', *, *, #1224, .F. ) ;
#1655 = ORIENTED_EDGE ( 'NONE', *, *, #224, .T. ) ;
#1656 = CARTESIAN_POINT ( 'NONE',  ( -22.51666049839541017, -2.999999999999964473, 9.999999999999998224 ) ) ;
#1657 = PLANE ( 'NONE',  #1453 ) ;
#1658 = CYLINDRICAL_SURFACE ( 'NONE', #2225, 1.499999999999996225 ) ;
#1659 = PERSON_AND_ORGANIZATION_ROLE ( 'creator' ) ;
#1660 = CARTESIAN_POINT ( 'NONE',  ( 20.07937666665015541, -2.155701928695297198, 8.578034041414566602 ) ) ;
#1661 = EDGE_LOOP ( 'NONE', ( #1248, #887, #545, #436, #443 ) ) ;
#1662 = CARTESIAN_POINT ( 'NONE',  ( 13.85640646055101932, 5.999999999999999112, 15.00000000000000000 ) ) ;
#1663 = EDGE_CURVE ( 'NONE', #469, #563, #321, .T. ) ;
#1664 = DIRECTION ( 'NONE',  ( -0.1710100716628328577, 0.8660254037844363761, -0.4698463103929590434 ) ) ;
#1665 = ORIENTED_EDGE ( 'NONE', *, *, #1669, .T. ) ;
#1666 = ORIENTED_EDGE ( 'NONE', *, *, #1521, .F. ) ;
#1667 = APPROVAL ( #463, 'UNSPECIFIED' ) ;
#1668 = DIRECTION ( 'NONE',  ( -0.8660254037844310471, -0.5000000000000132117, -0.000000000000000000 ) ) ;
#1669 = EDGE_CURVE ( 'NONE', #537, #361, #859, .T. ) ;
#1670 = CARTESIAN_POINT ( 'NONE',  ( -13.85640646055100866, -6.000000000000010658, 15.00000000000000000 ) ) ;
#1671 = DIRECTION ( 'NONE',  ( 0.8660254037844383745, -0.5000000000000006661, 0.000000000000000000 ) ) ;
#1672 = AXIS2_PLACEMENT_3D ( 'NONE', #1724, #1218, #173 ) ;
#1673 = B_SPLINE_CURVE_WITH_KNOTS ( 'NONE', 3,
 ( #1080, #1746, #1090, #738, #13, #1560, #1211, #1609, #54, #704, #895, #221, #2117, #1386, #1587, #752, #1915, #31, #1931, #1759, #572, #1247, #1433, #905, #2127, #1905 ),
 .UNSPECIFIED., .F., .F.,
 ( 4, 2, 2, 2, 2, 2, 2, 2, 2, 2, 2, 2, 4 ),
 ( 0.004747570850518837218, 0.005044022899832486737, 0.005340474949146136255, 0.005933379047773430087, 0.006229831097087078738, 0.006526283146400728256, 0.006822735195714378642, 0.007119187245028028160, 0.007712091343655321993, 0.008008543392968969776, 0.008304995442282619295, 0.008897899540909918331, 0.009490803639537217368 ),
 .UNSPECIFIED. ) ;
#1674 = AXIS2_PLACEMENT_3D ( 'NONE', #1440, #418, #747 ) ;
#1675 = ORIENTED_EDGE ( 'NONE', *, *, #1360, .T. ) ;
#1676 = CARTESIAN_POINT ( 'NONE',  ( -22.50693516502761327, 13.50824620122630826, -1.991151929515301511 ) ) ;
#1677 = DIRECTION ( 'NONE',  ( -0.1710100716628328577, 0.8660254037844363761, -0.4698463103929590434 ) ) ;
#1678 = DIRECTION ( 'NONE',  ( 0.8660254037844383745, -0.5000000000000006661, 0.000000000000000000 ) ) ;
#1679 = VECTOR ( 'NONE', #1178, 1000.000000000000000 ) ;
#1680 = B_SPLINE_CURVE_WITH_KNOTS ( 'NONE', 3,
 ( #1414, #1267, #48, #542, #230, #1428, #61, #935, #2096, #2133, #1923, #1226, #1626, #889, #1062, #1439, #1048, #1741, #577, #38, #1242, #712, #1961, #1765, #551, #1910 ),
 .UNSPECIFIED., .F., .F.,
 ( 4, 2, 2, 2, 2, 2, 2, 2, 2, 2, 2, 2, 4 ),
 ( 0.000000000000000000, 0.0005933368075900864649, 0.0008900052113851265531, 0.001186673615180166641, 0.001483342018975206946, 0.001780010422770246818, 0.002373347230360325476, 0.002670015634155361011, 0.002966684037950397413, 0.003560020845540466314, 0.003856689249335504450, 0.004153357653130542587, 0.004746694460720621463 ),
 .UNSPECIFIED. ) ;
#1681 = AXIS2_PLACEMENT_3D ( 'NONE', #662, #1147, #1842 ) ;
#1682 = DIRECTION ( 'NONE',  ( 0.7261554316666062325, -0.000000000000000000, 0.6875305731828111888 ) ) ;
#1683 = CARTESIAN_POINT ( 'NONE',  ( 12.85575219373088807, 17.32050807568859341, -15.32088886237948167 ) ) ;
#1684 = CARTESIAN_POINT ( 'NONE',  ( -23.26666049839541728, -1.700961894323310686, 9.999999999999998224 ) ) ;
#1685 = ORIENTED_EDGE ( 'NONE', *, *, #890, .T. ) ;
#1686 = DIRECTION ( 'NONE',  ( 1.000000000000000000, -3.505400730386713018E-15, 0.000000000000000000 ) ) ;
#1687 = CARTESIAN_POINT ( 'NONE',  ( -22.50192475525577862, 13.58875678789023844, -1.305286962276589691 ) ) ;
#1688 = ORIENTED_EDGE ( 'NONE', *, *, #648, .F. ) ;
#1689 = PLANE ( 'NONE',  #155 ) ;
#1690 = CARTESIAN_POINT ( 'NONE',  ( -18.34635182148095822, 6.000000000000023981, 10.36394591082194516 ) ) ;
#1691 = PLANE ( 'NONE',  #1049 ) ;
#1692 = FACE_BOUND ( 'NONE', #1312, .T. ) ;
#1693 = CARTESIAN_POINT ( 'NONE',  ( -21.88264728713885532, 12.40063476441310009, -2.977381049922712908 ) ) ;
#1694 = CARTESIAN_POINT ( 'NONE',  ( -11.09995814075459819, -15.00000000000010303, -5.175995486233215814 ) ) ;
#1695 = ORIENTED_EDGE ( 'NONE', *, *, #1398, .F. ) ;
#1696 = DIRECTION ( 'NONE',  ( -1.000000000000000000, -1.752700365193356509E-15, 0.000000000000000000 ) ) ;
#1697 = ORIENTED_EDGE ( 'NONE', *, *, #1064, .T. ) ;
#1698 = ORIENTED_EDGE ( 'NONE', *, *, #612, .F. ) ;
#1699 = CARTESIAN_POINT ( 'NONE',  ( 14.77353735287644021, 12.18221956300416231, -16.27581677132178228 ) ) ;
#1700 = LINE ( 'NONE', #313, #331 ) ;
#1701 = CARTESIAN_POINT ( 'NONE',  ( 19.37933575202702130, -2.830712068975643980, 9.512731030665344534 ) ) ;
#1702 = EDGE_CURVE ( 'NONE', #1866, #288, #1176, .T. ) ;
#1703 = VECTOR ( 'NONE', #1637, 1000.000000000000000 ) ;
#1704 = CARTESIAN_POINT ( 'NONE',  ( -22.40540045587412621, 13.29926438659930810, -2.432391962128250373 ) ) ;
#1705 = CARTESIAN_POINT ( 'NONE',  ( -22.10751604576731566, 11.94153266596853591, -0.005423013027396461801 ) ) ;
#1706 = EDGE_LOOP ( 'NONE', ( #1287, #179 ) ) ;
#1707 = AXIS2_PLACEMENT_3D ( 'NONE', #185, #396, #1069 ) ;
#1708 = EDGE_CURVE ( 'NONE', #1162, #1422, #298, .T. ) ;
#1709 = DIRECTION ( 'NONE',  ( 0.2133312028987082165, -0.4330127018922228510, -0.8757795372522624300 ) ) ;
#1710 = ORIENTED_EDGE ( 'NONE', *, *, #1639, .T. ) ;
#1711 = ADVANCED_FACE ( 'NONE', ( #2201, #2012, #999 ), #2226, .T. ) ;
#1712 = ORIENTED_EDGE ( 'NONE', *, *, #836, .T. ) ;
#1713 = LINE ( 'NONE', #162, #2000 ) ;
#1714 = VECTOR ( 'NONE', #924, 1000.000000000000114 ) ;
#1715 = CIRCLE ( 'NONE', #271, 3.499999999999999556 ) ;
#1716 = DIRECTION ( 'NONE',  ( 1.000000000000000000, 0.000000000000000000, -0.000000000000000000 ) ) ;
#1717 = DIRECTION ( 'NONE',  ( 0.000000000000000000, -0.4768709627114787186, -0.8789733129752163032 ) ) ;
#1718 = LINE ( 'NONE', #1694, #11 ) ;
#1719 = ORIENTED_EDGE ( 'NONE', *, *, #1301, .F. ) ;
#1720 = DIRECTION ( 'NONE',  ( 0.3420201433256623291, 0.000000000000000000, 0.9396926207859107594 ) ) ;
#1721 = ORIENTED_EDGE ( 'NONE', *, *, #688, .F. ) ;
#1722 = ORIENTED_EDGE ( 'NONE', *, *, #177, .F. ) ;
#1723 = DIRECTION ( 'NONE',  ( 0.9396926207859106484, -4.200521762702681486E-16, -0.3420201433256625512 ) ) ;
#1724 = CARTESIAN_POINT ( 'NONE',  ( -24.12499648273561803, 23.92857321350624389, 9.999999999999998224 ) ) ;
#1725 = CARTESIAN_POINT ( 'NONE',  ( -20.56680954590547472, -1.311529015336299286, 11.42208046950039879 ) ) ;
#1726 = CARTESIAN_POINT ( 'NONE',  ( -21.76059991139927874, 10.68176062462745435, -1.503148687208208933 ) ) ;
#1727 = VERTEX_POINT ( 'NONE', #967 ) ;
#1728 = ADVANCED_FACE ( 'NONE', ( #500 ), #2211, .F. ) ;
#1729 = DIRECTION ( 'NONE',  ( -0.9618967477123847587, -0.2500000000000015543, -0.1107007079486665851 ) ) ;
#1730 = CARTESIAN_POINT ( 'NONE',  ( -17.13116681757666981, 6.000000000000005329, 6.650690319970155251 ) ) ;
#1731 = VERTEX_POINT ( 'NONE', #116 ) ;
#1732 = VERTEX_POINT ( 'NONE', #682 ) ;
#1733 = LINE ( 'NONE', #865, #1229 ) ;
#1734 = LINE ( 'NONE', #701, #1117 ) ;
#1735 = CARTESIAN_POINT ( 'NONE',  ( -20.80912086321462340, -0.2821007244074551501, 10.19775481139693163 ) ) ;
#1736 =( LENGTH_UNIT ( ) NAMED_UNIT ( * ) SI_UNIT ( .MILLI., .METRE. ) );
#1737 = ORIENTED_EDGE ( 'NONE', *, *, #128, .F. ) ;
#1738 = DIRECTION ( 'NONE',  ( 0.000000000000000000, 0.000000000000000000, 1.000000000000000000 ) ) ;
#1739 = ORIENTED_EDGE ( 'NONE', *, *, #197, .T. ) ;
#1740 = VERTEX_POINT ( 'NONE', #647 ) ;
#1741 = CARTESIAN_POINT ( 'NONE',  ( 16.65724564724611412, 13.44509239200032447, -14.99277935706097509 ) ) ;
#1742 = DIRECTION ( 'NONE',  ( 0.4932921833250091259, 0.8544071244954953848, 0.1632522204497826590 ) ) ;
#1743 = CARTESIAN_POINT ( 'NONE',  ( -3.794412866145048024, -64.87778965680105614, 37.14030745952494073 ) ) ;
#1744 = CARTESIAN_POINT ( 'NONE',  ( 0.000000000000000000, 0.000000000000000000, 0.000000000000000000 ) ) ;
#1745 = CIRCLE ( 'NONE', #274, 3.000000000000000000 ) ;
#1746 = CARTESIAN_POINT ( 'NONE',  ( -20.80912086321462695, -0.2821007244074552056, 9.901212942877769763 ) ) ;
#1747 = ORIENTED_EDGE ( 'NONE', *, *, #866, .F. ) ;
#1748 = B_SPLINE_CURVE_WITH_KNOTS ( 'NONE', 3,
 ( #1726, #830, #505, #325, #994, #1855, #2197, #347, #1037, #307, #153, #1705, #686, #822, #1014, #1180, #1373, #849, #2028, #165, #1364, #1190, #1687, #1875 ),
 .UNSPECIFIED., .F., .F.,
 ( 4, 2, 2, 2, 2, 2, 2, 2, 2, 2, 2, 4 ),
 ( 0.000000000000000000, 0.0002969301989072642943, 0.0005938603978145285886, 0.001187720795629058912, 0.001781581193443589018, 0.002078511392350856565, 0.002375441591258123895, 0.002969301989072659857, 0.003266232187979925018, 0.003563162386887190180, 0.004157022784701720937, 0.004750883182516251260 ),
 .UNSPECIFIED. ) ;
#1749 = DIRECTION ( 'NONE',  ( 0.6656986149863672875, -0.2500000000000014433, -0.7030969734007049832 ) ) ;
#1750 = EDGE_LOOP ( 'NONE', ( #793, #1599, #874, #853 ) ) ;
#1751 = EDGE_LOOP ( 'NONE', ( #1856, #58, #508, #1620, #1932, #1652 ) ) ;
#1752 = LINE ( 'NONE', #590, #2078 ) ;
#1753 = ADVANCED_FACE ( 'NONE', ( #1324, #1334 ), #1657, .F. ) ;
#1754 = FACE_BOUND ( 'NONE', #2219, .T. ) ;
#1755 = EDGE_CURVE ( 'NONE', #18, #1072, #1165, .T. ) ;
#1756 = CARTESIAN_POINT ( 'NONE',  ( 28.75749438782998624, -64.87778965680105614, 25.29238215048416549 ) ) ;
#1757 = ORIENTED_EDGE ( 'NONE', *, *, #9, .F. ) ;
#1758 = CARTESIAN_POINT ( 'NONE',  ( -8.660254037844293151, -15.00000000000020073, -24.56587275535989434 ) ) ;
#1759 = CARTESIAN_POINT ( 'NONE',  ( -19.78783581991733698, -2.483789513584496067, 8.809237704951366155 ) ) ;
#1760 = VERTEX_POINT ( 'NONE', #722 ) ;
#1761 = EDGE_CURVE ( 'NONE', #1731, #1225, #6, .T. ) ;
#1762 = CARTESIAN_POINT ( 'NONE',  ( -5.890418614656450558, -14.16987298107793158, -16.18379213490407764 ) ) ;
#1763 = EDGE_LOOP ( 'NONE', ( #1788, #497, #559, #1174, #203 ) ) ;
#1764 = VERTEX_POINT ( 'NONE', #698 ) ;
#1765 = CARTESIAN_POINT ( 'NONE',  ( 16.94992052351130596, 12.57884933150078588, -14.26773021637422723 ) ) ;
#1766 = CARTESIAN_POINT ( 'NONE',  ( 0.000000000000000000, 0.000000000000000000, 15.00000000000000000 ) ) ;
#1767 = CARTESIAN_POINT ( 'NONE',  ( -19.38112960189070932, 25.00884492539386628, 19.79762911364169042 ) ) ;
#1768 =( BOUNDED_CURVE ( )  B_SPLINE_CURVE ( 3, ( #1086, #788, #1989, #420 ),
 .UNSPECIFIED., .F., .T. ) 
 B_SPLINE_CURVE_WITH_KNOTS ( ( 4, 4 ),
 ( 2.012605995473620180, 2.105606086054018000 ),
 .UNSPECIFIED. ) 
 CURVE ( )  GEOMETRIC_REPRESENTATION_ITEM ( )  RATIONAL_B_SPLINE_CURVE ( ( 1.000000000000000000, 0.9992793784572896465, 0.9992793784572896465, 1.000000000000000000 ) ) 
 REPRESENTATION_ITEM ( '' )  );
#1769 = CARTESIAN_POINT ( 'NONE',  ( -20.72432510340994938, -0.8180370635120502998, 11.12800915504866595 ) ) ;
#1770 = LINE ( 'NONE', #385, #1564 ) ;
#1771 = CARTESIAN_POINT ( 'NONE',  ( -6.679293452527599761, -8.071796769724592480, -11.04169693832318444 ) ) ;
#1772 = ORIENTED_EDGE ( 'NONE', *, *, #2003, .T. ) ;
#1773 = ADVANCED_FACE ( 'NONE', ( #2088 ), #1404, .F. ) ;
#1774 = PLANE ( 'NONE',  #1098 ) ;
#1775 = EDGE_CURVE ( 'NONE', #1960, #831, #1378, .T. ) ;
#1776 = ORIENTED_EDGE ( 'NONE', *, *, #1112, .F. ) ;
#1777 = CARTESIAN_POINT ( 'NONE',  ( 18.34635182148094401, -5.999999999999999112, -10.36394591082195582 ) ) ;
#1778 = VECTOR ( 'NONE', #1965, 1000.000000000000000 ) ;
#1779 = CARTESIAN_POINT ( 'NONE',  ( -4.031306272380350997, -15.28589838486237262, -18.38543395467882036 ) ) ;
#1780 = VECTOR ( 'NONE', #39, 1000.000000000000000 ) ;
#1781 = DIRECTION ( 'NONE',  ( 0.6656986149863672875, -0.2500000000000014433, -0.7030969734007049832 ) ) ;
#1782 = LOCAL_TIME ( 22, 21, 35.00000000000000000, #2150 ) ;
#1783 = ORIENTED_EDGE ( 'NONE', *, *, #1761, .T. ) ;
#1784 = LINE ( 'NONE', #1089, #771 ) ;
#1785 = EDGE_CURVE ( 'NONE', #348, #253, #343, .T. ) ;
#1786 = APPROVAL_DATE_TIME ( #1118, #1214 ) ;
#1787 = DIRECTION ( 'NONE',  ( 1.000000000000000000, 0.000000000000000000, 0.000000000000000000 ) ) ;
#1788 = ORIENTED_EDGE ( 'NONE', *, *, #775, .F. ) ;
#1789 = AXIS2_PLACEMENT_3D ( 'NONE', #1801, #1288, #1012 ) ;
#1790 = AXIS2_PLACEMENT_3D ( 'NONE', #1867, #655, #318 ) ;
#1791 = CARTESIAN_POINT ( 'NONE',  ( -8.099110661395187094, -3.971928838340748946, -1.397943286238789717 ) ) ;
#1792 = CARTESIAN_POINT ( 'NONE',  ( -13.85640646055101044, -6.000000000000010658, -1.549833725495738612 ) ) ;
#1793 = CARTESIAN_POINT ( 'NONE',  ( -13.85640646055100866, -6.000000000000010658, 15.00000000000000000 ) ) ;
#1794 = CARTESIAN_POINT ( 'NONE',  ( 8.660254037844563157, -14.99999999999990585, 15.00000000000000000 ) ) ;
#1795 = ORIENTED_EDGE ( 'NONE', *, *, #1951, .F. ) ;
#1796 = PERSON_AND_ORGANIZATION ( #1591, #525 ) ;
#1797 = CARTESIAN_POINT ( 'NONE',  ( 20.37010858332978458, 6.717936977977901236, -2.469952057346593843 ) ) ;
#1798 = PLANE ( 'NONE',  #1892 ) ;
#1799 = ORIENTED_EDGE ( 'NONE', *, *, #472, .T. ) ;
#1800 = DESIGN_CONTEXT ( 'detailed design', #2009, 'design' ) ;
#1801 = CARTESIAN_POINT ( 'NONE',  ( -22.51666049839541017, -2.999999999999964473, 9.999999999999998224 ) ) ;
#1802 = EDGE_CURVE ( 'NONE', #1365, #1078, #1594, .T. ) ;
#1803 = DIRECTION ( 'NONE',  ( 0.000000000000000000, -0.8520312918379400191, 0.5234908573499360562 ) ) ;
#1804 = ADVANCED_FACE ( 'NONE', ( #330 ), #2097, .F. ) ;
#1805 = DIRECTION ( 'NONE',  ( 0.4999999999999981681, -0.8660254037844395958, -0.000000000000000000 ) ) ;
#1806 = EDGE_CURVE ( 'NONE', #350, #1921, #27, .T. ) ;
#1807 = CARTESIAN_POINT ( 'NONE',  ( 18.79422738946313842, 11.49038105676638999, -16.15894329104470373 ) ) ;
#1808 = APPLICATION_PROTOCOL_DEFINITION ( 'international standard', 'config_control_design', 1994, #2009 ) ;
#1809 = CARTESIAN_POINT ( 'NONE',  ( 19.30912086321462340, -2.880176935760826673, 9.999999999999998224 ) ) ;
#1810 = EDGE_CURVE ( 'NONE', #1588, #786, #891, .T. ) ;
#1811 = FACE_OUTER_BOUND ( 'NONE', #1250, .T. ) ;
#1812 = ORIENTED_EDGE ( 'NONE', *, *, #2045, .T. ) ;
#1813 = EDGE_LOOP ( 'NONE', ( #205, #1948, #1654, #1555, #276, #1665 ) ) ;
#1814 = DIRECTION ( 'NONE',  ( -0.000000000000000000, -0.000000000000000000, -1.000000000000000000 ) ) ;
#1815 = AXIS2_PLACEMENT_3D ( 'NONE', #1838, #979, #991 ) ;
#1816 = VECTOR ( 'NONE', #1220, 1000.000000000000114 ) ;
#1817 = CARTESIAN_POINT ( 'NONE',  ( 0.000000000000000000, 0.000000000000000000, 15.00000000000000000 ) ) ;
#1818 = DIRECTION ( 'NONE',  ( -0.1710100716628321083, 0.8660254037844363761, -0.4698463103929593765 ) ) ;
#1819 = ORIENTED_EDGE ( 'NONE', *, *, #677, .F. ) ;
#1820 = CARTESIAN_POINT ( 'NONE',  ( 14.76158175576849807, 6.000000000000005329, -13.16107177076522206 ) ) ;
#1821 = LINE ( 'NONE', #101, #922 ) ;
#1822 = VECTOR ( 'NONE', #1696, 1000.000000000000000 ) ;
#1823 = CARTESIAN_POINT ( 'NONE',  ( -0.09940804354156840272, -70.70874128731094288, 25.04776750743738845 ) ) ;
#1824 = CARTESIAN_POINT ( 'NONE',  ( -19.69615506024414131, 17.32050807568860051, -3.472963553338712650 ) ) ;
#1825 = ADVANCED_FACE ( 'NONE', ( #1911 ), #1217, .F. ) ;
#1826 = FACE_OUTER_BOUND ( 'NONE', #1159, .T. ) ;
#1827 = CALENDAR_DATE ( 2026, 6, 2 ) ;
#1828 = CARTESIAN_POINT ( 'NONE',  ( 20.45036034519274182, -1.578976012072728752, 8.499954309787550955 ) ) ;
#1829 = CC_DESIGN_PERSON_AND_ORGANIZATION_ASSIGNMENT ( #803, #1132, ( #1448 ) ) ;
#1830 = ORIENTED_EDGE ( 'NONE', *, *, #1186, .T. ) ;
#1831 = CARTESIAN_POINT ( 'NONE',  ( 20.78460969082652454, -6.000000000000000000, -8.055381163697232338 ) ) ;
#1832 = CARTESIAN_POINT ( 'NONE',  ( 35.26787583862498110, -63.20874128731087893, 25.99920368408926308 ) ) ;
#1833 = ORIENTED_EDGE ( 'NONE', *, *, #997, .T. ) ;
#1834 = ORIENTED_EDGE ( 'NONE', *, *, #520, .T. ) ;
#1835 = ADVANCED_FACE ( 'NONE', ( #1207 ), #1924, .T. ) ;
#1836 = PLANE ( 'NONE',  #1166 ) ;
#1837 = CARTESIAN_POINT ( 'NONE',  ( -18.29189645439079825, 25.00884492539386628, 20.82892497341590854 ) ) ;
#1838 = CARTESIAN_POINT ( 'NONE',  ( -3.518276057391854117, -15.28589838486237262, -16.97589502349995882 ) ) ;
#1839 = CARTESIAN_POINT ( 'NONE',  ( 20.30195524657325734, -1.835962386905022559, 8.500022905214489555 ) ) ;
#1840 = ADVANCED_FACE ( 'NONE', ( #1754, #181 ), #208, .F. ) ;
#1841 = VERTEX_POINT ( 'NONE', #731 ) ;
#1842 = DIRECTION ( 'NONE',  ( -1.000000000000000000, 0.000000000000000000, 0.000000000000000000 ) ) ;
#1843 = EDGE_CURVE ( 'NONE', #219, #1402, #1713, .T. ) ;
#1844 = DIRECTION ( 'NONE',  ( 0.000000000000000000, -0.4768709627114784411, -0.8789733129752163032 ) ) ;
#1845 = EDGE_LOOP ( 'NONE', ( #169, #1737, #52, #1868 ) ) ;
#1846 = ORIENTED_EDGE ( 'NONE', *, *, #1938, .F. ) ;
#1847 = LINE ( 'NONE', #430, #1237 ) ;
#1848 = DIRECTION ( 'NONE',  ( -0.3939955625959708496, 0.6824203323729058912, -0.6156865977254475375 ) ) ;
#1849 = AXIS2_PLACEMENT_3D ( 'NONE', #1683, #303, #659 ) ;
#1850 = CARTESIAN_POINT ( 'NONE',  ( 17.88813171548449432, 20.32050807568861117, -11.62289530518731873 ) ) ;
#1851 = VECTOR ( 'NONE', #1381, 999.9999999999998863 ) ;
#1852 = CARTESIAN_POINT ( 'NONE',  ( 20.80912086321459142, -0.2821007244074951181, 9.799297612748954833 ) ) ;
#1853 = ADVANCED_FACE ( 'NONE', ( #691 ), #172, .F. ) ;
#1854 = CARTESIAN_POINT ( 'NONE',  ( -3.005245842403364342, -15.28589838486237262, -15.56635609232109907 ) ) ;
#1855 = CARTESIAN_POINT ( 'NONE',  ( -21.96512633728810115, 10.82678612415825015, -0.7561734370238033520 ) ) ;
#1856 = ORIENTED_EDGE ( 'NONE', *, *, #1472, .F. ) ;
#1857 = CARTESIAN_POINT ( 'NONE',  ( -17.20266330689088718, 25.00884492539386628, 21.86022083319012665 ) ) ;
#1858 = CLOSED_SHELL ( 'NONE', ( #33, #1728, #938, #1825, #907, #1067, #411, #1325, #1773, #1835, #438, #611, #360, #1262, #35, #2017, #825, #1917, #2159, #562, #606, #800, #2232, #1099, #252, #133, #1711, #640, #392, #131, #1840, #977, #749, #1804, #1853, #1543, #632, #1130, #982, #1266, #1002, #1546, #1568, #732, #461, #934, #1426, #972, #1400, #319, #658, #1142, #1093, #1394, #501, #608, #580, #272, #1979, #1753, #1209, #1873 ) ) ;
#1859 = ORIENTED_EDGE ( 'NONE', *, *, #1785, .T. ) ;
#1860 = CIRCLE ( 'NONE', #1465, 3.499999999999999556 ) ;
#1861 = LINE ( 'NONE', #815, #1962 ) ;
#1862 = LINE ( 'NONE', #879, #78 ) ;
#1863 = CARTESIAN_POINT ( 'NONE',  ( 20.63105241457789774, -1.139609377075059493, 8.653549112900533302 ) ) ;
#1864 = DIRECTION ( 'NONE',  ( -0.3420201433256628287, 0.000000000000000000, -0.9396926207859105373 ) ) ;
#1865 = LINE ( 'NONE', #1202, #2146 ) ;
#1866 = VERTEX_POINT ( 'NONE', #521 ) ;
#1867 = CARTESIAN_POINT ( 'NONE',  ( -2.316410937103656309, -66.20874128731091446, 34.14913543593787182 ) ) ;
#1868 = ORIENTED_EDGE ( 'NONE', *, *, #300, .T. ) ;
#1869 = ORIENTED_EDGE ( 'NONE', *, *, #1431, .F. ) ;
#1870 = CARTESIAN_POINT ( 'NONE',  ( -20.28047850627849158, 6.000000000000015099, -0.4992424640550717219 ) ) ;
#1871 = EDGE_CURVE ( 'NONE', #70, #458, #1733, .T. ) ;
#1872 = DIRECTION ( 'NONE',  ( 0.2961981327260179153, 0.5000000000000043299, 0.8137976813493732475 ) ) ;
#1873 = ADVANCED_FACE ( 'NONE', ( #877 ), #1567, .F. ) ;
#1874 = LINE ( 'NONE', #2051, #1346 ) ;
#1875 = CARTESIAN_POINT ( 'NONE',  ( -22.51523807704075253, 13.58529661354812035, -1.503148687208237577 ) ) ;
#1876 = ORIENTED_EDGE ( 'NONE', *, *, #1291, .F. ) ;
#1877 = CARTESIAN_POINT ( 'NONE',  ( 24.50842359597174536, 24.25706025102433827, 3.865185450765484809 ) ) ;
#1878 = ORIENTED_EDGE ( 'NONE', *, *, #583, .F. ) ;
#1879 = DIRECTION ( 'NONE',  ( -0.9396926207859106484, 7.589415207398531038E-16, 0.3420201433256627177 ) ) ;
#1880 = CARTESIAN_POINT ( 'NONE',  ( 16.82858147552611783, 11.50827721262859527, -14.29904625231592696 ) ) ;
#1881 = VECTOR ( 'NONE', #218, 1000.000000000000000 ) ;
#1882 = CYLINDRICAL_SURFACE ( 'NONE', #495, 1.499999999999998224 ) ;
#1883 = CARTESIAN_POINT ( 'NONE',  ( -8.826792387898636960, -66.20874128731091446, 36.51872049774601692 ) ) ;
#1884 = VERTEX_POINT ( 'NONE', #1603 ) ;
#1885 = AXIS2_PLACEMENT_3D ( 'NONE', #1320, #1937, #99 ) ;
#1886 = CARTESIAN_POINT ( 'NONE',  ( -8.729769376309898021, -15.28589838486236729, -16.67533323805050927 ) ) ;
#1887 = APPROVAL_PERSON_ORGANIZATION ( #451, #1667, #1969 ) ;
#1888 = EDGE_LOOP ( 'NONE', ( #1710, #112, #2162, #326 ) ) ;
#1889 = ORIENTED_EDGE ( 'NONE', *, *, #1576, .T. ) ;
#1890 = CARTESIAN_POINT ( 'NONE',  ( -16.00115023764066180, 9.820508075688527683, -18.64191010083951383 ) ) ;
#1891 = AXIS2_PLACEMENT_3D ( 'NONE', #2145, #1646, #289 ) ;
#1892 = AXIS2_PLACEMENT_3D ( 'NONE', #2005, #413, #1653 ) ;
#1893 = LINE ( 'NONE', #1065, #366 ) ;
#1894 = EDGE_CURVE ( 'NONE', #1940, #1413, #973, .T. ) ;
#1895 = DIRECTION ( 'NONE',  ( -0.000000000000000000, -0.000000000000000000, 1.000000000000000000 ) ) ;
#1896 = DIRECTION ( 'NONE',  ( -0.9396926207859086499, -9.787883334890257019E-15, 0.3420201433256682688 ) ) ;
#1897 = ORIENTED_EDGE ( 'NONE', *, *, #19, .T. ) ;
#1898 = DIRECTION ( 'NONE',  ( -0.5000000000000000000, -0.8660254037844385966, -0.000000000000000000 ) ) ;
#1899 = EDGE_LOOP ( 'NONE', ( #570, #675, #1203, #875 ) ) ;
#1900 = EDGE_CURVE ( 'NONE', #1934, #2020, #263, .T. ) ;
#1901 = ORIENTED_EDGE ( 'NONE', *, *, #1299, .F. ) ;
#1902 = DIRECTION ( 'NONE',  ( -0.3420201433256627177, 0.000000000000000000, -0.9396926207859104263 ) ) ;
#1903 = CARTESIAN_POINT ( 'NONE',  ( -5.272414795186447733, -60.20874128731085051, 46.28429267393850921 ) ) ;
#1904 = LINE ( 'NONE', #557, #1059 ) ;
#1905 = CARTESIAN_POINT ( 'NONE',  ( -19.30912086321479038, -2.880176935760860424, 9.999999999999998224 ) ) ;
#1906 = VERTEX_POINT ( 'NONE', #1779 ) ;
#1907 = CARTESIAN_POINT ( 'NONE',  ( 12.85575219373088807, 15.65145970619842508, -18.39729545779274034 ) ) ;
#1908 = ORIENTED_EDGE ( 'NONE', *, *, #232, .F. ) ;
#1909 = ORIENTED_EDGE ( 'NONE', *, *, #1198, .T. ) ;
#1910 = CARTESIAN_POINT ( 'NONE',  ( 16.95200364787627123, 12.18221956300415698, -14.21322505177336026 ) ) ;
#1911 = FACE_OUTER_BOUND ( 'NONE', #47, .T. ) ;
#1912 = CARTESIAN_POINT ( 'NONE',  ( -23.15902853521403060, 1.887385923071871696, 7.269580857656943174 ) ) ;
#1913 = VERTEX_POINT ( 'NONE', #936 ) ;
#1914 = CARTESIAN_POINT ( 'NONE',  ( -19.35326833729222784, -2.849270795966864167, 10.39224011401451619 ) ) ;
#1915 = CARTESIAN_POINT ( 'NONE',  ( -20.13775533576623644, -2.084891192331027376, 8.540247972326666215 ) ) ;
#1916 = ORIENTED_EDGE ( 'NONE', *, *, #890, .F. ) ;
#1917 = ADVANCED_FACE ( 'NONE', ( #925 ), #49, .F. ) ;
#1918 = VECTOR ( 'NONE', #649, 1000.000000000000000 ) ;
#1919 = PLANE ( 'NONE',  #748 ) ;
#1920 = AXIS2_PLACEMENT_3D ( 'NONE', #585, #1396, #355 ) ;
#1921 = VERTEX_POINT ( 'NONE', #2124 ) ;
#1922 = ORIENTED_EDGE ( 'NONE', *, *, #2121, .F. ) ;
#1923 = CARTESIAN_POINT ( 'NONE',  ( 15.78735137387425524, 13.41852773348864503, -16.13775094421936984 ) ) ;
#1924 = CYLINDRICAL_SURFACE ( 'NONE', #1306, 2.999999999999998668 ) ;
#1925 = VECTOR ( 'NONE', #114, 1000.000000000000114 ) ;
#1926 = CYLINDRICAL_SURFACE ( 'NONE', #1998, 3.499999999999993339 ) ;
#1927 = AXIS2_PLACEMENT_3D ( 'NONE', #1877, #517, #2233 ) ;
#1928 = EDGE_CURVE ( 'NONE', #2122, #1740, #456, .T. ) ;
#1929 = ORIENTED_EDGE ( 'NONE', *, *, #1532, .F. ) ;
#1930 = DIRECTION ( 'NONE',  ( -3.505400730386713018E-15, -1.000000000000000000, 0.000000000000000000 ) ) ;
#1931 = CARTESIAN_POINT ( 'NONE',  ( -19.90302246508202444, -2.363796940054089024, 8.700709730653528595 ) ) ;
#1932 = ORIENTED_EDGE ( 'NONE', *, *, #2066, .T. ) ;
#1933 = CARTESIAN_POINT ( 'NONE',  ( -26.20653651103914328, 17.32050807568858275, -1.103378491530589089 ) ) ;
#1934 = VERTEX_POINT ( 'NONE', #245 ) ;
#1935 = ORIENTED_EDGE ( 'NONE', *, *, #756, .T. ) ;
#1936 = DIRECTION ( 'NONE',  ( -0.07837935813198507184, -0.1357570305492347418, 0.9876369296838145573 ) ) ;
#1937 = DIRECTION ( 'NONE',  ( 0.1710100716628323581, -0.8660254037844361541, 0.4698463103929594320 ) ) ;
#1938 = EDGE_CURVE ( 'NONE', #145, #1066, #2134, .T. ) ;
#1939 = DIRECTION ( 'NONE',  ( 0.000000000000000000, 0.000000000000000000, 1.000000000000000000 ) ) ;
#1940 = VERTEX_POINT ( 'NONE', #591 ) ;
#1941 = EDGE_CURVE ( 'NONE', #563, #516, #111, .T. ) ;
#1942 = DIRECTION ( 'NONE',  ( 3.255014963930509624E-15, 1.000000000000000000, -0.000000000000000000 ) ) ;
#1943 = CARTESIAN_POINT ( 'NONE',  ( -13.82050807568877993, -1.205198350713967699E-13, 0.000000000000000000 ) ) ;
#1944 = CARTESIAN_POINT ( 'NONE',  ( 17.70499424196322735, 11.49038105676639177, -17.19023915081892184 ) ) ;
#1945 = ORIENTED_EDGE ( 'NONE', *, *, #534, .F. ) ;
#1946 = DIRECTION ( 'NONE',  ( -0.8660254037844441477, 0.4999999999999904521, 0.000000000000000000 ) ) ;
#1947 = ORIENTED_EDGE ( 'NONE', *, *, #917, .T. ) ;
#1948 = ORIENTED_EDGE ( 'NONE', *, *, #1441, .T. ) ;
#1949 = CARTESIAN_POINT ( 'NONE',  ( 13.85640646055101577, 5.999999999999998224, -1.814556823296061605 ) ) ;
#1950 = DIRECTION ( 'NONE',  ( 1.000000000000000000, 0.000000000000000000, 0.000000000000000000 ) ) ;
#1951 = EDGE_CURVE ( 'NONE', #1033, #952, #1496, .T. ) ;
#1952 = DIRECTION ( 'NONE',  ( 1.000000000000000000, 0.000000000000000000, 0.000000000000000000 ) ) ;
#1953 = ORIENTED_EDGE ( 'NONE', *, *, #1578, .F. ) ;
#1954 = CARTESIAN_POINT ( 'NONE',  ( -15.36111387413825646, -2.900133507776992747, 0.000000000000000000 ) ) ;
#1955 = CARTESIAN_POINT ( 'NONE',  ( -6.436992869508840087, -17.40192378864681899, -17.68549255816627408 ) ) ;
#1956 = CARTESIAN_POINT ( 'NONE',  ( -14.20555543249407648, -6.000000000000014211, 1.483979398218838730 ) ) ;
#1957 = ORIENTED_EDGE ( 'NONE', *, *, #1980, .T. ) ;
#1958 = LINE ( 'NONE', #2094, #1027 ) ;
#1959 = VECTOR ( 'NONE', #1848, 1000.000000000000114 ) ;
#1960 = VERTEX_POINT ( 'NONE', #1097 ) ;
#1961 = CARTESIAN_POINT ( 'NONE',  ( 16.90752164029795424, 12.84758197891194520, -14.38963808657422661 ) ) ;
#1962 = VECTOR ( 'NONE', #1682, 1000.000000000000000 ) ;
#1963 = LINE ( 'NONE', #2172, #1456 ) ;
#1964 = AXIS2_PLACEMENT_3D ( 'NONE', #135, #857, #142 ) ;
#1965 = DIRECTION ( 'NONE',  ( 1.000000000000000000, -3.255014963930509624E-15, -0.000000000000000000 ) ) ;
#1966 = CC_DESIGN_SECURITY_CLASSIFICATION ( #1311, ( #118 ) ) ;
#1967 = ORIENTED_EDGE ( 'NONE', *, *, #357, .F. ) ;
#1968 = DIRECTION ( 'NONE',  ( 1.752700365193356903E-15, -1.000000000000000000, 0.000000000000000000 ) ) ;
#1969 = APPROVAL_ROLE ( '' ) ;
#1970 = LINE ( 'NONE', #1797, #306 ) ;
#1971 = EDGE_CURVE ( 'NONE', #350, #1940, #333, .T. ) ;
#1972 = AXIS2_PLACEMENT_3D ( 'NONE', #2228, #684, #1362 ) ;
#1973 = VECTOR ( 'NONE', #2062, 1000.000000000000114 ) ;
#1974 = DIRECTION ( 'NONE',  ( 0.9396926207859105373, -8.456776945386935571E-16, -0.3420201433256627177 ) ) ;
#1975 = VERTEX_POINT ( 'NONE', #391 ) ;
#1976 = VERTEX_POINT ( 'NONE', #231 ) ;
#1977 = FACE_OUTER_BOUND ( 'NONE', #1333, .T. ) ;
#1978 = EDGE_CURVE ( 'NONE', #1760, #60, #556, .T. ) ;
#1979 = ADVANCED_FACE ( 'NONE', ( #2109 ), #2186, .F. ) ;
#1980 = EDGE_CURVE ( 'NONE', #60, #664, #62, .T. ) ;
#1981 = DIRECTION ( 'NONE',  ( 0.9396926207859106484, -8.456776945386934585E-16, -0.3420201433256626622 ) ) ;
#1982 = B_SPLINE_CURVE_WITH_KNOTS ( 'NONE', 3,
 ( #1395, #2115, #880, #1914, #369, #30, #737, #395, #1079, #725, #2081, #2091, #1053, #535, #2099, #184, #1725, #53, #354, #1233, #1769, #220, #1608, #1044, #1735, #526 ),
 .UNSPECIFIED., .F., .F.,
 ( 4, 2, 2, 2, 2, 2, 2, 2, 2, 2, 2, 2, 4 ),
 ( 0.000000000000000000, 0.0002967231781574260251, 0.0005934463563148520502, 0.001186892712629711907, 0.001780339068944571763, 0.002077062247101998764, 0.002373785425259425114, 0.002670508603416851031, 0.002967231781574277815, 0.003263954959731704165, 0.003560678137889130949, 0.004154124494203984518, 0.004747570850518837218 ),
 .UNSPECIFIED. ) ;
#1983 = DIRECTION ( 'NONE',  ( 0.9396926207859106484, -7.216449660063519485E-16, -0.3420201433256624957 ) ) ;
#1984 = CALENDAR_DATE ( 2026, 6, 2 ) ;
#1985 = CARTESIAN_POINT ( 'NONE',  ( 20.66314482599148405, -1.053649021080059978, 11.30856287796621373 ) ) ;
#1986 = UNCERTAINTY_MEASURE_WITH_UNIT (LENGTH_MEASURE( 1.000000000000000082E-05 ), #1736, 'distance_accuracy_value', 'NONE');
#1987 = ORIENTED_EDGE ( 'NONE', *, *, #897, .T. ) ;
#1988 = CARTESIAN_POINT ( 'NONE',  ( 21.90662757892903656, 24.37984813730139422, 9.999999999999998224 ) ) ;
#1989 = CARTESIAN_POINT ( 'NONE',  ( -20.82050807568878170, 0.1085392248059595249, 0.1385184605541168457 ) ) ;
#1990 = FACE_OUTER_BOUND ( 'NONE', #843, .T. ) ;
#1991 = COORDINATED_UNIVERSAL_TIME_OFFSET ( 7, 0, .BEHIND. ) ;
#1992 = CARTESIAN_POINT ( 'NONE',  ( 20.80827618150225078, -0.2931415869052508838, 10.19892763756486787 ) ) ;
#1993 = ORIENTED_EDGE ( 'NONE', *, *, #680, .F. ) ;
#1994 = CARTESIAN_POINT ( 'NONE',  ( -33.31633855637488750, -15.28589838486234420, -4.534020576352525644 ) ) ;
#1995 = ORIENTED_EDGE ( 'NONE', *, *, #1618, .T. ) ;
#1996 = LINE ( 'NONE', #2175, #1925 ) ;
#1997 = EDGE_CURVE ( 'NONE', #1611, #210, #565, .T. ) ;
#1998 = AXIS2_PLACEMENT_3D ( 'NONE', #182, #1370, #1569 ) ;
#1999 = LINE ( 'NONE', #1283, #446 ) ;
#2000 = VECTOR ( 'NONE', #2237, 1000.000000000000227 ) ;
#2001 = DIRECTION ( 'NONE',  ( -1.000000000000000000, 0.000000000000000000, 0.000000000000000000 ) ) ;
#2002 = CARTESIAN_POINT ( 'NONE',  ( 20.13725578468946509, -2.079752918522898675, 11.45103525356624985 ) ) ;
#2003 = EDGE_CURVE ( 'NONE', #777, #1934, #1963, .T. ) ;
#2004 = ORIENTED_EDGE ( 'NONE', *, *, #756, .F. ) ;
#2005 = CARTESIAN_POINT ( 'NONE',  ( -8.660254037844250519, -15.00000000000008704, 15.00000000000000000 ) ) ;
#2006 = VECTOR ( 'NONE', #804, 1000.000000000000000 ) ;
#2007 = DIRECTION ( 'NONE',  ( 0.000000000000000000, 0.4768709627114784411, 0.8789733129752163032 ) ) ;
#2008 = EDGE_LOOP ( 'NONE', ( #1061, #1547, #2173, #706, #576, #1221 ) ) ;
#2009 = APPLICATION_CONTEXT ( 'configuration controlled 3d designs of mechanical parts and assemblies' ) ;
#2010 = ORIENTED_EDGE ( 'NONE', *, *, #836, .F. ) ;
#2011 = LINE ( 'NONE', #92, #1199 ) ;
#2012 = FACE_BOUND ( 'NONE', #146, .T. ) ;
#2013 = EDGE_CURVE ( 'NONE', #5, #1106, #774, .T. ) ;
#2014 = CARTESIAN_POINT ( 'NONE',  ( 14.80289746004484819, 11.30499102889334218, -15.85307394459307595 ) ) ;
#2015 = CALENDAR_DATE ( 2026, 6, 2 ) ;
#2016 = CARTESIAN_POINT ( 'NONE',  ( 19.31825629541832257, -2.873928884794872740, 9.800862836909713494 ) ) ;
#2017 = ADVANCED_FACE ( 'NONE', ( #1268 ), #124, .F. ) ;
#2018 = CARTESIAN_POINT ( 'NONE',  ( -15.73616130619838138, -6.000000000000004441, 14.78366680968826508 ) ) ;
#2019 = CARTESIAN_POINT ( 'NONE',  ( 17.32050807568876749, 2.071797594602757948E-15, 15.00000000000000000 ) ) ;
#2020 = VERTEX_POINT ( 'NONE', #985 ) ;
#2021 = DIRECTION ( 'NONE',  ( -0.3420201433256632728, 0.000000000000000000, -0.9396926207859103153 ) ) ;
#2022 = DIRECTION ( 'NONE',  ( -0.000000000000000000, -0.000000000000000000, -1.000000000000000000 ) ) ;
#2023 = EDGE_CURVE ( 'NONE', #1078, #1588, #1076, .T. ) ;
#2024 = CARTESIAN_POINT ( 'NONE',  ( -6.779013012834504082, -15.66987298107794224, -18.62518517895219716 ) ) ;
#2025 = CARTESIAN_POINT ( 'NONE',  ( 19.78815632833848781, -2.483463554117423477, 8.808919231778689962 ) ) ;
#2026 = VERTEX_POINT ( 'NONE', #479 ) ;
#2027 = CARTESIAN_POINT ( 'NONE',  ( -21.52847750280173855, 11.26337929297518592, -2.595231484113543985 ) ) ;
#2028 = CARTESIAN_POINT ( 'NONE',  ( -22.27133997292497014, 13.12971500095884636, -0.3582747656646839141 ) ) ;
#2029 = ORIENTED_EDGE ( 'NONE', *, *, #1755, .T. ) ;
#2030 = LINE ( 'NONE', #481, #1822 ) ;
#2031 = DIRECTION ( 'NONE',  ( 0.3420201433256626067, 0.000000000000000000, 0.9396926207859105373 ) ) ;
#2032 = MANIFOLD_SOLID_BREP ( 'Fillet2', #1858 ) ;
#2033 = AXIS2_PLACEMENT_3D ( 'NONE', #1490, #1522, #636 ) ;
#2034 = CARTESIAN_POINT ( 'NONE',  ( 14.84351158476602883, 11.22727238360184110, -15.80224503890561749 ) ) ;
#2035 = VECTOR ( 'NONE', #1185, 1000.000000000000000 ) ;
#2036 = CARTESIAN_POINT ( 'NONE',  ( -20.78460969082652454, -5.999999999999987566, 15.00000000000000000 ) ) ;
#2037 = DIRECTION ( 'NONE',  ( 0.1143311995462824304, -3.721497653672743454E-16, -0.9934426892429720768 ) ) ;
#2038 = EDGE_CURVE ( 'NONE', #1727, #229, #527, .T. ) ;
#2039 = CARTESIAN_POINT ( 'NONE',  ( 3.824470031431019379, -65.45874128731090025, 33.29644502887978774 ) ) ;
#2040 = EDGE_LOOP ( 'NONE', ( #1031, #928 ) ) ;
#2041 = EDGE_CURVE ( 'NONE', #1740, #1731, #1865, .T. ) ;
#2042 = VECTOR ( 'NONE', #764, 1000.000000000000000 ) ;
#2043 = CARTESIAN_POINT ( 'NONE',  ( 14.33375412277227312, 14.32050807568855966, -21.38846748137980569 ) ) ;
#2044 = AXIS2_PLACEMENT_3D ( 'NONE', #993, #141, #1717 ) ;
#2045 = EDGE_CURVE ( 'NONE', #320, #2122, #1718, .T. ) ;
#2046 = ORIENTED_EDGE ( 'NONE', *, *, #424, .F. ) ;
#2047 = VECTOR ( 'NONE', #751, 1000.000000000000000 ) ;
#2048 = DIRECTION ( 'NONE',  ( 0.9396926207859098712, 0.000000000000000000, -0.3420201433256646606 ) ) ;
#2049 = CARTESIAN_POINT ( 'NONE',  ( 16.95200364787627123, 12.18221956300415698, -14.21322505177336026 ) ) ;
#2050 = LINE ( 'NONE', #503, #1679 ) ;
#2051 = CARTESIAN_POINT ( 'NONE',  ( 27.27949245878858520, -60.20874128731085762, 34.43636736489774108 ) ) ;
#2052 = DIRECTION ( 'NONE',  ( -0.7261554316666062325, -1.272732890269200507E-15, -0.6875305731828110778 ) ) ;
#2053 = ORIENTED_EDGE ( 'NONE', *, *, #2141, .F. ) ;
#2054 = CARTESIAN_POINT ( 'NONE',  ( -20.18402442578775435, 6.000000000000014211, 5.540170559410333873 ) ) ;
#2055 = ORIENTED_EDGE ( 'NONE', *, *, #677, .T. ) ;
#2056 = EDGE_LOOP ( 'NONE', ( #3, #1897, #1236, #1722, #206, #2063, #582 ) ) ;
#2057 = CARTESIAN_POINT ( 'NONE',  ( 28.75749438782998624, -63.20874128731087893, 28.36878874589742239 ) ) ;
#2058 = LINE ( 'NONE', #2024, #665 ) ;
#2059 = CARTESIAN_POINT ( 'NONE',  ( -22.16761759589450520, 12.89555677897373442, -2.798651834633517410 ) ) ;
#2060 = CARTESIAN_POINT ( 'NONE',  ( -4.567247492668664144, -14.16987298107793158, -19.85792035557596336 ) ) ;
#2061 = ORIENTED_EDGE ( 'NONE', *, *, #2238, .T. ) ;
#2062 = DIRECTION ( 'NONE',  ( 0.1930750503483276148, -0.3344157968772173417, -0.9224359596914933901 ) ) ;
#2063 = ORIENTED_EDGE ( 'NONE', *, *, #2045, .F. ) ;
#2064 = ORIENTED_EDGE ( 'NONE', *, *, #2135, .T. ) ;
#2065 = DIRECTION ( 'NONE',  ( 0.4999999999999997224, -0.8660254037844388186, 0.000000000000000000 ) ) ;
#2066 = EDGE_CURVE ( 'NONE', #477, #219, #336, .T. ) ;
#2067 = CARTESIAN_POINT ( 'NONE',  ( 7.132549760321027499, -5.522548878816078144, -4.083695979576573265 ) ) ;
#2068 = VECTOR ( 'NONE', #2022, 1000.000000000000000 ) ;
#2069 = FACE_OUTER_BOUND ( 'NONE', #910, .T. ) ;
#2070 = LINE ( 'NONE', #1330, #1020 ) ;
#2071 = EDGE_CURVE ( 'NONE', #965, #1072, #2070, .T. ) ;
#2072 = ORIENTED_EDGE ( 'NONE', *, *, #897, .F. ) ;
#2073 = VECTOR ( 'NONE', #855, 1000.000000000000114 ) ;
#2074 = DIRECTION ( 'NONE',  ( 0.6656986149863672875, -0.2500000000000014433, -0.7030969734007049832 ) ) ;
#2075 = EDGE_LOOP ( 'NONE', ( #351, #342, #1038, #1088 ) ) ;
#2076 = ORIENTED_EDGE ( 'NONE', *, *, #1941, .T. ) ;
#2077 = CARTESIAN_POINT ( 'NONE',  ( 24.24871130596427093, 2.602085213965062730E-15, 15.00000000000000000 ) ) ;
#2078 = VECTOR ( 'NONE', #1936, 1000.000000000000227 ) ;
#2079 = AXIS2_PLACEMENT_3D ( 'NONE', #178, #1563, #1579 ) ;
#2080 = FACE_OUTER_BOUND ( 'NONE', #624, .T. ) ;
#2081 = CARTESIAN_POINT ( 'NONE',  ( -20.13731375520907818, -2.079690635087976691, 11.45108140210760084 ) ) ;
#2082 = CARTESIAN_POINT ( 'NONE',  ( 7.794228634059950700, -4.499999999999998224, 15.00000000000000000 ) ) ;
#2083 = ORIENTED_EDGE ( 'NONE', *, *, #1806, .F. ) ;
#2084 = FACE_OUTER_BOUND ( 'NONE', #528, .T. ) ;
#2085 = ORIENTED_EDGE ( 'NONE', *, *, #540, .T. ) ;
#2086 = VERTEX_POINT ( 'NONE', #1541 ) ;
#2087 = DIRECTION ( 'NONE',  ( -0.3420201433256627177, 0.000000000000000000, -0.9396926207859105373 ) ) ;
#2088 = FACE_OUTER_BOUND ( 'NONE', #1813, .T. ) ;
#2089 = DIRECTION ( 'NONE',  ( 0.1710100716628320527, -0.8660254037844361541, 0.4698463103929595430 ) ) ;
#2090 = ORIENTED_EDGE ( 'NONE', *, *, #1843, .F. ) ;
#2091 = CARTESIAN_POINT ( 'NONE',  ( -20.24873029640006195, -1.919641112287168827, 11.49012726633731241 ) ) ;
#2092 =( NAMED_UNIT ( * ) PLANE_ANGLE_UNIT ( ) SI_UNIT ( $, .RADIAN. ) );
#2093 = ORIENTED_EDGE ( 'NONE', *, *, #860, .F. ) ;
#2094 = CARTESIAN_POINT ( 'NONE',  ( 24.88574267879247515, 22.80529225656402303, 3.865185450765484809 ) ) ;
#2095 = VERTEX_POINT ( 'NONE', #2060 ) ;
#2096 = CARTESIAN_POINT ( 'NONE',  ( 15.56768167252529445, 13.26748770730779725, -16.27442967949183483 ) ) ;
#2097 = PLANE ( 'NONE',  #736 ) ;
#2098 = LINE ( 'NONE', #393, #522 ) ;
#2099 = CARTESIAN_POINT ( 'NONE',  ( -20.44741864487658844, -1.575395236303321900, 11.49000066527517561 ) ) ;
#2100 = LINE ( 'NONE', #2082, #1273 ) ;
#2101 = ORIENTED_EDGE ( 'NONE', *, *, #194, .T. ) ;
#2102 = FACE_OUTER_BOUND ( 'NONE', #2075, .T. ) ;
#2103 = VECTOR ( 'NONE', #515, 1000.000000000000000 ) ;
#2104 = VERTEX_POINT ( 'NONE', #674 ) ;
#2105 = EDGE_CURVE ( 'NONE', #1297, #777, #1748, .T. ) ;
#2106 = LOCAL_TIME ( 22, 21, 35.00000000000000000, #1991 ) ;
#2107 = EDGE_LOOP ( 'NONE', ( #1846, #909, #509, #1427, #125 ) ) ;
#2108 = CARTESIAN_POINT ( 'NONE',  ( 11.37775026468949058, 20.32050807568861472, -9.253310243379164746 ) ) ;
#2109 = FACE_OUTER_BOUND ( 'NONE', #1486, .T. ) ;
#2110 = EDGE_CURVE ( 'NONE', #656, #717, #1160, .T. ) ;
#2111 = VECTOR ( 'NONE', #1276, 1000.000000000000000 ) ;
#2112 = FACE_OUTER_BOUND ( 'NONE', #506, .T. ) ;
#2113 = VECTOR ( 'NONE', #213, 1000.000000000000000 ) ;
#2114 = ORIENTED_EDGE ( 'NONE', *, *, #266, .T. ) ;
#2115 = CARTESIAN_POINT ( 'NONE',  ( -19.30912086321479748, -2.880176935760859980, 10.10044297272828473 ) ) ;
#2116 = AXIS2_PLACEMENT_3D ( 'NONE', #1586, #1930, #571 ) ;
#2117 = CARTESIAN_POINT ( 'NONE',  ( -20.53043942582344528, -1.398505706466621756, 8.549243206962092501 ) ) ;
#2118 = CARTESIAN_POINT ( 'NONE',  ( -10.02651011358232047, 5.999999999999980460, 6.650690319970176567 ) ) ;
#2119 = EDGE_LOOP ( 'NONE', ( #1629, #1834, #1935, #561, #1819 ) ) ;
#2120 = DIRECTION ( 'NONE',  ( -0.3420201433256627177, 0.000000000000000000, -0.9396926207859104263 ) ) ;
#2121 = EDGE_CURVE ( 'NONE', #458, #1764, #1551, .T. ) ;
#2122 = VERTEX_POINT ( 'NONE', #1516 ) ;
#2123 = CARTESIAN_POINT ( 'NONE',  ( 15.42074043639836667, 6.000000000000005329, -5.197234989070601330 ) ) ;
#2124 = CARTESIAN_POINT ( 'NONE',  ( 20.82050807568876749, 2.500423974304331361E-15, 0.000000000000000000 ) ) ;
#2125 = CARTESIAN_POINT ( 'NONE',  ( -2.316410937103656309, -66.20874128731091446, 34.14913543593787182 ) ) ;
#2126 = DIRECTION ( 'NONE',  ( 1.000000000000000000, 1.752700365193356903E-15, 0.000000000000000000 ) ) ;
#2127 = CARTESIAN_POINT ( 'NONE',  ( -19.30912086321478327, -2.880176935760860424, 9.799297612748954833 ) ) ;
#2128 = FACE_BOUND ( 'NONE', #2040, .T. ) ;
#2129 = ORIENTED_EDGE ( 'NONE', *, *, #1978, .F. ) ;
#2130 = DIRECTION ( 'NONE',  ( 0.7263614178872017657, 0.4330127018922228510, 0.5337593939265993237 ) ) ;
#2131 = ORIENTED_EDGE ( 'NONE', *, *, #1483, .F. ) ;
#2132 = ORIENTED_EDGE ( 'NONE', *, *, #1120, .F. ) ;
#2133 = CARTESIAN_POINT ( 'NONE',  ( 15.71369598907773657, 13.37248360434770689, -16.18920141371461341 ) ) ;
#2134 = LINE ( 'NONE', #286, #666 ) ;
#2135 = EDGE_CURVE ( 'NONE', #288, #519, #2241, .T. ) ;
#2136 = CARTESIAN_POINT ( 'NONE',  ( -3.420201433256631507, 17.32050807568858986, -9.396926207859104707 ) ) ;
#2137 = EDGE_LOOP ( 'NONE', ( #1916, #1487, #1494, #189 ) ) ;
#2138 = CARTESIAN_POINT ( 'NONE',  ( -9.128244564799286920, -15.66987298107793869, -17.77013482063804162 ) ) ;
#2139 = APPROVAL_DATE_TIME ( #782, #1667 ) ;
#2140 = LINE ( 'NONE', #598, #339 ) ;
#2141 = EDGE_CURVE ( 'NONE', #1600, #70, #2218, .T. ) ;
#2142 = CARTESIAN_POINT ( 'NONE',  ( 12.85575219373088807, 18.98955644517877417, -12.24448226696621767 ) ) ;
#2143 = CIRCLE ( 'NONE', #2177, 3.000000000000000000 ) ;
#2144 = ORIENTED_EDGE ( 'NONE', *, *, #2180, .F. ) ;
#2145 = CARTESIAN_POINT ( 'NONE',  ( 22.51666049839543149, -2.999999999999984457, 9.999999999999998224 ) ) ;
#2146 = VECTOR ( 'NONE', #1028, 1000.000000000000114 ) ;
#2147 = DIRECTION ( 'NONE',  ( 0.000000000000000000, -0.4768709627114784966, -0.8789733129752163032 ) ) ;
#2148 = VECTOR ( 'NONE', #1582, 1000.000000000000114 ) ;
#2149 = LINE ( 'NONE', #604, #1524 ) ;
#2150 = COORDINATED_UNIVERSAL_TIME_OFFSET ( 7, 0, .BEHIND. ) ;
#2151 = CARTESIAN_POINT ( 'NONE',  ( 12.35088800770707529, -8.607634452058251284, -6.579636268419275957 ) ) ;
#2152 = AXIS2_PLACEMENT_3D ( 'NONE', #721, #403, #2087 ) ;
#2153 = CIRCLE ( 'NONE', #1057, 1.499999999999995337 ) ;
#2154 = PLANE ( 'NONE',  #309 ) ;
#2155 = ORIENTED_EDGE ( 'NONE', *, *, #1134, .F. ) ;
#2156 = CARTESIAN_POINT ( 'NONE',  ( -4.431343984846202844, -10.32468707243164019, -5.567681995440397102 ) ) ;
#2157 = DIRECTION ( 'NONE',  ( 1.000000000000000000, 1.752700365193356509E-15, 0.000000000000000000 ) ) ;
#2158 = LINE ( 'NONE', #1303, #957 ) ;
#2159 = ADVANCED_FACE ( 'NONE', ( #1339 ), #1352, .F. ) ;
#2160 = LINE ( 'NONE', #1104, #1056 ) ;
#2161 = CARTESIAN_POINT ( 'NONE',  ( -24.87499648273561803, 22.62953510782958944, 9.999999999999998224 ) ) ;
#2162 = ORIENTED_EDGE ( 'NONE', *, *, #511, .T. ) ;
#2163 = ORIENTED_EDGE ( 'NONE', *, *, #592, .T. ) ;
#2164 = FACE_OUTER_BOUND ( 'NONE', #100, .T. ) ;
#2165 = EDGE_CURVE ( 'NONE', #1960, #974, #316, .T. ) ;
#2166 = LINE ( 'NONE', #2125, #596 ) ;
#2167 = DIRECTION ( 'NONE',  ( -1.000000000000000000, 0.000000000000000000, 0.000000000000000000 ) ) ;
#2168 = SECURITY_CLASSIFICATION_LEVEL ( 'unclassified' ) ;
#2169 = CARTESIAN_POINT ( 'NONE',  ( 20.80135609710411515, -0.3679573458300463562, 10.48806177418562058 ) ) ;
#2170 = ORIENTED_EDGE ( 'NONE', *, *, #1604, .F. ) ;
#2171 = FACE_OUTER_BOUND ( 'NONE', #2056, .T. ) ;
#2172 = CARTESIAN_POINT ( 'NONE',  ( 24.13110451315101557, 25.70882824548464995, 3.865185450765484809 ) ) ;
#2173 = ORIENTED_EDGE ( 'NONE', *, *, #1350, .T. ) ;
#2174 = VERTEX_POINT ( 'NONE', #1943 ) ;
#2175 = CARTESIAN_POINT ( 'NONE',  ( 22.64128361171279735, -2.784146435936847297, -7.440925572301464008 ) ) ;
#2176 = EDGE_CURVE ( 'NONE', #1175, #970, #878, .T. ) ;
#2177 = AXIS2_PLACEMENT_3D ( 'NONE', #431, #1981, #63 ) ;
#2178 = LINE ( 'NONE', #801, #1602 ) ;
#2179 = AXIS2_PLACEMENT_3D ( 'NONE', #2057, #1050, #1063 ) ;
#2180 = EDGE_CURVE ( 'NONE', #2208, #965, #881, .T. ) ;
#2181 = CARTESIAN_POINT ( 'NONE',  ( -7.404953318150450770, -12.50000000000010836, -20.34494203373433407 ) ) ;
#2182 = COORDINATED_UNIVERSAL_TIME_OFFSET ( 7, 0, .BEHIND. ) ;
#2183 = ORIENTED_EDGE ( 'NONE', *, *, #868, .F. ) ;
#2184 = FACE_OUTER_BOUND ( 'NONE', #2198, .T. ) ;
#2185 = AXIS2_PLACEMENT_3D ( 'NONE', #1126, #102, #766 ) ;
#2186 = PLANE ( 'NONE',  #1885 ) ;
#2187 = ORIENTED_EDGE ( 'NONE', *, *, #415, .F. ) ;
#2188 = ORIENTED_EDGE ( 'NONE', *, *, #1951, .T. ) ;
#2189 = VECTOR ( 'NONE', #2210, 1000.000000000000000 ) ;
#2190 = DIRECTION ( 'NONE',  ( -0.4999999999999988343, 0.8660254037844393737, 0.000000000000000000 ) ) ;
#2191 = EDGE_CURVE ( 'NONE', #1760, #1884, #2100, .T. ) ;
#2192 = CARTESIAN_POINT ( 'NONE',  ( -17.79032549820653486, 6.000000000000005329, -1.313146461724437497 ) ) ;
#2193 = CARTESIAN_POINT ( 'NONE',  ( -10.30479431694005044, -63.20874128731089314, 42.58629911674631785 ) ) ;
#2194 = DIRECTION ( 'NONE',  ( -0.3420201433256610524, 0.000000000000000000, -0.9396926207859112035 ) ) ;
#2195 = EDGE_LOOP ( 'NONE', ( #499, #1397, #1009, #920, #2064, #160 ) ) ;
#2196 = DIRECTION ( 'NONE',  ( 0.5000000000000132117, -0.8660254037844310471, 0.000000000000000000 ) ) ;
#2197 = CARTESIAN_POINT ( 'NONE',  ( -22.00297770900051475, 10.93491654621790055, -0.5874672381009037325 ) ) ;
#2198 = EDGE_LOOP ( 'NONE', ( #468, #1527, #416, #589 ) ) ;
#2199 = LINE ( 'NONE', #1857, #1645 ) ;
#2200 = ORIENTED_EDGE ( 'NONE', *, *, #415, .T. ) ;
#2201 = FACE_OUTER_BOUND ( 'NONE', #587, .T. ) ;
#2202 = EDGE_CURVE ( 'NONE', #1732, #1008, #408, .T. ) ;
#2203 = DIRECTION ( 'NONE',  ( -0.9396926207859103153, 5.007715329123864752E-16, 0.3420201433256634393 ) ) ;
#2204 = CARTESIAN_POINT ( 'NONE',  ( 19.30912086321461629, -2.880176935760828005, 9.901212942877769763 ) ) ;
#2205 = EDGE_CURVE ( 'NONE', #361, #537, #1770, .T. ) ;
#2206 = CARTESIAN_POINT ( 'NONE',  ( -6.916479044633438100, -14.16987298107793158, -19.00286999726180781 ) ) ;
#2207 = CARTESIAN_POINT ( 'NONE',  ( 8.660254037844563157, -14.99999999999990585, 15.00000000000000000 ) ) ;
#2208 = VERTEX_POINT ( 'NONE', #871 ) ;
#2209 = EDGE_CURVE ( 'NONE', #477, #965, #1575, .T. ) ;
#2210 = DIRECTION ( 'NONE',  ( -0.1710100716628321083, 0.8660254037844363761, -0.4698463103929593765 ) ) ;
#2211 = CYLINDRICAL_SURFACE ( 'NONE', #482, 1.500000000000001998 ) ;
#2212 = AXIS2_PLACEMENT_3D ( 'NONE', #1274, #1131, #1284 ) ;
#2213 = CARTESIAN_POINT ( 'NONE',  ( 13.85640646055101932, 5.999999999999999112, 15.00000000000000000 ) ) ;
#2214 = VECTOR ( 'NONE', #543, 1000.000000000000114 ) ;
#2215 = CARTESIAN_POINT ( 'NONE',  ( 10.91062751081876137, -14.99999999999988098, -5.670356335247181967 ) ) ;
#2216 = LOCAL_TIME ( 22, 21, 35.00000000000000000, #2182 ) ;
#2217 = CARTESIAN_POINT ( 'NONE',  ( -22.51523807704075253, 13.58529661354812035, -1.503148687208237577 ) ) ;
#2218 = LINE ( 'NONE', #2207, #81 ) ;
#2219 = EDGE_LOOP ( 'NONE', ( #96, #42 ) ) ;
#2220 = VECTOR ( 'NONE', #828, 1000.000000000000114 ) ;
#2221 = LINE ( 'NONE', #1554, #603 ) ;
#2222 = AXIS2_PLACEMENT_3D ( 'NONE', #1411, #1738, #1239 ) ;
#2223 = ORIENTED_EDGE ( 'NONE', *, *, #194, .F. ) ;
#2224 = ORIENTED_EDGE ( 'NONE', *, *, #1024, .T. ) ;
#2225 = AXIS2_PLACEMENT_3D ( 'NONE', #237, #85, #1640 ) ;
#2226 = PLANE ( 'NONE',  #1562 ) ;
#2227 = CARTESIAN_POINT ( 'NONE',  ( 14.74269694465361091, 11.46682344951488730, -15.95048973242013624 ) ) ;
#2228 = CARTESIAN_POINT ( 'NONE',  ( -3.541187062691677045, -14.16987298107793158, -17.03884249321823319 ) ) ;
#2229 = CARTESIAN_POINT ( 'NONE',  ( -21.76059991139927874, 10.68176062462745435, -1.503148687208208933 ) ) ;
#2230 = DIRECTION ( 'NONE',  ( -0.1710100716628328577, 0.8660254037844363761, -0.4698463103929590434 ) ) ;
#2231 = ORIENTED_EDGE ( 'NONE', *, *, #224, .F. ) ;
#2232 = ADVANCED_FACE ( 'NONE', ( #918 ), #1234, .F. ) ;
#2233 = DIRECTION ( 'NONE',  ( 0.2515460552138205630, -0.9678453296402094175, 0.000000000000000000 ) ) ;
#2234 = ORIENTED_EDGE ( 'NONE', *, *, #398, .F. ) ;
#2235 = CC_DESIGN_PERSON_AND_ORGANIZATION_ASSIGNMENT ( #425, #1659, ( #1289 ) ) ;
#2236 = ORIENTED_EDGE ( 'NONE', *, *, #2023, .T. ) ;
#2237 = DIRECTION ( 'NONE',  ( 0.9396926207859104263, 0.000000000000000000, -0.3420201433256628842 ) ) ;
#2238 = EDGE_CURVE ( 'NONE', #1580, #1976, #1673, .T. ) ;
#2239 = CARTESIAN_POINT ( 'NONE',  ( 7.794228634059950700, -4.499999999999997335, -3.820799825699411123 ) ) ;
#2240 = DIRECTION ( 'NONE',  ( 0.9396926207859107594, -8.456776945386937543E-16, -0.3420201433256627177 ) ) ;
#2241 = LINE ( 'NONE', #838, #183 ) ;
ENDSEC;
END-ISO-10303-21;
