ISO-10303-21;
HEADER;
FILE_DESCRIPTION (( 'STEP AP203' ),
    '1' );
FILE_NAME ('Motor Mount V.3.STEP',
    '2026-02-07T05:20:38',
    ( '' ),
    ( '' ),
    'SwSTEP 2.0',
    'SolidWorks 2025',
    '' );
FILE_SCHEMA (( 'CONFIG_CONTROL_DESIGN' ));
ENDSEC;

DATA;
#1 = DIRECTION ( 'NONE',  ( 0.000000000000000000, 0.000000000000000000, -1.000000000000000000 ) ) ;
#2 = ORIENTED_EDGE ( 'NONE', *, *, #1567, .T. ) ;
#3 = CARTESIAN_POINT ( 'NONE',  ( 14.14042068947250463, 6.000000000000000000, 5.508072925435495648 ) ) ;
#4 = EDGE_CURVE ( 'NONE', #965, #83, #1180, .T. ) ;
#5 = CIRCLE ( 'NONE', #1438, 1.250000000000000000 ) ;
#6 = ADVANCED_FACE ( 'NONE', ( #141 ), #37, .F. ) ;
#7 =( NAMED_UNIT ( * ) SI_UNIT ( $, .STERADIAN. ) SOLID_ANGLE_UNIT ( ) );
#8 = VERTEX_POINT ( 'NONE', #408 ) ;
#9 = DIRECTION ( 'NONE',  ( -0.000000000000000000, 1.000000000000000000, -0.000000000000000000 ) ) ;
#10 = ORIENTED_EDGE ( 'NONE', *, *, #1326, .T. ) ;
#11 = AXIS2_PLACEMENT_3D ( 'NONE', #943, #208, #1450 ) ;
#12 = ORIENTED_EDGE ( 'NONE', *, *, #879, .T. ) ;
#13 = CARTESIAN_POINT ( 'NONE',  ( -8.660254037844383745, 0.000000000000000000, -15.00000000000000000 ) ) ;
#14 = ADVANCED_FACE ( 'NONE', ( #1317, #437 ), #664, .T. ) ;
#15 = ORIENTED_EDGE ( 'NONE', *, *, #1014, .F. ) ;
#16 = AXIS2_PLACEMENT_3D ( 'NONE', #423, #811, #1312 ) ;
#17 = CARTESIAN_POINT ( 'NONE',  ( -14.14042068947250463, 6.000000000000000000, 5.508072925435484102 ) ) ;
#18 = CC_DESIGN_PERSON_AND_ORGANIZATION_ASSIGNMENT ( #1306, #813, ( #609 ) ) ;
#19 = VERTEX_POINT ( 'NONE', #535 ) ;
#20 = CARTESIAN_POINT ( 'NONE',  ( -13.85640646055101932, 2.000000000000000000, 10.49999999999999289 ) ) ;
#21 = ORIENTED_EDGE ( 'NONE', *, *, #1595, .T. ) ;
#22 = CIRCLE ( 'NONE', #952, 1.250000000000000000 ) ;
#23 = DATE_AND_TIME ( #1569, #1233 ) ;
#24 = EDGE_CURVE ( 'NONE', #1009, #1274, #1189, .T. ) ;
#25 = DIRECTION ( 'NONE',  ( 0.000000000000000000, 0.000000000000000000, -1.000000000000000000 ) ) ;
#26 = CARTESIAN_POINT ( 'NONE',  ( 13.85640646055102287, 2.000000000000000000, 10.49999999999999645 ) ) ;
#27 = VERTEX_POINT ( 'NONE', #544 ) ;
#28 = EDGE_CURVE ( 'NONE', #486, #8, #169, .T. ) ;
#29 = PLANE ( 'NONE',  #43 ) ;
#30 = EDGE_CURVE ( 'NONE', #1603, #1000, #752, .T. ) ;
#31 = FACE_OUTER_BOUND ( 'NONE', #1237, .T. ) ;
#32 = CARTESIAN_POINT ( 'NONE',  ( 8.660254037844376640, 6.000000000000000000, -15.00000000000000000 ) ) ;
#33 = CARTESIAN_POINT ( 'NONE',  ( -8.500000000000000000, 0.000000000000000000, 0.000000000000000000 ) ) ;
#34 = ORIENTED_EDGE ( 'NONE', *, *, #1030, .T. ) ;
#35 = CARTESIAN_POINT ( 'NONE',  ( -13.85640646055101932, 0.000000000000000000, 10.49999999999999289 ) ) ;
#36 = APPROVAL_ROLE ( '' ) ;
#37 = PLANE ( 'NONE',  #1626 ) ;
#38 = DIRECTION ( 'NONE',  ( 0.000000000000000000, 1.000000000000000000, 0.000000000000000000 ) ) ;
#39 = CARTESIAN_POINT ( 'NONE',  ( 13.85640646055102287, 6.000000000000000000, -10.49999999999999645 ) ) ;
#40 = ORIENTED_EDGE ( 'NONE', *, *, #1550, .T. ) ;
#41 = DIRECTION ( 'NONE',  ( 0.000000000000000000, 0.000000000000000000, 1.000000000000000000 ) ) ;
#42 = ADVANCED_FACE ( 'NONE', ( #554 ), #1164, .F. ) ;
#43 = AXIS2_PLACEMENT_3D ( 'NONE', #658, #1153, #399 ) ;
#44 = VERTEX_POINT ( 'NONE', #270 ) ;
#45 = APPROVAL_STATUS ( 'not_yet_approved' ) ;
#46 = CARTESIAN_POINT ( 'NONE',  ( -13.85640646055101932, 6.000000000000000000, 8.999999999999998224 ) ) ;
#47 = CARTESIAN_POINT ( 'NONE',  ( 13.85640646055102287, 2.000000000000000000, -10.49999999999999645 ) ) ;
#48 = LINE ( 'NONE', #556, #661 ) ;
#49 = ORIENTED_EDGE ( 'NONE', *, *, #24, .F. ) ;
#50 = AXIS2_PLACEMENT_3D ( 'NONE', #113, #902, #1013 ) ;
#51 = VECTOR ( 'NONE', #95, 1000.000000000000000 ) ;
#52 = PLANE ( 'NONE',  #810 ) ;
#53 = ADVANCED_FACE ( 'NONE', ( #31 ), #938, .F. ) ;
#54 = EDGE_LOOP ( 'NONE', ( #1226, #650, #1369, #724 ) ) ;
#55 = DIRECTION ( 'NONE',  ( 0.000000000000000000, -1.000000000000000000, 0.000000000000000000 ) ) ;
#56 = PERSON ( 'UNSPECIFIED', 'UNSPECIFIED', 'UNSPECIFIED', ('UNSPECIFIED'), ('UNSPECIFIED'), ('UNSPECIFIED') ) ;
#57 = CARTESIAN_POINT ( 'NONE',  ( 8.500000000000000000, 6.000000000000000000, -3.122849337825750617E-15 ) ) ;
#58 = LINE ( 'NONE', #1113, #690 ) ;
#59 = EDGE_LOOP ( 'NONE', ( #218, #180, #2, #755 ) ) ;
#60 = DIRECTION ( 'NONE',  ( 0.000000000000000000, 0.000000000000000000, 1.000000000000000000 ) ) ;
#61 = DIRECTION ( 'NONE',  ( -0.000000000000000000, -1.000000000000000000, -0.000000000000000000 ) ) ;
#62 = DIRECTION ( 'NONE',  ( 0.000000000000000000, 0.000000000000000000, -1.000000000000000000 ) ) ;
#63 = CARTESIAN_POINT ( 'NONE',  ( -13.85640646055101932, 6.000000000000000000, -8.999999999999998224 ) ) ;
#64 = ORIENTED_EDGE ( 'NONE', *, *, #495, .F. ) ;
#65 = FACE_OUTER_BOUND ( 'NONE', #623, .T. ) ;
#66 = AXIS2_PLACEMENT_3D ( 'NONE', #1470, #511, #766 ) ;
#67 = CARTESIAN_POINT ( 'NONE',  ( -8.660254037844383745, 6.000000000000000000, -15.00000000000000000 ) ) ;
#68 = CIRCLE ( 'NONE', #204, 3.500000000000000000 ) ;
#69 = DIRECTION ( 'NONE',  ( 0.000000000000000000, 0.000000000000000000, -1.000000000000000000 ) ) ;
#70 = FACE_OUTER_BOUND ( 'NONE', #1516, .T. ) ;
#71 = EDGE_CURVE ( 'NONE', #1609, #914, #963, .T. ) ;
#72 = ORIENTED_EDGE ( 'NONE', *, *, #1423, .T. ) ;
#73 = FACE_OUTER_BOUND ( 'NONE', #346, .T. ) ;
#74 = AXIS2_PLACEMENT_3D ( 'NONE', #357, #481, #955 ) ;
#75 = VECTOR ( 'NONE', #825, 1000.000000000000000 ) ;
#76 = EDGE_CURVE ( 'NONE', #440, #1353, #1064, .T. ) ;
#77 = FACE_OUTER_BOUND ( 'NONE', #224, .T. ) ;
#78 = CARTESIAN_POINT ( 'NONE',  ( -13.85640646055101932, 6.000000000000000000, -10.49999999999999289 ) ) ;
#79 = ORIENTED_EDGE ( 'NONE', *, *, #1453, .F. ) ;
#80 = CIRCLE ( 'NONE', #773, 3.500000000000000000 ) ;
#81 = PLANE ( 'NONE',  #1228 ) ;
#82 = ORIENTED_EDGE ( 'NONE', *, *, #539, .F. ) ;
#83 = VERTEX_POINT ( 'NONE', #276 ) ;
#84 = DIRECTION ( 'NONE',  ( 1.000000000000000000, 0.000000000000000000, -2.003086131649545704E-16 ) ) ;
#85 = DIRECTION ( 'NONE',  ( -0.000000000000000000, -1.000000000000000000, -0.000000000000000000 ) ) ;
#86 = DIRECTION ( 'NONE',  ( 0.000000000000000000, 1.000000000000000000, 0.000000000000000000 ) ) ;
#87 = CIRCLE ( 'NONE', #1391, 1.499999999999996225 ) ;
#88 = ORIENTED_EDGE ( 'NONE', *, *, #1502, .F. ) ;
#89 = EDGE_CURVE ( 'NONE', #1103, #486, #1412, .T. ) ;
#90 = CARTESIAN_POINT ( 'NONE',  ( 8.500000000000000000, 0.000000000000000000, -3.500000000000003109 ) ) ;
#91 = ORIENTED_EDGE ( 'NONE', *, *, #1150, .F. ) ;
#92 = ORIENTED_EDGE ( 'NONE', *, *, #282, .F. ) ;
#93 = LOCAL_TIME ( 22, 20, 38.00000000000000000, #1286 ) ;
#94 = VECTOR ( 'NONE', #1120, 1000.000000000000000 ) ;
#95 = DIRECTION ( 'NONE',  ( -0.000000000000000000, -1.000000000000000000, -0.000000000000000000 ) ) ;
#96 = DIRECTION ( 'NONE',  ( 0.000000000000000000, 0.000000000000000000, -1.000000000000000000 ) ) ;
#97 = EDGE_CURVE ( 'NONE', #1628, #360, #786, .T. ) ;
#98 = CYLINDRICAL_SURFACE ( 'NONE', #123, 3.500000000000000000 ) ;
#99 = EDGE_CURVE ( 'NONE', #521, #557, #655, .T. ) ;
#100 = EDGE_LOOP ( 'NONE', ( #611, #745, #482, #307, #685, #386, #1415, #893, #492, #722, #1063, #1239, #530, #594, #1127, #335 ) ) ;
#101 = DIRECTION ( 'NONE',  ( -0.000000000000000000, 1.000000000000000000, -0.000000000000000000 ) ) ;
#102 = ORIENTED_EDGE ( 'NONE', *, *, #903, .F. ) ;
#103 = AXIS2_PLACEMENT_3D ( 'NONE', #1429, #1158, #403 ) ;
#104 = CARTESIAN_POINT ( 'NONE',  ( 17.32050807568877460, 0.000000000000000000, 6.863985015692641023E-15 ) ) ;
#105 = CIRCLE ( 'NONE', #926, 1.499999999999996225 ) ;
#106 = DIRECTION ( 'NONE',  ( 0.000000000000000000, 0.000000000000000000, 1.000000000000000000 ) ) ;
#107 = DIRECTION ( 'NONE',  ( 0.000000000000000000, 0.000000000000000000, -1.000000000000000000 ) ) ;
#108 = VERTEX_POINT ( 'NONE', #691 ) ;
#109 = CARTESIAN_POINT ( 'NONE',  ( -13.85640646055101932, 2.000000000000000000, 10.49999999999999289 ) ) ;
#110 = ORIENTED_EDGE ( 'NONE', *, *, #911, .F. ) ;
#111 = CARTESIAN_POINT ( 'NONE',  ( 13.85640646055102287, 6.000000000000000000, 10.49999999999999645 ) ) ;
#112 = CYLINDRICAL_SURFACE ( 'NONE', #1402, 4.000000000000000000 ) ;
#113 = CARTESIAN_POINT ( 'NONE',  ( 13.85640646055102287, 2.000000000000000000, -10.49999999999999645 ) ) ;
#114 = ORIENTED_EDGE ( 'NONE', *, *, #1566, .T. ) ;
#115 = CARTESIAN_POINT ( 'NONE',  ( 13.85640646055102287, 2.000000000000000000, -11.99999999999999467 ) ) ;
#116 = ORIENTED_EDGE ( 'NONE', *, *, #1199, .F. ) ;
#117 = CIRCLE ( 'NONE', #1422, 5.000000000000000888 ) ;
#118 = ORIENTED_EDGE ( 'NONE', *, *, #1340, .T. ) ;
#119 = EDGE_CURVE ( 'NONE', #867, #1398, #80, .T. ) ;
#120 = LINE ( 'NONE', #629, #1155 ) ;
#121 = ORIENTED_EDGE ( 'NONE', *, *, #1150, .T. ) ;
#122 = CARTESIAN_POINT ( 'NONE',  ( 13.85640646055102287, 2.000000000000000000, -10.49999999999999645 ) ) ;
#123 = AXIS2_PLACEMENT_3D ( 'NONE', #1608, #1351, #213 ) ;
#124 = VECTOR ( 'NONE', #438, 1000.000000000000000 ) ;
#125 = CARTESIAN_POINT ( 'NONE',  ( -13.85640646055101932, 2.000000000000000000, -10.49999999999999289 ) ) ;
#126 = ORIENTED_EDGE ( 'NONE', *, *, #4, .F. ) ;
#127 = CARTESIAN_POINT ( 'NONE',  ( 13.85640646055102287, 6.000000000000000000, 6.499999999999998224 ) ) ;
#128 = ORIENTED_EDGE ( 'NONE', *, *, #490, .F. ) ;
#129 = DIRECTION ( 'NONE',  ( -0.000000000000000000, -1.000000000000000000, -0.000000000000000000 ) ) ;
#130 = VECTOR ( 'NONE', #960, 1000.000000000000000 ) ;
#131 = ADVANCED_FACE ( 'NONE', ( #945 ), #562, .F. ) ;
#132 = ORIENTED_EDGE ( 'NONE', *, *, #99, .T. ) ;
#133 = DIRECTION ( 'NONE',  ( 0.000000000000000000, 1.000000000000000000, 0.000000000000000000 ) ) ;
#134 = CC_DESIGN_PERSON_AND_ORGANIZATION_ASSIGNMENT ( #313, #785, ( #916 ) ) ;
#135 = ORIENTED_EDGE ( 'NONE', *, *, #1313, .F. ) ;
#136 = DIRECTION ( 'NONE',  ( 0.000000000000000000, 0.000000000000000000, 1.000000000000000000 ) ) ;
#137 = VERTEX_POINT ( 'NONE', #1099 ) ;
#138 = EDGE_CURVE ( 'NONE', #1578, #997, #969, .T. ) ;
#139 = DIRECTION ( 'NONE',  ( 0.000000000000000000, -1.000000000000000000, 0.000000000000000000 ) ) ;
#140 = CARTESIAN_POINT ( 'NONE',  ( -8.500000000000000000, 3.000000000000000000, -3.500000000000000000 ) ) ;
#141 = FACE_OUTER_BOUND ( 'NONE', #1231, .T. ) ;
#142 = ADVANCED_FACE ( 'NONE', ( #205 ), #705, .F. ) ;
#143 = ADVANCED_FACE ( 'NONE', ( #962 ), #314, .F. ) ;
#144 = AXIS2_PLACEMENT_3D ( 'NONE', #1556, #1029, #264 ) ;
#145 = CARTESIAN_POINT ( 'NONE',  ( -8.500000000000000000, 3.000000000000000000, 0.000000000000000000 ) ) ;
#146 = VERTEX_POINT ( 'NONE', #731 ) ;
#147 = CARTESIAN_POINT ( 'NONE',  ( -13.85640646055101932, 6.000000000000000000, 10.49999999999999289 ) ) ;
#148 = VECTOR ( 'NONE', #516, 1000.000000000000000 ) ;
#149 = CALENDAR_DATE ( 2026, 6, 2 ) ;
#150 = AXIS2_PLACEMENT_3D ( 'NONE', #617, #830, #349 ) ;
#151 = CIRCLE ( 'NONE', #1083, 4.000000000000000888 ) ;
#152 = CIRCLE ( 'NONE', #581, 1.499999999999996225 ) ;
#153 = DIRECTION ( 'NONE',  ( -0.000000000000000000, -1.000000000000000000, -0.000000000000000000 ) ) ;
#154 = DIRECTION ( 'NONE',  ( 0.000000000000000000, 0.000000000000000000, 1.000000000000000000 ) ) ;
#155 = DIRECTION ( 'NONE',  ( -0.000000000000000000, -1.000000000000000000, -0.000000000000000000 ) ) ;
#156 = ORIENTED_EDGE ( 'NONE', *, *, #763, .T. ) ;
#157 = DIRECTION ( 'NONE',  ( 0.8660254037844384856, 0.000000000000000000, -0.5000000000000004441 ) ) ;
#158 = EDGE_LOOP ( 'NONE', ( #328, #1070 ) ) ;
#159 = VECTOR ( 'NONE', #585, 1000.000000000000114 ) ;
#160 = APPROVAL_ROLE ( '' ) ;
#161 = CARTESIAN_POINT ( 'NONE',  ( -8.500000000000000000, 3.000000000000000000, 0.000000000000000000 ) ) ;
#162 = EDGE_CURVE ( 'NONE', #1009, #923, #265, .T. ) ;
#163 = DIRECTION ( 'NONE',  ( -0.000000000000000000, -1.000000000000000000, -0.000000000000000000 ) ) ;
#164 = LINE ( 'NONE', #1174, #1159 ) ;
#165 = VERTEX_POINT ( 'NONE', #836 ) ;
#166 = CYLINDRICAL_SURFACE ( 'NONE', #574, 1.249999999999999334 ) ;
#167 = CIRCLE ( 'NONE', #1600, 1.250000000000000000 ) ;
#168 = PERSON_AND_ORGANIZATION ( #56, #898 ) ;
#169 = LINE ( 'NONE', #1436, #194 ) ;
#170 = CARTESIAN_POINT ( 'NONE',  ( 13.85640646055102287, 0.000000000000000000, -10.49999999999999645 ) ) ;
#171 = PLANE ( 'NONE',  #846 ) ;
#172 = EDGE_LOOP ( 'NONE', ( #1635, #460 ) ) ;
#173 = ADVANCED_FACE ( 'NONE', ( #77 ), #447, .F. ) ;
#174 = LINE ( 'NONE', #1184, #653 ) ;
#175 = EDGE_LOOP ( 'NONE', ( #1523, #657 ) ) ;
#176 = APPLICATION_PROTOCOL_DEFINITION ( 'international standard', 'config_control_design', 1994, #1280 ) ;
#177 = DIRECTION ( 'NONE',  ( 0.000000000000000000, 0.000000000000000000, 1.000000000000000000 ) ) ;
#178 = CYLINDRICAL_SURFACE ( 'NONE', #795, 3.999999999999999112 ) ;
#179 = FACE_BOUND ( 'NONE', #434, .T. ) ;
#180 = ORIENTED_EDGE ( 'NONE', *, *, #684, .T. ) ;
#181 = AXIS2_PLACEMENT_3D ( 'NONE', #721, #86, #732 ) ;
#182 = AXIS2_PLACEMENT_3D ( 'NONE', #297, #356, #808 ) ;
#183 = DIRECTION ( 'NONE',  ( -0.000000000000000000, 1.000000000000000000, -0.000000000000000000 ) ) ;
#184 = ORIENTED_EDGE ( 'NONE', *, *, #24, .T. ) ;
#185 = CARTESIAN_POINT ( 'NONE',  ( -8.660254037844383745, 6.000000000000000000, -15.00000000000000000 ) ) ;
#186 = EDGE_CURVE ( 'NONE', #1483, #469, #425, .T. ) ;
#187 = CALENDAR_DATE ( 2026, 6, 2 ) ;
#188 = DIRECTION ( 'NONE',  ( -0.000000000000000000, -1.000000000000000000, -0.000000000000000000 ) ) ;
#189 = CARTESIAN_POINT ( 'NONE',  ( -9.675277914599558216, 6.000000000000000000, 13.24192707456450080 ) ) ;
#190 = AXIS2_PLACEMENT_3D ( 'NONE', #1200, #325, #977 ) ;
#191 = LINE ( 'NONE', #1059, #505 ) ;
#192 = ORIENTED_EDGE ( 'NONE', *, *, #512, .F. ) ;
#193 = FACE_OUTER_BOUND ( 'NONE', #601, .T. ) ;
#194 = VECTOR ( 'NONE', #153, 1000.000000000000000 ) ;
#195 = ORIENTED_EDGE ( 'NONE', *, *, #138, .T. ) ;
#196 = EDGE_CURVE ( 'NONE', #914, #1609, #1592, .T. ) ;
#197 = DIRECTION ( 'NONE',  ( -0.000000000000000000, -1.000000000000000000, -0.000000000000000000 ) ) ;
#198 = DIRECTION ( 'NONE',  ( -0.000000000000000000, -1.000000000000000000, -0.000000000000000000 ) ) ;
#199 = EDGE_CURVE ( 'NONE', #1000, #1603, #483, .T. ) ;
#200 = ORIENTED_EDGE ( 'NONE', *, *, #495, .T. ) ;
#201 = APPROVAL_PERSON_ORGANIZATION ( #1325, #953, #160 ) ;
#202 = CYLINDRICAL_SURFACE ( 'NONE', #498, 4.999999999999995559 ) ;
#203 = VECTOR ( 'NONE', #405, 1000.000000000000114 ) ;
#204 = AXIS2_PLACEMENT_3D ( 'NONE', #359, #240, #1517 ) ;
#205 = FACE_OUTER_BOUND ( 'NONE', #523, .T. ) ;
#206 = FACE_BOUND ( 'NONE', #906, .T. ) ;
#207 = ORIENTED_EDGE ( 'NONE', *, *, #982, .F. ) ;
#208 = DIRECTION ( 'NONE',  ( -0.000000000000000000, -1.000000000000000000, 0.000000000000000000 ) ) ;
#209 = VERTEX_POINT ( 'NONE', #1328 ) ;
#210 = AXIS2_PLACEMENT_3D ( 'NONE', #1418, #555, #1329 ) ;
#211 = CYLINDRICAL_SURFACE ( 'NONE', #216, 1.499999999999996225 ) ;
#212 = DIRECTION ( 'NONE',  ( 0.000000000000000000, 0.000000000000000000, -1.000000000000000000 ) ) ;
#213 = DIRECTION ( 'NONE',  ( 0.000000000000000000, 0.000000000000000000, -1.000000000000000000 ) ) ;
#214 = ORIENTED_EDGE ( 'NONE', *, *, #961, .T. ) ;
#215 = EDGE_CURVE ( 'NONE', #1534, #334, #720, .T. ) ;
#216 = AXIS2_PLACEMENT_3D ( 'NONE', #220, #726, #478 ) ;
#217 = LINE ( 'NONE', #1474, #678 ) ;
#218 = ORIENTED_EDGE ( 'NONE', *, *, #937, .F. ) ;
#219 = ORIENTED_EDGE ( 'NONE', *, *, #248, .T. ) ;
#220 = CARTESIAN_POINT ( 'NONE',  ( -13.85640646055101932, 6.000000000000000000, -10.49999999999999289 ) ) ;
#221 = CARTESIAN_POINT ( 'NONE',  ( -13.85640646055101932, 0.000000000000000000, -10.49999999999999289 ) ) ;
#222 = FACE_OUTER_BOUND ( 'NONE', #1407, .T. ) ;
#223 = AXIS2_PLACEMENT_3D ( 'NONE', #342, #590, #60 ) ;
#224 = EDGE_LOOP ( 'NONE', ( #415, #1067, #1562, #858 ) ) ;
#225 = FACE_BOUND ( 'NONE', #791, .T. ) ;
#226 = ORIENTED_EDGE ( 'NONE', *, *, #583, .T. ) ;
#227 = DIRECTION ( 'NONE',  ( -0.000000000000000000, -1.000000000000000000, -0.000000000000000000 ) ) ;
#228 = AXIS2_PLACEMENT_3D ( 'NONE', #355, #859, #746 ) ;
#229 = CARTESIAN_POINT ( 'NONE',  ( 17.32050807568877460, 6.000000000000000000, 6.863985015692641023E-15 ) ) ;
#230 = AXIS2_PLACEMENT_3D ( 'NONE', #865, #610, #995 ) ;
#231 = CARTESIAN_POINT ( 'NONE',  ( -13.85640646055101932, 6.000000000000000000, -10.49999999999999289 ) ) ;
#232 = EDGE_LOOP ( 'NONE', ( #406, #950, #877, #1096 ) ) ;
#233 = DIRECTION ( 'NONE',  ( 0.000000000000000000, 1.000000000000000000, 0.000000000000000000 ) ) ;
#234 = EDGE_LOOP ( 'NONE', ( #280, #1460, #1612, #917 ) ) ;
#235 = CIRCLE ( 'NONE', #103, 4.000000000000000000 ) ;
#236 = DIRECTION ( 'NONE',  ( -0.000000000000000000, -1.000000000000000000, -0.000000000000000000 ) ) ;
#237 = CIRCLE ( 'NONE', #258, 4.000000000000000888 ) ;
#238 = DIRECTION ( 'NONE',  ( 1.000000000000000000, 0.000000000000000000, -2.003086131649545704E-16 ) ) ;
#239 = ORIENTED_EDGE ( 'NONE', *, *, #959, .T. ) ;
#240 = DIRECTION ( 'NONE',  ( 0.000000000000000000, -1.000000000000000000, 0.000000000000000000 ) ) ;
#241 = ORIENTED_EDGE ( 'NONE', *, *, #908, .F. ) ;
#242 = LINE ( 'NONE', #1144, #760 ) ;
#243 = AXIS2_PLACEMENT_3D ( 'NONE', #1038, #778, #1446 ) ;
#244 = ADVANCED_FACE ( 'NONE', ( #587 ), #1471, .F. ) ;
#245 = APPLICATION_PROTOCOL_DEFINITION ( 'international standard', 'config_control_design', 1994, #493 ) ;
#246 = EDGE_LOOP ( 'NONE', ( #1132, #1267, #667, #126 ) ) ;
#247 = DIRECTION ( 'NONE',  ( 0.000000000000000000, -1.000000000000000000, 0.000000000000000000 ) ) ;
#248 = EDGE_CURVE ( 'NONE', #1451, #1611, #697, .T. ) ;
#249 = VERTEX_POINT ( 'NONE', #699 ) ;
#250 = CARTESIAN_POINT ( 'NONE',  ( -13.85640646055101932, 2.000000000000000000, -10.49999999999999289 ) ) ;
#251 = DIRECTION ( 'NONE',  ( 0.000000000000000000, 1.000000000000000000, 0.000000000000000000 ) ) ;
#252 = ORIENTED_EDGE ( 'NONE', *, *, #1550, .F. ) ;
#253 = CARTESIAN_POINT ( 'NONE',  ( 14.14042068947250463, 6.000000000000000000, 5.508072925435494760 ) ) ;
#254 = EDGE_LOOP ( 'NONE', ( #1501, #517 ) ) ;
#255 = EDGE_CURVE ( 'NONE', #1104, #839, #1073, .T. ) ;
#256 = DIRECTION ( 'NONE',  ( 0.000000000000000000, 1.000000000000000000, 0.000000000000000000 ) ) ;
#257 = ORIENTED_EDGE ( 'NONE', *, *, #727, .F. ) ;
#258 = AXIS2_PLACEMENT_3D ( 'NONE', #1271, #513, #365 ) ;
#259 = LINE ( 'NONE', #1122, #1082 ) ;
#260 = EDGE_CURVE ( 'NONE', #360, #8, #907, .T. ) ;
#261 = VERTEX_POINT ( 'NONE', #1490 ) ;
#262 = DIRECTION ( 'NONE',  ( 0.000000000000000000, 0.000000000000000000, -1.000000000000000000 ) ) ;
#263 = ORIENTED_EDGE ( 'NONE', *, *, #1079, .T. ) ;
#264 = DIRECTION ( 'NONE',  ( -0.5000000000000003331, 0.000000000000000000, -0.8660254037844383745 ) ) ;
#265 = CIRCLE ( 'NONE', #670, 4.999999999999995559 ) ;
#266 = EDGE_CURVE ( 'NONE', #914, #1250, #348, .T. ) ;
#267 = ORIENTED_EDGE ( 'NONE', *, *, #559, .F. ) ;
#268 = ADVANCED_FACE ( 'NONE', ( #577 ), #1107, .F. ) ;
#269 = LINE ( 'NONE', #1255, #1263 ) ;
#270 = CARTESIAN_POINT ( 'NONE',  ( 13.85640646055102287, 2.000000000000000000, -6.499999999999998224 ) ) ;
#271 = DIRECTION ( 'NONE',  ( 0.000000000000000000, -1.000000000000000000, 0.000000000000000000 ) ) ;
#272 = VERTEX_POINT ( 'NONE', #1085 ) ;
#273 = DIRECTION ( 'NONE',  ( -0.000000000000000000, -1.000000000000000000, 0.000000000000000000 ) ) ;
#274 = ORIENTED_EDGE ( 'NONE', *, *, #266, .T. ) ;
#275 = APPROVAL_ROLE ( '' ) ;
#276 = CARTESIAN_POINT ( 'NONE',  ( -13.85640646055101932, 0.000000000000000000, 8.999999999999998224 ) ) ;
#277 = VECTOR ( 'NONE', #487, 1000.000000000000000 ) ;
#278 = DIRECTION ( 'NONE',  ( 0.000000000000000000, 1.000000000000000000, 0.000000000000000000 ) ) ;
#279 = DIRECTION ( 'NONE',  ( 0.000000000000000000, 1.000000000000000000, 0.000000000000000000 ) ) ;
#280 = ORIENTED_EDGE ( 'NONE', *, *, #294, .T. ) ;
#281 = CARTESIAN_POINT ( 'NONE',  ( 13.85640646055102287, 2.000000000000000000, -10.49999999999999645 ) ) ;
#282 = EDGE_CURVE ( 'NONE', #1015, #404, #455, .T. ) ;
#283 = VERTEX_POINT ( 'NONE', #696 ) ;
#284 = DATE_AND_TIME ( #533, #1514 ) ;
#285 = AXIS2_PLACEMENT_3D ( 'NONE', #769, #1535, #1131 ) ;
#286 = VECTOR ( 'NONE', #947, 1000.000000000000114 ) ;
#287 = CARTESIAN_POINT ( 'NONE',  ( -13.85640646055101932, 6.000000000000000000, -10.49999999999999289 ) ) ;
#288 = CARTESIAN_POINT ( 'NONE',  ( 9.675277914599568874, 0.000000000000000000, 13.24192707456450080 ) ) ;
#289 = LINE ( 'NONE', #905, #148 ) ;
#290 = ORIENTED_EDGE ( 'NONE', *, *, #1303, .F. ) ;
#291 = CARTESIAN_POINT ( 'NONE',  ( -8.500000000000000000, 3.000000000000000000, 0.000000000000000000 ) ) ;
#292 = CIRCLE ( 'NONE', #1223, 3.999999999999998224 ) ;
#293 = COORDINATED_UNIVERSAL_TIME_OFFSET ( 7, 0, .BEHIND. ) ;
#294 = EDGE_CURVE ( 'NONE', #261, #1142, #454, .T. ) ;
#295 = EDGE_LOOP ( 'NONE', ( #1167, #1361, #195, #630 ) ) ;
#296 = DIRECTION ( 'NONE',  ( 0.000000000000000000, 0.000000000000000000, 1.000000000000000000 ) ) ;
#297 = CARTESIAN_POINT ( 'NONE',  ( -13.85640646055101932, 6.000000000000000000, 10.49999999999999289 ) ) ;
#298 = EDGE_LOOP ( 'NONE', ( #975, #1509, #1216, #881 ) ) ;
#299 = EDGE_CURVE ( 'NONE', #368, #1103, #470, .T. ) ;
#300 = CARTESIAN_POINT ( 'NONE',  ( -8.660254037844380193, 6.000000000000000000, 15.00000000000000000 ) ) ;
#301 = AXIS2_PLACEMENT_3D ( 'NONE', #1602, #949, #329 ) ;
#302 = ORIENTED_EDGE ( 'NONE', *, *, #583, .F. ) ;
#303 = COORDINATED_UNIVERSAL_TIME_OFFSET ( 7, 0, .BEHIND. ) ;
#304 = CARTESIAN_POINT ( 'NONE',  ( 13.85640646055102287, 2.000000000000000000, 14.49999999999999467 ) ) ;
#305 = CARTESIAN_POINT ( 'NONE',  ( -8.500000000000000000, 3.000000000000000000, 1.250000000000000000 ) ) ;
#306 = DIRECTION ( 'NONE',  ( -0.000000000000000000, -1.000000000000000000, -0.000000000000000000 ) ) ;
#307 = ORIENTED_EDGE ( 'NONE', *, *, #1493, .T. ) ;
#308 = CIRCLE ( 'NONE', #736, 1.499999999999996225 ) ;
#309 = CARTESIAN_POINT ( 'NONE',  ( -8.660254037844383745, 6.000000000000000000, -15.00000000000000000 ) ) ;
#310 = EDGE_CURVE ( 'NONE', #602, #641, #1222, .T. ) ;
#311 = ORIENTED_EDGE ( 'NONE', *, *, #860, .F. ) ;
#312 = CARTESIAN_POINT ( 'NONE',  ( 8.500000000000000000, 3.000000000000000000, 3.499999999999996891 ) ) ;
#313 = PERSON_AND_ORGANIZATION ( #56, #898 ) ;
#314 = CYLINDRICAL_SURFACE ( 'NONE', #1521, 1.499999999999996225 ) ;
#315 = CIRCLE ( 'NONE', #1375, 4.999999999999995559 ) ;
#316 = LINE ( 'NONE', #32, #75 ) ;
#317 = CARTESIAN_POINT ( 'NONE',  ( -13.85640646055101932, 2.000000000000000000, -10.49999999999999289 ) ) ;
#318 = ADVANCED_FACE ( 'NONE', ( #446 ), #1605, .T. ) ;
#319 = ORIENTED_EDGE ( 'NONE', *, *, #889, .F. ) ;
#320 = DIRECTION ( 'NONE',  ( -0.000000000000000000, -1.000000000000000000, 0.000000000000000000 ) ) ;
#321 = ADVANCED_FACE ( 'NONE', ( #976, #1596 ), #1613, .T. ) ;
#322 = CARTESIAN_POINT ( 'NONE',  ( 4.898587196589412829E-16, 0.000000000000000000, 4.000000000000000000 ) ) ;
#323 = EDGE_CURVE ( 'NONE', #283, #1398, #1198, .T. ) ;
#324 = EDGE_CURVE ( 'NONE', #1055, #573, #968, .T. ) ;
#325 = DIRECTION ( 'NONE',  ( 0.000000000000000000, 1.000000000000000000, 0.000000000000000000 ) ) ;
#326 = PLANE ( 'NONE',  #1348 ) ;
#327 = CYLINDRICAL_SURFACE ( 'NONE', #182, 5.000000000000004441 ) ;
#328 = ORIENTED_EDGE ( 'NONE', *, *, #636, .T. ) ;
#329 = DIRECTION ( 'NONE',  ( 0.000000000000000000, 0.000000000000000000, -1.000000000000000000 ) ) ;
#330 = DIRECTION ( 'NONE',  ( 0.000000000000000000, 1.000000000000000000, 0.000000000000000000 ) ) ;
#331 = CARTESIAN_POINT ( 'NONE',  ( 8.500000000000000000, 6.000000000000000000, 1.249999999999996447 ) ) ;
#332 = ORIENTED_EDGE ( 'NONE', *, *, #559, .T. ) ;
#333 = FACE_OUTER_BOUND ( 'NONE', #246, .T. ) ;
#334 = VERTEX_POINT ( 'NONE', #322 ) ;
#335 = ORIENTED_EDGE ( 'NONE', *, *, #299, .T. ) ;
#336 = CIRCLE ( 'NONE', #973, 1.249999999999999334 ) ;
#337 = CARTESIAN_POINT ( 'NONE',  ( -8.500000000000000000, 6.000000000000000000, 0.000000000000000000 ) ) ;
#338 = EDGE_CURVE ( 'NONE', #1022, #557, #292, .T. ) ;
#339 = DIRECTION ( 'NONE',  ( 0.000000000000000000, 0.000000000000000000, -1.000000000000000000 ) ) ;
#340 = FACE_BOUND ( 'NONE', #1539, .T. ) ;
#341 = VERTEX_POINT ( 'NONE', #1335 ) ;
#342 = CARTESIAN_POINT ( 'NONE',  ( 13.85640646055102287, 2.000000000000000000, 10.49999999999999645 ) ) ;
#343 = ORIENTED_EDGE ( 'NONE', *, *, #323, .T. ) ;
#344 = VECTOR ( 'NONE', #1115, 1000.000000000000114 ) ;
#345 = AXIS2_PLACEMENT_3D ( 'NONE', #665, #1048, #682 ) ;
#346 = EDGE_LOOP ( 'NONE', ( #1256, #1485, #1547, #671 ) ) ;
#347 = CARTESIAN_POINT ( 'NONE',  ( -9.675277914599561768, 0.000000000000000000, -13.24192707456450080 ) ) ;
#348 = LINE ( 'NONE', #605, #802 ) ;
#349 = DIRECTION ( 'NONE',  ( 0.000000000000000000, 0.000000000000000000, 1.000000000000000000 ) ) ;
#350 = EDGE_CURVE ( 'NONE', #1055, #440, #5, .T. ) ;
#351 = ORIENTED_EDGE ( 'NONE', *, *, #1597, .F. ) ;
#352 = AXIS2_PLACEMENT_3D ( 'NONE', #528, #1544, #69 ) ;
#353 = DIRECTION ( 'NONE',  ( 0.000000000000000000, 0.000000000000000000, 1.000000000000000000 ) ) ;
#354 = ORIENTED_EDGE ( 'NONE', *, *, #28, .T. ) ;
#355 = CARTESIAN_POINT ( 'NONE',  ( 8.500000000000000000, 3.000000000000000000, -3.122849337825750617E-15 ) ) ;
#356 = DIRECTION ( 'NONE',  ( -0.000000000000000000, -1.000000000000000000, -0.000000000000000000 ) ) ;
#357 = CARTESIAN_POINT ( 'NONE',  ( -13.85640646055101932, 2.000000000000000000, -10.49999999999999289 ) ) ;
#358 = ORIENTED_EDGE ( 'NONE', *, *, #541, .F. ) ;
#359 = CARTESIAN_POINT ( 'NONE',  ( 8.500000000000000000, 3.000000000000000000, -3.122849337825750617E-15 ) ) ;
#360 = VERTEX_POINT ( 'NONE', #347 ) ;
#361 = CARTESIAN_POINT ( 'NONE',  ( 13.85640646055102287, 0.000000000000000000, -11.99999999999999289 ) ) ;
#362 = CIRCLE ( 'NONE', #1283, 1.250000000000000000 ) ;
#363 = CARTESIAN_POINT ( 'NONE',  ( 13.85640646055102287, 2.000000000000000000, 10.49999999999999645 ) ) ;
#364 = AXIS2_PLACEMENT_3D ( 'NONE', #109, #1510, #381 ) ;
#365 = DIRECTION ( 'NONE',  ( 0.000000000000000000, 0.000000000000000000, 1.000000000000000000 ) ) ;
#366 = ORIENTED_EDGE ( 'NONE', *, *, #97, .T. ) ;
#367 = FACE_BOUND ( 'NONE', #1087, .T. ) ;
#368 = VERTEX_POINT ( 'NONE', #1071 ) ;
#369 = VECTOR ( 'NONE', #1503, 1000.000000000000000 ) ;
#370 = DIRECTION ( 'NONE',  ( 0.000000000000000000, 0.000000000000000000, -1.000000000000000000 ) ) ;
#371 = AXIS2_PLACEMENT_3D ( 'NONE', #633, #379, #1316 ) ;
#372 = CIRCLE ( 'NONE', #875, 4.999999999999995559 ) ;
#373 = ADVANCED_FACE ( 'NONE', ( #843 ), #211, .F. ) ;
#374 = EDGE_CURVE ( 'NONE', #44, #1611, #1455, .T. ) ;
#375 = ORIENTED_EDGE ( 'NONE', *, *, #1439, .T. ) ;
#376 = CARTESIAN_POINT ( 'NONE',  ( 13.85640646055102287, 0.000000000000000000, 10.49999999999999645 ) ) ;
#377 = ORIENTED_EDGE ( 'NONE', *, *, #97, .F. ) ;
#378 = AXIS2_PLACEMENT_3D ( 'NONE', #1487, #1211, #1090 ) ;
#379 = DIRECTION ( 'NONE',  ( 0.000000000000000000, 0.000000000000000000, 1.000000000000000000 ) ) ;
#380 = ORIENTED_EDGE ( 'NONE', *, *, #1482, .F. ) ;
#381 = DIRECTION ( 'NONE',  ( 0.000000000000000000, 0.000000000000000000, 1.000000000000000000 ) ) ;
#382 = ORIENTED_EDGE ( 'NONE', *, *, #927, .F. ) ;
#383 = FACE_BOUND ( 'NONE', #509, .T. ) ;
#384 = ADVANCED_FACE ( 'NONE', ( #1323 ), #1580, .T. ) ;
#385 = FACE_OUTER_BOUND ( 'NONE', #158, .T. ) ;
#386 = ORIENTED_EDGE ( 'NONE', *, *, #1149, .T. ) ;
#387 = DIRECTION ( 'NONE',  ( 0.000000000000000000, 0.000000000000000000, 1.000000000000000000 ) ) ;
#388 = EDGE_LOOP ( 'NONE', ( #267, #988, #1262, #1504 ) ) ;
#389 = FACE_OUTER_BOUND ( 'NONE', #780, .T. ) ;
#390 = ADVANCED_FACE ( 'NONE', ( #383, #625 ), #1390, .T. ) ;
#391 = AXIS2_PLACEMENT_3D ( 'NONE', #26, #9, #136 ) ;
#392 = ORIENTED_EDGE ( 'NONE', *, *, #323, .F. ) ;
#393 = APPROVAL_PERSON_ORGANIZATION ( #1171, #1190, #275 ) ;
#394 = VECTOR ( 'NONE', #1616, 1000.000000000000000 ) ;
#395 = CARTESIAN_POINT ( 'NONE',  ( -13.85640646055101932, 0.000000000000000000, -11.99999999999999112 ) ) ;
#396 = ORIENTED_EDGE ( 'NONE', *, *, #616, .F. ) ;
#397 = DIRECTION ( 'NONE',  ( 0.000000000000000000, 0.000000000000000000, -1.000000000000000000 ) ) ;
#398 = ORIENTED_EDGE ( 'NONE', *, *, #30, .T. ) ;
#399 = DIRECTION ( 'NONE',  ( -0.4999999999999998890, 0.000000000000000000, 0.8660254037844385966 ) ) ;
#400 = EDGE_LOOP ( 'NONE', ( #1344, #1160, #1272, #933 ) ) ;
#401 = SHAPE_DEFINITION_REPRESENTATION ( #468, #871 ) ;
#402 = DIRECTION ( 'NONE',  ( -0.8660254037844387076, 0.000000000000000000, -0.4999999999999999445 ) ) ;
#403 = DIRECTION ( 'NONE',  ( 0.000000000000000000, 0.000000000000000000, 1.000000000000000000 ) ) ;
#404 = VERTEX_POINT ( 'NONE', #1513 ) ;
#405 = DIRECTION ( 'NONE',  ( -0.5000000000000003331, 0.000000000000000000, -0.8660254037844383745 ) ) ;
#406 = ORIENTED_EDGE ( 'NONE', *, *, #266, .F. ) ;
#407 = CC_DESIGN_SECURITY_CLASSIFICATION ( #916, ( #757 ) ) ;
#408 = CARTESIAN_POINT ( 'NONE',  ( -13.85640646055101932, 0.000000000000000000, -15.49999999999999467 ) ) ;
#409 = CIRCLE ( 'NONE', #228, 3.500000000000000000 ) ;
#410 = CARTESIAN_POINT ( 'NONE',  ( -13.85640646055101932, 6.000000000000000000, 10.49999999999999289 ) ) ;
#411 = DIRECTION ( 'NONE',  ( 0.000000000000000000, -1.000000000000000000, 0.000000000000000000 ) ) ;
#412 = ORIENTED_EDGE ( 'NONE', *, *, #71, .T. ) ;
#413 = DIRECTION ( 'NONE',  ( -0.000000000000000000, -1.000000000000000000, -0.000000000000000000 ) ) ;
#414 = EDGE_CURVE ( 'NONE', #526, #901, #1154, .T. ) ;
#415 = ORIENTED_EDGE ( 'NONE', *, *, #350, .T. ) ;
#416 = VECTOR ( 'NONE', #863, 1000.000000000000114 ) ;
#417 = AXIS2_PLACEMENT_3D ( 'NONE', #57, #1173, #1318 ) ;
#418 = DIRECTION ( 'NONE',  ( 0.000000000000000000, 1.000000000000000000, 0.000000000000000000 ) ) ;
#419 = EDGE_CURVE ( 'NONE', #901, #526, #1634, .T. ) ;
#420 = LINE ( 'NONE', #675, #979 ) ;
#421 = FACE_OUTER_BOUND ( 'NONE', #232, .T. ) ;
#422 = VERTEX_POINT ( 'NONE', #753 ) ;
#423 = CARTESIAN_POINT ( 'NONE',  ( -13.85640646055101932, 2.000000000000000000, 10.49999999999999289 ) ) ;
#424 = ORIENTED_EDGE ( 'NONE', *, *, #754, .T. ) ;
#425 = CIRCLE ( 'NONE', #1195, 4.999999999999995559 ) ;
#426 = PERSON_AND_ORGANIZATION ( #56, #898 ) ;
#427 = CARTESIAN_POINT ( 'NONE',  ( 17.32050807568877460, 6.000000000000000000, 6.863985015692641023E-15 ) ) ;
#428 = CARTESIAN_POINT ( 'NONE',  ( 0.000000000000000000, 6.000000000000000000, -4.000000000000000000 ) ) ;
#429 = EDGE_CURVE ( 'NONE', #641, #643, #1247, .T. ) ;
#430 = PLANE ( 'NONE',  #1001 ) ;
#431 = EDGE_LOOP ( 'NONE', ( #88, #637, #749, #257 ) ) ;
#432 = DIRECTION ( 'NONE',  ( -0.000000000000000000, -1.000000000000000000, -0.000000000000000000 ) ) ;
#433 = CC_DESIGN_PERSON_AND_ORGANIZATION_ASSIGNMENT ( #168, #527, ( #757 ) ) ;
#434 = EDGE_LOOP ( 'NONE', ( #1413, #1568 ) ) ;
#435 = AXIS2_PLACEMENT_3D ( 'NONE', #467, #1575, #1462 ) ;
#436 = EDGE_CURVE ( 'NONE', #1034, #1534, #814, .T. ) ;
#437 = FACE_OUTER_BOUND ( 'NONE', #873, .T. ) ;
#438 = DIRECTION ( 'NONE',  ( -0.000000000000000000, -1.000000000000000000, -0.000000000000000000 ) ) ;
#439 = CARTESIAN_POINT ( 'NONE',  ( -13.85640646055101932, 2.000000000000000000, 10.49999999999999289 ) ) ;
#440 = VERTEX_POINT ( 'NONE', #644 ) ;
#441 = AXIS2_PLACEMENT_3D ( 'NONE', #1128, #1112, #1623 ) ;
#442 = CYLINDRICAL_SURFACE ( 'NONE', #1307, 4.000000000000001776 ) ;
#443 = AXIS2_PLACEMENT_3D ( 'NONE', #1245, #247, #620 ) ;
#444 = EDGE_CURVE ( 'NONE', #27, #923, #503, .T. ) ;
#445 = EDGE_CURVE ( 'NONE', #368, #1628, #1012, .T. ) ;
#446 = FACE_OUTER_BOUND ( 'NONE', #400, .T. ) ;
#447 = CYLINDRICAL_SURFACE ( 'NONE', #1497, 1.250000000000000000 ) ;
#448 = AXIS2_PLACEMENT_3D ( 'NONE', #33, #271, #397 ) ;
#449 = DIRECTION ( 'NONE',  ( 0.000000000000000000, 1.000000000000000000, 0.000000000000000000 ) ) ;
#450 = LINE ( 'NONE', #1330, #286 ) ;
#451 = AXIS2_PLACEMENT_3D ( 'NONE', #761, #1277, #999 ) ;
#452 = ORIENTED_EDGE ( 'NONE', *, *, #1149, .F. ) ;
#453 = DIRECTION ( 'NONE',  ( 0.4999999999999999445, 0.000000000000000000, -0.8660254037844385966 ) ) ;
#454 = LINE ( 'NONE', #576, #619 ) ;
#455 = LINE ( 'NONE', #67, #159 ) ;
#456 = DIRECTION ( 'NONE',  ( 0.000000000000000000, 1.000000000000000000, 0.000000000000000000 ) ) ;
#457 = ORIENTED_EDGE ( 'NONE', *, *, #668, .T. ) ;
#458 = CARTESIAN_POINT ( 'NONE',  ( 13.85640646055102287, 0.000000000000000000, -9.000000000000000000 ) ) ;
#459 = AXIS2_PLACEMENT_3D ( 'NONE', #287, #674, #1172 ) ;
#460 = ORIENTED_EDGE ( 'NONE', *, *, #338, .F. ) ;
#461 = EDGE_CURVE ( 'NONE', #165, #1628, #1526, .T. ) ;
#462 = CARTESIAN_POINT ( 'NONE',  ( -8.660254037844380193, 6.000000000000000000, 15.00000000000000000 ) ) ;
#463 = VECTOR ( 'NONE', #966, 1000.000000000000000 ) ;
#464 = CARTESIAN_POINT ( 'NONE',  ( -8.500000000000000000, 6.000000000000000000, 0.000000000000000000 ) ) ;
#465 = DIRECTION ( 'NONE',  ( 0.000000000000000000, 1.000000000000000000, 0.000000000000000000 ) ) ;
#466 = EDGE_LOOP ( 'NONE', ( #12, #10 ) ) ;
#467 = CARTESIAN_POINT ( 'NONE',  ( -13.85640646055101932, 6.000000000000000000, 10.49999999999999289 ) ) ;
#468 = PRODUCT_DEFINITION_SHAPE ( 'NONE', 'NONE',  #609 ) ;
#469 = VERTEX_POINT ( 'NONE', #1519 ) ;
#470 = LINE ( 'NONE', #185, #880 ) ;
#471 = DIRECTION ( 'NONE',  ( -0.000000000000000000, -1.000000000000000000, -0.000000000000000000 ) ) ;
#472 = CARTESIAN_POINT ( 'NONE',  ( 4.898587196589412829E-16, 6.000000000000000000, 4.000000000000000000 ) ) ;
#473 = ORIENTED_EDGE ( 'NONE', *, *, #1427, .T. ) ;
#474 = DIRECTION ( 'NONE',  ( -0.000000000000000000, -1.000000000000000000, -0.000000000000000000 ) ) ;
#475 = VERTEX_POINT ( 'NONE', #1384 ) ;
#476 = VECTOR ( 'NONE', #789, 1000.000000000000000 ) ;
#477 = EDGE_LOOP ( 'NONE', ( #1591, #354, #733, #382 ) ) ;
#478 = DIRECTION ( 'NONE',  ( 0.000000000000000000, 0.000000000000000000, -1.000000000000000000 ) ) ;
#479 = CARTESIAN_POINT ( 'NONE',  ( 13.85640646055102287, 6.000000000000000000, -10.49999999999999645 ) ) ;
#480 = DIRECTION ( 'NONE',  ( 0.000000000000000000, 0.000000000000000000, -1.000000000000000000 ) ) ;
#481 = DIRECTION ( 'NONE',  ( -0.000000000000000000, 1.000000000000000000, -0.000000000000000000 ) ) ;
#482 = ORIENTED_EDGE ( 'NONE', *, *, #282, .T. ) ;
#483 = CIRCLE ( 'NONE', #1062, 1.499999999999996225 ) ;
#484 = ADVANCED_FACE ( 'NONE', ( #868 ), #1254, .F. ) ;
#485 = CARTESIAN_POINT ( 'NONE',  ( -13.85640646055101932, 2.000000000000000000, 14.49999999999999467 ) ) ;
#486 = VERTEX_POINT ( 'NONE', #1496 ) ;
#487 = DIRECTION ( 'NONE',  ( 0.000000000000000000, 1.000000000000000000, 0.000000000000000000 ) ) ;
#488 = DIRECTION ( 'NONE',  ( 0.000000000000000000, 1.000000000000000000, 0.000000000000000000 ) ) ;
#489 = EDGE_LOOP ( 'NONE', ( #743, #566, #1355, #1468 ) ) ;
#490 = EDGE_CURVE ( 'NONE', #526, #725, #242, .T. ) ;
#491 = DIRECTION ( 'NONE',  ( -0.000000000000000000, -1.000000000000000000, -0.000000000000000000 ) ) ;
#492 = ORIENTED_EDGE ( 'NONE', *, *, #162, .T. ) ;
#493 = APPLICATION_CONTEXT ( 'configuration controlled 3d designs of mechanical parts and assemblies' ) ;
#494 = CARTESIAN_POINT ( 'NONE',  ( 13.85640646055102287, 2.000000000000000000, -14.49999999999999467 ) ) ;
#495 = EDGE_CURVE ( 'NONE', #283, #1281, #409, .T. ) ;
#496 = AXIS2_PLACEMENT_3D ( 'NONE', #111, #129, #370 ) ;
#497 = DIRECTION ( 'NONE',  ( 0.000000000000000000, 0.000000000000000000, 1.000000000000000000 ) ) ;
#498 = AXIS2_PLACEMENT_3D ( 'NONE', #708, #1210, #704 ) ;
#499 = DIRECTION ( 'NONE',  ( 0.000000000000000000, 1.000000000000000000, 0.000000000000000000 ) ) ;
#500 = ORIENTED_EDGE ( 'NONE', *, *, #374, .T. ) ;
#501 = FACE_BOUND ( 'NONE', #812, .T. ) ;
#502 = VERTEX_POINT ( 'NONE', #738 ) ;
#503 = LINE ( 'NONE', #3, #277 ) ;
#504 = VECTOR ( 'NONE', #837, 1000.000000000000000 ) ;
#505 = VECTOR ( 'NONE', #940, 1000.000000000000114 ) ;
#506 = DIRECTION ( 'NONE',  ( 0.000000000000000000, 0.000000000000000000, -1.000000000000000000 ) ) ;
#507 = ORIENTED_EDGE ( 'NONE', *, *, #512, .T. ) ;
#508 = CARTESIAN_POINT ( 'NONE',  ( 13.85640646055102287, 2.000000000000000000, 10.49999999999999645 ) ) ;
#509 = EDGE_LOOP ( 'NONE', ( #116, #980 ) ) ;
#510 = VECTOR ( 'NONE', #471, 1000.000000000000000 ) ;
#511 = DIRECTION ( 'NONE',  ( -0.000000000000000000, -1.000000000000000000, -0.000000000000000000 ) ) ;
#512 = EDGE_CURVE ( 'NONE', #839, #1405, #1240, .T. ) ;
#513 = DIRECTION ( 'NONE',  ( 0.000000000000000000, 1.000000000000000000, 0.000000000000000000 ) ) ;
#514 = ORIENTED_EDGE ( 'NONE', *, *, #1066, .T. ) ;
#515 = VECTOR ( 'NONE', #183, 1000.000000000000000 ) ;
#516 = DIRECTION ( 'NONE',  ( -0.000000000000000000, -1.000000000000000000, -0.000000000000000000 ) ) ;
#517 = ORIENTED_EDGE ( 'NONE', *, *, #414, .T. ) ;
#518 = FACE_OUTER_BOUND ( 'NONE', #234, .T. ) ;
#519 = CIRCLE ( 'NONE', #16, 1.499999999999996225 ) ;
#520 = FACE_BOUND ( 'NONE', #254, .T. ) ;
#521 = VERTEX_POINT ( 'NONE', #1631 ) ;
#522 = CARTESIAN_POINT ( 'NONE',  ( -14.14042068947250463, 6.000000000000000000, -5.508072925435487655 ) ) ;
#523 = EDGE_LOOP ( 'NONE', ( #128, #1530, #34, #1463 ) ) ;
#524 = FACE_OUTER_BOUND ( 'NONE', #1525, .T. ) ;
#525 = AXIS2_PLACEMENT_3D ( 'NONE', #1404, #411, #1538 ) ;
#526 = VERTEX_POINT ( 'NONE', #1505 ) ;
#527 = PERSON_AND_ORGANIZATION_ROLE ( 'creator' ) ;
#528 = CARTESIAN_POINT ( 'NONE',  ( -13.85640646055101932, 6.000000000000000000, 10.49999999999999289 ) ) ;
#529 = PLANE ( 'NONE',  #525 ) ;
#530 = ORIENTED_EDGE ( 'NONE', *, *, #1176, .F. ) ;
#531 = CARTESIAN_POINT ( 'NONE',  ( 8.500000000000000000, 3.000000000000000000, -3.122849337825750617E-15 ) ) ;
#532 = EDGE_LOOP ( 'NONE', ( #507, #114, #1152, #1287 ) ) ;
#533 = CALENDAR_DATE ( 2026, 6, 2 ) ;
#534 = VECTOR ( 'NONE', #1552, 1000.000000000000000 ) ;
#535 = CARTESIAN_POINT ( 'NONE',  ( -13.85640646055101932, 6.000000000000000000, 6.499999999999992895 ) ) ;
#536 = CARTESIAN_POINT ( 'NONE',  ( 14.14042068947249398, 0.000000000000000000, -5.508072925435493872 ) ) ;
#537 = FACE_OUTER_BOUND ( 'NONE', #1512, .T. ) ;
#538 = VERTEX_POINT ( 'NONE', #361 ) ;
#539 = EDGE_CURVE ( 'NONE', #1639, #1451, #1373, .T. ) ;
#540 = CARTESIAN_POINT ( 'NONE',  ( -13.85640646055101932, 2.000000000000000000, -10.49999999999999289 ) ) ;
#541 = EDGE_CURVE ( 'NONE', #8, #1119, #117, .T. ) ;
#542 = ORIENTED_EDGE ( 'NONE', *, *, #196, .T. ) ;
#543 = DATE_TIME_ROLE ( 'classification_date' ) ;
#544 = CARTESIAN_POINT ( 'NONE',  ( 14.14042068947250463, 0.000000000000000000, 5.508072925435494760 ) ) ;
#545 = FACE_OUTER_BOUND ( 'NONE', #928, .T. ) ;
#546 = DIRECTION ( 'NONE',  ( 0.000000000000000000, 1.000000000000000000, 0.000000000000000000 ) ) ;
#547 = ORIENTED_EDGE ( 'NONE', *, *, #1076, .T. ) ;
#548 = CARTESIAN_POINT ( 'NONE',  ( 8.660254037844392627, 6.000000000000000000, 14.99999999999999645 ) ) ;
#549 = ORIENTED_EDGE ( 'NONE', *, *, #1478, .T. ) ;
#550 = ADVANCED_FACE ( 'NONE', ( #389 ), #669, .F. ) ;
#551 = SECURITY_CLASSIFICATION_LEVEL ( 'unclassified' ) ;
#552 = AXIS2_PLACEMENT_3D ( 'NONE', #748, #133, #647 ) ;
#553 = CIRCLE ( 'NONE', #1432, 3.500000000000000000 ) ;
#554 = FACE_OUTER_BOUND ( 'NONE', #1321, .T. ) ;
#555 = DIRECTION ( 'NONE',  ( -0.000000000000000000, -1.000000000000000000, 0.000000000000000000 ) ) ;
#556 = CARTESIAN_POINT ( 'NONE',  ( 8.660254037844392627, 0.000000000000000000, 14.99999999999999645 ) ) ;
#557 = VERTEX_POINT ( 'NONE', #801 ) ;
#558 = DIRECTION ( 'NONE',  ( 0.8660254037844385966, -0.000000000000000000, 0.5000000000000003331 ) ) ;
#559 = EDGE_CURVE ( 'NONE', #108, #818, #1304, .T. ) ;
#560 = VERTEX_POINT ( 'NONE', #1565 ) ;
#561 = ORIENTED_EDGE ( 'NONE', *, *, #788, .F. ) ;
#562 = CYLINDRICAL_SURFACE ( 'NONE', #352, 1.499999999999996225 ) ;
#563 = CARTESIAN_POINT ( 'NONE',  ( 13.85640646055102287, 0.000000000000000000, -15.49999999999999289 ) ) ;
#564 = DIRECTION ( 'NONE',  ( 0.000000000000000000, -1.000000000000000000, 0.000000000000000000 ) ) ;
#565 = ADVANCED_FACE ( 'NONE', ( #524 ), #166, .F. ) ;
#566 = ORIENTED_EDGE ( 'NONE', *, *, #215, .T. ) ;
#567 = EDGE_CURVE ( 'NONE', #1104, #469, #934, .T. ) ;
#568 = CARTESIAN_POINT ( 'NONE',  ( -13.85640646055101932, 0.000000000000000000, 10.49999999999999289 ) ) ;
#569 = DIRECTION ( 'NONE',  ( -0.000000000000000000, -1.000000000000000000, -0.000000000000000000 ) ) ;
#570 = DIRECTION ( 'NONE',  ( 0.000000000000000000, 0.000000000000000000, 1.000000000000000000 ) ) ;
#571 = CARTESIAN_POINT ( 'NONE',  ( 13.85640646055102287, 2.000000000000000000, 10.49999999999999645 ) ) ;
#572 = DIRECTION ( 'NONE',  ( 1.000000000000000000, 0.000000000000000000, -0.000000000000000000 ) ) ;
#573 = VERTEX_POINT ( 'NONE', #1540 ) ;
#574 = AXIS2_PLACEMENT_3D ( 'NONE', #1414, #413, #897 ) ;
#575 = DIRECTION ( 'NONE',  ( 0.000000000000000000, 0.000000000000000000, 1.000000000000000000 ) ) ;
#576 = CARTESIAN_POINT ( 'NONE',  ( -17.32050807568877460, 0.000000000000000000, -1.192984394119701348E-17 ) ) ;
#577 = FACE_OUTER_BOUND ( 'NONE', #772, .T. ) ;
#578 = DIRECTION ( 'NONE',  ( 0.000000000000000000, 0.000000000000000000, 1.000000000000000000 ) ) ;
#579 = CIRCLE ( 'NONE', #552, 1.499999999999996225 ) ;
#580 = AXIS2_PLACEMENT_3D ( 'NONE', #635, #1135, #1 ) ;
#581 = AXIS2_PLACEMENT_3D ( 'NONE', #1447, #38, #296 ) ;
#582 = ORIENTED_EDGE ( 'NONE', *, *, #444, .F. ) ;
#583 = EDGE_CURVE ( 'NONE', #1331, #19, #784, .T. ) ;
#584 = PLANE ( 'NONE',  #1146 ) ;
#585 = DIRECTION ( 'NONE',  ( -0.5000000000000002220, 0.000000000000000000, 0.8660254037844384856 ) ) ;
#586 = AXIS2_PLACEMENT_3D ( 'NONE', #597, #1465, #570 ) ;
#587 = FACE_OUTER_BOUND ( 'NONE', #1425, .T. ) ;
#588 = CARTESIAN_POINT ( 'NONE',  ( -13.85640646055101932, 2.000000000000000000, 6.499999999999992895 ) ) ;
#589 = ORIENTED_EDGE ( 'NONE', *, *, #1403, .F. ) ;
#590 = DIRECTION ( 'NONE',  ( 0.000000000000000000, 1.000000000000000000, 0.000000000000000000 ) ) ;
#591 = DESIGN_CONTEXT ( 'detailed design', #1280, 'design' ) ;
#592 = VERTEX_POINT ( 'NONE', #1042 ) ;
#593 = ADVANCED_FACE ( 'NONE', ( #924 ), #1406, .F. ) ;
#594 = ORIENTED_EDGE ( 'NONE', *, *, #1453, .T. ) ;
#595 = CIRCLE ( 'NONE', #1445, 1.499999999999996225 ) ;
#596 = ADVANCED_FACE ( 'NONE', ( #518 ), #1275, .F. ) ;
#597 = CARTESIAN_POINT ( 'NONE',  ( 13.85640646055102287, 6.000000000000000000, -10.49999999999999645 ) ) ;
#598 = FACE_OUTER_BOUND ( 'NONE', #100, .T. ) ;
#599 = EDGE_LOOP ( 'NONE', ( #972, #1555, #239, #375 ) ) ;
#600 = FACE_BOUND ( 'NONE', #1163, .T. ) ;
#601 = EDGE_LOOP ( 'NONE', ( #1111, #1291, #135, #1179 ) ) ;
#602 = VERTEX_POINT ( 'NONE', #300 ) ;
#603 = DIRECTION ( 'NONE',  ( 0.5000000000000003331, 0.000000000000000000, 0.8660254037844383745 ) ) ;
#604 = CARTESIAN_POINT ( 'NONE',  ( -8.500000000000000000, 0.000000000000000000, 0.000000000000000000 ) ) ;
#605 = CARTESIAN_POINT ( 'NONE',  ( -8.500000000000000000, 3.000000000000000000, 3.500000000000000000 ) ) ;
#606 = EDGE_CURVE ( 'NONE', #997, #1116, #336, .T. ) ;
#607 = FACE_OUTER_BOUND ( 'NONE', #295, .T. ) ;
#608 = ORIENTED_EDGE ( 'NONE', *, *, #30, .F. ) ;
#609 = PRODUCT_DEFINITION ( 'UNKNOWN', '', #757, #591 ) ;
#610 = DIRECTION ( 'NONE',  ( 0.000000000000000000, 1.000000000000000000, 0.000000000000000000 ) ) ;
#611 = ORIENTED_EDGE ( 'NONE', *, *, #89, .T. ) ;
#612 = AXIS2_PLACEMENT_3D ( 'NONE', #439, #488, #1498 ) ;
#613 = DIRECTION ( 'NONE',  ( -0.5000000000000003331, 0.000000000000000000, -0.8660254037844383745 ) ) ;
#614 = EDGE_CURVE ( 'NONE', #422, #677, #1020, .T. ) ;
#615 = FACE_OUTER_BOUND ( 'NONE', #1050, .T. ) ;
#616 = EDGE_CURVE ( 'NONE', #573, #1353, #362, .T. ) ;
#617 = CARTESIAN_POINT ( 'NONE',  ( 13.85640646055102287, 2.000000000000000000, -10.49999999999999645 ) ) ;
#618 = VERTEX_POINT ( 'NONE', #686 ) ;
#619 = VECTOR ( 'NONE', #603, 1000.000000000000114 ) ;
#620 = DIRECTION ( 'NONE',  ( 0.000000000000000000, 0.000000000000000000, -1.000000000000000000 ) ) ;
#621 = ADVANCED_FACE ( 'NONE', ( #651 ), #29, .F. ) ;
#622 = EDGE_CURVE ( 'NONE', #856, #83, #308, .T. ) ;
#623 = EDGE_LOOP ( 'NONE', ( #92, #1557, #21, #1372 ) ) ;
#624 = CLOSED_SHELL ( 'NONE', ( #1499, #1006, #1005, #593, #1520, #1315, #384, #1266, #838, #565, #173, #373, #848, #268, #782, #131, #484, #142, #143, #1444, #1541, #1203, #1621, #1021, #53, #596, #550, #714, #42, #621, #740, #6, #1138, #1217, #741, #318, #1507, #886, #244, #1028, #1043, #321, #1452, #390, #1364, #14, #1196, #689, #1638, #1352 ) ) ;
#625 = FACE_OUTER_BOUND ( 'NONE', #1430, .T. ) ;
#626 = DIRECTION ( 'NONE',  ( 0.000000000000000000, 1.000000000000000000, 0.000000000000000000 ) ) ;
#627 = CARTESIAN_POINT ( 'NONE',  ( 8.500000000000000000, 6.000000000000000000, -3.122849337825750617E-15 ) ) ;
#628 = EDGE_LOOP ( 'NONE', ( #1314, #377, #957, #290, #762, #783, #192, #904, #207, #1518, #1148, #311, #1434, #1394, #994, #358 ) ) ;
#629 = CARTESIAN_POINT ( 'NONE',  ( -17.32050807568877460, 0.000000000000000000, -1.192984394119701348E-17 ) ) ;
#630 = ORIENTED_EDGE ( 'NONE', *, *, #606, .T. ) ;
#631 = DIRECTION ( 'NONE',  ( 0.000000000000000000, 1.000000000000000000, 0.000000000000000000 ) ) ;
#632 = VECTOR ( 'NONE', #998, 1000.000000000000000 ) ;
#633 = CARTESIAN_POINT ( 'NONE',  ( 0.000000000000000000, 0.000000000000000000, 0.000000000000000000 ) ) ;
#634 = ORIENTED_EDGE ( 'NONE', *, *, #775, .T. ) ;
#635 = CARTESIAN_POINT ( 'NONE',  ( 8.500000000000000000, 0.000000000000000000, -3.122849337825750617E-15 ) ) ;
#636 = EDGE_CURVE ( 'NONE', #44, #1639, #1236, .T. ) ;
#637 = ORIENTED_EDGE ( 'NONE', *, *, #186, .T. ) ;
#638 = AXIS2_PLACEMENT_3D ( 'NONE', #78, #1590, #578 ) ;
#639 = CIRCLE ( 'NONE', #1213, 1.499999999999996225 ) ;
#640 = DIRECTION ( 'NONE',  ( 0.000000000000000000, 0.000000000000000000, 1.000000000000000000 ) ) ;
#641 = VERTEX_POINT ( 'NONE', #548 ) ;
#642 = CARTESIAN_POINT ( 'NONE',  ( 13.85640646055102287, 0.000000000000000000, 10.49999999999999645 ) ) ;
#643 = VERTEX_POINT ( 'NONE', #1051 ) ;
#644 = CARTESIAN_POINT ( 'NONE',  ( -8.500000000000000000, 6.000000000000000000, 1.250000000000000000 ) ) ;
#645 = EDGE_CURVE ( 'NONE', #1123, #965, #519, .T. ) ;
#646 = ORIENTED_EDGE ( 'NONE', *, *, #1528, .T. ) ;
#647 = DIRECTION ( 'NONE',  ( 0.000000000000000000, 0.000000000000000000, 1.000000000000000000 ) ) ;
#648 = ORIENTED_EDGE ( 'NONE', *, *, #860, .T. ) ;
#649 = DIRECTION ( 'NONE',  ( 0.000000000000000000, 0.000000000000000000, 1.000000000000000000 ) ) ;
#650 = ORIENTED_EDGE ( 'NONE', *, *, #445, .F. ) ;
#651 = FACE_OUTER_BOUND ( 'NONE', #707, .T. ) ;
#652 = ORIENTED_EDGE ( 'NONE', *, *, #835, .T. ) ;
#653 = VECTOR ( 'NONE', #432, 1000.000000000000000 ) ;
#654 = DIRECTION ( 'NONE',  ( 0.000000000000000000, 0.000000000000000000, -1.000000000000000000 ) ) ;
#655 = LINE ( 'NONE', #304, #1543 ) ;
#656 = DIRECTION ( 'NONE',  ( 0.000000000000000000, 0.000000000000000000, -1.000000000000000000 ) ) ;
#657 = ORIENTED_EDGE ( 'NONE', *, *, #248, .F. ) ;
#658 = CARTESIAN_POINT ( 'NONE',  ( 8.660254037844392627, 6.000000000000000000, 14.99999999999999645 ) ) ;
#659 = VECTOR ( 'NONE', #546, 1000.000000000000000 ) ;
#660 = VECTOR ( 'NONE', #456, 1000.000000000000000 ) ;
#661 = VECTOR ( 'NONE', #1573, 1000.000000000000114 ) ;
#662 = ORIENTED_EDGE ( 'NONE', *, *, #879, .F. ) ;
#663 = EDGE_CURVE ( 'NONE', #1123, #856, #174, .T. ) ;
#664 = PLANE ( 'NONE',  #1546 ) ;
#665 = CARTESIAN_POINT ( 'NONE',  ( 13.85640646055102287, 2.000000000000000000, -10.49999999999999645 ) ) ;
#666 = CARTESIAN_POINT ( 'NONE',  ( 9.675277914599568874, 6.000000000000000000, 13.24192707456450080 ) ) ;
#667 = ORIENTED_EDGE ( 'NONE', *, *, #622, .T. ) ;
#668 = EDGE_CURVE ( 'NONE', #1044, #1334, #1527, .T. ) ;
#669 = PLANE ( 'NONE',  #144 ) ;
#670 = AXIS2_PLACEMENT_3D ( 'NONE', #1234, #330, #1598 ) ;
#671 = ORIENTED_EDGE ( 'NONE', *, *, #1548, .T. ) ;
#672 = PERSON_AND_ORGANIZATION ( #56, #898 ) ;
#673 = VECTOR ( 'NONE', #1308, 1000.000000000000114 ) ;
#674 = DIRECTION ( 'NONE',  ( 0.000000000000000000, 1.000000000000000000, 0.000000000000000000 ) ) ;
#675 = CARTESIAN_POINT ( 'NONE',  ( 17.32050807568877460, 0.000000000000000000, 6.863985015692641023E-15 ) ) ;
#676 = FACE_OUTER_BOUND ( 'NONE', #1400, .T. ) ;
#677 = VERTEX_POINT ( 'NONE', #1354 ) ;
#678 = VECTOR ( 'NONE', #453, 1000.000000000000114 ) ;
#679 = DIRECTION ( 'NONE',  ( 0.000000000000000000, -1.000000000000000000, 0.000000000000000000 ) ) ;
#680 = PERSON_AND_ORGANIZATION_ROLE ( 'design_supplier' ) ;
#681 = DIRECTION ( 'NONE',  ( 0.000000000000000000, 0.000000000000000000, -1.000000000000000000 ) ) ;
#682 = DIRECTION ( 'NONE',  ( 0.000000000000000000, 0.000000000000000000, 1.000000000000000000 ) ) ;
#683 = DIRECTION ( 'NONE',  ( 0.8660254037844385966, -0.000000000000000000, 0.5000000000000003331 ) ) ;
#684 = EDGE_CURVE ( 'NONE', #249, #618, #1068, .T. ) ;
#685 = ORIENTED_EDGE ( 'NONE', *, *, #668, .F. ) ;
#686 = CARTESIAN_POINT ( 'NONE',  ( -13.85640646055101932, 6.000000000000000000, -14.49999999999999467 ) ) ;
#687 = ORIENTED_EDGE ( 'NONE', *, *, #937, .T. ) ;
#688 = APPROVAL_DATE_TIME ( #944, #1190 ) ;
#689 = ADVANCED_FACE ( 'NONE', ( #716 ), #442, .F. ) ;
#690 = VECTOR ( 'NONE', #831, 1000.000000000000000 ) ;
#691 = CARTESIAN_POINT ( 'NONE',  ( 13.85640646055102287, 2.000000000000000000, 11.99999999999999467 ) ) ;
#692 = DIRECTION ( 'NONE',  ( 0.000000000000000000, 0.000000000000000000, -1.000000000000000000 ) ) ;
#693 = CARTESIAN_POINT ( 'NONE',  ( 8.500000000000000000, 3.000000000000000000, 1.249999999999996447 ) ) ;
#694 = ORIENTED_EDGE ( 'NONE', *, *, #1079, .F. ) ;
#695 = DIRECTION ( 'NONE',  ( 0.000000000000000000, 0.000000000000000000, 1.000000000000000000 ) ) ;
#696 = CARTESIAN_POINT ( 'NONE',  ( 8.500000000000000000, 3.000000000000000000, 3.499999999999996891 ) ) ;
#697 = CIRCLE ( 'NONE', #586, 3.999999999999999112 ) ;
#698 = APPROVAL_STATUS ( 'not_yet_approved' ) ;
#699 = CARTESIAN_POINT ( 'NONE',  ( -13.85640646055101932, 2.000000000000000000, -14.49999999999999467 ) ) ;
#700 = AXIS2_PLACEMENT_3D ( 'NONE', #1157, #418, #177 ) ;
#701 = DIRECTION ( 'NONE',  ( -0.000000000000000000, -1.000000000000000000, 0.000000000000000000 ) ) ;
#702 = LINE ( 'NONE', #63, #1615 ) ;
#703 = ORIENTED_EDGE ( 'NONE', *, *, #1548, .F. ) ;
#704 = DIRECTION ( 'NONE',  ( 0.000000000000000000, 0.000000000000000000, -1.000000000000000000 ) ) ;
#705 = CYLINDRICAL_SURFACE ( 'NONE', #1624, 1.499999999999996225 ) ;
#706 = CYLINDRICAL_SURFACE ( 'NONE', #1377, 1.250000000000000000 ) ;
#707 = EDGE_LOOP ( 'NONE', ( #582, #634, #1443, #1156 ) ) ;
#708 = CARTESIAN_POINT ( 'NONE',  ( 13.85640646055102287, 6.000000000000000000, -10.49999999999999645 ) ) ;
#709 = DIRECTION ( 'NONE',  ( 0.000000000000000000, 0.000000000000000000, -1.000000000000000000 ) ) ;
#710 = CARTESIAN_POINT ( 'NONE',  ( -13.85640646055101932, 6.000000000000000000, -10.49999999999999289 ) ) ;
#711 = CYLINDRICAL_SURFACE ( 'NONE', #150, 3.999999999999999112 ) ;
#712 = VECTOR ( 'NONE', #1225, 1000.000000000000000 ) ;
#713 = VECTOR ( 'NONE', #238, 1000.000000000000000 ) ;
#714 = ADVANCED_FACE ( 'NONE', ( #73 ), #52, .F. ) ;
#715 = ORIENTED_EDGE ( 'NONE', *, *, #806, .F. ) ;
#716 = FACE_OUTER_BOUND ( 'NONE', #1449, .T. ) ;
#717 = ORIENTED_EDGE ( 'NONE', *, *, #350, .F. ) ;
#718 = ORIENTED_EDGE ( 'NONE', *, *, #338, .T. ) ;
#719 = DIRECTION ( 'NONE',  ( 0.000000000000000000, 0.000000000000000000, 1.000000000000000000 ) ) ;
#720 = LINE ( 'NONE', #1214, #1333 ) ;
#721 = CARTESIAN_POINT ( 'NONE',  ( -13.85640646055101932, 2.000000000000000000, 10.49999999999999289 ) ) ;
#722 = ORIENTED_EDGE ( 'NONE', *, *, #1124, .T. ) ;
#723 = DIRECTION ( 'NONE',  ( 0.000000000000000000, 0.000000000000000000, -1.000000000000000000 ) ) ;
#724 = ORIENTED_EDGE ( 'NONE', *, *, #1143, .T. ) ;
#725 = VERTEX_POINT ( 'NONE', #458 ) ;
#726 = DIRECTION ( 'NONE',  ( -0.000000000000000000, -1.000000000000000000, -0.000000000000000000 ) ) ;
#727 = EDGE_CURVE ( 'NONE', #1276, #1405, #942, .T. ) ;
#728 = CIRCLE ( 'NONE', #223, 3.999999999999998224 ) ;
#729 = DIRECTION ( 'NONE',  ( 0.000000000000000000, -0.000000000000000000, 1.000000000000000000 ) ) ;
#730 = CC_DESIGN_PERSON_AND_ORGANIZATION_ASSIGNMENT ( #426, #680, ( #757 ) ) ;
#731 = CARTESIAN_POINT ( 'NONE',  ( 8.500000000000000000, 6.000000000000000000, 1.249999999999996447 ) ) ;
#732 = DIRECTION ( 'NONE',  ( 0.000000000000000000, 0.000000000000000000, 1.000000000000000000 ) ) ;
#733 = ORIENTED_EDGE ( 'NONE', *, *, #541, .T. ) ;
#734 = EDGE_CURVE ( 'NONE', #887, #502, #595, .T. ) ;
#735 = LINE ( 'NONE', #1238, #369 ) ;
#736 = AXIS2_PLACEMENT_3D ( 'NONE', #35, #273, #1162 ) ;
#737 = EDGE_LOOP ( 'NONE', ( #91, #758, #72, #990 ) ) ;
#738 = CARTESIAN_POINT ( 'NONE',  ( -13.85640646055101932, 2.000000000000000000, -11.99999999999999112 ) ) ;
#739 = DIRECTION ( 'NONE',  ( 0.000000000000000000, 1.000000000000000000, 0.000000000000000000 ) ) ;
#740 = ADVANCED_FACE ( 'NONE', ( #1218 ), #584, .F. ) ;
#741 = ADVANCED_FACE ( 'NONE', ( #65 ), #81, .F. ) ;
#742 = AXIS2_PLACEMENT_3D ( 'NONE', #1301, #279, #932 ) ;
#743 = ORIENTED_EDGE ( 'NONE', *, *, #436, .T. ) ;
#744 = CARTESIAN_POINT ( 'NONE',  ( -13.85640646055101932, 0.000000000000000000, -10.49999999999999289 ) ) ;
#745 = ORIENTED_EDGE ( 'NONE', *, *, #1327, .T. ) ;
#746 = DIRECTION ( 'NONE',  ( 0.000000000000000000, 0.000000000000000000, -1.000000000000000000 ) ) ;
#747 = CARTESIAN_POINT ( 'NONE',  ( -8.500000000000000000, 0.000000000000000000, 3.500000000000000000 ) ) ;
#748 = CARTESIAN_POINT ( 'NONE',  ( 13.85640646055102287, 2.000000000000000000, 10.49999999999999645 ) ) ;
#749 = ORIENTED_EDGE ( 'NONE', *, *, #1566, .F. ) ;
#750 = CARTESIAN_POINT ( 'NONE',  ( 13.85640646055102287, 6.000000000000000000, -10.49999999999999645 ) ) ;
#751 = ORIENTED_EDGE ( 'NONE', *, *, #1066, .F. ) ;
#752 = CIRCLE ( 'NONE', #700, 1.499999999999996225 ) ;
#753 = CARTESIAN_POINT ( 'NONE',  ( -13.85640646055101932, 2.000000000000000000, 14.49999999999999467 ) ) ;
#754 = EDGE_CURVE ( 'NONE', #1619, #521, #728, .T. ) ;
#755 = ORIENTED_EDGE ( 'NONE', *, *, #959, .F. ) ;
#756 = LINE ( 'NONE', #1629, #787 ) ;
#757 = PRODUCT_DEFINITION_FORMATION_WITH_SPECIFIED_SOURCE ( 'ANY', '', #971, .NOT_KNOWN. ) ;
#758 = ORIENTED_EDGE ( 'NONE', *, *, #734, .T. ) ;
#759 = DIRECTION ( 'NONE',  ( 0.000000000000000000, -0.000000000000000000, 1.000000000000000000 ) ) ;
#760 = VECTOR ( 'NONE', #984, 1000.000000000000000 ) ;
#761 = CARTESIAN_POINT ( 'NONE',  ( 13.85640646055102287, 6.000000000000000000, 10.49999999999999645 ) ) ;
#762 = ORIENTED_EDGE ( 'NONE', *, *, #1313, .T. ) ;
#763 = EDGE_CURVE ( 'NONE', #209, #137, #1061, .T. ) ;
#764 = CARTESIAN_POINT ( 'NONE',  ( -8.500000000000000000, 3.000000000000000000, 0.000000000000000000 ) ) ;
#765 = ORIENTED_EDGE ( 'NONE', *, *, #910, .T. ) ;
#766 = DIRECTION ( 'NONE',  ( 0.000000000000000000, 0.000000000000000000, -1.000000000000000000 ) ) ;
#767 = AXIS2_PLACEMENT_3D ( 'NONE', #410, #449, #1165 ) ;
#768 = ORIENTED_EDGE ( 'NONE', *, *, #616, .T. ) ;
#769 = CARTESIAN_POINT ( 'NONE',  ( 0.000000000000000000, 6.000000000000000000, 0.000000000000000000 ) ) ;
#770 = ORIENTED_EDGE ( 'NONE', *, *, #1403, .T. ) ;
#771 = CARTESIAN_POINT ( 'NONE',  ( -13.85640646055101932, 2.000000000000000000, 10.49999999999999289 ) ) ;
#772 = EDGE_LOOP ( 'NONE', ( #1311, #332, #662, #890 ) ) ;
#773 = AXIS2_PLACEMENT_3D ( 'NONE', #1576, #55, #25 ) ;
#774 = DIRECTION ( 'NONE',  ( 0.000000000000000000, 1.000000000000000000, 0.000000000000000000 ) ) ;
#775 = EDGE_CURVE ( 'NONE', #27, #839, #217, .T. ) ;
#776 = ORIENTED_EDGE ( 'NONE', *, *, #324, .T. ) ;
#777 = DIRECTION ( 'NONE',  ( -0.000000000000000000, -1.000000000000000000, 0.000000000000000000 ) ) ;
#778 = DIRECTION ( 'NONE',  ( -0.000000000000000000, -1.000000000000000000, -0.000000000000000000 ) ) ;
#779 = LINE ( 'NONE', #17, #659 ) ;
#780 = EDGE_LOOP ( 'NONE', ( #452, #118, #648, #703 ) ) ;
#781 = DIRECTION ( 'NONE',  ( -0.000000000000000000, 1.000000000000000000, -0.000000000000000000 ) ) ;
#782 = ADVANCED_FACE ( 'NONE', ( #333 ), #1339, .F. ) ;
#783 = ORIENTED_EDGE ( 'NONE', *, *, #727, .T. ) ;
#784 = CIRCLE ( 'NONE', #1045, 4.000000000000001776 ) ;
#785 = PERSON_AND_ORGANIZATION_ROLE ( 'classification_officer' ) ;
#786 = LINE ( 'NONE', #1047, #673 ) ;
#787 = VECTOR ( 'NONE', #1257, 1000.000000000000114 ) ;
#788 = EDGE_CURVE ( 'NONE', #725, #538, #87, .T. ) ;
#789 = DIRECTION ( 'NONE',  ( -0.000000000000000000, -1.000000000000000000, -0.000000000000000000 ) ) ;
#790 = DIRECTION ( 'NONE',  ( 0.000000000000000000, 1.000000000000000000, 0.000000000000000000 ) ) ;
#791 = EDGE_LOOP ( 'NONE', ( #1145, #514 ) ) ;
#792 = DIRECTION ( 'NONE',  ( 0.000000000000000000, 0.000000000000000000, 1.000000000000000000 ) ) ;
#793 = VECTOR ( 'NONE', #1500, 1000.000000000000000 ) ;
#794 = CIRCLE ( 'NONE', #1378, 3.999999999999998224 ) ;
#795 = AXIS2_PLACEMENT_3D ( 'NONE', #47, #946, #154 ) ;
#796 = ORIENTED_EDGE ( 'NONE', *, *, #436, .F. ) ;
#797 = DIRECTION ( 'NONE',  ( 0.5000000000000003331, 0.000000000000000000, 0.8660254037844383745 ) ) ;
#798 = CARTESIAN_POINT ( 'NONE',  ( -13.85640646055101932, 6.000000000000000000, -11.99999999999998934 ) ) ;
#799 = CARTESIAN_POINT ( 'NONE',  ( -8.500000000000000000, 6.000000000000000000, -1.250000000000000000 ) ) ;
#800 = ORIENTED_EDGE ( 'NONE', *, *, #636, .F. ) ;
#801 = CARTESIAN_POINT ( 'NONE',  ( 13.85640646055102287, 6.000000000000000000, 14.49999999999999467 ) ) ;
#802 = VECTOR ( 'NONE', #829, 1000.000000000000000 ) ;
#803 = ORIENTED_EDGE ( 'NONE', *, *, #622, .F. ) ;
#804 = APPROVAL_DATE_TIME ( #23, #1366 ) ;
#805 = CARTESIAN_POINT ( 'NONE',  ( 8.660254037844392627, 6.000000000000000000, 14.99999999999999645 ) ) ;
#806 = EDGE_CURVE ( 'NONE', #440, #1055, #167, .T. ) ;
#807 = CARTESIAN_POINT ( 'NONE',  ( 0.000000000000000000, 0.000000000000000000, -4.000000000000000000 ) ) ;
#808 = DIRECTION ( 'NONE',  ( 0.000000000000000000, 0.000000000000000000, -1.000000000000000000 ) ) ;
#809 = ORIENTED_EDGE ( 'NONE', *, *, #1379, .F. ) ;
#810 = AXIS2_PLACEMENT_3D ( 'NONE', #833, #974, #1088 ) ;
#811 = DIRECTION ( 'NONE',  ( -0.000000000000000000, -1.000000000000000000, -0.000000000000000000 ) ) ;
#812 = EDGE_LOOP ( 'NONE', ( #895, #803 ) ) ;
#813 = PERSON_AND_ORGANIZATION_ROLE ( 'creator' ) ;
#814 = CIRCLE ( 'NONE', #996, 4.000000000000000000 ) ;
#815 = DIRECTION ( 'NONE',  ( -0.000000000000000000, 1.000000000000000000, -0.000000000000000000 ) ) ;
#816 = DIRECTION ( 'NONE',  ( 0.000000000000000000, 0.000000000000000000, -1.000000000000000000 ) ) ;
#817 = CARTESIAN_POINT ( 'NONE',  ( -14.14042068947250463, 0.000000000000000000, 5.508072925435483214 ) ) ;
#818 = VERTEX_POINT ( 'NONE', #1078 ) ;
#819 = CARTESIAN_POINT ( 'NONE',  ( -8.500000000000000000, 6.000000000000000000, 0.000000000000000000 ) ) ;
#820 = DIRECTION ( 'NONE',  ( 0.000000000000000000, 1.000000000000000000, 0.000000000000000000 ) ) ;
#821 = AXIS2_PLACEMENT_3D ( 'NONE', #771, #1554, #649 ) ;
#822 = CALENDAR_DATE ( 2026, 6, 2 ) ;
#823 = AXIS2_PLACEMENT_3D ( 'NONE', #1553, #278, #931 ) ;
#824 = CARTESIAN_POINT ( 'NONE',  ( 8.500000000000000000, 3.000000000000000000, -3.122849337825750617E-15 ) ) ;
#825 = DIRECTION ( 'NONE',  ( -1.000000000000000000, 0.000000000000000000, 0.000000000000000000 ) ) ;
#826 = DIRECTION ( 'NONE',  ( 0.000000000000000000, 1.000000000000000000, 0.000000000000000000 ) ) ;
#827 = ORIENTED_EDGE ( 'NONE', *, *, #119, .F. ) ;
#828 = DIRECTION ( 'NONE',  ( -0.000000000000000000, 1.000000000000000000, -0.000000000000000000 ) ) ;
#829 = DIRECTION ( 'NONE',  ( -0.000000000000000000, -1.000000000000000000, -0.000000000000000000 ) ) ;
#830 = DIRECTION ( 'NONE',  ( -0.000000000000000000, 1.000000000000000000, -0.000000000000000000 ) ) ;
#831 = DIRECTION ( 'NONE',  ( -0.000000000000000000, -1.000000000000000000, -0.000000000000000000 ) ) ;
#832 = ORIENTED_EDGE ( 'NONE', *, *, #614, .F. ) ;
#833 = CARTESIAN_POINT ( 'NONE',  ( -8.660254037844380193, 6.000000000000000000, 15.00000000000000000 ) ) ;
#834 = CARTESIAN_POINT ( 'NONE',  ( -8.500000000000000000, 6.000000000000000000, -1.250000000000000000 ) ) ;
#835 = EDGE_CURVE ( 'NONE', #83, #856, #885, .T. ) ;
#836 = CARTESIAN_POINT ( 'NONE',  ( 8.660254037844376640, 0.000000000000000000, -15.00000000000000000 ) ) ;
#837 = DIRECTION ( 'NONE',  ( -0.000000000000000000, -1.000000000000000000, -0.000000000000000000 ) ) ;
#838 = ADVANCED_FACE ( 'NONE', ( #193 ), #202, .T. ) ;
#839 = VERTEX_POINT ( 'NONE', #1125 ) ;
#840 = VECTOR ( 'NONE', #227, 1000.000000000000000 ) ;
#841 = CARTESIAN_POINT ( 'NONE',  ( 17.32050807568877460, 6.000000000000000000, 6.863985015692641023E-15 ) ) ;
#842 = ORIENTED_EDGE ( 'NONE', *, *, #606, .F. ) ;
#843 = FACE_OUTER_BOUND ( 'NONE', #1296, .T. ) ;
#844 = CARTESIAN_POINT ( 'NONE',  ( 13.85640646055102287, 6.000000000000000000, -10.49999999999999645 ) ) ;
#845 = DIRECTION ( 'NONE',  ( 0.000000000000000000, -0.000000000000000000, 1.000000000000000000 ) ) ;
#846 = AXIS2_PLACEMENT_3D ( 'NONE', #1310, #683, #1182 ) ;
#847 = ORIENTED_EDGE ( 'NONE', *, *, #4, .T. ) ;
#848 = ADVANCED_FACE ( 'NONE', ( #989 ), #1227, .F. ) ;
#849 = DIRECTION ( 'NONE',  ( -0.000000000000000000, -1.000000000000000000, 0.000000000000000000 ) ) ;
#850 = ORIENTED_EDGE ( 'NONE', *, *, #1261, .F. ) ;
#851 = VERTEX_POINT ( 'NONE', #876 ) ;
#852 = VECTOR ( 'NONE', #1357, 1000.000000000000000 ) ;
#853 = CARTESIAN_POINT ( 'NONE',  ( 8.500000000000000000, 6.000000000000000000, -1.250000000000002442 ) ) ;
#854 = EDGE_CURVE ( 'NONE', #965, #1123, #1371, .T. ) ;
#855 = CARTESIAN_POINT ( 'NONE',  ( 13.85640646055102287, 6.000000000000000000, -15.49999999999999289 ) ) ;
#856 = VERTEX_POINT ( 'NONE', #1251 ) ;
#857 = CARTESIAN_POINT ( 'NONE',  ( -13.85640646055101932, 2.000000000000000000, -8.999999999999996447 ) ) ;
#858 = ORIENTED_EDGE ( 'NONE', *, *, #324, .F. ) ;
#859 = DIRECTION ( 'NONE',  ( 0.000000000000000000, -1.000000000000000000, 0.000000000000000000 ) ) ;
#860 = EDGE_CURVE ( 'NONE', #341, #1031, #120, .T. ) ;
#861 = EDGE_CURVE ( 'NONE', #1611, #1451, #1284, .T. ) ;
#862 = CARTESIAN_POINT ( 'NONE',  ( 13.85640646055102287, 2.000000000000000000, 9.000000000000000000 ) ) ;
#863 = DIRECTION ( 'NONE',  ( -0.5000000000000003331, 0.000000000000000000, -0.8660254037844383745 ) ) ;
#864 = ORIENTED_EDGE ( 'NONE', *, *, #896, .T. ) ;
#865 = CARTESIAN_POINT ( 'NONE',  ( 13.85640646055102287, 6.000000000000000000, -10.49999999999999645 ) ) ;
#866 = AXIS2_PLACEMENT_3D ( 'NONE', #122, #236, #884 ) ;
#867 = VERTEX_POINT ( 'NONE', #90 ) ;
#868 = FACE_OUTER_BOUND ( 'NONE', #388, .T. ) ;
#869 = CIRCLE ( 'NONE', #580, 3.500000000000000000 ) ;
#870 = LINE ( 'NONE', #1632, #713 ) ;
#871 = ADVANCED_BREP_SHAPE_REPRESENTATION ( 'Motor Mount V.3', ( #1098, #371 ), #1401 ) ;
#872 = AXIS2_PLACEMENT_3D ( 'NONE', #39, #155, #262 ) ;
#873 = EDGE_LOOP ( 'NONE', ( #1093, #424 ) ) ;
#874 = CC_DESIGN_APPROVAL ( #1190, ( #609 ) ) ;
#875 = AXIS2_PLACEMENT_3D ( 'NONE', #479, #1232, #1075 ) ;
#876 = CARTESIAN_POINT ( 'NONE',  ( -8.500000000000000000, 0.000000000000000000, -3.500000000000000000 ) ) ;
#877 = ORIENTED_EDGE ( 'NONE', *, *, #1482, .T. ) ;
#878 = CARTESIAN_POINT ( 'NONE',  ( -13.85640646055101932, 0.000000000000000000, -10.49999999999999289 ) ) ;
#879 = EDGE_CURVE ( 'NONE', #560, #818, #1424, .T. ) ;
#880 = VECTOR ( 'NONE', #1477, 1000.000000000000114 ) ;
#881 = ORIENTED_EDGE ( 'NONE', *, *, #1030, .F. ) ;
#882 = DIRECTION ( 'NONE',  ( 0.000000000000000000, 0.000000000000000000, -1.000000000000000000 ) ) ;
#883 = ORIENTED_EDGE ( 'NONE', *, *, #614, .T. ) ;
#884 = DIRECTION ( 'NONE',  ( 0.000000000000000000, 0.000000000000000000, 1.000000000000000000 ) ) ;
#885 = CIRCLE ( 'NONE', #1095, 1.499999999999996225 ) ;
#886 = ADVANCED_FACE ( 'NONE', ( #600, #367, #1110, #1636, #225, #501, #1370, #1388 ), #1002, .F. ) ;
#887 = VERTEX_POINT ( 'NONE', #857 ) ;
#888 = CARTESIAN_POINT ( 'NONE',  ( -8.500000000000000000, 3.000000000000000000, 3.500000000000000000 ) ) ;
#889 = EDGE_CURVE ( 'NONE', #1116, #997, #1581, .T. ) ;
#890 = ORIENTED_EDGE ( 'NONE', *, *, #1249, .F. ) ;
#891 = CARTESIAN_POINT ( 'NONE',  ( 8.660254037844392627, 6.000000000000000000, 14.99999999999999645 ) ) ;
#892 = DIRECTION ( 'NONE',  ( -0.000000000000000000, -1.000000000000000000, -0.000000000000000000 ) ) ;
#893 = ORIENTED_EDGE ( 'NONE', *, *, #903, .T. ) ;
#894 = FACE_OUTER_BOUND ( 'NONE', #1089, .T. ) ;
#895 = ORIENTED_EDGE ( 'NONE', *, *, #835, .F. ) ;
#896 = EDGE_CURVE ( 'NONE', #422, #1331, #1382, .T. ) ;
#897 = DIRECTION ( 'NONE',  ( 0.000000000000000000, 0.000000000000000000, -1.000000000000000000 ) ) ;
#898 = ORGANIZATION ( 'UNSPECIFIED', 'UNSPECIFIED', '' ) ;
#899 = CIRCLE ( 'NONE', #767, 4.000000000000001776 ) ;
#900 = CC_DESIGN_DATE_AND_TIME_ASSIGNMENT ( #284, #1416, ( #609 ) ) ;
#901 = VERTEX_POINT ( 'NONE', #115 ) ;
#902 = DIRECTION ( 'NONE',  ( 0.000000000000000000, 1.000000000000000000, 0.000000000000000000 ) ) ;
#903 = EDGE_CURVE ( 'NONE', #641, #1009, #756, .T. ) ;
#904 = ORIENTED_EDGE ( 'NONE', *, *, #775, .F. ) ;
#905 = CARTESIAN_POINT ( 'NONE',  ( 13.85640646055102287, 6.000000000000000000, -11.99999999999999289 ) ) ;
#906 = EDGE_LOOP ( 'NONE', ( #717, #715 ) ) ;
#907 = CIRCLE ( 'NONE', #190, 5.000000000000000888 ) ;
#908 = EDGE_CURVE ( 'NONE', #1281, #283, #68, .T. ) ;
#909 = DIRECTION ( 'NONE',  ( 0.000000000000000000, 1.000000000000000000, 0.000000000000000000 ) ) ;
#910 = EDGE_CURVE ( 'NONE', #1398, #867, #869, .T. ) ;
#911 = EDGE_CURVE ( 'NONE', #521, #1619, #794, .T. ) ;
#912 = DIRECTION ( 'NONE',  ( -0.4999999999999998890, 0.000000000000000000, 0.8660254037844385966 ) ) ;
#913 = CARTESIAN_POINT ( 'NONE',  ( 0.000000000000000000, 0.000000000000000000, 0.000000000000000000 ) ) ;
#914 = VERTEX_POINT ( 'NONE', #888 ) ;
#915 = DIRECTION ( 'NONE',  ( 0.000000000000000000, 0.000000000000000000, -1.000000000000000000 ) ) ;
#916 = SECURITY_CLASSIFICATION ( '', '', #551 ) ;
#917 = ORIENTED_EDGE ( 'NONE', *, *, #1130, .T. ) ;
#918 = VECTOR ( 'NONE', #1035, 1000.000000000000000 ) ;
#919 = DIRECTION ( 'NONE',  ( -0.000000000000000000, -1.000000000000000000, -0.000000000000000000 ) ) ;
#920 = VECTOR ( 'NONE', #101, 1000.000000000000000 ) ;
#921 = DIRECTION ( 'NONE',  ( 0.000000000000000000, 0.000000000000000000, 1.000000000000000000 ) ) ;
#922 = CYLINDRICAL_SURFACE ( 'NONE', #1081, 3.500000000000000000 ) ;
#923 = VERTEX_POINT ( 'NONE', #253 ) ;
#924 = FACE_OUTER_BOUND ( 'NONE', #59, .T. ) ;
#925 = AXIS2_PLACEMENT_3D ( 'NONE', #1023, #777, #654 ) ;
#926 = AXIS2_PLACEMENT_3D ( 'NONE', #363, #626, #497 ) ;
#927 = EDGE_CURVE ( 'NONE', #1015, #1119, #1102, .T. ) ;
#928 = EDGE_LOOP ( 'NONE', ( #82, #800, #500, #1175 ) ) ;
#929 = COORDINATED_UNIVERSAL_TIME_OFFSET ( 7, 0, .BEHIND. ) ;
#930 = DIRECTION ( 'NONE',  ( 0.000000000000000000, 1.000000000000000000, 0.000000000000000000 ) ) ;
#931 = DIRECTION ( 'NONE',  ( 0.000000000000000000, 0.000000000000000000, 1.000000000000000000 ) ) ;
#932 = DIRECTION ( 'NONE',  ( 0.000000000000000000, 0.000000000000000000, 1.000000000000000000 ) ) ;
#933 = ORIENTED_EDGE ( 'NONE', *, *, #260, .T. ) ;
#934 = LINE ( 'NONE', #1433, #203 ) ;
#935 = ORIENTED_EDGE ( 'NONE', *, *, #910, .F. ) ;
#936 = APPROVAL_DATE_TIME ( #1046, #953 ) ;
#937 = EDGE_CURVE ( 'NONE', #249, #592, #151, .T. ) ;
#938 = CYLINDRICAL_SURFACE ( 'NONE', #243, 4.000000000000000000 ) ;
#939 = FACE_OUTER_BOUND ( 'NONE', #1630, .T. ) ;
#940 = DIRECTION ( 'NONE',  ( 0.5000000000000003331, 0.000000000000000000, 0.8660254037844383745 ) ) ;
#941 = EDGE_LOOP ( 'NONE', ( #1473, #1346, #776, #768 ) ) ;
#942 = CIRCLE ( 'NONE', #301, 4.999999999999995559 ) ;
#943 = CARTESIAN_POINT ( 'NONE',  ( -13.85640646055101932, 6.000000000000000000, 10.49999999999999289 ) ) ;
#944 = DATE_AND_TIME ( #149, #1161 ) ;
#945 = FACE_OUTER_BOUND ( 'NONE', #983, .T. ) ;
#946 = DIRECTION ( 'NONE',  ( -0.000000000000000000, 1.000000000000000000, -0.000000000000000000 ) ) ;
#947 = DIRECTION ( 'NONE',  ( 0.4999999999999999445, 0.000000000000000000, -0.8660254037844385966 ) ) ;
#948 = ORIENTED_EDGE ( 'NONE', *, *, #1178, .F. ) ;
#949 = DIRECTION ( 'NONE',  ( -0.000000000000000000, -1.000000000000000000, 0.000000000000000000 ) ) ;
#950 = ORIENTED_EDGE ( 'NONE', *, *, #71, .F. ) ;
#951 = DIRECTION ( 'NONE',  ( -0.000000000000000000, -1.000000000000000000, -0.000000000000000000 ) ) ;
#952 = AXIS2_PLACEMENT_3D ( 'NONE', #764, #1265, #1016 ) ;
#953 = APPROVAL ( #45, 'UNSPECIFIED' ) ;
#954 = DIRECTION ( 'NONE',  ( 0.000000000000000000, 1.000000000000000000, 0.000000000000000000 ) ) ;
#955 = DIRECTION ( 'NONE',  ( 0.000000000000000000, 0.000000000000000000, 1.000000000000000000 ) ) ;
#956 = CARTESIAN_POINT ( 'NONE',  ( -13.85640646055101932, 2.000000000000000000, 11.99999999999999112 ) ) ;
#957 = ORIENTED_EDGE ( 'NONE', *, *, #461, .F. ) ;
#958 = DIRECTION ( 'NONE',  ( 0.000000000000000000, 1.000000000000000000, 0.000000000000000000 ) ) ;
#959 = EDGE_CURVE ( 'NONE', #592, #475, #735, .T. ) ;
#960 = DIRECTION ( 'NONE',  ( -0.000000000000000000, 1.000000000000000000, -0.000000000000000000 ) ) ;
#961 = EDGE_CURVE ( 'NONE', #1250, #851, #1026, .T. ) ;
#962 = FACE_OUTER_BOUND ( 'NONE', #737, .T. ) ;
#963 = CIRCLE ( 'NONE', #1169, 3.500000000000000000 ) ;
#964 = LINE ( 'NONE', #331, #504 ) ;
#965 = VERTEX_POINT ( 'NONE', #1561 ) ;
#966 = DIRECTION ( 'NONE',  ( -0.000000000000000000, -1.000000000000000000, -0.000000000000000000 ) ) ;
#967 = EDGE_LOOP ( 'NONE', ( #396, #1492 ) ) ;
#968 = LINE ( 'NONE', #834, #852 ) ;
#969 = LINE ( 'NONE', #853, #986 ) ;
#970 = FACE_BOUND ( 'NONE', #1386, .T. ) ;
#971 = PRODUCT ( 'Motor Mount V.3', 'Motor Mount V.3', '', ( #1297 ) ) ;
#972 = ORIENTED_EDGE ( 'NONE', *, *, #684, .F. ) ;
#973 = AXIS2_PLACEMENT_3D ( 'NONE', #531, #679, #915 ) ;
#974 = DIRECTION ( 'NONE',  ( -2.003086131649545704E-16, 0.000000000000000000, -1.000000000000000000 ) ) ;
#975 = ORIENTED_EDGE ( 'NONE', *, *, #414, .F. ) ;
#976 = FACE_BOUND ( 'NONE', #967, .T. ) ;
#977 = DIRECTION ( 'NONE',  ( 0.000000000000000000, 0.000000000000000000, 1.000000000000000000 ) ) ;
#978 = CARTESIAN_POINT ( 'NONE',  ( 13.85640646055102287, 6.000000000000000000, -14.49999999999999467 ) ) ;
#979 = VECTOR ( 'NONE', #1201, 1000.000000000000114 ) ;
#980 = ORIENTED_EDGE ( 'NONE', *, *, #734, .F. ) ;
#981 = CARTESIAN_POINT ( 'NONE',  ( -13.85640646055101932, 2.000000000000000000, -10.49999999999999289 ) ) ;
#982 = EDGE_CURVE ( 'NONE', #1274, #27, #315, .T. ) ;
#983 = EDGE_LOOP ( 'NONE', ( #1209, #1643, #847, #652 ) ) ;
#984 = DIRECTION ( 'NONE',  ( -0.000000000000000000, -1.000000000000000000, -0.000000000000000000 ) ) ;
#985 = PLANE ( 'NONE',  #612 ) ;
#986 = VECTOR ( 'NONE', #1091, 1000.000000000000000 ) ;
#987 = CARTESIAN_POINT ( 'NONE',  ( -17.32050807568877460, 6.000000000000000000, -1.192984394119701348E-17 ) ) ;
#988 = ORIENTED_EDGE ( 'NONE', *, *, #1261, .T. ) ;
#989 = FACE_OUTER_BOUND ( 'NONE', #298, .T. ) ;
#990 = ORIENTED_EDGE ( 'NONE', *, *, #199, .F. ) ;
#991 = FACE_OUTER_BOUND ( 'NONE', #1101, .T. ) ;
#992 =( NAMED_UNIT ( * ) PLANE_ANGLE_UNIT ( ) SI_UNIT ( $, .RADIAN. ) );
#993 = LOCAL_TIME ( 22, 20, 38.00000000000000000, #303 ) ;
#994 = ORIENTED_EDGE ( 'NONE', *, *, #1595, .F. ) ;
#995 = DIRECTION ( 'NONE',  ( 0.000000000000000000, 0.000000000000000000, 1.000000000000000000 ) ) ;
#996 = AXIS2_PLACEMENT_3D ( 'NONE', #1640, #256, #1137 ) ;
#997 = VERTEX_POINT ( 'NONE', #1049 ) ;
#998 = DIRECTION ( 'NONE',  ( -0.000000000000000000, 1.000000000000000000, -0.000000000000000000 ) ) ;
#999 = DIRECTION ( 'NONE',  ( 0.000000000000000000, 0.000000000000000000, -1.000000000000000000 ) ) ;
#1000 = VERTEX_POINT ( 'NONE', #1279 ) ;
#1001 = AXIS2_PLACEMENT_3D ( 'NONE', #1319, #729, #572 ) ;
#1002 = PLANE ( 'NONE',  #1637 ) ;
#1003 = ORIENTED_EDGE ( 'NONE', *, *, #215, .F. ) ;
#1004 = CARTESIAN_POINT ( 'NONE',  ( -8.660254037844383745, 6.000000000000000000, -15.00000000000000000 ) ) ;
#1005 = ADVANCED_FACE ( 'NONE', ( #894 ), #1273, .F. ) ;
#1006 = ADVANCED_FACE ( 'NONE', ( #676 ), #1411, .F. ) ;
#1007 = CARTESIAN_POINT ( 'NONE',  ( 13.85640646055102287, 2.000000000000000000, 6.499999999999998224 ) ) ;
#1008 = VECTOR ( 'NONE', #569, 1000.000000000000000 ) ;
#1009 = VERTEX_POINT ( 'NONE', #666 ) ;
#1010 = DIRECTION ( 'NONE',  ( 0.000000000000000000, 1.000000000000000000, 0.000000000000000000 ) ) ;
#1011 = ORIENTED_EDGE ( 'NONE', *, *, #1607, .F. ) ;
#1012 = LINE ( 'NONE', #1004, #94 ) ;
#1013 = DIRECTION ( 'NONE',  ( 0.000000000000000000, -0.000000000000000000, 1.000000000000000000 ) ) ;
#1014 = EDGE_CURVE ( 'NONE', #1142, #1334, #779, .T. ) ;
#1015 = VERTEX_POINT ( 'NONE', #522 ) ;
#1016 = DIRECTION ( 'NONE',  ( 0.000000000000000000, 0.000000000000000000, -1.000000000000000000 ) ) ;
#1017 = CC_DESIGN_PERSON_AND_ORGANIZATION_ASSIGNMENT ( #672, #1542, ( #971 ) ) ;
#1018 = ORIENTED_EDGE ( 'NONE', *, *, #429, .T. ) ;
#1019 = CARTESIAN_POINT ( 'NONE',  ( -17.32050807568877460, 6.000000000000000000, -1.192984394119701348E-17 ) ) ;
#1020 = CIRCLE ( 'NONE', #1258, 4.000000000000001776 ) ;
#1021 = ADVANCED_FACE ( 'NONE', ( #1289 ), #1545, .T. ) ;
#1022 = VERTEX_POINT ( 'NONE', #127 ) ;
#1023 = CARTESIAN_POINT ( 'NONE',  ( -13.85640646055101932, 0.000000000000000000, 10.49999999999999289 ) ) ;
#1024 = ORIENTED_EDGE ( 'NONE', *, *, #1423, .F. ) ;
#1025 = DIRECTION ( 'NONE',  ( 0.000000000000000000, 0.000000000000000000, 1.000000000000000000 ) ) ;
#1026 = CIRCLE ( 'NONE', #448, 3.500000000000000000 ) ;
#1027 = ORIENTED_EDGE ( 'NONE', *, *, #1567, .F. ) ;
#1028 = ADVANCED_FACE ( 'NONE', ( #1040, #537 ), #529, .T. ) ;
#1029 = DIRECTION ( 'NONE',  ( 0.8660254037844384856, 0.000000000000000000, -0.5000000000000004441 ) ) ;
#1030 = EDGE_CURVE ( 'NONE', #901, #538, #289, .T. ) ;
#1031 = VERTEX_POINT ( 'NONE', #1166 ) ;
#1032 = DIRECTION ( 'NONE',  ( -0.8660254037844384856, 0.000000000000000000, 0.5000000000000004441 ) ) ;
#1033 = CARTESIAN_POINT ( 'NONE',  ( -9.675277914599558216, 6.000000000000000000, 13.24192707456450080 ) ) ;
#1034 = VERTEX_POINT ( 'NONE', #1141 ) ;
#1035 = DIRECTION ( 'NONE',  ( -0.000000000000000000, -1.000000000000000000, -0.000000000000000000 ) ) ;
#1036 = VECTOR ( 'NONE', #1298, 1000.000000000000000 ) ;
#1037 = ORIENTED_EDGE ( 'NONE', *, *, #754, .F. ) ;
#1038 = CARTESIAN_POINT ( 'NONE',  ( 0.000000000000000000, 6.000000000000000000, 0.000000000000000000 ) ) ;
#1039 = LINE ( 'NONE', #798, #1292 ) ;
#1040 = FACE_BOUND ( 'NONE', #1269, .T. ) ;
#1041 = ORIENTED_EDGE ( 'NONE', *, *, #982, .T. ) ;
#1042 = CARTESIAN_POINT ( 'NONE',  ( -13.85640646055101932, 2.000000000000000000, -6.499999999999992895 ) ) ;
#1043 = ADVANCED_FACE ( 'NONE', ( #421 ), #922, .F. ) ;
#1044 = VERTEX_POINT ( 'NONE', #1033 ) ;
#1045 = AXIS2_PLACEMENT_3D ( 'NONE', #147, #774, #1295 ) ;
#1046 = DATE_AND_TIME ( #187, #93 ) ;
#1047 = CARTESIAN_POINT ( 'NONE',  ( -8.660254037844383745, 0.000000000000000000, -15.00000000000000000 ) ) ;
#1048 = DIRECTION ( 'NONE',  ( 0.000000000000000000, 1.000000000000000000, 0.000000000000000000 ) ) ;
#1049 = CARTESIAN_POINT ( 'NONE',  ( 8.500000000000000000, 3.000000000000000000, -1.250000000000002442 ) ) ;
#1050 = EDGE_LOOP ( 'NONE', ( #366, #1389, #1109, #1338 ) ) ;
#1051 = CARTESIAN_POINT ( 'NONE',  ( 8.660254037844392627, 0.000000000000000000, 14.99999999999999645 ) ) ;
#1052 = CIRCLE ( 'NONE', #181, 4.000000000000001776 ) ;
#1053 = CIRCLE ( 'NONE', #345, 3.999999999999999112 ) ;
#1054 = EDGE_CURVE ( 'NONE', #1381, #334, #235, .T. ) ;
#1055 = VERTEX_POINT ( 'NONE', #799 ) ;
#1056 = COORDINATED_UNIVERSAL_TIME_OFFSET ( 7, 0, .BEHIND. ) ;
#1057 = DIRECTION ( 'NONE',  ( 0.000000000000000000, -0.000000000000000000, 1.000000000000000000 ) ) ;
#1058 = CARTESIAN_POINT ( 'NONE',  ( 8.500000000000000000, 3.000000000000000000, -3.500000000000003109 ) ) ;
#1059 = CARTESIAN_POINT ( 'NONE',  ( -17.32050807568877460, 6.000000000000000000, -1.192984394119701348E-17 ) ) ;
#1060 = ORIENTED_EDGE ( 'NONE', *, *, #1528, .F. ) ;
#1061 = LINE ( 'NONE', #1094, #463 ) ;
#1062 = AXIS2_PLACEMENT_3D ( 'NONE', #221, #954, #1457 ) ;
#1063 = ORIENTED_EDGE ( 'NONE', *, *, #567, .T. ) ;
#1064 = LINE ( 'NONE', #1417, #1387 ) ;
#1065 = CARTESIAN_POINT ( 'NONE',  ( 8.500000000000000000, 3.000000000000000000, -3.122849337825750617E-15 ) ) ;
#1066 = EDGE_CURVE ( 'NONE', #334, #1381, #1290, .T. ) ;
#1067 = ORIENTED_EDGE ( 'NONE', *, *, #76, .T. ) ;
#1068 = LINE ( 'NONE', #1579, #515 ) ;
#1069 = PRODUCT_RELATED_PRODUCT_CATEGORY ( 'detail', '', ( #971 ) ) ;
#1070 = ORIENTED_EDGE ( 'NONE', *, *, #1392, .T. ) ;
#1071 = CARTESIAN_POINT ( 'NONE',  ( -8.660254037844383745, 6.000000000000000000, -15.00000000000000000 ) ) ;
#1072 = AXIS2_PLACEMENT_3D ( 'NONE', #1019, #157, #1442 ) ;
#1073 = LINE ( 'NONE', #1336, #510 ) ;
#1074 = CARTESIAN_POINT ( 'NONE',  ( -14.14042068947250463, 6.000000000000000000, 5.508072925435483214 ) ) ;
#1075 = DIRECTION ( 'NONE',  ( 0.000000000000000000, 0.000000000000000000, -1.000000000000000000 ) ) ;
#1076 = EDGE_CURVE ( 'NONE', #1578, #146, #1461, .T. ) ;
#1077 = ORIENTED_EDGE ( 'NONE', *, *, #199, .T. ) ;
#1078 = CARTESIAN_POINT ( 'NONE',  ( 13.85640646055102287, 0.000000000000000000, 11.99999999999999467 ) ) ;
#1079 = EDGE_CURVE ( 'NONE', #1619, #1022, #164, .T. ) ;
#1080 = CARTESIAN_POINT ( 'NONE',  ( 13.85640646055102287, 6.000000000000000000, 10.49999999999999645 ) ) ;
#1081 = AXIS2_PLACEMENT_3D ( 'NONE', #145, #1151, #656 ) ;
#1082 = VECTOR ( 'NONE', #499, 1000.000000000000000 ) ;
#1083 = AXIS2_PLACEMENT_3D ( 'NONE', #981, #1620, #353 ) ;
#1084 = AXIS2_PLACEMENT_3D ( 'NONE', #571, #1458, #921 ) ;
#1085 = CARTESIAN_POINT ( 'NONE',  ( 8.660254037844376640, 6.000000000000000000, -15.00000000000000000 ) ) ;
#1086 = LINE ( 'NONE', #1472, #660 ) ;
#1087 = EDGE_LOOP ( 'NONE', ( #827, #935 ) ) ;
#1088 = DIRECTION ( 'NONE',  ( -1.000000000000000000, 0.000000000000000000, 2.003086131649545704E-16 ) ) ;
#1089 = EDGE_LOOP ( 'NONE', ( #1037, #263, #718, #1259 ) ) ;
#1090 = DIRECTION ( 'NONE',  ( 0.000000000000000000, -0.000000000000000000, -1.000000000000000000 ) ) ;
#1091 = DIRECTION ( 'NONE',  ( -0.000000000000000000, -1.000000000000000000, -0.000000000000000000 ) ) ;
#1092 = FACE_OUTER_BOUND ( 'NONE', #599, .T. ) ;
#1093 = ORIENTED_EDGE ( 'NONE', *, *, #911, .T. ) ;
#1094 = CARTESIAN_POINT ( 'NONE',  ( 9.675277914599561768, 6.000000000000000000, -13.24192707456448659 ) ) ;
#1095 = AXIS2_PLACEMENT_3D ( 'NONE', #568, #320, #1332 ) ;
#1096 = ORIENTED_EDGE ( 'NONE', *, *, #1178, .T. ) ;
#1097 = EDGE_CURVE ( 'NONE', #1353, #573, #22, .T. ) ;
#1098 = MANIFOLD_SOLID_BREP ( 'Cut-Extrude4', #624 ) ;
#1099 = CARTESIAN_POINT ( 'NONE',  ( 9.675277914599559992, 0.000000000000000000, -13.24192707456449014 ) ) ;
#1100 = CYLINDRICAL_SURFACE ( 'NONE', #74, 4.000000000000000888 ) ;
#1101 = EDGE_LOOP ( 'NONE', ( #1197, #457, #15, #1011 ) ) ;
#1102 = LINE ( 'NONE', #1610, #1293 ) ;
#1103 = VERTEX_POINT ( 'NONE', #1531 ) ;
#1104 = VERTEX_POINT ( 'NONE', #229 ) ;
#1105 = CARTESIAN_POINT ( 'NONE',  ( -13.85640646055101932, 6.000000000000000000, -10.49999999999999289 ) ) ;
#1106 = LINE ( 'NONE', #1459, #51 ) ;
#1107 = CYLINDRICAL_SURFACE ( 'NONE', #1385, 1.499999999999996225 ) ;
#1108 = CYLINDRICAL_SURFACE ( 'NONE', #1212, 1.249999999999999334 ) ;
#1109 = ORIENTED_EDGE ( 'NONE', *, *, #299, .F. ) ;
#1110 = FACE_OUTER_BOUND ( 'NONE', #628, .T. ) ;
#1111 = ORIENTED_EDGE ( 'NONE', *, *, #1176, .T. ) ;
#1112 = DIRECTION ( 'NONE',  ( -0.000000000000000000, -1.000000000000000000, -0.000000000000000000 ) ) ;
#1113 = CARTESIAN_POINT ( 'NONE',  ( 8.660254037844376640, 6.000000000000000000, -15.00000000000000000 ) ) ;
#1114 = AXIS2_PLACEMENT_3D ( 'NONE', #1342, #1359, #1224 ) ;
#1115 = DIRECTION ( 'NONE',  ( 0.5000000000000003331, 0.000000000000000000, 0.8660254037844383745 ) ) ;
#1116 = VERTEX_POINT ( 'NONE', #693 ) ;
#1117 = AXIS2_PLACEMENT_3D ( 'NONE', #805, #402, #912 ) ;
#1118 = DIRECTION ( 'NONE',  ( 0.000000000000000000, 1.000000000000000000, 0.000000000000000000 ) ) ;
#1119 = VERTEX_POINT ( 'NONE', #1448 ) ;
#1120 = DIRECTION ( 'NONE',  ( -0.000000000000000000, -1.000000000000000000, -0.000000000000000000 ) ) ;
#1121 = DIRECTION ( 'NONE',  ( -0.000000000000000000, -1.000000000000000000, -0.000000000000000000 ) ) ;
#1122 = CARTESIAN_POINT ( 'NONE',  ( 14.14042068947249398, 6.000000000000000000, -5.508072925435494760 ) ) ;
#1123 = VERTEX_POINT ( 'NONE', #956 ) ;
#1124 = EDGE_CURVE ( 'NONE', #923, #1104, #450, .T. ) ;
#1125 = CARTESIAN_POINT ( 'NONE',  ( 17.32050807568877460, 0.000000000000000000, 6.863985015692641023E-15 ) ) ;
#1126 = AXIS2_PLACEMENT_3D ( 'NONE', #250, #631, #759 ) ;
#1127 = ORIENTED_EDGE ( 'NONE', *, *, #1374, .T. ) ;
#1128 = CARTESIAN_POINT ( 'NONE',  ( 13.85640646055102287, 2.000000000000000000, -10.49999999999999645 ) ) ;
#1129 = AXIS2_PLACEMENT_3D ( 'NONE', #376, #1118, #1362 ) ;
#1130 = EDGE_CURVE ( 'NONE', #404, #261, #1202, .T. ) ;
#1131 = DIRECTION ( 'NONE',  ( 0.000000000000000000, 0.000000000000000000, 1.000000000000000000 ) ) ;
#1132 = ORIENTED_EDGE ( 'NONE', *, *, #645, .F. ) ;
#1133 = CIRCLE ( 'NONE', #1563, 4.000000000000000888 ) ;
#1134 = AXIS2_PLACEMENT_3D ( 'NONE', #1065, #1299, #692 ) ;
#1135 = DIRECTION ( 'NONE',  ( 0.000000000000000000, -1.000000000000000000, 0.000000000000000000 ) ) ;
#1136 = EDGE_LOOP ( 'NONE', ( #412, #542 ) ) ;
#1137 = DIRECTION ( 'NONE',  ( 0.000000000000000000, 0.000000000000000000, 1.000000000000000000 ) ) ;
#1138 = ADVANCED_FACE ( 'NONE', ( #1467 ), #430, .F. ) ;
#1139 =( LENGTH_UNIT ( ) NAMED_UNIT ( * ) SI_UNIT ( .MILLI., .METRE. ) );
#1140 = EDGE_LOOP ( 'NONE', ( #1193, #1475 ) ) ;
#1141 = CARTESIAN_POINT ( 'NONE',  ( 0.000000000000000000, 6.000000000000000000, -4.000000000000000000 ) ) ;
#1142 = VERTEX_POINT ( 'NONE', #817 ) ;
#1143 = EDGE_CURVE ( 'NONE', #272, #165, #58, .T. ) ;
#1144 = CARTESIAN_POINT ( 'NONE',  ( 13.85640646055102287, 6.000000000000000000, -9.000000000000001776 ) ) ;
#1145 = ORIENTED_EDGE ( 'NONE', *, *, #1054, .T. ) ;
#1146 = AXIS2_PLACEMENT_3D ( 'NONE', #841, #1586, #1194 ) ;
#1147 = DIRECTION ( 'NONE',  ( -0.000000000000000000, -1.000000000000000000, -0.000000000000000000 ) ) ;
#1148 = ORIENTED_EDGE ( 'NONE', *, *, #1252, .F. ) ;
#1149 = EDGE_CURVE ( 'NONE', #1044, #602, #191, .T. ) ;
#1150 = EDGE_CURVE ( 'NONE', #887, #1000, #702, .T. ) ;
#1151 = DIRECTION ( 'NONE',  ( -0.000000000000000000, -1.000000000000000000, -0.000000000000000000 ) ) ;
#1152 = ORIENTED_EDGE ( 'NONE', *, *, #567, .F. ) ;
#1153 = DIRECTION ( 'NONE',  ( -0.8660254037844387076, 0.000000000000000000, -0.4999999999999999445 ) ) ;
#1154 = CIRCLE ( 'NONE', #441, 1.499999999999996225 ) ;
#1155 = VECTOR ( 'NONE', #1395, 1000.000000000000114 ) ;
#1156 = ORIENTED_EDGE ( 'NONE', *, *, #1124, .F. ) ;
#1157 = CARTESIAN_POINT ( 'NONE',  ( -13.85640646055101932, 0.000000000000000000, -10.49999999999999289 ) ) ;
#1158 = DIRECTION ( 'NONE',  ( 0.000000000000000000, 1.000000000000000000, 0.000000000000000000 ) ) ;
#1159 = VECTOR ( 'NONE', #1440, 1000.000000000000000 ) ;
#1160 = ORIENTED_EDGE ( 'NONE', *, *, #89, .F. ) ;
#1161 = LOCAL_TIME ( 22, 20, 38.00000000000000000, #929 ) ;
#1162 = DIRECTION ( 'NONE',  ( 0.000000000000000000, 0.000000000000000000, -1.000000000000000000 ) ) ;
#1163 = EDGE_LOOP ( 'NONE', ( #948, #1622 ) ) ;
#1164 = PLANE ( 'NONE',  #1117 ) ;
#1165 = DIRECTION ( 'NONE',  ( 0.000000000000000000, 0.000000000000000000, 1.000000000000000000 ) ) ;
#1166 = CARTESIAN_POINT ( 'NONE',  ( -8.660254037844380193, 0.000000000000000000, 15.00000000000000000 ) ) ;
#1167 = ORIENTED_EDGE ( 'NONE', *, *, #1478, .F. ) ;
#1168 = DIRECTION ( 'NONE',  ( 0.000000000000000000, 0.000000000000000000, -1.000000000000000000 ) ) ;
#1169 = AXIS2_PLACEMENT_3D ( 'NONE', #161, #1278, #681 ) ;
#1170 = ORIENTED_EDGE ( 'NONE', *, *, #138, .F. ) ;
#1171 = PERSON_AND_ORGANIZATION ( #56, #898 ) ;
#1172 = DIRECTION ( 'NONE',  ( 0.000000000000000000, 0.000000000000000000, 1.000000000000000000 ) ) ;
#1173 = DIRECTION ( 'NONE',  ( 0.000000000000000000, 1.000000000000000000, 0.000000000000000000 ) ) ;
#1174 = CARTESIAN_POINT ( 'NONE',  ( 13.85640646055102287, 2.000000000000000000, 6.499999999999998224 ) ) ;
#1175 = ORIENTED_EDGE ( 'NONE', *, *, #861, .T. ) ;
#1176 = EDGE_CURVE ( 'NONE', #209, #1483, #372, .T. ) ;
#1177 = DIRECTION ( 'NONE',  ( 0.000000000000000000, 1.000000000000000000, 0.000000000000000000 ) ) ;
#1178 = EDGE_CURVE ( 'NONE', #851, #1250, #553, .T. ) ;
#1179 = ORIENTED_EDGE ( 'NONE', *, *, #763, .F. ) ;
#1180 = LINE ( 'NONE', #46, #534 ) ;
#1181 = CARTESIAN_POINT ( 'NONE',  ( 0.000000000000000000, 6.000000000000000000, 0.000000000000000000 ) ) ;
#1182 = DIRECTION ( 'NONE',  ( 0.5000000000000002220, 0.000000000000000000, -0.8660254037844384856 ) ) ;
#1183 = ORIENTED_EDGE ( 'NONE', *, *, #1392, .F. ) ;
#1184 = CARTESIAN_POINT ( 'NONE',  ( -13.85640646055101932, 6.000000000000000000, 11.99999999999998934 ) ) ;
#1185 = CIRCLE ( 'NONE', #638, 4.000000000000000888 ) ;
#1186 = CIRCLE ( 'NONE', #1264, 1.499999999999996225 ) ;
#1187 = EDGE_LOOP ( 'NONE', ( #883, #646 ) ) ;
#1188 = EDGE_CURVE ( 'NONE', #1281, #867, #1106, .T. ) ;
#1189 = LINE ( 'NONE', #1570, #1036 ) ;
#1190 = APPROVAL ( #1456, 'UNSPECIFIED' ) ;
#1191 = CYLINDRICAL_SURFACE ( 'NONE', #1084, 3.999999999999998224 ) ;
#1192 = CARTESIAN_POINT ( 'NONE',  ( -17.32050807568877460, 6.000000000000000000, -1.192984394119701348E-17 ) ) ;
#1193 = ORIENTED_EDGE ( 'NONE', *, *, #1076, .F. ) ;
#1194 = DIRECTION ( 'NONE',  ( 0.5000000000000003331, 0.000000000000000000, 0.8660254037844383745 ) ) ;
#1195 = AXIS2_PLACEMENT_3D ( 'NONE', #1350, #1207, #212 ) ;
#1196 = ADVANCED_FACE ( 'NONE', ( #1625, #179 ), #985, .T. ) ;
#1197 = ORIENTED_EDGE ( 'NONE', *, *, #1340, .F. ) ;
#1198 = LINE ( 'NONE', #312, #1008 ) ;
#1199 = EDGE_CURVE ( 'NONE', #502, #887, #639, .T. ) ;
#1200 = CARTESIAN_POINT ( 'NONE',  ( -13.85640646055101932, 0.000000000000000000, -10.49999999999999289 ) ) ;
#1201 = DIRECTION ( 'NONE',  ( -0.5000000000000003331, 0.000000000000000000, -0.8660254037844383745 ) ) ;
#1202 = LINE ( 'NONE', #1192, #394 ) ;
#1203 = ADVANCED_FACE ( 'NONE', ( #991 ), #327, .T. ) ;
#1204 = VERTEX_POINT ( 'NONE', #862 ) ;
#1205 = EDGE_CURVE ( 'NONE', #557, #1022, #1324, .T. ) ;
#1206 = CARTESIAN_POINT ( 'NONE',  ( -13.85640646055101932, 2.000000000000000000, 10.49999999999999289 ) ) ;
#1207 = DIRECTION ( 'NONE',  ( -0.000000000000000000, -1.000000000000000000, 0.000000000000000000 ) ) ;
#1208 = LINE ( 'NONE', #987, #344 ) ;
#1209 = ORIENTED_EDGE ( 'NONE', *, *, #663, .F. ) ;
#1210 = DIRECTION ( 'NONE',  ( -0.000000000000000000, -1.000000000000000000, -0.000000000000000000 ) ) ;
#1211 = DIRECTION ( 'NONE',  ( 0.000000000000000000, -1.000000000000000000, 0.000000000000000000 ) ) ;
#1212 = AXIS2_PLACEMENT_3D ( 'NONE', #627, #1147, #506 ) ;
#1213 = AXIS2_PLACEMENT_3D ( 'NONE', #317, #826, #1584 ) ;
#1214 = CARTESIAN_POINT ( 'NONE',  ( 4.898587196589412829E-16, 6.000000000000000000, 4.000000000000000000 ) ) ;
#1215 = LINE ( 'NONE', #1235, #793 ) ;
#1216 = ORIENTED_EDGE ( 'NONE', *, *, #788, .T. ) ;
#1217 = ADVANCED_FACE ( 'NONE', ( #615 ), #171, .F. ) ;
#1218 = FACE_OUTER_BOUND ( 'NONE', #532, .T. ) ;
#1219 = UNCERTAINTY_MEASURE_WITH_UNIT (LENGTH_MEASURE( 1.000000000000000082E-05 ), #1139, 'distance_accuracy_value', 'NONE');
#1220 = EDGE_LOOP ( 'NONE', ( #398, #1077 ) ) ;
#1221 = ORIENTED_EDGE ( 'NONE', *, *, #1614, .T. ) ;
#1222 = LINE ( 'NONE', #462, #1572 ) ;
#1223 = AXIS2_PLACEMENT_3D ( 'NONE', #1080, #820, #719 ) ;
#1224 = DIRECTION ( 'NONE',  ( 0.000000000000000000, 0.000000000000000000, -1.000000000000000000 ) ) ;
#1225 = DIRECTION ( 'NONE',  ( -0.000000000000000000, -1.000000000000000000, -0.000000000000000000 ) ) ;
#1226 = ORIENTED_EDGE ( 'NONE', *, *, #461, .T. ) ;
#1227 = CYLINDRICAL_SURFACE ( 'NONE', #1511, 1.499999999999996225 ) ;
#1228 = AXIS2_PLACEMENT_3D ( 'NONE', #309, #558, #1469 ) ;
#1229 = EDGE_LOOP ( 'NONE', ( #694, #110, #132, #1243 ) ) ;
#1230 = EDGE_CURVE ( 'NONE', #643, #1274, #48, .T. ) ;
#1231 = EDGE_LOOP ( 'NONE', ( #79, #156, #1383, #1356 ) ) ;
#1232 = DIRECTION ( 'NONE',  ( -0.000000000000000000, -1.000000000000000000, 0.000000000000000000 ) ) ;
#1233 = LOCAL_TIME ( 22, 20, 38.00000000000000000, #293 ) ;
#1234 = CARTESIAN_POINT ( 'NONE',  ( 13.85640646055102287, 6.000000000000000000, 10.49999999999999645 ) ) ;
#1235 = CARTESIAN_POINT ( 'NONE',  ( -8.500000000000000000, 3.000000000000000000, -3.500000000000000000 ) ) ;
#1236 = CIRCLE ( 'NONE', #1368, 3.999999999999999112 ) ;
#1237 = EDGE_LOOP ( 'NONE', ( #1003, #40, #1486, #751 ) ) ;
#1238 = CARTESIAN_POINT ( 'NONE',  ( -13.85640646055101932, 2.000000000000000000, -6.499999999999992895 ) ) ;
#1239 = ORIENTED_EDGE ( 'NONE', *, *, #186, .F. ) ;
#1240 = LINE ( 'NONE', #104, #1341 ) ;
#1241 = AXIS2_PLACEMENT_3D ( 'NONE', #913, #1419, #387 ) ;
#1242 = DIRECTION ( 'NONE',  ( -0.000000000000000000, 1.000000000000000000, -0.000000000000000000 ) ) ;
#1243 = ORIENTED_EDGE ( 'NONE', *, *, #1205, .T. ) ;
#1244 = CC_DESIGN_DATE_AND_TIME_ASSIGNMENT ( #1558, #543, ( #916 ) ) ;
#1245 = CARTESIAN_POINT ( 'NONE',  ( 8.500000000000000000, 3.000000000000000000, -3.122849337825750617E-15 ) ) ;
#1246 = ORIENTED_EDGE ( 'NONE', *, *, #119, .T. ) ;
#1247 = LINE ( 'NONE', #891, #840 ) ;
#1248 = LINE ( 'NONE', #1376, #1349 ) ;
#1249 = EDGE_CURVE ( 'NONE', #1204, #560, #1248, .T. ) ;
#1250 = VERTEX_POINT ( 'NONE', #747 ) ;
#1251 = CARTESIAN_POINT ( 'NONE',  ( -13.85640646055101932, 0.000000000000000000, 11.99999999999999112 ) ) ;
#1252 = EDGE_CURVE ( 'NONE', #1031, #643, #870, .T. ) ;
#1253 = ORIENTED_EDGE ( 'NONE', *, *, #539, .T. ) ;
#1254 = CYLINDRICAL_SURFACE ( 'NONE', #496, 1.499999999999996225 ) ;
#1255 = CARTESIAN_POINT ( 'NONE',  ( -8.660254037844383745, 0.000000000000000000, -15.00000000000000000 ) ) ;
#1256 = ORIENTED_EDGE ( 'NONE', *, *, #1252, .T. ) ;
#1257 = DIRECTION ( 'NONE',  ( 0.4999999999999999445, 0.000000000000000000, -0.8660254037844385966 ) ) ;
#1258 = AXIS2_PLACEMENT_3D ( 'NONE', #20, #1421, #41 ) ;
#1259 = ORIENTED_EDGE ( 'NONE', *, *, #99, .F. ) ;
#1260 = PLANE ( 'NONE',  #50 ) ;
#1261 = EDGE_CURVE ( 'NONE', #108, #1204, #105, .T. ) ;
#1262 = ORIENTED_EDGE ( 'NONE', *, *, #1249, .T. ) ;
#1263 = VECTOR ( 'NONE', #1393, 1000.000000000000114 ) ;
#1264 = AXIS2_PLACEMENT_3D ( 'NONE', #170, #701, #62 ) ;
#1265 = DIRECTION ( 'NONE',  ( 0.000000000000000000, -1.000000000000000000, 0.000000000000000000 ) ) ;
#1266 = ADVANCED_FACE ( 'NONE', ( #1508 ), #112, .F. ) ;
#1267 = ORIENTED_EDGE ( 'NONE', *, *, #663, .T. ) ;
#1268 = DIRECTION ( 'NONE',  ( -1.000000000000000000, 0.000000000000000000, 0.000000000000000000 ) ) ;
#1269 = EDGE_LOOP ( 'NONE', ( #842, #319 ) ) ;
#1270 = EDGE_CURVE ( 'NONE', #1034, #1381, #1560, .T. ) ;
#1271 = CARTESIAN_POINT ( 'NONE',  ( -13.85640646055101932, 6.000000000000000000, -10.49999999999999289 ) ) ;
#1272 = ORIENTED_EDGE ( 'NONE', *, *, #1506, .F. ) ;
#1273 = CYLINDRICAL_SURFACE ( 'NONE', #391, 3.999999999999998224 ) ;
#1274 = VERTEX_POINT ( 'NONE', #288 ) ;
#1275 = PLANE ( 'NONE',  #1072 ) ;
#1276 = VERTEX_POINT ( 'NONE', #563 ) ;
#1277 = DIRECTION ( 'NONE',  ( -0.000000000000000000, -1.000000000000000000, -0.000000000000000000 ) ) ;
#1278 = DIRECTION ( 'NONE',  ( 0.000000000000000000, -1.000000000000000000, 0.000000000000000000 ) ) ;
#1279 = CARTESIAN_POINT ( 'NONE',  ( -13.85640646055101932, 0.000000000000000000, -8.999999999999996447 ) ) ;
#1280 = APPLICATION_CONTEXT ( 'configuration controlled 3d designs of mechanical parts and assemblies' ) ;
#1281 = VERTEX_POINT ( 'NONE', #1058 ) ;
#1282 = DIRECTION ( 'NONE',  ( 0.000000000000000000, 0.000000000000000000, 1.000000000000000000 ) ) ;
#1283 = AXIS2_PLACEMENT_3D ( 'NONE', #291, #139, #1168 ) ;
#1284 = CIRCLE ( 'NONE', #230, 3.999999999999999112 ) ;
#1285 = ORIENTED_EDGE ( 'NONE', *, *, #196, .F. ) ;
#1286 = COORDINATED_UNIVERSAL_TIME_OFFSET ( 7, 0, .BEHIND. ) ;
#1287 = ORIENTED_EDGE ( 'NONE', *, *, #255, .T. ) ;
#1288 = LINE ( 'NONE', #189, #124 ) ;
#1289 = FACE_OUTER_BOUND ( 'NONE', #431, .T. ) ;
#1290 = CIRCLE ( 'NONE', #1241, 4.000000000000000000 ) ;
#1291 = ORIENTED_EDGE ( 'NONE', *, *, #1502, .T. ) ;
#1292 = VECTOR ( 'NONE', #163, 1000.000000000000000 ) ;
#1293 = VECTOR ( 'NONE', #474, 1000.000000000000000 ) ;
#1294 = CIRCLE ( 'NONE', #210, 4.999999999999995559 ) ;
#1295 = DIRECTION ( 'NONE',  ( 0.000000000000000000, 0.000000000000000000, 1.000000000000000000 ) ) ;
#1296 = EDGE_LOOP ( 'NONE', ( #1574, #121, #608, #1024 ) ) ;
#1297 = MECHANICAL_CONTEXT ( 'NONE', #493, 'mechanical' ) ;
#1298 = DIRECTION ( 'NONE',  ( -0.000000000000000000, -1.000000000000000000, -0.000000000000000000 ) ) ;
#1299 = DIRECTION ( 'NONE',  ( -0.000000000000000000, -1.000000000000000000, -0.000000000000000000 ) ) ;
#1300 = AXIS2_PLACEMENT_3D ( 'NONE', #1105, #951, #709 ) ;
#1301 = CARTESIAN_POINT ( 'NONE',  ( 8.500000000000000000, 6.000000000000000000, -3.122849337825750617E-15 ) ) ;
#1302 = ORIENTED_EDGE ( 'NONE', *, *, #1230, .T. ) ;
#1303 = EDGE_CURVE ( 'NONE', #137, #165, #420, .T. ) ;
#1304 = LINE ( 'NONE', #1533, #918 ) ;
#1305 = ORIENTED_EDGE ( 'NONE', *, *, #1439, .F. ) ;
#1306 = PERSON_AND_ORGANIZATION ( #56, #898 ) ;
#1307 = AXIS2_PLACEMENT_3D ( 'NONE', #1206, #828, #695 ) ;
#1308 = DIRECTION ( 'NONE',  ( -0.5000000000000002220, 0.000000000000000000, 0.8660254037844384856 ) ) ;
#1309 = LINE ( 'NONE', #588, #1587 ) ;
#1310 = CARTESIAN_POINT ( 'NONE',  ( -8.660254037844383745, 6.000000000000000000, -15.00000000000000000 ) ) ;
#1311 = ORIENTED_EDGE ( 'NONE', *, *, #1597, .T. ) ;
#1312 = DIRECTION ( 'NONE',  ( 0.000000000000000000, 0.000000000000000000, 1.000000000000000000 ) ) ;
#1313 = EDGE_CURVE ( 'NONE', #137, #1276, #1294, .T. ) ;
#1314 = ORIENTED_EDGE ( 'NONE', *, *, #260, .F. ) ;
#1315 = ADVANCED_FACE ( 'NONE', ( #939 ), #1428, .F. ) ;
#1316 = DIRECTION ( 'NONE',  ( 1.000000000000000000, 0.000000000000000000, 0.000000000000000000 ) ) ;
#1317 = FACE_BOUND ( 'NONE', #1396, .T. ) ;
#1318 = DIRECTION ( 'NONE',  ( 0.000000000000000000, 0.000000000000000000, 1.000000000000000000 ) ) ;
#1319 = CARTESIAN_POINT ( 'NONE',  ( 8.660254037844376640, 6.000000000000000000, -15.00000000000000000 ) ) ;
#1320 = EDGE_CURVE ( 'NONE', #146, #1578, #1489, .T. ) ;
#1321 = EDGE_LOOP ( 'NONE', ( #49, #102, #1018, #1302 ) ) ;
#1322 = DIRECTION ( 'NONE',  ( 0.000000000000000000, 1.000000000000000000, 0.000000000000000000 ) ) ;
#1323 = FACE_OUTER_BOUND ( 'NONE', #477, .T. ) ;
#1324 = CIRCLE ( 'NONE', #1564, 3.999999999999998224 ) ;
#1325 = PERSON_AND_ORGANIZATION ( #56, #898 ) ;
#1326 = EDGE_CURVE ( 'NONE', #818, #560, #152, .T. ) ;
#1327 = EDGE_CURVE ( 'NONE', #486, #1015, #1537, .T. ) ;
#1328 = CARTESIAN_POINT ( 'NONE',  ( 9.675277914599559992, 6.000000000000000000, -13.24192707456449014 ) ) ;
#1329 = DIRECTION ( 'NONE',  ( 0.000000000000000000, 0.000000000000000000, -1.000000000000000000 ) ) ;
#1330 = CARTESIAN_POINT ( 'NONE',  ( 8.660254037844392627, 6.000000000000000000, 14.99999999999999645 ) ) ;
#1331 = VERTEX_POINT ( 'NONE', #1577 ) ;
#1332 = DIRECTION ( 'NONE',  ( 0.000000000000000000, 0.000000000000000000, -1.000000000000000000 ) ) ;
#1333 = VECTOR ( 'NONE', #197, 1000.000000000000000 ) ;
#1334 = VERTEX_POINT ( 'NONE', #1074 ) ;
#1335 = CARTESIAN_POINT ( 'NONE',  ( -9.675277914599558216, 0.000000000000000000, 13.24192707456450080 ) ) ;
#1336 = CARTESIAN_POINT ( 'NONE',  ( 17.32050807568877460, 6.000000000000000000, 6.863985015692641023E-15 ) ) ;
#1337 = CARTESIAN_POINT ( 'NONE',  ( 13.85640646055102287, 6.000000000000000000, -15.49999999999999289 ) ) ;
#1338 = ORIENTED_EDGE ( 'NONE', *, *, #445, .T. ) ;
#1339 = CYLINDRICAL_SURFACE ( 'NONE', #435, 1.499999999999996225 ) ;
#1340 = EDGE_CURVE ( 'NONE', #1044, #341, #1288, .T. ) ;
#1341 = VECTOR ( 'NONE', #613, 1000.000000000000114 ) ;
#1342 = CARTESIAN_POINT ( 'NONE',  ( -8.500000000000000000, 3.000000000000000000, 0.000000000000000000 ) ) ;
#1343 = FACE_BOUND ( 'NONE', #1140, .T. ) ;
#1344 = ORIENTED_EDGE ( 'NONE', *, *, #28, .F. ) ;
#1345 = DIRECTION ( 'NONE',  ( 0.000000000000000000, 0.000000000000000000, 1.000000000000000000 ) ) ;
#1346 = ORIENTED_EDGE ( 'NONE', *, *, #806, .T. ) ;
#1347 = DIRECTION ( 'NONE',  ( 0.000000000000000000, 0.000000000000000000, 1.000000000000000000 ) ) ;
#1348 = AXIS2_PLACEMENT_3D ( 'NONE', #231, #465, #845 ) ;
#1349 = VECTOR ( 'NONE', #1121, 1000.000000000000000 ) ;
#1350 = CARTESIAN_POINT ( 'NONE',  ( 13.85640646055102287, 6.000000000000000000, -10.49999999999999645 ) ) ;
#1351 = DIRECTION ( 'NONE',  ( -0.000000000000000000, -1.000000000000000000, -0.000000000000000000 ) ) ;
#1352 = ADVANCED_FACE ( 'NONE', ( #545 ), #178, .F. ) ;
#1353 = VERTEX_POINT ( 'NONE', #305 ) ;
#1354 = CARTESIAN_POINT ( 'NONE',  ( -13.85640646055101932, 2.000000000000000000, 6.499999999999992895 ) ) ;
#1355 = ORIENTED_EDGE ( 'NONE', *, *, #1054, .F. ) ;
#1356 = ORIENTED_EDGE ( 'NONE', *, *, #1143, .F. ) ;
#1357 = DIRECTION ( 'NONE',  ( -0.000000000000000000, -1.000000000000000000, -0.000000000000000000 ) ) ;
#1358 = DIRECTION ( 'NONE',  ( 0.000000000000000000, 0.000000000000000000, -1.000000000000000000 ) ) ;
#1359 = DIRECTION ( 'NONE',  ( 0.000000000000000000, -1.000000000000000000, 0.000000000000000000 ) ) ;
#1360 = FACE_BOUND ( 'NONE', #172, .T. ) ;
#1361 = ORIENTED_EDGE ( 'NONE', *, *, #1320, .T. ) ;
#1362 = DIRECTION ( 'NONE',  ( 0.000000000000000000, 0.000000000000000000, 1.000000000000000000 ) ) ;
#1363 = ORIENTED_EDGE ( 'NONE', *, *, #444, .T. ) ;
#1364 = ADVANCED_FACE ( 'NONE', ( #1437 ), #1191, .F. ) ;
#1365 = CARTESIAN_POINT ( 'NONE',  ( 13.85640646055102287, 6.000000000000000000, 10.49999999999999645 ) ) ;
#1366 = APPROVAL ( #698, 'UNSPECIFIED' ) ;
#1367 = LINE ( 'NONE', #855, #712 ) ;
#1368 = AXIS2_PLACEMENT_3D ( 'NONE', #281, #1177, #792 ) ;
#1369 = ORIENTED_EDGE ( 'NONE', *, *, #1374, .F. ) ;
#1370 = FACE_BOUND ( 'NONE', #1420, .T. ) ;
#1371 = CIRCLE ( 'NONE', #364, 1.499999999999996225 ) ;
#1372 = ORIENTED_EDGE ( 'NONE', *, *, #1130, .F. ) ;
#1373 = LINE ( 'NONE', #494, #632 ) ;
#1374 = EDGE_CURVE ( 'NONE', #272, #368, #316, .T. ) ;
#1375 = AXIS2_PLACEMENT_3D ( 'NONE', #642, #790, #1025 ) ;
#1376 = CARTESIAN_POINT ( 'NONE',  ( 13.85640646055102287, 6.000000000000000000, 9.000000000000001776 ) ) ;
#1377 = AXIS2_PLACEMENT_3D ( 'NONE', #1481, #198, #107 ) ;
#1378 = AXIS2_PLACEMENT_3D ( 'NONE', #508, #1010, #1524 ) ;
#1379 = EDGE_CURVE ( 'NONE', #538, #725, #1186, .T. ) ;
#1380 = FACE_OUTER_BOUND ( 'NONE', #1495, .T. ) ;
#1381 = VERTEX_POINT ( 'NONE', #807 ) ;
#1382 = LINE ( 'NONE', #485, #920 ) ;
#1383 = ORIENTED_EDGE ( 'NONE', *, *, #1303, .T. ) ;
#1384 = CARTESIAN_POINT ( 'NONE',  ( -13.85640646055101932, 6.000000000000000000, -6.499999999999992895 ) ) ;
#1385 = AXIS2_PLACEMENT_3D ( 'NONE', #1617, #1589, #480 ) ;
#1386 = EDGE_LOOP ( 'NONE', ( #796, #252 ) ) ;
#1387 = VECTOR ( 'NONE', #919, 1000.000000000000000 ) ;
#1388 = FACE_BOUND ( 'NONE', #466, .T. ) ;
#1389 = ORIENTED_EDGE ( 'NONE', *, *, #1506, .T. ) ;
#1390 = PLANE ( 'NONE',  #1126 ) ;
#1391 = AXIS2_PLACEMENT_3D ( 'NONE', #1484, #849, #723 ) ;
#1392 = EDGE_CURVE ( 'NONE', #1639, #44, #1053, .T. ) ;
#1393 = DIRECTION ( 'NONE',  ( -0.5000000000000002220, 0.000000000000000000, 0.8660254037844384856 ) ) ;
#1394 = ORIENTED_EDGE ( 'NONE', *, *, #294, .F. ) ;
#1395 = DIRECTION ( 'NONE',  ( 0.5000000000000003331, 0.000000000000000000, 0.8660254037844383745 ) ) ;
#1396 = EDGE_LOOP ( 'NONE', ( #351, #850 ) ) ;
#1397 = CARTESIAN_POINT ( 'NONE',  ( 8.660254037844376640, 0.000000000000000000, -15.00000000000000000 ) ) ;
#1398 = VERTEX_POINT ( 'NONE', #1583 ) ;
#1399 = LINE ( 'NONE', #1642, #1431 ) ;
#1400 = EDGE_LOOP ( 'NONE', ( #1060, #473, #770, #1536 ) ) ;
#1401 =( GEOMETRIC_REPRESENTATION_CONTEXT ( 3 ) GLOBAL_UNCERTAINTY_ASSIGNED_CONTEXT ( ( #1219 ) ) GLOBAL_UNIT_ASSIGNED_CONTEXT ( ( #1139, #992, #7 ) ) REPRESENTATION_CONTEXT ( 'NONE', 'WORKASPACE' ) );
#1402 = AXIS2_PLACEMENT_3D ( 'NONE', #1181, #1571, #816 ) ;
#1403 = EDGE_CURVE ( 'NONE', #19, #1331, #899, .T. ) ;
#1404 = CARTESIAN_POINT ( 'NONE',  ( 8.500000000000000000, 3.000000000000000000, -3.122849337825750617E-15 ) ) ;
#1405 = VERTEX_POINT ( 'NONE', #536 ) ;
#1406 = CYLINDRICAL_SURFACE ( 'NONE', #1454, 4.000000000000000888 ) ;
#1407 = EDGE_LOOP ( 'NONE', ( #1285, #274, #214, #380 ) ) ;
#1408 = CARTESIAN_POINT ( 'NONE',  ( 13.85640646055102287, 2.000000000000000000, -14.49999999999999467 ) ) ;
#1409 = AXIS2_PLACEMENT_3D ( 'NONE', #824, #85, #96 ) ;
#1410 = ORIENTED_EDGE ( 'NONE', *, *, #1427, .F. ) ;
#1411 = CYLINDRICAL_SURFACE ( 'NONE', #821, 4.000000000000001776 ) ;
#1412 = CIRCLE ( 'NONE', #459, 5.000000000000000888 ) ;
#1413 = ORIENTED_EDGE ( 'NONE', *, *, #854, .T. ) ;
#1414 = CARTESIAN_POINT ( 'NONE',  ( 8.500000000000000000, 6.000000000000000000, -3.122849337825750617E-15 ) ) ;
#1415 = ORIENTED_EDGE ( 'NONE', *, *, #310, .T. ) ;
#1416 = DATE_TIME_ROLE ( 'creation_date' ) ;
#1417 = CARTESIAN_POINT ( 'NONE',  ( -8.500000000000000000, 6.000000000000000000, 1.250000000000000000 ) ) ;
#1418 = CARTESIAN_POINT ( 'NONE',  ( 13.85640646055102287, 0.000000000000000000, -10.49999999999999645 ) ) ;
#1419 = DIRECTION ( 'NONE',  ( 0.000000000000000000, 1.000000000000000000, 0.000000000000000000 ) ) ;
#1420 = EDGE_LOOP ( 'NONE', ( #809, #561 ) ) ;
#1421 = DIRECTION ( 'NONE',  ( 0.000000000000000000, 1.000000000000000000, 0.000000000000000000 ) ) ;
#1422 = AXIS2_PLACEMENT_3D ( 'NONE', #878, #909, #1282 ) ;
#1423 = EDGE_CURVE ( 'NONE', #502, #1603, #1039, .T. ) ;
#1424 = CIRCLE ( 'NONE', #1129, 1.499999999999996225 ) ;
#1425 = EDGE_LOOP ( 'NONE', ( #392, #241, #1585, #1246 ) ) ;
#1426 = CARTESIAN_POINT ( 'NONE',  ( 13.85640646055102287, 2.000000000000000000, 10.49999999999999645 ) ) ;
#1427 = EDGE_CURVE ( 'NONE', #677, #19, #1309, .T. ) ;
#1428 = CYLINDRICAL_SURFACE ( 'NONE', #1134, 3.500000000000000000 ) ;
#1429 = CARTESIAN_POINT ( 'NONE',  ( 0.000000000000000000, 0.000000000000000000, 0.000000000000000000 ) ) ;
#1430 = EDGE_LOOP ( 'NONE', ( #1221, #687 ) ) ;
#1431 = VECTOR ( 'NONE', #892, 1000.000000000000000 ) ;
#1432 = AXIS2_PLACEMENT_3D ( 'NONE', #604, #564, #1358 ) ;
#1433 = CARTESIAN_POINT ( 'NONE',  ( 17.32050807568877460, 6.000000000000000000, 6.863985015692641023E-15 ) ) ;
#1434 = ORIENTED_EDGE ( 'NONE', *, *, #1607, .T. ) ;
#1435 = PERSON_AND_ORGANIZATION ( #56, #898 ) ;
#1436 = CARTESIAN_POINT ( 'NONE',  ( -13.85640646055101932, 6.000000000000000000, -15.49999999999999467 ) ) ;
#1437 = FACE_OUTER_BOUND ( 'NONE', #1229, .T. ) ;
#1438 = AXIS2_PLACEMENT_3D ( 'NONE', #337, #1464, #1347 ) ;
#1439 = EDGE_CURVE ( 'NONE', #475, #618, #1185, .T. ) ;
#1440 = DIRECTION ( 'NONE',  ( -0.000000000000000000, 1.000000000000000000, -0.000000000000000000 ) ) ;
#1441 = ORIENTED_EDGE ( 'NONE', *, *, #374, .F. ) ;
#1442 = DIRECTION ( 'NONE',  ( -0.5000000000000003331, 0.000000000000000000, -0.8660254037844383745 ) ) ;
#1443 = ORIENTED_EDGE ( 'NONE', *, *, #255, .F. ) ;
#1444 = ADVANCED_FACE ( 'NONE', ( #1618 ), #706, .F. ) ;
#1445 = AXIS2_PLACEMENT_3D ( 'NONE', #1593, #958, #1345 ) ;
#1446 = DIRECTION ( 'NONE',  ( 0.000000000000000000, 0.000000000000000000, -1.000000000000000000 ) ) ;
#1447 = CARTESIAN_POINT ( 'NONE',  ( 13.85640646055102287, 0.000000000000000000, 10.49999999999999645 ) ) ;
#1448 = CARTESIAN_POINT ( 'NONE',  ( -14.14042068947250463, 0.000000000000000000, -5.508072925435487655 ) ) ;
#1449 = EDGE_LOOP ( 'NONE', ( #1410, #832, #864, #226 ) ) ;
#1450 = DIRECTION ( 'NONE',  ( 0.000000000000000000, 0.000000000000000000, -1.000000000000000000 ) ) ;
#1451 = VERTEX_POINT ( 'NONE', #978 ) ;
#1452 = ADVANCED_FACE ( 'NONE', ( #1092 ), #1100, .F. ) ;
#1453 = EDGE_CURVE ( 'NONE', #209, #272, #1491, .T. ) ;
#1454 = AXIS2_PLACEMENT_3D ( 'NONE', #540, #781, #1549 ) ;
#1455 = LINE ( 'NONE', #1588, #130 ) ;
#1456 = APPROVAL_STATUS ( 'not_yet_approved' ) ;
#1457 = DIRECTION ( 'NONE',  ( 0.000000000000000000, 0.000000000000000000, 1.000000000000000000 ) ) ;
#1458 = DIRECTION ( 'NONE',  ( -0.000000000000000000, 1.000000000000000000, -0.000000000000000000 ) ) ;
#1459 = CARTESIAN_POINT ( 'NONE',  ( 8.500000000000000000, 3.000000000000000000, -3.500000000000003109 ) ) ;
#1460 = ORIENTED_EDGE ( 'NONE', *, *, #1014, .T. ) ;
#1461 = CIRCLE ( 'NONE', #742, 1.249999999999999334 ) ;
#1462 = DIRECTION ( 'NONE',  ( 0.000000000000000000, 0.000000000000000000, -1.000000000000000000 ) ) ;
#1463 = ORIENTED_EDGE ( 'NONE', *, *, #1379, .T. ) ;
#1464 = DIRECTION ( 'NONE',  ( 0.000000000000000000, 1.000000000000000000, 0.000000000000000000 ) ) ;
#1465 = DIRECTION ( 'NONE',  ( 0.000000000000000000, 1.000000000000000000, 0.000000000000000000 ) ) ;
#1466 = FACE_BOUND ( 'NONE', #175, .T. ) ;
#1467 = FACE_OUTER_BOUND ( 'NONE', #54, .T. ) ;
#1468 = ORIENTED_EDGE ( 'NONE', *, *, #1270, .F. ) ;
#1469 = DIRECTION ( 'NONE',  ( 0.5000000000000002220, 0.000000000000000000, -0.8660254037844384856 ) ) ;
#1470 = CARTESIAN_POINT ( 'NONE',  ( -13.85640646055101932, 6.000000000000000000, -10.49999999999999289 ) ) ;
#1471 = CYLINDRICAL_SURFACE ( 'NONE', #1409, 3.500000000000000000 ) ;
#1472 = CARTESIAN_POINT ( 'NONE',  ( -9.675277914599561768, 6.000000000000000000, -13.24192707456450080 ) ) ;
#1473 = ORIENTED_EDGE ( 'NONE', *, *, #76, .F. ) ;
#1474 = CARTESIAN_POINT ( 'NONE',  ( 8.660254037844392627, 0.000000000000000000, 14.99999999999999645 ) ) ;
#1475 = ORIENTED_EDGE ( 'NONE', *, *, #1320, .F. ) ;
#1476 = APPROVAL_PERSON_ORGANIZATION ( #1435, #1366, #36 ) ;
#1477 = DIRECTION ( 'NONE',  ( -0.5000000000000002220, 0.000000000000000000, 0.8660254037844384856 ) ) ;
#1478 = EDGE_CURVE ( 'NONE', #146, #1116, #964, .T. ) ;
#1479 = VECTOR ( 'NONE', #1268, 1000.000000000000000 ) ;
#1480 = DIRECTION ( 'NONE',  ( 0.000000000000000000, 0.000000000000000000, -1.000000000000000000 ) ) ;
#1481 = CARTESIAN_POINT ( 'NONE',  ( -8.500000000000000000, 6.000000000000000000, 0.000000000000000000 ) ) ;
#1482 = EDGE_CURVE ( 'NONE', #1609, #851, #1215, .T. ) ;
#1483 = VERTEX_POINT ( 'NONE', #1337 ) ;
#1484 = CARTESIAN_POINT ( 'NONE',  ( 13.85640646055102287, 0.000000000000000000, -10.49999999999999645 ) ) ;
#1485 = ORIENTED_EDGE ( 'NONE', *, *, #429, .F. ) ;
#1486 = ORIENTED_EDGE ( 'NONE', *, *, #1270, .T. ) ;
#1487 = CARTESIAN_POINT ( 'NONE',  ( -8.500000000000000000, 3.000000000000000000, 0.000000000000000000 ) ) ;
#1488 = CIRCLE ( 'NONE', #285, 4.000000000000000000 ) ;
#1489 = CIRCLE ( 'NONE', #417, 1.249999999999999334 ) ;
#1490 = CARTESIAN_POINT ( 'NONE',  ( -17.32050807568877460, 0.000000000000000000, -1.192984394119701348E-17 ) ) ;
#1491 = LINE ( 'NONE', #1599, #416 ) ;
#1492 = ORIENTED_EDGE ( 'NONE', *, *, #1097, .F. ) ;
#1493 = EDGE_CURVE ( 'NONE', #404, #1334, #1208, .T. ) ;
#1494 = DIRECTION ( 'NONE',  ( 0.000000000000000000, -0.000000000000000000, 1.000000000000000000 ) ) ;
#1495 = EDGE_LOOP ( 'NONE', ( #1041, #1363, #1594, #184 ) ) ;
#1496 = CARTESIAN_POINT ( 'NONE',  ( -13.85640646055101932, 6.000000000000000000, -15.49999999999999467 ) ) ;
#1497 = AXIS2_PLACEMENT_3D ( 'NONE', #464, #61, #1480 ) ;
#1498 = DIRECTION ( 'NONE',  ( 0.000000000000000000, -0.000000000000000000, 1.000000000000000000 ) ) ;
#1499 = ADVANCED_FACE ( 'NONE', ( #70 ), #711, .F. ) ;
#1500 = DIRECTION ( 'NONE',  ( -0.000000000000000000, -1.000000000000000000, -0.000000000000000000 ) ) ;
#1501 = ORIENTED_EDGE ( 'NONE', *, *, #419, .T. ) ;
#1502 = EDGE_CURVE ( 'NONE', #1483, #1276, #1367, .T. ) ;
#1503 = DIRECTION ( 'NONE',  ( -0.000000000000000000, 1.000000000000000000, -0.000000000000000000 ) ) ;
#1504 = ORIENTED_EDGE ( 'NONE', *, *, #1326, .F. ) ;
#1505 = CARTESIAN_POINT ( 'NONE',  ( 13.85640646055102287, 2.000000000000000000, -9.000000000000000000 ) ) ;
#1506 = EDGE_CURVE ( 'NONE', #360, #1103, #1086, .T. ) ;
#1507 = ADVANCED_FACE ( 'NONE', ( #1466, #340, #1360, #1627, #598, #1343, #970, #206 ), #326, .T. ) ;
#1508 = FACE_OUTER_BOUND ( 'NONE', #489, .T. ) ;
#1509 = ORIENTED_EDGE ( 'NONE', *, *, #490, .T. ) ;
#1510 = DIRECTION ( 'NONE',  ( -0.000000000000000000, -1.000000000000000000, -0.000000000000000000 ) ) ;
#1511 = AXIS2_PLACEMENT_3D ( 'NONE', #750, #491, #882 ) ;
#1512 = EDGE_LOOP ( 'NONE', ( #1532, #200 ) ) ;
#1513 = CARTESIAN_POINT ( 'NONE',  ( -17.32050807568877460, 6.000000000000000000, -1.192984394119701348E-17 ) ) ;
#1514 = LOCAL_TIME ( 22, 20, 38.00000000000000000, #1056 ) ;
#1515 = CARTESIAN_POINT ( 'NONE',  ( 13.85640646055102287, 6.000000000000000000, -6.499999999999998224 ) ) ;
#1516 = EDGE_LOOP ( 'NONE', ( #1183, #1253, #219, #1441 ) ) ;
#1517 = DIRECTION ( 'NONE',  ( 0.000000000000000000, 0.000000000000000000, -1.000000000000000000 ) ) ;
#1518 = ORIENTED_EDGE ( 'NONE', *, *, #1230, .F. ) ;
#1519 = CARTESIAN_POINT ( 'NONE',  ( 14.14042068947249398, 6.000000000000000000, -5.508072925435493872 ) ) ;
#1520 = ADVANCED_FACE ( 'NONE', ( #222 ), #98, .F. ) ;
#1521 = AXIS2_PLACEMENT_3D ( 'NONE', #710, #1582, #1606 ) ;
#1522 = CYLINDRICAL_SURFACE ( 'NONE', #451, 4.999999999999996447 ) ;
#1523 = ORIENTED_EDGE ( 'NONE', *, *, #861, .F. ) ;
#1524 = DIRECTION ( 'NONE',  ( 0.000000000000000000, 0.000000000000000000, 1.000000000000000000 ) ) ;
#1525 = EDGE_LOOP ( 'NONE', ( #547, #549, #1601, #1170 ) ) ;
#1526 = LINE ( 'NONE', #1397, #1479 ) ;
#1527 = CIRCLE ( 'NONE', #11, 5.000000000000004441 ) ;
#1528 = EDGE_CURVE ( 'NONE', #677, #422, #1052, .T. ) ;
#1529 = CC_DESIGN_APPROVAL ( #953, ( #916 ) ) ;
#1530 = ORIENTED_EDGE ( 'NONE', *, *, #419, .F. ) ;
#1531 = CARTESIAN_POINT ( 'NONE',  ( -9.675277914599561768, 6.000000000000000000, -13.24192707456450080 ) ) ;
#1532 = ORIENTED_EDGE ( 'NONE', *, *, #908, .T. ) ;
#1533 = CARTESIAN_POINT ( 'NONE',  ( 13.85640646055102287, 6.000000000000000000, 11.99999999999999289 ) ) ;
#1534 = VERTEX_POINT ( 'NONE', #472 ) ;
#1535 = DIRECTION ( 'NONE',  ( 0.000000000000000000, 1.000000000000000000, 0.000000000000000000 ) ) ;
#1536 = ORIENTED_EDGE ( 'NONE', *, *, #896, .F. ) ;
#1537 = CIRCLE ( 'NONE', #823, 5.000000000000000888 ) ;
#1538 = DIRECTION ( 'NONE',  ( 0.000000000000000000, -0.000000000000000000, -1.000000000000000000 ) ) ;
#1539 = EDGE_LOOP ( 'NONE', ( #302, #589 ) ) ;
#1540 = CARTESIAN_POINT ( 'NONE',  ( -8.500000000000000000, 3.000000000000000000, -1.250000000000000000 ) ) ;
#1541 = ADVANCED_FACE ( 'NONE', ( #607 ), #1108, .F. ) ;
#1542 = PERSON_AND_ORGANIZATION_ROLE ( 'design_owner' ) ;
#1543 = VECTOR ( 'NONE', #815, 1000.000000000000000 ) ;
#1544 = DIRECTION ( 'NONE',  ( -0.000000000000000000, -1.000000000000000000, -0.000000000000000000 ) ) ;
#1545 = CYLINDRICAL_SURFACE ( 'NONE', #872, 4.999999999999995559 ) ;
#1546 = AXIS2_PLACEMENT_3D ( 'NONE', #1426, #930, #1057 ) ;
#1547 = ORIENTED_EDGE ( 'NONE', *, *, #310, .F. ) ;
#1548 = EDGE_CURVE ( 'NONE', #602, #1031, #1399, .T. ) ;
#1549 = DIRECTION ( 'NONE',  ( 0.000000000000000000, 0.000000000000000000, 1.000000000000000000 ) ) ;
#1550 = EDGE_CURVE ( 'NONE', #1534, #1034, #1488, .T. ) ;
#1551 = ORIENTED_EDGE ( 'NONE', *, *, #1188, .F. ) ;
#1552 = DIRECTION ( 'NONE',  ( -0.000000000000000000, -1.000000000000000000, -0.000000000000000000 ) ) ;
#1553 = CARTESIAN_POINT ( 'NONE',  ( -13.85640646055101932, 6.000000000000000000, -10.49999999999999289 ) ) ;
#1554 = DIRECTION ( 'NONE',  ( -0.000000000000000000, 1.000000000000000000, -0.000000000000000000 ) ) ;
#1555 = ORIENTED_EDGE ( 'NONE', *, *, #1614, .F. ) ;
#1556 = CARTESIAN_POINT ( 'NONE',  ( -17.32050807568877460, 6.000000000000000000, -1.192984394119701348E-17 ) ) ;
#1557 = ORIENTED_EDGE ( 'NONE', *, *, #927, .T. ) ;
#1558 = DATE_AND_TIME ( #822, #993 ) ;
#1559 = EDGE_LOOP ( 'NONE', ( #1305, #1027 ) ) ;
#1560 = LINE ( 'NONE', #428, #476 ) ;
#1561 = CARTESIAN_POINT ( 'NONE',  ( -13.85640646055101932, 2.000000000000000000, 8.999999999999996447 ) ) ;
#1562 = ORIENTED_EDGE ( 'NONE', *, *, #1097, .T. ) ;
#1563 = AXIS2_PLACEMENT_3D ( 'NONE', #125, #251, #640 ) ;
#1564 = AXIS2_PLACEMENT_3D ( 'NONE', #1365, #739, #106 ) ;
#1565 = CARTESIAN_POINT ( 'NONE',  ( 13.85640646055102287, 0.000000000000000000, 9.000000000000000000 ) ) ;
#1566 = EDGE_CURVE ( 'NONE', #1405, #469, #259, .T. ) ;
#1567 = EDGE_CURVE ( 'NONE', #618, #475, #237, .T. ) ;
#1568 = ORIENTED_EDGE ( 'NONE', *, *, #645, .T. ) ;
#1569 = CALENDAR_DATE ( 2026, 6, 2 ) ;
#1570 = CARTESIAN_POINT ( 'NONE',  ( 9.675277914599568874, 6.000000000000000000, 13.24192707456450080 ) ) ;
#1571 = DIRECTION ( 'NONE',  ( -0.000000000000000000, -1.000000000000000000, -0.000000000000000000 ) ) ;
#1572 = VECTOR ( 'NONE', #84, 1000.000000000000000 ) ;
#1573 = DIRECTION ( 'NONE',  ( 0.4999999999999999445, 0.000000000000000000, -0.8660254037844385966 ) ) ;
#1574 = ORIENTED_EDGE ( 'NONE', *, *, #1199, .T. ) ;
#1575 = DIRECTION ( 'NONE',  ( -0.000000000000000000, -1.000000000000000000, -0.000000000000000000 ) ) ;
#1576 = CARTESIAN_POINT ( 'NONE',  ( 8.500000000000000000, 0.000000000000000000, -3.122849337825750617E-15 ) ) ;
#1577 = CARTESIAN_POINT ( 'NONE',  ( -13.85640646055101932, 6.000000000000000000, 14.49999999999999467 ) ) ;
#1578 = VERTEX_POINT ( 'NONE', #1633 ) ;
#1579 = CARTESIAN_POINT ( 'NONE',  ( -13.85640646055101932, 2.000000000000000000, -14.49999999999999467 ) ) ;
#1580 = CYLINDRICAL_SURFACE ( 'NONE', #66, 5.000000000000000888 ) ;
#1581 = CIRCLE ( 'NONE', #443, 1.249999999999999334 ) ;
#1582 = DIRECTION ( 'NONE',  ( -0.000000000000000000, -1.000000000000000000, -0.000000000000000000 ) ) ;
#1583 = CARTESIAN_POINT ( 'NONE',  ( 8.500000000000000000, 0.000000000000000000, 3.499999999999996891 ) ) ;
#1584 = DIRECTION ( 'NONE',  ( 0.000000000000000000, 0.000000000000000000, 1.000000000000000000 ) ) ;
#1585 = ORIENTED_EDGE ( 'NONE', *, *, #1188, .T. ) ;
#1586 = DIRECTION ( 'NONE',  ( -0.8660254037844384856, 0.000000000000000000, 0.5000000000000004441 ) ) ;
#1587 = VECTOR ( 'NONE', #1242, 1000.000000000000000 ) ;
#1588 = CARTESIAN_POINT ( 'NONE',  ( 13.85640646055102287, 2.000000000000000000, -6.499999999999998224 ) ) ;
#1589 = DIRECTION ( 'NONE',  ( -0.000000000000000000, -1.000000000000000000, -0.000000000000000000 ) ) ;
#1590 = DIRECTION ( 'NONE',  ( 0.000000000000000000, 1.000000000000000000, 0.000000000000000000 ) ) ;
#1591 = ORIENTED_EDGE ( 'NONE', *, *, #1327, .F. ) ;
#1592 = CIRCLE ( 'NONE', #1114, 3.500000000000000000 ) ;
#1593 = CARTESIAN_POINT ( 'NONE',  ( -13.85640646055101932, 2.000000000000000000, -10.49999999999999289 ) ) ;
#1594 = ORIENTED_EDGE ( 'NONE', *, *, #162, .F. ) ;
#1595 = EDGE_CURVE ( 'NONE', #1119, #261, #269, .T. ) ;
#1596 = FACE_OUTER_BOUND ( 'NONE', #1136, .T. ) ;
#1597 = EDGE_CURVE ( 'NONE', #1204, #108, #579, .T. ) ;
#1598 = DIRECTION ( 'NONE',  ( 0.000000000000000000, 0.000000000000000000, 1.000000000000000000 ) ) ;
#1599 = CARTESIAN_POINT ( 'NONE',  ( 17.32050807568877460, 6.000000000000000000, 6.863985015692641023E-15 ) ) ;
#1600 = AXIS2_PLACEMENT_3D ( 'NONE', #819, #1322, #575 ) ;
#1601 = ORIENTED_EDGE ( 'NONE', *, *, #889, .T. ) ;
#1602 = CARTESIAN_POINT ( 'NONE',  ( 13.85640646055102287, 0.000000000000000000, -10.49999999999999645 ) ) ;
#1603 = VERTEX_POINT ( 'NONE', #395 ) ;
#1604 = CC_DESIGN_APPROVAL ( #1366, ( #757 ) ) ;
#1605 = CYLINDRICAL_SURFACE ( 'NONE', #1300, 5.000000000000000888 ) ;
#1606 = DIRECTION ( 'NONE',  ( 0.000000000000000000, 0.000000000000000000, -1.000000000000000000 ) ) ;
#1607 = EDGE_CURVE ( 'NONE', #341, #1142, #1641, .T. ) ;
#1608 = CARTESIAN_POINT ( 'NONE',  ( -8.500000000000000000, 3.000000000000000000, 0.000000000000000000 ) ) ;
#1609 = VERTEX_POINT ( 'NONE', #140 ) ;
#1610 = CARTESIAN_POINT ( 'NONE',  ( -14.14042068947250463, 6.000000000000000000, -5.508072925435488543 ) ) ;
#1611 = VERTEX_POINT ( 'NONE', #1515 ) ;
#1612 = ORIENTED_EDGE ( 'NONE', *, *, #1493, .F. ) ;
#1613 = PLANE ( 'NONE',  #378 ) ;
#1614 = EDGE_CURVE ( 'NONE', #592, #249, #1133, .T. ) ;
#1615 = VECTOR ( 'NONE', #306, 1000.000000000000000 ) ;
#1616 = DIRECTION ( 'NONE',  ( -0.000000000000000000, -1.000000000000000000, -0.000000000000000000 ) ) ;
#1617 = CARTESIAN_POINT ( 'NONE',  ( 13.85640646055102287, 6.000000000000000000, 10.49999999999999645 ) ) ;
#1618 = FACE_OUTER_BOUND ( 'NONE', #941, .T. ) ;
#1619 = VERTEX_POINT ( 'NONE', #1007 ) ;
#1620 = DIRECTION ( 'NONE',  ( 0.000000000000000000, 1.000000000000000000, 0.000000000000000000 ) ) ;
#1621 = ADVANCED_FACE ( 'NONE', ( #1380 ), #1522, .T. ) ;
#1622 = ORIENTED_EDGE ( 'NONE', *, *, #961, .F. ) ;
#1623 = DIRECTION ( 'NONE',  ( 0.000000000000000000, 0.000000000000000000, 1.000000000000000000 ) ) ;
#1624 = AXIS2_PLACEMENT_3D ( 'NONE', #844, #188, #339 ) ;
#1625 = FACE_OUTER_BOUND ( 'NONE', #1187, .T. ) ;
#1626 = AXIS2_PLACEMENT_3D ( 'NONE', #427, #1032, #797 ) ;
#1627 = FACE_BOUND ( 'NONE', #1559, .T. ) ;
#1628 = VERTEX_POINT ( 'NONE', #13 ) ;
#1629 = CARTESIAN_POINT ( 'NONE',  ( 8.660254037844392627, 6.000000000000000000, 14.99999999999999645 ) ) ;
#1630 = EDGE_LOOP ( 'NONE', ( #64, #343, #765, #1551 ) ) ;
#1631 = CARTESIAN_POINT ( 'NONE',  ( 13.85640646055102287, 2.000000000000000000, 14.49999999999999467 ) ) ;
#1632 = CARTESIAN_POINT ( 'NONE',  ( -8.660254037844380193, 0.000000000000000000, 15.00000000000000000 ) ) ;
#1633 = CARTESIAN_POINT ( 'NONE',  ( 8.500000000000000000, 6.000000000000000000, -1.250000000000002442 ) ) ;
#1634 = CIRCLE ( 'NONE', #866, 1.499999999999996225 ) ;
#1635 = ORIENTED_EDGE ( 'NONE', *, *, #1205, .F. ) ;
#1636 = FACE_BOUND ( 'NONE', #1220, .T. ) ;
#1637 = AXIS2_PLACEMENT_3D ( 'NONE', #744, #233, #1494 ) ;
#1638 = ADVANCED_FACE ( 'NONE', ( #385, #520 ), #1260, .T. ) ;
#1639 = VERTEX_POINT ( 'NONE', #1408 ) ;
#1640 = CARTESIAN_POINT ( 'NONE',  ( 0.000000000000000000, 6.000000000000000000, 0.000000000000000000 ) ) ;
#1641 = CIRCLE ( 'NONE', #925, 5.000000000000004441 ) ;
#1642 = CARTESIAN_POINT ( 'NONE',  ( -8.660254037844380193, 6.000000000000000000, 15.00000000000000000 ) ) ;
#1643 = ORIENTED_EDGE ( 'NONE', *, *, #854, .F. ) ;
ENDSEC;
END-ISO-10303-21;
