ISO-10303-21;
HEADER;
FILE_DESCRIPTION (( 'STEP AP203' ),
    '1' );
FILE_NAME ('Upper Leg Connector V.3.STEP',
    '2026-02-07T05:20:58',
    ( '' ),
    ( '' ),
    'SwSTEP 2.0',
    'SolidWorks 2025',
    '' );
FILE_SCHEMA (( 'CONFIG_CONTROL_DESIGN' ));
ENDSEC;

DATA;
#1 = ORIENTED_EDGE ( 'NONE', *, *, #845, .T. ) ;
#2 = CARTESIAN_POINT ( 'NONE',  ( -9.675277914599559992, 0.000000000000000000, -13.24192707456450790 ) ) ;
#3 = ORIENTED_EDGE ( 'NONE', *, *, #600, .T. ) ;
#4 = DIRECTION ( 'NONE',  ( 0.000000000000000000, 0.000000000000000000, -1.000000000000000000 ) ) ;
#5 = CARTESIAN_POINT ( 'NONE',  ( -17.32050807568877460, 0.000000000000000000, -3.154177549934253528E-15 ) ) ;
#6 = CARTESIAN_POINT ( 'NONE',  ( -24.24871130596429225, 10.00000000000000000, -6.179412470143226683E-15 ) ) ;
#7 = PLANE ( 'NONE',  #1208 ) ;
#8 = EDGE_LOOP ( 'NONE', ( #110, #1622 ) ) ;
#9 = CARTESIAN_POINT ( 'NONE',  ( 13.85640646055101399, 8.000000000000000000, 9.000000000000000000 ) ) ;
#10 = EDGE_LOOP ( 'NONE', ( #245, #1275 ) ) ;
#11 = FACE_OUTER_BOUND ( 'NONE', #322, .T. ) ;
#12 = DIRECTION ( 'NONE',  ( -1.000000000000000000, 0.000000000000000000, -0.000000000000000000 ) ) ;
#13 = DIRECTION ( 'NONE',  ( 0.4999999999999962808, 0.000000000000000000, -0.8660254037844407060 ) ) ;
#14 = DIRECTION ( 'NONE',  ( 0.000000000000000000, 0.000000000000000000, 1.000000000000000000 ) ) ;
#15 = EDGE_CURVE ( 'NONE', #1155, #970, #1497, .T. ) ;
#16 = ORIENTED_EDGE ( 'NONE', *, *, #724, .F. ) ;
#17 = CARTESIAN_POINT ( 'NONE',  ( -24.24871130596428159, 0.000000000000000000, 7.088080128179046213E-17 ) ) ;
#18 = VECTOR ( 'NONE', #13, 1000.000000000000341 ) ;
#19 = ORIENTED_EDGE ( 'NONE', *, *, #922, .T. ) ;
#20 = VECTOR ( 'NONE', #542, 1000.000000000000000 ) ;
#21 = VECTOR ( 'NONE', #67, 1000.000000000000000 ) ;
#22 = CARTESIAN_POINT ( 'NONE',  ( -20.63164208043811954, 3.654329101129423218, 1.137968890696187563 ) ) ;
#23 = LINE ( 'NONE', #1619, #1289 ) ;
#24 = AXIS2_PLACEMENT_3D ( 'NONE', #1362, #158, #12 ) ;
#25 = DIRECTION ( 'NONE',  ( -0.000000000000000000, -1.000000000000000000, -0.000000000000000000 ) ) ;
#26 = CARTESIAN_POINT ( 'NONE',  ( 9.675277914599559992, 8.000000000000000000, 13.24192707456450790 ) ) ;
#27 = ORIENTED_EDGE ( 'NONE', *, *, #1101, .T. ) ;
#28 = CARTESIAN_POINT ( 'NONE',  ( 16.03585593232135409, 0.000000000000000000, 6.000000000000000000 ) ) ;
#29 = VERTEX_POINT ( 'NONE', #839 ) ;
#30 = EDGE_CURVE ( 'NONE', #1514, #386, #1374, .T. ) ;
#31 = CARTESIAN_POINT ( 'NONE',  ( -19.47862624383959940, 4.240515648673084392, 2.756684276166385228 ) ) ;
#32 = CARTESIAN_POINT ( 'NONE',  ( -20.78460969082652099, 0.000000000000000000, 6.000000000000000000 ) ) ;
#33 = PRODUCT ( 'Upper Leg Connector V.3', 'Upper Leg Connector V.3', '', ( #1015 ) ) ;
#34 = CARTESIAN_POINT ( 'NONE',  ( -20.56928635258229932, 5.000000000000000000, -21.87568301270190574 ) ) ;
#35 = FACE_OUTER_BOUND ( 'NONE', #1437, .T. ) ;
#36 = EDGE_CURVE ( 'NONE', #306, #1411, #1637, .T. ) ;
#37 = ORIENTED_EDGE ( 'NONE', *, *, #569, .T. ) ;
#38 = DIRECTION ( 'NONE',  ( -0.000000000000000000, -1.000000000000000000, 0.000000000000000000 ) ) ;
#39 = ADVANCED_FACE ( 'NONE', ( #294 ), #143, .F. ) ;
#40 = FACE_OUTER_BOUND ( 'NONE', #746, .T. ) ;
#41 = DIRECTION ( 'NONE',  ( 0.000000000000000000, 0.000000000000000000, 1.000000000000000000 ) ) ;
#42 = VERTEX_POINT ( 'NONE', #1479 ) ;
#43 = DIRECTION ( 'NONE',  ( -0.000000000000000000, -1.000000000000000000, -0.000000000000000000 ) ) ;
#44 = ORIENTED_EDGE ( 'NONE', *, *, #1386, .T. ) ;
#45 = CARTESIAN_POINT ( 'NONE',  ( -13.85640646055101399, 8.000000000000000000, -10.49999999999999822 ) ) ;
#46 = AXIS2_PLACEMENT_3D ( 'NONE', #1655, #453, #684 ) ;
#47 = EDGE_CURVE ( 'NONE', #1452, #1155, #1104, .T. ) ;
#48 = CIRCLE ( 'NONE', #472, 1.499999999999997780 ) ;
#49 = APPROVAL_ROLE ( '' ) ;
#50 = AXIS2_PLACEMENT_3D ( 'NONE', #1213, #1060, #549 ) ;
#51 = CARTESIAN_POINT ( 'NONE',  ( -20.25286754886200313, 6.500045690212446381, 1.921043569446448052 ) ) ;
#52 = LINE ( 'NONE', #898, #1378 ) ;
#53 = VECTOR ( 'NONE', #653, 1000.000000000000000 ) ;
#54 = EDGE_CURVE ( 'NONE', #1597, #964, #416, .T. ) ;
#55 = ORIENTED_EDGE ( 'NONE', *, *, #1464, .F. ) ;
#56 = CARTESIAN_POINT ( 'NONE',  ( 20.78460969082652099, 0.000000000000000000, -6.000000000000000000 ) ) ;
#57 = EDGE_LOOP ( 'NONE', ( #1381, #430 ) ) ;
#58 = CARTESIAN_POINT ( 'NONE',  ( -20.80139047639002570, 5.487268969334653690, 0.3676410352355719557 ) ) ;
#59 = CARTESIAN_POINT ( 'NONE',  ( 0.000000000000000000, 8.000000000000000000, 0.000000000000000000 ) ) ;
#60 = ORIENTED_EDGE ( 'NONE', *, *, #972, .F. ) ;
#61 = CARTESIAN_POINT ( 'NONE',  ( 9.675277914599559992, 0.000000000000000000, 13.24192707456450790 ) ) ;
#62 = LINE ( 'NONE', #324, #810 ) ;
#63 = CARTESIAN_POINT ( 'NONE',  ( -20.80440006413518716, 5.393415801987342384, 0.3360978981335387972 ) ) ;
#64 = DIRECTION ( 'NONE',  ( -0.8660254037844380415, -0.000000000000000000, 0.5000000000000009992 ) ) ;
#65 = ORIENTED_EDGE ( 'NONE', *, *, #348, .F. ) ;
#66 = ADVANCED_FACE ( 'NONE', ( #437 ), #171, .F. ) ;
#67 = DIRECTION ( 'NONE',  ( -0.000000000000000000, -1.000000000000000000, -0.000000000000000000 ) ) ;
#68 = DIRECTION ( 'NONE',  ( 0.8660254037844383745, -0.000000000000000000, 0.5000000000000004441 ) ) ;
#69 = VECTOR ( 'NONE', #594, 1000.000000000000000 ) ;
#70 = DIRECTION ( 'NONE',  ( -0.8660254037844379305, 0.000000000000000000, 0.5000000000000013323 ) ) ;
#71 = CARTESIAN_POINT ( 'NONE',  ( 21.76666049839538530, 5.000000000000000000, 4.299038105676656230 ) ) ;
#72 = DIRECTION ( 'NONE',  ( -0.8660254037844382635, 0.000000000000000000, -0.5000000000000006661 ) ) ;
#73 = VECTOR ( 'NONE', #1413, 1000.000000000000000 ) ;
#74 = ORIENTED_EDGE ( 'NONE', *, *, #606, .F. ) ;
#75 = VECTOR ( 'NONE', #675, 1000.000000000000000 ) ;
#76 = CARTESIAN_POINT ( 'NONE',  ( -13.85640646055102110, 8.000000000000000000, -6.000000000000015099 ) ) ;
#77 = AXIS2_PLACEMENT_3D ( 'NONE', #153, #1498, #694 ) ;
#78 = DIRECTION ( 'NONE',  ( -0.000000000000000000, -1.000000000000000000, -0.000000000000000000 ) ) ;
#79 =( NAMED_UNIT ( * ) PLANE_ANGLE_UNIT ( ) SI_UNIT ( $, .RADIAN. ) );
#80 = EDGE_CURVE ( 'NONE', #1476, #1262, #731, .T. ) ;
#81 = CARTESIAN_POINT ( 'NONE',  ( -19.73191127362802533, 6.129271299571692033, 2.537785460790479952 ) ) ;
#82 = CARTESIAN_POINT ( 'NONE',  ( 13.85640646055102287, 10.00000000000000000, 6.000000000000000000 ) ) ;
#83 = ORIENTED_EDGE ( 'NONE', *, *, #351, .F. ) ;
#84 = LINE ( 'NONE', #608, #333 ) ;
#85 = ADVANCED_FACE ( 'NONE', ( #1657, #852 ), #1630, .F. ) ;
#86 = CARTESIAN_POINT ( 'NONE',  ( 13.85640646055101399, 8.000000000000000000, -11.99999999999999645 ) ) ;
#87 = ADVANCED_FACE ( 'NONE', ( #276 ), #815, .F. ) ;
#88 = APPROVAL_STATUS ( 'not_yet_approved' ) ;
#89 = ORIENTED_EDGE ( 'NONE', *, *, #500, .T. ) ;
#90 = DIRECTION ( 'NONE',  ( 0.000000000000000000, 0.000000000000000000, -1.000000000000000000 ) ) ;
#91 = CARTESIAN_POINT ( 'NONE',  ( 20.24829565592233749, 6.490000665275180047, 1.920286370126947473 ) ) ;
#92 = VERTEX_POINT ( 'NONE', #6 ) ;
#93 = DIRECTION ( 'NONE',  ( 0.000000000000000000, 0.000000000000000000, -1.000000000000000000 ) ) ;
#94 = EDGE_CURVE ( 'NONE', #774, #1440, #924, .T. ) ;
#95 = CARTESIAN_POINT ( 'NONE',  ( 0.000000000000000000, 8.000000000000000000, 0.000000000000000000 ) ) ;
#96 = CALENDAR_DATE ( 2026, 6, 2 ) ;
#97 = ORIENTED_EDGE ( 'NONE', *, *, #1018, .F. ) ;
#98 = CYLINDRICAL_SURFACE ( 'NONE', #1261, 1.499999999999997780 ) ;
#99 = CARTESIAN_POINT ( 'NONE',  ( 20.24791686963781245, 3.510079067876213266, 1.920873560832839111 ) ) ;
#100 = EDGE_CURVE ( 'NONE', #842, #1339, #1268, .T. ) ;
#101 = AXIS2_PLACEMENT_3D ( 'NONE', #573, #286, #977 ) ;
#102 = ORIENTED_EDGE ( 'NONE', *, *, #1737, .T. ) ;
#103 = LINE ( 'NONE', #1731, #75 ) ;
#104 = AXIS2_PLACEMENT_3D ( 'NONE', #1125, #38, #559 ) ;
#105 = ADVANCED_FACE ( 'NONE', ( #999 ), #1130, .F. ) ;
#106 = CIRCLE ( 'NONE', #560, 5.000000000000000888 ) ;
#107 = ORIENTED_EDGE ( 'NONE', *, *, #863, .F. ) ;
#108 = DIRECTION ( 'NONE',  ( 0.000000000000000000, 1.000000000000000000, 0.000000000000000000 ) ) ;
#109 = AXIS2_PLACEMENT_3D ( 'NONE', #748, #478, #1011 ) ;
#110 = ORIENTED_EDGE ( 'NONE', *, *, #1265, .T. ) ;
#111 = FACE_OUTER_BOUND ( 'NONE', #161, .T. ) ;
#112 = CARTESIAN_POINT ( 'NONE',  ( 20.44707715543409776, 6.490127266337312406, 1.576094274918367732 ) ) ;
#113 = EDGE_CURVE ( 'NONE', #1012, #236, #1063, .T. ) ;
#114 = VERTEX_POINT ( 'NONE', #1676 ) ;
#115 = FACE_OUTER_BOUND ( 'NONE', #666, .T. ) ;
#116 = ORIENTED_EDGE ( 'NONE', *, *, #1282, .F. ) ;
#117 = LINE ( 'NONE', #1089, #1626 ) ;
#118 = ORIENTED_EDGE ( 'NONE', *, *, #1481, .T. ) ;
#119 = DIRECTION ( 'NONE',  ( 0.5000000000000005551, 0.000000000000000000, -0.8660254037844383745 ) ) ;
#120 = CARTESIAN_POINT ( 'NONE',  ( 13.85640646055102287, 10.00000000000000000, -6.000000000000003553 ) ) ;
#121 = EDGE_LOOP ( 'NONE', ( #97, #1605, #133, #116 ) ) ;
#122 = DIRECTION ( 'NONE',  ( 0.000000000000000000, 0.000000000000000000, 1.000000000000000000 ) ) ;
#123 = EDGE_CURVE ( 'NONE', #124, #1559, #1701, .T. ) ;
#124 = VERTEX_POINT ( 'NONE', #219 ) ;
#125 = DIRECTION ( 'NONE',  ( -0.000000000000000000, -1.000000000000000000, -0.000000000000000000 ) ) ;
#126 = COORDINATED_UNIVERSAL_TIME_OFFSET ( 7, 0, .BEHIND. ) ;
#127 = VERTEX_POINT ( 'NONE', #352 ) ;
#128 = DIRECTION ( 'NONE',  ( -0.000000000000000000, 1.000000000000000000, 0.000000000000000000 ) ) ;
#129 = CARTESIAN_POINT ( 'NONE',  ( 19.30912086321459853, 5.000000000000000000, 2.880176935760855095 ) ) ;
#130 = CIRCLE ( 'NONE', #1058, 1.499999999999997780 ) ;
#131 = EDGE_LOOP ( 'NONE', ( #1365, #939, #1519, #464 ) ) ;
#132 = CARTESIAN_POINT ( 'NONE',  ( 13.85640646055101399, 8.000000000000000000, -9.000000000000000000 ) ) ;
#133 = ORIENTED_EDGE ( 'NONE', *, *, #295, .F. ) ;
#134 =( GEOMETRIC_REPRESENTATION_CONTEXT ( 3 ) GLOBAL_UNCERTAINTY_ASSIGNED_CONTEXT ( ( #482 ) ) GLOBAL_UNIT_ASSIGNED_CONTEXT ( ( #201, #79, #1548 ) ) REPRESENTATION_CONTEXT ( 'NONE', 'WORKASPACE' ) );
#135 = LINE ( 'NONE', #921, #451 ) ;
#136 = CIRCLE ( 'NONE', #361, 5.000000000000000888 ) ;
#137 = AXIS2_PLACEMENT_3D ( 'NONE', #889, #761, #1694 ) ;
#138 = EDGE_CURVE ( 'NONE', #638, #1727, #993, .T. ) ;
#139 = ORIENTED_EDGE ( 'NONE', *, *, #1517, .T. ) ;
#140 = CIRCLE ( 'NONE', #847, 9.000000000000000000 ) ;
#141 = CARTESIAN_POINT ( 'NONE',  ( 8.660254037844399733, 10.00000000000000000, -14.99999999999999822 ) ) ;
#142 = FACE_OUTER_BOUND ( 'NONE', #1324, .T. ) ;
#143 = PLANE ( 'NONE',  #1146 ) ;
#144 = CARTESIAN_POINT ( 'NONE',  ( -16.03585593232135409, 0.000000000000000000, 6.000000000000000000 ) ) ;
#145 = ORIENTED_EDGE ( 'NONE', *, *, #330, .T. ) ;
#146 = CARTESIAN_POINT ( 'NONE',  ( 13.85640646055101399, 8.000000000000000000, -11.99999999999999822 ) ) ;
#147 = EDGE_CURVE ( 'NONE', #1706, #159, #308, .T. ) ;
#148 = ADVANCED_FACE ( 'NONE', ( #864 ), #1259, .F. ) ;
#149 = VERTEX_POINT ( 'NONE', #1160 ) ;
#150 = PLANE ( 'NONE',  #248 ) ;
#151 = DIRECTION ( 'NONE',  ( 0.5000000000000004441, 0.000000000000000000, -0.8660254037844383745 ) ) ;
#152 = ORIENTED_EDGE ( 'NONE', *, *, #1400, .T. ) ;
#153 = CARTESIAN_POINT ( 'NONE',  ( -17.32050807568877460, 10.00000000000000000, -3.154177549934253528E-15 ) ) ;
#154 = ORIENTED_EDGE ( 'NONE', *, *, #1023, .T. ) ;
#155 = DIRECTION ( 'NONE',  ( 1.000000000000000000, 0.000000000000000000, 0.000000000000000000 ) ) ;
#156 = VERTEX_POINT ( 'NONE', #1524 ) ;
#157 = CARTESIAN_POINT ( 'NONE',  ( -19.35326833729205376, 4.607759885985480253, 2.849270795966864611 ) ) ;
#158 = DIRECTION ( 'NONE',  ( 0.000000000000000000, 0.000000000000000000, -1.000000000000000000 ) ) ;
#159 = VERTEX_POINT ( 'NONE', #461 ) ;
#160 = CARTESIAN_POINT ( 'NONE',  ( 16.03585593232135409, 8.000000000000000000, -6.000000000000000000 ) ) ;
#161 = EDGE_LOOP ( 'NONE', ( #262, #267, #1363 ) ) ;
#162 = CARTESIAN_POINT ( 'NONE',  ( -16.03585593232135409, 8.000000000000000000, -6.000000000000000000 ) ) ;
#163 = EDGE_CURVE ( 'NONE', #1322, #1738, #1530, .T. ) ;
#164 = VECTOR ( 'NONE', #315, 1000.000000000000000 ) ;
#165 = ORIENTED_EDGE ( 'NONE', *, *, #550, .F. ) ;
#166 = VECTOR ( 'NONE', #840, 1000.000000000000114 ) ;
#167 = DIRECTION ( 'NONE',  ( -0.000000000000000000, -1.000000000000000000, -0.000000000000000000 ) ) ;
#168 = LINE ( 'NONE', #710, #170 ) ;
#169 = CC_DESIGN_PERSON_AND_ORGANIZATION_ASSIGNMENT ( #773, #1467, ( #754 ) ) ;
#170 = VECTOR ( 'NONE', #1512, 1000.000000000000000 ) ;
#171 = CYLINDRICAL_SURFACE ( 'NONE', #358, 1.499999999999999778 ) ;
#172 = EDGE_CURVE ( 'NONE', #232, #1071, #389, .T. ) ;
#173 = DIRECTION ( 'NONE',  ( -0.000000000000000000, -1.000000000000000000, 0.000000000000000000 ) ) ;
#174 = VERTEX_POINT ( 'NONE', #71 ) ;
#175 = CARTESIAN_POINT ( 'NONE',  ( 20.56928635258228866, 5.000000000000000000, -21.87568301270193061 ) ) ;
#176 = EDGE_LOOP ( 'NONE', ( #1426, #805, #1009, #525 ) ) ;
#177 = DIRECTION ( 'NONE',  ( 0.000000000000000000, 0.000000000000000000, 1.000000000000000000 ) ) ;
#178 = CARTESIAN_POINT ( 'NONE',  ( -13.85640646055101399, 8.000000000000000000, -10.49999999999999822 ) ) ;
#179 = PRODUCT_DEFINITION_SHAPE ( 'NONE', 'NONE',  #1469 ) ;
#180 = DIRECTION ( 'NONE',  ( 0.000000000000000000, 0.000000000000000000, -1.000000000000000000 ) ) ;
#181 = CARTESIAN_POINT ( 'NONE',  ( -13.85640646055101399, 8.000000000000000000, 10.49999999999999822 ) ) ;
#182 = ORIENTED_EDGE ( 'NONE', *, *, #295, .T. ) ;
#183 = CARTESIAN_POINT ( 'NONE',  ( 13.85640646055101399, 0.000000000000000000, 11.99999999999999822 ) ) ;
#184 = EDGE_CURVE ( 'NONE', #325, #964, #858, .T. ) ;
#185 = CARTESIAN_POINT ( 'NONE',  ( 1.102182119232617714E-15, 8.000000000000000000, 9.000000000000000000 ) ) ;
#186 = CARTESIAN_POINT ( 'NONE',  ( -20.80912086321460208, 5.000000000000000000, 0.2821007244075476317 ) ) ;
#187 = CARTESIAN_POINT ( 'NONE',  ( -8.660254037844383745, 0.000000000000000000, -15.00000000000000000 ) ) ;
#188 = ORIENTED_EDGE ( 'NONE', *, *, #1525, .F. ) ;
#189 = LINE ( 'NONE', #1662, #612 ) ;
#190 = CIRCLE ( 'NONE', #1003, 5.000000000000000888 ) ;
#191 = CARTESIAN_POINT ( 'NONE',  ( -16.03585593232135409, 0.000000000000000000, 6.000000000000000000 ) ) ;
#192 = ORIENTED_EDGE ( 'NONE', *, *, #1296, .T. ) ;
#193 = VECTOR ( 'NONE', #68, 1000.000000000000000 ) ;
#194 = DIRECTION ( 'NONE',  ( 0.000000000000000000, 0.000000000000000000, 1.000000000000000000 ) ) ;
#195 = DIRECTION ( 'NONE',  ( -0.000000000000000000, -1.000000000000000000, -0.000000000000000000 ) ) ;
#196 = CIRCLE ( 'NONE', #1433, 3.500000000000000000 ) ;
#197 = ORIENTED_EDGE ( 'NONE', *, *, #665, .T. ) ;
#198 = DIRECTION ( 'NONE',  ( -0.4999999999999995559, 0.000000000000000000, -0.8660254037844389297 ) ) ;
#199 = B_SPLINE_CURVE_WITH_KNOTS ( 'NONE', 3,
 ( #291, #958, #1495, #157, #1217, #31, #830, #812, #1361, #1344, #537, #837, #698, #1082, #544, #1234, #1075, #22, #1610, #406, #942, #563, #1477, #1102, #1635, #301 ),
 .UNSPECIFIED., .F., .F.,
 ( 4, 2, 2, 2, 2, 2, 2, 2, 2, 2, 2, 2, 4 ),
 ( 0.000000000000000000, 0.0002967231781574284646, 0.0005934463563148569291, 0.001186892712629713858, 0.001780339068944570028, 0.002077062247101997897, 0.002373785425259426415, 0.002670508603416854500, 0.002967231781574283019, 0.003263954959731711538, 0.003560678137889140057, 0.004154124494203997528, 0.004747570850518854566 ),
 .UNSPECIFIED. ) ;
#200 = PERSON ( 'UNSPECIFIED', 'UNSPECIFIED', 'UNSPECIFIED', ('UNSPECIFIED'), ('UNSPECIFIED'), ('UNSPECIFIED') ) ;
#201 =( LENGTH_UNIT ( ) NAMED_UNIT ( * ) SI_UNIT ( .MILLI., .METRE. ) );
#202 = ADVANCED_FACE ( 'NONE', ( #1470 ), #766, .T. ) ;
#203 = CARTESIAN_POINT ( 'NONE',  ( -20.13775533576610499, 6.459752027673324903, 2.084891192331072229 ) ) ;
#204 = CARTESIAN_POINT ( 'NONE',  ( 13.85640646055101399, 8.000000000000000000, -10.49999999999999822 ) ) ;
#205 = ORIENTED_EDGE ( 'NONE', *, *, #214, .T. ) ;
#206 = DIRECTION ( 'NONE',  ( 0.000000000000000000, 1.000000000000000000, 0.000000000000000000 ) ) ;
#207 = DIRECTION ( 'NONE',  ( 0.5000000000000004441, 0.000000000000000000, -0.8660254037844383745 ) ) ;
#208 = DIRECTION ( 'NONE',  ( -1.000000000000000000, 0.000000000000000000, 0.000000000000000000 ) ) ;
#209 = CARTESIAN_POINT ( 'NONE',  ( -13.85640646055101399, 8.000000000000000000, 10.49999999999999822 ) ) ;
#210 = LINE ( 'NONE', #758, #707 ) ;
#211 = ORIENTED_EDGE ( 'NONE', *, *, #1278, .T. ) ;
#212 = CARTESIAN_POINT ( 'NONE',  ( 17.32050807568878170, 10.00000000000000000, 0.000000000000000000 ) ) ;
#213 = DIRECTION ( 'NONE',  ( 0.000000000000000000, 0.000000000000000000, 1.000000000000000000 ) ) ;
#214 = EDGE_CURVE ( 'NONE', #369, #523, #418, .T. ) ;
#215 = CARTESIAN_POINT ( 'NONE',  ( 9.675277914599559992, 8.000000000000000000, -13.24192707456450790 ) ) ;
#216 = ORIENTED_EDGE ( 'NONE', *, *, #1709, .F. ) ;
#217 = VECTOR ( 'NONE', #783, 1000.000000000000000 ) ;
#218 = ORGANIZATION ( 'UNSPECIFIED', 'UNSPECIFIED', '' ) ;
#219 = CARTESIAN_POINT ( 'NONE',  ( -20.80912086321460208, 5.000000000000000000, 0.2821007244075476317 ) ) ;
#220 = LINE ( 'NONE', #360, #1545 ) ;
#221 = CIRCLE ( 'NONE', #817, 1.499999999999997780 ) ;
#222 = ADVANCED_FACE ( 'NONE', ( #1167, #1187, #1334, #1299 ), #1583, .T. ) ;
#223 = ORIENTED_EDGE ( 'NONE', *, *, #702, .F. ) ;
#224 = VECTOR ( 'NONE', #635, 1000.000000000000114 ) ;
#225 = CARTESIAN_POINT ( 'NONE',  ( -13.85640646055101399, 0.000000000000000000, -10.49999999999999822 ) ) ;
#226 = CIRCLE ( 'NONE', #1210, 1.500000000000000000 ) ;
#227 = DIRECTION ( 'NONE',  ( -1.000000000000000000, 0.000000000000000000, 0.000000000000000000 ) ) ;
#228 = SHAPE_DEFINITION_REPRESENTATION ( #179, #914 ) ;
#229 = ORIENTED_EDGE ( 'NONE', *, *, #1536, .T. ) ;
#230 = LINE ( 'NONE', #632, #753 ) ;
#231 = CARTESIAN_POINT ( 'NONE',  ( -24.24871130596428159, 8.000000000000000000, 7.088080128179046213E-17 ) ) ;
#232 = VERTEX_POINT ( 'NONE', #670 ) ;
#233 = LINE ( 'NONE', #481, #224 ) ;
#234 = FACE_OUTER_BOUND ( 'NONE', #848, .T. ) ;
#235 = COORDINATED_UNIVERSAL_TIME_OFFSET ( 7, 0, .BEHIND. ) ;
#236 = VERTEX_POINT ( 'NONE', #257 ) ;
#237 = CARTESIAN_POINT ( 'NONE',  ( -17.32050807568877460, 0.000000000000000000, -3.154177549934253528E-15 ) ) ;
#238 = CARTESIAN_POINT ( 'NONE',  ( 20.30195524657323958, 3.500022905214491331, 1.835962386905061194 ) ) ;
#239 = ADVANCED_FACE ( 'NONE', ( #1435 ), #98, .F. ) ;
#240 = ORIENTED_EDGE ( 'NONE', *, *, #1517, .F. ) ;
#241 = FACE_BOUND ( 'NONE', #8, .T. ) ;
#242 = ORIENTED_EDGE ( 'NONE', *, *, #1214, .F. ) ;
#243 = DIRECTION ( 'NONE',  ( -0.000000000000000000, -1.000000000000000000, -0.000000000000000000 ) ) ;
#244 = PERSON_AND_ORGANIZATION_ROLE ( 'design_supplier' ) ;
#245 = ORIENTED_EDGE ( 'NONE', *, *, #807, .F. ) ;
#246 = DIRECTION ( 'NONE',  ( -0.000000000000000000, -1.000000000000000000, -0.000000000000000000 ) ) ;
#247 = CARTESIAN_POINT ( 'NONE',  ( 20.78692577313739775, 5.759484351326917384, 0.4906430199041896256 ) ) ;
#248 = AXIS2_PLACEMENT_3D ( 'NONE', #691, #1225, #1091 ) ;
#249 = ORIENTED_EDGE ( 'NONE', *, *, #278, .F. ) ;
#250 = CARTESIAN_POINT ( 'NONE',  ( -13.85640646055101399, 8.000000000000000000, 10.49999999999999822 ) ) ;
#251 = VECTOR ( 'NONE', #374, 1000.000000000000000 ) ;
#252 = CIRCLE ( 'NONE', #1489, 9.000000000000000000 ) ;
#253 = ORIENTED_EDGE ( 'NONE', *, *, #1461, .T. ) ;
#254 = CARTESIAN_POINT ( 'NONE',  ( 17.32050807568878170, 0.000000000000000000, 0.000000000000000000 ) ) ;
#255 = VECTOR ( 'NONE', #1236, 1000.000000000000000 ) ;
#256 = ORIENTED_EDGE ( 'NONE', *, *, #716, .T. ) ;
#257 = CARTESIAN_POINT ( 'NONE',  ( 17.32050807568878170, 10.00000000000000000, -3.500000000000000000 ) ) ;
#258 = CARTESIAN_POINT ( 'NONE',  ( 19.47856887612225307, 4.240495350974647693, 2.756734019602798291 ) ) ;
#259 = ADVANCED_FACE ( 'NONE', ( #1319, #111 ), #775, .F. ) ;
#260 = ORIENTED_EDGE ( 'NONE', *, *, #1556, .T. ) ;
#261 = FACE_OUTER_BOUND ( 'NONE', #1625, .T. ) ;
#262 = ORIENTED_EDGE ( 'NONE', *, *, #1461, .F. ) ;
#263 = FACE_OUTER_BOUND ( 'NONE', #682, .T. ) ;
#264 = ORIENTED_EDGE ( 'NONE', *, *, #163, .F. ) ;
#265 = CARTESIAN_POINT ( 'NONE',  ( -16.03585593232135409, 8.000000000000000000, 6.000000000000000000 ) ) ;
#266 = CARTESIAN_POINT ( 'NONE',  ( 0.000000000000000000, 0.000000000000000000, 0.000000000000000000 ) ) ;
#267 = ORIENTED_EDGE ( 'NONE', *, *, #1191, .F. ) ;
#268 = DIRECTION ( 'NONE',  ( 0.000000000000000000, 0.000000000000000000, -1.000000000000000000 ) ) ;
#269 = VERTEX_POINT ( 'NONE', #1024 ) ;
#270 = EDGE_CURVE ( 'NONE', #1056, #419, #230, .T. ) ;
#271 = DIRECTION ( 'NONE',  ( 0.000000000000000000, 1.000000000000000000, 0.000000000000000000 ) ) ;
#272 = ORIENTED_EDGE ( 'NONE', *, *, #368, .F. ) ;
#273 = DIRECTION ( 'NONE',  ( 0.000000000000000000, 0.000000000000000000, 1.000000000000000000 ) ) ;
#274 = CARTESIAN_POINT ( 'NONE',  ( 20.78689486064659420, 4.239676128403755406, 0.4909482540384287885 ) ) ;
#275 = APPROVAL_PERSON_ORGANIZATION ( #1194, #483, #535 ) ;
#276 = FACE_OUTER_BOUND ( 'NONE', #913, .T. ) ;
#277 = DIRECTION ( 'NONE',  ( -0.8660254037844380415, -0.000000000000000000, 0.5000000000000009992 ) ) ;
#278 = EDGE_CURVE ( 'NONE', #1411, #1419, #641, .T. ) ;
#279 = VERTEX_POINT ( 'NONE', #1591 ) ;
#280 = FACE_OUTER_BOUND ( 'NONE', #447, .T. ) ;
#281 = AXIS2_PLACEMENT_3D ( 'NONE', #434, #167, #709 ) ;
#282 = AXIS2_PLACEMENT_3D ( 'NONE', #1543, #329, #93 ) ;
#283 = ORIENTED_EDGE ( 'NONE', *, *, #138, .F. ) ;
#284 = DIRECTION ( 'NONE',  ( -0.000000000000000000, -1.000000000000000000, 0.000000000000000000 ) ) ;
#285 = DIRECTION ( 'NONE',  ( 0.8660254037844383745, -0.000000000000000000, 0.5000000000000004441 ) ) ;
#286 = DIRECTION ( 'NONE',  ( -0.000000000000000000, -1.000000000000000000, 0.000000000000000000 ) ) ;
#287 = CARTESIAN_POINT ( 'NONE',  ( 20.78460969082652099, 8.000000000000000000, 6.000000000000000000 ) ) ;
#288 = ORIENTED_EDGE ( 'NONE', *, *, #1023, .F. ) ;
#289 = CARTESIAN_POINT ( 'NONE',  ( -17.32050807568877460, 10.00000000000000000, -3.154177549934253528E-15 ) ) ;
#290 = VERTEX_POINT ( 'NONE', #1054 ) ;
#291 = CARTESIAN_POINT ( 'NONE',  ( -19.30912086321458787, 5.000000000000000000, 2.880176935760854207 ) ) ;
#292 = ADVANCED_FACE ( 'NONE', ( #1699 ), #501, .F. ) ;
#293 = DIRECTION ( 'NONE',  ( 0.000000000000000000, 1.000000000000000000, 0.000000000000000000 ) ) ;
#294 = FACE_OUTER_BOUND ( 'NONE', #176, .T. ) ;
#295 = EDGE_CURVE ( 'NONE', #1322, #1209, #190, .T. ) ;
#296 = DIRECTION ( 'NONE',  ( -0.5000000000000012212, 0.000000000000000000, 0.8660254037844379305 ) ) ;
#297 = ORIENTED_EDGE ( 'NONE', *, *, #1265, .F. ) ;
#298 = LINE ( 'NONE', #56, #1399 ) ;
#299 = ORIENTED_EDGE ( 'NONE', *, *, #750, .F. ) ;
#300 = EDGE_CURVE ( 'NONE', #1216, #1040, #1174, .T. ) ;
#301 = CARTESIAN_POINT ( 'NONE',  ( -20.80912086321460208, 5.000000000000000000, 0.2821007244075476317 ) ) ;
#302 = CARTESIAN_POINT ( 'NONE',  ( 13.85640646055101399, 8.000000000000000000, -10.49999999999999822 ) ) ;
#303 = ORIENTED_EDGE ( 'NONE', *, *, #1643, .F. ) ;
#304 = APPROVAL_PERSON_ORGANIZATION ( #509, #721, #792 ) ;
#305 = DIRECTION ( 'NONE',  ( 0.8660254037844368202, 0.000000000000000000, -0.5000000000000031086 ) ) ;
#306 = VERTEX_POINT ( 'NONE', #1307 ) ;
#307 = DIRECTION ( 'NONE',  ( 0.000000000000000000, 0.000000000000000000, 1.000000000000000000 ) ) ;
#308 = CIRCLE ( 'NONE', #1092, 1.499999999999998224 ) ;
#309 = EDGE_LOOP ( 'NONE', ( #488, #790, #1048, #1601 ) ) ;
#310 = CIRCLE ( 'NONE', #1286, 5.000000000000000000 ) ;
#311 = VECTOR ( 'NONE', #1508, 1000.000000000000000 ) ;
#312 = FACE_BOUND ( 'NONE', #700, .T. ) ;
#313 = CYLINDRICAL_SURFACE ( 'NONE', #980, 5.000000000000000888 ) ;
#314 = AXIS2_PLACEMENT_3D ( 'NONE', #823, #293, #1522 ) ;
#315 = DIRECTION ( 'NONE',  ( -0.000000000000000000, -1.000000000000000000, -0.000000000000000000 ) ) ;
#316 = CARTESIAN_POINT ( 'NONE',  ( 19.81928635258228866, 5.000000000000000000, -23.17472111837858861 ) ) ;
#317 = EDGE_CURVE ( 'NONE', #799, #736, #449, .T. ) ;
#318 = ORIENTED_EDGE ( 'NONE', *, *, #606, .T. ) ;
#319 = DIRECTION ( 'NONE',  ( -0.000000000000000000, -1.000000000000000000, -0.000000000000000000 ) ) ;
#320 = CARTESIAN_POINT ( 'NONE',  ( 13.85640646055101399, 8.000000000000000000, -15.50000000000000000 ) ) ;
#321 = DIRECTION ( 'NONE',  ( -0.000000000000000000, -1.000000000000000000, -0.000000000000000000 ) ) ;
#322 = EDGE_LOOP ( 'NONE', ( #518, #1711, #409, #1081 ) ) ;
#323 = CARTESIAN_POINT ( 'NONE',  ( 20.78460969082653520, 8.000000000000000000, -6.000000000000003553 ) ) ;
#324 = CARTESIAN_POINT ( 'NONE',  ( 24.24871130596429225, 10.00000000000000000, -1.867143853166486393E-15 ) ) ;
#325 = VERTEX_POINT ( 'NONE', #650 ) ;
#326 = CARTESIAN_POINT ( 'NONE',  ( 0.000000000000000000, 8.000000000000000000, 0.000000000000000000 ) ) ;
#327 = CARTESIAN_POINT ( 'NONE',  ( 13.85640646055102287, 8.000000000000000000, 6.000000000000000000 ) ) ;
#328 = ORIENTED_EDGE ( 'NONE', *, *, #1031, .F. ) ;
#329 = DIRECTION ( 'NONE',  ( -0.000000000000000000, -1.000000000000000000, -0.000000000000000000 ) ) ;
#330 = EDGE_CURVE ( 'NONE', #575, #546, #672, .T. ) ;
#331 = VECTOR ( 'NONE', #554, 1000.000000000000114 ) ;
#332 = DIRECTION ( 'NONE',  ( 0.000000000000000000, 1.000000000000000000, -0.000000000000000000 ) ) ;
#333 = VECTOR ( 'NONE', #737, 1000.000000000000000 ) ;
#334 = CARTESIAN_POINT ( 'NONE',  ( -20.80912086321459853, 5.098787057122231126, 0.2821007244075475207 ) ) ;
#335 = LINE ( 'NONE', #1398, #1127 ) ;
#336 = CIRCLE ( 'NONE', #314, 9.000000000000000000 ) ;
#337 = EDGE_CURVE ( 'NONE', #1613, #279, #387, .T. ) ;
#338 = VERTEX_POINT ( 'NONE', #1196 ) ;
#339 = DIRECTION ( 'NONE',  ( 0.000000000000000000, 0.000000000000000000, 1.000000000000000000 ) ) ;
#340 = FACE_BOUND ( 'NONE', #904, .T. ) ;
#341 = EDGE_CURVE ( 'NONE', #1040, #842, #526, .T. ) ;
#342 = DIRECTION ( 'NONE',  ( 0.5000000000000009992, 0.000000000000000000, 0.8660254037844380415 ) ) ;
#343 = CARTESIAN_POINT ( 'NONE',  ( 13.85640646055101399, 8.000000000000000000, -15.50000000000000000 ) ) ;
#344 = ADVANCED_FACE ( 'NONE', ( #11, #849 ), #1510, .F. ) ;
#345 = ORIENTED_EDGE ( 'NONE', *, *, #1159, .F. ) ;
#346 = DIRECTION ( 'NONE',  ( 0.5000000000000013323, 0.000000000000000000, -0.8660254037844380415 ) ) ;
#347 = CARTESIAN_POINT ( 'NONE',  ( -13.85640646055101399, 0.000000000000000000, 10.49999999999999822 ) ) ;
#348 = EDGE_CURVE ( 'NONE', #1059, #619, #1567, .T. ) ;
#349 = CARTESIAN_POINT ( 'NONE',  ( 0.000000000000000000, 10.00000000000000000, 0.000000000000000000 ) ) ;
#350 = ORIENTED_EDGE ( 'NONE', *, *, #1427, .F. ) ;
#351 = EDGE_CURVE ( 'NONE', #1632, #400, #48, .T. ) ;
#352 = CARTESIAN_POINT ( 'NONE',  ( -16.03585593232135409, 0.000000000000000000, -6.000000000000000000 ) ) ;
#353 = CARTESIAN_POINT ( 'NONE',  ( 8.660254037844381969, 10.00000000000000000, 15.00000000000001243 ) ) ;
#354 = ORIENTED_EDGE ( 'NONE', *, *, #1684, .F. ) ;
#355 = DIRECTION ( 'NONE',  ( -1.000000000000000000, 0.000000000000000000, 3.755786496842894127E-16 ) ) ;
#356 = PLANE ( 'NONE',  #1705 ) ;
#357 = LOCAL_TIME ( 22, 20, 58.00000000000000000, #1581 ) ;
#358 = AXIS2_PLACEMENT_3D ( 'NONE', #34, #1086, #719 ) ;
#359 = DIRECTION ( 'NONE',  ( 0.000000000000000000, -0.000000000000000000, 1.000000000000000000 ) ) ;
#360 = CARTESIAN_POINT ( 'NONE',  ( -8.660254037844381969, 0.000000000000000000, 14.99999999999999467 ) ) ;
#361 = AXIS2_PLACEMENT_3D ( 'NONE', #1649, #1528, #307 ) ;
#362 = ORIENTED_EDGE ( 'NONE', *, *, #475, .T. ) ;
#363 = VECTOR ( 'NONE', #854, 1000.000000000000000 ) ;
#364 = ADVANCED_FACE ( 'NONE', ( #975, #1642, #822, #717, #1353, #552, #443, #312 ), #150, .T. ) ;
#365 = DIRECTION ( 'NONE',  ( 0.8660254037844379305, -0.000000000000000000, 0.5000000000000013323 ) ) ;
#366 = CIRCLE ( 'NONE', #1318, 11.12500000000000000 ) ;
#367 = LINE ( 'NONE', #86, #782 ) ;
#368 = EDGE_CURVE ( 'NONE', #1738, #513, #1235, .T. ) ;
#369 = VERTEX_POINT ( 'NONE', #1740 ) ;
#370 = CARTESIAN_POINT ( 'NONE',  ( 13.85640646055101399, 8.000000000000000000, -10.49999999999999822 ) ) ;
#371 = CARTESIAN_POINT ( 'NONE',  ( 19.96158504612273532, 6.345670898870578114, 2.298541718099365916 ) ) ;
#372 = ORIENTED_EDGE ( 'NONE', *, *, #845, .F. ) ;
#373 = ORIENTED_EDGE ( 'NONE', *, *, #214, .F. ) ;
#374 = DIRECTION ( 'NONE',  ( 0.5000000000000006661, 0.000000000000000000, -0.8660254037844382635 ) ) ;
#375 = DATE_AND_TIME ( #1176, #1430 ) ;
#376 = ORIENTED_EDGE ( 'NONE', *, *, #1018, .T. ) ;
#377 = CARTESIAN_POINT ( 'NONE',  ( 13.85640646055101399, 8.000000000000000000, -10.49999999999999822 ) ) ;
#378 = DIRECTION ( 'NONE',  ( -0.000000000000000000, -1.000000000000000000, -0.000000000000000000 ) ) ;
#379 = VERTEX_POINT ( 'NONE', #571 ) ;
#380 = CARTESIAN_POINT ( 'NONE',  ( 0.000000000000000000, 8.000000000000000000, -11.12500000000000000 ) ) ;
#381 = ORIENTED_EDGE ( 'NONE', *, *, #912, .T. ) ;
#382 = CARTESIAN_POINT ( 'NONE',  ( 8.660254037844399733, 10.00000000000000000, -14.99999999999999822 ) ) ;
#383 = LOCAL_TIME ( 22, 20, 58.00000000000000000, #235 ) ;
#384 = EDGE_CURVE ( 'NONE', #1559, #124, #199, .T. ) ;
#385 = DATE_TIME_ROLE ( 'classification_date' ) ;
#386 = VERTEX_POINT ( 'NONE', #141 ) ;
#387 = LINE ( 'NONE', #926, #639 ) ;
#388 = CARTESIAN_POINT ( 'NONE',  ( 19.73230952490951751, 3.870269613594416125, 2.537407022280440128 ) ) ;
#389 = CIRCLE ( 'NONE', #1733, 11.12500000000000000 ) ;
#390 = ORIENTED_EDGE ( 'NONE', *, *, #1556, .F. ) ;
#391 = APPLICATION_CONTEXT ( 'configuration controlled 3d designs of mechanical parts and assemblies' ) ;
#392 = VECTOR ( 'NONE', #1173, 1000.000000000000000 ) ;
#393 = ORIENTED_EDGE ( 'NONE', *, *, #172, .F. ) ;
#394 = DIRECTION ( 'NONE',  ( 0.000000000000000000, 0.000000000000000000, 1.000000000000000000 ) ) ;
#395 = CIRCLE ( 'NONE', #109, 1.499999999999997780 ) ;
#396 = ORIENTED_EDGE ( 'NONE', *, *, #657, .F. ) ;
#397 = CARTESIAN_POINT ( 'NONE',  ( 24.24871130596428159, 0.000000000000000000, 7.088080128179162077E-17 ) ) ;
#398 = LINE ( 'NONE', #1168, #1097 ) ;
#399 = ADVANCED_FACE ( 'NONE', ( #683 ), #1618, .F. ) ;
#400 = VERTEX_POINT ( 'NONE', #965 ) ;
#401 = CARTESIAN_POINT ( 'NONE',  ( -13.85640646055101399, 0.000000000000000000, -9.000000000000000000 ) ) ;
#402 = EDGE_CURVE ( 'NONE', #1339, #1411, #1503, .T. ) ;
#403 = ORIENTED_EDGE ( 'NONE', *, *, #1407, .T. ) ;
#404 = CARTESIAN_POINT ( 'NONE',  ( 16.03585593232135409, 8.000000000000000000, 6.000000000000000000 ) ) ;
#405 = ORIENTED_EDGE ( 'NONE', *, *, #1737, .F. ) ;
#406 = CARTESIAN_POINT ( 'NONE',  ( -20.70518700017184699, 3.809214506141687995, 0.8949076170291433430 ) ) ;
#407 = DIRECTION ( 'NONE',  ( 0.5000000000000002220, 0.000000000000000000, -0.8660254037844384856 ) ) ;
#408 = EDGE_CURVE ( 'NONE', #1071, #1221, #1683, .T. ) ;
#409 = ORIENTED_EDGE ( 'NONE', *, *, #772, .T. ) ;
#410 = ORIENTED_EDGE ( 'NONE', *, *, #1171, .T. ) ;
#411 = CARTESIAN_POINT ( 'NONE',  ( -13.85640646055101399, 8.000000000000000000, -11.99999999999999645 ) ) ;
#412 = ORIENTED_EDGE ( 'NONE', *, *, #735, .T. ) ;
#413 = ADVANCED_FACE ( 'NONE', ( #1277 ), #910, .F. ) ;
#414 = CARTESIAN_POINT ( 'NONE',  ( 13.85640646055101399, 0.000000000000000000, -10.49999999999999822 ) ) ;
#415 = DIRECTION ( 'NONE',  ( 0.000000000000000000, 0.000000000000000000, -1.000000000000000000 ) ) ;
#416 = LINE ( 'NONE', #1094, #420 ) ;
#417 = LINE ( 'NONE', #187, #756 ) ;
#418 = CIRCLE ( 'NONE', #1030, 9.000000000000000000 ) ;
#419 = VERTEX_POINT ( 'NONE', #1546 ) ;
#420 = VECTOR ( 'NONE', #1254, 1000.000000000000000 ) ;
#421 = CARTESIAN_POINT ( 'NONE',  ( -20.78460969082652099, 0.000000000000000000, -6.000000000000000000 ) ) ;
#422 = AXIS2_PLACEMENT_3D ( 'NONE', #1616, #125, #1080 ) ;
#423 = VECTOR ( 'NONE', #1681, 1000.000000000000000 ) ;
#424 = ORIENTED_EDGE ( 'NONE', *, *, #1267, .T. ) ;
#425 = EDGE_CURVE ( 'NONE', #765, #174, #484, .T. ) ;
#426 = DIRECTION ( 'NONE',  ( 0.000000000000000000, 0.000000000000000000, -1.000000000000000000 ) ) ;
#427 = CARTESIAN_POINT ( 'NONE',  ( 16.03585593232135409, 8.000000000000000000, -6.000000000000000000 ) ) ;
#428 = CARTESIAN_POINT ( 'NONE',  ( -17.32050807568877460, 8.000000000000000000, -3.154177549934253528E-15 ) ) ;
#429 = CYLINDRICAL_SURFACE ( 'NONE', #1404, 11.12500000000000000 ) ;
#430 = ORIENTED_EDGE ( 'NONE', *, *, #317, .F. ) ;
#431 = DIRECTION ( 'NONE',  ( 0.000000000000000000, 0.000000000000000000, 1.000000000000000000 ) ) ;
#432 = EDGE_CURVE ( 'NONE', #174, #29, #558, .T. ) ;
#433 = ORIENTED_EDGE ( 'NONE', *, *, #1101, .F. ) ;
#434 = CARTESIAN_POINT ( 'NONE',  ( -13.85640646055101399, 8.000000000000000000, -10.49999999999999822 ) ) ;
#435 = CARTESIAN_POINT ( 'NONE',  ( 8.660254037844383745, 8.000000000000000000, -15.00000000000000000 ) ) ;
#436 = B_SPLINE_CURVE_WITH_KNOTS ( 'NONE', 3,
 ( #734, #1269, #467, #1574, #1076, #247, #1206, #1067, #1592, #1320, #1046, #112, #651, #1308, #91, #1611, #633, #371, #1478, #527, #1449, #642, #661, #1471, #1180, #129 ),
 .UNSPECIFIED., .F., .F.,
 ( 4, 2, 2, 2, 2, 2, 2, 2, 2, 2, 2, 2, 4 ),
 ( 0.000000000000000000, 0.0002967231781574286814, 0.0005934463563148573628, 0.001186892712629714726, 0.001780339068944572414, 0.002077062247102003101, 0.002373785425259433788, 0.002670508603416864909, 0.002967231781574294729, 0.003263954959731725416, 0.003560678137889155236, 0.004154124494204009671, 0.004747570850518862372 ),
 .UNSPECIFIED. ) ;
#437 = FACE_OUTER_BOUND ( 'NONE', #1192, .T. ) ;
#438 = DIRECTION ( 'NONE',  ( 0.5000000000000002220, 0.000000000000000000, -0.8660254037844384856 ) ) ;
#439 = ORIENTED_EDGE ( 'NONE', *, *, #492, .T. ) ;
#440 = DIRECTION ( 'NONE',  ( 0.000000000000000000, 0.000000000000000000, -1.000000000000000000 ) ) ;
#441 = ORIENTED_EDGE ( 'NONE', *, *, #1416, .F. ) ;
#442 = ADVANCED_FACE ( 'NONE', ( #1041 ), #490, .F. ) ;
#443 = FACE_BOUND ( 'NONE', #1462, .T. ) ;
#444 = DIRECTION ( 'NONE',  ( -0.000000000000000000, -1.000000000000000000, 0.000000000000000000 ) ) ;
#445 = DIRECTION ( 'NONE',  ( -1.000000000000000000, 0.000000000000000000, 1.001543065824772482E-16 ) ) ;
#446 = DIRECTION ( 'NONE',  ( -1.000000000000000000, 0.000000000000000000, 3.755786496842894127E-16 ) ) ;
#447 = EDGE_LOOP ( 'NONE', ( #256, #27, #711, #223 ) ) ;
#448 = CARTESIAN_POINT ( 'NONE',  ( 19.30912086321459853, 5.000000000000000000, 2.880176935760855095 ) ) ;
#449 = CIRCLE ( 'NONE', #1396, 1.499999999999997780 ) ;
#450 = SECURITY_CLASSIFICATION ( '', '', #1165 ) ;
#451 = VECTOR ( 'NONE', #679, 1000.000000000000000 ) ;
#452 = AXIS2_PLACEMENT_3D ( 'NONE', #1113, #305, #825 ) ;
#453 = DIRECTION ( 'NONE',  ( -0.000000000000000000, -1.000000000000000000, -0.000000000000000000 ) ) ;
#454 = CIRCLE ( 'NONE', #680, 1.499999999999997780 ) ;
#455 = CARTESIAN_POINT ( 'NONE',  ( 8.660254037844399733, 0.000000000000000000, 14.99999999999999289 ) ) ;
#456 = CARTESIAN_POINT ( 'NONE',  ( -20.78460969082653875, 10.00000000000000000, -6.000000000000012434 ) ) ;
#457 = ORIENTED_EDGE ( 'NONE', *, *, #1521, .F. ) ;
#458 = DIRECTION ( 'NONE',  ( 0.5000000000000005551, 0.000000000000000000, 0.8660254037844383745 ) ) ;
#459 = DATE_AND_TIME ( #1663, #1064 ) ;
#460 = ADVANCED_FACE ( 'NONE', ( #234, #340 ), #356, .F. ) ;
#461 = CARTESIAN_POINT ( 'NONE',  ( -21.76666049839538886, 5.000000000000000000, 4.299038105676663335 ) ) ;
#462 = ADVANCED_FACE ( 'NONE', ( #1252 ), #1580, .F. ) ;
#463 = DIRECTION ( 'NONE',  ( -0.000000000000000000, -1.000000000000000000, -0.000000000000000000 ) ) ;
#464 = ORIENTED_EDGE ( 'NONE', *, *, #1214, .T. ) ;
#465 = CARTESIAN_POINT ( 'NONE',  ( 0.000000000000000000, 0.000000000000000000, 0.000000000000000000 ) ) ;
#466 = CARTESIAN_POINT ( 'NONE',  ( -19.30912086321458787, 5.000000000000000000, 2.880176935760854207 ) ) ;
#467 = CARTESIAN_POINT ( 'NONE',  ( 20.80827618150226144, 5.198927637564870530, 0.2931415869052991785 ) ) ;
#468 = ORIENTED_EDGE ( 'NONE', *, *, #1643, .T. ) ;
#469 = DIRECTION ( 'NONE',  ( -0.000000000000000000, -1.000000000000000000, -0.000000000000000000 ) ) ;
#470 = DIRECTION ( 'NONE',  ( 0.000000000000000000, 0.000000000000000000, -1.000000000000000000 ) ) ;
#471 = EDGE_CURVE ( 'NONE', #619, #400, #367, .T. ) ;
#472 = AXIS2_PLACEMENT_3D ( 'NONE', #414, #284, #177 ) ;
#473 = AXIS2_PLACEMENT_3D ( 'NONE', #254, #108, #648 ) ;
#474 = VERTEX_POINT ( 'NONE', #621 ) ;
#475 = EDGE_CURVE ( 'NONE', #1379, #1298, #508, .T. ) ;
#476 = VECTOR ( 'NONE', #1038, 1000.000000000000000 ) ;
#477 = CARTESIAN_POINT ( 'NONE',  ( -20.72386774133502030, 6.129730386405585207, 0.8199778127690899865 ) ) ;
#478 = DIRECTION ( 'NONE',  ( 0.000000000000000000, 1.000000000000000000, -0.000000000000000000 ) ) ;
#479 = AXIS2_PLACEMENT_3D ( 'NONE', #302, #572, #838 ) ;
#480 = ORIENTED_EDGE ( 'NONE', *, *, #425, .F. ) ;
#481 = CARTESIAN_POINT ( 'NONE',  ( -24.24871130596429225, 10.00000000000000000, -6.179412470143226683E-15 ) ) ;
#482 = UNCERTAINTY_MEASURE_WITH_UNIT (LENGTH_MEASURE( 1.000000000000000082E-05 ), #201, 'distance_accuracy_value', 'NONE');
#483 = APPROVAL ( #894, 'UNSPECIFIED' ) ;
#484 = LINE ( 'NONE', #771, #193 ) ;
#485 = ADVANCED_FACE ( 'NONE', ( #1149, #40 ), #577, .T. ) ;
#486 = CARTESIAN_POINT ( 'NONE',  ( -20.80827760845579633, 5.199137163090283842, 0.2931362662534812147 ) ) ;
#487 = CYLINDRICAL_SURFACE ( 'NONE', #561, 5.000000000000000888 ) ;
#488 = ORIENTED_EDGE ( 'NONE', *, *, #728, .T. ) ;
#489 = CARTESIAN_POINT ( 'NONE',  ( -13.85640646055101399, 8.000000000000000000, 11.99999999999999645 ) ) ;
#490 = PLANE ( 'NONE',  #1568 ) ;
#491 = PERSON_AND_ORGANIZATION ( #200, #218 ) ;
#492 = EDGE_CURVE ( 'NONE', #1056, #1106, #1486, .T. ) ;
#493 = CARTESIAN_POINT ( 'NONE',  ( 13.85640646055101399, 8.000000000000000000, -10.49999999999999822 ) ) ;
#494 = CARTESIAN_POINT ( 'NONE',  ( 13.85640646055101399, 8.000000000000000000, -10.49999999999999822 ) ) ;
#495 = EDGE_LOOP ( 'NONE', ( #264, #182, #229, #272 ) ) ;
#496 = LINE ( 'NONE', #489, #21 ) ;
#497 = LINE ( 'NONE', #1432, #1032 ) ;
#498 = AXIS2_PLACEMENT_3D ( 'NONE', #1141, #872, #1395 ) ;
#499 = ORIENTED_EDGE ( 'NONE', *, *, #987, .F. ) ;
#500 = EDGE_CURVE ( 'NONE', #708, #1339, #885, .T. ) ;
#501 = CYLINDRICAL_SURFACE ( 'NONE', #1203, 1.499999999999999778 ) ;
#502 = CARTESIAN_POINT ( 'NONE',  ( -9.675277914599558216, 8.000000000000000000, 13.24192707456450790 ) ) ;
#503 = AXIS2_PLACEMENT_3D ( 'NONE', #940, #1588, #1200 ) ;
#504 = EDGE_LOOP ( 'NONE', ( #1730, #866 ) ) ;
#505 = VECTOR ( 'NONE', #1337, 1000.000000000000000 ) ;
#506 = CARTESIAN_POINT ( 'NONE',  ( -13.85640646055101222, 8.000000000000000000, 6.000000000000000000 ) ) ;
#507 = ORIENTED_EDGE ( 'NONE', *, *, #1321, .T. ) ;
#508 = LINE ( 'NONE', #1445, #1513 ) ;
#509 = PERSON_AND_ORGANIZATION ( #200, #218 ) ;
#510 = EDGE_LOOP ( 'NONE', ( #973, #1587, #396, #1468 ) ) ;
#511 = DIRECTION ( 'NONE',  ( -0.000000000000000000, -1.000000000000000000, 0.000000000000000000 ) ) ;
#512 = CARTESIAN_POINT ( 'NONE',  ( 0.000000000000000000, 10.00000000000000000, -9.000000000000000000 ) ) ;
#513 = VERTEX_POINT ( 'NONE', #1021 ) ;
#514 = DIRECTION ( 'NONE',  ( 0.000000000000000000, -0.000000000000000000, -1.000000000000000000 ) ) ;
#515 = EDGE_CURVE ( 'NONE', #290, #557, #221, .T. ) ;
#516 = ORIENTED_EDGE ( 'NONE', *, *, #622, .F. ) ;
#517 = CARTESIAN_POINT ( 'NONE',  ( 20.78460969082654231, 10.00000000000000000, 6.000000000000000000 ) ) ;
#518 = ORIENTED_EDGE ( 'NONE', *, *, #796, .F. ) ;
#519 = DIRECTION ( 'NONE',  ( 0.000000000000000000, 0.000000000000000000, -1.000000000000000000 ) ) ;
#520 = CARTESIAN_POINT ( 'NONE',  ( 19.37933575202699643, 4.512731030665351639, 2.830712068975673734 ) ) ;
#521 = ORIENTED_EDGE ( 'NONE', *, *, #1416, .T. ) ;
#522 = DIRECTION ( 'NONE',  ( 0.000000000000000000, -1.000000000000000000, 0.000000000000000000 ) ) ;
#523 = VERTEX_POINT ( 'NONE', #891 ) ;
#524 = DIRECTION ( 'NONE',  ( -0.000000000000000000, -1.000000000000000000, -0.000000000000000000 ) ) ;
#525 = ORIENTED_EDGE ( 'NONE', *, *, #1394, .T. ) ;
#526 = LINE ( 'NONE', #1603, #892 ) ;
#527 = CARTESIAN_POINT ( 'NONE',  ( 19.78786026831771494, 6.190785493858309785, 2.483764123741582619 ) ) ;
#528 = EDGE_CURVE ( 'NONE', #338, #149, #497, .T. ) ;
#529 = ORIENTED_EDGE ( 'NONE', *, *, #724, .T. ) ;
#530 = FACE_OUTER_BOUND ( 'NONE', #1672, .T. ) ;
#531 = VERTEX_POINT ( 'NONE', #1295 ) ;
#532 = FACE_OUTER_BOUND ( 'NONE', #309, .T. ) ;
#533 = CC_DESIGN_PERSON_AND_ORGANIZATION_ASSIGNMENT ( #1529, #1297, ( #1469 ) ) ;
#534 = VECTOR ( 'NONE', #463, 1000.000000000000000 ) ;
#535 = APPROVAL_ROLE ( '' ) ;
#536 = VERTEX_POINT ( 'NONE', #628 ) ;
#537 = CARTESIAN_POINT ( 'NONE',  ( -20.13731375520894673, 3.548918597892393390, 2.079690635088017991 ) ) ;
#538 = CARTESIAN_POINT ( 'NONE',  ( 20.63105241457789774, 3.653549112900535523, 1.139609377075105900 ) ) ;
#539 = ORIENTED_EDGE ( 'NONE', *, *, #147, .F. ) ;
#540 = LINE ( 'NONE', #380, #476 ) ;
#541 = ORIENTED_EDGE ( 'NONE', *, *, #1502, .T. ) ;
#542 = DIRECTION ( 'NONE',  ( -0.000000000000000000, -1.000000000000000000, -0.000000000000000000 ) ) ;
#543 = VERTEX_POINT ( 'NONE', #1164 ) ;
#544 = CARTESIAN_POINT ( 'NONE',  ( -20.44741864487648186, 3.509999334724821729, 1.575395236303381408 ) ) ;
#545 = FACE_OUTER_BOUND ( 'NONE', #1742, .T. ) ;
#546 = VERTEX_POINT ( 'NONE', #1695 ) ;
#547 = LINE ( 'NONE', #1255, #870 ) ;
#548 = ORIENTED_EDGE ( 'NONE', *, *, #786, .F. ) ;
#549 = DIRECTION ( 'NONE',  ( 0.000000000000000000, 0.000000000000000000, 1.000000000000000000 ) ) ;
#550 = EDGE_CURVE ( 'NONE', #325, #536, #704, .T. ) ;
#551 = ORIENTED_EDGE ( 'NONE', *, *, #1472, .T. ) ;
#552 = FACE_BOUND ( 'NONE', #504, .T. ) ;
#553 = LINE ( 'NONE', #435, #788 ) ;
#554 = DIRECTION ( 'NONE',  ( -0.4999999999999995559, 0.000000000000000000, -0.8660254037844389297 ) ) ;
#555 = FACE_OUTER_BOUND ( 'NONE', #1387, .T. ) ;
#556 = AXIS2_PLACEMENT_3D ( 'NONE', #237, #1721, #519 ) ;
#557 = VERTEX_POINT ( 'NONE', #9 ) ;
#558 = CIRCLE ( 'NONE', #1175, 1.500000000000000000 ) ;
#559 = DIRECTION ( 'NONE',  ( 0.000000000000000000, 0.000000000000000000, 1.000000000000000000 ) ) ;
#560 = AXIS2_PLACEMENT_3D ( 'NONE', #1621, #986, #1526 ) ;
#561 = AXIS2_PLACEMENT_3D ( 'NONE', #204, #617, #1550 ) ;
#562 = ORIENTED_EDGE ( 'NONE', *, *, #968, .T. ) ;
#563 = CARTESIAN_POINT ( 'NONE',  ( -20.77035173729091255, 4.077706653973387496, 0.6076172252650532402 ) ) ;
#564 = CARTESIAN_POINT ( 'NONE',  ( 13.85640646055102287, 8.000000000000000000, -6.000000000000003553 ) ) ;
#565 = ORIENTED_EDGE ( 'NONE', *, *, #644, .T. ) ;
#566 = LINE ( 'NONE', #1491, #166 ) ;
#567 = EDGE_LOOP ( 'NONE', ( #1135, #205, #139, #188 ) ) ;
#568 = DIRECTION ( 'NONE',  ( 0.000000000000000000, 1.000000000000000000, -0.000000000000000000 ) ) ;
#569 = EDGE_CURVE ( 'NONE', #1440, #774, #1263, .T. ) ;
#570 = VERTEX_POINT ( 'NONE', #2 ) ;
#571 = CARTESIAN_POINT ( 'NONE',  ( -20.78460969082653875, 10.00000000000000000, -6.000000000000012434 ) ) ;
#572 = DIRECTION ( 'NONE',  ( -0.000000000000000000, -1.000000000000000000, -0.000000000000000000 ) ) ;
#573 = CARTESIAN_POINT ( 'NONE',  ( -13.85640646055101399, 8.000000000000000000, 10.49999999999999822 ) ) ;
#574 = DIRECTION ( 'NONE',  ( -0.8660254037844382635, 0.000000000000000000, -0.5000000000000006661 ) ) ;
#575 = VERTEX_POINT ( 'NONE', #1052 ) ;
#576 = CARTESIAN_POINT ( 'NONE',  ( 17.32050807568878170, 8.000000000000000000, -3.500000000000000000 ) ) ;
#577 = PLANE ( 'NONE',  #1204 ) ;
#578 = EDGE_CURVE ( 'NONE', #626, #149, #117, .T. ) ;
#579 = FACE_OUTER_BOUND ( 'NONE', #1074, .T. ) ;
#580 = ORIENTED_EDGE ( 'NONE', *, *, #1321, .F. ) ;
#581 = APPROVAL_PERSON_ORGANIZATION ( #491, #662, #49 ) ;
#582 = LINE ( 'NONE', #456, #1315 ) ;
#583 = ORIENTED_EDGE ( 'NONE', *, *, #1061, .F. ) ;
#584 = CARTESIAN_POINT ( 'NONE',  ( 20.78460969082653520, 10.00000000000000000, -6.000000000000003553 ) ) ;
#585 = AXIS2_PLACEMENT_3D ( 'NONE', #1110, #949, #4 ) ;
#586 = AXIS2_PLACEMENT_3D ( 'NONE', #289, #827, #1107 ) ;
#587 = EDGE_CURVE ( 'NONE', #1679, #127, #1608, .T. ) ;
#588 = CIRCLE ( 'NONE', #954, 5.000000000000000888 ) ;
#589 = COORDINATED_UNIVERSAL_TIME_OFFSET ( 7, 0, .BEHIND. ) ;
#590 = CARTESIAN_POINT ( 'NONE',  ( -19.34599638191544457, 5.395826840908435784, 2.855567308331666609 ) ) ;
#591 = DIRECTION ( 'NONE',  ( 0.000000000000000000, 0.000000000000000000, -1.000000000000000000 ) ) ;
#592 = EDGE_LOOP ( 'NONE', ( #630, #1609, #1406, #876 ) ) ;
#593 = LINE ( 'NONE', #323, #869 ) ;
#594 = DIRECTION ( 'NONE',  ( -0.000000000000000000, -1.000000000000000000, -0.000000000000000000 ) ) ;
#595 = ORIENTED_EDGE ( 'NONE', *, *, #569, .F. ) ;
#596 = CARTESIAN_POINT ( 'NONE',  ( -19.90302246508188588, 6.299290269346464299, 2.363796940054116558 ) ) ;
#597 = CARTESIAN_POINT ( 'NONE',  ( 20.78460969082652099, 0.000000000000000000, -6.000000000000000000 ) ) ;
#598 = ORIENTED_EDGE ( 'NONE', *, *, #1651, .F. ) ;
#599 = CARTESIAN_POINT ( 'NONE',  ( -13.85640646055101399, 8.000000000000000000, 9.000000000000001776 ) ) ;
#600 = EDGE_CURVE ( 'NONE', #42, #1585, #667, .T. ) ;
#601 = ADVANCED_FACE ( 'NONE', ( #932 ), #1466, .F. ) ;
#602 = DIRECTION ( 'NONE',  ( 0.5000000000000013323, 0.000000000000000000, 0.8660254037844380415 ) ) ;
#603 = CARTESIAN_POINT ( 'NONE',  ( -20.78460969082652099, 8.000000000000000000, 6.000000000000000000 ) ) ;
#604 = CARTESIAN_POINT ( 'NONE',  ( -13.85640646055101399, 8.000000000000000000, 11.99999999999999822 ) ) ;
#605 = AXIS2_PLACEMENT_3D ( 'NONE', #1128, #332, #623 ) ;
#606 = EDGE_CURVE ( 'NONE', #159, #1706, #1004, .T. ) ;
#607 = ORIENTED_EDGE ( 'NONE', *, *, #528, .F. ) ;
#608 = CARTESIAN_POINT ( 'NONE',  ( 13.85640646055101399, 8.000000000000000000, 9.000000000000001776 ) ) ;
#609 = DIRECTION ( 'NONE',  ( -0.000000000000000000, -1.000000000000000000, -0.000000000000000000 ) ) ;
#610 = AXIS2_PLACEMENT_3D ( 'NONE', #1408, #1397, #194 ) ;
#611 = CIRCLE ( 'NONE', #498, 1.499999999999997780 ) ;
#612 = VECTOR ( 'NONE', #319, 1000.000000000000000 ) ;
#613 = CARTESIAN_POINT ( 'NONE',  ( -20.78460969082652099, 0.000000000000000000, 6.000000000000000000 ) ) ;
#614 = ORIENTED_EDGE ( 'NONE', *, *, #1251, .F. ) ;
#615 = AXIS2_PLACEMENT_3D ( 'NONE', #1002, #206, #1276 ) ;
#616 = CARTESIAN_POINT ( 'NONE',  ( -20.56683500440670542, 6.421965958585435175, 1.311399321127879602 ) ) ;
#617 = DIRECTION ( 'NONE',  ( -0.000000000000000000, -1.000000000000000000, -0.000000000000000000 ) ) ;
#618 = AXIS2_PLACEMENT_3D ( 'NONE', #494, #1671, #591 ) ;
#619 = VERTEX_POINT ( 'NONE', #146 ) ;
#620 = DIRECTION ( 'NONE',  ( 0.000000000000000000, 1.000000000000000000, -0.000000000000000000 ) ) ;
#621 = CARTESIAN_POINT ( 'NONE',  ( -13.85640646055101399, 0.000000000000000000, -15.50000000000000000 ) ) ;
#622 = EDGE_CURVE ( 'NONE', #379, #1679, #1325, .T. ) ;
#623 = DIRECTION ( 'NONE',  ( 0.000000000000000000, 0.000000000000000000, 1.000000000000000000 ) ) ;
#624 = CARTESIAN_POINT ( 'NONE',  ( -20.78694016835831704, 5.759504649025355860, 0.4905684662854023492 ) ) ;
#625 = FACE_OUTER_BOUND ( 'NONE', #131, .T. ) ;
#626 = VERTEX_POINT ( 'NONE', #1493 ) ;
#627 = DIRECTION ( 'NONE',  ( 0.000000000000000000, 0.000000000000000000, -1.000000000000000000 ) ) ;
#628 = CARTESIAN_POINT ( 'NONE',  ( -13.85640646055101399, 8.000000000000000000, -15.50000000000000000 ) ) ;
#629 = DATE_AND_TIME ( #1316, #357 ) ;
#630 = ORIENTED_EDGE ( 'NONE', *, *, #665, .F. ) ;
#631 = ADVANCED_FACE ( 'NONE', ( #532 ), #800, .T. ) ;
#632 = CARTESIAN_POINT ( 'NONE',  ( -9.675277914599559992, 0.000000000000000000, 13.24192707456450790 ) ) ;
#633 = CARTESIAN_POINT ( 'NONE',  ( 20.07947625587874896, 6.422080469500406785, 2.155615033882204212 ) ) ;
#634 = ORIENTED_EDGE ( 'NONE', *, *, #740, .F. ) ;
#635 = DIRECTION ( 'NONE',  ( 0.5000000000000003331, 0.000000000000000000, 0.8660254037844384856 ) ) ;
#636 = DIRECTION ( 'NONE',  ( -0.000000000000000000, 1.000000000000000000, 0.000000000000000000 ) ) ;
#637 = DATE_AND_TIME ( #96, #668 ) ;
#638 = VERTEX_POINT ( 'NONE', #779 ) ;
#639 = VECTOR ( 'NONE', #660, 1000.000000000000000 ) ;
#640 = CIRCLE ( 'NONE', #1402, 1.499999999999997780 ) ;
#641 = LINE ( 'NONE', #397, #217 ) ;
#642 = CARTESIAN_POINT ( 'NONE',  ( 19.57164185934637501, 5.922293346026615168, 2.683843637399670357 ) ) ;
#643 = AXIS2_PLACEMENT_3D ( 'NONE', #1072, #524, #1475 ) ;
#644 = EDGE_CURVE ( 'NONE', #386, #626, #689, .T. ) ;
#645 = ORIENTED_EDGE ( 'NONE', *, *, #1031, .T. ) ;
#646 = CIRCLE ( 'NONE', #1680, 1.499999999999997780 ) ;
#647 = ORIENTED_EDGE ( 'NONE', *, *, #1547, .F. ) ;
#648 = DIRECTION ( 'NONE',  ( 0.000000000000000000, 0.000000000000000000, 1.000000000000000000 ) ) ;
#649 = ORIENTED_EDGE ( 'NONE', *, *, #587, .T. ) ;
#650 = CARTESIAN_POINT ( 'NONE',  ( -9.675277914599559992, 8.000000000000000000, -13.24192707456450790 ) ) ;
#651 = CARTESIAN_POINT ( 'NONE',  ( 20.40163884000437733, 6.499945338236437387, 1.663278118507393932 ) ) ;
#652 = ORIENTED_EDGE ( 'NONE', *, *, #990, .T. ) ;
#653 = DIRECTION ( 'NONE',  ( -0.000000000000000000, -1.000000000000000000, -0.000000000000000000 ) ) ;
#654 = ORIENTED_EDGE ( 'NONE', *, *, #936, .T. ) ;
#655 = ADVANCED_FACE ( 'NONE', ( #263 ), #809, .T. ) ;
#656 = LINE ( 'NONE', #411, #1735 ) ;
#657 = EDGE_CURVE ( 'NONE', #1702, #1474, #953, .T. ) ;
#658 = DATE_TIME_ROLE ( 'creation_date' ) ;
#659 = ORIENTED_EDGE ( 'NONE', *, *, #1651, .T. ) ;
#660 = DIRECTION ( 'NONE',  ( -0.000000000000000000, -1.000000000000000000, -0.000000000000000000 ) ) ;
#661 = CARTESIAN_POINT ( 'NONE',  ( 19.47765544127592463, 5.757236063133574611, 2.757424269828744112 ) ) ;
#662 = APPROVAL ( #1258, 'UNSPECIFIED' ) ;
#663 = ORIENTED_EDGE ( 'NONE', *, *, #1007, .F. ) ;
#664 = LINE ( 'NONE', #1228, #871 ) ;
#665 = EDGE_CURVE ( 'NONE', #290, #768, #135, .T. ) ;
#666 = EDGE_LOOP ( 'NONE', ( #299, #19, #37, #60 ) ) ;
#667 = LINE ( 'NONE', #791, #20 ) ;
#668 = LOCAL_TIME ( 22, 20, 58.00000000000000000, #780 ) ;
#669 = ORIENTED_EDGE ( 'NONE', *, *, #1575, .F. ) ;
#670 = CARTESIAN_POINT ( 'NONE',  ( 0.000000000000000000, 8.000000000000000000, -11.12500000000000000 ) ) ;
#671 = CARTESIAN_POINT ( 'NONE',  ( 19.96272598550818245, 3.653540097433215728, 2.297192030415285746 ) ) ;
#672 = CIRCLE ( 'NONE', #556, 3.500000000000000000 ) ;
#673 = AXIS2_PLACEMENT_3D ( 'NONE', #215, #70, #602 ) ;
#674 = ORIENTED_EDGE ( 'NONE', *, *, #1171, .F. ) ;
#675 = DIRECTION ( 'NONE',  ( 1.000000000000000000, 0.000000000000000000, 0.000000000000000000 ) ) ;
#676 = CIRCLE ( 'NONE', #104, 1.499999999999997780 ) ;
#677 = AXIS2_PLACEMENT_3D ( 'NONE', #1240, #173, #14 ) ;
#678 = EDGE_LOOP ( 'NONE', ( #826, #873, #350, #240 ) ) ;
#679 = DIRECTION ( 'NONE',  ( -0.000000000000000000, -1.000000000000000000, -0.000000000000000000 ) ) ;
#680 = AXIS2_PLACEMENT_3D ( 'NONE', #718, #692, #1083 ) ;
#681 = ADVANCED_FACE ( 'NONE', ( #1454 ), #1184, .F. ) ;
#682 = EDGE_LOOP ( 'NONE', ( #992, #1224, #828, #372 ) ) ;
#683 = FACE_OUTER_BOUND ( 'NONE', #988, .T. ) ;
#684 = DIRECTION ( 'NONE',  ( 0.000000000000000000, 0.000000000000000000, -1.000000000000000000 ) ) ;
#685 = CARTESIAN_POINT ( 'NONE',  ( -8.660254037844381969, 8.000000000000000000, 14.99999999999999467 ) ) ;
#686 = ADVANCED_FACE ( 'NONE', ( #280 ), #1718, .F. ) ;
#687 = DIRECTION ( 'NONE',  ( 0.000000000000000000, -1.000000000000000000, 0.000000000000000000 ) ) ;
#688 = ORIENTED_EDGE ( 'NONE', *, *, #990, .F. ) ;
#689 = LINE ( 'NONE', #382, #755 ) ;
#690 = EDGE_LOOP ( 'NONE', ( #499, #1499, #1484, #1019 ) ) ;
#691 = CARTESIAN_POINT ( 'NONE',  ( 13.85640646055101399, 0.000000000000000000, -10.49999999999999822 ) ) ;
#692 = DIRECTION ( 'NONE',  ( 0.000000000000000000, 1.000000000000000000, -0.000000000000000000 ) ) ;
#693 = EDGE_LOOP ( 'NONE', ( #836, #955, #1687, #1505 ) ) ;
#694 = DIRECTION ( 'NONE',  ( 0.000000000000000000, 0.000000000000000000, 1.000000000000000000 ) ) ;
#695 = ORIENTED_EDGE ( 'NONE', *, *, #94, .F. ) ;
#696 = LINE ( 'NONE', #730, #893 ) ;
#697 = ORIENTED_EDGE ( 'NONE', *, *, #1207, .T. ) ;
#698 = CARTESIAN_POINT ( 'NONE',  ( -20.30151456203274307, 3.500054661763564390, 1.836698455025399523 ) ) ;
#699 = CARTESIAN_POINT ( 'NONE',  ( 1.102182119232617714E-15, 10.00000000000000000, 9.000000000000000000 ) ) ;
#700 = EDGE_LOOP ( 'NONE', ( #1716, #697 ) ) ;
#701 = PLANE ( 'NONE',  #452 ) ;
#702 = EDGE_CURVE ( 'NONE', #736, #156, #656, .T. ) ;
#703 = ORIENTED_EDGE ( 'NONE', *, *, #1536, .F. ) ;
#704 = CIRCLE ( 'NONE', #1678, 5.000000000000000000 ) ;
#705 = CARTESIAN_POINT ( 'NONE',  ( -13.85640646055101399, 8.000000000000000000, -10.49999999999999822 ) ) ;
#706 = VECTOR ( 'NONE', #963, 1000.000000000000000 ) ;
#707 = VECTOR ( 'NONE', #1436, 1000.000000000000000 ) ;
#708 = VERTEX_POINT ( 'NONE', #517 ) ;
#709 = DIRECTION ( 'NONE',  ( 0.000000000000000000, 0.000000000000000000, -1.000000000000000000 ) ) ;
#710 = CARTESIAN_POINT ( 'NONE',  ( 9.675277914599559992, 8.000000000000000000, 13.24192707456450790 ) ) ;
#711 = ORIENTED_EDGE ( 'NONE', *, *, #917, .F. ) ;
#712 = FACE_BOUND ( 'NONE', #1227, .T. ) ;
#713 = ORIENTED_EDGE ( 'NONE', *, *, #1239, .F. ) ;
#714 = PLANE ( 'NONE',  #1346 ) ;
#715 = ORIENTED_EDGE ( 'NONE', *, *, #47, .T. ) ;
#716 = EDGE_CURVE ( 'NONE', #736, #799, #640, .T. ) ;
#717 = FACE_OUTER_BOUND ( 'NONE', #1329, .T. ) ;
#718 = CARTESIAN_POINT ( 'NONE',  ( 13.85640646055101399, 0.000000000000000000, 10.49999999999999822 ) ) ;
#719 = DIRECTION ( 'NONE',  ( 0.5000000000000005551, 0.000000000000000000, -0.8660254037844383745 ) ) ;
#720 = DIRECTION ( 'NONE',  ( -0.000000000000000000, -1.000000000000000000, 0.000000000000000000 ) ) ;
#721 = APPROVAL ( #88, 'UNSPECIFIED' ) ;
#722 = ORIENTED_EDGE ( 'NONE', *, *, #15, .F. ) ;
#723 = CARTESIAN_POINT ( 'NONE',  ( -17.32050807568877460, 10.00000000000000000, -3.500000000000003109 ) ) ;
#724 = EDGE_CURVE ( 'NONE', #1419, #513, #298, .T. ) ;
#725 = APPLICATION_PROTOCOL_DEFINITION ( 'international standard', 'config_control_design', 1994, #1039 ) ;
#726 = CARTESIAN_POINT ( 'NONE',  ( -20.65886636830765966, 6.299274250973152078, 1.054629334665744489 ) ) ;
#727 = CARTESIAN_POINT ( 'NONE',  ( 17.32050807568878170, 0.000000000000000000, 0.000000000000000000 ) ) ;
#728 = EDGE_CURVE ( 'NONE', #970, #842, #136, .T. ) ;
#729 = EDGE_LOOP ( 'NONE', ( #1326, #373 ) ) ;
#730 = CARTESIAN_POINT ( 'NONE',  ( 17.32050807568878170, 8.000000000000000000, 3.500000000000000000 ) ) ;
#731 = CIRCLE ( 'NONE', #101, 5.000000000000000000 ) ;
#732 = DIRECTION ( 'NONE',  ( 0.000000000000000000, 0.000000000000000000, 1.000000000000000000 ) ) ;
#733 = CARTESIAN_POINT ( 'NONE',  ( 16.03585593232135409, 0.000000000000000000, 6.000000000000000000 ) ) ;
#734 = CARTESIAN_POINT ( 'NONE',  ( 20.80912086321460563, 5.000000000000000000, 0.2821007244075434683 ) ) ;
#735 = EDGE_CURVE ( 'NONE', #1209, #1595, #593, .T. ) ;
#736 = VERTEX_POINT ( 'NONE', #1640 ) ;
#737 = DIRECTION ( 'NONE',  ( -0.000000000000000000, -1.000000000000000000, -0.000000000000000000 ) ) ;
#738 = EDGE_CURVE ( 'NONE', #536, #1283, #310, .T. ) ;
#739 = CARTESIAN_POINT ( 'NONE',  ( 17.32050807568878170, 0.000000000000000000, -3.500000000000000000 ) ) ;
#740 = EDGE_CURVE ( 'NONE', #1177, #1514, #861, .T. ) ;
#741 = CARTESIAN_POINT ( 'NONE',  ( -19.96271091607130543, 6.346450887099463145, 2.297210809295199496 ) ) ;
#742 = DIRECTION ( 'NONE',  ( 0.4999999999999985567, 0.000000000000000000, 0.8660254037844394848 ) ) ;
#743 = ORIENTED_EDGE ( 'NONE', *, *, #1338, .T. ) ;
#744 = FACE_BOUND ( 'NONE', #1027, .T. ) ;
#745 = CARTESIAN_POINT ( 'NONE',  ( 13.85640646055101399, 8.000000000000000000, 10.49999999999999822 ) ) ;
#746 = EDGE_LOOP ( 'NONE', ( #1238, #283, #1465, #1492 ) ) ;
#747 = DIRECTION ( 'NONE',  ( -0.000000000000000000, -1.000000000000000000, -0.000000000000000000 ) ) ;
#748 = CARTESIAN_POINT ( 'NONE',  ( 13.85640646055101399, 8.000000000000000000, 10.49999999999999822 ) ) ;
#749 = ORIENTED_EDGE ( 'NONE', *, *, #1472, .F. ) ;
#750 = EDGE_CURVE ( 'NONE', #1415, #531, #676, .T. ) ;
#751 = CARTESIAN_POINT ( 'NONE',  ( -13.85640646055102110, 8.000000000000000000, -6.000000000000015099 ) ) ;
#752 = DIRECTION ( 'NONE',  ( 0.8660254037844383745, 0.000000000000000000, 0.5000000000000004441 ) ) ;
#753 = VECTOR ( 'NONE', #1459, 1000.000000000000114 ) ;
#754 = PRODUCT_DEFINITION_FORMATION_WITH_SPECIFIED_SOURCE ( 'ANY', '', #33, .NOT_KNOWN. ) ;
#755 = VECTOR ( 'NONE', #1598, 1000.000000000000000 ) ;
#756 = VECTOR ( 'NONE', #296, 1000.000000000000114 ) ;
#757 = DIRECTION ( 'NONE',  ( -0.000000000000000000, -1.000000000000000000, -0.000000000000000000 ) ) ;
#758 = CARTESIAN_POINT ( 'NONE',  ( -8.660254037844381969, 8.000000000000000000, 14.99999999999999467 ) ) ;
#759 = VECTOR ( 'NONE', #1504, 1000.000000000000000 ) ;
#760 = ORIENTED_EDGE ( 'NONE', *, *, #30, .F. ) ;
#761 = DIRECTION ( 'NONE',  ( 0.000000000000000000, 1.000000000000000000, 0.000000000000000000 ) ) ;
#762 = CARTESIAN_POINT ( 'NONE',  ( 1.362419564051430298E-15, 8.000000000000000000, 11.12500000000000000 ) ) ;
#763 = ADVANCED_FACE ( 'NONE', ( #1359 ), #835, .F. ) ;
#764 = APPROVAL_DATE_TIME ( #629, #721 ) ;
#765 = VERTEX_POINT ( 'NONE', #448 ) ;
#766 = PLANE ( 'NONE',  #1624 ) ;
#767 = CARTESIAN_POINT ( 'NONE',  ( 13.85640646055102287, 8.000000000000000000, 6.000000000000000000 ) ) ;
#768 = VERTEX_POINT ( 'NONE', #183 ) ;
#769 = FACE_OUTER_BOUND ( 'NONE', #1473, .T. ) ;
#770 = ADVANCED_FACE ( 'NONE', ( #1231 ), #1133, .F. ) ;
#771 = CARTESIAN_POINT ( 'NONE',  ( -21.31928635258229932, 5.000000000000000000, -20.57664490702524773 ) ) ;
#772 = EDGE_CURVE ( 'NONE', #236, #1702, #996, .T. ) ;
#773 = PERSON_AND_ORGANIZATION ( #200, #218 ) ;
#774 = VERTEX_POINT ( 'NONE', #1380 ) ;
#775 = PLANE ( 'NONE',  #841 ) ;
#776 = CARTESIAN_POINT ( 'NONE',  ( -8.660254037844405062, 10.00000000000000000, 14.99999999999999112 ) ) ;
#777 = ORIENTED_EDGE ( 'NONE', *, *, #432, .T. ) ;
#778 = VERTEX_POINT ( 'NONE', #17 ) ;
#779 = CARTESIAN_POINT ( 'NONE',  ( -20.78460969082653165, 10.00000000000000000, 6.000000000000000000 ) ) ;
#780 = COORDINATED_UNIVERSAL_TIME_OFFSET ( 7, 0, .BEHIND. ) ;
#781 = EDGE_LOOP ( 'NONE', ( #981, #998 ) ) ;
#782 = VECTOR ( 'NONE', #609, 1000.000000000000000 ) ;
#783 = DIRECTION ( 'NONE',  ( -0.5000000000000006661, 0.000000000000000000, -0.8660254037844382635 ) ) ;
#784 = LINE ( 'NONE', #916, #1458 ) ;
#785 = CIRCLE ( 'NONE', #77, 3.500000000000000000 ) ;
#786 = EDGE_CURVE ( 'NONE', #1262, #279, #1393, .T. ) ;
#787 = ORIENTED_EDGE ( 'NONE', *, *, #1446, .F. ) ;
#788 = VECTOR ( 'NONE', #1345, 1000.000000000000000 ) ;
#789 = EDGE_CURVE ( 'NONE', #92, #778, #189, .T. ) ;
#790 = ORIENTED_EDGE ( 'NONE', *, *, #341, .F. ) ;
#791 = CARTESIAN_POINT ( 'NONE',  ( 9.675277914599559992, 8.000000000000000000, -13.24192707456450790 ) ) ;
#792 = APPROVAL_ROLE ( '' ) ;
#793 = ORIENTED_EDGE ( 'NONE', *, *, #1191, .T. ) ;
#794 = DIRECTION ( 'NONE',  ( 0.000000000000000000, -1.000000000000000000, 0.000000000000000000 ) ) ;
#795 = CARTESIAN_POINT ( 'NONE',  ( 20.65887346986011508, 3.700709730653533924, 1.054624596826258198 ) ) ;
#796 = EDGE_CURVE ( 'NONE', #1012, #1474, #696, .T. ) ;
#797 = ORIENTED_EDGE ( 'NONE', *, *, #348, .T. ) ;
#798 = CARTESIAN_POINT ( 'NONE',  ( 8.660254037844399733, 0.000000000000000000, 14.99999999999999289 ) ) ;
#799 = VERTEX_POINT ( 'NONE', #1388 ) ;
#800 = CYLINDRICAL_SURFACE ( 'NONE', #643, 5.000000000000000000 ) ;
#801 = PERSON_AND_ORGANIZATION ( #200, #218 ) ;
#802 = EDGE_LOOP ( 'NONE', ( #1565, #659 ) ) ;
#803 = DIRECTION ( 'NONE',  ( 1.000000000000000000, 0.000000000000000000, -0.000000000000000000 ) ) ;
#804 = CARTESIAN_POINT ( 'NONE',  ( 19.30912086321459853, 4.901212942877769763, 2.880176935760855095 ) ) ;
#805 = ORIENTED_EDGE ( 'NONE', *, *, #47, .F. ) ;
#806 = CARTESIAN_POINT ( 'NONE',  ( -13.85640646055101399, 8.000000000000000000, -15.50000000000000000 ) ) ;
#807 = EDGE_CURVE ( 'NONE', #811, #114, #1343, .T. ) ;
#808 = ORIENTED_EDGE ( 'NONE', *, *, #337, .T. ) ;
#809 = CYLINDRICAL_SURFACE ( 'NONE', #1599, 5.000000000000000888 ) ;
#810 = VECTOR ( 'NONE', #1022, 1000.000000000000227 ) ;
#811 = VERTEX_POINT ( 'NONE', #723 ) ;
#812 = CARTESIAN_POINT ( 'NONE',  ( -19.78463792148587785, 3.802751157451141673, 2.489701727963320455 ) ) ;
#813 = CYLINDRICAL_SURFACE ( 'NONE', #46, 3.500000000000000000 ) ;
#814 = AXIS2_PLACEMENT_3D ( 'NONE', #1382, #1487, #273 ) ;
#815 = PLANE ( 'NONE',  #1172 ) ;
#816 = FACE_BOUND ( 'NONE', #57, .T. ) ;
#817 = AXIS2_PLACEMENT_3D ( 'NONE', #745, #1421, #213 ) ;
#818 = CIRCLE ( 'NONE', #677, 1.499999999999997780 ) ;
#819 = ORIENTED_EDGE ( 'NONE', *, *, #1223, .F. ) ;
#820 = DIRECTION ( 'NONE',  ( 0.000000000000000000, 0.000000000000000000, -1.000000000000000000 ) ) ;
#821 = ORIENTED_EDGE ( 'NONE', *, *, #1159, .T. ) ;
#822 = FACE_BOUND ( 'NONE', #802, .T. ) ;
#823 = CARTESIAN_POINT ( 'NONE',  ( 0.000000000000000000, 8.000000000000000000, 0.000000000000000000 ) ) ;
#824 = DIRECTION ( 'NONE',  ( -0.000000000000000000, -1.000000000000000000, 0.000000000000000000 ) ) ;
#825 = DIRECTION ( 'NONE',  ( -0.5000000000000031086, 0.000000000000000000, -0.8660254037844368202 ) ) ;
#826 = ORIENTED_EDGE ( 'NONE', *, *, #1157, .T. ) ;
#827 = DIRECTION ( 'NONE',  ( 0.000000000000000000, 1.000000000000000000, 0.000000000000000000 ) ) ;
#828 = ORIENTED_EDGE ( 'NONE', *, *, #1547, .T. ) ;
#829 = EDGE_CURVE ( 'NONE', #638, #1613, #989, .T. ) ;
#830 = CARTESIAN_POINT ( 'NONE',  ( -19.57277676439224479, 4.075994657679136601, 2.682878369411763497 ) ) ;
#831 = LINE ( 'NONE', #699, #255 ) ;
#832 = CARTESIAN_POINT ( 'NONE',  ( 8.660254037844399733, 8.000000000000000000, 14.99999999999999289 ) ) ;
#833 = LINE ( 'NONE', #1105, #1736 ) ;
#834 = ORIENTED_EDGE ( 'NONE', *, *, #922, .F. ) ;
#835 = CYLINDRICAL_SURFACE ( 'NONE', #925, 1.499999999999997780 ) ;
#836 = ORIENTED_EDGE ( 'NONE', *, *, #528, .T. ) ;
#837 = CARTESIAN_POINT ( 'NONE',  ( -20.24873029639993405, 3.509872733662690258, 1.919641112287217233 ) ) ;
#838 = DIRECTION ( 'NONE',  ( 0.000000000000000000, 0.000000000000000000, -1.000000000000000000 ) ) ;
#839 = CARTESIAN_POINT ( 'NONE',  ( 23.26666049839538530, 5.000000000000000000, 1.700961894323341994 ) ) ;
#840 = DIRECTION ( 'NONE',  ( -0.5000000000000012212, 0.000000000000000000, -0.8660254037844379305 ) ) ;
#841 = AXIS2_PLACEMENT_3D ( 'NONE', #377, #794, #1327 ) ;
#842 = VERTEX_POINT ( 'NONE', #28 ) ;
#843 = AXIS2_PLACEMENT_3D ( 'NONE', #347, #878, #470 ) ;
#844 = FACE_OUTER_BOUND ( 'NONE', #933, .T. ) ;
#845 = EDGE_CURVE ( 'NONE', #1283, #127, #1500, .T. ) ;
#846 = CIRCLE ( 'NONE', #1542, 1.499999999999997780 ) ;
#847 = AXIS2_PLACEMENT_3D ( 'NONE', #887, #1558, #1677 ) ;
#848 = EDGE_LOOP ( 'NONE', ( #393, #441 ) ) ;
#849 = FACE_BOUND ( 'NONE', #1333, .T. ) ;
#850 = CARTESIAN_POINT ( 'NONE',  ( 22.51666049839539241, 5.000000000000000000, 3.000000000000002665 ) ) ;
#851 = CC_DESIGN_DATE_AND_TIME_ASSIGNMENT ( #1185, #385, ( #450 ) ) ;
#852 = FACE_OUTER_BOUND ( 'NONE', #1352, .T. ) ;
#853 = ADVANCED_FACE ( 'NONE', ( #844 ), #714, .F. ) ;
#854 = DIRECTION ( 'NONE',  ( -0.8660254037844380415, -0.000000000000000000, 0.5000000000000009992 ) ) ;
#855 = EDGE_LOOP ( 'NONE', ( #242, #83 ) ) ;
#856 = DIRECTION ( 'NONE',  ( -0.000000000000000000, -1.000000000000000000, -0.000000000000000000 ) ) ;
#857 = LINE ( 'NONE', #1555, #69 ) ;
#858 = LINE ( 'NONE', #1685, #1285 ) ;
#859 = LINE ( 'NONE', #316, #363 ) ;
#860 = ORIENTED_EDGE ( 'NONE', *, *, #829, .T. ) ;
#861 = LINE ( 'NONE', #584, #1431 ) ;
#862 = CARTESIAN_POINT ( 'NONE',  ( -23.26666049839538886, 5.000000000000000000, 1.700961894323348877 ) ) ;
#863 = EDGE_CURVE ( 'NONE', #557, #1166, #84, .T. ) ;
#864 = FACE_OUTER_BOUND ( 'NONE', #1212, .T. ) ;
#865 = DIRECTION ( 'NONE',  ( 1.000000000000000000, 0.000000000000000000, 0.000000000000000000 ) ) ;
#866 = ORIENTED_EDGE ( 'NONE', *, *, #1573, .T. ) ;
#867 = CARTESIAN_POINT ( 'NONE',  ( 13.85640646055102287, 8.000000000000000000, -6.000000000000003553 ) ) ;
#868 = AXIS2_PLACEMENT_3D ( 'NONE', #1369, #1627, #426 ) ;
#869 = VECTOR ( 'NONE', #982, 1000.000000000000000 ) ;
#870 = VECTOR ( 'NONE', #43, 1000.000000000000000 ) ;
#871 = VECTOR ( 'NONE', #969, 1000.000000000000000 ) ;
#872 = DIRECTION ( 'NONE',  ( -0.000000000000000000, -1.000000000000000000, 0.000000000000000000 ) ) ;
#873 = ORIENTED_EDGE ( 'NONE', *, *, #1594, .T. ) ;
#874 = CARTESIAN_POINT ( 'NONE',  ( -20.77027949630603487, 5.923251912166501931, 0.6082430880968293652 ) ) ;
#875 = CARTESIAN_POINT ( 'NONE',  ( 0.000000000000000000, 0.000000000000000000, -11.12500000000000000 ) ) ;
#876 = ORIENTED_EDGE ( 'NONE', *, *, #1573, .F. ) ;
#877 = LINE ( 'NONE', #599, #1629 ) ;
#878 = DIRECTION ( 'NONE',  ( -0.000000000000000000, -1.000000000000000000, 0.000000000000000000 ) ) ;
#879 = ORIENTED_EDGE ( 'NONE', *, *, #1612, .F. ) ;
#880 = ADVANCED_FACE ( 'NONE', ( #769 ), #1156, .F. ) ;
#881 = DIRECTION ( 'NONE',  ( -0.000000000000000000, -1.000000000000000000, -0.000000000000000000 ) ) ;
#882 = DIRECTION ( 'NONE',  ( 0.4999999999999994449, 0.000000000000000000, -0.8660254037844389297 ) ) ;
#883 = EDGE_LOOP ( 'NONE', ( #645, #118 ) ) ;
#884 = CYLINDRICAL_SURFACE ( 'NONE', #282, 3.500000000000000000 ) ;
#885 = LINE ( 'NONE', #1005, #73 ) ;
#886 = DIRECTION ( 'NONE',  ( -0.000000000000000000, -1.000000000000000000, -0.000000000000000000 ) ) ;
#887 = CARTESIAN_POINT ( 'NONE',  ( 0.000000000000000000, 8.000000000000000000, 0.000000000000000000 ) ) ;
#888 = ORIENTED_EDGE ( 'NONE', *, *, #172, .T. ) ;
#889 = CARTESIAN_POINT ( 'NONE',  ( -13.85640646055101399, 0.000000000000000000, -10.49999999999999822 ) ) ;
#890 = ADVANCED_FACE ( 'NONE', ( #1028 ), #884, .F. ) ;
#891 = CARTESIAN_POINT ( 'NONE',  ( 0.000000000000000000, 10.00000000000000000, -9.000000000000000000 ) ) ;
#892 = VECTOR ( 'NONE', #934, 1000.000000000000000 ) ;
#893 = VECTOR ( 'NONE', #856, 1000.000000000000000 ) ;
#894 = APPROVAL_STATUS ( 'not_yet_approved' ) ;
#895 = AXIS2_PLACEMENT_3D ( 'NONE', #1552, #902, #627 ) ;
#896 = DIRECTION ( 'NONE',  ( 0.000000000000000000, -0.000000000000000000, 1.000000000000000000 ) ) ;
#897 = CC_DESIGN_DATE_AND_TIME_ASSIGNMENT ( #637, #658, ( #1469 ) ) ;
#898 = CARTESIAN_POINT ( 'NONE',  ( -13.85640646055101222, 10.00000000000000000, 6.000000000000000000 ) ) ;
#899 = VECTOR ( 'NONE', #64, 1000.000000000000000 ) ;
#900 = EDGE_CURVE ( 'NONE', #236, #1012, #1288, .T. ) ;
#901 = ORIENTED_EDGE ( 'NONE', *, *, #402, .F. ) ;
#902 = DIRECTION ( 'NONE',  ( -0.000000000000000000, -1.000000000000000000, -0.000000000000000000 ) ) ;
#903 = DIRECTION ( 'NONE',  ( 0.000000000000000000, -0.000000000000000000, 1.000000000000000000 ) ) ;
#904 = EDGE_LOOP ( 'NONE', ( #1309, #1443 ) ) ;
#905 = DIRECTION ( 'NONE',  ( 0.000000000000000000, 0.000000000000000000, 1.000000000000000000 ) ) ;
#906 = DIRECTION ( 'NONE',  ( 0.000000000000000000, 0.000000000000000000, 1.000000000000000000 ) ) ;
#907 = ORIENTED_EDGE ( 'NONE', *, *, #1047, .T. ) ;
#908 = CARTESIAN_POINT ( 'NONE',  ( 13.85640646055101399, 8.000000000000000000, -10.49999999999999822 ) ) ;
#909 = EDGE_LOOP ( 'NONE', ( #1532, #1693, #1457, #1311 ) ) ;
#910 = PLANE ( 'NONE',  #1314 ) ;
#911 = APPROVAL_DATE_TIME ( #375, #483 ) ;
#912 = EDGE_CURVE ( 'NONE', #1585, #1738, #588, .T. ) ;
#913 = EDGE_LOOP ( 'NONE', ( #1641, #879, #793, #1306, #1123, #715 ) ) ;
#914 = ADVANCED_BREP_SHAPE_REPRESENTATION ( 'Upper Leg Connector V.3', ( #1073, #1675 ), #134 ) ;
#915 = CARTESIAN_POINT ( 'NONE',  ( 0.000000000000000000, 10.00000000000000000, 0.000000000000000000 ) ) ;
#916 = CARTESIAN_POINT ( 'NONE',  ( -19.81928635258229932, 5.000000000000000000, -23.17472111837856374 ) ) ;
#917 = EDGE_CURVE ( 'NONE', #156, #1098, #846, .T. ) ;
#918 = ORIENTED_EDGE ( 'NONE', *, *, #1521, .T. ) ;
#919 = CARTESIAN_POINT ( 'NONE',  ( 0.000000000000000000, 10.00000000000000000, 0.000000000000000000 ) ) ;
#920 = ORIENTED_EDGE ( 'NONE', *, *, #1724, .T. ) ;
#921 = CARTESIAN_POINT ( 'NONE',  ( 13.85640646055101399, 8.000000000000000000, 11.99999999999999645 ) ) ;
#922 = EDGE_CURVE ( 'NONE', #1415, #1440, #496, .T. ) ;
#923 = ORIENTED_EDGE ( 'NONE', *, *, #1684, .T. ) ;
#924 = CIRCLE ( 'NONE', #1704, 1.499999999999997780 ) ;
#925 = AXIS2_PLACEMENT_3D ( 'NONE', #1366, #1633, #440 ) ;
#926 = CARTESIAN_POINT ( 'NONE',  ( -13.85640646055101222, 10.00000000000000000, 6.000000000000000000 ) ) ;
#927 = CARTESIAN_POINT ( 'NONE',  ( 20.07937666665015186, 3.578034041414567046, 2.155701928695331837 ) ) ;
#928 = AXIS2_PLACEMENT_3D ( 'NONE', #212, #1688, #339 ) ;
#929 = ORIENTED_EDGE ( 'NONE', *, *, #1407, .F. ) ;
#930 = VECTOR ( 'NONE', #865, 1000.000000000000000 ) ;
#931 = ORIENTED_EDGE ( 'NONE', *, *, #184, .T. ) ;
#932 = FACE_OUTER_BOUND ( 'NONE', #1551, .T. ) ;
#933 = EDGE_LOOP ( 'NONE', ( #410, #288, #931, #1244, #1198, #941 ) ) ;
#934 = DIRECTION ( 'NONE',  ( -0.000000000000000000, -1.000000000000000000, -0.000000000000000000 ) ) ;
#935 = CARTESIAN_POINT ( 'NONE',  ( 19.30912086321459853, 5.000000000000000000, 2.880176935760855095 ) ) ;
#936 = EDGE_CURVE ( 'NONE', #1507, #1452, #1020, .T. ) ;
#937 = ORIENTED_EDGE ( 'NONE', *, *, #972, .T. ) ;
#938 = FACE_OUTER_BOUND ( 'NONE', #690, .T. ) ;
#939 = ORIENTED_EDGE ( 'NONE', *, *, #1724, .F. ) ;
#940 = CARTESIAN_POINT ( 'NONE',  ( -22.51666049839538886, 5.000000000000000000, 3.000000000000006217 ) ) ;
#941 = ORIENTED_EDGE ( 'NONE', *, *, #578, .T. ) ;
#942 = CARTESIAN_POINT ( 'NONE',  ( -20.72432510340989964, 3.871990844951327393, 0.8180370635121264611 ) ) ;
#943 = CARTESIAN_POINT ( 'NONE',  ( 20.45036034519273116, 3.499954309787553175, 1.578976012072769386 ) ) ;
#944 = ORIENTED_EDGE ( 'NONE', *, *, #807, .T. ) ;
#945 = LINE ( 'NONE', #1463, #505 ) ;
#946 = ORIENTED_EDGE ( 'NONE', *, *, #402, .T. ) ;
#947 = CARTESIAN_POINT ( 'NONE',  ( 24.24871130596428159, 8.000000000000000000, 7.088080128179162077E-17 ) ) ;
#948 = ORIENTED_EDGE ( 'NONE', *, *, #384, .T. ) ;
#949 = DIRECTION ( 'NONE',  ( -0.000000000000000000, -1.000000000000000000, -0.000000000000000000 ) ) ;
#950 = DIRECTION ( 'NONE',  ( 0.000000000000000000, 0.000000000000000000, -1.000000000000000000 ) ) ;
#951 = DIRECTION ( 'NONE',  ( -0.000000000000000000, -1.000000000000000000, -0.000000000000000000 ) ) ;
#952 = DIRECTION ( 'NONE',  ( 0.000000000000000000, 0.000000000000000000, -1.000000000000000000 ) ) ;
#953 = CIRCLE ( 'NONE', #473, 3.500000000000000000 ) ;
#954 = AXIS2_PLACEMENT_3D ( 'NONE', #1303, #1438, #1013 ) ;
#955 = ORIENTED_EDGE ( 'NONE', *, *, #578, .F. ) ;
#956 = DIRECTION ( 'NONE',  ( -0.000000000000000000, -1.000000000000000000, -0.000000000000000000 ) ) ;
#957 = ORIENTED_EDGE ( 'NONE', *, *, #341, .T. ) ;
#958 = CARTESIAN_POINT ( 'NONE',  ( -19.30912086321459142, 4.899557027271711718, 2.880176935760854651 ) ) ;
#959 = CARTESIAN_POINT ( 'NONE',  ( -13.85640646055101399, 0.000000000000000000, -10.49999999999999822 ) ) ;
#960 = CARTESIAN_POINT ( 'NONE',  ( -13.85640646055101399, 0.000000000000000000, 10.49999999999999822 ) ) ;
#961 = DIRECTION ( 'NONE',  ( 0.5000000000000006661, 0.000000000000000000, -0.8660254037844382635 ) ) ;
#962 = ORIENTED_EDGE ( 'NONE', *, *, #1481, .F. ) ;
#963 = DIRECTION ( 'NONE',  ( 1.000000000000000000, 0.000000000000000000, 0.000000000000000000 ) ) ;
#964 = VERTEX_POINT ( 'NONE', #751 ) ;
#965 = CARTESIAN_POINT ( 'NONE',  ( 13.85640646055101399, 0.000000000000000000, -11.99999999999999822 ) ) ;
#966 = CYLINDRICAL_SURFACE ( 'NONE', #479, 5.000000000000000888 ) ;
#967 = DIRECTION ( 'NONE',  ( -1.001543065824772482E-16, 0.000000000000000000, -1.000000000000000000 ) ) ;
#968 = EDGE_CURVE ( 'NONE', #92, #638, #233, .T. ) ;
#969 = DIRECTION ( 'NONE',  ( -0.000000000000000000, -1.000000000000000000, -0.000000000000000000 ) ) ;
#970 = VERTEX_POINT ( 'NONE', #61 ) ;
#971 = DIRECTION ( 'NONE',  ( -1.000000000000000000, 0.000000000000000000, 0.000000000000000000 ) ) ;
#972 = EDGE_CURVE ( 'NONE', #531, #774, #877, .T. ) ;
#973 = ORIENTED_EDGE ( 'NONE', *, *, #900, .T. ) ;
#974 = ADVANCED_FACE ( 'NONE', ( #744, #1420 ), #1140, .F. ) ;
#975 = FACE_BOUND ( 'NONE', #883, .T. ) ;
#976 = LINE ( 'NONE', #32, #1008 ) ;
#977 = DIRECTION ( 'NONE',  ( 0.000000000000000000, 0.000000000000000000, -1.000000000000000000 ) ) ;
#978 = CARTESIAN_POINT ( 'NONE',  ( 13.85640646055101399, 0.000000000000000000, 9.000000000000000000 ) ) ;
#979 = VECTOR ( 'NONE', #886, 1000.000000000000000 ) ;
#980 = AXIS2_PLACEMENT_3D ( 'NONE', #178, #984, #950 ) ;
#981 = ORIENTED_EDGE ( 'NONE', *, *, #900, .F. ) ;
#982 = DIRECTION ( 'NONE',  ( -1.000000000000000000, 0.000000000000000000, 0.000000000000000000 ) ) ;
#983 = VECTOR ( 'NONE', #882, 1000.000000000000227 ) ;
#984 = DIRECTION ( 'NONE',  ( -0.000000000000000000, -1.000000000000000000, -0.000000000000000000 ) ) ;
#985 = CARTESIAN_POINT ( 'NONE',  ( -19.57172969366937210, 5.922603669581262942, 2.683818723174414167 ) ) ;
#986 = DIRECTION ( 'NONE',  ( -0.000000000000000000, -1.000000000000000000, 0.000000000000000000 ) ) ;
#987 = EDGE_CURVE ( 'NONE', #964, #1283, #1284, .T. ) ;
#988 = EDGE_LOOP ( 'NONE', ( #433, #1607, #1249, #598 ) ) ;
#989 = LINE ( 'NONE', #1099, #706 ) ;
#990 = EDGE_CURVE ( 'NONE', #570, #474, #1241, .T. ) ;
#991 = APPROVAL_DATE_TIME ( #459, #662 ) ;
#992 = ORIENTED_EDGE ( 'NONE', *, *, #738, .F. ) ;
#993 = LINE ( 'NONE', #603, #979 ) ;
#994 = LINE ( 'NONE', #327, #930 ) ;
#995 = ORIENTED_EDGE ( 'NONE', *, *, #147, .T. ) ;
#996 = LINE ( 'NONE', #576, #1148 ) ;
#997 = PLANE ( 'NONE',  #673 ) ;
#998 = ORIENTED_EDGE ( 'NONE', *, *, #113, .F. ) ;
#999 = FACE_OUTER_BOUND ( 'NONE', #567, .T. ) ;
#1000 = LINE ( 'NONE', #1143, #899 ) ;
#1001 = ORIENTED_EDGE ( 'NONE', *, *, #80, .F. ) ;
#1002 = CARTESIAN_POINT ( 'NONE',  ( 0.000000000000000000, 0.000000000000000000, 0.000000000000000000 ) ) ;
#1003 = AXIS2_PLACEMENT_3D ( 'NONE', #370, #511, #1066 ) ;
#1004 = CIRCLE ( 'NONE', #503, 1.499999999999998224 ) ;
#1005 = CARTESIAN_POINT ( 'NONE',  ( 20.78460969082652099, 8.000000000000000000, 6.000000000000000000 ) ) ;
#1006 = CIRCLE ( 'NONE', #615, 11.12500000000000000 ) ;
#1007 = EDGE_CURVE ( 'NONE', #279, #1476, #1703, .T. ) ;
#1008 = VECTOR ( 'NONE', #1383, 1000.000000000000000 ) ;
#1009 = ORIENTED_EDGE ( 'NONE', *, *, #936, .F. ) ;
#1010 = CARTESIAN_POINT ( 'NONE',  ( -20.63104368630925833, 6.346459902566785161, 1.139631817030205552 ) ) ;
#1011 = DIRECTION ( 'NONE',  ( 0.000000000000000000, 0.000000000000000000, 1.000000000000000000 ) ) ;
#1012 = VERTEX_POINT ( 'NONE', #1428 ) ;
#1013 = DIRECTION ( 'NONE',  ( 0.000000000000000000, 0.000000000000000000, -1.000000000000000000 ) ) ;
#1014 = DIRECTION ( 'NONE',  ( 0.000000000000000000, 0.000000000000000000, -1.000000000000000000 ) ) ;
#1015 = MECHANICAL_CONTEXT ( 'NONE', #1039, 'mechanical' ) ;
#1016 = CARTESIAN_POINT ( 'NONE',  ( -19.30912086321458432, 5.200702387251041614, 2.880176935760854207 ) ) ;
#1017 = FACE_OUTER_BOUND ( 'NONE', #909, .T. ) ;
#1018 = EDGE_CURVE ( 'NONE', #1595, #42, #1294, .T. ) ;
#1019 = ORIENTED_EDGE ( 'NONE', *, *, #738, .T. ) ;
#1020 = LINE ( 'NONE', #1145, #423 ) ;
#1021 = CARTESIAN_POINT ( 'NONE',  ( 16.03585593232135409, 0.000000000000000000, -6.000000000000000000 ) ) ;
#1022 = DIRECTION ( 'NONE',  ( -0.5000000000000001110, 0.000000000000000000, -0.8660254037844384856 ) ) ;
#1023 = EDGE_CURVE ( 'NONE', #325, #570, #1271, .T. ) ;
#1024 = CARTESIAN_POINT ( 'NONE',  ( 20.80912086321460563, 5.000000000000000000, 0.2821007244075434683 ) ) ;
#1025 = CARTESIAN_POINT ( 'NONE',  ( 20.78460969082652099, 0.000000000000000000, 6.000000000000000000 ) ) ;
#1026 = CC_DESIGN_APPROVAL ( #662, ( #1469 ) ) ;
#1027 = EDGE_LOOP ( 'NONE', ( #920, #797 ) ) ;
#1028 = FACE_OUTER_BOUND ( 'NONE', #510, .T. ) ;
#1029 = CARTESIAN_POINT ( 'NONE',  ( -13.85640646055101399, 8.000000000000000000, -10.49999999999999822 ) ) ;
#1030 = AXIS2_PLACEMENT_3D ( 'NONE', #915, #1563, #1205 ) ;
#1031 = EDGE_CURVE ( 'NONE', #1302, #1221, #1006, .T. ) ;
#1032 = VECTOR ( 'NONE', #227, 1000.000000000000000 ) ;
#1033 = ORIENTED_EDGE ( 'NONE', *, *, #912, .F. ) ;
#1034 = VECTOR ( 'NONE', #1533, 1000.000000000000114 ) ;
#1035 = CARTESIAN_POINT ( 'NONE',  ( -20.56928635258229932, 5.000000000000000000, -21.87568301270190574 ) ) ;
#1036 = DIRECTION ( 'NONE',  ( 0.000000000000000000, 1.000000000000000000, 0.000000000000000000 ) ) ;
#1037 = ORIENTED_EDGE ( 'NONE', *, *, #587, .F. ) ;
#1038 = DIRECTION ( 'NONE',  ( -0.000000000000000000, -1.000000000000000000, -0.000000000000000000 ) ) ;
#1039 = APPLICATION_CONTEXT ( 'configuration controlled 3d designs of mechanical parts and assemblies' ) ;
#1040 = VERTEX_POINT ( 'NONE', #1057 ) ;
#1041 = FACE_OUTER_BOUND ( 'NONE', #1186, .T. ) ;
#1042 = EDGE_CURVE ( 'NONE', #232, #1302, #540, .T. ) ;
#1043 = PERSON_AND_ORGANIZATION_ROLE ( 'classification_officer' ) ;
#1044 = ORIENTED_EDGE ( 'NONE', *, *, #1239, .T. ) ;
#1045 = DIRECTION ( 'NONE',  ( 0.000000000000000000, 1.000000000000000000, 0.000000000000000000 ) ) ;
#1046 = CARTESIAN_POINT ( 'NONE',  ( 20.52997583744767240, 6.451081402107609719, 1.399579958444776118 ) ) ;
#1047 = EDGE_CURVE ( 'NONE', #1379, #708, #103, .T. ) ;
#1048 = ORIENTED_EDGE ( 'NONE', *, *, #300, .F. ) ;
#1049 = LINE ( 'NONE', #1586, #1516 ) ;
#1050 = ADVANCED_FACE ( 'NONE', ( #115 ), #1606, .F. ) ;
#1051 = ORIENTED_EDGE ( 'NONE', *, *, #471, .F. ) ;
#1052 = CARTESIAN_POINT ( 'NONE',  ( -17.32050807568877460, 0.000000000000000000, 3.499999999999996891 ) ) ;
#1053 = ORIENTED_EDGE ( 'NONE', *, *, #1698, .F. ) ;
#1054 = CARTESIAN_POINT ( 'NONE',  ( 13.85640646055101399, 8.000000000000000000, 11.99999999999999822 ) ) ;
#1055 = CARTESIAN_POINT ( 'NONE',  ( 20.70519676422056676, 3.809237704951367043, 0.8948737491717256853 ) ) ;
#1056 = VERTEX_POINT ( 'NONE', #1323 ) ;
#1057 = CARTESIAN_POINT ( 'NONE',  ( 16.03585593232135409, 8.000000000000000000, 6.000000000000000000 ) ) ;
#1058 = AXIS2_PLACEMENT_3D ( 'NONE', #1253, #1119, #41 ) ;
#1059 = VERTEX_POINT ( 'NONE', #132 ) ;
#1060 = DIRECTION ( 'NONE',  ( -0.000000000000000000, -1.000000000000000000, 0.000000000000000000 ) ) ;
#1061 = EDGE_CURVE ( 'NONE', #536, #474, #1190, .T. ) ;
#1062 = ORIENTED_EDGE ( 'NONE', *, *, #1502, .F. ) ;
#1063 = CIRCLE ( 'NONE', #610, 3.500000000000000000 ) ;
#1064 = LOCAL_TIME ( 22, 20, 58.00000000000000000, #589 ) ;
#1065 = VECTOR ( 'NONE', #1623, 1000.000000000000000 ) ;
#1066 = DIRECTION ( 'NONE',  ( 0.000000000000000000, 0.000000000000000000, -1.000000000000000000 ) ) ;
#1067 = CARTESIAN_POINT ( 'NONE',  ( 20.70871794284957090, 6.197248842548860104, 0.8891481807020842343 ) ) ;
#1068 = AXIS2_PLACEMENT_3D ( 'NONE', #1743, #277, #1480 ) ;
#1069 = ORIENTED_EDGE ( 'NONE', *, *, #138, .T. ) ;
#1070 = PLANE ( 'NONE',  #1708 ) ;
#1071 = VERTEX_POINT ( 'NONE', #1211 ) ;
#1072 = CARTESIAN_POINT ( 'NONE',  ( 13.85640646055101399, 8.000000000000000000, 10.49999999999999822 ) ) ;
#1073 = MANIFOLD_SOLID_BREP ( 'Cut-Extrude2', #1342 ) ;
#1074 = EDGE_LOOP ( 'NONE', ( #929, #192, #1444, #468 ) ) ;
#1075 = CARTESIAN_POINT ( 'NONE',  ( -20.56680954590540011, 3.577919530499595879, 1.311529015336363457 ) ) ;
#1076 = CARTESIAN_POINT ( 'NONE',  ( 20.80135609710412226, 5.488061774185617914, 0.3679573458300962607 ) ) ;
#1077 = ORIENTED_EDGE ( 'NONE', *, *, #54, .T. ) ;
#1078 = FACE_OUTER_BOUND ( 'NONE', #1384, .T. ) ;
#1079 = EDGE_LOOP ( 'NONE', ( #695, #595 ) ) ;
#1080 = DIRECTION ( 'NONE',  ( 0.000000000000000000, 0.000000000000000000, -1.000000000000000000 ) ) ;
#1081 = ORIENTED_EDGE ( 'NONE', *, *, #1207, .F. ) ;
#1082 = CARTESIAN_POINT ( 'NONE',  ( -20.40085696335564691, 3.499945789005074026, 1.664725688084058852 ) ) ;
#1083 = DIRECTION ( 'NONE',  ( 0.000000000000000000, 0.000000000000000000, 1.000000000000000000 ) ) ;
#1084 = ADVANCED_FACE ( 'NONE', ( #1078 ), #1349, .T. ) ;
#1085 = B_SPLINE_CURVE_WITH_KNOTS ( 'NONE', 3,
 ( #935, #804, #1197, #1722, #520, #258, #1442, #388, #1335, #1328, #671, #927, #1741, #99, #238, #943, #1700, #538, #795, #1055, #1460, #1584, #274, #1300, #1713, #1604 ),
 .UNSPECIFIED., .F., .F.,
 ( 4, 2, 2, 2, 2, 2, 2, 2, 2, 2, 2, 2, 4 ),
 ( 0.004747570850518862372, 0.005044022899832515359, 0.005340474949146169215, 0.005933379047773477792, 0.006229831097087129912, 0.006526283146400782033, 0.006822735195714434153, 0.007119187245028085406, 0.007712091343655382708, 0.008008543392969030492, 0.008304995442282678275, 0.008897899540909973842, 0.009490803639537271144 ),
 .UNSPECIFIED. ) ;
#1086 = DIRECTION ( 'NONE',  ( 0.8660254037844383745, -0.000000000000000000, 0.5000000000000004441 ) ) ;
#1087 = DIRECTION ( 'NONE',  ( -0.4999999999999995559, 0.000000000000000000, 0.8660254037844389297 ) ) ;
#1088 = EDGE_LOOP ( 'NONE', ( #580, #1582 ) ) ;
#1089 = CARTESIAN_POINT ( 'NONE',  ( -8.660254037844383745, 8.000000000000000000, -15.00000000000000000 ) ) ;
#1090 = ORIENTED_EDGE ( 'NONE', *, *, #270, .F. ) ;
#1091 = DIRECTION ( 'NONE',  ( 0.000000000000000000, -0.000000000000000000, -1.000000000000000000 ) ) ;
#1092 = AXIS2_PLACEMENT_3D ( 'NONE', #1557, #1549, #342 ) ;
#1093 = DIRECTION ( 'NONE',  ( 0.8660254037844383745, 0.000000000000000000, 0.5000000000000004441 ) ) ;
#1094 = CARTESIAN_POINT ( 'NONE',  ( -13.85640646055102110, 10.00000000000000000, -6.000000000000015099 ) ) ;
#1095 = FACE_OUTER_BOUND ( 'NONE', #1242, .T. ) ;
#1096 = VECTOR ( 'NONE', #198, 1000.000000000000114 ) ;
#1097 = VECTOR ( 'NONE', #407, 1000.000000000000227 ) ;
#1098 = VERTEX_POINT ( 'NONE', #401 ) ;
#1099 = CARTESIAN_POINT ( 'NONE',  ( -20.78460969082653165, 10.00000000000000000, 6.000000000000000000 ) ) ;
#1100 = ORIENTED_EDGE ( 'NONE', *, *, #270, .T. ) ;
#1101 = EDGE_CURVE ( 'NONE', #799, #1098, #945, .T. ) ;
#1102 = CARTESIAN_POINT ( 'NONE',  ( -20.80614079076889666, 4.602614651900887033, 0.3271665268075730215 ) ) ;
#1103 = FACE_OUTER_BOUND ( 'NONE', #495, .T. ) ;
#1104 = LINE ( 'NONE', #832, #1453 ) ;
#1105 = CARTESIAN_POINT ( 'NONE',  ( 8.660254037844381969, 8.000000000000000000, 15.00000000000001243 ) ) ;
#1106 = VERTEX_POINT ( 'NONE', #144 ) ;
#1107 = DIRECTION ( 'NONE',  ( 0.000000000000000000, 0.000000000000000000, 1.000000000000000000 ) ) ;
#1108 = ADVANCED_FACE ( 'NONE', ( #241, #530 ), #1070, .F. ) ;
#1109 = ORIENTED_EDGE ( 'NONE', *, *, #36, .F. ) ;
#1110 = CARTESIAN_POINT ( 'NONE',  ( 17.32050807568878170, 8.000000000000000000, 0.000000000000000000 ) ) ;
#1111 = CARTESIAN_POINT ( 'NONE',  ( -13.85640646055101222, 10.00000000000000000, 6.000000000000000000 ) ) ;
#1112 = ORIENTED_EDGE ( 'NONE', *, *, #351, .T. ) ;
#1113 = CARTESIAN_POINT ( 'NONE',  ( -9.675277914599559992, 8.000000000000000000, 13.24192707456450790 ) ) ;
#1114 = ORIENTED_EDGE ( 'NONE', *, *, #384, .F. ) ;
#1115 = DIRECTION ( 'NONE',  ( 0.000000000000000000, 0.000000000000000000, 1.000000000000000000 ) ) ;
#1116 = CIRCLE ( 'NONE', #605, 1.499999999999997780 ) ;
#1117 = ADVANCED_FACE ( 'NONE', ( #261 ), #1614, .F. ) ;
#1118 = DIRECTION ( 'NONE',  ( 0.5000000000000006661, 0.000000000000000000, 0.8660254037844382635 ) ) ;
#1119 = DIRECTION ( 'NONE',  ( 0.000000000000000000, 1.000000000000000000, -0.000000000000000000 ) ) ;
#1120 = CARTESIAN_POINT ( 'NONE',  ( 13.85640646055102287, 10.00000000000000000, -6.000000000000003553 ) ) ;
#1121 = DIRECTION ( 'NONE',  ( 0.000000000000000000, 0.000000000000000000, 1.000000000000000000 ) ) ;
#1122 = CC_DESIGN_APPROVAL ( #721, ( #754 ) ) ;
#1123 = ORIENTED_EDGE ( 'NONE', *, *, #1485, .F. ) ;
#1124 = AXIS2_PLACEMENT_3D ( 'NONE', #404, #820, #1351 ) ;
#1125 = CARTESIAN_POINT ( 'NONE',  ( -13.85640646055101399, 8.000000000000000000, 10.49999999999999822 ) ) ;
#1126 = VECTOR ( 'NONE', #961, 1000.000000000000000 ) ;
#1127 = VECTOR ( 'NONE', #195, 1000.000000000000000 ) ;
#1128 = CARTESIAN_POINT ( 'NONE',  ( 13.85640646055101399, 0.000000000000000000, 10.49999999999999822 ) ) ;
#1129 = ORIENTED_EDGE ( 'NONE', *, *, #1377, .F. ) ;
#1130 = CYLINDRICAL_SURFACE ( 'NONE', #1674, 9.000000000000000000 ) ;
#1131 = DIRECTION ( 'NONE',  ( 0.000000000000000000, 0.000000000000000000, 1.000000000000000000 ) ) ;
#1132 = ORIENTED_EDGE ( 'NONE', *, *, #1338, .F. ) ;
#1133 = CYLINDRICAL_SURFACE ( 'NONE', #1656, 1.499999999999999778 ) ;
#1134 = CARTESIAN_POINT ( 'NONE',  ( 13.85640646055101399, 0.000000000000000000, -15.50000000000000000 ) ) ;
#1135 = ORIENTED_EDGE ( 'NONE', *, *, #1594, .F. ) ;
#1136 = DIRECTION ( 'NONE',  ( 0.000000000000000000, 0.000000000000000000, -1.000000000000000000 ) ) ;
#1137 = LINE ( 'NONE', #1666, #534 ) ;
#1138 = EDGE_LOOP ( 'NONE', ( #405, #787, #1189, #1617, #1527, #1069 ) ) ;
#1139 = ADVANCED_FACE ( 'NONE', ( #816, #938 ), #7, .F. ) ;
#1140 = PLANE ( 'NONE',  #1376 ) ;
#1141 = CARTESIAN_POINT ( 'NONE',  ( 13.85640646055101399, 8.000000000000000000, -10.49999999999999822 ) ) ;
#1142 = CARTESIAN_POINT ( 'NONE',  ( -20.40122172858349003, 6.499977094785510445, 1.664027796574681473 ) ) ;
#1143 = CARTESIAN_POINT ( 'NONE',  ( 21.31928635258228866, 5.000000000000000000, -20.57664490702527260 ) ) ;
#1144 = ORIENTED_EDGE ( 'NONE', *, *, #80, .T. ) ;
#1145 = CARTESIAN_POINT ( 'NONE',  ( -8.660254037844405062, 10.00000000000000000, 14.99999999999999112 ) ) ;
#1146 = AXIS2_PLACEMENT_3D ( 'NONE', #685, #967, #445 ) ;
#1147 = AXIS2_PLACEMENT_3D ( 'NONE', #349, #1414, #1405 ) ;
#1148 = VECTOR ( 'NONE', #1668, 1000.000000000000000 ) ;
#1149 = FACE_BOUND ( 'NONE', #1576, .T. ) ;
#1150 = VECTOR ( 'NONE', #446, 1000.000000000000000 ) ;
#1151 = EDGE_CURVE ( 'NONE', #1059, #1632, #1049, .T. ) ;
#1152 = CYLINDRICAL_SURFACE ( 'NONE', #1147, 9.000000000000000000 ) ;
#1153 = DIRECTION ( 'NONE',  ( 0.000000000000000000, 1.000000000000000000, 0.000000000000000000 ) ) ;
#1154 = CYLINDRICAL_SURFACE ( 'NONE', #618, 1.499999999999997780 ) ;
#1155 = VERTEX_POINT ( 'NONE', #798 ) ;
#1156 = CYLINDRICAL_SURFACE ( 'NONE', #895, 11.12500000000000000 ) ;
#1157 = EDGE_CURVE ( 'NONE', #523, #369, #252, .T. ) ;
#1158 = DIRECTION ( 'NONE',  ( 0.000000000000000000, -0.000000000000000000, 1.000000000000000000 ) ) ;
#1159 = EDGE_CURVE ( 'NONE', #1177, #1419, #664, .T. ) ;
#1160 = CARTESIAN_POINT ( 'NONE',  ( -8.660254037844383745, 0.000000000000000000, -15.00000000000000000 ) ) ;
#1161 = FACE_OUTER_BOUND ( 'NONE', #1664, .T. ) ;
#1162 = EDGE_LOOP ( 'NONE', ( #65, #1509, #1112, #1051 ) ) ;
#1163 = DIRECTION ( 'NONE',  ( 0.000000000000000000, -1.000000000000000000, 0.000000000000000000 ) ) ;
#1164 = CARTESIAN_POINT ( 'NONE',  ( 0.000000000000000000, 8.000000000000000000, -9.000000000000000000 ) ) ;
#1165 = SECURITY_CLASSIFICATION_LEVEL ( 'unclassified' ) ;
#1166 = VERTEX_POINT ( 'NONE', #978 ) ;
#1167 = FACE_BOUND ( 'NONE', #10, .T. ) ;
#1168 = CARTESIAN_POINT ( 'NONE',  ( 8.660254037844381969, 10.00000000000000000, 15.00000000000001243 ) ) ;
#1169 = ORIENTED_EDGE ( 'NONE', *, *, #1042, .T. ) ;
#1170 = CARTESIAN_POINT ( 'NONE',  ( 13.85640646055101399, 8.000000000000000000, -10.49999999999999822 ) ) ;
#1171 = EDGE_CURVE ( 'NONE', #149, #570, #417, .T. ) ;
#1172 = AXIS2_PLACEMENT_3D ( 'NONE', #1347, #1490, #1219 ) ;
#1173 = DIRECTION ( 'NONE',  ( -0.000000000000000000, -1.000000000000000000, -0.000000000000000000 ) ) ;
#1174 = CIRCLE ( 'NONE', #1312, 5.000000000000000888 ) ;
#1175 = AXIS2_PLACEMENT_3D ( 'NONE', #1304, #752, #207 ) ;
#1176 = CALENDAR_DATE ( 2026, 6, 2 ) ;
#1177 = VERTEX_POINT ( 'NONE', #1375 ) ;
#1178 = AXIS2_PLACEMENT_3D ( 'NONE', #287, #574, #1260 ) ;
#1179 = DIRECTION ( 'NONE',  ( 0.000000000000000000, 1.000000000000000000, -0.000000000000000000 ) ) ;
#1180 = CARTESIAN_POINT ( 'NONE',  ( 19.30912086321460208, 5.197754811396936070, 2.880176935760855983 ) ) ;
#1181 = EDGE_LOOP ( 'NONE', ( #1615, #345, #1053, #1501 ) ) ;
#1182 = DIRECTION ( 'NONE',  ( -0.000000000000000000, -1.000000000000000000, -0.000000000000000000 ) ) ;
#1183 = ORIENTED_EDGE ( 'NONE', *, *, #123, .F. ) ;
#1184 = PLANE ( 'NONE',  #1237 ) ;
#1185 = DATE_AND_TIME ( #1305, #383 ) ;
#1186 = EDGE_LOOP ( 'NONE', ( #529, #703, #412, #1639, #634, #821 ) ) ;
#1187 = FACE_OUTER_BOUND ( 'NONE', #1725, .T. ) ;
#1188 = CARTESIAN_POINT ( 'NONE',  ( 17.32050807568878170, 0.000000000000000000, 3.500000000000000000 ) ) ;
#1189 = ORIENTED_EDGE ( 'NONE', *, *, #786, .T. ) ;
#1190 = LINE ( 'NONE', #806, #53 ) ;
#1191 = EDGE_CURVE ( 'NONE', #1216, #1298, #833, .T. ) ;
#1192 = EDGE_LOOP ( 'NONE', ( #1062, #1634, #777, #457 ) ) ;
#1193 = CARTESIAN_POINT ( 'NONE',  ( -13.85640646055101399, 8.000000000000000000, -10.49999999999999822 ) ) ;
#1194 = PERSON_AND_ORGANIZATION ( #200, #218 ) ;
#1195 = ORIENTED_EDGE ( 'NONE', *, *, #987, .T. ) ;
#1196 = CARTESIAN_POINT ( 'NONE',  ( 8.660254037844383745, 0.000000000000000000, -15.00000000000000000 ) ) ;
#1197 = CARTESIAN_POINT ( 'NONE',  ( 19.31825629541831191, 4.800862836909721487, 2.873928884794899385 ) ) ;
#1198 = ORIENTED_EDGE ( 'NONE', *, *, #1534, .F. ) ;
#1199 = ORIENTED_EDGE ( 'NONE', *, *, #728, .F. ) ;
#1200 = DIRECTION ( 'NONE',  ( 0.5000000000000009992, 0.000000000000000000, 0.8660254037844380415 ) ) ;
#1201 = ADVANCED_FACE ( 'NONE', ( #555 ), #701, .F. ) ;
#1202 = ORIENTED_EDGE ( 'NONE', *, *, #1400, .F. ) ;
#1203 = AXIS2_PLACEMENT_3D ( 'NONE', #1035, #1572, #119 ) ;
#1204 = AXIS2_PLACEMENT_3D ( 'NONE', #1561, #1689, #1118 ) ;
#1205 = DIRECTION ( 'NONE',  ( 0.000000000000000000, 0.000000000000000000, 1.000000000000000000 ) ) ;
#1206 = CARTESIAN_POINT ( 'NONE',  ( 20.77008324321487365, 5.924005342320865175, 0.6090827158596161528 ) ) ;
#1207 = EDGE_CURVE ( 'NONE', #1474, #1702, #196, .T. ) ;
#1208 = AXIS2_PLACEMENT_3D ( 'NONE', #908, #522, #514 ) ;
#1209 = VERTEX_POINT ( 'NONE', #160 ) ;
#1210 = AXIS2_PLACEMENT_3D ( 'NONE', #850, #1093, #151 ) ;
#1211 = CARTESIAN_POINT ( 'NONE',  ( 1.362419564051430298E-15, 8.000000000000000000, 11.12500000000000000 ) ) ;
#1212 = EDGE_LOOP ( 'NONE', ( #834, #297, #937, #1230 ) ) ;
#1213 = CARTESIAN_POINT ( 'NONE',  ( -13.85640646055101399, 0.000000000000000000, 10.49999999999999822 ) ) ;
#1214 = EDGE_CURVE ( 'NONE', #400, #1632, #818, .T. ) ;
#1215 = ADVANCED_FACE ( 'NONE', ( #1095 ), #429, .F. ) ;
#1216 = VERTEX_POINT ( 'NONE', #26 ) ;
#1217 = CARTESIAN_POINT ( 'NONE',  ( -19.37959249539438034, 4.511938225814382086, 2.830524140343451123 ) ) ;
#1218 = CARTESIAN_POINT ( 'NONE',  ( -20.78460969082652099, 0.000000000000000000, -6.000000000000000000 ) ) ;
#1219 = DIRECTION ( 'NONE',  ( -0.4999999999999962808, 0.000000000000000000, 0.8660254037844407060 ) ) ;
#1220 = DIRECTION ( 'NONE',  ( 0.000000000000000000, 0.000000000000000000, -1.000000000000000000 ) ) ;
#1221 = VERTEX_POINT ( 'NONE', #1506 ) ;
#1222 = DIRECTION ( 'NONE',  ( -0.000000000000000000, -1.000000000000000000, -0.000000000000000000 ) ) ;
#1223 = EDGE_CURVE ( 'NONE', #1585, #338, #566, .T. ) ;
#1224 = ORIENTED_EDGE ( 'NONE', *, *, #1061, .T. ) ;
#1225 = DIRECTION ( 'NONE',  ( 0.000000000000000000, -1.000000000000000000, 0.000000000000000000 ) ) ;
#1226 = LINE ( 'NONE', #427, #759 ) ;
#1227 = EDGE_LOOP ( 'NONE', ( #390, #1270 ) ) ;
#1228 = CARTESIAN_POINT ( 'NONE',  ( 20.78460969082652099, 8.000000000000000000, -6.000000000000000000 ) ) ;
#1229 = EDGE_CURVE ( 'NONE', #778, #1679, #1248, .T. ) ;
#1230 = ORIENTED_EDGE ( 'NONE', *, *, #94, .T. ) ;
#1231 = FACE_OUTER_BOUND ( 'NONE', #1341, .T. ) ;
#1232 = ADVANCED_FACE ( 'NONE', ( #712, #35 ), #1658, .F. ) ;
#1233 = ORIENTED_EDGE ( 'NONE', *, *, #408, .F. ) ;
#1234 = CARTESIAN_POINT ( 'NONE',  ( -20.53000079122478283, 3.548964746433751927, 1.399498612784753959 ) ) ;
#1235 = CIRCLE ( 'NONE', #868, 5.000000000000000888 ) ;
#1236 = DIRECTION ( 'NONE',  ( -0.000000000000000000, -1.000000000000000000, -0.000000000000000000 ) ) ;
#1237 = AXIS2_PLACEMENT_3D ( 'NONE', #947, #1483, #1332 ) ;
#1238 = ORIENTED_EDGE ( 'NONE', *, *, #1589, .F. ) ;
#1239 = EDGE_CURVE ( 'NONE', #1597, #379, #1515, .T. ) ;
#1240 = CARTESIAN_POINT ( 'NONE',  ( 13.85640646055101399, 0.000000000000000000, -10.49999999999999822 ) ) ;
#1241 = CIRCLE ( 'NONE', #137, 5.000000000000000000 ) ;
#1242 = EDGE_LOOP ( 'NONE', ( #1233, #521, #1169, #962 ) ) ;
#1243 = DIRECTION ( 'NONE',  ( 0.000000000000000000, 1.000000000000000000, 0.000000000000000000 ) ) ;
#1244 = ORIENTED_EDGE ( 'NONE', *, *, #54, .F. ) ;
#1245 = CARTESIAN_POINT ( 'NONE',  ( 20.78460969082652099, 0.000000000000000000, 6.000000000000000000 ) ) ;
#1246 = CARTESIAN_POINT ( 'NONE',  ( 9.675277914599559992, 0.000000000000000000, -13.24192707456450790 ) ) ;
#1247 = ORIENTED_EDGE ( 'NONE', *, *, #1446, .T. ) ;
#1248 = LINE ( 'NONE', #1638, #1126 ) ;
#1249 = ORIENTED_EDGE ( 'NONE', *, *, #702, .T. ) ;
#1250 = DIRECTION ( 'NONE',  ( -1.000000000000000000, 0.000000000000000000, 0.000000000000000000 ) ) ;
#1251 = EDGE_CURVE ( 'NONE', #124, #1706, #859, .T. ) ;
#1252 = FACE_OUTER_BOUND ( 'NONE', #1661, .T. ) ;
#1253 = CARTESIAN_POINT ( 'NONE',  ( -13.85640646055101399, 0.000000000000000000, -10.49999999999999822 ) ) ;
#1254 = DIRECTION ( 'NONE',  ( -0.000000000000000000, -1.000000000000000000, -0.000000000000000000 ) ) ;
#1255 = CARTESIAN_POINT ( 'NONE',  ( 13.85640646055102287, 10.00000000000000000, -6.000000000000003553 ) ) ;
#1256 = ORIENTED_EDGE ( 'NONE', *, *, #600, .F. ) ;
#1257 = DIRECTION ( 'NONE',  ( -0.8660254037844380415, -0.000000000000000000, 0.5000000000000009992 ) ) ;
#1258 = APPROVAL_STATUS ( 'not_yet_approved' ) ;
#1259 = CYLINDRICAL_SURFACE ( 'NONE', #1653, 1.499999999999997780 ) ;
#1260 = DIRECTION ( 'NONE',  ( -0.5000000000000006661, 0.000000000000000000, 0.8660254037844382635 ) ) ;
#1261 = AXIS2_PLACEMENT_3D ( 'NONE', #493, #246, #90 ) ;
#1262 = VERTEX_POINT ( 'NONE', #1385 ) ;
#1263 = CIRCLE ( 'NONE', #50, 1.499999999999997780 ) ;
#1264 = VECTOR ( 'NONE', #355, 1000.000000000000000 ) ;
#1265 = EDGE_CURVE ( 'NONE', #531, #1415, #646, .T. ) ;
#1266 = DIRECTION ( 'NONE',  ( 1.000000000000000000, 0.000000000000000000, 0.000000000000000000 ) ) ;
#1267 = EDGE_CURVE ( 'NONE', #1514, #1595, #547, .T. ) ;
#1268 = LINE ( 'NONE', #733, #1429 ) ;
#1269 = CARTESIAN_POINT ( 'NONE',  ( 20.80912086321460563, 5.100442972728288282, 0.2821007244075434683 ) ) ;
#1270 = ORIENTED_EDGE ( 'NONE', *, *, #432, .F. ) ;
#1271 = LINE ( 'NONE', #1673, #1659 ) ;
#1272 = FACE_OUTER_BOUND ( 'NONE', #1482, .T. ) ;
#1273 = CARTESIAN_POINT ( 'NONE',  ( -19.47887512810855171, 5.760323871596242817, 2.756504888096932948 ) ) ;
#1274 = DIRECTION ( 'NONE',  ( 0.000000000000000000, 1.000000000000000000, 0.000000000000000000 ) ) ;
#1275 = ORIENTED_EDGE ( 'NONE', *, *, #1296, .F. ) ;
#1276 = DIRECTION ( 'NONE',  ( 0.000000000000000000, 0.000000000000000000, 1.000000000000000000 ) ) ;
#1277 = FACE_OUTER_BOUND ( 'NONE', #693, .T. ) ;
#1278 = EDGE_CURVE ( 'NONE', #379, #92, #582, .T. ) ;
#1279 = CC_DESIGN_SECURITY_CLASSIFICATION ( #450, ( #754 ) ) ;
#1280 = DIRECTION ( 'NONE',  ( 0.000000000000000000, 0.000000000000000000, 1.000000000000000000 ) ) ;
#1281 = CARTESIAN_POINT ( 'NONE',  ( -17.32050807568877460, 8.000000000000000000, 3.499999999999996891 ) ) ;
#1282 = EDGE_CURVE ( 'NONE', #42, #1322, #106, .T. ) ;
#1283 = VERTEX_POINT ( 'NONE', #1391 ) ;
#1284 = LINE ( 'NONE', #76, #1264 ) ;
#1285 = VECTOR ( 'NONE', #1424, 1000.000000000000000 ) ;
#1286 = AXIS2_PLACEMENT_3D ( 'NONE', #705, #1243, #431 ) ;
#1287 = CARTESIAN_POINT ( 'NONE',  ( 13.85640646055101399, 8.000000000000000000, 10.49999999999999822 ) ) ;
#1288 = CIRCLE ( 'NONE', #928, 3.500000000000000000 ) ;
#1289 = VECTOR ( 'NONE', #1628, 1000.000000000000000 ) ;
#1290 = PERSON_AND_ORGANIZATION_ROLE ( 'design_owner' ) ;
#1291 = CARTESIAN_POINT ( 'NONE',  ( -20.53043942582336001, 6.450756793037911940, 1.398505706466688592 ) ) ;
#1292 = CARTESIAN_POINT ( 'NONE',  ( 20.78460969082654231, 10.00000000000000000, 6.000000000000000000 ) ) ;
#1293 = ORIENTED_EDGE ( 'NONE', *, *, #368, .T. ) ;
#1294 = LINE ( 'NONE', #867, #1096 ) ;
#1295 = CARTESIAN_POINT ( 'NONE',  ( -13.85640646055101399, 8.000000000000000000, 9.000000000000000000 ) ) ;
#1296 = EDGE_CURVE ( 'NONE', #114, #811, #785, .T. ) ;
#1297 = PERSON_AND_ORGANIZATION_ROLE ( 'creator' ) ;
#1298 = VERTEX_POINT ( 'NONE', #767 ) ;
#1299 = FACE_BOUND ( 'NONE', #781, .T. ) ;
#1300 = CARTESIAN_POINT ( 'NONE',  ( 20.80624606003368626, 4.604173159091558887, 0.3263406740948028295 ) ) ;
#1301 = ADVANCED_FACE ( 'NONE', ( #1161 ), #487, .T. ) ;
#1302 = VERTEX_POINT ( 'NONE', #875 ) ;
#1303 = CARTESIAN_POINT ( 'NONE',  ( 13.85640646055101399, 0.000000000000000000, -10.49999999999999822 ) ) ;
#1304 = CARTESIAN_POINT ( 'NONE',  ( 22.51666049839539241, 5.000000000000000000, 3.000000000000002665 ) ) ;
#1305 = CALENDAR_DATE ( 2026, 6, 2 ) ;
#1306 = ORIENTED_EDGE ( 'NONE', *, *, #475, .F. ) ;
#1307 = CARTESIAN_POINT ( 'NONE',  ( 24.24871130596429225, 10.00000000000000000, -1.867143853166486393E-15 ) ) ;
#1308 = CARTESIAN_POINT ( 'NONE',  ( 20.30237725573552865, 6.500054210994928638, 1.835297545196650226 ) ) ;
#1309 = ORIENTED_EDGE ( 'NONE', *, *, #1427, .T. ) ;
#1310 = DIRECTION ( 'NONE',  ( -0.000000000000000000, -1.000000000000000000, -0.000000000000000000 ) ) ;
#1311 = ORIENTED_EDGE ( 'NONE', *, *, #622, .T. ) ;
#1312 = AXIS2_PLACEMENT_3D ( 'NONE', #1712, #1045, #905 ) ;
#1313 = DIRECTION ( 'NONE',  ( 0.000000000000000000, 0.000000000000000000, -1.000000000000000000 ) ) ;
#1314 = AXIS2_PLACEMENT_3D ( 'NONE', #1652, #1707, #1439 ) ;
#1315 = VECTOR ( 'NONE', #1087, 1000.000000000000000 ) ;
#1316 = CALENDAR_DATE ( 2026, 6, 2 ) ;
#1317 = EDGE_LOOP ( 'NONE', ( #480, #749, #918, #260 ) ) ;
#1318 = AXIS2_PLACEMENT_3D ( 'NONE', #266, #1036, #906 ) ;
#1319 = FACE_BOUND ( 'NONE', #1088, .T. ) ;
#1320 = CARTESIAN_POINT ( 'NONE',  ( 20.56721476729871867, 6.421592821964651421, 1.310436886950136826 ) ) ;
#1321 = EDGE_CURVE ( 'NONE', #557, #290, #395, .T. ) ;
#1322 = VERTEX_POINT ( 'NONE', #343 ) ;
#1323 = CARTESIAN_POINT ( 'NONE',  ( -9.675277914599558216, 0.000000000000000000, 13.24192707456450790 ) ) ;
#1324 = EDGE_LOOP ( 'NONE', ( #583, #165, #154, #652 ) ) ;
#1325 = LINE ( 'NONE', #1726, #1455 ) ;
#1326 = ORIENTED_EDGE ( 'NONE', *, *, #1157, .F. ) ;
#1327 = DIRECTION ( 'NONE',  ( 0.000000000000000000, -0.000000000000000000, -1.000000000000000000 ) ) ;
#1328 = CARTESIAN_POINT ( 'NONE',  ( 19.90302301739501445, 3.700725749026846145, 2.363788421009549001 ) ) ;
#1329 = EDGE_LOOP ( 'NONE', ( #381, #1293, #16, #249, #901, #1450, #1199, #722, #1129, #1090, #439, #102, #1360, #1714, #649, #647, #688, #674, #607, #819 ) ) ;
#1330 = DIRECTION ( 'NONE',  ( -0.000000000000000000, -1.000000000000000000, -0.000000000000000000 ) ) ;
#1331 = ORIENTED_EDGE ( 'NONE', *, *, #740, .T. ) ;
#1332 = DIRECTION ( 'NONE',  ( 0.5000000000000006661, 0.000000000000000000, 0.8660254037844382635 ) ) ;
#1333 = EDGE_LOOP ( 'NONE', ( #551, #541 ) ) ;
#1334 = FACE_BOUND ( 'NONE', #729, .T. ) ;
#1335 = CARTESIAN_POINT ( 'NONE',  ( 19.78815632833847360, 3.808919231778691739, 2.483463554117456784 ) ) ;
#1336 = ORIENTED_EDGE ( 'NONE', *, *, #123, .T. ) ;
#1337 = DIRECTION ( 'NONE',  ( -0.000000000000000000, -1.000000000000000000, -0.000000000000000000 ) ) ;
#1338 = EDGE_CURVE ( 'NONE', #708, #306, #1564, .T. ) ;
#1339 = VERTEX_POINT ( 'NONE', #1025 ) ;
#1340 = DIRECTION ( 'NONE',  ( -0.000000000000000000, -1.000000000000000000, -0.000000000000000000 ) ) ;
#1341 = EDGE_LOOP ( 'NONE', ( #948, #1697, #995, #1202 ) ) ;
#1342 = CLOSED_SHELL ( 'NONE', ( #66, #770, #1719, #890, #85, #880, #1050, #462, #239, #686, #655, #1301, #1108, #1139, #974, #259, #364, #1600, #1717, #413, #853, #1646, #1578, #1356, #485, #202, #1084, #1201, #39, #87, #631, #601, #1232, #681, #442, #399, #1410, #763, #148, #1215, #1669, #344, #222, #460, #105, #1117, #292 ) ) ;
#1343 = CIRCLE ( 'NONE', #586, 3.500000000000000000 ) ;
#1344 = CARTESIAN_POINT ( 'NONE',  ( -20.07873305564874045, 3.578407178035346803, 2.156512030096087162 ) ) ;
#1345 = DIRECTION ( 'NONE',  ( -0.000000000000000000, -1.000000000000000000, -0.000000000000000000 ) ) ;
#1346 = AXIS2_PLACEMENT_3D ( 'NONE', #1412, #365, #346 ) ;
#1347 = CARTESIAN_POINT ( 'NONE',  ( 8.660254037844399733, 8.000000000000000000, 14.99999999999999289 ) ) ;
#1348 = CIRCLE ( 'NONE', #1602, 11.12500000000000000 ) ;
#1349 = CYLINDRICAL_SURFACE ( 'NONE', #1456, 5.000000000000000000 ) ;
#1350 = ORIENTED_EDGE ( 'NONE', *, *, #100, .T. ) ;
#1351 = DIRECTION ( 'NONE',  ( -1.000000000000000000, 0.000000000000000000, -0.000000000000000000 ) ) ;
#1352 = EDGE_LOOP ( 'NONE', ( #944, #403, #145, #55 ) ) ;
#1353 = FACE_BOUND ( 'NONE', #855, .T. ) ;
#1354 = DIRECTION ( 'NONE',  ( 0.000000000000000000, 0.000000000000000000, 1.000000000000000000 ) ) ;
#1355 = DIRECTION ( 'NONE',  ( 0.000000000000000000, 0.000000000000000000, 1.000000000000000000 ) ) ;
#1356 = ADVANCED_FACE ( 'NONE', ( #1017 ), #1418, .T. ) ;
#1357 = CARTESIAN_POINT ( 'NONE',  ( 0.000000000000000000, 8.000000000000000000, 0.000000000000000000 ) ) ;
#1358 = ORIENTED_EDGE ( 'NONE', *, *, #1223, .T. ) ;
#1359 = FACE_OUTER_BOUND ( 'NONE', #592, .T. ) ;
#1360 = ORIENTED_EDGE ( 'NONE', *, *, #1589, .T. ) ;
#1361 = CARTESIAN_POINT ( 'NONE',  ( -19.90431326976807824, 3.691437122033786267, 2.367983830845567628 ) ) ;
#1362 = CARTESIAN_POINT ( 'NONE',  ( -20.78460969082652099, 8.000000000000000000, -6.000000000000000000 ) ) ;
#1363 = ORIENTED_EDGE ( 'NONE', *, *, #300, .T. ) ;
#1364 = DIRECTION ( 'NONE',  ( 0.000000000000000000, 1.000000000000000000, 0.000000000000000000 ) ) ;
#1365 = ORIENTED_EDGE ( 'NONE', *, *, #1151, .F. ) ;
#1366 = CARTESIAN_POINT ( 'NONE',  ( 13.85640646055101399, 8.000000000000000000, 10.49999999999999822 ) ) ;
#1367 = CIRCLE ( 'NONE', #1371, 3.500000000000000000 ) ;
#1368 = ORIENTED_EDGE ( 'NONE', *, *, #30, .T. ) ;
#1369 = CARTESIAN_POINT ( 'NONE',  ( 13.85640646055101399, 0.000000000000000000, -10.49999999999999822 ) ) ;
#1370 = AXIS2_PLACEMENT_3D ( 'NONE', #1728, #128, #359 ) ;
#1371 = AXIS2_PLACEMENT_3D ( 'NONE', #5, #444, #415 ) ;
#1372 = CARTESIAN_POINT ( 'NONE',  ( -13.85640646055102110, 10.00000000000000000, -6.000000000000015099 ) ) ;
#1373 = VECTOR ( 'NONE', #155, 1000.000000000000000 ) ;
#1374 = LINE ( 'NONE', #1120, #331 ) ;
#1375 = CARTESIAN_POINT ( 'NONE',  ( 20.78460969082653520, 10.00000000000000000, -6.000000000000003553 ) ) ;
#1376 = AXIS2_PLACEMENT_3D ( 'NONE', #1170, #1163, #1403 ) ;
#1377 = EDGE_CURVE ( 'NONE', #419, #1155, #220, .T. ) ;
#1378 = VECTOR ( 'NONE', #742, 1000.000000000000114 ) ;
#1379 = VERTEX_POINT ( 'NONE', #82 ) ;
#1380 = CARTESIAN_POINT ( 'NONE',  ( -13.85640646055101399, 0.000000000000000000, 9.000000000000000000 ) ) ;
#1381 = ORIENTED_EDGE ( 'NONE', *, *, #716, .F. ) ;
#1382 = CARTESIAN_POINT ( 'NONE',  ( 13.85640646055101399, 8.000000000000000000, -10.49999999999999822 ) ) ;
#1383 = DIRECTION ( 'NONE',  ( -0.5000000000000006661, 0.000000000000000000, -0.8660254037844382635 ) ) ;
#1384 = EDGE_LOOP ( 'NONE', ( #1732, #354, #1144, #1247 ) ) ;
#1385 = CARTESIAN_POINT ( 'NONE',  ( -16.03585593232135409, 8.000000000000000000, 6.000000000000000000 ) ) ;
#1386 = EDGE_CURVE ( 'NONE', #1613, #1507, #52, .T. ) ;
#1387 = EDGE_LOOP ( 'NONE', ( #1100, #1392, #1571, #808, #1667, #923 ) ) ;
#1388 = CARTESIAN_POINT ( 'NONE',  ( -13.85640646055101399, 8.000000000000000000, -9.000000000000000000 ) ) ;
#1389 = FACE_OUTER_BOUND ( 'NONE', #678, .T. ) ;
#1390 = CARTESIAN_POINT ( 'NONE',  ( -20.70507472925212511, 6.191080768221306485, 0.8953142973402157256 ) ) ;
#1391 = CARTESIAN_POINT ( 'NONE',  ( -16.03585593232135409, 8.000000000000000000, -6.000000000000000000 ) ) ;
#1392 = ORIENTED_EDGE ( 'NONE', *, *, #1394, .F. ) ;
#1393 = LINE ( 'NONE', #1520, #1373 ) ;
#1394 = EDGE_CURVE ( 'NONE', #1507, #419, #210, .T. ) ;
#1395 = DIRECTION ( 'NONE',  ( 0.000000000000000000, 0.000000000000000000, 1.000000000000000000 ) ) ;
#1396 = AXIS2_PLACEMENT_3D ( 'NONE', #1441, #1179, #1448 ) ;
#1397 = DIRECTION ( 'NONE',  ( 0.000000000000000000, 1.000000000000000000, 0.000000000000000000 ) ) ;
#1398 = CARTESIAN_POINT ( 'NONE',  ( -17.32050807568877460, 8.000000000000000000, -3.500000000000003109 ) ) ;
#1399 = VECTOR ( 'NONE', #1250, 1000.000000000000000 ) ;
#1400 = EDGE_CURVE ( 'NONE', #1559, #159, #1000, .T. ) ;
#1401 = ORIENTED_EDGE ( 'NONE', *, *, #163, .T. ) ;
#1402 = AXIS2_PLACEMENT_3D ( 'NONE', #45, #568, #1115 ) ;
#1403 = DIRECTION ( 'NONE',  ( 0.000000000000000000, -0.000000000000000000, -1.000000000000000000 ) ) ;
#1404 = AXIS2_PLACEMENT_3D ( 'NONE', #1357, #321, #952 ) ;
#1405 = DIRECTION ( 'NONE',  ( 0.000000000000000000, 0.000000000000000000, -1.000000000000000000 ) ) ;
#1406 = ORIENTED_EDGE ( 'NONE', *, *, #863, .T. ) ;
#1407 = EDGE_CURVE ( 'NONE', #114, #575, #1531, .T. ) ;
#1408 = CARTESIAN_POINT ( 'NONE',  ( 17.32050807568878170, 10.00000000000000000, 0.000000000000000000 ) ) ;
#1409 = DIRECTION ( 'NONE',  ( 1.000000000000000000, 0.000000000000000000, -1.001543065824772482E-16 ) ) ;
#1410 = ADVANCED_FACE ( 'NONE', ( #625 ), #1154, .F. ) ;
#1411 = VERTEX_POINT ( 'NONE', #1539 ) ;
#1412 = CARTESIAN_POINT ( 'NONE',  ( -8.660254037844383745, 8.000000000000000000, -15.00000000000000000 ) ) ;
#1413 = DIRECTION ( 'NONE',  ( -0.000000000000000000, -1.000000000000000000, -0.000000000000000000 ) ) ;
#1414 = DIRECTION ( 'NONE',  ( -0.000000000000000000, -1.000000000000000000, -0.000000000000000000 ) ) ;
#1415 = VERTEX_POINT ( 'NONE', #604 ) ;
#1416 = EDGE_CURVE ( 'NONE', #1071, #232, #1348, .T. ) ;
#1417 = DIRECTION ( 'NONE',  ( 0.000000000000000000, 0.000000000000000000, -1.000000000000000000 ) ) ;
#1418 = PLANE ( 'NONE',  #1660 ) ;
#1419 = VERTEX_POINT ( 'NONE', #597 ) ;
#1420 = FACE_OUTER_BOUND ( 'NONE', #121, .T. ) ;
#1421 = DIRECTION ( 'NONE',  ( 0.000000000000000000, 1.000000000000000000, -0.000000000000000000 ) ) ;
#1422 = PERSON_AND_ORGANIZATION ( #200, #218 ) ;
#1423 = ORIENTED_EDGE ( 'NONE', *, *, #408, .T. ) ;
#1424 = DIRECTION ( 'NONE',  ( -0.4999999999999953926, 0.000000000000000000, 0.8660254037844413721 ) ) ;
#1425 = DIRECTION ( 'NONE',  ( -0.5000000000000006661, 0.000000000000000000, 0.8660254037844382635 ) ) ;
#1426 = ORIENTED_EDGE ( 'NONE', *, *, #1377, .T. ) ;
#1427 = EDGE_CURVE ( 'NONE', #543, #1720, #140, .T. ) ;
#1428 = CARTESIAN_POINT ( 'NONE',  ( 17.32050807568878170, 10.00000000000000000, 3.500000000000000000 ) ) ;
#1429 = VECTOR ( 'NONE', #1691, 1000.000000000000000 ) ;
#1430 = LOCAL_TIME ( 22, 20, 58.00000000000000000, #126 ) ;
#1431 = VECTOR ( 'NONE', #971, 1000.000000000000000 ) ;
#1432 = CARTESIAN_POINT ( 'NONE',  ( 8.660254037844383745, 0.000000000000000000, -15.00000000000000000 ) ) ;
#1433 = AXIS2_PLACEMENT_3D ( 'NONE', #727, #1364, #1631 ) ;
#1434 = CIRCLE ( 'NONE', #1739, 5.000000000000000000 ) ;
#1435 = FACE_OUTER_BOUND ( 'NONE', #1162, .T. ) ;
#1436 = DIRECTION ( 'NONE',  ( -0.000000000000000000, -1.000000000000000000, -0.000000000000000000 ) ) ;
#1437 = EDGE_LOOP ( 'NONE', ( #946, #1109, #1132, #89 ) ) ;
#1438 = DIRECTION ( 'NONE',  ( -0.000000000000000000, -1.000000000000000000, 0.000000000000000000 ) ) ;
#1439 = DIRECTION ( 'NONE',  ( 1.000000000000000000, 0.000000000000000000, -0.000000000000000000 ) ) ;
#1440 = VERTEX_POINT ( 'NONE', #1686 ) ;
#1441 = CARTESIAN_POINT ( 'NONE',  ( -13.85640646055101399, 8.000000000000000000, -10.49999999999999822 ) ) ;
#1442 = CARTESIAN_POINT ( 'NONE',  ( 19.57214775196553802, 4.076748087833498069, 2.683468143455680632 ) ) ;
#1443 = ORIENTED_EDGE ( 'NONE', *, *, #1525, .T. ) ;
#1444 = ORIENTED_EDGE ( 'NONE', *, *, #1464, .T. ) ;
#1445 = CARTESIAN_POINT ( 'NONE',  ( 13.85640646055102287, 10.00000000000000000, 6.000000000000000000 ) ) ;
#1446 = EDGE_CURVE ( 'NONE', #1262, #1106, #1137, .T. ) ;
#1447 = ORIENTED_EDGE ( 'NONE', *, *, #500, .F. ) ;
#1448 = DIRECTION ( 'NONE',  ( 0.000000000000000000, 0.000000000000000000, 1.000000000000000000 ) ) ;
#1449 = CARTESIAN_POINT ( 'NONE',  ( 19.73085746778804506, 6.128009155048673939, 2.538773484084488885 ) ) ;
#1450 = ORIENTED_EDGE ( 'NONE', *, *, #100, .F. ) ;
#1451 = DIRECTION ( 'NONE',  ( 0.000000000000000000, 1.000000000000000000, 0.000000000000000000 ) ) ;
#1452 = VERTEX_POINT ( 'NONE', #353 ) ;
#1453 = VECTOR ( 'NONE', #25, 1000.000000000000000 ) ;
#1454 = FACE_OUTER_BOUND ( 'NONE', #1181, .T. ) ;
#1455 = VECTOR ( 'NONE', #956, 1000.000000000000000 ) ;
#1456 = AXIS2_PLACEMENT_3D ( 'NONE', #1577, #1182, #1220 ) ;
#1457 = ORIENTED_EDGE ( 'NONE', *, *, #1278, .F. ) ;
#1458 = VECTOR ( 'NONE', #285, 1000.000000000000000 ) ;
#1459 = DIRECTION ( 'NONE',  ( 0.5000000000000031086, 0.000000000000000000, 0.8660254037844368202 ) ) ;
#1460 = CARTESIAN_POINT ( 'NONE',  ( 20.72399635305776044, 3.870728700428304414, 0.8194436977872203709 ) ) ;
#1461 = EDGE_CURVE ( 'NONE', #1298, #1040, #994, .T. ) ;
#1462 = EDGE_LOOP ( 'NONE', ( #303, #1494 ) ) ;
#1463 = CARTESIAN_POINT ( 'NONE',  ( -13.85640646055101399, 8.000000000000000000, -9.000000000000001776 ) ) ;
#1464 = EDGE_CURVE ( 'NONE', #811, #546, #335, .T. ) ;
#1465 = ORIENTED_EDGE ( 'NONE', *, *, #968, .F. ) ;
#1466 = PLANE ( 'NONE',  #1124 ) ;
#1467 = PERSON_AND_ORGANIZATION_ROLE ( 'creator' ) ;
#1468 = ORIENTED_EDGE ( 'NONE', *, *, #772, .F. ) ;
#1469 = PRODUCT_DEFINITION ( 'UNKNOWN', '', #754, #1553 ) ;
#1470 = FACE_OUTER_BOUND ( 'NONE', #1138, .T. ) ;
#1471 = CARTESIAN_POINT ( 'NONE',  ( 19.34665895671210478, 5.397385348099113855, 2.855063216117738278 ) ) ;
#1472 = EDGE_CURVE ( 'NONE', #269, #765, #436, .T. ) ;
#1473 = EDGE_LOOP ( 'NONE', ( #888, #1423, #328, #1562 ) ) ;
#1474 = VERTEX_POINT ( 'NONE', #1188 ) ;
#1475 = DIRECTION ( 'NONE',  ( 0.000000000000000000, 0.000000000000000000, -1.000000000000000000 ) ) ;
#1476 = VERTEX_POINT ( 'NONE', #502 ) ;
#1477 = CARTESIAN_POINT ( 'NONE',  ( -20.78708122516578882, 4.242763936866425389, 0.4894322833907967518 ) ) ;
#1478 = CARTESIAN_POINT ( 'NONE',  ( 19.90300119139764590, 6.299270061725620984, 2.363819022720022200 ) ) ;
#1479 = CARTESIAN_POINT ( 'NONE',  ( 9.675277914599559992, 8.000000000000000000, -13.24192707456450790 ) ) ;
#1480 = DIRECTION ( 'NONE',  ( 0.5000000000000005551, 0.000000000000000000, 0.8660254037844383745 ) ) ;
#1481 = EDGE_CURVE ( 'NONE', #1221, #1302, #366, .T. ) ;
#1482 = EDGE_LOOP ( 'NONE', ( #1358, #669, #760, #424, #376, #3 ) ) ;
#1483 = DIRECTION ( 'NONE',  ( -0.8660254037844382635, 0.000000000000000000, 0.5000000000000006661 ) ) ;
#1484 = ORIENTED_EDGE ( 'NONE', *, *, #550, .T. ) ;
#1485 = EDGE_CURVE ( 'NONE', #1452, #1379, #398, .T. ) ;
#1486 = CIRCLE ( 'NONE', #843, 5.000000000000000000 ) ;
#1487 = DIRECTION ( 'NONE',  ( -0.000000000000000000, -1.000000000000000000, 0.000000000000000000 ) ) ;
#1488 = CARTESIAN_POINT ( 'NONE',  ( -19.30912086321458787, 5.000000000000000000, 2.880176935760854207 ) ) ;
#1489 = AXIS2_PLACEMENT_3D ( 'NONE', #919, #1451, #122 ) ;
#1490 = DIRECTION ( 'NONE',  ( -0.8660254037844408170, 0.000000000000000000, -0.4999999999999963363 ) ) ;
#1491 = CARTESIAN_POINT ( 'NONE',  ( 9.675277914599559992, 0.000000000000000000, -13.24192707456450790 ) ) ;
#1492 = ORIENTED_EDGE ( 'NONE', *, *, #789, .T. ) ;
#1493 = CARTESIAN_POINT ( 'NONE',  ( -8.660254037844502761, 10.00000000000000000, -14.99999999999993072 ) ) ;
#1494 = ORIENTED_EDGE ( 'NONE', *, *, #330, .F. ) ;
#1495 = CARTESIAN_POINT ( 'NONE',  ( -19.31826018976115833, 4.801072362435130358, 2.873924988690968796 ) ) ;
#1496 = PLANE ( 'NONE',  #24 ) ;
#1497 = LINE ( 'NONE', #455, #18 ) ;
#1498 = DIRECTION ( 'NONE',  ( 0.000000000000000000, 1.000000000000000000, 0.000000000000000000 ) ) ;
#1499 = ORIENTED_EDGE ( 'NONE', *, *, #184, .F. ) ;
#1500 = LINE ( 'NONE', #162, #311 ) ;
#1501 = ORIENTED_EDGE ( 'NONE', *, *, #36, .T. ) ;
#1502 = EDGE_CURVE ( 'NONE', #765, #269, #1085, .T. ) ;
#1503 = LINE ( 'NONE', #1245, #251 ) ;
#1504 = DIRECTION ( 'NONE',  ( -0.000000000000000000, -1.000000000000000000, -0.000000000000000000 ) ) ;
#1505 = ORIENTED_EDGE ( 'NONE', *, *, #1575, .T. ) ;
#1506 = CARTESIAN_POINT ( 'NONE',  ( 1.362419564051430298E-15, 0.000000000000000000, 11.12500000000000000 ) ) ;
#1507 = VERTEX_POINT ( 'NONE', #776 ) ;
#1508 = DIRECTION ( 'NONE',  ( -0.000000000000000000, -1.000000000000000000, -0.000000000000000000 ) ) ;
#1509 = ORIENTED_EDGE ( 'NONE', *, *, #1151, .T. ) ;
#1510 = CYLINDRICAL_SURFACE ( 'NONE', #585, 3.500000000000000000 ) ;
#1511 = VECTOR ( 'NONE', #747, 1000.000000000000000 ) ;
#1512 = DIRECTION ( 'NONE',  ( -0.000000000000000000, -1.000000000000000000, -0.000000000000000000 ) ) ;
#1513 = VECTOR ( 'NONE', #243, 1000.000000000000000 ) ;
#1514 = VERTEX_POINT ( 'NONE', #120 ) ;
#1515 = LINE ( 'NONE', #1647, #1150 ) ;
#1516 = VECTOR ( 'NONE', #1330, 1000.000000000000000 ) ;
#1517 = EDGE_CURVE ( 'NONE', #523, #543, #1729, .T. ) ;
#1518 = VECTOR ( 'NONE', #378, 1000.000000000000000 ) ;
#1519 = ORIENTED_EDGE ( 'NONE', *, *, #471, .T. ) ;
#1520 = CARTESIAN_POINT ( 'NONE',  ( -20.78460969082653165, 8.000000000000000000, 6.000000000000000000 ) ) ;
#1521 = EDGE_CURVE ( 'NONE', #269, #29, #784, .T. ) ;
#1522 = DIRECTION ( 'NONE',  ( 0.000000000000000000, 0.000000000000000000, 1.000000000000000000 ) ) ;
#1523 = CC_DESIGN_PERSON_AND_ORGANIZATION_ASSIGNMENT ( #801, #1043, ( #450 ) ) ;
#1524 = CARTESIAN_POINT ( 'NONE',  ( -13.85640646055101399, 0.000000000000000000, -11.99999999999999822 ) ) ;
#1525 = EDGE_CURVE ( 'NONE', #1720, #543, #336, .T. ) ;
#1526 = DIRECTION ( 'NONE',  ( 0.000000000000000000, 0.000000000000000000, -1.000000000000000000 ) ) ;
#1527 = ORIENTED_EDGE ( 'NONE', *, *, #829, .F. ) ;
#1528 = DIRECTION ( 'NONE',  ( 0.000000000000000000, 1.000000000000000000, 0.000000000000000000 ) ) ;
#1529 = PERSON_AND_ORGANIZATION ( #200, #218 ) ;
#1530 = LINE ( 'NONE', #320, #1511 ) ;
#1531 = LINE ( 'NONE', #1281, #1682 ) ;
#1532 = ORIENTED_EDGE ( 'NONE', *, *, #1229, .F. ) ;
#1533 = DIRECTION ( 'NONE',  ( 0.4999999999999985567, 0.000000000000000000, 0.8660254037844394848 ) ) ;
#1534 = EDGE_CURVE ( 'NONE', #626, #1597, #23, .T. ) ;
#1535 = LINE ( 'NONE', #191, #1654 ) ;
#1536 = EDGE_CURVE ( 'NONE', #1209, #513, #1226, .T. ) ;
#1537 = AXIS2_PLACEMENT_3D ( 'NONE', #428, #951, #180 ) ;
#1538 = CARTESIAN_POINT ( 'NONE',  ( 0.000000000000000000, 10.00000000000000000, 0.000000000000000000 ) ) ;
#1539 = CARTESIAN_POINT ( 'NONE',  ( 24.24871130596428159, 0.000000000000000000, 7.088080128179162077E-17 ) ) ;
#1540 = AXIS2_PLACEMENT_3D ( 'NONE', #1287, #78, #1014 ) ;
#1541 = ORIENTED_EDGE ( 'NONE', *, *, #1698, .T. ) ;
#1542 = AXIS2_PLACEMENT_3D ( 'NONE', #225, #620, #1566 ) ;
#1543 = CARTESIAN_POINT ( 'NONE',  ( 17.32050807568878170, 8.000000000000000000, 0.000000000000000000 ) ) ;
#1544 = CC_DESIGN_PERSON_AND_ORGANIZATION_ASSIGNMENT ( #1422, #1290, ( #33 ) ) ;
#1545 = VECTOR ( 'NONE', #1409, 1000.000000000000000 ) ;
#1546 = CARTESIAN_POINT ( 'NONE',  ( -8.660254037844381969, 0.000000000000000000, 14.99999999999999467 ) ) ;
#1547 = EDGE_CURVE ( 'NONE', #474, #127, #1434, .T. ) ;
#1548 =( NAMED_UNIT ( * ) SI_UNIT ( $, .STERADIAN. ) SOLID_ANGLE_UNIT ( ) );
#1549 = DIRECTION ( 'NONE',  ( -0.8660254037844382635, 0.000000000000000000, 0.5000000000000006661 ) ) ;
#1550 = DIRECTION ( 'NONE',  ( 0.000000000000000000, 0.000000000000000000, -1.000000000000000000 ) ) ;
#1551 = EDGE_LOOP ( 'NONE', ( #1350, #1447, #1579, #362, #253, #957 ) ) ;
#1552 = CARTESIAN_POINT ( 'NONE',  ( 0.000000000000000000, 8.000000000000000000, 0.000000000000000000 ) ) ;
#1553 = DESIGN_CONTEXT ( 'detailed design', #391, 'design' ) ;
#1554 = CARTESIAN_POINT ( 'NONE',  ( 20.78460969082652099, 8.000000000000000000, -6.000000000000000000 ) ) ;
#1555 = CARTESIAN_POINT ( 'NONE',  ( -9.675277914599558216, 8.000000000000000000, 13.24192707456450790 ) ) ;
#1556 = EDGE_CURVE ( 'NONE', #29, #174, #226, .T. ) ;
#1557 = CARTESIAN_POINT ( 'NONE',  ( -22.51666049839538886, 5.000000000000000000, 3.000000000000006217 ) ) ;
#1558 = DIRECTION ( 'NONE',  ( 0.000000000000000000, 1.000000000000000000, 0.000000000000000000 ) ) ;
#1559 = VERTEX_POINT ( 'NONE', #1488 ) ;
#1560 = DIRECTION ( 'NONE',  ( -0.000000000000000000, -1.000000000000000000, -0.000000000000000000 ) ) ;
#1561 = CARTESIAN_POINT ( 'NONE',  ( -20.78460969082652099, 8.000000000000000000, 6.000000000000000000 ) ) ;
#1562 = ORIENTED_EDGE ( 'NONE', *, *, #1042, .F. ) ;
#1563 = DIRECTION ( 'NONE',  ( 0.000000000000000000, 1.000000000000000000, 0.000000000000000000 ) ) ;
#1564 = LINE ( 'NONE', #1292, #983 ) ;
#1565 = ORIENTED_EDGE ( 'NONE', *, *, #917, .T. ) ;
#1566 = DIRECTION ( 'NONE',  ( 0.000000000000000000, 0.000000000000000000, 1.000000000000000000 ) ) ;
#1567 = CIRCLE ( 'NONE', #814, 1.499999999999997780 ) ;
#1568 = AXIS2_PLACEMENT_3D ( 'NONE', #1554, #1158, #1569 ) ;
#1569 = DIRECTION ( 'NONE',  ( 1.000000000000000000, 0.000000000000000000, -0.000000000000000000 ) ) ;
#1570 = AXIS2_PLACEMENT_3D ( 'NONE', #250, #1310, #268 ) ;
#1571 = ORIENTED_EDGE ( 'NONE', *, *, #1386, .F. ) ;
#1572 = DIRECTION ( 'NONE',  ( 0.8660254037844383745, -0.000000000000000000, 0.5000000000000004441 ) ) ;
#1573 = EDGE_CURVE ( 'NONE', #768, #1166, #454, .T. ) ;
#1574 = CARTESIAN_POINT ( 'NONE',  ( 20.80442909805883289, 5.392240114014523300, 0.3357866283685358999 ) ) ;
#1575 = EDGE_CURVE ( 'NONE', #386, #338, #553, .T. ) ;
#1576 = EDGE_LOOP ( 'NONE', ( #74, #539 ) ) ;
#1577 = CARTESIAN_POINT ( 'NONE',  ( -13.85640646055101399, 8.000000000000000000, 10.49999999999999822 ) ) ;
#1578 = ADVANCED_FACE ( 'NONE', ( #545 ), #1496, .T. ) ;
#1579 = ORIENTED_EDGE ( 'NONE', *, *, #1047, .F. ) ;
#1580 = CYLINDRICAL_SURFACE ( 'NONE', #1540, 1.499999999999997780 ) ;
#1581 = COORDINATED_UNIVERSAL_TIME_OFFSET ( 7, 0, .BEHIND. ) ;
#1582 = ORIENTED_EDGE ( 'NONE', *, *, #515, .F. ) ;
#1583 = PLANE ( 'NONE',  #1370 ) ;
#1584 = CARTESIAN_POINT ( 'NONE',  ( 20.77037407810043845, 4.077396330418734394, 0.6077057491327274574 ) ) ;
#1585 = VERTEX_POINT ( 'NONE', #1246 ) ;
#1586 = CARTESIAN_POINT ( 'NONE',  ( 13.85640646055101399, 8.000000000000000000, -9.000000000000001776 ) ) ;
#1587 = ORIENTED_EDGE ( 'NONE', *, *, #796, .T. ) ;
#1588 = DIRECTION ( 'NONE',  ( -0.8660254037844382635, 0.000000000000000000, 0.5000000000000006661 ) ) ;
#1589 = EDGE_CURVE ( 'NONE', #1727, #778, #976, .T. ) ;
#1590 = ORIENTED_EDGE ( 'NONE', *, *, #1534, .T. ) ;
#1591 = CARTESIAN_POINT ( 'NONE',  ( -13.85640646055101222, 8.000000000000000000, 6.000000000000000000 ) ) ;
#1592 = CARTESIAN_POINT ( 'NONE',  ( 20.66314482599147340, 6.308562877966212845, 1.053649021080106163 ) ) ;
#1593 = CC_DESIGN_APPROVAL ( #483, ( #450 ) ) ;
#1594 = EDGE_CURVE ( 'NONE', #369, #1720, #831, .T. ) ;
#1595 = VERTEX_POINT ( 'NONE', #564 ) ;
#1596 = CARTESIAN_POINT ( 'NONE',  ( 13.85640646055101399, 8.000000000000000000, -10.49999999999999822 ) ) ;
#1597 = VERTEX_POINT ( 'NONE', #1372 ) ;
#1598 = DIRECTION ( 'NONE',  ( -1.000000000000000000, 0.000000000000000000, 3.906017956716584096E-15 ) ) ;
#1599 = AXIS2_PLACEMENT_3D ( 'NONE', #1193, #1340, #1313 ) ;
#1600 = ADVANCED_FACE ( 'NONE', ( #1103 ), #966, .T. ) ;
#1601 = ORIENTED_EDGE ( 'NONE', *, *, #1612, .T. ) ;
#1602 = AXIS2_PLACEMENT_3D ( 'NONE', #59, #1274, #1131 ) ;
#1603 = CARTESIAN_POINT ( 'NONE',  ( 16.03585593232135409, 8.000000000000000000, 6.000000000000000000 ) ) ;
#1604 = CARTESIAN_POINT ( 'NONE',  ( 20.80912086321460563, 5.000000000000000000, 0.2821007244075434683 ) ) ;
#1605 = ORIENTED_EDGE ( 'NONE', *, *, #735, .F. ) ;
#1606 = CYLINDRICAL_SURFACE ( 'NONE', #1570, 1.499999999999997780 ) ;
#1607 = ORIENTED_EDGE ( 'NONE', *, *, #317, .T. ) ;
#1608 = LINE ( 'NONE', #421, #1065 ) ;
#1609 = ORIENTED_EDGE ( 'NONE', *, *, #515, .T. ) ;
#1610 = CARTESIAN_POINT ( 'NONE',  ( -20.65888195716764386, 3.700729938274378128, 1.054595131942313913 ) ) ;
#1611 = CARTESIAN_POINT ( 'NONE',  ( 20.13725578468945088, 6.451035253566248961, 2.079752918522935978 ) ) ;
#1612 = EDGE_CURVE ( 'NONE', #1216, #970, #168, .T. ) ;
#1613 = VERTEX_POINT ( 'NONE', #1111 ) ;
#1614 = CYLINDRICAL_SURFACE ( 'NONE', #1068, 1.499999999999999778 ) ;
#1615 = ORIENTED_EDGE ( 'NONE', *, *, #278, .T. ) ;
#1616 = CARTESIAN_POINT ( 'NONE',  ( -13.85640646055101399, 8.000000000000000000, -10.49999999999999822 ) ) ;
#1617 = ORIENTED_EDGE ( 'NONE', *, *, #337, .F. ) ;
#1618 = CYLINDRICAL_SURFACE ( 'NONE', #281, 1.499999999999997780 ) ;
#1619 = CARTESIAN_POINT ( 'NONE',  ( -8.660254037844502761, 10.00000000000000000, -14.99999999999993072 ) ) ;
#1620 = ORIENTED_EDGE ( 'NONE', *, *, #1485, .T. ) ;
#1621 = CARTESIAN_POINT ( 'NONE',  ( 13.85640646055101399, 8.000000000000000000, -10.49999999999999822 ) ) ;
#1622 = ORIENTED_EDGE ( 'NONE', *, *, #750, .T. ) ;
#1623 = DIRECTION ( 'NONE',  ( 1.000000000000000000, 0.000000000000000000, 0.000000000000000000 ) ) ;
#1624 = AXIS2_PLACEMENT_3D ( 'NONE', #265, #896, #803 ) ;
#1625 = EDGE_LOOP ( 'NONE', ( #614, #1336, #152, #318 ) ) ;
#1626 = VECTOR ( 'NONE', #1734, 1000.000000000000000 ) ;
#1627 = DIRECTION ( 'NONE',  ( -0.000000000000000000, -1.000000000000000000, 0.000000000000000000 ) ) ;
#1628 = DIRECTION ( 'NONE',  ( -0.4999999999999953926, 0.000000000000000000, 0.8660254037844413721 ) ) ;
#1629 = VECTOR ( 'NONE', #1560, 1000.000000000000000 ) ;
#1630 = CYLINDRICAL_SURFACE ( 'NONE', #1537, 3.500000000000000000 ) ;
#1631 = DIRECTION ( 'NONE',  ( 0.000000000000000000, 0.000000000000000000, 1.000000000000000000 ) ) ;
#1632 = VERTEX_POINT ( 'NONE', #1644 ) ;
#1633 = DIRECTION ( 'NONE',  ( -0.000000000000000000, -1.000000000000000000, -0.000000000000000000 ) ) ;
#1634 = ORIENTED_EDGE ( 'NONE', *, *, #425, .T. ) ;
#1635 = CARTESIAN_POINT ( 'NONE',  ( -20.80912086321459853, 4.802245188603067483, 0.2821007244075472986 ) ) ;
#1636 = DIRECTION ( 'NONE',  ( 0.000000000000000000, 1.000000000000000000, 0.000000000000000000 ) ) ;
#1637 = LINE ( 'NONE', #1645, #164 ) ;
#1638 = CARTESIAN_POINT ( 'NONE',  ( -24.24871130596428159, 0.000000000000000000, 7.088080128179046213E-17 ) ) ;
#1639 = ORIENTED_EDGE ( 'NONE', *, *, #1267, .F. ) ;
#1640 = CARTESIAN_POINT ( 'NONE',  ( -13.85640646055101399, 8.000000000000000000, -11.99999999999999822 ) ) ;
#1641 = ORIENTED_EDGE ( 'NONE', *, *, #15, .T. ) ;
#1642 = FACE_BOUND ( 'NONE', #1079, .T. ) ;
#1643 = EDGE_CURVE ( 'NONE', #546, #575, #1367, .T. ) ;
#1644 = CARTESIAN_POINT ( 'NONE',  ( 13.85640646055101399, 0.000000000000000000, -9.000000000000000000 ) ) ;
#1645 = CARTESIAN_POINT ( 'NONE',  ( 24.24871130596428159, 8.000000000000000000, 7.088080128179162077E-17 ) ) ;
#1646 = ADVANCED_FACE ( 'NONE', ( #142 ), #313, .T. ) ;
#1647 = CARTESIAN_POINT ( 'NONE',  ( -13.85640646055102110, 10.00000000000000000, -6.000000000000015099 ) ) ;
#1648 = ORIENTED_EDGE ( 'NONE', *, *, #1282, .T. ) ;
#1649 = CARTESIAN_POINT ( 'NONE',  ( 13.85640646055101399, 0.000000000000000000, 10.49999999999999822 ) ) ;
#1650 = CC_DESIGN_PERSON_AND_ORGANIZATION_ASSIGNMENT ( #1710, #244, ( #754 ) ) ;
#1651 = EDGE_CURVE ( 'NONE', #1098, #156, #130, .T. ) ;
#1652 = CARTESIAN_POINT ( 'NONE',  ( 8.660254037844383745, 8.000000000000000000, -15.00000000000000000 ) ) ;
#1653 = AXIS2_PLACEMENT_3D ( 'NONE', #209, #881, #1417 ) ;
#1654 = VECTOR ( 'NONE', #208, 1000.000000000000000 ) ;
#1655 = CARTESIAN_POINT ( 'NONE',  ( -17.32050807568877460, 8.000000000000000000, -3.154177549934253528E-15 ) ) ;
#1656 = AXIS2_PLACEMENT_3D ( 'NONE', #175, #1257, #458 ) ;
#1657 = FACE_BOUND ( 'NONE', #1723, .T. ) ;
#1658 = PLANE ( 'NONE',  #1178 ) ;
#1659 = VECTOR ( 'NONE', #469, 1000.000000000000000 ) ;
#1660 = AXIS2_PLACEMENT_3D ( 'NONE', #231, #72, #1425 ) ;
#1661 = EDGE_LOOP ( 'NONE', ( #507, #197, #216, #107 ) ) ;
#1662 = CARTESIAN_POINT ( 'NONE',  ( -24.24871130596428159, 8.000000000000000000, 7.088080128179046213E-17 ) ) ;
#1663 = CALENDAR_DATE ( 2026, 6, 2 ) ;
#1664 = EDGE_LOOP ( 'NONE', ( #1648, #1401, #1033, #1256 ) ) ;
#1665 = CARTESIAN_POINT ( 'NONE',  ( -20.44773777380238045, 6.489920932123786734, 1.574773602405428852 ) ) ;
#1666 = CARTESIAN_POINT ( 'NONE',  ( -16.03585593232135409, 8.000000000000000000, 6.000000000000000000 ) ) ;
#1667 = ORIENTED_EDGE ( 'NONE', *, *, #1007, .T. ) ;
#1668 = DIRECTION ( 'NONE',  ( -0.000000000000000000, -1.000000000000000000, -0.000000000000000000 ) ) ;
#1669 = ADVANCED_FACE ( 'NONE', ( #579 ), #813, .F. ) ;
#1670 = CARTESIAN_POINT ( 'NONE',  ( -19.78783581991718776, 6.190762295048629404, 2.483789513584516051 ) ) ;
#1671 = DIRECTION ( 'NONE',  ( -0.000000000000000000, -1.000000000000000000, -0.000000000000000000 ) ) ;
#1672 = EDGE_LOOP ( 'NONE', ( #663, #548, #1001 ) ) ;
#1673 = CARTESIAN_POINT ( 'NONE',  ( -9.675277914599559992, 8.000000000000000000, -13.24192707456450790 ) ) ;
#1674 = AXIS2_PLACEMENT_3D ( 'NONE', #1538, #757, #1136 ) ;
#1675 = AXIS2_PLACEMENT_3D ( 'NONE', #465, #732, #1266 ) ;
#1676 = CARTESIAN_POINT ( 'NONE',  ( -17.32050807568877460, 10.00000000000000000, 3.499999999999996891 ) ) ;
#1677 = DIRECTION ( 'NONE',  ( 0.000000000000000000, 0.000000000000000000, 1.000000000000000000 ) ) ;
#1678 = AXIS2_PLACEMENT_3D ( 'NONE', #1029, #271, #394 ) ;
#1679 = VERTEX_POINT ( 'NONE', #1218 ) ;
#1680 = AXIS2_PLACEMENT_3D ( 'NONE', #181, #720, #1121 ) ;
#1681 = DIRECTION ( 'NONE',  ( 1.000000000000000000, 0.000000000000000000, 1.201851678989726436E-15 ) ) ;
#1682 = VECTOR ( 'NONE', #1692, 1000.000000000000000 ) ;
#1683 = LINE ( 'NONE', #762, #392 ) ;
#1684 = EDGE_CURVE ( 'NONE', #1476, #1056, #857, .T. ) ;
#1685 = CARTESIAN_POINT ( 'NONE',  ( -8.660254037844502761, 8.000000000000000000, -14.99999999999993072 ) ) ;
#1686 = CARTESIAN_POINT ( 'NONE',  ( -13.85640646055101399, 0.000000000000000000, 11.99999999999999822 ) ) ;
#1687 = ORIENTED_EDGE ( 'NONE', *, *, #644, .F. ) ;
#1688 = DIRECTION ( 'NONE',  ( 0.000000000000000000, 1.000000000000000000, 0.000000000000000000 ) ) ;
#1689 = DIRECTION ( 'NONE',  ( -0.8660254037844382635, 0.000000000000000000, 0.5000000000000006661 ) ) ;
#1690 = APPLICATION_PROTOCOL_DEFINITION ( 'international standard', 'config_control_design', 1994, #391 ) ;
#1691 = DIRECTION ( 'NONE',  ( 1.000000000000000000, 0.000000000000000000, 0.000000000000000000 ) ) ;
#1692 = DIRECTION ( 'NONE',  ( -0.000000000000000000, -1.000000000000000000, -0.000000000000000000 ) ) ;
#1693 = ORIENTED_EDGE ( 'NONE', *, *, #789, .F. ) ;
#1694 = DIRECTION ( 'NONE',  ( 0.000000000000000000, 0.000000000000000000, 1.000000000000000000 ) ) ;
#1695 = CARTESIAN_POINT ( 'NONE',  ( -17.32050807568877460, 0.000000000000000000, -3.500000000000003109 ) ) ;
#1696 = PRODUCT_RELATED_PRODUCT_CATEGORY ( 'detail', '', ( #33 ) ) ;
#1697 = ORIENTED_EDGE ( 'NONE', *, *, #1251, .T. ) ;
#1698 = EDGE_CURVE ( 'NONE', #306, #1177, #62, .T. ) ;
#1699 = FACE_OUTER_BOUND ( 'NONE', #1317, .T. ) ;
#1700 = CARTESIAN_POINT ( 'NONE',  ( 20.53470044241257142, 3.540247972326673320, 1.397362099803570734 ) ) ;
#1701 = B_SPLINE_CURVE_WITH_KNOTS ( 'NONE', 3,
 ( #186, #334, #486, #63, #58, #624, #874, #477, #1390, #726, #1010, #616, #1291, #1665, #1142, #51, #203, #741, #596, #1670, #81, #985, #1273, #590, #1016, #466 ),
 .UNSPECIFIED., .F., .F.,
 ( 4, 2, 2, 2, 2, 2, 2, 2, 2, 2, 2, 2, 4 ),
 ( 0.004747570850518854566, 0.005044022899832504084, 0.005340474949146154469, 0.005933379047773456108, 0.006229831097087106494, 0.006526283146400756879, 0.006822735195714408132, 0.007119187245028059385, 0.007712091343655355820, 0.008008543392969004471, 0.008304995442282653989, 0.008897899540909956495, 0.009490803639537257266 ),
 .UNSPECIFIED. ) ;
#1702 = VERTEX_POINT ( 'NONE', #739 ) ;
#1703 = LINE ( 'NONE', #506, #1034 ) ;
#1704 = AXIS2_PLACEMENT_3D ( 'NONE', #960, #824, #1355 ) ;
#1705 = AXIS2_PLACEMENT_3D ( 'NONE', #95, #636, #903 ) ;
#1706 = VERTEX_POINT ( 'NONE', #862 ) ;
#1707 = DIRECTION ( 'NONE',  ( 0.000000000000000000, -0.000000000000000000, 1.000000000000000000 ) ) ;
#1708 = AXIS2_PLACEMENT_3D ( 'NONE', #1596, #687, #1715 ) ;
#1709 = EDGE_CURVE ( 'NONE', #1166, #768, #1116, .T. ) ;
#1710 = PERSON_AND_ORGANIZATION ( #200, #218 ) ;
#1711 = ORIENTED_EDGE ( 'NONE', *, *, #113, .T. ) ;
#1712 = CARTESIAN_POINT ( 'NONE',  ( 13.85640646055101399, 8.000000000000000000, 10.49999999999999822 ) ) ;
#1713 = CARTESIAN_POINT ( 'NONE',  ( 20.80912086321460563, 4.799297612748958386, 0.2821007244075435239 ) ) ;
#1714 = ORIENTED_EDGE ( 'NONE', *, *, #1229, .T. ) ;
#1715 = DIRECTION ( 'NONE',  ( 0.000000000000000000, -0.000000000000000000, -1.000000000000000000 ) ) ;
#1716 = ORIENTED_EDGE ( 'NONE', *, *, #657, .T. ) ;
#1717 = ADVANCED_FACE ( 'NONE', ( #1272 ), #997, .F. ) ;
#1718 = CYLINDRICAL_SURFACE ( 'NONE', #422, 1.499999999999997780 ) ;
#1719 = ADVANCED_FACE ( 'NONE', ( #1389 ), #1152, .F. ) ;
#1720 = VERTEX_POINT ( 'NONE', #185 ) ;
#1721 = DIRECTION ( 'NONE',  ( -0.000000000000000000, -1.000000000000000000, 0.000000000000000000 ) ) ;
#1722 = CARTESIAN_POINT ( 'NONE',  ( 19.35352338785417103, 4.606584198012661169, 2.849090016968927941 ) ) ;
#1723 = EDGE_LOOP ( 'NONE', ( #1114, #1183 ) ) ;
#1724 = EDGE_CURVE ( 'NONE', #619, #1059, #611, .T. ) ;
#1725 = EDGE_LOOP ( 'NONE', ( #654, #1620, #907, #743, #1541, #1331, #1368, #565, #1590, #1044, #211, #562, #860, #44 ) ) ;
#1726 = CARTESIAN_POINT ( 'NONE',  ( -20.78460969082652099, 8.000000000000000000, -6.000000000000000000 ) ) ;
#1727 = VERTEX_POINT ( 'NONE', #613 ) ;
#1728 = CARTESIAN_POINT ( 'NONE',  ( 0.000000000000000000, 10.00000000000000000, 0.000000000000000000 ) ) ;
#1729 = LINE ( 'NONE', #512, #1518 ) ;
#1730 = ORIENTED_EDGE ( 'NONE', *, *, #1709, .T. ) ;
#1731 = CARTESIAN_POINT ( 'NONE',  ( 13.85640646055102287, 10.00000000000000000, 6.000000000000000000 ) ) ;
#1732 = ORIENTED_EDGE ( 'NONE', *, *, #492, .F. ) ;
#1733 = AXIS2_PLACEMENT_3D ( 'NONE', #326, #1153, #1280 ) ;
#1734 = DIRECTION ( 'NONE',  ( -0.000000000000000000, -1.000000000000000000, -0.000000000000000000 ) ) ;
#1735 = VECTOR ( 'NONE', #1222, 1000.000000000000000 ) ;
#1736 = VECTOR ( 'NONE', #438, 1000.000000000000227 ) ;
#1737 = EDGE_CURVE ( 'NONE', #1106, #1727, #1535, .T. ) ;
#1738 = VERTEX_POINT ( 'NONE', #1134 ) ;
#1739 = AXIS2_PLACEMENT_3D ( 'NONE', #959, #1636, #1354 ) ;
#1740 = CARTESIAN_POINT ( 'NONE',  ( 1.102182119232617714E-15, 10.00000000000000000, 9.000000000000000000 ) ) ;
#1741 = CARTESIAN_POINT ( 'NONE',  ( 20.13661521989370939, 3.549243206962088948, 2.080629240387312340 ) ) ;
#1742 = EDGE_LOOP ( 'NONE', ( #1037, #516, #713, #1077, #1195, #1 ) ) ;
#1743 = CARTESIAN_POINT ( 'NONE',  ( 20.56928635258228866, 5.000000000000000000, -21.87568301270193061 ) ) ;
ENDSEC;
END-ISO-10303-21;
